timestamp,frame_id,loop_dt,redis_age,mode,risk_score,roll,pitch,yaw,max_tracking_error,rms_tracking_error,max_torque_ratio,ramp,deploy_action_scale
1782441177.413246,-1,0.002281,67454.232491,SAFE_STAND,0.000000,-0.176872,0.183126,-0.587378,0.000000,0.000000,0.000000,1.000000,0.050000
1782441177.431863,-1,0.000783,inf,SAFE_STAND,0.000000,-0.176863,0.182993,-0.587407,0.000000,0.000000,0.000000,1.000000,0.050000
1782441177.451647,-1,0.000485,inf,SAFE_STAND,0.000000,-0.176872,0.182764,-0.587467,0.000000,0.000000,0.000000,1.000000,0.050000
1782441177.471981,-1,0.000512,inf,SAFE_STAND,0.000000,-0.176849,0.182440,-0.587452,0.000000,0.000000,0.000000,1.000000,0.050000
1782441177.492158,-1,0.000504,inf,SAFE_STAND,0.000000,-0.176874,0.182169,-0.587542,0.000000,0.000000,0.000000,1.000000,0.050000
1782441177.512183,-1,0.000447,inf,SAFE_STAND,0.000000,-0.176905,0.181848,-0.587733,0.000000,0.000000,0.000000,1.000000,0.050000
1782441177.532236,-1,0.000431,inf,SAFE_STAND,0.000000,-0.176927,0.181737,-0.587843,0.000000,0.000000,0.000000,1.000000,0.050000
1782441177.552628,-1,0.000752,inf,SAFE_STAND,0.000000,-0.176928,0.181695,-0.588008,0.000000,0.000000,0.000000,1.000000,0.050000
1782441177.572614,-1,0.000636,inf,SAFE_STAND,0.000000,-0.176967,0.181678,-0.588195,0.000000,0.000000,0.000000,1.000000,0.050000
1782441177.592747,-1,0.000688,inf,SAFE_STAND,0.000000,-0.176982,0.181668,-0.588276,0.000000,0.000000,0.000000,1.000000,0.050000
1782441177.612829,-1,0.000696,inf,SAFE_STAND,0.000000,-0.176995,0.181671,-0.588274,0.000000,0.000000,0.000000,1.000000,0.050000
1782441177.632652,-1,0.000446,inf,SAFE_STAND,0.000000,-0.176998,0.181702,-0.588290,0.000000,0.000000,0.000000,1.000000,0.050000
1782441177.652696,-1,0.000418,inf,SAFE_STAND,0.000000,-0.177005,0.181712,-0.588192,0.000000,0.000000,0.000000,1.000000,0.050000
1782441177.672771,-1,0.000422,inf,SAFE_STAND,0.000000,-0.177025,0.181745,-0.588116,0.000000,0.000000,0.000000,1.000000,0.050000
1782441177.692844,-1,0.000425,inf,SAFE_STAND,0.000000,-0.177027,0.181781,-0.588016,0.000000,0.000000,0.000000,1.000000,0.050000
1782441177.713148,-1,0.000658,inf,SAFE_STAND,0.000000,-0.177013,0.181814,-0.587962,0.000000,0.000000,0.000000,1.000000,0.050000
1782441177.733431,-1,0.000869,inf,SAFE_STAND,0.000000,-0.177009,0.181835,-0.587936,0.000000,0.000000,0.000000,1.000000,0.050000
1782441177.753331,-1,0.000502,inf,SAFE_STAND,0.000000,-0.176992,0.181858,-0.587991,0.000000,0.000000,0.000000,1.000000,0.050000
1782441177.773367,-1,0.000459,inf,SAFE_STAND,0.000000,-0.176982,0.181871,-0.588104,0.000000,0.000000,0.000000,1.000000,0.050000
1782441177.793381,-1,0.000402,inf,SAFE_STAND,0.000000,-0.176962,0.181867,-0.588217,0.000000,0.000000,0.000000,1.000000,0.050000
1782441177.813619,-1,0.000571,inf,SAFE_STAND,0.000000,-0.176968,0.181835,-0.588310,0.000000,0.000000,0.000000,1.000000,0.050000
1782441177.834208,-1,0.000748,inf,SAFE_STAND,0.000000,-0.176971,0.181800,-0.588366,0.000000,0.000000,0.000000,1.000000,0.050000
1782441177.854128,-1,0.000431,inf,SAFE_STAND,0.000000,-0.176941,0.181799,-0.588422,0.000000,0.000000,0.000000,1.000000,0.050000
1782441177.874226,-1,0.000456,inf,SAFE_STAND,0.000000,-0.176914,0.181831,-0.588471,0.000000,0.000000,0.000000,1.000000,0.050000
1782441177.894288,-1,0.000446,inf,SAFE_STAND,0.000000,-0.176877,0.181804,-0.588484,0.000000,0.000000,0.000000,1.000000,0.050000
1782441177.915076,-1,0.000680,67454.734623,SAFE_STAND,0.000000,-0.176858,0.181792,-0.588486,0.000000,0.000000,0.000000,1.000000,0.050000
1782441177.934907,-1,0.000434,inf,SAFE_STAND,0.000000,-0.176854,0.181752,-0.588482,0.000000,0.000000,0.000000,1.000000,0.050000
1782441177.955037,-1,0.000448,inf,SAFE_STAND,0.000000,-0.176830,0.181760,-0.588436,0.000000,0.000000,0.000000,1.000000,0.050000
1782441177.975410,-1,0.000698,inf,SAFE_STAND,0.000000,-0.176815,0.181773,-0.588440,0.000000,0.000000,0.000000,1.000000,0.050000
1782441177.995523,-1,0.000680,inf,SAFE_STAND,0.000000,-0.176810,0.181750,-0.588422,0.000000,0.000000,0.000000,1.000000,0.050000
1782441178.015421,-1,0.000429,inf,SAFE_STAND,0.000000,-0.176828,0.181702,-0.588382,0.000000,0.000000,0.000000,1.000000,0.050000
1782441178.035561,-1,0.000451,inf,SAFE_STAND,0.000000,-0.176830,0.181675,-0.588326,0.000000,0.000000,0.000000,1.000000,0.050000
1782441178.055671,-1,0.000432,inf,SAFE_STAND,0.000000,-0.176829,0.181687,-0.588320,0.000000,0.000000,0.000000,1.000000,0.050000
1782441178.076200,-1,0.000514,inf,SAFE_STAND,0.000000,-0.176838,0.181652,-0.588354,0.000000,0.000000,0.000000,1.000000,0.050000
1782441178.096294,-1,0.000491,inf,SAFE_STAND,0.000000,-0.176818,0.181614,-0.588357,0.000000,0.000000,0.000000,1.000000,0.050000
1782441178.116366,-1,0.000491,inf,SAFE_STAND,0.000000,-0.176804,0.181613,-0.588365,0.000000,0.000000,0.000000,1.000000,0.050000
1782441178.136369,-1,0.000423,inf,SAFE_STAND,0.000000,-0.176834,0.181578,-0.588390,0.000000,0.000000,0.000000,1.000000,0.050000
1782441178.156484,-1,0.000466,inf,SAFE_STAND,0.000000,-0.176846,0.181593,-0.588380,0.000000,0.000000,0.000000,1.000000,0.050000
1782441178.176849,-1,0.000427,inf,SAFE_STAND,0.000000,-0.176836,0.181514,-0.588345,0.000000,0.000000,0.000000,1.000000,0.050000
1782441178.196918,-1,0.000425,inf,SAFE_STAND,0.000000,-0.176802,0.181495,-0.588278,0.000000,0.000000,0.000000,1.000000,0.050000
1782441178.217020,-1,0.000453,inf,SAFE_STAND,0.000000,-0.176771,0.181496,-0.588264,0.000000,0.000000,0.000000,1.000000,0.050000
1782441178.237075,-1,0.000437,inf,SAFE_STAND,0.000000,-0.176770,0.181456,-0.588260,0.000000,0.000000,0.000000,1.000000,0.050000
1782441178.257177,-1,0.000466,inf,SAFE_STAND,0.000000,-0.176761,0.181456,-0.588252,0.000000,0.000000,0.000000,1.000000,0.050000
1782441178.277448,-1,0.000668,inf,SAFE_STAND,0.000000,-0.176724,0.181430,-0.588255,0.000000,0.000000,0.000000,1.000000,0.050000
1782441178.297559,-1,0.000704,inf,SAFE_STAND,0.000000,-0.176720,0.181447,-0.588301,0.000000,0.000000,0.000000,1.000000,0.050000
1782441178.317496,-1,0.000437,inf,SAFE_STAND,0.000000,-0.176696,0.181438,-0.588356,0.000000,0.000000,0.000000,1.000000,0.050000
1782441178.337560,-1,0.000425,inf,SAFE_STAND,0.000000,-0.176687,0.181444,-0.588398,0.000000,0.000000,0.000000,1.000000,0.050000
1782441178.357706,-1,0.000495,inf,SAFE_STAND,0.000000,-0.176693,0.181401,-0.588459,0.000000,0.000000,0.000000,1.000000,0.050000
1782441178.377703,-1,0.000420,inf,SAFE_STAND,0.000000,-0.176717,0.181396,-0.588499,0.000000,0.000000,0.000000,1.000000,0.050000
1782441178.398006,-1,0.000651,inf,SAFE_STAND,0.000000,-0.176703,0.181414,-0.588515,0.000000,0.000000,0.000000,1.000000,0.050000
1782441178.418229,-1,0.000801,67455.237553,SAFE_STAND,0.000000,-0.176726,0.181427,-0.588531,0.000000,0.000000,0.000000,1.000000,0.050000
1782441178.438287,-1,0.000833,inf,SAFE_STAND,0.000000,-0.176736,0.181449,-0.588552,0.000000,0.000000,0.000000,1.000000,0.050000
1782441178.458308,-1,0.000767,inf,SAFE_STAND,0.000000,-0.176729,0.181497,-0.588553,0.000000,0.000000,0.000000,1.000000,0.050000
1782441178.478273,-1,0.000449,inf,SAFE_STAND,0.000000,-0.176756,0.181513,-0.588600,0.000000,0.000000,0.000000,1.000000,0.050000
1782441178.498402,-1,0.000505,inf,SAFE_STAND,0.000000,-0.176757,0.181484,-0.588647,0.000000,0.000000,0.000000,1.000000,0.050000
1782441178.518830,-1,0.000444,inf,SAFE_STAND,0.000000,-0.176763,0.181467,-0.588658,0.000000,0.000000,0.000000,1.000000,0.050000
1782441178.538930,-1,0.000473,inf,SAFE_STAND,0.000000,-0.176749,0.181446,-0.588621,0.000000,0.000000,0.000000,1.000000,0.050000
1782441178.558979,-1,0.000449,inf,SAFE_STAND,0.000000,-0.176753,0.181436,-0.588619,0.000000,0.000000,0.000000,1.000000,0.050000
1782441178.579068,-1,0.000465,inf,SAFE_STAND,0.000000,-0.176765,0.181442,-0.588615,0.000000,0.000000,0.000000,1.000000,0.050000
1782441178.599130,-1,0.000453,inf,SAFE_STAND,0.000000,-0.176745,0.181424,-0.588587,0.000000,0.000000,0.000000,1.000000,0.050000
1782441178.619936,-1,0.000825,inf,SAFE_STAND,0.000000,-0.176712,0.181444,-0.588619,0.000000,0.000000,0.000000,1.000000,0.050000
1782441178.639602,-1,0.000412,inf,SAFE_STAND,0.000000,-0.176713,0.181419,-0.588614,0.000000,0.000000,0.000000,1.000000,0.050000
1782441178.659727,-1,0.000465,inf,SAFE_STAND,0.000000,-0.176698,0.181395,-0.588597,0.000000,0.000000,0.000000,1.000000,0.050000
1782441178.679824,-1,0.000486,inf,SAFE_STAND,0.000000,-0.176662,0.181359,-0.588591,0.000000,0.000000,0.000000,1.000000,0.050000
1782441178.700316,-1,0.000677,inf,SAFE_STAND,0.000000,-0.176665,0.181305,-0.588576,0.000000,0.000000,0.000000,1.000000,0.050000
1782441178.720212,-1,0.000443,inf,SAFE_STAND,0.000000,-0.176634,0.181329,-0.588565,0.000000,0.000000,0.000000,1.000000,0.050000
1782441178.740417,-1,0.000512,inf,SAFE_STAND,0.000000,-0.176618,0.181293,-0.588593,0.000000,0.000000,0.000000,1.000000,0.050000
1782441178.760420,-1,0.000442,inf,SAFE_STAND,0.000000,-0.176632,0.181289,-0.588596,0.000000,0.000000,0.000000,1.000000,0.050000
1782441178.780514,-1,0.000460,inf,SAFE_STAND,0.000000,-0.176616,0.181283,-0.588589,0.000000,0.000000,0.000000,1.000000,0.050000
1782441178.801167,-1,0.000678,inf,SAFE_STAND,0.000000,-0.176607,0.181290,-0.588590,0.000000,0.000000,0.000000,1.000000,0.050000
1782441178.821081,-1,0.000456,inf,SAFE_STAND,0.000000,-0.176607,0.181180,-0.588582,0.000000,0.000000,0.000000,1.000000,0.050000
1782441178.841167,-1,0.000469,inf,SAFE_STAND,0.000000,-0.176591,0.181176,-0.588574,0.000000,0.000000,0.000000,1.000000,0.050000
1782441178.861412,-1,0.000642,inf,SAFE_STAND,0.000000,-0.176596,0.181150,-0.588594,0.000000,0.000000,0.000000,1.000000,0.050000
1782441178.881351,-1,0.000506,inf,SAFE_STAND,0.000000,-0.176565,0.181124,-0.588542,0.000000,0.000000,0.000000,1.000000,0.050000
1782441178.901719,-1,0.000470,inf,SAFE_STAND,0.000000,-0.176552,0.181101,-0.588524,0.000000,0.000000,0.000000,1.000000,0.050000
1782441178.921918,-1,0.000592,67455.741446,SAFE_STAND,0.000000,-0.176560,0.181052,-0.588526,0.000000,0.000000,0.000000,1.000000,0.050000
1782441178.941923,-1,0.000485,inf,SAFE_STAND,0.000000,-0.176600,0.181021,-0.588563,0.000000,0.000000,0.000000,1.000000,0.050000
1782441178.962539,-1,0.000667,inf,SAFE_STAND,0.000000,-0.176609,0.180987,-0.588576,0.000000,0.000000,0.000000,1.000000,0.050000
1782441178.982426,-1,0.000429,inf,SAFE_STAND,0.000000,-0.176621,0.180941,-0.588604,0.000000,0.000000,0.000000,1.000000,0.050000
1782441179.002533,-1,0.000459,inf,SAFE_STAND,0.000000,-0.176613,0.180958,-0.588607,0.000000,0.000000,0.000000,1.000000,0.050000
1782441179.022608,-1,0.000462,inf,SAFE_STAND,0.000000,-0.176611,0.180982,-0.588658,0.000000,0.000000,0.000000,1.000000,0.050000
1782441179.042927,-1,0.000706,inf,SAFE_STAND,0.000000,-0.176609,0.181007,-0.588623,0.000000,0.000000,0.000000,1.000000,0.050000
1782441179.062781,-1,0.000482,inf,SAFE_STAND,0.000000,-0.176611,0.181032,-0.588620,0.000000,0.000000,0.000000,1.000000,0.050000
1782441179.083351,-1,0.000585,inf,SAFE_STAND,0.000000,-0.176620,0.181032,-0.588668,0.000000,0.000000,0.000000,1.000000,0.050000
1782441179.103260,-1,0.000422,inf,SAFE_STAND,0.000000,-0.176636,0.181030,-0.588711,0.000000,0.000000,0.000000,1.000000,0.050000
1782441179.123330,-1,0.000422,inf,SAFE_STAND,0.000000,-0.176639,0.180989,-0.588736,0.000000,0.000000,0.000000,1.000000,0.050000
1782441179.143405,-1,0.000429,inf,SAFE_STAND,0.000000,-0.176636,0.180994,-0.588778,0.000000,0.000000,0.000000,1.000000,0.050000
1782441179.163920,-1,0.000651,inf,SAFE_STAND,0.000000,-0.176613,0.180992,-0.588787,0.000000,0.000000,0.000000,1.000000,0.050000
1782441179.183914,-1,0.000429,inf,SAFE_STAND,0.000000,-0.176612,0.181012,-0.588788,0.000000,0.000000,0.000000,1.000000,0.050000
1782441179.204128,-1,0.000571,inf,SAFE_STAND,0.000000,-0.176595,0.180976,-0.588762,0.000000,0.000000,0.000000,1.000000,0.050000
1782441179.224323,-1,0.000684,inf,SAFE_STAND,0.000000,-0.176597,0.180965,-0.588818,0.000000,0.000000,0.000000,1.000000,0.050000
1782441179.244166,-1,0.000448,inf,SAFE_STAND,0.000000,-0.176581,0.180937,-0.588808,0.000000,0.000000,0.000000,1.000000,0.050000
1782441179.264629,-1,0.000426,inf,SAFE_STAND,0.000000,-0.176578,0.180927,-0.588798,0.000000,0.000000,0.000000,1.000000,0.050000
1782441179.284770,-1,0.000497,inf,SAFE_STAND,0.000000,-0.176586,0.180926,-0.588823,0.000000,0.000000,0.000000,1.000000,0.050000
1782441179.304806,-1,0.000456,inf,SAFE_STAND,0.000000,-0.176588,0.180924,-0.588806,0.000000,0.000000,0.000000,1.000000,0.050000
1782441179.325320,-1,0.000677,inf,SAFE_STAND,0.000000,-0.176607,0.180883,-0.588827,0.000000,0.000000,0.000000,1.000000,0.050000
1782441179.345553,-1,0.000813,inf,SAFE_STAND,0.000000,-0.176595,0.180833,-0.588833,0.000000,0.000000,0.000000,1.000000,0.050000
1782441179.365455,-1,0.000480,inf,SAFE_STAND,0.000000,-0.176587,0.180809,-0.588810,0.000000,0.000000,0.000000,1.000000,0.050000
1782441179.385517,-1,0.000470,inf,SAFE_STAND,0.000000,-0.176575,0.180798,-0.588810,0.000000,0.000000,0.000000,1.000000,0.050000
1782441179.405498,-1,0.000381,inf,SAFE_STAND,0.000000,-0.176569,0.180813,-0.588820,0.000000,0.000000,0.000000,1.000000,0.050000
1782441179.426092,-1,0.000857,67456.245373,SAFE_STAND,0.000000,-0.176597,0.180822,-0.588817,0.000000,0.000000,0.000000,1.000000,0.050000
1782441179.446057,-1,0.000694,inf,SAFE_STAND,0.000000,-0.176597,0.180881,-0.588828,0.000000,0.000000,0.000000,1.000000,0.050000
1782441179.465967,-1,0.000477,inf,SAFE_STAND,0.000000,-0.176608,0.180809,-0.588835,0.000000,0.000000,0.000000,1.000000,0.050000
1782441179.486035,-1,0.000472,inf,SAFE_STAND,0.000000,-0.176609,0.180805,-0.588815,0.000000,0.000000,0.000000,1.000000,0.050000
1782441179.506049,-1,0.000409,inf,SAFE_STAND,0.000000,-0.176596,0.180773,-0.588807,0.000000,0.000000,0.000000,1.000000,0.050000
1782441179.526126,-1,0.000415,inf,SAFE_STAND,0.000000,-0.176562,0.180779,-0.588779,0.000000,0.000000,0.000000,1.000000,0.050000
1782441179.546505,-1,0.000715,inf,SAFE_STAND,0.000000,-0.176563,0.180742,-0.588781,0.000000,0.000000,0.000000,1.000000,0.050000
1782441179.566528,-1,0.000662,inf,SAFE_STAND,0.000000,-0.176558,0.180711,-0.588761,0.000000,0.000000,0.000000,1.000000,0.050000
1782441179.586601,-1,0.000661,inf,SAFE_STAND,0.000000,-0.176555,0.180697,-0.588792,0.000000,0.000000,0.000000,1.000000,0.050000
1782441179.606663,-1,0.000476,inf,SAFE_STAND,0.000000,-0.176532,0.180723,-0.588783,0.000000,0.000000,0.000000,1.000000,0.050000
1782441179.626688,-1,0.000426,inf,SAFE_STAND,0.000000,-0.176524,0.180738,-0.588797,0.000000,0.000000,0.000000,1.000000,0.050000
1782441179.646754,-1,0.000420,inf,SAFE_STAND,0.000000,-0.176518,0.180763,-0.588828,0.000000,0.000000,0.000000,1.000000,0.050000
1782441179.666861,-1,0.000453,inf,SAFE_STAND,0.000000,-0.176516,0.180793,-0.588836,0.000000,0.000000,0.000000,1.000000,0.050000
1782441179.687497,-1,0.000445,inf,SAFE_STAND,0.000000,-0.176490,0.180774,-0.588813,0.000000,0.000000,0.000000,1.000000,0.050000
1782441179.707522,-1,0.000398,inf,SAFE_STAND,0.000000,-0.176486,0.180773,-0.588784,0.000000,0.000000,0.000000,1.000000,0.050000
1782441179.727805,-1,0.000611,inf,SAFE_STAND,0.000000,-0.176476,0.180756,-0.588786,0.000000,0.000000,0.000000,1.000000,0.050000
1782441179.747981,-1,0.000716,inf,SAFE_STAND,0.000000,-0.176469,0.180712,-0.588839,0.000000,0.000000,0.000000,1.000000,0.050000
1782441179.767992,-1,0.000448,inf,SAFE_STAND,0.000000,-0.176474,0.180690,-0.588873,0.000000,0.000000,0.000000,1.000000,0.050000
1782441179.788054,-1,0.000441,inf,SAFE_STAND,0.000000,-0.176437,0.180684,-0.588870,0.000000,0.000000,0.000000,1.000000,0.050000
1782441179.808123,-1,0.000440,inf,SAFE_STAND,0.000000,-0.176462,0.180681,-0.588868,0.000000,0.000000,0.000000,1.000000,0.050000
1782441179.828185,-1,0.000431,inf,SAFE_STAND,0.000000,-0.176467,0.180694,-0.588860,0.000000,0.000000,0.000000,1.000000,0.050000
1782441179.848230,-1,0.000405,inf,SAFE_STAND,0.000000,-0.176467,0.180678,-0.588839,0.000000,0.000000,0.000000,1.000000,0.050000
1782441179.868576,-1,0.000682,inf,SAFE_STAND,0.000000,-0.176485,0.180753,-0.588871,0.000000,0.000000,0.000000,1.000000,0.050000
1782441179.888722,-1,0.000707,inf,SAFE_STAND,0.000000,-0.176494,0.180736,-0.588842,0.000000,0.000000,0.000000,1.000000,0.050000
1782441179.908653,-1,0.000423,inf,SAFE_STAND,0.000000,-0.176459,0.180695,-0.588791,0.000000,0.000000,0.000000,1.000000,0.050000
1782441179.928992,-1,0.000642,67456.748544,SAFE_STAND,0.000000,-0.176454,0.180704,-0.588776,0.000000,0.000000,0.000000,1.000000,0.050000
1782441179.949137,-1,0.000657,inf,SAFE_STAND,0.000000,-0.176450,0.180664,-0.588763,0.000000,0.000000,0.000000,1.000000,0.050000
1782441179.969249,-1,0.000644,inf,SAFE_STAND,0.000000,-0.176428,0.180629,-0.588727,0.000000,0.000000,0.000000,1.000000,0.050000
1782441179.989335,-1,0.000656,inf,SAFE_STAND,0.000000,-0.176413,0.180611,-0.588681,0.000000,0.000000,0.000000,1.000000,0.050000
1782441180.009213,-1,0.000453,inf,SAFE_STAND,0.000000,-0.176395,0.180567,-0.588662,0.000000,0.000000,0.000000,1.000000,0.050000
1782441180.029485,-1,0.000489,inf,SAFE_STAND,0.000000,-0.176382,0.180520,-0.588656,0.000000,0.000000,0.000000,1.000000,0.050000
1782441180.049567,-1,0.000453,inf,SAFE_STAND,0.000000,-0.176399,0.180509,-0.588687,0.000000,0.000000,0.000000,1.000000,0.050000
1782441180.069933,-1,0.000690,inf,SAFE_STAND,0.000000,-0.176386,0.180481,-0.588711,0.000000,0.000000,0.000000,1.000000,0.050000
1782441180.090055,-1,0.000684,inf,SAFE_STAND,0.000000,-0.176371,0.180444,-0.588727,0.000000,0.000000,0.000000,1.000000,0.050000
1782441180.110141,-1,0.000437,inf,SAFE_STAND,0.000000,-0.176393,0.180473,-0.588783,0.000000,0.000000,0.000000,1.000000,0.050000
1782441180.130260,-1,0.000424,inf,SAFE_STAND,0.000000,-0.176420,0.180460,-0.588747,0.000000,0.000000,0.000000,1.000000,0.050000
1782441180.150346,-1,0.000434,inf,SAFE_STAND,0.000000,-0.176437,0.180434,-0.588736,0.000000,0.000000,0.000000,1.000000,0.050000
1782441180.170783,-1,0.000501,inf,SAFE_STAND,0.000000,-0.176428,0.180420,-0.588721,0.000000,0.000000,0.000000,1.000000,0.050000
1782441180.191041,-1,0.000483,inf,SAFE_STAND,0.000000,-0.176430,0.180417,-0.588698,0.000000,0.000000,0.000000,1.000000,0.050000
1782441180.211086,-1,0.000452,inf,SAFE_STAND,0.000000,-0.176447,0.180407,-0.588696,0.000000,0.000000,0.000000,1.000000,0.050000
1782441180.231682,-1,0.000434,inf,SAFE_STAND,0.000000,-0.176427,0.180387,-0.588701,0.000000,0.000000,0.000000,1.000000,0.050000
1782441180.251751,-1,0.000434,inf,SAFE_STAND,0.000000,-0.176420,0.180306,-0.588621,0.000000,0.000000,0.000000,1.000000,0.050000
1782441180.271817,-1,0.000429,inf,SAFE_STAND,0.000000,-0.176404,0.180286,-0.588621,0.000000,0.000000,0.000000,1.000000,0.050000
1782441180.292329,-1,0.000642,inf,SAFE_STAND,0.000000,-0.176413,0.180257,-0.588634,0.000000,0.000000,0.000000,1.000000,0.050000
1782441180.312199,-1,0.000417,inf,SAFE_STAND,0.000000,-0.176396,0.180244,-0.588620,0.000000,0.000000,0.000000,1.000000,0.050000
1782441180.332276,-1,0.000424,inf,SAFE_STAND,0.000000,-0.176409,0.180250,-0.588631,0.000000,0.000000,0.000000,1.000000,0.050000
1782441180.352362,-1,0.000440,inf,SAFE_STAND,0.000000,-0.176391,0.180225,-0.588626,0.000000,0.000000,0.000000,1.000000,0.050000
1782441180.372424,-1,0.000430,inf,SAFE_STAND,0.000000,-0.176365,0.180210,-0.588591,0.000000,0.000000,0.000000,1.000000,0.050000
1782441180.392453,-1,0.000390,inf,SAFE_STAND,0.000000,-0.176355,0.180223,-0.588600,0.000000,0.000000,0.000000,1.000000,0.050000
1782441180.412589,-1,0.000451,inf,SAFE_STAND,0.000000,-0.176339,0.180207,-0.588605,0.000000,0.000000,0.000000,1.000000,0.050000
1782441180.433263,-1,0.000607,67457.252790,SAFE_STAND,0.000000,-0.176330,0.180216,-0.588610,0.000000,0.000000,0.000000,1.000000,0.050000
1782441180.453147,-1,0.000421,inf,SAFE_STAND,0.000000,-0.176295,0.180163,-0.588586,0.000000,0.000000,0.000000,1.000000,0.050000
1782441180.473303,-1,0.000459,inf,SAFE_STAND,0.000000,-0.176294,0.180196,-0.588624,0.000000,0.000000,0.000000,1.000000,0.050000
1782441180.493839,-1,0.000455,inf,SAFE_STAND,0.000000,-0.176292,0.180186,-0.588633,0.000000,0.000000,0.000000,1.000000,0.050000
1782441180.513858,-1,0.000406,inf,SAFE_STAND,0.000000,-0.176288,0.180181,-0.588643,0.000000,0.000000,0.000000,1.000000,0.050000
1782441180.533949,-1,0.000427,inf,SAFE_STAND,0.000000,-0.176273,0.180169,-0.588624,0.000000,0.000000,0.000000,1.000000,0.050000
1782441180.554579,-1,0.000743,inf,SAFE_STAND,0.000000,-0.176269,0.180163,-0.588601,0.000000,0.000000,0.000000,1.000000,0.050000
1782441180.574549,-1,0.000423,inf,SAFE_STAND,0.000000,-0.176270,0.180143,-0.588588,0.000000,0.000000,0.000000,1.000000,0.050000
1782441180.594695,-1,0.000497,inf,SAFE_STAND,0.000000,-0.176290,0.180169,-0.588640,0.000000,0.000000,0.000000,1.000000,0.050000
1782441180.614725,-1,0.000450,inf,SAFE_STAND,0.000000,-0.176319,0.180164,-0.588651,0.000000,0.000000,0.000000,1.000000,0.050000
1782441180.635038,-1,0.000691,inf,SAFE_STAND,0.000000,-0.176309,0.180143,-0.588659,0.000000,0.000000,0.000000,1.000000,0.050000
1782441180.655251,-1,0.000831,inf,SAFE_STAND,0.000000,-0.176307,0.180108,-0.588609,0.000000,0.000000,0.000000,1.000000,0.050000
1782441180.675169,-1,0.000677,inf,SAFE_STAND,0.000000,-0.176311,0.180077,-0.588619,0.000000,0.000000,0.000000,1.000000,0.050000
1782441180.695220,-1,0.000476,inf,SAFE_STAND,0.000000,-0.176306,0.180094,-0.588625,0.000000,0.000000,0.000000,1.000000,0.050000
1782441180.715218,-1,0.000401,inf,SAFE_STAND,0.000000,-0.176290,0.180093,-0.588623,0.000000,0.000000,0.000000,1.000000,0.050000
1782441180.735297,-1,0.000411,inf,SAFE_STAND,0.000000,-0.176268,0.180084,-0.588617,0.000000,0.000000,0.000000,1.000000,0.050000
1782441180.755425,-1,0.000468,inf,SAFE_STAND,0.000000,-0.176285,0.180101,-0.588674,0.000000,0.000000,0.000000,1.000000,0.050000
1782441180.775885,-1,0.000446,inf,SAFE_STAND,0.000000,-0.176285,0.180117,-0.588678,0.000000,0.000000,0.000000,1.000000,0.050000
1782441180.795893,-1,0.000384,inf,SAFE_STAND,0.000000,-0.176308,0.180060,-0.588693,0.000000,0.000000,0.000000,1.000000,0.050000
1782441180.816041,-1,0.000462,inf,SAFE_STAND,0.000000,-0.176319,0.180009,-0.588713,0.000000,0.000000,0.000000,1.000000,0.050000
1782441180.836545,-1,0.000657,inf,SAFE_STAND,0.000000,-0.176301,0.180002,-0.588735,0.000000,0.000000,0.000000,1.000000,0.050000
1782441180.856473,-1,0.000429,inf,SAFE_STAND,0.000000,-0.176283,0.180020,-0.588758,0.000000,0.000000,0.000000,1.000000,0.050000
1782441180.876555,-1,0.000441,inf,SAFE_STAND,0.000000,-0.176266,0.179985,-0.588747,0.000000,0.000000,0.000000,1.000000,0.050000
1782441180.896619,-1,0.000431,inf,SAFE_STAND,0.000000,-0.176270,0.179949,-0.588737,0.000000,0.000000,0.000000,1.000000,0.050000
1782441180.916692,-1,0.000429,inf,SAFE_STAND,0.000000,-0.176280,0.179926,-0.588749,0.000000,0.000000,0.000000,1.000000,0.050000
1782441180.937112,-1,0.000779,67457.756437,SAFE_STAND,0.000000,-0.176291,0.179924,-0.588760,0.000000,0.000000,0.000000,1.000000,0.050000
1782441180.957051,-1,0.000643,inf,SAFE_STAND,0.000000,-0.176285,0.179943,-0.588739,0.000000,0.000000,0.000000,1.000000,0.050000
1782441180.977118,-1,0.000640,inf,SAFE_STAND,0.000000,-0.176277,0.179919,-0.588749,0.000000,0.000000,0.000000,1.000000,0.050000
1782441180.997176,-1,0.000631,inf,SAFE_STAND,0.000000,-0.176273,0.179881,-0.588775,0.000000,0.000000,0.000000,1.000000,0.050000
1782441181.017282,-1,0.000436,inf,SAFE_STAND,0.000000,-0.176284,0.179861,-0.588771,0.000000,0.000000,0.000000,1.000000,0.050000
1782441181.037392,-1,0.000474,inf,SAFE_STAND,0.000000,-0.176277,0.179838,-0.588754,0.000000,0.000000,0.000000,1.000000,0.050000
1782441181.057506,-1,0.000512,inf,SAFE_STAND,0.000000,-0.176262,0.179823,-0.588760,0.000000,0.000000,0.000000,1.000000,0.050000
1782441181.078144,-1,0.000476,inf,SAFE_STAND,0.000000,-0.176281,0.179844,-0.588758,0.000000,0.000000,0.000000,1.000000,0.050000
1782441181.098232,-1,0.000489,inf,SAFE_STAND,0.000000,-0.176292,0.179791,-0.588779,0.000000,0.000000,0.000000,1.000000,0.050000
1782441181.118668,-1,0.000626,inf,SAFE_STAND,0.000000,-0.176296,0.179832,-0.588808,0.000000,0.000000,0.000000,1.000000,0.050000
1782441181.138847,-1,0.000421,inf,SAFE_STAND,0.000000,-0.176302,0.179825,-0.588826,0.000000,0.000000,0.000000,1.000000,0.050000
1782441181.158930,-1,0.000434,inf,SAFE_STAND,0.000000,-0.176288,0.179825,-0.588833,0.000000,0.000000,0.000000,1.000000,0.050000
1782441181.179017,-1,0.000449,inf,SAFE_STAND,0.000000,-0.176273,0.179828,-0.588848,0.000000,0.000000,0.000000,1.000000,0.050000
1782441181.199811,-1,0.000831,inf,SAFE_STAND,0.000000,-0.176289,0.179830,-0.588858,0.000000,0.000000,0.000000,1.000000,0.050000
1782441181.219843,-1,0.000589,inf,SAFE_STAND,0.000000,-0.176299,0.179795,-0.588856,0.000000,0.000000,0.000000,1.000000,0.050000
1782441181.239872,-1,0.000497,inf,SAFE_STAND,0.000000,-0.176345,0.179778,-0.588887,0.000000,0.000000,0.000000,1.000000,0.050000
1782441181.259888,-1,0.000437,inf,SAFE_STAND,0.000000,-0.176346,0.179830,-0.588922,0.000000,0.000000,0.000000,1.000000,0.050000
1782441181.280294,-1,0.000766,inf,SAFE_STAND,0.000000,-0.176343,0.179837,-0.588960,0.000000,0.000000,0.000000,1.000000,0.050000
1782441181.300074,-1,0.000401,inf,SAFE_STAND,0.000000,-0.176351,0.179791,-0.588998,0.000000,0.000000,0.000000,1.000000,0.050000
1782441181.320239,-1,0.000418,inf,SAFE_STAND,0.000000,-0.176361,0.179799,-0.589016,0.000000,0.000000,0.000000,1.000000,0.050000
1782441181.340337,-1,0.000446,inf,SAFE_STAND,0.000000,-0.176369,0.179814,-0.589024,0.000000,0.000000,0.000000,1.000000,0.050000
1782441181.360406,-1,0.000442,inf,SAFE_STAND,0.000000,-0.176349,0.179813,-0.589058,0.000000,0.000000,0.000000,1.000000,0.050000
1782441181.380922,-1,0.000648,inf,SAFE_STAND,0.000000,-0.176330,0.179818,-0.589023,0.000000,0.000000,0.000000,1.000000,0.050000
1782441181.401060,-1,0.000716,inf,SAFE_STAND,0.000000,-0.176331,0.179837,-0.589083,0.000000,0.000000,0.000000,1.000000,0.050000
1782441181.420955,-1,0.000438,inf,SAFE_STAND,0.000000,-0.176351,0.179872,-0.589164,0.000000,0.000000,0.000000,1.000000,0.050000
1782441181.441178,-1,0.000588,67458.260699,SAFE_STAND,0.000000,-0.176374,0.179883,-0.589191,0.000000,0.000000,0.000000,1.000000,0.050000
1782441181.461082,-1,0.000460,inf,SAFE_STAND,0.000000,-0.176422,0.179878,-0.589241,0.000000,0.000000,0.000000,1.000000,0.050000
1782441181.481746,-1,0.000741,inf,SAFE_STAND,0.000000,-0.176444,0.179858,-0.589258,0.000000,0.000000,0.000000,1.000000,0.050000
1782441181.501732,-1,0.000431,inf,SAFE_STAND,0.000000,-0.176436,0.179862,-0.589254,0.000000,0.000000,0.000000,1.000000,0.050000
1782441181.521852,-1,0.000427,inf,SAFE_STAND,0.000000,-0.176450,0.179859,-0.589251,0.000000,0.000000,0.000000,1.000000,0.050000
1782441181.542432,-1,0.000674,inf,SAFE_STAND,0.000000,-0.176435,0.179838,-0.589301,0.000000,0.000000,0.000000,1.000000,0.050000
1782441181.562367,-1,0.000473,inf,SAFE_STAND,0.000000,-0.176414,0.179849,-0.589286,0.000000,0.000000,0.000000,1.000000,0.050000
1782441181.582436,-1,0.000469,inf,SAFE_STAND,0.000000,-0.176402,0.179873,-0.589280,0.000000,0.000000,0.000000,1.000000,0.050000
1782441181.602477,-1,0.000440,inf,SAFE_STAND,0.000000,-0.176385,0.179805,-0.589247,0.000000,0.000000,0.000000,1.000000,0.050000
1782441181.622585,-1,0.000470,inf,SAFE_STAND,0.000000,-0.176402,0.179769,-0.589261,0.000000,0.000000,0.000000,1.000000,0.050000
1782441181.642846,-1,0.000658,inf,SAFE_STAND,0.000000,-0.176408,0.179803,-0.589263,0.000000,0.000000,0.000000,1.000000,0.050000
1782441181.662735,-1,0.000474,inf,SAFE_STAND,0.000000,-0.176418,0.179771,-0.589238,0.000000,0.000000,0.000000,1.000000,0.050000
1782441181.683158,-1,0.000530,inf,SAFE_STAND,0.000000,-0.176435,0.179732,-0.589249,0.000000,0.000000,0.000000,1.000000,0.050000
1782441181.703187,-1,0.000457,inf,SAFE_STAND,0.000000,-0.176408,0.179719,-0.589240,0.000000,0.000000,0.000000,1.000000,0.050000
1782441181.723342,-1,0.000541,inf,SAFE_STAND,0.000000,-0.176411,0.179726,-0.589259,0.000000,0.000000,0.000000,1.000000,0.050000
1782441181.743562,-1,0.000685,inf,SAFE_STAND,0.000000,-0.176426,0.179712,-0.589318,0.000000,0.000000,0.000000,1.000000,0.050000
1782441181.763598,-1,0.000646,inf,SAFE_STAND,0.000000,-0.176428,0.179740,-0.589317,0.000000,0.000000,0.000000,1.000000,0.050000
1782441181.783642,-1,0.000620,inf,SAFE_STAND,0.000000,-0.176425,0.179758,-0.589357,0.000000,0.000000,0.000000,1.000000,0.050000
1782441181.803749,-1,0.000435,inf,SAFE_STAND,0.000000,-0.176411,0.179756,-0.589314,0.000000,0.000000,0.000000,1.000000,0.050000
1782441181.823913,-1,0.000481,inf,SAFE_STAND,0.000000,-0.176429,0.179729,-0.589319,0.000000,0.000000,0.000000,1.000000,0.050000
1782441181.843936,-1,0.000429,inf,SAFE_STAND,0.000000,-0.176432,0.179761,-0.589347,0.000000,0.000000,0.000000,1.000000,0.050000
1782441181.864297,-1,0.000716,inf,SAFE_STAND,0.000000,-0.176451,0.179736,-0.589331,0.000000,0.000000,0.000000,1.000000,0.050000
1782441181.884405,-1,0.000441,inf,SAFE_STAND,0.000000,-0.176444,0.179729,-0.589345,0.000000,0.000000,0.000000,1.000000,0.050000
1782441181.904521,-1,0.000432,inf,SAFE_STAND,0.000000,-0.176450,0.179735,-0.589379,0.000000,0.000000,0.000000,1.000000,0.050000
1782441181.924654,-1,0.000431,inf,SAFE_STAND,0.000000,-0.176455,0.179757,-0.589400,0.000000,0.000000,0.000000,1.000000,0.050000
1782441181.945279,-1,0.000935,67458.764556,SAFE_STAND,0.000000,-0.176485,0.179770,-0.589442,0.000000,0.000000,0.000000,1.000000,0.050000
1782441181.964910,-1,0.000431,inf,SAFE_STAND,0.000000,-0.176477,0.179763,-0.589421,0.000000,0.000000,0.000000,1.000000,0.050000
1782441181.985301,-1,0.000429,inf,SAFE_STAND,0.000000,-0.176474,0.179808,-0.589448,0.000000,0.000000,0.000000,1.000000,0.050000
1782441182.005436,-1,0.000444,inf,SAFE_STAND,0.000000,-0.176469,0.179800,-0.589464,0.000000,0.000000,0.000000,1.000000,0.050000
1782441182.025523,-1,0.000444,inf,SAFE_STAND,0.000000,-0.176486,0.179786,-0.589449,0.000000,0.000000,0.000000,1.000000,0.050000
1782441182.045977,-1,0.000463,inf,SAFE_STAND,0.000000,-0.176503,0.179811,-0.589434,0.000000,0.000000,0.000000,1.000000,0.050000
1782441182.066034,-1,0.000444,inf,SAFE_STAND,0.000000,-0.176503,0.179830,-0.589471,0.000000,0.000000,0.000000,1.000000,0.050000
1782441182.086105,-1,0.000440,inf,SAFE_STAND,0.000000,-0.176516,0.179829,-0.589521,0.000000,0.000000,0.000000,1.000000,0.050000
1782441182.106169,-1,0.000427,inf,SAFE_STAND,0.000000,-0.176540,0.179796,-0.589560,0.000000,0.000000,0.000000,1.000000,0.050000
1782441182.126810,-1,0.000721,inf,SAFE_STAND,0.000000,-0.176530,0.179799,-0.589557,0.000000,0.000000,0.000000,1.000000,0.050000
1782441182.146697,-1,0.000440,inf,SAFE_STAND,0.000000,-0.176535,0.179803,-0.589561,0.000000,0.000000,0.000000,1.000000,0.050000
1782441182.166826,-1,0.000443,inf,SAFE_STAND,0.000000,-0.176526,0.179810,-0.589559,0.000000,0.000000,0.000000,1.000000,0.050000
1782441182.186933,-1,0.000431,inf,SAFE_STAND,0.000000,-0.176550,0.179742,-0.589584,0.000000,0.000000,0.000000,1.000000,0.050000
1782441182.207349,-1,0.000709,inf,SAFE_STAND,0.000000,-0.176552,0.179718,-0.589598,0.000000,0.000000,0.000000,1.000000,0.050000
1782441182.227449,-1,0.000688,inf,SAFE_STAND,0.000000,-0.176549,0.179727,-0.589586,0.000000,0.000000,0.000000,1.000000,0.050000
1782441182.247434,-1,0.000432,inf,SAFE_STAND,0.000000,-0.176570,0.179672,-0.589549,0.000000,0.000000,0.000000,1.000000,0.050000
1782441182.267554,-1,0.000431,inf,SAFE_STAND,0.000000,-0.176583,0.179687,-0.589562,0.000000,0.000000,0.000000,1.000000,0.050000
1782441182.287953,-1,0.000707,inf,SAFE_STAND,0.000000,-0.176582,0.179682,-0.589590,0.000000,0.000000,0.000000,1.000000,0.050000
1782441182.308062,-1,0.000682,inf,SAFE_STAND,0.000000,-0.176565,0.179653,-0.589567,0.000000,0.000000,0.000000,1.000000,0.050000
1782441182.328205,-1,0.000704,inf,SAFE_STAND,0.000000,-0.176602,0.179635,-0.589571,0.000000,0.000000,0.000000,1.000000,0.050000
1782441182.348120,-1,0.000507,inf,SAFE_STAND,0.000000,-0.176602,0.179632,-0.589555,0.000000,0.000000,0.000000,1.000000,0.050000
1782441182.368172,-1,0.000486,inf,SAFE_STAND,0.000000,-0.176604,0.179637,-0.589531,0.000000,0.000000,0.000000,1.000000,0.050000
1782441182.388208,-1,0.000448,inf,SAFE_STAND,0.000000,-0.176630,0.179665,-0.589579,0.000000,0.000000,0.000000,1.000000,0.050000
1782441182.408278,-1,0.000448,inf,SAFE_STAND,0.000000,-0.176614,0.179676,-0.589582,0.000000,0.000000,0.000000,1.000000,0.050000
1782441182.428764,-1,0.000861,inf,SAFE_STAND,0.000000,-0.176622,0.179725,-0.589606,0.000000,0.000000,0.000000,1.000000,0.050000
1782441182.448920,-1,0.000582,67459.268448,SAFE_STAND,0.000000,-0.176643,0.179729,-0.589569,0.000000,0.000000,0.000000,1.000000,0.050000
1782441182.468957,-1,0.000483,inf,SAFE_STAND,0.000000,-0.176629,0.179785,-0.589557,0.000000,0.000000,0.000000,1.000000,0.050000
1782441182.489034,-1,0.000479,inf,SAFE_STAND,0.000000,-0.176674,0.179844,-0.589651,0.000000,0.000000,0.000000,1.000000,0.050000
1782441182.509549,-1,0.000696,inf,SAFE_STAND,0.000000,-0.176657,0.179817,-0.589632,0.000000,0.000000,0.000000,1.000000,0.050000
1782441182.529512,-1,0.000427,inf,SAFE_STAND,0.000000,-0.176652,0.179834,-0.589658,0.000000,0.000000,0.000000,1.000000,0.050000
1782441182.549644,-1,0.000488,inf,SAFE_STAND,0.000000,-0.176656,0.179876,-0.589671,0.000000,0.000000,0.000000,1.000000,0.050000
1782441182.569758,-1,0.000481,inf,SAFE_STAND,0.000000,-0.176660,0.179926,-0.589698,0.000000,0.000000,0.000000,1.000000,0.050000
1782441182.590442,-1,0.001042,inf,SAFE_STAND,0.000000,-0.176649,0.179932,-0.589713,0.000000,0.000000,0.000000,1.000000,0.050000
1782441182.610260,-1,0.000804,inf,SAFE_STAND,0.000000,-0.176639,0.179943,-0.589694,0.000000,0.000000,0.000000,1.000000,0.050000
1782441182.630036,-1,0.000451,inf,SAFE_STAND,0.000000,-0.176639,0.179929,-0.589707,0.000000,0.000000,0.000000,1.000000,0.050000
1782441182.650356,-1,0.000419,inf,SAFE_STAND,0.000000,-0.176614,0.179912,-0.589695,0.000000,0.000000,0.000000,1.000000,0.050000
1782441182.670458,-1,0.000449,inf,SAFE_STAND,0.000000,-0.176611,0.179907,-0.589736,0.000000,0.000000,0.000000,1.000000,0.050000
1782441182.691141,-1,0.000433,inf,SAFE_STAND,0.000000,-0.176621,0.179903,-0.589717,0.000000,0.000000,0.000000,1.000000,0.050000
1782441182.711279,-1,0.000447,inf,SAFE_STAND,0.000000,-0.176592,0.179911,-0.589708,0.000000,0.000000,0.000000,1.000000,0.050000
1782441182.731909,-1,0.000685,inf,SAFE_STAND,0.000000,-0.176600,0.179962,-0.589709,0.000000,0.000000,0.000000,1.000000,0.050000
1782441182.751791,-1,0.000448,inf,SAFE_STAND,0.000000,-0.176608,0.179988,-0.589695,0.000000,0.000000,0.000000,1.000000,0.050000
1782441182.771903,-1,0.000435,inf,SAFE_STAND,0.000000,-0.176592,0.180001,-0.589691,0.000000,0.000000,0.000000,1.000000,0.050000
1782441182.792016,-1,0.000429,inf,SAFE_STAND,0.000000,-0.176587,0.180009,-0.589657,0.000000,0.000000,0.000000,1.000000,0.050000
1782441182.812658,-1,0.000690,inf,SAFE_STAND,0.000000,-0.176560,0.180027,-0.589629,0.000000,0.000000,0.000000,1.000000,0.050000
1782441182.832676,-1,0.000428,inf,SAFE_STAND,0.000000,-0.176568,0.180053,-0.589659,0.000000,0.000000,0.000000,1.000000,0.050000
1782441182.852812,-1,0.000436,inf,SAFE_STAND,0.000000,-0.176578,0.180061,-0.589657,0.000000,0.000000,0.000000,1.000000,0.050000
1782441182.873297,-1,0.000450,inf,SAFE_STAND,0.000000,-0.176583,0.180061,-0.589643,0.000000,0.000000,0.000000,1.000000,0.050000
1782441182.893404,-1,0.000432,inf,SAFE_STAND,0.000000,-0.176598,0.180022,-0.589666,0.000000,0.000000,0.000000,1.000000,0.050000
1782441182.913520,-1,0.000430,inf,SAFE_STAND,0.000000,-0.176620,0.180010,-0.589678,0.000000,0.000000,0.000000,1.000000,0.050000
1782441182.933673,-1,0.000461,inf,SAFE_STAND,0.000000,-0.176623,0.180006,-0.589662,0.000000,0.000000,0.000000,1.000000,0.050000
1782441182.954408,-1,0.000639,67459.773924,SAFE_STAND,0.000000,-0.176657,0.179987,-0.589668,0.000000,0.000000,0.000000,1.000000,0.050000
1782441182.974299,-1,0.000455,inf,SAFE_STAND,0.000000,-0.176667,0.179981,-0.589697,0.000000,0.000000,0.000000,1.000000,0.050000
1782441182.994819,-1,0.000667,inf,SAFE_STAND,0.000000,-0.176648,0.179916,-0.589655,0.000000,0.000000,0.000000,1.000000,0.050000
1782441183.014873,-1,0.000460,inf,SAFE_STAND,0.000000,-0.176650,0.179950,-0.589635,0.000000,0.000000,0.000000,1.000000,0.050000
1782441183.034948,-1,0.000462,inf,SAFE_STAND,0.000000,-0.176631,0.179976,-0.589652,0.000000,0.000000,0.000000,1.000000,0.050000
1782441183.055097,-1,0.000484,inf,SAFE_STAND,0.000000,-0.176646,0.179976,-0.589661,0.000000,0.000000,0.000000,1.000000,0.050000
1782441183.075704,-1,0.000785,inf,SAFE_STAND,0.000000,-0.176647,0.180019,-0.589667,0.000000,0.000000,0.000000,1.000000,0.050000
1782441183.095646,-1,0.000462,inf,SAFE_STAND,0.000000,-0.176658,0.179942,-0.589638,0.000000,0.000000,0.000000,1.000000,0.050000
1782441183.115690,-1,0.000430,inf,SAFE_STAND,0.000000,-0.176639,0.179998,-0.589621,0.000000,0.000000,0.000000,1.000000,0.050000
1782441183.135780,-1,0.000448,inf,SAFE_STAND,0.000000,-0.176640,0.180044,-0.589643,0.000000,0.000000,0.000000,1.000000,0.050000
1782441183.155890,-1,0.000486,inf,SAFE_STAND,0.000000,-0.176663,0.179999,-0.589685,0.000000,0.000000,0.000000,1.000000,0.050000
1782441183.176175,-1,0.000695,inf,SAFE_STAND,0.000000,-0.176634,0.180006,-0.589638,0.000000,0.000000,0.000000,1.000000,0.050000
1782441183.196214,-1,0.000662,inf,SAFE_STAND,0.000000,-0.176603,0.180031,-0.589599,0.000000,0.000000,0.000000,1.000000,0.050000
1782441183.216237,-1,0.000489,inf,SAFE_STAND,0.000000,-0.176640,0.180058,-0.589651,0.000000,0.000000,0.000000,1.000000,0.050000
1782441183.236394,-1,0.000570,inf,SAFE_STAND,0.000000,-0.176680,0.180138,-0.589686,0.000000,0.000000,0.000000,1.000000,0.050000
1782441183.256442,-1,0.000534,inf,SAFE_STAND,0.000000,-0.176693,0.180127,-0.589698,0.000000,0.000000,0.000000,1.000000,0.050000
1782441183.276884,-1,0.000676,inf,SAFE_STAND,0.000000,-0.176707,0.180137,-0.589720,0.000000,0.000000,0.000000,1.000000,0.050000
1782441183.296961,-1,0.000676,inf,SAFE_STAND,0.000000,-0.176671,0.180184,-0.589689,0.000000,0.000000,0.000000,1.000000,0.050000
1782441183.316995,-1,0.000483,inf,SAFE_STAND,0.000000,-0.176661,0.180236,-0.589685,0.000000,0.000000,0.000000,1.000000,0.050000
1782441183.337029,-1,0.000445,inf,SAFE_STAND,0.000000,-0.176681,0.180238,-0.589688,0.000000,0.000000,0.000000,1.000000,0.050000
1782441183.357106,-1,0.000449,inf,SAFE_STAND,0.000000,-0.176676,0.180242,-0.589648,0.000000,0.000000,0.000000,1.000000,0.050000
1782441183.377625,-1,0.000665,inf,SAFE_STAND,0.000000,-0.176653,0.180282,-0.589625,0.000000,0.000000,0.000000,1.000000,0.050000
1782441183.397717,-1,0.000472,inf,SAFE_STAND,0.000000,-0.176662,0.180335,-0.589600,0.000000,0.000000,0.000000,1.000000,0.050000
1782441183.417803,-1,0.000485,inf,SAFE_STAND,0.000000,-0.176651,0.180363,-0.589566,0.000000,0.000000,0.000000,1.000000,0.050000
1782441183.437881,-1,0.000484,inf,SAFE_STAND,0.000000,-0.176620,0.180360,-0.589512,0.000000,0.000000,0.000000,1.000000,0.050000
1782441183.458078,-1,0.000625,67460.277561,SAFE_STAND,0.000000,-0.176601,0.180352,-0.589492,0.000000,0.000000,0.000000,1.000000,0.050000
1782441183.478394,-1,0.000648,inf,SAFE_STAND,0.000000,-0.176581,0.180402,-0.589489,0.000000,0.000000,0.000000,1.000000,0.050000
1782441183.498347,-1,0.000473,inf,SAFE_STAND,0.000000,-0.176575,0.180422,-0.589527,0.000000,0.000000,0.000000,1.000000,0.050000
1782441183.518430,-1,0.000443,inf,SAFE_STAND,0.000000,-0.176570,0.180437,-0.589522,0.000000,0.000000,0.000000,1.000000,0.050000
1782441183.538518,-1,0.000460,inf,SAFE_STAND,0.000000,-0.176598,0.180421,-0.589548,0.000000,0.000000,0.000000,1.000000,0.050000
1782441183.558592,-1,0.000461,inf,SAFE_STAND,0.000000,-0.176560,0.180453,-0.589496,0.000000,0.000000,0.000000,1.000000,0.050000
1782441183.579068,-1,0.000456,inf,SAFE_STAND,0.000000,-0.176572,0.180501,-0.589503,0.000000,0.000000,0.000000,1.000000,0.050000
1782441183.599167,-1,0.000460,inf,SAFE_STAND,0.000000,-0.176575,0.180518,-0.589492,0.000000,0.000000,0.000000,1.000000,0.050000
1782441183.619230,-1,0.000449,inf,SAFE_STAND,0.000000,-0.176557,0.180521,-0.589495,0.000000,0.000000,0.000000,1.000000,0.050000
1782441183.639303,-1,0.000448,inf,SAFE_STAND,0.000000,-0.176560,0.180508,-0.589496,0.000000,0.000000,0.000000,1.000000,0.050000
1782441183.659842,-1,0.000688,inf,SAFE_STAND,0.000000,-0.176585,0.180534,-0.589518,0.000000,0.000000,0.000000,1.000000,0.050000
1782441183.679733,-1,0.000500,inf,SAFE_STAND,0.000000,-0.176589,0.180552,-0.589505,0.000000,0.000000,0.000000,1.000000,0.050000
1782441183.699814,-1,0.000472,inf,SAFE_STAND,0.000000,-0.176592,0.180574,-0.589557,0.000000,0.000000,0.000000,1.000000,0.050000
1782441183.719907,-1,0.000489,inf,SAFE_STAND,0.000000,-0.176573,0.180593,-0.589488,0.000000,0.000000,0.000000,1.000000,0.050000
1782441183.740154,-1,0.000652,inf,SAFE_STAND,0.000000,-0.176549,0.180605,-0.589445,0.000000,0.000000,0.000000,1.000000,0.050000
1782441183.760303,-1,0.000705,inf,SAFE_STAND,0.000000,-0.176546,0.180583,-0.589462,0.000000,0.000000,0.000000,1.000000,0.050000
1782441183.780409,-1,0.000738,inf,SAFE_STAND,0.000000,-0.176523,0.180617,-0.589434,0.000000,0.000000,0.000000,1.000000,0.050000
1782441183.800382,-1,0.000634,inf,SAFE_STAND,0.000000,-0.176522,0.180649,-0.589479,0.000000,0.000000,0.000000,1.000000,0.050000
1782441183.820537,-1,0.000692,inf,SAFE_STAND,0.000000,-0.176517,0.180654,-0.589446,0.000000,0.000000,0.000000,1.000000,0.050000
1782441183.840451,-1,0.000471,inf,SAFE_STAND,0.000000,-0.176479,0.180685,-0.589356,0.000000,0.000000,0.000000,1.000000,0.050000
1782441183.860490,-1,0.000436,inf,SAFE_STAND,0.000000,-0.176480,0.180686,-0.589365,0.000000,0.000000,0.000000,1.000000,0.050000
1782441183.880610,-1,0.000483,inf,SAFE_STAND,0.000000,-0.176488,0.180707,-0.589333,0.000000,0.000000,0.000000,1.000000,0.050000
1782441183.901071,-1,0.000639,inf,SAFE_STAND,0.000000,-0.176484,0.180671,-0.589305,0.000000,0.000000,0.000000,1.000000,0.050000
1782441183.921152,-1,0.000446,inf,SAFE_STAND,0.000000,-0.176503,0.180646,-0.589311,0.000000,0.000000,0.000000,1.000000,0.050000
1782441183.941670,-1,0.000889,inf,SAFE_STAND,0.000000,-0.176505,0.180621,-0.589312,0.000000,0.000000,0.000000,1.000000,0.050000
1782441183.961478,-1,0.000613,67460.780978,SAFE_STAND,0.000000,-0.176518,0.180634,-0.589330,0.000000,0.000000,0.000000,1.000000,0.050000
1782441183.981817,-1,0.000660,inf,SAFE_STAND,0.000000,-0.176515,0.180634,-0.589313,0.000000,0.000000,0.000000,1.000000,0.050000
1782441184.001903,-1,0.000673,inf,SAFE_STAND,0.000000,-0.176520,0.180628,-0.589300,0.000000,0.000000,0.000000,1.000000,0.050000
1782441184.021794,-1,0.000482,inf,SAFE_STAND,0.000000,-0.176483,0.180612,-0.589286,0.000000,0.000000,0.000000,1.000000,0.050000
1782441184.041894,-1,0.000472,inf,SAFE_STAND,0.000000,-0.176499,0.180644,-0.589271,0.000000,0.000000,0.000000,1.000000,0.050000
1782441184.061905,-1,0.000448,inf,SAFE_STAND,0.000000,-0.176491,0.180670,-0.589244,0.000000,0.000000,0.000000,1.000000,0.050000
1782441184.082005,-1,0.000476,inf,SAFE_STAND,0.000000,-0.176480,0.180649,-0.589234,0.000000,0.000000,0.000000,1.000000,0.050000
1782441184.102271,-1,0.000663,inf,SAFE_STAND,0.000000,-0.176472,0.180691,-0.589201,0.000000,0.000000,0.000000,1.000000,0.050000
1782441184.122373,-1,0.000689,inf,SAFE_STAND,0.000000,-0.176478,0.180676,-0.589221,0.000000,0.000000,0.000000,1.000000,0.050000
1782441184.142637,-1,0.000874,inf,SAFE_STAND,0.000000,-0.176490,0.180714,-0.589217,0.000000,0.000000,0.000000,1.000000,0.050000
1782441184.162753,-1,0.000756,inf,SAFE_STAND,0.000000,-0.176504,0.180725,-0.589186,0.000000,0.000000,0.000000,1.000000,0.050000
1782441184.182743,-1,0.000657,inf,SAFE_STAND,0.000000,-0.176508,0.180750,-0.589230,0.000000,0.000000,0.000000,1.000000,0.050000
1782441184.202659,-1,0.000490,inf,SAFE_STAND,0.000000,-0.176525,0.180729,-0.589224,0.000000,0.000000,0.000000,1.000000,0.050000
1782441184.222724,-1,0.000436,inf,SAFE_STAND,0.000000,-0.176543,0.180725,-0.589212,0.000000,0.000000,0.000000,1.000000,0.050000
1782441184.243106,-1,0.000675,inf,SAFE_STAND,0.000000,-0.176562,0.180707,-0.589251,0.000000,0.000000,0.000000,1.000000,0.050000
1782441184.263131,-1,0.000437,inf,SAFE_STAND,0.000000,-0.176565,0.180733,-0.589272,0.000000,0.000000,0.000000,1.000000,0.050000
1782441184.283195,-1,0.000427,inf,SAFE_STAND,0.000000,-0.176598,0.180708,-0.589308,0.000000,0.000000,0.000000,1.000000,0.050000
1782441184.303259,-1,0.000447,inf,SAFE_STAND,0.000000,-0.176596,0.180776,-0.589299,0.000000,0.000000,0.000000,1.000000,0.050000
1782441184.323336,-1,0.000451,inf,SAFE_STAND,0.000000,-0.176564,0.180791,-0.589258,0.000000,0.000000,0.000000,1.000000,0.050000
1782441184.343605,-1,0.000643,inf,SAFE_STAND,0.000000,-0.176573,0.180751,-0.589289,0.000000,0.000000,0.000000,1.000000,0.050000
1782441184.363708,-1,0.000672,inf,SAFE_STAND,0.000000,-0.176548,0.180714,-0.589250,0.000000,0.000000,0.000000,1.000000,0.050000
1782441184.383766,-1,0.000441,inf,SAFE_STAND,0.000000,-0.176563,0.180721,-0.589271,0.000000,0.000000,0.000000,1.000000,0.050000
1782441184.403863,-1,0.000465,inf,SAFE_STAND,0.000000,-0.176551,0.180715,-0.589273,0.000000,0.000000,0.000000,1.000000,0.050000
1782441184.423932,-1,0.000462,inf,SAFE_STAND,0.000000,-0.176536,0.180701,-0.589259,0.000000,0.000000,0.000000,1.000000,0.050000
1782441184.444213,-1,0.000670,inf,SAFE_STAND,0.000000,-0.176547,0.180693,-0.589278,0.000000,0.000000,0.000000,1.000000,0.050000
1782441184.464418,-1,0.000803,67461.283720,SAFE_STAND,0.000000,-0.176554,0.180679,-0.589248,0.000000,0.000000,0.000000,1.000000,0.050000
1782441184.484393,-1,0.000701,inf,SAFE_STAND,0.000000,-0.176547,0.180645,-0.589204,0.000000,0.000000,0.000000,1.000000,0.050000
1782441184.504441,-1,0.000473,inf,SAFE_STAND,0.000000,-0.176547,0.180591,-0.589198,0.000000,0.000000,0.000000,1.000000,0.050000
1782441184.524475,-1,0.000436,inf,SAFE_STAND,0.000000,-0.176519,0.180573,-0.589172,0.000000,0.000000,0.000000,1.000000,0.050000
1782441184.544573,-1,0.000457,inf,SAFE_STAND,0.000000,-0.176524,0.180593,-0.589150,0.000000,0.000000,0.000000,1.000000,0.050000
1782441184.565092,-1,0.000675,inf,SAFE_STAND,0.000000,-0.176517,0.180589,-0.589136,0.000000,0.000000,0.000000,1.000000,0.050000
1782441184.585094,-1,0.000431,inf,SAFE_STAND,0.000000,-0.176524,0.180575,-0.589129,0.000000,0.000000,0.000000,1.000000,0.050000
1782441184.605295,-1,0.000475,inf,SAFE_STAND,0.000000,-0.176506,0.180600,-0.589122,0.000000,0.000000,0.000000,1.000000,0.050000
1782441184.625354,-1,0.000457,inf,SAFE_STAND,0.000000,-0.176524,0.180575,-0.589084,0.000000,0.000000,0.000000,1.000000,0.050000
1782441184.645425,-1,0.000451,inf,SAFE_STAND,0.000000,-0.176518,0.180565,-0.589075,0.000000,0.000000,0.000000,1.000000,0.050000
1782441184.665783,-1,0.000485,inf,SAFE_STAND,0.000000,-0.176504,0.180531,-0.589027,0.000000,0.000000,0.000000,1.000000,0.050000
1782441184.685899,-1,0.000468,inf,SAFE_STAND,0.000000,-0.176503,0.180510,-0.588986,0.000000,0.000000,0.000000,1.000000,0.050000
1782441184.705968,-1,0.000460,inf,SAFE_STAND,0.000000,-0.176492,0.180502,-0.588971,0.000000,0.000000,0.000000,1.000000,0.050000
1782441184.726016,-1,0.000435,inf,SAFE_STAND,0.000000,-0.176496,0.180491,-0.588941,0.000000,0.000000,0.000000,1.000000,0.050000
1782441184.746108,-1,0.000454,inf,SAFE_STAND,0.000000,-0.176499,0.180498,-0.588910,0.000000,0.000000,0.000000,1.000000,0.050000
1782441184.766603,-1,0.000444,inf,SAFE_STAND,0.000000,-0.176482,0.180490,-0.588838,0.000000,0.000000,0.000000,1.000000,0.050000
1782441184.786673,-1,0.000441,inf,SAFE_STAND,0.000000,-0.176478,0.180484,-0.588832,0.000000,0.000000,0.000000,1.000000,0.050000
1782441184.806969,-1,0.000663,inf,SAFE_STAND,0.000000,-0.176463,0.180483,-0.588837,0.000000,0.000000,0.000000,1.000000,0.050000
1782441184.826866,-1,0.000476,inf,SAFE_STAND,0.000000,-0.176465,0.180515,-0.588832,0.000000,0.000000,0.000000,1.000000,0.050000
1782441184.846905,-1,0.000441,inf,SAFE_STAND,0.000000,-0.176457,0.180503,-0.588824,0.000000,0.000000,0.000000,1.000000,0.050000
1782441184.867392,-1,0.000437,inf,SAFE_STAND,0.000000,-0.176457,0.180468,-0.588805,0.000000,0.000000,0.000000,1.000000,0.050000
1782441184.887487,-1,0.000460,inf,SAFE_STAND,0.000000,-0.176451,0.180497,-0.588792,0.000000,0.000000,0.000000,1.000000,0.050000
1782441184.908050,-1,0.000728,inf,SAFE_STAND,0.000000,-0.176456,0.180463,-0.588776,0.000000,0.000000,0.000000,1.000000,0.050000
1782441184.928023,-1,0.000630,inf,SAFE_STAND,0.000000,-0.176437,0.180434,-0.588789,0.000000,0.000000,0.000000,1.000000,0.050000
1782441184.948002,-1,0.000495,inf,SAFE_STAND,0.000000,-0.176445,0.180450,-0.588785,0.000000,0.000000,0.000000,1.000000,0.050000
1782441184.968151,-1,0.000570,67461.787686,SAFE_STAND,0.000000,-0.176428,0.180396,-0.588730,0.000000,0.000000,0.000000,1.000000,0.050000
1782441184.988596,-1,0.000643,inf,SAFE_STAND,0.000000,-0.176410,0.180392,-0.588712,0.000000,0.000000,0.000000,1.000000,0.050000
1782441185.008879,-1,0.000852,inf,SAFE_STAND,0.000000,-0.176414,0.180353,-0.588655,0.000000,0.000000,0.000000,1.000000,0.050000
1782441185.028783,-1,0.000667,inf,SAFE_STAND,0.000000,-0.176419,0.180387,-0.588676,0.000000,0.000000,0.000000,1.000000,0.050000
1782441185.048896,-1,0.000488,inf,SAFE_STAND,0.000000,-0.176417,0.180369,-0.588674,0.000000,0.000000,0.000000,1.000000,0.050000
1782441185.068934,-1,0.000451,inf,SAFE_STAND,0.000000,-0.176399,0.180355,-0.588650,0.000000,0.000000,0.000000,1.000000,0.050000
1782441185.089422,-1,0.000471,inf,SAFE_STAND,0.000000,-0.176354,0.180370,-0.588632,0.000000,0.000000,0.000000,1.000000,0.050000
1782441185.109458,-1,0.000435,inf,SAFE_STAND,0.000000,-0.176373,0.180356,-0.588661,0.000000,0.000000,0.000000,1.000000,0.050000
1782441185.129546,-1,0.000445,inf,SAFE_STAND,0.000000,-0.176392,0.180335,-0.588680,0.000000,0.000000,0.000000,1.000000,0.050000
1782441185.149646,-1,0.000472,inf,SAFE_STAND,0.000000,-0.176385,0.180314,-0.588698,0.000000,0.000000,0.000000,1.000000,0.050000
1782441185.170134,-1,0.000679,inf,SAFE_STAND,0.000000,-0.176381,0.180299,-0.588663,0.000000,0.000000,0.000000,1.000000,0.050000
1782441185.190173,-1,0.000646,inf,SAFE_STAND,0.000000,-0.176369,0.180271,-0.588660,0.000000,0.000000,0.000000,1.000000,0.050000
1782441185.210182,-1,0.000439,inf,SAFE_STAND,0.000000,-0.176333,0.180272,-0.588615,0.000000,0.000000,0.000000,1.000000,0.050000
1782441185.230287,-1,0.000470,inf,SAFE_STAND,0.000000,-0.176340,0.180299,-0.588572,0.000000,0.000000,0.000000,1.000000,0.050000
1782441185.250445,-1,0.000551,inf,SAFE_STAND,0.000000,-0.176342,0.180336,-0.588586,0.000000,0.000000,0.000000,1.000000,0.050000
1782441185.270917,-1,0.000712,inf,SAFE_STAND,0.000000,-0.176356,0.180319,-0.588586,0.000000,0.000000,0.000000,1.000000,0.050000
1782441185.290988,-1,0.000514,inf,SAFE_STAND,0.000000,-0.176362,0.180312,-0.588603,0.000000,0.000000,0.000000,1.000000,0.050000
1782441185.311001,-1,0.000452,inf,SAFE_STAND,0.000000,-0.176386,0.180279,-0.588588,0.000000,0.000000,0.000000,1.000000,0.050000
1782441185.331081,-1,0.000455,inf,SAFE_STAND,0.000000,-0.176393,0.180310,-0.588610,0.000000,0.000000,0.000000,1.000000,0.050000
1782441185.351367,-1,0.000669,inf,SAFE_STAND,0.000000,-0.176387,0.180321,-0.588603,0.000000,0.000000,0.000000,1.000000,0.050000
1782441185.371459,-1,0.000688,inf,SAFE_STAND,0.000000,-0.176399,0.180310,-0.588586,0.000000,0.000000,0.000000,1.000000,0.050000
1782441185.391488,-1,0.000643,inf,SAFE_STAND,0.000000,-0.176383,0.180285,-0.588600,0.000000,0.000000,0.000000,1.000000,0.050000
1782441185.411360,-1,0.000441,inf,SAFE_STAND,0.000000,-0.176356,0.180250,-0.588545,0.000000,0.000000,0.000000,1.000000,0.050000
1782441185.431724,-1,0.000729,inf,SAFE_STAND,0.000000,-0.176345,0.180264,-0.588522,0.000000,0.000000,0.000000,1.000000,0.050000
1782441185.451637,-1,0.000432,inf,SAFE_STAND,0.000000,-0.176357,0.180272,-0.588586,0.000000,0.000000,0.000000,1.000000,0.050000
1782441185.471864,-1,0.000588,67462.291378,SAFE_STAND,0.000000,-0.176310,0.180260,-0.588542,0.000000,0.000000,0.000000,1.000000,0.050000
1782441185.492277,-1,0.000693,inf,SAFE_STAND,0.000000,-0.176288,0.180253,-0.588520,0.000000,0.000000,0.000000,1.000000,0.050000
1782441185.512128,-1,0.000425,inf,SAFE_STAND,0.000000,-0.176308,0.180222,-0.588511,0.000000,0.000000,0.000000,1.000000,0.050000
1782441185.532218,-1,0.000444,inf,SAFE_STAND,0.000000,-0.176289,0.180204,-0.588510,0.000000,0.000000,0.000000,1.000000,0.050000
1782441185.552316,-1,0.000468,inf,SAFE_STAND,0.000000,-0.176272,0.180173,-0.588480,0.000000,0.000000,0.000000,1.000000,0.050000
1782441185.572345,-1,0.000422,inf,SAFE_STAND,0.000000,-0.176255,0.180200,-0.588455,0.000000,0.000000,0.000000,1.000000,0.050000
1782441185.592465,-1,0.000461,inf,SAFE_STAND,0.000000,-0.176225,0.180193,-0.588412,0.000000,0.000000,0.000000,1.000000,0.050000
1782441185.612933,-1,0.000491,inf,SAFE_STAND,0.000000,-0.176207,0.180188,-0.588399,0.000000,0.000000,0.000000,1.000000,0.050000
1782441185.632978,-1,0.000460,inf,SAFE_STAND,0.000000,-0.176207,0.180204,-0.588383,0.000000,0.000000,0.000000,1.000000,0.050000
1782441185.653044,-1,0.000453,inf,SAFE_STAND,0.000000,-0.176218,0.180171,-0.588384,0.000000,0.000000,0.000000,1.000000,0.050000
1782441185.673344,-1,0.000677,inf,SAFE_STAND,0.000000,-0.176198,0.180180,-0.588419,0.000000,0.000000,0.000000,1.000000,0.050000
1782441185.693672,-1,0.000699,inf,SAFE_STAND,0.000000,-0.176209,0.180132,-0.588436,0.000000,0.000000,0.000000,1.000000,0.050000
1782441185.713794,-1,0.000748,inf,SAFE_STAND,0.000000,-0.176227,0.180104,-0.588458,0.000000,0.000000,0.000000,1.000000,0.050000
1782441185.733915,-1,0.000726,inf,SAFE_STAND,0.000000,-0.176190,0.180110,-0.588434,0.000000,0.000000,0.000000,1.000000,0.050000
1782441185.754414,-1,0.000906,inf,SAFE_STAND,0.000000,-0.176197,0.180043,-0.588470,0.000000,0.000000,0.000000,1.000000,0.050000
1782441185.774478,-1,0.000886,inf,SAFE_STAND,0.000000,-0.176222,0.179974,-0.588478,0.000000,0.000000,0.000000,1.000000,0.050000
1782441185.794642,-1,0.000966,inf,SAFE_STAND,0.000000,-0.176216,0.179985,-0.588488,0.000000,0.000000,0.000000,1.000000,0.050000
1782441185.814662,-1,0.000721,inf,SAFE_STAND,0.000000,-0.176224,0.179957,-0.588448,0.000000,0.000000,0.000000,1.000000,0.050000
1782441185.835148,-1,0.000889,inf,SAFE_STAND,0.000000,-0.176215,0.179910,-0.588468,0.000000,0.000000,0.000000,1.000000,0.050000
1782441185.855232,-1,0.000890,inf,SAFE_STAND,0.000000,-0.176214,0.179922,-0.588459,0.000000,0.000000,0.000000,1.000000,0.050000
1782441185.875310,-1,0.000885,inf,SAFE_STAND,0.000000,-0.176206,0.179905,-0.588438,0.000000,0.000000,0.000000,1.000000,0.050000
1782441185.895385,-1,0.000877,inf,SAFE_STAND,0.000000,-0.176205,0.179885,-0.588407,0.000000,0.000000,0.000000,1.000000,0.050000
1782441185.915498,-1,0.000666,inf,SAFE_STAND,0.000000,-0.176200,0.179911,-0.588409,0.000000,0.000000,0.000000,1.000000,0.050000
1782441185.936041,-1,0.000888,inf,SAFE_STAND,0.000000,-0.176214,0.179916,-0.588446,0.000000,0.000000,0.000000,1.000000,0.050000
1782441185.956114,-1,0.000877,inf,SAFE_STAND,0.000000,-0.176217,0.179898,-0.588423,0.000000,0.000000,0.000000,1.000000,0.050000
1782441185.976240,-1,0.000824,67462.795580,SAFE_STAND,0.000000,-0.176216,0.179894,-0.588432,0.000000,0.000000,0.000000,1.000000,0.050000
1782441185.996602,-1,0.000874,inf,SAFE_STAND,0.000000,-0.176243,0.179869,-0.588467,0.000000,0.000000,0.000000,1.000000,0.050000
1782441186.016685,-1,0.000875,inf,SAFE_STAND,0.000000,-0.176261,0.179840,-0.588486,0.000000,0.000000,0.000000,1.000000,0.050000
1782441186.036806,-1,0.000909,inf,SAFE_STAND,0.000000,-0.176240,0.179857,-0.588480,0.000000,0.000000,0.000000,1.000000,0.050000
1782441186.056838,-1,0.000649,inf,SAFE_STAND,0.000000,-0.176241,0.179745,-0.588425,0.000000,0.000000,0.000000,1.000000,0.050000
1782441186.077389,-1,0.000878,inf,SAFE_STAND,0.000000,-0.176257,0.179729,-0.588425,0.000000,0.000000,0.000000,1.000000,0.050000
1782441186.097491,-1,0.000897,inf,SAFE_STAND,0.000000,-0.176260,0.179713,-0.588409,0.000000,0.000000,0.000000,1.000000,0.050000
1782441186.117557,-1,0.000894,inf,SAFE_STAND,0.000000,-0.176242,0.179699,-0.588360,0.000000,0.000000,0.000000,1.000000,0.050000
1782441186.137625,-1,0.000688,inf,SAFE_STAND,0.000000,-0.176224,0.179736,-0.588354,0.000000,0.000000,0.000000,1.000000,0.050000
1782441186.158450,-1,0.001192,inf,SAFE_STAND,0.000000,-0.176233,0.179753,-0.588350,0.000000,0.000000,0.000000,1.000000,0.050000
1782441186.178176,-1,0.000779,inf,SAFE_STAND,0.000000,-0.176198,0.179732,-0.588281,0.000000,0.000000,0.000000,1.000000,0.050000
1782441186.198136,-1,0.000426,inf,SAFE_STAND,0.000000,-0.176188,0.179695,-0.588301,0.000000,0.000000,0.000000,1.000000,0.050000
1782441186.218264,-1,0.000436,inf,SAFE_STAND,0.000000,-0.176167,0.179678,-0.588313,0.000000,0.000000,0.000000,1.000000,0.050000
1782441186.238379,-1,0.000429,inf,SAFE_STAND,0.000000,-0.176186,0.179634,-0.588310,0.000000,0.000000,0.000000,1.000000,0.050000
1782441186.258833,-1,0.000762,inf,SAFE_STAND,0.000000,-0.176199,0.179616,-0.588318,0.000000,0.000000,0.000000,1.000000,0.050000
1782441186.278961,-1,0.000758,inf,SAFE_STAND,0.000000,-0.176227,0.179598,-0.588381,0.000000,0.000000,0.000000,1.000000,0.050000
1782441186.299012,-1,0.000440,inf,SAFE_STAND,0.000000,-0.176243,0.179561,-0.588386,0.000000,0.000000,0.000000,1.000000,0.050000
1782441186.319497,-1,0.000853,inf,SAFE_STAND,0.000000,-0.176230,0.179572,-0.588410,0.000000,0.000000,0.000000,1.000000,0.050000
1782441186.339494,-1,0.000679,inf,SAFE_STAND,0.000000,-0.176252,0.179549,-0.588453,0.000000,0.000000,0.000000,1.000000,0.050000
1782441186.359626,-1,0.000690,inf,SAFE_STAND,0.000000,-0.176290,0.179526,-0.588483,0.000000,0.000000,0.000000,1.000000,0.050000
1782441186.379623,-1,0.000443,inf,SAFE_STAND,0.000000,-0.176291,0.179488,-0.588485,0.000000,0.000000,0.000000,1.000000,0.050000
1782441186.399726,-1,0.000428,inf,SAFE_STAND,0.000000,-0.176304,0.179455,-0.588525,0.000000,0.000000,0.000000,1.000000,0.050000
1782441186.420102,-1,0.000688,inf,SAFE_STAND,0.000000,-0.176327,0.179445,-0.588532,0.000000,0.000000,0.000000,1.000000,0.050000
1782441186.440212,-1,0.000720,inf,SAFE_STAND,0.000000,-0.176339,0.179436,-0.588524,0.000000,0.000000,0.000000,1.000000,0.050000
1782441186.460272,-1,0.000671,inf,SAFE_STAND,0.000000,-0.176346,0.179378,-0.588579,0.000000,0.000000,0.000000,1.000000,0.050000
1782441186.480595,-1,0.000755,67463.300035,SAFE_STAND,0.000000,-0.176335,0.179397,-0.588588,0.000000,0.000000,0.000000,1.000000,0.050000
1782441186.500805,-1,0.000649,inf,SAFE_STAND,0.000000,-0.176315,0.179397,-0.588600,0.000000,0.000000,0.000000,1.000000,0.050000
1782441186.520905,-1,0.000671,inf,SAFE_STAND,0.000000,-0.176307,0.179392,-0.588605,0.000000,0.000000,0.000000,1.000000,0.050000
1782441186.541019,-1,0.000713,inf,SAFE_STAND,0.000000,-0.176297,0.179359,-0.588578,0.000000,0.000000,0.000000,1.000000,0.050000
1782441186.561064,-1,0.000684,inf,SAFE_STAND,0.000000,-0.176293,0.179399,-0.588584,0.000000,0.000000,0.000000,1.000000,0.050000
1782441186.580987,-1,0.000491,inf,SAFE_STAND,0.000000,-0.176289,0.179406,-0.588624,0.000000,0.000000,0.000000,1.000000,0.050000
1782441186.601050,-1,0.000431,inf,SAFE_STAND,0.000000,-0.176323,0.179382,-0.588636,0.000000,0.000000,0.000000,1.000000,0.050000
1782441186.621178,-1,0.000432,inf,SAFE_STAND,0.000000,-0.176296,0.179408,-0.588630,0.000000,0.000000,0.000000,1.000000,0.050000
1782441186.641662,-1,0.000426,inf,SAFE_STAND,0.000000,-0.176300,0.179354,-0.588665,0.000000,0.000000,0.000000,1.000000,0.050000
1782441186.661876,-1,0.000517,inf,SAFE_STAND,0.000000,-0.176300,0.179324,-0.588699,0.000000,0.000000,0.000000,1.000000,0.050000
1782441186.682391,-1,0.000725,inf,SAFE_STAND,0.000000,-0.176314,0.179298,-0.588705,0.000000,0.000000,0.000000,1.000000,0.050000
1782441186.702354,-1,0.000615,inf,SAFE_STAND,0.000000,-0.176351,0.179253,-0.588710,0.000000,0.000000,0.000000,1.000000,0.050000
1782441186.722420,-1,0.000431,inf,SAFE_STAND,0.000000,-0.176380,0.179217,-0.588726,0.000000,0.000000,0.000000,1.000000,0.050000
1782441186.742477,-1,0.000410,inf,SAFE_STAND,0.000000,-0.176385,0.179172,-0.588716,0.000000,0.000000,0.000000,1.000000,0.050000
1782441186.762578,-1,0.000438,inf,SAFE_STAND,0.000000,-0.176373,0.179146,-0.588709,0.000000,0.000000,0.000000,1.000000,0.050000
1782441186.782624,-1,0.000413,inf,SAFE_STAND,0.000000,-0.176383,0.179129,-0.588750,0.000000,0.000000,0.000000,1.000000,0.050000
1782441186.803116,-1,0.000611,inf,SAFE_STAND,0.000000,-0.176395,0.179107,-0.588770,0.000000,0.000000,0.000000,1.000000,0.050000
1782441186.823195,-1,0.000621,inf,SAFE_STAND,0.000000,-0.176392,0.179053,-0.588761,0.000000,0.000000,0.000000,1.000000,0.050000
1782441186.843286,-1,0.000494,inf,SAFE_STAND,0.000000,-0.176387,0.179044,-0.588789,0.000000,0.000000,0.000000,1.000000,0.050000
1782441186.863278,-1,0.000412,inf,SAFE_STAND,0.000000,-0.176396,0.178978,-0.588821,0.000000,0.000000,0.000000,1.000000,0.050000
1782441186.883709,-1,0.000774,inf,SAFE_STAND,0.000000,-0.176442,0.178969,-0.588792,0.000000,0.000000,0.000000,1.000000,0.050000
1782441186.903498,-1,0.000489,inf,SAFE_STAND,0.000000,-0.176455,0.178932,-0.588787,0.000000,0.000000,0.000000,1.000000,0.050000
1782441186.923985,-1,0.000466,inf,SAFE_STAND,0.000000,-0.176464,0.178935,-0.588800,0.000000,0.000000,0.000000,1.000000,0.050000
1782441186.944051,-1,0.000459,inf,SAFE_STAND,0.000000,-0.176497,0.178976,-0.588850,0.000000,0.000000,0.000000,1.000000,0.050000
1782441186.964078,-1,0.000414,inf,SAFE_STAND,0.000000,-0.176513,0.178974,-0.588846,0.000000,0.000000,0.000000,1.000000,0.050000
1782441186.984682,-1,0.000718,67463.804252,SAFE_STAND,0.000000,-0.176538,0.178933,-0.588860,0.000000,0.000000,0.000000,1.000000,0.050000
1782441187.004596,-1,0.000421,inf,SAFE_STAND,0.000000,-0.176542,0.178905,-0.588886,0.000000,0.000000,0.000000,1.000000,0.050000
1782441187.024652,-1,0.000406,inf,SAFE_STAND,0.000000,-0.176576,0.178840,-0.588944,0.000000,0.000000,0.000000,1.000000,0.050000
1782441187.044758,-1,0.000442,inf,SAFE_STAND,0.000000,-0.176582,0.178820,-0.588960,0.000000,0.000000,0.000000,1.000000,0.050000
1782441187.064798,-1,0.000405,inf,SAFE_STAND,0.000000,-0.176596,0.178814,-0.589002,0.000000,0.000000,0.000000,1.000000,0.050000
1782441187.085484,-1,0.000472,inf,SAFE_STAND,0.000000,-0.176591,0.178785,-0.588995,0.000000,0.000000,0.000000,1.000000,0.050000
1782441187.105499,-1,0.000414,inf,SAFE_STAND,0.000000,-0.176596,0.178786,-0.589026,0.000000,0.000000,0.000000,1.000000,0.050000
1782441187.125583,-1,0.000426,inf,SAFE_STAND,0.000000,-0.176598,0.178786,-0.589018,0.000000,0.000000,0.000000,1.000000,0.050000
1782441187.146105,-1,0.000652,inf,SAFE_STAND,0.000000,-0.176590,0.178777,-0.589012,0.000000,0.000000,0.000000,1.000000,0.050000
1782441187.166012,-1,0.000453,inf,SAFE_STAND,0.000000,-0.176583,0.178751,-0.589015,0.000000,0.000000,0.000000,1.000000,0.050000
1782441187.186063,-1,0.000431,inf,SAFE_STAND,0.000000,-0.176592,0.178679,-0.589048,0.000000,0.000000,0.000000,1.000000,0.050000
1782441187.206143,-1,0.000441,inf,SAFE_STAND,0.000000,-0.176590,0.178669,-0.589048,0.000000,0.000000,0.000000,1.000000,0.050000
1782441187.226186,-1,0.000413,inf,SAFE_STAND,0.000000,-0.176594,0.178685,-0.589089,0.000000,0.000000,0.000000,1.000000,0.050000
1782441187.246256,-1,0.000412,inf,SAFE_STAND,0.000000,-0.176614,0.178667,-0.589119,0.000000,0.000000,0.000000,1.000000,0.050000
1782441187.266957,-1,0.000504,inf,SAFE_STAND,0.000000,-0.176601,0.178723,-0.589157,0.000000,0.000000,0.000000,1.000000,0.050000
1782441187.287646,-1,0.000580,inf,SAFE_STAND,0.000000,-0.176576,0.178733,-0.589174,0.000000,0.000000,0.000000,1.000000,0.050000
1782441187.307598,-1,0.000449,inf,SAFE_STAND,0.000000,-0.176578,0.178779,-0.589189,0.000000,0.000000,0.000000,1.000000,0.050000
1782441187.327621,-1,0.000401,inf,SAFE_STAND,0.000000,-0.176554,0.178773,-0.589161,0.000000,0.000000,0.000000,1.000000,0.050000
1782441187.347726,-1,0.000436,inf,SAFE_STAND,0.000000,-0.176565,0.178819,-0.589192,0.000000,0.000000,0.000000,1.000000,0.050000
1782441187.368060,-1,0.000699,inf,SAFE_STAND,0.000000,-0.176553,0.178815,-0.589178,0.000000,0.000000,0.000000,1.000000,0.050000
1782441187.387865,-1,0.000432,inf,SAFE_STAND,0.000000,-0.176550,0.178848,-0.589163,0.000000,0.000000,0.000000,1.000000,0.050000
1782441187.408272,-1,0.000431,inf,SAFE_STAND,0.000000,-0.176550,0.178821,-0.589160,0.000000,0.000000,0.000000,1.000000,0.050000
1782441187.428326,-1,0.000412,inf,SAFE_STAND,0.000000,-0.176557,0.178829,-0.589186,0.000000,0.000000,0.000000,1.000000,0.050000
1782441187.448400,-1,0.000417,inf,SAFE_STAND,0.000000,-0.176564,0.178825,-0.589187,0.000000,0.000000,0.000000,1.000000,0.050000
1782441187.468441,-1,0.000390,inf,SAFE_STAND,0.000000,-0.176561,0.178791,-0.589176,0.000000,0.000000,0.000000,1.000000,0.050000
1782441187.489146,-1,0.000619,67464.308660,SAFE_STAND,0.000000,-0.176577,0.178745,-0.589188,0.000000,0.000000,0.000000,1.000000,0.050000
1782441187.509095,-1,0.000415,inf,SAFE_STAND,0.000000,-0.176585,0.178714,-0.589182,0.000000,0.000000,0.000000,1.000000,0.050000
1782441187.529164,-1,0.000410,inf,SAFE_STAND,0.000000,-0.176559,0.178699,-0.589171,0.000000,0.000000,0.000000,1.000000,0.050000
1782441187.549863,-1,0.000460,inf,SAFE_STAND,0.000000,-0.176557,0.178694,-0.589209,0.000000,0.000000,0.000000,1.000000,0.050000
1782441187.569900,-1,0.000447,inf,SAFE_STAND,0.000000,-0.176557,0.178669,-0.589199,0.000000,0.000000,0.000000,1.000000,0.050000
1782441187.589944,-1,0.000418,inf,SAFE_STAND,0.000000,-0.176553,0.178709,-0.589211,0.000000,0.000000,0.000000,1.000000,0.050000
1782441187.610533,-1,0.000720,inf,SAFE_STAND,0.000000,-0.176545,0.178681,-0.589188,0.000000,0.000000,0.000000,1.000000,0.050000
1782441187.630534,-1,0.000629,inf,SAFE_STAND,0.000000,-0.176577,0.178655,-0.589242,0.000000,0.000000,0.000000,1.000000,0.050000
1782441187.650482,-1,0.000407,inf,SAFE_STAND,0.000000,-0.176588,0.178644,-0.589283,0.000000,0.000000,0.000000,1.000000,0.050000
1782441187.670645,-1,0.000443,inf,SAFE_STAND,0.000000,-0.176606,0.178609,-0.589306,0.000000,0.000000,0.000000,1.000000,0.050000
1782441187.691082,-1,0.000809,inf,SAFE_STAND,0.000000,-0.176625,0.178591,-0.589321,0.000000,0.000000,0.000000,1.000000,0.050000
1782441187.710783,-1,0.000418,inf,SAFE_STAND,0.000000,-0.176626,0.178594,-0.589346,0.000000,0.000000,0.000000,1.000000,0.050000
1782441187.731230,-1,0.000419,inf,SAFE_STAND,0.000000,-0.176622,0.178601,-0.589351,0.000000,0.000000,0.000000,1.000000,0.050000
1782441187.751328,-1,0.000444,inf,SAFE_STAND,0.000000,-0.176629,0.178588,-0.589377,0.000000,0.000000,0.000000,1.000000,0.050000
1782441187.771358,-1,0.000403,inf,SAFE_STAND,0.000000,-0.176629,0.178617,-0.589375,0.000000,0.000000,0.000000,1.000000,0.050000
1782441187.791639,-1,0.000616,inf,SAFE_STAND,0.000000,-0.176624,0.178602,-0.589402,0.000000,0.000000,0.000000,1.000000,0.050000
1782441187.811928,-1,0.000842,inf,SAFE_STAND,0.000000,-0.176635,0.178555,-0.589428,0.000000,0.000000,0.000000,1.000000,0.050000
1782441187.831651,-1,0.000487,inf,SAFE_STAND,0.000000,-0.176642,0.178567,-0.589480,0.000000,0.000000,0.000000,1.000000,0.050000
1782441187.851825,-1,0.000447,inf,SAFE_STAND,0.000000,-0.176649,0.178547,-0.589459,0.000000,0.000000,0.000000,1.000000,0.050000
1782441187.871950,-1,0.000496,inf,SAFE_STAND,0.000000,-0.176647,0.178561,-0.589437,0.000000,0.000000,0.000000,1.000000,0.050000
1782441187.891929,-1,0.000405,inf,SAFE_STAND,0.000000,-0.176648,0.178601,-0.589480,0.000000,0.000000,0.000000,1.000000,0.050000
1782441187.912078,-1,0.000427,inf,SAFE_STAND,0.000000,-0.176644,0.178629,-0.589495,0.000000,0.000000,0.000000,1.000000,0.050000
1782441187.932840,-1,0.000842,inf,SAFE_STAND,0.000000,-0.176652,0.178633,-0.589526,0.000000,0.000000,0.000000,1.000000,0.050000
1782441187.952706,-1,0.000422,inf,SAFE_STAND,0.000000,-0.176655,0.178634,-0.589517,0.000000,0.000000,0.000000,1.000000,0.050000
1782441187.973213,-1,0.000807,inf,SAFE_STAND,0.000000,-0.176643,0.178579,-0.589518,0.000000,0.000000,0.000000,1.000000,0.050000
1782441187.993493,-1,0.000946,67464.813043,SAFE_STAND,0.000000,-0.176648,0.178587,-0.589549,0.000000,0.000000,0.000000,1.000000,0.050000
1782441188.013368,-1,0.000698,inf,SAFE_STAND,0.000000,-0.176620,0.178595,-0.589547,0.000000,0.000000,0.000000,1.000000,0.050000
1782441188.033332,-1,0.000448,inf,SAFE_STAND,0.000000,-0.176602,0.178619,-0.589548,0.000000,0.000000,0.000000,1.000000,0.050000
1782441188.053412,-1,0.000456,inf,SAFE_STAND,0.000000,-0.176626,0.178568,-0.589550,0.000000,0.000000,0.000000,1.000000,0.050000
1782441188.073418,-1,0.000388,inf,SAFE_STAND,0.000000,-0.176644,0.178590,-0.589568,0.000000,0.000000,0.000000,1.000000,0.050000
1782441188.093589,-1,0.000439,inf,SAFE_STAND,0.000000,-0.176647,0.178600,-0.589591,0.000000,0.000000,0.000000,1.000000,0.050000
1782441188.114050,-1,0.000478,inf,SAFE_STAND,0.000000,-0.176635,0.178596,-0.589584,0.000000,0.000000,0.000000,1.000000,0.050000
1782441188.134058,-1,0.000412,inf,SAFE_STAND,0.000000,-0.176652,0.178568,-0.589608,0.000000,0.000000,0.000000,1.000000,0.050000
1782441188.154152,-1,0.000433,inf,SAFE_STAND,0.000000,-0.176670,0.178573,-0.589612,0.000000,0.000000,0.000000,1.000000,0.050000
1782441188.174203,-1,0.000414,inf,SAFE_STAND,0.000000,-0.176706,0.178559,-0.589611,0.000000,0.000000,0.000000,1.000000,0.050000
1782441188.194519,-1,0.000658,inf,SAFE_STAND,0.000000,-0.176696,0.178584,-0.589649,0.000000,0.000000,0.000000,1.000000,0.050000
1782441188.214571,-1,0.000633,inf,SAFE_STAND,0.000000,-0.176698,0.178592,-0.589645,0.000000,0.000000,0.000000,1.000000,0.050000
1782441188.234694,-1,0.000661,inf,SAFE_STAND,0.000000,-0.176693,0.178589,-0.589664,0.000000,0.000000,0.000000,1.000000,0.050000
1782441188.254652,-1,0.000436,inf,SAFE_STAND,0.000000,-0.176682,0.178561,-0.589644,0.000000,0.000000,0.000000,1.000000,0.050000
1782441188.274689,-1,0.000404,inf,SAFE_STAND,0.000000,-0.176673,0.178564,-0.589669,0.000000,0.000000,0.000000,1.000000,0.050000
1782441188.294770,-1,0.000417,inf,SAFE_STAND,0.000000,-0.176670,0.178539,-0.589693,0.000000,0.000000,0.000000,1.000000,0.050000
1782441188.314837,-1,0.000415,inf,SAFE_STAND,0.000000,-0.176672,0.178560,-0.589723,0.000000,0.000000,0.000000,1.000000,0.050000
1782441188.335336,-1,0.000837,inf,SAFE_STAND,0.000000,-0.176657,0.178561,-0.589725,0.000000,0.000000,0.000000,1.000000,0.050000
1782441188.355627,-1,0.001024,inf,SAFE_STAND,0.000000,-0.176637,0.178607,-0.589700,0.000000,0.000000,0.000000,1.000000,0.050000
1782441188.375578,-1,0.000658,inf,SAFE_STAND,0.000000,-0.176596,0.178628,-0.589669,0.000000,0.000000,0.000000,1.000000,0.050000
1782441188.395665,-1,0.000664,inf,SAFE_STAND,0.000000,-0.176556,0.178623,-0.589672,0.000000,0.000000,0.000000,1.000000,0.050000
1782441188.416219,-1,0.000891,inf,SAFE_STAND,0.000000,-0.176520,0.178663,-0.589660,0.000000,0.000000,0.000000,1.000000,0.050000
1782441188.436292,-1,0.000875,inf,SAFE_STAND,0.000000,-0.176513,0.178677,-0.589645,0.000000,0.000000,0.000000,1.000000,0.050000
1782441188.456378,-1,0.000648,inf,SAFE_STAND,0.000000,-0.176507,0.178713,-0.589663,0.000000,0.000000,0.000000,1.000000,0.050000
1782441188.476464,-1,0.000653,inf,SAFE_STAND,0.000000,-0.176537,0.178702,-0.589692,0.000000,0.000000,0.000000,1.000000,0.050000
1782441188.496984,-1,0.001092,67465.316100,SAFE_STAND,0.000000,-0.176517,0.178709,-0.589663,0.000000,0.000000,0.000000,1.000000,0.050000
1782441188.516844,-1,0.000868,inf,SAFE_STAND,0.000000,-0.176523,0.178695,-0.589620,0.000000,0.000000,0.000000,1.000000,0.050000
1782441188.537035,-1,0.000977,inf,SAFE_STAND,0.000000,-0.176510,0.178739,-0.589643,0.000000,0.000000,0.000000,1.000000,0.050000
1782441188.557010,-1,0.000652,inf,SAFE_STAND,0.000000,-0.176496,0.178759,-0.589621,0.000000,0.000000,0.000000,1.000000,0.050000
1782441188.577329,-1,0.000645,inf,SAFE_STAND,0.000000,-0.176487,0.178772,-0.589638,0.000000,0.000000,0.000000,1.000000,0.050000
1782441188.597795,-1,0.000809,inf,SAFE_STAND,0.000000,-0.176486,0.178822,-0.589635,0.000000,0.000000,0.000000,1.000000,0.050000
1782441188.617764,-1,0.000520,inf,SAFE_STAND,0.000000,-0.176484,0.178840,-0.589618,0.000000,0.000000,0.000000,1.000000,0.050000
1782441188.637740,-1,0.000422,inf,SAFE_STAND,0.000000,-0.176488,0.178890,-0.589630,0.000000,0.000000,0.000000,1.000000,0.050000
1782441188.658258,-1,0.000646,inf,SAFE_STAND,0.000000,-0.176485,0.178897,-0.589653,0.000000,0.000000,0.000000,1.000000,0.050000
1782441188.678250,-1,0.000449,inf,SAFE_STAND,0.000000,-0.176439,0.178918,-0.589593,0.000000,0.000000,0.000000,1.000000,0.050000
1782441188.698280,-1,0.000409,inf,SAFE_STAND,0.000000,-0.176439,0.178940,-0.589608,0.000000,0.000000,0.000000,1.000000,0.050000
1782441188.718380,-1,0.000437,inf,SAFE_STAND,0.000000,-0.176413,0.178972,-0.589614,0.000000,0.000000,0.000000,1.000000,0.050000
1782441188.738437,-1,0.000423,inf,SAFE_STAND,0.000000,-0.176383,0.178936,-0.589619,0.000000,0.000000,0.000000,1.000000,0.050000
1782441188.758521,-1,0.000437,inf,SAFE_STAND,0.000000,-0.176405,0.178955,-0.589621,0.000000,0.000000,0.000000,1.000000,0.050000
1782441188.778875,-1,0.000439,inf,SAFE_STAND,0.000000,-0.176409,0.178982,-0.589649,0.000000,0.000000,0.000000,1.000000,0.050000
1782441188.798980,-1,0.000418,inf,SAFE_STAND,0.000000,-0.176419,0.178979,-0.589671,0.000000,0.000000,0.000000,1.000000,0.050000
1782441188.819023,-1,0.000390,inf,SAFE_STAND,0.000000,-0.176422,0.178974,-0.589661,0.000000,0.000000,0.000000,1.000000,0.050000
1782441188.839198,-1,0.000438,inf,SAFE_STAND,0.000000,-0.176413,0.178994,-0.589664,0.000000,0.000000,0.000000,1.000000,0.050000
1782441188.859245,-1,0.000413,inf,SAFE_STAND,0.000000,-0.176414,0.178960,-0.589659,0.000000,0.000000,0.000000,1.000000,0.050000
1782441188.879750,-1,0.000627,inf,SAFE_STAND,0.000000,-0.176389,0.178996,-0.589607,0.000000,0.000000,0.000000,1.000000,0.050000
1782441188.899698,-1,0.000492,inf,SAFE_STAND,0.000000,-0.176413,0.178977,-0.589591,0.000000,0.000000,0.000000,1.000000,0.050000
1782441188.919718,-1,0.000440,inf,SAFE_STAND,0.000000,-0.176403,0.178998,-0.589584,0.000000,0.000000,0.000000,1.000000,0.050000
1782441188.939763,-1,0.000414,inf,SAFE_STAND,0.000000,-0.176378,0.179014,-0.589540,0.000000,0.000000,0.000000,1.000000,0.050000
1782441188.959880,-1,0.000459,inf,SAFE_STAND,0.000000,-0.176383,0.179033,-0.589551,0.000000,0.000000,0.000000,1.000000,0.050000
1782441188.980126,-1,0.000632,inf,SAFE_STAND,0.000000,-0.176386,0.179051,-0.589565,0.000000,0.000000,0.000000,1.000000,0.050000
1782441189.000338,-1,0.000771,67465.819675,SAFE_STAND,0.000000,-0.176380,0.179082,-0.589559,0.000000,0.000000,0.000000,1.000000,0.050000
1782441189.020278,-1,0.000640,inf,SAFE_STAND,0.000000,-0.176373,0.179077,-0.589563,0.000000,0.000000,0.000000,1.000000,0.050000
1782441189.040397,-1,0.000460,inf,SAFE_STAND,0.000000,-0.176394,0.179077,-0.589566,0.000000,0.000000,0.000000,1.000000,0.050000
1782441189.060467,-1,0.000459,inf,SAFE_STAND,0.000000,-0.176367,0.179100,-0.589524,0.000000,0.000000,0.000000,1.000000,0.050000
1782441189.081197,-1,0.000761,inf,SAFE_STAND,0.000000,-0.176367,0.179093,-0.589514,0.000000,0.000000,0.000000,1.000000,0.050000
1782441189.101183,-1,0.000472,inf,SAFE_STAND,0.000000,-0.176364,0.179113,-0.589532,0.000000,0.000000,0.000000,1.000000,0.050000
1782441189.121185,-1,0.000402,inf,SAFE_STAND,0.000000,-0.176371,0.179149,-0.589530,0.000000,0.000000,0.000000,1.000000,0.050000
1782441189.141273,-1,0.000421,inf,SAFE_STAND,0.000000,-0.176364,0.179145,-0.589515,0.000000,0.000000,0.000000,1.000000,0.050000
1782441189.161785,-1,0.000637,inf,SAFE_STAND,0.000000,-0.176364,0.179137,-0.589504,0.000000,0.000000,0.000000,1.000000,0.050000
1782441189.182034,-1,0.000834,inf,SAFE_STAND,0.000000,-0.176321,0.179140,-0.589479,0.000000,0.000000,0.000000,1.000000,0.050000
1782441189.201878,-1,0.000436,inf,SAFE_STAND,0.000000,-0.176277,0.179126,-0.589433,0.000000,0.000000,0.000000,1.000000,0.050000
1782441189.221961,-1,0.000448,inf,SAFE_STAND,0.000000,-0.176248,0.179146,-0.589411,0.000000,0.000000,0.000000,1.000000,0.050000
1782441189.242429,-1,0.000627,inf,SAFE_STAND,0.000000,-0.176246,0.179177,-0.589397,0.000000,0.000000,0.000000,1.000000,0.050000
1782441189.262478,-1,0.000605,inf,SAFE_STAND,0.000000,-0.176231,0.179166,-0.589381,0.000000,0.000000,0.000000,1.000000,0.050000
1782441189.282528,-1,0.000502,inf,SAFE_STAND,0.000000,-0.176206,0.179246,-0.589364,0.000000,0.000000,0.000000,1.000000,0.050000
1782441189.302636,-1,0.000534,inf,SAFE_STAND,0.000000,-0.176199,0.179262,-0.589347,0.000000,0.000000,0.000000,1.000000,0.050000
1782441189.322680,-1,0.000499,inf,SAFE_STAND,0.000000,-0.176189,0.179243,-0.589346,0.000000,0.000000,0.000000,1.000000,0.050000
1782441189.342846,-1,0.000587,inf,SAFE_STAND,0.000000,-0.176217,0.179276,-0.589350,0.000000,0.000000,0.000000,1.000000,0.050000
1782441189.363223,-1,0.000654,inf,SAFE_STAND,0.000000,-0.176227,0.179248,-0.589378,0.000000,0.000000,0.000000,1.000000,0.050000
1782441189.383190,-1,0.000420,inf,SAFE_STAND,0.000000,-0.176227,0.179229,-0.589378,0.000000,0.000000,0.000000,1.000000,0.050000
1782441189.403259,-1,0.000420,inf,SAFE_STAND,0.000000,-0.176221,0.179221,-0.589370,0.000000,0.000000,0.000000,1.000000,0.050000
1782441189.423344,-1,0.000435,inf,SAFE_STAND,0.000000,-0.176220,0.179256,-0.589373,0.000000,0.000000,0.000000,1.000000,0.050000
1782441189.443379,-1,0.000402,inf,SAFE_STAND,0.000000,-0.176226,0.179239,-0.589374,0.000000,0.000000,0.000000,1.000000,0.050000
1782441189.463889,-1,0.000622,inf,SAFE_STAND,0.000000,-0.176231,0.179298,-0.589363,0.000000,0.000000,0.000000,1.000000,0.050000
1782441189.483930,-1,0.000437,inf,SAFE_STAND,0.000000,-0.176214,0.179323,-0.589331,0.000000,0.000000,0.000000,1.000000,0.050000
1782441189.504120,-1,0.000556,67466.323677,SAFE_STAND,0.000000,-0.176211,0.179340,-0.589327,0.000000,0.000000,0.000000,1.000000,0.050000
1782441189.524070,-1,0.000432,inf,SAFE_STAND,0.000000,-0.176196,0.179336,-0.589277,0.000000,0.000000,0.000000,1.000000,0.050000
1782441189.544174,-1,0.000462,inf,SAFE_STAND,0.000000,-0.176211,0.179342,-0.589317,0.000000,0.000000,0.000000,1.000000,0.050000
1782441189.564642,-1,0.000485,inf,SAFE_STAND,0.000000,-0.176207,0.179316,-0.589308,0.000000,0.000000,0.000000,1.000000,0.050000
1782441189.584624,-1,0.000392,inf,SAFE_STAND,0.000000,-0.176187,0.179350,-0.589284,0.000000,0.000000,0.000000,1.000000,0.050000
1782441189.604780,-1,0.000478,inf,SAFE_STAND,0.000000,-0.176182,0.179372,-0.589287,0.000000,0.000000,0.000000,1.000000,0.050000
1782441189.625362,-1,0.000870,inf,SAFE_STAND,0.000000,-0.176134,0.179365,-0.589224,0.000000,0.000000,0.000000,1.000000,0.050000
1782441189.645348,-1,0.000779,inf,SAFE_STAND,0.000000,-0.176138,0.179401,-0.589177,0.000000,0.000000,0.000000,1.000000,0.050000
1782441189.665452,-1,0.000809,inf,SAFE_STAND,0.000000,-0.176156,0.179405,-0.589183,0.000000,0.000000,0.000000,1.000000,0.050000
1782441189.685334,-1,0.000461,inf,SAFE_STAND,0.000000,-0.176155,0.179376,-0.589155,0.000000,0.000000,0.000000,1.000000,0.050000
1782441189.705404,-1,0.000457,inf,SAFE_STAND,0.000000,-0.176159,0.179356,-0.589120,0.000000,0.000000,0.000000,1.000000,0.050000
1782441189.725422,-1,0.000406,inf,SAFE_STAND,0.000000,-0.176131,0.179322,-0.589114,0.000000,0.000000,0.000000,1.000000,0.050000
1782441189.745592,-1,0.000505,inf,SAFE_STAND,0.000000,-0.176133,0.179363,-0.589096,0.000000,0.000000,0.000000,1.000000,0.050000
1782441189.765815,-1,0.000648,inf,SAFE_STAND,0.000000,-0.176119,0.179378,-0.589112,0.000000,0.000000,0.000000,1.000000,0.050000
1782441189.785897,-1,0.000494,inf,SAFE_STAND,0.000000,-0.176110,0.179354,-0.589108,0.000000,0.000000,0.000000,1.000000,0.050000
1782441189.806036,-1,0.000470,inf,SAFE_STAND,0.000000,-0.176127,0.179338,-0.589129,0.000000,0.000000,0.000000,1.000000,0.050000
1782441189.826094,-1,0.000454,inf,SAFE_STAND,0.000000,-0.176102,0.179333,-0.589094,0.000000,0.000000,0.000000,1.000000,0.050000
1782441189.846139,-1,0.000428,inf,SAFE_STAND,0.000000,-0.176074,0.179298,-0.589072,0.000000,0.000000,0.000000,1.000000,0.050000
1782441189.866633,-1,0.000412,inf,SAFE_STAND,0.000000,-0.176059,0.179313,-0.589106,0.000000,0.000000,0.000000,1.000000,0.050000
1782441189.886937,-1,0.000445,inf,SAFE_STAND,0.000000,-0.176047,0.179292,-0.589126,0.000000,0.000000,0.000000,1.000000,0.050000
1782441189.907687,-1,0.000460,inf,SAFE_STAND,0.000000,-0.176089,0.179272,-0.589163,0.000000,0.000000,0.000000,1.000000,0.050000
1782441189.927715,-1,0.000417,inf,SAFE_STAND,0.000000,-0.176103,0.179304,-0.589144,0.000000,0.000000,0.000000,1.000000,0.050000
1782441189.947777,-1,0.000410,inf,SAFE_STAND,0.000000,-0.176097,0.179282,-0.589145,0.000000,0.000000,0.000000,1.000000,0.050000
1782441189.968261,-1,0.000424,inf,SAFE_STAND,0.000000,-0.176122,0.179297,-0.589184,0.000000,0.000000,0.000000,1.000000,0.050000
1782441189.988316,-1,0.000410,inf,SAFE_STAND,0.000000,-0.176094,0.179339,-0.589196,0.000000,0.000000,0.000000,1.000000,0.050000
1782441190.008511,-1,0.000536,67466.828078,SAFE_STAND,0.000000,-0.176101,0.179384,-0.589194,0.000000,0.000000,0.000000,1.000000,0.050000
1782441190.028894,-1,0.000619,inf,SAFE_STAND,0.000000,-0.176084,0.179377,-0.589163,0.000000,0.000000,0.000000,1.000000,0.050000
1782441190.049014,-1,0.000666,inf,SAFE_STAND,0.000000,-0.176098,0.179385,-0.589162,0.000000,0.000000,0.000000,1.000000,0.050000
1782441190.069055,-1,0.000468,inf,SAFE_STAND,0.000000,-0.176087,0.179385,-0.589161,0.000000,0.000000,0.000000,1.000000,0.050000
1782441190.089099,-1,0.000439,inf,SAFE_STAND,0.000000,-0.176109,0.179394,-0.589194,0.000000,0.000000,0.000000,1.000000,0.050000
1782441190.109409,-1,0.000440,inf,SAFE_STAND,0.000000,-0.176073,0.179394,-0.589193,0.000000,0.000000,0.000000,1.000000,0.050000
1782441190.129917,-1,0.000457,inf,SAFE_STAND,0.000000,-0.176087,0.179413,-0.589133,0.000000,0.000000,0.000000,1.000000,0.050000
1782441190.150002,-1,0.000470,inf,SAFE_STAND,0.000000,-0.176105,0.179443,-0.589146,0.000000,0.000000,0.000000,1.000000,0.050000
1782441190.170027,-1,0.000423,inf,SAFE_STAND,0.000000,-0.176133,0.179391,-0.589101,0.000000,0.000000,0.000000,1.000000,0.050000
1782441190.190582,-1,0.000680,inf,SAFE_STAND,0.000000,-0.176108,0.179421,-0.589109,0.000000,0.000000,0.000000,1.000000,0.050000
1782441190.210604,-1,0.000472,inf,SAFE_STAND,0.000000,-0.176082,0.179380,-0.589069,0.000000,0.000000,0.000000,1.000000,0.050000
1782441190.230658,-1,0.000451,inf,SAFE_STAND,0.000000,-0.176070,0.179351,-0.589032,0.000000,0.000000,0.000000,1.000000,0.050000
1782441190.250690,-1,0.000406,inf,SAFE_STAND,0.000000,-0.176075,0.179393,-0.589028,0.000000,0.000000,0.000000,1.000000,0.050000
1782441190.270781,-1,0.000426,inf,SAFE_STAND,0.000000,-0.176062,0.179406,-0.588991,0.000000,0.000000,0.000000,1.000000,0.050000
1782441190.291138,-1,0.000468,inf,SAFE_STAND,0.000000,-0.176062,0.179394,-0.588979,0.000000,0.000000,0.000000,1.000000,0.050000
1782441190.311213,-1,0.000409,inf,SAFE_STAND,0.000000,-0.176058,0.179372,-0.589008,0.000000,0.000000,0.000000,1.000000,0.050000
1782441190.331329,-1,0.000455,inf,SAFE_STAND,0.000000,-0.176059,0.179340,-0.588968,0.000000,0.000000,0.000000,1.000000,0.050000
1782441190.351388,-1,0.000442,inf,SAFE_STAND,0.000000,-0.176055,0.179338,-0.588947,0.000000,0.000000,0.000000,1.000000,0.050000
1782441190.371794,-1,0.000776,inf,SAFE_STAND,0.000000,-0.176059,0.179379,-0.588917,0.000000,0.000000,0.000000,1.000000,0.050000
1782441190.391870,-1,0.000770,inf,SAFE_STAND,0.000000,-0.176064,0.179398,-0.588905,0.000000,0.000000,0.000000,1.000000,0.050000
1782441190.411979,-1,0.000806,inf,SAFE_STAND,0.000000,-0.176065,0.179396,-0.588939,0.000000,0.000000,0.000000,1.000000,0.050000
1782441190.431732,-1,0.000432,inf,SAFE_STAND,0.000000,-0.176019,0.179384,-0.588929,0.000000,0.000000,0.000000,1.000000,0.050000
1782441190.451896,-1,0.000444,inf,SAFE_STAND,0.000000,-0.176018,0.179409,-0.588941,0.000000,0.000000,0.000000,1.000000,0.050000
1782441190.471938,-1,0.000414,inf,SAFE_STAND,0.000000,-0.176007,0.179409,-0.588856,0.000000,0.000000,0.000000,1.000000,0.050000
1782441190.492055,-1,0.000460,inf,SAFE_STAND,0.000000,-0.176011,0.179343,-0.588829,0.000000,0.000000,0.000000,1.000000,0.050000
1782441190.512262,-1,0.000594,67467.331780,SAFE_STAND,0.000000,-0.176005,0.179337,-0.588839,0.000000,0.000000,0.000000,1.000000,0.050000
1782441190.532378,-1,0.000635,inf,SAFE_STAND,0.000000,-0.176032,0.179317,-0.588851,0.000000,0.000000,0.000000,1.000000,0.050000
1782441190.552545,-1,0.000727,inf,SAFE_STAND,0.000000,-0.176055,0.179298,-0.588905,0.000000,0.000000,0.000000,1.000000,0.050000
1782441190.572570,-1,0.000675,inf,SAFE_STAND,0.000000,-0.176053,0.179254,-0.588882,0.000000,0.000000,0.000000,1.000000,0.050000
1782441190.592467,-1,0.000451,inf,SAFE_STAND,0.000000,-0.176076,0.179280,-0.588877,0.000000,0.000000,0.000000,1.000000,0.050000
1782441190.612528,-1,0.000441,inf,SAFE_STAND,0.000000,-0.176095,0.179272,-0.588917,0.000000,0.000000,0.000000,1.000000,0.050000
1782441190.632634,-1,0.000475,inf,SAFE_STAND,0.000000,-0.176064,0.179314,-0.588893,0.000000,0.000000,0.000000,1.000000,0.050000
1782441190.652653,-1,0.000422,inf,SAFE_STAND,0.000000,-0.176094,0.179306,-0.588946,0.000000,0.000000,0.000000,1.000000,0.050000
1782441190.673089,-1,0.000432,inf,SAFE_STAND,0.000000,-0.176088,0.179304,-0.588909,0.000000,0.000000,0.000000,1.000000,0.050000
1782441190.693187,-1,0.000459,inf,SAFE_STAND,0.000000,-0.176072,0.179275,-0.588909,0.000000,0.000000,0.000000,1.000000,0.050000
1782441190.713236,-1,0.000435,inf,SAFE_STAND,0.000000,-0.176075,0.179298,-0.588855,0.000000,0.000000,0.000000,1.000000,0.050000
1782441190.733283,-1,0.000412,inf,SAFE_STAND,0.000000,-0.176099,0.179345,-0.588878,0.000000,0.000000,0.000000,1.000000,0.050000
1782441190.753436,-1,0.000493,inf,SAFE_STAND,0.000000,-0.176100,0.179341,-0.588908,0.000000,0.000000,0.000000,1.000000,0.050000
1782441190.773742,-1,0.000706,inf,SAFE_STAND,0.000000,-0.176087,0.179304,-0.588867,0.000000,0.000000,0.000000,1.000000,0.050000
1782441190.793686,-1,0.000411,inf,SAFE_STAND,0.000000,-0.176092,0.179299,-0.588885,0.000000,0.000000,0.000000,1.000000,0.050000
1782441190.813746,-1,0.000396,inf,SAFE_STAND,0.000000,-0.176119,0.179247,-0.588864,0.000000,0.000000,0.000000,1.000000,0.050000
1782441190.833912,-1,0.000447,inf,SAFE_STAND,0.000000,-0.176101,0.179285,-0.588876,0.000000,0.000000,0.000000,1.000000,0.050000
1782441190.854018,-1,0.000426,inf,SAFE_STAND,0.000000,-0.176116,0.179300,-0.588871,0.000000,0.000000,0.000000,1.000000,0.050000
1782441190.874650,-1,0.000430,inf,SAFE_STAND,0.000000,-0.176098,0.179253,-0.588826,0.000000,0.000000,0.000000,1.000000,0.050000
1782441190.894770,-1,0.000432,inf,SAFE_STAND,0.000000,-0.176099,0.179239,-0.588786,0.000000,0.000000,0.000000,1.000000,0.050000
1782441190.915489,-1,0.000770,inf,SAFE_STAND,0.000000,-0.176101,0.179201,-0.588789,0.000000,0.000000,0.000000,1.000000,0.050000
1782441190.935374,-1,0.000432,inf,SAFE_STAND,0.000000,-0.176117,0.179185,-0.588804,0.000000,0.000000,0.000000,1.000000,0.050000
1782441190.955506,-1,0.000435,inf,SAFE_STAND,0.000000,-0.176117,0.179181,-0.588817,0.000000,0.000000,0.000000,1.000000,0.050000
1782441190.975627,-1,0.000434,inf,SAFE_STAND,0.000000,-0.176111,0.179168,-0.588810,0.000000,0.000000,0.000000,1.000000,0.050000
1782441190.996220,-1,0.000429,inf,SAFE_STAND,0.000000,-0.176120,0.179150,-0.588823,0.000000,0.000000,0.000000,1.000000,0.050000
1782441191.016826,-1,0.000919,67467.836112,SAFE_STAND,0.000000,-0.176111,0.179138,-0.588823,0.000000,0.000000,0.000000,1.000000,0.050000
1782441191.036456,-1,0.000464,inf,SAFE_STAND,0.000000,-0.176106,0.179148,-0.588834,0.000000,0.000000,0.000000,1.000000,0.050000
1782441191.057061,-1,0.000433,inf,SAFE_STAND,0.000000,-0.176087,0.179151,-0.588811,0.000000,0.000000,0.000000,1.000000,0.050000
1782441191.077195,-1,0.000450,inf,SAFE_STAND,0.000000,-0.176072,0.179128,-0.588809,0.000000,0.000000,0.000000,1.000000,0.050000
1782441191.097793,-1,0.000430,inf,SAFE_STAND,0.000000,-0.176083,0.179136,-0.588825,0.000000,0.000000,0.000000,1.000000,0.050000
1782441191.117953,-1,0.000434,inf,SAFE_STAND,0.000000,-0.176080,0.179115,-0.588778,0.000000,0.000000,0.000000,1.000000,0.050000
1782441191.138868,-1,0.000891,inf,SAFE_STAND,0.000000,-0.176083,0.179076,-0.588768,0.000000,0.000000,0.000000,1.000000,0.050000
1782441191.158551,-1,0.000436,inf,SAFE_STAND,0.000000,-0.176084,0.179056,-0.588782,0.000000,0.000000,0.000000,1.000000,0.050000
1782441191.178581,-1,0.000394,inf,SAFE_STAND,0.000000,-0.176111,0.179008,-0.588802,0.000000,0.000000,0.000000,1.000000,0.050000
1782441191.198640,-1,0.000385,inf,SAFE_STAND,0.000000,-0.176108,0.179018,-0.588799,0.000000,0.000000,0.000000,1.000000,0.050000
1782441191.219369,-1,0.000771,inf,SAFE_STAND,0.000000,-0.176122,0.178980,-0.588795,0.000000,0.000000,0.000000,1.000000,0.050000
1782441191.239310,-1,0.000453,inf,SAFE_STAND,0.000000,-0.176131,0.178958,-0.588806,0.000000,0.000000,0.000000,1.000000,0.050000
1782441191.259339,-1,0.000411,inf,SAFE_STAND,0.000000,-0.176127,0.178975,-0.588819,0.000000,0.000000,0.000000,1.000000,0.050000
1782441191.279381,-1,0.000384,inf,SAFE_STAND,0.000000,-0.176123,0.178962,-0.588780,0.000000,0.000000,0.000000,1.000000,0.050000
1782441191.299624,-1,0.000556,inf,SAFE_STAND,0.000000,-0.176130,0.178925,-0.588756,0.000000,0.000000,0.000000,1.000000,0.050000
1782441191.320114,-1,0.000521,inf,SAFE_STAND,0.000000,-0.176097,0.178912,-0.588743,0.000000,0.000000,0.000000,1.000000,0.050000
1782441191.340113,-1,0.000439,inf,SAFE_STAND,0.000000,-0.176074,0.178920,-0.588704,0.000000,0.000000,0.000000,1.000000,0.050000
1782441191.360183,-1,0.000437,inf,SAFE_STAND,0.000000,-0.176076,0.178895,-0.588709,0.000000,0.000000,0.000000,1.000000,0.050000
1782441191.380226,-1,0.000400,inf,SAFE_STAND,0.000000,-0.176054,0.178885,-0.588712,0.000000,0.000000,0.000000,1.000000,0.050000
1782441191.400671,-1,0.000775,inf,SAFE_STAND,0.000000,-0.176037,0.178888,-0.588697,0.000000,0.000000,0.000000,1.000000,0.050000
1782441191.420742,-1,0.000755,inf,SAFE_STAND,0.000000,-0.176067,0.178838,-0.588713,0.000000,0.000000,0.000000,1.000000,0.050000
1782441191.440845,-1,0.000786,inf,SAFE_STAND,0.000000,-0.176075,0.178873,-0.588701,0.000000,0.000000,0.000000,1.000000,0.050000
1782441191.460541,-1,0.000398,inf,SAFE_STAND,0.000000,-0.176087,0.178877,-0.588717,0.000000,0.000000,0.000000,1.000000,0.050000
1782441191.480908,-1,0.000405,inf,SAFE_STAND,0.000000,-0.176083,0.178947,-0.588718,0.000000,0.000000,0.000000,1.000000,0.050000
1782441191.501298,-1,0.000728,inf,SAFE_STAND,0.000000,-0.176057,0.178920,-0.588747,0.000000,0.000000,0.000000,1.000000,0.050000
1782441191.521415,-1,0.000763,67468.340972,SAFE_STAND,0.000000,-0.176046,0.178909,-0.588739,0.000000,0.000000,0.000000,1.000000,0.050000
1782441191.541551,-1,0.000825,inf,SAFE_STAND,0.000000,-0.176075,0.178880,-0.588730,0.000000,0.000000,0.000000,1.000000,0.050000
1782441191.561378,-1,0.000409,inf,SAFE_STAND,0.000000,-0.176075,0.178916,-0.588765,0.000000,0.000000,0.000000,1.000000,0.050000
1782441191.581467,-1,0.000425,inf,SAFE_STAND,0.000000,-0.176089,0.178912,-0.588816,0.000000,0.000000,0.000000,1.000000,0.050000
1782441191.601542,-1,0.000427,inf,SAFE_STAND,0.000000,-0.176097,0.178970,-0.588822,0.000000,0.000000,0.000000,1.000000,0.050000
1782441191.622584,-1,0.001146,inf,SAFE_STAND,0.000000,-0.176111,0.178963,-0.588830,0.000000,0.000000,0.000000,1.000000,0.050000
1782441191.642570,-1,0.000791,inf,SAFE_STAND,0.000000,-0.176099,0.178997,-0.588827,0.000000,0.000000,0.000000,1.000000,0.050000
1782441191.663362,-1,0.001117,inf,SAFE_STAND,0.000000,-0.176109,0.178975,-0.588848,0.000000,0.000000,0.000000,1.000000,0.050000
1782441191.683314,-1,0.000797,inf,SAFE_STAND,0.000000,-0.176128,0.178934,-0.588868,0.000000,0.000000,0.000000,1.000000,0.050000
1782441191.704042,-1,0.001062,inf,SAFE_STAND,0.000000,-0.176110,0.178934,-0.588817,0.000000,0.000000,0.000000,1.000000,0.050000
1782441191.724178,-1,0.000796,inf,SAFE_STAND,0.000000,-0.176120,0.178924,-0.588813,0.000000,0.000000,0.000000,1.000000,0.050000
1782441191.744863,-1,0.001055,inf,SAFE_STAND,0.000000,-0.176132,0.178915,-0.588835,0.000000,0.000000,0.000000,1.000000,0.050000
1782441191.765054,-1,0.000787,inf,SAFE_STAND,0.000000,-0.176135,0.178886,-0.588832,0.000000,0.000000,0.000000,1.000000,0.050000
1782441191.785529,-1,0.001072,inf,SAFE_STAND,0.000000,-0.176150,0.178865,-0.588837,0.000000,0.000000,0.000000,1.000000,0.050000
1782441191.805639,-1,0.001011,inf,SAFE_STAND,0.000000,-0.176162,0.178868,-0.588853,0.000000,0.000000,0.000000,1.000000,0.050000
1782441191.825606,-1,0.000748,inf,SAFE_STAND,0.000000,-0.176188,0.178878,-0.588897,0.000000,0.000000,0.000000,1.000000,0.050000
1782441191.845701,-1,0.000535,inf,SAFE_STAND,0.000000,-0.176176,0.178914,-0.588903,0.000000,0.000000,0.000000,1.000000,0.050000
1782441191.865693,-1,0.000466,inf,SAFE_STAND,0.000000,-0.176181,0.178885,-0.588913,0.000000,0.000000,0.000000,1.000000,0.050000
1782441191.886201,-1,0.000666,inf,SAFE_STAND,0.000000,-0.176203,0.178901,-0.588933,0.000000,0.000000,0.000000,1.000000,0.050000
1782441191.906053,-1,0.000446,inf,SAFE_STAND,0.000000,-0.176227,0.178894,-0.588948,0.000000,0.000000,0.000000,1.000000,0.050000
1782441191.926139,-1,0.000461,inf,SAFE_STAND,0.000000,-0.176226,0.178857,-0.588945,0.000000,0.000000,0.000000,1.000000,0.050000
1782441191.946200,-1,0.000426,inf,SAFE_STAND,0.000000,-0.176228,0.178842,-0.588946,0.000000,0.000000,0.000000,1.000000,0.050000
1782441191.966277,-1,0.000431,inf,SAFE_STAND,0.000000,-0.176259,0.178860,-0.588942,0.000000,0.000000,0.000000,1.000000,0.050000
1782441191.986372,-1,0.000453,inf,SAFE_STAND,0.000000,-0.176268,0.178815,-0.588980,0.000000,0.000000,0.000000,1.000000,0.050000
1782441192.007007,-1,0.000655,inf,SAFE_STAND,0.000000,-0.176238,0.178812,-0.588953,0.000000,0.000000,0.000000,1.000000,0.050000
1782441192.027083,-1,0.000598,67468.846613,SAFE_STAND,0.000000,-0.176180,0.178826,-0.588888,0.000000,0.000000,0.000000,1.000000,0.050000
1782441192.047042,-1,0.000483,inf,SAFE_STAND,0.000000,-0.176177,0.178812,-0.588885,0.000000,0.000000,0.000000,1.000000,0.050000
1782441192.067077,-1,0.000444,inf,SAFE_STAND,0.000000,-0.176204,0.178783,-0.588897,0.000000,0.000000,0.000000,1.000000,0.050000
1782441192.087383,-1,0.000677,inf,SAFE_STAND,0.000000,-0.176179,0.178804,-0.588883,0.000000,0.000000,0.000000,1.000000,0.050000
1782441192.107557,-1,0.000778,inf,SAFE_STAND,0.000000,-0.176178,0.178843,-0.588916,0.000000,0.000000,0.000000,1.000000,0.050000
1782441192.127488,-1,0.000432,inf,SAFE_STAND,0.000000,-0.176164,0.178865,-0.588922,0.000000,0.000000,0.000000,1.000000,0.050000
1782441192.147603,-1,0.000474,inf,SAFE_STAND,0.000000,-0.176137,0.178855,-0.588916,0.000000,0.000000,0.000000,1.000000,0.050000
1782441192.167650,-1,0.000438,inf,SAFE_STAND,0.000000,-0.176141,0.178869,-0.588894,0.000000,0.000000,0.000000,1.000000,0.050000
1782441192.187755,-1,0.000469,inf,SAFE_STAND,0.000000,-0.176135,0.178883,-0.588859,0.000000,0.000000,0.000000,1.000000,0.050000
1782441192.208458,-1,0.000863,inf,SAFE_STAND,0.000000,-0.176138,0.178918,-0.588864,0.000000,0.000000,0.000000,1.000000,0.050000
1782441192.228380,-1,0.000471,inf,SAFE_STAND,0.000000,-0.176150,0.178902,-0.588883,0.000000,0.000000,0.000000,1.000000,0.050000
1782441192.248442,-1,0.000456,inf,SAFE_STAND,0.000000,-0.176169,0.178886,-0.588870,0.000000,0.000000,0.000000,1.000000,0.050000
1782441192.268746,-1,0.000681,inf,SAFE_STAND,0.000000,-0.176160,0.178909,-0.588886,0.000000,0.000000,0.000000,1.000000,0.050000
1782441192.288785,-1,0.000648,inf,SAFE_STAND,0.000000,-0.176168,0.178948,-0.588919,0.000000,0.000000,0.000000,1.000000,0.050000
1782441192.308887,-1,0.000674,inf,SAFE_STAND,0.000000,-0.176181,0.178945,-0.588914,0.000000,0.000000,0.000000,1.000000,0.050000
1782441192.328901,-1,0.000428,inf,SAFE_STAND,0.000000,-0.176179,0.178946,-0.588893,0.000000,0.000000,0.000000,1.000000,0.050000
1782441192.349009,-1,0.000463,inf,SAFE_STAND,0.000000,-0.176172,0.178886,-0.588914,0.000000,0.000000,0.000000,1.000000,0.050000
1782441192.369077,-1,0.000457,inf,SAFE_STAND,0.000000,-0.176139,0.178927,-0.588899,0.000000,0.000000,0.000000,1.000000,0.050000
1782441192.389139,-1,0.000442,inf,SAFE_STAND,0.000000,-0.176118,0.178934,-0.588931,0.000000,0.000000,0.000000,1.000000,0.050000
1782441192.409690,-1,0.000688,inf,SAFE_STAND,0.000000,-0.176136,0.178959,-0.588968,0.000000,0.000000,0.000000,1.000000,0.050000
1782441192.429582,-1,0.000453,inf,SAFE_STAND,0.000000,-0.176125,0.179018,-0.588979,0.000000,0.000000,0.000000,1.000000,0.050000
1782441192.449666,-1,0.000463,inf,SAFE_STAND,0.000000,-0.176117,0.179050,-0.589009,0.000000,0.000000,0.000000,1.000000,0.050000
1782441192.469733,-1,0.000457,inf,SAFE_STAND,0.000000,-0.176122,0.179067,-0.588977,0.000000,0.000000,0.000000,1.000000,0.050000
1782441192.489809,-1,0.000461,inf,SAFE_STAND,0.000000,-0.176112,0.179109,-0.588983,0.000000,0.000000,0.000000,1.000000,0.050000
1782441192.510188,-1,0.000433,inf,SAFE_STAND,0.000000,-0.176112,0.179123,-0.588987,0.000000,0.000000,0.000000,1.000000,0.050000
1782441192.530466,-1,0.000551,67469.350021,SAFE_STAND,0.000000,-0.176109,0.179178,-0.588990,0.000000,0.000000,0.000000,1.000000,0.050000
1782441192.550489,-1,0.000498,inf,SAFE_STAND,0.000000,-0.176099,0.179186,-0.588979,0.000000,0.000000,0.000000,1.000000,0.050000
1782441192.570532,-1,0.000466,inf,SAFE_STAND,0.000000,-0.176095,0.179123,-0.588932,0.000000,0.000000,0.000000,1.000000,0.050000
1782441192.590934,-1,0.000448,inf,SAFE_STAND,0.000000,-0.176090,0.179139,-0.588913,0.000000,0.000000,0.000000,1.000000,0.050000
1782441192.611093,-1,0.000472,inf,SAFE_STAND,0.000000,-0.176105,0.179167,-0.588926,0.000000,0.000000,0.000000,1.000000,0.050000
1782441192.631432,-1,0.000737,inf,SAFE_STAND,0.000000,-0.176127,0.179163,-0.588981,0.000000,0.000000,0.000000,1.000000,0.050000
1782441192.651266,-1,0.000483,inf,SAFE_STAND,0.000000,-0.176122,0.179160,-0.588969,0.000000,0.000000,0.000000,1.000000,0.050000
1782441192.671745,-1,0.000653,inf,SAFE_STAND,0.000000,-0.176103,0.179115,-0.588909,0.000000,0.000000,0.000000,1.000000,0.050000
1782441192.691684,-1,0.000480,inf,SAFE_STAND,0.000000,-0.176117,0.179128,-0.588846,0.000000,0.000000,0.000000,1.000000,0.050000
1782441192.711722,-1,0.000443,inf,SAFE_STAND,0.000000,-0.176146,0.179178,-0.588867,0.000000,0.000000,0.000000,1.000000,0.050000
1782441192.731805,-1,0.000453,inf,SAFE_STAND,0.000000,-0.176141,0.179195,-0.588857,0.000000,0.000000,0.000000,1.000000,0.050000
1782441192.751902,-1,0.000477,inf,SAFE_STAND,0.000000,-0.176146,0.179229,-0.588936,0.000000,0.000000,0.000000,1.000000,0.050000
1782441192.772429,-1,0.000674,inf,SAFE_STAND,0.000000,-0.176100,0.179232,-0.588908,0.000000,0.000000,0.000000,1.000000,0.050000
1782441192.792406,-1,0.000423,inf,SAFE_STAND,0.000000,-0.176091,0.179241,-0.588950,0.000000,0.000000,0.000000,1.000000,0.050000
1782441192.812511,-1,0.000458,inf,SAFE_STAND,0.000000,-0.176099,0.179230,-0.588967,0.000000,0.000000,0.000000,1.000000,0.050000
1782441192.832569,-1,0.000441,inf,SAFE_STAND,0.000000,-0.176111,0.179244,-0.588957,0.000000,0.000000,0.000000,1.000000,0.050000
1782441192.852645,-1,0.000444,inf,SAFE_STAND,0.000000,-0.176139,0.179258,-0.588993,0.000000,0.000000,0.000000,1.000000,0.050000
1782441192.873066,-1,0.000751,inf,SAFE_STAND,0.000000,-0.176110,0.179297,-0.588970,0.000000,0.000000,0.000000,1.000000,0.050000
1782441192.893089,-1,0.000446,inf,SAFE_STAND,0.000000,-0.176097,0.179305,-0.588943,0.000000,0.000000,0.000000,1.000000,0.050000
1782441192.913200,-1,0.000430,inf,SAFE_STAND,0.000000,-0.176075,0.179335,-0.588928,0.000000,0.000000,0.000000,1.000000,0.050000
1782441192.933313,-1,0.000422,inf,SAFE_STAND,0.000000,-0.176062,0.179377,-0.588933,0.000000,0.000000,0.000000,1.000000,0.050000
1782441192.953979,-1,0.000427,inf,SAFE_STAND,0.000000,-0.176068,0.179404,-0.588903,0.000000,0.000000,0.000000,1.000000,0.050000
1782441192.974066,-1,0.000420,inf,SAFE_STAND,0.000000,-0.176069,0.179382,-0.588902,0.000000,0.000000,0.000000,1.000000,0.050000
1782441192.994144,-1,0.000424,inf,SAFE_STAND,0.000000,-0.176085,0.179360,-0.588898,0.000000,0.000000,0.000000,1.000000,0.050000
1782441193.014751,-1,0.000428,inf,SAFE_STAND,0.000000,-0.176062,0.179381,-0.588856,0.000000,0.000000,0.000000,1.000000,0.050000
1782441193.035076,-1,0.000678,67469.854610,SAFE_STAND,0.000000,-0.176031,0.179388,-0.588872,0.000000,0.000000,0.000000,1.000000,0.050000
1782441193.055363,-1,0.000644,inf,SAFE_STAND,0.000000,-0.176028,0.179470,-0.588886,0.000000,0.000000,0.000000,1.000000,0.050000
1782441193.075419,-1,0.000627,inf,SAFE_STAND,0.000000,-0.176026,0.179482,-0.588917,0.000000,0.000000,0.000000,1.000000,0.050000
1782441193.095368,-1,0.000430,inf,SAFE_STAND,0.000000,-0.176067,0.179538,-0.588928,0.000000,0.000000,0.000000,1.000000,0.050000
1782441193.115397,-1,0.000390,inf,SAFE_STAND,0.000000,-0.176040,0.179544,-0.588922,0.000000,0.000000,0.000000,1.000000,0.050000
1782441193.135514,-1,0.000438,inf,SAFE_STAND,0.000000,-0.176006,0.179545,-0.588865,0.000000,0.000000,0.000000,1.000000,0.050000
1782441193.156067,-1,0.000697,inf,SAFE_STAND,0.000000,-0.176020,0.179544,-0.588906,0.000000,0.000000,0.000000,1.000000,0.050000
1782441193.176110,-1,0.000649,inf,SAFE_STAND,0.000000,-0.176051,0.179554,-0.588935,0.000000,0.000000,0.000000,1.000000,0.050000
1782441193.196017,-1,0.000460,inf,SAFE_STAND,0.000000,-0.176059,0.179514,-0.588966,0.000000,0.000000,0.000000,1.000000,0.050000
1782441193.216077,-1,0.000449,inf,SAFE_STAND,0.000000,-0.176047,0.179508,-0.588984,0.000000,0.000000,0.000000,1.000000,0.050000
1782441193.236143,-1,0.000442,inf,SAFE_STAND,0.000000,-0.176064,0.179506,-0.588996,0.000000,0.000000,0.000000,1.000000,0.050000
1782441193.256185,-1,0.000411,inf,SAFE_STAND,0.000000,-0.176068,0.179507,-0.589006,0.000000,0.000000,0.000000,1.000000,0.050000
1782441193.276322,-1,0.000477,inf,SAFE_STAND,0.000000,-0.176048,0.179474,-0.589005,0.000000,0.000000,0.000000,1.000000,0.050000
1782441193.296354,-1,0.000466,inf,SAFE_STAND,0.000000,-0.176065,0.179479,-0.589034,0.000000,0.000000,0.000000,1.000000,0.050000
1782441193.316777,-1,0.000505,inf,SAFE_STAND,0.000000,-0.176052,0.179473,-0.589040,0.000000,0.000000,0.000000,1.000000,0.050000
1782441193.336878,-1,0.000525,inf,SAFE_STAND,0.000000,-0.176063,0.179447,-0.589050,0.000000,0.000000,0.000000,1.000000,0.050000
1782441193.356863,-1,0.000433,inf,SAFE_STAND,0.000000,-0.176043,0.179488,-0.589085,0.000000,0.000000,0.000000,1.000000,0.050000
1782441193.376920,-1,0.000419,inf,SAFE_STAND,0.000000,-0.176037,0.179469,-0.589061,0.000000,0.000000,0.000000,1.000000,0.050000
1782441193.397002,-1,0.000431,inf,SAFE_STAND,0.000000,-0.176014,0.179488,-0.589063,0.000000,0.000000,0.000000,1.000000,0.050000
1782441193.417292,-1,0.000647,inf,SAFE_STAND,0.000000,-0.176002,0.179502,-0.589028,0.000000,0.000000,0.000000,1.000000,0.050000
1782441193.437410,-1,0.000687,inf,SAFE_STAND,0.000000,-0.175974,0.179533,-0.589011,0.000000,0.000000,0.000000,1.000000,0.050000
1782441193.457404,-1,0.000483,inf,SAFE_STAND,0.000000,-0.175973,0.179544,-0.589024,0.000000,0.000000,0.000000,1.000000,0.050000
1782441193.477460,-1,0.000467,inf,SAFE_STAND,0.000000,-0.175989,0.179534,-0.589047,0.000000,0.000000,0.000000,1.000000,0.050000
1782441193.497553,-1,0.000485,inf,SAFE_STAND,0.000000,-0.175981,0.179534,-0.589047,0.000000,0.000000,0.000000,1.000000,0.050000
1782441193.517591,-1,0.000447,inf,SAFE_STAND,0.000000,-0.175995,0.179491,-0.589048,0.000000,0.000000,0.000000,1.000000,0.050000
1782441193.538272,-1,0.000817,67470.357798,SAFE_STAND,0.000000,-0.175975,0.179446,-0.589009,0.000000,0.000000,0.000000,1.000000,0.050000
1782441193.558113,-1,0.000442,inf,SAFE_STAND,0.000000,-0.175967,0.179432,-0.589057,0.000000,0.000000,0.000000,1.000000,0.050000
1782441193.578203,-1,0.000461,inf,SAFE_STAND,0.000000,-0.175961,0.179429,-0.589078,0.000000,0.000000,0.000000,1.000000,0.050000
1782441193.598275,-1,0.000462,inf,SAFE_STAND,0.000000,-0.175962,0.179445,-0.589068,0.000000,0.000000,0.000000,1.000000,0.050000
1782441193.618770,-1,0.000671,inf,SAFE_STAND,0.000000,-0.175966,0.179463,-0.589036,0.000000,0.000000,0.000000,1.000000,0.050000
1782441193.638872,-1,0.000695,inf,SAFE_STAND,0.000000,-0.175978,0.179440,-0.589046,0.000000,0.000000,0.000000,1.000000,0.050000
1782441193.658784,-1,0.000481,inf,SAFE_STAND,0.000000,-0.175963,0.179443,-0.589053,0.000000,0.000000,0.000000,1.000000,0.050000
1782441193.678824,-1,0.000448,inf,SAFE_STAND,0.000000,-0.175955,0.179398,-0.589021,0.000000,0.000000,0.000000,1.000000,0.050000
1782441193.698877,-1,0.000426,inf,SAFE_STAND,0.000000,-0.175958,0.179442,-0.589039,0.000000,0.000000,0.000000,1.000000,0.050000
1782441193.719584,-1,0.000836,inf,SAFE_STAND,0.000000,-0.175971,0.179486,-0.589027,0.000000,0.000000,0.000000,1.000000,0.050000
1782441193.739473,-1,0.000453,inf,SAFE_STAND,0.000000,-0.175975,0.179508,-0.589046,0.000000,0.000000,0.000000,1.000000,0.050000
1782441193.759542,-1,0.000448,inf,SAFE_STAND,0.000000,-0.175969,0.179519,-0.588998,0.000000,0.000000,0.000000,1.000000,0.050000
1782441193.779607,-1,0.000443,inf,SAFE_STAND,0.000000,-0.175972,0.179525,-0.588966,0.000000,0.000000,0.000000,1.000000,0.050000
1782441193.799635,-1,0.000401,inf,SAFE_STAND,0.000000,-0.175977,0.179566,-0.588993,0.000000,0.000000,0.000000,1.000000,0.050000
1782441193.819932,-1,0.000630,inf,SAFE_STAND,0.000000,-0.176003,0.179580,-0.588985,0.000000,0.000000,0.000000,1.000000,0.050000
1782441193.840020,-1,0.000649,inf,SAFE_STAND,0.000000,-0.176013,0.179609,-0.589011,0.000000,0.000000,0.000000,1.000000,0.050000
1782441193.860166,-1,0.000722,inf,SAFE_STAND,0.000000,-0.176018,0.179618,-0.589027,0.000000,0.000000,0.000000,1.000000,0.050000
1782441193.880275,-1,0.000738,inf,SAFE_STAND,0.000000,-0.176033,0.179609,-0.589071,0.000000,0.000000,0.000000,1.000000,0.050000
1782441193.900174,-1,0.000473,inf,SAFE_STAND,0.000000,-0.176048,0.179590,-0.589083,0.000000,0.000000,0.000000,1.000000,0.050000
1782441193.920225,-1,0.000443,inf,SAFE_STAND,0.000000,-0.176087,0.179569,-0.589133,0.000000,0.000000,0.000000,1.000000,0.050000
1782441193.940278,-1,0.000427,inf,SAFE_STAND,0.000000,-0.176074,0.179559,-0.589084,0.000000,0.000000,0.000000,1.000000,0.050000
1782441193.960672,-1,0.000751,inf,SAFE_STAND,0.000000,-0.176083,0.179531,-0.589077,0.000000,0.000000,0.000000,1.000000,0.050000
1782441193.980947,-1,0.000938,inf,SAFE_STAND,0.000000,-0.176114,0.179594,-0.589058,0.000000,0.000000,0.000000,1.000000,0.050000
1782441194.000812,-1,0.000462,inf,SAFE_STAND,0.000000,-0.176076,0.179622,-0.589079,0.000000,0.000000,0.000000,1.000000,0.050000
1782441194.020845,-1,0.000424,inf,SAFE_STAND,0.000000,-0.176089,0.179605,-0.589076,0.000000,0.000000,0.000000,1.000000,0.050000
1782441194.041327,-1,0.000830,67470.860647,SAFE_STAND,0.000000,-0.176055,0.179615,-0.589074,0.000000,0.000000,0.000000,1.000000,0.050000
1782441194.061049,-1,0.000452,inf,SAFE_STAND,0.000000,-0.176054,0.179599,-0.589076,0.000000,0.000000,0.000000,1.000000,0.050000
1782441194.081495,-1,0.000455,inf,SAFE_STAND,0.000000,-0.176059,0.179604,-0.589104,0.000000,0.000000,0.000000,1.000000,0.050000
1782441194.101529,-1,0.000417,inf,SAFE_STAND,0.000000,-0.176034,0.179605,-0.589107,0.000000,0.000000,0.000000,1.000000,0.050000
1782441194.121592,-1,0.000453,inf,SAFE_STAND,0.000000,-0.176043,0.179624,-0.589139,0.000000,0.000000,0.000000,1.000000,0.050000
1782441194.142020,-1,0.000807,inf,SAFE_STAND,0.000000,-0.176054,0.179623,-0.589118,0.000000,0.000000,0.000000,1.000000,0.050000
1782441194.162101,-1,0.000816,inf,SAFE_STAND,0.000000,-0.176052,0.179633,-0.589068,0.000000,0.000000,0.000000,1.000000,0.050000
1782441194.182138,-1,0.000781,inf,SAFE_STAND,0.000000,-0.176033,0.179582,-0.588990,0.000000,0.000000,0.000000,1.000000,0.050000
1782441194.202040,-1,0.000613,inf,SAFE_STAND,0.000000,-0.176026,0.179600,-0.588995,0.000000,0.000000,0.000000,1.000000,0.050000
1782441194.221997,-1,0.000471,inf,SAFE_STAND,0.000000,-0.176039,0.179534,-0.588990,0.000000,0.000000,0.000000,1.000000,0.050000
1782441194.242180,-1,0.000577,inf,SAFE_STAND,0.000000,-0.176051,0.179513,-0.588974,0.000000,0.000000,0.000000,1.000000,0.050000
1782441194.262172,-1,0.000440,inf,SAFE_STAND,0.000000,-0.176047,0.179499,-0.588982,0.000000,0.000000,0.000000,1.000000,0.050000
1782441194.282260,-1,0.000452,inf,SAFE_STAND,0.000000,-0.176035,0.179493,-0.588972,0.000000,0.000000,0.000000,1.000000,0.050000
1782441194.302836,-1,0.000434,inf,SAFE_STAND,0.000000,-0.176014,0.179469,-0.588932,0.000000,0.000000,0.000000,1.000000,0.050000
1782441194.322976,-1,0.000457,inf,SAFE_STAND,0.000000,-0.176024,0.179451,-0.588903,0.000000,0.000000,0.000000,1.000000,0.050000
1782441194.343039,-1,0.000447,inf,SAFE_STAND,0.000000,-0.176020,0.179453,-0.588879,0.000000,0.000000,0.000000,1.000000,0.050000
1782441194.363858,-1,0.000466,inf,SAFE_STAND,0.000000,-0.176025,0.179445,-0.588858,0.000000,0.000000,0.000000,1.000000,0.050000
1782441194.383925,-1,0.000458,inf,SAFE_STAND,0.000000,-0.176019,0.179491,-0.588895,0.000000,0.000000,0.000000,1.000000,0.050000
1782441194.404392,-1,0.000478,inf,SAFE_STAND,0.000000,-0.176022,0.179448,-0.588894,0.000000,0.000000,0.000000,1.000000,0.050000
1782441194.424467,-1,0.000476,inf,SAFE_STAND,0.000000,-0.176005,0.179437,-0.588859,0.000000,0.000000,0.000000,1.000000,0.050000
1782441194.444548,-1,0.000476,inf,SAFE_STAND,0.000000,-0.175997,0.179414,-0.588847,0.000000,0.000000,0.000000,1.000000,0.050000
1782441194.464615,-1,0.000471,inf,SAFE_STAND,0.000000,-0.175986,0.179417,-0.588830,0.000000,0.000000,0.000000,1.000000,0.050000
1782441194.485003,-1,0.000784,inf,SAFE_STAND,0.000000,-0.176010,0.179418,-0.588856,0.000000,0.000000,0.000000,1.000000,0.050000
1782441194.504931,-1,0.000641,inf,SAFE_STAND,0.000000,-0.176032,0.179412,-0.588892,0.000000,0.000000,0.000000,1.000000,0.050000
1782441194.525028,-1,0.000643,inf,SAFE_STAND,0.000000,-0.176042,0.179420,-0.588935,0.000000,0.000000,0.000000,1.000000,0.050000
1782441194.545204,-1,0.000602,67471.364742,SAFE_STAND,0.000000,-0.176025,0.179431,-0.588934,0.000000,0.000000,0.000000,1.000000,0.050000
1782441194.565144,-1,0.000468,inf,SAFE_STAND,0.000000,-0.176031,0.179445,-0.588945,0.000000,0.000000,0.000000,1.000000,0.050000
1782441194.585198,-1,0.000449,inf,SAFE_STAND,0.000000,-0.176040,0.179431,-0.588950,0.000000,0.000000,0.000000,1.000000,0.050000
1782441194.605268,-1,0.000442,inf,SAFE_STAND,0.000000,-0.176053,0.179359,-0.588946,0.000000,0.000000,0.000000,1.000000,0.050000
1782441194.625994,-1,0.000863,inf,SAFE_STAND,0.000000,-0.176074,0.179337,-0.588967,0.000000,0.000000,0.000000,1.000000,0.050000
1782441194.645824,-1,0.000490,inf,SAFE_STAND,0.000000,-0.176038,0.179332,-0.588928,0.000000,0.000000,0.000000,1.000000,0.050000
1782441194.665882,-1,0.000473,inf,SAFE_STAND,0.000000,-0.176040,0.179325,-0.588913,0.000000,0.000000,0.000000,1.000000,0.050000
1782441194.686181,-1,0.000471,inf,SAFE_STAND,0.000000,-0.176023,0.179288,-0.588850,0.000000,0.000000,0.000000,1.000000,0.050000
1782441194.706698,-1,0.000459,inf,SAFE_STAND,0.000000,-0.176001,0.179287,-0.588858,0.000000,0.000000,0.000000,1.000000,0.050000
1782441194.726746,-1,0.000430,inf,SAFE_STAND,0.000000,-0.176019,0.179255,-0.588833,0.000000,0.000000,0.000000,1.000000,0.050000
1782441194.746849,-1,0.000461,inf,SAFE_STAND,0.000000,-0.176012,0.179240,-0.588827,0.000000,0.000000,0.000000,1.000000,0.050000
1782441194.767385,-1,0.000691,inf,SAFE_STAND,0.000000,-0.176020,0.179229,-0.588807,0.000000,0.000000,0.000000,1.000000,0.050000
1782441194.787269,-1,0.000453,inf,SAFE_STAND,0.000000,-0.176031,0.179187,-0.588821,0.000000,0.000000,0.000000,1.000000,0.050000
1782441194.807367,-1,0.000480,inf,SAFE_STAND,0.000000,-0.176037,0.179129,-0.588845,0.000000,0.000000,0.000000,1.000000,0.050000
1782441194.827410,-1,0.000451,inf,SAFE_STAND,0.000000,-0.176070,0.179067,-0.588819,0.000000,0.000000,0.000000,1.000000,0.050000
1782441194.847484,-1,0.000452,inf,SAFE_STAND,0.000000,-0.176060,0.179061,-0.588721,0.000000,0.000000,0.000000,1.000000,0.050000
1782441194.867931,-1,0.000617,inf,SAFE_STAND,0.000000,-0.176057,0.179020,-0.588698,0.000000,0.000000,0.000000,1.000000,0.050000
1782441194.888289,-1,0.000708,inf,SAFE_STAND,0.000000,-0.176063,0.178974,-0.588719,0.000000,0.000000,0.000000,1.000000,0.050000
1782441194.908354,-1,0.000473,inf,SAFE_STAND,0.000000,-0.176066,0.178965,-0.588731,0.000000,0.000000,0.000000,1.000000,0.050000
1782441194.928643,-1,0.000686,inf,SAFE_STAND,0.000000,-0.176058,0.178996,-0.588727,0.000000,0.000000,0.000000,1.000000,0.050000
1782441194.948729,-1,0.000695,inf,SAFE_STAND,0.000000,-0.176084,0.178986,-0.588752,0.000000,0.000000,0.000000,1.000000,0.050000
1782441194.968757,-1,0.000650,inf,SAFE_STAND,0.000000,-0.176064,0.178926,-0.588732,0.000000,0.000000,0.000000,1.000000,0.050000
1782441194.988613,-1,0.000428,inf,SAFE_STAND,0.000000,-0.176073,0.178913,-0.588703,0.000000,0.000000,0.000000,1.000000,0.050000
1782441195.008681,-1,0.000424,inf,SAFE_STAND,0.000000,-0.176066,0.178887,-0.588664,0.000000,0.000000,0.000000,1.000000,0.050000
1782441195.028770,-1,0.000439,inf,SAFE_STAND,0.000000,-0.176045,0.178910,-0.588665,0.000000,0.000000,0.000000,1.000000,0.050000
1782441195.049282,-1,0.000860,67471.868587,SAFE_STAND,0.000000,-0.176010,0.178852,-0.588576,0.000000,0.000000,0.000000,1.000000,0.050000
1782441195.069185,-1,0.000687,inf,SAFE_STAND,0.000000,-0.176033,0.178802,-0.588581,0.000000,0.000000,0.000000,1.000000,0.050000
1782441195.089203,-1,0.000632,inf,SAFE_STAND,0.000000,-0.176047,0.178774,-0.588574,0.000000,0.000000,0.000000,1.000000,0.050000
1782441195.109297,-1,0.000654,inf,SAFE_STAND,0.000000,-0.176045,0.178766,-0.588548,0.000000,0.000000,0.000000,1.000000,0.050000
1782441195.129221,-1,0.000426,inf,SAFE_STAND,0.000000,-0.176061,0.178773,-0.588602,0.000000,0.000000,0.000000,1.000000,0.050000
1782441195.149350,-1,0.000478,inf,SAFE_STAND,0.000000,-0.176039,0.178754,-0.588615,0.000000,0.000000,0.000000,1.000000,0.050000
1782441195.169402,-1,0.000454,inf,SAFE_STAND,0.000000,-0.176038,0.178737,-0.588625,0.000000,0.000000,0.000000,1.000000,0.050000
1782441195.189499,-1,0.000472,inf,SAFE_STAND,0.000000,-0.176036,0.178716,-0.588627,0.000000,0.000000,0.000000,1.000000,0.050000
1782441195.209559,-1,0.000455,inf,SAFE_STAND,0.000000,-0.176030,0.178703,-0.588610,0.000000,0.000000,0.000000,1.000000,0.050000
1782441195.230027,-1,0.000451,inf,SAFE_STAND,0.000000,-0.176031,0.178729,-0.588641,0.000000,0.000000,0.000000,1.000000,0.050000
1782441195.250102,-1,0.000450,inf,SAFE_STAND,0.000000,-0.176042,0.178702,-0.588686,0.000000,0.000000,0.000000,1.000000,0.050000
1782441195.270181,-1,0.000454,inf,SAFE_STAND,0.000000,-0.176068,0.178706,-0.588736,0.000000,0.000000,0.000000,1.000000,0.050000
1782441195.290236,-1,0.000430,inf,SAFE_STAND,0.000000,-0.176055,0.178644,-0.588740,0.000000,0.000000,0.000000,1.000000,0.050000
1782441195.310768,-1,0.000458,inf,SAFE_STAND,0.000000,-0.176052,0.178650,-0.588734,0.000000,0.000000,0.000000,1.000000,0.050000
1782441195.330873,-1,0.000487,inf,SAFE_STAND,0.000000,-0.176064,0.178576,-0.588684,0.000000,0.000000,0.000000,1.000000,0.050000
1782441195.351049,-1,0.000575,inf,SAFE_STAND,0.000000,-0.176071,0.178581,-0.588726,0.000000,0.000000,0.000000,1.000000,0.050000
1782441195.371357,-1,0.000493,inf,SAFE_STAND,0.000000,-0.176094,0.178532,-0.588726,0.000000,0.000000,0.000000,1.000000,0.050000
1782441195.391490,-1,0.000466,inf,SAFE_STAND,0.000000,-0.176090,0.178497,-0.588762,0.000000,0.000000,0.000000,1.000000,0.050000
1782441195.411545,-1,0.000445,inf,SAFE_STAND,0.000000,-0.176086,0.178491,-0.588774,0.000000,0.000000,0.000000,1.000000,0.050000
1782441195.431651,-1,0.000475,inf,SAFE_STAND,0.000000,-0.176068,0.178468,-0.588782,0.000000,0.000000,0.000000,1.000000,0.050000
1782441195.451706,-1,0.000454,inf,SAFE_STAND,0.000000,-0.176076,0.178383,-0.588783,0.000000,0.000000,0.000000,1.000000,0.050000
1782441195.472086,-1,0.000459,inf,SAFE_STAND,0.000000,-0.176104,0.178382,-0.588829,0.000000,0.000000,0.000000,1.000000,0.050000
1782441195.492258,-1,0.000437,inf,SAFE_STAND,0.000000,-0.176131,0.178354,-0.588855,0.000000,0.000000,0.000000,1.000000,0.050000
1782441195.512379,-1,0.000433,inf,SAFE_STAND,0.000000,-0.176104,0.178361,-0.588822,0.000000,0.000000,0.000000,1.000000,0.050000
1782441195.532799,-1,0.000727,inf,SAFE_STAND,0.000000,-0.176121,0.178364,-0.588846,0.000000,0.000000,0.000000,1.000000,0.050000
1782441195.553170,-1,0.000968,67472.372699,SAFE_STAND,0.000000,-0.176139,0.178370,-0.588867,0.000000,0.000000,0.000000,1.000000,0.050000
1782441195.572978,-1,0.000435,inf,SAFE_STAND,0.000000,-0.176151,0.178367,-0.588888,0.000000,0.000000,0.000000,1.000000,0.050000
1782441195.593136,-1,0.000467,inf,SAFE_STAND,0.000000,-0.176151,0.178334,-0.588908,0.000000,0.000000,0.000000,1.000000,0.050000
1782441195.613532,-1,0.000743,inf,SAFE_STAND,0.000000,-0.176150,0.178296,-0.588892,0.000000,0.000000,0.000000,1.000000,0.050000
1782441195.633363,-1,0.000444,inf,SAFE_STAND,0.000000,-0.176164,0.178268,-0.588842,0.000000,0.000000,0.000000,1.000000,0.050000
1782441195.653752,-1,0.000432,inf,SAFE_STAND,0.000000,-0.176171,0.178266,-0.588831,0.000000,0.000000,0.000000,1.000000,0.050000
1782441195.673880,-1,0.000481,inf,SAFE_STAND,0.000000,-0.176125,0.178254,-0.588762,0.000000,0.000000,0.000000,1.000000,0.050000
1782441195.694185,-1,0.000707,inf,SAFE_STAND,0.000000,-0.176116,0.178208,-0.588748,0.000000,0.000000,0.000000,1.000000,0.050000
1782441195.714342,-1,0.000783,inf,SAFE_STAND,0.000000,-0.176145,0.178199,-0.588760,0.000000,0.000000,0.000000,1.000000,0.050000
1782441195.734241,-1,0.000445,inf,SAFE_STAND,0.000000,-0.176118,0.178181,-0.588728,0.000000,0.000000,0.000000,1.000000,0.050000
1782441195.754339,-1,0.000464,inf,SAFE_STAND,0.000000,-0.176113,0.178188,-0.588753,0.000000,0.000000,0.000000,1.000000,0.050000
1782441195.774423,-1,0.000473,inf,SAFE_STAND,0.000000,-0.176109,0.178178,-0.588776,0.000000,0.000000,0.000000,1.000000,0.050000
1782441195.794459,-1,0.000433,inf,SAFE_STAND,0.000000,-0.176110,0.178180,-0.588781,0.000000,0.000000,0.000000,1.000000,0.050000
1782441195.814801,-1,0.000700,inf,SAFE_STAND,0.000000,-0.176069,0.178165,-0.588754,0.000000,0.000000,0.000000,1.000000,0.050000
1782441195.834827,-1,0.000649,inf,SAFE_STAND,0.000000,-0.176081,0.178157,-0.588760,0.000000,0.000000,0.000000,1.000000,0.050000
1782441195.854909,-1,0.000657,inf,SAFE_STAND,0.000000,-0.176068,0.178162,-0.588775,0.000000,0.000000,0.000000,1.000000,0.050000
1782441195.874823,-1,0.000477,inf,SAFE_STAND,0.000000,-0.176041,0.178190,-0.588778,0.000000,0.000000,0.000000,1.000000,0.050000
1782441195.894870,-1,0.000449,inf,SAFE_STAND,0.000000,-0.176030,0.178194,-0.588770,0.000000,0.000000,0.000000,1.000000,0.050000
1782441195.914947,-1,0.000450,inf,SAFE_STAND,0.000000,-0.176001,0.178163,-0.588742,0.000000,0.000000,0.000000,1.000000,0.050000
1782441195.935010,-1,0.000436,inf,SAFE_STAND,0.000000,-0.175981,0.178114,-0.588726,0.000000,0.000000,0.000000,1.000000,0.050000
1782441195.955130,-1,0.000439,inf,SAFE_STAND,0.000000,-0.175965,0.178095,-0.588739,0.000000,0.000000,0.000000,1.000000,0.050000
1782441195.975699,-1,0.000437,inf,SAFE_STAND,0.000000,-0.175979,0.178041,-0.588753,0.000000,0.000000,0.000000,1.000000,0.050000
1782441195.995815,-1,0.000428,inf,SAFE_STAND,0.000000,-0.175979,0.178055,-0.588824,0.000000,0.000000,0.000000,1.000000,0.050000
1782441196.015944,-1,0.000439,inf,SAFE_STAND,0.000000,-0.176010,0.178031,-0.588803,0.000000,0.000000,0.000000,1.000000,0.050000
1782441196.036479,-1,0.000833,inf,SAFE_STAND,0.000000,-0.176012,0.178023,-0.588774,0.000000,0.000000,0.000000,1.000000,0.050000
1782441196.056937,-1,0.000745,67472.876476,SAFE_STAND,0.000000,-0.175967,0.177987,-0.588738,0.000000,0.000000,0.000000,1.000000,0.050000
1782441196.077492,-1,0.000456,inf,SAFE_STAND,0.000000,-0.175987,0.177979,-0.588759,0.000000,0.000000,0.000000,1.000000,0.050000
1782441196.097596,-1,0.000438,inf,SAFE_STAND,0.000000,-0.175998,0.177961,-0.588755,0.000000,0.000000,0.000000,1.000000,0.050000
1782441196.118171,-1,0.000713,inf,SAFE_STAND,0.000000,-0.176007,0.177947,-0.588767,0.000000,0.000000,0.000000,1.000000,0.050000
1782441196.138027,-1,0.000436,inf,SAFE_STAND,0.000000,-0.176023,0.177926,-0.588751,0.000000,0.000000,0.000000,1.000000,0.050000
1782441196.158254,-1,0.000541,inf,SAFE_STAND,0.000000,-0.176012,0.177939,-0.588734,0.000000,0.000000,0.000000,1.000000,0.050000
1782441196.178276,-1,0.000440,inf,SAFE_STAND,0.000000,-0.175990,0.177951,-0.588742,0.000000,0.000000,0.000000,1.000000,0.050000
1782441196.198757,-1,0.000438,inf,SAFE_STAND,0.000000,-0.175998,0.177940,-0.588739,0.000000,0.000000,0.000000,1.000000,0.050000
1782441196.218862,-1,0.000422,inf,SAFE_STAND,0.000000,-0.175997,0.177947,-0.588769,0.000000,0.000000,0.000000,1.000000,0.050000
1782441196.239054,-1,0.000481,inf,SAFE_STAND,0.000000,-0.176006,0.177983,-0.588783,0.000000,0.000000,0.000000,1.000000,0.050000
1782441196.259163,-1,0.000457,inf,SAFE_STAND,0.000000,-0.176021,0.177987,-0.588843,0.000000,0.000000,0.000000,1.000000,0.050000
1782441196.279587,-1,0.000459,inf,SAFE_STAND,0.000000,-0.176015,0.177977,-0.588848,0.000000,0.000000,0.000000,1.000000,0.050000
1782441196.299698,-1,0.000437,inf,SAFE_STAND,0.000000,-0.176033,0.177979,-0.588859,0.000000,0.000000,0.000000,1.000000,0.050000
1782441196.319826,-1,0.000439,inf,SAFE_STAND,0.000000,-0.176034,0.177917,-0.588830,0.000000,0.000000,0.000000,1.000000,0.050000
1782441196.340195,-1,0.000687,inf,SAFE_STAND,0.000000,-0.176040,0.177931,-0.588859,0.000000,0.000000,0.000000,1.000000,0.050000
1782441196.360329,-1,0.000692,inf,SAFE_STAND,0.000000,-0.176031,0.177956,-0.588908,0.000000,0.000000,0.000000,1.000000,0.050000
1782441196.380477,-1,0.000619,inf,SAFE_STAND,0.000000,-0.176004,0.177916,-0.588859,0.000000,0.000000,0.000000,1.000000,0.050000
1782441196.400707,-1,0.000446,inf,SAFE_STAND,0.000000,-0.176019,0.177956,-0.588890,0.000000,0.000000,0.000000,1.000000,0.050000
1782441196.421226,-1,0.000483,inf,SAFE_STAND,0.000000,-0.176038,0.177997,-0.588911,0.000000,0.000000,0.000000,1.000000,0.050000
1782441196.441304,-1,0.000438,inf,SAFE_STAND,0.000000,-0.176049,0.177946,-0.588925,0.000000,0.000000,0.000000,1.000000,0.050000
1782441196.461952,-1,0.000680,inf,SAFE_STAND,0.000000,-0.176040,0.177981,-0.588933,0.000000,0.000000,0.000000,1.000000,0.050000
1782441196.482076,-1,0.000462,inf,SAFE_STAND,0.000000,-0.176009,0.177981,-0.588930,0.000000,0.000000,0.000000,1.000000,0.050000
1782441196.502660,-1,0.000691,inf,SAFE_STAND,0.000000,-0.176009,0.177959,-0.588917,0.000000,0.000000,0.000000,1.000000,0.050000
1782441196.522780,-1,0.000435,inf,SAFE_STAND,0.000000,-0.176017,0.177913,-0.588906,0.000000,0.000000,0.000000,1.000000,0.050000
1782441196.542927,-1,0.000468,inf,SAFE_STAND,0.000000,-0.176013,0.177903,-0.588902,0.000000,0.000000,0.000000,1.000000,0.050000
1782441196.563527,-1,0.000946,67473.382802,SAFE_STAND,0.000000,-0.176027,0.177897,-0.588906,0.000000,0.000000,0.000000,1.000000,0.050000
1782441196.583414,-1,0.000698,inf,SAFE_STAND,0.000000,-0.176039,0.177859,-0.588916,0.000000,0.000000,0.000000,1.000000,0.050000
1782441196.603611,-1,0.000744,inf,SAFE_STAND,0.000000,-0.176035,0.177858,-0.588950,0.000000,0.000000,0.000000,1.000000,0.050000
1782441196.623582,-1,0.000478,inf,SAFE_STAND,0.000000,-0.176048,0.177860,-0.588991,0.000000,0.000000,0.000000,1.000000,0.050000
1782441196.643659,-1,0.000432,inf,SAFE_STAND,0.000000,-0.176049,0.177873,-0.588994,0.000000,0.000000,0.000000,1.000000,0.050000
1782441196.663740,-1,0.000438,inf,SAFE_STAND,0.000000,-0.176057,0.177872,-0.589012,0.000000,0.000000,0.000000,1.000000,0.050000
1782441196.684144,-1,0.000709,inf,SAFE_STAND,0.000000,-0.176090,0.177879,-0.589024,0.000000,0.000000,0.000000,1.000000,0.050000
1782441196.704275,-1,0.000702,inf,SAFE_STAND,0.000000,-0.176072,0.177832,-0.589025,0.000000,0.000000,0.000000,1.000000,0.050000
1782441196.724333,-1,0.000444,inf,SAFE_STAND,0.000000,-0.176061,0.177834,-0.589035,0.000000,0.000000,0.000000,1.000000,0.050000
1782441196.744442,-1,0.000476,inf,SAFE_STAND,0.000000,-0.176068,0.177820,-0.589065,0.000000,0.000000,0.000000,1.000000,0.050000
1782441196.764888,-1,0.000844,inf,SAFE_STAND,0.000000,-0.176077,0.177882,-0.589107,0.000000,0.000000,0.000000,1.000000,0.050000
1782441196.784804,-1,0.000681,inf,SAFE_STAND,0.000000,-0.176083,0.177854,-0.589146,0.000000,0.000000,0.000000,1.000000,0.050000
1782441196.804803,-1,0.000474,inf,SAFE_STAND,0.000000,-0.176078,0.177860,-0.589178,0.000000,0.000000,0.000000,1.000000,0.050000
1782441196.824870,-1,0.000460,inf,SAFE_STAND,0.000000,-0.176075,0.177856,-0.589178,0.000000,0.000000,0.000000,1.000000,0.050000
1782441196.844935,-1,0.000449,inf,SAFE_STAND,0.000000,-0.176084,0.177875,-0.589164,0.000000,0.000000,0.000000,1.000000,0.050000
1782441196.865008,-1,0.000447,inf,SAFE_STAND,0.000000,-0.176090,0.177884,-0.589133,0.000000,0.000000,0.000000,1.000000,0.050000
1782441196.885591,-1,0.000452,inf,SAFE_STAND,0.000000,-0.176080,0.177890,-0.589133,0.000000,0.000000,0.000000,1.000000,0.050000
1782441196.905659,-1,0.000446,inf,SAFE_STAND,0.000000,-0.176085,0.177941,-0.589183,0.000000,0.000000,0.000000,1.000000,0.050000
1782441196.925713,-1,0.000424,inf,SAFE_STAND,0.000000,-0.176104,0.177949,-0.589191,0.000000,0.000000,0.000000,1.000000,0.050000
1782441196.945854,-1,0.000444,inf,SAFE_STAND,0.000000,-0.176116,0.177938,-0.589213,0.000000,0.000000,0.000000,1.000000,0.050000
1782441196.966498,-1,0.000435,inf,SAFE_STAND,0.000000,-0.176134,0.177876,-0.589240,0.000000,0.000000,0.000000,1.000000,0.050000
1782441196.986618,-1,0.000427,inf,SAFE_STAND,0.000000,-0.176127,0.177866,-0.589253,0.000000,0.000000,0.000000,1.000000,0.050000
1782441197.006990,-1,0.000678,inf,SAFE_STAND,0.000000,-0.176138,0.177902,-0.589297,0.000000,0.000000,0.000000,1.000000,0.050000
1782441197.027140,-1,0.000703,inf,SAFE_STAND,0.000000,-0.176158,0.177873,-0.589306,0.000000,0.000000,0.000000,1.000000,0.050000
1782441197.047265,-1,0.000435,inf,SAFE_STAND,0.000000,-0.176151,0.177831,-0.589294,0.000000,0.000000,0.000000,1.000000,0.050000
1782441197.067970,-1,0.001012,67473.887238,SAFE_STAND,0.000000,-0.176170,0.177772,-0.589298,0.000000,0.000000,0.000000,1.000000,0.050000
1782441197.087781,-1,0.000699,inf,SAFE_STAND,0.000000,-0.176180,0.177729,-0.589275,0.000000,0.000000,0.000000,1.000000,0.050000
1782441197.107895,-1,0.000679,inf,SAFE_STAND,0.000000,-0.176169,0.177742,-0.589278,0.000000,0.000000,0.000000,1.000000,0.050000
1782441197.127997,-1,0.000459,inf,SAFE_STAND,0.000000,-0.176164,0.177781,-0.589321,0.000000,0.000000,0.000000,1.000000,0.050000
1782441197.148224,-1,0.000604,inf,SAFE_STAND,0.000000,-0.176152,0.177734,-0.589308,0.000000,0.000000,0.000000,1.000000,0.050000
1782441197.168757,-1,0.000729,inf,SAFE_STAND,0.000000,-0.176168,0.177688,-0.589290,0.000000,0.000000,0.000000,1.000000,0.050000
1782441197.188723,-1,0.000433,inf,SAFE_STAND,0.000000,-0.176167,0.177724,-0.589289,0.000000,0.000000,0.000000,1.000000,0.050000
1782441197.208860,-1,0.000437,inf,SAFE_STAND,0.000000,-0.176173,0.177704,-0.589281,0.000000,0.000000,0.000000,1.000000,0.050000
1782441197.228986,-1,0.000435,inf,SAFE_STAND,0.000000,-0.176182,0.177698,-0.589312,0.000000,0.000000,0.000000,1.000000,0.050000
1782441197.249495,-1,0.000443,inf,SAFE_STAND,0.000000,-0.176154,0.177724,-0.589302,0.000000,0.000000,0.000000,1.000000,0.050000
1782441197.269618,-1,0.000445,inf,SAFE_STAND,0.000000,-0.176201,0.177739,-0.589382,0.000000,0.000000,0.000000,1.000000,0.050000
1782441197.290031,-1,0.000739,inf,SAFE_STAND,0.000000,-0.176197,0.177739,-0.589354,0.000000,0.000000,0.000000,1.000000,0.050000
1782441197.310118,-1,0.000706,inf,SAFE_STAND,0.000000,-0.176195,0.177735,-0.589367,0.000000,0.000000,0.000000,1.000000,0.050000
1782441197.330344,-1,0.000576,inf,SAFE_STAND,0.000000,-0.176176,0.177709,-0.589392,0.000000,0.000000,0.000000,1.000000,0.050000
1782441197.350390,-1,0.000494,inf,SAFE_STAND,0.000000,-0.176170,0.177713,-0.589373,0.000000,0.000000,0.000000,1.000000,0.050000
1782441197.370517,-1,0.000538,inf,SAFE_STAND,0.000000,-0.176157,0.177718,-0.589378,0.000000,0.000000,0.000000,1.000000,0.050000
1782441197.391009,-1,0.000690,inf,SAFE_STAND,0.000000,-0.176159,0.177732,-0.589395,0.000000,0.000000,0.000000,1.000000,0.050000
1782441197.410924,-1,0.000462,inf,SAFE_STAND,0.000000,-0.176183,0.177743,-0.589416,0.000000,0.000000,0.000000,1.000000,0.050000
1782441197.431032,-1,0.000491,inf,SAFE_STAND,0.000000,-0.176187,0.177728,-0.589429,0.000000,0.000000,0.000000,1.000000,0.050000
1782441197.451085,-1,0.000467,inf,SAFE_STAND,0.000000,-0.176190,0.177747,-0.589421,0.000000,0.000000,0.000000,1.000000,0.050000
1782441197.471138,-1,0.000444,inf,SAFE_STAND,0.000000,-0.176196,0.177734,-0.589439,0.000000,0.000000,0.000000,1.000000,0.050000
1782441197.491449,-1,0.000680,inf,SAFE_STAND,0.000000,-0.176171,0.177740,-0.589399,0.000000,0.000000,0.000000,1.000000,0.050000
1782441197.511518,-1,0.000674,inf,SAFE_STAND,0.000000,-0.176200,0.177735,-0.589428,0.000000,0.000000,0.000000,1.000000,0.050000
1782441197.531683,-1,0.000762,inf,SAFE_STAND,0.000000,-0.176192,0.177764,-0.589406,0.000000,0.000000,0.000000,1.000000,0.050000
1782441197.551650,-1,0.000502,inf,SAFE_STAND,0.000000,-0.176197,0.177800,-0.589442,0.000000,0.000000,0.000000,1.000000,0.050000
1782441197.571844,-1,0.000617,67474.391371,SAFE_STAND,0.000000,-0.176194,0.177824,-0.589482,0.000000,0.000000,0.000000,1.000000,0.050000
1782441197.592201,-1,0.000653,inf,SAFE_STAND,0.000000,-0.176173,0.177882,-0.589501,0.000000,0.000000,0.000000,1.000000,0.050000
1782441197.612266,-1,0.000455,inf,SAFE_STAND,0.000000,-0.176207,0.177883,-0.589506,0.000000,0.000000,0.000000,1.000000,0.050000
1782441197.632518,-1,0.000514,inf,SAFE_STAND,0.000000,-0.176226,0.177906,-0.589534,0.000000,0.000000,0.000000,1.000000,0.050000
1782441197.652564,-1,0.000439,inf,SAFE_STAND,0.000000,-0.176243,0.177923,-0.589539,0.000000,0.000000,0.000000,1.000000,0.050000
1782441197.673151,-1,0.000947,inf,SAFE_STAND,0.000000,-0.176242,0.177932,-0.589563,0.000000,0.000000,0.000000,1.000000,0.050000
1782441197.693170,-1,0.000884,inf,SAFE_STAND,0.000000,-0.176237,0.177946,-0.589553,0.000000,0.000000,0.000000,1.000000,0.050000
1782441197.713032,-1,0.000447,inf,SAFE_STAND,0.000000,-0.176228,0.177963,-0.589546,0.000000,0.000000,0.000000,1.000000,0.050000
1782441197.733155,-1,0.000436,inf,SAFE_STAND,0.000000,-0.176216,0.177962,-0.589534,0.000000,0.000000,0.000000,1.000000,0.050000
1782441197.753299,-1,0.000448,inf,SAFE_STAND,0.000000,-0.176199,0.177963,-0.589529,0.000000,0.000000,0.000000,1.000000,0.050000
1782441197.774013,-1,0.000767,inf,SAFE_STAND,0.000000,-0.176224,0.178008,-0.589519,0.000000,0.000000,0.000000,1.000000,0.050000
1782441197.793814,-1,0.000433,inf,SAFE_STAND,0.000000,-0.176228,0.178032,-0.589494,0.000000,0.000000,0.000000,1.000000,0.050000
1782441197.814091,-1,0.000576,inf,SAFE_STAND,0.000000,-0.176231,0.178025,-0.589485,0.000000,0.000000,0.000000,1.000000,0.050000
1782441197.834520,-1,0.000445,inf,SAFE_STAND,0.000000,-0.176249,0.177992,-0.589454,0.000000,0.000000,0.000000,1.000000,0.050000
1782441197.854721,-1,0.000436,inf,SAFE_STAND,0.000000,-0.176226,0.177978,-0.589453,0.000000,0.000000,0.000000,1.000000,0.050000
1782441197.874844,-1,0.000432,inf,SAFE_STAND,0.000000,-0.176218,0.177986,-0.589488,0.000000,0.000000,0.000000,1.000000,0.050000
1782441197.895215,-1,0.000726,inf,SAFE_STAND,0.000000,-0.176231,0.177978,-0.589484,0.000000,0.000000,0.000000,1.000000,0.050000
1782441197.915237,-1,0.000672,inf,SAFE_STAND,0.000000,-0.176226,0.178054,-0.589499,0.000000,0.000000,0.000000,1.000000,0.050000
1782441197.935294,-1,0.000653,inf,SAFE_STAND,0.000000,-0.176255,0.178036,-0.589485,0.000000,0.000000,0.000000,1.000000,0.050000
1782441197.955334,-1,0.000488,inf,SAFE_STAND,0.000000,-0.176255,0.178065,-0.589477,0.000000,0.000000,0.000000,1.000000,0.050000
1782441197.975392,-1,0.000465,inf,SAFE_STAND,0.000000,-0.176256,0.178085,-0.589483,0.000000,0.000000,0.000000,1.000000,0.050000
1782441197.995413,-1,0.000415,inf,SAFE_STAND,0.000000,-0.176260,0.178106,-0.589493,0.000000,0.000000,0.000000,1.000000,0.050000
1782441198.015792,-1,0.000723,inf,SAFE_STAND,0.000000,-0.176260,0.178114,-0.589502,0.000000,0.000000,0.000000,1.000000,0.050000
1782441198.035814,-1,0.000664,inf,SAFE_STAND,0.000000,-0.176255,0.178197,-0.589495,0.000000,0.000000,0.000000,1.000000,0.050000
1782441198.056011,-1,0.000786,inf,SAFE_STAND,0.000000,-0.176275,0.178227,-0.589489,0.000000,0.000000,0.000000,1.000000,0.050000
1782441198.076084,-1,0.000660,67474.895597,SAFE_STAND,0.000000,-0.176263,0.178258,-0.589511,0.000000,0.000000,0.000000,1.000000,0.050000
1782441198.095906,-1,0.000405,inf,SAFE_STAND,0.000000,-0.176291,0.178234,-0.589521,0.000000,0.000000,0.000000,1.000000,0.050000
1782441198.116001,-1,0.000427,inf,SAFE_STAND,0.000000,-0.176291,0.178212,-0.589528,0.000000,0.000000,0.000000,1.000000,0.050000
1782441198.136102,-1,0.000455,inf,SAFE_STAND,0.000000,-0.176312,0.178208,-0.589524,0.000000,0.000000,0.000000,1.000000,0.050000
1782441198.156613,-1,0.000665,inf,SAFE_STAND,0.000000,-0.176305,0.178195,-0.589534,0.000000,0.000000,0.000000,1.000000,0.050000
1782441198.176521,-1,0.000473,inf,SAFE_STAND,0.000000,-0.176290,0.178168,-0.589471,0.000000,0.000000,0.000000,1.000000,0.050000
1782441198.196706,-1,0.000582,inf,SAFE_STAND,0.000000,-0.176274,0.178176,-0.589414,0.000000,0.000000,0.000000,1.000000,0.050000
1782441198.216674,-1,0.000461,inf,SAFE_STAND,0.000000,-0.176289,0.178206,-0.589452,0.000000,0.000000,0.000000,1.000000,0.050000
1782441198.236770,-1,0.000481,inf,SAFE_STAND,0.000000,-0.176282,0.178206,-0.589465,0.000000,0.000000,0.000000,1.000000,0.050000
1782441198.257104,-1,0.000685,inf,SAFE_STAND,0.000000,-0.176260,0.178240,-0.589455,0.000000,0.000000,0.000000,1.000000,0.050000
1782441198.277243,-1,0.000697,inf,SAFE_STAND,0.000000,-0.176258,0.178282,-0.589436,0.000000,0.000000,0.000000,1.000000,0.050000
1782441198.297443,-1,0.000599,inf,SAFE_STAND,0.000000,-0.176257,0.178280,-0.589418,0.000000,0.000000,0.000000,1.000000,0.050000
1782441198.317397,-1,0.000426,inf,SAFE_STAND,0.000000,-0.176237,0.178335,-0.589428,0.000000,0.000000,0.000000,1.000000,0.050000
1782441198.337544,-1,0.000447,inf,SAFE_STAND,0.000000,-0.176220,0.178342,-0.589414,0.000000,0.000000,0.000000,1.000000,0.050000
1782441198.358171,-1,0.000704,inf,SAFE_STAND,0.000000,-0.176220,0.178322,-0.589386,0.000000,0.000000,0.000000,1.000000,0.050000
1782441198.377985,-1,0.000435,inf,SAFE_STAND,0.000000,-0.176243,0.178327,-0.589408,0.000000,0.000000,0.000000,1.000000,0.050000
1782441198.398134,-1,0.000434,inf,SAFE_STAND,0.000000,-0.176255,0.178379,-0.589432,0.000000,0.000000,0.000000,1.000000,0.050000
1782441198.418263,-1,0.000443,inf,SAFE_STAND,0.000000,-0.176228,0.178408,-0.589441,0.000000,0.000000,0.000000,1.000000,0.050000
1782441198.438875,-1,0.000447,inf,SAFE_STAND,0.000000,-0.176229,0.178418,-0.589440,0.000000,0.000000,0.000000,1.000000,0.050000
1782441198.458983,-1,0.000430,inf,SAFE_STAND,0.000000,-0.176206,0.178448,-0.589420,0.000000,0.000000,0.000000,1.000000,0.050000
1782441198.479657,-1,0.001024,inf,SAFE_STAND,0.000000,-0.176245,0.178477,-0.589406,0.000000,0.000000,0.000000,1.000000,0.050000
1782441198.499557,-1,0.000791,inf,SAFE_STAND,0.000000,-0.176245,0.178471,-0.589433,0.000000,0.000000,0.000000,1.000000,0.050000
1782441198.519577,-1,0.000721,inf,SAFE_STAND,0.000000,-0.176267,0.178529,-0.589481,0.000000,0.000000,0.000000,1.000000,0.050000
1782441198.539650,-1,0.000460,inf,SAFE_STAND,0.000000,-0.176252,0.178528,-0.589476,0.000000,0.000000,0.000000,1.000000,0.050000
1782441198.559781,-1,0.000435,inf,SAFE_STAND,0.000000,-0.176219,0.178579,-0.589483,0.000000,0.000000,0.000000,1.000000,0.050000
1782441198.580596,-1,0.000670,67475.400133,SAFE_STAND,0.000000,-0.176206,0.178532,-0.589450,0.000000,0.000000,0.000000,1.000000,0.050000
1782441198.600495,-1,0.000433,inf,SAFE_STAND,0.000000,-0.176203,0.178543,-0.589454,0.000000,0.000000,0.000000,1.000000,0.050000
1782441198.621296,-1,0.000840,inf,SAFE_STAND,0.000000,-0.176163,0.178562,-0.589427,0.000000,0.000000,0.000000,1.000000,0.050000
1782441198.641375,-1,0.000455,inf,SAFE_STAND,0.000000,-0.176182,0.178612,-0.589457,0.000000,0.000000,0.000000,1.000000,0.050000
1782441198.661483,-1,0.000437,inf,SAFE_STAND,0.000000,-0.176166,0.178656,-0.589420,0.000000,0.000000,0.000000,1.000000,0.050000
1782441198.682017,-1,0.000459,inf,SAFE_STAND,0.000000,-0.176151,0.178690,-0.589370,0.000000,0.000000,0.000000,1.000000,0.050000
1782441198.702117,-1,0.000427,inf,SAFE_STAND,0.000000,-0.176126,0.178728,-0.589313,0.000000,0.000000,0.000000,1.000000,0.050000
1782441198.722487,-1,0.000675,inf,SAFE_STAND,0.000000,-0.176120,0.178782,-0.589355,0.000000,0.000000,0.000000,1.000000,0.050000
1782441198.742769,-1,0.000835,inf,SAFE_STAND,0.000000,-0.176118,0.178814,-0.589370,0.000000,0.000000,0.000000,1.000000,0.050000
1782441198.762842,-1,0.000428,inf,SAFE_STAND,0.000000,-0.176119,0.178799,-0.589372,0.000000,0.000000,0.000000,1.000000,0.050000
1782441198.782993,-1,0.000443,inf,SAFE_STAND,0.000000,-0.176142,0.178771,-0.589401,0.000000,0.000000,0.000000,1.000000,0.050000
1782441198.803105,-1,0.000430,inf,SAFE_STAND,0.000000,-0.176144,0.178798,-0.589435,0.000000,0.000000,0.000000,1.000000,0.050000
1782441198.823598,-1,0.000442,inf,SAFE_STAND,0.000000,-0.176121,0.178748,-0.589390,0.000000,0.000000,0.000000,1.000000,0.050000
1782441198.843706,-1,0.000432,inf,SAFE_STAND,0.000000,-0.176098,0.178752,-0.589348,0.000000,0.000000,0.000000,1.000000,0.050000
1782441198.863832,-1,0.000441,inf,SAFE_STAND,0.000000,-0.176091,0.178770,-0.589351,0.000000,0.000000,0.000000,1.000000,0.050000
1782441198.884332,-1,0.000443,inf,SAFE_STAND,0.000000,-0.176083,0.178819,-0.589328,0.000000,0.000000,0.000000,1.000000,0.050000
1782441198.904467,-1,0.000437,inf,SAFE_STAND,0.000000,-0.176069,0.178821,-0.589328,0.000000,0.000000,0.000000,1.000000,0.050000
1782441198.924577,-1,0.000428,inf,SAFE_STAND,0.000000,-0.176073,0.178863,-0.589309,0.000000,0.000000,0.000000,1.000000,0.050000
1782441198.945091,-1,0.000442,inf,SAFE_STAND,0.000000,-0.176075,0.178882,-0.589280,0.000000,0.000000,0.000000,1.000000,0.050000
1782441198.965207,-1,0.000439,inf,SAFE_STAND,0.000000,-0.176069,0.178890,-0.589277,0.000000,0.000000,0.000000,1.000000,0.050000
1782441198.985323,-1,0.000426,inf,SAFE_STAND,0.000000,-0.176084,0.178883,-0.589288,0.000000,0.000000,0.000000,1.000000,0.050000
1782441199.006071,-1,0.000444,inf,SAFE_STAND,0.000000,-0.176105,0.178876,-0.589313,0.000000,0.000000,0.000000,1.000000,0.050000
1782441199.026194,-1,0.000437,inf,SAFE_STAND,0.000000,-0.176118,0.178890,-0.589360,0.000000,0.000000,0.000000,1.000000,0.050000
1782441199.046725,-1,0.000834,inf,SAFE_STAND,0.000000,-0.176121,0.178900,-0.589395,0.000000,0.000000,0.000000,1.000000,0.050000
1782441199.066842,-1,0.000869,inf,SAFE_STAND,0.000000,-0.176101,0.178939,-0.589364,0.000000,0.000000,0.000000,1.000000,0.050000
1782441199.086974,-1,0.000863,67475.906519,SAFE_STAND,0.000000,-0.176081,0.178960,-0.589367,0.000000,0.000000,0.000000,1.000000,0.050000
1782441199.106775,-1,0.000428,inf,SAFE_STAND,0.000000,-0.176067,0.178959,-0.589362,0.000000,0.000000,0.000000,1.000000,0.050000
1782441199.127424,-1,0.000704,inf,SAFE_STAND,0.000000,-0.176077,0.178975,-0.589369,0.000000,0.000000,0.000000,1.000000,0.050000
1782441199.147443,-1,0.000433,inf,SAFE_STAND,0.000000,-0.176068,0.179008,-0.589374,0.000000,0.000000,0.000000,1.000000,0.050000
1782441199.167572,-1,0.000438,inf,SAFE_STAND,0.000000,-0.176058,0.179054,-0.589359,0.000000,0.000000,0.000000,1.000000,0.050000
1782441199.187694,-1,0.000433,inf,SAFE_STAND,0.000000,-0.176041,0.179044,-0.589355,0.000000,0.000000,0.000000,1.000000,0.050000
1782441199.208308,-1,0.000440,inf,SAFE_STAND,0.000000,-0.176008,0.179069,-0.589325,0.000000,0.000000,0.000000,1.000000,0.050000
1782441199.228428,-1,0.000438,inf,SAFE_STAND,0.000000,-0.176022,0.179079,-0.589328,0.000000,0.000000,0.000000,1.000000,0.050000
1782441199.248545,-1,0.000433,inf,SAFE_STAND,0.000000,-0.176012,0.179079,-0.589349,0.000000,0.000000,0.000000,1.000000,0.050000
1782441199.269089,-1,0.000432,inf,SAFE_STAND,0.000000,-0.175966,0.179081,-0.589354,0.000000,0.000000,0.000000,1.000000,0.050000
1782441199.289240,-1,0.000457,inf,SAFE_STAND,0.000000,-0.175957,0.179118,-0.589373,0.000000,0.000000,0.000000,1.000000,0.050000
1782441199.309912,-1,0.000700,inf,SAFE_STAND,0.000000,-0.175928,0.179124,-0.589351,0.000000,0.000000,0.000000,1.000000,0.050000
1782441199.329784,-1,0.000444,inf,SAFE_STAND,0.000000,-0.175907,0.179094,-0.589318,0.000000,0.000000,0.000000,1.000000,0.050000
1782441199.349926,-1,0.000456,inf,SAFE_STAND,0.000000,-0.175927,0.179068,-0.589360,0.000000,0.000000,0.000000,1.000000,0.050000
1782441199.370138,-1,0.000518,inf,SAFE_STAND,0.000000,-0.175931,0.179105,-0.589341,0.000000,0.000000,0.000000,1.000000,0.050000
1782441199.390682,-1,0.000498,inf,SAFE_STAND,0.000000,-0.175930,0.179112,-0.589315,0.000000,0.000000,0.000000,1.000000,0.050000
1782441199.410686,-1,0.000425,inf,SAFE_STAND,0.000000,-0.175941,0.179118,-0.589314,0.000000,0.000000,0.000000,1.000000,0.050000
1782441199.430730,-1,0.000397,inf,SAFE_STAND,0.000000,-0.175940,0.179146,-0.589328,0.000000,0.000000,0.000000,1.000000,0.050000
1782441199.450895,-1,0.000442,inf,SAFE_STAND,0.000000,-0.175946,0.179206,-0.589371,0.000000,0.000000,0.000000,1.000000,0.050000
1782441199.471439,-1,0.000448,inf,SAFE_STAND,0.000000,-0.175942,0.179165,-0.589341,0.000000,0.000000,0.000000,1.000000,0.050000
1782441199.491575,-1,0.000450,inf,SAFE_STAND,0.000000,-0.175933,0.179087,-0.589303,0.000000,0.000000,0.000000,1.000000,0.050000
1782441199.512064,-1,0.000815,inf,SAFE_STAND,0.000000,-0.175921,0.179077,-0.589295,0.000000,0.000000,0.000000,1.000000,0.050000
1782441199.532087,-1,0.000708,inf,SAFE_STAND,0.000000,-0.175888,0.179085,-0.589279,0.000000,0.000000,0.000000,1.000000,0.050000
1782441199.552158,-1,0.000698,inf,SAFE_STAND,0.000000,-0.175871,0.179084,-0.589291,0.000000,0.000000,0.000000,1.000000,0.050000
1782441199.572031,-1,0.000459,inf,SAFE_STAND,0.000000,-0.175856,0.179070,-0.589278,0.000000,0.000000,0.000000,1.000000,0.050000
1782441199.592198,-1,0.000552,67476.411750,SAFE_STAND,0.000000,-0.175873,0.179031,-0.589288,0.000000,0.000000,0.000000,1.000000,0.050000
1782441199.612131,-1,0.000414,inf,SAFE_STAND,0.000000,-0.175852,0.179058,-0.589289,0.000000,0.000000,0.000000,1.000000,0.050000
1782441199.632496,-1,0.000457,inf,SAFE_STAND,0.000000,-0.175860,0.179051,-0.589257,0.000000,0.000000,0.000000,1.000000,0.050000
1782441199.652765,-1,0.000451,inf,SAFE_STAND,0.000000,-0.175850,0.179057,-0.589242,0.000000,0.000000,0.000000,1.000000,0.050000
1782441199.673964,-1,0.001432,inf,SAFE_STAND,0.000000,-0.175850,0.179109,-0.589272,0.000000,0.000000,0.000000,1.000000,0.050000
1782441199.694146,-1,0.000996,inf,SAFE_STAND,0.000000,-0.175882,0.179148,-0.589273,0.000000,0.000000,0.000000,1.000000,0.050000
1782441199.714646,-1,0.001016,inf,SAFE_STAND,0.000000,-0.175868,0.179155,-0.589238,0.000000,0.000000,0.000000,1.000000,0.050000
1782441199.734935,-1,0.001195,inf,SAFE_STAND,0.000000,-0.175869,0.179160,-0.589168,0.000000,0.000000,0.000000,1.000000,0.050000
1782441199.754600,-1,0.000565,inf,SAFE_STAND,0.000000,-0.175843,0.179185,-0.589152,0.000000,0.000000,0.000000,1.000000,0.050000
1782441199.774580,-1,0.000466,inf,SAFE_STAND,0.000000,-0.175855,0.179220,-0.589156,0.000000,0.000000,0.000000,1.000000,0.050000
1782441199.794614,-1,0.000429,inf,SAFE_STAND,0.000000,-0.175840,0.179223,-0.589163,0.000000,0.000000,0.000000,1.000000,0.050000
1782441199.814948,-1,0.000685,inf,SAFE_STAND,0.000000,-0.175838,0.179263,-0.589168,0.000000,0.000000,0.000000,1.000000,0.050000
1782441199.835012,-1,0.000658,inf,SAFE_STAND,0.000000,-0.175844,0.179305,-0.589186,0.000000,0.000000,0.000000,1.000000,0.050000
1782441199.855051,-1,0.000626,inf,SAFE_STAND,0.000000,-0.175831,0.179287,-0.589166,0.000000,0.000000,0.000000,1.000000,0.050000
1782441199.875143,-1,0.000458,inf,SAFE_STAND,0.000000,-0.175843,0.179223,-0.589218,0.000000,0.000000,0.000000,1.000000,0.050000
1782441199.895231,-1,0.000476,inf,SAFE_STAND,0.000000,-0.175859,0.179275,-0.589201,0.000000,0.000000,0.000000,1.000000,0.050000
1782441199.915287,-1,0.000459,inf,SAFE_STAND,0.000000,-0.175863,0.179244,-0.589158,0.000000,0.000000,0.000000,1.000000,0.050000
1782441199.935802,-1,0.000654,inf,SAFE_STAND,0.000000,-0.175845,0.179264,-0.589128,0.000000,0.000000,0.000000,1.000000,0.050000
1782441199.955913,-1,0.000477,inf,SAFE_STAND,0.000000,-0.175853,0.179238,-0.589133,0.000000,0.000000,0.000000,1.000000,0.050000
1782441199.975957,-1,0.000450,inf,SAFE_STAND,0.000000,-0.175866,0.179235,-0.589095,0.000000,0.000000,0.000000,1.000000,0.050000
1782441199.996027,-1,0.000449,inf,SAFE_STAND,0.000000,-0.175902,0.179206,-0.589092,0.000000,0.000000,0.000000,1.000000,0.050000
1782441200.016094,-1,0.000431,inf,SAFE_STAND,0.000000,-0.175894,0.179183,-0.589069,0.000000,0.000000,0.000000,1.000000,0.050000
1782441200.036608,-1,0.000639,inf,SAFE_STAND,0.000000,-0.175903,0.179137,-0.589068,0.000000,0.000000,0.000000,1.000000,0.050000
1782441200.056624,-1,0.000462,inf,SAFE_STAND,0.000000,-0.175902,0.179136,-0.589049,0.000000,0.000000,0.000000,1.000000,0.050000
1782441200.076666,-1,0.000432,inf,SAFE_STAND,0.000000,-0.175897,0.179161,-0.589007,0.000000,0.000000,0.000000,1.000000,0.050000
1782441200.097146,-1,0.000838,67476.916450,SAFE_STAND,0.000000,-0.175877,0.179185,-0.588967,0.000000,0.000000,0.000000,1.000000,0.050000
1782441200.116835,-1,0.000455,inf,SAFE_STAND,0.000000,-0.175902,0.179114,-0.589014,0.000000,0.000000,0.000000,1.000000,0.050000
1782441200.137205,-1,0.000423,inf,SAFE_STAND,0.000000,-0.175918,0.179097,-0.589007,0.000000,0.000000,0.000000,1.000000,0.050000
1782441200.157316,-1,0.000462,inf,SAFE_STAND,0.000000,-0.175895,0.179046,-0.588958,0.000000,0.000000,0.000000,1.000000,0.050000
1782441200.177339,-1,0.000412,inf,SAFE_STAND,0.000000,-0.175899,0.179031,-0.588920,0.000000,0.000000,0.000000,1.000000,0.050000
1782441200.197422,-1,0.000425,inf,SAFE_STAND,0.000000,-0.175876,0.179039,-0.588898,0.000000,0.000000,0.000000,1.000000,0.050000
1782441200.218002,-1,0.000480,inf,SAFE_STAND,0.000000,-0.175883,0.179009,-0.588901,0.000000,0.000000,0.000000,1.000000,0.050000
1782441200.238024,-1,0.000431,inf,SAFE_STAND,0.000000,-0.175937,0.179003,-0.588955,0.000000,0.000000,0.000000,1.000000,0.050000
1782441200.258137,-1,0.000471,inf,SAFE_STAND,0.000000,-0.177305,0.178092,-0.589818,0.000000,0.000000,0.000000,1.000000,0.050000
1782441200.278522,-1,0.000712,inf,SAFE_STAND,0.000000,-0.178333,0.177634,-0.590160,0.000000,0.000000,0.000000,1.000000,0.050000
1782441200.298641,-1,0.000749,inf,SAFE_STAND,0.000000,-0.180139,0.176251,-0.591815,0.000000,0.000000,0.000000,1.000000,0.050000
1782441200.318614,-1,0.000438,inf,SAFE_STAND,0.000000,-0.182557,0.174183,-0.595300,0.000000,0.000000,0.000000,1.000000,0.050000
1782441200.338786,-1,0.000490,inf,SAFE_STAND,0.000000,-0.185009,0.171980,-0.600196,0.000000,0.000000,0.000000,1.000000,0.050000
1782441200.358876,-1,0.000453,inf,SAFE_STAND,0.000000,-0.188137,0.169332,-0.607770,0.000000,0.000000,0.000000,1.000000,0.050000
1782441200.379234,-1,0.000689,inf,SAFE_STAND,0.000000,-0.191748,0.166072,-0.617168,0.000000,0.000000,0.000000,1.000000,0.050000
1782441200.399291,-1,0.000666,inf,SAFE_STAND,0.000000,-0.195512,0.161830,-0.627877,0.000000,0.000000,0.000000,1.000000,0.050000
1782441200.419400,-1,0.000699,inf,SAFE_STAND,0.000000,-0.198921,0.156865,-0.640196,0.000000,0.000000,0.000000,1.000000,0.050000
1782441200.439519,-1,0.000744,inf,SAFE_STAND,0.000000,-0.202411,0.151378,-0.653522,0.000000,0.000000,0.000000,1.000000,0.050000
1782441200.459381,-1,0.000454,inf,SAFE_STAND,0.000000,-0.205784,0.144835,-0.666714,0.000000,0.000000,0.000000,1.000000,0.050000
1782441200.479431,-1,0.000425,inf,SAFE_STAND,0.000000,-0.207275,0.138319,-0.675021,0.000000,0.000000,0.000000,1.000000,0.050000
1782441200.499762,-1,0.000680,inf,SAFE_STAND,0.000000,-0.207806,0.133711,-0.677007,0.000000,0.000000,0.000000,1.000000,0.050000
1782441200.519827,-1,0.000671,inf,SAFE_STAND,0.000000,-0.208495,0.128791,-0.679953,0.000000,0.000000,0.000000,1.000000,0.050000
1782441200.539897,-1,0.000664,inf,SAFE_STAND,0.000000,-0.209066,0.123674,-0.683486,0.000000,0.000000,0.000000,1.000000,0.050000
1782441200.559979,-1,0.000478,inf,SAFE_STAND,0.000000,-0.208601,0.118621,-0.685141,0.000000,0.000000,0.000000,1.000000,0.050000
1782441200.580030,-1,0.000455,inf,SAFE_STAND,0.000000,-0.207966,0.114545,-0.684628,0.000000,0.000000,0.000000,1.000000,0.050000
1782441200.600420,-1,0.000771,67477.419754,SAFE_STAND,0.000000,-0.207020,0.111084,-0.683494,0.000000,0.000000,0.000000,1.000000,0.050000
1782441200.620185,-1,0.000459,inf,SAFE_STAND,0.000000,-0.206100,0.107755,-0.681817,0.000000,0.000000,0.000000,1.000000,0.050000
1782441200.640580,-1,0.000476,inf,SAFE_STAND,0.000000,-0.205384,0.104488,-0.680522,0.000000,0.000000,0.000000,1.000000,0.050000
1782441200.660768,-1,0.000444,inf,SAFE_STAND,0.000000,-0.204780,0.101571,-0.679827,0.000000,0.000000,0.000000,1.000000,0.050000
1782441200.680883,-1,0.000484,inf,SAFE_STAND,0.000000,-0.204133,0.099142,-0.679437,0.000000,0.000000,0.000000,1.000000,0.050000
1782441200.701596,-1,0.000742,inf,SAFE_STAND,0.000000,-0.203735,0.097243,-0.679247,0.000000,0.000000,0.000000,1.000000,0.050000
1782441200.721553,-1,0.000433,inf,SAFE_STAND,0.000000,-0.203266,0.095640,-0.678668,0.000000,0.000000,0.000000,1.000000,0.050000
1782441200.741594,-1,0.000402,inf,SAFE_STAND,0.000000,-0.202873,0.094310,-0.677754,0.000000,0.000000,0.000000,1.000000,0.050000
1782441200.761916,-1,0.000452,inf,SAFE_STAND,0.000000,-0.202635,0.093408,-0.676875,0.000000,0.000000,0.000000,1.000000,0.050000
1782441200.782102,-1,0.000413,inf,SAFE_STAND,0.000000,-0.202543,0.092614,-0.675932,0.000000,0.000000,0.000000,1.000000,0.050000
1782441200.802204,-1,0.000443,inf,SAFE_STAND,0.000000,-0.202709,0.092108,-0.675222,0.000000,0.000000,0.000000,1.000000,0.050000
1782441200.822254,-1,0.000421,inf,SAFE_STAND,0.000000,-0.203072,0.091673,-0.674773,0.000000,0.000000,0.000000,1.000000,0.050000
1782441200.842333,-1,0.000430,inf,SAFE_STAND,0.000000,-0.203437,0.091758,-0.673872,0.000000,0.000000,0.000000,1.000000,0.050000
1782441200.862400,-1,0.000426,inf,SAFE_STAND,0.000000,-0.203599,0.092225,-0.672220,0.000000,0.000000,0.000000,1.000000,0.050000
1782441200.882766,-1,0.000486,inf,SAFE_STAND,0.000000,-0.203981,0.092936,-0.670732,0.000000,0.000000,0.000000,1.000000,0.050000
1782441200.902809,-1,0.000454,inf,SAFE_STAND,0.000000,-0.204516,0.093668,-0.669681,0.000000,0.000000,0.000000,1.000000,0.050000
1782441200.923060,-1,0.000458,inf,SAFE_STAND,0.000000,-0.205019,0.094360,-0.669056,0.000000,0.000000,0.000000,1.000000,0.050000
1782441200.943123,-1,0.000444,inf,SAFE_STAND,0.000000,-0.205444,0.095110,-0.668655,0.000000,0.000000,0.000000,1.000000,0.050000
1782441200.963595,-1,0.000607,inf,SAFE_STAND,0.000000,-0.205724,0.095811,-0.668413,0.000000,0.000000,0.000000,1.000000,0.050000
1782441200.983702,-1,0.000427,inf,SAFE_STAND,0.000000,-0.205976,0.096497,-0.668310,0.000000,0.000000,0.000000,1.000000,0.050000
1782441201.003735,-1,0.000390,inf,SAFE_STAND,0.000000,-0.206051,0.097267,-0.668071,0.000000,0.000000,0.000000,1.000000,0.050000
1782441201.023851,-1,0.000434,inf,SAFE_STAND,0.000000,-0.206099,0.098076,-0.667684,0.000000,0.000000,0.000000,1.000000,0.050000
1782441201.044480,-1,0.000774,inf,SAFE_STAND,0.000000,-0.206168,0.098717,-0.667528,0.000000,0.000000,0.000000,1.000000,0.050000
1782441201.064400,-1,0.000447,inf,SAFE_STAND,0.000000,-0.206267,0.099163,-0.667714,0.000000,0.000000,0.000000,1.000000,0.050000
1782441201.084426,-1,0.000397,inf,SAFE_STAND,0.000000,-0.206194,0.099489,-0.667738,0.000000,0.000000,0.000000,1.000000,0.050000
1782441201.104706,-1,0.000607,67477.924236,SAFE_STAND,0.000000,-0.206039,0.099783,-0.667554,0.000000,0.000000,0.000000,1.000000,0.050000
1782441201.124980,-1,0.000412,inf,SAFE_STAND,0.000000,-0.205796,0.100004,-0.667252,0.000000,0.000000,0.000000,1.000000,0.050000
1782441201.145032,-1,0.000395,inf,SAFE_STAND,0.000000,-0.205515,0.100112,-0.666808,0.000000,0.000000,0.000000,1.000000,0.050000
1782441201.165128,-1,0.000419,inf,SAFE_STAND,0.000000,-0.205234,0.100216,-0.666354,0.000000,0.000000,0.000000,1.000000,0.050000
1782441201.185180,-1,0.000401,inf,SAFE_STAND,0.000000,-0.204976,0.100152,-0.665895,0.000000,0.000000,0.000000,1.000000,0.050000
1782441201.205268,-1,0.000419,inf,SAFE_STAND,0.000000,-0.204733,0.099893,-0.665546,0.000000,0.000000,0.000000,1.000000,0.050000
1782441201.225833,-1,0.000660,inf,SAFE_STAND,0.000000,-0.204445,0.099454,-0.665196,0.000000,0.000000,0.000000,1.000000,0.050000
1782441201.245859,-1,0.000435,inf,SAFE_STAND,0.000000,-0.204110,0.099021,-0.664745,0.000000,0.000000,0.000000,1.000000,0.050000
1782441201.265918,-1,0.000424,inf,SAFE_STAND,0.000000,-0.203905,0.098660,-0.664302,0.000000,0.000000,0.000000,1.000000,0.050000
1782441201.285975,-1,0.000410,inf,SAFE_STAND,0.000000,-0.203739,0.098228,-0.663878,0.000000,0.000000,0.000000,1.000000,0.050000
1782441201.306447,-1,0.000422,inf,SAFE_STAND,0.000000,-0.203581,0.097708,-0.663435,0.000000,0.000000,0.000000,1.000000,0.050000
1782441201.326491,-1,0.000396,inf,SAFE_STAND,0.000000,-0.203397,0.097189,-0.662933,0.000000,0.000000,0.000000,1.000000,0.050000
1782441201.346632,-1,0.000461,inf,SAFE_STAND,0.000000,-0.203369,0.096673,-0.662451,0.000000,0.000000,0.000000,1.000000,0.050000
1782441201.366666,-1,0.000421,inf,SAFE_STAND,0.000000,-0.203325,0.095972,-0.662388,0.000000,0.000000,0.000000,1.000000,0.050000
1782441201.386850,-1,0.000530,inf,SAFE_STAND,0.000000,-0.203351,0.095365,-0.662311,0.000000,0.000000,0.000000,1.000000,0.050000
1782441201.407544,-1,0.000900,inf,SAFE_STAND,0.000000,-0.203442,0.094844,-0.661976,0.000000,0.000000,0.000000,1.000000,0.050000
1782441201.427185,-1,0.000462,inf,SAFE_STAND,0.000000,-0.203642,0.094254,-0.661611,0.000000,0.000000,0.000000,1.000000,0.050000
1782441201.447217,-1,0.000416,inf,SAFE_STAND,0.000000,-0.203867,0.093563,-0.661252,0.000000,0.000000,0.000000,1.000000,0.050000
1782441201.467288,-1,0.000416,inf,SAFE_STAND,0.000000,-0.204113,0.092869,-0.660903,0.000000,0.000000,0.000000,1.000000,0.050000
1782441201.487604,-1,0.000661,inf,SAFE_STAND,0.000000,-0.204265,0.092169,-0.660551,0.000000,0.000000,0.000000,1.000000,0.050000
1782441201.507632,-1,0.000618,inf,SAFE_STAND,0.000000,-0.204395,0.091552,-0.660186,0.000000,0.000000,0.000000,1.000000,0.050000
1782441201.527770,-1,0.000682,inf,SAFE_STAND,0.000000,-0.204513,0.090900,-0.659925,0.000000,0.000000,0.000000,1.000000,0.050000
1782441201.547867,-1,0.000693,inf,SAFE_STAND,0.000000,-0.204656,0.090146,-0.659618,0.000000,0.000000,0.000000,1.000000,0.050000
1782441201.567832,-1,0.000420,inf,SAFE_STAND,0.000000,-0.204736,0.089392,-0.659353,0.000000,0.000000,0.000000,1.000000,0.050000
1782441201.587900,-1,0.000417,inf,SAFE_STAND,0.000000,-0.204725,0.088693,-0.659100,0.000000,0.000000,0.000000,1.000000,0.050000
1782441201.608183,-1,0.000629,67478.427722,SAFE_STAND,0.000000,-0.204576,0.087976,-0.658649,0.000000,0.000000,0.000000,1.000000,0.050000
1782441201.628645,-1,0.000786,inf,SAFE_STAND,0.000000,-0.204421,0.087245,-0.658128,0.000000,0.000000,0.000000,1.000000,0.050000
1782441201.648581,-1,0.000432,inf,SAFE_STAND,0.000000,-0.204265,0.086445,-0.657533,0.000000,0.000000,0.000000,1.000000,0.050000
1782441201.668746,-1,0.000470,inf,SAFE_STAND,0.000000,-0.204073,0.085637,-0.656866,0.000000,0.000000,0.000000,1.000000,0.050000
1782441201.688828,-1,0.000479,inf,SAFE_STAND,0.000000,-0.203831,0.084672,-0.656098,0.000000,0.000000,0.000000,1.000000,0.050000
1782441201.709332,-1,0.000670,inf,SAFE_STAND,0.000000,-0.203591,0.083810,-0.655490,0.000000,0.000000,0.000000,1.000000,0.050000
1782441201.729349,-1,0.000428,inf,SAFE_STAND,0.000000,-0.203388,0.082783,-0.654893,0.000000,0.000000,0.000000,1.000000,0.050000
1782441201.749576,-1,0.000490,inf,SAFE_STAND,0.000000,-0.203204,0.081894,-0.654284,0.000000,0.000000,0.000000,1.000000,0.050000
1782441201.769576,-1,0.000414,inf,SAFE_STAND,0.000000,-0.202984,0.081087,-0.653630,0.000000,0.000000,0.000000,1.000000,0.050000
1782441201.790071,-1,0.000470,inf,SAFE_STAND,0.000000,-0.202725,0.080133,-0.653000,0.000000,0.000000,0.000000,1.000000,0.050000
1782441201.810166,-1,0.000441,inf,SAFE_STAND,0.000000,-0.202431,0.079198,-0.652382,0.000000,0.000000,0.000000,1.000000,0.050000
1782441201.830285,-1,0.000438,inf,SAFE_STAND,0.000000,-0.202097,0.078254,-0.651785,0.000000,0.000000,0.000000,1.000000,0.050000
1782441201.850661,-1,0.000686,inf,SAFE_STAND,0.000000,-0.201831,0.077374,-0.651162,0.000000,0.000000,0.000000,1.000000,0.050000
1782441201.870706,-1,0.000433,inf,SAFE_STAND,0.000000,-0.201555,0.076607,-0.650515,0.000000,0.000000,0.000000,1.000000,0.050000
1782441201.890829,-1,0.000433,inf,SAFE_STAND,0.000000,-0.201278,0.075843,-0.649911,0.000000,0.000000,0.000000,1.000000,0.050000
1782441201.910982,-1,0.000433,inf,SAFE_STAND,0.000000,-0.201020,0.075044,-0.649346,0.000000,0.000000,0.000000,1.000000,0.050000
1782441201.931610,-1,0.000685,inf,SAFE_STAND,0.000000,-0.200844,0.074304,-0.648885,0.000000,0.000000,0.000000,1.000000,0.050000
1782441201.951592,-1,0.000433,inf,SAFE_STAND,0.000000,-0.200709,0.073512,-0.648451,0.000000,0.000000,0.000000,1.000000,0.050000
1782441201.971724,-1,0.000442,inf,SAFE_STAND,0.000000,-0.200477,0.072859,-0.647937,0.000000,0.000000,0.000000,1.000000,0.050000
1782441201.991844,-1,0.000435,inf,SAFE_STAND,0.000000,-0.200327,0.072357,-0.647397,0.000000,0.000000,0.000000,1.000000,0.050000
1782441202.012329,-1,0.000430,inf,SAFE_STAND,0.000000,-0.200121,0.071903,-0.646739,0.000000,0.000000,0.000000,1.000000,0.050000
1782441202.032460,-1,0.000438,inf,SAFE_STAND,0.000000,-0.199931,0.071463,-0.646143,0.000000,0.000000,0.000000,1.000000,0.050000
1782441202.052568,-1,0.000427,inf,SAFE_STAND,0.000000,-0.199786,0.071007,-0.645612,0.000000,0.000000,0.000000,1.000000,0.050000
1782441202.072987,-1,0.000696,inf,SAFE_STAND,0.000000,-0.199619,0.070616,-0.645177,0.000000,0.000000,0.000000,1.000000,0.050000
1782441202.093105,-1,0.000689,inf,SAFE_STAND,0.000000,-0.199375,0.070249,-0.644609,0.000000,0.000000,0.000000,1.000000,0.050000
1782441202.113217,-1,0.000579,67478.932766,SAFE_STAND,0.000000,-0.199115,0.069889,-0.643972,0.000000,0.000000,0.000000,1.000000,0.050000
1782441202.133172,-1,0.000461,inf,SAFE_STAND,0.000000,-0.198853,0.069628,-0.643345,0.000000,0.000000,0.000000,1.000000,0.050000
1782441202.153661,-1,0.000653,inf,SAFE_STAND,0.000000,-0.198569,0.069284,-0.642751,0.000000,0.000000,0.000000,1.000000,0.050000
1782441202.173736,-1,0.000656,inf,SAFE_STAND,0.000000,-0.198289,0.068971,-0.642201,0.000000,0.000000,0.000000,1.000000,0.050000
1782441202.193612,-1,0.000421,inf,SAFE_STAND,0.000000,-0.197997,0.068534,-0.641552,0.000000,0.000000,0.000000,1.000000,0.050000
1782441202.213718,-1,0.000453,inf,SAFE_STAND,0.000000,-0.197703,0.068206,-0.640930,0.000000,0.000000,0.000000,1.000000,0.050000
1782441202.233717,-1,0.000382,inf,SAFE_STAND,0.000000,-0.197358,0.067912,-0.640245,0.000000,0.000000,0.000000,1.000000,0.050000
1782441202.253985,-1,0.000580,inf,SAFE_STAND,0.000000,-0.196944,0.067538,-0.639438,0.000000,0.000000,0.000000,1.000000,0.050000
1782441202.274455,-1,0.000685,inf,SAFE_STAND,0.000000,-0.196559,0.067146,-0.638606,0.000000,0.000000,0.000000,1.000000,0.050000
1782441202.294491,-1,0.000648,inf,SAFE_STAND,0.000000,-0.196201,0.066767,-0.637906,0.000000,0.000000,0.000000,1.000000,0.050000
1782441202.314333,-1,0.000419,inf,SAFE_STAND,0.000000,-0.195809,0.066330,-0.637180,0.000000,0.000000,0.000000,1.000000,0.050000
1782441202.334402,-1,0.000417,inf,SAFE_STAND,0.000000,-0.195390,0.065929,-0.636382,0.000000,0.000000,0.000000,1.000000,0.050000
1782441202.354533,-1,0.000446,inf,SAFE_STAND,0.000000,-0.194976,0.065566,-0.635717,0.000000,0.000000,0.000000,1.000000,0.050000
1782441202.374568,-1,0.000404,inf,SAFE_STAND,0.000000,-0.194547,0.065171,-0.634924,0.000000,0.000000,0.000000,1.000000,0.050000
1782441202.394888,-1,0.000653,inf,SAFE_STAND,0.000000,-0.194149,0.064754,-0.634331,0.000000,0.000000,0.000000,1.000000,0.050000
1782441202.414999,-1,0.000692,inf,SAFE_STAND,0.000000,-0.193730,0.064219,-0.633731,0.000000,0.000000,0.000000,1.000000,0.050000
1782441202.435032,-1,0.000649,inf,SAFE_STAND,0.000000,-0.193421,0.063636,-0.633375,0.000000,0.000000,0.000000,1.000000,0.050000
1782441202.455091,-1,0.000414,inf,SAFE_STAND,0.000000,-0.193046,0.063038,-0.632875,0.000000,0.000000,0.000000,1.000000,0.050000
1782441202.475171,-1,0.000425,inf,SAFE_STAND,0.000000,-0.192722,0.062515,-0.632375,0.000000,0.000000,0.000000,1.000000,0.050000
1782441202.495478,-1,0.000663,inf,SAFE_STAND,0.000000,-0.192318,0.062055,-0.631806,0.000000,0.000000,0.000000,1.000000,0.050000
1782441202.515297,-1,0.000412,inf,SAFE_STAND,0.000000,-0.191898,0.061682,-0.631107,0.000000,0.000000,0.000000,1.000000,0.050000
1782441202.535867,-1,0.000494,inf,SAFE_STAND,0.000000,-0.191375,0.061374,-0.630237,0.000000,0.000000,0.000000,1.000000,0.050000
1782441202.555895,-1,0.000446,inf,SAFE_STAND,0.000000,-0.190806,0.061108,-0.629271,0.000000,0.000000,0.000000,1.000000,0.050000
1782441202.575960,-1,0.000441,inf,SAFE_STAND,0.000000,-0.190062,0.060866,-0.627984,0.000000,0.000000,0.000000,1.000000,0.050000
1782441202.596476,-1,0.000659,inf,SAFE_STAND,0.000000,-0.189401,0.060645,-0.626883,0.000000,0.000000,0.000000,1.000000,0.050000
1782441202.616734,-1,0.000666,67479.436239,SAFE_STAND,0.000000,-0.188674,0.060429,-0.625693,0.000000,0.000000,0.000000,1.000000,0.050000
1782441202.636959,-1,0.000462,inf,SAFE_STAND,0.000000,-0.187907,0.059938,-0.624606,0.000000,0.000000,0.000000,1.000000,0.050000
1782441202.657262,-1,0.000471,inf,SAFE_STAND,0.000000,-0.187272,0.059352,-0.623775,0.000000,0.000000,0.000000,1.000000,0.050000
1782441202.677449,-1,0.000504,inf,SAFE_STAND,0.000000,-0.186701,0.058475,-0.623064,0.000000,0.000000,0.000000,1.000000,0.050000
1782441202.697513,-1,0.000486,inf,SAFE_STAND,0.000000,-0.186165,0.057544,-0.622448,0.000000,0.000000,0.000000,1.000000,0.050000
1782441202.717766,-1,0.000665,inf,SAFE_STAND,0.000000,-0.185622,0.056675,-0.621833,0.000000,0.000000,0.000000,1.000000,0.050000
1782441202.737625,-1,0.000451,inf,SAFE_STAND,0.000000,-0.185151,0.055834,-0.621205,0.000000,0.000000,0.000000,1.000000,0.050000
1782441202.758114,-1,0.000445,inf,SAFE_STAND,0.000000,-0.184664,0.054981,-0.620539,0.000000,0.000000,0.000000,1.000000,0.050000
1782441202.778168,-1,0.000426,inf,SAFE_STAND,0.000000,-0.184216,0.054211,-0.619748,0.000000,0.000000,0.000000,1.000000,0.050000
1782441202.798274,-1,0.000460,inf,SAFE_STAND,0.000000,-0.183758,0.053556,-0.619023,0.000000,0.000000,0.000000,1.000000,0.050000
1782441202.818746,-1,0.000460,inf,SAFE_STAND,0.000000,-0.183298,0.053012,-0.618329,0.000000,0.000000,0.000000,1.000000,0.050000
1782441202.838864,-1,0.000447,inf,SAFE_STAND,0.000000,-0.182964,0.052567,-0.617792,0.000000,0.000000,0.000000,1.000000,0.050000
1782441202.858935,-1,0.000441,inf,SAFE_STAND,0.000000,-0.182582,0.052061,-0.617248,0.000000,0.000000,0.000000,1.000000,0.050000
1782441202.879027,-1,0.000460,inf,SAFE_STAND,0.000000,-0.182287,0.051521,-0.616868,0.000000,0.000000,0.000000,1.000000,0.050000
1782441202.899464,-1,0.000823,inf,SAFE_STAND,0.000000,-0.182066,0.050988,-0.616556,0.000000,0.000000,0.000000,1.000000,0.050000
1782441202.919367,-1,0.000654,inf,SAFE_STAND,0.000000,-0.181897,0.050466,-0.616208,0.000000,0.000000,0.000000,1.000000,0.050000
1782441202.939553,-1,0.000768,inf,SAFE_STAND,0.000000,-0.181612,0.050051,-0.615701,0.000000,0.000000,0.000000,1.000000,0.050000
1782441202.959498,-1,0.000458,inf,SAFE_STAND,0.000000,-0.181104,0.049764,-0.614816,0.000000,0.000000,0.000000,1.000000,0.050000
1782441202.979559,-1,0.000422,inf,SAFE_STAND,0.000000,-0.180620,0.049717,-0.613931,0.000000,0.000000,0.000000,1.000000,0.050000
1782441202.999650,-1,0.000442,inf,SAFE_STAND,0.000000,-0.180158,0.049640,-0.613151,0.000000,0.000000,0.000000,1.000000,0.050000
1782441203.020072,-1,0.000794,inf,SAFE_STAND,0.000000,-0.179522,0.049429,-0.612490,0.000000,0.000000,0.000000,1.000000,0.050000
1782441203.040101,-1,0.000753,inf,SAFE_STAND,0.000000,-0.178890,0.049189,-0.611755,0.000000,0.000000,0.000000,1.000000,0.050000
1782441203.060109,-1,0.000691,inf,SAFE_STAND,0.000000,-0.178140,0.048984,-0.610762,0.000000,0.000000,0.000000,1.000000,0.050000
1782441203.080124,-1,0.000470,inf,SAFE_STAND,0.000000,-0.177193,0.048799,-0.609578,0.000000,0.000000,0.000000,1.000000,0.050000
1782441203.100167,-1,0.000440,inf,SAFE_STAND,0.000000,-0.176157,0.048563,-0.608156,0.000000,0.000000,0.000000,1.000000,0.050000
1782441203.120360,-1,0.000561,67479.939908,SAFE_STAND,0.000000,-0.175074,0.048373,-0.606781,0.000000,0.000000,0.000000,1.000000,0.050000
1782441203.140750,-1,0.000647,inf,SAFE_STAND,0.000000,-0.173845,0.048057,-0.605293,0.000000,0.000000,0.000000,1.000000,0.050000
1782441203.160845,-1,0.000670,inf,SAFE_STAND,0.000000,-0.172518,0.047669,-0.603639,0.000000,0.000000,0.000000,1.000000,0.050000
1782441203.180938,-1,0.000688,inf,SAFE_STAND,0.000000,-0.171083,0.047294,-0.601877,0.000000,0.000000,0.000000,1.000000,0.050000
1782441203.200761,-1,0.000438,inf,SAFE_STAND,0.000000,-0.169419,0.046835,-0.599892,0.000000,0.000000,0.000000,1.000000,0.050000
1782441203.220850,-1,0.000453,inf,SAFE_STAND,0.000000,-0.167682,0.046275,-0.597912,0.000000,0.000000,0.000000,1.000000,0.050000
1782441203.240941,-1,0.000472,inf,SAFE_STAND,0.000000,-0.165961,0.045589,-0.596018,0.000000,0.000000,0.000000,1.000000,0.050000
1782441203.260980,-1,0.000439,inf,SAFE_STAND,0.000000,-0.163981,0.044707,-0.593862,0.000000,0.000000,0.000000,1.000000,0.050000
1782441203.281869,-1,0.001011,inf,SAFE_STAND,0.000000,-0.162063,0.043702,-0.591689,0.000000,0.000000,0.000000,1.000000,0.050000
1782441203.301766,-1,0.000572,inf,SAFE_STAND,0.000000,-0.160163,0.042496,-0.589608,0.000000,0.000000,0.000000,1.000000,0.050000
1782441203.321752,-1,0.000477,inf,SAFE_STAND,0.000000,-0.158186,0.041042,-0.587636,0.000000,0.000000,0.000000,1.000000,0.050000
1782441203.342203,-1,0.000792,inf,SAFE_STAND,0.000000,-0.156327,0.039674,-0.585814,0.000000,0.000000,0.000000,1.000000,0.050000
1782441203.362129,-1,0.000646,inf,SAFE_STAND,0.000000,-0.154540,0.038311,-0.584260,0.000000,0.000000,0.000000,1.000000,0.050000
1782441203.382235,-1,0.000487,inf,SAFE_STAND,0.000000,-0.152748,0.036925,-0.582731,0.000000,0.000000,0.000000,1.000000,0.050000
1782441203.402327,-1,0.000504,inf,SAFE_STAND,0.000000,-0.150793,0.035495,-0.581024,0.000000,0.000000,0.000000,1.000000,0.050000
1782441203.422452,-1,0.000537,inf,SAFE_STAND,0.000000,-0.148867,0.034241,-0.579356,0.000000,0.000000,0.000000,1.000000,0.050000
1782441203.443018,-1,0.000498,inf,SAFE_STAND,0.000000,-0.146982,0.032967,-0.577767,0.000000,0.000000,0.000000,1.000000,0.050000
1782441203.463054,-1,0.000459,inf,SAFE_STAND,0.000000,-0.144995,0.031622,-0.576180,0.000000,0.000000,0.000000,1.000000,0.050000
1782441203.483835,-1,0.000789,inf,SAFE_STAND,0.000000,-0.143115,0.030410,-0.574682,0.000000,0.000000,0.000000,1.000000,0.050000
1782441203.504013,-1,0.000456,inf,SAFE_STAND,0.000000,-0.141181,0.029098,-0.573162,0.000000,0.000000,0.000000,1.000000,0.050000
1782441203.524678,-1,0.000689,inf,SAFE_STAND,0.000000,-0.139459,0.027940,-0.571869,0.000000,0.000000,0.000000,1.000000,0.050000
1782441203.544686,-1,0.000454,inf,SAFE_STAND,0.000000,-0.137798,0.026756,-0.570678,0.000000,0.000000,0.000000,1.000000,0.050000
1782441203.564755,-1,0.000444,inf,SAFE_STAND,0.000000,-0.136207,0.025651,-0.569542,0.000000,0.000000,0.000000,1.000000,0.050000
1782441203.585267,-1,0.000649,inf,SAFE_STAND,0.000000,-0.134657,0.024464,-0.568465,0.000000,0.000000,0.000000,1.000000,0.050000
1782441203.605486,-1,0.000796,inf,SAFE_STAND,0.000000,-0.133243,0.023476,-0.567500,0.000000,0.000000,0.000000,1.000000,0.050000
1782441203.625777,-1,0.001013,67480.444933,SAFE_STAND,0.000000,-0.131899,0.022720,-0.566510,0.000000,0.000000,0.000000,1.000000,0.050000
1782441203.645481,-1,0.000480,inf,SAFE_STAND,0.000000,-0.130549,0.022023,-0.565517,0.000000,0.000000,0.000000,1.000000,0.050000
1782441203.665561,-1,0.000484,inf,SAFE_STAND,0.000000,-0.129133,0.021394,-0.564473,0.000000,0.000000,0.000000,1.000000,0.050000
1782441203.686215,-1,0.000498,inf,SAFE_STAND,0.000000,-0.127890,0.020988,-0.563511,0.000000,0.000000,0.000000,1.000000,0.050000
1782441203.706279,-1,0.000488,inf,SAFE_STAND,0.000000,-0.126648,0.020596,-0.562531,0.000000,0.000000,0.000000,1.000000,0.050000
1782441203.726318,-1,0.000457,inf,SAFE_STAND,0.000000,-0.125333,0.020440,-0.561487,0.000000,0.000000,0.000000,1.000000,0.050000
1782441203.746407,-1,0.000472,inf,SAFE_STAND,0.000000,-0.123948,0.020240,-0.560310,0.000000,0.000000,0.000000,1.000000,0.050000
1782441203.766662,-1,0.000650,inf,SAFE_STAND,0.000000,-0.122674,0.020019,-0.559340,0.000000,0.000000,0.000000,1.000000,0.050000
1782441203.786737,-1,0.000652,inf,SAFE_STAND,0.000000,-0.121355,0.019622,-0.558434,0.000000,0.000000,0.000000,1.000000,0.050000
1782441203.806877,-1,0.000516,inf,SAFE_STAND,0.000000,-0.119741,0.019542,-0.557124,0.000000,0.000000,0.000000,1.000000,0.050000
1782441203.826897,-1,0.000457,inf,SAFE_STAND,0.000000,-0.118097,0.019349,-0.555587,0.000000,0.000000,0.000000,1.000000,0.050000
1782441203.846993,-1,0.000477,inf,SAFE_STAND,0.000000,-0.116551,0.018926,-0.554351,0.000000,0.000000,0.000000,1.000000,0.050000
1782441203.867012,-1,0.000420,inf,SAFE_STAND,0.000000,-0.114973,0.018416,-0.553156,0.000000,0.000000,0.000000,1.000000,0.050000
1782441203.887560,-1,0.000467,inf,SAFE_STAND,0.000000,-0.113319,0.017926,-0.552028,0.000000,0.000000,0.000000,1.000000,0.050000
1782441203.907597,-1,0.000431,inf,SAFE_STAND,0.000000,-0.111640,0.017322,-0.550994,0.000000,0.000000,0.000000,1.000000,0.050000
1782441203.927649,-1,0.000415,inf,SAFE_STAND,0.000000,-0.110097,0.016655,-0.549853,0.000000,0.000000,0.000000,1.000000,0.050000
1782441203.948025,-1,0.000719,inf,SAFE_STAND,0.000000,-0.108389,0.015949,-0.548515,0.000000,0.000000,0.000000,1.000000,0.050000
1782441203.968074,-1,0.000691,inf,SAFE_STAND,0.000000,-0.106910,0.015057,-0.547431,0.000000,0.000000,0.000000,1.000000,0.050000
1782441203.988095,-1,0.000640,inf,SAFE_STAND,0.000000,-0.105186,0.013862,-0.546221,0.000000,0.000000,0.000000,1.000000,0.050000
1782441204.008299,-1,0.000732,inf,SAFE_STAND,0.000000,-0.103579,0.013094,-0.544952,0.000000,0.000000,0.000000,1.000000,0.050000
1782441204.028250,-1,0.000597,inf,SAFE_STAND,0.000000,-0.102128,0.012261,-0.544036,0.000000,0.000000,0.000000,1.000000,0.050000
1782441204.048220,-1,0.000489,inf,SAFE_STAND,0.000000,-0.100583,0.011460,-0.543236,0.000000,0.000000,0.000000,1.000000,0.050000
1782441204.068247,-1,0.000439,inf,SAFE_STAND,0.000000,-0.099030,0.010733,-0.542338,0.000000,0.000000,0.000000,1.000000,0.050000
1782441204.088310,-1,0.000423,inf,SAFE_STAND,0.000000,-0.097494,0.010009,-0.541446,0.000000,0.000000,0.000000,1.000000,0.050000
1782441204.108620,-1,0.000661,inf,SAFE_STAND,0.000000,-0.096022,0.009295,-0.540499,0.000000,0.000000,0.000000,1.000000,0.050000
1782441204.128786,-1,0.000754,67480.948320,SAFE_STAND,0.000000,-0.094564,0.008621,-0.539663,0.000000,0.000000,0.000000,1.000000,0.050000
1782441204.148763,-1,0.000659,inf,SAFE_STAND,0.000000,-0.093048,0.007976,-0.538820,0.000000,0.000000,0.000000,1.000000,0.050000
1782441204.168599,-1,0.000416,inf,SAFE_STAND,0.000000,-0.091398,0.007454,-0.537792,0.000000,0.000000,0.000000,1.000000,0.050000
1782441204.188709,-1,0.000455,inf,SAFE_STAND,0.000000,-0.089866,0.006971,-0.536825,0.000000,0.000000,0.000000,1.000000,0.050000
1782441204.208749,-1,0.000424,inf,SAFE_STAND,0.000000,-0.088075,0.006339,-0.535675,0.000000,0.000000,0.000000,1.000000,0.050000
1782441204.228829,-1,0.000435,inf,SAFE_STAND,0.000000,-0.086375,0.005716,-0.534531,0.000000,0.000000,0.000000,1.000000,0.050000
1782441204.248891,-1,0.000426,inf,SAFE_STAND,0.000000,-0.084750,0.004973,-0.533490,0.000000,0.000000,0.000000,1.000000,0.050000
1782441204.269197,-1,0.000660,inf,SAFE_STAND,0.000000,-0.083189,0.004365,-0.532549,0.000000,0.000000,0.000000,1.000000,0.050000
1782441204.289263,-1,0.000655,inf,SAFE_STAND,0.000000,-0.081402,0.003515,-0.531348,0.000000,0.000000,0.000000,1.000000,0.050000
1782441204.309150,-1,0.000470,inf,SAFE_STAND,0.000000,-0.079409,0.002621,-0.529956,0.000000,0.000000,0.000000,1.000000,0.050000
1782441204.329173,-1,0.000421,inf,SAFE_STAND,0.000000,-0.077638,0.001870,-0.528746,0.000000,0.000000,0.000000,1.000000,0.050000
1782441204.349287,-1,0.000451,inf,SAFE_STAND,0.000000,-0.075690,0.001057,-0.527334,0.000000,0.000000,0.000000,1.000000,0.050000
1782441204.369329,-1,0.000422,inf,SAFE_STAND,0.000000,-0.073530,0.000333,-0.525760,0.000000,0.000000,0.000000,1.000000,0.050000
1782441204.389401,-1,0.000423,inf,SAFE_STAND,0.000000,-0.071463,-0.000558,-0.524199,0.000000,0.000000,0.000000,1.000000,0.050000
1782441204.409449,-1,0.000401,inf,SAFE_STAND,0.000000,-0.069227,-0.001432,-0.522434,0.000000,0.000000,0.000000,1.000000,0.050000
1782441204.429974,-1,0.000434,inf,SAFE_STAND,0.000000,-0.066899,-0.002312,-0.520482,0.000000,0.000000,0.000000,1.000000,0.050000
1782441204.450059,-1,0.000444,inf,SAFE_STAND,0.000000,-0.064305,-0.002730,-0.518213,0.000000,0.000000,0.000000,1.000000,0.050000
1782441204.470669,-1,0.000636,inf,SAFE_STAND,0.000000,-0.061739,-0.003268,-0.515765,0.000000,0.000000,0.000000,1.000000,0.050000
1782441204.490724,-1,0.000416,inf,SAFE_STAND,0.000000,-0.058962,-0.003768,-0.512999,0.000000,0.000000,0.000000,1.000000,0.050000
1782441204.510833,-1,0.000455,inf,SAFE_STAND,0.000000,-0.056252,-0.004077,-0.510161,0.000000,0.000000,0.000000,1.000000,0.050000
1782441204.530875,-1,0.000425,inf,SAFE_STAND,0.000000,-0.053530,-0.004289,-0.507139,0.000000,0.000000,0.000000,1.000000,0.050000
1782441204.551012,-1,0.000489,inf,SAFE_STAND,0.000000,-0.050786,-0.005103,-0.503962,0.000000,0.000000,0.000000,1.000000,0.050000
1782441204.571583,-1,0.000435,inf,SAFE_STAND,0.000000,-0.048002,-0.006192,-0.500754,0.000000,0.000000,0.000000,1.000000,0.050000
1782441204.591619,-1,0.000391,inf,SAFE_STAND,0.000000,-0.045258,-0.007349,-0.497354,0.000000,0.000000,0.000000,1.000000,0.050000
1782441204.611682,-1,0.000385,inf,SAFE_STAND,0.000000,-0.042457,-0.008712,-0.493813,0.000000,0.000000,0.000000,1.000000,0.050000
1782441204.632216,-1,0.000848,67481.451530,SAFE_STAND,0.000000,-0.040081,-0.010063,-0.490623,0.000000,0.000000,0.000000,1.000000,0.050000
1782441204.652065,-1,0.000424,inf,SAFE_STAND,0.000000,-0.037453,-0.011685,-0.487202,0.000000,0.000000,0.000000,1.000000,0.050000
1782441204.672341,-1,0.000455,inf,SAFE_STAND,0.000000,-0.035181,-0.013155,-0.484182,0.000000,0.000000,0.000000,1.000000,0.050000
1782441204.692427,-1,0.000468,inf,SAFE_STAND,0.000000,-0.032868,-0.014867,-0.481129,0.000000,0.000000,0.000000,1.000000,0.050000
1782441204.713087,-1,0.000828,inf,SAFE_STAND,0.000000,-0.030770,-0.016325,-0.478454,0.000000,0.000000,0.000000,1.000000,0.050000
1782441204.733086,-1,0.000709,inf,SAFE_STAND,0.000000,-0.028785,-0.017699,-0.475932,0.000000,0.000000,0.000000,1.000000,0.050000
1782441204.752974,-1,0.000459,inf,SAFE_STAND,0.000000,-0.026850,-0.019118,-0.473510,0.000000,0.000000,0.000000,1.000000,0.050000
1782441204.773070,-1,0.000427,inf,SAFE_STAND,0.000000,-0.025138,-0.020306,-0.471390,0.000000,0.000000,0.000000,1.000000,0.050000
1782441204.793205,-1,0.000433,inf,SAFE_STAND,0.000000,-0.023515,-0.021450,-0.469460,0.000000,0.000000,0.000000,1.000000,0.050000
1782441204.813596,-1,0.000437,inf,SAFE_STAND,0.000000,-0.021999,-0.022372,-0.467537,0.000000,0.000000,0.000000,1.000000,0.050000
1782441204.833732,-1,0.000449,inf,SAFE_STAND,0.000000,-0.020645,-0.023132,-0.465872,0.000000,0.000000,0.000000,1.000000,0.050000
1782441204.853855,-1,0.000440,inf,SAFE_STAND,0.000000,-0.019403,-0.023782,-0.464312,0.000000,0.000000,0.000000,1.000000,0.050000
1782441204.873953,-1,0.000441,inf,SAFE_STAND,0.000000,-0.018348,-0.024280,-0.462859,0.000000,0.000000,0.000000,1.000000,0.050000
1782441204.894383,-1,0.000434,inf,SAFE_STAND,0.000000,-0.017339,-0.024489,-0.461230,0.000000,0.000000,0.000000,1.000000,0.050000
1782441204.914497,-1,0.000429,inf,SAFE_STAND,0.000000,-0.016430,-0.024339,-0.459593,0.000000,0.000000,0.000000,1.000000,0.050000
1782441204.934650,-1,0.000437,inf,SAFE_STAND,0.000000,-0.015586,-0.024218,-0.457879,0.000000,0.000000,0.000000,1.000000,0.050000
1782441204.954772,-1,0.000440,inf,SAFE_STAND,0.000000,-0.014752,-0.023977,-0.455747,0.000000,0.000000,0.000000,1.000000,0.050000
1782441204.975274,-1,0.000431,inf,SAFE_STAND,0.000000,-0.013767,-0.023703,-0.452913,0.000000,0.000000,0.000000,1.000000,0.050000
1782441204.995420,-1,0.000455,inf,SAFE_STAND,0.000000,-0.012878,-0.023213,-0.450009,0.000000,0.000000,0.000000,1.000000,0.050000
1782441205.016054,-1,0.000436,inf,SAFE_STAND,0.000000,-0.011825,-0.022456,-0.446241,0.000000,0.000000,0.000000,1.000000,0.050000
1782441205.036160,-1,0.000420,inf,SAFE_STAND,0.000000,-0.010816,-0.021591,-0.442337,0.000000,0.000000,0.000000,1.000000,0.050000
1782441205.056896,-1,0.000761,inf,SAFE_STAND,0.000000,-0.009769,-0.020677,-0.438233,0.000000,0.000000,0.000000,1.000000,0.050000
1782441205.076820,-1,0.000428,inf,SAFE_STAND,0.000000,-0.008493,-0.019899,-0.433418,0.000000,0.000000,0.000000,1.000000,0.050000
1782441205.096949,-1,0.000434,inf,SAFE_STAND,0.000000,-0.007137,-0.019207,-0.428379,0.000000,0.000000,0.000000,1.000000,0.050000
1782441205.117421,-1,0.000781,inf,SAFE_STAND,0.000000,-0.005598,-0.018658,-0.422918,0.000000,0.000000,0.000000,1.000000,0.050000
1782441205.137624,-1,0.000850,67481.956969,SAFE_STAND,0.000000,-0.003985,-0.018334,-0.416920,0.000000,0.000000,0.000000,1.000000,0.050000
1782441205.157522,-1,0.000645,inf,SAFE_STAND,0.000000,-0.002338,-0.018135,-0.410751,0.000000,0.000000,0.000000,1.000000,0.050000
1782441205.177599,-1,0.000622,inf,SAFE_STAND,0.000000,-0.000701,-0.018118,-0.404590,0.000000,0.000000,0.000000,1.000000,0.050000
1782441205.197550,-1,0.000428,inf,SAFE_STAND,0.000000,0.001099,-0.018148,-0.397605,0.000000,0.000000,0.000000,1.000000,0.050000
1782441205.217615,-1,0.000423,inf,SAFE_STAND,0.000000,0.002897,-0.018172,-0.390530,0.000000,0.000000,0.000000,1.000000,0.050000
1782441205.238136,-1,0.000865,inf,SAFE_STAND,0.000000,0.004508,-0.018055,-0.383851,0.000000,0.000000,0.000000,1.000000,0.050000
1782441205.257800,-1,0.000457,inf,SAFE_STAND,0.000000,0.006060,-0.017904,-0.377734,0.000000,0.000000,0.000000,1.000000,0.050000
1782441205.278303,-1,0.000477,inf,SAFE_STAND,0.000000,0.007655,-0.017774,-0.371443,0.000000,0.000000,0.000000,1.000000,0.050000
1782441205.298370,-1,0.000469,inf,SAFE_STAND,0.000000,0.009084,-0.017503,-0.364680,0.000000,0.000000,0.000000,1.000000,0.050000
1782441205.318961,-1,0.000702,inf,SAFE_STAND,0.000000,0.010292,-0.017233,-0.359054,0.000000,0.000000,0.000000,1.000000,0.050000
1782441205.339036,-1,0.000693,inf,SAFE_STAND,0.000000,0.011517,-0.016967,-0.353196,0.000000,0.000000,0.000000,1.000000,0.050000
1782441205.359054,-1,0.000435,inf,SAFE_STAND,0.000000,0.012739,-0.016496,-0.347109,0.000000,0.000000,0.000000,1.000000,0.050000
1782441205.379182,-1,0.000440,inf,SAFE_STAND,0.000000,0.013935,-0.016105,-0.341422,0.000000,0.000000,0.000000,1.000000,0.050000
1782441205.399326,-1,0.000446,inf,SAFE_STAND,0.000000,0.015049,-0.015727,-0.335876,0.000000,0.000000,0.000000,1.000000,0.050000
1782441205.419919,-1,0.000528,inf,SAFE_STAND,0.000000,0.016216,-0.015436,-0.330175,0.000000,0.000000,0.000000,1.000000,0.050000
1782441205.440038,-1,0.000563,inf,SAFE_STAND,0.000000,0.017355,-0.015217,-0.324787,0.000000,0.000000,0.000000,1.000000,0.050000
1782441205.460723,-1,0.000943,inf,SAFE_STAND,0.000000,0.018447,-0.014997,-0.319473,0.000000,0.000000,0.000000,1.000000,0.050000
1782441205.480575,-1,0.000464,inf,SAFE_STAND,0.000000,0.019597,-0.014847,-0.314033,0.000000,0.000000,0.000000,1.000000,0.050000
1782441205.500669,-1,0.000436,inf,SAFE_STAND,0.000000,0.020576,-0.014761,-0.309283,0.000000,0.000000,0.000000,1.000000,0.050000
1782441205.521041,-1,0.000664,inf,SAFE_STAND,0.000000,0.021492,-0.014684,-0.304167,0.000000,0.000000,0.000000,1.000000,0.050000
1782441205.541148,-1,0.000691,inf,SAFE_STAND,0.000000,0.022367,-0.014535,-0.299408,0.000000,0.000000,0.000000,1.000000,0.050000
1782441205.561188,-1,0.000653,inf,SAFE_STAND,0.000000,0.023165,-0.014307,-0.294875,0.000000,0.000000,0.000000,1.000000,0.050000
1782441205.581319,-1,0.000428,inf,SAFE_STAND,0.000000,0.023992,-0.014040,-0.289933,0.000000,0.000000,0.000000,1.000000,0.050000
1782441205.601440,-1,0.000423,inf,SAFE_STAND,0.000000,0.024812,-0.013644,-0.285016,0.000000,0.000000,0.000000,1.000000,0.050000
1782441205.621932,-1,0.000837,inf,SAFE_STAND,0.000000,0.025648,-0.013331,-0.280643,0.000000,0.000000,0.000000,1.000000,0.050000
1782441205.642152,-1,0.000979,67482.461294,SAFE_STAND,0.000000,0.026584,-0.012935,-0.276223,0.000000,0.000000,0.000000,1.000000,0.050000
1782441205.661918,-1,0.000656,inf,SAFE_STAND,0.000000,0.027604,-0.012693,-0.271891,0.000000,0.000000,0.000000,1.000000,0.050000
1782441205.682110,-1,0.000507,inf,SAFE_STAND,0.000000,0.028625,-0.012391,-0.267481,0.000000,0.000000,0.000000,1.000000,0.050000
1782441205.702127,-1,0.000446,inf,SAFE_STAND,0.000000,0.029480,-0.012137,-0.263344,0.000000,0.000000,0.000000,1.000000,0.050000
1782441205.722957,-1,0.000959,inf,SAFE_STAND,0.000000,0.030084,-0.011922,-0.259381,0.000000,0.000000,0.000000,1.000000,0.050000
1782441205.743008,-1,0.000923,inf,SAFE_STAND,0.000000,0.030512,-0.011645,-0.255665,0.000000,0.000000,0.000000,1.000000,0.050000
1782441205.763040,-1,0.000691,inf,SAFE_STAND,0.000000,0.030857,-0.011360,-0.252091,0.000000,0.000000,0.000000,1.000000,0.050000
1782441205.783782,-1,0.001009,inf,SAFE_STAND,0.000000,0.031095,-0.011012,-0.249006,0.000000,0.000000,0.000000,1.000000,0.050000
1782441205.803875,-1,0.000663,inf,SAFE_STAND,0.000000,0.031217,-0.010518,-0.246250,0.000000,0.000000,0.000000,1.000000,0.050000
1782441205.824727,-1,0.001071,inf,SAFE_STAND,0.000000,0.031245,-0.009899,-0.243653,0.000000,0.000000,0.000000,1.000000,0.050000
1782441205.844787,-1,0.000678,inf,SAFE_STAND,0.000000,0.031197,-0.009229,-0.241544,0.000000,0.000000,0.000000,1.000000,0.050000
1782441205.865572,-1,0.001014,inf,SAFE_STAND,0.000000,0.031158,-0.008576,-0.239595,0.000000,0.000000,0.000000,1.000000,0.050000
1782441205.885723,-1,0.000744,inf,SAFE_STAND,0.000000,0.031104,-0.007897,-0.238003,0.000000,0.000000,0.000000,1.000000,0.050000
1782441205.906549,-1,0.000691,inf,SAFE_STAND,0.000000,0.031021,-0.007244,-0.236812,0.000000,0.000000,0.000000,1.000000,0.050000
1782441205.927403,-1,0.000684,inf,SAFE_STAND,0.000000,0.030869,-0.006587,-0.235869,0.000000,0.000000,0.000000,1.000000,0.050000
1782441205.947908,-1,0.000688,inf,SAFE_STAND,0.000000,0.030694,-0.006078,-0.235352,0.000000,0.000000,0.000000,1.000000,0.050000
1782441205.968115,-1,0.000684,inf,SAFE_STAND,0.000000,0.030482,-0.005554,-0.235034,0.000000,0.000000,0.000000,1.000000,0.050000
1782441205.988234,-1,0.000685,inf,SAFE_STAND,0.000000,0.030228,-0.005024,-0.234986,0.000000,0.000000,0.000000,1.000000,0.050000
1782441206.008985,-1,0.001076,inf,SAFE_STAND,0.000000,0.030001,-0.004494,-0.235118,0.000000,0.000000,0.000000,1.000000,0.050000
1782441206.029080,-1,0.000683,inf,SAFE_STAND,0.000000,0.029732,-0.003963,-0.235326,0.000000,0.000000,0.000000,1.000000,0.050000
1782441206.049497,-1,0.000979,inf,SAFE_STAND,0.000000,0.029497,-0.003498,-0.235630,0.000000,0.000000,0.000000,1.000000,0.050000
1782441206.069580,-1,0.000930,inf,SAFE_STAND,0.000000,0.029309,-0.003060,-0.235919,0.000000,0.000000,0.000000,1.000000,0.050000
1782441206.089683,-1,0.000913,inf,SAFE_STAND,0.000000,0.029156,-0.002624,-0.236214,0.000000,0.000000,0.000000,1.000000,0.050000
1782441206.109828,-1,0.000935,inf,SAFE_STAND,0.000000,0.029042,-0.002300,-0.236362,0.000000,0.000000,0.000000,1.000000,0.050000
1782441206.129971,-1,0.000695,inf,SAFE_STAND,0.000000,0.028990,-0.002041,-0.236377,0.000000,0.000000,0.000000,1.000000,0.050000
1782441206.150624,-1,0.000958,67482.969923,SAFE_STAND,0.000000,0.028977,-0.001928,-0.236345,0.000000,0.000000,0.000000,1.000000,0.050000
1782441206.171057,-1,0.000934,inf,SAFE_STAND,0.000000,0.028999,-0.001923,-0.236279,0.000000,0.000000,0.000000,1.000000,0.050000
1782441206.191160,-1,0.000914,inf,SAFE_STAND,0.000000,0.029114,-0.001930,-0.236181,0.000000,0.000000,0.000000,1.000000,0.050000
1782441206.211292,-1,0.000921,inf,SAFE_STAND,0.000000,0.029264,-0.002013,-0.236027,0.000000,0.000000,0.000000,1.000000,0.050000
1782441206.231445,-1,0.000683,inf,SAFE_STAND,0.000000,0.029497,-0.002104,-0.235810,0.000000,0.000000,0.000000,1.000000,0.050000
1782441206.252077,-1,0.000936,inf,SAFE_STAND,0.000000,0.029775,-0.002313,-0.235535,0.000000,0.000000,0.000000,1.000000,0.050000
1782441206.272100,-1,0.000681,inf,SAFE_STAND,0.000000,0.030068,-0.002576,-0.235220,0.000000,0.000000,0.000000,1.000000,0.050000
1782441206.292252,-1,0.000685,inf,SAFE_STAND,0.000000,0.030406,-0.002872,-0.234867,0.000000,0.000000,0.000000,1.000000,0.050000
1782441206.312688,-1,0.000931,inf,SAFE_STAND,0.000000,0.030800,-0.003191,-0.234362,0.000000,0.000000,0.000000,1.000000,0.050000
1782441206.332756,-1,0.000699,inf,SAFE_STAND,0.000000,0.031278,-0.003510,-0.233719,0.000000,0.000000,0.000000,1.000000,0.050000
1782441206.352897,-1,0.000712,inf,SAFE_STAND,0.000000,0.031761,-0.003912,-0.232814,0.000000,0.000000,0.000000,1.000000,0.050000
1782441206.373022,-1,0.000686,inf,SAFE_STAND,0.000000,0.032215,-0.004438,-0.231752,0.000000,0.000000,0.000000,1.000000,0.050000
1782441206.393715,-1,0.001009,inf,SAFE_STAND,0.000000,0.032665,-0.004988,-0.230620,0.000000,0.000000,0.000000,1.000000,0.050000
1782441206.413679,-1,0.000623,inf,SAFE_STAND,0.000000,0.033261,-0.005717,-0.229140,0.000000,0.000000,0.000000,1.000000,0.050000
1782441206.434093,-1,0.000701,inf,SAFE_STAND,0.000000,0.033838,-0.006367,-0.227620,0.000000,0.000000,0.000000,1.000000,0.050000
1782441206.454051,-1,0.000432,inf,SAFE_STAND,0.000000,0.034408,-0.007084,-0.225968,0.000000,0.000000,0.000000,1.000000,0.050000
1782441206.474152,-1,0.000417,inf,SAFE_STAND,0.000000,0.035037,-0.007715,-0.224417,0.000000,0.000000,0.000000,1.000000,0.050000
1782441206.494204,-1,0.000399,inf,SAFE_STAND,0.000000,0.035771,-0.008244,-0.222519,0.000000,0.000000,0.000000,1.000000,0.050000
1782441206.514297,-1,0.000424,inf,SAFE_STAND,0.000000,0.036406,-0.008616,-0.220598,0.000000,0.000000,0.000000,1.000000,0.050000
1782441206.534338,-1,0.000395,inf,SAFE_STAND,0.000000,0.036859,-0.008746,-0.218868,0.000000,0.000000,0.000000,1.000000,0.050000
1782441206.554864,-1,0.000625,inf,SAFE_STAND,0.000000,0.037278,-0.008727,-0.216957,0.000000,0.000000,0.000000,1.000000,0.050000
1782441206.574982,-1,0.000496,inf,SAFE_STAND,0.000000,0.037607,-0.008559,-0.215103,0.000000,0.000000,0.000000,1.000000,0.050000
1782441206.594971,-1,0.000412,inf,SAFE_STAND,0.000000,0.037906,-0.008330,-0.213149,0.000000,0.000000,0.000000,1.000000,0.050000
1782441206.615101,-1,0.000468,inf,SAFE_STAND,0.000000,0.038217,-0.008069,-0.211287,0.000000,0.000000,0.000000,1.000000,0.050000
1782441206.635623,-1,0.000701,inf,SAFE_STAND,0.000000,0.038627,-0.007781,-0.209450,0.000000,0.000000,0.000000,1.000000,0.050000
1782441206.655882,-1,0.000561,67483.475424,SAFE_STAND,0.000000,0.039088,-0.007355,-0.207663,0.000000,0.000000,0.000000,1.000000,0.050000
1782441206.676401,-1,0.000650,inf,SAFE_STAND,0.000000,0.039486,-0.006882,-0.205817,0.000000,0.000000,0.000000,1.000000,0.050000
1782441206.696272,-1,0.000426,inf,SAFE_STAND,0.000000,0.039857,-0.006360,-0.204002,0.000000,0.000000,0.000000,1.000000,0.050000
1782441206.716409,-1,0.000491,inf,SAFE_STAND,0.000000,0.040121,-0.005787,-0.202384,0.000000,0.000000,0.000000,1.000000,0.050000
1782441206.736508,-1,0.000512,inf,SAFE_STAND,0.000000,0.040295,-0.005024,-0.200688,0.000000,0.000000,0.000000,1.000000,0.050000
1782441206.756548,-1,0.000469,inf,SAFE_STAND,0.000000,0.040421,-0.004256,-0.199050,0.000000,0.000000,0.000000,1.000000,0.050000
1782441206.776564,-1,0.000408,inf,SAFE_STAND,0.000000,0.040517,-0.003526,-0.197475,0.000000,0.000000,0.000000,1.000000,0.050000
1782441206.797092,-1,0.000619,inf,SAFE_STAND,0.000000,0.040567,-0.002723,-0.195901,0.000000,0.000000,0.000000,1.000000,0.050000
1782441206.817133,-1,0.000524,inf,SAFE_STAND,0.000000,0.040603,-0.001830,-0.194197,0.000000,0.000000,0.000000,1.000000,0.050000
1782441206.837167,-1,0.000480,inf,SAFE_STAND,0.000000,0.040644,-0.001086,-0.192706,0.000000,0.000000,0.000000,1.000000,0.050000
1782441206.857198,-1,0.000439,inf,SAFE_STAND,0.000000,0.040670,-0.000238,-0.191258,0.000000,0.000000,0.000000,1.000000,0.050000
1782441206.877251,-1,0.000422,inf,SAFE_STAND,0.000000,0.040658,0.000778,-0.189967,0.000000,0.000000,0.000000,1.000000,0.050000
1782441206.897766,-1,0.000629,inf,SAFE_STAND,0.000000,0.040614,0.001870,-0.188799,0.000000,0.000000,0.000000,1.000000,0.050000
1782441206.917673,-1,0.000466,inf,SAFE_STAND,0.000000,0.040497,0.003048,-0.187683,0.000000,0.000000,0.000000,1.000000,0.050000
1782441206.937804,-1,0.000447,inf,SAFE_STAND,0.000000,0.040342,0.004125,-0.186721,0.000000,0.000000,0.000000,1.000000,0.050000
1782441206.957845,-1,0.000420,inf,SAFE_STAND,0.000000,0.040150,0.005014,-0.185838,0.000000,0.000000,0.000000,1.000000,0.050000
1782441206.977873,-1,0.000419,inf,SAFE_STAND,0.000000,0.039935,0.005834,-0.184900,0.000000,0.000000,0.000000,1.000000,0.050000
1782441206.997956,-1,0.000431,inf,SAFE_STAND,0.000000,0.039685,0.006519,-0.183991,0.000000,0.000000,0.000000,1.000000,0.050000
1782441207.018246,-1,0.000646,inf,SAFE_STAND,0.000000,0.039449,0.007027,-0.183040,0.000000,0.000000,0.000000,1.000000,0.050000
1782441207.038280,-1,0.000612,inf,SAFE_STAND,0.000000,0.039274,0.007417,-0.182142,0.000000,0.000000,0.000000,1.000000,0.050000
1782441207.058384,-1,0.000645,inf,SAFE_STAND,0.000000,0.039128,0.007679,-0.181094,0.000000,0.000000,0.000000,1.000000,0.050000
1782441207.078235,-1,0.000396,inf,SAFE_STAND,0.000000,0.039053,0.007781,-0.180049,0.000000,0.000000,0.000000,1.000000,0.050000
1782441207.098317,-1,0.000411,inf,SAFE_STAND,0.000000,0.039011,0.007727,-0.178901,0.000000,0.000000,0.000000,1.000000,0.050000
1782441207.118385,-1,0.000409,inf,SAFE_STAND,0.000000,0.039017,0.007414,-0.177638,0.000000,0.000000,0.000000,1.000000,0.050000
1782441207.138456,-1,0.000411,inf,SAFE_STAND,0.000000,0.039120,0.006983,-0.176334,0.000000,0.000000,0.000000,1.000000,0.050000
1782441207.158919,-1,0.000806,67483.978214,SAFE_STAND,0.000000,0.039282,0.006351,-0.175068,0.000000,0.000000,0.000000,1.000000,0.050000
1782441207.178810,-1,0.000626,inf,SAFE_STAND,0.000000,0.039522,0.005551,-0.173711,0.000000,0.000000,0.000000,1.000000,0.050000
1782441207.198861,-1,0.000604,inf,SAFE_STAND,0.000000,0.039848,0.004559,-0.172306,0.000000,0.000000,0.000000,1.000000,0.050000
1782441207.218781,-1,0.000446,inf,SAFE_STAND,0.000000,0.040221,0.003463,-0.170763,0.000000,0.000000,0.000000,1.000000,0.050000
1782441207.238847,-1,0.000410,inf,SAFE_STAND,0.000000,0.040581,0.002402,-0.169304,0.000000,0.000000,0.000000,1.000000,0.050000
1782441207.258934,-1,0.000429,inf,SAFE_STAND,0.000000,0.041004,0.001151,-0.167645,0.000000,0.000000,0.000000,1.000000,0.050000
1782441207.279325,-1,0.000764,inf,SAFE_STAND,0.000000,0.041395,-0.000082,-0.166067,0.000000,0.000000,0.000000,1.000000,0.050000
1782441207.299562,-1,0.000909,inf,SAFE_STAND,0.000000,0.041796,-0.001297,-0.164379,0.000000,0.000000,0.000000,1.000000,0.050000
1782441207.319626,-1,0.000887,inf,SAFE_STAND,0.000000,0.042190,-0.002416,-0.162716,0.000000,0.000000,0.000000,1.000000,0.050000
1782441207.339763,-1,0.000939,inf,SAFE_STAND,0.000000,0.042577,-0.003520,-0.160983,0.000000,0.000000,0.000000,1.000000,0.050000
1782441207.359732,-1,0.000820,inf,SAFE_STAND,0.000000,0.042908,-0.004562,-0.159256,0.000000,0.000000,0.000000,1.000000,0.050000
1782441207.379490,-1,0.000427,inf,SAFE_STAND,0.000000,0.043234,-0.005562,-0.157352,0.000000,0.000000,0.000000,1.000000,0.050000
1782441207.399549,-1,0.000417,inf,SAFE_STAND,0.000000,0.043474,-0.006395,-0.155543,0.000000,0.000000,0.000000,1.000000,0.050000
1782441207.419647,-1,0.000445,inf,SAFE_STAND,0.000000,0.043695,-0.007259,-0.153539,0.000000,0.000000,0.000000,1.000000,0.050000
1782441207.439763,-1,0.000483,inf,SAFE_STAND,0.000000,0.043836,-0.007916,-0.151587,0.000000,0.000000,0.000000,1.000000,0.050000
1782441207.460483,-1,0.000575,inf,SAFE_STAND,0.000000,0.043892,-0.008430,-0.149754,0.000000,0.000000,0.000000,1.000000,0.050000
1782441207.480441,-1,0.000440,inf,SAFE_STAND,0.000000,0.043895,-0.008936,-0.147693,0.000000,0.000000,0.000000,1.000000,0.050000
1782441207.500475,-1,0.000402,inf,SAFE_STAND,0.000000,0.043830,-0.009316,-0.145724,0.000000,0.000000,0.000000,1.000000,0.050000
1782441207.521006,-1,0.000482,inf,SAFE_STAND,0.000000,0.043693,-0.009446,-0.144037,0.000000,0.000000,0.000000,1.000000,0.050000
1782441207.541025,-1,0.000428,inf,SAFE_STAND,0.000000,0.043554,-0.009325,-0.142295,0.000000,0.000000,0.000000,1.000000,0.050000
1782441207.561121,-1,0.000454,inf,SAFE_STAND,0.000000,0.043428,-0.008792,-0.140667,0.000000,0.000000,0.000000,1.000000,0.050000
1782441207.581156,-1,0.000416,inf,SAFE_STAND,0.000000,0.043305,-0.007989,-0.138992,0.000000,0.000000,0.000000,1.000000,0.050000
1782441207.601493,-1,0.000684,inf,SAFE_STAND,0.000000,0.043195,-0.007020,-0.137330,0.000000,0.000000,0.000000,1.000000,0.050000
1782441207.621580,-1,0.000698,inf,SAFE_STAND,0.000000,0.043068,-0.006047,-0.135550,0.000000,0.000000,0.000000,1.000000,0.050000
1782441207.641771,-1,0.000478,inf,SAFE_STAND,0.000000,0.042927,-0.005136,-0.133682,0.000000,0.000000,0.000000,1.000000,0.050000
1782441207.662270,-1,0.000904,67484.481479,SAFE_STAND,0.000000,0.042833,-0.004369,-0.131606,0.000000,0.000000,0.000000,1.000000,0.050000
1782441207.681970,-1,0.000513,inf,SAFE_STAND,0.000000,0.042789,-0.003824,-0.129552,0.000000,0.000000,0.000000,1.000000,0.050000
1782441207.702401,-1,0.000648,inf,SAFE_STAND,0.000000,0.042824,-0.003461,-0.127580,0.000000,0.000000,0.000000,1.000000,0.050000
1782441207.722244,-1,0.000420,inf,SAFE_STAND,0.000000,0.042971,-0.003241,-0.125395,0.000000,0.000000,0.000000,1.000000,0.050000
1782441207.742420,-1,0.000497,inf,SAFE_STAND,0.000000,0.043221,-0.003271,-0.123459,0.000000,0.000000,0.000000,1.000000,0.050000
1782441207.762455,-1,0.000457,inf,SAFE_STAND,0.000000,0.043575,-0.003439,-0.121558,0.000000,0.000000,0.000000,1.000000,0.050000
1782441207.782476,-1,0.000406,inf,SAFE_STAND,0.000000,0.044034,-0.003789,-0.119637,0.000000,0.000000,0.000000,1.000000,0.050000
1782441207.802572,-1,0.000431,inf,SAFE_STAND,0.000000,0.044610,-0.004176,-0.117666,0.000000,0.000000,0.000000,1.000000,0.050000
1782441207.823100,-1,0.000466,inf,SAFE_STAND,0.000000,0.045186,-0.004443,-0.115913,0.000000,0.000000,0.000000,1.000000,0.050000
1782441207.843161,-1,0.000455,inf,SAFE_STAND,0.000000,0.045534,-0.004820,-0.114303,0.000000,0.000000,0.000000,1.000000,0.050000
