timestamp,frame_id,loop_dt,redis_age,mode,risk_score,roll,pitch,yaw,max_tracking_error,rms_tracking_error,max_torque_ratio,ramp,deploy_action_scale
1782353194.531269,0,0.000509,inf,STAND_TEST,0.000000,0.008959,0.081597,-0.128712,0.000000,0.000000,0.000000,1.000000,1.000000
1782353194.551707,1,0.000822,inf,STAND_TEST,0.000000,0.008953,0.081612,-0.128743,0.000000,0.000000,0.000000,1.000000,1.000000
1782353194.571669,2,0.000727,inf,STAND_TEST,0.000000,0.008973,0.081609,-0.128732,0.000000,0.000000,0.000000,1.000000,1.000000
1782353194.591562,3,0.000564,inf,STAND_TEST,0.000000,0.008976,0.081644,-0.128726,0.000000,0.000000,0.000000,1.000000,1.000000
1782353194.611670,4,0.000615,inf,STAND_TEST,0.000000,0.008949,0.081678,-0.128742,0.000000,0.000000,0.000000,1.000000,1.000000
1782353194.631747,5,0.000639,inf,STAND_TEST,0.000000,0.008984,0.081679,-0.128744,0.000000,0.000000,0.000000,1.000000,1.000000
1782353194.651726,6,0.000401,inf,STAND_TEST,0.000000,0.008989,0.081704,-0.128742,0.000000,0.000000,0.000000,1.000000,1.000000
1782353194.671839,7,0.000459,inf,STAND_TEST,0.000000,0.008990,0.081686,-0.128717,0.000000,0.000000,0.000000,1.000000,1.000000
1782353194.691844,8,0.000411,inf,STAND_TEST,0.000000,0.008983,0.081686,-0.128736,0.000000,0.000000,0.000000,1.000000,1.000000
1782353194.712296,9,0.000809,inf,STAND_TEST,0.000000,0.008960,0.081713,-0.128750,0.000000,0.000000,0.000000,1.000000,1.000000
1782353194.731971,10,0.000431,inf,STAND_TEST,0.000000,0.008979,0.081716,-0.128769,0.000000,0.000000,0.000000,1.000000,1.000000
1782353194.752310,11,0.000667,inf,STAND_TEST,0.000000,0.008979,0.081734,-0.128807,0.000000,0.000000,0.000000,1.000000,1.000000
1782353194.772407,12,0.000543,inf,STAND_TEST,0.000000,0.008994,0.081743,-0.128791,0.000000,0.000000,0.000000,1.000000,1.000000
1782353194.792361,13,0.000442,inf,STAND_TEST,0.000000,0.008977,0.081740,-0.128818,0.000000,0.000000,0.000000,1.000000,1.000000
1782353194.812429,14,0.000455,inf,STAND_TEST,0.000000,0.008984,0.081748,-0.128818,0.000000,0.000000,0.000000,1.000000,1.000000
1782353194.832453,15,0.000425,inf,STAND_TEST,0.000000,0.008989,0.081692,-0.128809,0.000000,0.000000,0.000000,1.000000,1.000000
1782353194.852502,16,0.000419,inf,STAND_TEST,0.000000,0.008994,0.081686,-0.128784,0.000000,0.000000,0.000000,1.000000,1.000000
1782353194.872778,17,0.000641,inf,STAND_TEST,0.000000,0.008998,0.081701,-0.128808,0.000000,0.000000,0.000000,1.000000,1.000000
1782353194.892848,18,0.000656,inf,STAND_TEST,0.000000,0.008989,0.081727,-0.128787,0.000000,0.000000,0.000000,1.000000,1.000000
1782353194.912879,19,0.000632,inf,STAND_TEST,0.000000,0.008996,0.081678,-0.128781,0.000000,0.000000,0.000000,1.000000,1.000000
1782353194.932902,20,0.000601,inf,STAND_TEST,0.000000,0.008992,0.081639,-0.128773,0.000000,0.000000,0.000000,1.000000,1.000000
1782353194.952905,21,0.000423,inf,STAND_TEST,0.000000,0.008987,0.081628,-0.128793,0.000000,0.000000,0.000000,1.000000,1.000000
1782353194.973016,22,0.000408,inf,STAND_TEST,0.000000,0.009008,0.081613,-0.128757,0.000000,0.000000,0.000000,1.000000,1.000000
1782353194.993126,23,0.000462,inf,STAND_TEST,0.000000,0.009042,0.081592,-0.128736,0.000000,0.000000,0.000000,1.000000,1.000000
1782353195.013150,24,0.000479,inf,STAND_TEST,0.000000,0.009047,0.081587,-0.128751,0.000000,0.000000,0.000000,1.000000,1.000000
1782353195.033163,25,0.000437,inf,STAND_TEST,0.000000,0.009076,0.081613,-0.128780,0.000000,0.000000,0.000000,1.000000,1.000000
1782353195.053581,26,0.000800,inf,STAND_TEST,0.000000,0.009055,0.081660,-0.128870,0.000000,0.000000,0.000000,1.000000,1.000000
1782353195.073455,27,0.000619,inf,STAND_TEST,0.000000,0.009020,0.081673,-0.128901,0.000000,0.000000,0.000000,1.000000,1.000000
1782353195.093537,28,0.000647,inf,STAND_TEST,0.000000,0.009004,0.081661,-0.128896,0.000000,0.000000,0.000000,1.000000,1.000000
1782353195.113374,29,0.000430,inf,STAND_TEST,0.000000,0.009013,0.081654,-0.128924,0.000000,0.000000,0.000000,1.000000,1.000000
1782353195.133398,30,0.000396,inf,STAND_TEST,0.000000,0.009009,0.081646,-0.128902,0.000000,0.000000,0.000000,1.000000,1.000000
1782353195.153481,31,0.000458,inf,STAND_TEST,0.000000,0.009020,0.081668,-0.128879,0.000000,0.000000,0.000000,1.000000,1.000000
1782353195.173506,32,0.000429,inf,STAND_TEST,0.000000,0.009019,0.081685,-0.128859,0.000000,0.000000,0.000000,1.000000,1.000000
1782353195.193571,33,0.000440,inf,STAND_TEST,0.000000,0.009014,0.081689,-0.128881,0.000000,0.000000,0.000000,1.000000,1.000000
1782353195.213598,34,0.000414,inf,STAND_TEST,0.000000,0.009016,0.081688,-0.128893,0.000000,0.000000,0.000000,1.000000,1.000000
1782353195.233888,35,0.000649,inf,STAND_TEST,0.000000,0.008989,0.081697,-0.128919,0.000000,0.000000,0.000000,1.000000,1.000000
1782353195.253972,36,0.000679,inf,STAND_TEST,0.000000,0.008995,0.081737,-0.128921,0.000000,0.000000,0.000000,1.000000,1.000000
1782353195.274118,37,0.000769,inf,STAND_TEST,0.000000,0.009015,0.081766,-0.128906,0.000000,0.000000,0.000000,1.000000,1.000000
1782353195.294108,38,0.000472,inf,STAND_TEST,0.000000,0.009026,0.081787,-0.128870,0.000000,0.000000,0.000000,1.000000,1.000000
1782353195.314134,39,0.000443,inf,STAND_TEST,0.000000,0.009035,0.081757,-0.128854,0.000000,0.000000,0.000000,1.000000,1.000000
1782353195.334182,40,0.000435,inf,STAND_TEST,0.000000,0.009043,0.081803,-0.128890,0.000000,0.000000,0.000000,1.000000,1.000000
1782353195.354299,41,0.000497,inf,STAND_TEST,0.000000,0.009037,0.081783,-0.128845,0.000000,0.000000,0.000000,1.000000,1.000000
1782353195.374525,42,0.000668,inf,STAND_TEST,0.000000,0.009038,0.081766,-0.128853,0.000000,0.000000,0.000000,1.000000,1.000000
1782353195.394535,43,0.000412,inf,STAND_TEST,0.000000,0.009022,0.081811,-0.128824,0.000000,0.000000,0.000000,1.000000,1.000000
1782353195.414632,44,0.000454,inf,STAND_TEST,0.000000,0.009012,0.081776,-0.128863,0.000000,0.000000,0.000000,1.000000,1.000000
1782353195.434721,45,0.000459,inf,STAND_TEST,0.000000,0.008997,0.081766,-0.128851,0.000000,0.000000,0.000000,1.000000,1.000000
1782353195.454764,46,0.000447,inf,STAND_TEST,0.000000,0.009005,0.081758,-0.128791,0.000000,0.000000,0.000000,1.000000,1.000000
1782353195.474806,47,0.000434,inf,STAND_TEST,0.000000,0.008997,0.081789,-0.128778,0.000000,0.000000,0.000000,1.000000,1.000000
1782353195.495222,48,0.000795,inf,STAND_TEST,0.000000,0.008981,0.081782,-0.128739,0.000000,0.000000,0.000000,1.000000,1.000000
1782353195.514923,49,0.000440,inf,STAND_TEST,0.000000,0.009011,0.081763,-0.128695,0.000000,0.000000,0.000000,1.000000,1.000000
1782353195.535297,50,0.000760,inf,STAND_TEST,0.000000,0.008989,0.081757,-0.128707,0.000000,0.000000,0.000000,1.000000,1.000000
1782353195.555260,51,0.000667,inf,STAND_TEST,0.000000,0.008969,0.081736,-0.128682,0.000000,0.000000,0.000000,1.000000,1.000000
1782353195.575266,52,0.000445,inf,STAND_TEST,0.000000,0.008984,0.081695,-0.128611,0.000000,0.000000,0.000000,1.000000,1.000000
1782353195.595333,53,0.000457,inf,STAND_TEST,0.000000,0.008981,0.081684,-0.128582,0.000000,0.000000,0.000000,1.000000,1.000000
1782353195.615365,54,0.000431,inf,STAND_TEST,0.000000,0.008973,0.081677,-0.128538,0.000000,0.000000,0.000000,1.000000,1.000000
1782353195.635417,55,0.000425,inf,STAND_TEST,0.000000,0.008985,0.081640,-0.128528,0.000000,0.000000,0.000000,1.000000,1.000000
1782353195.655776,56,0.000727,inf,STAND_TEST,0.000000,0.008962,0.081643,-0.128515,0.000000,0.000000,0.000000,1.000000,1.000000
1782353195.675797,57,0.000690,inf,STAND_TEST,0.000000,0.008941,0.081677,-0.128557,0.000000,0.000000,0.000000,1.000000,1.000000
1782353195.695820,58,0.000655,inf,STAND_TEST,0.000000,0.008961,0.081710,-0.128525,0.000000,0.000000,0.000000,1.000000,1.000000
1782353195.715873,59,0.000456,inf,STAND_TEST,0.000000,0.008963,0.081714,-0.128523,0.000000,0.000000,0.000000,1.000000,1.000000
1782353195.735924,60,0.000452,inf,STAND_TEST,0.000000,0.008947,0.081693,-0.128520,0.000000,0.000000,0.000000,1.000000,1.000000
1782353195.755963,61,0.000434,inf,STAND_TEST,0.000000,0.008955,0.081652,-0.128471,0.000000,0.000000,0.000000,1.000000,1.000000
1782353195.776059,62,0.000474,inf,STAND_TEST,0.000000,0.008962,0.081642,-0.128438,0.000000,0.000000,0.000000,1.000000,1.000000
1782353195.796066,63,0.000427,inf,STAND_TEST,0.000000,0.008980,0.081649,-0.128414,0.000000,0.000000,0.000000,1.000000,1.000000
1782353195.816371,64,0.000675,inf,STAND_TEST,0.000000,0.008957,0.081612,-0.128389,0.000000,0.000000,0.000000,1.000000,1.000000
1782353195.836551,65,0.000799,inf,STAND_TEST,0.000000,0.008952,0.081591,-0.128376,0.000000,0.000000,0.000000,1.000000,1.000000
1782353195.856330,66,0.000429,inf,STAND_TEST,0.000000,0.008949,0.081587,-0.128367,0.000000,0.000000,0.000000,1.000000,1.000000
1782353195.876390,67,0.000434,inf,STAND_TEST,0.000000,0.008932,0.081601,-0.128319,0.000000,0.000000,0.000000,1.000000,1.000000
1782353195.896465,68,0.000453,inf,STAND_TEST,0.000000,0.008922,0.081596,-0.128313,0.000000,0.000000,0.000000,1.000000,1.000000
1782353195.916475,69,0.000408,inf,STAND_TEST,0.000000,0.008931,0.081648,-0.128325,0.000000,0.000000,0.000000,1.000000,1.000000
1782353195.936501,70,0.000379,inf,STAND_TEST,0.000000,0.008926,0.081614,-0.128301,0.000000,0.000000,0.000000,1.000000,1.000000
1782353195.956616,71,0.000439,inf,STAND_TEST,0.000000,0.008919,0.081590,-0.128307,0.000000,0.000000,0.000000,1.000000,1.000000
1782353195.977019,72,0.000787,inf,STAND_TEST,0.000000,0.008907,0.081627,-0.128290,0.000000,0.000000,0.000000,1.000000,1.000000
1782353195.996871,73,0.000447,inf,STAND_TEST,0.000000,0.008898,0.081670,-0.128252,0.000000,0.000000,0.000000,1.000000,1.000000
1782353196.017024,74,0.000422,inf,STAND_TEST,0.000000,0.008897,0.081671,-0.128241,0.000000,0.000000,0.000000,1.000000,1.000000
1782353196.037047,75,0.000390,inf,STAND_TEST,0.000000,0.008873,0.081723,-0.128242,0.000000,0.000000,0.000000,1.000000,1.000000
1782353196.057149,76,0.000437,inf,STAND_TEST,0.000000,0.008899,0.081695,-0.128218,0.000000,0.000000,0.000000,1.000000,1.000000
1782353196.077209,77,0.000442,inf,STAND_TEST,0.000000,0.008887,0.081714,-0.128217,0.000000,0.000000,0.000000,1.000000,1.000000
1782353196.097461,78,0.000639,inf,STAND_TEST,0.000000,0.008876,0.081659,-0.128199,0.000000,0.000000,0.000000,1.000000,1.000000
1782353196.117527,79,0.000648,inf,STAND_TEST,0.000000,0.008861,0.081708,-0.128256,0.000000,0.000000,0.000000,1.000000,1.000000
1782353196.137560,80,0.000624,inf,STAND_TEST,0.000000,0.008834,0.081705,-0.128238,0.000000,0.000000,0.000000,1.000000,1.000000
1782353196.157637,81,0.000646,inf,STAND_TEST,0.000000,0.008846,0.081699,-0.128173,0.000000,0.000000,0.000000,1.000000,1.000000
1782353196.177666,82,0.000449,inf,STAND_TEST,0.000000,0.008853,0.081703,-0.128120,0.000000,0.000000,0.000000,1.000000,1.000000
1782353196.197691,83,0.000418,inf,STAND_TEST,0.000000,0.008849,0.081667,-0.128091,0.000000,0.000000,0.000000,1.000000,1.000000
1782353196.217771,84,0.000442,inf,STAND_TEST,0.000000,0.008847,0.081671,-0.128036,0.000000,0.000000,0.000000,1.000000,1.000000
1782353196.237826,85,0.000441,inf,STAND_TEST,0.000000,0.008838,0.081635,-0.128048,0.000000,0.000000,0.000000,1.000000,1.000000
1782353196.258075,86,0.000634,inf,STAND_TEST,0.000000,0.008829,0.081604,-0.128037,0.000000,0.000000,0.000000,1.000000,1.000000
1782353196.278140,87,0.000644,inf,STAND_TEST,0.000000,0.008823,0.081594,-0.128057,0.000000,0.000000,0.000000,1.000000,1.000000
1782353196.298114,88,0.000416,inf,STAND_TEST,0.000000,0.008821,0.081595,-0.128053,0.000000,0.000000,0.000000,1.000000,1.000000
1782353196.318219,89,0.000465,inf,STAND_TEST,0.000000,0.008805,0.081605,-0.128055,0.000000,0.000000,0.000000,1.000000,1.000000
1782353196.338271,90,0.000460,inf,STAND_TEST,0.000000,0.008820,0.081640,-0.128070,0.000000,0.000000,0.000000,1.000000,1.000000
1782353196.358330,91,0.000464,inf,STAND_TEST,0.000000,0.008830,0.081681,-0.128076,0.000000,0.000000,0.000000,1.000000,1.000000
1782353196.378584,92,0.000661,inf,STAND_TEST,0.000000,0.008854,0.081694,-0.128058,0.000000,0.000000,0.000000,1.000000,1.000000
1782353196.398628,93,0.000650,inf,STAND_TEST,0.000000,0.008854,0.081651,-0.128025,0.000000,0.000000,0.000000,1.000000,1.000000
1782353196.418687,94,0.000653,inf,STAND_TEST,0.000000,0.008834,0.081608,-0.128045,0.000000,0.000000,0.000000,1.000000,1.000000
1782353196.438727,95,0.000637,inf,STAND_TEST,0.000000,0.008830,0.081617,-0.128037,0.000000,0.000000,0.000000,1.000000,1.000000
1782353196.458793,96,0.000454,inf,STAND_TEST,0.000000,0.008823,0.081606,-0.128025,0.000000,0.000000,0.000000,1.000000,1.000000
1782353196.478836,97,0.000442,inf,STAND_TEST,0.000000,0.008813,0.081616,-0.128065,0.000000,0.000000,0.000000,1.000000,1.000000
1782353196.498868,98,0.000419,inf,STAND_TEST,0.000000,0.008776,0.081588,-0.128076,0.000000,0.000000,0.000000,1.000000,1.000000
1782353196.519180,99,0.000658,inf,STAND_TEST,0.000000,0.008769,0.081615,-0.128069,0.000000,0.000000,0.000000,1.000000,1.000000
1782353196.539209,100,0.000632,inf,STAND_TEST,0.000000,0.008749,0.081634,-0.128081,0.000000,0.000000,0.000000,1.000000,1.000000
1782353196.559410,101,0.000447,inf,STAND_TEST,0.000000,0.008756,0.081640,-0.128070,0.000000,0.000000,0.000000,1.000000,1.000000
1782353196.579448,102,0.000430,inf,STAND_TEST,0.000000,0.008733,0.081622,-0.128068,0.000000,0.000000,0.000000,1.000000,1.000000
1782353196.599517,103,0.000444,inf,STAND_TEST,0.000000,0.008736,0.081606,-0.128056,0.000000,0.000000,0.000000,1.000000,1.000000
1782353196.619705,104,0.000577,inf,STAND_TEST,0.000000,0.008734,0.081642,-0.128060,0.000000,0.000000,0.000000,1.000000,1.000000
1782353196.639624,105,0.000442,inf,STAND_TEST,0.000000,0.008716,0.081664,-0.128047,0.000000,0.000000,0.000000,1.000000,1.000000
1782353196.659900,106,0.000663,inf,STAND_TEST,0.000000,0.008727,0.081675,-0.128023,0.000000,0.000000,0.000000,1.000000,1.000000
1782353196.679700,107,0.000407,inf,STAND_TEST,0.000000,0.008730,0.081668,-0.128011,0.000000,0.000000,0.000000,1.000000,1.000000
1782353196.700016,108,0.000669,inf,STAND_TEST,0.000000,0.008717,0.081618,-0.127986,0.000000,0.000000,0.000000,1.000000,1.000000
1782353196.720053,109,0.000446,inf,STAND_TEST,0.000000,0.008730,0.081653,-0.127984,0.000000,0.000000,0.000000,1.000000,1.000000
1782353196.740086,110,0.000424,inf,STAND_TEST,0.000000,0.008707,0.081616,-0.127999,0.000000,0.000000,0.000000,1.000000,1.000000
1782353196.760170,111,0.000454,inf,STAND_TEST,0.000000,0.008725,0.081658,-0.127998,0.000000,0.000000,0.000000,1.000000,1.000000
1782353196.780202,112,0.000432,inf,STAND_TEST,0.000000,0.008717,0.081662,-0.128003,0.000000,0.000000,0.000000,1.000000,1.000000
1782353196.800234,113,0.000429,inf,STAND_TEST,0.000000,0.008726,0.081596,-0.128008,0.000000,0.000000,0.000000,1.000000,1.000000
1782353196.820704,114,0.000844,inf,STAND_TEST,0.000000,0.008706,0.081576,-0.128007,0.000000,0.000000,0.000000,1.000000,1.000000
1782353196.840520,115,0.000434,inf,STAND_TEST,0.000000,0.008696,0.081572,-0.128018,0.000000,0.000000,0.000000,1.000000,1.000000
1782353196.860653,116,0.000435,inf,STAND_TEST,0.000000,0.008693,0.081526,-0.128022,0.000000,0.000000,0.000000,1.000000,1.000000
1782353196.880699,117,0.000426,inf,STAND_TEST,0.000000,0.008694,0.081555,-0.128026,0.000000,0.000000,0.000000,1.000000,1.000000
1782353196.900777,118,0.000450,inf,STAND_TEST,0.000000,0.008680,0.081501,-0.128041,0.000000,0.000000,0.000000,1.000000,1.000000
1782353196.920822,119,0.000441,inf,STAND_TEST,0.000000,0.008661,0.081430,-0.128038,0.000000,0.000000,0.000000,1.000000,1.000000
1782353196.940864,120,0.000429,inf,STAND_TEST,0.000000,0.008638,0.081450,-0.128050,0.000000,0.000000,0.000000,1.000000,1.000000
1782353196.961128,121,0.000638,inf,STAND_TEST,0.000000,0.008632,0.081472,-0.128033,0.000000,0.000000,0.000000,1.000000,1.000000
1782353196.981308,122,0.000803,inf,STAND_TEST,0.000000,0.008631,0.081507,-0.128038,0.000000,0.000000,0.000000,1.000000,1.000000
1782353197.001040,123,0.000451,inf,STAND_TEST,0.000000,0.008627,0.081559,-0.128052,0.000000,0.000000,0.000000,1.000000,1.000000
1782353197.021117,124,0.000370,inf,STAND_TEST,0.000000,0.008611,0.081574,-0.128065,0.000000,0.000000,0.000000,1.000000,1.000000
1782353197.041322,125,0.000477,inf,STAND_TEST,0.000000,0.008602,0.081518,-0.128084,0.000000,0.000000,0.000000,1.000000,1.000000
1782353197.061372,126,0.000412,inf,STAND_TEST,0.000000,0.008571,0.081540,-0.128029,0.000000,0.000000,0.000000,1.000000,1.000000
1782353197.081486,127,0.000417,inf,STAND_TEST,0.000000,0.008570,0.081550,-0.127966,0.000000,0.000000,0.000000,1.000000,1.000000
1782353197.101982,128,0.000817,inf,STAND_TEST,0.000000,0.008578,0.081578,-0.127974,0.000000,0.000000,0.000000,1.000000,1.000000
1782353197.122056,129,0.000790,inf,STAND_TEST,0.000000,0.008592,0.081611,-0.127999,0.000000,0.000000,0.000000,1.000000,1.000000
1782353197.141960,130,0.000411,inf,STAND_TEST,0.000000,0.008558,0.081542,-0.128025,0.000000,0.000000,0.000000,1.000000,1.000000
1782353197.162108,131,0.000432,inf,STAND_TEST,0.000000,0.008528,0.081548,-0.128026,0.000000,0.000000,0.000000,1.000000,1.000000
1782353197.182593,132,0.000797,inf,STAND_TEST,0.000000,0.008514,0.081561,-0.128022,0.000000,0.000000,0.000000,1.000000,1.000000
1782353197.202722,133,0.000830,inf,STAND_TEST,0.000000,0.008498,0.081552,-0.127981,0.000000,0.000000,0.000000,1.000000,1.000000
1782353197.222684,134,0.000738,inf,STAND_TEST,0.000000,0.008501,0.081583,-0.127978,0.000000,0.000000,0.000000,1.000000,1.000000
1782353197.242698,135,0.000419,inf,STAND_TEST,0.000000,0.008524,0.081557,-0.127929,0.000000,0.000000,0.000000,1.000000,1.000000
1782353197.262789,136,0.000407,inf,STAND_TEST,0.000000,0.008531,0.081532,-0.127893,0.000000,0.000000,0.000000,1.000000,1.000000
1782353197.283245,137,0.000805,inf,STAND_TEST,0.000000,0.008538,0.081516,-0.127904,0.000000,0.000000,0.000000,1.000000,1.000000
1782353197.303228,138,0.000538,inf,STAND_TEST,0.000000,0.008553,0.081551,-0.127927,0.000000,0.000000,0.000000,1.000000,1.000000
1782353197.323483,139,0.000444,inf,STAND_TEST,0.000000,0.008538,0.081580,-0.127926,0.000000,0.000000,0.000000,1.000000,1.000000
1782353197.343493,140,0.000401,inf,STAND_TEST,0.000000,0.008543,0.081526,-0.127916,0.000000,0.000000,0.000000,1.000000,1.000000
1782353197.363606,141,0.000458,inf,STAND_TEST,0.000000,0.008505,0.081535,-0.127971,0.000000,0.000000,0.000000,1.000000,1.000000
1782353197.383843,142,0.000641,inf,STAND_TEST,0.000000,0.008494,0.081584,-0.127992,0.000000,0.000000,0.000000,1.000000,1.000000
1782353197.403857,143,0.000602,inf,STAND_TEST,0.000000,0.008494,0.081596,-0.128018,0.000000,0.000000,0.000000,1.000000,1.000000
1782353197.423754,144,0.000396,inf,STAND_TEST,0.000000,0.008481,0.081599,-0.128043,0.000000,0.000000,0.000000,1.000000,1.000000
1782353197.443959,145,0.000458,inf,STAND_TEST,0.000000,0.008469,0.081618,-0.128063,0.000000,0.000000,0.000000,1.000000,1.000000
1782353197.463986,146,0.000430,inf,STAND_TEST,0.000000,0.008453,0.081554,-0.128057,0.000000,0.000000,0.000000,1.000000,1.000000
1782353197.484045,147,0.000434,inf,STAND_TEST,0.000000,0.008465,0.081547,-0.128070,0.000000,0.000000,0.000000,1.000000,1.000000
1782353197.504328,148,0.000661,inf,STAND_TEST,0.000000,0.008441,0.081567,-0.128044,0.000000,0.000000,0.000000,1.000000,1.000000
1782353197.524152,149,0.000430,inf,STAND_TEST,0.000000,0.008437,0.081617,-0.128106,0.000000,0.000000,0.000000,1.000000,1.000000
1782353197.544448,150,0.000670,inf,STAND_TEST,0.000000,0.008448,0.081628,-0.128129,0.000000,0.000000,0.000000,1.000000,1.000000
1782353197.564463,151,0.000658,inf,STAND_TEST,0.000000,0.008459,0.081596,-0.128155,0.000000,0.000000,0.000000,1.000000,1.000000
1782353197.584513,152,0.000654,inf,STAND_TEST,0.000000,0.008423,0.081629,-0.128143,0.000000,0.000000,0.000000,1.000000,1.000000
1782353197.604593,153,0.000678,inf,STAND_TEST,0.000000,0.008443,0.081625,-0.128113,0.000000,0.000000,0.000000,1.000000,1.000000
1782353197.624483,154,0.000450,inf,STAND_TEST,0.000000,0.008428,0.081602,-0.128137,0.000000,0.000000,0.000000,1.000000,1.000000
1782353197.644527,155,0.000440,inf,STAND_TEST,0.000000,0.008417,0.081576,-0.128116,0.000000,0.000000,0.000000,1.000000,1.000000
1782353197.664565,156,0.000422,inf,STAND_TEST,0.000000,0.008428,0.081610,-0.128117,0.000000,0.000000,0.000000,1.000000,1.000000
1782353197.684659,157,0.000462,inf,STAND_TEST,0.000000,0.008431,0.081615,-0.128139,0.000000,0.000000,0.000000,1.000000,1.000000
1782353197.704695,158,0.000443,inf,STAND_TEST,0.000000,0.008408,0.081641,-0.128171,0.000000,0.000000,0.000000,1.000000,1.000000
1782353197.724948,159,0.000640,inf,STAND_TEST,0.000000,0.008389,0.081613,-0.128220,0.000000,0.000000,0.000000,1.000000,1.000000
1782353197.745027,160,0.000665,inf,STAND_TEST,0.000000,0.008406,0.081621,-0.128206,0.000000,0.000000,0.000000,1.000000,1.000000
1782353197.764936,161,0.000416,inf,STAND_TEST,0.000000,0.008379,0.081629,-0.128218,0.000000,0.000000,0.000000,1.000000,1.000000
1782353197.785021,162,0.000446,inf,STAND_TEST,0.000000,0.008367,0.081561,-0.128202,0.000000,0.000000,0.000000,1.000000,1.000000
1782353197.805075,163,0.000445,inf,STAND_TEST,0.000000,0.008335,0.081554,-0.128231,0.000000,0.000000,0.000000,1.000000,1.000000
1782353197.825105,164,0.000420,inf,STAND_TEST,0.000000,0.008344,0.081559,-0.128252,0.000000,0.000000,0.000000,1.000000,1.000000
1782353197.845185,165,0.000445,inf,STAND_TEST,0.000000,0.008341,0.081552,-0.128268,0.000000,0.000000,0.000000,1.000000,1.000000
1782353197.865215,166,0.000420,inf,STAND_TEST,0.000000,0.008343,0.081544,-0.128263,0.000000,0.000000,0.000000,1.000000,1.000000
1782353197.885285,167,0.000434,inf,STAND_TEST,0.000000,0.008353,0.081520,-0.128248,0.000000,0.000000,0.000000,1.000000,1.000000
1782353197.905678,168,0.000772,inf,STAND_TEST,0.000000,0.008346,0.081534,-0.128257,0.000000,0.000000,0.000000,1.000000,1.000000
1782353197.925594,169,0.000420,inf,STAND_TEST,0.000000,0.008359,0.081541,-0.128229,0.000000,0.000000,0.000000,1.000000,1.000000
1782353197.945634,170,0.000406,inf,STAND_TEST,0.000000,0.008353,0.081542,-0.128237,0.000000,0.000000,0.000000,1.000000,1.000000
1782353197.965740,171,0.000455,inf,STAND_TEST,0.000000,0.008357,0.081543,-0.128190,0.000000,0.000000,0.000000,1.000000,1.000000
1782353197.985766,172,0.000426,inf,STAND_TEST,0.000000,0.008363,0.081543,-0.128158,0.000000,0.000000,0.000000,1.000000,1.000000
1782353198.005852,173,0.000456,inf,STAND_TEST,0.000000,0.008346,0.081581,-0.128202,0.000000,0.000000,0.000000,1.000000,1.000000
1782353198.026067,174,0.000615,inf,STAND_TEST,0.000000,0.008347,0.081616,-0.128216,0.000000,0.000000,0.000000,1.000000,1.000000
1782353198.046125,175,0.000618,inf,STAND_TEST,0.000000,0.008308,0.081627,-0.128225,0.000000,0.000000,0.000000,1.000000,1.000000
1782353198.066221,176,0.000656,inf,STAND_TEST,0.000000,0.008307,0.081624,-0.128234,0.000000,0.000000,0.000000,1.000000,1.000000
1782353198.086302,177,0.000520,inf,STAND_TEST,0.000000,0.008276,0.081662,-0.128302,0.000000,0.000000,0.000000,1.000000,1.000000
1782353198.106294,178,0.000457,inf,STAND_TEST,0.000000,0.008273,0.081671,-0.128313,0.000000,0.000000,0.000000,1.000000,1.000000
1782353198.126385,179,0.000493,inf,STAND_TEST,0.000000,0.008264,0.081700,-0.128303,0.000000,0.000000,0.000000,1.000000,1.000000
1782353198.146364,180,0.000417,inf,STAND_TEST,0.000000,0.008248,0.081742,-0.128359,0.000000,0.000000,0.000000,1.000000,1.000000
1782353198.166452,181,0.000450,inf,STAND_TEST,0.000000,0.008238,0.081767,-0.128375,0.000000,0.000000,0.000000,1.000000,1.000000
1782353198.186829,182,0.000770,inf,STAND_TEST,0.000000,0.008223,0.081806,-0.128371,0.000000,0.000000,0.000000,1.000000,1.000000
1782353198.206777,183,0.000663,inf,STAND_TEST,0.000000,0.008219,0.081835,-0.128429,0.000000,0.000000,0.000000,1.000000,1.000000
1782353198.226606,184,0.000434,inf,STAND_TEST,0.000000,0.008226,0.081854,-0.128417,0.000000,0.000000,0.000000,1.000000,1.000000
1782353198.246701,185,0.000433,inf,STAND_TEST,0.000000,0.008248,0.081844,-0.128404,0.000000,0.000000,0.000000,1.000000,1.000000
1782353198.266741,186,0.000418,inf,STAND_TEST,0.000000,0.008259,0.081832,-0.128374,0.000000,0.000000,0.000000,1.000000,1.000000
1782353198.286814,187,0.000436,inf,STAND_TEST,0.000000,0.008255,0.081786,-0.128306,0.000000,0.000000,0.000000,1.000000,1.000000
1782353198.307082,188,0.000647,inf,STAND_TEST,0.000000,0.008300,0.081809,-0.128306,0.000000,0.000000,0.000000,1.000000,1.000000
1782353198.326957,189,0.000465,inf,STAND_TEST,0.000000,0.008341,0.081811,-0.128324,0.000000,0.000000,0.000000,1.000000,1.000000
1782353198.346992,190,0.000441,inf,STAND_TEST,0.000000,0.008360,0.081814,-0.128346,0.000000,0.000000,0.000000,1.000000,1.000000
1782353198.367234,191,0.000439,inf,STAND_TEST,0.000000,0.008395,0.081802,-0.128322,0.000000,0.000000,0.000000,1.000000,1.000000
1782353198.387290,192,0.000436,inf,STAND_TEST,0.000000,0.008366,0.081806,-0.128330,0.000000,0.000000,0.000000,1.000000,1.000000
1782353198.407364,193,0.000452,inf,STAND_TEST,0.000000,0.008370,0.081833,-0.128348,0.000000,0.000000,0.000000,1.000000,1.000000
1782353198.427416,194,0.000448,inf,STAND_TEST,0.000000,0.008373,0.081816,-0.128390,0.000000,0.000000,0.000000,1.000000,1.000000
1782353198.447446,195,0.000421,inf,STAND_TEST,0.000000,0.008331,0.081833,-0.128414,0.000000,0.000000,0.000000,1.000000,1.000000
1782353198.467498,196,0.000416,inf,STAND_TEST,0.000000,0.008370,0.081831,-0.128415,0.000000,0.000000,0.000000,1.000000,1.000000
1782353198.487818,197,0.000676,inf,STAND_TEST,0.000000,0.008369,0.081820,-0.128398,0.000000,0.000000,0.000000,1.000000,1.000000
1782353198.507846,198,0.000647,inf,STAND_TEST,0.000000,0.008378,0.081818,-0.128374,0.000000,0.000000,0.000000,1.000000,1.000000
1782353198.527695,199,0.000438,inf,STAND_TEST,0.000000,0.008387,0.081818,-0.128410,0.000000,0.000000,0.000000,1.000000,1.000000
1782353198.547894,200,0.000457,inf,STAND_TEST,0.000000,0.008379,0.081824,-0.128401,0.000000,0.000000,0.000000,1.000000,1.000000
1782353198.567933,201,0.000440,inf,STAND_TEST,0.000000,0.008364,0.081790,-0.128404,0.000000,0.000000,0.000000,1.000000,1.000000
1782353198.587989,202,0.000440,inf,STAND_TEST,0.000000,0.008366,0.081793,-0.128408,0.000000,0.000000,0.000000,1.000000,1.000000
1782353198.608018,203,0.000414,inf,STAND_TEST,0.000000,0.008351,0.081798,-0.128437,0.000000,0.000000,0.000000,1.000000,1.000000
1782353198.628090,204,0.000429,inf,STAND_TEST,0.000000,0.008341,0.081806,-0.128447,0.000000,0.000000,0.000000,1.000000,1.000000
1782353198.648142,205,0.000426,inf,STAND_TEST,0.000000,0.008332,0.081760,-0.128450,0.000000,0.000000,0.000000,1.000000,1.000000
1782353198.668410,206,0.000638,inf,STAND_TEST,0.000000,0.008344,0.081761,-0.128447,0.000000,0.000000,0.000000,1.000000,1.000000
1782353198.688467,207,0.000640,inf,STAND_TEST,0.000000,0.008346,0.081775,-0.128436,0.000000,0.000000,0.000000,1.000000,1.000000
1782353198.708356,208,0.000410,inf,STAND_TEST,0.000000,0.008361,0.081776,-0.128443,0.000000,0.000000,0.000000,1.000000,1.000000
1782353198.728419,209,0.000416,inf,STAND_TEST,0.000000,0.008375,0.081776,-0.128463,0.000000,0.000000,0.000000,1.000000,1.000000
1782353198.748455,210,0.000396,inf,STAND_TEST,0.000000,0.008360,0.081804,-0.128490,0.000000,0.000000,0.000000,1.000000,1.000000
1782353198.768516,211,0.000400,inf,STAND_TEST,0.000000,0.008360,0.081779,-0.128490,0.000000,0.000000,0.000000,1.000000,1.000000
1782353198.788619,212,0.000448,inf,STAND_TEST,0.000000,0.008378,0.081779,-0.128498,0.000000,0.000000,0.000000,1.000000,1.000000
1782353198.808647,213,0.000420,inf,STAND_TEST,0.000000,0.008423,0.081787,-0.128501,0.000000,0.000000,0.000000,1.000000,1.000000
1782353198.828694,214,0.000410,inf,STAND_TEST,0.000000,0.008437,0.081800,-0.128466,0.000000,0.000000,0.000000,1.000000,1.000000
1782353198.849001,215,0.000662,inf,STAND_TEST,0.000000,0.008426,0.081814,-0.128454,0.000000,0.000000,0.000000,1.000000,1.000000
1782353198.869052,216,0.000657,inf,STAND_TEST,0.000000,0.008441,0.081834,-0.128456,0.000000,0.000000,0.000000,1.000000,1.000000
1782353198.888990,217,0.000392,inf,STAND_TEST,0.000000,0.008427,0.081798,-0.128465,0.000000,0.000000,0.000000,1.000000,1.000000
1782353198.909094,218,0.000440,inf,STAND_TEST,0.000000,0.008388,0.081771,-0.128498,0.000000,0.000000,0.000000,1.000000,1.000000
1782353198.929146,219,0.000436,inf,STAND_TEST,0.000000,0.008386,0.081742,-0.128473,0.000000,0.000000,0.000000,1.000000,1.000000
1782353198.949199,220,0.000434,inf,STAND_TEST,0.000000,0.008379,0.081697,-0.128472,0.000000,0.000000,0.000000,1.000000,1.000000
1782353198.969278,221,0.000456,inf,STAND_TEST,0.000000,0.008395,0.081693,-0.128511,0.000000,0.000000,0.000000,1.000000,1.000000
1782353198.989519,222,0.000641,inf,STAND_TEST,0.000000,0.008398,0.081738,-0.128518,0.000000,0.000000,0.000000,1.000000,1.000000
1782353199.009536,223,0.000601,inf,STAND_TEST,0.000000,0.008424,0.081755,-0.128532,0.000000,0.000000,0.000000,1.000000,1.000000
1782353199.029515,224,0.000426,inf,STAND_TEST,0.000000,0.008430,0.081743,-0.128524,0.000000,0.000000,0.000000,1.000000,1.000000
1782353199.049565,225,0.000421,inf,STAND_TEST,0.000000,0.008430,0.081769,-0.128550,0.000000,0.000000,0.000000,1.000000,1.000000
1782353199.069629,226,0.000429,inf,STAND_TEST,0.000000,0.008426,0.081726,-0.128562,0.000000,0.000000,0.000000,1.000000,1.000000
1782353199.089684,227,0.000428,inf,STAND_TEST,0.000000,0.008434,0.081757,-0.128641,0.000000,0.000000,0.000000,1.000000,1.000000
1782353199.109769,228,0.000455,inf,STAND_TEST,0.000000,0.008427,0.081735,-0.128637,0.000000,0.000000,0.000000,1.000000,1.000000
1782353199.129777,229,0.000408,inf,STAND_TEST,0.000000,0.008436,0.081694,-0.128587,0.000000,0.000000,0.000000,1.000000,1.000000
1782353199.150079,230,0.000654,inf,STAND_TEST,0.000000,0.008396,0.081700,-0.128617,0.000000,0.000000,0.000000,1.000000,1.000000
1782353199.170163,231,0.000682,inf,STAND_TEST,0.000000,0.008393,0.081700,-0.128599,0.000000,0.000000,0.000000,1.000000,1.000000
1782353199.190212,232,0.000675,inf,STAND_TEST,0.000000,0.008388,0.081738,-0.128579,0.000000,0.000000,0.000000,1.000000,1.000000
1782353199.210028,233,0.000436,inf,STAND_TEST,0.000000,0.008394,0.081704,-0.128574,0.000000,0.000000,0.000000,1.000000,1.000000
1782353199.230093,234,0.000417,inf,STAND_TEST,0.000000,0.008368,0.081713,-0.128601,0.000000,0.000000,0.000000,1.000000,1.000000
1782353199.250200,235,0.000458,inf,STAND_TEST,0.000000,0.008345,0.081679,-0.128580,0.000000,0.000000,0.000000,1.000000,1.000000
1782353199.270293,236,0.000449,inf,STAND_TEST,0.000000,0.008333,0.081652,-0.128609,0.000000,0.000000,0.000000,1.000000,1.000000
1782353199.290560,237,0.000614,inf,STAND_TEST,0.000000,0.008315,0.081671,-0.128641,0.000000,0.000000,0.000000,1.000000,1.000000
1782353199.310843,238,0.000785,inf,STAND_TEST,0.000000,0.008324,0.081659,-0.128605,0.000000,0.000000,0.000000,1.000000,1.000000
1782353199.330814,239,0.000698,inf,STAND_TEST,0.000000,0.008344,0.081707,-0.128617,0.000000,0.000000,0.000000,1.000000,1.000000
1782353199.350734,240,0.000496,inf,STAND_TEST,0.000000,0.008355,0.081655,-0.128590,0.000000,0.000000,0.000000,1.000000,1.000000
1782353199.370752,241,0.000455,inf,STAND_TEST,0.000000,0.008368,0.081649,-0.128588,0.000000,0.000000,0.000000,1.000000,1.000000
1782353199.390774,242,0.000422,inf,STAND_TEST,0.000000,0.008379,0.081680,-0.128552,0.000000,0.000000,0.000000,1.000000,1.000000
1782353199.410853,243,0.000447,inf,STAND_TEST,0.000000,0.008349,0.081655,-0.128563,0.000000,0.000000,0.000000,1.000000,1.000000
1782353199.430899,244,0.000438,inf,STAND_TEST,0.000000,0.008361,0.081694,-0.128547,0.000000,0.000000,0.000000,1.000000,1.000000
1782353199.451149,245,0.000630,inf,STAND_TEST,0.000000,0.008349,0.081722,-0.128554,0.000000,0.000000,0.000000,1.000000,1.000000
1782353199.471268,246,0.000689,inf,STAND_TEST,0.000000,0.008381,0.081714,-0.128542,0.000000,0.000000,0.000000,1.000000,1.000000
1782353199.491348,247,0.000417,inf,STAND_TEST,0.000000,0.008339,0.081705,-0.128561,0.000000,0.000000,0.000000,1.000000,1.000000
1782353199.511436,248,0.000446,inf,STAND_TEST,0.000000,0.008357,0.081722,-0.128504,0.000000,0.000000,0.000000,1.000000,1.000000
1782353199.531497,249,0.000450,inf,STAND_TEST,0.000000,0.008364,0.081717,-0.128534,0.000000,0.000000,0.000000,1.000000,1.000000
1782353199.551524,250,0.000419,inf,STAND_TEST,0.000000,0.008349,0.081678,-0.128537,0.000000,0.000000,0.000000,1.000000,1.000000
1782353199.571834,251,0.000671,inf,STAND_TEST,0.000000,0.008367,0.081700,-0.128507,0.000000,0.000000,0.000000,1.000000,1.000000
1782353199.591887,252,0.000667,inf,STAND_TEST,0.000000,0.008377,0.081656,-0.128482,0.000000,0.000000,0.000000,1.000000,1.000000
1782353199.611809,253,0.000440,inf,STAND_TEST,0.000000,0.008409,0.081691,-0.128447,0.000000,0.000000,0.000000,1.000000,1.000000
1782353199.631871,254,0.000447,inf,STAND_TEST,0.000000,0.008414,0.081707,-0.128467,0.000000,0.000000,0.000000,1.000000,1.000000
1782353199.651929,255,0.000441,inf,STAND_TEST,0.000000,0.008423,0.081713,-0.128484,0.000000,0.000000,0.000000,1.000000,1.000000
1782353199.671974,256,0.000430,inf,STAND_TEST,0.000000,0.008412,0.081721,-0.128470,0.000000,0.000000,0.000000,1.000000,1.000000
1782353199.692022,257,0.000421,inf,STAND_TEST,0.000000,0.008431,0.081711,-0.128415,0.000000,0.000000,0.000000,1.000000,1.000000
1782353199.712079,258,0.000422,inf,STAND_TEST,0.000000,0.008423,0.081703,-0.128415,0.000000,0.000000,0.000000,1.000000,1.000000
1782353199.732348,259,0.000636,inf,STAND_TEST,0.000000,0.008415,0.081753,-0.128432,0.000000,0.000000,0.000000,1.000000,1.000000
1782353199.752407,260,0.000638,inf,STAND_TEST,0.000000,0.008430,0.081738,-0.128455,0.000000,0.000000,0.000000,1.000000,1.000000
1782353199.772467,261,0.000642,inf,STAND_TEST,0.000000,0.008402,0.081712,-0.128472,0.000000,0.000000,0.000000,1.000000,1.000000
1782353199.792476,262,0.000447,inf,STAND_TEST,0.000000,0.008373,0.081755,-0.128518,0.000000,0.000000,0.000000,1.000000,1.000000
1782353199.812494,263,0.000408,inf,STAND_TEST,0.000000,0.008381,0.081736,-0.128523,0.000000,0.000000,0.000000,1.000000,1.000000
1782353199.832582,264,0.000439,inf,STAND_TEST,0.000000,0.008390,0.081734,-0.128477,0.000000,0.000000,0.000000,1.000000,1.000000
1782353199.852604,265,0.000406,inf,STAND_TEST,0.000000,0.008375,0.081712,-0.128507,0.000000,0.000000,0.000000,1.000000,1.000000
1782353199.872702,266,0.000450,inf,STAND_TEST,0.000000,0.008364,0.081690,-0.128513,0.000000,0.000000,0.000000,1.000000,1.000000
1782353199.892740,267,0.000433,inf,STAND_TEST,0.000000,0.008343,0.081676,-0.128497,0.000000,0.000000,0.000000,1.000000,1.000000
1782353199.913009,268,0.000647,inf,STAND_TEST,0.000000,0.008327,0.081686,-0.128503,0.000000,0.000000,0.000000,1.000000,1.000000
1782353199.933043,269,0.000627,inf,STAND_TEST,0.000000,0.008337,0.081726,-0.128484,0.000000,0.000000,0.000000,1.000000,1.000000
1782353199.953275,270,0.000804,inf,STAND_TEST,0.000000,0.008333,0.081719,-0.128462,0.000000,0.000000,0.000000,1.000000,1.000000
1782353199.972956,271,0.000430,inf,STAND_TEST,0.000000,0.008341,0.081741,-0.128450,0.000000,0.000000,0.000000,1.000000,1.000000
1782353199.992993,272,0.000414,inf,STAND_TEST,0.000000,0.008321,0.081706,-0.128434,0.000000,0.000000,0.000000,1.000000,1.000000
1782353200.013316,273,0.000677,inf,STAND_TEST,0.000000,0.008330,0.081708,-0.128374,0.000000,0.000000,0.000000,1.000000,1.000000
1782353200.033726,274,0.000975,inf,STAND_TEST,0.000000,0.008305,0.081687,-0.128427,0.000000,0.000000,0.000000,1.000000,1.000000
1782353200.053968,275,0.001155,inf,STAND_TEST,0.000000,0.008292,0.081721,-0.128403,0.000000,0.000000,0.000000,1.000000,1.000000
1782353200.073692,276,0.000825,inf,STAND_TEST,0.000000,0.008288,0.081782,-0.128413,0.000000,0.000000,0.000000,1.000000,1.000000
1782353200.093652,277,0.000727,inf,STAND_TEST,0.000000,0.008313,0.081780,-0.128376,0.000000,0.000000,0.000000,1.000000,1.000000
1782353200.113595,278,0.000433,inf,STAND_TEST,0.000000,0.008292,0.081745,-0.128357,0.000000,0.000000,0.000000,1.000000,1.000000
1782353200.133616,279,0.000399,inf,STAND_TEST,0.000000,0.008304,0.081757,-0.128297,0.000000,0.000000,0.000000,1.000000,1.000000
1782353200.153757,280,0.000438,inf,STAND_TEST,0.000000,0.008326,0.081794,-0.128300,0.000000,0.000000,0.000000,1.000000,1.000000
1782353200.173867,281,0.000431,inf,STAND_TEST,0.000000,0.008336,0.081802,-0.128235,0.000000,0.000000,0.000000,1.000000,1.000000
1782353200.194199,282,0.000662,inf,STAND_TEST,0.000000,0.008327,0.081800,-0.128241,0.000000,0.000000,0.000000,1.000000,1.000000
1782353200.214447,283,0.000807,inf,STAND_TEST,0.000000,0.008337,0.081844,-0.128273,0.000000,0.000000,0.000000,1.000000,1.000000
1782353200.234231,284,0.000404,inf,STAND_TEST,0.000000,0.008333,0.081799,-0.128243,0.000000,0.000000,0.000000,1.000000,1.000000
1782353200.254390,285,0.000453,inf,STAND_TEST,0.000000,0.008351,0.081770,-0.128237,0.000000,0.000000,0.000000,1.000000,1.000000
1782353200.274452,286,0.000411,inf,STAND_TEST,0.000000,0.008378,0.081770,-0.128184,0.000000,0.000000,0.000000,1.000000,1.000000
1782353200.294559,287,0.000403,inf,STAND_TEST,0.000000,0.008362,0.081771,-0.128155,0.000000,0.000000,0.000000,1.000000,1.000000
1782353200.314912,288,0.000683,inf,STAND_TEST,0.000000,0.008373,0.081765,-0.128119,0.000000,0.000000,0.000000,1.000000,1.000000
1782353200.335019,289,0.000682,inf,STAND_TEST,0.000000,0.008365,0.081769,-0.128098,0.000000,0.000000,0.000000,1.000000,1.000000
1782353200.354999,290,0.000427,inf,STAND_TEST,0.000000,0.008329,0.081764,-0.128121,0.000000,0.000000,0.000000,1.000000,1.000000
1782353200.375109,291,0.000435,inf,STAND_TEST,0.000000,0.008327,0.081812,-0.128152,0.000000,0.000000,0.000000,1.000000,1.000000
1782353200.395194,292,0.000420,inf,STAND_TEST,0.000000,0.008323,0.081797,-0.128177,0.000000,0.000000,0.000000,1.000000,1.000000
1782353200.415613,293,0.000715,inf,STAND_TEST,0.000000,0.008319,0.081766,-0.128177,0.000000,0.000000,0.000000,1.000000,1.000000
1782353200.435661,294,0.000433,inf,STAND_TEST,0.000000,0.008331,0.081843,-0.128212,0.000000,0.000000,0.000000,1.000000,1.000000
1782353200.455780,295,0.000439,inf,STAND_TEST,0.000000,0.008322,0.081872,-0.128174,0.000000,0.000000,0.000000,1.000000,1.000000
1782353200.475871,296,0.000432,inf,STAND_TEST,0.000000,0.008316,0.081857,-0.128154,0.000000,0.000000,0.000000,1.000000,1.000000
1782353200.496226,297,0.000670,inf,STAND_TEST,0.000000,0.008280,0.081874,-0.128205,0.000000,0.000000,0.000000,1.000000,1.000000
1782353200.516079,298,0.000419,inf,STAND_TEST,0.000000,0.008270,0.081893,-0.128229,0.000000,0.000000,0.000000,1.000000,1.000000
1782353200.536427,299,0.000412,inf,STAND_TEST,0.000000,0.008244,0.081898,-0.128274,0.000000,0.000000,0.000000,1.000000,1.000000
1782353200.556545,300,0.000413,inf,STAND_TEST,0.000000,0.008255,0.081928,-0.128292,0.000000,0.000000,0.000000,1.000000,1.000000
1782353200.576648,301,0.000408,inf,STAND_TEST,0.000000,0.008263,0.081921,-0.128303,0.000000,0.000000,0.000000,1.000000,1.000000
1782353200.596759,302,0.000462,inf,STAND_TEST,0.000000,0.008250,0.081924,-0.128300,0.000000,0.000000,0.000000,1.000000,1.000000
1782353200.616992,303,0.000637,inf,STAND_TEST,0.000000,0.008242,0.081930,-0.128271,0.000000,0.000000,0.000000,1.000000,1.000000
1782353200.637030,304,0.000619,inf,STAND_TEST,0.000000,0.008244,0.081929,-0.128270,0.000000,0.000000,0.000000,1.000000,1.000000
1782353200.657004,305,0.000424,inf,STAND_TEST,0.000000,0.008247,0.081941,-0.128254,0.000000,0.000000,0.000000,1.000000,1.000000
1782353200.677084,306,0.000447,inf,STAND_TEST,0.000000,0.008252,0.081950,-0.128236,0.000000,0.000000,0.000000,1.000000,1.000000
1782353200.697116,307,0.000423,inf,STAND_TEST,0.000000,0.008260,0.082002,-0.128198,0.000000,0.000000,0.000000,1.000000,1.000000
1782353200.717188,308,0.000439,inf,STAND_TEST,0.000000,0.008289,0.081970,-0.128202,0.000000,0.000000,0.000000,1.000000,1.000000
1782353200.737450,309,0.000645,inf,STAND_TEST,0.000000,0.008292,0.081997,-0.128207,0.000000,0.000000,0.000000,1.000000,1.000000
1782353200.757293,310,0.000432,inf,STAND_TEST,0.000000,0.008273,0.082004,-0.128228,0.000000,0.000000,0.000000,1.000000,1.000000
1782353200.777525,311,0.000610,inf,STAND_TEST,0.000000,0.008285,0.082005,-0.128209,0.000000,0.000000,0.000000,1.000000,1.000000
1782353200.797497,312,0.000430,inf,STAND_TEST,0.000000,0.008273,0.082033,-0.128261,0.000000,0.000000,0.000000,1.000000,1.000000
1782353200.817541,313,0.000418,inf,STAND_TEST,0.000000,0.008292,0.082062,-0.128248,0.000000,0.000000,0.000000,1.000000,1.000000
1782353200.837657,314,0.000477,inf,STAND_TEST,0.000000,0.008275,0.082068,-0.128275,0.000000,0.000000,0.000000,1.000000,1.000000
1782353200.857640,315,0.000402,inf,STAND_TEST,0.000000,0.008288,0.082091,-0.128312,0.000000,0.000000,0.000000,1.000000,1.000000
1782353200.877724,316,0.000430,inf,STAND_TEST,0.000000,0.008268,0.082101,-0.128351,0.000000,0.000000,0.000000,1.000000,1.000000
1782353200.897765,317,0.000413,inf,STAND_TEST,0.000000,0.008266,0.082114,-0.128363,0.000000,0.000000,0.000000,1.000000,1.000000
1782353200.917855,318,0.000447,inf,STAND_TEST,0.000000,0.008294,0.082080,-0.128317,0.000000,0.000000,0.000000,1.000000,1.000000
1782353200.938133,319,0.000667,inf,STAND_TEST,0.000000,0.008279,0.082077,-0.128322,0.000000,0.000000,0.000000,1.000000,1.000000
1782353200.958141,320,0.000414,inf,STAND_TEST,0.000000,0.008273,0.082096,-0.128301,0.000000,0.000000,0.000000,1.000000,1.000000
1782353200.978203,321,0.000420,inf,STAND_TEST,0.000000,0.008238,0.082133,-0.128362,0.000000,0.000000,0.000000,1.000000,1.000000
1782353200.998272,322,0.000432,inf,STAND_TEST,0.000000,0.008229,0.082136,-0.128362,0.000000,0.000000,0.000000,1.000000,1.000000
1782353201.018316,323,0.000420,inf,STAND_TEST,0.000000,0.008254,0.082175,-0.128348,0.000000,0.000000,0.000000,1.000000,1.000000
1782353201.038582,324,0.000629,inf,STAND_TEST,0.000000,0.008230,0.082170,-0.128353,0.000000,0.000000,0.000000,1.000000,1.000000
1782353201.058663,325,0.000655,inf,STAND_TEST,0.000000,0.008238,0.082163,-0.128326,0.000000,0.000000,0.000000,1.000000,1.000000
1782353201.078467,326,0.000403,inf,STAND_TEST,0.000000,0.008241,0.082198,-0.128299,0.000000,0.000000,0.000000,1.000000,1.000000
1782353201.098651,327,0.000422,inf,STAND_TEST,0.000000,0.008224,0.082233,-0.128295,0.000000,0.000000,0.000000,1.000000,1.000000
1782353201.118786,328,0.000445,inf,STAND_TEST,0.000000,0.008210,0.082236,-0.128254,0.000000,0.000000,0.000000,1.000000,1.000000
1782353201.138797,329,0.000400,inf,STAND_TEST,0.000000,0.008216,0.082284,-0.128235,0.000000,0.000000,0.000000,1.000000,1.000000
1782353201.158853,330,0.000401,inf,STAND_TEST,0.000000,0.008205,0.082346,-0.128224,0.000000,0.000000,0.000000,1.000000,1.000000
1782353201.178941,331,0.000435,inf,STAND_TEST,0.000000,0.008227,0.082370,-0.128234,0.000000,0.000000,0.000000,1.000000,1.000000
1782353201.198950,332,0.000390,inf,STAND_TEST,0.000000,0.008203,0.082386,-0.128317,0.000000,0.000000,0.000000,1.000000,1.000000
1782353201.219249,333,0.000632,inf,STAND_TEST,0.000000,0.008202,0.082358,-0.128272,0.000000,0.000000,0.000000,1.000000,1.000000
1782353201.239282,334,0.000419,inf,STAND_TEST,0.000000,0.008210,0.082362,-0.128332,0.000000,0.000000,0.000000,1.000000,1.000000
1782353201.259370,335,0.000379,inf,STAND_TEST,0.000000,0.008227,0.082328,-0.128290,0.000000,0.000000,0.000000,1.000000,1.000000
1782353201.279446,336,0.000401,inf,STAND_TEST,0.000000,0.008198,0.082392,-0.128364,0.000000,0.000000,0.000000,1.000000,1.000000
1782353201.299483,337,0.000381,inf,STAND_TEST,0.000000,0.008189,0.082423,-0.128334,0.000000,0.000000,0.000000,1.000000,1.000000
1782353201.319821,338,0.000664,inf,STAND_TEST,0.000000,0.008205,0.082408,-0.128316,0.000000,0.000000,0.000000,1.000000,1.000000
1782353201.340017,339,0.000801,inf,STAND_TEST,0.000000,0.008210,0.082407,-0.128262,0.000000,0.000000,0.000000,1.000000,1.000000
1782353201.360112,340,0.000639,inf,STAND_TEST,0.000000,0.008216,0.082359,-0.128305,0.000000,0.000000,0.000000,1.000000,1.000000
1782353201.380106,341,0.000490,inf,STAND_TEST,0.000000,0.008194,0.082350,-0.128302,0.000000,0.000000,0.000000,1.000000,1.000000
1782353201.400121,342,0.000447,inf,STAND_TEST,0.000000,0.008203,0.082341,-0.128316,0.000000,0.000000,0.000000,1.000000,1.000000
1782353201.420265,343,0.000536,inf,STAND_TEST,0.000000,0.008203,0.082305,-0.128287,0.000000,0.000000,0.000000,1.000000,1.000000
1782353201.440237,344,0.000449,inf,STAND_TEST,0.000000,0.008185,0.082277,-0.128302,0.000000,0.000000,0.000000,1.000000,1.000000
1782353201.460284,345,0.000440,inf,STAND_TEST,0.000000,0.008185,0.082313,-0.128303,0.000000,0.000000,0.000000,1.000000,1.000000
1782353201.480515,346,0.000408,inf,STAND_TEST,0.000000,0.008179,0.082303,-0.128273,0.000000,0.000000,0.000000,1.000000,1.000000
1782353201.500600,347,0.000437,inf,STAND_TEST,0.000000,0.008197,0.082314,-0.128269,0.000000,0.000000,0.000000,1.000000,1.000000
1782353201.520715,348,0.000460,inf,STAND_TEST,0.000000,0.008198,0.082350,-0.128286,0.000000,0.000000,0.000000,1.000000,1.000000
1782353201.540739,349,0.000426,inf,STAND_TEST,0.000000,0.008188,0.082390,-0.128290,0.000000,0.000000,0.000000,1.000000,1.000000
1782353201.560783,350,0.000415,inf,STAND_TEST,0.000000,0.008197,0.082361,-0.128243,0.000000,0.000000,0.000000,1.000000,1.000000
1782353201.580861,351,0.000436,inf,STAND_TEST,0.000000,0.008202,0.082379,-0.128243,0.000000,0.000000,0.000000,1.000000,1.000000
1782353201.600904,352,0.000423,inf,STAND_TEST,0.000000,0.008209,0.082387,-0.128208,0.000000,0.000000,0.000000,1.000000,1.000000
1782353201.621244,353,0.000705,inf,STAND_TEST,0.000000,0.008212,0.082378,-0.128214,0.000000,0.000000,0.000000,1.000000,1.000000
1782353201.641273,354,0.000677,inf,STAND_TEST,0.000000,0.008206,0.082358,-0.128223,0.000000,0.000000,0.000000,1.000000,1.000000
1782353201.661246,355,0.000484,inf,STAND_TEST,0.000000,0.008224,0.082361,-0.128179,0.000000,0.000000,0.000000,1.000000,1.000000
1782353201.681253,356,0.000434,inf,STAND_TEST,0.000000,0.008234,0.082322,-0.128145,0.000000,0.000000,0.000000,1.000000,1.000000
1782353201.701298,357,0.000422,inf,STAND_TEST,0.000000,0.008259,0.082356,-0.128075,0.000000,0.000000,0.000000,1.000000,1.000000
1782353201.721354,358,0.000418,inf,STAND_TEST,0.000000,0.008275,0.082386,-0.128036,0.000000,0.000000,0.000000,1.000000,1.000000
1782353201.741439,359,0.000446,inf,STAND_TEST,0.000000,0.008268,0.082398,-0.128036,0.000000,0.000000,0.000000,1.000000,1.000000
1782353201.761716,360,0.000668,inf,STAND_TEST,0.000000,0.008253,0.082398,-0.128075,0.000000,0.000000,0.000000,1.000000,1.000000
1782353201.781738,361,0.000633,inf,STAND_TEST,0.000000,0.008261,0.082376,-0.128068,0.000000,0.000000,0.000000,1.000000,1.000000
1782353201.801787,362,0.000625,inf,STAND_TEST,0.000000,0.008270,0.082377,-0.128103,0.000000,0.000000,0.000000,1.000000,1.000000
1782353201.821868,363,0.000650,inf,STAND_TEST,0.000000,0.008245,0.082347,-0.128092,0.000000,0.000000,0.000000,1.000000,1.000000
1782353201.841719,364,0.000419,inf,STAND_TEST,0.000000,0.008271,0.082340,-0.128100,0.000000,0.000000,0.000000,1.000000,1.000000
1782353201.861809,365,0.000454,inf,STAND_TEST,0.000000,0.008257,0.082312,-0.128115,0.000000,0.000000,0.000000,1.000000,1.000000
1782353201.881855,366,0.000443,inf,STAND_TEST,0.000000,0.008237,0.082304,-0.128166,0.000000,0.000000,0.000000,1.000000,1.000000
1782353201.901894,367,0.000427,inf,STAND_TEST,0.000000,0.008235,0.082237,-0.128199,0.000000,0.000000,0.000000,1.000000,1.000000
1782353201.921953,368,0.000430,inf,STAND_TEST,0.000000,0.008234,0.082276,-0.128231,0.000000,0.000000,0.000000,1.000000,1.000000
1782353201.941992,369,0.000413,inf,STAND_TEST,0.000000,0.008258,0.082253,-0.128209,0.000000,0.000000,0.000000,1.000000,1.000000
1782353201.962309,370,0.000673,inf,STAND_TEST,0.000000,0.008242,0.082280,-0.128187,0.000000,0.000000,0.000000,1.000000,1.000000
1782353201.982310,371,0.000417,inf,STAND_TEST,0.000000,0.008252,0.082252,-0.128155,0.000000,0.000000,0.000000,1.000000,1.000000
1782353202.002392,372,0.000442,inf,STAND_TEST,0.000000,0.008241,0.082205,-0.128158,0.000000,0.000000,0.000000,1.000000,1.000000
1782353202.022421,373,0.000415,inf,STAND_TEST,0.000000,0.008223,0.082157,-0.128188,0.000000,0.000000,0.000000,1.000000,1.000000
1782353202.042498,374,0.000436,inf,STAND_TEST,0.000000,0.008219,0.082160,-0.128255,0.000000,0.000000,0.000000,1.000000,1.000000
1782353202.062538,375,0.000420,inf,STAND_TEST,0.000000,0.008220,0.082142,-0.128258,0.000000,0.000000,0.000000,1.000000,1.000000
1782353202.082573,376,0.000399,inf,STAND_TEST,0.000000,0.008220,0.082153,-0.128220,0.000000,0.000000,0.000000,1.000000,1.000000
1782353202.103009,377,0.000779,inf,STAND_TEST,0.000000,0.008214,0.082136,-0.128187,0.000000,0.000000,0.000000,1.000000,1.000000
1782353202.123048,378,0.000763,inf,STAND_TEST,0.000000,0.008234,0.082145,-0.128211,0.000000,0.000000,0.000000,1.000000,1.000000
1782353202.142998,379,0.000458,inf,STAND_TEST,0.000000,0.008246,0.082129,-0.128169,0.000000,0.000000,0.000000,1.000000,1.000000
1782353202.163020,380,0.000424,inf,STAND_TEST,0.000000,0.008264,0.082152,-0.128139,0.000000,0.000000,0.000000,1.000000,1.000000
1782353202.183066,381,0.000414,inf,STAND_TEST,0.000000,0.008260,0.082136,-0.128152,0.000000,0.000000,0.000000,1.000000,1.000000
1782353202.203368,382,0.000659,inf,STAND_TEST,0.000000,0.008250,0.082141,-0.128166,0.000000,0.000000,0.000000,1.000000,1.000000
1782353202.223199,383,0.000434,inf,STAND_TEST,0.000000,0.008252,0.082129,-0.128183,0.000000,0.000000,0.000000,1.000000,1.000000
1782353202.243452,384,0.000631,inf,STAND_TEST,0.000000,0.008259,0.082088,-0.128174,0.000000,0.000000,0.000000,1.000000,1.000000
1782353202.263505,385,0.000628,inf,STAND_TEST,0.000000,0.008229,0.082106,-0.128159,0.000000,0.000000,0.000000,1.000000,1.000000
1782353202.283571,386,0.000429,inf,STAND_TEST,0.000000,0.008230,0.082083,-0.128181,0.000000,0.000000,0.000000,1.000000,1.000000
1782353202.303625,387,0.000427,inf,STAND_TEST,0.000000,0.008211,0.082037,-0.128165,0.000000,0.000000,0.000000,1.000000,1.000000
1782353202.323666,388,0.000412,inf,STAND_TEST,0.000000,0.008205,0.082045,-0.128148,0.000000,0.000000,0.000000,1.000000,1.000000
1782353202.343718,389,0.000408,inf,STAND_TEST,0.000000,0.008223,0.082065,-0.128122,0.000000,0.000000,0.000000,1.000000,1.000000
1782353202.364123,390,0.000755,inf,STAND_TEST,0.000000,0.008255,0.082131,-0.128114,0.000000,0.000000,0.000000,1.000000,1.000000
1782353202.384238,391,0.000814,inf,STAND_TEST,0.000000,0.008285,0.082109,-0.128087,0.000000,0.000000,0.000000,1.000000,1.000000
1782353202.404174,392,0.000694,inf,STAND_TEST,0.000000,0.008280,0.082111,-0.128082,0.000000,0.000000,0.000000,1.000000,1.000000
1782353202.424102,393,0.000429,inf,STAND_TEST,0.000000,0.008275,0.082099,-0.128076,0.000000,0.000000,0.000000,1.000000,1.000000
1782353202.444171,394,0.000440,inf,STAND_TEST,0.000000,0.008299,0.082084,-0.128070,0.000000,0.000000,0.000000,1.000000,1.000000
1782353202.464244,395,0.000455,inf,STAND_TEST,0.000000,0.008288,0.082132,-0.128031,0.000000,0.000000,0.000000,1.000000,1.000000
1782353202.484278,396,0.000432,inf,STAND_TEST,0.000000,0.008295,0.082112,-0.128014,0.000000,0.000000,0.000000,1.000000,1.000000
1782353202.504555,397,0.000649,inf,STAND_TEST,0.000000,0.008299,0.082126,-0.127970,0.000000,0.000000,0.000000,1.000000,1.000000
1782353202.524621,398,0.000658,inf,STAND_TEST,0.000000,0.008323,0.082125,-0.127948,0.000000,0.000000,0.000000,1.000000,1.000000
1782353202.544652,399,0.000631,inf,STAND_TEST,0.000000,0.008329,0.082169,-0.127962,0.000000,0.000000,0.000000,1.000000,1.000000
1782353202.564727,400,0.000648,inf,STAND_TEST,0.000000,0.008334,0.082202,-0.127983,0.000000,0.000000,0.000000,1.000000,1.000000
1782353202.584791,401,0.000655,inf,STAND_TEST,0.000000,0.008324,0.082195,-0.128014,0.000000,0.000000,0.000000,1.000000,1.000000
1782353202.604724,402,0.000518,inf,STAND_TEST,0.000000,0.008315,0.082164,-0.128040,0.000000,0.000000,0.000000,1.000000,1.000000
1782353202.624702,403,0.000438,inf,STAND_TEST,0.000000,0.008299,0.082119,-0.128040,0.000000,0.000000,0.000000,1.000000,1.000000
1782353202.644762,404,0.000440,inf,STAND_TEST,0.000000,0.008284,0.082082,-0.128068,0.000000,0.000000,0.000000,1.000000,1.000000
1782353202.664810,405,0.000430,inf,STAND_TEST,0.000000,0.008288,0.082079,-0.128030,0.000000,0.000000,0.000000,1.000000,1.000000
1782353202.684882,406,0.000443,inf,STAND_TEST,0.000000,0.008279,0.082147,-0.128073,0.000000,0.000000,0.000000,1.000000,1.000000
1782353202.705147,407,0.000650,inf,STAND_TEST,0.000000,0.008271,0.082144,-0.128056,0.000000,0.000000,0.000000,1.000000,1.000000
1782353202.725138,408,0.000460,inf,STAND_TEST,0.000000,0.008261,0.082130,-0.128113,0.000000,0.000000,0.000000,1.000000,1.000000
1782353202.745224,409,0.000430,inf,STAND_TEST,0.000000,0.008288,0.082119,-0.128098,0.000000,0.000000,0.000000,1.000000,1.000000
1782353202.765299,410,0.000447,inf,STAND_TEST,0.000000,0.008291,0.082101,-0.128063,0.000000,0.000000,0.000000,1.000000,1.000000
1782353202.785356,411,0.000447,inf,STAND_TEST,0.000000,0.008278,0.082084,-0.128070,0.000000,0.000000,0.000000,1.000000,1.000000
1782353202.805605,412,0.000638,inf,STAND_TEST,0.000000,0.008298,0.082034,-0.128031,0.000000,0.000000,0.000000,1.000000,1.000000
1782353202.825475,413,0.000450,inf,STAND_TEST,0.000000,0.008327,0.082072,-0.128019,0.000000,0.000000,0.000000,1.000000,1.000000
1782353202.845521,414,0.000437,inf,STAND_TEST,0.000000,0.008325,0.082053,-0.127983,0.000000,0.000000,0.000000,1.000000,1.000000
1782353202.865776,415,0.000634,inf,STAND_TEST,0.000000,0.008320,0.082059,-0.127941,0.000000,0.000000,0.000000,1.000000,1.000000
1782353202.885975,416,0.000776,inf,STAND_TEST,0.000000,0.008313,0.082029,-0.127971,0.000000,0.000000,0.000000,1.000000,1.000000
1782353202.905975,417,0.000507,inf,STAND_TEST,0.000000,0.008308,0.082009,-0.127942,0.000000,0.000000,0.000000,1.000000,1.000000
1782353202.926011,418,0.000486,inf,STAND_TEST,0.000000,0.008310,0.082018,-0.127952,0.000000,0.000000,0.000000,1.000000,1.000000
1782353202.946027,419,0.000446,inf,STAND_TEST,0.000000,0.008312,0.081988,-0.127905,0.000000,0.000000,0.000000,1.000000,1.000000
1782353202.966066,420,0.000427,inf,STAND_TEST,0.000000,0.008329,0.081987,-0.127863,0.000000,0.000000,0.000000,1.000000,1.000000
1782353202.986413,421,0.000716,inf,STAND_TEST,0.000000,0.008315,0.081984,-0.127853,0.000000,0.000000,0.000000,1.000000,1.000000
1782353203.006411,422,0.000655,inf,STAND_TEST,0.000000,0.008316,0.082009,-0.127806,0.000000,0.000000,0.000000,1.000000,1.000000
1782353203.026466,423,0.000654,inf,STAND_TEST,0.000000,0.008317,0.081942,-0.127764,0.000000,0.000000,0.000000,1.000000,1.000000
1782353203.046464,424,0.000449,inf,STAND_TEST,0.000000,0.008309,0.081929,-0.127754,0.000000,0.000000,0.000000,1.000000,1.000000
1782353203.066496,425,0.000423,inf,STAND_TEST,0.000000,0.008319,0.081891,-0.127713,0.000000,0.000000,0.000000,1.000000,1.000000
1782353203.086598,426,0.000465,inf,STAND_TEST,0.000000,0.008313,0.081880,-0.127691,0.000000,0.000000,0.000000,1.000000,1.000000
1782353203.106640,427,0.000450,inf,STAND_TEST,0.000000,0.008313,0.081887,-0.127713,0.000000,0.000000,0.000000,1.000000,1.000000
1782353203.126680,428,0.000432,inf,STAND_TEST,0.000000,0.008315,0.081849,-0.127673,0.000000,0.000000,0.000000,1.000000,1.000000
1782353203.146978,429,0.000672,inf,STAND_TEST,0.000000,0.008315,0.081878,-0.127686,0.000000,0.000000,0.000000,1.000000,1.000000
1782353203.167008,430,0.000644,inf,STAND_TEST,0.000000,0.008301,0.081873,-0.127703,0.000000,0.000000,0.000000,1.000000,1.000000
1782353203.187101,431,0.000460,inf,STAND_TEST,0.000000,0.008300,0.081869,-0.127714,0.000000,0.000000,0.000000,1.000000,1.000000
1782353203.207158,432,0.000459,inf,STAND_TEST,0.000000,0.008308,0.081884,-0.127742,0.000000,0.000000,0.000000,1.000000,1.000000
1782353203.227187,433,0.000429,inf,STAND_TEST,0.000000,0.008314,0.081875,-0.127724,0.000000,0.000000,0.000000,1.000000,1.000000
1782353203.247239,434,0.000423,inf,STAND_TEST,0.000000,0.008339,0.081926,-0.127734,0.000000,0.000000,0.000000,1.000000,1.000000
1782353203.267665,435,0.000792,inf,STAND_TEST,0.000000,0.008340,0.081932,-0.127763,0.000000,0.000000,0.000000,1.000000,1.000000
1782353203.287372,436,0.000439,inf,STAND_TEST,0.000000,0.008350,0.081973,-0.127749,0.000000,0.000000,0.000000,1.000000,1.000000
1782353203.307511,437,0.000432,inf,STAND_TEST,0.000000,0.008342,0.082005,-0.127766,0.000000,0.000000,0.000000,1.000000,1.000000
1782353203.327677,438,0.000448,inf,STAND_TEST,0.000000,0.008348,0.082046,-0.127819,0.000000,0.000000,0.000000,1.000000,1.000000
1782353203.347812,439,0.000524,inf,STAND_TEST,0.000000,0.008338,0.082055,-0.127820,0.000000,0.000000,0.000000,1.000000,1.000000
1782353203.367879,440,0.000533,inf,STAND_TEST,0.000000,0.008336,0.082061,-0.127827,0.000000,0.000000,0.000000,1.000000,1.000000
1782353203.388131,441,0.000729,inf,STAND_TEST,0.000000,0.008315,0.082116,-0.127841,0.000000,0.000000,0.000000,1.000000,1.000000
1782353203.407897,442,0.000438,inf,STAND_TEST,0.000000,0.008322,0.082150,-0.127870,0.000000,0.000000,0.000000,1.000000,1.000000
1782353203.428198,443,0.000684,inf,STAND_TEST,0.000000,0.008326,0.082151,-0.127815,0.000000,0.000000,0.000000,1.000000,1.000000
1782353203.448190,444,0.000620,inf,STAND_TEST,0.000000,0.008321,0.082093,-0.127819,0.000000,0.000000,0.000000,1.000000,1.000000
1782353203.468276,445,0.000649,inf,STAND_TEST,0.000000,0.008345,0.082125,-0.127818,0.000000,0.000000,0.000000,1.000000,1.000000
1782353203.488149,446,0.000437,inf,STAND_TEST,0.000000,0.008345,0.082184,-0.127833,0.000000,0.000000,0.000000,1.000000,1.000000
1782353203.508175,447,0.000408,inf,STAND_TEST,0.000000,0.008328,0.082219,-0.127847,0.000000,0.000000,0.000000,1.000000,1.000000
1782353203.528256,448,0.000433,inf,STAND_TEST,0.000000,0.008310,0.082247,-0.127870,0.000000,0.000000,0.000000,1.000000,1.000000
1782353203.548319,449,0.000439,inf,STAND_TEST,0.000000,0.008297,0.082274,-0.127878,0.000000,0.000000,0.000000,1.000000,1.000000
1782353203.568377,450,0.000441,inf,STAND_TEST,0.000000,0.008294,0.082296,-0.127905,0.000000,0.000000,0.000000,1.000000,1.000000
1782353203.588610,451,0.000618,inf,STAND_TEST,0.000000,0.008293,0.082309,-0.127902,0.000000,0.000000,0.000000,1.000000,1.000000
1782353203.608667,452,0.000619,inf,STAND_TEST,0.000000,0.008288,0.082333,-0.127923,0.000000,0.000000,0.000000,1.000000,1.000000
1782353203.628720,453,0.000618,inf,STAND_TEST,0.000000,0.008274,0.082342,-0.127935,0.000000,0.000000,0.000000,1.000000,1.000000
1782353203.648948,454,0.000790,inf,STAND_TEST,0.000000,0.008261,0.082365,-0.127924,0.000000,0.000000,0.000000,1.000000,1.000000
1782353203.668624,455,0.000410,inf,STAND_TEST,0.000000,0.008254,0.082370,-0.127897,0.000000,0.000000,0.000000,1.000000,1.000000
1782353203.688763,456,0.000433,inf,STAND_TEST,0.000000,0.008228,0.082356,-0.127894,0.000000,0.000000,0.000000,1.000000,1.000000
1782353203.708818,457,0.000434,inf,STAND_TEST,0.000000,0.008240,0.082332,-0.127898,0.000000,0.000000,0.000000,1.000000,1.000000
1782353203.728842,458,0.000405,inf,STAND_TEST,0.000000,0.008234,0.082291,-0.127902,0.000000,0.000000,0.000000,1.000000,1.000000
1782353203.748938,459,0.000445,inf,STAND_TEST,0.000000,0.008235,0.082296,-0.127894,0.000000,0.000000,0.000000,1.000000,1.000000
1782353203.769445,460,0.000894,inf,STAND_TEST,0.000000,0.008211,0.082279,-0.127871,0.000000,0.000000,0.000000,1.000000,1.000000
1782353203.789283,461,0.000474,inf,STAND_TEST,0.000000,0.008211,0.082273,-0.127878,0.000000,0.000000,0.000000,1.000000,1.000000
1782353203.809301,462,0.000436,inf,STAND_TEST,0.000000,0.008222,0.082280,-0.127899,0.000000,0.000000,0.000000,1.000000,1.000000
1782353203.829396,463,0.000476,inf,STAND_TEST,0.000000,0.008218,0.082285,-0.127902,0.000000,0.000000,0.000000,1.000000,1.000000
1782353203.849402,464,0.000426,inf,STAND_TEST,0.000000,0.008226,0.082346,-0.127897,0.000000,0.000000,0.000000,1.000000,1.000000
1782353203.869491,465,0.000457,inf,STAND_TEST,0.000000,0.008240,0.082339,-0.127873,0.000000,0.000000,0.000000,1.000000,1.000000
1782353203.889811,466,0.000675,inf,STAND_TEST,0.000000,0.008212,0.082330,-0.127849,0.000000,0.000000,0.000000,1.000000,1.000000
1782353203.909898,467,0.000659,inf,STAND_TEST,0.000000,0.008193,0.082326,-0.127897,0.000000,0.000000,0.000000,1.000000,1.000000
1782353203.929986,468,0.000689,inf,STAND_TEST,0.000000,0.008191,0.082310,-0.127899,0.000000,0.000000,0.000000,1.000000,1.000000
1782353203.950149,469,0.000444,inf,STAND_TEST,0.000000,0.008203,0.082345,-0.127902,0.000000,0.000000,0.000000,1.000000,1.000000
1782353203.970219,470,0.000455,inf,STAND_TEST,0.000000,0.008198,0.082363,-0.127940,0.000000,0.000000,0.000000,1.000000,1.000000
1782353203.990585,471,0.000766,inf,STAND_TEST,0.000000,0.008185,0.082396,-0.127974,0.000000,0.000000,0.000000,1.000000,1.000000
1782353204.010518,472,0.000644,inf,STAND_TEST,0.000000,0.008175,0.082450,-0.127959,0.000000,0.000000,0.000000,1.000000,1.000000
1782353204.030555,473,0.000627,inf,STAND_TEST,0.000000,0.008208,0.082453,-0.127956,0.000000,0.000000,0.000000,1.000000,1.000000
1782353204.050591,474,0.000609,inf,STAND_TEST,0.000000,0.008216,0.082449,-0.127948,0.000000,0.000000,0.000000,1.000000,1.000000
1782353204.070587,475,0.000443,inf,STAND_TEST,0.000000,0.008198,0.082423,-0.127919,0.000000,0.000000,0.000000,1.000000,1.000000
1782353204.090615,476,0.000416,inf,STAND_TEST,0.000000,0.008181,0.082405,-0.127940,0.000000,0.000000,0.000000,1.000000,1.000000
1782353204.110708,477,0.000452,inf,STAND_TEST,0.000000,0.008200,0.082416,-0.127906,0.000000,0.000000,0.000000,1.000000,1.000000
1782353204.130731,478,0.000418,inf,STAND_TEST,0.000000,0.008181,0.082439,-0.127912,0.000000,0.000000,0.000000,1.000000,1.000000
1782353204.150792,479,0.000422,inf,STAND_TEST,0.000000,0.008185,0.082454,-0.127943,0.000000,0.000000,0.000000,1.000000,1.000000
1782353204.171135,480,0.000709,inf,STAND_TEST,0.000000,0.008180,0.082475,-0.127985,0.000000,0.000000,0.000000,1.000000,1.000000
1782353204.191139,481,0.000656,inf,STAND_TEST,0.000000,0.008190,0.082482,-0.128001,0.000000,0.000000,0.000000,1.000000,1.000000
1782353204.211069,482,0.000445,inf,STAND_TEST,0.000000,0.008176,0.082456,-0.127987,0.000000,0.000000,0.000000,1.000000,1.000000
1782353204.231112,483,0.000432,inf,STAND_TEST,0.000000,0.008166,0.082429,-0.128018,0.000000,0.000000,0.000000,1.000000,1.000000
1782353204.251179,484,0.000441,inf,STAND_TEST,0.000000,0.008160,0.082438,-0.128047,0.000000,0.000000,0.000000,1.000000,1.000000
1782353204.271265,485,0.000469,inf,STAND_TEST,0.000000,0.008140,0.082432,-0.128031,0.000000,0.000000,0.000000,1.000000,1.000000
1782353204.291298,486,0.000444,inf,STAND_TEST,0.000000,0.008135,0.082456,-0.128011,0.000000,0.000000,0.000000,1.000000,1.000000
1782353204.311558,487,0.000646,inf,STAND_TEST,0.000000,0.008123,0.082449,-0.127996,0.000000,0.000000,0.000000,1.000000,1.000000
1782353204.331598,488,0.000630,inf,STAND_TEST,0.000000,0.008108,0.082408,-0.128003,0.000000,0.000000,0.000000,1.000000,1.000000
1782353204.351689,489,0.000664,inf,STAND_TEST,0.000000,0.008102,0.082372,-0.128027,0.000000,0.000000,0.000000,1.000000,1.000000
1782353204.371889,490,0.000447,inf,STAND_TEST,0.000000,0.008080,0.082346,-0.128031,0.000000,0.000000,0.000000,1.000000,1.000000
1782353204.391949,491,0.000450,inf,STAND_TEST,0.000000,0.008047,0.082358,-0.128046,0.000000,0.000000,0.000000,1.000000,1.000000
1782353204.412234,492,0.000678,inf,STAND_TEST,0.000000,0.008051,0.082346,-0.128052,0.000000,0.000000,0.000000,1.000000,1.000000
1782353204.432279,493,0.000665,inf,STAND_TEST,0.000000,0.008060,0.082358,-0.128050,0.000000,0.000000,0.000000,1.000000,1.000000
1782353204.452312,494,0.000641,inf,STAND_TEST,0.000000,0.008087,0.082434,-0.128059,0.000000,0.000000,0.000000,1.000000,1.000000
1782353204.472409,495,0.000680,inf,STAND_TEST,0.000000,0.008086,0.082430,-0.128030,0.000000,0.000000,0.000000,1.000000,1.000000
1782353204.492354,496,0.000438,inf,STAND_TEST,0.000000,0.008054,0.082481,-0.128040,0.000000,0.000000,0.000000,1.000000,1.000000
1782353204.512408,497,0.000436,inf,STAND_TEST,0.000000,0.008065,0.082467,-0.128009,0.000000,0.000000,0.000000,1.000000,1.000000
1782353204.532450,498,0.000422,inf,STAND_TEST,0.000000,0.008058,0.082481,-0.128057,0.000000,0.000000,0.000000,1.000000,1.000000
1782353204.552515,499,0.000431,inf,STAND_TEST,0.000000,0.008050,0.082522,-0.128112,0.000000,0.000000,0.000000,1.000000,1.000000
1782353204.572536,500,0.000397,inf,STAND_TEST,0.000000,0.008031,0.082530,-0.128148,0.000000,0.000000,0.000000,1.000000,1.000000
1782353204.592621,501,0.000427,inf,STAND_TEST,0.000000,0.008048,0.082556,-0.128144,0.000000,0.000000,0.000000,1.000000,1.000000
1782353204.612868,502,0.000618,inf,STAND_TEST,0.000000,0.008045,0.082580,-0.128152,0.000000,0.000000,0.000000,1.000000,1.000000
1782353204.632908,503,0.000603,inf,STAND_TEST,0.000000,0.008066,0.082554,-0.128151,0.000000,0.000000,0.000000,1.000000,1.000000
1782353204.653006,504,0.000445,inf,STAND_TEST,0.000000,0.008051,0.082580,-0.128150,0.000000,0.000000,0.000000,1.000000,1.000000
1782353204.673043,505,0.000425,inf,STAND_TEST,0.000000,0.008059,0.082565,-0.128147,0.000000,0.000000,0.000000,1.000000,1.000000
1782353204.693101,506,0.000427,inf,STAND_TEST,0.000000,0.008076,0.082571,-0.128165,0.000000,0.000000,0.000000,1.000000,1.000000
1782353204.713375,507,0.000644,inf,STAND_TEST,0.000000,0.008072,0.082555,-0.128189,0.000000,0.000000,0.000000,1.000000,1.000000
1782353204.733216,508,0.000429,inf,STAND_TEST,0.000000,0.008050,0.082567,-0.128224,0.000000,0.000000,0.000000,1.000000,1.000000
1782353204.753476,509,0.000634,inf,STAND_TEST,0.000000,0.008036,0.082571,-0.128185,0.000000,0.000000,0.000000,1.000000,1.000000
1782353204.773564,510,0.000665,inf,STAND_TEST,0.000000,0.008023,0.082565,-0.128183,0.000000,0.000000,0.000000,1.000000,1.000000
1782353204.793604,511,0.000650,inf,STAND_TEST,0.000000,0.007995,0.082602,-0.128169,0.000000,0.000000,0.000000,1.000000,1.000000
1782353204.813482,512,0.000421,inf,STAND_TEST,0.000000,0.008007,0.082605,-0.128184,0.000000,0.000000,0.000000,1.000000,1.000000
1782353204.833581,513,0.000462,inf,STAND_TEST,0.000000,0.007984,0.082602,-0.128208,0.000000,0.000000,0.000000,1.000000,1.000000
1782353204.853613,514,0.000436,inf,STAND_TEST,0.000000,0.007985,0.082633,-0.128175,0.000000,0.000000,0.000000,1.000000,1.000000
1782353204.873667,515,0.000434,inf,STAND_TEST,0.000000,0.007975,0.082628,-0.128155,0.000000,0.000000,0.000000,1.000000,1.000000
1782353204.893968,516,0.000677,inf,STAND_TEST,0.000000,0.007971,0.082655,-0.128211,0.000000,0.000000,0.000000,1.000000,1.000000
1782353204.913795,517,0.000448,inf,STAND_TEST,0.000000,0.007989,0.082660,-0.128214,0.000000,0.000000,0.000000,1.000000,1.000000
1782353204.934057,518,0.000654,inf,STAND_TEST,0.000000,0.007953,0.082674,-0.128213,0.000000,0.000000,0.000000,1.000000,1.000000
1782353204.954140,519,0.000679,inf,STAND_TEST,0.000000,0.007956,0.082669,-0.128199,0.000000,0.000000,0.000000,1.000000,1.000000
1782353204.973992,520,0.000457,inf,STAND_TEST,0.000000,0.007954,0.082641,-0.128217,0.000000,0.000000,0.000000,1.000000,1.000000
1782353204.994031,521,0.000439,inf,STAND_TEST,0.000000,0.007966,0.082660,-0.128233,0.000000,0.000000,0.000000,1.000000,1.000000
1782353205.014087,522,0.000438,inf,STAND_TEST,0.000000,0.007938,0.082680,-0.128295,0.000000,0.000000,0.000000,1.000000,1.000000
1782353205.034138,523,0.000432,inf,STAND_TEST,0.000000,0.007943,0.082720,-0.128275,0.000000,0.000000,0.000000,1.000000,1.000000
1782353205.054199,524,0.000435,inf,STAND_TEST,0.000000,0.007946,0.082685,-0.128274,0.000000,0.000000,0.000000,1.000000,1.000000
1782353205.074451,525,0.000631,inf,STAND_TEST,0.000000,0.007941,0.082706,-0.128291,0.000000,0.000000,0.000000,1.000000,1.000000
1782353205.094512,526,0.000635,inf,STAND_TEST,0.000000,0.007947,0.082733,-0.128280,0.000000,0.000000,0.000000,1.000000,1.000000
1782353205.114551,527,0.000619,inf,STAND_TEST,0.000000,0.007937,0.082688,-0.128288,0.000000,0.000000,0.000000,1.000000,1.000000
1782353205.134498,528,0.000419,inf,STAND_TEST,0.000000,0.007987,0.082676,-0.128242,0.000000,0.000000,0.000000,1.000000,1.000000
1782353205.154785,529,0.000473,inf,STAND_TEST,0.000000,0.007955,0.082643,-0.128266,0.000000,0.000000,0.000000,1.000000,1.000000
1782353205.174840,530,0.000472,inf,STAND_TEST,0.000000,0.007961,0.082654,-0.128261,0.000000,0.000000,0.000000,1.000000,1.000000
1782353205.195195,531,0.000718,inf,STAND_TEST,0.000000,0.007931,0.082630,-0.128276,0.000000,0.000000,0.000000,1.000000,1.000000
1782353205.215255,532,0.000667,inf,STAND_TEST,0.000000,0.007952,0.082658,-0.128271,0.000000,0.000000,0.000000,1.000000,1.000000
1782353205.235412,533,0.000713,inf,STAND_TEST,0.000000,0.007952,0.082658,-0.128276,0.000000,0.000000,0.000000,1.000000,1.000000
1782353205.255380,534,0.000453,inf,STAND_TEST,0.000000,0.007966,0.082625,-0.128251,0.000000,0.000000,0.000000,1.000000,1.000000
1782353205.275442,535,0.000412,inf,STAND_TEST,0.000000,0.007962,0.082601,-0.128209,0.000000,0.000000,0.000000,1.000000,1.000000
1782353205.295835,536,0.000699,inf,STAND_TEST,0.000000,0.007960,0.082558,-0.128198,0.000000,0.000000,0.000000,1.000000,1.000000
1782353205.315868,537,0.000628,inf,STAND_TEST,0.000000,0.007949,0.082504,-0.128189,0.000000,0.000000,0.000000,1.000000,1.000000
1782353205.336014,538,0.000715,inf,STAND_TEST,0.000000,0.007929,0.082470,-0.128193,0.000000,0.000000,0.000000,1.000000,1.000000
1782353205.356086,539,0.000728,inf,STAND_TEST,0.000000,0.007954,0.082468,-0.128195,0.000000,0.000000,0.000000,1.000000,1.000000
1782353205.375963,540,0.000509,inf,STAND_TEST,0.000000,0.007935,0.082507,-0.128254,0.000000,0.000000,0.000000,1.000000,1.000000
1782353205.396036,541,0.000489,inf,STAND_TEST,0.000000,0.007931,0.082510,-0.128260,0.000000,0.000000,0.000000,1.000000,1.000000
1782353205.416030,542,0.000427,inf,STAND_TEST,0.000000,0.007911,0.082442,-0.128254,0.000000,0.000000,0.000000,1.000000,1.000000
1782353205.436129,543,0.000469,inf,STAND_TEST,0.000000,0.007929,0.082450,-0.128237,0.000000,0.000000,0.000000,1.000000,1.000000
1782353205.456130,544,0.000416,inf,STAND_TEST,0.000000,0.007936,0.082412,-0.128187,0.000000,0.000000,0.000000,1.000000,1.000000
1782353205.476159,545,0.000391,inf,STAND_TEST,0.000000,0.007917,0.082400,-0.128191,0.000000,0.000000,0.000000,1.000000,1.000000
1782353205.496423,546,0.000620,inf,STAND_TEST,0.000000,0.007928,0.082388,-0.128186,0.000000,0.000000,0.000000,1.000000,1.000000
1782353205.516375,547,0.000426,inf,STAND_TEST,0.000000,0.007915,0.082383,-0.128213,0.000000,0.000000,0.000000,1.000000,1.000000
1782353205.536483,548,0.000396,inf,STAND_TEST,0.000000,0.007914,0.082422,-0.128210,0.000000,0.000000,0.000000,1.000000,1.000000
1782353205.556588,549,0.000447,inf,STAND_TEST,0.000000,0.007922,0.082472,-0.128229,0.000000,0.000000,0.000000,1.000000,1.000000
1782353205.576620,550,0.000424,inf,STAND_TEST,0.000000,0.007910,0.082490,-0.128236,0.000000,0.000000,0.000000,1.000000,1.000000
1782353205.596680,551,0.000430,inf,STAND_TEST,0.000000,0.007914,0.082458,-0.128261,0.000000,0.000000,0.000000,1.000000,1.000000
1782353205.616920,552,0.000613,inf,STAND_TEST,0.000000,0.007926,0.082446,-0.128262,0.000000,0.000000,0.000000,1.000000,1.000000
1782353205.637060,553,0.000696,inf,STAND_TEST,0.000000,0.007916,0.082461,-0.128245,0.000000,0.000000,0.000000,1.000000,1.000000
1782353205.657120,554,0.000702,inf,STAND_TEST,0.000000,0.007920,0.082443,-0.128243,0.000000,0.000000,0.000000,1.000000,1.000000
1782353205.677151,555,0.000677,inf,STAND_TEST,0.000000,0.007914,0.082451,-0.128235,0.000000,0.000000,0.000000,1.000000,1.000000
1782353205.697052,556,0.000437,inf,STAND_TEST,0.000000,0.007915,0.082437,-0.128247,0.000000,0.000000,0.000000,1.000000,1.000000
1782353205.717130,557,0.000458,inf,STAND_TEST,0.000000,0.007912,0.082455,-0.128257,0.000000,0.000000,0.000000,1.000000,1.000000
1782353205.737160,558,0.000430,inf,STAND_TEST,0.000000,0.007940,0.082459,-0.128220,0.000000,0.000000,0.000000,1.000000,1.000000
1782353205.757211,559,0.000426,inf,STAND_TEST,0.000000,0.007927,0.082416,-0.128243,0.000000,0.000000,0.000000,1.000000,1.000000
1782353205.777297,560,0.000456,inf,STAND_TEST,0.000000,0.007925,0.082367,-0.128237,0.000000,0.000000,0.000000,1.000000,1.000000
1782353205.797543,561,0.000647,inf,STAND_TEST,0.000000,0.007886,0.082380,-0.128251,0.000000,0.000000,0.000000,1.000000,1.000000
1782353205.817749,562,0.000797,inf,STAND_TEST,0.000000,0.007904,0.082369,-0.128256,0.000000,0.000000,0.000000,1.000000,1.000000
1782353205.837553,563,0.000442,inf,STAND_TEST,0.000000,0.007899,0.082358,-0.128218,0.000000,0.000000,0.000000,1.000000,1.000000
1782353205.857605,564,0.000439,inf,STAND_TEST,0.000000,0.007915,0.082386,-0.128221,0.000000,0.000000,0.000000,1.000000,1.000000
1782353205.877654,565,0.000434,inf,STAND_TEST,0.000000,0.007890,0.082323,-0.128212,0.000000,0.000000,0.000000,1.000000,1.000000
1782353205.897686,566,0.000410,inf,STAND_TEST,0.000000,0.007888,0.082299,-0.128188,0.000000,0.000000,0.000000,1.000000,1.000000
1782353205.917774,567,0.000443,inf,STAND_TEST,0.000000,0.007873,0.082240,-0.128193,0.000000,0.000000,0.000000,1.000000,1.000000
1782353205.937814,568,0.000427,inf,STAND_TEST,0.000000,0.007881,0.082198,-0.128142,0.000000,0.000000,0.000000,1.000000,1.000000
1782353205.958089,569,0.000644,inf,STAND_TEST,0.000000,0.007864,0.082121,-0.128163,0.000000,0.000000,0.000000,1.000000,1.000000
1782353205.978311,570,0.000809,inf,STAND_TEST,0.000000,0.007819,0.082108,-0.128168,0.000000,0.000000,0.000000,1.000000,1.000000
1782353205.998148,571,0.000461,inf,STAND_TEST,0.000000,0.007795,0.082120,-0.128242,0.000000,0.000000,0.000000,1.000000,1.000000
1782353206.018164,572,0.000420,inf,STAND_TEST,0.000000,0.007823,0.082112,-0.128273,0.000000,0.000000,0.000000,1.000000,1.000000
1782353206.038260,573,0.000458,inf,STAND_TEST,0.000000,0.007797,0.082130,-0.128241,0.000000,0.000000,0.000000,1.000000,1.000000
1782353206.058275,574,0.000416,inf,STAND_TEST,0.000000,0.007788,0.082099,-0.128279,0.000000,0.000000,0.000000,1.000000,1.000000
1782353206.078362,575,0.000446,inf,STAND_TEST,0.000000,0.007807,0.082045,-0.128234,0.000000,0.000000,0.000000,1.000000,1.000000
1782353206.098408,576,0.000435,inf,STAND_TEST,0.000000,0.007809,0.082053,-0.128202,0.000000,0.000000,0.000000,1.000000,1.000000
1782353206.118457,577,0.000430,inf,STAND_TEST,0.000000,0.007823,0.082047,-0.128164,0.000000,0.000000,0.000000,1.000000,1.000000
1782353206.138734,578,0.000652,inf,STAND_TEST,0.000000,0.007842,0.082019,-0.128174,0.000000,0.000000,0.000000,1.000000,1.000000
1782353206.158852,579,0.000714,inf,STAND_TEST,0.000000,0.007819,0.081979,-0.128173,0.000000,0.000000,0.000000,1.000000,1.000000
1782353206.178729,580,0.000449,inf,STAND_TEST,0.000000,0.007822,0.081957,-0.128139,0.000000,0.000000,0.000000,1.000000,1.000000
1782353206.198750,581,0.000414,inf,STAND_TEST,0.000000,0.007813,0.081972,-0.128121,0.000000,0.000000,0.000000,1.000000,1.000000
1782353206.218800,582,0.000408,inf,STAND_TEST,0.000000,0.007814,0.081989,-0.128121,0.000000,0.000000,0.000000,1.000000,1.000000
1782353206.238871,583,0.000423,inf,STAND_TEST,0.000000,0.007830,0.082010,-0.128161,0.000000,0.000000,0.000000,1.000000,1.000000
1782353206.259138,584,0.000633,inf,STAND_TEST,0.000000,0.007834,0.081993,-0.128161,0.000000,0.000000,0.000000,1.000000,1.000000
1782353206.278958,585,0.000397,inf,STAND_TEST,0.000000,0.007825,0.081942,-0.128154,0.000000,0.000000,0.000000,1.000000,1.000000
1782353206.299243,586,0.000626,inf,STAND_TEST,0.000000,0.007820,0.081952,-0.128161,0.000000,0.000000,0.000000,1.000000,1.000000
1782353206.319168,587,0.000422,inf,STAND_TEST,0.000000,0.007828,0.081997,-0.128141,0.000000,0.000000,0.000000,1.000000,1.000000
1782353206.339410,588,0.000417,inf,STAND_TEST,0.000000,0.007837,0.081995,-0.128151,0.000000,0.000000,0.000000,1.000000,1.000000
1782353206.360037,589,0.000980,inf,STAND_TEST,0.000000,0.007865,0.082047,-0.128141,0.000000,0.000000,0.000000,1.000000,1.000000
1782353206.379893,590,0.000778,inf,STAND_TEST,0.000000,0.007890,0.082021,-0.128131,0.000000,0.000000,0.000000,1.000000,1.000000
1782353206.399870,591,0.000699,inf,STAND_TEST,0.000000,0.007889,0.082023,-0.128126,0.000000,0.000000,0.000000,1.000000,1.000000
1782353206.419866,592,0.000639,inf,STAND_TEST,0.000000,0.007893,0.081988,-0.128121,0.000000,0.000000,0.000000,1.000000,1.000000
1782353206.439919,593,0.000635,inf,STAND_TEST,0.000000,0.007894,0.082035,-0.128149,0.000000,0.000000,0.000000,1.000000,1.000000
1782353206.459944,594,0.000400,inf,STAND_TEST,0.000000,0.007900,0.082000,-0.128174,0.000000,0.000000,0.000000,1.000000,1.000000
1782353206.479986,595,0.000386,inf,STAND_TEST,0.000000,0.007902,0.082004,-0.128171,0.000000,0.000000,0.000000,1.000000,1.000000
1782353206.500094,596,0.000437,inf,STAND_TEST,0.000000,0.007907,0.081982,-0.128192,0.000000,0.000000,0.000000,1.000000,1.000000
1782353206.520200,597,0.000420,inf,STAND_TEST,0.000000,0.007911,0.081948,-0.128172,0.000000,0.000000,0.000000,1.000000,1.000000
1782353206.540470,598,0.000633,inf,STAND_TEST,0.000000,0.007891,0.081889,-0.128232,0.000000,0.000000,0.000000,1.000000,1.000000
1782353206.560508,599,0.000617,inf,STAND_TEST,0.000000,0.007896,0.081866,-0.128244,0.000000,0.000000,0.000000,1.000000,1.000000
1782353206.580566,600,0.000618,inf,STAND_TEST,0.000000,0.007891,0.081890,-0.128240,0.000000,0.000000,0.000000,1.000000,1.000000
1782353206.600587,601,0.000424,inf,STAND_TEST,0.000000,0.007897,0.081859,-0.128257,0.000000,0.000000,0.000000,1.000000,1.000000
1782353206.620614,602,0.000395,inf,STAND_TEST,0.000000,0.007922,0.081836,-0.128232,0.000000,0.000000,0.000000,1.000000,1.000000
1782353206.640676,603,0.000401,inf,STAND_TEST,0.000000,0.007952,0.081874,-0.128211,0.000000,0.000000,0.000000,1.000000,1.000000
1782353206.660759,604,0.000428,inf,STAND_TEST,0.000000,0.007958,0.081851,-0.128220,0.000000,0.000000,0.000000,1.000000,1.000000
1782353206.680817,605,0.000430,inf,STAND_TEST,0.000000,0.007951,0.081895,-0.128217,0.000000,0.000000,0.000000,1.000000,1.000000
1782353206.701103,606,0.000661,inf,STAND_TEST,0.000000,0.007961,0.081859,-0.128198,0.000000,0.000000,0.000000,1.000000,1.000000
1782353206.721027,607,0.000426,inf,STAND_TEST,0.000000,0.007970,0.081825,-0.128171,0.000000,0.000000,0.000000,1.000000,1.000000
1782353206.741116,608,0.000423,inf,STAND_TEST,0.000000,0.007961,0.081778,-0.128151,0.000000,0.000000,0.000000,1.000000,1.000000
1782353206.761153,609,0.000405,inf,STAND_TEST,0.000000,0.007978,0.081725,-0.128151,0.000000,0.000000,0.000000,1.000000,1.000000
1782353206.781213,610,0.000409,inf,STAND_TEST,0.000000,0.007997,0.081657,-0.128154,0.000000,0.000000,0.000000,1.000000,1.000000
1782353206.801267,611,0.000406,inf,STAND_TEST,0.000000,0.007977,0.081623,-0.128151,0.000000,0.000000,0.000000,1.000000,1.000000
1782353206.821346,612,0.000429,inf,STAND_TEST,0.000000,0.007998,0.081600,-0.128140,0.000000,0.000000,0.000000,1.000000,1.000000
1782353206.841387,613,0.000414,inf,STAND_TEST,0.000000,0.008011,0.081583,-0.128121,0.000000,0.000000,0.000000,1.000000,1.000000
1782353206.861636,614,0.000607,inf,STAND_TEST,0.000000,0.008004,0.081592,-0.128134,0.000000,0.000000,0.000000,1.000000,1.000000
1782353206.881683,615,0.000599,inf,STAND_TEST,0.000000,0.008024,0.081601,-0.128127,0.000000,0.000000,0.000000,1.000000,1.000000
1782353206.901708,616,0.000401,inf,STAND_TEST,0.000000,0.008018,0.081584,-0.128119,0.000000,0.000000,0.000000,1.000000,1.000000
1782353206.921789,617,0.000425,inf,STAND_TEST,0.000000,0.008025,0.081566,-0.128133,0.000000,0.000000,0.000000,1.000000,1.000000
1782353206.941844,618,0.000424,inf,STAND_TEST,0.000000,0.008030,0.081503,-0.128160,0.000000,0.000000,0.000000,1.000000,1.000000
1782353206.961913,619,0.000436,inf,STAND_TEST,0.000000,0.008025,0.081461,-0.128212,0.000000,0.000000,0.000000,1.000000,1.000000
1782353206.982017,620,0.000484,inf,STAND_TEST,0.000000,0.008039,0.081443,-0.128196,0.000000,0.000000,0.000000,1.000000,1.000000
1782353207.002432,621,0.000838,inf,STAND_TEST,0.000000,0.008053,0.081413,-0.128173,0.000000,0.000000,0.000000,1.000000,1.000000
1782353207.022417,622,0.000764,inf,STAND_TEST,0.000000,0.008039,0.081325,-0.128158,0.000000,0.000000,0.000000,1.000000,1.000000
1782353207.042451,623,0.000741,inf,STAND_TEST,0.000000,0.008035,0.081289,-0.128140,0.000000,0.000000,0.000000,1.000000,1.000000
1782353207.062431,624,0.000498,inf,STAND_TEST,0.000000,0.008016,0.081261,-0.128155,0.000000,0.000000,0.000000,1.000000,1.000000
1782353207.082409,625,0.000419,inf,STAND_TEST,0.000000,0.008028,0.081302,-0.128138,0.000000,0.000000,0.000000,1.000000,1.000000
1782353207.102475,626,0.000429,inf,STAND_TEST,0.000000,0.008010,0.081288,-0.128135,0.000000,0.000000,0.000000,1.000000,1.000000
1782353207.122576,627,0.000476,inf,STAND_TEST,0.000000,0.008046,0.081282,-0.128076,0.000000,0.000000,0.000000,1.000000,1.000000
1782353207.142593,628,0.000438,inf,STAND_TEST,0.000000,0.008066,0.081266,-0.128085,0.000000,0.000000,0.000000,1.000000,1.000000
1782353207.162857,629,0.000648,inf,STAND_TEST,0.000000,0.008065,0.081240,-0.128081,0.000000,0.000000,0.000000,1.000000,1.000000
1782353207.182903,630,0.000637,inf,STAND_TEST,0.000000,0.008080,0.081238,-0.128053,0.000000,0.000000,0.000000,1.000000,1.000000
1782353207.202918,631,0.000476,inf,STAND_TEST,0.000000,0.008067,0.081282,-0.128022,0.000000,0.000000,0.000000,1.000000,1.000000
1782353207.223068,632,0.000443,inf,STAND_TEST,0.000000,0.008064,0.081321,-0.128004,0.000000,0.000000,0.000000,1.000000,1.000000
1782353207.243198,633,0.000457,inf,STAND_TEST,0.000000,0.008075,0.081372,-0.128014,0.000000,0.000000,0.000000,1.000000,1.000000
1782353207.263271,634,0.000419,inf,STAND_TEST,0.000000,0.008070,0.081419,-0.128032,0.000000,0.000000,0.000000,1.000000,1.000000
1782353207.283640,635,0.000729,inf,STAND_TEST,0.000000,0.008077,0.081386,-0.128008,0.000000,0.000000,0.000000,1.000000,1.000000
1782353207.303735,636,0.000758,inf,STAND_TEST,0.000000,0.008066,0.081377,-0.128000,0.000000,0.000000,0.000000,1.000000,1.000000
1782353207.323745,637,0.000518,inf,STAND_TEST,0.000000,0.008116,0.081369,-0.128007,0.000000,0.000000,0.000000,1.000000,1.000000
1782353207.343743,638,0.000458,inf,STAND_TEST,0.000000,0.008145,0.081339,-0.128035,0.000000,0.000000,0.000000,1.000000,1.000000
1782353207.363793,639,0.000449,inf,STAND_TEST,0.000000,0.008174,0.081303,-0.128091,0.000000,0.000000,0.000000,1.000000,1.000000
1782353207.383959,640,0.000555,inf,STAND_TEST,0.000000,0.008197,0.081240,-0.128095,0.000000,0.000000,0.000000,1.000000,1.000000
1782353207.404279,641,0.000818,inf,STAND_TEST,0.000000,0.008175,0.081200,-0.128105,0.000000,0.000000,0.000000,1.000000,1.000000
1782353207.424165,642,0.000648,inf,STAND_TEST,0.000000,0.008180,0.081157,-0.128131,0.000000,0.000000,0.000000,1.000000,1.000000
1782353207.444374,643,0.000802,inf,STAND_TEST,0.000000,0.008161,0.081124,-0.128130,0.000000,0.000000,0.000000,1.000000,1.000000
1782353207.464270,644,0.000412,inf,STAND_TEST,0.000000,0.008182,0.081032,-0.128074,0.000000,0.000000,0.000000,1.000000,1.000000
1782353207.484354,645,0.000441,inf,STAND_TEST,0.000000,0.008161,0.080874,-0.128047,0.000000,0.000000,0.000000,1.000000,1.000000
1782353207.504374,646,0.000404,inf,STAND_TEST,0.000000,0.008204,0.080745,-0.128032,0.000000,0.000000,0.000000,1.000000,1.000000
1782353207.524475,647,0.000447,inf,STAND_TEST,0.000000,0.008221,0.080585,-0.128046,0.000000,0.000000,0.000000,1.000000,1.000000
1782353207.544486,648,0.000403,inf,STAND_TEST,0.000000,0.008241,0.080390,-0.128055,0.000000,0.000000,0.000000,1.000000,1.000000
1782353207.564749,649,0.000610,inf,STAND_TEST,0.000000,0.008242,0.080225,-0.128067,0.000000,0.000000,0.000000,1.000000,1.000000
1782353207.584974,650,0.000495,inf,STAND_TEST,0.000000,0.008221,0.080054,-0.128079,0.000000,0.000000,0.000000,1.000000,1.000000
1782353207.604998,651,0.000460,inf,STAND_TEST,0.000000,0.008230,0.079921,-0.128079,0.000000,0.000000,0.000000,1.000000,1.000000
1782353207.625001,652,0.000408,inf,STAND_TEST,0.000000,0.008227,0.079792,-0.128061,0.000000,0.000000,0.000000,1.000000,1.000000
1782353207.645064,653,0.000415,inf,STAND_TEST,0.000000,0.008240,0.079677,-0.127992,0.000000,0.000000,0.000000,1.000000,1.000000
1782353207.665330,654,0.000624,inf,STAND_TEST,0.000000,0.008272,0.079503,-0.127968,0.000000,0.000000,0.000000,1.000000,1.000000
1782353207.685551,655,0.000443,inf,STAND_TEST,0.000000,0.008284,0.079272,-0.127983,0.000000,0.000000,0.000000,1.000000,1.000000
1782353207.705627,656,0.000462,inf,STAND_TEST,0.000000,0.008298,0.079068,-0.128023,0.000000,0.000000,0.000000,1.000000,1.000000
1782353207.725694,657,0.000471,inf,STAND_TEST,0.000000,0.008313,0.078885,-0.128036,0.000000,0.000000,0.000000,1.000000,1.000000
1782353207.745687,658,0.000406,inf,STAND_TEST,0.000000,0.008309,0.078691,-0.128014,0.000000,0.000000,0.000000,1.000000,1.000000
1782353207.765774,659,0.000435,inf,STAND_TEST,0.000000,0.008322,0.078592,-0.128030,0.000000,0.000000,0.000000,1.000000,1.000000
1782353207.785955,660,0.000558,inf,STAND_TEST,0.000000,0.008304,0.078529,-0.128062,0.000000,0.000000,0.000000,1.000000,1.000000
1782353207.806119,661,0.000664,inf,STAND_TEST,0.000000,0.008325,0.078526,-0.128067,0.000000,0.000000,0.000000,1.000000,1.000000
1782353207.826155,662,0.000646,inf,STAND_TEST,0.000000,0.008300,0.078597,-0.128097,0.000000,0.000000,0.000000,1.000000,1.000000
1782353207.846112,663,0.000504,inf,STAND_TEST,0.000000,0.008318,0.078782,-0.128077,0.000000,0.000000,0.000000,1.000000,1.000000
1782353207.866076,664,0.000411,inf,STAND_TEST,0.000000,0.008304,0.078943,-0.128069,0.000000,0.000000,0.000000,1.000000,1.000000
1782353207.886123,665,0.000401,inf,STAND_TEST,0.000000,0.008271,0.079234,-0.128129,0.000000,0.000000,0.000000,1.000000,1.000000
1782353207.906226,666,0.000447,inf,STAND_TEST,0.000000,0.008269,0.079607,-0.128138,0.000000,0.000000,0.000000,1.000000,1.000000
1782353207.926269,667,0.000435,inf,STAND_TEST,0.000000,0.008263,0.079906,-0.128165,0.000000,0.000000,0.000000,1.000000,1.000000
1782353207.946580,668,0.000692,inf,STAND_TEST,0.000000,0.008250,0.080248,-0.128204,0.000000,0.000000,0.000000,1.000000,1.000000
1782353207.966594,669,0.000648,inf,STAND_TEST,0.000000,0.008242,0.080620,-0.128190,0.000000,0.000000,0.000000,1.000000,1.000000
1782353207.986650,670,0.000646,inf,STAND_TEST,0.000000,0.008224,0.081067,-0.128229,0.000000,0.000000,0.000000,1.000000,1.000000
1782353208.006678,671,0.000429,inf,STAND_TEST,0.000000,0.008190,0.081533,-0.128330,0.000000,0.000000,0.000000,1.000000,1.000000
1782353208.026759,672,0.000454,inf,STAND_TEST,0.000000,0.008149,0.082015,-0.128357,0.000000,0.000000,0.000000,1.000000,1.000000
1782353208.046802,673,0.000443,inf,STAND_TEST,0.000000,0.008128,0.082503,-0.128349,0.000000,0.000000,0.000000,1.000000,1.000000
1782353208.066855,674,0.000439,inf,STAND_TEST,0.000000,0.008103,0.083030,-0.128364,0.000000,0.000000,0.000000,1.000000,1.000000
1782353208.086900,675,0.000425,inf,STAND_TEST,0.000000,0.008095,0.083486,-0.128319,0.000000,0.000000,0.000000,1.000000,1.000000
1782353208.106958,676,0.000427,inf,STAND_TEST,0.000000,0.008098,0.083864,-0.128336,0.000000,0.000000,0.000000,1.000000,1.000000
1782353208.127283,677,0.000695,inf,STAND_TEST,0.000000,0.008094,0.084175,-0.128357,0.000000,0.000000,0.000000,1.000000,1.000000
1782353208.147289,678,0.000645,inf,STAND_TEST,0.000000,0.008091,0.084585,-0.128377,0.000000,0.000000,0.000000,1.000000,1.000000
1782353208.167301,679,0.000473,inf,STAND_TEST,0.000000,0.008097,0.084953,-0.128422,0.000000,0.000000,0.000000,1.000000,1.000000
1782353208.187352,680,0.000465,inf,STAND_TEST,0.000000,0.008121,0.085330,-0.128431,0.000000,0.000000,0.000000,1.000000,1.000000
1782353208.207382,681,0.000440,inf,STAND_TEST,0.000000,0.008145,0.085788,-0.128519,0.000000,0.000000,0.000000,1.000000,1.000000
1782353208.227489,682,0.000489,inf,STAND_TEST,0.000000,0.008138,0.086204,-0.128604,0.000000,0.000000,0.000000,1.000000,1.000000
1782353208.247474,683,0.000417,inf,STAND_TEST,0.000000,0.008128,0.086560,-0.128585,0.000000,0.000000,0.000000,1.000000,1.000000
1782353208.267789,684,0.000676,inf,STAND_TEST,0.000000,0.008142,0.086983,-0.128629,0.000000,0.000000,0.000000,1.000000,1.000000
1782353208.287696,685,0.000435,inf,STAND_TEST,0.000000,0.008136,0.087506,-0.128673,0.000000,0.000000,0.000000,1.000000,1.000000
1782353208.307793,686,0.000437,inf,STAND_TEST,0.000000,0.008151,0.087958,-0.128689,0.000000,0.000000,0.000000,1.000000,1.000000
1782353208.327872,687,0.000460,inf,STAND_TEST,0.000000,0.008129,0.088353,-0.128730,0.000000,0.000000,0.000000,1.000000,1.000000
1782353208.347906,688,0.000437,inf,STAND_TEST,0.000000,0.008119,0.088724,-0.128704,0.000000,0.000000,0.000000,1.000000,1.000000
1782353208.367997,689,0.000471,inf,STAND_TEST,0.000000,0.008131,0.089100,-0.128704,0.000000,0.000000,0.000000,1.000000,1.000000
1782353208.388074,690,0.000489,inf,STAND_TEST,0.000000,0.008149,0.089392,-0.128608,0.000000,0.000000,0.000000,1.000000,1.000000
1782353208.408079,691,0.000436,inf,STAND_TEST,0.000000,0.008147,0.089691,-0.128570,0.000000,0.000000,0.000000,1.000000,1.000000
1782353208.428292,692,0.000416,inf,STAND_TEST,0.000000,0.008096,0.090031,-0.128628,0.000000,0.000000,0.000000,1.000000,1.000000
1782353208.448635,693,0.000423,inf,STAND_TEST,0.000000,0.008065,0.090359,-0.128705,0.000000,0.000000,0.000000,1.000000,1.000000
1782353208.468722,694,0.000452,inf,STAND_TEST,0.000000,0.008032,0.090776,-0.128812,0.000000,0.000000,0.000000,1.000000,1.000000
1782353208.488787,695,0.000459,inf,STAND_TEST,0.000000,0.008039,0.091176,-0.128797,0.000000,0.000000,0.000000,1.000000,1.000000
1782353208.509043,696,0.000657,inf,STAND_TEST,0.000000,0.008009,0.091570,-0.128820,0.000000,0.000000,0.000000,1.000000,1.000000
1782353208.528859,697,0.000416,inf,STAND_TEST,0.000000,0.007978,0.092033,-0.128877,0.000000,0.000000,0.000000,1.000000,1.000000
1782353208.549126,698,0.000475,inf,STAND_TEST,0.000000,0.007927,0.092551,-0.128937,0.000000,0.000000,0.000000,1.000000,1.000000
1782353208.569330,699,0.000621,inf,STAND_TEST,0.000000,0.007867,0.093032,-0.128994,0.000000,0.000000,0.000000,1.000000,1.000000
1782353208.589203,700,0.000437,inf,STAND_TEST,0.000000,0.007785,0.093554,-0.129074,0.000000,0.000000,0.000000,1.000000,1.000000
1782353208.609251,701,0.000428,inf,STAND_TEST,0.000000,0.007693,0.094032,-0.129190,0.000000,0.000000,0.000000,1.000000,1.000000
1782353208.629537,702,0.000656,inf,STAND_TEST,0.000000,0.007651,0.094612,-0.129294,0.000000,0.000000,0.000000,1.000000,1.000000
1782353208.649400,703,0.000461,inf,STAND_TEST,0.000000,0.007647,0.095175,-0.129392,0.000000,0.000000,0.000000,1.000000,1.000000
1782353208.669530,704,0.000534,inf,STAND_TEST,0.000000,0.007619,0.095787,-0.129422,0.000000,0.000000,0.000000,1.000000,1.000000
1782353208.689622,705,0.000465,inf,STAND_TEST,0.000000,0.007622,0.096504,-0.129417,0.000000,0.000000,0.000000,1.000000,1.000000
1782353208.709800,706,0.000484,inf,STAND_TEST,0.000000,0.007586,0.097328,-0.129436,0.000000,0.000000,0.000000,1.000000,1.000000
1782353208.729816,707,0.000442,inf,STAND_TEST,0.000000,0.007541,0.098335,-0.129581,0.000000,0.000000,0.000000,1.000000,1.000000
1782353208.749852,708,0.000420,inf,STAND_TEST,0.000000,0.007486,0.099456,-0.129690,0.000000,0.000000,0.000000,1.000000,1.000000
1782353208.769937,709,0.000446,inf,STAND_TEST,0.000000,0.007471,0.100681,-0.129714,0.000000,0.000000,0.000000,1.000000,1.000000
1782353208.789972,710,0.000423,inf,STAND_TEST,0.000000,0.007429,0.102159,-0.129659,0.000000,0.000000,0.000000,1.000000,1.000000
1782353208.810276,711,0.000671,inf,STAND_TEST,0.000000,0.007335,0.103847,-0.129739,0.000000,0.000000,0.000000,1.000000,1.000000
1782353208.830320,712,0.000656,inf,STAND_TEST,0.000000,0.007186,0.105607,-0.129849,0.000000,0.000000,0.000000,1.000000,1.000000
1782353208.850376,713,0.000654,inf,STAND_TEST,0.000000,0.007064,0.107482,-0.129872,0.000000,0.000000,0.000000,1.000000,1.000000
1782353208.870220,714,0.000424,inf,STAND_TEST,0.000000,0.006996,0.109609,-0.129851,0.000000,0.000000,0.000000,1.000000,1.000000
1782353208.890310,715,0.000457,inf,STAND_TEST,0.000000,0.006894,0.111716,-0.129678,0.000000,0.000000,0.000000,1.000000,1.000000
1782353208.910372,716,0.000463,inf,STAND_TEST,0.000000,0.006740,0.114058,-0.129694,0.000000,0.000000,0.000000,1.000000,1.000000
1782353208.930399,717,0.000433,inf,STAND_TEST,0.000000,0.006686,0.116287,-0.129572,0.000000,0.000000,0.000000,1.000000,1.000000
1782353208.950457,718,0.000437,inf,STAND_TEST,0.000000,0.006552,0.118630,-0.129510,0.000000,0.000000,0.000000,1.000000,1.000000
1782353208.970495,719,0.000419,inf,STAND_TEST,0.000000,0.006306,0.121140,-0.129600,0.000000,0.000000,0.000000,1.000000,1.000000
1782353208.991016,720,0.000836,inf,STAND_TEST,0.000000,0.006070,0.123617,-0.129799,0.000000,0.000000,0.000000,1.000000,1.000000
1782353209.011019,721,0.000732,inf,STAND_TEST,0.000000,0.005873,0.126291,-0.129926,0.000000,0.000000,0.000000,1.000000,1.000000
1782353209.030818,722,0.000422,inf,STAND_TEST,0.000000,0.005675,0.129068,-0.129948,0.000000,0.000000,0.000000,1.000000,1.000000
1782353209.050915,723,0.000417,inf,STAND_TEST,0.000000,0.005528,0.131751,-0.129948,0.000000,0.000000,0.000000,1.000000,1.000000
1782353209.071033,724,0.000412,inf,STAND_TEST,0.000000,0.005230,0.134448,-0.130032,0.000000,0.000000,0.000000,1.000000,1.000000
1782353209.091390,725,0.000669,inf,STAND_TEST,0.000000,0.004870,0.137061,-0.130236,0.000000,0.000000,0.000000,1.000000,1.000000
1782353209.111492,726,0.000671,inf,STAND_TEST,0.000000,0.004696,0.139631,-0.130420,0.000000,0.000000,0.000000,1.000000,1.000000
1782353209.131578,727,0.000657,inf,STAND_TEST,0.000000,0.004633,0.141967,-0.130233,0.000000,0.000000,0.000000,1.000000,1.000000
1782353209.151569,728,0.000445,inf,STAND_TEST,0.000000,0.004567,0.144164,-0.129926,0.000000,0.000000,0.000000,1.000000,1.000000
1782353209.171948,729,0.000715,inf,STAND_TEST,0.000000,0.004482,0.146220,-0.129584,0.000000,0.000000,0.000000,1.000000,1.000000
1782353209.192096,730,0.000758,inf,STAND_TEST,0.000000,0.004252,0.148240,-0.129717,0.000000,0.000000,0.000000,1.000000,1.000000
1782353209.212077,731,0.000684,inf,STAND_TEST,0.000000,0.003931,0.150045,-0.129920,0.000000,0.000000,0.000000,1.000000,1.000000
1782353209.232136,732,0.000687,inf,STAND_TEST,0.000000,0.003590,0.151858,-0.130218,0.000000,0.000000,0.000000,1.000000,1.000000
1782353209.252292,733,0.000432,inf,STAND_TEST,0.000000,0.003441,0.153538,-0.130229,0.000000,0.000000,0.000000,1.000000,1.000000
1782353209.272338,734,0.000420,inf,STAND_TEST,0.000000,0.003341,0.154956,-0.130006,0.000000,0.000000,0.000000,1.000000,1.000000
1782353209.292410,735,0.000434,inf,STAND_TEST,0.000000,0.003039,0.156218,-0.130289,0.000000,0.000000,0.000000,1.000000,1.000000
1782353209.312699,736,0.000663,inf,STAND_TEST,0.000000,0.002824,0.157185,-0.130428,0.000000,0.000000,0.000000,1.000000,1.000000
1782353209.332732,737,0.000638,inf,STAND_TEST,0.000000,0.002659,0.157853,-0.130393,0.000000,0.000000,0.000000,1.000000,1.000000
1782353209.352885,738,0.000445,inf,STAND_TEST,0.000000,0.002507,0.158287,-0.130426,0.000000,0.000000,0.000000,1.000000,1.000000
1782353209.372935,739,0.000436,inf,STAND_TEST,0.000000,0.002431,0.158404,-0.130382,0.000000,0.000000,0.000000,1.000000,1.000000
1782353209.393115,740,0.000556,inf,STAND_TEST,0.000000,0.002393,0.158178,-0.130320,0.000000,0.000000,0.000000,1.000000,1.000000
1782353209.413183,741,0.000565,inf,STAND_TEST,0.000000,0.002389,0.157660,-0.130329,0.000000,0.000000,0.000000,1.000000,1.000000
1782353209.433155,742,0.000479,inf,STAND_TEST,0.000000,0.002381,0.156747,-0.130300,0.000000,0.000000,0.000000,1.000000,1.000000
1782353209.453429,743,0.000693,inf,STAND_TEST,0.000000,0.002430,0.155675,-0.130236,0.000000,0.000000,0.000000,1.000000,1.000000
1782353209.473384,744,0.000433,inf,STAND_TEST,0.000000,0.002475,0.154462,-0.130179,0.000000,0.000000,0.000000,1.000000,1.000000
1782353209.493669,745,0.000660,inf,STAND_TEST,0.000000,0.002507,0.153274,-0.130215,0.000000,0.000000,0.000000,1.000000,1.000000
1782353209.513494,746,0.000427,inf,STAND_TEST,0.000000,0.002627,0.151839,-0.130211,0.000000,0.000000,0.000000,1.000000,1.000000
1782353209.533545,747,0.000420,inf,STAND_TEST,0.000000,0.002726,0.150409,-0.130190,0.000000,0.000000,0.000000,1.000000,1.000000
1782353209.553649,748,0.000465,inf,STAND_TEST,0.000000,0.002843,0.149297,-0.130232,0.000000,0.000000,0.000000,1.000000,1.000000
1782353209.573679,749,0.000437,inf,STAND_TEST,0.000000,0.002913,0.148347,-0.130294,0.000000,0.000000,0.000000,1.000000,1.000000
1782353209.593925,750,0.000626,inf,STAND_TEST,0.000000,0.002940,0.147676,-0.130331,0.000000,0.000000,0.000000,1.000000,1.000000
1782353209.613997,751,0.000642,inf,STAND_TEST,0.000000,0.003022,0.147241,-0.130353,0.000000,0.000000,0.000000,1.000000,1.000000
1782353209.634055,752,0.000641,inf,STAND_TEST,0.000000,0.003075,0.146979,-0.130255,0.000000,0.000000,0.000000,1.000000,1.000000
1782353209.654126,753,0.000450,inf,STAND_TEST,0.000000,0.003146,0.146956,-0.130134,0.000000,0.000000,0.000000,1.000000,1.000000
1782353209.674191,754,0.000456,inf,STAND_TEST,0.000000,0.003191,0.147107,-0.130050,0.000000,0.000000,0.000000,1.000000,1.000000
1782353209.694221,755,0.000429,inf,STAND_TEST,0.000000,0.003224,0.147437,-0.130130,0.000000,0.000000,0.000000,1.000000,1.000000
1782353209.714274,756,0.000424,inf,STAND_TEST,0.000000,0.003229,0.148017,-0.130274,0.000000,0.000000,0.000000,1.000000,1.000000
1782353209.734558,757,0.000650,inf,STAND_TEST,0.000000,0.003251,0.148814,-0.130340,0.000000,0.000000,0.000000,1.000000,1.000000
1782353209.754626,758,0.000659,inf,STAND_TEST,0.000000,0.003288,0.149771,-0.130419,0.000000,0.000000,0.000000,1.000000,1.000000
1782353209.774658,759,0.000636,inf,STAND_TEST,0.000000,0.003315,0.150847,-0.130436,0.000000,0.000000,0.000000,1.000000,1.000000
1782353209.794645,760,0.000429,inf,STAND_TEST,0.000000,0.003325,0.152020,-0.130448,0.000000,0.000000,0.000000,1.000000,1.000000
1782353209.814723,761,0.000452,inf,STAND_TEST,0.000000,0.003312,0.153390,-0.130583,0.000000,0.000000,0.000000,1.000000,1.000000
1782353209.834752,762,0.000424,inf,STAND_TEST,0.000000,0.003297,0.154753,-0.130599,0.000000,0.000000,0.000000,1.000000,1.000000
1782353209.855049,763,0.000663,inf,STAND_TEST,0.000000,0.003281,0.156073,-0.130549,0.000000,0.000000,0.000000,1.000000,1.000000
1782353209.874876,764,0.000434,inf,STAND_TEST,0.000000,0.003226,0.157286,-0.130500,0.000000,0.000000,0.000000,1.000000,1.000000
1782353209.895148,765,0.000652,inf,STAND_TEST,0.000000,0.003162,0.158507,-0.130527,0.000000,0.000000,0.000000,1.000000,1.000000
1782353209.915196,766,0.000645,inf,STAND_TEST,0.000000,0.003072,0.159599,-0.130450,0.000000,0.000000,0.000000,1.000000,1.000000
1782353209.935239,767,0.000632,inf,STAND_TEST,0.000000,0.002924,0.160515,-0.130520,0.000000,0.000000,0.000000,1.000000,1.000000
1782353209.955199,768,0.000466,inf,STAND_TEST,0.000000,0.002804,0.161582,-0.130536,0.000000,0.000000,0.000000,1.000000,1.000000
1782353209.975195,769,0.000405,inf,STAND_TEST,0.000000,0.002754,0.162689,-0.130496,0.000000,0.000000,0.000000,1.000000,1.000000
1782353209.995305,770,0.000452,inf,STAND_TEST,0.000000,0.002627,0.163813,-0.130523,0.000000,0.000000,0.000000,1.000000,1.000000
1782353210.015345,771,0.000434,inf,STAND_TEST,0.000000,0.002511,0.164852,-0.130547,0.000000,0.000000,0.000000,1.000000,1.000000
1782353210.035619,772,0.000651,inf,STAND_TEST,0.000000,0.002365,0.165754,-0.130571,0.000000,0.000000,0.000000,1.000000,1.000000
1782353210.055666,773,0.000642,inf,STAND_TEST,0.000000,0.002231,0.166553,-0.130628,0.000000,0.000000,0.000000,1.000000,1.000000
1782353210.075709,774,0.000627,inf,STAND_TEST,0.000000,0.002126,0.167280,-0.130637,0.000000,0.000000,0.000000,1.000000,1.000000
1782353210.095812,775,0.000674,inf,STAND_TEST,0.000000,0.002070,0.167957,-0.130605,0.000000,0.000000,0.000000,1.000000,1.000000
1782353210.115662,776,0.000433,inf,STAND_TEST,0.000000,0.001953,0.168558,-0.130664,0.000000,0.000000,0.000000,1.000000,1.000000
1782353210.135725,777,0.000441,inf,STAND_TEST,0.000000,0.001872,0.169048,-0.130644,0.000000,0.000000,0.000000,1.000000,1.000000
1782353210.155762,778,0.000421,inf,STAND_TEST,0.000000,0.001798,0.169436,-0.130556,0.000000,0.000000,0.000000,1.000000,1.000000
1782353210.175849,779,0.000453,inf,STAND_TEST,0.000000,0.001699,0.169719,-0.130575,0.000000,0.000000,0.000000,1.000000,1.000000
1782353210.195876,780,0.000423,inf,STAND_TEST,0.000000,0.001618,0.169959,-0.130600,0.000000,0.000000,0.000000,1.000000,1.000000
1782353210.215969,781,0.000462,inf,STAND_TEST,0.000000,0.001536,0.170101,-0.130675,0.000000,0.000000,0.000000,1.000000,1.000000
1782353210.236002,782,0.000438,inf,STAND_TEST,0.000000,0.001551,0.170176,-0.130711,0.000000,0.000000,0.000000,1.000000,1.000000
1782353210.256262,783,0.000641,inf,STAND_TEST,0.000000,0.001535,0.170275,-0.130750,0.000000,0.000000,0.000000,1.000000,1.000000
1782353210.276305,784,0.000416,inf,STAND_TEST,0.000000,0.001516,0.170274,-0.130735,0.000000,0.000000,0.000000,1.000000,1.000000
1782353210.296359,785,0.000414,inf,STAND_TEST,0.000000,0.001540,0.170302,-0.130709,0.000000,0.000000,0.000000,1.000000,1.000000
1782353210.316404,786,0.000403,inf,STAND_TEST,0.000000,0.001522,0.170225,-0.130708,0.000000,0.000000,0.000000,1.000000,1.000000
1782353210.336466,787,0.000409,inf,STAND_TEST,0.000000,0.001552,0.170116,-0.130661,0.000000,0.000000,0.000000,1.000000,1.000000
1782353210.356554,788,0.000440,inf,STAND_TEST,0.000000,0.001575,0.170010,-0.130644,0.000000,0.000000,0.000000,1.000000,1.000000
1782353210.376845,789,0.000676,inf,STAND_TEST,0.000000,0.001616,0.169856,-0.130675,0.000000,0.000000,0.000000,1.000000,1.000000
1782353210.396864,790,0.000642,inf,STAND_TEST,0.000000,0.001633,0.169720,-0.130635,0.000000,0.000000,0.000000,1.000000,1.000000
1782353210.416918,791,0.000640,inf,STAND_TEST,0.000000,0.001676,0.169615,-0.130597,0.000000,0.000000,0.000000,1.000000,1.000000
1782353210.436929,792,0.000414,inf,STAND_TEST,0.000000,0.001706,0.169468,-0.130579,0.000000,0.000000,0.000000,1.000000,1.000000
1782353210.456974,793,0.000405,inf,STAND_TEST,0.000000,0.001753,0.169311,-0.130537,0.000000,0.000000,0.000000,1.000000,1.000000
1782353210.477027,794,0.000405,inf,STAND_TEST,0.000000,0.001777,0.169221,-0.130527,0.000000,0.000000,0.000000,1.000000,1.000000
1782353210.497077,795,0.000399,inf,STAND_TEST,0.000000,0.001779,0.169122,-0.130549,0.000000,0.000000,0.000000,1.000000,1.000000
1782353210.517150,796,0.000417,inf,STAND_TEST,0.000000,0.001749,0.169033,-0.130628,0.000000,0.000000,0.000000,1.000000,1.000000
1782353210.537448,797,0.000659,inf,STAND_TEST,0.000000,0.001754,0.169066,-0.130653,0.000000,0.000000,0.000000,1.000000,1.000000
1782353210.557403,798,0.000398,inf,STAND_TEST,0.000000,0.001753,0.169059,-0.130633,0.000000,0.000000,0.000000,1.000000,1.000000
1782353210.577472,799,0.000414,inf,STAND_TEST,0.000000,0.001743,0.169107,-0.130610,0.000000,0.000000,0.000000,1.000000,1.000000
1782353210.597541,800,0.000427,inf,STAND_TEST,0.000000,0.001755,0.169161,-0.130578,0.000000,0.000000,0.000000,1.000000,1.000000
1782353210.617610,801,0.000440,inf,STAND_TEST,0.000000,0.001766,0.169155,-0.130496,0.000000,0.000000,0.000000,1.000000,1.000000
1782353210.637645,802,0.000420,inf,STAND_TEST,0.000000,0.001779,0.169154,-0.130460,0.000000,0.000000,0.000000,1.000000,1.000000
1782353210.657693,803,0.000415,inf,STAND_TEST,0.000000,0.001761,0.169099,-0.130553,0.000000,0.000000,0.000000,1.000000,1.000000
1782353210.677983,804,0.000650,inf,STAND_TEST,0.000000,0.001742,0.169043,-0.130566,0.000000,0.000000,0.000000,1.000000,1.000000
1782353210.698022,805,0.000633,inf,STAND_TEST,0.000000,0.001744,0.169055,-0.130602,0.000000,0.000000,0.000000,1.000000,1.000000
1782353210.717957,806,0.000427,inf,STAND_TEST,0.000000,0.001724,0.169118,-0.130560,0.000000,0.000000,0.000000,1.000000,1.000000
1782353210.738061,807,0.000408,inf,STAND_TEST,0.000000,0.001737,0.169155,-0.130552,0.000000,0.000000,0.000000,1.000000,1.000000
1782353210.758113,808,0.000406,inf,STAND_TEST,0.000000,0.001752,0.169251,-0.130490,0.000000,0.000000,0.000000,1.000000,1.000000
1782353210.778174,809,0.000412,inf,STAND_TEST,0.000000,0.001759,0.169278,-0.130480,0.000000,0.000000,0.000000,1.000000,1.000000
1782353210.798245,810,0.000428,inf,STAND_TEST,0.000000,0.001751,0.169182,-0.130539,0.000000,0.000000,0.000000,1.000000,1.000000
1782353210.818308,811,0.000435,inf,STAND_TEST,0.000000,0.001770,0.169022,-0.130483,0.000000,0.000000,0.000000,1.000000,1.000000
1782353210.838603,812,0.000674,inf,STAND_TEST,0.000000,0.001811,0.168808,-0.130488,0.000000,0.000000,0.000000,1.000000,1.000000
1782353210.858631,813,0.000646,inf,STAND_TEST,0.000000,0.001854,0.168584,-0.130467,0.000000,0.000000,0.000000,1.000000,1.000000
1782353210.878554,814,0.000404,inf,STAND_TEST,0.000000,0.001891,0.168336,-0.130516,0.000000,0.000000,0.000000,1.000000,1.000000
1782353210.898598,815,0.000393,inf,STAND_TEST,0.000000,0.001913,0.167968,-0.130494,0.000000,0.000000,0.000000,1.000000,1.000000
1782353210.918700,816,0.000439,inf,STAND_TEST,0.000000,0.001942,0.167402,-0.130501,0.000000,0.000000,0.000000,1.000000,1.000000
1782353210.938712,817,0.000396,inf,STAND_TEST,0.000000,0.001983,0.166766,-0.130441,0.000000,0.000000,0.000000,1.000000,1.000000
1782353210.958796,818,0.000423,inf,STAND_TEST,0.000000,0.001993,0.166109,-0.130466,0.000000,0.000000,0.000000,1.000000,1.000000
1782353210.979119,819,0.000689,inf,STAND_TEST,0.000000,0.002004,0.165217,-0.130476,0.000000,0.000000,0.000000,1.000000,1.000000
1782353210.999148,820,0.000662,inf,STAND_TEST,0.000000,0.002027,0.164250,-0.130488,0.000000,0.000000,0.000000,1.000000,1.000000
1782353211.019081,821,0.000412,inf,STAND_TEST,0.000000,0.002078,0.163208,-0.130494,0.000000,0.000000,0.000000,1.000000,1.000000
1782353211.039212,822,0.000406,inf,STAND_TEST,0.000000,0.002132,0.162050,-0.130467,0.000000,0.000000,0.000000,1.000000,1.000000
1782353211.059258,823,0.000396,inf,STAND_TEST,0.000000,0.002160,0.160958,-0.130498,0.000000,0.000000,0.000000,1.000000,1.000000
1782353211.079320,824,0.000403,inf,STAND_TEST,0.000000,0.002222,0.159880,-0.130512,0.000000,0.000000,0.000000,1.000000,1.000000
1782353211.099613,825,0.000640,inf,STAND_TEST,0.000000,0.002292,0.158878,-0.130484,0.000000,0.000000,0.000000,1.000000,1.000000
1782353211.119675,826,0.000648,inf,STAND_TEST,0.000000,0.002386,0.157986,-0.130414,0.000000,0.000000,0.000000,1.000000,1.000000
1782353211.139727,827,0.000644,inf,STAND_TEST,0.000000,0.002513,0.157159,-0.130346,0.000000,0.000000,0.000000,1.000000,1.000000
1782353211.159702,828,0.000387,inf,STAND_TEST,0.000000,0.002608,0.156271,-0.130289,0.000000,0.000000,0.000000,1.000000,1.000000
1782353211.179919,829,0.000441,inf,STAND_TEST,0.000000,0.002662,0.155487,-0.130275,0.000000,0.000000,0.000000,1.000000,1.000000
1782353211.199930,830,0.000398,inf,STAND_TEST,0.000000,0.002745,0.154722,-0.130224,0.000000,0.000000,0.000000,1.000000,1.000000
1782353211.220042,831,0.000454,inf,STAND_TEST,0.000000,0.002783,0.153963,-0.130230,0.000000,0.000000,0.000000,1.000000,1.000000
1782353211.240083,832,0.000438,inf,STAND_TEST,0.000000,0.002857,0.153221,-0.130279,0.000000,0.000000,0.000000,1.000000,1.000000
1782353211.260133,833,0.000432,inf,STAND_TEST,0.000000,0.002931,0.152372,-0.130270,0.000000,0.000000,0.000000,1.000000,1.000000
1782353211.280406,834,0.000650,inf,STAND_TEST,0.000000,0.003041,0.151564,-0.130290,0.000000,0.000000,0.000000,1.000000,1.000000
1782353211.300460,835,0.000649,inf,STAND_TEST,0.000000,0.003098,0.150771,-0.130334,0.000000,0.000000,0.000000,1.000000,1.000000
1782353211.320477,836,0.000612,inf,STAND_TEST,0.000000,0.003219,0.149899,-0.130312,0.000000,0.000000,0.000000,1.000000,1.000000
1782353211.340398,837,0.000434,inf,STAND_TEST,0.000000,0.003358,0.149010,-0.130192,0.000000,0.000000,0.000000,1.000000,1.000000
1782353211.360426,838,0.000407,inf,STAND_TEST,0.000000,0.003454,0.148165,-0.130149,0.000000,0.000000,0.000000,1.000000,1.000000
1782353211.380525,839,0.000449,inf,STAND_TEST,0.000000,0.003539,0.147422,-0.130082,0.000000,0.000000,0.000000,1.000000,1.000000
1782353211.400590,840,0.000457,inf,STAND_TEST,0.000000,0.003620,0.146636,-0.130090,0.000000,0.000000,0.000000,1.000000,1.000000
1782353211.420939,841,0.000746,inf,STAND_TEST,0.000000,0.003709,0.145916,-0.130012,0.000000,0.000000,0.000000,1.000000,1.000000
1782353211.441060,842,0.000813,inf,STAND_TEST,0.000000,0.003764,0.145188,-0.130004,0.000000,0.000000,0.000000,1.000000,1.000000
1782353211.460985,843,0.000683,inf,STAND_TEST,0.000000,0.003809,0.144421,-0.130020,0.000000,0.000000,0.000000,1.000000,1.000000
1782353211.480942,844,0.000387,inf,STAND_TEST,0.000000,0.003872,0.143676,-0.130064,0.000000,0.000000,0.000000,1.000000,1.000000
1782353211.501093,845,0.000481,inf,STAND_TEST,0.000000,0.003960,0.142888,-0.130095,0.000000,0.000000,0.000000,1.000000,1.000000
1782353211.521051,846,0.000384,inf,STAND_TEST,0.000000,0.004044,0.142209,-0.130089,0.000000,0.000000,0.000000,1.000000,1.000000
1782353211.541183,847,0.000459,inf,STAND_TEST,0.000000,0.004146,0.141518,-0.130005,0.000000,0.000000,0.000000,1.000000,1.000000
1782353211.561228,848,0.000448,inf,STAND_TEST,0.000000,0.004206,0.140840,-0.129980,0.000000,0.000000,0.000000,1.000000,1.000000
1782353211.581263,849,0.000426,inf,STAND_TEST,0.000000,0.004191,0.140119,-0.130094,0.000000,0.000000,0.000000,1.000000,1.000000
1782353211.601523,850,0.000476,inf,STAND_TEST,0.000000,0.004212,0.139408,-0.130199,0.000000,0.000000,0.000000,1.000000,1.000000
1782353211.621667,851,0.000482,inf,STAND_TEST,0.000000,0.004317,0.138666,-0.130125,0.000000,0.000000,0.000000,1.000000,1.000000
1782353211.641686,852,0.000446,inf,STAND_TEST,0.000000,0.004440,0.137857,-0.130069,0.000000,0.000000,0.000000,1.000000,1.000000
1782353211.661731,853,0.000434,inf,STAND_TEST,0.000000,0.004549,0.137070,-0.130004,0.000000,0.000000,0.000000,1.000000,1.000000
1782353211.681780,854,0.000425,inf,STAND_TEST,0.000000,0.004652,0.136179,-0.129853,0.000000,0.000000,0.000000,1.000000,1.000000
1782353211.701876,855,0.000464,inf,STAND_TEST,0.000000,0.004777,0.135044,-0.129695,0.000000,0.000000,0.000000,1.000000,1.000000
1782353211.722172,856,0.000699,inf,STAND_TEST,0.000000,0.004880,0.133707,-0.129536,0.000000,0.000000,0.000000,1.000000,1.000000
1782353211.742214,857,0.000683,inf,STAND_TEST,0.000000,0.004970,0.132389,-0.129449,0.000000,0.000000,0.000000,1.000000,1.000000
1782353211.762227,858,0.000639,inf,STAND_TEST,0.000000,0.004989,0.130847,-0.129554,0.000000,0.000000,0.000000,1.000000,1.000000
1782353211.782166,859,0.000445,inf,STAND_TEST,0.000000,0.005008,0.129130,-0.129709,0.000000,0.000000,0.000000,1.000000,1.000000
1782353211.802377,860,0.000598,inf,STAND_TEST,0.000000,0.005005,0.127295,-0.129828,0.000000,0.000000,0.000000,1.000000,1.000000
1782353211.822293,861,0.000456,inf,STAND_TEST,0.000000,0.005052,0.125296,-0.129990,0.000000,0.000000,0.000000,1.000000,1.000000
1782353211.842422,862,0.000479,inf,STAND_TEST,0.000000,0.005259,0.123075,-0.129936,0.000000,0.000000,0.000000,1.000000,1.000000
1782353211.862743,863,0.000683,inf,STAND_TEST,0.000000,0.005404,0.120679,-0.129955,0.000000,0.000000,0.000000,1.000000,1.000000
1782353211.882785,864,0.000430,inf,STAND_TEST,0.000000,0.005550,0.118011,-0.130015,0.000000,0.000000,0.000000,1.000000,1.000000
1782353211.902874,865,0.000420,inf,STAND_TEST,0.000000,0.005717,0.114968,-0.129943,0.000000,0.000000,0.000000,1.000000,1.000000
1782353211.922992,866,0.000440,inf,STAND_TEST,0.000000,0.005976,0.112028,-0.129857,0.000000,0.000000,0.000000,1.000000,1.000000
1782353211.943079,867,0.000418,inf,STAND_TEST,0.000000,0.006325,0.109084,-0.129681,0.000000,0.000000,0.000000,1.000000,1.000000
1782353211.963434,868,0.000670,inf,STAND_TEST,0.000000,0.006621,0.105808,-0.129401,0.000000,0.000000,0.000000,1.000000,1.000000
1782353211.983543,869,0.000677,inf,STAND_TEST,0.000000,0.006840,0.102212,-0.129317,0.000000,0.000000,0.000000,1.000000,1.000000
1782353212.003559,870,0.000427,inf,STAND_TEST,0.000000,0.007100,0.098354,-0.129415,0.000000,0.000000,0.000000,1.000000,1.000000
1782353212.023660,871,0.000414,inf,STAND_TEST,0.000000,0.007332,0.094783,-0.129402,0.000000,0.000000,0.000000,1.000000,1.000000
1782353212.043813,872,0.000460,inf,STAND_TEST,0.000000,0.007545,0.090995,-0.129414,0.000000,0.000000,0.000000,1.000000,1.000000
1782353212.064145,873,0.000690,inf,STAND_TEST,0.000000,0.007760,0.086989,-0.129430,0.000000,0.000000,0.000000,1.000000,1.000000
1782353212.084232,874,0.000673,inf,STAND_TEST,0.000000,0.008077,0.083454,-0.129202,0.000000,0.000000,0.000000,1.000000,1.000000
1782353212.104337,875,0.000439,inf,STAND_TEST,0.000000,0.008344,0.079647,-0.128637,0.000000,0.000000,0.000000,1.000000,1.000000
1782353212.124414,876,0.000416,inf,STAND_TEST,0.000000,0.008581,0.076107,-0.128422,0.000000,0.000000,0.000000,1.000000,1.000000
1782353212.144563,877,0.000460,inf,STAND_TEST,0.000000,0.008800,0.072730,-0.128191,0.000000,0.000000,0.000000,1.000000,1.000000
1782353212.164888,878,0.000726,inf,STAND_TEST,0.000000,0.008946,0.069657,-0.128073,0.000000,0.000000,0.000000,1.000000,1.000000
1782353212.184933,879,0.000671,inf,STAND_TEST,0.000000,0.009135,0.066827,-0.127899,0.000000,0.000000,0.000000,1.000000,1.000000
1782353212.204799,880,0.000431,inf,STAND_TEST,0.000000,0.009243,0.063781,-0.127526,0.000000,0.000000,0.000000,1.000000,1.000000
1782353212.224839,881,0.000411,inf,STAND_TEST,0.000000,0.009272,0.061126,-0.127561,0.000000,0.000000,0.000000,1.000000,1.000000
1782353212.244939,882,0.000403,inf,STAND_TEST,0.000000,0.009415,0.057958,-0.127770,0.000000,0.000000,0.000000,1.000000,1.000000
1782353212.265065,883,0.000417,inf,STAND_TEST,0.000000,0.009465,0.054921,-0.127875,0.000000,0.000000,0.000000,1.000000,1.000000
1782353212.285179,884,0.000421,inf,STAND_TEST,0.000000,0.009635,0.051545,-0.127897,0.000000,0.000000,0.000000,1.000000,1.000000
1782353212.305550,885,0.000690,inf,STAND_TEST,0.000000,0.009872,0.048536,-0.127776,0.000000,0.000000,0.000000,1.000000,1.000000
1782353212.325455,886,0.000411,inf,STAND_TEST,0.000000,0.010152,0.045445,-0.127670,0.000000,0.000000,0.000000,1.000000,1.000000
1782353212.345565,887,0.000415,inf,STAND_TEST,0.000000,0.010217,0.043427,-0.127584,0.000000,0.000000,0.000000,1.000000,1.000000
1782353212.365668,888,0.000412,inf,STAND_TEST,0.000000,0.010220,0.041796,-0.127680,0.000000,0.000000,0.000000,1.000000,1.000000
1782353212.385929,889,0.000573,inf,STAND_TEST,0.000000,0.010257,0.040101,-0.127952,0.000000,0.000000,0.000000,1.000000,1.000000
1782353212.405887,890,0.000421,inf,STAND_TEST,0.000000,0.010337,0.038515,-0.128181,0.000000,0.000000,0.000000,1.000000,1.000000
1782353212.426196,891,0.000421,inf,STAND_TEST,0.000000,0.010453,0.036995,-0.128411,0.000000,0.000000,0.000000,1.000000,1.000000
1782353212.446423,892,0.000414,inf,STAND_TEST,0.000000,0.010547,0.035752,-0.128580,0.000000,0.000000,0.000000,1.000000,1.000000
1782353212.466534,893,0.000419,inf,STAND_TEST,0.000000,0.010624,0.034759,-0.128596,0.000000,0.000000,0.000000,1.000000,1.000000
1782353212.486874,894,0.000654,inf,STAND_TEST,0.000000,0.010670,0.034183,-0.128487,0.000000,0.000000,0.000000,1.000000,1.000000
1782353212.506992,895,0.000663,inf,STAND_TEST,0.000000,0.010737,0.034049,-0.128454,0.000000,0.000000,0.000000,1.000000,1.000000
1782353212.527046,896,0.000408,inf,STAND_TEST,0.000000,0.010797,0.034254,-0.128409,0.000000,0.000000,0.000000,1.000000,1.000000
1782353212.547179,897,0.000419,inf,STAND_TEST,0.000000,0.010855,0.034729,-0.128317,0.000000,0.000000,0.000000,1.000000,1.000000
1782353212.567267,898,0.000406,inf,STAND_TEST,0.000000,0.010908,0.035450,-0.128154,0.000000,0.000000,0.000000,1.000000,1.000000
1782353212.587633,899,0.000668,inf,STAND_TEST,0.000000,0.010981,0.036529,-0.127870,0.000000,0.000000,0.000000,1.000000,1.000000
1782353212.607721,900,0.000656,inf,STAND_TEST,0.000000,0.011004,0.037969,-0.127592,0.000000,0.000000,0.000000,1.000000,1.000000
1782353212.627727,901,0.000423,inf,STAND_TEST,0.000000,0.010994,0.039790,-0.127381,0.000000,0.000000,0.000000,1.000000,1.000000
1782353212.647830,902,0.000428,inf,STAND_TEST,0.000000,0.010940,0.041766,-0.127390,0.000000,0.000000,0.000000,1.000000,1.000000
1782353212.667919,903,0.000415,inf,STAND_TEST,0.000000,0.010834,0.044241,-0.127619,0.000000,0.000000,0.000000,1.000000,1.000000
1782353212.687981,904,0.000418,inf,STAND_TEST,0.000000,0.010673,0.046753,-0.128026,0.000000,0.000000,0.000000,1.000000,1.000000
1782353212.708344,905,0.000673,inf,STAND_TEST,0.000000,0.010426,0.049221,-0.128415,0.000000,0.000000,0.000000,1.000000,1.000000
1782353212.728455,906,0.000678,inf,STAND_TEST,0.000000,0.010171,0.052052,-0.128906,0.000000,0.000000,0.000000,1.000000,1.000000
1782353212.748397,907,0.000415,inf,STAND_TEST,0.000000,0.010102,0.055299,-0.129147,0.000000,0.000000,0.000000,1.000000,1.000000
1782353212.768499,908,0.000413,inf,STAND_TEST,0.000000,0.010130,0.058363,-0.128729,0.000000,0.000000,0.000000,1.000000,1.000000
1782353212.788638,909,0.000448,inf,STAND_TEST,0.000000,0.010114,0.061324,-0.128050,0.000000,0.000000,0.000000,1.000000,1.000000
1782353212.808699,910,0.000409,inf,STAND_TEST,0.000000,0.009874,0.064299,-0.127987,0.000000,0.000000,0.000000,1.000000,1.000000
1782353212.828968,911,0.000618,inf,STAND_TEST,0.000000,0.009517,0.067068,-0.128473,0.000000,0.000000,0.000000,1.000000,1.000000
1782353212.849014,912,0.000609,inf,STAND_TEST,0.000000,0.009108,0.069634,-0.129169,0.000000,0.000000,0.000000,1.000000,1.000000
1782353212.868923,913,0.000396,inf,STAND_TEST,0.000000,0.008700,0.072587,-0.129774,0.000000,0.000000,0.000000,1.000000,1.000000
1782353212.888996,914,0.000413,inf,STAND_TEST,0.000000,0.008502,0.075079,-0.129754,0.000000,0.000000,0.000000,1.000000,1.000000
1782353212.909086,915,0.000447,inf,STAND_TEST,0.000000,0.008287,0.077444,-0.129350,0.000000,0.000000,0.000000,1.000000,1.000000
1782353212.929120,916,0.000426,inf,STAND_TEST,0.000000,0.008056,0.079592,-0.129035,0.000000,0.000000,0.000000,1.000000,1.000000
1782353212.949167,917,0.000417,inf,STAND_TEST,0.000000,0.007623,0.081391,-0.129181,0.000000,0.000000,0.000000,1.000000,1.000000
1782353212.969481,918,0.000672,inf,STAND_TEST,0.000000,0.007207,0.083013,-0.129403,0.000000,0.000000,0.000000,1.000000,1.000000
1782353212.989511,919,0.000644,inf,STAND_TEST,0.000000,0.007151,0.084584,-0.129349,0.000000,0.000000,0.000000,1.000000,1.000000
1782353213.009474,920,0.000450,inf,STAND_TEST,0.000000,0.007008,0.086285,-0.129097,0.000000,0.000000,0.000000,1.000000,1.000000
1782353213.029723,921,0.000460,inf,STAND_TEST,0.000000,0.006946,0.087734,-0.128803,0.000000,0.000000,0.000000,1.000000,1.000000
1782353213.049695,922,0.000377,inf,STAND_TEST,0.000000,0.006805,0.089009,-0.128750,0.000000,0.000000,0.000000,1.000000,1.000000
1782353213.069790,923,0.000412,inf,STAND_TEST,0.000000,0.006724,0.090090,-0.128761,0.000000,0.000000,0.000000,1.000000,1.000000
1782353213.090265,924,0.000780,inf,STAND_TEST,0.000000,0.006609,0.091084,-0.128775,0.000000,0.000000,0.000000,1.000000,1.000000
1782353213.110299,925,0.000684,inf,STAND_TEST,0.000000,0.006392,0.092035,-0.128908,0.000000,0.000000,0.000000,1.000000,1.000000
1782353213.130107,926,0.000434,inf,STAND_TEST,0.000000,0.006255,0.092880,-0.128965,0.000000,0.000000,0.000000,1.000000,1.000000
1782353213.150239,927,0.000406,inf,STAND_TEST,0.000000,0.006193,0.093513,-0.128920,0.000000,0.000000,0.000000,1.000000,1.000000
1782353213.170319,928,0.000431,inf,STAND_TEST,0.000000,0.006132,0.093935,-0.128926,0.000000,0.000000,0.000000,1.000000,1.000000
1782353213.190351,929,0.000407,inf,STAND_TEST,0.000000,0.006088,0.094130,-0.128995,0.000000,0.000000,0.000000,1.000000,1.000000
1782353213.210432,930,0.000432,inf,STAND_TEST,0.000000,0.006065,0.094152,-0.129161,0.000000,0.000000,0.000000,1.000000,1.000000
1782353213.230694,931,0.000640,inf,STAND_TEST,0.000000,0.006092,0.094055,-0.129268,0.000000,0.000000,0.000000,1.000000,1.000000
1782353213.250748,932,0.000639,inf,STAND_TEST,0.000000,0.006174,0.093898,-0.129395,0.000000,0.000000,0.000000,1.000000,1.000000
1782353213.270801,933,0.000636,inf,STAND_TEST,0.000000,0.006307,0.093540,-0.129319,0.000000,0.000000,0.000000,1.000000,1.000000
1782353213.290824,934,0.000394,inf,STAND_TEST,0.000000,0.006424,0.093109,-0.129157,0.000000,0.000000,0.000000,1.000000,1.000000
1782353213.310900,935,0.000414,inf,STAND_TEST,0.000000,0.006546,0.092628,-0.129091,0.000000,0.000000,0.000000,1.000000,1.000000
1782353213.330945,936,0.000402,inf,STAND_TEST,0.000000,0.006618,0.092068,-0.129066,0.000000,0.000000,0.000000,1.000000,1.000000
1782353213.351004,937,0.000406,inf,STAND_TEST,0.000000,0.006651,0.091479,-0.129066,0.000000,0.000000,0.000000,1.000000,1.000000
1782353213.371105,938,0.000451,inf,STAND_TEST,0.000000,0.006667,0.090785,-0.129065,0.000000,0.000000,0.000000,1.000000,1.000000
1782353213.391362,939,0.000652,inf,STAND_TEST,0.000000,0.006678,0.090048,-0.129168,0.000000,0.000000,0.000000,1.000000,1.000000
1782353213.411427,940,0.000660,inf,STAND_TEST,0.000000,0.006778,0.089320,-0.129036,0.000000,0.000000,0.000000,1.000000,1.000000
1782353213.431630,941,0.000561,inf,STAND_TEST,0.000000,0.006875,0.088607,-0.128980,0.000000,0.000000,0.000000,1.000000,1.000000
1782353213.451605,942,0.000480,inf,STAND_TEST,0.000000,0.006969,0.087873,-0.129020,0.000000,0.000000,0.000000,1.000000,1.000000
1782353213.471697,943,0.000514,inf,STAND_TEST,0.000000,0.007077,0.087088,-0.128983,0.000000,0.000000,0.000000,1.000000,1.000000
1782353213.491642,944,0.000403,inf,STAND_TEST,0.000000,0.007134,0.086398,-0.129048,0.000000,0.000000,0.000000,1.000000,1.000000
1782353213.512082,945,0.000785,inf,STAND_TEST,0.000000,0.007218,0.085748,-0.129105,0.000000,0.000000,0.000000,1.000000,1.000000
1782353213.531813,946,0.000461,inf,STAND_TEST,0.000000,0.007341,0.085273,-0.129086,0.000000,0.000000,0.000000,1.000000,1.000000
1782353213.552169,947,0.000431,inf,STAND_TEST,0.000000,0.007497,0.084835,-0.129073,0.000000,0.000000,0.000000,1.000000,1.000000
1782353213.572274,948,0.000430,inf,STAND_TEST,0.000000,0.007683,0.084734,-0.129014,0.000000,0.000000,0.000000,1.000000,1.000000
1782353213.592399,949,0.000414,inf,STAND_TEST,0.000000,0.007898,0.084787,-0.129004,0.000000,0.000000,0.000000,1.000000,1.000000
1782353213.612471,950,0.000428,inf,STAND_TEST,0.000000,0.008112,0.084951,-0.128955,0.000000,0.000000,0.000000,1.000000,1.000000
1782353213.632749,951,0.000419,inf,STAND_TEST,0.000000,0.008257,0.085244,-0.128917,0.000000,0.000000,0.000000,1.000000,1.000000
1782353213.652898,952,0.000432,inf,STAND_TEST,0.000000,0.008424,0.085763,-0.129025,0.000000,0.000000,0.000000,1.000000,1.000000
1782353213.672979,953,0.000414,inf,STAND_TEST,0.000000,0.008594,0.086399,-0.129130,0.000000,0.000000,0.000000,1.000000,1.000000
1782353213.693084,954,0.000418,inf,STAND_TEST,0.000000,0.008753,0.087373,-0.129196,0.000000,0.000000,0.000000,1.000000,1.000000
1782353213.713451,955,0.000683,inf,STAND_TEST,0.000000,0.008954,0.088646,-0.129017,0.000000,0.000000,0.000000,1.000000,1.000000
1782353213.733455,956,0.000627,inf,STAND_TEST,0.000000,0.009017,0.090204,-0.128919,0.000000,0.000000,0.000000,1.000000,1.000000
1782353213.753484,957,0.000414,inf,STAND_TEST,0.000000,0.009036,0.092065,-0.128906,0.000000,0.000000,0.000000,1.000000,1.000000
1782353213.773571,958,0.000448,inf,STAND_TEST,0.000000,0.009100,0.094204,-0.128872,0.000000,0.000000,0.000000,1.000000,1.000000
1782353213.793637,959,0.000456,inf,STAND_TEST,0.000000,0.009039,0.096701,-0.128782,0.000000,0.000000,0.000000,1.000000,1.000000
1782353213.813663,960,0.000428,inf,STAND_TEST,0.000000,0.008941,0.099173,-0.128956,0.000000,0.000000,0.000000,1.000000,1.000000
1782353213.833917,961,0.000626,inf,STAND_TEST,0.000000,0.008805,0.101929,-0.129198,0.000000,0.000000,0.000000,1.000000,1.000000
1782353213.853749,962,0.000402,inf,STAND_TEST,0.000000,0.008700,0.104771,-0.129239,0.000000,0.000000,0.000000,1.000000,1.000000
1782353213.874026,963,0.000622,inf,STAND_TEST,0.000000,0.008544,0.107682,-0.129333,0.000000,0.000000,0.000000,1.000000,1.000000
1782353213.894091,964,0.000632,inf,STAND_TEST,0.000000,0.008513,0.110459,-0.129302,0.000000,0.000000,0.000000,1.000000,1.000000
1782353213.914024,965,0.000431,inf,STAND_TEST,0.000000,0.008503,0.113329,-0.129076,0.000000,0.000000,0.000000,1.000000,1.000000
1782353213.934038,966,0.000388,inf,STAND_TEST,0.000000,0.008457,0.116025,-0.129020,0.000000,0.000000,0.000000,1.000000,1.000000
1782353213.954129,967,0.000423,inf,STAND_TEST,0.000000,0.008573,0.118578,-0.128683,0.000000,0.000000,0.000000,1.000000,1.000000
1782353213.974187,968,0.000426,inf,STAND_TEST,0.000000,0.008564,0.121184,-0.128134,0.000000,0.000000,0.000000,1.000000,1.000000
1782353213.994208,969,0.000391,inf,STAND_TEST,0.000000,0.008546,0.123779,-0.127656,0.000000,0.000000,0.000000,1.000000,1.000000
1782353214.014523,970,0.000652,inf,STAND_TEST,0.000000,0.008410,0.126382,-0.127501,0.000000,0.000000,0.000000,1.000000,1.000000
1782353214.034539,971,0.000616,inf,STAND_TEST,0.000000,0.008113,0.128957,-0.127697,0.000000,0.000000,0.000000,1.000000,1.000000
1782353214.054586,972,0.000607,inf,STAND_TEST,0.000000,0.007865,0.131645,-0.127876,0.000000,0.000000,0.000000,1.000000,1.000000
1782353214.074598,973,0.000385,inf,STAND_TEST,0.000000,0.007677,0.134201,-0.127861,0.000000,0.000000,0.000000,1.000000,1.000000
1782353214.094696,974,0.000427,inf,STAND_TEST,0.000000,0.007541,0.136933,-0.127764,0.000000,0.000000,0.000000,1.000000,1.000000
1782353214.114760,975,0.000435,inf,STAND_TEST,0.000000,0.007265,0.139858,-0.127985,0.000000,0.000000,0.000000,1.000000,1.000000
1782353214.135082,976,0.000701,inf,STAND_TEST,0.000000,0.006964,0.143150,-0.128311,0.000000,0.000000,0.000000,1.000000,1.000000
1782353214.154847,977,0.000410,inf,STAND_TEST,0.000000,0.006760,0.145948,-0.128311,0.000000,0.000000,0.000000,1.000000,1.000000
1782353214.174928,978,0.000436,inf,STAND_TEST,0.000000,0.006563,0.148813,-0.128213,0.000000,0.000000,0.000000,1.000000,1.000000
1782353214.195144,979,0.000507,inf,STAND_TEST,0.000000,0.006230,0.151637,-0.128144,0.000000,0.000000,0.000000,1.000000,1.000000
1782353214.215119,980,0.000426,inf,STAND_TEST,0.000000,0.005676,0.154627,-0.128407,0.000000,0.000000,0.000000,1.000000,1.000000
1782353214.235156,981,0.000409,inf,STAND_TEST,0.000000,0.005063,0.157203,-0.128661,0.000000,0.000000,0.000000,1.000000,1.000000
1782353214.255240,982,0.000436,inf,STAND_TEST,0.000000,0.004488,0.159162,-0.128841,0.000000,0.000000,0.000000,1.000000,1.000000
1782353214.275272,983,0.000412,inf,STAND_TEST,0.000000,0.003843,0.160418,-0.128796,0.000000,0.000000,0.000000,1.000000,1.000000
1782353214.295320,984,0.000404,inf,STAND_TEST,0.000000,0.003468,0.161165,-0.128691,0.000000,0.000000,0.000000,1.000000,1.000000
1782353214.315396,985,0.000424,inf,STAND_TEST,0.000000,0.003182,0.161701,-0.128637,0.000000,0.000000,0.000000,1.000000,1.000000
1782353214.335641,986,0.000613,inf,STAND_TEST,0.000000,0.002812,0.161484,-0.128633,0.000000,0.000000,0.000000,1.000000,1.000000
1782353214.355713,987,0.000629,inf,STAND_TEST,0.000000,0.002247,0.161297,-0.128699,0.000000,0.000000,0.000000,1.000000,1.000000
1782353214.375767,988,0.000458,inf,STAND_TEST,0.000000,0.001764,0.161544,-0.128859,0.000000,0.000000,0.000000,1.000000,1.000000
1782353214.395804,989,0.000440,inf,STAND_TEST,0.000000,0.001381,0.161232,-0.129048,0.000000,0.000000,0.000000,1.000000,1.000000
1782353214.415841,990,0.000422,inf,STAND_TEST,0.000000,0.001265,0.160566,-0.129172,0.000000,0.000000,0.000000,1.000000,1.000000
1782353214.435878,991,0.000404,inf,STAND_TEST,0.000000,0.001291,0.159770,-0.129273,0.000000,0.000000,0.000000,1.000000,1.000000
1782353214.455940,992,0.000411,inf,STAND_TEST,0.000000,0.001360,0.158640,-0.129234,0.000000,0.000000,0.000000,1.000000,1.000000
1782353214.476238,993,0.000654,inf,STAND_TEST,0.000000,0.001452,0.157198,-0.129210,0.000000,0.000000,0.000000,1.000000,1.000000
1782353214.496274,994,0.000636,inf,STAND_TEST,0.000000,0.001519,0.155420,-0.129274,0.000000,0.000000,0.000000,1.000000,1.000000
1782353214.516331,995,0.000639,inf,STAND_TEST,0.000000,0.001595,0.153623,-0.129340,0.000000,0.000000,0.000000,1.000000,1.000000
1782353214.536586,996,0.000838,inf,STAND_TEST,0.000000,0.001694,0.151728,-0.129425,0.000000,0.000000,0.000000,1.000000,1.000000
1782353214.556192,997,0.000387,inf,STAND_TEST,0.000000,0.001894,0.149743,-0.129350,0.000000,0.000000,0.000000,1.000000,1.000000
1782353214.576312,998,0.000421,inf,STAND_TEST,0.000000,0.002067,0.148060,-0.129435,0.000000,0.000000,0.000000,1.000000,1.000000
1782353214.596338,999,0.000394,inf,STAND_TEST,0.000000,0.002257,0.146600,-0.129435,0.000000,0.000000,0.000000,1.000000,1.000000
1782353214.616393,1000,0.000395,inf,STAND_TEST,0.000000,0.002422,0.145267,-0.129382,0.000000,0.000000,0.000000,1.000000,1.000000
1782353214.636486,1001,0.000435,inf,STAND_TEST,0.000000,0.002575,0.144213,-0.129282,0.000000,0.000000,0.000000,1.000000,1.000000
1782353214.656505,1002,0.000401,inf,STAND_TEST,0.000000,0.002749,0.143376,-0.129069,0.000000,0.000000,0.000000,1.000000,1.000000
1782353214.676751,1003,0.000593,inf,STAND_TEST,0.000000,0.002899,0.142876,-0.128990,0.000000,0.000000,0.000000,1.000000,1.000000
1782353214.696846,1004,0.000634,inf,STAND_TEST,0.000000,0.003075,0.142578,-0.129007,0.000000,0.000000,0.000000,1.000000,1.000000
1782353214.716806,1005,0.000424,inf,STAND_TEST,0.000000,0.003244,0.142366,-0.129043,0.000000,0.000000,0.000000,1.000000,1.000000
1782353214.736873,1006,0.000426,inf,STAND_TEST,0.000000,0.003371,0.142201,-0.128951,0.000000,0.000000,0.000000,1.000000,1.000000
1782353214.756964,1007,0.000462,inf,STAND_TEST,0.000000,0.003406,0.142186,-0.129003,0.000000,0.000000,0.000000,1.000000,1.000000
1782353214.776983,1008,0.000426,inf,STAND_TEST,0.000000,0.003451,0.142431,-0.129096,0.000000,0.000000,0.000000,1.000000,1.000000
1782353214.797038,1009,0.000427,inf,STAND_TEST,0.000000,0.003472,0.142843,-0.129163,0.000000,0.000000,0.000000,1.000000,1.000000
1782353214.817060,1010,0.000394,inf,STAND_TEST,0.000000,0.003532,0.143429,-0.129251,0.000000,0.000000,0.000000,1.000000,1.000000
1782353214.837333,1011,0.000612,inf,STAND_TEST,0.000000,0.003585,0.144014,-0.129350,0.000000,0.000000,0.000000,1.000000,1.000000
1782353214.857375,1012,0.000601,inf,STAND_TEST,0.000000,0.003652,0.144647,-0.129403,0.000000,0.000000,0.000000,1.000000,1.000000
1782353214.877401,1013,0.000393,inf,STAND_TEST,0.000000,0.003764,0.145366,-0.129397,0.000000,0.000000,0.000000,1.000000,1.000000
1782353214.897450,1014,0.000389,inf,STAND_TEST,0.000000,0.003875,0.145939,-0.129354,0.000000,0.000000,0.000000,1.000000,1.000000
1782353214.917608,1015,0.000491,inf,STAND_TEST,0.000000,0.003946,0.146311,-0.129313,0.000000,0.000000,0.000000,1.000000,1.000000
1782353214.937835,1016,0.000660,inf,STAND_TEST,0.000000,0.003985,0.146532,-0.129328,0.000000,0.000000,0.000000,1.000000,1.000000
1782353214.957681,1017,0.000453,inf,STAND_TEST,0.000000,0.004000,0.146549,-0.129357,0.000000,0.000000,0.000000,1.000000,1.000000
1782353214.977926,1018,0.000643,inf,STAND_TEST,0.000000,0.003979,0.146349,-0.129435,0.000000,0.000000,0.000000,1.000000,1.000000
1782353214.997933,1019,0.000428,inf,STAND_TEST,0.000000,0.003975,0.145795,-0.129362,0.000000,0.000000,0.000000,1.000000,1.000000
1782353215.018004,1020,0.000444,inf,STAND_TEST,0.000000,0.003958,0.145056,-0.129439,0.000000,0.000000,0.000000,1.000000,1.000000
1782353215.038033,1021,0.000417,inf,STAND_TEST,0.000000,0.003925,0.144347,-0.129498,0.000000,0.000000,0.000000,1.000000,1.000000
1782353215.058068,1022,0.000399,inf,STAND_TEST,0.000000,0.003933,0.143723,-0.129521,0.000000,0.000000,0.000000,1.000000,1.000000
1782353215.078161,1023,0.000438,inf,STAND_TEST,0.000000,0.003931,0.143064,-0.129539,0.000000,0.000000,0.000000,1.000000,1.000000
1782353215.098436,1024,0.000657,inf,STAND_TEST,0.000000,0.003959,0.142377,-0.129493,0.000000,0.000000,0.000000,1.000000,1.000000
1782353215.118480,1025,0.000644,inf,STAND_TEST,0.000000,0.003925,0.141825,-0.129564,0.000000,0.000000,0.000000,1.000000,1.000000
1782353215.138545,1026,0.000652,inf,STAND_TEST,0.000000,0.003834,0.141309,-0.129694,0.000000,0.000000,0.000000,1.000000,1.000000
1782353215.158550,1027,0.000425,inf,STAND_TEST,0.000000,0.003715,0.140962,-0.129870,0.000000,0.000000,0.000000,1.000000,1.000000
1782353215.178626,1028,0.000446,inf,STAND_TEST,0.000000,0.003677,0.140733,-0.129915,0.000000,0.000000,0.000000,1.000000,1.000000
1782353215.198654,1029,0.000417,inf,STAND_TEST,0.000000,0.003696,0.140550,-0.129823,0.000000,0.000000,0.000000,1.000000,1.000000
1782353215.218712,1030,0.000420,inf,STAND_TEST,0.000000,0.003737,0.140517,-0.129692,0.000000,0.000000,0.000000,1.000000,1.000000
1782353215.238788,1031,0.000441,inf,STAND_TEST,0.000000,0.003803,0.140468,-0.129567,0.000000,0.000000,0.000000,1.000000,1.000000
1782353215.258840,1032,0.000437,inf,STAND_TEST,0.000000,0.003813,0.140535,-0.129564,0.000000,0.000000,0.000000,1.000000,1.000000
1782353215.279118,1033,0.000660,inf,STAND_TEST,0.000000,0.003817,0.140810,-0.129648,0.000000,0.000000,0.000000,1.000000,1.000000
1782353215.299160,1034,0.000646,inf,STAND_TEST,0.000000,0.003816,0.141163,-0.129687,0.000000,0.000000,0.000000,1.000000,1.000000
1782353215.319380,1035,0.000811,inf,STAND_TEST,0.000000,0.003806,0.141547,-0.129713,0.000000,0.000000,0.000000,1.000000,1.000000
1782353215.339069,1036,0.000422,inf,STAND_TEST,0.000000,0.003784,0.142042,-0.129844,0.000000,0.000000,0.000000,1.000000,1.000000
1782353215.359123,1037,0.000420,inf,STAND_TEST,0.000000,0.003788,0.142508,-0.129910,0.000000,0.000000,0.000000,1.000000,1.000000
1782353215.379213,1038,0.000455,inf,STAND_TEST,0.000000,0.003830,0.142960,-0.129876,0.000000,0.000000,0.000000,1.000000,1.000000
1782353215.399244,1039,0.000429,inf,STAND_TEST,0.000000,0.003892,0.143380,-0.129902,0.000000,0.000000,0.000000,1.000000,1.000000
1782353215.419274,1040,0.000403,inf,STAND_TEST,0.000000,0.003924,0.143767,-0.129908,0.000000,0.000000,0.000000,1.000000,1.000000
1782353215.439784,1041,0.000852,inf,STAND_TEST,0.000000,0.003906,0.144066,-0.129942,0.000000,0.000000,0.000000,1.000000,1.000000
1782353215.459687,1042,0.000699,inf,STAND_TEST,0.000000,0.003935,0.144327,-0.129973,0.000000,0.000000,0.000000,1.000000,1.000000
1782353215.479563,1043,0.000397,inf,STAND_TEST,0.000000,0.003916,0.144550,-0.129926,0.000000,0.000000,0.000000,1.000000,1.000000
1782353215.499600,1044,0.000378,inf,STAND_TEST,0.000000,0.003918,0.144649,-0.129921,0.000000,0.000000,0.000000,1.000000,1.000000
1782353215.519753,1045,0.000419,inf,STAND_TEST,0.000000,0.003921,0.144673,-0.129861,0.000000,0.000000,0.000000,1.000000,1.000000
1782353215.539867,1046,0.000428,inf,STAND_TEST,0.000000,0.003915,0.144759,-0.129877,0.000000,0.000000,0.000000,1.000000,1.000000
1782353215.559967,1047,0.000428,inf,STAND_TEST,0.000000,0.003887,0.144800,-0.129857,0.000000,0.000000,0.000000,1.000000,1.000000
1782353215.580384,1048,0.000745,inf,STAND_TEST,0.000000,0.003872,0.144801,-0.129860,0.000000,0.000000,0.000000,1.000000,1.000000
1782353215.600433,1049,0.000694,inf,STAND_TEST,0.000000,0.003848,0.144706,-0.129853,0.000000,0.000000,0.000000,1.000000,1.000000
1782353215.620410,1050,0.000421,inf,STAND_TEST,0.000000,0.003809,0.144615,-0.129907,0.000000,0.000000,0.000000,1.000000,1.000000
1782353215.640516,1051,0.000428,inf,STAND_TEST,0.000000,0.003775,0.144477,-0.129972,0.000000,0.000000,0.000000,1.000000,1.000000
1782353215.660574,1052,0.000429,inf,STAND_TEST,0.000000,0.003772,0.144275,-0.129915,0.000000,0.000000,0.000000,1.000000,1.000000
1782353215.680678,1053,0.000427,inf,STAND_TEST,0.000000,0.003787,0.144117,-0.129907,0.000000,0.000000,0.000000,1.000000,1.000000
1782353215.701174,1054,0.000792,inf,STAND_TEST,0.000000,0.003801,0.143983,-0.129951,0.000000,0.000000,0.000000,1.000000,1.000000
1782353215.721147,1055,0.000415,inf,STAND_TEST,0.000000,0.003830,0.143884,-0.129927,0.000000,0.000000,0.000000,1.000000,1.000000
1782353215.741255,1056,0.000410,inf,STAND_TEST,0.000000,0.003865,0.143746,-0.129891,0.000000,0.000000,0.000000,1.000000,1.000000
1782353215.761361,1057,0.000410,inf,STAND_TEST,0.000000,0.003861,0.143669,-0.129861,0.000000,0.000000,0.000000,1.000000,1.000000
1782353215.781469,1058,0.000411,inf,STAND_TEST,0.000000,0.003879,0.143659,-0.129826,0.000000,0.000000,0.000000,1.000000,1.000000
1782353215.801825,1059,0.000664,inf,STAND_TEST,0.000000,0.003912,0.143719,-0.129823,0.000000,0.000000,0.000000,1.000000,1.000000
1782353215.821773,1060,0.000440,inf,STAND_TEST,0.000000,0.003901,0.143727,-0.129817,0.000000,0.000000,0.000000,1.000000,1.000000
1782353215.841811,1061,0.000421,inf,STAND_TEST,0.000000,0.003933,0.143735,-0.129740,0.000000,0.000000,0.000000,1.000000,1.000000
1782353215.861873,1062,0.000427,inf,STAND_TEST,0.000000,0.003937,0.143882,-0.129774,0.000000,0.000000,0.000000,1.000000,1.000000
1782353215.881922,1063,0.000419,inf,STAND_TEST,0.000000,0.003922,0.143974,-0.129784,0.000000,0.000000,0.000000,1.000000,1.000000
1782353215.901958,1064,0.000398,inf,STAND_TEST,0.000000,0.003890,0.144081,-0.129831,0.000000,0.000000,0.000000,1.000000,1.000000
1782353215.922405,1065,0.000788,inf,STAND_TEST,0.000000,0.003897,0.144156,-0.129804,0.000000,0.000000,0.000000,1.000000,1.000000
1782353215.942312,1066,0.000639,inf,STAND_TEST,0.000000,0.003899,0.144207,-0.129815,0.000000,0.000000,0.000000,1.000000,1.000000
1782353215.962237,1067,0.000414,inf,STAND_TEST,0.000000,0.003897,0.144221,-0.129797,0.000000,0.000000,0.000000,1.000000,1.000000
1782353215.982329,1068,0.000449,inf,STAND_TEST,0.000000,0.003891,0.144237,-0.129791,0.000000,0.000000,0.000000,1.000000,1.000000
1782353216.002357,1069,0.000420,inf,STAND_TEST,0.000000,0.003880,0.144273,-0.129798,0.000000,0.000000,0.000000,1.000000,1.000000
1782353216.022404,1070,0.000410,inf,STAND_TEST,0.000000,0.003848,0.144269,-0.129826,0.000000,0.000000,0.000000,1.000000,1.000000
1782353216.042457,1071,0.000406,inf,STAND_TEST,0.000000,0.003852,0.144330,-0.129859,0.000000,0.000000,0.000000,1.000000,1.000000
1782353216.062500,1072,0.000394,inf,STAND_TEST,0.000000,0.003870,0.144333,-0.129880,0.000000,0.000000,0.000000,1.000000,1.000000
1782353216.082767,1073,0.000605,inf,STAND_TEST,0.000000,0.003838,0.144287,-0.129893,0.000000,0.000000,0.000000,1.000000,1.000000
1782353216.102627,1074,0.000409,inf,STAND_TEST,0.000000,0.003854,0.144239,-0.129866,0.000000,0.000000,0.000000,1.000000,1.000000
1782353216.122870,1075,0.000426,inf,STAND_TEST,0.000000,0.003854,0.144249,-0.129874,0.000000,0.000000,0.000000,1.000000,1.000000
1782353216.142895,1076,0.000395,inf,STAND_TEST,0.000000,0.003846,0.144288,-0.129886,0.000000,0.000000,0.000000,1.000000,1.000000
1782353216.162969,1077,0.000393,inf,STAND_TEST,0.000000,0.003824,0.144281,-0.129893,0.000000,0.000000,0.000000,1.000000,1.000000
1782353216.183078,1078,0.000445,inf,STAND_TEST,0.000000,0.003841,0.144341,-0.129893,0.000000,0.000000,0.000000,1.000000,1.000000
1782353216.203105,1079,0.000415,inf,STAND_TEST,0.000000,0.003840,0.144403,-0.129891,0.000000,0.000000,0.000000,1.000000,1.000000
1782353216.223177,1080,0.000433,inf,STAND_TEST,0.000000,0.003867,0.144426,-0.129855,0.000000,0.000000,0.000000,1.000000,1.000000
1782353216.243221,1081,0.000423,inf,STAND_TEST,0.000000,0.003867,0.144407,-0.129856,0.000000,0.000000,0.000000,1.000000,1.000000
1782353216.263472,1082,0.000406,inf,STAND_TEST,0.000000,0.003869,0.144403,-0.129862,0.000000,0.000000,0.000000,1.000000,1.000000
1782353216.283548,1083,0.000424,inf,STAND_TEST,0.000000,0.003886,0.144409,-0.129859,0.000000,0.000000,0.000000,1.000000,1.000000
1782353216.303596,1084,0.000416,inf,STAND_TEST,0.000000,0.003879,0.144391,-0.129843,0.000000,0.000000,0.000000,1.000000,1.000000
1782353216.323671,1085,0.000436,inf,STAND_TEST,0.000000,0.003846,0.144427,-0.129854,0.000000,0.000000,0.000000,1.000000,1.000000
1782353216.343785,1086,0.000494,inf,STAND_TEST,0.000000,0.003825,0.144453,-0.129864,0.000000,0.000000,0.000000,1.000000,1.000000
1782353216.363814,1087,0.000468,inf,STAND_TEST,0.000000,0.003852,0.144536,-0.129910,0.000000,0.000000,0.000000,1.000000,1.000000
1782353216.384192,1088,0.000790,inf,STAND_TEST,0.000000,0.003825,0.144569,-0.129900,0.000000,0.000000,0.000000,1.000000,1.000000
1782353216.404151,1089,0.000406,inf,STAND_TEST,0.000000,0.003824,0.144614,-0.129864,0.000000,0.000000,0.000000,1.000000,1.000000
1782353216.424208,1090,0.000405,inf,STAND_TEST,0.000000,0.003811,0.144616,-0.129876,0.000000,0.000000,0.000000,1.000000,1.000000
1782353216.444265,1091,0.000406,inf,STAND_TEST,0.000000,0.003823,0.144662,-0.129814,0.000000,0.000000,0.000000,1.000000,1.000000
1782353216.464335,1092,0.000420,inf,STAND_TEST,0.000000,0.003849,0.144688,-0.129836,0.000000,0.000000,0.000000,1.000000,1.000000
1782353216.484454,1093,0.000485,inf,STAND_TEST,0.000000,0.003800,0.144712,-0.129836,0.000000,0.000000,0.000000,1.000000,1.000000
1782353216.504673,1094,0.000647,inf,STAND_TEST,0.000000,0.003794,0.144774,-0.129879,0.000000,0.000000,0.000000,1.000000,1.000000
1782353216.524720,1095,0.000637,inf,STAND_TEST,0.000000,0.003794,0.144795,-0.129837,0.000000,0.000000,0.000000,1.000000,1.000000
1782353216.544757,1096,0.000618,inf,STAND_TEST,0.000000,0.003809,0.144807,-0.129878,0.000000,0.000000,0.000000,1.000000,1.000000
1782353216.564775,1097,0.000407,inf,STAND_TEST,0.000000,0.003834,0.144749,-0.129892,0.000000,0.000000,0.000000,1.000000,1.000000
1782353216.584884,1098,0.000459,inf,STAND_TEST,0.000000,0.003837,0.144702,-0.129924,0.000000,0.000000,0.000000,1.000000,1.000000
1782353216.604915,1099,0.000431,inf,STAND_TEST,0.000000,0.003817,0.144656,-0.129953,0.000000,0.000000,0.000000,1.000000,1.000000
1782353216.624958,1100,0.000420,inf,STAND_TEST,0.000000,0.003815,0.144629,-0.129975,0.000000,0.000000,0.000000,1.000000,1.000000
1782353216.645256,1101,0.000662,inf,STAND_TEST,0.000000,0.003821,0.144642,-0.129987,0.000000,0.000000,0.000000,1.000000,1.000000
1782353216.665295,1102,0.000644,inf,STAND_TEST,0.000000,0.003829,0.144730,-0.130021,0.000000,0.000000,0.000000,1.000000,1.000000
1782353216.685412,1103,0.000703,inf,STAND_TEST,0.000000,0.003839,0.144801,-0.129999,0.000000,0.000000,0.000000,1.000000,1.000000
1782353216.705254,1104,0.000487,inf,STAND_TEST,0.000000,0.003829,0.144752,-0.129958,0.000000,0.000000,0.000000,1.000000,1.000000
1782353216.725393,1105,0.000424,inf,STAND_TEST,0.000000,0.003853,0.144766,-0.129913,0.000000,0.000000,0.000000,1.000000,1.000000
1782353216.745469,1106,0.000442,inf,STAND_TEST,0.000000,0.003861,0.144709,-0.129889,0.000000,0.000000,0.000000,1.000000,1.000000
1782353216.765497,1107,0.000413,inf,STAND_TEST,0.000000,0.003871,0.144743,-0.129877,0.000000,0.000000,0.000000,1.000000,1.000000
1782353216.785890,1108,0.000748,inf,STAND_TEST,0.000000,0.003840,0.144742,-0.129901,0.000000,0.000000,0.000000,1.000000,1.000000
1782353216.805890,1109,0.000672,inf,STAND_TEST,0.000000,0.003820,0.144729,-0.129930,0.000000,0.000000,0.000000,1.000000,1.000000
1782353216.825933,1110,0.000658,inf,STAND_TEST,0.000000,0.003810,0.144712,-0.129918,0.000000,0.000000,0.000000,1.000000,1.000000
1782353216.846006,1111,0.000673,inf,STAND_TEST,0.000000,0.003800,0.144694,-0.129933,0.000000,0.000000,0.000000,1.000000,1.000000
1782353216.866033,1112,0.000405,inf,STAND_TEST,0.000000,0.003798,0.144618,-0.129867,0.000000,0.000000,0.000000,1.000000,1.000000
1782353216.886356,1113,0.000664,inf,STAND_TEST,0.000000,0.003808,0.144578,-0.129893,0.000000,0.000000,0.000000,1.000000,1.000000
1782353216.906163,1114,0.000411,inf,STAND_TEST,0.000000,0.003799,0.144525,-0.129871,0.000000,0.000000,0.000000,1.000000,1.000000
1782353216.926544,1115,0.000655,inf,STAND_TEST,0.000000,0.003777,0.144507,-0.129891,0.000000,0.000000,0.000000,1.000000,1.000000
1782353216.946687,1116,0.000685,inf,STAND_TEST,0.000000,0.003781,0.144490,-0.129840,0.000000,0.000000,0.000000,1.000000,1.000000
1782353216.966614,1117,0.000415,inf,STAND_TEST,0.000000,0.003776,0.144504,-0.129857,0.000000,0.000000,0.000000,1.000000,1.000000
1782353216.986724,1118,0.000420,inf,STAND_TEST,0.000000,0.003799,0.144486,-0.129904,0.000000,0.000000,0.000000,1.000000,1.000000
1782353217.006833,1119,0.000430,inf,STAND_TEST,0.000000,0.003818,0.144493,-0.129959,0.000000,0.000000,0.000000,1.000000,1.000000
1782353217.026919,1120,0.000410,inf,STAND_TEST,0.000000,0.003801,0.144467,-0.130040,0.000000,0.000000,0.000000,1.000000,1.000000
1782353217.047289,1121,0.000672,inf,STAND_TEST,0.000000,0.003782,0.144470,-0.130034,0.000000,0.000000,0.000000,1.000000,1.000000
1782353217.067411,1122,0.000667,inf,STAND_TEST,0.000000,0.003783,0.144494,-0.130018,0.000000,0.000000,0.000000,1.000000,1.000000
1782353217.087282,1123,0.000424,inf,STAND_TEST,0.000000,0.003769,0.144513,-0.130005,0.000000,0.000000,0.000000,1.000000,1.000000
1782353217.107410,1124,0.000435,inf,STAND_TEST,0.000000,0.003762,0.144492,-0.130063,0.000000,0.000000,0.000000,1.000000,1.000000
1782353217.128185,1125,0.001101,inf,STAND_TEST,0.000000,0.003746,0.144459,-0.130045,0.000000,0.000000,0.000000,1.000000,1.000000
1782353217.147912,1126,0.000766,inf,STAND_TEST,0.000000,0.003752,0.144459,-0.130021,0.000000,0.000000,0.000000,1.000000,1.000000
1782353217.167913,1127,0.000711,inf,STAND_TEST,0.000000,0.003745,0.144464,-0.130012,0.000000,0.000000,0.000000,1.000000,1.000000
1782353217.188144,1128,0.000881,inf,STAND_TEST,0.000000,0.003735,0.144457,-0.130022,0.000000,0.000000,0.000000,1.000000,1.000000
1782353217.208092,1129,0.000723,inf,STAND_TEST,0.000000,0.003733,0.144487,-0.130039,0.000000,0.000000,0.000000,1.000000,1.000000
1782353217.227911,1130,0.000434,inf,STAND_TEST,0.000000,0.003750,0.144514,-0.130033,0.000000,0.000000,0.000000,1.000000,1.000000
1782353217.248032,1131,0.000448,inf,STAND_TEST,0.000000,0.003794,0.144507,-0.129973,0.000000,0.000000,0.000000,1.000000,1.000000
1782353217.268109,1132,0.000424,inf,STAND_TEST,0.000000,0.003815,0.144508,-0.129933,0.000000,0.000000,0.000000,1.000000,1.000000
1782353217.288536,1133,0.000743,inf,STAND_TEST,0.000000,0.003803,0.144507,-0.129994,0.000000,0.000000,0.000000,1.000000,1.000000
1782353217.308639,1134,0.000730,inf,STAND_TEST,0.000000,0.003813,0.144558,-0.129986,0.000000,0.000000,0.000000,1.000000,1.000000
1782353217.328640,1135,0.000439,inf,STAND_TEST,0.000000,0.003827,0.144535,-0.129996,0.000000,0.000000,0.000000,1.000000,1.000000
1782353217.348718,1136,0.000413,inf,STAND_TEST,0.000000,0.003851,0.144495,-0.129946,0.000000,0.000000,0.000000,1.000000,1.000000
1782353217.368897,1137,0.000532,inf,STAND_TEST,0.000000,0.003862,0.144424,-0.129941,0.000000,0.000000,0.000000,1.000000,1.000000
1782353217.389251,1138,0.000826,inf,STAND_TEST,0.000000,0.003872,0.144391,-0.129911,0.000000,0.000000,0.000000,1.000000,1.000000
1782353217.409297,1139,0.000815,inf,STAND_TEST,0.000000,0.003868,0.144391,-0.129906,0.000000,0.000000,0.000000,1.000000,1.000000
1782353217.429228,1140,0.000687,inf,STAND_TEST,0.000000,0.003866,0.144384,-0.129915,0.000000,0.000000,0.000000,1.000000,1.000000
1782353217.449330,1141,0.000732,inf,STAND_TEST,0.000000,0.003848,0.144397,-0.129959,0.000000,0.000000,0.000000,1.000000,1.000000
1782353217.469535,1142,0.000740,inf,STAND_TEST,0.000000,0.003848,0.144390,-0.129958,0.000000,0.000000,0.000000,1.000000,1.000000
1782353217.489325,1143,0.000471,inf,STAND_TEST,0.000000,0.003851,0.144408,-0.129962,0.000000,0.000000,0.000000,1.000000,1.000000
1782353217.509422,1144,0.000509,inf,STAND_TEST,0.000000,0.003851,0.144377,-0.129969,0.000000,0.000000,0.000000,1.000000,1.000000
1782353217.529462,1145,0.000488,inf,STAND_TEST,0.000000,0.003849,0.144378,-0.129984,0.000000,0.000000,0.000000,1.000000,1.000000
1782353217.549706,1146,0.000674,inf,STAND_TEST,0.000000,0.003831,0.144399,-0.129975,0.000000,0.000000,0.000000,1.000000,1.000000
1782353217.569762,1147,0.000671,inf,STAND_TEST,0.000000,0.003814,0.144361,-0.130005,0.000000,0.000000,0.000000,1.000000,1.000000
1782353217.589783,1148,0.000634,inf,STAND_TEST,0.000000,0.003795,0.144353,-0.130062,0.000000,0.000000,0.000000,1.000000,1.000000
1782353217.609830,1149,0.000623,inf,STAND_TEST,0.000000,0.003800,0.144338,-0.130063,0.000000,0.000000,0.000000,1.000000,1.000000
1782353217.629822,1150,0.000427,inf,STAND_TEST,0.000000,0.003789,0.144326,-0.130038,0.000000,0.000000,0.000000,1.000000,1.000000
1782353217.649882,1151,0.000430,inf,STAND_TEST,0.000000,0.003803,0.144343,-0.129982,0.000000,0.000000,0.000000,1.000000,1.000000
1782353217.669935,1152,0.000424,inf,STAND_TEST,0.000000,0.003802,0.144384,-0.129985,0.000000,0.000000,0.000000,1.000000,1.000000
1782353217.690029,1153,0.000461,inf,STAND_TEST,0.000000,0.003806,0.144367,-0.129983,0.000000,0.000000,0.000000,1.000000,1.000000
1782353217.710425,1154,0.000801,inf,STAND_TEST,0.000000,0.003786,0.144321,-0.129956,0.000000,0.000000,0.000000,1.000000,1.000000
1782353217.730364,1155,0.000681,inf,STAND_TEST,0.000000,0.003779,0.144348,-0.129962,0.000000,0.000000,0.000000,1.000000,1.000000
1782353217.750254,1156,0.000439,inf,STAND_TEST,0.000000,0.003767,0.144380,-0.130004,0.000000,0.000000,0.000000,1.000000,1.000000
1782353217.770390,1157,0.000468,inf,STAND_TEST,0.000000,0.003766,0.144414,-0.130038,0.000000,0.000000,0.000000,1.000000,1.000000
1782353217.790400,1158,0.000421,inf,STAND_TEST,0.000000,0.003777,0.144394,-0.130040,0.000000,0.000000,0.000000,1.000000,1.000000
1782353217.810474,1159,0.000439,inf,STAND_TEST,0.000000,0.003765,0.144366,-0.130039,0.000000,0.000000,0.000000,1.000000,1.000000
1782353217.830757,1160,0.000664,inf,STAND_TEST,0.000000,0.003740,0.144411,-0.130070,0.000000,0.000000,0.000000,1.000000,1.000000
1782353217.850781,1161,0.000630,inf,STAND_TEST,0.000000,0.003746,0.144408,-0.130046,0.000000,0.000000,0.000000,1.000000,1.000000
1782353217.870868,1162,0.000659,inf,STAND_TEST,0.000000,0.003757,0.144397,-0.130023,0.000000,0.000000,0.000000,1.000000,1.000000
1782353217.890912,1163,0.000646,inf,STAND_TEST,0.000000,0.003762,0.144446,-0.129997,0.000000,0.000000,0.000000,1.000000,1.000000
1782353217.910957,1164,0.000635,inf,STAND_TEST,0.000000,0.003764,0.144434,-0.129980,0.000000,0.000000,0.000000,1.000000,1.000000
1782353217.930867,1165,0.000427,inf,STAND_TEST,0.000000,0.003787,0.144431,-0.129955,0.000000,0.000000,0.000000,1.000000,1.000000
1782353217.950951,1166,0.000454,inf,STAND_TEST,0.000000,0.003794,0.144386,-0.129945,0.000000,0.000000,0.000000,1.000000,1.000000
1782353217.971001,1167,0.000446,inf,STAND_TEST,0.000000,0.003802,0.144409,-0.129966,0.000000,0.000000,0.000000,1.000000,1.000000
1782353217.991040,1168,0.000427,inf,STAND_TEST,0.000000,0.003824,0.144361,-0.129986,0.000000,0.000000,0.000000,1.000000,1.000000
1782353218.011084,1169,0.000415,inf,STAND_TEST,0.000000,0.003818,0.144343,-0.130029,0.000000,0.000000,0.000000,1.000000,1.000000
1782353218.031167,1170,0.000442,inf,STAND_TEST,0.000000,0.003796,0.144352,-0.130039,0.000000,0.000000,0.000000,1.000000,1.000000
1782353218.051398,1171,0.000616,inf,STAND_TEST,0.000000,0.003778,0.144399,-0.130097,0.000000,0.000000,0.000000,1.000000,1.000000
1782353218.071494,1172,0.000653,inf,STAND_TEST,0.000000,0.003787,0.144419,-0.130068,0.000000,0.000000,0.000000,1.000000,1.000000
1782353218.091514,1173,0.000435,inf,STAND_TEST,0.000000,0.003768,0.144408,-0.130049,0.000000,0.000000,0.000000,1.000000,1.000000
1782353218.111552,1174,0.000418,inf,STAND_TEST,0.000000,0.003753,0.144367,-0.130062,0.000000,0.000000,0.000000,1.000000,1.000000
1782353218.131654,1175,0.000463,inf,STAND_TEST,0.000000,0.003783,0.144325,-0.130060,0.000000,0.000000,0.000000,1.000000,1.000000
1782353218.151884,1176,0.000631,inf,STAND_TEST,0.000000,0.003786,0.144346,-0.130068,0.000000,0.000000,0.000000,1.000000,1.000000
1782353218.171797,1177,0.000490,inf,STAND_TEST,0.000000,0.003758,0.144378,-0.130145,0.000000,0.000000,0.000000,1.000000,1.000000
1782353218.192040,1178,0.000470,inf,STAND_TEST,0.000000,0.003785,0.144418,-0.130102,0.000000,0.000000,0.000000,1.000000,1.000000
1782353218.212105,1179,0.000479,inf,STAND_TEST,0.000000,0.003806,0.144406,-0.130088,0.000000,0.000000,0.000000,1.000000,1.000000
1782353218.232129,1180,0.000446,inf,STAND_TEST,0.000000,0.003825,0.144464,-0.130071,0.000000,0.000000,0.000000,1.000000,1.000000
1782353218.252180,1181,0.000439,inf,STAND_TEST,0.000000,0.003796,0.144476,-0.130154,0.000000,0.000000,0.000000,1.000000,1.000000
1782353218.272274,1182,0.000474,inf,STAND_TEST,0.000000,0.003793,0.144510,-0.130146,0.000000,0.000000,0.000000,1.000000,1.000000
1782353218.292289,1183,0.000432,inf,STAND_TEST,0.000000,0.003793,0.144485,-0.130069,0.000000,0.000000,0.000000,1.000000,1.000000
1782353218.312431,1184,0.000519,inf,STAND_TEST,0.000000,0.003789,0.144545,-0.130040,0.000000,0.000000,0.000000,1.000000,1.000000
1782353218.332626,1185,0.000655,inf,STAND_TEST,0.000000,0.003778,0.144610,-0.130097,0.000000,0.000000,0.000000,1.000000,1.000000
1782353218.352760,1186,0.000729,inf,STAND_TEST,0.000000,0.003773,0.144649,-0.130088,0.000000,0.000000,0.000000,1.000000,1.000000
1782353218.372552,1187,0.000464,inf,STAND_TEST,0.000000,0.003773,0.144695,-0.130087,0.000000,0.000000,0.000000,1.000000,1.000000
1782353218.392648,1188,0.000430,inf,STAND_TEST,0.000000,0.003820,0.144690,-0.130110,0.000000,0.000000,0.000000,1.000000,1.000000
1782353218.412780,1189,0.000508,inf,STAND_TEST,0.000000,0.003804,0.144703,-0.130181,0.000000,0.000000,0.000000,1.000000,1.000000
1782353218.432763,1190,0.000432,inf,STAND_TEST,0.000000,0.003774,0.144698,-0.130166,0.000000,0.000000,0.000000,1.000000,1.000000
1782353218.453161,1191,0.000770,inf,STAND_TEST,0.000000,0.003766,0.144695,-0.130153,0.000000,0.000000,0.000000,1.000000,1.000000
1782353218.472910,1192,0.000462,inf,STAND_TEST,0.000000,0.003767,0.144721,-0.130154,0.000000,0.000000,0.000000,1.000000,1.000000
1782353218.493132,1193,0.000626,inf,STAND_TEST,0.000000,0.003761,0.144702,-0.130106,0.000000,0.000000,0.000000,1.000000,1.000000
1782353218.513201,1194,0.000639,inf,STAND_TEST,0.000000,0.003751,0.144678,-0.130093,0.000000,0.000000,0.000000,1.000000,1.000000
1782353218.533262,1195,0.000643,inf,STAND_TEST,0.000000,0.003743,0.144676,-0.130155,0.000000,0.000000,0.000000,1.000000,1.000000
1782353218.553189,1196,0.000457,inf,STAND_TEST,0.000000,0.003729,0.144656,-0.130212,0.000000,0.000000,0.000000,1.000000,1.000000
1782353218.573231,1197,0.000440,inf,STAND_TEST,0.000000,0.003757,0.144632,-0.130190,0.000000,0.000000,0.000000,1.000000,1.000000
1782353218.593316,1198,0.000468,inf,STAND_TEST,0.000000,0.003768,0.144608,-0.130189,0.000000,0.000000,0.000000,1.000000,1.000000
1782353218.613337,1199,0.000435,inf,STAND_TEST,0.000000,0.003749,0.144625,-0.130185,0.000000,0.000000,0.000000,1.000000,1.000000
1782353218.633400,1200,0.000443,inf,STAND_TEST,0.000000,0.003720,0.144632,-0.130164,0.000000,0.000000,0.000000,1.000000,1.000000
1782353218.653662,1201,0.000646,inf,STAND_TEST,0.000000,0.003721,0.144640,-0.130189,0.000000,0.000000,0.000000,1.000000,1.000000
1782353218.673721,1202,0.000647,inf,STAND_TEST,0.000000,0.003732,0.144680,-0.130166,0.000000,0.000000,0.000000,1.000000,1.000000
1782353218.693784,1203,0.000652,inf,STAND_TEST,0.000000,0.003718,0.144743,-0.130202,0.000000,0.000000,0.000000,1.000000,1.000000
1782353218.713805,1204,0.000427,inf,STAND_TEST,0.000000,0.003708,0.144734,-0.130230,0.000000,0.000000,0.000000,1.000000,1.000000
1782353218.733900,1205,0.000464,inf,STAND_TEST,0.000000,0.003696,0.144737,-0.130216,0.000000,0.000000,0.000000,1.000000,1.000000
1782353218.753938,1206,0.000444,inf,STAND_TEST,0.000000,0.003693,0.144756,-0.130201,0.000000,0.000000,0.000000,1.000000,1.000000
1782353218.773993,1207,0.000441,inf,STAND_TEST,0.000000,0.003695,0.144754,-0.130201,0.000000,0.000000,0.000000,1.000000,1.000000
1782353218.794077,1208,0.000470,inf,STAND_TEST,0.000000,0.003723,0.144784,-0.130223,0.000000,0.000000,0.000000,1.000000,1.000000
1782353218.814308,1209,0.000643,inf,STAND_TEST,0.000000,0.003705,0.144849,-0.130245,0.000000,0.000000,0.000000,1.000000,1.000000
1782353218.834358,1210,0.000637,inf,STAND_TEST,0.000000,0.003698,0.144847,-0.130268,0.000000,0.000000,0.000000,1.000000,1.000000
1782353218.854453,1211,0.000673,inf,STAND_TEST,0.000000,0.003720,0.144858,-0.130210,0.000000,0.000000,0.000000,1.000000,1.000000
1782353218.874279,1212,0.000441,inf,STAND_TEST,0.000000,0.003744,0.144863,-0.130191,0.000000,0.000000,0.000000,1.000000,1.000000
1782353218.894341,1213,0.000448,inf,STAND_TEST,0.000000,0.003777,0.144861,-0.130114,0.000000,0.000000,0.000000,1.000000,1.000000
1782353218.914385,1214,0.000437,inf,STAND_TEST,0.000000,0.003813,0.144871,-0.130042,0.000000,0.000000,0.000000,1.000000,1.000000
1782353218.934419,1215,0.000414,inf,STAND_TEST,0.000000,0.003811,0.144846,-0.130039,0.000000,0.000000,0.000000,1.000000,1.000000
1782353218.954530,1216,0.000467,inf,STAND_TEST,0.000000,0.003815,0.144863,-0.129994,0.000000,0.000000,0.000000,1.000000,1.000000
1782353218.974772,1217,0.000654,inf,STAND_TEST,0.000000,0.003840,0.144887,-0.129960,0.000000,0.000000,0.000000,1.000000,1.000000
1782353218.994831,1218,0.000655,inf,STAND_TEST,0.000000,0.003851,0.144897,-0.129975,0.000000,0.000000,0.000000,1.000000,1.000000
1782353219.014889,1219,0.000658,inf,STAND_TEST,0.000000,0.003874,0.144933,-0.129988,0.000000,0.000000,0.000000,1.000000,1.000000
1782353219.034927,1220,0.000641,inf,STAND_TEST,0.000000,0.003874,0.144946,-0.130042,0.000000,0.000000,0.000000,1.000000,1.000000
1782353219.054852,1221,0.000442,inf,STAND_TEST,0.000000,0.003853,0.144934,-0.130055,0.000000,0.000000,0.000000,1.000000,1.000000
1782353219.074912,1222,0.000425,inf,STAND_TEST,0.000000,0.003857,0.144908,-0.130052,0.000000,0.000000,0.000000,1.000000,1.000000
1782353219.094996,1223,0.000452,inf,STAND_TEST,0.000000,0.003853,0.144915,-0.130076,0.000000,0.000000,0.000000,1.000000,1.000000
1782353219.115044,1224,0.000444,inf,STAND_TEST,0.000000,0.003841,0.144895,-0.130073,0.000000,0.000000,0.000000,1.000000,1.000000
1782353219.135324,1225,0.000666,inf,STAND_TEST,0.000000,0.003834,0.144866,-0.130059,0.000000,0.000000,0.000000,1.000000,1.000000
1782353219.155394,1226,0.000678,inf,STAND_TEST,0.000000,0.003801,0.144833,-0.130055,0.000000,0.000000,0.000000,1.000000,1.000000
1782353219.175338,1227,0.000483,inf,STAND_TEST,0.000000,0.003805,0.144821,-0.130030,0.000000,0.000000,0.000000,1.000000,1.000000
1782353219.195373,1228,0.000460,inf,STAND_TEST,0.000000,0.003816,0.144862,-0.130005,0.000000,0.000000,0.000000,1.000000,1.000000
1782353219.215430,1229,0.000461,inf,STAND_TEST,0.000000,0.003814,0.144843,-0.130017,0.000000,0.000000,0.000000,1.000000,1.000000
1782353219.235657,1230,0.000631,inf,STAND_TEST,0.000000,0.003828,0.144799,-0.129995,0.000000,0.000000,0.000000,1.000000,1.000000
1782353219.255550,1231,0.000466,inf,STAND_TEST,0.000000,0.003840,0.144801,-0.129950,0.000000,0.000000,0.000000,1.000000,1.000000
1782353219.275589,1232,0.000447,inf,STAND_TEST,0.000000,0.003851,0.144774,-0.129966,0.000000,0.000000,0.000000,1.000000,1.000000
1782353219.296076,1233,0.000876,inf,STAND_TEST,0.000000,0.003860,0.144835,-0.130019,0.000000,0.000000,0.000000,1.000000,1.000000
1782353219.315930,1234,0.000673,inf,STAND_TEST,0.000000,0.003884,0.144826,-0.129988,0.000000,0.000000,0.000000,1.000000,1.000000
1782353219.335957,1235,0.000643,inf,STAND_TEST,0.000000,0.003873,0.144888,-0.130049,0.000000,0.000000,0.000000,1.000000,1.000000
1782353219.356061,1236,0.000467,inf,STAND_TEST,0.000000,0.003897,0.144849,-0.129977,0.000000,0.000000,0.000000,1.000000,1.000000
1782353219.376088,1237,0.000436,inf,STAND_TEST,0.000000,0.003925,0.144881,-0.129976,0.000000,0.000000,0.000000,1.000000,1.000000
1782353219.396227,1238,0.000520,inf,STAND_TEST,0.000000,0.003914,0.144901,-0.130010,0.000000,0.000000,0.000000,1.000000,1.000000
1782353219.416195,1239,0.000434,inf,STAND_TEST,0.000000,0.003945,0.144906,-0.129959,0.000000,0.000000,0.000000,1.000000,1.000000
1782353219.436590,1240,0.000771,inf,STAND_TEST,0.000000,0.003937,0.144914,-0.129965,0.000000,0.000000,0.000000,1.000000,1.000000
1782353219.456527,1241,0.000653,inf,STAND_TEST,0.000000,0.003957,0.144943,-0.129967,0.000000,0.000000,0.000000,1.000000,1.000000
1782353219.476833,1242,0.000900,inf,STAND_TEST,0.000000,0.003985,0.144938,-0.129925,0.000000,0.000000,0.000000,1.000000,1.000000
1782353219.496692,1243,0.000521,inf,STAND_TEST,0.000000,0.003994,0.145002,-0.129928,0.000000,0.000000,0.000000,1.000000,1.000000
1782353219.516687,1244,0.000456,inf,STAND_TEST,0.000000,0.003976,0.145016,-0.129977,0.000000,0.000000,0.000000,1.000000,1.000000
1782353219.536980,1245,0.000491,inf,STAND_TEST,0.000000,0.003973,0.145058,-0.129925,0.000000,0.000000,0.000000,1.000000,1.000000
1782353219.556976,1246,0.000432,inf,STAND_TEST,0.000000,0.003948,0.145032,-0.129925,0.000000,0.000000,0.000000,1.000000,1.000000
1782353219.577286,1247,0.000633,inf,STAND_TEST,0.000000,0.003930,0.145022,-0.129943,0.000000,0.000000,0.000000,1.000000,1.000000
1782353219.597383,1248,0.000445,inf,STAND_TEST,0.000000,0.003938,0.145004,-0.129950,0.000000,0.000000,0.000000,1.000000,1.000000
1782353219.617435,1249,0.000441,inf,STAND_TEST,0.000000,0.003950,0.145018,-0.129931,0.000000,0.000000,0.000000,1.000000,1.000000
1782353219.637476,1250,0.000427,inf,STAND_TEST,0.000000,0.003989,0.145025,-0.129919,0.000000,0.000000,0.000000,1.000000,1.000000
1782353219.657981,1251,0.000798,inf,STAND_TEST,0.000000,0.003977,0.145068,-0.129949,0.000000,0.000000,0.000000,1.000000,1.000000
1782353219.678068,1252,0.000786,inf,STAND_TEST,0.000000,0.003996,0.145067,-0.129930,0.000000,0.000000,0.000000,1.000000,1.000000
1782353219.698131,1253,0.000411,inf,STAND_TEST,0.000000,0.003999,0.145093,-0.129919,0.000000,0.000000,0.000000,1.000000,1.000000
1782353219.718248,1254,0.000428,inf,STAND_TEST,0.000000,0.004029,0.145104,-0.129915,0.000000,0.000000,0.000000,1.000000,1.000000
1782353219.738348,1255,0.000421,inf,STAND_TEST,0.000000,0.004016,0.145109,-0.129918,0.000000,0.000000,0.000000,1.000000,1.000000
1782353219.758837,1256,0.000851,inf,STAND_TEST,0.000000,0.004032,0.145071,-0.129897,0.000000,0.000000,0.000000,1.000000,1.000000
1782353219.778705,1257,0.000663,inf,STAND_TEST,0.000000,0.004055,0.145030,-0.129835,0.000000,0.000000,0.000000,1.000000,1.000000
1782353219.798774,1258,0.000461,inf,STAND_TEST,0.000000,0.004058,0.144999,-0.129868,0.000000,0.000000,0.000000,1.000000,1.000000
1782353219.818955,1259,0.000587,inf,STAND_TEST,0.000000,0.004072,0.145024,-0.129826,0.000000,0.000000,0.000000,1.000000,1.000000
1782353219.838874,1260,0.000448,inf,STAND_TEST,0.000000,0.004062,0.145044,-0.129822,0.000000,0.000000,0.000000,1.000000,1.000000
1782353219.859138,1261,0.000654,inf,STAND_TEST,0.000000,0.004060,0.145024,-0.129826,0.000000,0.000000,0.000000,1.000000,1.000000
1782353219.879164,1262,0.000626,inf,STAND_TEST,0.000000,0.004034,0.145000,-0.129892,0.000000,0.000000,0.000000,1.000000,1.000000
1782353219.899050,1263,0.000455,inf,STAND_TEST,0.000000,0.004017,0.144991,-0.129900,0.000000,0.000000,0.000000,1.000000,1.000000
1782353219.919297,1264,0.000647,inf,STAND_TEST,0.000000,0.004003,0.144984,-0.129882,0.000000,0.000000,0.000000,1.000000,1.000000
1782353219.939395,1265,0.000689,inf,STAND_TEST,0.000000,0.004010,0.144988,-0.129896,0.000000,0.000000,0.000000,1.000000,1.000000
1782353219.959276,1266,0.000443,inf,STAND_TEST,0.000000,0.004019,0.144947,-0.129885,0.000000,0.000000,0.000000,1.000000,1.000000
1782353219.979317,1267,0.000429,inf,STAND_TEST,0.000000,0.004026,0.144953,-0.129858,0.000000,0.000000,0.000000,1.000000,1.000000
1782353219.999388,1268,0.000444,inf,STAND_TEST,0.000000,0.004027,0.144881,-0.129816,0.000000,0.000000,0.000000,1.000000,1.000000
1782353220.019432,1269,0.000431,inf,STAND_TEST,0.000000,0.004058,0.144871,-0.129760,0.000000,0.000000,0.000000,1.000000,1.000000
1782353220.039443,1270,0.000388,inf,STAND_TEST,0.000000,0.004061,0.144847,-0.129734,0.000000,0.000000,0.000000,1.000000,1.000000
1782353220.059898,1271,0.000786,inf,STAND_TEST,0.000000,0.004044,0.144889,-0.129735,0.000000,0.000000,0.000000,1.000000,1.000000
1782353220.079816,1272,0.000647,inf,STAND_TEST,0.000000,0.004066,0.144901,-0.129750,0.000000,0.000000,0.000000,1.000000,1.000000
1782353220.099679,1273,0.000452,inf,STAND_TEST,0.000000,0.004102,0.144915,-0.129736,0.000000,0.000000,0.000000,1.000000,1.000000
1782353220.119933,1274,0.000480,inf,STAND_TEST,0.000000,0.004108,0.144898,-0.129763,0.000000,0.000000,0.000000,1.000000,1.000000
1782353220.139942,1275,0.000432,inf,STAND_TEST,0.000000,0.004145,0.144938,-0.129782,0.000000,0.000000,0.000000,1.000000,1.000000
1782353220.160005,1276,0.000437,inf,STAND_TEST,0.000000,0.004145,0.144967,-0.129747,0.000000,0.000000,0.000000,1.000000,1.000000
1782353220.180279,1277,0.000653,inf,STAND_TEST,0.000000,0.004152,0.144953,-0.129730,0.000000,0.000000,0.000000,1.000000,1.000000
1782353220.200131,1278,0.000447,inf,STAND_TEST,0.000000,0.004147,0.144908,-0.129723,0.000000,0.000000,0.000000,1.000000,1.000000
1782353220.220386,1279,0.000643,inf,STAND_TEST,0.000000,0.004170,0.144891,-0.129735,0.000000,0.000000,0.000000,1.000000,1.000000
1782353220.240430,1280,0.000459,inf,STAND_TEST,0.000000,0.004173,0.144871,-0.129776,0.000000,0.000000,0.000000,1.000000,1.000000
1782353220.260523,1281,0.000420,inf,STAND_TEST,0.000000,0.004172,0.144812,-0.129792,0.000000,0.000000,0.000000,1.000000,1.000000
1782353220.280597,1282,0.000437,inf,STAND_TEST,0.000000,0.004186,0.144796,-0.129799,0.000000,0.000000,0.000000,1.000000,1.000000
1782353220.300683,1283,0.000466,inf,STAND_TEST,0.000000,0.004179,0.144818,-0.129782,0.000000,0.000000,0.000000,1.000000,1.000000
1782353220.320718,1284,0.000443,inf,STAND_TEST,0.000000,0.004193,0.144833,-0.129767,0.000000,0.000000,0.000000,1.000000,1.000000
1782353220.340989,1285,0.000658,inf,STAND_TEST,0.000000,0.004179,0.144824,-0.129801,0.000000,0.000000,0.000000,1.000000,1.000000
1782353220.361027,1286,0.000641,inf,STAND_TEST,0.000000,0.004189,0.144780,-0.129793,0.000000,0.000000,0.000000,1.000000,1.000000
1782353220.381124,1287,0.000683,inf,STAND_TEST,0.000000,0.004204,0.144774,-0.129815,0.000000,0.000000,0.000000,1.000000,1.000000
1782353220.401062,1288,0.000456,inf,STAND_TEST,0.000000,0.004195,0.144743,-0.129775,0.000000,0.000000,0.000000,1.000000,1.000000
1782353220.421156,1289,0.000434,inf,STAND_TEST,0.000000,0.004201,0.144748,-0.129775,0.000000,0.000000,0.000000,1.000000,1.000000
1782353220.441221,1290,0.000445,inf,STAND_TEST,0.000000,0.004208,0.144721,-0.129795,0.000000,0.000000,0.000000,1.000000,1.000000
1782353220.461246,1291,0.000415,inf,STAND_TEST,0.000000,0.004186,0.144681,-0.129785,0.000000,0.000000,0.000000,1.000000,1.000000
1782353220.481542,1292,0.000656,inf,STAND_TEST,0.000000,0.004200,0.144677,-0.129731,0.000000,0.000000,0.000000,1.000000,1.000000
1782353220.501703,1293,0.000763,inf,STAND_TEST,0.000000,0.004194,0.144666,-0.129743,0.000000,0.000000,0.000000,1.000000,1.000000
1782353220.521625,1294,0.000629,inf,STAND_TEST,0.000000,0.004208,0.144654,-0.129721,0.000000,0.000000,0.000000,1.000000,1.000000
1782353220.541499,1295,0.000448,inf,STAND_TEST,0.000000,0.004205,0.144652,-0.129733,0.000000,0.000000,0.000000,1.000000,1.000000
1782353220.561544,1296,0.000438,inf,STAND_TEST,0.000000,0.004242,0.144670,-0.129725,0.000000,0.000000,0.000000,1.000000,1.000000
1782353220.581623,1297,0.000459,inf,STAND_TEST,0.000000,0.004249,0.144664,-0.129736,0.000000,0.000000,0.000000,1.000000,1.000000
1782353220.601659,1298,0.000439,inf,STAND_TEST,0.000000,0.004239,0.144634,-0.129707,0.000000,0.000000,0.000000,1.000000,1.000000
1782353220.621732,1299,0.000457,inf,STAND_TEST,0.000000,0.004264,0.144612,-0.129703,0.000000,0.000000,0.000000,1.000000,1.000000
1782353220.641740,1300,0.000411,inf,STAND_TEST,0.000000,0.004258,0.144571,-0.129708,0.000000,0.000000,0.000000,1.000000,1.000000
1782353220.662033,1301,0.000650,inf,STAND_TEST,0.000000,0.004251,0.144554,-0.129709,0.000000,0.000000,0.000000,1.000000,1.000000
1782353220.682188,1302,0.000750,inf,STAND_TEST,0.000000,0.004265,0.144537,-0.129697,0.000000,0.000000,0.000000,1.000000,1.000000
1782353220.702277,1303,0.000785,inf,STAND_TEST,0.000000,0.004294,0.144616,-0.129702,0.000000,0.000000,0.000000,1.000000,1.000000
1782353220.722193,1304,0.000466,inf,STAND_TEST,0.000000,0.004308,0.144584,-0.129661,0.000000,0.000000,0.000000,1.000000,1.000000
1782353220.742178,1305,0.000397,inf,STAND_TEST,0.000000,0.004315,0.144565,-0.129619,0.000000,0.000000,0.000000,1.000000,1.000000
1782353220.762277,1306,0.000441,inf,STAND_TEST,0.000000,0.004292,0.144517,-0.129593,0.000000,0.000000,0.000000,1.000000,1.000000
1782353220.782323,1307,0.000433,inf,STAND_TEST,0.000000,0.004278,0.144476,-0.129593,0.000000,0.000000,0.000000,1.000000,1.000000
1782353220.802716,1308,0.000771,inf,STAND_TEST,0.000000,0.004253,0.144494,-0.129601,0.000000,0.000000,0.000000,1.000000,1.000000
1782353220.822792,1309,0.000793,inf,STAND_TEST,0.000000,0.004240,0.144479,-0.129583,0.000000,0.000000,0.000000,1.000000,1.000000
1782353220.842812,1310,0.000759,inf,STAND_TEST,0.000000,0.004219,0.144459,-0.129624,0.000000,0.000000,0.000000,1.000000,1.000000
1782353220.862743,1311,0.000636,inf,STAND_TEST,0.000000,0.004209,0.144506,-0.129649,0.000000,0.000000,0.000000,1.000000,1.000000
1782353220.882821,1312,0.000657,inf,STAND_TEST,0.000000,0.004218,0.144514,-0.129649,0.000000,0.000000,0.000000,1.000000,1.000000
1782353220.902797,1313,0.000414,inf,STAND_TEST,0.000000,0.004201,0.144466,-0.129612,0.000000,0.000000,0.000000,1.000000,1.000000
1782353220.922883,1314,0.000444,inf,STAND_TEST,0.000000,0.004242,0.144464,-0.129585,0.000000,0.000000,0.000000,1.000000,1.000000
1782353220.943428,1315,0.000932,inf,STAND_TEST,0.000000,0.004252,0.144471,-0.129611,0.000000,0.000000,0.000000,1.000000,1.000000
1782353220.963414,1316,0.000861,inf,STAND_TEST,0.000000,0.004274,0.144456,-0.129599,0.000000,0.000000,0.000000,1.000000,1.000000
1782353220.983598,1317,0.000989,inf,STAND_TEST,0.000000,0.004238,0.144421,-0.129615,0.000000,0.000000,0.000000,1.000000,1.000000
1782353221.003517,1318,0.000850,inf,STAND_TEST,0.000000,0.004232,0.144399,-0.129575,0.000000,0.000000,0.000000,1.000000,1.000000
1782353221.023455,1319,0.000757,inf,STAND_TEST,0.000000,0.004246,0.144419,-0.129595,0.000000,0.000000,0.000000,1.000000,1.000000
1782353221.043546,1320,0.000645,inf,STAND_TEST,0.000000,0.004213,0.144408,-0.129609,0.000000,0.000000,0.000000,1.000000,1.000000
1782353221.063596,1321,0.000637,inf,STAND_TEST,0.000000,0.004224,0.144408,-0.129609,0.000000,0.000000,0.000000,1.000000,1.000000
1782353221.083658,1322,0.000641,inf,STAND_TEST,0.000000,0.004206,0.144391,-0.129624,0.000000,0.000000,0.000000,1.000000,1.000000
1782353221.103914,1323,0.000839,inf,STAND_TEST,0.000000,0.004213,0.144417,-0.129662,0.000000,0.000000,0.000000,1.000000,1.000000
1782353221.124061,1324,0.000928,inf,STAND_TEST,0.000000,0.004213,0.144426,-0.129654,0.000000,0.000000,0.000000,1.000000,1.000000
1782353221.144241,1325,0.000979,inf,STAND_TEST,0.000000,0.004224,0.144419,-0.129639,0.000000,0.000000,0.000000,1.000000,1.000000
1782353221.164056,1326,0.000592,inf,STAND_TEST,0.000000,0.004222,0.144414,-0.129696,0.000000,0.000000,0.000000,1.000000,1.000000
1782353221.184021,1327,0.000503,inf,STAND_TEST,0.000000,0.004207,0.144416,-0.129742,0.000000,0.000000,0.000000,1.000000,1.000000
1782353221.204008,1328,0.000435,inf,STAND_TEST,0.000000,0.004195,0.144409,-0.129776,0.000000,0.000000,0.000000,1.000000,1.000000
1782353221.224050,1329,0.000422,inf,STAND_TEST,0.000000,0.004197,0.144414,-0.129823,0.000000,0.000000,0.000000,1.000000,1.000000
1782353221.244329,1330,0.000647,inf,STAND_TEST,0.000000,0.004180,0.144416,-0.129831,0.000000,0.000000,0.000000,1.000000,1.000000
1782353221.264176,1331,0.000439,inf,STAND_TEST,0.000000,0.004184,0.144375,-0.129850,0.000000,0.000000,0.000000,1.000000,1.000000
1782353221.284459,1332,0.000451,inf,STAND_TEST,0.000000,0.004169,0.144348,-0.129878,0.000000,0.000000,0.000000,1.000000,1.000000
1782353221.304596,1333,0.000453,inf,STAND_TEST,0.000000,0.004163,0.144353,-0.129893,0.000000,0.000000,0.000000,1.000000,1.000000
1782353221.324664,1334,0.000466,inf,STAND_TEST,0.000000,0.004146,0.144332,-0.129873,0.000000,0.000000,0.000000,1.000000,1.000000
1782353221.344679,1335,0.000427,inf,STAND_TEST,0.000000,0.004185,0.144316,-0.129878,0.000000,0.000000,0.000000,1.000000,1.000000
1782353221.364763,1336,0.000456,inf,STAND_TEST,0.000000,0.004187,0.144303,-0.129870,0.000000,0.000000,0.000000,1.000000,1.000000
1782353221.385001,1337,0.000638,inf,STAND_TEST,0.000000,0.004209,0.144283,-0.129847,0.000000,0.000000,0.000000,1.000000,1.000000
1782353221.405061,1338,0.000644,inf,STAND_TEST,0.000000,0.004212,0.144245,-0.129825,0.000000,0.000000,0.000000,1.000000,1.000000
1782353221.425039,1339,0.000414,inf,STAND_TEST,0.000000,0.004212,0.144168,-0.129796,0.000000,0.000000,0.000000,1.000000,1.000000
1782353221.445117,1340,0.000436,inf,STAND_TEST,0.000000,0.004197,0.144126,-0.129775,0.000000,0.000000,0.000000,1.000000,1.000000
1782353221.465142,1341,0.000407,inf,STAND_TEST,0.000000,0.004182,0.144119,-0.129808,0.000000,0.000000,0.000000,1.000000,1.000000
1782353221.485441,1342,0.000609,inf,STAND_TEST,0.000000,0.004188,0.144120,-0.129828,0.000000,0.000000,0.000000,1.000000,1.000000
1782353221.505381,1343,0.000492,inf,STAND_TEST,0.000000,0.004147,0.144090,-0.129859,0.000000,0.000000,0.000000,1.000000,1.000000
1782353221.525398,1344,0.000453,inf,STAND_TEST,0.000000,0.004173,0.144089,-0.129868,0.000000,0.000000,0.000000,1.000000,1.000000
1782353221.545427,1345,0.000429,inf,STAND_TEST,0.000000,0.004170,0.144033,-0.129853,0.000000,0.000000,0.000000,1.000000,1.000000
1782353221.565726,1346,0.000672,inf,STAND_TEST,0.000000,0.004173,0.144016,-0.129824,0.000000,0.000000,0.000000,1.000000,1.000000
1782353221.585890,1347,0.000781,inf,STAND_TEST,0.000000,0.004186,0.143979,-0.129786,0.000000,0.000000,0.000000,1.000000,1.000000
1782353221.605901,1348,0.000486,inf,STAND_TEST,0.000000,0.004168,0.143981,-0.129769,0.000000,0.000000,0.000000,1.000000,1.000000
1782353221.625892,1349,0.000422,inf,STAND_TEST,0.000000,0.004170,0.143951,-0.129769,0.000000,0.000000,0.000000,1.000000,1.000000
1782353221.645972,1350,0.000448,inf,STAND_TEST,0.000000,0.004149,0.143885,-0.129779,0.000000,0.000000,0.000000,1.000000,1.000000
1782353221.666023,1351,0.000444,inf,STAND_TEST,0.000000,0.004140,0.143908,-0.129782,0.000000,0.000000,0.000000,1.000000,1.000000
1782353221.686308,1352,0.000672,inf,STAND_TEST,0.000000,0.004125,0.143876,-0.129800,0.000000,0.000000,0.000000,1.000000,1.000000
1782353221.706354,1353,0.000663,inf,STAND_TEST,0.000000,0.004107,0.143896,-0.129794,0.000000,0.000000,0.000000,1.000000,1.000000
1782353221.726349,1354,0.000424,inf,STAND_TEST,0.000000,0.004096,0.143892,-0.129813,0.000000,0.000000,0.000000,1.000000,1.000000
1782353221.746399,1355,0.000419,inf,STAND_TEST,0.000000,0.004094,0.143880,-0.129790,0.000000,0.000000,0.000000,1.000000,1.000000
1782353221.766492,1356,0.000457,inf,STAND_TEST,0.000000,0.004072,0.143906,-0.129802,0.000000,0.000000,0.000000,1.000000,1.000000
1782353221.786562,1357,0.000470,inf,STAND_TEST,0.000000,0.004087,0.143870,-0.129789,0.000000,0.000000,0.000000,1.000000,1.000000
1782353221.806591,1358,0.000444,inf,STAND_TEST,0.000000,0.004067,0.143908,-0.129845,0.000000,0.000000,0.000000,1.000000,1.000000
1782353221.826907,1359,0.000705,inf,STAND_TEST,0.000000,0.004085,0.143868,-0.129813,0.000000,0.000000,0.000000,1.000000,1.000000
1782353221.846936,1360,0.000680,inf,STAND_TEST,0.000000,0.004094,0.143869,-0.129793,0.000000,0.000000,0.000000,1.000000,1.000000
1782353221.866876,1361,0.000450,inf,STAND_TEST,0.000000,0.004084,0.143866,-0.129782,0.000000,0.000000,0.000000,1.000000,1.000000
1782353221.886925,1362,0.000444,inf,STAND_TEST,0.000000,0.004093,0.143831,-0.129761,0.000000,0.000000,0.000000,1.000000,1.000000
1782353221.906981,1363,0.000445,inf,STAND_TEST,0.000000,0.004076,0.143800,-0.129782,0.000000,0.000000,0.000000,1.000000,1.000000
1782353221.927022,1364,0.000432,inf,STAND_TEST,0.000000,0.004078,0.143754,-0.129775,0.000000,0.000000,0.000000,1.000000,1.000000
1782353221.947060,1365,0.000415,inf,STAND_TEST,0.000000,0.004063,0.143752,-0.129777,0.000000,0.000000,0.000000,1.000000,1.000000
1782353221.967370,1366,0.000670,inf,STAND_TEST,0.000000,0.004034,0.143738,-0.129775,0.000000,0.000000,0.000000,1.000000,1.000000
1782353221.987443,1367,0.000688,inf,STAND_TEST,0.000000,0.004024,0.143735,-0.129772,0.000000,0.000000,0.000000,1.000000,1.000000
1782353222.007447,1368,0.000637,inf,STAND_TEST,0.000000,0.004044,0.143731,-0.129735,0.000000,0.000000,0.000000,1.000000,1.000000
1782353222.027509,1369,0.000644,inf,STAND_TEST,0.000000,0.004058,0.143707,-0.129696,0.000000,0.000000,0.000000,1.000000,1.000000
1782353222.047504,1370,0.000439,inf,STAND_TEST,0.000000,0.004044,0.143654,-0.129715,0.000000,0.000000,0.000000,1.000000,1.000000
1782353222.067557,1371,0.000437,inf,STAND_TEST,0.000000,0.004026,0.143640,-0.129685,0.000000,0.000000,0.000000,1.000000,1.000000
1782353222.087615,1372,0.000440,inf,STAND_TEST,0.000000,0.004018,0.143644,-0.129664,0.000000,0.000000,0.000000,1.000000,1.000000
1782353222.107693,1373,0.000464,inf,STAND_TEST,0.000000,0.004028,0.143673,-0.129623,0.000000,0.000000,0.000000,1.000000,1.000000
1782353222.127747,1374,0.000462,inf,STAND_TEST,0.000000,0.004039,0.143687,-0.129607,0.000000,0.000000,0.000000,1.000000,1.000000
1782353222.147982,1375,0.000643,inf,STAND_TEST,0.000000,0.004046,0.143671,-0.129594,0.000000,0.000000,0.000000,1.000000,1.000000
1782353222.168088,1376,0.000694,inf,STAND_TEST,0.000000,0.004084,0.143669,-0.129565,0.000000,0.000000,0.000000,1.000000,1.000000
1782353222.188125,1377,0.000675,inf,STAND_TEST,0.000000,0.004039,0.143669,-0.129623,0.000000,0.000000,0.000000,1.000000,1.000000
1782353222.208409,1378,0.000711,inf,STAND_TEST,0.000000,0.004035,0.143656,-0.129644,0.000000,0.000000,0.000000,1.000000,1.000000
1782353222.228423,1379,0.000669,inf,STAND_TEST,0.000000,0.004033,0.143615,-0.129628,0.000000,0.000000,0.000000,1.000000,1.000000
1782353222.248674,1380,0.000869,inf,STAND_TEST,0.000000,0.004018,0.143587,-0.129603,0.000000,0.000000,0.000000,1.000000,1.000000
1782353222.268713,1381,0.000851,inf,STAND_TEST,0.000000,0.004028,0.143604,-0.129629,0.000000,0.000000,0.000000,1.000000,1.000000
1782353222.288775,1382,0.000857,inf,STAND_TEST,0.000000,0.004018,0.143574,-0.129655,0.000000,0.000000,0.000000,1.000000,1.000000
1782353222.308815,1383,0.000840,inf,STAND_TEST,0.000000,0.003995,0.143575,-0.129690,0.000000,0.000000,0.000000,1.000000,1.000000
1782353222.328874,1384,0.000843,inf,STAND_TEST,0.000000,0.003988,0.143553,-0.129668,0.000000,0.000000,0.000000,1.000000,1.000000
1782353222.348841,1385,0.000631,inf,STAND_TEST,0.000000,0.003965,0.143545,-0.129665,0.000000,0.000000,0.000000,1.000000,1.000000
1782353222.368912,1386,0.000645,inf,STAND_TEST,0.000000,0.003975,0.143528,-0.129644,0.000000,0.000000,0.000000,1.000000,1.000000
1782353222.388961,1387,0.000638,inf,STAND_TEST,0.000000,0.003994,0.143549,-0.129636,0.000000,0.000000,0.000000,1.000000,1.000000
1782353222.409037,1388,0.000657,inf,STAND_TEST,0.000000,0.004000,0.143561,-0.129639,0.000000,0.000000,0.000000,1.000000,1.000000
1782353222.429285,1389,0.000848,inf,STAND_TEST,0.000000,0.003989,0.143518,-0.129655,0.000000,0.000000,0.000000,1.000000,1.000000
1782353222.449408,1390,0.000914,inf,STAND_TEST,0.000000,0.003986,0.143484,-0.129628,0.000000,0.000000,0.000000,1.000000,1.000000
1782353222.469376,1391,0.000827,inf,STAND_TEST,0.000000,0.003990,0.143494,-0.129675,0.000000,0.000000,0.000000,1.000000,1.000000
1782353222.489446,1392,0.000840,inf,STAND_TEST,0.000000,0.003984,0.143483,-0.129699,0.000000,0.000000,0.000000,1.000000,1.000000
1782353222.509640,1393,0.000796,inf,STAND_TEST,0.000000,0.003988,0.143462,-0.129685,0.000000,0.000000,0.000000,1.000000,1.000000
1782353222.529547,1394,0.000646,inf,STAND_TEST,0.000000,0.003992,0.143404,-0.129662,0.000000,0.000000,0.000000,1.000000,1.000000
1782353222.549587,1395,0.000629,inf,STAND_TEST,0.000000,0.003982,0.143453,-0.129663,0.000000,0.000000,0.000000,1.000000,1.000000
1782353222.569842,1396,0.000827,inf,STAND_TEST,0.000000,0.003949,0.143420,-0.129687,0.000000,0.000000,0.000000,1.000000,1.000000
1782353222.589495,1397,0.000463,inf,STAND_TEST,0.000000,0.003960,0.143422,-0.129713,0.000000,0.000000,0.000000,1.000000,1.000000
1782353222.609922,1398,0.000833,inf,STAND_TEST,0.000000,0.003968,0.143395,-0.129702,0.000000,0.000000,0.000000,1.000000,1.000000
1782353222.629995,1399,0.000850,inf,STAND_TEST,0.000000,0.003957,0.143372,-0.129679,0.000000,0.000000,0.000000,1.000000,1.000000
1782353222.650036,1400,0.000835,inf,STAND_TEST,0.000000,0.003979,0.143370,-0.129636,0.000000,0.000000,0.000000,1.000000,1.000000
1782353222.670073,1401,0.000619,inf,STAND_TEST,0.000000,0.003964,0.143358,-0.129618,0.000000,0.000000,0.000000,1.000000,1.000000
1782353222.690128,1402,0.000617,inf,STAND_TEST,0.000000,0.003963,0.143372,-0.129595,0.000000,0.000000,0.000000,1.000000,1.000000
1782353222.710193,1403,0.000627,inf,STAND_TEST,0.000000,0.003921,0.143358,-0.129588,0.000000,0.000000,0.000000,1.000000,1.000000
1782353222.730248,1404,0.000624,inf,STAND_TEST,0.000000,0.003886,0.143348,-0.129588,0.000000,0.000000,0.000000,1.000000,1.000000
1782353222.750513,1405,0.000833,inf,STAND_TEST,0.000000,0.003874,0.143309,-0.129584,0.000000,0.000000,0.000000,1.000000,1.000000
1782353222.770583,1406,0.000845,inf,STAND_TEST,0.000000,0.003866,0.143293,-0.129591,0.000000,0.000000,0.000000,1.000000,1.000000
1782353222.790618,1407,0.000659,inf,STAND_TEST,0.000000,0.003866,0.143309,-0.129597,0.000000,0.000000,0.000000,1.000000,1.000000
1782353222.810647,1408,0.000631,inf,STAND_TEST,0.000000,0.003887,0.143310,-0.129593,0.000000,0.000000,0.000000,1.000000,1.000000
1782353222.830706,1409,0.000633,inf,STAND_TEST,0.000000,0.003898,0.143363,-0.129624,0.000000,0.000000,0.000000,1.000000,1.000000
1782353222.850758,1410,0.000629,inf,STAND_TEST,0.000000,0.003885,0.143399,-0.129665,0.000000,0.000000,0.000000,1.000000,1.000000
1782353222.871008,1411,0.000822,inf,STAND_TEST,0.000000,0.003848,0.143364,-0.129660,0.000000,0.000000,0.000000,1.000000,1.000000
1782353222.891062,1412,0.000820,inf,STAND_TEST,0.000000,0.003834,0.143320,-0.129695,0.000000,0.000000,0.000000,1.000000,1.000000
1782353222.911124,1413,0.000824,inf,STAND_TEST,0.000000,0.003856,0.143292,-0.129689,0.000000,0.000000,0.000000,1.000000,1.000000
1782353222.931199,1414,0.000843,inf,STAND_TEST,0.000000,0.003849,0.143285,-0.129699,0.000000,0.000000,0.000000,1.000000,1.000000
1782353222.951264,1415,0.000852,inf,STAND_TEST,0.000000,0.003838,0.143300,-0.129750,0.000000,0.000000,0.000000,1.000000,1.000000
1782353222.971169,1416,0.000677,inf,STAND_TEST,0.000000,0.003853,0.143267,-0.129720,0.000000,0.000000,0.000000,1.000000,1.000000
1782353222.991178,1417,0.000630,inf,STAND_TEST,0.000000,0.003834,0.143246,-0.129734,0.000000,0.000000,0.000000,1.000000,1.000000
1782353223.011226,1418,0.000621,inf,STAND_TEST,0.000000,0.003815,0.143231,-0.129823,0.000000,0.000000,0.000000,1.000000,1.000000
1782353223.031286,1419,0.000624,inf,STAND_TEST,0.000000,0.003843,0.143254,-0.129743,0.000000,0.000000,0.000000,1.000000,1.000000
1782353223.051549,1420,0.000832,inf,STAND_TEST,0.000000,0.003835,0.143195,-0.129790,0.000000,0.000000,0.000000,1.000000,1.000000
1782353223.071611,1421,0.000837,inf,STAND_TEST,0.000000,0.003846,0.143201,-0.129801,0.000000,0.000000,0.000000,1.000000,1.000000
1782353223.091663,1422,0.000832,inf,STAND_TEST,0.000000,0.003840,0.143213,-0.129798,0.000000,0.000000,0.000000,1.000000,1.000000
1782353223.111735,1423,0.000847,inf,STAND_TEST,0.000000,0.003817,0.143214,-0.129815,0.000000,0.000000,0.000000,1.000000,1.000000
1782353223.131774,1424,0.000629,inf,STAND_TEST,0.000000,0.003828,0.143244,-0.129803,0.000000,0.000000,0.000000,1.000000,1.000000
1782353223.151856,1425,0.000654,inf,STAND_TEST,0.000000,0.003822,0.143246,-0.129837,0.000000,0.000000,0.000000,1.000000,1.000000
1782353223.171905,1426,0.000646,inf,STAND_TEST,0.000000,0.003784,0.143248,-0.129862,0.000000,0.000000,0.000000,1.000000,1.000000
1782353223.192141,1427,0.000826,inf,STAND_TEST,0.000000,0.003800,0.143235,-0.129868,0.000000,0.000000,0.000000,1.000000,1.000000
1782353223.212203,1428,0.000833,inf,STAND_TEST,0.000000,0.003764,0.143233,-0.129914,0.000000,0.000000,0.000000,1.000000,1.000000
1782353223.232255,1429,0.000828,inf,STAND_TEST,0.000000,0.003782,0.143269,-0.129895,0.000000,0.000000,0.000000,1.000000,1.000000
1782353223.252238,1430,0.000626,inf,STAND_TEST,0.000000,0.003797,0.143246,-0.129900,0.000000,0.000000,0.000000,1.000000,1.000000
1782353223.272442,1431,0.000616,inf,STAND_TEST,0.000000,0.003778,0.143222,-0.129932,0.000000,0.000000,0.000000,1.000000,1.000000
1782353223.292525,1432,0.000641,inf,STAND_TEST,0.000000,0.003791,0.143190,-0.129924,0.000000,0.000000,0.000000,1.000000,1.000000
1782353223.312764,1433,0.000823,inf,STAND_TEST,0.000000,0.003800,0.143184,-0.129923,0.000000,0.000000,0.000000,1.000000,1.000000
1782353223.332962,1434,0.000963,inf,STAND_TEST,0.000000,0.003791,0.143204,-0.129935,0.000000,0.000000,0.000000,1.000000,1.000000
1782353223.353009,1435,0.000954,inf,STAND_TEST,0.000000,0.003787,0.143233,-0.130008,0.000000,0.000000,0.000000,1.000000,1.000000
1782353223.372953,1436,0.000842,inf,STAND_TEST,0.000000,0.003793,0.143226,-0.129978,0.000000,0.000000,0.000000,1.000000,1.000000
1782353223.392819,1437,0.000693,inf,STAND_TEST,0.000000,0.003757,0.143256,-0.130059,0.000000,0.000000,0.000000,1.000000,1.000000
1782353223.412699,1438,0.000442,inf,STAND_TEST,0.000000,0.003740,0.143259,-0.130063,0.000000,0.000000,0.000000,1.000000,1.000000
1782353223.432786,1439,0.000474,inf,STAND_TEST,0.000000,0.003750,0.143246,-0.130094,0.000000,0.000000,0.000000,1.000000,1.000000
1782353223.452803,1440,0.000437,inf,STAND_TEST,0.000000,0.003764,0.143224,-0.130038,0.000000,0.000000,0.000000,1.000000,1.000000
1782353223.472837,1441,0.000415,inf,STAND_TEST,0.000000,0.003793,0.143217,-0.130067,0.000000,0.000000,0.000000,1.000000,1.000000
1782353223.492922,1442,0.000444,inf,STAND_TEST,0.000000,0.003780,0.143212,-0.130097,0.000000,0.000000,0.000000,1.000000,1.000000
1782353223.513401,1443,0.000867,inf,STAND_TEST,0.000000,0.003789,0.143187,-0.130116,0.000000,0.000000,0.000000,1.000000,1.000000
1782353223.533131,1444,0.000491,inf,STAND_TEST,0.000000,0.003795,0.143180,-0.130119,0.000000,0.000000,0.000000,1.000000,1.000000
1782353223.553434,1445,0.000739,inf,STAND_TEST,0.000000,0.003789,0.143166,-0.130106,0.000000,0.000000,0.000000,1.000000,1.000000
1782353223.573539,1446,0.000646,inf,STAND_TEST,0.000000,0.003817,0.143172,-0.130085,0.000000,0.000000,0.000000,1.000000,1.000000
1782353223.593564,1447,0.000615,inf,STAND_TEST,0.000000,0.003781,0.143248,-0.130113,0.000000,0.000000,0.000000,1.000000,1.000000
1782353223.613621,1448,0.000616,inf,STAND_TEST,0.000000,0.003770,0.143204,-0.130096,0.000000,0.000000,0.000000,1.000000,1.000000
1782353223.633683,1449,0.000622,inf,STAND_TEST,0.000000,0.003778,0.143191,-0.130093,0.000000,0.000000,0.000000,1.000000,1.000000
1782353223.653733,1450,0.000616,inf,STAND_TEST,0.000000,0.003781,0.143200,-0.130080,0.000000,0.000000,0.000000,1.000000,1.000000
1782353223.673999,1451,0.000825,inf,STAND_TEST,0.000000,0.003786,0.143176,-0.130078,0.000000,0.000000,0.000000,1.000000,1.000000
1782353223.694054,1452,0.000823,inf,STAND_TEST,0.000000,0.003772,0.143153,-0.130043,0.000000,0.000000,0.000000,1.000000,1.000000
1782353223.714127,1453,0.000838,inf,STAND_TEST,0.000000,0.003776,0.143174,-0.130023,0.000000,0.000000,0.000000,1.000000,1.000000
1782353223.734082,1454,0.000632,inf,STAND_TEST,0.000000,0.003750,0.143189,-0.130022,0.000000,0.000000,0.000000,1.000000,1.000000
1782353223.754144,1455,0.000637,inf,STAND_TEST,0.000000,0.003741,0.143161,-0.130022,0.000000,0.000000,0.000000,1.000000,1.000000
1782353223.774185,1456,0.000621,inf,STAND_TEST,0.000000,0.003761,0.143155,-0.130015,0.000000,0.000000,0.000000,1.000000,1.000000
1782353223.794266,1457,0.000646,inf,STAND_TEST,0.000000,0.003767,0.143141,-0.130023,0.000000,0.000000,0.000000,1.000000,1.000000
1782353223.814363,1458,0.000688,inf,STAND_TEST,0.000000,0.003744,0.143114,-0.130053,0.000000,0.000000,0.000000,1.000000,1.000000
1782353223.834364,1459,0.000635,inf,STAND_TEST,0.000000,0.003741,0.143107,-0.130065,0.000000,0.000000,0.000000,1.000000,1.000000
1782353223.854386,1460,0.000602,inf,STAND_TEST,0.000000,0.003761,0.143144,-0.130114,0.000000,0.000000,0.000000,1.000000,1.000000
1782353223.874334,1461,0.000446,inf,STAND_TEST,0.000000,0.003809,0.143158,-0.130099,0.000000,0.000000,0.000000,1.000000,1.000000
1782353223.894448,1462,0.000414,inf,STAND_TEST,0.000000,0.003822,0.143139,-0.130129,0.000000,0.000000,0.000000,1.000000,1.000000
1782353223.914474,1463,0.000386,inf,STAND_TEST,0.000000,0.003799,0.143145,-0.130133,0.000000,0.000000,0.000000,1.000000,1.000000
1782353223.934560,1464,0.000416,inf,STAND_TEST,0.000000,0.003802,0.143174,-0.130137,0.000000,0.000000,0.000000,1.000000,1.000000
1782353223.954598,1465,0.000401,inf,STAND_TEST,0.000000,0.003788,0.143201,-0.130163,0.000000,0.000000,0.000000,1.000000,1.000000
1782353223.974911,1466,0.000659,inf,STAND_TEST,0.000000,0.003778,0.143225,-0.130222,0.000000,0.000000,0.000000,1.000000,1.000000
1782353223.994916,1467,0.000609,inf,STAND_TEST,0.000000,0.003784,0.143255,-0.130207,0.000000,0.000000,0.000000,1.000000,1.000000
1782353224.014982,1468,0.000621,inf,STAND_TEST,0.000000,0.003772,0.143305,-0.130231,0.000000,0.000000,0.000000,1.000000,1.000000
1782353224.034838,1469,0.000422,inf,STAND_TEST,0.000000,0.003740,0.143307,-0.130277,0.000000,0.000000,0.000000,1.000000,1.000000
1782353224.054901,1470,0.000430,inf,STAND_TEST,0.000000,0.003740,0.143330,-0.130257,0.000000,0.000000,0.000000,1.000000,1.000000
1782353224.074946,1471,0.000420,inf,STAND_TEST,0.000000,0.003771,0.143330,-0.130253,0.000000,0.000000,0.000000,1.000000,1.000000
1782353224.095045,1472,0.000464,inf,STAND_TEST,0.000000,0.003749,0.143304,-0.130302,0.000000,0.000000,0.000000,1.000000,1.000000
1782353224.115074,1473,0.000437,inf,STAND_TEST,0.000000,0.003747,0.143337,-0.130247,0.000000,0.000000,0.000000,1.000000,1.000000
1782353224.135111,1474,0.000419,inf,STAND_TEST,0.000000,0.003782,0.143370,-0.130199,0.000000,0.000000,0.000000,1.000000,1.000000
1782353224.155160,1475,0.000413,inf,STAND_TEST,0.000000,0.003766,0.143404,-0.130243,0.000000,0.000000,0.000000,1.000000,1.000000
1782353224.175477,1476,0.000675,inf,STAND_TEST,0.000000,0.003775,0.143443,-0.130225,0.000000,0.000000,0.000000,1.000000,1.000000
1782353224.195827,1477,0.000722,inf,STAND_TEST,0.000000,0.003742,0.143457,-0.130283,0.000000,0.000000,0.000000,1.000000,1.000000
1782353224.215599,1478,0.000441,inf,STAND_TEST,0.000000,0.003728,0.143498,-0.130327,0.000000,0.000000,0.000000,1.000000,1.000000
1782353224.235654,1479,0.000441,inf,STAND_TEST,0.000000,0.003717,0.143511,-0.130361,0.000000,0.000000,0.000000,1.000000,1.000000
1782353224.255703,1480,0.000437,inf,STAND_TEST,0.000000,0.003691,0.143468,-0.130413,0.000000,0.000000,0.000000,1.000000,1.000000
1782353224.275760,1481,0.000439,inf,STAND_TEST,0.000000,0.003677,0.143460,-0.130428,0.000000,0.000000,0.000000,1.000000,1.000000
1782353224.296038,1482,0.000660,inf,STAND_TEST,0.000000,0.003690,0.143455,-0.130385,0.000000,0.000000,0.000000,1.000000,1.000000
1782353224.316060,1483,0.000628,inf,STAND_TEST,0.000000,0.003709,0.143452,-0.130375,0.000000,0.000000,0.000000,1.000000,1.000000
1782353224.336130,1484,0.000644,inf,STAND_TEST,0.000000,0.003711,0.143408,-0.130334,0.000000,0.000000,0.000000,1.000000,1.000000
1782353224.356111,1485,0.000402,inf,STAND_TEST,0.000000,0.003674,0.143409,-0.130385,0.000000,0.000000,0.000000,1.000000,1.000000
1782353224.376255,1486,0.000490,inf,STAND_TEST,0.000000,0.003675,0.143416,-0.130386,0.000000,0.000000,0.000000,1.000000,1.000000
1782353224.396307,1487,0.000501,inf,STAND_TEST,0.000000,0.003693,0.143409,-0.130327,0.000000,0.000000,0.000000,1.000000,1.000000
1782353224.416324,1488,0.000464,inf,STAND_TEST,0.000000,0.003717,0.143386,-0.130251,0.000000,0.000000,0.000000,1.000000,1.000000
1782353224.436427,1489,0.000511,inf,STAND_TEST,0.000000,0.003723,0.143367,-0.130237,0.000000,0.000000,0.000000,1.000000,1.000000
1782353224.456628,1490,0.000656,inf,STAND_TEST,0.000000,0.003743,0.143392,-0.130233,0.000000,0.000000,0.000000,1.000000,1.000000
1782353224.476705,1491,0.000679,inf,STAND_TEST,0.000000,0.003710,0.143436,-0.130244,0.000000,0.000000,0.000000,1.000000,1.000000
1782353224.496710,1492,0.000452,inf,STAND_TEST,0.000000,0.003708,0.143477,-0.130287,0.000000,0.000000,0.000000,1.000000,1.000000
1782353224.516746,1493,0.000434,inf,STAND_TEST,0.000000,0.003699,0.143466,-0.130275,0.000000,0.000000,0.000000,1.000000,1.000000
1782353224.536816,1494,0.000450,inf,STAND_TEST,0.000000,0.003693,0.143471,-0.130300,0.000000,0.000000,0.000000,1.000000,1.000000
1782353224.556883,1495,0.000463,inf,STAND_TEST,0.000000,0.003685,0.143457,-0.130319,0.000000,0.000000,0.000000,1.000000,1.000000
1782353224.576899,1496,0.000424,inf,STAND_TEST,0.000000,0.003658,0.143475,-0.130336,0.000000,0.000000,0.000000,1.000000,1.000000
1782353224.596932,1497,0.000403,inf,STAND_TEST,0.000000,0.003661,0.143479,-0.130367,0.000000,0.000000,0.000000,1.000000,1.000000
1782353224.617162,1498,0.000577,inf,STAND_TEST,0.000000,0.003647,0.143514,-0.130412,0.000000,0.000000,0.000000,1.000000,1.000000
1782353224.637351,1499,0.000709,inf,STAND_TEST,0.000000,0.003641,0.143502,-0.130405,0.000000,0.000000,0.000000,1.000000,1.000000
