timestamp,frame_id,loop_dt,redis_age,mode,risk_score,roll,pitch,yaw,max_tracking_error,rms_tracking_error,max_torque_ratio,ramp,deploy_action_scale
1782438611.712839,0,0.000803,inf,STAND_TEST,0.000000,0.064242,0.188561,-0.021939,0.000000,0.000000,0.000000,1.000000,1.000000
1782438611.732820,1,0.000611,inf,STAND_TEST,0.000000,0.064242,0.188541,-0.021922,0.000000,0.000000,0.000000,1.000000,1.000000
1782438611.752898,2,0.000502,inf,STAND_TEST,0.000000,0.064241,0.188569,-0.021894,0.000000,0.000000,0.000000,1.000000,1.000000
1782438611.772873,3,0.000450,inf,STAND_TEST,0.000000,0.064243,0.188608,-0.021847,0.000000,0.000000,0.000000,1.000000,1.000000
1782438611.792900,4,0.000422,inf,STAND_TEST,0.000000,0.064226,0.188606,-0.021861,0.000000,0.000000,0.000000,1.000000,1.000000
1782438611.812961,5,0.000427,inf,STAND_TEST,0.000000,0.064206,0.188626,-0.021869,0.000000,0.000000,0.000000,1.000000,1.000000
1782438611.833278,6,0.000689,inf,STAND_TEST,0.000000,0.064223,0.188628,-0.021878,0.000000,0.000000,0.000000,1.000000,1.000000
1782438611.853245,7,0.000602,inf,STAND_TEST,0.000000,0.064210,0.188677,-0.021889,0.000000,0.000000,0.000000,1.000000,1.000000
1782438611.873229,8,0.000468,inf,STAND_TEST,0.000000,0.064194,0.188635,-0.021901,0.000000,0.000000,0.000000,1.000000,1.000000
1782438611.893439,9,0.000624,inf,STAND_TEST,0.000000,0.064212,0.188588,-0.021878,0.000000,0.000000,0.000000,1.000000,1.000000
1782438611.913276,10,0.000407,inf,STAND_TEST,0.000000,0.064235,0.188568,-0.021858,0.000000,0.000000,0.000000,1.000000,1.000000
1782438611.933325,11,0.000402,inf,STAND_TEST,0.000000,0.064235,0.188543,-0.021828,0.000000,0.000000,0.000000,1.000000,1.000000
1782438611.953372,12,0.000395,inf,STAND_TEST,0.000000,0.064226,0.188559,-0.021853,0.000000,0.000000,0.000000,1.000000,1.000000
1782438611.973440,13,0.000409,inf,STAND_TEST,0.000000,0.064230,0.188496,-0.021867,0.000000,0.000000,0.000000,1.000000,1.000000
1782438611.993690,14,0.000605,inf,STAND_TEST,0.000000,0.064249,0.188497,-0.021891,0.000000,0.000000,0.000000,1.000000,1.000000
1782438612.013536,15,0.000398,inf,STAND_TEST,0.000000,0.064248,0.188496,-0.021885,0.000000,0.000000,0.000000,1.000000,1.000000
1782438612.033812,16,0.000620,inf,STAND_TEST,0.000000,0.064248,0.188509,-0.021885,0.000000,0.000000,0.000000,1.000000,1.000000
1782438612.053792,17,0.000397,inf,STAND_TEST,0.000000,0.064293,0.188506,-0.021882,0.000000,0.000000,0.000000,1.000000,1.000000
1782438612.074171,18,0.000413,inf,STAND_TEST,0.000000,0.064316,0.188526,-0.021899,0.000000,0.000000,0.000000,1.000000,1.000000
1782438612.094212,19,0.000400,inf,STAND_TEST,0.000000,0.064320,0.188480,-0.021898,0.000000,0.000000,0.000000,1.000000,1.000000
1782438612.114486,20,0.000621,inf,STAND_TEST,0.000000,0.064322,0.188483,-0.021877,0.000000,0.000000,0.000000,1.000000,1.000000
1782438612.134512,21,0.000594,inf,STAND_TEST,0.000000,0.064312,0.188516,-0.021919,0.000000,0.000000,0.000000,1.000000,1.000000
1782438612.154374,22,0.000401,inf,STAND_TEST,0.000000,0.064323,0.188530,-0.021913,0.000000,0.000000,0.000000,1.000000,1.000000
1782438612.174681,23,0.000481,inf,STAND_TEST,0.000000,0.064309,0.188560,-0.021911,0.000000,0.000000,0.000000,1.000000,1.000000
1782438612.194679,24,0.000422,inf,STAND_TEST,0.000000,0.064329,0.188571,-0.021905,0.000000,0.000000,0.000000,1.000000,1.000000
1782438612.214786,25,0.000472,inf,STAND_TEST,0.000000,0.064337,0.188603,-0.021865,0.000000,0.000000,0.000000,1.000000,1.000000
1782438612.234998,26,0.000629,inf,STAND_TEST,0.000000,0.064343,0.188610,-0.021887,0.000000,0.000000,0.000000,1.000000,1.000000
1782438612.255069,27,0.000642,inf,STAND_TEST,0.000000,0.064343,0.188604,-0.021862,0.000000,0.000000,0.000000,1.000000,1.000000
1782438612.274942,28,0.000459,inf,STAND_TEST,0.000000,0.064326,0.188630,-0.021895,0.000000,0.000000,0.000000,1.000000,1.000000
1782438612.295221,29,0.000682,inf,STAND_TEST,0.000000,0.064351,0.188604,-0.021871,0.000000,0.000000,0.000000,1.000000,1.000000
1782438612.315257,30,0.000661,inf,STAND_TEST,0.000000,0.064325,0.188616,-0.021872,0.000000,0.000000,0.000000,1.000000,1.000000
1782438612.335292,31,0.000641,inf,STAND_TEST,0.000000,0.064317,0.188647,-0.021847,0.000000,0.000000,0.000000,1.000000,1.000000
1782438612.355167,32,0.000460,inf,STAND_TEST,0.000000,0.064306,0.188636,-0.021799,0.000000,0.000000,0.000000,1.000000,1.000000
1782438612.375236,33,0.000445,inf,STAND_TEST,0.000000,0.064275,0.188645,-0.021804,0.000000,0.000000,0.000000,1.000000,1.000000
1782438612.395278,34,0.000432,inf,STAND_TEST,0.000000,0.064279,0.188643,-0.021824,0.000000,0.000000,0.000000,1.000000,1.000000
1782438612.415341,35,0.000438,inf,STAND_TEST,0.000000,0.064289,0.188601,-0.021811,0.000000,0.000000,0.000000,1.000000,1.000000
1782438612.435415,36,0.000457,inf,STAND_TEST,0.000000,0.064323,0.188585,-0.021814,0.000000,0.000000,0.000000,1.000000,1.000000
1782438612.455524,37,0.000509,inf,STAND_TEST,0.000000,0.064310,0.188555,-0.021835,0.000000,0.000000,0.000000,1.000000,1.000000
1782438612.475804,38,0.000732,inf,STAND_TEST,0.000000,0.064309,0.188536,-0.021861,0.000000,0.000000,0.000000,1.000000,1.000000
1782438612.495994,39,0.000866,inf,STAND_TEST,0.000000,0.064324,0.188552,-0.021844,0.000000,0.000000,0.000000,1.000000,1.000000
1782438612.516011,40,0.000837,inf,STAND_TEST,0.000000,0.064336,0.188561,-0.021861,0.000000,0.000000,0.000000,1.000000,1.000000
1782438612.535866,41,0.000475,inf,STAND_TEST,0.000000,0.064321,0.188571,-0.021878,0.000000,0.000000,0.000000,1.000000,1.000000
1782438612.555976,42,0.000420,inf,STAND_TEST,0.000000,0.064321,0.188557,-0.021894,0.000000,0.000000,0.000000,1.000000,1.000000
1782438612.575997,43,0.000389,inf,STAND_TEST,0.000000,0.064327,0.188514,-0.021874,0.000000,0.000000,0.000000,1.000000,1.000000
1782438612.596100,44,0.000438,inf,STAND_TEST,0.000000,0.064325,0.188504,-0.021909,0.000000,0.000000,0.000000,1.000000,1.000000
1782438612.616226,45,0.000508,inf,STAND_TEST,0.000000,0.064325,0.188499,-0.021930,0.000000,0.000000,0.000000,1.000000,1.000000
1782438612.636428,46,0.000656,inf,STAND_TEST,0.000000,0.064343,0.188522,-0.021951,0.000000,0.000000,0.000000,1.000000,1.000000
1782438612.656431,47,0.000497,inf,STAND_TEST,0.000000,0.064333,0.188502,-0.021921,0.000000,0.000000,0.000000,1.000000,1.000000
1782438612.676448,48,0.000409,inf,STAND_TEST,0.000000,0.064335,0.188457,-0.021929,0.000000,0.000000,0.000000,1.000000,1.000000
1782438612.696763,49,0.000615,inf,STAND_TEST,0.000000,0.064333,0.188518,-0.021919,0.000000,0.000000,0.000000,1.000000,1.000000
1782438612.716666,50,0.000414,inf,STAND_TEST,0.000000,0.064375,0.188551,-0.021893,0.000000,0.000000,0.000000,1.000000,1.000000
1782438612.737020,51,0.000662,inf,STAND_TEST,0.000000,0.064398,0.188536,-0.021900,0.000000,0.000000,0.000000,1.000000,1.000000
1782438612.756885,52,0.000419,inf,STAND_TEST,0.000000,0.064385,0.188519,-0.021911,0.000000,0.000000,0.000000,1.000000,1.000000
1782438612.777233,53,0.000661,inf,STAND_TEST,0.000000,0.064389,0.188588,-0.021892,0.000000,0.000000,0.000000,1.000000,1.000000
1782438612.797230,54,0.000430,inf,STAND_TEST,0.000000,0.064411,0.188599,-0.021889,0.000000,0.000000,0.000000,1.000000,1.000000
1782438612.817333,55,0.000423,inf,STAND_TEST,0.000000,0.064435,0.188650,-0.021898,0.000000,0.000000,0.000000,1.000000,1.000000
1782438612.837476,56,0.000463,inf,STAND_TEST,0.000000,0.064430,0.188661,-0.021898,0.000000,0.000000,0.000000,1.000000,1.000000
1782438612.857804,57,0.000682,inf,STAND_TEST,0.000000,0.064421,0.188597,-0.021908,0.000000,0.000000,0.000000,1.000000,1.000000
1782438612.877894,58,0.000662,inf,STAND_TEST,0.000000,0.064433,0.188601,-0.021905,0.000000,0.000000,0.000000,1.000000,1.000000
1782438612.897961,59,0.000665,inf,STAND_TEST,0.000000,0.064422,0.188613,-0.021883,0.000000,0.000000,0.000000,1.000000,1.000000
1782438612.917891,60,0.000413,inf,STAND_TEST,0.000000,0.064448,0.188627,-0.021896,0.000000,0.000000,0.000000,1.000000,1.000000
1782438612.938079,61,0.000414,inf,STAND_TEST,0.000000,0.064433,0.188629,-0.021923,0.000000,0.000000,0.000000,1.000000,1.000000
1782438612.958184,62,0.000419,inf,STAND_TEST,0.000000,0.064419,0.188629,-0.021915,0.000000,0.000000,0.000000,1.000000,1.000000
1782438612.978297,63,0.000424,inf,STAND_TEST,0.000000,0.064428,0.188626,-0.021917,0.000000,0.000000,0.000000,1.000000,1.000000
1782438612.998688,64,0.000438,inf,STAND_TEST,0.000000,0.064409,0.188584,-0.021956,0.000000,0.000000,0.000000,1.000000,1.000000
1782438613.018716,65,0.000410,inf,STAND_TEST,0.000000,0.064412,0.188559,-0.021992,0.000000,0.000000,0.000000,1.000000,1.000000
1782438613.038803,66,0.000441,inf,STAND_TEST,0.000000,0.064438,0.188558,-0.022011,0.000000,0.000000,0.000000,1.000000,1.000000
1782438613.058844,67,0.000427,inf,STAND_TEST,0.000000,0.064413,0.188562,-0.022020,0.000000,0.000000,0.000000,1.000000,1.000000
1782438613.078940,68,0.000467,inf,STAND_TEST,0.000000,0.064414,0.188542,-0.022045,0.000000,0.000000,0.000000,1.000000,1.000000
1782438613.099001,69,0.000422,inf,STAND_TEST,0.000000,0.064458,0.188547,-0.022037,0.000000,0.000000,0.000000,1.000000,1.000000
1782438613.119319,70,0.000635,inf,STAND_TEST,0.000000,0.064448,0.188577,-0.022045,0.000000,0.000000,0.000000,1.000000,1.000000
1782438613.139210,71,0.000421,inf,STAND_TEST,0.000000,0.064454,0.188545,-0.021997,0.000000,0.000000,0.000000,1.000000,1.000000
1782438613.159324,72,0.000432,inf,STAND_TEST,0.000000,0.064447,0.188551,-0.022009,0.000000,0.000000,0.000000,1.000000,1.000000
1782438613.179420,73,0.000421,inf,STAND_TEST,0.000000,0.064441,0.188560,-0.022037,0.000000,0.000000,0.000000,1.000000,1.000000
1782438613.199531,74,0.000434,inf,STAND_TEST,0.000000,0.064408,0.188524,-0.022086,0.000000,0.000000,0.000000,1.000000,1.000000
1782438613.219616,75,0.000412,inf,STAND_TEST,0.000000,0.064403,0.188533,-0.022074,0.000000,0.000000,0.000000,1.000000,1.000000
1782438613.239905,76,0.000660,inf,STAND_TEST,0.000000,0.064408,0.188568,-0.022098,0.000000,0.000000,0.000000,1.000000,1.000000
1782438613.259966,77,0.000479,inf,STAND_TEST,0.000000,0.064368,0.188562,-0.022124,0.000000,0.000000,0.000000,1.000000,1.000000
1782438613.280222,78,0.000468,inf,STAND_TEST,0.000000,0.064362,0.188611,-0.022123,0.000000,0.000000,0.000000,1.000000,1.000000
1782438613.300207,79,0.000399,inf,STAND_TEST,0.000000,0.064369,0.188593,-0.022139,0.000000,0.000000,0.000000,1.000000,1.000000
1782438613.320271,80,0.000410,inf,STAND_TEST,0.000000,0.064359,0.188603,-0.022157,0.000000,0.000000,0.000000,1.000000,1.000000
1782438613.340310,81,0.000396,inf,STAND_TEST,0.000000,0.064377,0.188601,-0.022128,0.000000,0.000000,0.000000,1.000000,1.000000
1782438613.360768,82,0.000799,inf,STAND_TEST,0.000000,0.064395,0.188579,-0.022064,0.000000,0.000000,0.000000,1.000000,1.000000
1782438613.380440,83,0.000417,inf,STAND_TEST,0.000000,0.064407,0.188543,-0.022065,0.000000,0.000000,0.000000,1.000000,1.000000
1782438613.400665,84,0.000589,inf,STAND_TEST,0.000000,0.064398,0.188557,-0.022079,0.000000,0.000000,0.000000,1.000000,1.000000
1782438613.420747,85,0.000433,inf,STAND_TEST,0.000000,0.064416,0.188564,-0.022038,0.000000,0.000000,0.000000,1.000000,1.000000
1782438613.440819,86,0.000449,inf,STAND_TEST,0.000000,0.064437,0.188573,-0.022005,0.000000,0.000000,0.000000,1.000000,1.000000
1782438613.460840,87,0.000417,inf,STAND_TEST,0.000000,0.064462,0.188578,-0.021998,0.000000,0.000000,0.000000,1.000000,1.000000
1782438613.480878,88,0.000400,inf,STAND_TEST,0.000000,0.064444,0.188518,-0.021945,0.000000,0.000000,0.000000,1.000000,1.000000
1782438613.501004,89,0.000471,inf,STAND_TEST,0.000000,0.064459,0.188505,-0.021969,0.000000,0.000000,0.000000,1.000000,1.000000
1782438613.521352,90,0.000765,inf,STAND_TEST,0.000000,0.064457,0.188533,-0.021992,0.000000,0.000000,0.000000,1.000000,1.000000
1782438613.541224,91,0.000585,inf,STAND_TEST,0.000000,0.064449,0.188517,-0.022028,0.000000,0.000000,0.000000,1.000000,1.000000
1782438613.561273,92,0.000581,inf,STAND_TEST,0.000000,0.064459,0.188518,-0.022000,0.000000,0.000000,0.000000,1.000000,1.000000
1782438613.581273,93,0.000440,inf,STAND_TEST,0.000000,0.064438,0.188536,-0.022000,0.000000,0.000000,0.000000,1.000000,1.000000
1782438613.601382,94,0.000490,inf,STAND_TEST,0.000000,0.064400,0.188534,-0.022030,0.000000,0.000000,0.000000,1.000000,1.000000
1782438613.621369,95,0.000423,inf,STAND_TEST,0.000000,0.064386,0.188532,-0.022004,0.000000,0.000000,0.000000,1.000000,1.000000
1782438613.641419,96,0.000419,inf,STAND_TEST,0.000000,0.064386,0.188536,-0.022034,0.000000,0.000000,0.000000,1.000000,1.000000
1782438613.661439,97,0.000386,inf,STAND_TEST,0.000000,0.064376,0.188563,-0.022067,0.000000,0.000000,0.000000,1.000000,1.000000
1782438613.681518,98,0.000412,inf,STAND_TEST,0.000000,0.064381,0.188545,-0.022087,0.000000,0.000000,0.000000,1.000000,1.000000
1782438613.701574,99,0.000414,inf,STAND_TEST,0.000000,0.064393,0.188525,-0.022120,0.000000,0.000000,0.000000,1.000000,1.000000
1782438613.722087,100,0.000872,inf,STAND_TEST,0.000000,0.064398,0.188549,-0.022123,0.000000,0.000000,0.000000,1.000000,1.000000
1782438613.741920,101,0.000648,inf,STAND_TEST,0.000000,0.064394,0.188547,-0.022126,0.000000,0.000000,0.000000,1.000000,1.000000
1782438613.761948,102,0.000620,inf,STAND_TEST,0.000000,0.064390,0.188557,-0.022125,0.000000,0.000000,0.000000,1.000000,1.000000
1782438613.781926,103,0.000446,inf,STAND_TEST,0.000000,0.064379,0.188494,-0.022094,0.000000,0.000000,0.000000,1.000000,1.000000
1782438613.801943,104,0.000408,inf,STAND_TEST,0.000000,0.064395,0.188519,-0.022084,0.000000,0.000000,0.000000,1.000000,1.000000
1782438613.822020,105,0.000429,inf,STAND_TEST,0.000000,0.064408,0.188563,-0.022085,0.000000,0.000000,0.000000,1.000000,1.000000
1782438613.842075,106,0.000429,inf,STAND_TEST,0.000000,0.064413,0.188574,-0.022083,0.000000,0.000000,0.000000,1.000000,1.000000
1782438613.862159,107,0.000457,inf,STAND_TEST,0.000000,0.064399,0.188596,-0.022119,0.000000,0.000000,0.000000,1.000000,1.000000
1782438613.882400,108,0.000642,inf,STAND_TEST,0.000000,0.064387,0.188551,-0.022149,0.000000,0.000000,0.000000,1.000000,1.000000
1782438613.902421,109,0.000608,inf,STAND_TEST,0.000000,0.064369,0.188607,-0.022179,0.000000,0.000000,0.000000,1.000000,1.000000
1782438613.922458,110,0.000591,inf,STAND_TEST,0.000000,0.064354,0.188597,-0.022210,0.000000,0.000000,0.000000,1.000000,1.000000
1782438613.942499,111,0.000444,inf,STAND_TEST,0.000000,0.064322,0.188534,-0.022225,0.000000,0.000000,0.000000,1.000000,1.000000
1782438613.962516,112,0.000406,inf,STAND_TEST,0.000000,0.064313,0.188538,-0.022256,0.000000,0.000000,0.000000,1.000000,1.000000
1782438613.982545,113,0.000381,inf,STAND_TEST,0.000000,0.064297,0.188506,-0.022272,0.000000,0.000000,0.000000,1.000000,1.000000
1782438614.002630,114,0.000413,inf,STAND_TEST,0.000000,0.064300,0.188502,-0.022260,0.000000,0.000000,0.000000,1.000000,1.000000
1782438614.022693,115,0.000421,inf,STAND_TEST,0.000000,0.064284,0.188509,-0.022293,0.000000,0.000000,0.000000,1.000000,1.000000
1782438614.043115,116,0.000786,inf,STAND_TEST,0.000000,0.064300,0.188472,-0.022297,0.000000,0.000000,0.000000,1.000000,1.000000
1782438614.063036,117,0.000654,inf,STAND_TEST,0.000000,0.064275,0.188457,-0.022277,0.000000,0.000000,0.000000,1.000000,1.000000
1782438614.083061,118,0.000624,inf,STAND_TEST,0.000000,0.064237,0.188422,-0.022319,0.000000,0.000000,0.000000,1.000000,1.000000
1782438614.103109,119,0.000617,inf,STAND_TEST,0.000000,0.064239,0.188425,-0.022318,0.000000,0.000000,0.000000,1.000000,1.000000
1782438614.123099,120,0.000433,inf,STAND_TEST,0.000000,0.064205,0.188384,-0.022321,0.000000,0.000000,0.000000,1.000000,1.000000
1782438614.143147,121,0.000425,inf,STAND_TEST,0.000000,0.064191,0.188389,-0.022362,0.000000,0.000000,0.000000,1.000000,1.000000
1782438614.163216,122,0.000439,inf,STAND_TEST,0.000000,0.064215,0.188372,-0.022379,0.000000,0.000000,0.000000,1.000000,1.000000
1782438614.183272,123,0.000438,inf,STAND_TEST,0.000000,0.064191,0.188411,-0.022436,0.000000,0.000000,0.000000,1.000000,1.000000
1782438614.203368,124,0.000477,inf,STAND_TEST,0.000000,0.064210,0.188425,-0.022427,0.000000,0.000000,0.000000,1.000000,1.000000
1782438614.223368,125,0.000420,inf,STAND_TEST,0.000000,0.064194,0.188407,-0.022428,0.000000,0.000000,0.000000,1.000000,1.000000
1782438614.243748,126,0.000744,inf,STAND_TEST,0.000000,0.064222,0.188423,-0.022404,0.000000,0.000000,0.000000,1.000000,1.000000
1782438614.263729,127,0.000421,inf,STAND_TEST,0.000000,0.064210,0.188429,-0.022422,0.000000,0.000000,0.000000,1.000000,1.000000
1782438614.283898,128,0.000415,inf,STAND_TEST,0.000000,0.064232,0.188422,-0.022464,0.000000,0.000000,0.000000,1.000000,1.000000
1782438614.304003,129,0.000465,inf,STAND_TEST,0.000000,0.064213,0.188375,-0.022510,0.000000,0.000000,0.000000,1.000000,1.000000
1782438614.324014,130,0.000422,inf,STAND_TEST,0.000000,0.064207,0.188392,-0.022527,0.000000,0.000000,0.000000,1.000000,1.000000
1782438614.344088,131,0.000481,inf,STAND_TEST,0.000000,0.064204,0.188415,-0.022566,0.000000,0.000000,0.000000,1.000000,1.000000
1782438614.364306,132,0.000643,inf,STAND_TEST,0.000000,0.064203,0.188420,-0.022546,0.000000,0.000000,0.000000,1.000000,1.000000
1782438614.384376,133,0.000662,inf,STAND_TEST,0.000000,0.064232,0.188431,-0.022527,0.000000,0.000000,0.000000,1.000000,1.000000
1782438614.404379,134,0.000611,inf,STAND_TEST,0.000000,0.064244,0.188417,-0.022532,0.000000,0.000000,0.000000,1.000000,1.000000
1782438614.424208,135,0.000386,inf,STAND_TEST,0.000000,0.064210,0.188411,-0.022494,0.000000,0.000000,0.000000,1.000000,1.000000
1782438614.444349,136,0.000428,inf,STAND_TEST,0.000000,0.064232,0.188406,-0.022464,0.000000,0.000000,0.000000,1.000000,1.000000
1782438614.464349,137,0.000375,inf,STAND_TEST,0.000000,0.064232,0.188427,-0.022463,0.000000,0.000000,0.000000,1.000000,1.000000
1782438614.484434,138,0.000407,inf,STAND_TEST,0.000000,0.064234,0.188434,-0.022497,0.000000,0.000000,0.000000,1.000000,1.000000
1782438614.505286,139,0.000959,inf,STAND_TEST,0.000000,0.064227,0.188481,-0.022518,0.000000,0.000000,0.000000,1.000000,1.000000
1782438614.525173,140,0.000790,inf,STAND_TEST,0.000000,0.064230,0.188469,-0.022545,0.000000,0.000000,0.000000,1.000000,1.000000
1782438614.545221,141,0.000784,inf,STAND_TEST,0.000000,0.064251,0.188485,-0.022537,0.000000,0.000000,0.000000,1.000000,1.000000
1782438614.565136,142,0.000645,inf,STAND_TEST,0.000000,0.064251,0.188487,-0.022552,0.000000,0.000000,0.000000,1.000000,1.000000
1782438614.585017,143,0.000389,inf,STAND_TEST,0.000000,0.064252,0.188468,-0.022537,0.000000,0.000000,0.000000,1.000000,1.000000
1782438614.605145,144,0.000461,inf,STAND_TEST,0.000000,0.064237,0.188475,-0.022523,0.000000,0.000000,0.000000,1.000000,1.000000
1782438614.625149,145,0.000411,inf,STAND_TEST,0.000000,0.064225,0.188497,-0.022542,0.000000,0.000000,0.000000,1.000000,1.000000
1782438614.645205,146,0.000413,inf,STAND_TEST,0.000000,0.064251,0.188489,-0.022536,0.000000,0.000000,0.000000,1.000000,1.000000
1782438614.665262,147,0.000416,inf,STAND_TEST,0.000000,0.064243,0.188520,-0.022507,0.000000,0.000000,0.000000,1.000000,1.000000
1782438614.685639,148,0.000740,inf,STAND_TEST,0.000000,0.064269,0.188564,-0.022498,0.000000,0.000000,0.000000,1.000000,1.000000
1782438614.705791,149,0.000856,inf,STAND_TEST,0.000000,0.064250,0.188569,-0.022491,0.000000,0.000000,0.000000,1.000000,1.000000
1782438614.725660,150,0.000670,inf,STAND_TEST,0.000000,0.064228,0.188529,-0.022473,0.000000,0.000000,0.000000,1.000000,1.000000
1782438614.745658,151,0.000437,inf,STAND_TEST,0.000000,0.064218,0.188516,-0.022443,0.000000,0.000000,0.000000,1.000000,1.000000
1782438614.765721,152,0.000425,inf,STAND_TEST,0.000000,0.064200,0.188528,-0.022466,0.000000,0.000000,0.000000,1.000000,1.000000
1782438614.785840,153,0.000487,inf,STAND_TEST,0.000000,0.064179,0.188553,-0.022504,0.000000,0.000000,0.000000,1.000000,1.000000
1782438614.805868,154,0.000459,inf,STAND_TEST,0.000000,0.064176,0.188524,-0.022506,0.000000,0.000000,0.000000,1.000000,1.000000
1782438614.825912,155,0.000447,inf,STAND_TEST,0.000000,0.064175,0.188545,-0.022532,0.000000,0.000000,0.000000,1.000000,1.000000
1782438614.846306,156,0.000785,inf,STAND_TEST,0.000000,0.064195,0.188539,-0.022497,0.000000,0.000000,0.000000,1.000000,1.000000
1782438614.866238,157,0.000663,inf,STAND_TEST,0.000000,0.064190,0.188546,-0.022474,0.000000,0.000000,0.000000,1.000000,1.000000
1782438614.886385,158,0.000755,inf,STAND_TEST,0.000000,0.064228,0.188560,-0.022462,0.000000,0.000000,0.000000,1.000000,1.000000
1782438614.906322,159,0.000637,inf,STAND_TEST,0.000000,0.064210,0.188577,-0.022489,0.000000,0.000000,0.000000,1.000000,1.000000
1782438614.926253,160,0.000442,inf,STAND_TEST,0.000000,0.064210,0.188618,-0.022482,0.000000,0.000000,0.000000,1.000000,1.000000
1782438614.946272,161,0.000407,inf,STAND_TEST,0.000000,0.064182,0.188655,-0.022500,0.000000,0.000000,0.000000,1.000000,1.000000
1782438614.966341,162,0.000422,inf,STAND_TEST,0.000000,0.064162,0.188655,-0.022501,0.000000,0.000000,0.000000,1.000000,1.000000
1782438614.986351,163,0.000379,inf,STAND_TEST,0.000000,0.064203,0.188663,-0.022506,0.000000,0.000000,0.000000,1.000000,1.000000
1782438615.006415,164,0.000390,inf,STAND_TEST,0.000000,0.064170,0.188681,-0.022496,0.000000,0.000000,0.000000,1.000000,1.000000
1782438615.026508,165,0.000429,inf,STAND_TEST,0.000000,0.064176,0.188689,-0.022460,0.000000,0.000000,0.000000,1.000000,1.000000
1782438615.046878,166,0.000741,inf,STAND_TEST,0.000000,0.064153,0.188617,-0.022420,0.000000,0.000000,0.000000,1.000000,1.000000
1782438615.066778,167,0.000437,inf,STAND_TEST,0.000000,0.064144,0.188617,-0.022411,0.000000,0.000000,0.000000,1.000000,1.000000
1782438615.086862,168,0.000465,inf,STAND_TEST,0.000000,0.064156,0.188581,-0.022418,0.000000,0.000000,0.000000,1.000000,1.000000
1782438615.106903,169,0.000451,inf,STAND_TEST,0.000000,0.064155,0.188580,-0.022440,0.000000,0.000000,0.000000,1.000000,1.000000
1782438615.126931,170,0.000422,inf,STAND_TEST,0.000000,0.064162,0.188638,-0.022464,0.000000,0.000000,0.000000,1.000000,1.000000
1782438615.147059,171,0.000494,inf,STAND_TEST,0.000000,0.064174,0.188661,-0.022423,0.000000,0.000000,0.000000,1.000000,1.000000
1782438615.167010,172,0.000389,inf,STAND_TEST,0.000000,0.064184,0.188656,-0.022461,0.000000,0.000000,0.000000,1.000000,1.000000
1782438615.187342,173,0.000665,inf,STAND_TEST,0.000000,0.064203,0.188646,-0.022407,0.000000,0.000000,0.000000,1.000000,1.000000
1782438615.207417,174,0.000684,inf,STAND_TEST,0.000000,0.064220,0.188643,-0.022404,0.000000,0.000000,0.000000,1.000000,1.000000
1782438615.227443,175,0.000654,inf,STAND_TEST,0.000000,0.064222,0.188637,-0.022456,0.000000,0.000000,0.000000,1.000000,1.000000
1782438615.247488,176,0.000644,inf,STAND_TEST,0.000000,0.064205,0.188616,-0.022475,0.000000,0.000000,0.000000,1.000000,1.000000
1782438615.267525,177,0.000399,inf,STAND_TEST,0.000000,0.064201,0.188609,-0.022487,0.000000,0.000000,0.000000,1.000000,1.000000
1782438615.287642,178,0.000466,inf,STAND_TEST,0.000000,0.064179,0.188601,-0.022524,0.000000,0.000000,0.000000,1.000000,1.000000
1782438615.308013,179,0.000784,inf,STAND_TEST,0.000000,0.064159,0.188596,-0.022514,0.000000,0.000000,0.000000,1.000000,1.000000
1782438615.327722,180,0.000439,inf,STAND_TEST,0.000000,0.064148,0.188654,-0.022523,0.000000,0.000000,0.000000,1.000000,1.000000
1782438615.347786,181,0.000448,inf,STAND_TEST,0.000000,0.064143,0.188691,-0.022517,0.000000,0.000000,0.000000,1.000000,1.000000
1782438615.367998,182,0.000606,inf,STAND_TEST,0.000000,0.064130,0.188676,-0.022507,0.000000,0.000000,0.000000,1.000000,1.000000
1782438615.388137,183,0.000689,inf,STAND_TEST,0.000000,0.064102,0.188636,-0.022531,0.000000,0.000000,0.000000,1.000000,1.000000
1782438615.408112,184,0.000451,inf,STAND_TEST,0.000000,0.064087,0.188594,-0.022537,0.000000,0.000000,0.000000,1.000000,1.000000
1782438615.428116,185,0.000401,inf,STAND_TEST,0.000000,0.064060,0.188591,-0.022524,0.000000,0.000000,0.000000,1.000000,1.000000
1782438615.448201,186,0.000432,inf,STAND_TEST,0.000000,0.064065,0.188606,-0.022546,0.000000,0.000000,0.000000,1.000000,1.000000
1782438615.468253,187,0.000429,inf,STAND_TEST,0.000000,0.064073,0.188568,-0.022516,0.000000,0.000000,0.000000,1.000000,1.000000
1782438615.488307,188,0.000427,inf,STAND_TEST,0.000000,0.064105,0.188473,-0.022460,0.000000,0.000000,0.000000,1.000000,1.000000
1782438615.508358,189,0.000422,inf,STAND_TEST,0.000000,0.064118,0.188479,-0.022416,0.000000,0.000000,0.000000,1.000000,1.000000
1782438615.528636,190,0.000645,inf,STAND_TEST,0.000000,0.064118,0.188469,-0.022393,0.000000,0.000000,0.000000,1.000000,1.000000
1782438615.548679,191,0.000633,inf,STAND_TEST,0.000000,0.064104,0.188508,-0.022468,0.000000,0.000000,0.000000,1.000000,1.000000
1782438615.568723,192,0.000623,inf,STAND_TEST,0.000000,0.064107,0.188497,-0.022464,0.000000,0.000000,0.000000,1.000000,1.000000
1782438615.588654,193,0.000428,inf,STAND_TEST,0.000000,0.064103,0.188531,-0.022479,0.000000,0.000000,0.000000,1.000000,1.000000
1782438615.608702,194,0.000421,inf,STAND_TEST,0.000000,0.064125,0.188515,-0.022421,0.000000,0.000000,0.000000,1.000000,1.000000
1782438615.628838,195,0.000460,inf,STAND_TEST,0.000000,0.064148,0.188495,-0.022407,0.000000,0.000000,0.000000,1.000000,1.000000
1782438615.648874,196,0.000440,inf,STAND_TEST,0.000000,0.064161,0.188532,-0.022395,0.000000,0.000000,0.000000,1.000000,1.000000
1782438615.668922,197,0.000433,inf,STAND_TEST,0.000000,0.064177,0.188560,-0.022388,0.000000,0.000000,0.000000,1.000000,1.000000
1782438615.689213,198,0.000668,inf,STAND_TEST,0.000000,0.064181,0.188520,-0.022405,0.000000,0.000000,0.000000,1.000000,1.000000
1782438615.709016,199,0.000416,inf,STAND_TEST,0.000000,0.064187,0.188480,-0.022403,0.000000,0.000000,0.000000,1.000000,1.000000
1782438615.729309,200,0.000654,inf,STAND_TEST,0.000000,0.064220,0.188502,-0.022382,0.000000,0.000000,0.000000,1.000000,1.000000
1782438615.749254,201,0.000435,inf,STAND_TEST,0.000000,0.064231,0.188464,-0.022301,0.000000,0.000000,0.000000,1.000000,1.000000
1782438615.769279,202,0.000405,inf,STAND_TEST,0.000000,0.064279,0.188471,-0.022306,0.000000,0.000000,0.000000,1.000000,1.000000
1782438615.789377,203,0.000448,inf,STAND_TEST,0.000000,0.064282,0.188483,-0.022246,0.000000,0.000000,0.000000,1.000000,1.000000
1782438615.809453,204,0.000468,inf,STAND_TEST,0.000000,0.064315,0.188489,-0.022234,0.000000,0.000000,0.000000,1.000000,1.000000
1782438615.829432,205,0.000393,inf,STAND_TEST,0.000000,0.064320,0.188454,-0.022189,0.000000,0.000000,0.000000,1.000000,1.000000
1782438615.849771,206,0.000676,inf,STAND_TEST,0.000000,0.064330,0.188445,-0.022231,0.000000,0.000000,0.000000,1.000000,1.000000
1782438615.869573,207,0.000423,inf,STAND_TEST,0.000000,0.064356,0.188443,-0.022224,0.000000,0.000000,0.000000,1.000000,1.000000
1782438615.889870,208,0.000664,inf,STAND_TEST,0.000000,0.064352,0.188419,-0.022253,0.000000,0.000000,0.000000,1.000000,1.000000
1782438615.909875,209,0.000614,inf,STAND_TEST,0.000000,0.064336,0.188426,-0.022283,0.000000,0.000000,0.000000,1.000000,1.000000
1782438615.929826,210,0.000446,inf,STAND_TEST,0.000000,0.064337,0.188462,-0.022296,0.000000,0.000000,0.000000,1.000000,1.000000
1782438615.949850,211,0.000415,inf,STAND_TEST,0.000000,0.064345,0.188515,-0.022296,0.000000,0.000000,0.000000,1.000000,1.000000
1782438615.969877,212,0.000388,inf,STAND_TEST,0.000000,0.064328,0.188512,-0.022278,0.000000,0.000000,0.000000,1.000000,1.000000
1782438615.990052,213,0.000449,inf,STAND_TEST,0.000000,0.064337,0.188501,-0.022231,0.000000,0.000000,0.000000,1.000000,1.000000
1782438616.010071,214,0.000415,inf,STAND_TEST,0.000000,0.064359,0.188471,-0.022205,0.000000,0.000000,0.000000,1.000000,1.000000
1782438616.030146,215,0.000435,inf,STAND_TEST,0.000000,0.064365,0.188456,-0.022213,0.000000,0.000000,0.000000,1.000000,1.000000
1782438616.050432,216,0.000667,inf,STAND_TEST,0.000000,0.064345,0.188467,-0.022215,0.000000,0.000000,0.000000,1.000000,1.000000
1782438616.070442,217,0.000623,inf,STAND_TEST,0.000000,0.064364,0.188451,-0.022236,0.000000,0.000000,0.000000,1.000000,1.000000
1782438616.090438,218,0.000389,inf,STAND_TEST,0.000000,0.064366,0.188456,-0.022213,0.000000,0.000000,0.000000,1.000000,1.000000
1782438616.110553,219,0.000450,inf,STAND_TEST,0.000000,0.064378,0.188425,-0.022153,0.000000,0.000000,0.000000,1.000000,1.000000
1782438616.130558,220,0.000402,inf,STAND_TEST,0.000000,0.064377,0.188413,-0.022104,0.000000,0.000000,0.000000,1.000000,1.000000
1782438616.150636,221,0.000426,inf,STAND_TEST,0.000000,0.064379,0.188446,-0.022120,0.000000,0.000000,0.000000,1.000000,1.000000
1782438616.170672,222,0.000409,inf,STAND_TEST,0.000000,0.064385,0.188439,-0.022100,0.000000,0.000000,0.000000,1.000000,1.000000
1782438616.190946,223,0.000627,inf,STAND_TEST,0.000000,0.064428,0.188446,-0.022052,0.000000,0.000000,0.000000,1.000000,1.000000
1782438616.211027,224,0.000652,inf,STAND_TEST,0.000000,0.064406,0.188406,-0.022063,0.000000,0.000000,0.000000,1.000000,1.000000
1782438616.231045,225,0.000616,inf,STAND_TEST,0.000000,0.064430,0.188404,-0.022056,0.000000,0.000000,0.000000,1.000000,1.000000
1782438616.251096,226,0.000613,inf,STAND_TEST,0.000000,0.064457,0.188353,-0.021984,0.000000,0.000000,0.000000,1.000000,1.000000
1782438616.271094,227,0.000406,inf,STAND_TEST,0.000000,0.064483,0.188346,-0.021995,0.000000,0.000000,0.000000,1.000000,1.000000
1782438616.291178,228,0.000436,inf,STAND_TEST,0.000000,0.064499,0.188347,-0.021973,0.000000,0.000000,0.000000,1.000000,1.000000
1782438616.311255,229,0.000458,inf,STAND_TEST,0.000000,0.064513,0.188352,-0.021955,0.000000,0.000000,0.000000,1.000000,1.000000
1782438616.331293,230,0.000442,inf,STAND_TEST,0.000000,0.064529,0.188346,-0.021967,0.000000,0.000000,0.000000,1.000000,1.000000
1782438616.351315,231,0.000410,inf,STAND_TEST,0.000000,0.064533,0.188315,-0.021965,0.000000,0.000000,0.000000,1.000000,1.000000
1782438616.371452,232,0.000493,inf,STAND_TEST,0.000000,0.064542,0.188359,-0.021965,0.000000,0.000000,0.000000,1.000000,1.000000
1782438616.391765,233,0.000707,inf,STAND_TEST,0.000000,0.064530,0.188284,-0.021956,0.000000,0.000000,0.000000,1.000000,1.000000
1782438616.411838,234,0.000417,inf,STAND_TEST,0.000000,0.064560,0.188228,-0.021884,0.000000,0.000000,0.000000,1.000000,1.000000
1782438616.431903,235,0.000426,inf,STAND_TEST,0.000000,0.064577,0.188231,-0.021868,0.000000,0.000000,0.000000,1.000000,1.000000
1782438616.451976,236,0.000444,inf,STAND_TEST,0.000000,0.064629,0.188207,-0.021863,0.000000,0.000000,0.000000,1.000000,1.000000
1782438616.471994,237,0.000408,inf,STAND_TEST,0.000000,0.064620,0.188150,-0.021865,0.000000,0.000000,0.000000,1.000000,1.000000
1782438616.492240,238,0.000601,inf,STAND_TEST,0.000000,0.064614,0.188134,-0.021885,0.000000,0.000000,0.000000,1.000000,1.000000
1782438616.512497,239,0.000803,inf,STAND_TEST,0.000000,0.064606,0.188147,-0.021897,0.000000,0.000000,0.000000,1.000000,1.000000
1782438616.532767,240,0.001013,inf,STAND_TEST,0.000000,0.064607,0.188133,-0.021888,0.000000,0.000000,0.000000,1.000000,1.000000
1782438616.552592,241,0.000782,inf,STAND_TEST,0.000000,0.064613,0.188138,-0.021905,0.000000,0.000000,0.000000,1.000000,1.000000
1782438616.572620,242,0.000650,inf,STAND_TEST,0.000000,0.064609,0.188107,-0.021915,0.000000,0.000000,0.000000,1.000000,1.000000
1782438616.592672,243,0.000646,inf,STAND_TEST,0.000000,0.064606,0.188185,-0.021981,0.000000,0.000000,0.000000,1.000000,1.000000
1782438616.612742,244,0.000660,inf,STAND_TEST,0.000000,0.064625,0.188200,-0.021956,0.000000,0.000000,0.000000,1.000000,1.000000
1782438616.632607,245,0.000469,inf,STAND_TEST,0.000000,0.064633,0.188168,-0.021980,0.000000,0.000000,0.000000,1.000000,1.000000
1782438616.652612,246,0.000421,inf,STAND_TEST,0.000000,0.064597,0.188196,-0.022033,0.000000,0.000000,0.000000,1.000000,1.000000
1782438616.672675,247,0.000428,inf,STAND_TEST,0.000000,0.064588,0.188193,-0.022073,0.000000,0.000000,0.000000,1.000000,1.000000
1782438616.692741,248,0.000438,inf,STAND_TEST,0.000000,0.064583,0.188177,-0.022069,0.000000,0.000000,0.000000,1.000000,1.000000
1782438616.712984,249,0.000626,inf,STAND_TEST,0.000000,0.064598,0.188200,-0.022057,0.000000,0.000000,0.000000,1.000000,1.000000
1782438616.733127,250,0.000713,inf,STAND_TEST,0.000000,0.064573,0.188210,-0.022040,0.000000,0.000000,0.000000,1.000000,1.000000
1782438616.753193,251,0.000654,inf,STAND_TEST,0.000000,0.064572,0.188186,-0.022035,0.000000,0.000000,0.000000,1.000000,1.000000
1782438616.773228,252,0.000633,inf,STAND_TEST,0.000000,0.064582,0.188146,-0.021995,0.000000,0.000000,0.000000,1.000000,1.000000
1782438616.793324,253,0.000672,inf,STAND_TEST,0.000000,0.064544,0.188117,-0.022034,0.000000,0.000000,0.000000,1.000000,1.000000
1782438616.813386,254,0.000675,inf,STAND_TEST,0.000000,0.064556,0.188103,-0.022002,0.000000,0.000000,0.000000,1.000000,1.000000
1782438616.833646,255,0.000879,inf,STAND_TEST,0.000000,0.064559,0.188052,-0.021967,0.000000,0.000000,0.000000,1.000000,1.000000
1782438616.853774,256,0.000950,inf,STAND_TEST,0.000000,0.064578,0.188050,-0.021988,0.000000,0.000000,0.000000,1.000000,1.000000
1782438616.873547,257,0.000669,inf,STAND_TEST,0.000000,0.064600,0.188025,-0.021979,0.000000,0.000000,0.000000,1.000000,1.000000
1782438616.893541,258,0.000445,inf,STAND_TEST,0.000000,0.064579,0.187984,-0.021970,0.000000,0.000000,0.000000,1.000000,1.000000
1782438616.913685,259,0.000435,inf,STAND_TEST,0.000000,0.064580,0.187912,-0.021975,0.000000,0.000000,0.000000,1.000000,1.000000
1782438616.933733,260,0.000429,inf,STAND_TEST,0.000000,0.064578,0.187882,-0.021987,0.000000,0.000000,0.000000,1.000000,1.000000
1782438616.953764,261,0.000405,inf,STAND_TEST,0.000000,0.064599,0.187876,-0.021951,0.000000,0.000000,0.000000,1.000000,1.000000
1782438616.973797,262,0.000383,inf,STAND_TEST,0.000000,0.064576,0.187841,-0.021973,0.000000,0.000000,0.000000,1.000000,1.000000
1782438616.993884,263,0.000415,inf,STAND_TEST,0.000000,0.064586,0.187821,-0.021980,0.000000,0.000000,0.000000,1.000000,1.000000
1782438617.014171,264,0.000647,inf,STAND_TEST,0.000000,0.064582,0.187824,-0.022017,0.000000,0.000000,0.000000,1.000000,1.000000
1782438617.034176,265,0.000598,inf,STAND_TEST,0.000000,0.064582,0.187774,-0.022032,0.000000,0.000000,0.000000,1.000000,1.000000
1782438617.054215,266,0.000583,inf,STAND_TEST,0.000000,0.064567,0.187750,-0.022013,0.000000,0.000000,0.000000,1.000000,1.000000
1782438617.074221,267,0.000402,inf,STAND_TEST,0.000000,0.064603,0.187719,-0.021974,0.000000,0.000000,0.000000,1.000000,1.000000
1782438617.094375,268,0.000391,inf,STAND_TEST,0.000000,0.064625,0.187662,-0.021967,0.000000,0.000000,0.000000,1.000000,1.000000
1782438617.114462,269,0.000423,inf,STAND_TEST,0.000000,0.064621,0.187643,-0.021984,0.000000,0.000000,0.000000,1.000000,1.000000
1782438617.134505,270,0.000412,inf,STAND_TEST,0.000000,0.064621,0.187620,-0.021994,0.000000,0.000000,0.000000,1.000000,1.000000
1782438617.154771,271,0.000625,inf,STAND_TEST,0.000000,0.064630,0.187594,-0.022016,0.000000,0.000000,0.000000,1.000000,1.000000
1782438617.174805,272,0.000605,inf,STAND_TEST,0.000000,0.064658,0.187599,-0.022002,0.000000,0.000000,0.000000,1.000000,1.000000
1782438617.194931,273,0.000675,inf,STAND_TEST,0.000000,0.064666,0.187568,-0.022025,0.000000,0.000000,0.000000,1.000000,1.000000
1782438617.214966,274,0.000451,inf,STAND_TEST,0.000000,0.064643,0.187519,-0.022035,0.000000,0.000000,0.000000,1.000000,1.000000
1782438617.234967,275,0.000398,inf,STAND_TEST,0.000000,0.064633,0.187548,-0.022070,0.000000,0.000000,0.000000,1.000000,1.000000
1782438617.255019,276,0.000396,inf,STAND_TEST,0.000000,0.064640,0.187530,-0.022067,0.000000,0.000000,0.000000,1.000000,1.000000
1782438617.275085,277,0.000407,inf,STAND_TEST,0.000000,0.064630,0.187533,-0.022032,0.000000,0.000000,0.000000,1.000000,1.000000
1782438617.295376,278,0.000643,inf,STAND_TEST,0.000000,0.064648,0.187514,-0.022061,0.000000,0.000000,0.000000,1.000000,1.000000
1782438617.315487,279,0.000701,inf,STAND_TEST,0.000000,0.064663,0.187519,-0.022053,0.000000,0.000000,0.000000,1.000000,1.000000
1782438617.335558,280,0.000729,inf,STAND_TEST,0.000000,0.064667,0.187547,-0.022090,0.000000,0.000000,0.000000,1.000000,1.000000
1782438617.355536,281,0.000650,inf,STAND_TEST,0.000000,0.064708,0.187559,-0.022086,0.000000,0.000000,0.000000,1.000000,1.000000
1782438617.375548,282,0.000429,inf,STAND_TEST,0.000000,0.064709,0.187549,-0.022029,0.000000,0.000000,0.000000,1.000000,1.000000
1782438617.395616,283,0.000436,inf,STAND_TEST,0.000000,0.064710,0.187537,-0.022055,0.000000,0.000000,0.000000,1.000000,1.000000
1782438617.415698,284,0.000464,inf,STAND_TEST,0.000000,0.064700,0.187481,-0.022047,0.000000,0.000000,0.000000,1.000000,1.000000
1782438617.435745,285,0.000455,inf,STAND_TEST,0.000000,0.064712,0.187518,-0.022065,0.000000,0.000000,0.000000,1.000000,1.000000
1782438617.455982,286,0.000636,inf,STAND_TEST,0.000000,0.064708,0.187464,-0.022086,0.000000,0.000000,0.000000,1.000000,1.000000
1782438617.475838,287,0.000436,inf,STAND_TEST,0.000000,0.064712,0.187448,-0.022094,0.000000,0.000000,0.000000,1.000000,1.000000
1782438617.495885,288,0.000428,inf,STAND_TEST,0.000000,0.064745,0.187423,-0.022085,0.000000,0.000000,0.000000,1.000000,1.000000
1782438617.516141,289,0.000628,inf,STAND_TEST,0.000000,0.064749,0.187395,-0.022076,0.000000,0.000000,0.000000,1.000000,1.000000
1782438617.536252,290,0.000681,inf,STAND_TEST,0.000000,0.064719,0.187331,-0.022053,0.000000,0.000000,0.000000,1.000000,1.000000
1782438617.556110,291,0.000427,inf,STAND_TEST,0.000000,0.064727,0.187292,-0.022041,0.000000,0.000000,0.000000,1.000000,1.000000
1782438617.576189,292,0.000451,inf,STAND_TEST,0.000000,0.064725,0.187259,-0.022063,0.000000,0.000000,0.000000,1.000000,1.000000
1782438617.596241,293,0.000448,inf,STAND_TEST,0.000000,0.064724,0.187300,-0.022068,0.000000,0.000000,0.000000,1.000000,1.000000
1782438617.616329,294,0.000480,inf,STAND_TEST,0.000000,0.064727,0.187282,-0.022060,0.000000,0.000000,0.000000,1.000000,1.000000
1782438617.636336,295,0.000433,inf,STAND_TEST,0.000000,0.064739,0.187271,-0.022058,0.000000,0.000000,0.000000,1.000000,1.000000
1782438617.656396,296,0.000438,inf,STAND_TEST,0.000000,0.064751,0.187277,-0.022070,0.000000,0.000000,0.000000,1.000000,1.000000
1782438617.676674,297,0.000662,inf,STAND_TEST,0.000000,0.064759,0.187284,-0.022085,0.000000,0.000000,0.000000,1.000000,1.000000
1782438617.696699,298,0.000633,inf,STAND_TEST,0.000000,0.064751,0.187277,-0.022064,0.000000,0.000000,0.000000,1.000000,1.000000
1782438617.716781,299,0.000660,inf,STAND_TEST,0.000000,0.064748,0.187218,-0.022042,0.000000,0.000000,0.000000,1.000000,1.000000
1782438617.736713,300,0.000424,inf,STAND_TEST,0.000000,0.064701,0.187191,-0.022045,0.000000,0.000000,0.000000,1.000000,1.000000
1782438617.756732,301,0.000389,inf,STAND_TEST,0.000000,0.064693,0.187204,-0.022024,0.000000,0.000000,0.000000,1.000000,1.000000
1782438617.776809,302,0.000411,inf,STAND_TEST,0.000000,0.064681,0.187191,-0.022018,0.000000,0.000000,0.000000,1.000000,1.000000
1782438617.796971,303,0.000518,inf,STAND_TEST,0.000000,0.064682,0.187194,-0.022009,0.000000,0.000000,0.000000,1.000000,1.000000
1782438617.816932,304,0.000425,inf,STAND_TEST,0.000000,0.064683,0.187198,-0.021956,0.000000,0.000000,0.000000,1.000000,1.000000
1782438617.837024,305,0.000461,inf,STAND_TEST,0.000000,0.064679,0.187195,-0.021937,0.000000,0.000000,0.000000,1.000000,1.000000
1782438617.857260,306,0.000639,inf,STAND_TEST,0.000000,0.064654,0.187180,-0.021963,0.000000,0.000000,0.000000,1.000000,1.000000
1782438617.877306,307,0.000629,inf,STAND_TEST,0.000000,0.064655,0.187184,-0.021946,0.000000,0.000000,0.000000,1.000000,1.000000
1782438617.897270,308,0.000447,inf,STAND_TEST,0.000000,0.064670,0.187189,-0.021922,0.000000,0.000000,0.000000,1.000000,1.000000
1782438617.917274,309,0.000388,inf,STAND_TEST,0.000000,0.064647,0.187180,-0.021954,0.000000,0.000000,0.000000,1.000000,1.000000
1782438617.937394,310,0.000453,inf,STAND_TEST,0.000000,0.064658,0.187170,-0.021982,0.000000,0.000000,0.000000,1.000000,1.000000
1782438617.957408,311,0.000412,inf,STAND_TEST,0.000000,0.064679,0.187192,-0.021935,0.000000,0.000000,0.000000,1.000000,1.000000
1782438617.977445,312,0.000394,inf,STAND_TEST,0.000000,0.064664,0.187184,-0.021929,0.000000,0.000000,0.000000,1.000000,1.000000
1782438617.997898,313,0.000792,inf,STAND_TEST,0.000000,0.064688,0.187206,-0.021914,0.000000,0.000000,0.000000,1.000000,1.000000
1782438618.018059,314,0.000895,inf,STAND_TEST,0.000000,0.064679,0.187195,-0.021890,0.000000,0.000000,0.000000,1.000000,1.000000
1782438618.038101,315,0.000881,inf,STAND_TEST,0.000000,0.064652,0.187249,-0.021884,0.000000,0.000000,0.000000,1.000000,1.000000
1782438618.058100,316,0.000663,inf,STAND_TEST,0.000000,0.064634,0.187219,-0.021884,0.000000,0.000000,0.000000,1.000000,1.000000
1782438618.078216,317,0.000665,inf,STAND_TEST,0.000000,0.064619,0.187225,-0.021881,0.000000,0.000000,0.000000,1.000000,1.000000
1782438618.098311,318,0.000662,inf,STAND_TEST,0.000000,0.064630,0.187227,-0.021874,0.000000,0.000000,0.000000,1.000000,1.000000
1782438618.118423,319,0.000675,inf,STAND_TEST,0.000000,0.064598,0.187217,-0.021865,0.000000,0.000000,0.000000,1.000000,1.000000
1782438618.138764,320,0.000916,inf,STAND_TEST,0.000000,0.064598,0.187196,-0.021854,0.000000,0.000000,0.000000,1.000000,1.000000
1782438618.158877,321,0.000932,inf,STAND_TEST,0.000000,0.064581,0.187177,-0.021802,0.000000,0.000000,0.000000,1.000000,1.000000
1782438618.178791,322,0.000674,inf,STAND_TEST,0.000000,0.064578,0.187077,-0.021807,0.000000,0.000000,0.000000,1.000000,1.000000
1782438618.198990,323,0.000681,inf,STAND_TEST,0.000000,0.064578,0.187049,-0.021847,0.000000,0.000000,0.000000,1.000000,1.000000
1782438618.219152,324,0.000722,inf,STAND_TEST,0.000000,0.064560,0.187050,-0.021833,0.000000,0.000000,0.000000,1.000000,1.000000
1782438618.239414,325,0.000876,inf,STAND_TEST,0.000000,0.064575,0.187044,-0.021818,0.000000,0.000000,0.000000,1.000000,1.000000
1782438618.259407,326,0.000812,inf,STAND_TEST,0.000000,0.064589,0.187047,-0.021819,0.000000,0.000000,0.000000,1.000000,1.000000
1782438618.279329,327,0.000680,inf,STAND_TEST,0.000000,0.064574,0.187059,-0.021837,0.000000,0.000000,0.000000,1.000000,1.000000
1782438618.299353,328,0.000451,inf,STAND_TEST,0.000000,0.064589,0.187058,-0.021803,0.000000,0.000000,0.000000,1.000000,1.000000
1782438618.319433,329,0.000473,inf,STAND_TEST,0.000000,0.064588,0.187047,-0.021819,0.000000,0.000000,0.000000,1.000000,1.000000
1782438618.339490,330,0.000472,inf,STAND_TEST,0.000000,0.064582,0.187054,-0.021858,0.000000,0.000000,0.000000,1.000000,1.000000
1782438618.359522,331,0.000447,inf,STAND_TEST,0.000000,0.064553,0.187038,-0.021873,0.000000,0.000000,0.000000,1.000000,1.000000
1782438618.379702,332,0.000571,inf,STAND_TEST,0.000000,0.064538,0.187013,-0.021897,0.000000,0.000000,0.000000,1.000000,1.000000
1782438618.399616,333,0.000439,inf,STAND_TEST,0.000000,0.064520,0.186965,-0.021879,0.000000,0.000000,0.000000,1.000000,1.000000
1782438618.419881,334,0.000649,inf,STAND_TEST,0.000000,0.064519,0.186966,-0.021897,0.000000,0.000000,0.000000,1.000000,1.000000
1782438618.439864,335,0.000410,inf,STAND_TEST,0.000000,0.064496,0.187005,-0.021911,0.000000,0.000000,0.000000,1.000000,1.000000
1782438618.460043,336,0.000431,inf,STAND_TEST,0.000000,0.064492,0.186971,-0.021897,0.000000,0.000000,0.000000,1.000000,1.000000
1782438618.480164,337,0.000492,inf,STAND_TEST,0.000000,0.064484,0.186962,-0.021893,0.000000,0.000000,0.000000,1.000000,1.000000
1782438618.500185,338,0.000458,inf,STAND_TEST,0.000000,0.064460,0.186988,-0.021898,0.000000,0.000000,0.000000,1.000000,1.000000
1782438618.520224,339,0.000442,inf,STAND_TEST,0.000000,0.064460,0.186960,-0.021878,0.000000,0.000000,0.000000,1.000000,1.000000
1782438618.540725,340,0.000887,inf,STAND_TEST,0.000000,0.064453,0.186921,-0.021840,0.000000,0.000000,0.000000,1.000000,1.000000
1782438618.560409,341,0.000516,inf,STAND_TEST,0.000000,0.064463,0.186928,-0.021846,0.000000,0.000000,0.000000,1.000000,1.000000
1782438618.580729,342,0.000781,inf,STAND_TEST,0.000000,0.064463,0.186846,-0.021852,0.000000,0.000000,0.000000,1.000000,1.000000
1782438618.600697,343,0.000440,inf,STAND_TEST,0.000000,0.064451,0.186820,-0.021889,0.000000,0.000000,0.000000,1.000000,1.000000
1782438618.620782,344,0.000467,inf,STAND_TEST,0.000000,0.064476,0.186805,-0.021850,0.000000,0.000000,0.000000,1.000000,1.000000
1782438618.640770,345,0.000400,inf,STAND_TEST,0.000000,0.064495,0.186760,-0.021868,0.000000,0.000000,0.000000,1.000000,1.000000
1782438618.660879,346,0.000454,inf,STAND_TEST,0.000000,0.064483,0.186739,-0.021860,0.000000,0.000000,0.000000,1.000000,1.000000
1782438618.680908,347,0.000427,inf,STAND_TEST,0.000000,0.064489,0.186728,-0.021826,0.000000,0.000000,0.000000,1.000000,1.000000
1782438618.700993,348,0.000455,inf,STAND_TEST,0.000000,0.064495,0.186743,-0.021832,0.000000,0.000000,0.000000,1.000000,1.000000
1782438618.721226,349,0.000633,inf,STAND_TEST,0.000000,0.064480,0.186786,-0.021869,0.000000,0.000000,0.000000,1.000000,1.000000
1782438618.741428,350,0.000780,inf,STAND_TEST,0.000000,0.064476,0.186770,-0.021906,0.000000,0.000000,0.000000,1.000000,1.000000
1782438618.761321,351,0.000419,inf,STAND_TEST,0.000000,0.064497,0.186777,-0.021902,0.000000,0.000000,0.000000,1.000000,1.000000
1782438618.781423,352,0.000439,inf,STAND_TEST,0.000000,0.064477,0.186761,-0.021852,0.000000,0.000000,0.000000,1.000000,1.000000
1782438618.801471,353,0.000432,inf,STAND_TEST,0.000000,0.064454,0.186766,-0.021889,0.000000,0.000000,0.000000,1.000000,1.000000
1782438618.821575,354,0.000481,inf,STAND_TEST,0.000000,0.064461,0.186765,-0.021913,0.000000,0.000000,0.000000,1.000000,1.000000
1782438618.841616,355,0.000466,inf,STAND_TEST,0.000000,0.064450,0.186835,-0.021933,0.000000,0.000000,0.000000,1.000000,1.000000
1782438618.862018,356,0.000812,inf,STAND_TEST,0.000000,0.064417,0.186828,-0.021956,0.000000,0.000000,0.000000,1.000000,1.000000
1782438618.882058,357,0.000797,inf,STAND_TEST,0.000000,0.064411,0.186817,-0.021941,0.000000,0.000000,0.000000,1.000000,1.000000
1782438618.901879,358,0.000446,inf,STAND_TEST,0.000000,0.064401,0.186810,-0.021979,0.000000,0.000000,0.000000,1.000000,1.000000
1782438618.922001,359,0.000427,inf,STAND_TEST,0.000000,0.064428,0.186843,-0.021916,0.000000,0.000000,0.000000,1.000000,1.000000
1782438618.942094,360,0.000466,inf,STAND_TEST,0.000000,0.064433,0.186833,-0.021897,0.000000,0.000000,0.000000,1.000000,1.000000
1782438618.962102,361,0.000418,inf,STAND_TEST,0.000000,0.064418,0.186801,-0.021928,0.000000,0.000000,0.000000,1.000000,1.000000
1782438618.982173,362,0.000435,inf,STAND_TEST,0.000000,0.064410,0.186853,-0.021949,0.000000,0.000000,0.000000,1.000000,1.000000
1782438619.002228,363,0.000433,inf,STAND_TEST,0.000000,0.064400,0.186864,-0.021968,0.000000,0.000000,0.000000,1.000000,1.000000
1782438619.022478,364,0.000627,inf,STAND_TEST,0.000000,0.064403,0.186870,-0.021994,0.000000,0.000000,0.000000,1.000000,1.000000
1782438619.042542,365,0.000637,inf,STAND_TEST,0.000000,0.064412,0.186835,-0.021969,0.000000,0.000000,0.000000,1.000000,1.000000
1782438619.062710,366,0.000751,inf,STAND_TEST,0.000000,0.064400,0.186875,-0.021966,0.000000,0.000000,0.000000,1.000000,1.000000
1782438619.082668,367,0.000653,inf,STAND_TEST,0.000000,0.064406,0.186889,-0.021961,0.000000,0.000000,0.000000,1.000000,1.000000
1782438619.102590,368,0.000427,inf,STAND_TEST,0.000000,0.064378,0.186868,-0.021933,0.000000,0.000000,0.000000,1.000000,1.000000
1782438619.122636,369,0.000418,inf,STAND_TEST,0.000000,0.064401,0.186861,-0.021895,0.000000,0.000000,0.000000,1.000000,1.000000
1782438619.142725,370,0.000452,inf,STAND_TEST,0.000000,0.064391,0.186866,-0.021870,0.000000,0.000000,0.000000,1.000000,1.000000
1782438619.162772,371,0.000444,inf,STAND_TEST,0.000000,0.064383,0.186861,-0.021870,0.000000,0.000000,0.000000,1.000000,1.000000
1782438619.182784,372,0.000401,inf,STAND_TEST,0.000000,0.064389,0.186836,-0.021834,0.000000,0.000000,0.000000,1.000000,1.000000
1782438619.203118,373,0.000680,inf,STAND_TEST,0.000000,0.064372,0.186847,-0.021878,0.000000,0.000000,0.000000,1.000000,1.000000
1782438619.223113,374,0.000621,inf,STAND_TEST,0.000000,0.064364,0.186842,-0.021868,0.000000,0.000000,0.000000,1.000000,1.000000
1782438619.243045,375,0.000415,inf,STAND_TEST,0.000000,0.064357,0.186798,-0.021885,0.000000,0.000000,0.000000,1.000000,1.000000
1782438619.263231,376,0.000461,inf,STAND_TEST,0.000000,0.064363,0.186812,-0.021843,0.000000,0.000000,0.000000,1.000000,1.000000
1782438619.283532,377,0.000713,inf,STAND_TEST,0.000000,0.064349,0.186791,-0.021813,0.000000,0.000000,0.000000,1.000000,1.000000
1782438619.303428,378,0.000552,inf,STAND_TEST,0.000000,0.064352,0.186798,-0.021807,0.000000,0.000000,0.000000,1.000000,1.000000
1782438619.323614,379,0.000684,inf,STAND_TEST,0.000000,0.064351,0.186795,-0.021765,0.000000,0.000000,0.000000,1.000000,1.000000
1782438619.343433,380,0.000446,inf,STAND_TEST,0.000000,0.064344,0.186771,-0.021794,0.000000,0.000000,0.000000,1.000000,1.000000
1782438619.363510,381,0.000467,inf,STAND_TEST,0.000000,0.064357,0.186794,-0.021771,0.000000,0.000000,0.000000,1.000000,1.000000
1782438619.383872,382,0.000774,inf,STAND_TEST,0.000000,0.064351,0.186816,-0.021798,0.000000,0.000000,0.000000,1.000000,1.000000
1782438619.403798,383,0.000484,inf,STAND_TEST,0.000000,0.064361,0.186876,-0.021780,0.000000,0.000000,0.000000,1.000000,1.000000
1782438619.423811,384,0.000442,inf,STAND_TEST,0.000000,0.064338,0.186879,-0.021763,0.000000,0.000000,0.000000,1.000000,1.000000
1782438619.443849,385,0.000425,inf,STAND_TEST,0.000000,0.064329,0.186941,-0.021766,0.000000,0.000000,0.000000,1.000000,1.000000
1782438619.463899,386,0.000420,inf,STAND_TEST,0.000000,0.064311,0.186959,-0.021803,0.000000,0.000000,0.000000,1.000000,1.000000
1782438619.483996,387,0.000461,inf,STAND_TEST,0.000000,0.064304,0.187013,-0.021824,0.000000,0.000000,0.000000,1.000000,1.000000
1782438619.504050,388,0.000460,inf,STAND_TEST,0.000000,0.064311,0.187033,-0.021825,0.000000,0.000000,0.000000,1.000000,1.000000
1782438619.524564,389,0.000916,inf,STAND_TEST,0.000000,0.064288,0.187026,-0.021830,0.000000,0.000000,0.000000,1.000000,1.000000
1782438619.544574,390,0.000869,inf,STAND_TEST,0.000000,0.064282,0.187025,-0.021841,0.000000,0.000000,0.000000,1.000000,1.000000
1782438619.564617,391,0.000654,inf,STAND_TEST,0.000000,0.064312,0.186988,-0.021780,0.000000,0.000000,0.000000,1.000000,1.000000
1782438619.584651,392,0.000629,inf,STAND_TEST,0.000000,0.064289,0.186975,-0.021776,0.000000,0.000000,0.000000,1.000000,1.000000
1782438619.604551,393,0.000474,inf,STAND_TEST,0.000000,0.064286,0.186945,-0.021776,0.000000,0.000000,0.000000,1.000000,1.000000
1782438619.624566,394,0.000435,inf,STAND_TEST,0.000000,0.064299,0.187002,-0.021768,0.000000,0.000000,0.000000,1.000000,1.000000
1782438619.644578,395,0.000394,inf,STAND_TEST,0.000000,0.064278,0.186986,-0.021801,0.000000,0.000000,0.000000,1.000000,1.000000
1782438619.664656,396,0.000417,inf,STAND_TEST,0.000000,0.064237,0.187034,-0.021836,0.000000,0.000000,0.000000,1.000000,1.000000
1782438619.685003,397,0.000712,inf,STAND_TEST,0.000000,0.064211,0.187072,-0.021881,0.000000,0.000000,0.000000,1.000000,1.000000
1782438619.704984,398,0.000638,inf,STAND_TEST,0.000000,0.064208,0.187105,-0.021894,0.000000,0.000000,0.000000,1.000000,1.000000
1782438619.725185,399,0.000784,inf,STAND_TEST,0.000000,0.064205,0.187113,-0.021905,0.000000,0.000000,0.000000,1.000000,1.000000
1782438619.744880,400,0.000422,inf,STAND_TEST,0.000000,0.064218,0.187100,-0.021908,0.000000,0.000000,0.000000,1.000000,1.000000
1782438619.765090,401,0.000415,inf,STAND_TEST,0.000000,0.064201,0.187129,-0.021927,0.000000,0.000000,0.000000,1.000000,1.000000
1782438619.785121,402,0.000392,inf,STAND_TEST,0.000000,0.064175,0.187141,-0.021944,0.000000,0.000000,0.000000,1.000000,1.000000
1782438619.805171,403,0.000386,inf,STAND_TEST,0.000000,0.064190,0.187159,-0.021985,0.000000,0.000000,0.000000,1.000000,1.000000
1782438619.825303,404,0.000462,inf,STAND_TEST,0.000000,0.064213,0.187143,-0.021979,0.000000,0.000000,0.000000,1.000000,1.000000
1782438619.845361,405,0.000465,inf,STAND_TEST,0.000000,0.064173,0.187142,-0.021997,0.000000,0.000000,0.000000,1.000000,1.000000
1782438619.865605,406,0.000463,inf,STAND_TEST,0.000000,0.064194,0.187184,-0.022004,0.000000,0.000000,0.000000,1.000000,1.000000
1782438619.885774,407,0.000492,inf,STAND_TEST,0.000000,0.064208,0.187178,-0.021981,0.000000,0.000000,0.000000,1.000000,1.000000
1782438619.905735,408,0.000399,inf,STAND_TEST,0.000000,0.064212,0.187222,-0.021951,0.000000,0.000000,0.000000,1.000000,1.000000
1782438619.925810,409,0.000421,inf,STAND_TEST,0.000000,0.064192,0.187179,-0.021960,0.000000,0.000000,0.000000,1.000000,1.000000
1782438619.945854,410,0.000410,inf,STAND_TEST,0.000000,0.064177,0.187240,-0.021976,0.000000,0.000000,0.000000,1.000000,1.000000
1782438619.965884,411,0.000386,inf,STAND_TEST,0.000000,0.064171,0.187237,-0.021968,0.000000,0.000000,0.000000,1.000000,1.000000
1782438619.985962,412,0.000410,inf,STAND_TEST,0.000000,0.064195,0.187277,-0.021978,0.000000,0.000000,0.000000,1.000000,1.000000
1782438620.006207,413,0.000601,inf,STAND_TEST,0.000000,0.064171,0.187281,-0.021971,0.000000,0.000000,0.000000,1.000000,1.000000
1782438620.026271,414,0.000612,inf,STAND_TEST,0.000000,0.064179,0.187295,-0.021972,0.000000,0.000000,0.000000,1.000000,1.000000
1782438620.046291,415,0.000408,inf,STAND_TEST,0.000000,0.064184,0.187316,-0.021959,0.000000,0.000000,0.000000,1.000000,1.000000
1782438620.066334,416,0.000397,inf,STAND_TEST,0.000000,0.064174,0.187341,-0.021965,0.000000,0.000000,0.000000,1.000000,1.000000
1782438620.086358,417,0.000368,inf,STAND_TEST,0.000000,0.064165,0.187345,-0.021985,0.000000,0.000000,0.000000,1.000000,1.000000
1782438620.106457,418,0.000414,inf,STAND_TEST,0.000000,0.064162,0.187380,-0.021962,0.000000,0.000000,0.000000,1.000000,1.000000
1782438620.126509,419,0.000439,inf,STAND_TEST,0.000000,0.064147,0.187409,-0.021924,0.000000,0.000000,0.000000,1.000000,1.000000
1782438620.146547,420,0.000425,inf,STAND_TEST,0.000000,0.064112,0.187450,-0.021951,0.000000,0.000000,0.000000,1.000000,1.000000
1782438620.166778,421,0.000602,inf,STAND_TEST,0.000000,0.064081,0.187482,-0.021973,0.000000,0.000000,0.000000,1.000000,1.000000
1782438620.186867,422,0.000637,inf,STAND_TEST,0.000000,0.064081,0.187472,-0.021959,0.000000,0.000000,0.000000,1.000000,1.000000
1782438620.206957,423,0.000672,inf,STAND_TEST,0.000000,0.064080,0.187490,-0.021948,0.000000,0.000000,0.000000,1.000000,1.000000
1782438620.226921,424,0.000439,inf,STAND_TEST,0.000000,0.064097,0.187515,-0.021953,0.000000,0.000000,0.000000,1.000000,1.000000
1782438620.246928,425,0.000392,inf,STAND_TEST,0.000000,0.064075,0.187515,-0.021933,0.000000,0.000000,0.000000,1.000000,1.000000
1782438620.266974,426,0.000384,inf,STAND_TEST,0.000000,0.064089,0.187505,-0.021887,0.000000,0.000000,0.000000,1.000000,1.000000
1782438620.287078,427,0.000434,inf,STAND_TEST,0.000000,0.064095,0.187524,-0.021879,0.000000,0.000000,0.000000,1.000000,1.000000
1782438620.307187,428,0.000487,inf,STAND_TEST,0.000000,0.064109,0.187568,-0.021892,0.000000,0.000000,0.000000,1.000000,1.000000
1782438620.327168,429,0.000414,inf,STAND_TEST,0.000000,0.064102,0.187589,-0.021911,0.000000,0.000000,0.000000,1.000000,1.000000
1782438620.347222,430,0.000414,inf,STAND_TEST,0.000000,0.064087,0.187591,-0.021931,0.000000,0.000000,0.000000,1.000000,1.000000
1782438620.367588,431,0.000725,inf,STAND_TEST,0.000000,0.064113,0.187610,-0.021929,0.000000,0.000000,0.000000,1.000000,1.000000
1782438620.387522,432,0.000606,inf,STAND_TEST,0.000000,0.064099,0.187617,-0.021919,0.000000,0.000000,0.000000,1.000000,1.000000
1782438620.407484,433,0.000427,inf,STAND_TEST,0.000000,0.064102,0.187627,-0.021936,0.000000,0.000000,0.000000,1.000000,1.000000
1782438620.427588,434,0.000480,inf,STAND_TEST,0.000000,0.064105,0.187631,-0.021948,0.000000,0.000000,0.000000,1.000000,1.000000
1782438620.447598,435,0.000434,inf,STAND_TEST,0.000000,0.064102,0.187627,-0.021956,0.000000,0.000000,0.000000,1.000000,1.000000
1782438620.467635,436,0.000446,inf,STAND_TEST,0.000000,0.064099,0.187582,-0.021974,0.000000,0.000000,0.000000,1.000000,1.000000
1782438620.487703,437,0.000458,inf,STAND_TEST,0.000000,0.064066,0.187594,-0.022002,0.000000,0.000000,0.000000,1.000000,1.000000
1782438620.508112,438,0.000811,inf,STAND_TEST,0.000000,0.064067,0.187612,-0.022017,0.000000,0.000000,0.000000,1.000000,1.000000
1782438620.528020,439,0.000664,inf,STAND_TEST,0.000000,0.064071,0.187591,-0.022021,0.000000,0.000000,0.000000,1.000000,1.000000
1782438620.548334,440,0.000921,inf,STAND_TEST,0.000000,0.064087,0.187570,-0.022017,0.000000,0.000000,0.000000,1.000000,1.000000
1782438620.568057,441,0.000505,inf,STAND_TEST,0.000000,0.064087,0.187580,-0.021993,0.000000,0.000000,0.000000,1.000000,1.000000
1782438620.588106,442,0.000453,inf,STAND_TEST,0.000000,0.064093,0.187620,-0.021988,0.000000,0.000000,0.000000,1.000000,1.000000
1782438620.608136,443,0.000429,inf,STAND_TEST,0.000000,0.064108,0.187627,-0.022024,0.000000,0.000000,0.000000,1.000000,1.000000
1782438620.628145,444,0.000383,inf,STAND_TEST,0.000000,0.064099,0.187592,-0.022003,0.000000,0.000000,0.000000,1.000000,1.000000
1782438620.648208,445,0.000393,inf,STAND_TEST,0.000000,0.064125,0.187623,-0.022008,0.000000,0.000000,0.000000,1.000000,1.000000
1782438620.668240,446,0.000371,inf,STAND_TEST,0.000000,0.064137,0.187606,-0.022000,0.000000,0.000000,0.000000,1.000000,1.000000
1782438620.688319,447,0.000395,inf,STAND_TEST,0.000000,0.064159,0.187651,-0.022004,0.000000,0.000000,0.000000,1.000000,1.000000
1782438620.708393,448,0.000415,inf,STAND_TEST,0.000000,0.064161,0.187658,-0.021990,0.000000,0.000000,0.000000,1.000000,1.000000
1782438620.728663,449,0.000631,inf,STAND_TEST,0.000000,0.064158,0.187660,-0.021992,0.000000,0.000000,0.000000,1.000000,1.000000
1782438620.748606,450,0.000423,inf,STAND_TEST,0.000000,0.064181,0.187686,-0.021968,0.000000,0.000000,0.000000,1.000000,1.000000
1782438620.768659,451,0.000370,inf,STAND_TEST,0.000000,0.064203,0.187687,-0.021968,0.000000,0.000000,0.000000,1.000000,1.000000
1782438620.788877,452,0.000441,inf,STAND_TEST,0.000000,0.064202,0.187705,-0.021985,0.000000,0.000000,0.000000,1.000000,1.000000
1782438620.808940,453,0.000450,inf,STAND_TEST,0.000000,0.064211,0.187740,-0.021973,0.000000,0.000000,0.000000,1.000000,1.000000
1782438620.828960,454,0.000416,inf,STAND_TEST,0.000000,0.064217,0.187749,-0.021984,0.000000,0.000000,0.000000,1.000000,1.000000
1782438620.849313,455,0.000713,inf,STAND_TEST,0.000000,0.064220,0.187804,-0.022001,0.000000,0.000000,0.000000,1.000000,1.000000
1782438620.869366,456,0.000712,inf,STAND_TEST,0.000000,0.064194,0.187830,-0.022038,0.000000,0.000000,0.000000,1.000000,1.000000
1782438620.889342,457,0.000633,inf,STAND_TEST,0.000000,0.064186,0.187818,-0.022069,0.000000,0.000000,0.000000,1.000000,1.000000
1782438620.909197,458,0.000407,inf,STAND_TEST,0.000000,0.064171,0.187808,-0.022062,0.000000,0.000000,0.000000,1.000000,1.000000
1782438620.929266,459,0.000423,inf,STAND_TEST,0.000000,0.064182,0.187826,-0.022035,0.000000,0.000000,0.000000,1.000000,1.000000
1782438620.949291,460,0.000395,inf,STAND_TEST,0.000000,0.064187,0.187885,-0.022038,0.000000,0.000000,0.000000,1.000000,1.000000
1782438620.969340,461,0.000390,inf,STAND_TEST,0.000000,0.064202,0.187926,-0.021999,0.000000,0.000000,0.000000,1.000000,1.000000
1782438620.989425,462,0.000420,inf,STAND_TEST,0.000000,0.064227,0.187956,-0.021979,0.000000,0.000000,0.000000,1.000000,1.000000
1782438621.009461,463,0.000403,inf,STAND_TEST,0.000000,0.064222,0.187928,-0.021985,0.000000,0.000000,0.000000,1.000000,1.000000
1782438621.029519,464,0.000450,inf,STAND_TEST,0.000000,0.064217,0.187909,-0.021985,0.000000,0.000000,0.000000,1.000000,1.000000
1782438621.049776,465,0.000652,inf,STAND_TEST,0.000000,0.064215,0.187951,-0.021995,0.000000,0.000000,0.000000,1.000000,1.000000
1782438621.069874,466,0.000694,inf,STAND_TEST,0.000000,0.064235,0.187940,-0.022001,0.000000,0.000000,0.000000,1.000000,1.000000
1782438621.089878,467,0.000641,inf,STAND_TEST,0.000000,0.064218,0.187950,-0.022022,0.000000,0.000000,0.000000,1.000000,1.000000
1782438621.110076,468,0.000785,inf,STAND_TEST,0.000000,0.064206,0.187976,-0.022051,0.000000,0.000000,0.000000,1.000000,1.000000
1782438621.129951,469,0.000415,inf,STAND_TEST,0.000000,0.064203,0.188020,-0.022058,0.000000,0.000000,0.000000,1.000000,1.000000
1782438621.150002,470,0.000410,inf,STAND_TEST,0.000000,0.064190,0.188047,-0.022064,0.000000,0.000000,0.000000,1.000000,1.000000
1782438621.170053,471,0.000407,inf,STAND_TEST,0.000000,0.064191,0.188037,-0.022117,0.000000,0.000000,0.000000,1.000000,1.000000
1782438621.190124,472,0.000422,inf,STAND_TEST,0.000000,0.064181,0.188048,-0.022176,0.000000,0.000000,0.000000,1.000000,1.000000
1782438621.210543,473,0.000786,inf,STAND_TEST,0.000000,0.064178,0.188060,-0.022202,0.000000,0.000000,0.000000,1.000000,1.000000
1782438621.230228,474,0.000416,inf,STAND_TEST,0.000000,0.064178,0.188117,-0.022206,0.000000,0.000000,0.000000,1.000000,1.000000
1782438621.250438,475,0.000571,inf,STAND_TEST,0.000000,0.064225,0.188142,-0.022190,0.000000,0.000000,0.000000,1.000000,1.000000
1782438621.270339,476,0.000417,inf,STAND_TEST,0.000000,0.064213,0.188150,-0.022229,0.000000,0.000000,0.000000,1.000000,1.000000
1782438621.290599,477,0.000429,inf,STAND_TEST,0.000000,0.064233,0.188226,-0.022241,0.000000,0.000000,0.000000,1.000000,1.000000
1782438621.310679,478,0.000409,inf,STAND_TEST,0.000000,0.064239,0.188219,-0.022197,0.000000,0.000000,0.000000,1.000000,1.000000
1782438621.330767,479,0.000442,inf,STAND_TEST,0.000000,0.064242,0.188228,-0.022222,0.000000,0.000000,0.000000,1.000000,1.000000
1782438621.351007,480,0.000628,inf,STAND_TEST,0.000000,0.064249,0.188225,-0.022223,0.000000,0.000000,0.000000,1.000000,1.000000
1782438621.370881,481,0.000447,inf,STAND_TEST,0.000000,0.064231,0.188270,-0.022261,0.000000,0.000000,0.000000,1.000000,1.000000
1782438621.391254,482,0.000766,inf,STAND_TEST,0.000000,0.064234,0.188273,-0.022275,0.000000,0.000000,0.000000,1.000000,1.000000
1782438621.411324,483,0.000782,inf,STAND_TEST,0.000000,0.064275,0.188325,-0.022206,0.000000,0.000000,0.000000,1.000000,1.000000
1782438621.431342,484,0.000409,inf,STAND_TEST,0.000000,0.064265,0.188275,-0.022212,0.000000,0.000000,0.000000,1.000000,1.000000
1782438621.451354,485,0.000368,inf,STAND_TEST,0.000000,0.064234,0.188277,-0.022253,0.000000,0.000000,0.000000,1.000000,1.000000
1782438621.471684,486,0.000644,inf,STAND_TEST,0.000000,0.064232,0.188240,-0.022264,0.000000,0.000000,0.000000,1.000000,1.000000
1782438621.491715,487,0.000622,inf,STAND_TEST,0.000000,0.064232,0.188248,-0.022256,0.000000,0.000000,0.000000,1.000000,1.000000
1782438621.511941,488,0.000794,inf,STAND_TEST,0.000000,0.064237,0.188252,-0.022291,0.000000,0.000000,0.000000,1.000000,1.000000
1782438621.531950,489,0.000775,inf,STAND_TEST,0.000000,0.064229,0.188266,-0.022325,0.000000,0.000000,0.000000,1.000000,1.000000
1782438621.551881,490,0.000652,inf,STAND_TEST,0.000000,0.064219,0.188266,-0.022338,0.000000,0.000000,0.000000,1.000000,1.000000
1782438621.571784,491,0.000441,inf,STAND_TEST,0.000000,0.064216,0.188218,-0.022313,0.000000,0.000000,0.000000,1.000000,1.000000
1782438621.591916,492,0.000420,inf,STAND_TEST,0.000000,0.064225,0.188247,-0.022278,0.000000,0.000000,0.000000,1.000000,1.000000
1782438621.612008,493,0.000458,inf,STAND_TEST,0.000000,0.064239,0.188261,-0.022275,0.000000,0.000000,0.000000,1.000000,1.000000
1782438621.632017,494,0.000414,inf,STAND_TEST,0.000000,0.064232,0.188263,-0.022317,0.000000,0.000000,0.000000,1.000000,1.000000
1782438621.652388,495,0.000731,inf,STAND_TEST,0.000000,0.064213,0.188248,-0.022353,0.000000,0.000000,0.000000,1.000000,1.000000
1782438621.672470,496,0.000759,inf,STAND_TEST,0.000000,0.064209,0.188195,-0.022334,0.000000,0.000000,0.000000,1.000000,1.000000
1782438621.692479,497,0.000713,inf,STAND_TEST,0.000000,0.064190,0.188239,-0.022337,0.000000,0.000000,0.000000,1.000000,1.000000
1782438621.712574,498,0.000754,inf,STAND_TEST,0.000000,0.064182,0.188262,-0.022326,0.000000,0.000000,0.000000,1.000000,1.000000
1782438621.732601,499,0.000415,inf,STAND_TEST,0.000000,0.064163,0.188250,-0.022347,0.000000,0.000000,0.000000,1.000000,1.000000
1782438621.752653,500,0.000413,inf,STAND_TEST,0.000000,0.064176,0.188264,-0.022343,0.000000,0.000000,0.000000,1.000000,1.000000
1782438621.772703,501,0.000408,inf,STAND_TEST,0.000000,0.064195,0.188278,-0.022317,0.000000,0.000000,0.000000,1.000000,1.000000
1782438621.793101,502,0.000751,inf,STAND_TEST,0.000000,0.064225,0.188307,-0.022278,0.000000,0.000000,0.000000,1.000000,1.000000
1782438621.813035,503,0.000633,inf,STAND_TEST,0.000000,0.064243,0.188360,-0.022288,0.000000,0.000000,0.000000,1.000000,1.000000
1782438621.832997,504,0.000408,inf,STAND_TEST,0.000000,0.064269,0.188410,-0.022313,0.000000,0.000000,0.000000,1.000000,1.000000
1782438621.853182,505,0.000441,inf,STAND_TEST,0.000000,0.064293,0.188395,-0.022287,0.000000,0.000000,0.000000,1.000000,1.000000
1782438621.873273,506,0.000478,inf,STAND_TEST,0.000000,0.064255,0.188414,-0.022328,0.000000,0.000000,0.000000,1.000000,1.000000
1782438621.893242,507,0.000392,inf,STAND_TEST,0.000000,0.064274,0.188398,-0.022341,0.000000,0.000000,0.000000,1.000000,1.000000
1782438621.913290,508,0.000385,inf,STAND_TEST,0.000000,0.064309,0.188337,-0.022341,0.000000,0.000000,0.000000,1.000000,1.000000
1782438621.933380,509,0.000421,inf,STAND_TEST,0.000000,0.064331,0.188308,-0.022300,0.000000,0.000000,0.000000,1.000000,1.000000
1782438621.953410,510,0.000397,inf,STAND_TEST,0.000000,0.064337,0.188327,-0.022313,0.000000,0.000000,0.000000,1.000000,1.000000
1782438621.973704,511,0.000635,inf,STAND_TEST,0.000000,0.064361,0.188338,-0.022285,0.000000,0.000000,0.000000,1.000000,1.000000
1782438621.993800,512,0.000675,inf,STAND_TEST,0.000000,0.064380,0.188289,-0.022248,0.000000,0.000000,0.000000,1.000000,1.000000
1782438622.013798,513,0.000433,inf,STAND_TEST,0.000000,0.064407,0.188303,-0.022214,0.000000,0.000000,0.000000,1.000000,1.000000
1782438622.033814,514,0.000396,inf,STAND_TEST,0.000000,0.064411,0.188308,-0.022233,0.000000,0.000000,0.000000,1.000000,1.000000
1782438622.053896,515,0.000423,inf,STAND_TEST,0.000000,0.064452,0.188286,-0.022191,0.000000,0.000000,0.000000,1.000000,1.000000
1782438622.073938,516,0.000412,inf,STAND_TEST,0.000000,0.064437,0.188277,-0.022241,0.000000,0.000000,0.000000,1.000000,1.000000
1782438622.093998,517,0.000416,inf,STAND_TEST,0.000000,0.064448,0.188255,-0.022205,0.000000,0.000000,0.000000,1.000000,1.000000
1782438622.114261,518,0.000625,inf,STAND_TEST,0.000000,0.064457,0.188223,-0.022203,0.000000,0.000000,0.000000,1.000000,1.000000
1782438622.134334,519,0.000643,inf,STAND_TEST,0.000000,0.064451,0.188220,-0.022264,0.000000,0.000000,0.000000,1.000000,1.000000
1782438622.154349,520,0.000604,inf,STAND_TEST,0.000000,0.064465,0.188242,-0.022228,0.000000,0.000000,0.000000,1.000000,1.000000
1782438622.174270,521,0.000389,inf,STAND_TEST,0.000000,0.064502,0.188281,-0.022226,0.000000,0.000000,0.000000,1.000000,1.000000
1782438622.194322,522,0.000387,inf,STAND_TEST,0.000000,0.064500,0.188295,-0.022216,0.000000,0.000000,0.000000,1.000000,1.000000
1782438622.214414,523,0.000424,inf,STAND_TEST,0.000000,0.064470,0.188275,-0.022243,0.000000,0.000000,0.000000,1.000000,1.000000
1782438622.234442,524,0.000398,inf,STAND_TEST,0.000000,0.064456,0.188270,-0.022216,0.000000,0.000000,0.000000,1.000000,1.000000
1782438622.254510,525,0.000412,inf,STAND_TEST,0.000000,0.064477,0.188244,-0.022182,0.000000,0.000000,0.000000,1.000000,1.000000
1782438622.274588,526,0.000437,inf,STAND_TEST,0.000000,0.064490,0.188260,-0.022156,0.000000,0.000000,0.000000,1.000000,1.000000
1782438622.294813,527,0.000609,inf,STAND_TEST,0.000000,0.064489,0.188230,-0.022211,0.000000,0.000000,0.000000,1.000000,1.000000
1782438622.314729,528,0.000489,inf,STAND_TEST,0.000000,0.064477,0.188227,-0.022206,0.000000,0.000000,0.000000,1.000000,1.000000
1782438622.334939,529,0.000643,inf,STAND_TEST,0.000000,0.064500,0.188204,-0.022203,0.000000,0.000000,0.000000,1.000000,1.000000
1782438622.354962,530,0.000612,inf,STAND_TEST,0.000000,0.064489,0.188230,-0.022246,0.000000,0.000000,0.000000,1.000000,1.000000
1782438622.374873,531,0.000395,inf,STAND_TEST,0.000000,0.064509,0.188208,-0.022267,0.000000,0.000000,0.000000,1.000000,1.000000
1782438622.394941,532,0.000408,inf,STAND_TEST,0.000000,0.064532,0.188224,-0.022275,0.000000,0.000000,0.000000,1.000000,1.000000
1782438622.415020,533,0.000432,inf,STAND_TEST,0.000000,0.064537,0.188211,-0.022310,0.000000,0.000000,0.000000,1.000000,1.000000
1782438622.435037,534,0.000394,inf,STAND_TEST,0.000000,0.064531,0.188152,-0.022324,0.000000,0.000000,0.000000,1.000000,1.000000
1782438622.455070,535,0.000372,inf,STAND_TEST,0.000000,0.064528,0.188118,-0.022343,0.000000,0.000000,0.000000,1.000000,1.000000
1782438622.475193,536,0.000439,inf,STAND_TEST,0.000000,0.064534,0.188163,-0.022359,0.000000,0.000000,0.000000,1.000000,1.000000
1782438622.495283,537,0.000472,inf,STAND_TEST,0.000000,0.064543,0.188202,-0.022383,0.000000,0.000000,0.000000,1.000000,1.000000
1782438622.515568,538,0.000699,inf,STAND_TEST,0.000000,0.064577,0.188189,-0.022374,0.000000,0.000000,0.000000,1.000000,1.000000
1782438622.535615,539,0.000689,inf,STAND_TEST,0.000000,0.064606,0.188176,-0.022323,0.000000,0.000000,0.000000,1.000000,1.000000
1782438622.555539,540,0.000452,inf,STAND_TEST,0.000000,0.064622,0.188188,-0.022299,0.000000,0.000000,0.000000,1.000000,1.000000
1782438622.575677,541,0.000531,inf,STAND_TEST,0.000000,0.064628,0.188170,-0.022316,0.000000,0.000000,0.000000,1.000000,1.000000
1782438622.595691,542,0.000513,inf,STAND_TEST,0.000000,0.064626,0.188173,-0.022341,0.000000,0.000000,0.000000,1.000000,1.000000
1782438622.615681,543,0.000446,inf,STAND_TEST,0.000000,0.064632,0.188202,-0.022341,0.000000,0.000000,0.000000,1.000000,1.000000
1782438622.635816,544,0.000525,inf,STAND_TEST,0.000000,0.064640,0.188208,-0.022355,0.000000,0.000000,0.000000,1.000000,1.000000
1782438622.656037,545,0.000689,inf,STAND_TEST,0.000000,0.064654,0.188200,-0.022344,0.000000,0.000000,0.000000,1.000000,1.000000
1782438622.675833,546,0.000431,inf,STAND_TEST,0.000000,0.064627,0.188195,-0.022383,0.000000,0.000000,0.000000,1.000000,1.000000
1782438622.696088,547,0.000632,inf,STAND_TEST,0.000000,0.064643,0.188180,-0.022363,0.000000,0.000000,0.000000,1.000000,1.000000
1782438622.716136,548,0.000625,inf,STAND_TEST,0.000000,0.064623,0.188131,-0.022410,0.000000,0.000000,0.000000,1.000000,1.000000
1782438622.736104,549,0.000425,inf,STAND_TEST,0.000000,0.064608,0.188101,-0.022392,0.000000,0.000000,0.000000,1.000000,1.000000
1782438622.756117,550,0.000384,inf,STAND_TEST,0.000000,0.064616,0.188086,-0.022382,0.000000,0.000000,0.000000,1.000000,1.000000
1782438622.776185,551,0.000398,inf,STAND_TEST,0.000000,0.064627,0.188058,-0.022362,0.000000,0.000000,0.000000,1.000000,1.000000
1782438622.796237,552,0.000396,inf,STAND_TEST,0.000000,0.064603,0.188016,-0.022356,0.000000,0.000000,0.000000,1.000000,1.000000
1782438622.816357,553,0.000461,inf,STAND_TEST,0.000000,0.064600,0.188004,-0.022325,0.000000,0.000000,0.000000,1.000000,1.000000
1782438622.836370,554,0.000420,inf,STAND_TEST,0.000000,0.064617,0.188034,-0.022291,0.000000,0.000000,0.000000,1.000000,1.000000
1782438622.856682,555,0.000677,inf,STAND_TEST,0.000000,0.064593,0.188021,-0.022313,0.000000,0.000000,0.000000,1.000000,1.000000
1782438622.876732,556,0.000672,inf,STAND_TEST,0.000000,0.064599,0.187993,-0.022272,0.000000,0.000000,0.000000,1.000000,1.000000
1782438622.896748,557,0.000632,inf,STAND_TEST,0.000000,0.064596,0.187996,-0.022253,0.000000,0.000000,0.000000,1.000000,1.000000
1782438622.916697,558,0.000425,inf,STAND_TEST,0.000000,0.064631,0.187959,-0.022207,0.000000,0.000000,0.000000,1.000000,1.000000
1782438622.936741,559,0.000416,inf,STAND_TEST,0.000000,0.064649,0.187941,-0.022209,0.000000,0.000000,0.000000,1.000000,1.000000
1782438622.956776,560,0.000397,inf,STAND_TEST,0.000000,0.064597,0.187942,-0.022225,0.000000,0.000000,0.000000,1.000000,1.000000
1782438622.976812,561,0.000379,inf,STAND_TEST,0.000000,0.064600,0.187863,-0.022234,0.000000,0.000000,0.000000,1.000000,1.000000
1782438622.996898,562,0.000412,inf,STAND_TEST,0.000000,0.064583,0.187857,-0.022207,0.000000,0.000000,0.000000,1.000000,1.000000
1782438623.016945,563,0.000405,inf,STAND_TEST,0.000000,0.064596,0.187839,-0.022214,0.000000,0.000000,0.000000,1.000000,1.000000
1782438623.037014,564,0.000420,inf,STAND_TEST,0.000000,0.064625,0.187853,-0.022191,0.000000,0.000000,0.000000,1.000000,1.000000
1782438623.057262,565,0.000615,inf,STAND_TEST,0.000000,0.064647,0.187821,-0.022144,0.000000,0.000000,0.000000,1.000000,1.000000
1782438623.077287,566,0.000586,inf,STAND_TEST,0.000000,0.064664,0.187807,-0.022147,0.000000,0.000000,0.000000,1.000000,1.000000
1782438623.097326,567,0.000493,inf,STAND_TEST,0.000000,0.064653,0.187781,-0.022188,0.000000,0.000000,0.000000,1.000000,1.000000
1782438623.117319,568,0.000430,inf,STAND_TEST,0.000000,0.064650,0.187768,-0.022190,0.000000,0.000000,0.000000,1.000000,1.000000
1782438623.137434,569,0.000488,inf,STAND_TEST,0.000000,0.064637,0.187747,-0.022187,0.000000,0.000000,0.000000,1.000000,1.000000
1782438623.157468,570,0.000466,inf,STAND_TEST,0.000000,0.064634,0.187787,-0.022181,0.000000,0.000000,0.000000,1.000000,1.000000
1782438623.177709,571,0.000651,inf,STAND_TEST,0.000000,0.064651,0.187741,-0.022151,0.000000,0.000000,0.000000,1.000000,1.000000
1782438623.197743,572,0.000629,inf,STAND_TEST,0.000000,0.064642,0.187718,-0.022172,0.000000,0.000000,0.000000,1.000000,1.000000
1782438623.217870,573,0.000700,inf,STAND_TEST,0.000000,0.064627,0.187761,-0.022180,0.000000,0.000000,0.000000,1.000000,1.000000
1782438623.237823,574,0.000457,inf,STAND_TEST,0.000000,0.064613,0.187836,-0.022170,0.000000,0.000000,0.000000,1.000000,1.000000
1782438623.257946,575,0.000395,inf,STAND_TEST,0.000000,0.064605,0.187846,-0.022150,0.000000,0.000000,0.000000,1.000000,1.000000
1782438623.278020,576,0.000413,inf,STAND_TEST,0.000000,0.064568,0.187851,-0.022167,0.000000,0.000000,0.000000,1.000000,1.000000
1782438623.298045,577,0.000385,inf,STAND_TEST,0.000000,0.064515,0.187849,-0.022145,0.000000,0.000000,0.000000,1.000000,1.000000
1782438623.318126,578,0.000412,inf,STAND_TEST,0.000000,0.064468,0.187779,-0.022217,0.000000,0.000000,0.000000,1.000000,1.000000
1782438623.338180,579,0.000410,inf,STAND_TEST,0.000000,0.064521,0.187503,-0.022210,0.000000,0.000000,0.000000,1.000000,1.000000
1782438623.358461,580,0.000636,inf,STAND_TEST,0.000000,0.064542,0.187041,-0.022223,0.000000,0.000000,0.000000,1.000000,1.000000
1782438623.378500,581,0.000434,inf,STAND_TEST,0.000000,0.064533,0.186420,-0.022323,0.000000,0.000000,0.000000,1.000000,1.000000
1782438623.398553,582,0.000418,inf,STAND_TEST,0.000000,0.064697,0.185362,-0.022530,0.000000,0.000000,0.000000,1.000000,1.000000
1782438623.418674,583,0.000432,inf,STAND_TEST,0.000000,0.064927,0.184299,-0.022629,0.000000,0.000000,0.000000,1.000000,1.000000
1782438623.438710,584,0.000413,inf,STAND_TEST,0.000000,0.065313,0.183012,-0.022731,0.000000,0.000000,0.000000,1.000000,1.000000
1782438623.458757,585,0.000405,inf,STAND_TEST,0.000000,0.065796,0.181531,-0.022984,0.000000,0.000000,0.000000,1.000000,1.000000
1782438623.478797,586,0.000391,inf,STAND_TEST,0.000000,0.066465,0.179769,-0.023238,0.000000,0.000000,0.000000,1.000000,1.000000
1782438623.499128,587,0.000666,inf,STAND_TEST,0.000000,0.067129,0.177851,-0.023507,0.000000,0.000000,0.000000,1.000000,1.000000
1782438623.519167,588,0.000651,inf,STAND_TEST,0.000000,0.067782,0.175723,-0.023707,0.000000,0.000000,0.000000,1.000000,1.000000
1782438623.539183,589,0.000612,inf,STAND_TEST,0.000000,0.068461,0.173262,-0.024026,0.000000,0.000000,0.000000,1.000000,1.000000
1782438623.559192,590,0.000375,inf,STAND_TEST,0.000000,0.069194,0.170491,-0.024511,0.000000,0.000000,0.000000,1.000000,1.000000
1782438623.579263,591,0.000390,inf,STAND_TEST,0.000000,0.069917,0.167683,-0.024892,0.000000,0.000000,0.000000,1.000000,1.000000
1782438623.599509,592,0.000579,inf,STAND_TEST,0.000000,0.070678,0.164723,-0.025088,0.000000,0.000000,0.000000,1.000000,1.000000
1782438623.619442,593,0.000456,inf,STAND_TEST,0.000000,0.071238,0.161484,-0.025295,0.000000,0.000000,0.000000,1.000000,1.000000
1782438623.639471,594,0.000429,inf,STAND_TEST,0.000000,0.071645,0.158139,-0.025619,0.000000,0.000000,0.000000,1.000000,1.000000
1782438623.659501,595,0.000405,inf,STAND_TEST,0.000000,0.071993,0.154736,-0.025748,0.000000,0.000000,0.000000,1.000000,1.000000
1782438623.679719,596,0.000391,inf,STAND_TEST,0.000000,0.072126,0.151262,-0.025811,0.000000,0.000000,0.000000,1.000000,1.000000
1782438623.700054,597,0.000394,inf,STAND_TEST,0.000000,0.071944,0.147531,-0.025837,0.000000,0.000000,0.000000,1.000000,1.000000
1782438623.720090,598,0.000376,inf,STAND_TEST,0.000000,0.071774,0.143923,-0.025626,0.000000,0.000000,0.000000,1.000000,1.000000
1782438623.740247,599,0.000479,inf,STAND_TEST,0.000000,0.071818,0.140486,-0.025211,0.000000,0.000000,0.000000,1.000000,1.000000
1782438623.760483,600,0.000661,inf,STAND_TEST,0.000000,0.071928,0.136478,-0.024344,0.000000,0.000000,0.000000,1.000000,1.000000
1782438623.780473,601,0.000597,inf,STAND_TEST,0.000000,0.071630,0.132466,-0.023480,0.000000,0.000000,0.000000,1.000000,1.000000
1782438623.800611,602,0.000680,inf,STAND_TEST,0.000000,0.071164,0.128293,-0.022654,0.000000,0.000000,0.000000,1.000000,1.000000
1782438623.820637,603,0.000458,inf,STAND_TEST,0.000000,0.070564,0.124191,-0.022113,0.000000,0.000000,0.000000,1.000000,1.000000
1782438623.840636,604,0.000402,inf,STAND_TEST,0.000000,0.069949,0.119634,-0.021716,0.000000,0.000000,0.000000,1.000000,1.000000
1782438623.860750,605,0.000463,inf,STAND_TEST,0.000000,0.069046,0.114929,-0.021728,0.000000,0.000000,0.000000,1.000000,1.000000
1782438623.881022,606,0.000679,inf,STAND_TEST,0.000000,0.068184,0.110454,-0.022103,0.000000,0.000000,0.000000,1.000000,1.000000
1782438623.900804,607,0.000406,inf,STAND_TEST,0.000000,0.067398,0.106136,-0.022363,0.000000,0.000000,0.000000,1.000000,1.000000
1782438623.921084,608,0.000631,inf,STAND_TEST,0.000000,0.066572,0.101555,-0.022606,0.000000,0.000000,0.000000,1.000000,1.000000
1782438623.941144,609,0.000638,inf,STAND_TEST,0.000000,0.065911,0.096751,-0.022725,0.000000,0.000000,0.000000,1.000000,1.000000
1782438623.961149,610,0.000588,inf,STAND_TEST,0.000000,0.065109,0.091619,-0.022846,0.000000,0.000000,0.000000,1.000000,1.000000
1782438623.981191,611,0.000413,inf,STAND_TEST,0.000000,0.064180,0.086426,-0.023073,0.000000,0.000000,0.000000,1.000000,1.000000
1782438624.001219,612,0.000387,inf,STAND_TEST,0.000000,0.063387,0.080901,-0.023525,0.000000,0.000000,0.000000,1.000000,1.000000
1782438624.021360,613,0.000473,inf,STAND_TEST,0.000000,0.062560,0.075108,-0.023865,0.000000,0.000000,0.000000,1.000000,1.000000
1782438624.041398,614,0.000457,inf,STAND_TEST,0.000000,0.061597,0.069335,-0.024526,0.000000,0.000000,0.000000,1.000000,1.000000
1782438624.061374,615,0.000378,inf,STAND_TEST,0.000000,0.060495,0.063728,-0.025197,0.000000,0.000000,0.000000,1.000000,1.000000
1782438624.081502,616,0.000453,inf,STAND_TEST,0.000000,0.059308,0.058052,-0.025635,0.000000,0.000000,0.000000,1.000000,1.000000
1782438624.101536,617,0.000432,inf,STAND_TEST,0.000000,0.058228,0.052605,-0.025639,0.000000,0.000000,0.000000,1.000000,1.000000
1782438624.121769,618,0.000610,inf,STAND_TEST,0.000000,0.057350,0.047080,-0.025418,0.000000,0.000000,0.000000,1.000000,1.000000
1782438624.141715,619,0.000417,inf,STAND_TEST,0.000000,0.056402,0.041268,-0.025413,0.000000,0.000000,0.000000,1.000000,1.000000
1782438624.161785,620,0.000412,inf,STAND_TEST,0.000000,0.055356,0.035922,-0.025954,0.000000,0.000000,0.000000,1.000000,1.000000
1782438624.181815,621,0.000387,inf,STAND_TEST,0.000000,0.054270,0.030075,-0.027132,0.000000,0.000000,0.000000,1.000000,1.000000
1782438624.201910,622,0.000425,inf,STAND_TEST,0.000000,0.053096,0.023821,-0.028664,0.000000,0.000000,0.000000,1.000000,1.000000
1782438624.221958,623,0.000418,inf,STAND_TEST,0.000000,0.052044,0.017779,-0.030197,0.000000,0.000000,0.000000,1.000000,1.000000
1782438624.242183,624,0.000588,inf,STAND_TEST,0.000000,0.051138,0.011883,-0.031730,0.000000,0.000000,0.000000,1.000000,1.000000
1782438624.262072,625,0.000422,inf,STAND_TEST,0.000000,0.050116,0.005488,-0.033396,0.000000,0.000000,0.000000,1.000000,1.000000
1782438624.282100,626,0.000395,inf,STAND_TEST,0.000000,0.048939,-0.001013,-0.035112,0.000000,0.000000,0.000000,1.000000,1.000000
1782438624.302318,627,0.000402,inf,STAND_TEST,0.000000,0.047668,-0.007867,-0.036839,0.000000,0.000000,0.000000,1.000000,1.000000
1782438624.322486,628,0.000433,inf,STAND_TEST,0.000000,0.046759,-0.014371,-0.038439,0.000000,0.000000,0.000000,1.000000,1.000000
1782438624.342519,629,0.000410,inf,STAND_TEST,0.000000,0.045958,-0.021012,-0.040068,0.000000,0.000000,0.000000,1.000000,1.000000
1782438624.362596,630,0.000432,inf,STAND_TEST,0.000000,0.045266,-0.027696,-0.041761,0.000000,0.000000,0.000000,1.000000,1.000000
1782438624.382703,631,0.000484,inf,STAND_TEST,0.000000,0.044646,-0.034453,-0.043418,0.000000,0.000000,0.000000,1.000000,1.000000
1782438624.402763,632,0.000486,inf,STAND_TEST,0.000000,0.044131,-0.041150,-0.044553,0.000000,0.000000,0.000000,1.000000,1.000000
1782438624.423192,633,0.000858,inf,STAND_TEST,0.000000,0.043598,-0.047685,-0.045218,0.000000,0.000000,0.000000,1.000000,1.000000
1782438624.443080,634,0.000691,inf,STAND_TEST,0.000000,0.043236,-0.053579,-0.045871,0.000000,0.000000,0.000000,1.000000,1.000000
1782438624.463089,635,0.000644,inf,STAND_TEST,0.000000,0.042830,-0.059958,-0.046937,0.000000,0.000000,0.000000,1.000000,1.000000
1782438624.482941,636,0.000435,inf,STAND_TEST,0.000000,0.042405,-0.066143,-0.048421,0.000000,0.000000,0.000000,1.000000,1.000000
1782438624.503053,637,0.000438,inf,STAND_TEST,0.000000,0.042025,-0.071765,-0.049842,0.000000,0.000000,0.000000,1.000000,1.000000
1782438624.523079,638,0.000409,inf,STAND_TEST,0.000000,0.041725,-0.077642,-0.051391,0.000000,0.000000,0.000000,1.000000,1.000000
1782438624.543152,639,0.000428,inf,STAND_TEST,0.000000,0.041404,-0.083959,-0.052629,0.000000,0.000000,0.000000,1.000000,1.000000
1782438624.563158,640,0.000381,inf,STAND_TEST,0.000000,0.041015,-0.090060,-0.053480,0.000000,0.000000,0.000000,1.000000,1.000000
1782438624.583293,641,0.000459,inf,STAND_TEST,0.000000,0.040802,-0.095905,-0.054288,0.000000,0.000000,0.000000,1.000000,1.000000
1782438624.603834,642,0.000943,inf,STAND_TEST,0.000000,0.040544,-0.102038,-0.054882,0.000000,0.000000,0.000000,1.000000,1.000000
1782438624.623796,643,0.000850,inf,STAND_TEST,0.000000,0.040392,-0.108014,-0.055352,0.000000,0.000000,0.000000,1.000000,1.000000
1782438624.643719,644,0.000717,inf,STAND_TEST,0.000000,0.040075,-0.114076,-0.055504,0.000000,0.000000,0.000000,1.000000,1.000000
1782438624.663951,645,0.000702,inf,STAND_TEST,0.000000,0.039754,-0.119726,-0.055461,0.000000,0.000000,0.000000,1.000000,1.000000
1782438624.683982,646,0.000661,inf,STAND_TEST,0.000000,0.039423,-0.125078,-0.055202,0.000000,0.000000,0.000000,1.000000,1.000000
1782438624.704040,647,0.000661,inf,STAND_TEST,0.000000,0.039069,-0.130221,-0.055223,0.000000,0.000000,0.000000,1.000000,1.000000
1782438624.724100,648,0.000663,inf,STAND_TEST,0.000000,0.038939,-0.135273,-0.055403,0.000000,0.000000,0.000000,1.000000,1.000000
1782438624.744392,649,0.000897,inf,STAND_TEST,0.000000,0.038964,-0.139663,-0.055406,0.000000,0.000000,0.000000,1.000000,1.000000
1782438624.764441,650,0.000889,inf,STAND_TEST,0.000000,0.038942,-0.143348,-0.055434,0.000000,0.000000,0.000000,1.000000,1.000000
1782438624.784459,651,0.000662,inf,STAND_TEST,0.000000,0.038938,-0.146525,-0.055082,0.000000,0.000000,0.000000,1.000000,1.000000
1782438624.804736,652,0.000723,inf,STAND_TEST,0.000000,0.038952,-0.149389,-0.054409,0.000000,0.000000,0.000000,1.000000,1.000000
1782438624.824785,653,0.000673,inf,STAND_TEST,0.000000,0.039048,-0.152595,-0.053775,0.000000,0.000000,0.000000,1.000000,1.000000
1782438624.845099,654,0.000886,inf,STAND_TEST,0.000000,0.039151,-0.156096,-0.053408,0.000000,0.000000,0.000000,1.000000,1.000000
1782438624.865295,655,0.000971,inf,STAND_TEST,0.000000,0.039193,-0.159545,-0.053174,0.000000,0.000000,0.000000,1.000000,1.000000
1782438624.885251,656,0.000870,inf,STAND_TEST,0.000000,0.039323,-0.162081,-0.053095,0.000000,0.000000,0.000000,1.000000,1.000000
1782438624.905312,657,0.000874,inf,STAND_TEST,0.000000,0.039550,-0.163768,-0.053378,0.000000,0.000000,0.000000,1.000000,1.000000
1782438624.925415,658,0.000644,inf,STAND_TEST,0.000000,0.039770,-0.164305,-0.054126,0.000000,0.000000,0.000000,1.000000,1.000000
1782438624.945756,659,0.000883,inf,STAND_TEST,0.000000,0.040029,-0.164305,-0.054896,0.000000,0.000000,0.000000,1.000000,1.000000
1782438624.965865,660,0.000893,inf,STAND_TEST,0.000000,0.040247,-0.164310,-0.055628,0.000000,0.000000,0.000000,1.000000,1.000000
1782438624.985984,661,0.000890,inf,STAND_TEST,0.000000,0.040449,-0.164369,-0.056396,0.000000,0.000000,0.000000,1.000000,1.000000
1782438625.005931,662,0.000662,inf,STAND_TEST,0.000000,0.040596,-0.164672,-0.057195,0.000000,0.000000,0.000000,1.000000,1.000000
1782438625.026124,663,0.000650,inf,STAND_TEST,0.000000,0.040665,-0.165113,-0.057707,0.000000,0.000000,0.000000,1.000000,1.000000
1782438625.046220,664,0.000648,inf,STAND_TEST,0.000000,0.040688,-0.165486,-0.058041,0.000000,0.000000,0.000000,1.000000,1.000000
1782438625.066311,665,0.000652,inf,STAND_TEST,0.000000,0.040745,-0.165697,-0.058298,0.000000,0.000000,0.000000,1.000000,1.000000
1782438625.086636,666,0.000873,inf,STAND_TEST,0.000000,0.040758,-0.165833,-0.058441,0.000000,0.000000,0.000000,1.000000,1.000000
1782438625.106745,667,0.000889,inf,STAND_TEST,0.000000,0.040742,-0.165734,-0.058651,0.000000,0.000000,0.000000,1.000000,1.000000
1782438625.126740,668,0.000647,inf,STAND_TEST,0.000000,0.040707,-0.165366,-0.058993,0.000000,0.000000,0.000000,1.000000,1.000000
1782438625.146850,669,0.000658,inf,STAND_TEST,0.000000,0.040663,-0.164885,-0.059334,0.000000,0.000000,0.000000,1.000000,1.000000
1782438625.166935,670,0.000649,inf,STAND_TEST,0.000000,0.040606,-0.164311,-0.059659,0.000000,0.000000,0.000000,1.000000,1.000000
1782438625.187042,671,0.000651,inf,STAND_TEST,0.000000,0.040554,-0.163632,-0.060014,0.000000,0.000000,0.000000,1.000000,1.000000
1782438625.207601,672,0.001110,inf,STAND_TEST,0.000000,0.040486,-0.163242,-0.060329,0.000000,0.000000,0.000000,1.000000,1.000000
1782438625.227520,673,0.000936,inf,STAND_TEST,0.000000,0.040385,-0.163427,-0.060639,0.000000,0.000000,0.000000,1.000000,1.000000
1782438625.247588,674,0.000900,inf,STAND_TEST,0.000000,0.040344,-0.163870,-0.060923,0.000000,0.000000,0.000000,1.000000,1.000000
1782438625.267389,675,0.000596,inf,STAND_TEST,0.000000,0.040363,-0.164285,-0.061226,0.000000,0.000000,0.000000,1.000000,1.000000
1782438625.287304,676,0.000456,inf,STAND_TEST,0.000000,0.040361,-0.164576,-0.061450,0.000000,0.000000,0.000000,1.000000,1.000000
1782438625.307297,677,0.000394,inf,STAND_TEST,0.000000,0.040356,-0.164849,-0.061546,0.000000,0.000000,0.000000,1.000000,1.000000
1782438625.327369,678,0.000412,inf,STAND_TEST,0.000000,0.040328,-0.165137,-0.061570,0.000000,0.000000,0.000000,1.000000,1.000000
1782438625.347415,679,0.000403,inf,STAND_TEST,0.000000,0.040310,-0.165671,-0.061592,0.000000,0.000000,0.000000,1.000000,1.000000
1782438625.367742,680,0.000674,inf,STAND_TEST,0.000000,0.040301,-0.166317,-0.061561,0.000000,0.000000,0.000000,1.000000,1.000000
1782438625.387757,681,0.000634,inf,STAND_TEST,0.000000,0.040305,-0.166965,-0.061546,0.000000,0.000000,0.000000,1.000000,1.000000
1782438625.407820,682,0.000645,inf,STAND_TEST,0.000000,0.040268,-0.167691,-0.061678,0.000000,0.000000,0.000000,1.000000,1.000000
1782438625.427851,683,0.000622,inf,STAND_TEST,0.000000,0.040252,-0.168522,-0.061826,0.000000,0.000000,0.000000,1.000000,1.000000
1782438625.447718,684,0.000379,inf,STAND_TEST,0.000000,0.040255,-0.169325,-0.061987,0.000000,0.000000,0.000000,1.000000,1.000000
1782438625.467931,685,0.000437,inf,STAND_TEST,0.000000,0.040277,-0.170062,-0.062181,0.000000,0.000000,0.000000,1.000000,1.000000
1782438625.487939,686,0.000391,inf,STAND_TEST,0.000000,0.040292,-0.170771,-0.062303,0.000000,0.000000,0.000000,1.000000,1.000000
1782438625.508033,687,0.000431,inf,STAND_TEST,0.000000,0.040309,-0.171409,-0.062439,0.000000,0.000000,0.000000,1.000000,1.000000
1782438625.528067,688,0.000411,inf,STAND_TEST,0.000000,0.040320,-0.171969,-0.062566,0.000000,0.000000,0.000000,1.000000,1.000000
1782438625.548308,689,0.000598,inf,STAND_TEST,0.000000,0.040322,-0.172399,-0.062643,0.000000,0.000000,0.000000,1.000000,1.000000
1782438625.568366,690,0.000602,inf,STAND_TEST,0.000000,0.040275,-0.172752,-0.062703,0.000000,0.000000,0.000000,1.000000,1.000000
1782438625.588444,691,0.000623,inf,STAND_TEST,0.000000,0.040242,-0.173103,-0.062731,0.000000,0.000000,0.000000,1.000000,1.000000
1782438625.608538,692,0.000461,inf,STAND_TEST,0.000000,0.040184,-0.173286,-0.062774,0.000000,0.000000,0.000000,1.000000,1.000000
1782438625.628577,693,0.000445,inf,STAND_TEST,0.000000,0.040104,-0.173385,-0.062892,0.000000,0.000000,0.000000,1.000000,1.000000
1782438625.648576,694,0.000389,inf,STAND_TEST,0.000000,0.040020,-0.173437,-0.063055,0.000000,0.000000,0.000000,1.000000,1.000000
1782438625.668879,695,0.000638,inf,STAND_TEST,0.000000,0.040018,-0.173404,-0.063224,0.000000,0.000000,0.000000,1.000000,1.000000
1782438625.688737,696,0.000442,inf,STAND_TEST,0.000000,0.040008,-0.173292,-0.063488,0.000000,0.000000,0.000000,1.000000,1.000000
1782438625.708742,697,0.000392,inf,STAND_TEST,0.000000,0.039993,-0.173147,-0.063767,0.000000,0.000000,0.000000,1.000000,1.000000
1782438625.729029,698,0.000624,inf,STAND_TEST,0.000000,0.039971,-0.173043,-0.063907,0.000000,0.000000,0.000000,1.000000,1.000000
1782438625.749062,699,0.000412,inf,STAND_TEST,0.000000,0.039993,-0.172998,-0.064041,0.000000,0.000000,0.000000,1.000000,1.000000
1782438625.769141,700,0.000436,inf,STAND_TEST,0.000000,0.039987,-0.172932,-0.064182,0.000000,0.000000,0.000000,1.000000,1.000000
1782438625.789160,701,0.000401,inf,STAND_TEST,0.000000,0.039987,-0.172945,-0.064213,0.000000,0.000000,0.000000,1.000000,1.000000
1782438625.809223,702,0.000409,inf,STAND_TEST,0.000000,0.040004,-0.172973,-0.064203,0.000000,0.000000,0.000000,1.000000,1.000000
1782438625.829639,703,0.000770,inf,STAND_TEST,0.000000,0.040029,-0.173164,-0.064195,0.000000,0.000000,0.000000,1.000000,1.000000
1782438625.849300,704,0.000376,inf,STAND_TEST,0.000000,0.040079,-0.173371,-0.064335,0.000000,0.000000,0.000000,1.000000,1.000000
1782438625.869668,705,0.000687,inf,STAND_TEST,0.000000,0.040121,-0.173669,-0.064429,0.000000,0.000000,0.000000,1.000000,1.000000
1782438625.889838,706,0.000802,inf,STAND_TEST,0.000000,0.040159,-0.173973,-0.064316,0.000000,0.000000,0.000000,1.000000,1.000000
1782438625.909865,707,0.000774,inf,STAND_TEST,0.000000,0.040198,-0.174281,-0.064076,0.000000,0.000000,0.000000,1.000000,1.000000
1782438625.929824,708,0.000437,inf,STAND_TEST,0.000000,0.040248,-0.174697,-0.063728,0.000000,0.000000,0.000000,1.000000,1.000000
1782438625.949852,709,0.000411,inf,STAND_TEST,0.000000,0.040263,-0.175121,-0.063491,0.000000,0.000000,0.000000,1.000000,1.000000
1782438625.969910,710,0.000414,inf,STAND_TEST,0.000000,0.040301,-0.175536,-0.063356,0.000000,0.000000,0.000000,1.000000,1.000000
1782438625.989955,711,0.000404,inf,STAND_TEST,0.000000,0.040317,-0.176024,-0.063196,0.000000,0.000000,0.000000,1.000000,1.000000
1782438626.010240,712,0.000634,inf,STAND_TEST,0.000000,0.040350,-0.176514,-0.063152,0.000000,0.000000,0.000000,1.000000,1.000000
1782438626.030284,713,0.000625,inf,STAND_TEST,0.000000,0.040359,-0.177050,-0.063416,0.000000,0.000000,0.000000,1.000000,1.000000
1782438626.050332,714,0.000619,inf,STAND_TEST,0.000000,0.040380,-0.177456,-0.063928,0.000000,0.000000,0.000000,1.000000,1.000000
1782438626.070463,715,0.000424,inf,STAND_TEST,0.000000,0.040447,-0.177902,-0.064608,0.000000,0.000000,0.000000,1.000000,1.000000
1782438626.090482,716,0.000388,inf,STAND_TEST,0.000000,0.040417,-0.178320,-0.065511,0.000000,0.000000,0.000000,1.000000,1.000000
1782438626.110562,717,0.000414,inf,STAND_TEST,0.000000,0.040427,-0.178542,-0.066627,0.000000,0.000000,0.000000,1.000000,1.000000
1782438626.130616,718,0.000412,inf,STAND_TEST,0.000000,0.040430,-0.178576,-0.068107,0.000000,0.000000,0.000000,1.000000,1.000000
1782438626.150847,719,0.000589,inf,STAND_TEST,0.000000,0.040522,-0.178331,-0.069825,0.000000,0.000000,0.000000,1.000000,1.000000
1782438626.170876,720,0.000564,inf,STAND_TEST,0.000000,0.040605,-0.177825,-0.071354,0.000000,0.000000,0.000000,1.000000,1.000000
1782438626.191027,721,0.000659,inf,STAND_TEST,0.000000,0.040670,-0.177379,-0.072545,0.000000,0.000000,0.000000,1.000000,1.000000
1782438626.211033,722,0.000462,inf,STAND_TEST,0.000000,0.040694,-0.176995,-0.073287,0.000000,0.000000,0.000000,1.000000,1.000000
1782438626.231060,723,0.000432,inf,STAND_TEST,0.000000,0.040724,-0.176648,-0.073616,0.000000,0.000000,0.000000,1.000000,1.000000
1782438626.251094,724,0.000412,inf,STAND_TEST,0.000000,0.040699,-0.176134,-0.073711,0.000000,0.000000,0.000000,1.000000,1.000000
1782438626.271200,725,0.000463,inf,STAND_TEST,0.000000,0.040589,-0.175401,-0.073736,0.000000,0.000000,0.000000,1.000000,1.000000
1782438626.291414,726,0.000623,inf,STAND_TEST,0.000000,0.040479,-0.174650,-0.073645,0.000000,0.000000,0.000000,1.000000,1.000000
1782438626.311258,727,0.000413,inf,STAND_TEST,0.000000,0.040328,-0.173906,-0.073487,0.000000,0.000000,0.000000,1.000000,1.000000
1782438626.331689,728,0.000789,inf,STAND_TEST,0.000000,0.040073,-0.173100,-0.073403,0.000000,0.000000,0.000000,1.000000,1.000000
1782438626.351960,729,0.000696,inf,STAND_TEST,0.000000,0.039857,-0.172234,-0.073535,0.000000,0.000000,0.000000,1.000000,1.000000
1782438626.371983,730,0.000661,inf,STAND_TEST,0.000000,0.039717,-0.171486,-0.073710,0.000000,0.000000,0.000000,1.000000,1.000000
1782438626.392055,731,0.000673,inf,STAND_TEST,0.000000,0.039611,-0.170688,-0.073868,0.000000,0.000000,0.000000,1.000000,1.000000
1782438626.412359,732,0.000918,inf,STAND_TEST,0.000000,0.039541,-0.169860,-0.074011,0.000000,0.000000,0.000000,1.000000,1.000000
1782438626.432413,733,0.000915,inf,STAND_TEST,0.000000,0.039467,-0.169013,-0.074166,0.000000,0.000000,0.000000,1.000000,1.000000
1782438626.452458,734,0.000901,inf,STAND_TEST,0.000000,0.039450,-0.168218,-0.074352,0.000000,0.000000,0.000000,1.000000,1.000000
1782438626.472528,735,0.000913,inf,STAND_TEST,0.000000,0.039407,-0.167457,-0.074515,0.000000,0.000000,0.000000,1.000000,1.000000
1782438626.492571,736,0.000897,inf,STAND_TEST,0.000000,0.039374,-0.166645,-0.074675,0.000000,0.000000,0.000000,1.000000,1.000000
1782438626.512597,737,0.000706,inf,STAND_TEST,0.000000,0.039381,-0.165835,-0.074777,0.000000,0.000000,0.000000,1.000000,1.000000
1782438626.532590,738,0.000643,inf,STAND_TEST,0.000000,0.039356,-0.165055,-0.074862,0.000000,0.000000,0.000000,1.000000,1.000000
1782438626.552635,739,0.000631,inf,STAND_TEST,0.000000,0.039329,-0.164285,-0.075001,0.000000,0.000000,0.000000,1.000000,1.000000
1782438626.572683,740,0.000622,inf,STAND_TEST,0.000000,0.039286,-0.163516,-0.075187,0.000000,0.000000,0.000000,1.000000,1.000000
1782438626.592746,741,0.000629,inf,STAND_TEST,0.000000,0.039244,-0.162807,-0.075291,0.000000,0.000000,0.000000,1.000000,1.000000
1782438626.613100,742,0.000923,inf,STAND_TEST,0.000000,0.039242,-0.162016,-0.075358,0.000000,0.000000,0.000000,1.000000,1.000000
1782438626.633065,743,0.000831,inf,STAND_TEST,0.000000,0.039221,-0.161207,-0.075358,0.000000,0.000000,0.000000,1.000000,1.000000
1782438626.653114,744,0.000824,inf,STAND_TEST,0.000000,0.039199,-0.160375,-0.075330,0.000000,0.000000,0.000000,1.000000,1.000000
1782438626.673180,745,0.000832,inf,STAND_TEST,0.000000,0.039173,-0.159563,-0.075317,0.000000,0.000000,0.000000,1.000000,1.000000
1782438626.693068,746,0.000622,inf,STAND_TEST,0.000000,0.039117,-0.158603,-0.075280,0.000000,0.000000,0.000000,1.000000,1.000000
1782438626.713244,747,0.000630,inf,STAND_TEST,0.000000,0.039063,-0.157615,-0.075261,0.000000,0.000000,0.000000,1.000000,1.000000
1782438626.733290,748,0.000619,inf,STAND_TEST,0.000000,0.039005,-0.156682,-0.075254,0.000000,0.000000,0.000000,1.000000,1.000000
1782438626.753345,749,0.000617,inf,STAND_TEST,0.000000,0.038963,-0.155573,-0.075196,0.000000,0.000000,0.000000,1.000000,1.000000
1782438626.773684,750,0.000899,inf,STAND_TEST,0.000000,0.038911,-0.154406,-0.075024,0.000000,0.000000,0.000000,1.000000,1.000000
1782438626.793663,751,0.000821,inf,STAND_TEST,0.000000,0.038901,-0.153057,-0.074795,0.000000,0.000000,0.000000,1.000000,1.000000
1782438626.813803,752,0.000902,inf,STAND_TEST,0.000000,0.038837,-0.151562,-0.074598,0.000000,0.000000,0.000000,1.000000,1.000000
1782438626.833660,753,0.000651,inf,STAND_TEST,0.000000,0.038755,-0.149871,-0.074482,0.000000,0.000000,0.000000,1.000000,1.000000
1782438626.854486,754,0.001179,inf,STAND_TEST,0.000000,0.038701,-0.148180,-0.074643,0.000000,0.000000,0.000000,1.000000,1.000000
1782438626.874554,755,0.001119,inf,STAND_TEST,0.000000,0.038632,-0.146290,-0.074864,0.000000,0.000000,0.000000,1.000000,1.000000
1782438626.894588,756,0.001095,inf,STAND_TEST,0.000000,0.038569,-0.144107,-0.074833,0.000000,0.000000,0.000000,1.000000,1.000000
1782438626.914731,757,0.001112,inf,STAND_TEST,0.000000,0.038491,-0.141773,-0.074570,0.000000,0.000000,0.000000,1.000000,1.000000
1782438626.934673,758,0.000993,inf,STAND_TEST,0.000000,0.038452,-0.139218,-0.074465,0.000000,0.000000,0.000000,1.000000,1.000000
1782438626.954524,759,0.000716,inf,STAND_TEST,0.000000,0.038361,-0.136473,-0.074332,0.000000,0.000000,0.000000,1.000000,1.000000
1782438626.974666,760,0.000720,inf,STAND_TEST,0.000000,0.038288,-0.133437,-0.074323,0.000000,0.000000,0.000000,1.000000,1.000000
1782438626.994786,761,0.000720,inf,STAND_TEST,0.000000,0.038228,-0.130348,-0.074479,0.000000,0.000000,0.000000,1.000000,1.000000
1782438627.015212,762,0.001015,inf,STAND_TEST,0.000000,0.038128,-0.127283,-0.074529,0.000000,0.000000,0.000000,1.000000,1.000000
1782438627.034933,763,0.000681,inf,STAND_TEST,0.000000,0.038083,-0.123966,-0.074597,0.000000,0.000000,0.000000,1.000000,1.000000
1782438627.055054,764,0.000748,inf,STAND_TEST,0.000000,0.037955,-0.120527,-0.074605,0.000000,0.000000,0.000000,1.000000,1.000000
1782438627.075045,765,0.000421,inf,STAND_TEST,0.000000,0.037801,-0.116756,-0.074791,0.000000,0.000000,0.000000,1.000000,1.000000
1782438627.095088,766,0.000409,inf,STAND_TEST,0.000000,0.037655,-0.113027,-0.075154,0.000000,0.000000,0.000000,1.000000,1.000000
1782438627.115129,767,0.000396,inf,STAND_TEST,0.000000,0.037494,-0.109082,-0.075667,0.000000,0.000000,0.000000,1.000000,1.000000
1782438627.135630,768,0.000800,inf,STAND_TEST,0.000000,0.037338,-0.104973,-0.076251,0.000000,0.000000,0.000000,1.000000,1.000000
1782438627.155561,769,0.000676,inf,STAND_TEST,0.000000,0.037163,-0.100692,-0.076876,0.000000,0.000000,0.000000,1.000000,1.000000
1782438627.175615,770,0.000674,inf,STAND_TEST,0.000000,0.037010,-0.096186,-0.077677,0.000000,0.000000,0.000000,1.000000,1.000000
1782438627.195624,771,0.000626,inf,STAND_TEST,0.000000,0.036812,-0.091473,-0.078651,0.000000,0.000000,0.000000,1.000000,1.000000
1782438627.215541,772,0.000485,inf,STAND_TEST,0.000000,0.036745,-0.086354,-0.079751,0.000000,0.000000,0.000000,1.000000,1.000000
1782438627.236056,773,0.000702,inf,STAND_TEST,0.000000,0.036694,-0.081633,-0.080638,0.000000,0.000000,0.000000,1.000000,1.000000
1782438627.256059,774,0.000659,inf,STAND_TEST,0.000000,0.036521,-0.076176,-0.081398,0.000000,0.000000,0.000000,1.000000,1.000000
1782438627.276113,775,0.000655,inf,STAND_TEST,0.000000,0.036373,-0.070730,-0.081953,0.000000,0.000000,0.000000,1.000000,1.000000
1782438627.296408,776,0.000892,inf,STAND_TEST,0.000000,0.036279,-0.065024,-0.082637,0.000000,0.000000,0.000000,1.000000,1.000000
1782438627.316521,777,0.000948,inf,STAND_TEST,0.000000,0.036217,-0.059337,-0.083483,0.000000,0.000000,0.000000,1.000000,1.000000
1782438627.336544,778,0.000914,inf,STAND_TEST,0.000000,0.036014,-0.052809,-0.084092,0.000000,0.000000,0.000000,1.000000,1.000000
1782438627.356584,779,0.000666,inf,STAND_TEST,0.000000,0.035890,-0.046174,-0.084130,0.000000,0.000000,0.000000,1.000000,1.000000
1782438627.376673,780,0.000663,inf,STAND_TEST,0.000000,0.035837,-0.039992,-0.083813,0.000000,0.000000,0.000000,1.000000,1.000000
1782438627.396821,781,0.000713,inf,STAND_TEST,0.000000,0.035903,-0.033272,-0.083294,0.000000,0.000000,0.000000,1.000000,1.000000
1782438627.417069,782,0.000904,inf,STAND_TEST,0.000000,0.036125,-0.026455,-0.082679,0.000000,0.000000,0.000000,1.000000,1.000000
1782438627.437108,783,0.000885,inf,STAND_TEST,0.000000,0.036681,-0.019136,-0.082130,0.000000,0.000000,0.000000,1.000000,1.000000
1782438627.457181,784,0.000901,inf,STAND_TEST,0.000000,0.037227,-0.012537,-0.081635,0.000000,0.000000,0.000000,1.000000,1.000000
1782438627.477094,785,0.000646,inf,STAND_TEST,0.000000,0.037979,-0.005228,-0.081332,0.000000,0.000000,0.000000,1.000000,1.000000
1782438627.497308,786,0.000704,inf,STAND_TEST,0.000000,0.038602,0.001410,-0.081315,0.000000,0.000000,0.000000,1.000000,1.000000
1782438627.517683,787,0.000873,inf,STAND_TEST,0.000000,0.039419,0.008751,-0.081612,0.000000,0.000000,0.000000,1.000000,1.000000
1782438627.537753,788,0.000886,inf,STAND_TEST,0.000000,0.040156,0.015765,-0.081919,0.000000,0.000000,0.000000,1.000000,1.000000
1782438627.557808,789,0.000884,inf,STAND_TEST,0.000000,0.040918,0.022773,-0.082348,0.000000,0.000000,0.000000,1.000000,1.000000
1782438627.577905,790,0.000890,inf,STAND_TEST,0.000000,0.041827,0.029630,-0.082597,0.000000,0.000000,0.000000,1.000000,1.000000
1782438627.597942,791,0.000665,inf,STAND_TEST,0.000000,0.042765,0.036413,-0.082712,0.000000,0.000000,0.000000,1.000000,1.000000
1782438627.618065,792,0.000686,inf,STAND_TEST,0.000000,0.043820,0.043696,-0.082719,0.000000,0.000000,0.000000,1.000000,1.000000
1782438627.638165,793,0.000658,inf,STAND_TEST,0.000000,0.044598,0.050610,-0.082717,0.000000,0.000000,0.000000,1.000000,1.000000
1782438627.658491,794,0.000887,inf,STAND_TEST,0.000000,0.045015,0.057763,-0.083268,0.000000,0.000000,0.000000,1.000000,1.000000
1782438627.678596,795,0.000898,inf,STAND_TEST,0.000000,0.045335,0.064652,-0.084325,0.000000,0.000000,0.000000,1.000000,1.000000
1782438627.698687,796,0.000901,inf,STAND_TEST,0.000000,0.045711,0.071657,-0.085440,0.000000,0.000000,0.000000,1.000000,1.000000
1782438627.718736,797,0.000654,inf,STAND_TEST,0.000000,0.046054,0.079171,-0.086779,0.000000,0.000000,0.000000,1.000000,1.000000
1782438627.738839,798,0.000661,inf,STAND_TEST,0.000000,0.046485,0.085537,-0.088306,0.000000,0.000000,0.000000,1.000000,1.000000
1782438627.759161,799,0.000893,inf,STAND_TEST,0.000000,0.046673,0.091959,-0.089813,0.000000,0.000000,0.000000,1.000000,1.000000
1782438627.778790,800,0.000465,inf,STAND_TEST,0.000000,0.046726,0.098147,-0.091402,0.000000,0.000000,0.000000,1.000000,1.000000
1782438627.799052,801,0.000670,inf,STAND_TEST,0.000000,0.046690,0.104557,-0.092961,0.000000,0.000000,0.000000,1.000000,1.000000
1782438627.819084,802,0.000645,inf,STAND_TEST,0.000000,0.046896,0.110118,-0.094256,0.000000,0.000000,0.000000,1.000000,1.000000
1782438627.839036,803,0.000448,inf,STAND_TEST,0.000000,0.047281,0.115872,-0.095252,0.000000,0.000000,0.000000,1.000000,1.000000
1782438627.859215,804,0.000485,inf,STAND_TEST,0.000000,0.047677,0.120919,-0.095546,0.000000,0.000000,0.000000,1.000000,1.000000
1782438627.879327,805,0.000463,inf,STAND_TEST,0.000000,0.048020,0.125580,-0.095577,0.000000,0.000000,0.000000,1.000000,1.000000
1782438627.899717,806,0.000798,inf,STAND_TEST,0.000000,0.048455,0.129661,-0.095571,0.000000,0.000000,0.000000,1.000000,1.000000
1782438627.919391,807,0.000416,inf,STAND_TEST,0.000000,0.048903,0.133354,-0.095433,0.000000,0.000000,0.000000,1.000000,1.000000
1782438627.939679,808,0.000649,inf,STAND_TEST,0.000000,0.049099,0.136792,-0.095363,0.000000,0.000000,0.000000,1.000000,1.000000
1782438627.959823,809,0.000738,inf,STAND_TEST,0.000000,0.049389,0.139604,-0.095438,0.000000,0.000000,0.000000,1.000000,1.000000
1782438627.979756,810,0.000616,inf,STAND_TEST,0.000000,0.049562,0.142029,-0.095511,0.000000,0.000000,0.000000,1.000000,1.000000
1782438627.999761,811,0.000447,inf,STAND_TEST,0.000000,0.049556,0.143602,-0.095739,0.000000,0.000000,0.000000,1.000000,1.000000
1782438628.019814,812,0.000446,inf,STAND_TEST,0.000000,0.049539,0.144668,-0.096031,0.000000,0.000000,0.000000,1.000000,1.000000
1782438628.039830,813,0.000407,inf,STAND_TEST,0.000000,0.049670,0.145245,-0.096276,0.000000,0.000000,0.000000,1.000000,1.000000
1782438628.059867,814,0.000390,inf,STAND_TEST,0.000000,0.049911,0.145402,-0.096465,0.000000,0.000000,0.000000,1.000000,1.000000
1782438628.079948,815,0.000417,inf,STAND_TEST,0.000000,0.050143,0.145024,-0.096715,0.000000,0.000000,0.000000,1.000000,1.000000
1782438628.099991,816,0.000405,inf,STAND_TEST,0.000000,0.050317,0.144029,-0.097090,0.000000,0.000000,0.000000,1.000000,1.000000
1782438628.120407,817,0.000767,inf,STAND_TEST,0.000000,0.050487,0.142481,-0.097620,0.000000,0.000000,0.000000,1.000000,1.000000
1782438628.140707,818,0.000675,inf,STAND_TEST,0.000000,0.050723,0.140116,-0.098158,0.000000,0.000000,0.000000,1.000000,1.000000
1782438628.160807,819,0.000651,inf,STAND_TEST,0.000000,0.050989,0.137182,-0.098731,0.000000,0.000000,0.000000,1.000000,1.000000
1782438628.180928,820,0.000661,inf,STAND_TEST,0.000000,0.051265,0.133764,-0.099196,0.000000,0.000000,0.000000,1.000000,1.000000
1782438628.201225,821,0.000900,inf,STAND_TEST,0.000000,0.051544,0.129844,-0.099379,0.000000,0.000000,0.000000,1.000000,1.000000
1782438628.221381,822,0.000946,inf,STAND_TEST,0.000000,0.051757,0.125269,-0.099358,0.000000,0.000000,0.000000,1.000000,1.000000
1782438628.241457,823,0.000919,inf,STAND_TEST,0.000000,0.051932,0.120195,-0.099190,0.000000,0.000000,0.000000,1.000000,1.000000
1782438628.261538,824,0.000677,inf,STAND_TEST,0.000000,0.052080,0.114748,-0.099010,0.000000,0.000000,0.000000,1.000000,1.000000
1782438628.281621,825,0.000659,inf,STAND_TEST,0.000000,0.052214,0.108726,-0.098654,0.000000,0.000000,0.000000,1.000000,1.000000
1782438628.301738,826,0.000679,inf,STAND_TEST,0.000000,0.052393,0.102815,-0.098169,0.000000,0.000000,0.000000,1.000000,1.000000
1782438628.322194,827,0.001030,inf,STAND_TEST,0.000000,0.052502,0.096936,-0.097647,0.000000,0.000000,0.000000,1.000000,1.000000
1782438628.342169,828,0.000906,inf,STAND_TEST,0.000000,0.052531,0.090124,-0.097136,0.000000,0.000000,0.000000,1.000000,1.000000
1782438628.362186,829,0.000663,inf,STAND_TEST,0.000000,0.052388,0.083243,-0.096417,0.000000,0.000000,0.000000,1.000000,1.000000
1782438628.382283,830,0.000659,inf,STAND_TEST,0.000000,0.051885,0.077068,-0.095889,0.000000,0.000000,0.000000,1.000000,1.000000
1782438628.402437,831,0.000714,inf,STAND_TEST,0.000000,0.051022,0.070786,-0.095281,0.000000,0.000000,0.000000,1.000000,1.000000
1782438628.422720,832,0.000898,inf,STAND_TEST,0.000000,0.049876,0.064155,-0.095005,0.000000,0.000000,0.000000,1.000000,1.000000
1782438628.442806,833,0.000888,inf,STAND_TEST,0.000000,0.048949,0.057778,-0.094630,0.000000,0.000000,0.000000,1.000000,1.000000
1782438628.462844,834,0.000654,inf,STAND_TEST,0.000000,0.048103,0.051475,-0.093974,0.000000,0.000000,0.000000,1.000000,1.000000
1782438628.482945,835,0.000650,inf,STAND_TEST,0.000000,0.047315,0.045203,-0.093642,0.000000,0.000000,0.000000,1.000000,1.000000
1782438628.503062,836,0.000673,inf,STAND_TEST,0.000000,0.046430,0.038822,-0.093654,0.000000,0.000000,0.000000,1.000000,1.000000
1782438628.523371,837,0.000877,inf,STAND_TEST,0.000000,0.045313,0.032132,-0.093943,0.000000,0.000000,0.000000,1.000000,1.000000
1782438628.543535,838,0.000931,inf,STAND_TEST,0.000000,0.044404,0.025999,-0.094384,0.000000,0.000000,0.000000,1.000000,1.000000
1782438628.563494,839,0.000658,inf,STAND_TEST,0.000000,0.043416,0.019174,-0.095078,0.000000,0.000000,0.000000,1.000000,1.000000
1782438628.583621,840,0.000677,inf,STAND_TEST,0.000000,0.042551,0.012652,-0.095575,0.000000,0.000000,0.000000,1.000000,1.000000
1782438628.603703,841,0.000661,inf,STAND_TEST,0.000000,0.041750,0.006048,-0.096217,0.000000,0.000000,0.000000,1.000000,1.000000
1782438628.624143,842,0.001031,inf,STAND_TEST,0.000000,0.040940,-0.000569,-0.097121,0.000000,0.000000,0.000000,1.000000,1.000000
1782438628.644018,843,0.000849,inf,STAND_TEST,0.000000,0.040208,-0.007139,-0.098012,0.000000,0.000000,0.000000,1.000000,1.000000
1782438628.663662,844,0.000486,inf,STAND_TEST,0.000000,0.039319,-0.013549,-0.098590,0.000000,0.000000,0.000000,1.000000,1.000000
1782438628.683856,845,0.000625,inf,STAND_TEST,0.000000,0.038764,-0.019595,-0.099030,0.000000,0.000000,0.000000,1.000000,1.000000
1782438628.703963,846,0.000677,inf,STAND_TEST,0.000000,0.038166,-0.025981,-0.099364,0.000000,0.000000,0.000000,1.000000,1.000000
1782438628.724141,847,0.000807,inf,STAND_TEST,0.000000,0.037537,-0.032618,-0.099527,0.000000,0.000000,0.000000,1.000000,1.000000
1782438628.744039,848,0.000465,inf,STAND_TEST,0.000000,0.036956,-0.039188,-0.099957,0.000000,0.000000,0.000000,1.000000,1.000000
1782438628.764060,849,0.000431,inf,STAND_TEST,0.000000,0.036467,-0.045164,-0.100310,0.000000,0.000000,0.000000,1.000000,1.000000
1782438628.784104,850,0.000418,inf,STAND_TEST,0.000000,0.035998,-0.051524,-0.100656,0.000000,0.000000,0.000000,1.000000,1.000000
1782438628.804158,851,0.000415,inf,STAND_TEST,0.000000,0.035591,-0.058031,-0.100903,0.000000,0.000000,0.000000,1.000000,1.000000
1782438628.824259,852,0.000414,inf,STAND_TEST,0.000000,0.035253,-0.064776,-0.101319,0.000000,0.000000,0.000000,1.000000,1.000000
1782438628.844323,853,0.000420,inf,STAND_TEST,0.000000,0.034825,-0.070837,-0.101647,0.000000,0.000000,0.000000,1.000000,1.000000
1782438628.864654,854,0.000693,inf,STAND_TEST,0.000000,0.034436,-0.077189,-0.102013,0.000000,0.000000,0.000000,1.000000,1.000000
1782438628.884713,855,0.000694,inf,STAND_TEST,0.000000,0.034200,-0.083426,-0.102370,0.000000,0.000000,0.000000,1.000000,1.000000
1782438628.904498,856,0.000421,inf,STAND_TEST,0.000000,0.033846,-0.089774,-0.102587,0.000000,0.000000,0.000000,1.000000,1.000000
1782438628.924682,857,0.000417,inf,STAND_TEST,0.000000,0.033507,-0.095297,-0.102457,0.000000,0.000000,0.000000,1.000000,1.000000
1782438628.944853,858,0.000411,inf,STAND_TEST,0.000000,0.033369,-0.101407,-0.102283,0.000000,0.000000,0.000000,1.000000,1.000000
1782438628.964980,859,0.000429,inf,STAND_TEST,0.000000,0.033440,-0.106695,-0.102015,0.000000,0.000000,0.000000,1.000000,1.000000
1782438628.985317,860,0.000660,inf,STAND_TEST,0.000000,0.033476,-0.112313,-0.102008,0.000000,0.000000,0.000000,1.000000,1.000000
1782438629.005422,861,0.000423,inf,STAND_TEST,0.000000,0.033575,-0.117741,-0.102300,0.000000,0.000000,0.000000,1.000000,1.000000
1782438629.025541,862,0.000437,inf,STAND_TEST,0.000000,0.033733,-0.122789,-0.102578,0.000000,0.000000,0.000000,1.000000,1.000000
1782438629.045625,863,0.000410,inf,STAND_TEST,0.000000,0.033923,-0.127535,-0.102693,0.000000,0.000000,0.000000,1.000000,1.000000
1782438629.065994,864,0.000679,inf,STAND_TEST,0.000000,0.034152,-0.132684,-0.102514,0.000000,0.000000,0.000000,1.000000,1.000000
1782438629.086020,865,0.000408,inf,STAND_TEST,0.000000,0.034465,-0.137699,-0.102344,0.000000,0.000000,0.000000,1.000000,1.000000
1782438629.106275,866,0.000407,inf,STAND_TEST,0.000000,0.034815,-0.142140,-0.102413,0.000000,0.000000,0.000000,1.000000,1.000000
1782438629.126399,867,0.000418,inf,STAND_TEST,0.000000,0.035246,-0.146665,-0.102625,0.000000,0.000000,0.000000,1.000000,1.000000
1782438629.147083,868,0.001007,inf,STAND_TEST,0.000000,0.035647,-0.151124,-0.102850,0.000000,0.000000,0.000000,1.000000,1.000000
1782438629.167063,869,0.000893,inf,STAND_TEST,0.000000,0.036084,-0.155538,-0.103050,0.000000,0.000000,0.000000,1.000000,1.000000
1782438629.187071,870,0.000659,inf,STAND_TEST,0.000000,0.036463,-0.159518,-0.103315,0.000000,0.000000,0.000000,1.000000,1.000000
1782438629.207183,871,0.000676,inf,STAND_TEST,0.000000,0.036892,-0.163071,-0.103575,0.000000,0.000000,0.000000,1.000000,1.000000
1782438629.227302,872,0.000696,inf,STAND_TEST,0.000000,0.037348,-0.166010,-0.103859,0.000000,0.000000,0.000000,1.000000,1.000000
1782438629.247145,873,0.000484,inf,STAND_TEST,0.000000,0.038067,-0.167822,-0.104549,0.000000,0.000000,0.000000,1.000000,1.000000
1782438629.267143,874,0.000428,inf,STAND_TEST,0.000000,0.038764,-0.169008,-0.105475,0.000000,0.000000,0.000000,1.000000,1.000000
1782438629.287429,875,0.000659,inf,STAND_TEST,0.000000,0.039445,-0.170335,-0.106296,0.000000,0.000000,0.000000,1.000000,1.000000
1782438629.307465,876,0.000640,inf,STAND_TEST,0.000000,0.039743,-0.171228,-0.106921,0.000000,0.000000,0.000000,1.000000,1.000000
1782438629.327391,877,0.000430,inf,STAND_TEST,0.000000,0.040122,-0.171507,-0.107938,0.000000,0.000000,0.000000,1.000000,1.000000
1782438629.347534,878,0.000421,inf,STAND_TEST,0.000000,0.040514,-0.171768,-0.109359,0.000000,0.000000,0.000000,1.000000,1.000000
1782438629.367590,879,0.000422,inf,STAND_TEST,0.000000,0.040907,-0.172743,-0.110954,0.000000,0.000000,0.000000,1.000000,1.000000
1782438629.387645,880,0.000471,inf,STAND_TEST,0.000000,0.041127,-0.174162,-0.112184,0.000000,0.000000,0.000000,1.000000,1.000000
1782438629.407745,881,0.000437,inf,STAND_TEST,0.000000,0.041307,-0.175345,-0.112987,0.000000,0.000000,0.000000,1.000000,1.000000
1782438629.427787,882,0.000421,inf,STAND_TEST,0.000000,0.041541,-0.176678,-0.113489,0.000000,0.000000,0.000000,1.000000,1.000000
1782438629.447843,883,0.000419,inf,STAND_TEST,0.000000,0.041750,-0.177621,-0.113754,0.000000,0.000000,0.000000,1.000000,1.000000
1782438629.468222,884,0.000428,inf,STAND_TEST,0.000000,0.041942,-0.177957,-0.114030,0.000000,0.000000,0.000000,1.000000,1.000000
1782438629.488322,885,0.000415,inf,STAND_TEST,0.000000,0.042127,-0.177876,-0.114311,0.000000,0.000000,0.000000,1.000000,1.000000
1782438629.508445,886,0.000482,inf,STAND_TEST,0.000000,0.042266,-0.177628,-0.114675,0.000000,0.000000,0.000000,1.000000,1.000000
1782438629.528471,887,0.000452,inf,STAND_TEST,0.000000,0.042281,-0.177407,-0.115114,0.000000,0.000000,0.000000,1.000000,1.000000
1782438629.548522,888,0.000448,inf,STAND_TEST,0.000000,0.042278,-0.177087,-0.115757,0.000000,0.000000,0.000000,1.000000,1.000000
1782438629.568897,889,0.000768,inf,STAND_TEST,0.000000,0.042279,-0.176622,-0.116421,0.000000,0.000000,0.000000,1.000000,1.000000
1782438629.588733,890,0.000431,inf,STAND_TEST,0.000000,0.042292,-0.175926,-0.117064,0.000000,0.000000,0.000000,1.000000,1.000000
1782438629.609069,891,0.000471,inf,STAND_TEST,0.000000,0.042254,-0.175161,-0.117562,0.000000,0.000000,0.000000,1.000000,1.000000
1782438629.629099,892,0.000446,inf,STAND_TEST,0.000000,0.042198,-0.174325,-0.118105,0.000000,0.000000,0.000000,1.000000,1.000000
1782438629.649127,893,0.000420,inf,STAND_TEST,0.000000,0.042071,-0.173606,-0.118812,0.000000,0.000000,0.000000,1.000000,1.000000
1782438629.669532,894,0.000769,inf,STAND_TEST,0.000000,0.041865,-0.173199,-0.119622,0.000000,0.000000,0.000000,1.000000,1.000000
1782438629.689602,895,0.000784,inf,STAND_TEST,0.000000,0.041621,-0.172931,-0.120430,0.000000,0.000000,0.000000,1.000000,1.000000
1782438629.709517,896,0.000644,inf,STAND_TEST,0.000000,0.041344,-0.172767,-0.121309,0.000000,0.000000,0.000000,1.000000,1.000000
1782438629.729781,897,0.000852,inf,STAND_TEST,0.000000,0.041092,-0.172678,-0.121919,0.000000,0.000000,0.000000,1.000000,1.000000
1782438629.749594,898,0.000439,inf,STAND_TEST,0.000000,0.040849,-0.172559,-0.122374,0.000000,0.000000,0.000000,1.000000,1.000000
1782438629.769648,899,0.000428,inf,STAND_TEST,0.000000,0.040604,-0.172482,-0.122810,0.000000,0.000000,0.000000,1.000000,1.000000
1782438629.789739,900,0.000461,inf,STAND_TEST,0.000000,0.040452,-0.172400,-0.123240,0.000000,0.000000,0.000000,1.000000,1.000000
1782438629.809767,901,0.000433,inf,STAND_TEST,0.000000,0.040309,-0.172364,-0.123611,0.000000,0.000000,0.000000,1.000000,1.000000
1782438629.829821,902,0.000430,inf,STAND_TEST,0.000000,0.040180,-0.172414,-0.123964,0.000000,0.000000,0.000000,1.000000,1.000000
1782438629.850114,903,0.000666,inf,STAND_TEST,0.000000,0.040068,-0.172612,-0.124280,0.000000,0.000000,0.000000,1.000000,1.000000
1782438629.870198,904,0.000693,inf,STAND_TEST,0.000000,0.040006,-0.172935,-0.124333,0.000000,0.000000,0.000000,1.000000,1.000000
1782438629.890170,905,0.000432,inf,STAND_TEST,0.000000,0.039905,-0.173317,-0.124165,0.000000,0.000000,0.000000,1.000000,1.000000
1782438629.910275,906,0.000481,inf,STAND_TEST,0.000000,0.039850,-0.173788,-0.123921,0.000000,0.000000,0.000000,1.000000,1.000000
1782438629.930294,907,0.000444,inf,STAND_TEST,0.000000,0.039832,-0.174378,-0.123483,0.000000,0.000000,0.000000,1.000000,1.000000
1782438629.950305,908,0.000399,inf,STAND_TEST,0.000000,0.039869,-0.174902,-0.122871,0.000000,0.000000,0.000000,1.000000,1.000000
1782438629.970741,909,0.000780,inf,STAND_TEST,0.000000,0.039901,-0.175421,-0.122214,0.000000,0.000000,0.000000,1.000000,1.000000
1782438629.990776,910,0.000759,inf,STAND_TEST,0.000000,0.039982,-0.175852,-0.121600,0.000000,0.000000,0.000000,1.000000,1.000000
1782438630.010516,911,0.000444,inf,STAND_TEST,0.000000,0.040152,-0.176180,-0.121042,0.000000,0.000000,0.000000,1.000000,1.000000
1782438630.030759,912,0.000630,inf,STAND_TEST,0.000000,0.040366,-0.176380,-0.120448,0.000000,0.000000,0.000000,1.000000,1.000000
1782438630.050788,913,0.000404,inf,STAND_TEST,0.000000,0.040600,-0.176565,-0.119755,0.000000,0.000000,0.000000,1.000000,1.000000
1782438630.070845,914,0.000404,inf,STAND_TEST,0.000000,0.040808,-0.176763,-0.119061,0.000000,0.000000,0.000000,1.000000,1.000000
1782438630.090915,915,0.000418,inf,STAND_TEST,0.000000,0.041033,-0.177004,-0.118182,0.000000,0.000000,0.000000,1.000000,1.000000
1782438630.110981,916,0.000427,inf,STAND_TEST,0.000000,0.041300,-0.177036,-0.117225,0.000000,0.000000,0.000000,1.000000,1.000000
1782438630.131017,917,0.000402,inf,STAND_TEST,0.000000,0.041494,-0.177058,-0.116565,0.000000,0.000000,0.000000,1.000000,1.000000
1782438630.151139,918,0.000419,inf,STAND_TEST,0.000000,0.041675,-0.177054,-0.116261,0.000000,0.000000,0.000000,1.000000,1.000000
1782438630.171611,919,0.000834,inf,STAND_TEST,0.000000,0.041771,-0.177070,-0.116168,0.000000,0.000000,0.000000,1.000000,1.000000
1782438630.191551,920,0.000717,inf,STAND_TEST,0.000000,0.041815,-0.177062,-0.116227,0.000000,0.000000,0.000000,1.000000,1.000000
1782438630.211494,921,0.000452,inf,STAND_TEST,0.000000,0.041803,-0.176921,-0.116529,0.000000,0.000000,0.000000,1.000000,1.000000
1782438630.231650,922,0.000430,inf,STAND_TEST,0.000000,0.041814,-0.176677,-0.116849,0.000000,0.000000,0.000000,1.000000,1.000000
1782438630.251693,923,0.000420,inf,STAND_TEST,0.000000,0.041874,-0.176383,-0.117109,0.000000,0.000000,0.000000,1.000000,1.000000
1782438630.271980,924,0.000652,inf,STAND_TEST,0.000000,0.041912,-0.176026,-0.117412,0.000000,0.000000,0.000000,1.000000,1.000000
1782438630.291856,925,0.000474,inf,STAND_TEST,0.000000,0.041925,-0.175549,-0.117613,0.000000,0.000000,0.000000,1.000000,1.000000
1782438630.311879,926,0.000442,inf,STAND_TEST,0.000000,0.041881,-0.175055,-0.117799,0.000000,0.000000,0.000000,1.000000,1.000000
1782438630.332250,927,0.000755,inf,STAND_TEST,0.000000,0.041819,-0.174492,-0.118122,0.000000,0.000000,0.000000,1.000000,1.000000
1782438630.352155,928,0.000432,inf,STAND_TEST,0.000000,0.041712,-0.174004,-0.118439,0.000000,0.000000,0.000000,1.000000,1.000000
1782438630.372197,929,0.000418,inf,STAND_TEST,0.000000,0.041596,-0.173581,-0.118703,0.000000,0.000000,0.000000,1.000000,1.000000
1782438630.392300,930,0.000446,inf,STAND_TEST,0.000000,0.041475,-0.173160,-0.118897,0.000000,0.000000,0.000000,1.000000,1.000000
1782438630.412411,931,0.000440,inf,STAND_TEST,0.000000,0.041331,-0.172746,-0.119062,0.000000,0.000000,0.000000,1.000000,1.000000
1782438630.432751,932,0.000674,inf,STAND_TEST,0.000000,0.041181,-0.172332,-0.119148,0.000000,0.000000,0.000000,1.000000,1.000000
1782438630.452850,933,0.000668,inf,STAND_TEST,0.000000,0.041092,-0.171967,-0.119278,0.000000,0.000000,0.000000,1.000000,1.000000
1782438630.472748,934,0.000453,inf,STAND_TEST,0.000000,0.040995,-0.171637,-0.119399,0.000000,0.000000,0.000000,1.000000,1.000000
1782438630.492923,935,0.000425,inf,STAND_TEST,0.000000,0.040974,-0.171289,-0.119535,0.000000,0.000000,0.000000,1.000000,1.000000
1782438630.513023,936,0.000468,inf,STAND_TEST,0.000000,0.040933,-0.170955,-0.119514,0.000000,0.000000,0.000000,1.000000,1.000000
1782438630.533059,937,0.000449,inf,STAND_TEST,0.000000,0.040879,-0.170730,-0.119488,0.000000,0.000000,0.000000,1.000000,1.000000
1782438630.553301,938,0.000636,inf,STAND_TEST,0.000000,0.040857,-0.170529,-0.119504,0.000000,0.000000,0.000000,1.000000,1.000000
1782438630.573112,939,0.000393,inf,STAND_TEST,0.000000,0.040881,-0.170376,-0.119501,0.000000,0.000000,0.000000,1.000000,1.000000
1782438630.593341,940,0.000426,inf,STAND_TEST,0.000000,0.040916,-0.170190,-0.119507,0.000000,0.000000,0.000000,1.000000,1.000000
1782438630.613642,941,0.000485,inf,STAND_TEST,0.000000,0.040900,-0.170027,-0.119513,0.000000,0.000000,0.000000,1.000000,1.000000
1782438630.633711,942,0.000498,inf,STAND_TEST,0.000000,0.040917,-0.169788,-0.119569,0.000000,0.000000,0.000000,1.000000,1.000000
1782438630.653797,943,0.000528,inf,STAND_TEST,0.000000,0.040924,-0.169576,-0.119635,0.000000,0.000000,0.000000,1.000000,1.000000
1782438630.673759,944,0.000434,inf,STAND_TEST,0.000000,0.040916,-0.169348,-0.119748,0.000000,0.000000,0.000000,1.000000,1.000000
1782438630.694002,945,0.000620,inf,STAND_TEST,0.000000,0.040895,-0.169064,-0.119801,0.000000,0.000000,0.000000,1.000000,1.000000
1782438630.713881,946,0.000443,inf,STAND_TEST,0.000000,0.040845,-0.168768,-0.119882,0.000000,0.000000,0.000000,1.000000,1.000000
1782438630.734127,947,0.000633,inf,STAND_TEST,0.000000,0.040819,-0.168429,-0.120014,0.000000,0.000000,0.000000,1.000000,1.000000
1782438630.754032,948,0.000393,inf,STAND_TEST,0.000000,0.040787,-0.168007,-0.120129,0.000000,0.000000,0.000000,1.000000,1.000000
1782438630.774209,949,0.000419,inf,STAND_TEST,0.000000,0.040726,-0.167546,-0.120245,0.000000,0.000000,0.000000,1.000000,1.000000
1782438630.794245,950,0.000400,inf,STAND_TEST,0.000000,0.040658,-0.166995,-0.120331,0.000000,0.000000,0.000000,1.000000,1.000000
1782438630.814327,951,0.000427,inf,STAND_TEST,0.000000,0.040569,-0.166416,-0.120458,0.000000,0.000000,0.000000,1.000000,1.000000
1782438630.834389,952,0.000433,inf,STAND_TEST,0.000000,0.040479,-0.165799,-0.120560,0.000000,0.000000,0.000000,1.000000,1.000000
1782438630.854440,953,0.000429,inf,STAND_TEST,0.000000,0.040338,-0.165159,-0.120674,0.000000,0.000000,0.000000,1.000000,1.000000
1782438630.874527,954,0.000460,inf,STAND_TEST,0.000000,0.040213,-0.164377,-0.120814,0.000000,0.000000,0.000000,1.000000,1.000000
1782438630.894735,955,0.000612,inf,STAND_TEST,0.000000,0.040097,-0.163468,-0.120945,0.000000,0.000000,0.000000,1.000000,1.000000
1782438630.914751,956,0.000409,inf,STAND_TEST,0.000000,0.039967,-0.162482,-0.121076,0.000000,0.000000,0.000000,1.000000,1.000000
1782438630.934827,957,0.000430,inf,STAND_TEST,0.000000,0.039833,-0.161362,-0.121234,0.000000,0.000000,0.000000,1.000000,1.000000
1782438630.954856,958,0.000404,inf,STAND_TEST,0.000000,0.039653,-0.160229,-0.121301,0.000000,0.000000,0.000000,1.000000,1.000000
1782438630.974891,959,0.000385,inf,STAND_TEST,0.000000,0.039457,-0.158895,-0.121396,0.000000,0.000000,0.000000,1.000000,1.000000
1782438630.994971,960,0.000410,inf,STAND_TEST,0.000000,0.039218,-0.157651,-0.121520,0.000000,0.000000,0.000000,1.000000,1.000000
1782438631.015052,961,0.000434,inf,STAND_TEST,0.000000,0.039013,-0.156135,-0.121737,0.000000,0.000000,0.000000,1.000000,1.000000
1782438631.035110,962,0.000436,inf,STAND_TEST,0.000000,0.038776,-0.154474,-0.121905,0.000000,0.000000,0.000000,1.000000,1.000000
1782438631.055318,963,0.000588,inf,STAND_TEST,0.000000,0.038521,-0.152668,-0.122044,0.000000,0.000000,0.000000,1.000000,1.000000
1782438631.075398,964,0.000614,inf,STAND_TEST,0.000000,0.038300,-0.150720,-0.122107,0.000000,0.000000,0.000000,1.000000,1.000000
1782438631.095480,965,0.000639,inf,STAND_TEST,0.000000,0.038054,-0.148689,-0.122210,0.000000,0.000000,0.000000,1.000000,1.000000
1782438631.115597,966,0.000570,inf,STAND_TEST,0.000000,0.037794,-0.146443,-0.122239,0.000000,0.000000,0.000000,1.000000,1.000000
1782438631.135522,967,0.000440,inf,STAND_TEST,0.000000,0.037518,-0.144257,-0.122139,0.000000,0.000000,0.000000,1.000000,1.000000
1782438631.155553,968,0.000417,inf,STAND_TEST,0.000000,0.037202,-0.141858,-0.122339,0.000000,0.000000,0.000000,1.000000,1.000000
1782438631.175667,969,0.000491,inf,STAND_TEST,0.000000,0.036852,-0.139196,-0.122726,0.000000,0.000000,0.000000,1.000000,1.000000
1782438631.195641,970,0.000411,inf,STAND_TEST,0.000000,0.036584,-0.136609,-0.122872,0.000000,0.000000,0.000000,1.000000,1.000000
1782438631.216055,971,0.000770,inf,STAND_TEST,0.000000,0.036293,-0.134013,-0.122969,0.000000,0.000000,0.000000,1.000000,1.000000
1782438631.236067,972,0.000718,inf,STAND_TEST,0.000000,0.035968,-0.131229,-0.123063,0.000000,0.000000,0.000000,1.000000,1.000000
1782438631.256005,973,0.000381,inf,STAND_TEST,0.000000,0.035686,-0.128168,-0.123292,0.000000,0.000000,0.000000,1.000000,1.000000
1782438631.276133,974,0.000453,inf,STAND_TEST,0.000000,0.035388,-0.125092,-0.123662,0.000000,0.000000,0.000000,1.000000,1.000000
1782438631.296111,975,0.000368,inf,STAND_TEST,0.000000,0.035112,-0.121996,-0.123941,0.000000,0.000000,0.000000,1.000000,1.000000
1782438631.316220,976,0.000420,inf,STAND_TEST,0.000000,0.034777,-0.118824,-0.124188,0.000000,0.000000,0.000000,1.000000,1.000000
1782438631.336521,977,0.000664,inf,STAND_TEST,0.000000,0.034427,-0.115536,-0.124329,0.000000,0.000000,0.000000,1.000000,1.000000
1782438631.356602,978,0.000687,inf,STAND_TEST,0.000000,0.034095,-0.112488,-0.124630,0.000000,0.000000,0.000000,1.000000,1.000000
1782438631.376628,979,0.000658,inf,STAND_TEST,0.000000,0.033741,-0.109167,-0.125070,0.000000,0.000000,0.000000,1.000000,1.000000
1782438631.396631,980,0.000424,inf,STAND_TEST,0.000000,0.033386,-0.105705,-0.125852,0.000000,0.000000,0.000000,1.000000,1.000000
1782438631.416682,981,0.000419,inf,STAND_TEST,0.000000,0.033077,-0.102458,-0.126769,0.000000,0.000000,0.000000,1.000000,1.000000
1782438631.436721,982,0.000404,inf,STAND_TEST,0.000000,0.032857,-0.099181,-0.127458,0.000000,0.000000,0.000000,1.000000,1.000000
1782438631.456768,983,0.000396,inf,STAND_TEST,0.000000,0.032653,-0.096038,-0.127750,0.000000,0.000000,0.000000,1.000000,1.000000
1782438631.476820,984,0.000394,inf,STAND_TEST,0.000000,0.032439,-0.092972,-0.127863,0.000000,0.000000,0.000000,1.000000,1.000000
1782438631.496889,985,0.000408,inf,STAND_TEST,0.000000,0.032225,-0.090465,-0.127934,0.000000,0.000000,0.000000,1.000000,1.000000
1782438631.516954,986,0.000419,inf,STAND_TEST,0.000000,0.031998,-0.087998,-0.128048,0.000000,0.000000,0.000000,1.000000,1.000000
1782438631.537228,987,0.000638,inf,STAND_TEST,0.000000,0.031809,-0.085898,-0.128180,0.000000,0.000000,0.000000,1.000000,1.000000
1782438631.557267,988,0.000623,inf,STAND_TEST,0.000000,0.031601,-0.084234,-0.128181,0.000000,0.000000,0.000000,1.000000,1.000000
1782438631.577181,989,0.000405,inf,STAND_TEST,0.000000,0.031314,-0.082686,-0.128217,0.000000,0.000000,0.000000,1.000000,1.000000
1782438631.597284,990,0.000453,inf,STAND_TEST,0.000000,0.031116,-0.081191,-0.128340,0.000000,0.000000,0.000000,1.000000,1.000000
1782438631.617337,991,0.000451,inf,STAND_TEST,0.000000,0.030887,-0.079830,-0.128520,0.000000,0.000000,0.000000,1.000000,1.000000
1782438631.637368,992,0.000427,inf,STAND_TEST,0.000000,0.030679,-0.078582,-0.128677,0.000000,0.000000,0.000000,1.000000,1.000000
1782438631.657409,993,0.000414,inf,STAND_TEST,0.000000,0.030510,-0.077103,-0.128641,0.000000,0.000000,0.000000,1.000000,1.000000
1782438631.677447,994,0.000398,inf,STAND_TEST,0.000000,0.030387,-0.075533,-0.128431,0.000000,0.000000,0.000000,1.000000,1.000000
1782438631.697754,995,0.000650,inf,STAND_TEST,0.000000,0.030427,-0.074037,-0.128082,0.000000,0.000000,0.000000,1.000000,1.000000
1782438631.717771,996,0.000613,inf,STAND_TEST,0.000000,0.030472,-0.072613,-0.127685,0.000000,0.000000,0.000000,1.000000,1.000000
1782438631.737826,997,0.000614,inf,STAND_TEST,0.000000,0.030482,-0.071225,-0.127210,0.000000,0.000000,0.000000,1.000000,1.000000
1782438631.757871,998,0.000605,inf,STAND_TEST,0.000000,0.030431,-0.069853,-0.126839,0.000000,0.000000,0.000000,1.000000,1.000000
1782438631.777775,999,0.000379,inf,STAND_TEST,0.000000,0.030264,-0.068351,-0.126612,0.000000,0.000000,0.000000,1.000000,1.000000
1782438631.797886,1000,0.000437,inf,STAND_TEST,0.000000,0.030097,-0.066976,-0.126653,0.000000,0.000000,0.000000,1.000000,1.000000
1782438631.817960,1001,0.000500,inf,STAND_TEST,0.000000,0.029980,-0.065568,-0.126590,0.000000,0.000000,0.000000,1.000000,1.000000
1782438631.837975,1002,0.000459,inf,STAND_TEST,0.000000,0.029868,-0.064084,-0.126177,0.000000,0.000000,0.000000,1.000000,1.000000
1782438631.857997,1003,0.000422,inf,STAND_TEST,0.000000,0.029753,-0.062679,-0.125805,0.000000,0.000000,0.000000,1.000000,1.000000
1782438631.878452,1004,0.000820,inf,STAND_TEST,0.000000,0.029681,-0.061346,-0.125803,0.000000,0.000000,0.000000,1.000000,1.000000
1782438631.898333,1005,0.000644,inf,STAND_TEST,0.000000,0.029667,-0.060321,-0.125817,0.000000,0.000000,0.000000,1.000000,1.000000
1782438631.918537,1006,0.000791,inf,STAND_TEST,0.000000,0.029727,-0.059374,-0.125749,0.000000,0.000000,0.000000,1.000000,1.000000
1782438631.938611,1007,0.000810,inf,STAND_TEST,0.000000,0.029785,-0.058477,-0.125633,0.000000,0.000000,0.000000,1.000000,1.000000
1782438631.958549,1008,0.000407,inf,STAND_TEST,0.000000,0.029865,-0.057522,-0.125670,0.000000,0.000000,0.000000,1.000000,1.000000
1782438631.978646,1009,0.000450,inf,STAND_TEST,0.000000,0.029935,-0.056667,-0.125747,0.000000,0.000000,0.000000,1.000000,1.000000
1782438631.998694,1010,0.000442,inf,STAND_TEST,0.000000,0.030011,-0.055933,-0.125747,0.000000,0.000000,0.000000,1.000000,1.000000
1782438632.018756,1011,0.000447,inf,STAND_TEST,0.000000,0.030062,-0.055312,-0.125765,0.000000,0.000000,0.000000,1.000000,1.000000
1782438632.039036,1012,0.000670,inf,STAND_TEST,0.000000,0.030111,-0.054736,-0.125868,0.000000,0.000000,0.000000,1.000000,1.000000
1782438632.059032,1013,0.000609,inf,STAND_TEST,0.000000,0.030151,-0.054271,-0.125988,0.000000,0.000000,0.000000,1.000000,1.000000
1782438632.079122,1014,0.000454,inf,STAND_TEST,0.000000,0.030198,-0.053870,-0.126165,0.000000,0.000000,0.000000,1.000000,1.000000
1782438632.099158,1015,0.000435,inf,STAND_TEST,0.000000,0.030225,-0.053636,-0.126237,0.000000,0.000000,0.000000,1.000000,1.000000
1782438632.119175,1016,0.000397,inf,STAND_TEST,0.000000,0.030253,-0.053527,-0.126216,0.000000,0.000000,0.000000,1.000000,1.000000
1782438632.139270,1017,0.000435,inf,STAND_TEST,0.000000,0.030261,-0.053500,-0.126246,0.000000,0.000000,0.000000,1.000000,1.000000
1782438632.159336,1018,0.000444,inf,STAND_TEST,0.000000,0.030275,-0.053558,-0.126242,0.000000,0.000000,0.000000,1.000000,1.000000
1782438632.179401,1019,0.000448,inf,STAND_TEST,0.000000,0.030295,-0.053662,-0.126143,0.000000,0.000000,0.000000,1.000000,1.000000
1782438632.199793,1020,0.000783,inf,STAND_TEST,0.000000,0.030303,-0.053736,-0.126050,0.000000,0.000000,0.000000,1.000000,1.000000
1782438632.219882,1021,0.000815,inf,STAND_TEST,0.000000,0.030306,-0.053861,-0.125903,0.000000,0.000000,0.000000,1.000000,1.000000
1782438632.239876,1022,0.000754,inf,STAND_TEST,0.000000,0.030316,-0.054031,-0.125801,0.000000,0.000000,0.000000,1.000000,1.000000
1782438632.259828,1023,0.000463,inf,STAND_TEST,0.000000,0.030314,-0.054213,-0.125717,0.000000,0.000000,0.000000,1.000000,1.000000
1782438632.279836,1024,0.000417,inf,STAND_TEST,0.000000,0.030327,-0.054358,-0.125689,0.000000,0.000000,0.000000,1.000000,1.000000
1782438632.299895,1025,0.000422,inf,STAND_TEST,0.000000,0.030355,-0.054441,-0.125642,0.000000,0.000000,0.000000,1.000000,1.000000
1782438632.319926,1026,0.000443,inf,STAND_TEST,0.000000,0.030379,-0.054467,-0.125639,0.000000,0.000000,0.000000,1.000000,1.000000
1782438632.339959,1027,0.000420,inf,STAND_TEST,0.000000,0.030400,-0.054416,-0.125678,0.000000,0.000000,0.000000,1.000000,1.000000
1782438632.360392,1028,0.000799,inf,STAND_TEST,0.000000,0.030401,-0.054398,-0.125686,0.000000,0.000000,0.000000,1.000000,1.000000
1782438632.380086,1029,0.000435,inf,STAND_TEST,0.000000,0.030407,-0.054255,-0.125668,0.000000,0.000000,0.000000,1.000000,1.000000
1782438632.400365,1030,0.000658,inf,STAND_TEST,0.000000,0.030385,-0.054059,-0.125707,0.000000,0.000000,0.000000,1.000000,1.000000
1782438632.420262,1031,0.000456,inf,STAND_TEST,0.000000,0.030391,-0.053790,-0.125739,0.000000,0.000000,0.000000,1.000000,1.000000
1782438632.440436,1032,0.000435,inf,STAND_TEST,0.000000,0.030404,-0.053367,-0.125756,0.000000,0.000000,0.000000,1.000000,1.000000
1782438632.460469,1033,0.000414,inf,STAND_TEST,0.000000,0.030357,-0.052794,-0.125731,0.000000,0.000000,0.000000,1.000000,1.000000
1782438632.480524,1034,0.000413,inf,STAND_TEST,0.000000,0.030332,-0.052044,-0.125713,0.000000,0.000000,0.000000,1.000000,1.000000
1782438632.500646,1035,0.000428,inf,STAND_TEST,0.000000,0.030293,-0.051159,-0.125598,0.000000,0.000000,0.000000,1.000000,1.000000
1782438632.520983,1036,0.000660,inf,STAND_TEST,0.000000,0.030255,-0.050121,-0.125611,0.000000,0.000000,0.000000,1.000000,1.000000
1782438632.541049,1037,0.000623,inf,STAND_TEST,0.000000,0.030223,-0.048908,-0.125608,0.000000,0.000000,0.000000,1.000000,1.000000
1782438632.561151,1038,0.000616,inf,STAND_TEST,0.000000,0.030227,-0.047604,-0.125548,0.000000,0.000000,0.000000,1.000000,1.000000
1782438632.581051,1039,0.000410,inf,STAND_TEST,0.000000,0.030218,-0.046224,-0.125528,0.000000,0.000000,0.000000,1.000000,1.000000
1782438632.601160,1040,0.000414,inf,STAND_TEST,0.000000,0.030203,-0.044849,-0.125507,0.000000,0.000000,0.000000,1.000000,1.000000
1782438632.621315,1041,0.000456,inf,STAND_TEST,0.000000,0.030212,-0.043359,-0.125527,0.000000,0.000000,0.000000,1.000000,1.000000
1782438632.641363,1042,0.000448,inf,STAND_TEST,0.000000,0.030177,-0.041625,-0.125474,0.000000,0.000000,0.000000,1.000000,1.000000
1782438632.661827,1043,0.000853,inf,STAND_TEST,0.000000,0.030201,-0.039996,-0.125541,0.000000,0.000000,0.000000,1.000000,1.000000
1782438632.681864,1044,0.000832,inf,STAND_TEST,0.000000,0.030274,-0.038232,-0.125429,0.000000,0.000000,0.000000,1.000000,1.000000
1782438632.701741,1045,0.000518,inf,STAND_TEST,0.000000,0.030378,-0.036313,-0.125484,0.000000,0.000000,0.000000,1.000000,1.000000
1782438632.722123,1046,0.000843,inf,STAND_TEST,0.000000,0.030477,-0.034363,-0.125482,0.000000,0.000000,0.000000,1.000000,1.000000
1782438632.741806,1047,0.000428,inf,STAND_TEST,0.000000,0.030697,-0.032063,-0.125364,0.000000,0.000000,0.000000,1.000000,1.000000
1782438632.761826,1048,0.000392,inf,STAND_TEST,0.000000,0.030899,-0.029712,-0.125225,0.000000,0.000000,0.000000,1.000000,1.000000
1782438632.781902,1049,0.000414,inf,STAND_TEST,0.000000,0.031038,-0.027134,-0.125181,0.000000,0.000000,0.000000,1.000000,1.000000
1782438632.802160,1050,0.000618,inf,STAND_TEST,0.000000,0.031187,-0.024166,-0.125186,0.000000,0.000000,0.000000,1.000000,1.000000
1782438632.822193,1051,0.000596,inf,STAND_TEST,0.000000,0.031339,-0.020904,-0.125167,0.000000,0.000000,0.000000,1.000000,1.000000
1782438632.842247,1052,0.000595,inf,STAND_TEST,0.000000,0.031572,-0.017414,-0.125123,0.000000,0.000000,0.000000,1.000000,1.000000
1782438632.862297,1053,0.000395,inf,STAND_TEST,0.000000,0.031874,-0.013605,-0.124966,0.000000,0.000000,0.000000,1.000000,1.000000
1782438632.882477,1054,0.000519,inf,STAND_TEST,0.000000,0.032145,-0.009940,-0.124895,0.000000,0.000000,0.000000,1.000000,1.000000
1782438632.902420,1055,0.000408,inf,STAND_TEST,0.000000,0.032532,-0.005683,-0.124753,0.000000,0.000000,0.000000,1.000000,1.000000
1782438632.922483,1056,0.000416,inf,STAND_TEST,0.000000,0.032943,-0.001406,-0.124746,0.000000,0.000000,0.000000,1.000000,1.000000
1782438632.942533,1057,0.000412,inf,STAND_TEST,0.000000,0.033353,0.003025,-0.124813,0.000000,0.000000,0.000000,1.000000,1.000000
1782438632.962576,1058,0.000401,inf,STAND_TEST,0.000000,0.033821,0.007339,-0.124849,0.000000,0.000000,0.000000,1.000000,1.000000
1782438632.982846,1059,0.000617,inf,STAND_TEST,0.000000,0.034291,0.011981,-0.124791,0.000000,0.000000,0.000000,1.000000,1.000000
1782438633.002874,1060,0.000592,inf,STAND_TEST,0.000000,0.034852,0.017122,-0.124586,0.000000,0.000000,0.000000,1.000000,1.000000
1782438633.022910,1061,0.000411,inf,STAND_TEST,0.000000,0.035382,0.022410,-0.124385,0.000000,0.000000,0.000000,1.000000,1.000000
1782438633.042954,1062,0.000401,inf,STAND_TEST,0.000000,0.035878,0.028006,-0.124261,0.000000,0.000000,0.000000,1.000000,1.000000
1782438633.063003,1063,0.000394,inf,STAND_TEST,0.000000,0.036424,0.033980,-0.123931,0.000000,0.000000,0.000000,1.000000,1.000000
1782438633.083076,1064,0.000413,inf,STAND_TEST,0.000000,0.037002,0.040675,-0.123543,0.000000,0.000000,0.000000,1.000000,1.000000
1782438633.103131,1065,0.000410,inf,STAND_TEST,0.000000,0.037304,0.047090,-0.123435,0.000000,0.000000,0.000000,1.000000,1.000000
1782438633.123228,1066,0.000452,inf,STAND_TEST,0.000000,0.037734,0.054034,-0.123523,0.000000,0.000000,0.000000,1.000000,1.000000
1782438633.143606,1067,0.000771,inf,STAND_TEST,0.000000,0.038446,0.061171,-0.123190,0.000000,0.000000,0.000000,1.000000,1.000000
1782438633.163687,1068,0.000795,inf,STAND_TEST,0.000000,0.039052,0.068608,-0.122847,0.000000,0.000000,0.000000,1.000000,1.000000
1782438633.183583,1069,0.000634,inf,STAND_TEST,0.000000,0.039718,0.076307,-0.123007,0.000000,0.000000,0.000000,1.000000,1.000000
1782438633.203508,1070,0.000448,inf,STAND_TEST,0.000000,0.040283,0.084941,-0.123098,0.000000,0.000000,0.000000,1.000000,1.000000
1782438633.223579,1071,0.000463,inf,STAND_TEST,0.000000,0.040850,0.093427,-0.123419,0.000000,0.000000,0.000000,1.000000,1.000000
1782438633.243647,1072,0.000474,inf,STAND_TEST,0.000000,0.041422,0.101691,-0.123687,0.000000,0.000000,0.000000,1.000000,1.000000
1782438633.263669,1073,0.000439,inf,STAND_TEST,0.000000,0.042035,0.111082,-0.123992,0.000000,0.000000,0.000000,1.000000,1.000000
1782438633.283737,1074,0.000452,inf,STAND_TEST,0.000000,0.042411,0.120283,-0.124644,0.000000,0.000000,0.000000,1.000000,1.000000
1782438633.303772,1075,0.000431,inf,STAND_TEST,0.000000,0.042558,0.129614,-0.125590,0.000000,0.000000,0.000000,1.000000,1.000000
1782438633.324045,1076,0.000649,inf,STAND_TEST,0.000000,0.042796,0.138531,-0.126475,0.000000,0.000000,0.000000,1.000000,1.000000
1782438633.344095,1077,0.000643,inf,STAND_TEST,0.000000,0.043075,0.148409,-0.126919,0.000000,0.000000,0.000000,1.000000,1.000000
1782438633.364183,1078,0.000675,inf,STAND_TEST,0.000000,0.043514,0.158116,-0.127701,0.000000,0.000000,0.000000,1.000000,1.000000
1782438633.384076,1079,0.000433,inf,STAND_TEST,0.000000,0.043806,0.167200,-0.128744,0.000000,0.000000,0.000000,1.000000,1.000000
1782438633.404144,1080,0.000446,inf,STAND_TEST,0.000000,0.043521,0.176493,-0.129894,0.000000,0.000000,0.000000,1.000000,1.000000
1782438633.424194,1081,0.000442,inf,STAND_TEST,0.000000,0.042767,0.184512,-0.131647,0.000000,0.000000,0.000000,1.000000,1.000000
1782438633.444269,1082,0.000461,inf,STAND_TEST,0.000000,0.041803,0.189988,-0.133985,0.000000,0.000000,0.000000,1.000000,1.000000
1782438633.464299,1083,0.000437,inf,STAND_TEST,0.000000,0.040577,0.193974,-0.137029,0.000000,0.000000,0.000000,1.000000,1.000000
1782438633.484367,1084,0.000450,inf,STAND_TEST,0.000000,0.038779,0.198228,-0.140501,0.000000,0.000000,0.000000,1.000000,1.000000
1782438633.504633,1085,0.000660,inf,STAND_TEST,0.000000,0.036875,0.202009,-0.144275,0.000000,0.000000,0.000000,1.000000,1.000000
1782438633.524651,1086,0.000621,inf,STAND_TEST,0.000000,0.035365,0.204932,-0.148062,0.000000,0.000000,0.000000,1.000000,1.000000
1782438633.544724,1087,0.000638,inf,STAND_TEST,0.000000,0.034144,0.207448,-0.151456,0.000000,0.000000,0.000000,1.000000,1.000000
1782438633.564705,1088,0.000451,inf,STAND_TEST,0.000000,0.033178,0.208739,-0.155225,0.000000,0.000000,0.000000,1.000000,1.000000
1782438633.584744,1089,0.000434,inf,STAND_TEST,0.000000,0.032170,0.208362,-0.159410,0.000000,0.000000,0.000000,1.000000,1.000000
1782438633.604792,1090,0.000426,inf,STAND_TEST,0.000000,0.030713,0.206603,-0.163582,0.000000,0.000000,0.000000,1.000000,1.000000
1782438633.624868,1091,0.000447,inf,STAND_TEST,0.000000,0.029468,0.204516,-0.166478,0.000000,0.000000,0.000000,1.000000,1.000000
1782438633.644924,1092,0.000447,inf,STAND_TEST,0.000000,0.028419,0.202500,-0.169236,0.000000,0.000000,0.000000,1.000000,1.000000
1782438633.664974,1093,0.000441,inf,STAND_TEST,0.000000,0.027451,0.200301,-0.171896,0.000000,0.000000,0.000000,1.000000,1.000000
1782438633.685379,1094,0.000786,inf,STAND_TEST,0.000000,0.026480,0.197942,-0.174665,0.000000,0.000000,0.000000,1.000000,1.000000
1782438633.705304,1095,0.000496,inf,STAND_TEST,0.000000,0.025905,0.194979,-0.177289,0.000000,0.000000,0.000000,1.000000,1.000000
1782438633.725291,1096,0.000425,inf,STAND_TEST,0.000000,0.025971,0.192018,-0.179024,0.000000,0.000000,0.000000,1.000000,1.000000
1782438633.745357,1097,0.000434,inf,STAND_TEST,0.000000,0.026138,0.189025,-0.180711,0.000000,0.000000,0.000000,1.000000,1.000000
1782438633.765414,1098,0.000435,inf,STAND_TEST,0.000000,0.026616,0.186350,-0.182466,0.000000,0.000000,0.000000,1.000000,1.000000
1782438633.785479,1099,0.000445,inf,STAND_TEST,0.000000,0.028007,0.184003,-0.184001,0.000000,0.000000,0.000000,1.000000,1.000000
1782438633.805557,1100,0.000466,inf,STAND_TEST,0.000000,0.029528,0.181184,-0.186523,0.000000,0.000000,0.000000,1.000000,1.000000
1782438633.825594,1101,0.000447,inf,STAND_TEST,0.000000,0.030530,0.177286,-0.190779,0.000000,0.000000,0.000000,1.000000,1.000000
1782438633.845936,1102,0.000733,inf,STAND_TEST,0.000000,0.031292,0.172111,-0.194797,0.000000,0.000000,0.000000,1.000000,1.000000
1782438633.866361,1103,0.001099,inf,STAND_TEST,0.000000,0.031876,0.166045,-0.196642,0.000000,0.000000,0.000000,1.000000,1.000000
1782438633.886154,1104,0.000631,inf,STAND_TEST,0.000000,0.032373,0.158551,-0.197386,0.000000,0.000000,0.000000,1.000000,1.000000
1782438633.906207,1105,0.000626,inf,STAND_TEST,0.000000,0.032884,0.151119,-0.197358,0.000000,0.000000,0.000000,1.000000,1.000000
1782438633.926271,1106,0.000633,inf,STAND_TEST,0.000000,0.033044,0.144097,-0.197457,0.000000,0.000000,0.000000,1.000000,1.000000
1782438633.946357,1107,0.000660,inf,STAND_TEST,0.000000,0.032890,0.137279,-0.197735,0.000000,0.000000,0.000000,1.000000,1.000000
1782438633.966780,1108,0.000956,inf,STAND_TEST,0.000000,0.032905,0.130798,-0.197685,0.000000,0.000000,0.000000,1.000000,1.000000
1782438633.986974,1109,0.001024,inf,STAND_TEST,0.000000,0.033004,0.124865,-0.197208,0.000000,0.000000,0.000000,1.000000,1.000000
1782438634.007107,1110,0.001032,inf,STAND_TEST,0.000000,0.032960,0.119366,-0.196638,0.000000,0.000000,0.000000,1.000000,1.000000
1782438634.027029,1111,0.000752,inf,STAND_TEST,0.000000,0.032685,0.113145,-0.195964,0.000000,0.000000,0.000000,1.000000,1.000000
1782438634.047146,1112,0.000743,inf,STAND_TEST,0.000000,0.032444,0.107714,-0.195410,0.000000,0.000000,0.000000,1.000000,1.000000
1782438634.066946,1113,0.000487,inf,STAND_TEST,0.000000,0.032321,0.102548,-0.195012,0.000000,0.000000,0.000000,1.000000,1.000000
1782438634.086938,1114,0.000423,inf,STAND_TEST,0.000000,0.032319,0.097234,-0.194331,0.000000,0.000000,0.000000,1.000000,1.000000
1782438634.107163,1115,0.000592,inf,STAND_TEST,0.000000,0.032269,0.092205,-0.194031,0.000000,0.000000,0.000000,1.000000,1.000000
1782438634.127229,1116,0.000603,inf,STAND_TEST,0.000000,0.032289,0.087347,-0.193845,0.000000,0.000000,0.000000,1.000000,1.000000
1782438634.147323,1117,0.000642,inf,STAND_TEST,0.000000,0.032296,0.083148,-0.193506,0.000000,0.000000,0.000000,1.000000,1.000000
1782438634.167365,1118,0.000442,inf,STAND_TEST,0.000000,0.032306,0.078639,-0.193264,0.000000,0.000000,0.000000,1.000000,1.000000
1782438634.187704,1119,0.000721,inf,STAND_TEST,0.000000,0.032194,0.074472,-0.193364,0.000000,0.000000,0.000000,1.000000,1.000000
1782438634.207696,1120,0.000655,inf,STAND_TEST,0.000000,0.032147,0.070313,-0.193565,0.000000,0.000000,0.000000,1.000000,1.000000
1782438634.228015,1121,0.000916,inf,STAND_TEST,0.000000,0.032182,0.066191,-0.193646,0.000000,0.000000,0.000000,1.000000,1.000000
1782438634.248044,1122,0.000887,inf,STAND_TEST,0.000000,0.032244,0.062149,-0.193861,0.000000,0.000000,0.000000,1.000000,1.000000
1782438634.267900,1123,0.000663,inf,STAND_TEST,0.000000,0.032420,0.058085,-0.193947,0.000000,0.000000,0.000000,1.000000,1.000000
1782438634.287982,1124,0.000686,inf,STAND_TEST,0.000000,0.032702,0.054073,-0.193892,0.000000,0.000000,0.000000,1.000000,1.000000
1782438634.307839,1125,0.000428,inf,STAND_TEST,0.000000,0.033013,0.050015,-0.193731,0.000000,0.000000,0.000000,1.000000,1.000000
1782438634.327957,1126,0.000412,inf,STAND_TEST,0.000000,0.033222,0.046317,-0.193542,0.000000,0.000000,0.000000,1.000000,1.000000
1782438634.348027,1127,0.000424,inf,STAND_TEST,0.000000,0.033464,0.042828,-0.193091,0.000000,0.000000,0.000000,1.000000,1.000000
1782438634.368069,1128,0.000408,inf,STAND_TEST,0.000000,0.033456,0.039476,-0.192579,0.000000,0.000000,0.000000,1.000000,1.000000
1782438634.388135,1129,0.000417,inf,STAND_TEST,0.000000,0.033399,0.036418,-0.192265,0.000000,0.000000,0.000000,1.000000,1.000000
1782438634.408211,1130,0.000437,inf,STAND_TEST,0.000000,0.033264,0.033296,-0.191919,0.000000,0.000000,0.000000,1.000000,1.000000
1782438634.428537,1131,0.000659,inf,STAND_TEST,0.000000,0.033150,0.030109,-0.191504,0.000000,0.000000,0.000000,1.000000,1.000000
1782438634.448587,1132,0.000653,inf,STAND_TEST,0.000000,0.033057,0.027104,-0.191088,0.000000,0.000000,0.000000,1.000000,1.000000
1782438634.468632,1133,0.000453,inf,STAND_TEST,0.000000,0.032938,0.023766,-0.190900,0.000000,0.000000,0.000000,1.000000,1.000000
1782438634.488656,1134,0.000421,inf,STAND_TEST,0.000000,0.032721,0.020499,-0.190913,0.000000,0.000000,0.000000,1.000000,1.000000
1782438634.508743,1135,0.000453,inf,STAND_TEST,0.000000,0.032566,0.017089,-0.191180,0.000000,0.000000,0.000000,1.000000,1.000000
1782438634.528758,1136,0.000411,inf,STAND_TEST,0.000000,0.032460,0.013440,-0.191523,0.000000,0.000000,0.000000,1.000000,1.000000
1782438634.548857,1137,0.000455,inf,STAND_TEST,0.000000,0.032467,0.009684,-0.191785,0.000000,0.000000,0.000000,1.000000,1.000000
1782438634.568858,1138,0.000400,inf,STAND_TEST,0.000000,0.032487,0.005830,-0.191899,0.000000,0.000000,0.000000,1.000000,1.000000
1782438634.589221,1139,0.000665,inf,STAND_TEST,0.000000,0.032450,0.001966,-0.192127,0.000000,0.000000,0.000000,1.000000,1.000000
1782438634.609318,1140,0.000660,inf,STAND_TEST,0.000000,0.032364,-0.002052,-0.192508,0.000000,0.000000,0.000000,1.000000,1.000000
1782438634.629212,1141,0.000422,inf,STAND_TEST,0.000000,0.032276,-0.006285,-0.193006,0.000000,0.000000,0.000000,1.000000,1.000000
1782438634.649308,1142,0.000408,inf,STAND_TEST,0.000000,0.032183,-0.010382,-0.193207,0.000000,0.000000,0.000000,1.000000,1.000000
1782438634.669456,1143,0.000447,inf,STAND_TEST,0.000000,0.032176,-0.014347,-0.193425,0.000000,0.000000,0.000000,1.000000,1.000000
1782438634.689592,1144,0.000525,inf,STAND_TEST,0.000000,0.032015,-0.018661,-0.193584,0.000000,0.000000,0.000000,1.000000,1.000000
1782438634.709764,1145,0.000642,inf,STAND_TEST,0.000000,0.031931,-0.022753,-0.193768,0.000000,0.000000,0.000000,1.000000,1.000000
1782438634.729821,1146,0.000645,inf,STAND_TEST,0.000000,0.031853,-0.026881,-0.193909,0.000000,0.000000,0.000000,1.000000,1.000000
1782438634.749863,1147,0.000631,inf,STAND_TEST,0.000000,0.031673,-0.030761,-0.194108,0.000000,0.000000,0.000000,1.000000,1.000000
1782438634.769951,1148,0.000471,inf,STAND_TEST,0.000000,0.031379,-0.035146,-0.194365,0.000000,0.000000,0.000000,1.000000,1.000000
1782438634.789908,1149,0.000373,inf,STAND_TEST,0.000000,0.031246,-0.038878,-0.194698,0.000000,0.000000,0.000000,1.000000,1.000000
1782438634.809970,1150,0.000381,inf,STAND_TEST,0.000000,0.031083,-0.042227,-0.195102,0.000000,0.000000,0.000000,1.000000,1.000000
1782438634.830017,1151,0.000373,inf,STAND_TEST,0.000000,0.030901,-0.045415,-0.195566,0.000000,0.000000,0.000000,1.000000,1.000000
1782438634.850061,1152,0.000363,inf,STAND_TEST,0.000000,0.030723,-0.048486,-0.196019,0.000000,0.000000,0.000000,1.000000,1.000000
1782438634.870198,1153,0.000445,inf,STAND_TEST,0.000000,0.030509,-0.051529,-0.196585,0.000000,0.000000,0.000000,1.000000,1.000000
1782438634.890459,1154,0.000651,inf,STAND_TEST,0.000000,0.030325,-0.054152,-0.197065,0.000000,0.000000,0.000000,1.000000,1.000000
1782438634.910477,1155,0.000615,inf,STAND_TEST,0.000000,0.030126,-0.056768,-0.197584,0.000000,0.000000,0.000000,1.000000,1.000000
1782438634.930524,1156,0.000608,inf,STAND_TEST,0.000000,0.029918,-0.059223,-0.197965,0.000000,0.000000,0.000000,1.000000,1.000000
1782438634.950459,1157,0.000394,inf,STAND_TEST,0.000000,0.029725,-0.061578,-0.198341,0.000000,0.000000,0.000000,1.000000,1.000000
1782438634.970512,1158,0.000394,inf,STAND_TEST,0.000000,0.029561,-0.063576,-0.198739,0.000000,0.000000,0.000000,1.000000,1.000000
1782438634.990544,1159,0.000373,inf,STAND_TEST,0.000000,0.029425,-0.065378,-0.199110,0.000000,0.000000,0.000000,1.000000,1.000000
1782438635.010709,1160,0.000468,inf,STAND_TEST,0.000000,0.029284,-0.066855,-0.199411,0.000000,0.000000,0.000000,1.000000,1.000000
1782438635.030771,1161,0.000420,inf,STAND_TEST,0.000000,0.029171,-0.068275,-0.199688,0.000000,0.000000,0.000000,1.000000,1.000000
1782438635.050870,1162,0.000419,inf,STAND_TEST,0.000000,0.029055,-0.069358,-0.199941,0.000000,0.000000,0.000000,1.000000,1.000000
1782438635.071150,1163,0.000413,inf,STAND_TEST,0.000000,0.028969,-0.070217,-0.200096,0.000000,0.000000,0.000000,1.000000,1.000000
1782438635.091258,1164,0.000415,inf,STAND_TEST,0.000000,0.028848,-0.070884,-0.200237,0.000000,0.000000,0.000000,1.000000,1.000000
1782438635.111355,1165,0.000453,inf,STAND_TEST,0.000000,0.028766,-0.071380,-0.200371,0.000000,0.000000,0.000000,1.000000,1.000000
1782438635.131455,1166,0.000440,inf,STAND_TEST,0.000000,0.028673,-0.071620,-0.200479,0.000000,0.000000,0.000000,1.000000,1.000000
1782438635.151806,1167,0.000691,inf,STAND_TEST,0.000000,0.028604,-0.071683,-0.200648,0.000000,0.000000,0.000000,1.000000,1.000000
1782438635.171888,1168,0.000657,inf,STAND_TEST,0.000000,0.028526,-0.071595,-0.200777,0.000000,0.000000,0.000000,1.000000,1.000000
1782438635.191838,1169,0.000428,inf,STAND_TEST,0.000000,0.028447,-0.071378,-0.200850,0.000000,0.000000,0.000000,1.000000,1.000000
1782438635.211837,1170,0.000373,inf,STAND_TEST,0.000000,0.028408,-0.070943,-0.200920,0.000000,0.000000,0.000000,1.000000,1.000000
1782438635.231932,1171,0.000413,inf,STAND_TEST,0.000000,0.028360,-0.070422,-0.200952,0.000000,0.000000,0.000000,1.000000,1.000000
1782438635.251981,1172,0.000407,inf,STAND_TEST,0.000000,0.028299,-0.069744,-0.201102,0.000000,0.000000,0.000000,1.000000,1.000000
1782438635.272040,1173,0.000412,inf,STAND_TEST,0.000000,0.028181,-0.069005,-0.201313,0.000000,0.000000,0.000000,1.000000,1.000000
1782438635.292067,1174,0.000386,inf,STAND_TEST,0.000000,0.028093,-0.068130,-0.201428,0.000000,0.000000,0.000000,1.000000,1.000000
1782438635.312139,1175,0.000403,inf,STAND_TEST,0.000000,0.028012,-0.067215,-0.201571,0.000000,0.000000,0.000000,1.000000,1.000000
1782438635.332379,1176,0.000590,inf,STAND_TEST,0.000000,0.027894,-0.066191,-0.201734,0.000000,0.000000,0.000000,1.000000,1.000000
1782438635.352461,1177,0.000618,inf,STAND_TEST,0.000000,0.027820,-0.065109,-0.201920,0.000000,0.000000,0.000000,1.000000,1.000000
1782438635.372457,1178,0.000396,inf,STAND_TEST,0.000000,0.027741,-0.064018,-0.202079,0.000000,0.000000,0.000000,1.000000,1.000000
1782438635.392490,1179,0.000376,inf,STAND_TEST,0.000000,0.027647,-0.062898,-0.202204,0.000000,0.000000,0.000000,1.000000,1.000000
1782438635.412590,1180,0.000421,inf,STAND_TEST,0.000000,0.027548,-0.061760,-0.202362,0.000000,0.000000,0.000000,1.000000,1.000000
1782438635.432657,1181,0.000434,inf,STAND_TEST,0.000000,0.027449,-0.060735,-0.202921,0.000000,0.000000,0.000000,1.000000,1.000000
1782438635.452674,1182,0.000396,inf,STAND_TEST,0.000000,0.027363,-0.059595,-0.203587,0.000000,0.000000,0.000000,1.000000,1.000000
1782438635.472747,1183,0.000414,inf,STAND_TEST,0.000000,0.027306,-0.058424,-0.204131,0.000000,0.000000,0.000000,1.000000,1.000000
1782438635.492767,1184,0.000380,inf,STAND_TEST,0.000000,0.027266,-0.057379,-0.204616,0.000000,0.000000,0.000000,1.000000,1.000000
1782438635.513130,1185,0.000688,inf,STAND_TEST,0.000000,0.027230,-0.056538,-0.205064,0.000000,0.000000,0.000000,1.000000,1.000000
1782438635.533097,1186,0.000406,inf,STAND_TEST,0.000000,0.027192,-0.055599,-0.205537,0.000000,0.000000,0.000000,1.000000,1.000000
1782438635.553158,1187,0.000412,inf,STAND_TEST,0.000000,0.027231,-0.054745,-0.205769,0.000000,0.000000,0.000000,1.000000,1.000000
1782438635.573188,1188,0.000388,inf,STAND_TEST,0.000000,0.027267,-0.053905,-0.205766,0.000000,0.000000,0.000000,1.000000,1.000000
1782438635.593225,1189,0.000371,inf,STAND_TEST,0.000000,0.027325,-0.053157,-0.205622,0.000000,0.000000,0.000000,1.000000,1.000000
1782438635.613389,1190,0.000479,inf,STAND_TEST,0.000000,0.027371,-0.052372,-0.205454,0.000000,0.000000,0.000000,1.000000,1.000000
1782438635.633573,1191,0.000608,inf,STAND_TEST,0.000000,0.027394,-0.051622,-0.205204,0.000000,0.000000,0.000000,1.000000,1.000000
1782438635.653596,1192,0.000577,inf,STAND_TEST,0.000000,0.027444,-0.050893,-0.204975,0.000000,0.000000,0.000000,1.000000,1.000000
1782438635.673684,1193,0.000610,inf,STAND_TEST,0.000000,0.027435,-0.050163,-0.204736,0.000000,0.000000,0.000000,1.000000,1.000000
1782438635.693746,1194,0.000618,inf,STAND_TEST,0.000000,0.027431,-0.049460,-0.204476,0.000000,0.000000,0.000000,1.000000,1.000000
1782438635.713835,1195,0.000433,inf,STAND_TEST,0.000000,0.027428,-0.048782,-0.204296,0.000000,0.000000,0.000000,1.000000,1.000000
1782438635.733845,1196,0.000390,inf,STAND_TEST,0.000000,0.027442,-0.048043,-0.204079,0.000000,0.000000,0.000000,1.000000,1.000000
1782438635.753923,1197,0.000413,inf,STAND_TEST,0.000000,0.027444,-0.047257,-0.203870,0.000000,0.000000,0.000000,1.000000,1.000000
1782438635.773965,1198,0.000393,inf,STAND_TEST,0.000000,0.027480,-0.046484,-0.203736,0.000000,0.000000,0.000000,1.000000,1.000000
1782438635.794371,1199,0.000681,inf,STAND_TEST,0.000000,0.027501,-0.045706,-0.203680,0.000000,0.000000,0.000000,1.000000,1.000000
1782438635.814418,1200,0.000415,inf,STAND_TEST,0.000000,0.027477,-0.044855,-0.203689,0.000000,0.000000,0.000000,1.000000,1.000000
1782438635.834537,1201,0.000412,inf,STAND_TEST,0.000000,0.027475,-0.043962,-0.203688,0.000000,0.000000,0.000000,1.000000,1.000000
1782438635.854653,1202,0.000408,inf,STAND_TEST,0.000000,0.027481,-0.043117,-0.203716,0.000000,0.000000,0.000000,1.000000,1.000000
1782438635.874746,1203,0.000445,inf,STAND_TEST,0.000000,0.027497,-0.042330,-0.203719,0.000000,0.000000,0.000000,1.000000,1.000000
1782438635.894941,1204,0.000586,inf,STAND_TEST,0.000000,0.027492,-0.041455,-0.203774,0.000000,0.000000,0.000000,1.000000,1.000000
1782438635.915020,1205,0.000609,inf,STAND_TEST,0.000000,0.027487,-0.040641,-0.203806,0.000000,0.000000,0.000000,1.000000,1.000000
1782438635.935046,1206,0.000581,inf,STAND_TEST,0.000000,0.027453,-0.039706,-0.203849,0.000000,0.000000,0.000000,1.000000,1.000000
1782438635.955037,1207,0.000393,inf,STAND_TEST,0.000000,0.027453,-0.038818,-0.203928,0.000000,0.000000,0.000000,1.000000,1.000000
1782438635.975097,1208,0.000398,inf,STAND_TEST,0.000000,0.027399,-0.037927,-0.203983,0.000000,0.000000,0.000000,1.000000,1.000000
1782438635.995129,1209,0.000375,inf,STAND_TEST,0.000000,0.027373,-0.037046,-0.203993,0.000000,0.000000,0.000000,1.000000,1.000000
1782438636.015203,1210,0.000394,inf,STAND_TEST,0.000000,0.027348,-0.036104,-0.204041,0.000000,0.000000,0.000000,1.000000,1.000000
1782438636.035261,1211,0.000398,inf,STAND_TEST,0.000000,0.027318,-0.035113,-0.204046,0.000000,0.000000,0.000000,1.000000,1.000000
1782438636.055325,1212,0.000407,inf,STAND_TEST,0.000000,0.027281,-0.034172,-0.204037,0.000000,0.000000,0.000000,1.000000,1.000000
1782438636.075580,1213,0.000608,inf,STAND_TEST,0.000000,0.027245,-0.033181,-0.204015,0.000000,0.000000,0.000000,1.000000,1.000000
1782438636.095609,1214,0.000389,inf,STAND_TEST,0.000000,0.027267,-0.032053,-0.203986,0.000000,0.000000,0.000000,1.000000,1.000000
1782438636.115760,1215,0.000390,inf,STAND_TEST,0.000000,0.027274,-0.031065,-0.203916,0.000000,0.000000,0.000000,1.000000,1.000000
1782438636.135810,1216,0.000386,inf,STAND_TEST,0.000000,0.027316,-0.030041,-0.203825,0.000000,0.000000,0.000000,1.000000,1.000000
1782438636.155876,1217,0.000399,inf,STAND_TEST,0.000000,0.027365,-0.029111,-0.203744,0.000000,0.000000,0.000000,1.000000,1.000000
1782438636.175914,1218,0.000382,inf,STAND_TEST,0.000000,0.027424,-0.028069,-0.203634,0.000000,0.000000,0.000000,1.000000,1.000000
1782438636.195987,1219,0.000403,inf,STAND_TEST,0.000000,0.027465,-0.026899,-0.203580,0.000000,0.000000,0.000000,1.000000,1.000000
1782438636.216258,1220,0.000619,inf,STAND_TEST,0.000000,0.027518,-0.025678,-0.203584,0.000000,0.000000,0.000000,1.000000,1.000000
1782438636.236301,1221,0.000608,inf,STAND_TEST,0.000000,0.027619,-0.024261,-0.203509,0.000000,0.000000,0.000000,1.000000,1.000000
1782438636.256338,1222,0.000394,inf,STAND_TEST,0.000000,0.027701,-0.022583,-0.203437,0.000000,0.000000,0.000000,1.000000,1.000000
1782438636.276396,1223,0.000399,inf,STAND_TEST,0.000000,0.027808,-0.020701,-0.203352,0.000000,0.000000,0.000000,1.000000,1.000000
1782438636.296455,1224,0.000405,inf,STAND_TEST,0.000000,0.027883,-0.018734,-0.203264,0.000000,0.000000,0.000000,1.000000,1.000000
1782438636.316505,1225,0.000401,inf,STAND_TEST,0.000000,0.027929,-0.016250,-0.203120,0.000000,0.000000,0.000000,1.000000,1.000000
1782438636.336576,1226,0.000418,inf,STAND_TEST,0.000000,0.027926,-0.013487,-0.202991,0.000000,0.000000,0.000000,1.000000,1.000000
1782438636.356595,1227,0.000383,inf,STAND_TEST,0.000000,0.027960,-0.010468,-0.202999,0.000000,0.000000,0.000000,1.000000,1.000000
1782438636.376657,1228,0.000391,inf,STAND_TEST,0.000000,0.027990,-0.007005,-0.202819,0.000000,0.000000,0.000000,1.000000,1.000000
1782438636.396857,1229,0.000390,inf,STAND_TEST,0.000000,0.028038,-0.003209,-0.202725,0.000000,0.000000,0.000000,1.000000,1.000000
1782438636.417029,1230,0.000408,inf,STAND_TEST,0.000000,0.028126,0.000772,-0.202501,0.000000,0.000000,0.000000,1.000000,1.000000
1782438636.437092,1231,0.000416,inf,STAND_TEST,0.000000,0.028311,0.004647,-0.202270,0.000000,0.000000,0.000000,1.000000,1.000000
1782438636.457145,1232,0.000414,inf,STAND_TEST,0.000000,0.028404,0.008677,-0.202022,0.000000,0.000000,0.000000,1.000000,1.000000
1782438636.477182,1233,0.000397,inf,STAND_TEST,0.000000,0.028496,0.012957,-0.201858,0.000000,0.000000,0.000000,1.000000,1.000000
1782438636.497489,1234,0.000649,inf,STAND_TEST,0.000000,0.028567,0.017270,-0.201654,0.000000,0.000000,0.000000,1.000000,1.000000
1782438636.517520,1235,0.000627,inf,STAND_TEST,0.000000,0.028621,0.021790,-0.201439,0.000000,0.000000,0.000000,1.000000,1.000000
1782438636.537550,1236,0.000603,inf,STAND_TEST,0.000000,0.028644,0.026827,-0.201266,0.000000,0.000000,0.000000,1.000000,1.000000
1782438636.557549,1237,0.000369,inf,STAND_TEST,0.000000,0.028751,0.032572,-0.201098,0.000000,0.000000,0.000000,1.000000,1.000000
1782438636.577599,1238,0.000366,inf,STAND_TEST,0.000000,0.028740,0.037577,-0.200935,0.000000,0.000000,0.000000,1.000000,1.000000
1782438636.597690,1239,0.000404,inf,STAND_TEST,0.000000,0.028585,0.043086,-0.200917,0.000000,0.000000,0.000000,1.000000,1.000000
1782438636.617786,1240,0.000445,inf,STAND_TEST,0.000000,0.028540,0.049088,-0.201002,0.000000,0.000000,0.000000,1.000000,1.000000
1782438636.637777,1241,0.000382,inf,STAND_TEST,0.000000,0.028677,0.055661,-0.200712,0.000000,0.000000,0.000000,1.000000,1.000000
1782438636.657863,1242,0.000414,inf,STAND_TEST,0.000000,0.028705,0.061973,-0.200431,0.000000,0.000000,0.000000,1.000000,1.000000
1782438636.677912,1243,0.000410,inf,STAND_TEST,0.000000,0.028626,0.069016,-0.200316,0.000000,0.000000,0.000000,1.000000,1.000000
1782438636.698382,1244,0.000524,inf,STAND_TEST,0.000000,0.028640,0.076572,-0.200328,0.000000,0.000000,0.000000,1.000000,1.000000
1782438636.718337,1245,0.000427,inf,STAND_TEST,0.000000,0.028561,0.084818,-0.200066,0.000000,0.000000,0.000000,1.000000,1.000000
1782438636.738352,1246,0.000387,inf,STAND_TEST,0.000000,0.028432,0.092979,-0.200106,0.000000,0.000000,0.000000,1.000000,1.000000
1782438636.758426,1247,0.000405,inf,STAND_TEST,0.000000,0.028531,0.101261,-0.200101,0.000000,0.000000,0.000000,1.000000,1.000000
1782438636.778430,1248,0.000349,inf,STAND_TEST,0.000000,0.028697,0.109807,-0.199837,0.000000,0.000000,0.000000,1.000000,1.000000
1782438636.798980,1249,0.000786,inf,STAND_TEST,0.000000,0.028899,0.118756,-0.199338,0.000000,0.000000,0.000000,1.000000,1.000000
1782438636.818974,1250,0.000676,inf,STAND_TEST,0.000000,0.029025,0.127414,-0.198822,0.000000,0.000000,0.000000,1.000000,1.000000
1782438636.839028,1251,0.000413,inf,STAND_TEST,0.000000,0.029079,0.137654,-0.198853,0.000000,0.000000,0.000000,1.000000,1.000000
1782438636.859192,1252,0.000468,inf,STAND_TEST,0.000000,0.028928,0.146856,-0.199265,0.000000,0.000000,0.000000,1.000000,1.000000
1782438636.879292,1253,0.000459,inf,STAND_TEST,0.000000,0.028802,0.155265,-0.199567,0.000000,0.000000,0.000000,1.000000,1.000000
1782438636.899555,1254,0.000665,inf,STAND_TEST,0.000000,0.028777,0.163719,-0.199020,0.000000,0.000000,0.000000,1.000000,1.000000
1782438636.919586,1255,0.000640,inf,STAND_TEST,0.000000,0.028919,0.172037,-0.198953,0.000000,0.000000,0.000000,1.000000,1.000000
1782438636.939672,1256,0.000669,inf,STAND_TEST,0.000000,0.029124,0.179790,-0.199459,0.000000,0.000000,0.000000,1.000000,1.000000
1782438636.959719,1257,0.000449,inf,STAND_TEST,0.000000,0.029337,0.186934,-0.200227,0.000000,0.000000,0.000000,1.000000,1.000000
1782438636.979724,1258,0.000400,inf,STAND_TEST,0.000000,0.029241,0.192588,-0.201413,0.000000,0.000000,0.000000,1.000000,1.000000
1782438636.999820,1259,0.000440,inf,STAND_TEST,0.000000,0.028854,0.196200,-0.203379,0.000000,0.000000,0.000000,1.000000,1.000000
1782438637.019858,1260,0.000424,inf,STAND_TEST,0.000000,0.028498,0.198009,-0.205577,0.000000,0.000000,0.000000,1.000000,1.000000
1782438637.039901,1261,0.000414,inf,STAND_TEST,0.000000,0.028234,0.199597,-0.208151,0.000000,0.000000,0.000000,1.000000,1.000000
1782438637.059960,1262,0.000417,inf,STAND_TEST,0.000000,0.028005,0.201362,-0.210827,0.000000,0.000000,0.000000,1.000000,1.000000
1782438637.080239,1263,0.000641,inf,STAND_TEST,0.000000,0.027645,0.203032,-0.213322,0.000000,0.000000,0.000000,1.000000,1.000000
1782438637.100294,1264,0.000641,inf,STAND_TEST,0.000000,0.026940,0.204381,-0.215525,0.000000,0.000000,0.000000,1.000000,1.000000
1782438637.120146,1265,0.000438,inf,STAND_TEST,0.000000,0.026249,0.205050,-0.217300,0.000000,0.000000,0.000000,1.000000,1.000000
1782438637.140284,1266,0.000444,inf,STAND_TEST,0.000000,0.025877,0.205084,-0.218511,0.000000,0.000000,0.000000,1.000000,1.000000
1782438637.160324,1267,0.000429,inf,STAND_TEST,0.000000,0.025707,0.204570,-0.219256,0.000000,0.000000,0.000000,1.000000,1.000000
1782438637.180409,1268,0.000459,inf,STAND_TEST,0.000000,0.025530,0.203533,-0.219987,0.000000,0.000000,0.000000,1.000000,1.000000
1782438637.200460,1269,0.000454,inf,STAND_TEST,0.000000,0.025474,0.201954,-0.220659,0.000000,0.000000,0.000000,1.000000,1.000000
1782438637.220533,1270,0.000470,inf,STAND_TEST,0.000000,0.025583,0.199671,-0.221304,0.000000,0.000000,0.000000,1.000000,1.000000
1782438637.240551,1271,0.000432,inf,STAND_TEST,0.000000,0.025700,0.196456,-0.221920,0.000000,0.000000,0.000000,1.000000,1.000000
1782438637.260826,1272,0.000651,inf,STAND_TEST,0.000000,0.025947,0.192529,-0.222482,0.000000,0.000000,0.000000,1.000000,1.000000
1782438637.281008,1273,0.000779,inf,STAND_TEST,0.000000,0.026347,0.187467,-0.223248,0.000000,0.000000,0.000000,1.000000,1.000000
1782438637.301002,1274,0.000475,inf,STAND_TEST,0.000000,0.026663,0.182125,-0.224097,0.000000,0.000000,0.000000,1.000000,1.000000
1782438637.321191,1275,0.000454,inf,STAND_TEST,0.000000,0.026943,0.175710,-0.225317,0.000000,0.000000,0.000000,1.000000,1.000000
1782438637.341208,1276,0.000416,inf,STAND_TEST,0.000000,0.027528,0.168824,-0.226045,0.000000,0.000000,0.000000,1.000000,1.000000
1782438637.361238,1277,0.000392,inf,STAND_TEST,0.000000,0.028112,0.162088,-0.226191,0.000000,0.000000,0.000000,1.000000,1.000000
1782438637.381310,1278,0.000410,inf,STAND_TEST,0.000000,0.028707,0.155425,-0.225868,0.000000,0.000000,0.000000,1.000000,1.000000
1782438637.401627,1279,0.000410,inf,STAND_TEST,0.000000,0.029187,0.148377,-0.225475,0.000000,0.000000,0.000000,1.000000,1.000000
1782438637.421692,1280,0.000420,inf,STAND_TEST,0.000000,0.029494,0.141984,-0.225073,0.000000,0.000000,0.000000,1.000000,1.000000
1782438637.442047,1281,0.000706,inf,STAND_TEST,0.000000,0.029762,0.135976,-0.224781,0.000000,0.000000,0.000000,1.000000,1.000000
1782438637.462054,1282,0.000656,inf,STAND_TEST,0.000000,0.030107,0.129415,-0.224591,0.000000,0.000000,0.000000,1.000000,1.000000
1782438637.482360,1283,0.000905,inf,STAND_TEST,0.000000,0.030481,0.123285,-0.223944,0.000000,0.000000,0.000000,1.000000,1.000000
1782438637.502303,1284,0.000793,inf,STAND_TEST,0.000000,0.030835,0.117435,-0.223141,0.000000,0.000000,0.000000,1.000000,1.000000
1782438637.522449,1285,0.000882,inf,STAND_TEST,0.000000,0.031171,0.112087,-0.222207,0.000000,0.000000,0.000000,1.000000,1.000000
1782438637.542476,1286,0.000668,inf,STAND_TEST,0.000000,0.031400,0.105812,-0.221028,0.000000,0.000000,0.000000,1.000000,1.000000
1782438637.562519,1287,0.000653,inf,STAND_TEST,0.000000,0.031475,0.099982,-0.220277,0.000000,0.000000,0.000000,1.000000,1.000000
1782438637.582671,1288,0.000683,inf,STAND_TEST,0.000000,0.031433,0.094385,-0.220110,0.000000,0.000000,0.000000,1.000000,1.000000
1782438637.602763,1289,0.000675,inf,STAND_TEST,0.000000,0.031574,0.088127,-0.220088,0.000000,0.000000,0.000000,1.000000,1.000000
1782438637.623261,1290,0.001072,inf,STAND_TEST,0.000000,0.031813,0.081407,-0.219963,0.000000,0.000000,0.000000,1.000000,1.000000
1782438637.643233,1291,0.000951,inf,STAND_TEST,0.000000,0.032057,0.074910,-0.220070,0.000000,0.000000,0.000000,1.000000,1.000000
1782438637.663007,1292,0.000670,inf,STAND_TEST,0.000000,0.032267,0.068909,-0.220240,0.000000,0.000000,0.000000,1.000000,1.000000
1782438637.683054,1293,0.000452,inf,STAND_TEST,0.000000,0.032359,0.062478,-0.220263,0.000000,0.000000,0.000000,1.000000,1.000000
1782438637.703079,1294,0.000421,inf,STAND_TEST,0.000000,0.032212,0.056550,-0.220103,0.000000,0.000000,0.000000,1.000000,1.000000
1782438637.723185,1295,0.000470,inf,STAND_TEST,0.000000,0.032040,0.050621,-0.219916,0.000000,0.000000,0.000000,1.000000,1.000000
1782438637.743210,1296,0.000438,inf,STAND_TEST,0.000000,0.031660,0.044595,-0.220075,0.000000,0.000000,0.000000,1.000000,1.000000
1782438637.763252,1297,0.000423,inf,STAND_TEST,0.000000,0.031177,0.038428,-0.220512,0.000000,0.000000,0.000000,1.000000,1.000000
1782438637.783313,1298,0.000428,inf,STAND_TEST,0.000000,0.030827,0.032150,-0.221139,0.000000,0.000000,0.000000,1.000000,1.000000
1782438637.803354,1299,0.000413,inf,STAND_TEST,0.000000,0.030477,0.026124,-0.221715,0.000000,0.000000,0.000000,1.000000,1.000000
1782438637.823670,1300,0.000672,inf,STAND_TEST,0.000000,0.030221,0.019541,-0.222425,0.000000,0.000000,0.000000,1.000000,1.000000
1782438637.843616,1301,0.000432,inf,STAND_TEST,0.000000,0.030018,0.012978,-0.223501,0.000000,0.000000,0.000000,1.000000,1.000000
1782438637.863688,1302,0.000448,inf,STAND_TEST,0.000000,0.029854,0.006819,-0.224813,0.000000,0.000000,0.000000,1.000000,1.000000
1782438637.883740,1303,0.000446,inf,STAND_TEST,0.000000,0.029758,0.000996,-0.225600,0.000000,0.000000,0.000000,1.000000,1.000000
1782438637.903793,1304,0.000445,inf,STAND_TEST,0.000000,0.029868,-0.005467,-0.226051,0.000000,0.000000,0.000000,1.000000,1.000000
1782438637.923827,1305,0.000425,inf,STAND_TEST,0.000000,0.030027,-0.011648,-0.226231,0.000000,0.000000,0.000000,1.000000,1.000000
1782438637.943915,1306,0.000457,inf,STAND_TEST,0.000000,0.030243,-0.017802,-0.226391,0.000000,0.000000,0.000000,1.000000,1.000000
1782438637.963930,1307,0.000418,inf,STAND_TEST,0.000000,0.030516,-0.023741,-0.226717,0.000000,0.000000,0.000000,1.000000,1.000000
1782438637.984450,1308,0.000690,inf,STAND_TEST,0.000000,0.030934,-0.030355,-0.227272,0.000000,0.000000,0.000000,1.000000,1.000000
1782438638.004504,1309,0.000645,inf,STAND_TEST,0.000000,0.031396,-0.036982,-0.227926,0.000000,0.000000,0.000000,1.000000,1.000000
1782438638.024545,1310,0.000629,inf,STAND_TEST,0.000000,0.031681,-0.043099,-0.228354,0.000000,0.000000,0.000000,1.000000,1.000000
1782438638.044612,1311,0.000638,inf,STAND_TEST,0.000000,0.032186,-0.049753,-0.228707,0.000000,0.000000,0.000000,1.000000,1.000000
1782438638.065038,1312,0.001006,inf,STAND_TEST,0.000000,0.032881,-0.056397,-0.228948,0.000000,0.000000,0.000000,1.000000,1.000000
1782438638.084951,1313,0.000862,inf,STAND_TEST,0.000000,0.033508,-0.063149,-0.228925,0.000000,0.000000,0.000000,1.000000,1.000000
1782438638.105145,1314,0.000999,inf,STAND_TEST,0.000000,0.034084,-0.069581,-0.228770,0.000000,0.000000,0.000000,1.000000,1.000000
1782438638.125091,1315,0.000888,inf,STAND_TEST,0.000000,0.034660,-0.075912,-0.228683,0.000000,0.000000,0.000000,1.000000,1.000000
1782438638.145126,1316,0.000866,inf,STAND_TEST,0.000000,0.035135,-0.082165,-0.228745,0.000000,0.000000,0.000000,1.000000,1.000000
1782438638.165120,1317,0.000650,inf,STAND_TEST,0.000000,0.035638,-0.088620,-0.228927,0.000000,0.000000,0.000000,1.000000,1.000000
1782438638.185144,1318,0.000617,inf,STAND_TEST,0.000000,0.036123,-0.094736,-0.229449,0.000000,0.000000,0.000000,1.000000,1.000000
1782438638.205023,1319,0.000441,inf,STAND_TEST,0.000000,0.036644,-0.100705,-0.230160,0.000000,0.000000,0.000000,1.000000,1.000000
1782438638.225432,1320,0.000794,inf,STAND_TEST,0.000000,0.037271,-0.106544,-0.230949,0.000000,0.000000,0.000000,1.000000,1.000000
1782438638.245336,1321,0.000643,inf,STAND_TEST,0.000000,0.037834,-0.112026,-0.231593,0.000000,0.000000,0.000000,1.000000,1.000000
1782438638.265517,1322,0.000768,inf,STAND_TEST,0.000000,0.038362,-0.117620,-0.231975,0.000000,0.000000,0.000000,1.000000,1.000000
1782438638.285557,1323,0.000769,inf,STAND_TEST,0.000000,0.039208,-0.122877,-0.232432,0.000000,0.000000,0.000000,1.000000,1.000000
1782438638.305637,1324,0.000648,inf,STAND_TEST,0.000000,0.040087,-0.127170,-0.232947,0.000000,0.000000,0.000000,1.000000,1.000000
1782438638.325803,1325,0.000440,inf,STAND_TEST,0.000000,0.040942,-0.130160,-0.233176,0.000000,0.000000,0.000000,1.000000,1.000000
1782438638.345891,1326,0.000475,inf,STAND_TEST,0.000000,0.042150,-0.131596,-0.233168,0.000000,0.000000,0.000000,1.000000,1.000000
1782438638.366128,1327,0.000654,inf,STAND_TEST,0.000000,0.043457,-0.132766,-0.233136,0.000000,0.000000,0.000000,1.000000,1.000000
1782438638.386364,1328,0.000832,inf,STAND_TEST,0.000000,0.044326,-0.134000,-0.232961,0.000000,0.000000,0.000000,1.000000,1.000000
1782438638.406226,1329,0.000641,inf,STAND_TEST,0.000000,0.045201,-0.135351,-0.232997,0.000000,0.000000,0.000000,1.000000,1.000000
1782438638.426300,1330,0.000659,inf,STAND_TEST,0.000000,0.045721,-0.136402,-0.233369,0.000000,0.000000,0.000000,1.000000,1.000000
1782438638.446288,1331,0.000421,inf,STAND_TEST,0.000000,0.046022,-0.137004,-0.233961,0.000000,0.000000,0.000000,1.000000,1.000000
1782438638.466362,1332,0.000440,inf,STAND_TEST,0.000000,0.046260,-0.137697,-0.234606,0.000000,0.000000,0.000000,1.000000,1.000000
1782438638.486382,1333,0.000405,inf,STAND_TEST,0.000000,0.046427,-0.139142,-0.235463,0.000000,0.000000,0.000000,1.000000,1.000000
1782438638.506470,1334,0.000438,inf,STAND_TEST,0.000000,0.046450,-0.140444,-0.236360,0.000000,0.000000,0.000000,1.000000,1.000000
1782438638.526510,1335,0.000424,inf,STAND_TEST,0.000000,0.046378,-0.141414,-0.237229,0.000000,0.000000,0.000000,1.000000,1.000000
1782438638.546537,1336,0.000396,inf,STAND_TEST,0.000000,0.046370,-0.142000,-0.238031,0.000000,0.000000,0.000000,1.000000,1.000000
1782438638.566814,1337,0.000618,inf,STAND_TEST,0.000000,0.046213,-0.142453,-0.238409,0.000000,0.000000,0.000000,1.000000,1.000000
1782438638.586835,1338,0.000584,inf,STAND_TEST,0.000000,0.045975,-0.142565,-0.238722,0.000000,0.000000,0.000000,1.000000,1.000000
1782438638.606936,1339,0.000632,inf,STAND_TEST,0.000000,0.045752,-0.142514,-0.239065,0.000000,0.000000,0.000000,1.000000,1.000000
1782438638.626996,1340,0.000416,inf,STAND_TEST,0.000000,0.045427,-0.142194,-0.239596,0.000000,0.000000,0.000000,1.000000,1.000000
1782438638.647036,1341,0.000403,inf,STAND_TEST,0.000000,0.045030,-0.141743,-0.240278,0.000000,0.000000,0.000000,1.000000,1.000000
1782438638.667104,1342,0.000417,inf,STAND_TEST,0.000000,0.044616,-0.141325,-0.241037,0.000000,0.000000,0.000000,1.000000,1.000000
1782438638.687354,1343,0.000613,inf,STAND_TEST,0.000000,0.044118,-0.140960,-0.241863,0.000000,0.000000,0.000000,1.000000,1.000000
1782438638.707634,1344,0.000837,inf,STAND_TEST,0.000000,0.043571,-0.140558,-0.242594,0.000000,0.000000,0.000000,1.000000,1.000000
1782438638.727645,1345,0.000598,inf,STAND_TEST,0.000000,0.042907,-0.140237,-0.243104,0.000000,0.000000,0.000000,1.000000,1.000000
1782438638.747636,1346,0.000489,inf,STAND_TEST,0.000000,0.042226,-0.139874,-0.243368,0.000000,0.000000,0.000000,1.000000,1.000000
1782438638.767609,1347,0.000425,inf,STAND_TEST,0.000000,0.041570,-0.139715,-0.243545,0.000000,0.000000,0.000000,1.000000,1.000000
1782438638.787684,1348,0.000446,inf,STAND_TEST,0.000000,0.040870,-0.139217,-0.243717,0.000000,0.000000,0.000000,1.000000,1.000000
1782438638.808081,1349,0.000789,inf,STAND_TEST,0.000000,0.040173,-0.138670,-0.243938,0.000000,0.000000,0.000000,1.000000,1.000000
1782438638.827768,1350,0.000422,inf,STAND_TEST,0.000000,0.039509,-0.138254,-0.244363,0.000000,0.000000,0.000000,1.000000,1.000000
1782438638.847837,1351,0.000435,inf,STAND_TEST,0.000000,0.038952,-0.137545,-0.245041,0.000000,0.000000,0.000000,1.000000,1.000000
1782438638.868128,1352,0.000670,inf,STAND_TEST,0.000000,0.038461,-0.136693,-0.245910,0.000000,0.000000,0.000000,1.000000,1.000000
1782438638.888201,1353,0.000687,inf,STAND_TEST,0.000000,0.037948,-0.135842,-0.246852,0.000000,0.000000,0.000000,1.000000,1.000000
1782438638.908160,1354,0.000441,inf,STAND_TEST,0.000000,0.037451,-0.134717,-0.247678,0.000000,0.000000,0.000000,1.000000,1.000000
1782438638.928157,1355,0.000384,inf,STAND_TEST,0.000000,0.037019,-0.133652,-0.248293,0.000000,0.000000,0.000000,1.000000,1.000000
1782438638.948236,1356,0.000408,inf,STAND_TEST,0.000000,0.036634,-0.132505,-0.248741,0.000000,0.000000,0.000000,1.000000,1.000000
1782438638.968338,1357,0.000457,inf,STAND_TEST,0.000000,0.036292,-0.131346,-0.248790,0.000000,0.000000,0.000000,1.000000,1.000000
1782438638.988381,1358,0.000445,inf,STAND_TEST,0.000000,0.035980,-0.130260,-0.248659,0.000000,0.000000,0.000000,1.000000,1.000000
1782438639.008414,1359,0.000424,inf,STAND_TEST,0.000000,0.035711,-0.129251,-0.248343,0.000000,0.000000,0.000000,1.000000,1.000000
1782438639.028429,1360,0.000384,inf,STAND_TEST,0.000000,0.035445,-0.128232,-0.247878,0.000000,0.000000,0.000000,1.000000,1.000000
1782438639.048751,1361,0.000653,inf,STAND_TEST,0.000000,0.035156,-0.127177,-0.247441,0.000000,0.000000,0.000000,1.000000,1.000000
1782438639.068802,1362,0.000426,inf,STAND_TEST,0.000000,0.034917,-0.126170,-0.247159,0.000000,0.000000,0.000000,1.000000,1.000000
1782438639.088880,1363,0.000450,inf,STAND_TEST,0.000000,0.034655,-0.125127,-0.247052,0.000000,0.000000,0.000000,1.000000,1.000000
1782438639.108891,1364,0.000406,inf,STAND_TEST,0.000000,0.034404,-0.124088,-0.247032,0.000000,0.000000,0.000000,1.000000,1.000000
1782438639.128983,1365,0.000443,inf,STAND_TEST,0.000000,0.034183,-0.123107,-0.246967,0.000000,0.000000,0.000000,1.000000,1.000000
1782438639.149071,1366,0.000477,inf,STAND_TEST,0.000000,0.033970,-0.122064,-0.246969,0.000000,0.000000,0.000000,1.000000,1.000000
1782438639.169273,1367,0.000626,inf,STAND_TEST,0.000000,0.033778,-0.120963,-0.246891,0.000000,0.000000,0.000000,1.000000,1.000000
1782438639.189332,1368,0.000630,inf,STAND_TEST,0.000000,0.033593,-0.119879,-0.246737,0.000000,0.000000,0.000000,1.000000,1.000000
1782438639.209378,1369,0.000420,inf,STAND_TEST,0.000000,0.033428,-0.118721,-0.246433,0.000000,0.000000,0.000000,1.000000,1.000000
1782438639.229605,1370,0.000444,inf,STAND_TEST,0.000000,0.033281,-0.117548,-0.246221,0.000000,0.000000,0.000000,1.000000,1.000000
1782438639.249632,1371,0.000417,inf,STAND_TEST,0.000000,0.033122,-0.116348,-0.246146,0.000000,0.000000,0.000000,1.000000,1.000000
1782438639.269714,1372,0.000444,inf,STAND_TEST,0.000000,0.032969,-0.115140,-0.246188,0.000000,0.000000,0.000000,1.000000,1.000000
1782438639.289812,1373,0.000486,inf,STAND_TEST,0.000000,0.032798,-0.113937,-0.246208,0.000000,0.000000,0.000000,1.000000,1.000000
1782438639.309999,1374,0.000619,inf,STAND_TEST,0.000000,0.032591,-0.112793,-0.246138,0.000000,0.000000,0.000000,1.000000,1.000000
1782438639.330045,1375,0.000610,inf,STAND_TEST,0.000000,0.032343,-0.111450,-0.246129,0.000000,0.000000,0.000000,1.000000,1.000000
1782438639.350054,1376,0.000393,inf,STAND_TEST,0.000000,0.032114,-0.110001,-0.246222,0.000000,0.000000,0.000000,1.000000,1.000000
1782438639.370131,1377,0.000414,inf,STAND_TEST,0.000000,0.031878,-0.108706,-0.246355,0.000000,0.000000,0.000000,1.000000,1.000000
1782438639.390244,1378,0.000472,inf,STAND_TEST,0.000000,0.031649,-0.107273,-0.246569,0.000000,0.000000,0.000000,1.000000,1.000000
1782438639.410264,1379,0.000437,inf,STAND_TEST,0.000000,0.031409,-0.105870,-0.246779,0.000000,0.000000,0.000000,1.000000,1.000000
1782438639.430267,1380,0.000385,inf,STAND_TEST,0.000000,0.031175,-0.104333,-0.246913,0.000000,0.000000,0.000000,1.000000,1.000000
1782438639.450375,1381,0.000438,inf,STAND_TEST,0.000000,0.030911,-0.102926,-0.247021,0.000000,0.000000,0.000000,1.000000,1.000000
1782438639.470367,1382,0.000374,inf,STAND_TEST,0.000000,0.030615,-0.101314,-0.247268,0.000000,0.000000,0.000000,1.000000,1.000000
1782438639.490701,1383,0.000652,inf,STAND_TEST,0.000000,0.030339,-0.099671,-0.247601,0.000000,0.000000,0.000000,1.000000,1.000000
1782438639.510915,1384,0.000809,inf,STAND_TEST,0.000000,0.030082,-0.097940,-0.247780,0.000000,0.000000,0.000000,1.000000,1.000000
1782438639.530799,1385,0.000551,inf,STAND_TEST,0.000000,0.029795,-0.096131,-0.248228,0.000000,0.000000,0.000000,1.000000,1.000000
1782438639.550729,1386,0.000425,inf,STAND_TEST,0.000000,0.029479,-0.094137,-0.248874,0.000000,0.000000,0.000000,1.000000,1.000000
1782438639.570782,1387,0.000423,inf,STAND_TEST,0.000000,0.029145,-0.092095,-0.249334,0.000000,0.000000,0.000000,1.000000,1.000000
1782438639.590859,1388,0.000444,inf,STAND_TEST,0.000000,0.028838,-0.089913,-0.249383,0.000000,0.000000,0.000000,1.000000,1.000000
1782438639.610861,1389,0.000390,inf,STAND_TEST,0.000000,0.028530,-0.087569,-0.249099,0.000000,0.000000,0.000000,1.000000,1.000000
1782438639.630991,1390,0.000463,inf,STAND_TEST,0.000000,0.028229,-0.085065,-0.248755,0.000000,0.000000,0.000000,1.000000,1.000000
1782438639.651235,1391,0.000651,inf,STAND_TEST,0.000000,0.028018,-0.082550,-0.248444,0.000000,0.000000,0.000000,1.000000,1.000000
1782438639.671280,1392,0.000640,inf,STAND_TEST,0.000000,0.027839,-0.080172,-0.248067,0.000000,0.000000,0.000000,1.000000,1.000000
1782438639.691209,1393,0.000392,inf,STAND_TEST,0.000000,0.027719,-0.077461,-0.247742,0.000000,0.000000,0.000000,1.000000,1.000000
1782438639.711289,1394,0.000416,inf,STAND_TEST,0.000000,0.027581,-0.074675,-0.247437,0.000000,0.000000,0.000000,1.000000,1.000000
1782438639.731346,1395,0.000418,inf,STAND_TEST,0.000000,0.027487,-0.071979,-0.247163,0.000000,0.000000,0.000000,1.000000,1.000000
1782438639.751426,1396,0.000442,inf,STAND_TEST,0.000000,0.027427,-0.068914,-0.246908,0.000000,0.000000,0.000000,1.000000,1.000000
1782438639.771485,1397,0.000446,inf,STAND_TEST,0.000000,0.027337,-0.065788,-0.246563,0.000000,0.000000,0.000000,1.000000,1.000000
1782438639.791744,1398,0.000648,inf,STAND_TEST,0.000000,0.027184,-0.062270,-0.246282,0.000000,0.000000,0.000000,1.000000,1.000000
1782438639.811886,1399,0.000735,inf,STAND_TEST,0.000000,0.027025,-0.058886,-0.246122,0.000000,0.000000,0.000000,1.000000,1.000000
1782438639.831546,1400,0.000369,inf,STAND_TEST,0.000000,0.026733,-0.055203,-0.245852,0.000000,0.000000,0.000000,1.000000,1.000000
1782438639.851765,1401,0.000378,inf,STAND_TEST,0.000000,0.026424,-0.051008,-0.245808,0.000000,0.000000,0.000000,1.000000,1.000000
1782438639.871945,1402,0.000421,inf,STAND_TEST,0.000000,0.026077,-0.046731,-0.245570,0.000000,0.000000,0.000000,1.000000,1.000000
1782438639.892024,1403,0.000446,inf,STAND_TEST,0.000000,0.025801,-0.042405,-0.245300,0.000000,0.000000,0.000000,1.000000,1.000000
1782438639.912063,1404,0.000431,inf,STAND_TEST,0.000000,0.025664,-0.038087,-0.244936,0.000000,0.000000,0.000000,1.000000,1.000000
1782438639.932079,1405,0.000394,inf,STAND_TEST,0.000000,0.025543,-0.033641,-0.244509,0.000000,0.000000,0.000000,1.000000,1.000000
1782438639.952166,1406,0.000426,inf,STAND_TEST,0.000000,0.025288,-0.028980,-0.244272,0.000000,0.000000,0.000000,1.000000,1.000000
1782438639.972207,1407,0.000413,inf,STAND_TEST,0.000000,0.025039,-0.024357,-0.244219,0.000000,0.000000,0.000000,1.000000,1.000000
1782438639.992544,1408,0.000695,inf,STAND_TEST,0.000000,0.024828,-0.019209,-0.244053,0.000000,0.000000,0.000000,1.000000,1.000000
1782438640.012515,1409,0.000418,inf,STAND_TEST,0.000000,0.024761,-0.013858,-0.243762,0.000000,0.000000,0.000000,1.000000,1.000000
1782438640.032632,1410,0.000402,inf,STAND_TEST,0.000000,0.024686,-0.008857,-0.243537,0.000000,0.000000,0.000000,1.000000,1.000000
1782438640.052647,1411,0.000360,inf,STAND_TEST,0.000000,0.024733,-0.003666,-0.243296,0.000000,0.000000,0.000000,1.000000,1.000000
1782438640.072860,1412,0.000464,inf,STAND_TEST,0.000000,0.024759,0.001858,-0.242789,0.000000,0.000000,0.000000,1.000000,1.000000
1782438640.092944,1413,0.000413,inf,STAND_TEST,0.000000,0.024727,0.007128,-0.242461,0.000000,0.000000,0.000000,1.000000,1.000000
1782438640.113348,1414,0.000693,inf,STAND_TEST,0.000000,0.024655,0.012280,-0.242226,0.000000,0.000000,0.000000,1.000000,1.000000
1782438640.133397,1415,0.000415,inf,STAND_TEST,0.000000,0.024582,0.017955,-0.242182,0.000000,0.000000,0.000000,1.000000,1.000000
1782438640.153502,1416,0.000412,inf,STAND_TEST,0.000000,0.024311,0.023737,-0.242470,0.000000,0.000000,0.000000,1.000000,1.000000
1782438640.173621,1417,0.000418,inf,STAND_TEST,0.000000,0.024097,0.029119,-0.242985,0.000000,0.000000,0.000000,1.000000,1.000000
1782438640.193985,1418,0.000676,inf,STAND_TEST,0.000000,0.023896,0.034776,-0.243472,0.000000,0.000000,0.000000,1.000000,1.000000
1782438640.214033,1419,0.000414,inf,STAND_TEST,0.000000,0.023767,0.040925,-0.243607,0.000000,0.000000,0.000000,1.000000,1.000000
1782438640.234155,1420,0.000426,inf,STAND_TEST,0.000000,0.023722,0.047293,-0.243303,0.000000,0.000000,0.000000,1.000000,1.000000
1782438640.254253,1421,0.000421,inf,STAND_TEST,0.000000,0.023552,0.053724,-0.243287,0.000000,0.000000,0.000000,1.000000,1.000000
1782438640.274358,1422,0.000417,inf,STAND_TEST,0.000000,0.023315,0.060160,-0.243215,0.000000,0.000000,0.000000,1.000000,1.000000
1782438640.294720,1423,0.000675,inf,STAND_TEST,0.000000,0.022851,0.066636,-0.243300,0.000000,0.000000,0.000000,1.000000,1.000000
1782438640.314823,1424,0.000670,inf,STAND_TEST,0.000000,0.022698,0.073107,-0.243679,0.000000,0.000000,0.000000,1.000000,1.000000
1782438640.334838,1425,0.000415,inf,STAND_TEST,0.000000,0.022602,0.079223,-0.243408,0.000000,0.000000,0.000000,1.000000,1.000000
1782438640.354941,1426,0.000409,inf,STAND_TEST,0.000000,0.022474,0.085562,-0.243015,0.000000,0.000000,0.000000,1.000000,1.000000
1782438640.375090,1427,0.000444,inf,STAND_TEST,0.000000,0.022472,0.091532,-0.242800,0.000000,0.000000,0.000000,1.000000,1.000000
1782438640.395121,1428,0.000416,inf,STAND_TEST,0.000000,0.022356,0.097051,-0.242596,0.000000,0.000000,0.000000,1.000000,1.000000
1782438640.415523,1429,0.000707,inf,STAND_TEST,0.000000,0.022184,0.102787,-0.242644,0.000000,0.000000,0.000000,1.000000,1.000000
1782438640.435599,1430,0.000673,inf,STAND_TEST,0.000000,0.021952,0.108221,-0.242603,0.000000,0.000000,0.000000,1.000000,1.000000
1782438640.455501,1431,0.000425,inf,STAND_TEST,0.000000,0.021950,0.114117,-0.242691,0.000000,0.000000,0.000000,1.000000,1.000000
1782438640.475602,1432,0.000415,inf,STAND_TEST,0.000000,0.022071,0.119123,-0.242426,0.000000,0.000000,0.000000,1.000000,1.000000
1782438640.495730,1433,0.000431,inf,STAND_TEST,0.000000,0.022218,0.124076,-0.242094,0.000000,0.000000,0.000000,1.000000,1.000000
1782438640.515798,1434,0.000440,inf,STAND_TEST,0.000000,0.022297,0.128835,-0.242008,0.000000,0.000000,0.000000,1.000000,1.000000
1782438640.536098,1435,0.000682,inf,STAND_TEST,0.000000,0.022391,0.133483,-0.241987,0.000000,0.000000,0.000000,1.000000,1.000000
1782438640.556188,1436,0.000659,inf,STAND_TEST,0.000000,0.022521,0.137515,-0.241885,0.000000,0.000000,0.000000,1.000000,1.000000
1782438640.576202,1437,0.000413,inf,STAND_TEST,0.000000,0.022580,0.141558,-0.241654,0.000000,0.000000,0.000000,1.000000,1.000000
1782438640.596318,1438,0.000420,inf,STAND_TEST,0.000000,0.022745,0.144892,-0.241556,0.000000,0.000000,0.000000,1.000000,1.000000
1782438640.616378,1439,0.000423,inf,STAND_TEST,0.000000,0.022901,0.147953,-0.241376,0.000000,0.000000,0.000000,1.000000,1.000000
1782438640.636499,1440,0.000411,inf,STAND_TEST,0.000000,0.023242,0.150683,-0.241123,0.000000,0.000000,0.000000,1.000000,1.000000
1782438640.656852,1441,0.000661,inf,STAND_TEST,0.000000,0.023558,0.153172,-0.240784,0.000000,0.000000,0.000000,1.000000,1.000000
1782438640.676957,1442,0.000663,inf,STAND_TEST,0.000000,0.023951,0.155252,-0.240267,0.000000,0.000000,0.000000,1.000000,1.000000
1782438640.696995,1443,0.000418,inf,STAND_TEST,0.000000,0.024282,0.157132,-0.239820,0.000000,0.000000,0.000000,1.000000,1.000000
1782438640.717094,1444,0.000412,inf,STAND_TEST,0.000000,0.024727,0.158827,-0.239518,0.000000,0.000000,0.000000,1.000000,1.000000
1782438640.737828,1445,0.000813,inf,STAND_TEST,0.000000,0.025240,0.160127,-0.239228,0.000000,0.000000,0.000000,1.000000,1.000000
1782438640.757693,1446,0.000437,inf,STAND_TEST,0.000000,0.025755,0.160854,-0.238847,0.000000,0.000000,0.000000,1.000000,1.000000
1782438640.777799,1447,0.000421,inf,STAND_TEST,0.000000,0.026049,0.161284,-0.238547,0.000000,0.000000,0.000000,1.000000,1.000000
1782438640.798000,1448,0.000507,inf,STAND_TEST,0.000000,0.026126,0.161478,-0.238592,0.000000,0.000000,0.000000,1.000000,1.000000
1782438640.818026,1449,0.000429,inf,STAND_TEST,0.000000,0.026182,0.161465,-0.238684,0.000000,0.000000,0.000000,1.000000,1.000000
1782438640.838413,1450,0.000686,inf,STAND_TEST,0.000000,0.026266,0.161060,-0.238728,0.000000,0.000000,0.000000,1.000000,1.000000
1782438640.858514,1451,0.000664,inf,STAND_TEST,0.000000,0.026350,0.160140,-0.238776,0.000000,0.000000,0.000000,1.000000,1.000000
1782438640.878510,1452,0.000418,inf,STAND_TEST,0.000000,0.026427,0.158753,-0.238884,0.000000,0.000000,0.000000,1.000000,1.000000
1782438640.898627,1453,0.000419,inf,STAND_TEST,0.000000,0.026635,0.157033,-0.238944,0.000000,0.000000,0.000000,1.000000,1.000000
1782438640.918721,1454,0.000406,inf,STAND_TEST,0.000000,0.026827,0.154850,-0.239033,0.000000,0.000000,0.000000,1.000000,1.000000
1782438640.939086,1455,0.000663,inf,STAND_TEST,0.000000,0.027001,0.152416,-0.239169,0.000000,0.000000,0.000000,1.000000,1.000000
1782438640.959197,1456,0.000667,inf,STAND_TEST,0.000000,0.027166,0.149802,-0.239266,0.000000,0.000000,0.000000,1.000000,1.000000
1782438640.979259,1457,0.000620,inf,STAND_TEST,0.000000,0.027323,0.146888,-0.239333,0.000000,0.000000,0.000000,1.000000,1.000000
1782438640.999190,1458,0.000427,inf,STAND_TEST,0.000000,0.027431,0.143585,-0.239493,0.000000,0.000000,0.000000,1.000000,1.000000
1782438641.019290,1459,0.000422,inf,STAND_TEST,0.000000,0.027501,0.140208,-0.239627,0.000000,0.000000,0.000000,1.000000,1.000000
1782438641.039391,1460,0.000415,inf,STAND_TEST,0.000000,0.027566,0.136825,-0.239753,0.000000,0.000000,0.000000,1.000000,1.000000
1782438641.059516,1461,0.000437,inf,STAND_TEST,0.000000,0.027679,0.133060,-0.239950,0.000000,0.000000,0.000000,1.000000,1.000000
1782438641.079863,1462,0.000675,inf,STAND_TEST,0.000000,0.027825,0.129020,-0.239890,0.000000,0.000000,0.000000,1.000000,1.000000
1782438641.099895,1463,0.000665,inf,STAND_TEST,0.000000,0.027878,0.124967,-0.239951,0.000000,0.000000,0.000000,1.000000,1.000000
1782438641.119956,1464,0.000668,inf,STAND_TEST,0.000000,0.027965,0.121118,-0.240078,0.000000,0.000000,0.000000,1.000000,1.000000
1782438641.139844,1465,0.000416,inf,STAND_TEST,0.000000,0.028186,0.116773,-0.240179,0.000000,0.000000,0.000000,1.000000,1.000000
1782438641.159899,1466,0.000414,inf,STAND_TEST,0.000000,0.028460,0.112591,-0.240073,0.000000,0.000000,0.000000,1.000000,1.000000
1782438641.180112,1467,0.000419,inf,STAND_TEST,0.000000,0.028747,0.108188,-0.240060,0.000000,0.000000,0.000000,1.000000,1.000000
1782438641.200174,1468,0.000422,inf,STAND_TEST,0.000000,0.029083,0.104073,-0.240085,0.000000,0.000000,0.000000,1.000000,1.000000
1782438641.220480,1469,0.000669,inf,STAND_TEST,0.000000,0.029484,0.099776,-0.240016,0.000000,0.000000,0.000000,1.000000,1.000000
1782438641.240547,1470,0.000673,inf,STAND_TEST,0.000000,0.029759,0.095577,-0.239893,0.000000,0.000000,0.000000,1.000000,1.000000
1782438641.260522,1471,0.000415,inf,STAND_TEST,0.000000,0.029798,0.091298,-0.239763,0.000000,0.000000,0.000000,1.000000,1.000000
1782438641.280626,1472,0.000420,inf,STAND_TEST,0.000000,0.029684,0.087267,-0.239710,0.000000,0.000000,0.000000,1.000000,1.000000
1782438641.300721,1473,0.000415,inf,STAND_TEST,0.000000,0.029550,0.083275,-0.239779,0.000000,0.000000,0.000000,1.000000,1.000000
1782438641.320839,1474,0.000432,inf,STAND_TEST,0.000000,0.029301,0.079168,-0.239931,0.000000,0.000000,0.000000,1.000000,1.000000
1782438641.341178,1475,0.000665,inf,STAND_TEST,0.000000,0.029107,0.075022,-0.240142,0.000000,0.000000,0.000000,1.000000,1.000000
1782438641.361272,1476,0.000653,inf,STAND_TEST,0.000000,0.029081,0.070773,-0.240185,0.000000,0.000000,0.000000,1.000000,1.000000
1782438641.381327,1477,0.000418,inf,STAND_TEST,0.000000,0.029108,0.066257,-0.239827,0.000000,0.000000,0.000000,1.000000,1.000000
1782438641.401439,1478,0.000422,inf,STAND_TEST,0.000000,0.029245,0.062019,-0.239536,0.000000,0.000000,0.000000,1.000000,1.000000
1782438641.421535,1479,0.000411,inf,STAND_TEST,0.000000,0.029406,0.057523,-0.239103,0.000000,0.000000,0.000000,1.000000,1.000000
1782438641.441905,1480,0.000682,inf,STAND_TEST,0.000000,0.029424,0.052416,-0.238732,0.000000,0.000000,0.000000,1.000000,1.000000
1782438641.461837,1481,0.000417,inf,STAND_TEST,0.000000,0.029295,0.047446,-0.238788,0.000000,0.000000,0.000000,1.000000,1.000000
1782438641.482168,1482,0.000429,inf,STAND_TEST,0.000000,0.029064,0.042558,-0.239433,0.000000,0.000000,0.000000,1.000000,1.000000
1782438641.502282,1483,0.000435,inf,STAND_TEST,0.000000,0.028583,0.036495,-0.240490,0.000000,0.000000,0.000000,1.000000,1.000000
1782438641.522373,1484,0.000420,inf,STAND_TEST,0.000000,0.028096,0.031039,-0.241657,0.000000,0.000000,0.000000,1.000000,1.000000
1782438641.542794,1485,0.000784,inf,STAND_TEST,0.000000,0.027835,0.025255,-0.242703,0.000000,0.000000,0.000000,1.000000,1.000000
1782438641.562727,1486,0.000652,inf,STAND_TEST,0.000000,0.027807,0.019488,-0.243403,0.000000,0.000000,0.000000,1.000000,1.000000
1782438641.582694,1487,0.000423,inf,STAND_TEST,0.000000,0.027822,0.013443,-0.243778,0.000000,0.000000,0.000000,1.000000,1.000000
1782438641.602801,1488,0.000416,inf,STAND_TEST,0.000000,0.027957,0.007694,-0.244119,0.000000,0.000000,0.000000,1.000000,1.000000
1782438641.622891,1489,0.000448,inf,STAND_TEST,0.000000,0.028177,0.001801,-0.244363,0.000000,0.000000,0.000000,1.000000,1.000000
1782438641.642957,1490,0.000457,inf,STAND_TEST,0.000000,0.028295,-0.004243,-0.244391,0.000000,0.000000,0.000000,1.000000,1.000000
1782438641.662971,1491,0.000414,inf,STAND_TEST,0.000000,0.028466,-0.010090,-0.244223,0.000000,0.000000,0.000000,1.000000,1.000000
1782438641.683249,1492,0.000636,inf,STAND_TEST,0.000000,0.028910,-0.016645,-0.243778,0.000000,0.000000,0.000000,1.000000,1.000000
1782438641.703293,1493,0.000624,inf,STAND_TEST,0.000000,0.029276,-0.022979,-0.243163,0.000000,0.000000,0.000000,1.000000,1.000000
1782438641.723502,1494,0.000778,inf,STAND_TEST,0.000000,0.029784,-0.029456,-0.242474,0.000000,0.000000,0.000000,1.000000,1.000000
1782438641.743274,1495,0.000451,inf,STAND_TEST,0.000000,0.030328,-0.036032,-0.242175,0.000000,0.000000,0.000000,1.000000,1.000000
1782438641.763411,1496,0.000420,inf,STAND_TEST,0.000000,0.030843,-0.042700,-0.242191,0.000000,0.000000,0.000000,1.000000,1.000000
1782438641.783521,1497,0.000413,inf,STAND_TEST,0.000000,0.031339,-0.049697,-0.242424,0.000000,0.000000,0.000000,1.000000,1.000000
1782438641.803650,1498,0.000411,inf,STAND_TEST,0.000000,0.031928,-0.056405,-0.242582,0.000000,0.000000,0.000000,1.000000,1.000000
1782438641.824023,1499,0.000664,inf,STAND_TEST,0.000000,0.032532,-0.062579,-0.242302,0.000000,0.000000,0.000000,1.000000,1.000000
