timestamp,frame_id,loop_dt,redis_age,mode,risk_score,roll,pitch,yaw,max_tracking_error,rms_tracking_error,max_torque_ratio,ramp,deploy_action_scale
1782700142.835018,-1,0.002653,1947.413491,SAFE_STAND,0.000000,0.004006,0.096984,0.179139,0.000000,0.000000,0.000000,1.000000,0.500000
1782700142.853679,-1,0.000935,inf,SAFE_STAND,0.000000,0.003977,0.096928,0.179155,0.000000,0.000000,0.000000,1.000000,0.500000
1782700142.873760,-1,0.000873,inf,SAFE_STAND,0.000000,0.003942,0.096806,0.179130,0.000000,0.000000,0.000000,1.000000,0.500000
1782700142.893660,-1,0.000449,inf,SAFE_STAND,0.000000,0.003952,0.096739,0.179121,0.000000,0.000000,0.000000,1.000000,0.500000
1782700142.913806,-1,0.000519,inf,SAFE_STAND,0.000000,0.003945,0.096697,0.179102,0.000000,0.000000,0.000000,1.000000,0.500000
1782700142.934413,-1,0.000741,inf,SAFE_STAND,0.000000,0.003960,0.096612,0.179156,0.000000,0.000000,0.000000,1.000000,0.500000
1782700142.954402,-1,0.000431,inf,SAFE_STAND,0.000000,0.003948,0.096569,0.179205,0.000000,0.000000,0.000000,1.000000,0.500000
1782700142.974476,-1,0.000431,inf,SAFE_STAND,0.000000,0.003946,0.096536,0.179211,0.000000,0.000000,0.000000,1.000000,0.500000
1782700142.995185,-1,0.000474,inf,SAFE_STAND,0.000000,0.003897,0.096451,0.179140,0.000000,0.000000,0.000000,1.000000,0.500000
1782700143.015208,-1,0.000418,inf,SAFE_STAND,0.000000,0.003875,0.096332,0.179105,0.000000,0.000000,0.000000,1.000000,0.500000
1782700143.035327,-1,0.000464,inf,SAFE_STAND,0.000000,0.003898,0.096265,0.179110,0.000000,0.000000,0.000000,1.000000,0.500000
1782700143.055385,-1,0.000449,inf,SAFE_STAND,0.000000,0.003872,0.096217,0.179096,0.000000,0.000000,0.000000,1.000000,0.500000
1782700143.075433,-1,0.000424,inf,SAFE_STAND,0.000000,0.003862,0.096138,0.179104,0.000000,0.000000,0.000000,1.000000,0.500000
1782700143.095936,-1,0.000423,inf,SAFE_STAND,0.000000,0.003849,0.096119,0.179065,0.000000,0.000000,0.000000,1.000000,0.500000
1782700143.115973,-1,0.000380,inf,SAFE_STAND,0.000000,0.003864,0.096055,0.179057,0.000000,0.000000,0.000000,1.000000,0.500000
1782700143.136163,-1,0.000437,inf,SAFE_STAND,0.000000,0.003876,0.096017,0.179070,0.000000,0.000000,0.000000,1.000000,0.500000
1782700143.156736,-1,0.000676,inf,SAFE_STAND,0.000000,0.003886,0.095995,0.179088,0.000000,0.000000,0.000000,1.000000,0.500000
1782700143.176732,-1,0.000464,inf,SAFE_STAND,0.000000,0.003906,0.095927,0.179071,0.000000,0.000000,0.000000,1.000000,0.500000
1782700143.196835,-1,0.000421,inf,SAFE_STAND,0.000000,0.003915,0.095883,0.179071,0.000000,0.000000,0.000000,1.000000,0.500000
1782700143.217355,-1,0.000650,inf,SAFE_STAND,0.000000,0.003894,0.095863,0.179081,0.000000,0.000000,0.000000,1.000000,0.500000
1782700143.237401,-1,0.000622,inf,SAFE_STAND,0.000000,0.003910,0.095804,0.179126,0.000000,0.000000,0.000000,1.000000,0.500000
1782700143.257658,-1,0.000729,inf,SAFE_STAND,0.000000,0.003918,0.095792,0.179133,0.000000,0.000000,0.000000,1.000000,0.500000
1782700143.277829,-1,0.000736,inf,SAFE_STAND,0.000000,0.003930,0.095796,0.179150,0.000000,0.000000,0.000000,1.000000,0.500000
1782700143.298301,-1,0.000757,inf,SAFE_STAND,0.000000,0.003939,0.095786,0.179163,0.000000,0.000000,0.000000,1.000000,0.500000
1782700143.318270,-1,0.000441,inf,SAFE_STAND,0.000000,0.003938,0.095765,0.179178,0.000000,0.000000,0.000000,1.000000,0.500000
1782700143.338591,-1,0.000688,1947.917124,SAFE_STAND,0.000000,0.003956,0.095788,0.179202,0.000000,0.000000,0.000000,1.000000,0.500000
1782700143.358418,-1,0.000436,inf,SAFE_STAND,0.000000,0.003941,0.095797,0.179180,0.000000,0.000000,0.000000,1.000000,0.500000
1782700143.378509,-1,0.000454,inf,SAFE_STAND,0.000000,0.003919,0.095787,0.179232,0.000000,0.000000,0.000000,1.000000,0.500000
1782700143.398887,-1,0.000750,inf,SAFE_STAND,0.000000,0.003909,0.095789,0.179255,0.000000,0.000000,0.000000,1.000000,0.500000
1782700143.418904,-1,0.000686,inf,SAFE_STAND,0.000000,0.003931,0.095783,0.179312,0.000000,0.000000,0.000000,1.000000,0.500000
1782700143.439038,-1,0.000743,inf,SAFE_STAND,0.000000,0.003900,0.095776,0.179306,0.000000,0.000000,0.000000,1.000000,0.500000
1782700143.459386,-1,0.000744,inf,SAFE_STAND,0.000000,0.003881,0.095791,0.179272,0.000000,0.000000,0.000000,1.000000,0.500000
1782700143.479805,-1,0.000997,inf,SAFE_STAND,0.000000,0.003879,0.095793,0.179329,0.000000,0.000000,0.000000,1.000000,0.500000
1782700143.499983,-1,0.001010,inf,SAFE_STAND,0.000000,0.003916,0.095814,0.179357,0.000000,0.000000,0.000000,1.000000,0.500000
1782700143.520033,-1,0.000967,inf,SAFE_STAND,0.000000,0.003921,0.095796,0.179348,0.000000,0.000000,0.000000,1.000000,0.500000
1782700143.539978,-1,0.000744,inf,SAFE_STAND,0.000000,0.003922,0.095741,0.179333,0.000000,0.000000,0.000000,1.000000,0.500000
1782700143.560649,-1,0.000974,inf,SAFE_STAND,0.000000,0.003909,0.095741,0.179327,0.000000,0.000000,0.000000,1.000000,0.500000
1782700143.580854,-1,0.001018,inf,SAFE_STAND,0.000000,0.003903,0.095749,0.179332,0.000000,0.000000,0.000000,1.000000,0.500000
1782700143.601187,-1,0.001190,inf,SAFE_STAND,0.000000,0.003926,0.095764,0.179307,0.000000,0.000000,0.000000,1.000000,0.500000
1782700143.621767,-1,0.001089,inf,SAFE_STAND,0.000000,0.003947,0.095787,0.179312,0.000000,0.000000,0.000000,1.000000,0.500000
1782700143.641586,-1,0.000814,inf,SAFE_STAND,0.000000,0.003946,0.095776,0.179314,0.000000,0.000000,0.000000,1.000000,0.500000
1782700143.661568,-1,0.000444,inf,SAFE_STAND,0.000000,0.003994,0.095752,0.179334,0.000000,0.000000,0.000000,1.000000,0.500000
1782700143.681590,-1,0.000385,inf,SAFE_STAND,0.000000,0.003983,0.095683,0.179344,0.000000,0.000000,0.000000,1.000000,0.500000
1782700143.702084,-1,0.000806,inf,SAFE_STAND,0.000000,0.004004,0.095694,0.179372,0.000000,0.000000,0.000000,1.000000,0.500000
1782700143.722045,-1,0.000678,inf,SAFE_STAND,0.000000,0.004010,0.095661,0.179400,0.000000,0.000000,0.000000,1.000000,0.500000
1782700143.742121,-1,0.000665,inf,SAFE_STAND,0.000000,0.004026,0.095685,0.179396,0.000000,0.000000,0.000000,1.000000,0.500000
1782700143.762196,-1,0.000664,inf,SAFE_STAND,0.000000,0.004048,0.095665,0.179419,0.000000,0.000000,0.000000,1.000000,0.500000
1782700143.782178,-1,0.000465,inf,SAFE_STAND,0.000000,0.004031,0.095622,0.179395,0.000000,0.000000,0.000000,1.000000,0.500000
1782700143.802259,-1,0.000467,inf,SAFE_STAND,0.000000,0.004041,0.095585,0.179431,0.000000,0.000000,0.000000,1.000000,0.500000
1782700143.822898,-1,0.000707,inf,SAFE_STAND,0.000000,0.004043,0.095603,0.179409,0.000000,0.000000,0.000000,1.000000,0.500000
1782700143.843213,-1,0.000734,1948.421762,SAFE_STAND,0.000000,0.004039,0.095598,0.179375,0.000000,0.000000,0.000000,1.000000,0.500000
1782700143.863418,-1,0.000545,inf,SAFE_STAND,0.000000,0.004069,0.095643,0.179403,0.000000,0.000000,0.000000,1.000000,0.500000
1782700143.883858,-1,0.000509,inf,SAFE_STAND,0.000000,0.004047,0.095618,0.179406,0.000000,0.000000,0.000000,1.000000,0.500000
1782700143.903902,-1,0.000474,inf,SAFE_STAND,0.000000,0.004036,0.095642,0.179444,0.000000,0.000000,0.000000,1.000000,0.500000
1782700143.923946,-1,0.000445,inf,SAFE_STAND,0.000000,0.004009,0.095628,0.179445,0.000000,0.000000,0.000000,1.000000,0.500000
1782700143.944032,-1,0.000457,inf,SAFE_STAND,0.000000,0.004026,0.095645,0.179454,0.000000,0.000000,0.000000,1.000000,0.500000
1782700143.964547,-1,0.000667,inf,SAFE_STAND,0.000000,0.004046,0.095630,0.179476,0.000000,0.000000,0.000000,1.000000,0.500000
1782700143.984572,-1,0.000424,inf,SAFE_STAND,0.000000,0.004050,0.095649,0.179496,0.000000,0.000000,0.000000,1.000000,0.500000
1782700144.004673,-1,0.000450,inf,SAFE_STAND,0.000000,0.004042,0.095673,0.179483,0.000000,0.000000,0.000000,1.000000,0.500000
1782700144.024782,-1,0.000482,inf,SAFE_STAND,0.000000,0.004039,0.095698,0.179515,0.000000,0.000000,0.000000,1.000000,0.500000
1782700144.045019,-1,0.000645,inf,SAFE_STAND,0.000000,0.004025,0.095677,0.179488,0.000000,0.000000,0.000000,1.000000,0.500000
1782700144.065103,-1,0.000655,inf,SAFE_STAND,0.000000,0.004045,0.095597,0.179546,0.000000,0.000000,0.000000,1.000000,0.500000
1782700144.085158,-1,0.000636,inf,SAFE_STAND,0.000000,0.004035,0.095584,0.179561,0.000000,0.000000,0.000000,1.000000,0.500000
1782700144.105253,-1,0.000655,inf,SAFE_STAND,0.000000,0.004027,0.095618,0.179565,0.000000,0.000000,0.000000,1.000000,0.500000
1782700144.125370,-1,0.000668,inf,SAFE_STAND,0.000000,0.004044,0.095611,0.179545,0.000000,0.000000,0.000000,1.000000,0.500000
1782700144.145239,-1,0.000459,inf,SAFE_STAND,0.000000,0.004039,0.095608,0.179601,0.000000,0.000000,0.000000,1.000000,0.500000
1782700144.165375,-1,0.000515,inf,SAFE_STAND,0.000000,0.004051,0.095598,0.179565,0.000000,0.000000,0.000000,1.000000,0.500000
1782700144.185365,-1,0.000423,inf,SAFE_STAND,0.000000,0.004077,0.095595,0.179597,0.000000,0.000000,0.000000,1.000000,0.500000
1782700144.205527,-1,0.000511,inf,SAFE_STAND,0.000000,0.004097,0.095564,0.179610,0.000000,0.000000,0.000000,1.000000,0.500000
1782700144.225986,-1,0.000486,inf,SAFE_STAND,0.000000,0.004088,0.095536,0.179637,0.000000,0.000000,0.000000,1.000000,0.500000
1782700144.246012,-1,0.000437,inf,SAFE_STAND,0.000000,0.004101,0.095513,0.179659,0.000000,0.000000,0.000000,1.000000,0.500000
1782700144.266150,-1,0.000510,inf,SAFE_STAND,0.000000,0.004123,0.095522,0.179687,0.000000,0.000000,0.000000,1.000000,0.500000
1782700144.286160,-1,0.000447,inf,SAFE_STAND,0.000000,0.004142,0.095557,0.179719,0.000000,0.000000,0.000000,1.000000,0.500000
1782700144.306206,-1,0.000419,inf,SAFE_STAND,0.000000,0.004180,0.095550,0.179744,0.000000,0.000000,0.000000,1.000000,0.500000
1782700144.326738,-1,0.000644,inf,SAFE_STAND,0.000000,0.004173,0.095561,0.179758,0.000000,0.000000,0.000000,1.000000,0.500000
1782700144.346984,-1,0.000646,1948.925534,SAFE_STAND,0.000000,0.004177,0.095552,0.179770,0.000000,0.000000,0.000000,1.000000,0.500000
1782700144.367110,-1,0.000484,inf,SAFE_STAND,0.000000,0.004190,0.095545,0.179798,0.000000,0.000000,0.000000,1.000000,0.500000
1782700144.387802,-1,0.000592,inf,SAFE_STAND,0.000000,0.004201,0.095483,0.179859,0.000000,0.000000,0.000000,1.000000,0.500000
1782700144.407882,-1,0.000581,inf,SAFE_STAND,0.000000,0.004215,0.095447,0.179872,0.000000,0.000000,0.000000,1.000000,0.500000
1782700144.428510,-1,0.000786,inf,SAFE_STAND,0.000000,0.004217,0.095450,0.179849,0.000000,0.000000,0.000000,1.000000,0.500000
1782700144.448497,-1,0.000506,inf,SAFE_STAND,0.000000,0.004214,0.095383,0.179866,0.000000,0.000000,0.000000,1.000000,0.500000
1782700144.468573,-1,0.000503,inf,SAFE_STAND,0.000000,0.004197,0.095417,0.179870,0.000000,0.000000,0.000000,1.000000,0.500000
1782700144.488646,-1,0.000495,inf,SAFE_STAND,0.000000,0.004191,0.095423,0.179834,0.000000,0.000000,0.000000,1.000000,0.500000
1782700144.508911,-1,0.000679,inf,SAFE_STAND,0.000000,0.004224,0.095453,0.179826,0.000000,0.000000,0.000000,1.000000,0.500000
1782700144.528993,-1,0.000682,inf,SAFE_STAND,0.000000,0.004220,0.095459,0.179811,0.000000,0.000000,0.000000,1.000000,0.500000
1782700144.549061,-1,0.000673,inf,SAFE_STAND,0.000000,0.004215,0.095450,0.179791,0.000000,0.000000,0.000000,1.000000,0.500000
1782700144.568972,-1,0.000448,inf,SAFE_STAND,0.000000,0.004198,0.095443,0.179795,0.000000,0.000000,0.000000,1.000000,0.500000
1782700144.589125,-1,0.000436,inf,SAFE_STAND,0.000000,0.004199,0.095495,0.179835,0.000000,0.000000,0.000000,1.000000,0.500000
1782700144.609288,-1,0.000520,inf,SAFE_STAND,0.000000,0.004204,0.095486,0.179879,0.000000,0.000000,0.000000,1.000000,0.500000
1782700144.629733,-1,0.000657,inf,SAFE_STAND,0.000000,0.004181,0.095539,0.179900,0.000000,0.000000,0.000000,1.000000,0.500000
1782700144.649830,-1,0.000679,inf,SAFE_STAND,0.000000,0.004196,0.095558,0.179912,0.000000,0.000000,0.000000,1.000000,0.500000
1782700144.669947,-1,0.000709,inf,SAFE_STAND,0.000000,0.004181,0.095553,0.179874,0.000000,0.000000,0.000000,1.000000,0.500000
1782700144.689961,-1,0.000469,inf,SAFE_STAND,0.000000,0.004180,0.095551,0.179838,0.000000,0.000000,0.000000,1.000000,0.500000
1782700144.710108,-1,0.000493,inf,SAFE_STAND,0.000000,0.004202,0.095559,0.179853,0.000000,0.000000,0.000000,1.000000,0.500000
1782700144.730814,-1,0.000434,inf,SAFE_STAND,0.000000,0.004199,0.095601,0.179841,0.000000,0.000000,0.000000,1.000000,0.500000
1782700144.750893,-1,0.000439,inf,SAFE_STAND,0.000000,0.004223,0.095657,0.179818,0.000000,0.000000,0.000000,1.000000,0.500000
1782700144.771184,-1,0.000657,inf,SAFE_STAND,0.000000,0.004236,0.095652,0.179845,0.000000,0.000000,0.000000,1.000000,0.500000
1782700144.791432,-1,0.000827,inf,SAFE_STAND,0.000000,0.004239,0.095617,0.179845,0.000000,0.000000,0.000000,1.000000,0.500000
1782700144.811421,-1,0.000444,inf,SAFE_STAND,0.000000,0.004254,0.095573,0.179874,0.000000,0.000000,0.000000,1.000000,0.500000
1782700144.831611,-1,0.000450,inf,SAFE_STAND,0.000000,0.004259,0.095578,0.179892,0.000000,0.000000,0.000000,1.000000,0.500000
1782700144.851864,-1,0.000631,1949.430434,SAFE_STAND,0.000000,0.004226,0.095606,0.179898,0.000000,0.000000,0.000000,1.000000,0.500000
1782700144.872187,-1,0.000516,inf,SAFE_STAND,0.000000,0.004235,0.095632,0.179896,0.000000,0.000000,0.000000,1.000000,0.500000
1782700144.892611,-1,0.000745,inf,SAFE_STAND,0.000000,0.004219,0.095592,0.179939,0.000000,0.000000,0.000000,1.000000,0.500000
1782700144.913503,-1,0.001195,inf,SAFE_STAND,0.000000,0.004224,0.095596,0.179981,0.000000,0.000000,0.000000,1.000000,0.500000
1782700144.933651,-1,0.000821,inf,SAFE_STAND,0.000000,0.004249,0.095590,0.179975,0.000000,0.000000,0.000000,1.000000,0.500000
1782700144.954421,-1,0.001103,inf,SAFE_STAND,0.000000,0.004248,0.095564,0.180012,0.000000,0.000000,0.000000,1.000000,0.500000
1782700144.974874,-1,0.001101,inf,SAFE_STAND,0.000000,0.004227,0.095611,0.179975,0.000000,0.000000,0.000000,1.000000,0.500000
1782700144.994980,-1,0.001096,inf,SAFE_STAND,0.000000,0.004222,0.095613,0.180012,0.000000,0.000000,0.000000,1.000000,0.500000
1782700145.015099,-1,0.001107,inf,SAFE_STAND,0.000000,0.004226,0.095606,0.180029,0.000000,0.000000,0.000000,1.000000,0.500000
1782700145.035173,-1,0.001072,inf,SAFE_STAND,0.000000,0.004260,0.095635,0.180065,0.000000,0.000000,0.000000,1.000000,0.500000
1782700145.055625,-1,0.001068,inf,SAFE_STAND,0.000000,0.004276,0.095647,0.180089,0.000000,0.000000,0.000000,1.000000,0.500000
1782700145.075826,-1,0.001089,inf,SAFE_STAND,0.000000,0.004272,0.095681,0.180108,0.000000,0.000000,0.000000,1.000000,0.500000
1782700145.095999,-1,0.000806,inf,SAFE_STAND,0.000000,0.004279,0.095673,0.180133,0.000000,0.000000,0.000000,1.000000,0.500000
1782700145.116703,-1,0.001071,inf,SAFE_STAND,0.000000,0.004258,0.095682,0.180144,0.000000,0.000000,0.000000,1.000000,0.500000
1782700145.136874,-1,0.001071,inf,SAFE_STAND,0.000000,0.004250,0.095720,0.180125,0.000000,0.000000,0.000000,1.000000,0.500000
1782700145.156818,-1,0.000815,inf,SAFE_STAND,0.000000,0.004267,0.095713,0.180137,0.000000,0.000000,0.000000,1.000000,0.500000
1782700145.176983,-1,0.000806,inf,SAFE_STAND,0.000000,0.004283,0.095735,0.180105,0.000000,0.000000,0.000000,1.000000,0.500000
1782700145.197710,-1,0.001084,inf,SAFE_STAND,0.000000,0.004292,0.095755,0.180120,0.000000,0.000000,0.000000,1.000000,0.500000
1782700145.217472,-1,0.000530,inf,SAFE_STAND,0.000000,0.004301,0.095764,0.180145,0.000000,0.000000,0.000000,1.000000,0.500000
1782700145.237527,-1,0.000466,inf,SAFE_STAND,0.000000,0.004298,0.095742,0.180175,0.000000,0.000000,0.000000,1.000000,0.500000
1782700145.258012,-1,0.000873,inf,SAFE_STAND,0.000000,0.004282,0.095707,0.180147,0.000000,0.000000,0.000000,1.000000,0.500000
1782700145.277714,-1,0.000480,inf,SAFE_STAND,0.000000,0.004289,0.095692,0.180142,0.000000,0.000000,0.000000,1.000000,0.500000
1782700145.298077,-1,0.000438,inf,SAFE_STAND,0.000000,0.004283,0.095709,0.180158,0.000000,0.000000,0.000000,1.000000,0.500000
1782700145.318229,-1,0.000511,inf,SAFE_STAND,0.000000,0.004280,0.095728,0.180139,0.000000,0.000000,0.000000,1.000000,0.500000
1782700145.338796,-1,0.000761,inf,SAFE_STAND,0.000000,0.004270,0.095737,0.180130,0.000000,0.000000,0.000000,1.000000,0.500000
1782700145.358914,-1,0.000657,1949.937470,SAFE_STAND,0.000000,0.004281,0.095708,0.180143,0.000000,0.000000,0.000000,1.000000,0.500000
1782700145.378767,-1,0.000436,inf,SAFE_STAND,0.000000,0.004308,0.095728,0.180149,0.000000,0.000000,0.000000,1.000000,0.500000
1782700145.398993,-1,0.000581,inf,SAFE_STAND,0.000000,0.004341,0.095756,0.180144,0.000000,0.000000,0.000000,1.000000,0.500000
1782700145.419058,-1,0.000551,inf,SAFE_STAND,0.000000,0.004350,0.095757,0.180168,0.000000,0.000000,0.000000,1.000000,0.500000
1782700145.439035,-1,0.000441,inf,SAFE_STAND,0.000000,0.004349,0.095770,0.180189,0.000000,0.000000,0.000000,1.000000,0.500000
1782700145.459137,-1,0.000471,inf,SAFE_STAND,0.000000,0.004359,0.095793,0.180167,0.000000,0.000000,0.000000,1.000000,0.500000
1782700145.479399,-1,0.000445,inf,SAFE_STAND,0.000000,0.004357,0.095754,0.180222,0.000000,0.000000,0.000000,1.000000,0.500000
1782700145.499445,-1,0.000416,inf,SAFE_STAND,0.000000,0.004354,0.095706,0.180203,0.000000,0.000000,0.000000,1.000000,0.500000
1782700145.519612,-1,0.000511,inf,SAFE_STAND,0.000000,0.004341,0.095692,0.180241,0.000000,0.000000,0.000000,1.000000,0.500000
1782700145.539577,-1,0.000403,inf,SAFE_STAND,0.000000,0.004329,0.095633,0.180232,0.000000,0.000000,0.000000,1.000000,0.500000
1782700145.559643,-1,0.000397,inf,SAFE_STAND,0.000000,0.004316,0.095607,0.180279,0.000000,0.000000,0.000000,1.000000,0.500000
1782700145.580194,-1,0.000663,inf,SAFE_STAND,0.000000,0.004335,0.095569,0.180316,0.000000,0.000000,0.000000,1.000000,0.500000
1782700145.600299,-1,0.000697,inf,SAFE_STAND,0.000000,0.004320,0.095521,0.180335,0.000000,0.000000,0.000000,1.000000,0.500000
1782700145.620314,-1,0.000423,inf,SAFE_STAND,0.000000,0.004315,0.095608,0.180285,0.000000,0.000000,0.000000,1.000000,0.500000
1782700145.640409,-1,0.000443,inf,SAFE_STAND,0.000000,0.004306,0.095587,0.180301,0.000000,0.000000,0.000000,1.000000,0.500000
1782700145.660555,-1,0.000515,inf,SAFE_STAND,0.000000,0.004328,0.095579,0.180279,0.000000,0.000000,0.000000,1.000000,0.500000
1782700145.681089,-1,0.000742,inf,SAFE_STAND,0.000000,0.004319,0.095559,0.180300,0.000000,0.000000,0.000000,1.000000,0.500000
1782700145.701194,-1,0.000763,inf,SAFE_STAND,0.000000,0.004341,0.095576,0.180314,0.000000,0.000000,0.000000,1.000000,0.500000
1782700145.721018,-1,0.000502,inf,SAFE_STAND,0.000000,0.004354,0.095581,0.180288,0.000000,0.000000,0.000000,1.000000,0.500000
1782700145.741123,-1,0.000525,inf,SAFE_STAND,0.000000,0.004345,0.095548,0.180246,0.000000,0.000000,0.000000,1.000000,0.500000
1782700145.761761,-1,0.000691,inf,SAFE_STAND,0.000000,0.004362,0.095587,0.180239,0.000000,0.000000,0.000000,1.000000,0.500000
1782700145.781868,-1,0.000719,inf,SAFE_STAND,0.000000,0.004357,0.095606,0.180198,0.000000,0.000000,0.000000,1.000000,0.500000
1782700145.801987,-1,0.000750,inf,SAFE_STAND,0.000000,0.004372,0.095602,0.180223,0.000000,0.000000,0.000000,1.000000,0.500000
1782700145.822045,-1,0.000507,inf,SAFE_STAND,0.000000,0.004384,0.095656,0.180189,0.000000,0.000000,0.000000,1.000000,0.500000
1782700145.842513,-1,0.000673,inf,SAFE_STAND,0.000000,0.004398,0.095653,0.180217,0.000000,0.000000,0.000000,1.000000,0.500000
1782700145.862739,-1,0.000824,1950.441074,SAFE_STAND,0.000000,0.004373,0.095657,0.180201,0.000000,0.000000,0.000000,1.000000,0.500000
1782700145.882757,-1,0.000634,inf,SAFE_STAND,0.000000,0.004361,0.095625,0.180211,0.000000,0.000000,0.000000,1.000000,0.500000
1782700145.902654,-1,0.000453,inf,SAFE_STAND,0.000000,0.004338,0.095563,0.180155,0.000000,0.000000,0.000000,1.000000,0.500000
1782700145.922790,-1,0.000513,inf,SAFE_STAND,0.000000,0.004333,0.095567,0.180155,0.000000,0.000000,0.000000,1.000000,0.500000
1782700145.943441,-1,0.000831,inf,SAFE_STAND,0.000000,0.004356,0.095554,0.180154,0.000000,0.000000,0.000000,1.000000,0.500000
1782700145.963557,-1,0.000858,inf,SAFE_STAND,0.000000,0.004343,0.095594,0.180151,0.000000,0.000000,0.000000,1.000000,0.500000
1782700145.983330,-1,0.000512,inf,SAFE_STAND,0.000000,0.004356,0.095600,0.180178,0.000000,0.000000,0.000000,1.000000,0.500000
1782700146.003410,-1,0.000514,inf,SAFE_STAND,0.000000,0.004384,0.095625,0.180182,0.000000,0.000000,0.000000,1.000000,0.500000
1782700146.023471,-1,0.000499,inf,SAFE_STAND,0.000000,0.004385,0.095639,0.180198,0.000000,0.000000,0.000000,1.000000,0.500000
1782700146.043572,-1,0.000516,inf,SAFE_STAND,0.000000,0.004386,0.095640,0.180242,0.000000,0.000000,0.000000,1.000000,0.500000
1782700146.064078,-1,0.000709,inf,SAFE_STAND,0.000000,0.004396,0.095673,0.180214,0.000000,0.000000,0.000000,1.000000,0.500000
1782700146.083925,-1,0.000470,inf,SAFE_STAND,0.000000,0.004393,0.095708,0.180188,0.000000,0.000000,0.000000,1.000000,0.500000
1782700146.104356,-1,0.000736,inf,SAFE_STAND,0.000000,0.004379,0.095666,0.180160,0.000000,0.000000,0.000000,1.000000,0.500000
1782700146.124516,-1,0.000699,inf,SAFE_STAND,0.000000,0.004374,0.095620,0.180157,0.000000,0.000000,0.000000,1.000000,0.500000
1782700146.145284,-1,0.000778,inf,SAFE_STAND,0.000000,0.004377,0.095593,0.180140,0.000000,0.000000,0.000000,1.000000,0.500000
1782700146.166625,-1,0.001521,inf,SAFE_STAND,0.000000,0.004341,0.095610,0.180089,0.000000,0.000000,0.000000,1.000000,0.500000
1782700146.186105,-1,0.000908,inf,SAFE_STAND,0.000000,0.004318,0.095537,0.180060,0.000000,0.000000,0.000000,1.000000,0.500000
1782700146.206319,-1,0.000705,inf,SAFE_STAND,0.000000,0.004288,0.095526,0.180053,0.000000,0.000000,0.000000,1.000000,0.500000
1782700146.226362,-1,0.000667,inf,SAFE_STAND,0.000000,0.004311,0.095491,0.180110,0.000000,0.000000,0.000000,1.000000,0.500000
1782700146.246392,-1,0.000626,inf,SAFE_STAND,0.000000,0.004285,0.095481,0.180086,0.000000,0.000000,0.000000,1.000000,0.500000
1782700146.266429,-1,0.000592,inf,SAFE_STAND,0.000000,0.004299,0.095533,0.180072,0.000000,0.000000,0.000000,1.000000,0.500000
1782700146.286513,-1,0.000605,inf,SAFE_STAND,0.000000,0.004314,0.095508,0.180113,0.000000,0.000000,0.000000,1.000000,0.500000
1782700146.306398,-1,0.000399,inf,SAFE_STAND,0.000000,0.004327,0.095539,0.180112,0.000000,0.000000,0.000000,1.000000,0.500000
1782700146.326553,-1,0.000485,inf,SAFE_STAND,0.000000,0.004324,0.095491,0.180120,0.000000,0.000000,0.000000,1.000000,0.500000
1782700146.346653,-1,0.000502,inf,SAFE_STAND,0.000000,0.004327,0.095484,0.180089,0.000000,0.000000,0.000000,1.000000,0.500000
1782700146.366829,-1,0.000601,1950.945376,SAFE_STAND,0.000000,0.004335,0.095480,0.180114,0.000000,0.000000,0.000000,1.000000,0.500000
1782700146.387215,-1,0.000489,inf,SAFE_STAND,0.000000,0.004324,0.095486,0.180113,0.000000,0.000000,0.000000,1.000000,0.500000
1782700146.407408,-1,0.000527,inf,SAFE_STAND,0.000000,0.004315,0.095497,0.180118,0.000000,0.000000,0.000000,1.000000,0.500000
1782700146.427404,-1,0.000444,inf,SAFE_STAND,0.000000,0.004322,0.095513,0.180135,0.000000,0.000000,0.000000,1.000000,0.500000
1782700146.447912,-1,0.000649,inf,SAFE_STAND,0.000000,0.004330,0.095480,0.180154,0.000000,0.000000,0.000000,1.000000,0.500000
1782700146.468024,-1,0.000688,inf,SAFE_STAND,0.000000,0.004320,0.095480,0.180199,0.000000,0.000000,0.000000,1.000000,0.500000
1782700146.488117,-1,0.000705,inf,SAFE_STAND,0.000000,0.004330,0.095473,0.180196,0.000000,0.000000,0.000000,1.000000,0.500000
1782700146.507916,-1,0.000421,inf,SAFE_STAND,0.000000,0.004339,0.095465,0.180210,0.000000,0.000000,0.000000,1.000000,0.500000
1782700146.528021,-1,0.000454,inf,SAFE_STAND,0.000000,0.004351,0.095487,0.180198,0.000000,0.000000,0.000000,1.000000,0.500000
1782700146.548091,-1,0.000450,inf,SAFE_STAND,0.000000,0.004351,0.095492,0.180190,0.000000,0.000000,0.000000,1.000000,0.500000
1782700146.568561,-1,0.000624,inf,SAFE_STAND,0.000000,0.004341,0.095495,0.180187,0.000000,0.000000,0.000000,1.000000,0.500000
1782700146.588663,-1,0.000653,inf,SAFE_STAND,0.000000,0.004361,0.095442,0.180247,0.000000,0.000000,0.000000,1.000000,0.500000
1782700146.608724,-1,0.000641,inf,SAFE_STAND,0.000000,0.004363,0.095441,0.180260,0.000000,0.000000,0.000000,1.000000,0.500000
1782700146.628779,-1,0.000625,inf,SAFE_STAND,0.000000,0.004370,0.095465,0.180252,0.000000,0.000000,0.000000,1.000000,0.500000
1782700146.648671,-1,0.000442,inf,SAFE_STAND,0.000000,0.004356,0.095512,0.180251,0.000000,0.000000,0.000000,1.000000,0.500000
1782700146.668724,-1,0.000424,inf,SAFE_STAND,0.000000,0.004350,0.095522,0.180231,0.000000,0.000000,0.000000,1.000000,0.500000
1782700146.688825,-1,0.000449,inf,SAFE_STAND,0.000000,0.004364,0.095488,0.180219,0.000000,0.000000,0.000000,1.000000,0.500000
1782700146.708892,-1,0.000438,inf,SAFE_STAND,0.000000,0.004343,0.095513,0.180172,0.000000,0.000000,0.000000,1.000000,0.500000
1782700146.728962,-1,0.000432,inf,SAFE_STAND,0.000000,0.004343,0.095487,0.180133,0.000000,0.000000,0.000000,1.000000,0.500000
1782700146.749327,-1,0.000431,inf,SAFE_STAND,0.000000,0.004325,0.095509,0.180117,0.000000,0.000000,0.000000,1.000000,0.500000
1782700146.769367,-1,0.000402,inf,SAFE_STAND,0.000000,0.004327,0.095485,0.180107,0.000000,0.000000,0.000000,1.000000,0.500000
1782700146.789489,-1,0.000451,inf,SAFE_STAND,0.000000,0.004302,0.095473,0.180078,0.000000,0.000000,0.000000,1.000000,0.500000
1782700146.809539,-1,0.000426,inf,SAFE_STAND,0.000000,0.004294,0.095479,0.180048,0.000000,0.000000,0.000000,1.000000,0.500000
1782700146.829838,-1,0.000653,inf,SAFE_STAND,0.000000,0.004274,0.095498,0.180003,0.000000,0.000000,0.000000,1.000000,0.500000
1782700146.849887,-1,0.000631,inf,SAFE_STAND,0.000000,0.004262,0.095519,0.179962,0.000000,0.000000,0.000000,1.000000,0.500000
1782700146.870112,-1,0.000786,1951.448451,SAFE_STAND,0.000000,0.004254,0.095511,0.179960,0.000000,0.000000,0.000000,1.000000,0.500000
1782700146.890023,-1,0.000449,inf,SAFE_STAND,0.000000,0.004251,0.095601,0.179944,0.000000,0.000000,0.000000,1.000000,0.500000
1782700146.910055,-1,0.000417,inf,SAFE_STAND,0.000000,0.004264,0.095654,0.179928,0.000000,0.000000,0.000000,1.000000,0.500000
1782700146.930142,-1,0.000433,inf,SAFE_STAND,0.000000,0.004263,0.095642,0.179896,0.000000,0.000000,0.000000,1.000000,0.500000
1782700146.950588,-1,0.000595,inf,SAFE_STAND,0.000000,0.004248,0.095627,0.179904,0.000000,0.000000,0.000000,1.000000,0.500000
1782700146.970737,-1,0.000673,inf,SAFE_STAND,0.000000,0.004257,0.095632,0.179905,0.000000,0.000000,0.000000,1.000000,0.500000
1782700146.990973,-1,0.000481,inf,SAFE_STAND,0.000000,0.004276,0.095680,0.179903,0.000000,0.000000,0.000000,1.000000,0.500000
1782700147.011548,-1,0.000463,inf,SAFE_STAND,0.000000,0.004282,0.095678,0.179933,0.000000,0.000000,0.000000,1.000000,0.500000
1782700147.031729,-1,0.000466,inf,SAFE_STAND,0.000000,0.004295,0.095708,0.179953,0.000000,0.000000,0.000000,1.000000,0.500000
1782700147.051788,-1,0.000446,inf,SAFE_STAND,0.000000,0.004281,0.095702,0.179901,0.000000,0.000000,0.000000,1.000000,0.500000
1782700147.071877,-1,0.000458,inf,SAFE_STAND,0.000000,0.004283,0.095689,0.179875,0.000000,0.000000,0.000000,1.000000,0.500000
1782700147.092349,-1,0.000448,inf,SAFE_STAND,0.000000,0.004283,0.095609,0.179856,0.000000,0.000000,0.000000,1.000000,0.500000
1782700147.112508,-1,0.000452,inf,SAFE_STAND,0.000000,0.004265,0.095586,0.179851,0.000000,0.000000,0.000000,1.000000,0.500000
1782700147.132624,-1,0.000494,inf,SAFE_STAND,0.000000,0.004258,0.095532,0.179839,0.000000,0.000000,0.000000,1.000000,0.500000
1782700147.153101,-1,0.000647,inf,SAFE_STAND,0.000000,0.004255,0.095523,0.179843,0.000000,0.000000,0.000000,1.000000,0.500000
1782700147.173214,-1,0.000686,inf,SAFE_STAND,0.000000,0.004246,0.095527,0.179838,0.000000,0.000000,0.000000,1.000000,0.500000
1782700147.193428,-1,0.000824,inf,SAFE_STAND,0.000000,0.004242,0.095537,0.179809,0.000000,0.000000,0.000000,1.000000,0.500000
1782700147.213150,-1,0.000458,inf,SAFE_STAND,0.000000,0.004249,0.095559,0.179823,0.000000,0.000000,0.000000,1.000000,0.500000
1782700147.233219,-1,0.000438,inf,SAFE_STAND,0.000000,0.004268,0.095541,0.179846,0.000000,0.000000,0.000000,1.000000,0.500000
1782700147.253288,-1,0.000435,inf,SAFE_STAND,0.000000,0.004249,0.095493,0.179869,0.000000,0.000000,0.000000,1.000000,0.500000
1782700147.273477,-1,0.000573,inf,SAFE_STAND,0.000000,0.004233,0.095476,0.179886,0.000000,0.000000,0.000000,1.000000,0.500000
1782700147.294044,-1,0.000813,inf,SAFE_STAND,0.000000,0.004227,0.095519,0.179882,0.000000,0.000000,0.000000,1.000000,0.500000
1782700147.314455,-1,0.001139,inf,SAFE_STAND,0.000000,0.004222,0.095493,0.179904,0.000000,0.000000,0.000000,1.000000,0.500000
1782700147.335007,-1,0.001104,inf,SAFE_STAND,0.000000,0.004214,0.095485,0.179931,0.000000,0.000000,0.000000,1.000000,0.500000
1782700147.355168,-1,0.001142,inf,SAFE_STAND,0.000000,0.004200,0.095515,0.179893,0.000000,0.000000,0.000000,1.000000,0.500000
1782700147.375530,-1,0.001032,1951.953752,SAFE_STAND,0.000000,0.004189,0.095538,0.179852,0.000000,0.000000,0.000000,1.000000,0.500000
1782700147.395609,-1,0.000619,inf,SAFE_STAND,0.000000,0.004186,0.095553,0.179810,0.000000,0.000000,0.000000,1.000000,0.500000
1782700147.415969,-1,0.000625,inf,SAFE_STAND,0.000000,0.004186,0.095579,0.179849,0.000000,0.000000,0.000000,1.000000,0.500000
1782700147.436593,-1,0.000798,inf,SAFE_STAND,0.000000,0.004189,0.095576,0.179816,0.000000,0.000000,0.000000,1.000000,0.500000
1782700147.456661,-1,0.000608,inf,SAFE_STAND,0.000000,0.004187,0.095533,0.179777,0.000000,0.000000,0.000000,1.000000,0.500000
1782700147.477029,-1,0.000888,inf,SAFE_STAND,0.000000,0.004192,0.095540,0.179755,0.000000,0.000000,0.000000,1.000000,0.500000
1782700147.496717,-1,0.000490,inf,SAFE_STAND,0.000000,0.004183,0.095594,0.179740,0.000000,0.000000,0.000000,1.000000,0.500000
1782700147.517536,-1,0.000872,inf,SAFE_STAND,0.000000,0.004183,0.095607,0.179743,0.000000,0.000000,0.000000,1.000000,0.500000
1782700147.537398,-1,0.000519,inf,SAFE_STAND,0.000000,0.004184,0.095683,0.179759,0.000000,0.000000,0.000000,1.000000,0.500000
1782700147.557531,-1,0.000568,inf,SAFE_STAND,0.000000,0.004215,0.095664,0.179771,0.000000,0.000000,0.000000,1.000000,0.500000
1782700147.578016,-1,0.000731,inf,SAFE_STAND,0.000000,0.004218,0.095612,0.179774,0.000000,0.000000,0.000000,1.000000,0.500000
1782700147.598170,-1,0.000798,inf,SAFE_STAND,0.000000,0.004215,0.095598,0.179810,0.000000,0.000000,0.000000,1.000000,0.500000
1782700147.618057,-1,0.000543,inf,SAFE_STAND,0.000000,0.004210,0.095602,0.179754,0.000000,0.000000,0.000000,1.000000,0.500000
1782700147.638186,-1,0.000586,inf,SAFE_STAND,0.000000,0.004234,0.095584,0.179775,0.000000,0.000000,0.000000,1.000000,0.500000
1782700147.658170,-1,0.000529,inf,SAFE_STAND,0.000000,0.004207,0.095574,0.179785,0.000000,0.000000,0.000000,1.000000,0.500000
1782700147.678254,-1,0.000531,inf,SAFE_STAND,0.000000,0.004204,0.095595,0.179785,0.000000,0.000000,0.000000,1.000000,0.500000
1782700147.698879,-1,0.000700,inf,SAFE_STAND,0.000000,0.004207,0.095583,0.179786,0.000000,0.000000,0.000000,1.000000,0.500000
1782700147.718802,-1,0.000494,inf,SAFE_STAND,0.000000,0.004199,0.095523,0.179822,0.000000,0.000000,0.000000,1.000000,0.500000
1782700147.738887,-1,0.000505,inf,SAFE_STAND,0.000000,0.004208,0.095486,0.179819,0.000000,0.000000,0.000000,1.000000,0.500000
1782700147.758986,-1,0.000528,inf,SAFE_STAND,0.000000,0.004179,0.095441,0.179813,0.000000,0.000000,0.000000,1.000000,0.500000
1782700147.779060,-1,0.000510,inf,SAFE_STAND,0.000000,0.004192,0.095415,0.179796,0.000000,0.000000,0.000000,1.000000,0.500000
1782700147.799353,-1,0.000750,inf,SAFE_STAND,0.000000,0.004216,0.095393,0.179802,0.000000,0.000000,0.000000,1.000000,0.500000
1782700147.819363,-1,0.000681,inf,SAFE_STAND,0.000000,0.004202,0.095395,0.179818,0.000000,0.000000,0.000000,1.000000,0.500000
1782700147.839457,-1,0.000673,inf,SAFE_STAND,0.000000,0.004209,0.095430,0.179839,0.000000,0.000000,0.000000,1.000000,0.500000
1782700147.859516,-1,0.000505,inf,SAFE_STAND,0.000000,0.004210,0.095449,0.179867,0.000000,0.000000,0.000000,1.000000,0.500000
1782700147.879811,-1,0.000699,1952.458300,SAFE_STAND,0.000000,0.004163,0.095444,0.179824,0.000000,0.000000,0.000000,1.000000,0.500000
1782700147.900424,-1,0.001173,inf,SAFE_STAND,0.000000,0.004148,0.095446,0.179856,0.000000,0.000000,0.000000,1.000000,0.500000
1782700147.920322,-1,0.000913,inf,SAFE_STAND,0.000000,0.004122,0.095429,0.179860,0.000000,0.000000,0.000000,1.000000,0.500000
1782700147.940207,-1,0.000454,inf,SAFE_STAND,0.000000,0.004148,0.095452,0.179896,0.000000,0.000000,0.000000,1.000000,0.500000
1782700147.960331,-1,0.000440,inf,SAFE_STAND,0.000000,0.004152,0.095413,0.179907,0.000000,0.000000,0.000000,1.000000,0.500000
1782700147.981556,-1,0.001320,inf,SAFE_STAND,0.000000,0.004133,0.095416,0.179908,0.000000,0.000000,0.000000,1.000000,0.500000
1782700148.001972,-1,0.001079,inf,SAFE_STAND,0.000000,0.004181,0.095384,0.179908,0.000000,0.000000,0.000000,1.000000,0.500000
1782700148.022039,-1,0.000992,inf,SAFE_STAND,0.000000,0.004164,0.095402,0.179922,0.000000,0.000000,0.000000,1.000000,0.500000
1782700148.042165,-1,0.001002,inf,SAFE_STAND,0.000000,0.004158,0.095423,0.179924,0.000000,0.000000,0.000000,1.000000,0.500000
1782700148.062064,-1,0.000596,inf,SAFE_STAND,0.000000,0.004160,0.095488,0.179920,0.000000,0.000000,0.000000,1.000000,0.500000
1782700148.082127,-1,0.000571,inf,SAFE_STAND,0.000000,0.004165,0.095477,0.179933,0.000000,0.000000,0.000000,1.000000,0.500000
1782700148.102704,-1,0.000774,inf,SAFE_STAND,0.000000,0.004160,0.095473,0.179964,0.000000,0.000000,0.000000,1.000000,0.500000
1782700148.122670,-1,0.000556,inf,SAFE_STAND,0.000000,0.004192,0.095518,0.179949,0.000000,0.000000,0.000000,1.000000,0.500000
1782700148.142698,-1,0.000507,inf,SAFE_STAND,0.000000,0.004178,0.095518,0.179941,0.000000,0.000000,0.000000,1.000000,0.500000
1782700148.162737,-1,0.000466,inf,SAFE_STAND,0.000000,0.004177,0.095535,0.179908,0.000000,0.000000,0.000000,1.000000,0.500000
1782700148.182799,-1,0.000442,inf,SAFE_STAND,0.000000,0.004162,0.095593,0.179912,0.000000,0.000000,0.000000,1.000000,0.500000
1782700148.203485,-1,0.000841,inf,SAFE_STAND,0.000000,0.004181,0.095522,0.179937,0.000000,0.000000,0.000000,1.000000,0.500000
1782700148.223654,-1,0.000681,inf,SAFE_STAND,0.000000,0.004187,0.095512,0.179928,0.000000,0.000000,0.000000,1.000000,0.500000
1782700148.243638,-1,0.000557,inf,SAFE_STAND,0.000000,0.004205,0.095492,0.179946,0.000000,0.000000,0.000000,1.000000,0.500000
1782700148.264095,-1,0.000933,inf,SAFE_STAND,0.000000,0.004213,0.095505,0.179933,0.000000,0.000000,0.000000,1.000000,0.500000
1782700148.284567,-1,0.001289,inf,SAFE_STAND,0.000000,0.004212,0.095509,0.179996,0.000000,0.000000,0.000000,1.000000,0.500000
1782700148.304430,-1,0.001036,inf,SAFE_STAND,0.000000,0.004193,0.095460,0.180024,0.000000,0.000000,0.000000,1.000000,0.500000
1782700148.324554,-1,0.001060,inf,SAFE_STAND,0.000000,0.004191,0.095456,0.180013,0.000000,0.000000,0.000000,1.000000,0.500000
1782700148.344406,-1,0.000574,inf,SAFE_STAND,0.000000,0.004176,0.095438,0.180011,0.000000,0.000000,0.000000,1.000000,0.500000
1782700148.364478,-1,0.000559,inf,SAFE_STAND,0.000000,0.004186,0.095419,0.180053,0.000000,0.000000,0.000000,1.000000,0.500000
1782700148.385306,-1,0.001077,1952.963415,SAFE_STAND,0.000000,0.004185,0.095383,0.180026,0.000000,0.000000,0.000000,1.000000,0.500000
1782700148.405598,-1,0.001248,inf,SAFE_STAND,0.000000,0.004201,0.095334,0.180028,0.000000,0.000000,0.000000,1.000000,0.500000
1782700148.425450,-1,0.000797,inf,SAFE_STAND,0.000000,0.004219,0.095298,0.180041,0.000000,0.000000,0.000000,1.000000,0.500000
1782700148.445998,-1,0.000717,inf,SAFE_STAND,0.000000,0.004215,0.095295,0.180047,0.000000,0.000000,0.000000,1.000000,0.500000
1782700148.465906,-1,0.000531,inf,SAFE_STAND,0.000000,0.004223,0.095335,0.180038,0.000000,0.000000,0.000000,1.000000,0.500000
1782700148.485970,-1,0.000508,inf,SAFE_STAND,0.000000,0.004232,0.095361,0.180093,0.000000,0.000000,0.000000,1.000000,0.500000
1782700148.506562,-1,0.000716,inf,SAFE_STAND,0.000000,0.004246,0.095354,0.180096,0.000000,0.000000,0.000000,1.000000,0.500000
1782700148.526694,-1,0.000772,inf,SAFE_STAND,0.000000,0.004234,0.095341,0.180050,0.000000,0.000000,0.000000,1.000000,0.500000
1782700148.546763,-1,0.000538,inf,SAFE_STAND,0.000000,0.004245,0.095294,0.180082,0.000000,0.000000,0.000000,1.000000,0.500000
1782700148.566777,-1,0.000464,inf,SAFE_STAND,0.000000,0.004251,0.095256,0.180095,0.000000,0.000000,0.000000,1.000000,0.500000
1782700148.587200,-1,0.000751,inf,SAFE_STAND,0.000000,0.004281,0.095251,0.180145,0.000000,0.000000,0.000000,1.000000,0.500000
1782700148.607284,-1,0.000471,inf,SAFE_STAND,0.000000,0.004274,0.095229,0.180134,0.000000,0.000000,0.000000,1.000000,0.500000
1782700148.627501,-1,0.000491,inf,SAFE_STAND,0.000000,0.004276,0.095213,0.180072,0.000000,0.000000,0.000000,1.000000,0.500000
1782700148.647628,-1,0.000493,inf,SAFE_STAND,0.000000,0.004287,0.095209,0.180081,0.000000,0.000000,0.000000,1.000000,0.500000
1782700148.668063,-1,0.000849,inf,SAFE_STAND,0.000000,0.004294,0.095198,0.180098,0.000000,0.000000,0.000000,1.000000,0.500000
1782700148.688163,-1,0.000818,inf,SAFE_STAND,0.000000,0.004275,0.095211,0.180078,0.000000,0.000000,0.000000,1.000000,0.500000
1782700148.708309,-1,0.000833,inf,SAFE_STAND,0.000000,0.004279,0.095217,0.180047,0.000000,0.000000,0.000000,1.000000,0.500000
1782700148.728337,-1,0.000540,inf,SAFE_STAND,0.000000,0.004261,0.095237,0.180067,0.000000,0.000000,0.000000,1.000000,0.500000
1782700148.748503,-1,0.000580,inf,SAFE_STAND,0.000000,0.004270,0.095221,0.180062,0.000000,0.000000,0.000000,1.000000,0.500000
1782700148.769266,-1,0.000569,inf,SAFE_STAND,0.000000,0.004261,0.095249,0.180047,0.000000,0.000000,0.000000,1.000000,0.500000
1782700148.789335,-1,0.000507,inf,SAFE_STAND,0.000000,0.004271,0.095218,0.180047,0.000000,0.000000,0.000000,1.000000,0.500000
1782700148.810037,-1,0.000845,inf,SAFE_STAND,0.000000,0.004265,0.095241,0.180036,0.000000,0.000000,0.000000,1.000000,0.500000
1782700148.829973,-1,0.000563,inf,SAFE_STAND,0.000000,0.004259,0.095269,0.180003,0.000000,0.000000,0.000000,1.000000,0.500000
1782700148.850261,-1,0.000510,inf,SAFE_STAND,0.000000,0.004272,0.095222,0.180018,0.000000,0.000000,0.000000,1.000000,0.500000
1782700148.870918,-1,0.000557,inf,SAFE_STAND,0.000000,0.004280,0.095243,0.180025,0.000000,0.000000,0.000000,1.000000,0.500000
1782700148.891549,10,0.001053,0.006369,SAFE_STAND,0.000000,0.004300,0.095226,0.180062,0.000000,0.000000,0.000000,1.000000,0.500000
1782700148.911784,11,0.001145,0.006448,SAFE_STAND,0.000000,0.004259,0.095282,0.180021,0.000000,0.000000,0.000000,1.000000,0.500000
1782700148.931950,12,0.000715,0.006907,SAFE_STAND,0.000000,0.004264,0.095261,0.180042,0.000000,0.000000,0.000000,1.000000,0.500000
1782700148.952376,13,0.001052,0.006869,SAFE_STAND,0.000000,0.004231,0.095198,0.180010,0.000000,0.000000,0.000000,1.000000,0.500000
1782700148.972473,14,0.001066,0.007032,SAFE_STAND,0.000000,0.004242,0.095152,0.180007,0.000000,0.000000,0.000000,1.000000,0.500000
1782700148.992557,15,0.001068,0.007055,SAFE_STAND,0.000000,0.004215,0.095171,0.179981,0.000000,0.000000,0.000000,1.000000,0.500000
1782700149.012522,16,0.000953,0.007148,SAFE_STAND,0.000000,0.004214,0.095139,0.179977,0.000000,0.000000,0.000000,1.000000,0.500000
1782700149.032626,17,0.000973,0.007192,SAFE_STAND,0.000000,0.004224,0.095133,0.179971,0.000000,0.000000,0.000000,1.000000,0.500000
1782700149.052683,18,0.000709,0.006948,SAFE_STAND,0.000000,0.004212,0.095112,0.179982,0.000000,0.000000,0.000000,1.000000,0.500000
1782700149.073254,19,0.000954,0.007754,SAFE_STAND,0.000000,0.004207,0.095093,0.179964,0.000000,0.000000,0.000000,1.000000,0.500000
1782700149.093340,20,0.000948,0.007734,SAFE_STAND,0.000000,0.004231,0.095093,0.179986,0.000000,0.000000,0.000000,1.000000,0.500000
1782700149.113392,21,0.000736,0.007811,SAFE_STAND,0.000000,0.004248,0.095151,0.180003,0.000000,0.000000,0.000000,1.000000,0.500000
1782700149.133978,22,0.001008,0.008003,SAFE_STAND,0.000000,0.004251,0.095154,0.180035,0.000000,0.000000,0.000000,1.000000,0.500000
1782700149.154009,23,0.000953,0.007974,SAFE_STAND,0.000000,0.004233,0.095154,0.179999,0.000000,0.000000,0.000000,1.000000,0.500000
1782700149.178214,24,0.005072,0.008468,TRACKING,0.111516,0.004207,0.095155,0.179989,0.085937,0.031082,0.374891,0.003932,0.500000
1782700149.196731,25,0.002916,0.008560,TRACKING,0.101990,0.004178,0.095160,0.180000,0.078436,0.029350,0.343360,0.022093,0.500000
1782700149.216124,26,0.002222,0.008679,TRACKING,0.102635,0.004177,0.095137,0.179969,0.080205,0.030461,0.348619,0.041875,0.500000
1782700149.236458,27,0.002115,0.009104,TRACKING,0.105144,0.004190,0.095148,0.180007,0.083190,0.032293,0.364385,0.061877,0.500000
1782700149.256904,28,0.002477,0.008933,TRACKING,0.108312,0.004190,0.095204,0.180013,0.086851,0.034501,0.378402,0.082280,0.500000
1782700149.277764,29,0.002895,0.009753,TRACKING,0.112439,0.004163,0.095151,0.179980,0.094372,0.036643,0.394174,0.103139,0.500000
1782700149.297673,30,0.002722,0.009406,TRACKING,0.113183,0.003750,0.095241,0.179813,0.097272,0.037601,0.396687,0.122905,0.500000
1782700149.317424,31,0.002330,0.009780,TRACKING,0.114123,0.002779,0.095442,0.179369,0.097687,0.036732,0.403635,0.142839,0.500000
1782700149.337068,32,0.001887,0.009710,TRACKING,0.117044,0.002313,0.095691,0.179142,0.101647,0.036758,0.427517,0.162838,0.500000
1782700149.358094,33,0.002755,0.009638,TRACKING,0.123082,0.002050,0.095824,0.179251,0.111057,0.038119,0.453691,0.183712,0.500000
1782700149.378807,34,0.003374,0.009826,TRACKING,0.122409,0.001304,0.096069,0.178351,0.107620,0.041951,0.437581,0.204490,0.500000
1782700149.398613,35,0.002670,0.009385,TRACKING,0.118817,0.001138,0.096376,0.177714,0.104418,0.046262,0.421887,0.224442,0.500000
1782700149.419633,36,0.003233,0.010082,TRACKING,0.118945,0.001354,0.096863,0.177704,0.103503,0.047286,0.409507,0.245362,0.500000
1782700149.439487,37,0.002634,0.009699,TRACKING,0.116967,0.001939,0.097738,0.177956,0.101838,0.047684,0.396969,0.265286,0.500000
1782700149.460513,38,0.003204,0.010629,TRACKING,0.119869,0.002151,0.099369,0.178647,0.099480,0.048210,0.407461,0.285758,0.500000
1782700149.480080,39,0.002667,0.010052,TRACKING,0.119521,0.002258,0.100809,0.179386,0.099938,0.048879,0.405219,0.305632,0.500000
1782700149.500434,40,0.002824,0.011480,TRACKING,0.120364,0.002631,0.101761,0.179192,0.099333,0.048771,0.402531,0.326259,0.500000
1782700149.520191,41,0.002487,0.011534,TRACKING,0.117797,0.002692,0.102370,0.178616,0.098444,0.048217,0.394791,0.345916,0.500000
1782700149.541883,42,0.003763,0.011059,TRACKING,0.119276,0.002742,0.102466,0.178364,0.096880,0.047568,0.400373,0.367092,0.500000
1782700149.561066,43,0.002677,0.011234,TRACKING,0.120830,0.002858,0.102239,0.178437,0.097675,0.047745,0.406938,0.386984,0.500000
1782700149.581474,44,0.002635,0.011512,TRACKING,0.121143,0.003381,0.101502,0.178839,0.097825,0.047957,0.409433,0.407103,0.500000
1782700149.601606,45,0.002669,0.012744,TRACKING,0.120623,0.003655,0.100529,0.179235,0.097685,0.047946,0.404185,0.426999,0.500000
1782700149.621909,46,0.002641,0.011953,TRACKING,0.119113,0.003819,0.099349,0.179131,0.095986,0.047896,0.401202,0.447146,0.500000
1782700149.643068,47,0.003199,0.012658,TRACKING,0.120760,0.004247,0.097952,0.178830,0.094779,0.048191,0.399427,0.468314,0.500000
1782700149.663165,48,0.002693,0.013051,TRACKING,0.119878,0.004835,0.095760,0.179047,0.092410,0.048122,0.392411,0.488998,0.500000
1782700149.683115,49,0.002505,0.013682,TRACKING,0.117446,0.005290,0.093336,0.179179,0.089001,0.047583,0.381887,0.508690,0.500000
1782700149.703644,50,0.002698,0.013375,TRACKING,0.115962,0.005809,0.090305,0.179212,0.085596,0.046660,0.370628,0.529383,0.500000
1782700149.724214,51,0.002899,0.013541,TRACKING,0.114808,0.006558,0.086699,0.179382,0.082555,0.046177,0.363642,0.549600,0.500000
1782700149.744628,52,0.003186,0.013991,TRACKING,0.112221,0.007459,0.082502,0.179935,0.083666,0.045668,0.349636,0.569868,0.500000
1782700149.764929,53,0.003036,0.014982,TRACKING,0.108623,0.008682,0.077373,0.180088,0.084532,0.044895,0.328627,0.590176,0.500000
1782700149.785426,54,0.003438,0.015403,TRACKING,0.105504,0.009778,0.071988,0.179888,0.083619,0.043817,0.309449,0.610711,0.500000
1782700149.805865,55,0.003189,0.015391,TRACKING,0.100243,0.011091,0.065936,0.179778,0.081580,0.042539,0.290434,0.631130,0.500000
1782700149.825863,56,0.003089,0.015602,TRACKING,0.095963,0.012283,0.060000,0.179572,0.081467,0.041531,0.273148,0.651230,0.500000
1782700149.846045,57,0.003174,0.015443,TRACKING,0.091940,0.013423,0.053787,0.179460,0.081943,0.040687,0.254994,0.671379,0.500000
1782700149.866864,58,0.003504,0.015893,TRACKING,0.084104,0.014556,0.047137,0.179063,0.082440,0.039795,0.222024,0.692106,0.500000
1782700149.886289,59,0.002728,0.015235,TRACKING,0.075810,0.015408,0.041245,0.178584,0.083736,0.039130,0.189053,0.711903,0.500000
1782700149.906915,60,0.002910,0.015929,TRACKING,0.069589,0.016134,0.034490,0.178077,0.083649,0.038125,0.161297,0.732240,0.500000
1782700149.926072,61,0.001657,0.015905,TRACKING,0.062628,0.016759,0.027177,0.177971,0.082739,0.037149,0.138742,0.751983,0.500000
1782700149.948743,62,0.003883,0.016717,TRACKING,0.058856,0.017193,0.020537,0.178622,0.083804,0.036641,0.114462,0.773964,0.500000
1782700149.968822,63,0.003502,0.016740,TRACKING,0.053149,0.017612,0.013370,0.178391,0.084231,0.036589,0.095378,0.794040,0.500000
1782700149.989350,64,0.003564,0.017414,TRACKING,0.047982,0.018061,0.006297,0.177978,0.084418,0.036618,0.074527,0.814651,0.500000
1782700150.009367,65,0.003481,0.017377,TRACKING,0.044893,0.018495,-0.000378,0.178144,0.085263,0.036907,0.072500,0.834663,0.500000
1782700150.028873,66,0.002759,0.017236,TRACKING,0.043359,0.018995,-0.006276,0.177715,0.084733,0.036852,0.060000,0.854534,0.500000
1782700150.050273,67,0.003752,0.017850,TRACKING,0.047175,0.019439,-0.012171,0.177754,0.082422,0.036630,0.056908,0.875544,0.500000
1782700150.069594,68,0.002737,0.017575,TRACKING,0.051013,0.019890,-0.019088,0.178403,0.082559,0.037021,0.072500,0.895243,0.500000
1782700150.090476,69,0.003119,0.018487,TRACKING,0.055439,0.020320,-0.025729,0.179042,0.084347,0.037626,0.075000,0.916128,0.500000
1782700150.110510,70,0.003056,0.018475,TRACKING,0.056623,0.020600,-0.032961,0.179236,0.085519,0.038419,0.070000,0.935807,0.500000
1782700150.131035,71,0.003086,0.018593,TRACKING,0.058129,0.020884,-0.039678,0.179088,0.083941,0.038819,0.072500,0.956343,0.500000
1782700150.151245,72,0.003203,0.018469,TRACKING,0.059244,0.021130,-0.044939,0.178967,0.082669,0.039466,0.071451,0.976455,0.500000
1782700150.175354,73,0.007210,0.018753,TRACKING,0.067816,0.021415,-0.050275,0.178931,0.081663,0.039679,0.073980,1.000000,0.500000
1782700150.190448,74,0.002074,0.018647,TRACKING,0.061691,0.021707,-0.054795,0.178937,0.082136,0.040628,0.077141,1.000000,0.500000
1782700150.210451,75,0.001851,0.018701,TRACKING,0.062493,0.021954,-0.059230,0.179148,0.083001,0.038940,0.079671,1.000000,0.500000
1782700150.232083,76,0.002990,0.019360,TRACKING,0.065314,0.022140,-0.063200,0.178755,0.083310,0.037814,0.078406,1.000000,0.500000
1782700150.253044,77,0.003570,0.019474,TRACKING,0.066679,0.022321,-0.067250,0.178235,0.082153,0.036971,0.085000,1.000000,0.500000
1782700150.273206,78,0.003283,0.019888,TRACKING,0.067163,0.022497,-0.070274,0.178039,0.081779,0.036294,0.087500,1.000000,0.500000
1782700150.293576,80,0.003196,0.000277,TRACKING,0.058362,0.022569,-0.073177,0.177997,0.079597,0.035429,0.085000,1.000000,0.500000
1782700150.313920,81,0.003422,0.000333,TRACKING,0.059006,0.022576,-0.076086,0.177947,0.077632,0.034779,0.085000,1.000000,0.500000
1782700150.334511,82,0.003907,0.001153,TRACKING,0.062057,0.022582,-0.079071,0.177978,0.075637,0.034346,0.085000,1.000000,0.500000
1782700150.353976,83,0.003279,0.000391,TRACKING,0.062969,0.022559,-0.082791,0.177858,0.073374,0.034283,0.090000,1.000000,0.500000
1782700150.375264,84,0.004013,0.001736,TRACKING,0.065727,0.022552,-0.086757,0.177755,0.074717,0.034706,0.090000,1.000000,0.500000
1782700150.395264,85,0.003914,0.001750,TRACKING,0.065540,0.022481,-0.089475,0.177975,0.074830,0.034801,0.090000,1.000000,0.500000
1782700150.414782,86,0.003335,0.001768,TRACKING,0.065661,0.022438,-0.091848,0.178035,0.074902,0.034903,0.090000,1.000000,0.500000
1782700150.435018,87,0.003069,0.002218,TRACKING,0.065257,0.022464,-0.093759,0.178100,0.077207,0.035184,0.087500,1.000000,0.500000
1782700150.455128,88,0.003092,0.002098,TRACKING,0.064507,0.022496,-0.094991,0.178080,0.080315,0.035501,0.090887,1.000000,0.500000
1782700150.475279,89,0.003143,0.002286,TRACKING,0.065078,0.022572,-0.095464,0.178000,0.083637,0.035641,0.094700,1.000000,0.500000
1782700150.495449,90,0.002779,0.002681,TRACKING,0.063972,0.022565,-0.095377,0.178002,0.084074,0.034983,0.093429,1.000000,0.500000
1782700150.516108,91,0.002954,0.003317,TRACKING,0.064449,0.022492,-0.095041,0.178128,0.082023,0.034235,0.091522,1.000000,0.500000
1782700150.537186,92,0.003891,0.003693,TRACKING,0.064169,0.022352,-0.094675,0.178219,0.076371,0.033175,0.081353,1.000000,0.500000
1782700150.556186,93,0.002728,0.003251,TRACKING,0.059715,0.022135,-0.094321,0.178189,0.076300,0.032100,0.071184,1.000000,0.500000
1782700150.577647,94,0.003755,0.003667,TRACKING,0.061711,0.021953,-0.094330,0.178069,0.079743,0.031638,0.072500,1.000000,0.500000
1782700150.597512,95,0.003175,0.003952,TRACKING,0.062099,0.021751,-0.094591,0.177998,0.083545,0.031721,0.077500,1.000000,0.500000
1782700150.617238,96,0.002813,0.004009,TRACKING,0.061763,0.021613,-0.094424,0.178207,0.085338,0.031780,0.080000,1.000000,0.500000
1782700150.638553,97,0.003996,0.004167,TRACKING,0.063368,0.021486,-0.093721,0.178311,0.085388,0.031865,0.077500,1.000000,0.500000
1782700150.658078,98,0.003387,0.004529,TRACKING,0.062781,0.021400,-0.092675,0.178338,0.083100,0.031451,0.080000,1.000000,0.500000
1782700150.678395,99,0.003251,0.004517,TRACKING,0.061954,0.021352,-0.091334,0.178220,0.078808,0.030957,0.077500,1.000000,0.500000
1782700150.698499,100,0.003216,0.004045,TRACKING,0.060410,0.021308,-0.089849,0.177906,0.074267,0.030701,0.072500,1.000000,0.500000
1782700150.718534,101,0.003152,0.004301,TRACKING,0.061440,0.021269,-0.088331,0.177707,0.072020,0.030837,0.079447,1.000000,0.500000
1782700150.738508,102,0.003022,0.004762,TRACKING,0.061436,0.021257,-0.086664,0.177649,0.073759,0.030969,0.082624,1.000000,0.500000
1782700150.758814,103,0.003234,0.005049,TRACKING,0.061773,0.021147,-0.084717,0.177675,0.073024,0.030805,0.081353,1.000000,0.500000
1782700150.779096,104,0.003040,0.005243,TRACKING,0.059273,0.021045,-0.082634,0.177735,0.071046,0.030157,0.074362,1.000000,0.500000
1782700150.799140,105,0.002995,0.005073,TRACKING,0.056764,0.020911,-0.080688,0.177850,0.073603,0.029429,0.066392,1.000000,0.500000
1782700150.819218,106,0.002985,0.004994,TRACKING,0.056057,0.020876,-0.079113,0.177826,0.076179,0.028942,0.068289,1.000000,0.500000
1782700150.839253,107,0.002435,0.005757,TRACKING,0.055331,0.020866,-0.077271,0.178151,0.078210,0.028712,0.070186,1.000000,0.500000
1782700150.860300,108,0.003393,0.005754,TRACKING,0.057376,0.020815,-0.075493,0.178634,0.078991,0.028696,0.075000,1.000000,0.500000
1782700150.880545,109,0.003239,0.006418,TRACKING,0.057535,0.020669,-0.073623,0.178729,0.079118,0.028739,0.077500,1.000000,0.500000
1782700150.900919,110,0.003158,0.006307,TRACKING,0.056833,0.020537,-0.071750,0.178510,0.077056,0.028490,0.081439,1.000000,0.500000
1782700150.920748,111,0.002898,0.006441,TRACKING,0.056369,0.020418,-0.070018,0.178319,0.074880,0.028313,0.083169,1.000000,0.500000
1782700150.941292,112,0.003354,0.006495,TRACKING,0.057251,0.020312,-0.068305,0.178141,0.072962,0.028298,0.084907,1.000000,0.500000
1782700150.961212,113,0.003182,0.006713,TRACKING,0.056172,0.020236,-0.066710,0.177903,0.071188,0.028188,0.088608,1.000000,0.500000
1782700150.982046,114,0.003568,0.006750,TRACKING,0.057277,0.020151,-0.065089,0.177595,0.070209,0.028091,0.095584,1.000000,0.500000
1782700151.004583,115,0.005615,0.007214,TRACKING,0.061431,0.020086,-0.063617,0.177241,0.069878,0.028185,0.104289,1.000000,0.500000
1782700151.022084,116,0.002846,0.007304,TRACKING,0.058266,0.020032,-0.062139,0.177017,0.070066,0.028231,0.109518,1.000000,0.500000
1782700151.043196,117,0.003453,0.008253,TRACKING,0.058942,0.019951,-0.061023,0.176958,0.070115,0.028276,0.111267,1.000000,0.500000
1782700151.062814,118,0.002750,0.008031,TRACKING,0.058019,0.019846,-0.059959,0.176982,0.070229,0.028400,0.116496,1.000000,0.500000
1782700151.083002,119,0.002454,0.008810,TRACKING,0.058455,0.019717,-0.059037,0.177048,0.070528,0.028455,0.119971,1.000000,0.500000
1782700151.103299,120,0.002643,0.008640,TRACKING,0.057826,0.019601,-0.058173,0.177279,0.071427,0.028468,0.119971,1.000000,0.500000
1782700151.123472,121,0.002491,0.008798,TRACKING,0.057597,0.019491,-0.057323,0.177501,0.072017,0.028463,0.118225,1.000000,0.500000
1782700151.144534,122,0.003046,0.009533,TRACKING,0.058582,0.019386,-0.056530,0.177611,0.072445,0.028414,0.123446,1.000000,0.500000
1782700151.164993,123,0.003154,0.009528,TRACKING,0.058661,0.019318,-0.055756,0.177662,0.073047,0.028473,0.123446,1.000000,0.500000
1782700151.184977,124,0.003043,0.009511,TRACKING,0.058306,0.019246,-0.055242,0.177680,0.072657,0.028463,0.123446,1.000000,0.500000
1782700151.205239,125,0.003212,0.009675,TRACKING,0.058084,0.019202,-0.054703,0.177673,0.072514,0.028487,0.123446,1.000000,0.500000
1782700151.225009,126,0.002874,0.009698,TRACKING,0.057477,0.019171,-0.054300,0.177610,0.072256,0.028517,0.123446,1.000000,0.500000
1782700151.245415,127,0.002831,0.009933,TRACKING,0.056998,0.019169,-0.053891,0.177557,0.071676,0.028495,0.118216,1.000000,0.500000
1782700151.265399,128,0.002341,0.010668,TRACKING,0.056420,0.019179,-0.053510,0.177550,0.071407,0.028463,0.118216,1.000000,0.500000
1782700151.286678,129,0.003193,0.010815,TRACKING,0.056802,0.019227,-0.053114,0.177543,0.071570,0.028481,0.116479,1.000000,0.500000
1782700151.306890,130,0.003313,0.010755,TRACKING,0.056256,0.019262,-0.052772,0.177526,0.071714,0.028460,0.112995,1.000000,0.500000
1782700151.327176,131,0.003135,0.010262,TRACKING,0.056416,0.019288,-0.052495,0.177470,0.071979,0.028526,0.114733,1.000000,0.500000
1782700151.348507,132,0.004003,0.010617,TRACKING,0.057363,0.019319,-0.052327,0.177475,0.071989,0.028517,0.116479,1.000000,0.500000
1782700151.367858,133,0.003255,0.010601,TRACKING,0.055937,0.019343,-0.052401,0.177476,0.071520,0.028503,0.114741,1.000000,0.500000
1782700151.387417,134,0.002222,0.012045,TRACKING,0.055350,0.019372,-0.052576,0.177513,0.071882,0.028635,0.113004,1.000000,0.500000
1782700151.408691,135,0.003351,0.011976,TRACKING,0.056194,0.019387,-0.052728,0.177503,0.072545,0.028737,0.107765,1.000000,0.500000
1782700151.429088,136,0.003608,0.011880,TRACKING,0.055497,0.019421,-0.052890,0.177500,0.073414,0.028921,0.102544,1.000000,0.500000
1782700151.449331,137,0.003751,0.011567,TRACKING,0.054242,0.019444,-0.053062,0.177478,0.073944,0.028922,0.093831,1.000000,0.500000
1782700151.469040,138,0.003187,0.011905,TRACKING,0.052958,0.019484,-0.053325,0.177432,0.073904,0.028855,0.090347,1.000000,0.500000
1782700151.488922,139,0.002976,0.011622,TRACKING,0.052294,0.019540,-0.053596,0.177497,0.073486,0.028807,0.087500,1.000000,0.500000
1782700151.509436,140,0.003400,0.011266,TRACKING,0.053392,0.019577,-0.053821,0.177488,0.072948,0.028735,0.087500,1.000000,0.500000
1782700151.529499,141,0.003086,0.012899,TRACKING,0.053899,0.019644,-0.054069,0.177535,0.072508,0.028680,0.087500,1.000000,0.500000
1782700151.549555,142,0.002816,0.012285,TRACKING,0.053244,0.019714,-0.054394,0.177436,0.071959,0.028643,0.087500,1.000000,0.500000
1782700151.570422,143,0.003228,0.013652,TRACKING,0.054104,0.019804,-0.054705,0.177354,0.071378,0.028568,0.086871,1.000000,0.500000
1782700151.590758,144,0.003119,0.013783,TRACKING,0.054779,0.019862,-0.055082,0.177211,0.071203,0.028485,0.090354,1.000000,0.500000
1782700151.610969,145,0.003239,0.012826,TRACKING,0.053937,0.019935,-0.055494,0.177079,0.071132,0.028318,0.086871,1.000000,0.500000
1782700151.630771,146,0.002950,0.012917,TRACKING,0.053401,0.020013,-0.055891,0.177029,0.071722,0.028303,0.085133,1.000000,0.500000
1782700151.650794,147,0.002884,0.013069,TRACKING,0.053261,0.020086,-0.056314,0.177037,0.072328,0.028242,0.082500,1.000000,0.500000
1782700151.670726,148,0.002726,0.013196,TRACKING,0.053389,0.020151,-0.056768,0.177171,0.072742,0.028245,0.082500,1.000000,0.500000
1782700151.690866,149,0.002697,0.013017,TRACKING,0.053648,0.020232,-0.057251,0.177286,0.073029,0.028302,0.085000,1.000000,0.500000
1782700151.710959,150,0.002658,0.013054,TRACKING,0.054101,0.020300,-0.057713,0.177396,0.073166,0.028369,0.087500,1.000000,0.500000
1782700151.732285,151,0.003539,0.013776,TRACKING,0.056611,0.020371,-0.058135,0.177470,0.073288,0.028491,0.087500,1.000000,0.500000
1782700151.753283,152,0.004059,0.013957,TRACKING,0.057276,0.020448,-0.058648,0.177619,0.072823,0.028588,0.087500,1.000000,0.500000
1782700151.772262,153,0.002927,0.014865,TRACKING,0.056115,0.020558,-0.059064,0.177700,0.072581,0.028559,0.087500,1.000000,0.500000
1782700151.792285,154,0.002822,0.014602,TRACKING,0.055738,0.020621,-0.059441,0.177770,0.072520,0.028551,0.087500,1.000000,0.500000
1782700151.812469,155,0.002909,0.015052,TRACKING,0.055766,0.020707,-0.059828,0.177802,0.072579,0.028585,0.085000,1.000000,0.500000
1782700151.832679,156,0.002782,0.015241,TRACKING,0.055570,0.020765,-0.060210,0.177888,0.072566,0.028660,0.085000,1.000000,0.500000
1782700151.853458,157,0.003096,0.015058,TRACKING,0.056443,0.020820,-0.060528,0.177971,0.072253,0.028562,0.085000,1.000000,0.500000
1782700151.873304,158,0.002537,0.015163,TRACKING,0.056799,0.020881,-0.060821,0.178049,0.072193,0.028533,0.087500,1.000000,0.500000
1782700151.893214,159,0.002358,0.015103,TRACKING,0.056231,0.020894,-0.061083,0.178124,0.071863,0.028510,0.085000,1.000000,0.500000
1782700151.913386,160,0.002447,0.015074,TRACKING,0.056315,0.020941,-0.061298,0.178160,0.071448,0.028407,0.085000,1.000000,0.500000
1782700151.933692,161,0.002628,0.015184,TRACKING,0.056304,0.020991,-0.061501,0.178162,0.070963,0.028341,0.085000,1.000000,0.500000
1782700151.953817,162,0.002621,0.016104,TRACKING,0.055844,0.020970,-0.061700,0.178130,0.071098,0.028245,0.082500,1.000000,0.500000
1782700151.974755,163,0.003264,0.016067,TRACKING,0.056952,0.021006,-0.061846,0.178127,0.071662,0.028218,0.082500,1.000000,0.500000
1782700151.994327,164,0.002744,0.015505,TRACKING,0.056407,0.021051,-0.062037,0.178143,0.072122,0.028162,0.082500,1.000000,0.500000
1782700152.015260,165,0.003219,0.015889,TRACKING,0.057249,0.021066,-0.062205,0.178179,0.072263,0.027998,0.082500,1.000000,0.500000
1782700152.036120,166,0.003591,0.016297,TRACKING,0.057350,0.021085,-0.062359,0.178221,0.072734,0.028059,0.082500,1.000000,0.500000
1782700152.056551,167,0.003203,0.016997,TRACKING,0.057604,0.021100,-0.062495,0.178254,0.073178,0.028088,0.085000,1.000000,0.500000
1782700152.077350,168,0.003905,0.017082,TRACKING,0.058693,0.021103,-0.062593,0.178245,0.073168,0.028144,0.085000,1.000000,0.500000
1782700152.096928,169,0.003383,0.016975,TRACKING,0.059030,0.021105,-0.062696,0.178249,0.073455,0.028296,0.087500,1.000000,0.500000
1782700152.117504,170,0.003379,0.017412,TRACKING,0.058539,0.021117,-0.062767,0.178292,0.073780,0.028411,0.087500,1.000000,0.500000
1782700152.137840,171,0.003612,0.017195,TRACKING,0.058806,0.021082,-0.062806,0.178266,0.073434,0.028278,0.087500,1.000000,0.500000
1782700152.157478,172,0.003115,0.017295,TRACKING,0.058161,0.021094,-0.062763,0.178277,0.073003,0.028198,0.087500,1.000000,0.500000
1782700152.178333,173,0.003875,0.017739,TRACKING,0.058460,0.021105,-0.062710,0.178286,0.072515,0.028150,0.082500,1.000000,0.500000
1782700152.197500,174,0.002868,0.017456,TRACKING,0.057681,0.021096,-0.062615,0.178260,0.072088,0.028147,0.082500,1.000000,0.500000
1782700152.217594,175,0.002676,0.018436,TRACKING,0.057937,0.021105,-0.062555,0.178290,0.071872,0.028185,0.082500,1.000000,0.500000
1782700152.237290,176,0.001833,0.019257,TRACKING,0.057169,0.021098,-0.062467,0.178283,0.071688,0.028206,0.082500,1.000000,0.500000
1782700152.258965,177,0.003280,0.019299,TRACKING,0.058579,0.021056,-0.062346,0.178267,0.071605,0.028130,0.082500,1.000000,0.500000
1782700152.278302,178,0.002517,0.018704,TRACKING,0.056930,0.021057,-0.062227,0.178278,0.071712,0.028156,0.082500,1.000000,0.500000
1782700152.298226,179,0.002351,0.019192,TRACKING,0.057624,0.021046,-0.062121,0.178292,0.072121,0.028308,0.085000,1.000000,0.500000
1782700152.319709,180,0.003098,0.018907,TRACKING,0.058881,0.021024,-0.061994,0.178321,0.072620,0.028389,0.087500,1.000000,0.500000
1782700152.339566,181,0.002859,0.018821,TRACKING,0.057830,0.020995,-0.061915,0.178356,0.072981,0.028444,0.082500,1.000000,0.500000
1782700152.360052,182,0.003154,0.019129,TRACKING,0.059411,0.020988,-0.061787,0.178370,0.073208,0.028428,0.085000,1.000000,0.500000
1782700152.380333,183,0.002933,0.020561,TRACKING,0.058536,0.020986,-0.061696,0.178443,0.073251,0.028435,0.085000,1.000000,0.500000
1782700152.401970,185,0.004107,0.000259,TRACKING,0.049899,0.020947,-0.061695,0.178479,0.073060,0.028331,0.082500,1.000000,0.500000
1782700152.421187,186,0.003205,0.000790,TRACKING,0.048791,0.020954,-0.061673,0.178485,0.072945,0.028278,0.082500,1.000000,0.500000
1782700152.442206,187,0.003875,0.001096,TRACKING,0.050253,0.020974,-0.061650,0.178507,0.072758,0.028328,0.082500,1.000000,0.500000
1782700152.463414,188,0.004613,0.001712,TRACKING,0.052301,0.020999,-0.061644,0.178494,0.073030,0.028327,0.085000,1.000000,0.500000
1782700152.482683,189,0.003444,0.001872,TRACKING,0.049982,0.021017,-0.061691,0.178540,0.072748,0.028295,0.082500,1.000000,0.500000
1782700152.502670,-1,0.002657,0.003021,TRACKING,0.051654,0.021012,-0.061735,0.178567,0.070423,0.028534,0.092109,1.000000,0.500000
1782700152.523166,-1,0.002705,0.003405,TRACKING,0.054042,0.021035,-0.061705,0.178560,0.068646,0.028583,0.107790,1.000000,0.500000
1782700152.543213,-1,0.002562,0.003122,TRACKING,0.054215,0.021080,-0.061705,0.178538,0.067429,0.027975,0.111117,1.000000,0.500000
1782700152.562671,-1,0.001926,0.002897,TRACKING,0.054849,0.021147,-0.061825,0.178529,0.067566,0.027401,0.116342,1.000000,0.500000
1782700152.583490,-1,0.002432,0.002897,TRACKING,0.055068,0.021220,-0.062048,0.178488,0.067708,0.026276,0.118077,1.000000,0.500000
1782700152.603953,-1,0.002802,0.002676,TRACKING,0.054571,0.021291,-0.062334,0.178582,0.066875,0.025286,0.111117,1.000000,0.500000
1782700152.623327,-1,0.002088,0.002759,TRACKING,0.052291,0.021357,-0.062813,0.178685,0.065310,0.024119,0.100678,1.000000,0.500000
1782700152.644208,-1,0.002567,0.002638,TRACKING,0.051102,0.021428,-0.063306,0.178657,0.063462,0.023092,0.091984,1.000000,0.500000
1782700152.664921,-1,0.002833,0.003031,TRACKING,0.051534,0.021503,-0.063836,0.178680,0.063147,0.022534,0.086760,1.000000,0.500000
1782700152.685341,-1,0.002774,0.002658,TRACKING,0.049756,0.021596,-0.064451,0.178696,0.062887,0.022606,0.076329,1.000000,0.500000
1782700152.706114,-1,0.003068,0.003062,TRACKING,0.050709,0.021717,-0.065087,0.178634,0.060941,0.022279,0.076329,1.000000,0.500000
1782700152.726100,-1,0.002609,0.002768,TRACKING,0.048936,0.021836,-0.065797,0.178626,0.059792,0.021964,0.069380,1.000000,0.500000
1782700152.746453,-1,0.002871,0.002490,TRACKING,0.048981,0.021957,-0.066570,0.178685,0.058817,0.021747,0.069217,1.000000,0.500000
1782700152.766706,-1,0.003036,0.002311,TRACKING,0.049645,0.022092,-0.067483,0.178659,0.058097,0.021623,0.069217,1.000000,0.500000
1782700152.785806,-1,0.002049,0.002404,TRACKING,0.049281,0.022161,-0.068444,0.178558,0.057665,0.021464,0.069217,1.000000,0.500000
1782700152.805863,-1,0.001598,0.002147,TRACKING,0.048562,0.022265,-0.069524,0.178611,0.057160,0.021310,0.067679,1.000000,0.500000
1782700152.826641,-1,0.001580,0.002514,TRACKING,0.049363,0.022408,-0.070554,0.178798,0.056522,0.021074,0.069217,1.000000,0.500000
1782700152.847648,-1,0.002146,0.002842,TRACKING,0.050642,0.022527,-0.071435,0.178843,0.055735,0.020925,0.069217,1.000000,0.500000
1782700152.868020,-1,0.002239,0.002526,TRACKING,0.050566,0.022597,-0.072395,0.178939,0.055268,0.020738,0.070755,1.000000,0.500000
1782700152.887397,-1,0.001459,0.002295,TRACKING,0.050096,0.022683,-0.073373,0.178869,0.054365,0.020509,0.070755,1.000000,0.500000
1782700152.908368,-1,0.002350,0.002170,TRACKING,0.051515,0.022760,-0.074294,0.178890,0.053564,0.020293,0.069217,1.000000,0.500000
1782700152.928354,-1,0.002250,0.001813,TRACKING,0.051671,0.022879,-0.075362,0.178969,0.052780,0.020134,0.070755,1.000000,0.500000
1782700152.948745,-1,0.002154,0.002020,TRACKING,0.051775,0.022994,-0.076383,0.179052,0.052297,0.019971,0.069217,1.000000,0.500000
1782700152.969197,-1,0.002461,0.001706,TRACKING,0.051909,0.023089,-0.077270,0.179069,0.051698,0.019843,0.070755,1.000000,0.500000
1782700152.989662,-1,0.002163,0.002175,TRACKING,0.051373,0.023193,-0.078201,0.179087,0.050878,0.019702,0.069217,1.000000,0.500000
1782700153.010624,-1,0.002998,0.002143,TRACKING,0.052988,0.023327,-0.079087,0.179094,0.050115,0.019634,0.069217,1.000000,0.500000
1782700153.030243,-1,0.002493,0.001839,TRACKING,0.053197,0.023433,-0.079920,0.179030,0.049088,0.019514,0.070755,1.000000,0.500000
1782700153.050720,-1,0.002455,0.001957,TRACKING,0.052790,0.023567,-0.080779,0.178945,0.048684,0.019431,0.069217,1.000000,0.500000
1782700153.070883,-1,0.002529,0.001665,TRACKING,0.052932,0.023696,-0.081578,0.178867,0.047742,0.019305,0.070755,1.000000,0.500000
1782700153.091619,-1,0.002815,0.001531,TRACKING,0.053702,0.023807,-0.082349,0.178793,0.046726,0.019284,0.070755,1.000000,0.500000
1782700153.110952,-1,0.002059,0.001458,TRACKING,0.053197,0.023938,-0.083027,0.178824,0.046193,0.019309,0.070755,1.000000,0.500000
1782700153.131014,-1,0.001723,0.001242,TRACKING,0.053141,0.024029,-0.083793,0.178854,0.045049,0.019290,0.070755,1.000000,0.500000
1782700153.151687,-1,0.001598,0.001598,TRACKING,0.053624,0.024132,-0.084554,0.178864,0.044367,0.019262,0.072293,1.000000,0.500000
1782700153.172577,-1,0.002413,0.001267,TRACKING,0.054776,0.024304,-0.085326,0.179007,0.043465,0.019171,0.073831,1.000000,0.500000
1782700153.193172,-1,0.002395,0.001698,TRACKING,0.054756,0.024437,-0.086088,0.179031,0.042704,0.019169,0.072293,1.000000,0.500000
1782700153.213648,-1,0.002692,0.001540,TRACKING,0.055997,0.024557,-0.086694,0.179025,0.041987,0.019030,0.073831,1.000000,0.500000
1782700153.234094,-1,0.002693,0.001616,TRACKING,0.055401,0.024684,-0.087275,0.179013,0.040726,0.018831,0.072293,1.000000,0.500000
1782700153.253613,-1,0.002125,0.001392,TRACKING,0.055207,0.024780,-0.087817,0.178951,0.040050,0.018757,0.073831,1.000000,0.500000
1782700153.274445,-1,0.002604,0.001397,TRACKING,0.055278,0.024837,-0.088259,0.178914,0.039256,0.018603,0.073831,1.000000,0.500000
1782700153.294291,-1,0.002354,0.000991,TRACKING,0.055512,0.024891,-0.088609,0.178806,0.037900,0.018518,0.073831,1.000000,0.500000
1782700153.314660,-1,0.002630,0.000678,TRACKING,0.055198,0.024942,-0.088857,0.178904,0.037128,0.018344,0.073831,1.000000,0.500000
1782700153.334201,-1,0.001886,0.000613,TRACKING,0.054411,0.025002,-0.089078,0.178923,0.036786,0.018321,0.073831,1.000000,0.500000
1782700153.354918,-1,0.002303,0.000562,TRACKING,0.054449,0.025028,-0.089165,0.179008,0.036521,0.018276,0.073831,1.000000,0.500000
1782700153.374975,-1,0.002270,0.000243,TRACKING,0.054198,0.025054,-0.089170,0.179066,0.036421,0.018199,0.073831,1.000000,0.500000
1782700153.395113,-1,0.002321,0.020388,TRACKING,0.064617,0.025060,-0.089085,0.179064,0.035733,0.018045,0.073831,1.000000,0.500000
1782700153.415656,-1,0.002243,0.000323,TRACKING,0.054428,0.025027,-0.089049,0.179107,0.036016,0.017579,0.073831,1.000000,0.500000
1782700153.435850,-1,0.002360,0.020335,TRACKING,0.064340,0.025015,-0.088945,0.179121,0.035191,0.017802,0.070755,1.000000,0.500000
1782700153.455853,-1,0.002285,0.020168,TRACKING,0.064009,0.025007,-0.088752,0.179216,0.034792,0.017356,0.070755,1.000000,0.500000
1782700153.476418,-1,0.002706,0.020396,TRACKING,0.064889,0.025005,-0.088631,0.179239,0.034541,0.017269,0.070755,1.000000,0.500000
1782700153.495854,-1,0.002058,0.019939,TRACKING,0.063470,0.025021,-0.088439,0.179217,0.034398,0.017139,0.070755,1.000000,0.500000
1782700153.516345,-1,0.002096,0.019887,TRACKING,0.062658,0.025002,-0.088075,0.179339,0.034003,0.016956,0.069217,1.000000,0.500000
1782700153.536374,-1,0.002051,0.019292,TRACKING,0.062494,0.024986,-0.087658,0.179304,0.033299,0.016935,0.069217,1.000000,0.500000
1782700153.556635,-1,0.002238,0.018922,TRACKING,0.062916,0.024982,-0.087113,0.179427,0.032616,0.016666,0.069217,1.000000,0.500000
1782700153.576303,-1,0.001360,0.018946,TRACKING,0.061203,0.024999,-0.086536,0.179519,0.032009,0.016462,0.067679,1.000000,0.500000
1782700153.597403,-1,0.002327,0.018976,TRACKING,0.062119,0.025008,-0.086032,0.179495,0.031521,0.016180,0.067679,1.000000,0.500000
1782700153.618020,-1,0.002213,0.019432,TRACKING,0.061733,0.025031,-0.085535,0.179478,0.031108,0.015946,0.069217,1.000000,0.500000
1782700153.637373,-1,0.001432,0.019157,TRACKING,0.060374,0.025074,-0.085085,0.179515,0.030324,0.015896,0.066141,1.000000,0.500000
1782700153.658133,-1,0.001527,0.019609,TRACKING,0.060384,0.025109,-0.084694,0.179528,0.030356,0.015805,0.066141,1.000000,0.500000
1782700153.678209,-1,0.001473,0.019372,TRACKING,0.060049,0.025165,-0.084489,0.179501,0.030110,0.015597,0.066141,1.000000,0.500000
1782700153.699706,-1,0.002299,0.019752,TRACKING,0.060361,0.025192,-0.084333,0.179473,0.029571,0.015496,0.064602,1.000000,0.500000
1782700153.718978,-1,0.001447,0.019621,TRACKING,0.059462,0.025230,-0.084247,0.179529,0.029372,0.015601,0.064602,1.000000,0.500000
1782700153.739923,-1,0.002055,0.020035,TRACKING,0.060381,0.025263,-0.084184,0.179526,0.028621,0.015622,0.063064,1.000000,0.500000
1782700153.759994,-1,0.001921,0.019800,TRACKING,0.059942,0.025266,-0.084171,0.179585,0.028162,0.015616,0.061526,1.000000,0.500000
1782700153.780659,-1,0.002139,0.019984,TRACKING,0.059829,0.025237,-0.084179,0.179453,0.028186,0.015595,0.063064,1.000000,0.500000
1782700153.800884,-1,0.002229,0.019915,TRACKING,0.060379,0.025277,-0.084232,0.179393,0.027916,0.015524,0.059988,1.000000,0.500000
1782700153.821905,-1,0.003111,0.020076,TRACKING,0.060976,0.025334,-0.084432,0.179454,0.028345,0.015658,0.061526,1.000000,0.500000
1782700153.841459,-1,0.002217,0.019975,TRACKING,0.059716,0.025429,-0.084510,0.179417,0.028311,0.015667,0.061526,1.000000,0.500000
1782700153.861827,-1,0.002497,0.019826,TRACKING,0.059969,0.025549,-0.084647,0.179398,0.028162,0.015712,0.059988,1.000000,0.500000
1782700153.882499,-1,0.003080,0.019682,TRACKING,0.061360,0.025669,-0.084855,0.179386,0.028094,0.015826,0.061526,1.000000,0.500000
1782700153.902558,-1,0.002560,0.020021,TRACKING,0.061376,0.025800,-0.085190,0.179283,0.027962,0.015956,0.063064,1.000000,0.500000
1782700153.922621,-1,0.002533,0.019891,TRACKING,0.061690,0.025938,-0.085573,0.179166,0.028130,0.015989,0.061526,1.000000,0.500000
1782700153.942914,-1,0.002707,0.019877,TRACKING,0.061437,0.026083,-0.085919,0.179129,0.028229,0.015971,0.061526,1.000000,0.500000
1782700153.962660,-1,0.001891,0.020146,TRACKING,0.061195,0.026187,-0.086370,0.179089,0.028520,0.015980,0.061526,1.000000,0.500000
1782700153.983155,-1,0.002267,0.020048,TRACKING,0.061483,0.026306,-0.086856,0.178956,0.028497,0.016134,0.061526,1.000000,0.500000
1782700154.004118,-1,0.003138,0.019956,TRACKING,0.063040,0.026426,-0.087304,0.178971,0.028664,0.016180,0.061526,1.000000,0.500000
1782700154.024331,-1,0.003262,0.019853,TRACKING,0.063061,0.026484,-0.087762,0.178973,0.028826,0.016169,0.061526,1.000000,0.500000
1782700154.044204,-1,0.003043,0.019920,TRACKING,0.063466,0.026528,-0.088131,0.178963,0.028862,0.016235,0.061526,1.000000,0.500000
1782700154.064408,-1,0.002851,0.019778,TRACKING,0.062827,0.026585,-0.088465,0.178983,0.028984,0.016353,0.059988,1.000000,0.500000
1782700154.084713,-1,0.003064,0.019787,TRACKING,0.063337,0.026657,-0.088705,0.178954,0.028765,0.016466,0.061526,1.000000,0.500000
1782700154.104706,-1,0.002987,0.019319,TRACKING,0.062884,0.026758,-0.088992,0.178945,0.028871,0.016662,0.059988,1.000000,0.500000
1782700154.124581,-1,0.002206,0.019508,TRACKING,0.062080,0.026862,-0.089364,0.179098,0.030194,0.016895,0.059988,1.000000,0.500000
1782700154.144744,-1,0.002289,0.019151,TRACKING,0.062223,0.026942,-0.089703,0.179080,0.031844,0.017073,0.059988,1.000000,0.500000
1782700154.165560,-1,0.002977,0.019011,TRACKING,0.062763,0.026992,-0.090036,0.179107,0.033386,0.017293,0.056912,1.000000,0.500000
1782700154.185652,-1,0.002934,0.018899,TRACKING,0.063154,0.026987,-0.090375,0.179064,0.033761,0.017343,0.059988,1.000000,0.500000
1782700154.205911,-1,0.002849,0.018845,TRACKING,0.063267,0.026931,-0.090761,0.179085,0.034060,0.017336,0.058450,1.000000,0.500000
1782700154.225846,-1,0.002382,0.019031,TRACKING,0.062852,0.026845,-0.091222,0.178981,0.033938,0.017401,0.058450,1.000000,0.500000
1782700154.246634,-1,0.002728,0.019169,TRACKING,0.063939,0.026778,-0.091738,0.178886,0.034236,0.017502,0.059988,1.000000,0.500000
1782700154.267037,-1,0.002691,0.019751,TRACKING,0.063525,0.026749,-0.092289,0.178827,0.034109,0.017619,0.058450,1.000000,0.500000
1782700154.287231,-1,0.002796,0.019228,TRACKING,0.063922,0.026776,-0.092846,0.178726,0.034263,0.017743,0.059988,1.000000,0.500000
1782700154.306924,-1,0.002277,0.019200,TRACKING,0.063461,0.026748,-0.093430,0.178767,0.033372,0.017807,0.059988,1.000000,0.500000
1782700154.326919,-1,0.002168,0.019038,TRACKING,0.063588,0.026709,-0.094073,0.178731,0.033812,0.018015,0.059988,1.000000,0.500000
1782700154.347019,-1,0.002180,0.018886,TRACKING,0.063662,0.026621,-0.094695,0.178679,0.033676,0.018198,0.058450,1.000000,0.500000
1782700154.367077,-1,0.002151,0.018767,TRACKING,0.063823,0.026530,-0.095395,0.178621,0.033424,0.018315,0.058450,1.000000,0.500000
1782700154.387376,-1,0.002323,0.018646,TRACKING,0.065425,0.026398,-0.096143,0.178615,0.033282,0.018484,0.061526,1.000000,0.500000
1782700154.407249,-1,0.002062,0.018721,TRACKING,0.065255,0.026203,-0.096920,0.178469,0.033673,0.018593,0.059988,1.000000,0.500000
1782700154.428275,-1,0.002774,0.018621,TRACKING,0.065353,0.026130,-0.097768,0.178234,0.033822,0.018773,0.059988,1.000000,0.500000
1782700154.448218,-1,0.002591,0.018622,TRACKING,0.065550,0.026172,-0.098452,0.178065,0.033861,0.018834,0.058450,1.000000,0.500000
1782700154.470081,-1,0.003690,0.019322,TRACKING,0.066797,0.026212,-0.099149,0.177921,0.033986,0.018894,0.056912,1.000000,0.500000
1782700154.489696,-1,0.003201,0.019104,TRACKING,0.066827,0.026265,-0.099759,0.177824,0.035457,0.019172,0.059961,1.000000,0.500000
1782700154.509614,-1,0.003029,0.018855,TRACKING,0.066383,0.026309,-0.100230,0.177709,0.037787,0.019554,0.058426,1.000000,0.500000
1782700154.528969,-1,0.002292,0.018719,TRACKING,0.065845,0.026338,-0.100708,0.177518,0.039140,0.019806,0.058423,1.000000,0.500000
1782700154.550470,-1,0.003351,0.018888,TRACKING,0.066896,0.026403,-0.101167,0.177189,0.039894,0.020050,0.058426,1.000000,0.500000
1782700154.570865,-1,0.003629,0.039180,TRACKING,0.077484,0.026466,-0.101659,0.176969,0.040335,0.020308,0.059268,1.000000,0.500000
1782700154.591531,-1,0.003826,0.059995,TRACKING,0.088001,0.026565,-0.102084,0.176855,0.037657,0.019847,0.059968,1.000000,0.500000
1782700154.611326,-1,0.003279,0.079955,TRACKING,0.097270,0.026639,-0.102555,0.176728,0.036237,0.019376,0.062755,1.000000,0.500000
1782700154.631445,-1,0.002935,0.100790,TRACKING,0.106425,0.026668,-0.103017,0.176657,0.036540,0.019063,0.061013,1.000000,0.500000
1782700154.653102,-1,0.004146,0.120880,TRACKING,0.108327,0.026717,-0.103452,0.176603,0.036347,0.018933,0.062756,1.000000,0.500000
1782700154.672786,-1,0.003727,0.140900,TRACKING,0.107798,0.026778,-0.103856,0.176509,0.035548,0.018941,0.062756,1.000000,0.500000
1782700154.693125,-1,0.003399,0.161645,TRACKING,0.107500,0.026833,-0.104175,0.176417,0.034946,0.018874,0.064498,1.000000,0.500000
1782700154.712860,-1,0.003036,0.181699,TRACKING,0.107439,0.026908,-0.104498,0.176330,0.034402,0.018956,0.066241,1.000000,0.500000
1782700154.733860,-1,0.003943,0.201732,RECOVERY,0.110004,0.027000,-0.104801,0.176242,0.034755,0.018966,0.071629,1.000000,0.500000
1782700154.752413,-1,0.002402,0.221804,RECOVERY,0.132823,0.027053,-0.103398,0.176235,0.106266,0.044674,0.155000,1.000000,0.500000
1782700154.773488,-1,0.003023,0.242339,RECOVERY,0.119064,0.026387,-0.095723,0.176945,0.102399,0.038726,0.102500,1.000000,0.500000
1782700154.793054,-1,0.002421,0.262450,RECOVERY,0.110007,0.026417,-0.093592,0.175870,0.096137,0.033738,0.082500,1.000000,0.500000
1782700154.814206,-1,0.002958,0.283103,RECOVERY,0.108435,0.026389,-0.092425,0.175823,0.089226,0.030885,0.072642,1.000000,0.500000
1782700154.834955,-1,0.003254,0.303517,RECOVERY,0.103770,0.026591,-0.092196,0.176072,0.081185,0.028404,0.055350,1.000000,0.500000
1782700154.854964,-1,0.002634,0.324126,RECOVERY,0.101491,0.026514,-0.092426,0.176326,0.074140,0.026297,0.047500,1.000000,0.500000
1782700154.875585,-1,0.002834,0.344865,RECOVERY,0.101799,0.026496,-0.092692,0.175944,0.068377,0.024599,0.050000,1.000000,0.500000
1782700154.894752,-1,0.001760,0.364726,RECOVERY,0.102658,0.026663,-0.093814,0.175891,0.063687,0.023315,0.052500,1.000000,0.500000
1782700154.916477,-1,0.003062,0.385146,RECOVERY,0.105409,0.026823,-0.095281,0.175948,0.060053,0.022297,0.057500,1.000000,0.500000
1782700154.936292,-1,0.002790,0.405252,RECOVERY,0.105746,0.027007,-0.096754,0.175783,0.057318,0.021531,0.060000,1.000000,0.500000
1782700154.956352,-1,0.002516,0.425568,RECOVERY,0.107008,0.027181,-0.098494,0.175818,0.055479,0.021056,0.065000,1.000000,0.500000
1782700154.976398,-1,0.002427,0.445731,RECOVERY,0.107744,0.027357,-0.100293,0.175787,0.054770,0.020830,0.065000,1.000000,0.500000
1782700154.996262,-1,0.002206,0.465790,RECOVERY,0.108972,0.027534,-0.102400,0.175747,0.053864,0.020647,0.067500,1.000000,0.500000
1782700155.016994,-1,0.002853,0.486200,RECOVERY,0.110653,0.027692,-0.104425,0.175685,0.053218,0.020500,0.070000,1.000000,0.500000
1782700155.037043,-1,0.002817,0.505964,RECOVERY,0.111799,0.027882,-0.106367,0.175621,0.052713,0.020420,0.072500,1.000000,0.500000
1782700155.056538,-1,0.002225,0.526384,RECOVERY,0.112003,0.028124,-0.108178,0.175469,0.052505,0.020438,0.072500,1.000000,0.500000
1782700155.076524,-1,0.002124,0.546376,RECOVERY,0.111911,0.028367,-0.110013,0.175293,0.052475,0.020504,0.070000,1.000000,0.500000
1782700155.097118,-1,0.002618,0.566232,RECOVERY,0.113842,0.028624,-0.112133,0.175127,0.052332,0.020598,0.075000,1.000000,0.500000
1782700155.117082,-1,0.002496,0.586310,RECOVERY,0.114093,0.028897,-0.113993,0.174866,0.052314,0.020724,0.072500,1.000000,0.500000
1782700155.137242,-1,0.002213,0.606763,RECOVERY,0.115488,0.029196,-0.116022,0.174751,0.052329,0.020895,0.075000,1.000000,0.500000
1782700155.157252,-1,0.001786,0.627205,RECOVERY,0.115773,0.029493,-0.118262,0.174565,0.052391,0.021087,0.075000,1.000000,0.500000
1782700155.178442,-1,0.002520,0.647666,RECOVERY,0.117278,0.029763,-0.120523,0.174307,0.052542,0.021275,0.075000,1.000000,0.500000
1782700155.198681,-1,0.002515,0.667917,RECOVERY,0.117849,0.029971,-0.122643,0.174037,0.052648,0.021466,0.077500,1.000000,0.500000
1782700155.218783,-1,0.002493,0.688054,RECOVERY,0.119080,0.030199,-0.124631,0.173702,0.052853,0.021632,0.077500,1.000000,0.500000
1782700155.238758,-1,0.002383,0.708110,RECOVERY,0.119037,0.030415,-0.126838,0.173220,0.052960,0.021790,0.075000,1.000000,0.500000
1782700155.258914,-1,0.002105,0.728889,RECOVERY,0.120141,0.030683,-0.128890,0.172672,0.053003,0.021938,0.075000,1.000000,0.500000
1782700155.279296,-1,0.002232,0.748805,RECOVERY,0.121143,0.031060,-0.131188,0.172152,0.053021,0.022108,0.077500,1.000000,0.500000
1782700155.300285,-1,0.003133,0.768891,RECOVERY,0.123027,0.031375,-0.133408,0.171804,0.053138,0.022303,0.075000,1.000000,0.500000
1782700155.319411,-1,0.002171,0.788980,RECOVERY,0.122997,0.031709,-0.135715,0.171423,0.053220,0.022505,0.077500,1.000000,0.500000
1782700155.340248,-1,0.002922,0.809079,RECOVERY,0.124854,0.032073,-0.137985,0.171126,0.053192,0.022734,0.075000,1.000000,0.500000
1782700155.360561,-1,0.003148,0.829510,RECOVERY,0.126872,0.032486,-0.140462,0.171124,0.053101,0.022937,0.075000,1.000000,0.500000
1782700155.380924,-1,0.003065,0.849593,RECOVERY,0.127232,0.033015,-0.143215,0.171145,0.053022,0.023131,0.075000,1.000000,0.500000
1782700155.400800,-1,0.002855,0.869724,RECOVERY,0.127715,0.033526,-0.145570,0.171269,0.052893,0.023295,0.075068,1.000000,0.500000
1782700155.420422,-1,0.002390,0.889789,RECOVERY,0.128470,0.034022,-0.147744,0.171389,0.053204,0.023456,0.075488,1.000000,0.500000
1782700155.441234,-1,0.002712,0.910263,RECOVERY,0.130933,0.034657,-0.150171,0.171571,0.053843,0.023609,0.080752,1.000000,0.500000
1782700155.461340,-1,0.002694,0.930389,RECOVERY,0.132176,0.035262,-0.152437,0.171709,0.054126,0.023719,0.084263,1.000000,0.500000
1782700155.481357,-1,0.002259,0.950844,RECOVERY,0.132311,0.035791,-0.154323,0.171770,0.054271,0.023790,0.086016,1.000000,0.500000
1782700155.501938,-1,0.002595,0.971117,RECOVERY,0.133332,0.036368,-0.156040,0.171845,0.054350,0.023830,0.089522,1.000000,0.500000
1782700155.522808,-1,0.003013,0.991563,RECOVERY,0.135099,0.036941,-0.157794,0.171934,0.054328,0.023806,0.093033,1.000000,0.500000
1782700155.542006,-1,0.001829,1.011928,RECOVERY,0.134182,0.037501,-0.159520,0.172004,0.054294,0.023779,0.091275,1.000000,0.500000
1782700155.563052,-1,0.002685,1.032114,RECOVERY,0.136149,0.038007,-0.160950,0.172059,0.054226,0.023745,0.093033,1.000000,0.500000
1782700155.583788,-1,0.002967,1.052937,RECOVERY,0.136026,0.038530,-0.162177,0.172052,0.054183,0.023722,0.091275,1.000000,0.500000
1782700155.603402,-1,0.002125,1.073053,RECOVERY,0.135846,0.038956,-0.163356,0.172114,0.054157,0.023695,0.094786,1.000000,0.500000
1782700155.623738,-1,0.002335,1.093114,RECOVERY,0.137074,0.039329,-0.164370,0.172191,0.054106,0.023669,0.094786,1.000000,0.500000
1782700155.645299,-1,0.003184,1.113894,SAFE_STAND,0.137584,0.039682,-0.165400,0.172163,0.054089,0.023628,0.094786,1.000000,0.500000
1782700155.663192,-1,0.000985,inf,SAFE_STAND,0.000000,0.039969,-0.166005,0.172093,0.000000,0.000000,0.000000,1.000000,0.500000
1782700155.683242,-1,0.000982,inf,SAFE_STAND,0.000000,0.040412,-0.165295,0.171756,0.000000,0.000000,0.000000,1.000000,0.500000
1782700155.703305,-1,0.000953,inf,SAFE_STAND,0.000000,0.040726,-0.164678,0.171674,0.000000,0.000000,0.000000,1.000000,0.500000
1782700155.723407,-1,0.000933,inf,SAFE_STAND,0.000000,0.041039,-0.164300,0.171544,0.000000,0.000000,0.000000,1.000000,0.500000
1782700155.743627,-1,0.000759,inf,SAFE_STAND,0.000000,0.041300,-0.164207,0.171351,0.000000,0.000000,0.000000,1.000000,0.500000
1782700155.764302,-1,0.001054,inf,SAFE_STAND,0.000000,0.041547,-0.164125,0.171126,0.000000,0.000000,0.000000,1.000000,0.500000
1782700155.784463,-1,0.000716,inf,SAFE_STAND,0.000000,0.041726,-0.163975,0.171111,0.000000,0.000000,0.000000,1.000000,0.500000
1782700155.804995,-1,0.000697,inf,SAFE_STAND,0.000000,0.041888,-0.163822,0.171015,0.000000,0.000000,0.000000,1.000000,0.500000
1782700155.825178,-1,0.000694,inf,SAFE_STAND,0.000000,0.041945,-0.163607,0.171066,0.000000,0.000000,0.000000,1.000000,0.500000
1782700155.845748,-1,0.000902,inf,SAFE_STAND,0.000000,0.041986,-0.163356,0.171111,0.000000,0.000000,0.000000,1.000000,0.500000
1782700155.865866,-1,0.000897,inf,SAFE_STAND,0.000000,0.042042,-0.163083,0.171256,0.000000,0.000000,0.000000,1.000000,0.500000
1782700155.885796,-1,0.000703,inf,SAFE_STAND,0.000000,0.042039,-0.162725,0.171413,0.000000,0.000000,0.000000,1.000000,0.500000
1782700155.905919,-1,0.000703,inf,SAFE_STAND,0.000000,0.042099,-0.162336,0.171610,0.000000,0.000000,0.000000,1.000000,0.500000
1782700155.926465,-1,0.000895,inf,SAFE_STAND,0.000000,0.042132,-0.161973,0.171785,0.000000,0.000000,0.000000,1.000000,0.500000
1782700155.946661,-1,0.000943,inf,SAFE_STAND,0.000000,0.042144,-0.161587,0.171996,0.000000,0.000000,0.000000,1.000000,0.500000
1782700155.966683,-1,0.000693,inf,SAFE_STAND,0.000000,0.042182,-0.161178,0.172242,0.000000,0.000000,0.000000,1.000000,0.500000
1782700155.987018,-1,0.000901,inf,SAFE_STAND,0.000000,0.042231,-0.160787,0.172509,0.000000,0.000000,0.000000,1.000000,0.500000
1782700156.007099,-1,0.000895,inf,SAFE_STAND,0.000000,0.042249,-0.160476,0.172837,0.000000,0.000000,0.000000,1.000000,0.500000
1782700156.027198,-1,0.000906,inf,SAFE_STAND,0.000000,0.042277,-0.160151,0.173169,0.000000,0.000000,0.000000,1.000000,0.500000
1782700156.047359,-1,0.000936,inf,SAFE_STAND,0.000000,0.042309,-0.159823,0.173468,0.000000,0.000000,0.000000,1.000000,0.500000
1782700156.067484,-1,0.000916,inf,SAFE_STAND,0.000000,0.042297,-0.159473,0.173706,0.000000,0.000000,0.000000,1.000000,0.500000
1782700156.087656,-1,0.000733,inf,SAFE_STAND,0.000000,0.042282,-0.159159,0.173777,0.000000,0.000000,0.000000,1.000000,0.500000
1782700156.108215,-1,0.000921,inf,SAFE_STAND,0.000000,0.042280,-0.158854,0.173801,0.000000,0.000000,0.000000,1.000000,0.500000
1782700156.128336,-1,0.000689,inf,SAFE_STAND,0.000000,0.042253,-0.158631,0.173818,0.000000,0.000000,0.000000,1.000000,0.500000
1782700156.149155,-1,0.001140,1.620101,SAFE_STAND,0.000000,0.042221,-0.158382,0.173709,0.000000,0.000000,0.000000,1.000000,0.500000
1782700156.169013,-1,0.000911,inf,SAFE_STAND,0.000000,0.042164,-0.158183,0.173618,0.000000,0.000000,0.000000,1.000000,0.500000
1782700156.189184,-1,0.000940,inf,SAFE_STAND,0.000000,0.042123,-0.158013,0.173513,0.000000,0.000000,0.000000,1.000000,0.500000
1782700156.209521,-1,0.000932,inf,SAFE_STAND,0.000000,0.042061,-0.157925,0.173355,0.000000,0.000000,0.000000,1.000000,0.500000
1782700156.229610,-1,0.000924,inf,SAFE_STAND,0.000000,0.042011,-0.157808,0.173187,0.000000,0.000000,0.000000,1.000000,0.500000
1782700156.249659,-1,0.000883,inf,SAFE_STAND,0.000000,0.041964,-0.157766,0.172956,0.000000,0.000000,0.000000,1.000000,0.500000
1782700156.269746,-1,0.000883,inf,SAFE_STAND,0.000000,0.041935,-0.157745,0.172744,0.000000,0.000000,0.000000,1.000000,0.500000
1782700156.289773,-1,0.000666,inf,SAFE_STAND,0.000000,0.041890,-0.157741,0.172519,0.000000,0.000000,0.000000,1.000000,0.500000
1782700156.309857,-1,0.000666,inf,SAFE_STAND,0.000000,0.041855,-0.157763,0.172307,0.000000,0.000000,0.000000,1.000000,0.500000
1782700156.330535,-1,0.000908,inf,SAFE_STAND,0.000000,0.041814,-0.157800,0.172067,0.000000,0.000000,0.000000,1.000000,0.500000
1782700156.350683,-1,0.000912,inf,SAFE_STAND,0.000000,0.041785,-0.157855,0.171880,0.000000,0.000000,0.000000,1.000000,0.500000
1782700156.371047,-1,0.000943,inf,SAFE_STAND,0.000000,0.041761,-0.157926,0.171692,0.000000,0.000000,0.000000,1.000000,0.500000
1782700156.391254,-1,0.001060,inf,SAFE_STAND,0.000000,0.041724,-0.158026,0.171478,0.000000,0.000000,0.000000,1.000000,0.500000
1782700156.411254,-1,0.000932,inf,SAFE_STAND,0.000000,0.041707,-0.158093,0.171299,0.000000,0.000000,0.000000,1.000000,0.500000
1782700156.431383,-1,0.000924,inf,SAFE_STAND,0.000000,0.041701,-0.158152,0.171146,0.000000,0.000000,0.000000,1.000000,0.500000
1782700156.451422,-1,0.000690,inf,SAFE_STAND,0.000000,0.041673,-0.158248,0.171036,0.000000,0.000000,0.000000,1.000000,0.500000
1782700156.471555,-1,0.000696,inf,SAFE_STAND,0.000000,0.041646,-0.158321,0.170932,0.000000,0.000000,0.000000,1.000000,0.500000
1782700156.492263,-1,0.001072,inf,SAFE_STAND,0.000000,0.041611,-0.158375,0.170826,0.000000,0.000000,0.000000,1.000000,0.500000
1782700156.512260,-1,0.000713,inf,SAFE_STAND,0.000000,0.041580,-0.158385,0.170793,0.000000,0.000000,0.000000,1.000000,0.500000
1782700156.532954,-1,0.001032,inf,SAFE_STAND,0.000000,0.041565,-0.158392,0.170786,0.000000,0.000000,0.000000,1.000000,0.500000
1782700156.552969,-1,0.000921,inf,SAFE_STAND,0.000000,0.041554,-0.158415,0.170794,0.000000,0.000000,0.000000,1.000000,0.500000
1782700156.573110,-1,0.000942,inf,SAFE_STAND,0.000000,0.041579,-0.158430,0.170826,0.000000,0.000000,0.000000,1.000000,0.500000
1782700156.593067,-1,0.000787,inf,SAFE_STAND,0.000000,0.041596,-0.158369,0.170841,0.000000,0.000000,0.000000,1.000000,0.500000
1782700156.613124,-1,0.000693,inf,SAFE_STAND,0.000000,0.041609,-0.158372,0.170892,0.000000,0.000000,0.000000,1.000000,0.500000
1782700156.633795,-1,0.000952,inf,SAFE_STAND,0.000000,0.041636,-0.158337,0.170955,0.000000,0.000000,0.000000,1.000000,0.500000
1782700156.654057,-1,0.001088,2.124990,SAFE_STAND,0.000000,0.041650,-0.158340,0.171006,0.000000,0.000000,0.000000,1.000000,0.500000
1782700156.674322,-1,0.000956,inf,SAFE_STAND,0.000000,0.041671,-0.158360,0.171070,0.000000,0.000000,0.000000,1.000000,0.500000
1782700156.694446,-1,0.000954,inf,SAFE_STAND,0.000000,0.041674,-0.158343,0.171149,0.000000,0.000000,0.000000,1.000000,0.500000
1782700156.714565,-1,0.000941,inf,SAFE_STAND,0.000000,0.041714,-0.158315,0.171195,0.000000,0.000000,0.000000,1.000000,0.500000
1782700156.734659,-1,0.000952,inf,SAFE_STAND,0.000000,0.041752,-0.158357,0.171200,0.000000,0.000000,0.000000,1.000000,0.500000
1782700156.754743,-1,0.000949,inf,SAFE_STAND,0.000000,0.041762,-0.158385,0.171241,0.000000,0.000000,0.000000,1.000000,0.500000
1782700156.775258,-1,0.001136,inf,SAFE_STAND,0.000000,0.041777,-0.158452,0.171278,0.000000,0.000000,0.000000,1.000000,0.500000
1782700156.795353,-1,0.001111,inf,SAFE_STAND,0.000000,0.041760,-0.158477,0.171319,0.000000,0.000000,0.000000,1.000000,0.500000
1782700156.815482,-1,0.001084,inf,SAFE_STAND,0.000000,0.041764,-0.158541,0.171279,0.000000,0.000000,0.000000,1.000000,0.500000
1782700156.835484,-1,0.000702,inf,SAFE_STAND,0.000000,0.041762,-0.158546,0.171255,0.000000,0.000000,0.000000,1.000000,0.500000
1782700156.856274,-1,0.001094,inf,SAFE_STAND,0.000000,0.041759,-0.158605,0.171240,0.000000,0.000000,0.000000,1.000000,0.500000
1782700156.876460,-1,0.000838,inf,SAFE_STAND,0.000000,0.041762,-0.158586,0.171195,0.000000,0.000000,0.000000,1.000000,0.500000
1782700156.897196,-1,0.001149,inf,SAFE_STAND,0.000000,0.041745,-0.158631,0.171211,0.000000,0.000000,0.000000,1.000000,0.500000
1782700156.917297,-1,0.000844,inf,SAFE_STAND,0.000000,0.041752,-0.158677,0.171229,0.000000,0.000000,0.000000,1.000000,0.500000
1782700156.937721,-1,0.001103,inf,SAFE_STAND,0.000000,0.041737,-0.158689,0.171245,0.000000,0.000000,0.000000,1.000000,0.500000
1782700156.957484,-1,0.000765,inf,SAFE_STAND,0.000000,0.041731,-0.158708,0.171261,0.000000,0.000000,0.000000,1.000000,0.500000
1782700156.977226,-1,0.000434,inf,SAFE_STAND,0.000000,0.041709,-0.158704,0.171259,0.000000,0.000000,0.000000,1.000000,0.500000
1782700156.997684,-1,0.000436,inf,SAFE_STAND,0.000000,0.041731,-0.158707,0.171266,0.000000,0.000000,0.000000,1.000000,0.500000
1782700157.017757,-1,0.000433,inf,SAFE_STAND,0.000000,0.041710,-0.158695,0.171326,0.000000,0.000000,0.000000,1.000000,0.500000
1782700157.038417,-1,0.000723,inf,SAFE_STAND,0.000000,0.041734,-0.158663,0.171307,0.000000,0.000000,0.000000,1.000000,0.500000
1782700157.058514,-1,0.000687,inf,SAFE_STAND,0.000000,0.041746,-0.158615,0.171305,0.000000,0.000000,0.000000,1.000000,0.500000
1782700157.078575,-1,0.000419,inf,SAFE_STAND,0.000000,0.041754,-0.158577,0.171271,0.000000,0.000000,0.000000,1.000000,0.500000
1782700157.098769,-1,0.000460,inf,SAFE_STAND,0.000000,0.041764,-0.158549,0.171317,0.000000,0.000000,0.000000,1.000000,0.500000
1782700157.119328,-1,0.000426,inf,SAFE_STAND,0.000000,0.041754,-0.158502,0.171284,0.000000,0.000000,0.000000,1.000000,0.500000
1782700157.139457,-1,0.000429,inf,SAFE_STAND,0.000000,0.041723,-0.158466,0.171268,0.000000,0.000000,0.000000,1.000000,0.500000
1782700157.160089,-1,0.000924,2.631009,SAFE_STAND,0.000000,0.041728,-0.158412,0.171231,0.000000,0.000000,0.000000,1.000000,0.500000
1782700157.180007,-1,0.000691,inf,SAFE_STAND,0.000000,0.041717,-0.158371,0.171226,0.000000,0.000000,0.000000,1.000000,0.500000
1782700157.200156,-1,0.000697,inf,SAFE_STAND,0.000000,0.041691,-0.158371,0.171245,0.000000,0.000000,0.000000,1.000000,0.500000
1782700157.220109,-1,0.000441,inf,SAFE_STAND,0.000000,0.041671,-0.158327,0.171264,0.000000,0.000000,0.000000,1.000000,0.500000
1782700157.240233,-1,0.000437,inf,SAFE_STAND,0.000000,0.041676,-0.158285,0.171251,0.000000,0.000000,0.000000,1.000000,0.500000
1782700157.260598,-1,0.000671,inf,SAFE_STAND,0.000000,0.041663,-0.158288,0.171266,0.000000,0.000000,0.000000,1.000000,0.500000
1782700157.280726,-1,0.000675,inf,SAFE_STAND,0.000000,0.041665,-0.158260,0.171309,0.000000,0.000000,0.000000,1.000000,0.500000
1782700157.300841,-1,0.000667,inf,SAFE_STAND,0.000000,0.041672,-0.158266,0.171351,0.000000,0.000000,0.000000,1.000000,0.500000
1782700157.320739,-1,0.000429,inf,SAFE_STAND,0.000000,0.041669,-0.158297,0.171378,0.000000,0.000000,0.000000,1.000000,0.500000
1782700157.340875,-1,0.000439,inf,SAFE_STAND,0.000000,0.041650,-0.158272,0.171416,0.000000,0.000000,0.000000,1.000000,0.500000
1782700157.360998,-1,0.000429,inf,SAFE_STAND,0.000000,0.041673,-0.158228,0.171388,0.000000,0.000000,0.000000,1.000000,0.500000
1782700157.381363,-1,0.000662,inf,SAFE_STAND,0.000000,0.041664,-0.158252,0.171416,0.000000,0.000000,0.000000,1.000000,0.500000
1782700157.401529,-1,0.000697,inf,SAFE_STAND,0.000000,0.041666,-0.158292,0.171454,0.000000,0.000000,0.000000,1.000000,0.500000
1782700157.421571,-1,0.000444,inf,SAFE_STAND,0.000000,0.041647,-0.158352,0.171481,0.000000,0.000000,0.000000,1.000000,0.500000
1782700157.441689,-1,0.000436,inf,SAFE_STAND,0.000000,0.041636,-0.158336,0.171508,0.000000,0.000000,0.000000,1.000000,0.500000
1782700157.461853,-1,0.000469,inf,SAFE_STAND,0.000000,0.041615,-0.158339,0.171509,0.000000,0.000000,0.000000,1.000000,0.500000
1782700157.482598,-1,0.000807,inf,SAFE_STAND,0.000000,0.041607,-0.158375,0.171530,0.000000,0.000000,0.000000,1.000000,0.500000
1782700157.502726,-1,0.000730,inf,SAFE_STAND,0.000000,0.041612,-0.158362,0.171531,0.000000,0.000000,0.000000,1.000000,0.500000
1782700157.523277,-1,0.000952,inf,SAFE_STAND,0.000000,0.041613,-0.158371,0.171480,0.000000,0.000000,0.000000,1.000000,0.500000
1782700157.543393,-1,0.000945,inf,SAFE_STAND,0.000000,0.041612,-0.158374,0.171505,0.000000,0.000000,0.000000,1.000000,0.500000
1782700157.563374,-1,0.000719,inf,SAFE_STAND,0.000000,0.041623,-0.158369,0.171508,0.000000,0.000000,0.000000,1.000000,0.500000
1782700157.583495,-1,0.000703,inf,SAFE_STAND,0.000000,0.041643,-0.158362,0.171469,0.000000,0.000000,0.000000,1.000000,0.500000
1782700157.604352,-1,0.001049,inf,SAFE_STAND,0.000000,0.041656,-0.158392,0.171452,0.000000,0.000000,0.000000,1.000000,0.500000
1782700157.624805,-1,0.001053,inf,SAFE_STAND,0.000000,0.041644,-0.158358,0.171476,0.000000,0.000000,0.000000,1.000000,0.500000
1782700157.644948,-1,0.001025,inf,SAFE_STAND,0.000000,0.041667,-0.158377,0.171472,0.000000,0.000000,0.000000,1.000000,0.500000
1782700157.665376,-1,0.001003,3.136247,SAFE_STAND,0.000000,0.041660,-0.158400,0.171496,0.000000,0.000000,0.000000,1.000000,0.500000
1782700157.685349,-1,0.000802,inf,SAFE_STAND,0.000000,0.041675,-0.158375,0.171470,0.000000,0.000000,0.000000,1.000000,0.500000
1782700157.705806,-1,0.000932,inf,SAFE_STAND,0.000000,0.041681,-0.158383,0.171494,0.000000,0.000000,0.000000,1.000000,0.500000
1782700157.725746,-1,0.000785,inf,SAFE_STAND,0.000000,0.041641,-0.158347,0.171476,0.000000,0.000000,0.000000,1.000000,0.500000
1782700157.745843,-1,0.000719,inf,SAFE_STAND,0.000000,0.041666,-0.158353,0.171459,0.000000,0.000000,0.000000,1.000000,0.500000
1782700157.765981,-1,0.000726,inf,SAFE_STAND,0.000000,0.041683,-0.158309,0.171429,0.000000,0.000000,0.000000,1.000000,0.500000
1782700157.786609,-1,0.000724,inf,SAFE_STAND,0.000000,0.041668,-0.158286,0.171407,0.000000,0.000000,0.000000,1.000000,0.500000
1782700157.807284,-1,0.000973,inf,SAFE_STAND,0.000000,0.041682,-0.158275,0.171431,0.000000,0.000000,0.000000,1.000000,0.500000
1782700157.827429,-1,0.000980,inf,SAFE_STAND,0.000000,0.041676,-0.158253,0.171397,0.000000,0.000000,0.000000,1.000000,0.500000
1782700157.847654,-1,0.001048,inf,SAFE_STAND,0.000000,0.041671,-0.158250,0.171368,0.000000,0.000000,0.000000,1.000000,0.500000
1782700157.867282,-1,0.000487,inf,SAFE_STAND,0.000000,0.041654,-0.158192,0.171372,0.000000,0.000000,0.000000,1.000000,0.500000
1782700157.887328,-1,0.000451,inf,SAFE_STAND,0.000000,0.041645,-0.158220,0.171394,0.000000,0.000000,0.000000,1.000000,0.500000
1782700157.907401,-1,0.000449,inf,SAFE_STAND,0.000000,0.041637,-0.158238,0.171391,0.000000,0.000000,0.000000,1.000000,0.500000
1782700157.927449,-1,0.000424,inf,SAFE_STAND,0.000000,0.041616,-0.158266,0.171423,0.000000,0.000000,0.000000,1.000000,0.500000
1782700157.948198,-1,0.000870,inf,SAFE_STAND,0.000000,0.041634,-0.158262,0.171445,0.000000,0.000000,0.000000,1.000000,0.500000
1782700157.968021,-1,0.000454,inf,SAFE_STAND,0.000000,0.041635,-0.158237,0.171442,0.000000,0.000000,0.000000,1.000000,0.500000
1782700157.988119,-1,0.000481,inf,SAFE_STAND,0.000000,0.041655,-0.158218,0.171454,0.000000,0.000000,0.000000,1.000000,0.500000
1782700158.008228,-1,0.000518,inf,SAFE_STAND,0.000000,0.041657,-0.158155,0.171444,0.000000,0.000000,0.000000,1.000000,0.500000
1782700158.028681,-1,0.000650,inf,SAFE_STAND,0.000000,0.041661,-0.158201,0.171482,0.000000,0.000000,0.000000,1.000000,0.500000
1782700158.048768,-1,0.000665,inf,SAFE_STAND,0.000000,0.041688,-0.158249,0.171502,0.000000,0.000000,0.000000,1.000000,0.500000
1782700158.068645,-1,0.000414,inf,SAFE_STAND,0.000000,0.041639,-0.158295,0.171553,0.000000,0.000000,0.000000,1.000000,0.500000
1782700158.088753,-1,0.000451,inf,SAFE_STAND,0.000000,0.041629,-0.158359,0.171569,0.000000,0.000000,0.000000,1.000000,0.500000
1782700158.108864,-1,0.000485,inf,SAFE_STAND,0.000000,0.041618,-0.158387,0.171554,0.000000,0.000000,0.000000,1.000000,0.500000
1782700158.129316,-1,0.000636,inf,SAFE_STAND,0.000000,0.041614,-0.158384,0.171544,0.000000,0.000000,0.000000,1.000000,0.500000
1782700158.149296,-1,0.000436,inf,SAFE_STAND,0.000000,0.041603,-0.158350,0.171526,0.000000,0.000000,0.000000,1.000000,0.500000
1782700158.170117,-1,0.001174,3.640800,SAFE_STAND,0.000000,0.041614,-0.158304,0.171495,0.000000,0.000000,0.000000,1.000000,0.500000
1782700158.189773,-1,0.000695,inf,SAFE_STAND,0.000000,0.041625,-0.158265,0.171505,0.000000,0.000000,0.000000,1.000000,0.500000
1782700158.209873,-1,0.000499,inf,SAFE_STAND,0.000000,0.041608,-0.158281,0.171505,0.000000,0.000000,0.000000,1.000000,0.500000
1782700158.230268,-1,0.000445,inf,SAFE_STAND,0.000000,0.041593,-0.158317,0.171533,0.000000,0.000000,0.000000,1.000000,0.500000
1782700158.250324,-1,0.000430,inf,SAFE_STAND,0.000000,0.041579,-0.158343,0.171559,0.000000,0.000000,0.000000,1.000000,0.500000
1782700158.270458,-1,0.000493,inf,SAFE_STAND,0.000000,0.041567,-0.158349,0.171594,0.000000,0.000000,0.000000,1.000000,0.500000
1782700158.290566,-1,0.000521,inf,SAFE_STAND,0.000000,0.041579,-0.158406,0.171614,0.000000,0.000000,0.000000,1.000000,0.500000
1782700158.310775,-1,0.000648,inf,SAFE_STAND,0.000000,0.041563,-0.158417,0.171616,0.000000,0.000000,0.000000,1.000000,0.500000
1782700158.330859,-1,0.000660,inf,SAFE_STAND,0.000000,0.041583,-0.158378,0.171615,0.000000,0.000000,0.000000,1.000000,0.500000
1782700158.350889,-1,0.000617,inf,SAFE_STAND,0.000000,0.041582,-0.158395,0.171594,0.000000,0.000000,0.000000,1.000000,0.500000
1782700158.370761,-1,0.000419,inf,SAFE_STAND,0.000000,0.041555,-0.158436,0.171586,0.000000,0.000000,0.000000,1.000000,0.500000
1782700158.390888,-1,0.000475,inf,SAFE_STAND,0.000000,0.041542,-0.158414,0.171573,0.000000,0.000000,0.000000,1.000000,0.500000
1782700158.410915,-1,0.000432,inf,SAFE_STAND,0.000000,0.041526,-0.158388,0.171557,0.000000,0.000000,0.000000,1.000000,0.500000
1782700158.430989,-1,0.000435,inf,SAFE_STAND,0.000000,0.041514,-0.158416,0.171538,0.000000,0.000000,0.000000,1.000000,0.500000
1782700158.451076,-1,0.000430,inf,SAFE_STAND,0.000000,0.041520,-0.158387,0.171526,0.000000,0.000000,0.000000,1.000000,0.500000
1782700158.471605,-1,0.000654,inf,SAFE_STAND,0.000000,0.041496,-0.158314,0.171493,0.000000,0.000000,0.000000,1.000000,0.500000
1782700158.491592,-1,0.000447,inf,SAFE_STAND,0.000000,0.041481,-0.158268,0.171483,0.000000,0.000000,0.000000,1.000000,0.500000
1782700158.511745,-1,0.000526,inf,SAFE_STAND,0.000000,0.041473,-0.158198,0.171462,0.000000,0.000000,0.000000,1.000000,0.500000
1782700158.531736,-1,0.000437,inf,SAFE_STAND,0.000000,0.041460,-0.158229,0.171515,0.000000,0.000000,0.000000,1.000000,0.500000
1782700158.551808,-1,0.000435,inf,SAFE_STAND,0.000000,0.041453,-0.158201,0.171479,0.000000,0.000000,0.000000,1.000000,0.500000
1782700158.572326,-1,0.000645,inf,SAFE_STAND,0.000000,0.041425,-0.158255,0.171456,0.000000,0.000000,0.000000,1.000000,0.500000
1782700158.592411,-1,0.000484,inf,SAFE_STAND,0.000000,0.041431,-0.158201,0.171461,0.000000,0.000000,0.000000,1.000000,0.500000
1782700158.612521,-1,0.000419,inf,SAFE_STAND,0.000000,0.041430,-0.158163,0.171438,0.000000,0.000000,0.000000,1.000000,0.500000
1782700158.632630,-1,0.000457,inf,SAFE_STAND,0.000000,0.041416,-0.158173,0.171492,0.000000,0.000000,0.000000,1.000000,0.500000
1782700158.652906,-1,0.000659,inf,SAFE_STAND,0.000000,0.041402,-0.158172,0.171447,0.000000,0.000000,0.000000,1.000000,0.500000
1782700158.673178,-1,0.000859,4.144114,SAFE_STAND,0.000000,0.041373,-0.158185,0.171477,0.000000,0.000000,0.000000,1.000000,0.500000
1782700158.693162,-1,0.000770,inf,SAFE_STAND,0.000000,0.041385,-0.158198,0.171514,0.000000,0.000000,0.000000,1.000000,0.500000
1782700158.713226,-1,0.000762,inf,SAFE_STAND,0.000000,0.041394,-0.158221,0.171483,0.000000,0.000000,0.000000,1.000000,0.500000
1782700158.733192,-1,0.000402,inf,SAFE_STAND,0.000000,0.041375,-0.158260,0.171493,0.000000,0.000000,0.000000,1.000000,0.500000
1782700158.753296,-1,0.000436,inf,SAFE_STAND,0.000000,0.041377,-0.158292,0.171493,0.000000,0.000000,0.000000,1.000000,0.500000
1782700158.773344,-1,0.000414,inf,SAFE_STAND,0.000000,0.041389,-0.158290,0.171500,0.000000,0.000000,0.000000,1.000000,0.500000
1782700158.793867,-1,0.000462,inf,SAFE_STAND,0.000000,0.041416,-0.158289,0.171490,0.000000,0.000000,0.000000,1.000000,0.500000
1782700158.813917,-1,0.000438,inf,SAFE_STAND,0.000000,0.041415,-0.158273,0.171515,0.000000,0.000000,0.000000,1.000000,0.500000
1782700158.833974,-1,0.000424,inf,SAFE_STAND,0.000000,0.041413,-0.158259,0.171538,0.000000,0.000000,0.000000,1.000000,0.500000
1782700158.854077,-1,0.000470,inf,SAFE_STAND,0.000000,0.041418,-0.158262,0.171506,0.000000,0.000000,0.000000,1.000000,0.500000
1782700158.874076,-1,0.000437,inf,SAFE_STAND,0.000000,0.041404,-0.158244,0.171529,0.000000,0.000000,0.000000,1.000000,0.500000
1782700158.894115,-1,0.000403,inf,SAFE_STAND,0.000000,0.041390,-0.158278,0.171544,0.000000,0.000000,0.000000,1.000000,0.500000
1782700158.914427,-1,0.000458,inf,SAFE_STAND,0.000000,0.041367,-0.158299,0.171603,0.000000,0.000000,0.000000,1.000000,0.500000
1782700158.934543,-1,0.000479,inf,SAFE_STAND,0.000000,0.041362,-0.158291,0.171647,0.000000,0.000000,0.000000,1.000000,0.500000
1782700158.954574,-1,0.000432,inf,SAFE_STAND,0.000000,0.041341,-0.158328,0.171627,0.000000,0.000000,0.000000,1.000000,0.500000
1782700158.974660,-1,0.000445,inf,SAFE_STAND,0.000000,0.041325,-0.158310,0.171682,0.000000,0.000000,0.000000,1.000000,0.500000
1782700158.994725,-1,0.000438,inf,SAFE_STAND,0.000000,0.041324,-0.158295,0.171671,0.000000,0.000000,0.000000,1.000000,0.500000
1782700159.015202,-1,0.000494,inf,SAFE_STAND,0.000000,0.041311,-0.158285,0.171674,0.000000,0.000000,0.000000,1.000000,0.500000
1782700159.035286,-1,0.000438,inf,SAFE_STAND,0.000000,0.041311,-0.158295,0.171660,0.000000,0.000000,0.000000,1.000000,0.500000
1782700159.055343,-1,0.000422,inf,SAFE_STAND,0.000000,0.041289,-0.158299,0.171672,0.000000,0.000000,0.000000,1.000000,0.500000
1782700159.075441,-1,0.000450,inf,SAFE_STAND,0.000000,0.041294,-0.158296,0.171706,0.000000,0.000000,0.000000,1.000000,0.500000
1782700159.095931,-1,0.000639,inf,SAFE_STAND,0.000000,0.041280,-0.158302,0.171693,0.000000,0.000000,0.000000,1.000000,0.500000
1782700159.115958,-1,0.000449,inf,SAFE_STAND,0.000000,0.041280,-0.158241,0.171691,0.000000,0.000000,0.000000,1.000000,0.500000
1782700159.136019,-1,0.000439,inf,SAFE_STAND,0.000000,0.041265,-0.158219,0.171709,0.000000,0.000000,0.000000,1.000000,0.500000
1782700159.156075,-1,0.000417,inf,SAFE_STAND,0.000000,0.041280,-0.158166,0.171665,0.000000,0.000000,0.000000,1.000000,0.500000
1782700159.176568,-1,0.000838,4.647546,SAFE_STAND,0.000000,0.041273,-0.158179,0.171757,0.000000,0.000000,0.000000,1.000000,0.500000
1782700159.196294,-1,0.000461,inf,SAFE_STAND,0.000000,0.041268,-0.158168,0.171741,0.000000,0.000000,0.000000,1.000000,0.500000
1782700159.216785,-1,0.000451,inf,SAFE_STAND,0.000000,0.041257,-0.158189,0.171752,0.000000,0.000000,0.000000,1.000000,0.500000
1782700159.236806,-1,0.000401,inf,SAFE_STAND,0.000000,0.041271,-0.158170,0.171718,0.000000,0.000000,0.000000,1.000000,0.500000
1782700159.256904,-1,0.000428,inf,SAFE_STAND,0.000000,0.041255,-0.158196,0.171715,0.000000,0.000000,0.000000,1.000000,0.500000
1782700159.277424,-1,0.000662,inf,SAFE_STAND,0.000000,0.041260,-0.158197,0.171725,0.000000,0.000000,0.000000,1.000000,0.500000
1782700159.297534,-1,0.000669,inf,SAFE_STAND,0.000000,0.041242,-0.158241,0.171744,0.000000,0.000000,0.000000,1.000000,0.500000
1782700159.317417,-1,0.000456,inf,SAFE_STAND,0.000000,0.041249,-0.158235,0.171721,0.000000,0.000000,0.000000,1.000000,0.500000
1782700159.337527,-1,0.000401,inf,SAFE_STAND,0.000000,0.041237,-0.158222,0.171687,0.000000,0.000000,0.000000,1.000000,0.500000
1782700159.357632,-1,0.000434,inf,SAFE_STAND,0.000000,0.041250,-0.158206,0.171655,0.000000,0.000000,0.000000,1.000000,0.500000
1782700159.377693,-1,0.000415,inf,SAFE_STAND,0.000000,0.041266,-0.158253,0.171624,0.000000,0.000000,0.000000,1.000000,0.500000
1782700159.398121,-1,0.000755,inf,SAFE_STAND,0.000000,0.041268,-0.158234,0.171651,0.000000,0.000000,0.000000,1.000000,0.500000
1782700159.418067,-1,0.000617,inf,SAFE_STAND,0.000000,0.041273,-0.158250,0.171618,0.000000,0.000000,0.000000,1.000000,0.500000
1782700159.438268,-1,0.000694,inf,SAFE_STAND,0.000000,0.041286,-0.158218,0.171617,0.000000,0.000000,0.000000,1.000000,0.500000
1782700159.458266,-1,0.000434,inf,SAFE_STAND,0.000000,0.041296,-0.158253,0.171638,0.000000,0.000000,0.000000,1.000000,0.500000
1782700159.478384,-1,0.000423,inf,SAFE_STAND,0.000000,0.041305,-0.158235,0.171652,0.000000,0.000000,0.000000,1.000000,0.500000
1782700159.498466,-1,0.000430,inf,SAFE_STAND,0.000000,0.041296,-0.158211,0.171641,0.000000,0.000000,0.000000,1.000000,0.500000
1782700159.519037,-1,0.000428,inf,SAFE_STAND,0.000000,0.041311,-0.158217,0.171623,0.000000,0.000000,0.000000,1.000000,0.500000
1782700159.539166,-1,0.000432,inf,SAFE_STAND,0.000000,0.041299,-0.158210,0.171623,0.000000,0.000000,0.000000,1.000000,0.500000
1782700159.559276,-1,0.000468,inf,SAFE_STAND,0.000000,0.041318,-0.158234,0.171621,0.000000,0.000000,0.000000,1.000000,0.500000
1782700159.579932,-1,0.000429,inf,SAFE_STAND,0.000000,0.041304,-0.158201,0.171655,0.000000,0.000000,0.000000,1.000000,0.500000
1782700159.600066,-1,0.000436,inf,SAFE_STAND,0.000000,0.041312,-0.158185,0.171630,0.000000,0.000000,0.000000,1.000000,0.500000
1782700159.620197,-1,0.000433,inf,SAFE_STAND,0.000000,0.041304,-0.158216,0.171686,0.000000,0.000000,0.000000,1.000000,0.500000
1782700159.640724,-1,0.000428,inf,SAFE_STAND,0.000000,0.041311,-0.158216,0.171631,0.000000,0.000000,0.000000,1.000000,0.500000
1782700159.660882,-1,0.000446,inf,SAFE_STAND,0.000000,0.041319,-0.158155,0.171639,0.000000,0.000000,0.000000,1.000000,0.500000
1782700159.681460,-1,0.000937,5.152368,SAFE_STAND,0.000000,0.041328,-0.158120,0.171652,0.000000,0.000000,0.000000,1.000000,0.500000
1782700159.701357,-1,0.000706,inf,SAFE_STAND,0.000000,0.041313,-0.158101,0.171687,0.000000,0.000000,0.000000,1.000000,0.500000
1782700159.721365,-1,0.000432,inf,SAFE_STAND,0.000000,0.041318,-0.158081,0.171671,0.000000,0.000000,0.000000,1.000000,0.500000
1782700159.741512,-1,0.000446,inf,SAFE_STAND,0.000000,0.041305,-0.158068,0.171693,0.000000,0.000000,0.000000,1.000000,0.500000
1782700159.761647,-1,0.000432,inf,SAFE_STAND,0.000000,0.041314,-0.158047,0.171702,0.000000,0.000000,0.000000,1.000000,0.500000
1782700159.782040,-1,0.000696,inf,SAFE_STAND,0.000000,0.041332,-0.158059,0.171685,0.000000,0.000000,0.000000,1.000000,0.500000
1782700159.802158,-1,0.000689,inf,SAFE_STAND,0.000000,0.041316,-0.158039,0.171738,0.000000,0.000000,0.000000,1.000000,0.500000
1782700159.822259,-1,0.000530,inf,SAFE_STAND,0.000000,0.041340,-0.158085,0.171740,0.000000,0.000000,0.000000,1.000000,0.500000
1782700159.842237,-1,0.000433,inf,SAFE_STAND,0.000000,0.041340,-0.158037,0.171758,0.000000,0.000000,0.000000,1.000000,0.500000
1782700159.862291,-1,0.000414,inf,SAFE_STAND,0.000000,0.041327,-0.158006,0.171743,0.000000,0.000000,0.000000,1.000000,0.500000
1782700159.882381,-1,0.000422,inf,SAFE_STAND,0.000000,0.041338,-0.157977,0.171734,0.000000,0.000000,0.000000,1.000000,0.500000
1782700159.902885,-1,0.000636,inf,SAFE_STAND,0.000000,0.041323,-0.157959,0.171712,0.000000,0.000000,0.000000,1.000000,0.500000
1782700159.923114,-1,0.000793,inf,SAFE_STAND,0.000000,0.041335,-0.157925,0.171706,0.000000,0.000000,0.000000,1.000000,0.500000
1782700159.943021,-1,0.000481,inf,SAFE_STAND,0.000000,0.041302,-0.157970,0.171675,0.000000,0.000000,0.000000,1.000000,0.500000
1782700159.963050,-1,0.000429,inf,SAFE_STAND,0.000000,0.041282,-0.157952,0.171662,0.000000,0.000000,0.000000,1.000000,0.500000
1782700159.983198,-1,0.000442,inf,SAFE_STAND,0.000000,0.041268,-0.157997,0.171612,0.000000,0.000000,0.000000,1.000000,0.500000
1782700160.003603,-1,0.000698,inf,SAFE_STAND,0.000000,0.041269,-0.157973,0.171553,0.000000,0.000000,0.000000,1.000000,0.500000
1782700160.023752,-1,0.000710,inf,SAFE_STAND,0.000000,0.041266,-0.157971,0.171513,0.000000,0.000000,0.000000,1.000000,0.500000
1782700160.043610,-1,0.000434,inf,SAFE_STAND,0.000000,0.041262,-0.157999,0.171519,0.000000,0.000000,0.000000,1.000000,0.500000
1782700160.063764,-1,0.000462,inf,SAFE_STAND,0.000000,0.041248,-0.157970,0.171539,0.000000,0.000000,0.000000,1.000000,0.500000
1782700160.083790,-1,0.000413,inf,SAFE_STAND,0.000000,0.041246,-0.157976,0.171552,0.000000,0.000000,0.000000,1.000000,0.500000
1782700160.103858,-1,0.000409,inf,SAFE_STAND,0.000000,0.041219,-0.157978,0.171570,0.000000,0.000000,0.000000,1.000000,0.500000
1782700160.124367,-1,0.000430,inf,SAFE_STAND,0.000000,0.041226,-0.157961,0.171613,0.000000,0.000000,0.000000,1.000000,0.500000
1782700160.144561,-1,0.000430,inf,SAFE_STAND,0.000000,0.041236,-0.157931,0.171627,0.000000,0.000000,0.000000,1.000000,0.500000
1782700160.164697,-1,0.000427,inf,SAFE_STAND,0.000000,0.041201,-0.157921,0.171642,0.000000,0.000000,0.000000,1.000000,0.500000
1782700160.185407,-1,0.001012,5.656551,SAFE_STAND,0.000000,0.041183,-0.157893,0.171610,0.000000,0.000000,0.000000,1.000000,0.500000
1782700160.205346,-1,0.000825,inf,SAFE_STAND,0.000000,0.041185,-0.157908,0.171574,0.000000,0.000000,0.000000,1.000000,0.500000
1782700160.225347,-1,0.000428,inf,SAFE_STAND,0.000000,0.041207,-0.157908,0.171545,0.000000,0.000000,0.000000,1.000000,0.500000
1782700160.245426,-1,0.000431,inf,SAFE_STAND,0.000000,0.041195,-0.157933,0.171538,0.000000,0.000000,0.000000,1.000000,0.500000
1782700160.265452,-1,0.000375,inf,SAFE_STAND,0.000000,0.041207,-0.157956,0.171505,0.000000,0.000000,0.000000,1.000000,0.500000
1782700160.286040,-1,0.000462,inf,SAFE_STAND,0.000000,0.041163,-0.157967,0.171501,0.000000,0.000000,0.000000,1.000000,0.500000
1782700160.306151,-1,0.000445,inf,SAFE_STAND,0.000000,0.041165,-0.157965,0.171505,0.000000,0.000000,0.000000,1.000000,0.500000
1782700160.326790,-1,0.000686,inf,SAFE_STAND,0.000000,0.041167,-0.158012,0.171541,0.000000,0.000000,0.000000,1.000000,0.500000
1782700160.346948,-1,0.000461,inf,SAFE_STAND,0.000000,0.041168,-0.158009,0.171570,0.000000,0.000000,0.000000,1.000000,0.500000
1782700160.367047,-1,0.000432,inf,SAFE_STAND,0.000000,0.041161,-0.157949,0.171561,0.000000,0.000000,0.000000,1.000000,0.500000
1782700160.387443,-1,0.000701,inf,SAFE_STAND,0.000000,0.041158,-0.157978,0.171577,0.000000,0.000000,0.000000,1.000000,0.500000
1782700160.407569,-1,0.000682,inf,SAFE_STAND,0.000000,0.041138,-0.157948,0.171560,0.000000,0.000000,0.000000,1.000000,0.500000
1782700160.427663,-1,0.000437,inf,SAFE_STAND,0.000000,0.041136,-0.157899,0.171543,0.000000,0.000000,0.000000,1.000000,0.500000
1782700160.447781,-1,0.000423,inf,SAFE_STAND,0.000000,0.041139,-0.157884,0.171572,0.000000,0.000000,0.000000,1.000000,0.500000
1782700160.468194,-1,0.000694,inf,SAFE_STAND,0.000000,0.041106,-0.157899,0.171589,0.000000,0.000000,0.000000,1.000000,0.500000
1782700160.488096,-1,0.000436,inf,SAFE_STAND,0.000000,0.041104,-0.157867,0.171618,0.000000,0.000000,0.000000,1.000000,0.500000
1782700160.508486,-1,0.000446,inf,SAFE_STAND,0.000000,0.041131,-0.157875,0.171625,0.000000,0.000000,0.000000,1.000000,0.500000
1782700160.528699,-1,0.000558,inf,SAFE_STAND,0.000000,0.041109,-0.157887,0.171620,0.000000,0.000000,0.000000,1.000000,0.500000
1782700160.549435,-1,0.000949,inf,SAFE_STAND,0.000000,0.041114,-0.157870,0.171653,0.000000,0.000000,0.000000,1.000000,0.500000
1782700160.569314,-1,0.000690,inf,SAFE_STAND,0.000000,0.041117,-0.157871,0.171625,0.000000,0.000000,0.000000,1.000000,0.500000
1782700160.589391,-1,0.000668,inf,SAFE_STAND,0.000000,0.041092,-0.157883,0.171595,0.000000,0.000000,0.000000,1.000000,0.500000
1782700160.609907,-1,0.000879,inf,SAFE_STAND,0.000000,0.041123,-0.157810,0.171573,0.000000,0.000000,0.000000,1.000000,0.500000
1782700160.629989,-1,0.000877,inf,SAFE_STAND,0.000000,0.041114,-0.157765,0.171552,0.000000,0.000000,0.000000,1.000000,0.500000
1782700160.650085,-1,0.000885,inf,SAFE_STAND,0.000000,0.041159,-0.157734,0.171537,0.000000,0.000000,0.000000,1.000000,0.500000
1782700160.670033,-1,0.000494,inf,SAFE_STAND,0.000000,0.041155,-0.157700,0.171537,0.000000,0.000000,0.000000,1.000000,0.500000
1782700160.690364,-1,0.000677,6.161547,SAFE_STAND,0.000000,0.041172,-0.157690,0.171554,0.000000,0.000000,0.000000,1.000000,0.500000
1782700160.710719,-1,0.000676,inf,SAFE_STAND,0.000000,0.041185,-0.157635,0.171486,0.000000,0.000000,0.000000,1.000000,0.500000
1782700160.730796,-1,0.000433,inf,SAFE_STAND,0.000000,0.041190,-0.157616,0.171481,0.000000,0.000000,0.000000,1.000000,0.500000
1782700160.750985,-1,0.000545,inf,SAFE_STAND,0.000000,0.041179,-0.157603,0.171534,0.000000,0.000000,0.000000,1.000000,0.500000
1782700160.771681,-1,0.000932,inf,SAFE_STAND,0.000000,0.041198,-0.157590,0.171526,0.000000,0.000000,0.000000,1.000000,0.500000
1782700160.791720,-1,0.000884,inf,SAFE_STAND,0.000000,0.041214,-0.157552,0.171535,0.000000,0.000000,0.000000,1.000000,0.500000
1782700160.811815,-1,0.000896,inf,SAFE_STAND,0.000000,0.041211,-0.157574,0.171519,0.000000,0.000000,0.000000,1.000000,0.500000
1782700160.831994,-1,0.000698,inf,SAFE_STAND,0.000000,0.041234,-0.157516,0.171463,0.000000,0.000000,0.000000,1.000000,0.500000
1782700160.852614,-1,0.000929,inf,SAFE_STAND,0.000000,0.041240,-0.157515,0.171422,0.000000,0.000000,0.000000,1.000000,0.500000
1782700160.872732,-1,0.000693,inf,SAFE_STAND,0.000000,0.041237,-0.157497,0.171406,0.000000,0.000000,0.000000,1.000000,0.500000
1782700160.892818,-1,0.000690,inf,SAFE_STAND,0.000000,0.041236,-0.157450,0.171415,0.000000,0.000000,0.000000,1.000000,0.500000
1782700160.913471,-1,0.000971,inf,SAFE_STAND,0.000000,0.041227,-0.157437,0.171407,0.000000,0.000000,0.000000,1.000000,0.500000
1782700160.933530,-1,0.000942,inf,SAFE_STAND,0.000000,0.041227,-0.157416,0.171392,0.000000,0.000000,0.000000,1.000000,0.500000
1782700160.953681,-1,0.000710,inf,SAFE_STAND,0.000000,0.041236,-0.157441,0.171339,0.000000,0.000000,0.000000,1.000000,0.500000
1782700160.973540,-1,0.000483,inf,SAFE_STAND,0.000000,0.041238,-0.157462,0.171307,0.000000,0.000000,0.000000,1.000000,0.500000
1782700160.994153,-1,0.000581,inf,SAFE_STAND,0.000000,0.041219,-0.157431,0.171352,0.000000,0.000000,0.000000,1.000000,0.500000
1782700161.014113,-1,0.000475,inf,SAFE_STAND,0.000000,0.041224,-0.157392,0.171351,0.000000,0.000000,0.000000,1.000000,0.500000
1782700161.034170,-1,0.000451,inf,SAFE_STAND,0.000000,0.041253,-0.157408,0.171304,0.000000,0.000000,0.000000,1.000000,0.500000
1782700161.054605,-1,0.000474,inf,SAFE_STAND,0.000000,0.041276,-0.157401,0.171280,0.000000,0.000000,0.000000,1.000000,0.500000
1782700161.074738,-1,0.000401,inf,SAFE_STAND,0.000000,0.041281,-0.157434,0.171301,0.000000,0.000000,0.000000,1.000000,0.500000
1782700161.094867,-1,0.000462,inf,SAFE_STAND,0.000000,0.041283,-0.157459,0.171285,0.000000,0.000000,0.000000,1.000000,0.500000
1782700161.114952,-1,0.000477,inf,SAFE_STAND,0.000000,0.041307,-0.157432,0.171245,0.000000,0.000000,0.000000,1.000000,0.500000
1782700161.135010,-1,0.000464,inf,SAFE_STAND,0.000000,0.041312,-0.157435,0.171222,0.000000,0.000000,0.000000,1.000000,0.500000
1782700161.155031,-1,0.000413,inf,SAFE_STAND,0.000000,0.041305,-0.157365,0.171245,0.000000,0.000000,0.000000,1.000000,0.500000
1782700161.175638,-1,0.000485,inf,SAFE_STAND,0.000000,0.041317,-0.157394,0.171290,0.000000,0.000000,0.000000,1.000000,0.500000
1782700161.195853,-1,0.000617,6.667029,SAFE_STAND,0.000000,0.041287,-0.157361,0.171296,0.000000,0.000000,0.000000,1.000000,0.500000
1782700161.215735,-1,0.000423,inf,SAFE_STAND,0.000000,0.041274,-0.157350,0.171305,0.000000,0.000000,0.000000,1.000000,0.500000
1782700161.235848,-1,0.000465,inf,SAFE_STAND,0.000000,0.041283,-0.157314,0.171264,0.000000,0.000000,0.000000,1.000000,0.500000
1782700161.256292,-1,0.000631,inf,SAFE_STAND,0.000000,0.041304,-0.157276,0.171232,0.000000,0.000000,0.000000,1.000000,0.500000
1782700161.276477,-1,0.000412,inf,SAFE_STAND,0.000000,0.041310,-0.157219,0.171231,0.000000,0.000000,0.000000,1.000000,0.500000
1782700161.296592,-1,0.000457,inf,SAFE_STAND,0.000000,0.041318,-0.157208,0.171193,0.000000,0.000000,0.000000,1.000000,0.500000
1782700161.316848,-1,0.000644,inf,SAFE_STAND,0.000000,0.041324,-0.157191,0.171217,0.000000,0.000000,0.000000,1.000000,0.500000
1782700161.336958,-1,0.000682,inf,SAFE_STAND,0.000000,0.041347,-0.157159,0.171180,0.000000,0.000000,0.000000,1.000000,0.500000
1782700161.356988,-1,0.000638,inf,SAFE_STAND,0.000000,0.041349,-0.157131,0.171191,0.000000,0.000000,0.000000,1.000000,0.500000
1782700161.376996,-1,0.000412,inf,SAFE_STAND,0.000000,0.041346,-0.157130,0.171215,0.000000,0.000000,0.000000,1.000000,0.500000
1782700161.397154,-1,0.000500,inf,SAFE_STAND,0.000000,0.041334,-0.157133,0.171235,0.000000,0.000000,0.000000,1.000000,0.500000
1782700161.417363,-1,0.000390,inf,SAFE_STAND,0.000000,0.041319,-0.157125,0.171290,0.000000,0.000000,0.000000,1.000000,0.500000
1782700161.437781,-1,0.000439,inf,SAFE_STAND,0.000000,0.041310,-0.157117,0.171308,0.000000,0.000000,0.000000,1.000000,0.500000
1782700161.457953,-1,0.000480,inf,SAFE_STAND,0.000000,0.041335,-0.157108,0.171346,0.000000,0.000000,0.000000,1.000000,0.500000
1782700161.478057,-1,0.000458,inf,SAFE_STAND,0.000000,0.041306,-0.157084,0.171343,0.000000,0.000000,0.000000,1.000000,0.500000
1782700161.498140,-1,0.000430,inf,SAFE_STAND,0.000000,0.041318,-0.157120,0.171356,0.000000,0.000000,0.000000,1.000000,0.500000
1782700161.518505,-1,0.000430,inf,SAFE_STAND,0.000000,0.041320,-0.157103,0.171379,0.000000,0.000000,0.000000,1.000000,0.500000
1782700161.538639,-1,0.000439,inf,SAFE_STAND,0.000000,0.041320,-0.157099,0.171382,0.000000,0.000000,0.000000,1.000000,0.500000
1782700161.558775,-1,0.000428,inf,SAFE_STAND,0.000000,0.041309,-0.157093,0.171351,0.000000,0.000000,0.000000,1.000000,0.500000
1782700161.578902,-1,0.000429,inf,SAFE_STAND,0.000000,0.041325,-0.157065,0.171327,0.000000,0.000000,0.000000,1.000000,0.500000
1782700161.599300,-1,0.000463,inf,SAFE_STAND,0.000000,0.041325,-0.157052,0.171334,0.000000,0.000000,0.000000,1.000000,0.500000
1782700161.619404,-1,0.000440,inf,SAFE_STAND,0.000000,0.041335,-0.157066,0.171302,0.000000,0.000000,0.000000,1.000000,0.500000
1782700161.639623,-1,0.000431,inf,SAFE_STAND,0.000000,0.041328,-0.157063,0.171266,0.000000,0.000000,0.000000,1.000000,0.500000
1782700161.660119,-1,0.000783,inf,SAFE_STAND,0.000000,0.041358,-0.157051,0.171272,0.000000,0.000000,0.000000,1.000000,0.500000
1782700161.680158,-1,0.000688,inf,SAFE_STAND,0.000000,0.041379,-0.157043,0.171273,0.000000,0.000000,0.000000,1.000000,0.500000
1782700161.700443,-1,0.000708,7.171607,SAFE_STAND,0.000000,0.041358,-0.157055,0.171267,0.000000,0.000000,0.000000,1.000000,0.500000
1782700161.720212,-1,0.000402,inf,SAFE_STAND,0.000000,0.041330,-0.157088,0.171272,0.000000,0.000000,0.000000,1.000000,0.500000
1782700161.740546,-1,0.000439,inf,SAFE_STAND,0.000000,0.041342,-0.157110,0.171244,0.000000,0.000000,0.000000,1.000000,0.500000
1782700161.760888,-1,0.000701,inf,SAFE_STAND,0.000000,0.041336,-0.157061,0.171248,0.000000,0.000000,0.000000,1.000000,0.500000
1782700161.781093,-1,0.000824,inf,SAFE_STAND,0.000000,0.041321,-0.157068,0.171258,0.000000,0.000000,0.000000,1.000000,0.500000
1782700161.800998,-1,0.000447,inf,SAFE_STAND,0.000000,0.041337,-0.157030,0.171265,0.000000,0.000000,0.000000,1.000000,0.500000
1782700161.821118,-1,0.000434,inf,SAFE_STAND,0.000000,0.041338,-0.157041,0.171294,0.000000,0.000000,0.000000,1.000000,0.500000
1782700161.841505,-1,0.000691,inf,SAFE_STAND,0.000000,0.041338,-0.157040,0.171336,0.000000,0.000000,0.000000,1.000000,0.500000
1782700161.861624,-1,0.000673,inf,SAFE_STAND,0.000000,0.041370,-0.157003,0.171377,0.000000,0.000000,0.000000,1.000000,0.500000
1782700161.881765,-1,0.000448,inf,SAFE_STAND,0.000000,0.041345,-0.156999,0.171373,0.000000,0.000000,0.000000,1.000000,0.500000
1782700161.901891,-1,0.000441,inf,SAFE_STAND,0.000000,0.041359,-0.156959,0.171352,0.000000,0.000000,0.000000,1.000000,0.500000
1782700161.922552,-1,0.000674,inf,SAFE_STAND,0.000000,0.041349,-0.156932,0.171392,0.000000,0.000000,0.000000,1.000000,0.500000
1782700161.942587,-1,0.000432,inf,SAFE_STAND,0.000000,0.041352,-0.156920,0.171408,0.000000,0.000000,0.000000,1.000000,0.500000
1782700161.962666,-1,0.000434,inf,SAFE_STAND,0.000000,0.041351,-0.156902,0.171420,0.000000,0.000000,0.000000,1.000000,0.500000
1782700161.982749,-1,0.000433,inf,SAFE_STAND,0.000000,0.041363,-0.156878,0.171387,0.000000,0.000000,0.000000,1.000000,0.500000
1782700162.003135,-1,0.000687,inf,SAFE_STAND,0.000000,0.041371,-0.156886,0.171395,0.000000,0.000000,0.000000,1.000000,0.500000
1782700162.023280,-1,0.000698,inf,SAFE_STAND,0.000000,0.041356,-0.156922,0.171371,0.000000,0.000000,0.000000,1.000000,0.500000
1782700162.043351,-1,0.000451,inf,SAFE_STAND,0.000000,0.041362,-0.156874,0.171369,0.000000,0.000000,0.000000,1.000000,0.500000
1782700162.063462,-1,0.000428,inf,SAFE_STAND,0.000000,0.041353,-0.156866,0.171374,0.000000,0.000000,0.000000,1.000000,0.500000
1782700162.083606,-1,0.000437,inf,SAFE_STAND,0.000000,0.041335,-0.156848,0.171451,0.000000,0.000000,0.000000,1.000000,0.500000
1782700162.104131,-1,0.000434,inf,SAFE_STAND,0.000000,0.041367,-0.156819,0.171477,0.000000,0.000000,0.000000,1.000000,0.500000
1782700162.124448,-1,0.000662,inf,SAFE_STAND,0.000000,0.041367,-0.156795,0.171522,0.000000,0.000000,0.000000,1.000000,0.500000
1782700162.144827,-1,0.000706,inf,SAFE_STAND,0.000000,0.041386,-0.156741,0.171505,0.000000,0.000000,0.000000,1.000000,0.500000
1782700162.164873,-1,0.000438,inf,SAFE_STAND,0.000000,0.041378,-0.156715,0.171500,0.000000,0.000000,0.000000,1.000000,0.500000
1782700162.185010,-1,0.000428,inf,SAFE_STAND,0.000000,0.041368,-0.156739,0.171561,0.000000,0.000000,0.000000,1.000000,0.500000
1782700162.205657,-1,0.000949,7.676588,SAFE_STAND,0.000000,0.041357,-0.156691,0.171564,0.000000,0.000000,0.000000,1.000000,0.500000
1782700162.225538,-1,0.000687,inf,SAFE_STAND,0.000000,0.041371,-0.156688,0.171566,0.000000,0.000000,0.000000,1.000000,0.500000
1782700162.245622,-1,0.000642,inf,SAFE_STAND,0.000000,0.041369,-0.156666,0.171568,0.000000,0.000000,0.000000,1.000000,0.500000
1782700162.265740,-1,0.000487,inf,SAFE_STAND,0.000000,0.041354,-0.156694,0.171567,0.000000,0.000000,0.000000,1.000000,0.500000
1782700162.285819,-1,0.000441,inf,SAFE_STAND,0.000000,0.041344,-0.156682,0.171553,0.000000,0.000000,0.000000,1.000000,0.500000
1782700162.306210,-1,0.000688,inf,SAFE_STAND,0.000000,0.041350,-0.156685,0.171585,0.000000,0.000000,0.000000,1.000000,0.500000
1782700162.326846,-1,0.001230,inf,SAFE_STAND,0.000000,0.041352,-0.156681,0.171587,0.000000,0.000000,0.000000,1.000000,0.500000
1782700162.346720,-1,0.000723,inf,SAFE_STAND,0.000000,0.041363,-0.156672,0.171575,0.000000,0.000000,0.000000,1.000000,0.500000
1782700162.366813,-1,0.000692,inf,SAFE_STAND,0.000000,0.041319,-0.156648,0.171610,0.000000,0.000000,0.000000,1.000000,0.500000
1782700162.387440,-1,0.000937,inf,SAFE_STAND,0.000000,0.041331,-0.156644,0.171611,0.000000,0.000000,0.000000,1.000000,0.500000
1782700162.407504,-1,0.000722,inf,SAFE_STAND,0.000000,0.041337,-0.156582,0.171588,0.000000,0.000000,0.000000,1.000000,0.500000
1782700162.427630,-1,0.000715,inf,SAFE_STAND,0.000000,0.041325,-0.156569,0.171590,0.000000,0.000000,0.000000,1.000000,0.500000
1782700162.447977,-1,0.000929,inf,SAFE_STAND,0.000000,0.041329,-0.156576,0.171645,0.000000,0.000000,0.000000,1.000000,0.500000
1782700162.468130,-1,0.000942,inf,SAFE_STAND,0.000000,0.041319,-0.156620,0.171602,0.000000,0.000000,0.000000,1.000000,0.500000
1782700162.488257,-1,0.000943,inf,SAFE_STAND,0.000000,0.041351,-0.156613,0.171646,0.000000,0.000000,0.000000,1.000000,0.500000
1782700162.508271,-1,0.000706,inf,SAFE_STAND,0.000000,0.041361,-0.156576,0.171622,0.000000,0.000000,0.000000,1.000000,0.500000
1782700162.528662,-1,0.000976,inf,SAFE_STAND,0.000000,0.041386,-0.156540,0.171592,0.000000,0.000000,0.000000,1.000000,0.500000
1782700162.548870,-1,0.001006,inf,SAFE_STAND,0.000000,0.041386,-0.156557,0.171581,0.000000,0.000000,0.000000,1.000000,0.500000
1782700162.568897,-1,0.000687,inf,SAFE_STAND,0.000000,0.041386,-0.156563,0.171637,0.000000,0.000000,0.000000,1.000000,0.500000
1782700162.589048,-1,0.000693,inf,SAFE_STAND,0.000000,0.041366,-0.156592,0.171653,0.000000,0.000000,0.000000,1.000000,0.500000
1782700162.609185,-1,0.000695,inf,SAFE_STAND,0.000000,0.041358,-0.156613,0.171638,0.000000,0.000000,0.000000,1.000000,0.500000
1782700162.629779,-1,0.000905,inf,SAFE_STAND,0.000000,0.041366,-0.156619,0.171633,0.000000,0.000000,0.000000,1.000000,0.500000
1782700162.649953,-1,0.000693,inf,SAFE_STAND,0.000000,0.041370,-0.156617,0.171656,0.000000,0.000000,0.000000,1.000000,0.500000
1782700162.670373,-1,0.000969,inf,SAFE_STAND,0.000000,0.041367,-0.156637,0.171624,0.000000,0.000000,0.000000,1.000000,0.500000
1782700162.690484,-1,0.000947,inf,SAFE_STAND,0.000000,0.041379,-0.156592,0.171594,0.000000,0.000000,0.000000,1.000000,0.500000
1782700162.710870,-1,0.000989,8.181814,SAFE_STAND,0.000000,0.041387,-0.156590,0.171595,0.000000,0.000000,0.000000,1.000000,0.500000
1782700162.730719,-1,0.000700,inf,SAFE_STAND,0.000000,0.041383,-0.156643,0.171608,0.000000,0.000000,0.000000,1.000000,0.500000
1782700162.751320,-1,0.000927,inf,SAFE_STAND,0.000000,0.041374,-0.156642,0.171692,0.000000,0.000000,0.000000,1.000000,0.500000
1782700162.771435,-1,0.000917,inf,SAFE_STAND,0.000000,0.041358,-0.156666,0.171699,0.000000,0.000000,0.000000,1.000000,0.500000
1782700162.791518,-1,0.000695,inf,SAFE_STAND,0.000000,0.041389,-0.156611,0.171677,0.000000,0.000000,0.000000,1.000000,0.500000
1782700162.812124,-1,0.000912,inf,SAFE_STAND,0.000000,0.041377,-0.156617,0.171693,0.000000,0.000000,0.000000,1.000000,0.500000
1782700162.832337,-1,0.000689,inf,SAFE_STAND,0.000000,0.041352,-0.156661,0.171715,0.000000,0.000000,0.000000,1.000000,0.500000
1782700162.852931,-1,0.000919,inf,SAFE_STAND,0.000000,0.041393,-0.156630,0.171679,0.000000,0.000000,0.000000,1.000000,0.500000
1782700162.873103,-1,0.000927,inf,SAFE_STAND,0.000000,0.041395,-0.156633,0.171673,0.000000,0.000000,0.000000,1.000000,0.500000
1782700162.893174,-1,0.000688,inf,SAFE_STAND,0.000000,0.041384,-0.156598,0.171682,0.000000,0.000000,0.000000,1.000000,0.500000
1782700162.913304,-1,0.000687,inf,SAFE_STAND,0.000000,0.041379,-0.156553,0.171637,0.000000,0.000000,0.000000,1.000000,0.500000
1782700162.933874,-1,0.000915,inf,SAFE_STAND,0.000000,0.041364,-0.156536,0.171639,0.000000,0.000000,0.000000,1.000000,0.500000
1782700162.953952,-1,0.000703,inf,SAFE_STAND,0.000000,0.041360,-0.156550,0.171636,0.000000,0.000000,0.000000,1.000000,0.500000
1782700162.974105,-1,0.000720,inf,SAFE_STAND,0.000000,0.041352,-0.156515,0.171568,0.000000,0.000000,0.000000,1.000000,0.500000
1782700162.994734,-1,0.000962,inf,SAFE_STAND,0.000000,0.041364,-0.156503,0.171607,0.000000,0.000000,0.000000,1.000000,0.500000
1782700163.014815,-1,0.000690,inf,SAFE_STAND,0.000000,0.041347,-0.156514,0.171616,0.000000,0.000000,0.000000,1.000000,0.500000
1782700163.035471,-1,0.000933,inf,SAFE_STAND,0.000000,0.041340,-0.156490,0.171595,0.000000,0.000000,0.000000,1.000000,0.500000
1782700163.055586,-1,0.000922,inf,SAFE_STAND,0.000000,0.041374,-0.156487,0.171610,0.000000,0.000000,0.000000,1.000000,0.500000
1782700163.075595,-1,0.000692,inf,SAFE_STAND,0.000000,0.041363,-0.156516,0.171582,0.000000,0.000000,0.000000,1.000000,0.500000
1782700163.095983,-1,0.000953,inf,SAFE_STAND,0.000000,0.041336,-0.156484,0.171625,0.000000,0.000000,0.000000,1.000000,0.500000
1782700163.116120,-1,0.000943,inf,SAFE_STAND,0.000000,0.041340,-0.156496,0.171624,0.000000,0.000000,0.000000,1.000000,0.500000
1782700163.136239,-1,0.000929,inf,SAFE_STAND,0.000000,0.041338,-0.156504,0.171627,0.000000,0.000000,0.000000,1.000000,0.500000
1782700163.156370,-1,0.000920,inf,SAFE_STAND,0.000000,0.041339,-0.156520,0.171654,0.000000,0.000000,0.000000,1.000000,0.500000
