timestamp,frame_id,loop_dt,redis_age,mode,risk_score,roll,pitch,yaw,max_tracking_error,rms_tracking_error,max_torque_ratio,ramp,deploy_action_scale
1782448447.669534,-1,0.002314,74724.489006,SAFE_STAND,0.000000,0.003992,-0.012049,0.065147,0.000000,0.000000,0.000000,1.000000,0.050000
1782448447.688266,-1,0.000518,inf,SAFE_STAND,0.000000,0.003971,-0.012002,0.065102,0.000000,0.000000,0.000000,1.000000,0.050000
1782448447.708364,-1,0.000530,inf,SAFE_STAND,0.000000,0.003998,-0.012012,0.065115,0.000000,0.000000,0.000000,1.000000,0.050000
1782448447.728817,-1,0.000901,inf,SAFE_STAND,0.000000,0.003956,-0.011983,0.065099,0.000000,0.000000,0.000000,1.000000,0.050000
1782448447.748832,-1,0.000827,inf,SAFE_STAND,0.000000,0.003975,-0.011948,0.065123,0.000000,0.000000,0.000000,1.000000,0.050000
1782448447.768782,-1,0.000695,inf,SAFE_STAND,0.000000,0.003996,-0.011943,0.065094,0.000000,0.000000,0.000000,1.000000,0.050000
1782448447.788853,-1,0.000681,inf,SAFE_STAND,0.000000,0.004011,-0.011936,0.065139,0.000000,0.000000,0.000000,1.000000,0.050000
1782448447.808853,-1,0.000486,inf,SAFE_STAND,0.000000,0.004024,-0.011896,0.065109,0.000000,0.000000,0.000000,1.000000,0.050000
1782448447.828949,-1,0.000503,inf,SAFE_STAND,0.000000,0.004044,-0.011875,0.065105,0.000000,0.000000,0.000000,1.000000,0.050000
1782448447.849029,-1,0.000507,inf,SAFE_STAND,0.000000,0.004049,-0.011854,0.065123,0.000000,0.000000,0.000000,1.000000,0.050000
1782448447.869060,-1,0.000459,inf,SAFE_STAND,0.000000,0.004030,-0.011819,0.065078,0.000000,0.000000,0.000000,1.000000,0.050000
1782448447.889597,-1,0.000521,inf,SAFE_STAND,0.000000,0.004066,-0.011791,0.065083,0.000000,0.000000,0.000000,1.000000,0.050000
1782448447.909677,-1,0.000520,inf,SAFE_STAND,0.000000,0.004071,-0.011820,0.065085,0.000000,0.000000,0.000000,1.000000,0.050000
1782448447.929778,-1,0.000539,inf,SAFE_STAND,0.000000,0.004101,-0.011813,0.065093,0.000000,0.000000,0.000000,1.000000,0.050000
1782448447.950214,-1,0.000678,inf,SAFE_STAND,0.000000,0.004100,-0.011795,0.065092,0.000000,0.000000,0.000000,1.000000,0.050000
1782448447.970252,-1,0.000426,inf,SAFE_STAND,0.000000,0.004103,-0.011803,0.065092,0.000000,0.000000,0.000000,1.000000,0.050000
1782448447.990290,-1,0.000391,inf,SAFE_STAND,0.000000,0.004118,-0.011781,0.065103,0.000000,0.000000,0.000000,1.000000,0.050000
1782448448.010425,-1,0.000454,inf,SAFE_STAND,0.000000,0.004100,-0.011741,0.065093,0.000000,0.000000,0.000000,1.000000,0.050000
1782448448.030512,-1,0.000462,inf,SAFE_STAND,0.000000,0.004124,-0.011730,0.065095,0.000000,0.000000,0.000000,1.000000,0.050000
1782448448.050953,-1,0.000821,inf,SAFE_STAND,0.000000,0.004135,-0.011718,0.065126,0.000000,0.000000,0.000000,1.000000,0.050000
1782448448.070994,-1,0.000786,inf,SAFE_STAND,0.000000,0.004149,-0.011765,0.065183,0.000000,0.000000,0.000000,1.000000,0.050000
1782448448.090930,-1,0.000437,inf,SAFE_STAND,0.000000,0.004175,-0.011755,0.065166,0.000000,0.000000,0.000000,1.000000,0.050000
1782448448.111136,-1,0.000440,inf,SAFE_STAND,0.000000,0.004189,-0.011779,0.065180,0.000000,0.000000,0.000000,1.000000,0.050000
1782448448.131259,-1,0.000436,inf,SAFE_STAND,0.000000,0.004197,-0.011811,0.065207,0.000000,0.000000,0.000000,1.000000,0.050000
1782448448.151997,-1,0.000467,inf,SAFE_STAND,0.000000,0.004202,-0.011788,0.065235,0.000000,0.000000,0.000000,1.000000,0.050000
1782448448.172561,-1,0.000906,74724.992105,SAFE_STAND,0.000000,0.004193,-0.011769,0.065241,0.000000,0.000000,0.000000,1.000000,0.050000
1782448448.192459,-1,0.000728,inf,SAFE_STAND,0.000000,0.004200,-0.011772,0.065231,0.000000,0.000000,0.000000,1.000000,0.050000
1782448448.212520,-1,0.000705,inf,SAFE_STAND,0.000000,0.004216,-0.011797,0.065223,0.000000,0.000000,0.000000,1.000000,0.050000
1782448448.232523,-1,0.000434,inf,SAFE_STAND,0.000000,0.004233,-0.011798,0.065241,0.000000,0.000000,0.000000,1.000000,0.050000
1782448448.252651,-1,0.000487,inf,SAFE_STAND,0.000000,0.004227,-0.011837,0.065291,0.000000,0.000000,0.000000,1.000000,0.050000
1782448448.272684,-1,0.000446,inf,SAFE_STAND,0.000000,0.004238,-0.011784,0.065345,0.000000,0.000000,0.000000,1.000000,0.050000
1782448448.292731,-1,0.000452,inf,SAFE_STAND,0.000000,0.004238,-0.011819,0.065398,0.000000,0.000000,0.000000,1.000000,0.050000
1782448448.313125,-1,0.000445,inf,SAFE_STAND,0.000000,0.004256,-0.011806,0.065495,0.000000,0.000000,0.000000,1.000000,0.050000
1782448448.333285,-1,0.000444,inf,SAFE_STAND,0.000000,0.004244,-0.011776,0.065491,0.000000,0.000000,0.000000,1.000000,0.050000
1782448448.353401,-1,0.000486,inf,SAFE_STAND,0.000000,0.004242,-0.011771,0.065516,0.000000,0.000000,0.000000,1.000000,0.050000
1782448448.373463,-1,0.000471,inf,SAFE_STAND,0.000000,0.004250,-0.011773,0.065487,0.000000,0.000000,0.000000,1.000000,0.050000
1782448448.393935,-1,0.000658,inf,SAFE_STAND,0.000000,0.004270,-0.011726,0.065483,0.000000,0.000000,0.000000,1.000000,0.050000
1782448448.414016,-1,0.000659,inf,SAFE_STAND,0.000000,0.004289,-0.011722,0.065487,0.000000,0.000000,0.000000,1.000000,0.050000
1782448448.434027,-1,0.000440,inf,SAFE_STAND,0.000000,0.004278,-0.011711,0.065524,0.000000,0.000000,0.000000,1.000000,0.050000
1782448448.454407,-1,0.000744,inf,SAFE_STAND,0.000000,0.004273,-0.011703,0.065521,0.000000,0.000000,0.000000,1.000000,0.050000
1782448448.474207,-1,0.000449,inf,SAFE_STAND,0.000000,0.004304,-0.011667,0.065546,0.000000,0.000000,0.000000,1.000000,0.050000
1782448448.494712,-1,0.000658,inf,SAFE_STAND,0.000000,0.004298,-0.011691,0.065569,0.000000,0.000000,0.000000,1.000000,0.050000
1782448448.514696,-1,0.000481,inf,SAFE_STAND,0.000000,0.004320,-0.011654,0.065548,0.000000,0.000000,0.000000,1.000000,0.050000
1782448448.534717,-1,0.000423,inf,SAFE_STAND,0.000000,0.004328,-0.011648,0.065583,0.000000,0.000000,0.000000,1.000000,0.050000
1782448448.554860,-1,0.000481,inf,SAFE_STAND,0.000000,0.004314,-0.011652,0.065593,0.000000,0.000000,0.000000,1.000000,0.050000
1782448448.574935,-1,0.000466,inf,SAFE_STAND,0.000000,0.004292,-0.011698,0.065595,0.000000,0.000000,0.000000,1.000000,0.050000
1782448448.595454,-1,0.000893,inf,SAFE_STAND,0.000000,0.004310,-0.011729,0.065613,0.000000,0.000000,0.000000,1.000000,0.050000
1782448448.615290,-1,0.000652,inf,SAFE_STAND,0.000000,0.004316,-0.011714,0.065642,0.000000,0.000000,0.000000,1.000000,0.050000
1782448448.635322,-1,0.000470,inf,SAFE_STAND,0.000000,0.004326,-0.011754,0.065635,0.000000,0.000000,0.000000,1.000000,0.050000
1782448448.655385,-1,0.000457,inf,SAFE_STAND,0.000000,0.004327,-0.011736,0.065680,0.000000,0.000000,0.000000,1.000000,0.050000
1782448448.676185,-1,0.000945,74725.495435,SAFE_STAND,0.000000,0.004339,-0.011744,0.065727,0.000000,0.000000,0.000000,1.000000,0.050000
1782448448.696083,-1,0.000759,inf,SAFE_STAND,0.000000,0.004357,-0.011739,0.065790,0.000000,0.000000,0.000000,1.000000,0.050000
1782448448.716087,-1,0.000487,inf,SAFE_STAND,0.000000,0.004352,-0.011785,0.065833,0.000000,0.000000,0.000000,1.000000,0.050000
1782448448.736215,-1,0.000535,inf,SAFE_STAND,0.000000,0.004352,-0.011824,0.065888,0.000000,0.000000,0.000000,1.000000,0.050000
1782448448.756227,-1,0.000463,inf,SAFE_STAND,0.000000,0.004363,-0.011855,0.065874,0.000000,0.000000,0.000000,1.000000,0.050000
1782448448.776300,-1,0.000460,inf,SAFE_STAND,0.000000,0.004376,-0.011885,0.065913,0.000000,0.000000,0.000000,1.000000,0.050000
1782448448.796628,-1,0.000705,inf,SAFE_STAND,0.000000,0.004384,-0.011905,0.065874,0.000000,0.000000,0.000000,1.000000,0.050000
1782448448.816480,-1,0.000476,inf,SAFE_STAND,0.000000,0.004377,-0.011892,0.065867,0.000000,0.000000,0.000000,1.000000,0.050000
1782448448.836966,-1,0.000467,inf,SAFE_STAND,0.000000,0.004391,-0.011819,0.065842,0.000000,0.000000,0.000000,1.000000,0.050000
1782448448.857338,-1,0.000762,inf,SAFE_STAND,0.000000,0.004375,-0.011810,0.065840,0.000000,0.000000,0.000000,1.000000,0.050000
1782448448.877460,-1,0.000747,inf,SAFE_STAND,0.000000,0.004363,-0.011836,0.065890,0.000000,0.000000,0.000000,1.000000,0.050000
1782448448.897561,-1,0.000446,inf,SAFE_STAND,0.000000,0.004340,-0.011851,0.065914,0.000000,0.000000,0.000000,1.000000,0.050000
1782448448.917723,-1,0.000480,inf,SAFE_STAND,0.000000,0.004338,-0.011859,0.065910,0.000000,0.000000,0.000000,1.000000,0.050000
1782448448.938313,-1,0.000682,inf,SAFE_STAND,0.000000,0.004354,-0.011823,0.065905,0.000000,0.000000,0.000000,1.000000,0.050000
1782448448.958261,-1,0.000475,inf,SAFE_STAND,0.000000,0.004357,-0.011841,0.065902,0.000000,0.000000,0.000000,1.000000,0.050000
1782448448.978294,-1,0.000427,inf,SAFE_STAND,0.000000,0.004358,-0.011848,0.065911,0.000000,0.000000,0.000000,1.000000,0.050000
1782448448.998362,-1,0.000419,inf,SAFE_STAND,0.000000,0.004372,-0.011847,0.065890,0.000000,0.000000,0.000000,1.000000,0.050000
1782448449.018454,-1,0.000435,inf,SAFE_STAND,0.000000,0.004373,-0.011824,0.065892,0.000000,0.000000,0.000000,1.000000,0.050000
1782448449.038531,-1,0.000434,inf,SAFE_STAND,0.000000,0.004379,-0.011807,0.065845,0.000000,0.000000,0.000000,1.000000,0.050000
1782448449.058851,-1,0.000676,inf,SAFE_STAND,0.000000,0.004407,-0.011791,0.065853,0.000000,0.000000,0.000000,1.000000,0.050000
1782448449.078860,-1,0.000611,inf,SAFE_STAND,0.000000,0.004413,-0.011809,0.065845,0.000000,0.000000,0.000000,1.000000,0.050000
1782448449.098748,-1,0.000429,inf,SAFE_STAND,0.000000,0.004438,-0.011834,0.065874,0.000000,0.000000,0.000000,1.000000,0.050000
1782448449.118884,-1,0.000405,inf,SAFE_STAND,0.000000,0.004440,-0.011810,0.065867,0.000000,0.000000,0.000000,1.000000,0.050000
1782448449.138987,-1,0.000434,inf,SAFE_STAND,0.000000,0.004443,-0.011808,0.065840,0.000000,0.000000,0.000000,1.000000,0.050000
1782448449.159061,-1,0.000437,inf,SAFE_STAND,0.000000,0.004459,-0.011771,0.065812,0.000000,0.000000,0.000000,1.000000,0.050000
1782448449.179563,-1,0.000861,74725.998860,SAFE_STAND,0.000000,0.004492,-0.011816,0.065869,0.000000,0.000000,0.000000,1.000000,0.050000
1782448449.199490,-1,0.000705,inf,SAFE_STAND,0.000000,0.004505,-0.011805,0.065878,0.000000,0.000000,0.000000,1.000000,0.050000
1782448449.219603,-1,0.000734,inf,SAFE_STAND,0.000000,0.004479,-0.011829,0.065895,0.000000,0.000000,0.000000,1.000000,0.050000
1782448449.239543,-1,0.000421,inf,SAFE_STAND,0.000000,0.004479,-0.011800,0.065887,0.000000,0.000000,0.000000,1.000000,0.050000
1782448449.259642,-1,0.000447,inf,SAFE_STAND,0.000000,0.004467,-0.011807,0.065847,0.000000,0.000000,0.000000,1.000000,0.050000
1782448449.279731,-1,0.000462,inf,SAFE_STAND,0.000000,0.004459,-0.011828,0.065860,0.000000,0.000000,0.000000,1.000000,0.050000
1782448449.300174,-1,0.000618,inf,SAFE_STAND,0.000000,0.004477,-0.011815,0.065868,0.000000,0.000000,0.000000,1.000000,0.050000
1782448449.320431,-1,0.000805,inf,SAFE_STAND,0.000000,0.004455,-0.011853,0.065887,0.000000,0.000000,0.000000,1.000000,0.050000
1782448449.340463,-1,0.000464,inf,SAFE_STAND,0.000000,0.004448,-0.011915,0.065889,0.000000,0.000000,0.000000,1.000000,0.050000
1782448449.360525,-1,0.000450,inf,SAFE_STAND,0.000000,0.004443,-0.011915,0.065902,0.000000,0.000000,0.000000,1.000000,0.050000
1782448449.381165,-1,0.000447,inf,SAFE_STAND,0.000000,0.004431,-0.011962,0.065944,0.000000,0.000000,0.000000,1.000000,0.050000
1782448449.401209,-1,0.000420,inf,SAFE_STAND,0.000000,0.004421,-0.011982,0.065913,0.000000,0.000000,0.000000,1.000000,0.050000
1782448449.421303,-1,0.000442,inf,SAFE_STAND,0.000000,0.004411,-0.011964,0.065929,0.000000,0.000000,0.000000,1.000000,0.050000
1782448449.441878,-1,0.000726,inf,SAFE_STAND,0.000000,0.004417,-0.011932,0.065897,0.000000,0.000000,0.000000,1.000000,0.050000
1782448449.461884,-1,0.000500,inf,SAFE_STAND,0.000000,0.004399,-0.011898,0.065935,0.000000,0.000000,0.000000,1.000000,0.050000
1782448449.481892,-1,0.000439,inf,SAFE_STAND,0.000000,0.004385,-0.011854,0.065925,0.000000,0.000000,0.000000,1.000000,0.050000
1782448449.501988,-1,0.000461,inf,SAFE_STAND,0.000000,0.004390,-0.011862,0.065929,0.000000,0.000000,0.000000,1.000000,0.050000
1782448449.522080,-1,0.000479,inf,SAFE_STAND,0.000000,0.004385,-0.011915,0.065924,0.000000,0.000000,0.000000,1.000000,0.050000
1782448449.542497,-1,0.000814,inf,SAFE_STAND,0.000000,0.004360,-0.011914,0.065939,0.000000,0.000000,0.000000,1.000000,0.050000
1782448449.562533,-1,0.000440,inf,SAFE_STAND,0.000000,0.004376,-0.011904,0.065950,0.000000,0.000000,0.000000,1.000000,0.050000
1782448449.582725,-1,0.000480,inf,SAFE_STAND,0.000000,0.004380,-0.011898,0.065931,0.000000,0.000000,0.000000,1.000000,0.050000
1782448449.602781,-1,0.000455,inf,SAFE_STAND,0.000000,0.004379,-0.011900,0.065971,0.000000,0.000000,0.000000,1.000000,0.050000
1782448449.623603,-1,0.000728,inf,SAFE_STAND,0.000000,0.004378,-0.011889,0.065968,0.000000,0.000000,0.000000,1.000000,0.050000
1782448449.643721,-1,0.000709,inf,SAFE_STAND,0.000000,0.004379,-0.011858,0.066004,0.000000,0.000000,0.000000,1.000000,0.050000
1782448449.664376,-1,0.000963,inf,SAFE_STAND,0.000000,0.004370,-0.011865,0.066015,0.000000,0.000000,0.000000,1.000000,0.050000
1782448449.684921,-1,0.001188,74726.503965,SAFE_STAND,0.000000,0.004370,-0.011865,0.066049,0.000000,0.000000,0.000000,1.000000,0.050000
1782448449.704638,-1,0.000775,inf,SAFE_STAND,0.000000,0.004402,-0.011846,0.066035,0.000000,0.000000,0.000000,1.000000,0.050000
1782448449.725379,-1,0.001165,inf,SAFE_STAND,0.000000,0.004412,-0.011839,0.066054,0.000000,0.000000,0.000000,1.000000,0.050000
1782448449.745805,-1,0.001059,inf,SAFE_STAND,0.000000,0.004427,-0.011838,0.066084,0.000000,0.000000,0.000000,1.000000,0.050000
1782448449.765865,-1,0.000984,inf,SAFE_STAND,0.000000,0.004421,-0.011870,0.066084,0.000000,0.000000,0.000000,1.000000,0.050000
1782448449.785756,-1,0.000781,inf,SAFE_STAND,0.000000,0.004440,-0.011860,0.066082,0.000000,0.000000,0.000000,1.000000,0.050000
1782448449.805782,-1,0.000727,inf,SAFE_STAND,0.000000,0.004464,-0.011852,0.066113,0.000000,0.000000,0.000000,1.000000,0.050000
1782448449.825737,-1,0.000499,inf,SAFE_STAND,0.000000,0.004467,-0.011885,0.066129,0.000000,0.000000,0.000000,1.000000,0.050000
1782448449.845882,-1,0.000534,inf,SAFE_STAND,0.000000,0.004448,-0.011871,0.066107,0.000000,0.000000,0.000000,1.000000,0.050000
1782448449.865928,-1,0.000499,inf,SAFE_STAND,0.000000,0.004419,-0.011919,0.066092,0.000000,0.000000,0.000000,1.000000,0.050000
1782448449.886459,-1,0.000726,inf,SAFE_STAND,0.000000,0.004408,-0.011885,0.066107,0.000000,0.000000,0.000000,1.000000,0.050000
1782448449.906438,-1,0.000450,inf,SAFE_STAND,0.000000,0.004372,-0.011895,0.066087,0.000000,0.000000,0.000000,1.000000,0.050000
1782448449.926620,-1,0.000555,inf,SAFE_STAND,0.000000,0.004369,-0.011902,0.066065,0.000000,0.000000,0.000000,1.000000,0.050000
1782448449.947439,-1,0.000936,inf,SAFE_STAND,0.000000,0.004369,-0.011969,0.066064,0.000000,0.000000,0.000000,1.000000,0.050000
1782448449.967423,-1,0.000472,inf,SAFE_STAND,0.000000,0.004348,-0.012037,0.066054,0.000000,0.000000,0.000000,1.000000,0.050000
1782448449.987473,-1,0.000437,inf,SAFE_STAND,0.000000,0.004313,-0.012074,0.066094,0.000000,0.000000,0.000000,1.000000,0.050000
1782448450.007559,-1,0.000447,inf,SAFE_STAND,0.000000,0.004316,-0.012080,0.066071,0.000000,0.000000,0.000000,1.000000,0.050000
1782448450.027887,-1,0.000416,inf,SAFE_STAND,0.000000,0.004305,-0.012119,0.066037,0.000000,0.000000,0.000000,1.000000,0.050000
1782448450.048058,-1,0.000456,inf,SAFE_STAND,0.000000,0.004302,-0.012110,0.066056,0.000000,0.000000,0.000000,1.000000,0.050000
1782448450.068093,-1,0.000419,inf,SAFE_STAND,0.000000,0.004298,-0.012090,0.066004,0.000000,0.000000,0.000000,1.000000,0.050000
1782448450.088138,-1,0.000390,inf,SAFE_STAND,0.000000,0.004323,-0.012112,0.066007,0.000000,0.000000,0.000000,1.000000,0.050000
1782448450.108218,-1,0.000399,inf,SAFE_STAND,0.000000,0.004303,-0.012140,0.066014,0.000000,0.000000,0.000000,1.000000,0.050000
1782448450.128741,-1,0.000631,inf,SAFE_STAND,0.000000,0.004294,-0.012141,0.066021,0.000000,0.000000,0.000000,1.000000,0.050000
1782448450.148692,-1,0.000469,inf,SAFE_STAND,0.000000,0.004297,-0.012128,0.065986,0.000000,0.000000,0.000000,1.000000,0.050000
1782448450.168709,-1,0.000407,inf,SAFE_STAND,0.000000,0.004286,-0.012160,0.065951,0.000000,0.000000,0.000000,1.000000,0.050000
1782448450.188940,-1,0.000568,74727.008483,SAFE_STAND,0.000000,0.004259,-0.012159,0.065896,0.000000,0.000000,0.000000,1.000000,0.050000
1782448450.209356,-1,0.000685,inf,SAFE_STAND,0.000000,0.004247,-0.012195,0.065903,0.000000,0.000000,0.000000,1.000000,0.050000
1782448450.229461,-1,0.000707,inf,SAFE_STAND,0.000000,0.004246,-0.012182,0.065856,0.000000,0.000000,0.000000,1.000000,0.050000
1782448450.249475,-1,0.000491,inf,SAFE_STAND,0.000000,0.004215,-0.012167,0.065810,0.000000,0.000000,0.000000,1.000000,0.050000
1782448450.269537,-1,0.000476,inf,SAFE_STAND,0.000000,0.004222,-0.012220,0.065829,0.000000,0.000000,0.000000,1.000000,0.050000
1782448450.289591,-1,0.000456,inf,SAFE_STAND,0.000000,0.004214,-0.012204,0.065807,0.000000,0.000000,0.000000,1.000000,0.050000
1782448450.310033,-1,0.000824,inf,SAFE_STAND,0.000000,0.004188,-0.012195,0.065774,0.000000,0.000000,0.000000,1.000000,0.050000
1782448450.330394,-1,0.001019,inf,SAFE_STAND,0.000000,0.004209,-0.012225,0.065850,0.000000,0.000000,0.000000,1.000000,0.050000
1782448450.350265,-1,0.000736,inf,SAFE_STAND,0.000000,0.004208,-0.012275,0.065867,0.000000,0.000000,0.000000,1.000000,0.050000
1782448450.370356,-1,0.000737,inf,SAFE_STAND,0.000000,0.004211,-0.012213,0.065856,0.000000,0.000000,0.000000,1.000000,0.050000
1782448450.390852,-1,0.001106,inf,SAFE_STAND,0.000000,0.004192,-0.012277,0.065904,0.000000,0.000000,0.000000,1.000000,0.050000
1782448450.410864,-1,0.001019,inf,SAFE_STAND,0.000000,0.004179,-0.012310,0.065921,0.000000,0.000000,0.000000,1.000000,0.050000
1782448450.431000,-1,0.000996,inf,SAFE_STAND,0.000000,0.004175,-0.012338,0.065919,0.000000,0.000000,0.000000,1.000000,0.050000
1782448450.450812,-1,0.000713,inf,SAFE_STAND,0.000000,0.004153,-0.012351,0.065909,0.000000,0.000000,0.000000,1.000000,0.050000
1782448450.470813,-1,0.000439,inf,SAFE_STAND,0.000000,0.004137,-0.012384,0.065888,0.000000,0.000000,0.000000,1.000000,0.050000
1782448450.490886,-1,0.000439,inf,SAFE_STAND,0.000000,0.004150,-0.012344,0.065884,0.000000,0.000000,0.000000,1.000000,0.050000
1782448450.511726,-1,0.000753,inf,SAFE_STAND,0.000000,0.004150,-0.012368,0.065863,0.000000,0.000000,0.000000,1.000000,0.050000
1782448450.531883,-1,0.000755,inf,SAFE_STAND,0.000000,0.004140,-0.012394,0.065857,0.000000,0.000000,0.000000,1.000000,0.050000
1782448450.552346,-1,0.000998,inf,SAFE_STAND,0.000000,0.004112,-0.012409,0.065788,0.000000,0.000000,0.000000,1.000000,0.050000
1782448450.572407,-1,0.000933,inf,SAFE_STAND,0.000000,0.004099,-0.012431,0.065786,0.000000,0.000000,0.000000,1.000000,0.050000
1782448450.592536,-1,0.000937,inf,SAFE_STAND,0.000000,0.004064,-0.012477,0.065802,0.000000,0.000000,0.000000,1.000000,0.050000
1782448450.612721,-1,0.000793,inf,SAFE_STAND,0.000000,0.004057,-0.012479,0.065738,0.000000,0.000000,0.000000,1.000000,0.050000
1782448450.633378,-1,0.001028,inf,SAFE_STAND,0.000000,0.004037,-0.012504,0.065711,0.000000,0.000000,0.000000,1.000000,0.050000
1782448450.653397,-1,0.000925,inf,SAFE_STAND,0.000000,0.004049,-0.012537,0.065657,0.000000,0.000000,0.000000,1.000000,0.050000
1782448450.673561,-1,0.000696,inf,SAFE_STAND,0.000000,0.004049,-0.012547,0.065638,0.000000,0.000000,0.000000,1.000000,0.050000
1782448450.694019,-1,0.000845,74727.513304,SAFE_STAND,0.000000,0.004045,-0.012579,0.065631,0.000000,0.000000,0.000000,1.000000,0.050000
1782448450.713964,-1,0.000711,inf,SAFE_STAND,0.000000,0.004064,-0.012551,0.065607,0.000000,0.000000,0.000000,1.000000,0.050000
1782448450.733992,-1,0.000510,inf,SAFE_STAND,0.000000,0.004057,-0.012580,0.065596,0.000000,0.000000,0.000000,1.000000,0.050000
1782448450.754026,-1,0.000467,inf,SAFE_STAND,0.000000,0.004050,-0.012580,0.065646,0.000000,0.000000,0.000000,1.000000,0.050000
1782448450.774144,-1,0.000510,inf,SAFE_STAND,0.000000,0.004053,-0.012601,0.065637,0.000000,0.000000,0.000000,1.000000,0.050000
1782448450.794574,-1,0.000643,inf,SAFE_STAND,0.000000,0.004063,-0.012566,0.065626,0.000000,0.000000,0.000000,1.000000,0.050000
1782448450.814712,-1,0.000702,inf,SAFE_STAND,0.000000,0.004084,-0.012518,0.065595,0.000000,0.000000,0.000000,1.000000,0.050000
1782448450.834536,-1,0.000439,inf,SAFE_STAND,0.000000,0.004032,-0.012512,0.065570,0.000000,0.000000,0.000000,1.000000,0.050000
1782448450.854730,-1,0.000559,inf,SAFE_STAND,0.000000,0.004017,-0.012539,0.065552,0.000000,0.000000,0.000000,1.000000,0.050000
1782448450.874734,-1,0.000480,inf,SAFE_STAND,0.000000,0.004050,-0.012532,0.065504,0.000000,0.000000,0.000000,1.000000,0.050000
1782448450.894732,-1,0.000404,inf,SAFE_STAND,0.000000,0.004033,-0.012570,0.065461,0.000000,0.000000,0.000000,1.000000,0.050000
1782448450.915040,-1,0.000640,inf,SAFE_STAND,0.000000,0.004004,-0.012665,0.065493,0.000000,0.000000,0.000000,1.000000,0.050000
1782448450.935167,-1,0.000691,inf,SAFE_STAND,0.000000,0.004014,-0.012647,0.065496,0.000000,0.000000,0.000000,1.000000,0.050000
1782448450.955162,-1,0.000604,inf,SAFE_STAND,0.000000,0.004038,-0.012700,0.065496,0.000000,0.000000,0.000000,1.000000,0.050000
1782448450.975200,-1,0.000443,inf,SAFE_STAND,0.000000,0.004022,-0.012688,0.065501,0.000000,0.000000,0.000000,1.000000,0.050000
1782448450.995331,-1,0.000505,inf,SAFE_STAND,0.000000,0.004004,-0.012686,0.065483,0.000000,0.000000,0.000000,1.000000,0.050000
1782448451.015302,-1,0.000396,inf,SAFE_STAND,0.000000,0.003990,-0.012645,0.065506,0.000000,0.000000,0.000000,1.000000,0.050000
1782448451.035408,-1,0.000434,inf,SAFE_STAND,0.000000,0.003976,-0.012675,0.065465,0.000000,0.000000,0.000000,1.000000,0.050000
1782448451.055680,-1,0.000632,inf,SAFE_STAND,0.000000,0.003957,-0.012725,0.065524,0.000000,0.000000,0.000000,1.000000,0.050000
1782448451.075774,-1,0.000654,inf,SAFE_STAND,0.000000,0.003958,-0.012697,0.065613,0.000000,0.000000,0.000000,1.000000,0.050000
1782448451.095806,-1,0.000433,inf,SAFE_STAND,0.000000,0.003948,-0.012748,0.065596,0.000000,0.000000,0.000000,1.000000,0.050000
1782448451.115846,-1,0.000403,inf,SAFE_STAND,0.000000,0.003951,-0.012773,0.065572,0.000000,0.000000,0.000000,1.000000,0.050000
1782448451.135921,-1,0.000409,inf,SAFE_STAND,0.000000,0.003949,-0.012762,0.065543,0.000000,0.000000,0.000000,1.000000,0.050000
1782448451.156044,-1,0.000461,inf,SAFE_STAND,0.000000,0.003948,-0.012752,0.065496,0.000000,0.000000,0.000000,1.000000,0.050000
1782448451.176342,-1,0.000675,inf,SAFE_STAND,0.000000,0.003931,-0.012764,0.065516,0.000000,0.000000,0.000000,1.000000,0.050000
1782448451.196589,-1,0.000847,74728.015885,SAFE_STAND,0.000000,0.003918,-0.012748,0.065503,0.000000,0.000000,0.000000,1.000000,0.050000
1782448451.216546,-1,0.000725,inf,SAFE_STAND,0.000000,0.003921,-0.012782,0.065487,0.000000,0.000000,0.000000,1.000000,0.050000
1782448451.236470,-1,0.000449,inf,SAFE_STAND,0.000000,0.003924,-0.012792,0.065475,0.000000,0.000000,0.000000,1.000000,0.050000
1782448451.256549,-1,0.000455,inf,SAFE_STAND,0.000000,0.003934,-0.012787,0.065455,0.000000,0.000000,0.000000,1.000000,0.050000
1782448451.276639,-1,0.000474,inf,SAFE_STAND,0.000000,0.003922,-0.012758,0.065448,0.000000,0.000000,0.000000,1.000000,0.050000
1782448451.296721,-1,0.000485,inf,SAFE_STAND,0.000000,0.003950,-0.012761,0.065431,0.000000,0.000000,0.000000,1.000000,0.050000
1782448451.317174,-1,0.000435,inf,SAFE_STAND,0.000000,0.003958,-0.012740,0.065381,0.000000,0.000000,0.000000,1.000000,0.050000
1782448451.337263,-1,0.000449,inf,SAFE_STAND,0.000000,0.003957,-0.012749,0.065338,0.000000,0.000000,0.000000,1.000000,0.050000
1782448451.357289,-1,0.000401,inf,SAFE_STAND,0.000000,0.003949,-0.012754,0.065346,0.000000,0.000000,0.000000,1.000000,0.050000
1782448451.377830,-1,0.000864,inf,SAFE_STAND,0.000000,0.003959,-0.012775,0.065343,0.000000,0.000000,0.000000,1.000000,0.050000
1782448451.397739,-1,0.000690,inf,SAFE_STAND,0.000000,0.003954,-0.012784,0.065330,0.000000,0.000000,0.000000,1.000000,0.050000
1782448451.417790,-1,0.000668,inf,SAFE_STAND,0.000000,0.003934,-0.012819,0.065333,0.000000,0.000000,0.000000,1.000000,0.050000
1782448451.437820,-1,0.000626,inf,SAFE_STAND,0.000000,0.003932,-0.012817,0.065309,0.000000,0.000000,0.000000,1.000000,0.050000
1782448451.457776,-1,0.000507,inf,SAFE_STAND,0.000000,0.003952,-0.012768,0.065258,0.000000,0.000000,0.000000,1.000000,0.050000
1782448451.477800,-1,0.000444,inf,SAFE_STAND,0.000000,0.003966,-0.012736,0.065240,0.000000,0.000000,0.000000,1.000000,0.050000
1782448451.497914,-1,0.000483,inf,SAFE_STAND,0.000000,0.003969,-0.012732,0.065234,0.000000,0.000000,0.000000,1.000000,0.050000
1782448451.518421,-1,0.000704,inf,SAFE_STAND,0.000000,0.003959,-0.012725,0.065194,0.000000,0.000000,0.000000,1.000000,0.050000
1782448451.538487,-1,0.000498,inf,SAFE_STAND,0.000000,0.003973,-0.012728,0.065173,0.000000,0.000000,0.000000,1.000000,0.050000
1782448451.558524,-1,0.000459,inf,SAFE_STAND,0.000000,0.003984,-0.012719,0.065163,0.000000,0.000000,0.000000,1.000000,0.050000
1782448451.578603,-1,0.000465,inf,SAFE_STAND,0.000000,0.003972,-0.012707,0.065159,0.000000,0.000000,0.000000,1.000000,0.050000
1782448451.598679,-1,0.000461,inf,SAFE_STAND,0.000000,0.003996,-0.012706,0.065133,0.000000,0.000000,0.000000,1.000000,0.050000
1782448451.619158,-1,0.000646,inf,SAFE_STAND,0.000000,0.003989,-0.012759,0.065157,0.000000,0.000000,0.000000,1.000000,0.050000
1782448451.639225,-1,0.000641,inf,SAFE_STAND,0.000000,0.003974,-0.012792,0.065219,0.000000,0.000000,0.000000,1.000000,0.050000
1782448451.659226,-1,0.000496,inf,SAFE_STAND,0.000000,0.003970,-0.012801,0.065233,0.000000,0.000000,0.000000,1.000000,0.050000
1782448451.679242,-1,0.000437,inf,SAFE_STAND,0.000000,0.003932,-0.012777,0.065231,0.000000,0.000000,0.000000,1.000000,0.050000
1782448451.699872,-1,0.000768,74728.519217,SAFE_STAND,0.000000,0.003934,-0.012833,0.065254,0.000000,0.000000,0.000000,1.000000,0.050000
1782448451.719889,-1,0.000709,inf,SAFE_STAND,0.000000,0.003958,-0.012875,0.065267,0.000000,0.000000,0.000000,1.000000,0.050000
1782448451.739974,-1,0.000708,inf,SAFE_STAND,0.000000,0.003948,-0.012942,0.065262,0.000000,0.000000,0.000000,1.000000,0.050000
1782448451.759988,-1,0.000483,inf,SAFE_STAND,0.000000,0.003947,-0.012955,0.065232,0.000000,0.000000,0.000000,1.000000,0.050000
1782448451.780040,-1,0.000458,inf,SAFE_STAND,0.000000,0.003947,-0.012912,0.065263,0.000000,0.000000,0.000000,1.000000,0.050000
1782448451.800108,-1,0.000452,inf,SAFE_STAND,0.000000,0.003963,-0.012892,0.065237,0.000000,0.000000,0.000000,1.000000,0.050000
1782448451.820144,-1,0.000415,inf,SAFE_STAND,0.000000,0.003961,-0.012875,0.065263,0.000000,0.000000,0.000000,1.000000,0.050000
1782448451.840673,-1,0.000869,inf,SAFE_STAND,0.000000,0.003956,-0.012885,0.065306,0.000000,0.000000,0.000000,1.000000,0.050000
1782448451.860587,-1,0.000485,inf,SAFE_STAND,0.000000,0.003988,-0.012889,0.065336,0.000000,0.000000,0.000000,1.000000,0.050000
1782448451.880648,-1,0.000466,inf,SAFE_STAND,0.000000,0.003989,-0.012853,0.065360,0.000000,0.000000,0.000000,1.000000,0.050000
1782448451.900891,-1,0.000416,inf,SAFE_STAND,0.000000,0.003975,-0.012841,0.065389,0.000000,0.000000,0.000000,1.000000,0.050000
1782448451.921270,-1,0.000426,inf,SAFE_STAND,0.000000,0.003978,-0.012801,0.065374,0.000000,0.000000,0.000000,1.000000,0.050000
1782448451.941535,-1,0.000493,inf,SAFE_STAND,0.000000,0.004015,-0.012791,0.065408,0.000000,0.000000,0.000000,1.000000,0.050000
1782448451.961931,-1,0.000809,inf,SAFE_STAND,0.000000,0.004025,-0.012759,0.065387,0.000000,0.000000,0.000000,1.000000,0.050000
1782448451.981882,-1,0.000680,inf,SAFE_STAND,0.000000,0.004071,-0.012739,0.065392,0.000000,0.000000,0.000000,1.000000,0.050000
1782448452.001941,-1,0.000663,inf,SAFE_STAND,0.000000,0.004066,-0.012746,0.065359,0.000000,0.000000,0.000000,1.000000,0.050000
1782448452.021969,-1,0.000620,inf,SAFE_STAND,0.000000,0.004054,-0.012782,0.065329,0.000000,0.000000,0.000000,1.000000,0.050000
1782448452.042069,-1,0.000434,inf,SAFE_STAND,0.000000,0.004060,-0.012776,0.065333,0.000000,0.000000,0.000000,1.000000,0.050000
1782448452.062124,-1,0.000415,inf,SAFE_STAND,0.000000,0.004053,-0.012780,0.065311,0.000000,0.000000,0.000000,1.000000,0.050000
1782448452.082206,-1,0.000422,inf,SAFE_STAND,0.000000,0.004042,-0.012777,0.065315,0.000000,0.000000,0.000000,1.000000,0.050000
1782448452.102265,-1,0.000410,inf,SAFE_STAND,0.000000,0.004069,-0.012737,0.065336,0.000000,0.000000,0.000000,1.000000,0.050000
1782448452.122799,-1,0.000663,inf,SAFE_STAND,0.000000,0.004084,-0.012684,0.065283,0.000000,0.000000,0.000000,1.000000,0.050000
1782448452.142895,-1,0.000458,inf,SAFE_STAND,0.000000,0.004072,-0.012669,0.065271,0.000000,0.000000,0.000000,1.000000,0.050000
1782448452.162955,-1,0.000444,inf,SAFE_STAND,0.000000,0.004057,-0.012678,0.065291,0.000000,0.000000,0.000000,1.000000,0.050000
1782448452.183035,-1,0.000438,inf,SAFE_STAND,0.000000,0.004076,-0.012675,0.065291,0.000000,0.000000,0.000000,1.000000,0.050000
1782448452.203664,-1,0.000775,74729.023192,SAFE_STAND,0.000000,0.004062,-0.012704,0.065284,0.000000,0.000000,0.000000,1.000000,0.050000
1782448452.223793,-1,0.000802,inf,SAFE_STAND,0.000000,0.004063,-0.012711,0.065264,0.000000,0.000000,0.000000,1.000000,0.050000
1782448452.244045,-1,0.000698,inf,SAFE_STAND,0.000000,0.004081,-0.012705,0.065239,0.000000,0.000000,0.000000,1.000000,0.050000
1782448452.264739,-1,0.000706,inf,SAFE_STAND,0.000000,0.004078,-0.012720,0.065217,0.000000,0.000000,0.000000,1.000000,0.050000
1782448452.285286,-1,0.000677,inf,SAFE_STAND,0.000000,0.004095,-0.012691,0.065208,0.000000,0.000000,0.000000,1.000000,0.050000
1782448452.305414,-1,0.000660,inf,SAFE_STAND,0.000000,0.004094,-0.012674,0.065214,0.000000,0.000000,0.000000,1.000000,0.050000
1782448452.325579,-1,0.000736,inf,SAFE_STAND,0.000000,0.004103,-0.012643,0.065202,0.000000,0.000000,0.000000,1.000000,0.050000
1782448452.346102,-1,0.000940,inf,SAFE_STAND,0.000000,0.004093,-0.012642,0.065206,0.000000,0.000000,0.000000,1.000000,0.050000
1782448452.366218,-1,0.000715,inf,SAFE_STAND,0.000000,0.004060,-0.012689,0.065188,0.000000,0.000000,0.000000,1.000000,0.050000
1782448452.386322,-1,0.000713,inf,SAFE_STAND,0.000000,0.004040,-0.012711,0.065180,0.000000,0.000000,0.000000,1.000000,0.050000
1782448452.406898,-1,0.000945,inf,SAFE_STAND,0.000000,0.004049,-0.012666,0.065171,0.000000,0.000000,0.000000,1.000000,0.050000
1782448452.426763,-1,0.000719,inf,SAFE_STAND,0.000000,0.004060,-0.012646,0.065156,0.000000,0.000000,0.000000,1.000000,0.050000
1782448452.447135,-1,0.000965,inf,SAFE_STAND,0.000000,0.004064,-0.012616,0.065109,0.000000,0.000000,0.000000,1.000000,0.050000
1782448452.467721,-1,0.000968,inf,SAFE_STAND,0.000000,0.004059,-0.012657,0.065084,0.000000,0.000000,0.000000,1.000000,0.050000
1782448452.487843,-1,0.000960,inf,SAFE_STAND,0.000000,0.004078,-0.012653,0.065111,0.000000,0.000000,0.000000,1.000000,0.050000
1782448452.508044,-1,0.000738,inf,SAFE_STAND,0.000000,0.004092,-0.012656,0.065163,0.000000,0.000000,0.000000,1.000000,0.050000
1782448452.528799,-1,0.001044,inf,SAFE_STAND,0.000000,0.004079,-0.012628,0.065155,0.000000,0.000000,0.000000,1.000000,0.050000
1782448452.548877,-1,0.000668,inf,SAFE_STAND,0.000000,0.004076,-0.012595,0.065147,0.000000,0.000000,0.000000,1.000000,0.050000
1782448452.569374,-1,0.000650,inf,SAFE_STAND,0.000000,0.004079,-0.012594,0.065177,0.000000,0.000000,0.000000,1.000000,0.050000
1782448452.589468,-1,0.000662,inf,SAFE_STAND,0.000000,0.004076,-0.012611,0.065215,0.000000,0.000000,0.000000,1.000000,0.050000
1782448452.609545,-1,0.000655,inf,SAFE_STAND,0.000000,0.004086,-0.012605,0.065243,0.000000,0.000000,0.000000,1.000000,0.050000
1782448452.629926,-1,0.000710,inf,SAFE_STAND,0.000000,0.004101,-0.012609,0.065239,0.000000,0.000000,0.000000,1.000000,0.050000
1782448452.649991,-1,0.000492,inf,SAFE_STAND,0.000000,0.004098,-0.012608,0.065242,0.000000,0.000000,0.000000,1.000000,0.050000
1782448452.670141,-1,0.000488,inf,SAFE_STAND,0.000000,0.004103,-0.012594,0.065255,0.000000,0.000000,0.000000,1.000000,0.050000
1782448452.690394,-1,0.000707,inf,SAFE_STAND,0.000000,0.004097,-0.012579,0.065250,0.000000,0.000000,0.000000,1.000000,0.050000
1782448452.710871,-1,0.001099,74729.529954,SAFE_STAND,0.000000,0.004109,-0.012536,0.065251,0.000000,0.000000,0.000000,1.000000,0.050000
1782448452.730779,-1,0.000919,inf,SAFE_STAND,0.000000,0.004114,-0.012556,0.065270,0.000000,0.000000,0.000000,1.000000,0.050000
1782448452.750889,-1,0.000923,inf,SAFE_STAND,0.000000,0.004129,-0.012522,0.065290,0.000000,0.000000,0.000000,1.000000,0.050000
1782448452.770911,-1,0.000668,inf,SAFE_STAND,0.000000,0.004140,-0.012486,0.065253,0.000000,0.000000,0.000000,1.000000,0.050000
1782448452.790985,-1,0.000655,inf,SAFE_STAND,0.000000,0.004147,-0.012456,0.065227,0.000000,0.000000,0.000000,1.000000,0.050000
1782448452.811750,-1,0.000928,inf,SAFE_STAND,0.000000,0.004169,-0.012472,0.065237,0.000000,0.000000,0.000000,1.000000,0.050000
1782448452.831689,-1,0.000678,inf,SAFE_STAND,0.000000,0.004188,-0.012489,0.065260,0.000000,0.000000,0.000000,1.000000,0.050000
1782448452.851864,-1,0.000716,inf,SAFE_STAND,0.000000,0.004195,-0.012453,0.065244,0.000000,0.000000,0.000000,1.000000,0.050000
1782448452.872216,-1,0.000931,inf,SAFE_STAND,0.000000,0.004188,-0.012459,0.065231,0.000000,0.000000,0.000000,1.000000,0.050000
1782448452.892352,-1,0.000945,inf,SAFE_STAND,0.000000,0.004211,-0.012489,0.065278,0.000000,0.000000,0.000000,1.000000,0.050000
1782448452.912443,-1,0.000686,inf,SAFE_STAND,0.000000,0.004193,-0.012529,0.065294,0.000000,0.000000,0.000000,1.000000,0.050000
1782448452.932564,-1,0.000679,inf,SAFE_STAND,0.000000,0.004187,-0.012510,0.065271,0.000000,0.000000,0.000000,1.000000,0.050000
1782448452.953197,-1,0.000926,inf,SAFE_STAND,0.000000,0.004191,-0.012480,0.065276,0.000000,0.000000,0.000000,1.000000,0.050000
1782448452.973330,-1,0.000936,inf,SAFE_STAND,0.000000,0.004211,-0.012486,0.065276,0.000000,0.000000,0.000000,1.000000,0.050000
1782448452.993204,-1,0.000683,inf,SAFE_STAND,0.000000,0.004205,-0.012510,0.065219,0.000000,0.000000,0.000000,1.000000,0.050000
1782448453.013885,-1,0.000896,inf,SAFE_STAND,0.000000,0.004183,-0.012517,0.065202,0.000000,0.000000,0.000000,1.000000,0.050000
1782448453.034010,-1,0.000864,inf,SAFE_STAND,0.000000,0.004180,-0.012517,0.065170,0.000000,0.000000,0.000000,1.000000,0.050000
1782448453.053859,-1,0.000464,inf,SAFE_STAND,0.000000,0.004200,-0.012462,0.065175,0.000000,0.000000,0.000000,1.000000,0.050000
1782448453.073870,-1,0.000417,inf,SAFE_STAND,0.000000,0.004171,-0.012453,0.065170,0.000000,0.000000,0.000000,1.000000,0.050000
1782448453.093912,-1,0.000390,inf,SAFE_STAND,0.000000,0.004168,-0.012441,0.065184,0.000000,0.000000,0.000000,1.000000,0.050000
1782448453.114018,-1,0.000421,inf,SAFE_STAND,0.000000,0.004145,-0.012460,0.065200,0.000000,0.000000,0.000000,1.000000,0.050000
1782448453.134517,-1,0.000633,inf,SAFE_STAND,0.000000,0.004132,-0.012478,0.065218,0.000000,0.000000,0.000000,1.000000,0.050000
1782448453.154602,-1,0.000492,inf,SAFE_STAND,0.000000,0.004126,-0.012489,0.065216,0.000000,0.000000,0.000000,1.000000,0.050000
1782448453.175057,-1,0.000870,inf,SAFE_STAND,0.000000,0.004115,-0.012469,0.065188,0.000000,0.000000,0.000000,1.000000,0.050000
1782448453.194990,-1,0.000722,inf,SAFE_STAND,0.000000,0.004128,-0.012468,0.065191,0.000000,0.000000,0.000000,1.000000,0.050000
1782448453.215148,-1,0.000806,74730.034474,SAFE_STAND,0.000000,0.004132,-0.012441,0.065190,0.000000,0.000000,0.000000,1.000000,0.050000
1782448453.235184,-1,0.000738,inf,SAFE_STAND,0.000000,0.004138,-0.012434,0.065203,0.000000,0.000000,0.000000,1.000000,0.050000
1782448453.255252,-1,0.000730,inf,SAFE_STAND,0.000000,0.004167,-0.012437,0.065215,0.000000,0.000000,0.000000,1.000000,0.050000
1782448453.275290,-1,0.000481,inf,SAFE_STAND,0.000000,0.004207,-0.012434,0.065230,0.000000,0.000000,0.000000,1.000000,0.050000
1782448453.295372,-1,0.000488,inf,SAFE_STAND,0.000000,0.004209,-0.012421,0.065218,0.000000,0.000000,0.000000,1.000000,0.050000
1782448453.315426,-1,0.000466,inf,SAFE_STAND,0.000000,0.004237,-0.012427,0.065249,0.000000,0.000000,0.000000,1.000000,0.050000
1782448453.335726,-1,0.000685,inf,SAFE_STAND,0.000000,0.004234,-0.012397,0.065237,0.000000,0.000000,0.000000,1.000000,0.050000
1782448453.355794,-1,0.000673,inf,SAFE_STAND,0.000000,0.004238,-0.012410,0.065227,0.000000,0.000000,0.000000,1.000000,0.050000
1782448453.375896,-1,0.000492,inf,SAFE_STAND,0.000000,0.004253,-0.012441,0.065241,0.000000,0.000000,0.000000,1.000000,0.050000
1782448453.395970,-1,0.000486,inf,SAFE_STAND,0.000000,0.004245,-0.012447,0.065248,0.000000,0.000000,0.000000,1.000000,0.050000
1782448453.416035,-1,0.000469,inf,SAFE_STAND,0.000000,0.004259,-0.012439,0.065274,0.000000,0.000000,0.000000,1.000000,0.050000
1782448453.436296,-1,0.000436,inf,SAFE_STAND,0.000000,0.004252,-0.012430,0.065260,0.000000,0.000000,0.000000,1.000000,0.050000
1782448453.456658,-1,0.000509,inf,SAFE_STAND,0.000000,0.004265,-0.012423,0.065271,0.000000,0.000000,0.000000,1.000000,0.050000
1782448453.476665,-1,0.000440,inf,SAFE_STAND,0.000000,0.004251,-0.012456,0.065316,0.000000,0.000000,0.000000,1.000000,0.050000
1782448453.496737,-1,0.000439,inf,SAFE_STAND,0.000000,0.004272,-0.012427,0.065292,0.000000,0.000000,0.000000,1.000000,0.050000
1782448453.516837,-1,0.000465,inf,SAFE_STAND,0.000000,0.004276,-0.012417,0.065265,0.000000,0.000000,0.000000,1.000000,0.050000
1782448453.537350,-1,0.000678,inf,SAFE_STAND,0.000000,0.004258,-0.012389,0.065268,0.000000,0.000000,0.000000,1.000000,0.050000
1782448453.557339,-1,0.000451,inf,SAFE_STAND,0.000000,0.004248,-0.012414,0.065248,0.000000,0.000000,0.000000,1.000000,0.050000
1782448453.577423,-1,0.000458,inf,SAFE_STAND,0.000000,0.004256,-0.012380,0.065227,0.000000,0.000000,0.000000,1.000000,0.050000
1782448453.597684,-1,0.000432,inf,SAFE_STAND,0.000000,0.004258,-0.012434,0.065201,0.000000,0.000000,0.000000,1.000000,0.050000
1782448453.617974,-1,0.000647,inf,SAFE_STAND,0.000000,0.004245,-0.012445,0.065185,0.000000,0.000000,0.000000,1.000000,0.050000
1782448453.638062,-1,0.000659,inf,SAFE_STAND,0.000000,0.004255,-0.012423,0.065186,0.000000,0.000000,0.000000,1.000000,0.050000
1782448453.658141,-1,0.000488,inf,SAFE_STAND,0.000000,0.004269,-0.012404,0.065172,0.000000,0.000000,0.000000,1.000000,0.050000
1782448453.678172,-1,0.000443,inf,SAFE_STAND,0.000000,0.004280,-0.012396,0.065164,0.000000,0.000000,0.000000,1.000000,0.050000
1782448453.698209,-1,0.000409,inf,SAFE_STAND,0.000000,0.004282,-0.012410,0.065153,0.000000,0.000000,0.000000,1.000000,0.050000
1782448453.718663,-1,0.000789,74730.538000,SAFE_STAND,0.000000,0.004272,-0.012397,0.065156,0.000000,0.000000,0.000000,1.000000,0.050000
1782448453.738625,-1,0.000674,inf,SAFE_STAND,0.000000,0.004256,-0.012421,0.065154,0.000000,0.000000,0.000000,1.000000,0.050000
1782448453.758659,-1,0.000634,inf,SAFE_STAND,0.000000,0.004242,-0.012423,0.065102,0.000000,0.000000,0.000000,1.000000,0.050000
1782448453.778740,-1,0.000519,inf,SAFE_STAND,0.000000,0.004254,-0.012433,0.065111,0.000000,0.000000,0.000000,1.000000,0.050000
1782448453.798730,-1,0.000432,inf,SAFE_STAND,0.000000,0.004238,-0.012464,0.065116,0.000000,0.000000,0.000000,1.000000,0.050000
1782448453.818807,-1,0.000433,inf,SAFE_STAND,0.000000,0.004259,-0.012476,0.065138,0.000000,0.000000,0.000000,1.000000,0.050000
1782448453.838873,-1,0.000427,inf,SAFE_STAND,0.000000,0.004281,-0.012453,0.065185,0.000000,0.000000,0.000000,1.000000,0.050000
1782448453.859360,-1,0.000479,inf,SAFE_STAND,0.000000,0.004270,-0.012456,0.065198,0.000000,0.000000,0.000000,1.000000,0.050000
1782448453.879408,-1,0.000448,inf,SAFE_STAND,0.000000,0.004249,-0.012503,0.065211,0.000000,0.000000,0.000000,1.000000,0.050000
1782448453.899465,-1,0.000428,inf,SAFE_STAND,0.000000,0.004260,-0.012529,0.065201,0.000000,0.000000,0.000000,1.000000,0.050000
1782448453.919543,-1,0.000424,inf,SAFE_STAND,0.000000,0.004280,-0.012566,0.065211,0.000000,0.000000,0.000000,1.000000,0.050000
1782448453.940056,-1,0.000643,inf,SAFE_STAND,0.000000,0.004303,-0.012567,0.065192,0.000000,0.000000,0.000000,1.000000,0.050000
1782448453.960041,-1,0.000485,inf,SAFE_STAND,0.000000,0.004319,-0.012555,0.065220,0.000000,0.000000,0.000000,1.000000,0.050000
1782448453.980204,-1,0.000572,inf,SAFE_STAND,0.000000,0.004333,-0.012532,0.065204,0.000000,0.000000,0.000000,1.000000,0.050000
1782448454.000128,-1,0.000410,inf,SAFE_STAND,0.000000,0.004334,-0.012480,0.065184,0.000000,0.000000,0.000000,1.000000,0.050000
1782448454.020199,-1,0.000400,inf,SAFE_STAND,0.000000,0.004340,-0.012500,0.065196,0.000000,0.000000,0.000000,1.000000,0.050000
1782448454.040317,-1,0.000447,inf,SAFE_STAND,0.000000,0.004329,-0.012529,0.065208,0.000000,0.000000,0.000000,1.000000,0.050000
1782448454.060824,-1,0.000438,inf,SAFE_STAND,0.000000,0.004305,-0.012560,0.065209,0.000000,0.000000,0.000000,1.000000,0.050000
1782448454.081227,-1,0.000745,inf,SAFE_STAND,0.000000,0.004322,-0.012573,0.065215,0.000000,0.000000,0.000000,1.000000,0.050000
1782448454.101732,-1,0.000898,inf,SAFE_STAND,0.000000,0.004288,-0.012593,0.065199,0.000000,0.000000,0.000000,1.000000,0.050000
1782448454.121897,-1,0.000931,inf,SAFE_STAND,0.000000,0.004266,-0.012625,0.065175,0.000000,0.000000,0.000000,1.000000,0.050000
1782448454.141906,-1,0.000750,inf,SAFE_STAND,0.000000,0.004281,-0.012597,0.065178,0.000000,0.000000,0.000000,1.000000,0.050000
1782448454.162577,-1,0.000938,inf,SAFE_STAND,0.000000,0.004281,-0.012628,0.065172,0.000000,0.000000,0.000000,1.000000,0.050000
1782448454.182706,-1,0.000976,inf,SAFE_STAND,0.000000,0.004290,-0.012670,0.065169,0.000000,0.000000,0.000000,1.000000,0.050000
1782448454.202789,-1,0.000714,inf,SAFE_STAND,0.000000,0.004273,-0.012658,0.065136,0.000000,0.000000,0.000000,1.000000,0.050000
1782448454.223648,-1,0.001192,74731.042948,SAFE_STAND,0.000000,0.004293,-0.012651,0.065141,0.000000,0.000000,0.000000,1.000000,0.050000
1782448454.243400,-1,0.000529,inf,SAFE_STAND,0.000000,0.004303,-0.012647,0.065192,0.000000,0.000000,0.000000,1.000000,0.050000
1782448454.263497,-1,0.000467,inf,SAFE_STAND,0.000000,0.004296,-0.012670,0.065208,0.000000,0.000000,0.000000,1.000000,0.050000
1782448454.283963,-1,0.000490,inf,SAFE_STAND,0.000000,0.004316,-0.012623,0.065201,0.000000,0.000000,0.000000,1.000000,0.050000
1782448454.303999,-1,0.000451,inf,SAFE_STAND,0.000000,0.004330,-0.012582,0.065213,0.000000,0.000000,0.000000,1.000000,0.050000
1782448454.324168,-1,0.000488,inf,SAFE_STAND,0.000000,0.004340,-0.012566,0.065174,0.000000,0.000000,0.000000,1.000000,0.050000
1782448454.344188,-1,0.000431,inf,SAFE_STAND,0.000000,0.004341,-0.012550,0.065185,0.000000,0.000000,0.000000,1.000000,0.050000
1782448454.364761,-1,0.000671,inf,SAFE_STAND,0.000000,0.004339,-0.012564,0.065221,0.000000,0.000000,0.000000,1.000000,0.050000
1782448454.384868,-1,0.000698,inf,SAFE_STAND,0.000000,0.004328,-0.012592,0.065256,0.000000,0.000000,0.000000,1.000000,0.050000
1782448454.404738,-1,0.000458,inf,SAFE_STAND,0.000000,0.004314,-0.012604,0.065237,0.000000,0.000000,0.000000,1.000000,0.050000
1782448454.424825,-1,0.000467,inf,SAFE_STAND,0.000000,0.004318,-0.012622,0.065258,0.000000,0.000000,0.000000,1.000000,0.050000
1782448454.444867,-1,0.000434,inf,SAFE_STAND,0.000000,0.004333,-0.012607,0.065262,0.000000,0.000000,0.000000,1.000000,0.050000
1782448454.465352,-1,0.000843,inf,SAFE_STAND,0.000000,0.004366,-0.012634,0.065290,0.000000,0.000000,0.000000,1.000000,0.050000
1782448454.485261,-1,0.000670,inf,SAFE_STAND,0.000000,0.004382,-0.012629,0.065282,0.000000,0.000000,0.000000,1.000000,0.050000
1782448454.505351,-1,0.000687,inf,SAFE_STAND,0.000000,0.004362,-0.012687,0.065289,0.000000,0.000000,0.000000,1.000000,0.050000
1782448454.525373,-1,0.000496,inf,SAFE_STAND,0.000000,0.004355,-0.012692,0.065266,0.000000,0.000000,0.000000,1.000000,0.050000
1782448454.545432,-1,0.000472,inf,SAFE_STAND,0.000000,0.004319,-0.012720,0.065266,0.000000,0.000000,0.000000,1.000000,0.050000
1782448454.565520,-1,0.000478,inf,SAFE_STAND,0.000000,0.004324,-0.012739,0.065275,0.000000,0.000000,0.000000,1.000000,0.050000
1782448454.585991,-1,0.000642,inf,SAFE_STAND,0.000000,0.004319,-0.012712,0.065310,0.000000,0.000000,0.000000,1.000000,0.050000
1782448454.606133,-1,0.000493,inf,SAFE_STAND,0.000000,0.004303,-0.012659,0.065329,0.000000,0.000000,0.000000,1.000000,0.050000
1782448454.626166,-1,0.000440,inf,SAFE_STAND,0.000000,0.004288,-0.012655,0.065365,0.000000,0.000000,0.000000,1.000000,0.050000
1782448454.646272,-1,0.000472,inf,SAFE_STAND,0.000000,0.004300,-0.012664,0.065408,0.000000,0.000000,0.000000,1.000000,0.050000
1782448454.666298,-1,0.000424,inf,SAFE_STAND,0.000000,0.004303,-0.012657,0.065380,0.000000,0.000000,0.000000,1.000000,0.050000
1782448454.686598,-1,0.000653,inf,SAFE_STAND,0.000000,0.004282,-0.012680,0.065355,0.000000,0.000000,0.000000,1.000000,0.050000
1782448454.706646,-1,0.000629,inf,SAFE_STAND,0.000000,0.004273,-0.012714,0.065366,0.000000,0.000000,0.000000,1.000000,0.050000
1782448454.726866,-1,0.000775,74731.546400,SAFE_STAND,0.000000,0.004278,-0.012745,0.065375,0.000000,0.000000,0.000000,1.000000,0.050000
1782448454.746800,-1,0.000542,inf,SAFE_STAND,0.000000,0.004282,-0.012739,0.065370,0.000000,0.000000,0.000000,1.000000,0.050000
1782448454.766802,-1,0.000461,inf,SAFE_STAND,0.000000,0.004276,-0.012760,0.065375,0.000000,0.000000,0.000000,1.000000,0.050000
1782448454.787056,-1,0.000426,inf,SAFE_STAND,0.000000,0.004267,-0.012747,0.065428,0.000000,0.000000,0.000000,1.000000,0.050000
1782448454.807596,-1,0.000660,inf,SAFE_STAND,0.000000,0.004284,-0.012786,0.065471,0.000000,0.000000,0.000000,1.000000,0.050000
1782448454.827451,-1,0.000428,inf,SAFE_STAND,0.000000,0.004257,-0.012758,0.065461,0.000000,0.000000,0.000000,1.000000,0.050000
1782448454.847557,-1,0.000461,inf,SAFE_STAND,0.000000,0.004261,-0.012745,0.065461,0.000000,0.000000,0.000000,1.000000,0.050000
1782448454.867596,-1,0.000427,inf,SAFE_STAND,0.000000,0.004284,-0.012747,0.065495,0.000000,0.000000,0.000000,1.000000,0.050000
1782448454.887888,-1,0.000641,inf,SAFE_STAND,0.000000,0.004273,-0.012755,0.065516,0.000000,0.000000,0.000000,1.000000,0.050000
1782448454.907999,-1,0.000659,inf,SAFE_STAND,0.000000,0.004266,-0.012744,0.065549,0.000000,0.000000,0.000000,1.000000,0.050000
1782448454.928030,-1,0.000618,inf,SAFE_STAND,0.000000,0.004272,-0.012758,0.065585,0.000000,0.000000,0.000000,1.000000,0.050000
1782448454.948088,-1,0.000448,inf,SAFE_STAND,0.000000,0.004263,-0.012730,0.065553,0.000000,0.000000,0.000000,1.000000,0.050000
1782448454.968121,-1,0.000406,inf,SAFE_STAND,0.000000,0.004232,-0.012730,0.065554,0.000000,0.000000,0.000000,1.000000,0.050000
1782448454.988199,-1,0.000414,inf,SAFE_STAND,0.000000,0.004225,-0.012752,0.065540,0.000000,0.000000,0.000000,1.000000,0.050000
1782448455.008240,-1,0.000387,inf,SAFE_STAND,0.000000,0.004214,-0.012758,0.065534,0.000000,0.000000,0.000000,1.000000,0.050000
1782448455.028323,-1,0.000401,inf,SAFE_STAND,0.000000,0.004218,-0.012749,0.065501,0.000000,0.000000,0.000000,1.000000,0.050000
1782448455.048657,-1,0.000661,inf,SAFE_STAND,0.000000,0.004228,-0.012729,0.065502,0.000000,0.000000,0.000000,1.000000,0.050000
1782448455.068686,-1,0.000404,inf,SAFE_STAND,0.000000,0.004225,-0.012700,0.065538,0.000000,0.000000,0.000000,1.000000,0.050000
1782448455.088854,-1,0.000404,inf,SAFE_STAND,0.000000,0.004230,-0.012690,0.065540,0.000000,0.000000,0.000000,1.000000,0.050000
1782448455.108929,-1,0.000404,inf,SAFE_STAND,0.000000,0.004244,-0.012762,0.065565,0.000000,0.000000,0.000000,1.000000,0.050000
1782448455.129030,-1,0.000435,inf,SAFE_STAND,0.000000,0.004238,-0.012771,0.065492,0.000000,0.000000,0.000000,1.000000,0.050000
1782448455.149439,-1,0.000425,inf,SAFE_STAND,0.000000,0.004239,-0.012790,0.065442,0.000000,0.000000,0.000000,1.000000,0.050000
1782448455.169526,-1,0.000436,inf,SAFE_STAND,0.000000,0.004254,-0.012745,0.065438,0.000000,0.000000,0.000000,1.000000,0.050000
1782448455.189622,-1,0.000460,inf,SAFE_STAND,0.000000,0.004258,-0.012736,0.065438,0.000000,0.000000,0.000000,1.000000,0.050000
1782448455.210231,-1,0.000731,inf,SAFE_STAND,0.000000,0.004241,-0.012742,0.065459,0.000000,0.000000,0.000000,1.000000,0.050000
1782448455.230392,-1,0.000811,74732.049936,SAFE_STAND,0.000000,0.004237,-0.012743,0.065479,0.000000,0.000000,0.000000,1.000000,0.050000
1782448455.250256,-1,0.000444,inf,SAFE_STAND,0.000000,0.004214,-0.012691,0.065484,0.000000,0.000000,0.000000,1.000000,0.050000
1782448455.270367,-1,0.000472,inf,SAFE_STAND,0.000000,0.004211,-0.012697,0.065497,0.000000,0.000000,0.000000,1.000000,0.050000
1782448455.290420,-1,0.000438,inf,SAFE_STAND,0.000000,0.004217,-0.012707,0.065488,0.000000,0.000000,0.000000,1.000000,0.050000
1782448455.311034,-1,0.000972,inf,SAFE_STAND,0.000000,0.004218,-0.012685,0.065489,0.000000,0.000000,0.000000,1.000000,0.050000
1782448455.331085,-1,0.000928,inf,SAFE_STAND,0.000000,0.004224,-0.012655,0.065445,0.000000,0.000000,0.000000,1.000000,0.050000
1782448455.351264,-1,0.001018,inf,SAFE_STAND,0.000000,0.004225,-0.012666,0.065475,0.000000,0.000000,0.000000,1.000000,0.050000
1782448455.371257,-1,0.000692,inf,SAFE_STAND,0.000000,0.004234,-0.012713,0.065527,0.000000,0.000000,0.000000,1.000000,0.050000
1782448455.391836,-1,0.000957,inf,SAFE_STAND,0.000000,0.004242,-0.012695,0.065514,0.000000,0.000000,0.000000,1.000000,0.050000
1782448455.411865,-1,0.000894,inf,SAFE_STAND,0.000000,0.004226,-0.012680,0.065496,0.000000,0.000000,0.000000,1.000000,0.050000
1782448455.431807,-1,0.000676,inf,SAFE_STAND,0.000000,0.004217,-0.012692,0.065526,0.000000,0.000000,0.000000,1.000000,0.050000
1782448455.452371,-1,0.000926,inf,SAFE_STAND,0.000000,0.004221,-0.012703,0.065508,0.000000,0.000000,0.000000,1.000000,0.050000
1782448455.472420,-1,0.000889,inf,SAFE_STAND,0.000000,0.004213,-0.012717,0.065518,0.000000,0.000000,0.000000,1.000000,0.050000
1782448455.492522,-1,0.000897,inf,SAFE_STAND,0.000000,0.004181,-0.012726,0.065577,0.000000,0.000000,0.000000,1.000000,0.050000
1782448455.512709,-1,0.000688,inf,SAFE_STAND,0.000000,0.004182,-0.012794,0.065605,0.000000,0.000000,0.000000,1.000000,0.050000
1782448455.533491,-1,0.001020,inf,SAFE_STAND,0.000000,0.004151,-0.012823,0.065599,0.000000,0.000000,0.000000,1.000000,0.050000
1782448455.553620,-1,0.001063,inf,SAFE_STAND,0.000000,0.004140,-0.012798,0.065599,0.000000,0.000000,0.000000,1.000000,0.050000
1782448455.573644,-1,0.000615,inf,SAFE_STAND,0.000000,0.004165,-0.012760,0.065611,0.000000,0.000000,0.000000,1.000000,0.050000
1782448455.593596,-1,0.000479,inf,SAFE_STAND,0.000000,0.004187,-0.012771,0.065630,0.000000,0.000000,0.000000,1.000000,0.050000
1782448455.613889,-1,0.000689,inf,SAFE_STAND,0.000000,0.004193,-0.012821,0.065628,0.000000,0.000000,0.000000,1.000000,0.050000
1782448455.633940,-1,0.000666,inf,SAFE_STAND,0.000000,0.004183,-0.012823,0.065666,0.000000,0.000000,0.000000,1.000000,0.050000
1782448455.653934,-1,0.000526,inf,SAFE_STAND,0.000000,0.004180,-0.012805,0.065675,0.000000,0.000000,0.000000,1.000000,0.050000
1782448455.673993,-1,0.000466,inf,SAFE_STAND,0.000000,0.004191,-0.012793,0.065672,0.000000,0.000000,0.000000,1.000000,0.050000
1782448455.694056,-1,0.000452,inf,SAFE_STAND,0.000000,0.004175,-0.012800,0.065686,0.000000,0.000000,0.000000,1.000000,0.050000
1782448455.714112,-1,0.000435,inf,SAFE_STAND,0.000000,0.004173,-0.012855,0.065703,0.000000,0.000000,0.000000,1.000000,0.050000
1782448455.734683,-1,0.000934,74732.553862,SAFE_STAND,0.000000,0.004156,-0.012890,0.065674,0.000000,0.000000,0.000000,1.000000,0.050000
1782448455.754791,-1,0.000960,inf,SAFE_STAND,0.000000,0.004156,-0.012918,0.065702,0.000000,0.000000,0.000000,1.000000,0.050000
1782448455.774785,-1,0.000865,inf,SAFE_STAND,0.000000,0.004137,-0.012959,0.065686,0.000000,0.000000,0.000000,1.000000,0.050000
1782448455.794641,-1,0.000498,inf,SAFE_STAND,0.000000,0.004137,-0.012953,0.065724,0.000000,0.000000,0.000000,1.000000,0.050000
1782448455.814647,-1,0.000429,inf,SAFE_STAND,0.000000,0.004124,-0.012907,0.065687,0.000000,0.000000,0.000000,1.000000,0.050000
1782448455.834738,-1,0.000442,inf,SAFE_STAND,0.000000,0.004123,-0.012850,0.065701,0.000000,0.000000,0.000000,1.000000,0.050000
1782448455.855219,-1,0.000839,inf,SAFE_STAND,0.000000,0.004110,-0.012839,0.065717,0.000000,0.000000,0.000000,1.000000,0.050000
1782448455.875320,-1,0.000858,inf,SAFE_STAND,0.000000,0.004122,-0.012840,0.065669,0.000000,0.000000,0.000000,1.000000,0.050000
1782448455.895129,-1,0.000470,inf,SAFE_STAND,0.000000,0.004117,-0.012855,0.065742,0.000000,0.000000,0.000000,1.000000,0.050000
1782448455.915364,-1,0.000470,inf,SAFE_STAND,0.000000,0.004107,-0.012873,0.065718,0.000000,0.000000,0.000000,1.000000,0.050000
1782448455.935430,-1,0.000457,inf,SAFE_STAND,0.000000,0.004113,-0.012875,0.065767,0.000000,0.000000,0.000000,1.000000,0.050000
1782448455.955518,-1,0.000469,inf,SAFE_STAND,0.000000,0.004129,-0.012870,0.065819,0.000000,0.000000,0.000000,1.000000,0.050000
1782448455.975971,-1,0.000613,inf,SAFE_STAND,0.000000,0.004115,-0.012849,0.065760,0.000000,0.000000,0.000000,1.000000,0.050000
1782448455.996010,-1,0.000571,inf,SAFE_STAND,0.000000,0.004122,-0.012838,0.065733,0.000000,0.000000,0.000000,1.000000,0.050000
1782448456.016213,-1,0.000686,inf,SAFE_STAND,0.000000,0.004102,-0.012855,0.065695,0.000000,0.000000,0.000000,1.000000,0.050000
1782448456.036298,-1,0.000461,inf,SAFE_STAND,0.000000,0.004093,-0.012859,0.065685,0.000000,0.000000,0.000000,1.000000,0.050000
1782448456.056828,-1,0.000680,inf,SAFE_STAND,0.000000,0.004106,-0.012828,0.065656,0.000000,0.000000,0.000000,1.000000,0.050000
1782448456.076707,-1,0.000464,inf,SAFE_STAND,0.000000,0.004109,-0.012804,0.065691,0.000000,0.000000,0.000000,1.000000,0.050000
1782448456.096694,-1,0.000376,inf,SAFE_STAND,0.000000,0.004115,-0.012823,0.065708,0.000000,0.000000,0.000000,1.000000,0.050000
1782448456.116818,-1,0.000428,inf,SAFE_STAND,0.000000,0.004105,-0.012828,0.065787,0.000000,0.000000,0.000000,1.000000,0.050000
1782448456.136892,-1,0.000427,inf,SAFE_STAND,0.000000,0.004109,-0.012813,0.065807,0.000000,0.000000,0.000000,1.000000,0.050000
1782448456.157332,-1,0.000789,inf,SAFE_STAND,0.000000,0.004141,-0.012791,0.065852,0.000000,0.000000,0.000000,1.000000,0.050000
1782448456.177643,-1,0.000955,inf,SAFE_STAND,0.000000,0.004119,-0.012746,0.065856,0.000000,0.000000,0.000000,1.000000,0.050000
1782448456.197639,-1,0.000627,inf,SAFE_STAND,0.000000,0.004096,-0.012766,0.065818,0.000000,0.000000,0.000000,1.000000,0.050000
1782448456.217550,-1,0.000457,inf,SAFE_STAND,0.000000,0.004106,-0.012769,0.065852,0.000000,0.000000,0.000000,1.000000,0.050000
1782448456.238199,-1,0.000798,74733.057516,SAFE_STAND,0.000000,0.004110,-0.012764,0.065855,0.000000,0.000000,0.000000,1.000000,0.050000
1782448456.258307,-1,0.000848,inf,SAFE_STAND,0.000000,0.004112,-0.012790,0.065859,0.000000,0.000000,0.000000,1.000000,0.050000
1782448456.278270,-1,0.000455,inf,SAFE_STAND,0.000000,0.004105,-0.012765,0.065853,0.000000,0.000000,0.000000,1.000000,0.050000
1782448456.298408,-1,0.000515,inf,SAFE_STAND,0.000000,0.004098,-0.012766,0.065869,0.000000,0.000000,0.000000,1.000000,0.050000
1782448456.318490,-1,0.000509,inf,SAFE_STAND,0.000000,0.004105,-0.012723,0.065846,0.000000,0.000000,0.000000,1.000000,0.050000
1782448456.338968,-1,0.000671,inf,SAFE_STAND,0.000000,0.004113,-0.012698,0.065883,0.000000,0.000000,0.000000,1.000000,0.050000
1782448456.358901,-1,0.000472,inf,SAFE_STAND,0.000000,0.004113,-0.012716,0.065909,0.000000,0.000000,0.000000,1.000000,0.050000
1782448456.378958,-1,0.000453,inf,SAFE_STAND,0.000000,0.004092,-0.012696,0.065915,0.000000,0.000000,0.000000,1.000000,0.050000
1782448456.399075,-1,0.000491,inf,SAFE_STAND,0.000000,0.004101,-0.012697,0.065886,0.000000,0.000000,0.000000,1.000000,0.050000
1782448456.419538,-1,0.000646,inf,SAFE_STAND,0.000000,0.004073,-0.012646,0.065876,0.000000,0.000000,0.000000,1.000000,0.050000
1782448456.439652,-1,0.000483,inf,SAFE_STAND,0.000000,0.004074,-0.012585,0.065821,0.000000,0.000000,0.000000,1.000000,0.050000
1782448456.459746,-1,0.000496,inf,SAFE_STAND,0.000000,0.004083,-0.012570,0.065810,0.000000,0.000000,0.000000,1.000000,0.050000
1782448456.480277,-1,0.000726,inf,SAFE_STAND,0.000000,0.004093,-0.012513,0.065750,0.000000,0.000000,0.000000,1.000000,0.050000
1782448456.500298,-1,0.000669,inf,SAFE_STAND,0.000000,0.004102,-0.012494,0.065732,0.000000,0.000000,0.000000,1.000000,0.050000
1782448456.520385,-1,0.000492,inf,SAFE_STAND,0.000000,0.004124,-0.012464,0.065690,0.000000,0.000000,0.000000,1.000000,0.050000
1782448456.540456,-1,0.000486,inf,SAFE_STAND,0.000000,0.004150,-0.012450,0.065725,0.000000,0.000000,0.000000,1.000000,0.050000
1782448456.560518,-1,0.000465,inf,SAFE_STAND,0.000000,0.004144,-0.012435,0.065666,0.000000,0.000000,0.000000,1.000000,0.050000
1782448456.580670,-1,0.000545,inf,SAFE_STAND,0.000000,0.004131,-0.012446,0.065671,0.000000,0.000000,0.000000,1.000000,0.050000
1782448456.601119,-1,0.000681,inf,SAFE_STAND,0.000000,0.004138,-0.012381,0.065690,0.000000,0.000000,0.000000,1.000000,0.050000
1782448456.621109,-1,0.000453,inf,SAFE_STAND,0.000000,0.004141,-0.012338,0.065662,0.000000,0.000000,0.000000,1.000000,0.050000
1782448456.641163,-1,0.000431,inf,SAFE_STAND,0.000000,0.004145,-0.012328,0.065656,0.000000,0.000000,0.000000,1.000000,0.050000
1782448456.661728,-1,0.000684,inf,SAFE_STAND,0.000000,0.004133,-0.012338,0.065622,0.000000,0.000000,0.000000,1.000000,0.050000
1782448456.681820,-1,0.000698,inf,SAFE_STAND,0.000000,0.004149,-0.012294,0.065604,0.000000,0.000000,0.000000,1.000000,0.050000
1782448456.701852,-1,0.000655,inf,SAFE_STAND,0.000000,0.004195,-0.012288,0.065607,0.000000,0.000000,0.000000,1.000000,0.050000
1782448456.721930,-1,0.000474,inf,SAFE_STAND,0.000000,0.004211,-0.012295,0.065588,0.000000,0.000000,0.000000,1.000000,0.050000
1782448456.742519,-1,0.000989,74733.561668,SAFE_STAND,0.000000,0.004220,-0.012274,0.065587,0.000000,0.000000,0.000000,1.000000,0.050000
1782448456.762464,-1,0.000826,inf,SAFE_STAND,0.000000,0.004217,-0.012281,0.065586,0.000000,0.000000,0.000000,1.000000,0.050000
1782448456.782391,-1,0.000678,inf,SAFE_STAND,0.000000,0.004249,-0.012273,0.065633,0.000000,0.000000,0.000000,1.000000,0.050000
1782448456.802547,-1,0.000517,inf,SAFE_STAND,0.000000,0.004242,-0.012290,0.065653,0.000000,0.000000,0.000000,1.000000,0.050000
1782448456.822658,-1,0.000518,inf,SAFE_STAND,0.000000,0.004225,-0.012282,0.065627,0.000000,0.000000,0.000000,1.000000,0.050000
1782448456.842717,-1,0.000497,inf,SAFE_STAND,0.000000,0.004222,-0.012291,0.065629,0.000000,0.000000,0.000000,1.000000,0.050000
1782448456.862832,-1,0.000523,inf,SAFE_STAND,0.000000,0.004232,-0.012327,0.065677,0.000000,0.000000,0.000000,1.000000,0.050000
1782448456.883233,-1,0.000471,inf,SAFE_STAND,0.000000,0.004225,-0.012282,0.065696,0.000000,0.000000,0.000000,1.000000,0.050000
1782448456.903326,-1,0.000484,inf,SAFE_STAND,0.000000,0.004251,-0.012301,0.065679,0.000000,0.000000,0.000000,1.000000,0.050000
1782448456.923482,-1,0.000563,inf,SAFE_STAND,0.000000,0.004252,-0.012268,0.065698,0.000000,0.000000,0.000000,1.000000,0.050000
1782448456.943924,-1,0.000692,inf,SAFE_STAND,0.000000,0.004241,-0.012236,0.065749,0.000000,0.000000,0.000000,1.000000,0.050000
1782448456.963947,-1,0.000640,inf,SAFE_STAND,0.000000,0.004262,-0.012232,0.065745,0.000000,0.000000,0.000000,1.000000,0.050000
1782448456.983834,-1,0.000437,inf,SAFE_STAND,0.000000,0.004263,-0.012253,0.065746,0.000000,0.000000,0.000000,1.000000,0.050000
1782448457.003885,-1,0.000407,inf,SAFE_STAND,0.000000,0.004287,-0.012233,0.065766,0.000000,0.000000,0.000000,1.000000,0.050000
1782448457.024009,-1,0.000457,inf,SAFE_STAND,0.000000,0.004314,-0.012236,0.065780,0.000000,0.000000,0.000000,1.000000,0.050000
1782448457.044033,-1,0.000408,inf,SAFE_STAND,0.000000,0.004327,-0.012202,0.065787,0.000000,0.000000,0.000000,1.000000,0.050000
1782448457.064124,-1,0.000427,inf,SAFE_STAND,0.000000,0.004317,-0.012220,0.065809,0.000000,0.000000,0.000000,1.000000,0.050000
1782448457.084697,-1,0.000413,inf,SAFE_STAND,0.000000,0.004321,-0.012186,0.065823,0.000000,0.000000,0.000000,1.000000,0.050000
1782448457.104797,-1,0.000442,inf,SAFE_STAND,0.000000,0.004351,-0.012137,0.065813,0.000000,0.000000,0.000000,1.000000,0.050000
1782448457.124850,-1,0.000419,inf,SAFE_STAND,0.000000,0.004362,-0.012150,0.065822,0.000000,0.000000,0.000000,1.000000,0.050000
1782448457.144961,-1,0.000457,inf,SAFE_STAND,0.000000,0.004366,-0.012134,0.065823,0.000000,0.000000,0.000000,1.000000,0.050000
1782448457.165629,-1,0.000454,inf,SAFE_STAND,0.000000,0.004401,-0.012158,0.065821,0.000000,0.000000,0.000000,1.000000,0.050000
1782448457.185640,-1,0.000392,inf,SAFE_STAND,0.000000,0.004383,-0.012170,0.065808,0.000000,0.000000,0.000000,1.000000,0.050000
1782448457.205804,-1,0.000438,inf,SAFE_STAND,0.000000,0.004385,-0.012143,0.065845,0.000000,0.000000,0.000000,1.000000,0.050000
1782448457.226350,-1,0.000426,inf,SAFE_STAND,0.000000,0.004395,-0.012175,0.065868,0.000000,0.000000,0.000000,1.000000,0.050000
1782448457.247027,-1,0.001028,74734.066199,SAFE_STAND,0.000000,0.004422,-0.012170,0.065898,0.000000,0.000000,0.000000,1.000000,0.050000
1782448457.266531,-1,0.000449,inf,SAFE_STAND,0.000000,0.004435,-0.012097,0.065937,0.000000,0.000000,0.000000,1.000000,0.050000
1782448457.286899,-1,0.000696,inf,SAFE_STAND,0.000000,0.004431,-0.012061,0.065914,0.000000,0.000000,0.000000,1.000000,0.050000
1782448457.306971,-1,0.000646,inf,SAFE_STAND,0.000000,0.004414,-0.012025,0.065866,0.000000,0.000000,0.000000,1.000000,0.050000
1782448457.327012,-1,0.000476,inf,SAFE_STAND,0.000000,0.004453,-0.012011,0.065886,0.000000,0.000000,0.000000,1.000000,0.050000
1782448457.347117,-1,0.000456,inf,SAFE_STAND,0.000000,0.004439,-0.011991,0.065890,0.000000,0.000000,0.000000,1.000000,0.050000
1782448457.367467,-1,0.000678,inf,SAFE_STAND,0.000000,0.004448,-0.011974,0.065901,0.000000,0.000000,0.000000,1.000000,0.050000
1782448457.387647,-1,0.000713,inf,SAFE_STAND,0.000000,0.004471,-0.011953,0.065899,0.000000,0.000000,0.000000,1.000000,0.050000
1782448457.407736,-1,0.000673,inf,SAFE_STAND,0.000000,0.004464,-0.011962,0.065899,0.000000,0.000000,0.000000,1.000000,0.050000
1782448457.427676,-1,0.000464,inf,SAFE_STAND,0.000000,0.004473,-0.011968,0.065914,0.000000,0.000000,0.000000,1.000000,0.050000
1782448457.447796,-1,0.000447,inf,SAFE_STAND,0.000000,0.004449,-0.011974,0.065893,0.000000,0.000000,0.000000,1.000000,0.050000
1782448457.467940,-1,0.000468,inf,SAFE_STAND,0.000000,0.004456,-0.011990,0.065905,0.000000,0.000000,0.000000,1.000000,0.050000
1782448457.488286,-1,0.000681,inf,SAFE_STAND,0.000000,0.004437,-0.012001,0.065910,0.000000,0.000000,0.000000,1.000000,0.050000
1782448457.508249,-1,0.000465,inf,SAFE_STAND,0.000000,0.004438,-0.012006,0.065934,0.000000,0.000000,0.000000,1.000000,0.050000
1782448457.528557,-1,0.000497,inf,SAFE_STAND,0.000000,0.004417,-0.012001,0.065982,0.000000,0.000000,0.000000,1.000000,0.050000
1782448457.548625,-1,0.000488,inf,SAFE_STAND,0.000000,0.004431,-0.012003,0.065969,0.000000,0.000000,0.000000,1.000000,0.050000
1782448457.569123,-1,0.000680,inf,SAFE_STAND,0.000000,0.004452,-0.011932,0.065934,0.000000,0.000000,0.000000,1.000000,0.050000
1782448457.588971,-1,0.000453,inf,SAFE_STAND,0.000000,0.004459,-0.011923,0.065894,0.000000,0.000000,0.000000,1.000000,0.050000
1782448457.609145,-1,0.000482,inf,SAFE_STAND,0.000000,0.004472,-0.011941,0.065941,0.000000,0.000000,0.000000,1.000000,0.050000
1782448457.629200,-1,0.000462,inf,SAFE_STAND,0.000000,0.004473,-0.011957,0.065932,0.000000,0.000000,0.000000,1.000000,0.050000
1782448457.649281,-1,0.000464,inf,SAFE_STAND,0.000000,0.004474,-0.011956,0.065918,0.000000,0.000000,0.000000,1.000000,0.050000
1782448457.669337,-1,0.000446,inf,SAFE_STAND,0.000000,0.004473,-0.011946,0.065981,0.000000,0.000000,0.000000,1.000000,0.050000
1782448457.689656,-1,0.000683,inf,SAFE_STAND,0.000000,0.004489,-0.011896,0.065967,0.000000,0.000000,0.000000,1.000000,0.050000
1782448457.709751,-1,0.000704,inf,SAFE_STAND,0.000000,0.004470,-0.011908,0.065939,0.000000,0.000000,0.000000,1.000000,0.050000
1782448457.729770,-1,0.000470,inf,SAFE_STAND,0.000000,0.004515,-0.011869,0.065962,0.000000,0.000000,0.000000,1.000000,0.050000
1782448457.750003,-1,0.000624,74734.569534,SAFE_STAND,0.000000,0.004525,-0.011882,0.065955,0.000000,0.000000,0.000000,1.000000,0.050000
1782448457.770554,-1,0.000872,inf,SAFE_STAND,0.000000,0.004500,-0.011884,0.065939,0.000000,0.000000,0.000000,1.000000,0.050000
1782448457.790353,-1,0.000456,inf,SAFE_STAND,0.000000,0.004510,-0.011848,0.065959,0.000000,0.000000,0.000000,1.000000,0.050000
1782448457.810452,-1,0.000418,inf,SAFE_STAND,0.000000,0.004527,-0.011828,0.065990,0.000000,0.000000,0.000000,1.000000,0.050000
1782448457.830515,-1,0.000404,inf,SAFE_STAND,0.000000,0.004518,-0.011821,0.066006,0.000000,0.000000,0.000000,1.000000,0.050000
1782448457.850718,-1,0.000534,inf,SAFE_STAND,0.000000,0.004522,-0.011784,0.066018,0.000000,0.000000,0.000000,1.000000,0.050000
1782448457.871405,-1,0.000486,inf,SAFE_STAND,0.000000,0.004541,-0.011795,0.066002,0.000000,0.000000,0.000000,1.000000,0.050000
1782448457.891530,-1,0.000492,inf,SAFE_STAND,0.000000,0.004520,-0.011822,0.066024,0.000000,0.000000,0.000000,1.000000,0.050000
1782448457.912162,-1,0.000479,inf,SAFE_STAND,0.000000,0.004539,-0.011788,0.066023,0.000000,0.000000,0.000000,1.000000,0.050000
1782448457.932411,-1,0.000518,inf,SAFE_STAND,0.000000,0.004533,-0.011776,0.066043,0.000000,0.000000,0.000000,1.000000,0.050000
1782448457.952420,-1,0.000448,inf,SAFE_STAND,0.000000,0.004525,-0.011740,0.066056,0.000000,0.000000,0.000000,1.000000,0.050000
1782448457.972830,-1,0.000431,inf,SAFE_STAND,0.000000,0.004521,-0.011746,0.066072,0.000000,0.000000,0.000000,1.000000,0.050000
1782448457.992910,-1,0.000437,inf,SAFE_STAND,0.000000,0.004548,-0.011748,0.066110,0.000000,0.000000,0.000000,1.000000,0.050000
1782448458.013119,-1,0.000584,inf,SAFE_STAND,0.000000,0.004553,-0.011757,0.066070,0.000000,0.000000,0.000000,1.000000,0.050000
1782448458.033112,-1,0.000493,inf,SAFE_STAND,0.000000,0.004585,-0.011756,0.066080,0.000000,0.000000,0.000000,1.000000,0.050000
1782448458.053568,-1,0.000650,inf,SAFE_STAND,0.000000,0.004573,-0.011763,0.066065,0.000000,0.000000,0.000000,1.000000,0.050000
1782448458.073700,-1,0.000545,inf,SAFE_STAND,0.000000,0.004564,-0.011763,0.066051,0.000000,0.000000,0.000000,1.000000,0.050000
1782448458.093794,-1,0.000473,inf,SAFE_STAND,0.000000,0.004585,-0.011741,0.066040,0.000000,0.000000,0.000000,1.000000,0.050000
1782448458.113833,-1,0.000437,inf,SAFE_STAND,0.000000,0.004608,-0.011738,0.066081,0.000000,0.000000,0.000000,1.000000,0.050000
1782448458.134659,-1,0.000436,inf,SAFE_STAND,0.000000,0.004589,-0.011736,0.066101,0.000000,0.000000,0.000000,1.000000,0.050000
1782448458.155295,-1,0.000460,inf,SAFE_STAND,0.000000,0.004598,-0.011766,0.066091,0.000000,0.000000,0.000000,1.000000,0.050000
1782448458.175513,-1,0.000484,inf,SAFE_STAND,0.000000,0.004595,-0.011766,0.066118,0.000000,0.000000,0.000000,1.000000,0.050000
1782448458.195564,-1,0.000459,inf,SAFE_STAND,0.000000,0.004582,-0.011785,0.066112,0.000000,0.000000,0.000000,1.000000,0.050000
1782448458.215962,-1,0.000777,inf,SAFE_STAND,0.000000,0.004600,-0.011701,0.066124,0.000000,0.000000,0.000000,1.000000,0.050000
1782448458.235772,-1,0.000502,inf,SAFE_STAND,0.000000,0.004615,-0.011750,0.066138,0.000000,0.000000,0.000000,1.000000,0.050000
1782448458.256120,-1,0.000775,74735.075660,SAFE_STAND,0.000000,0.004622,-0.011756,0.066165,0.000000,0.000000,0.000000,1.000000,0.050000
1782448458.276012,-1,0.000469,inf,SAFE_STAND,0.000000,0.004626,-0.011778,0.066147,0.000000,0.000000,0.000000,1.000000,0.050000
1782448458.296134,-1,0.000442,inf,SAFE_STAND,0.000000,0.004649,-0.011784,0.066152,0.000000,0.000000,0.000000,1.000000,0.050000
1782448458.316217,-1,0.000447,inf,SAFE_STAND,0.000000,0.004628,-0.011770,0.066171,0.000000,0.000000,0.000000,1.000000,0.050000
1782448458.336692,-1,0.000635,inf,SAFE_STAND,0.000000,0.004609,-0.011751,0.066180,0.000000,0.000000,0.000000,1.000000,0.050000
1782448458.356780,-1,0.000484,inf,SAFE_STAND,0.000000,0.004605,-0.011732,0.066249,0.000000,0.000000,0.000000,1.000000,0.050000
1782448458.376825,-1,0.000446,inf,SAFE_STAND,0.000000,0.004590,-0.011741,0.066273,0.000000,0.000000,0.000000,1.000000,0.050000
1782448458.396902,-1,0.000448,inf,SAFE_STAND,0.000000,0.004565,-0.011794,0.066306,0.000000,0.000000,0.000000,1.000000,0.050000
1782448458.416937,-1,0.000406,inf,SAFE_STAND,0.000000,0.004531,-0.011778,0.066351,0.000000,0.000000,0.000000,1.000000,0.050000
1782448458.437228,-1,0.000626,inf,SAFE_STAND,0.000000,0.004546,-0.011800,0.066338,0.000000,0.000000,0.000000,1.000000,0.050000
1782448458.457430,-1,0.000757,inf,SAFE_STAND,0.000000,0.004545,-0.011826,0.066346,0.000000,0.000000,0.000000,1.000000,0.050000
1782448458.477456,-1,0.000540,inf,SAFE_STAND,0.000000,0.004541,-0.011829,0.066366,0.000000,0.000000,0.000000,1.000000,0.050000
1782448458.497427,-1,0.000412,inf,SAFE_STAND,0.000000,0.004559,-0.011844,0.066350,0.000000,0.000000,0.000000,1.000000,0.050000
1782448458.517549,-1,0.000459,inf,SAFE_STAND,0.000000,0.004582,-0.011806,0.066334,0.000000,0.000000,0.000000,1.000000,0.050000
1782448458.537746,-1,0.000578,inf,SAFE_STAND,0.000000,0.004571,-0.011853,0.066391,0.000000,0.000000,0.000000,1.000000,0.050000
1782448458.558300,-1,0.000506,inf,SAFE_STAND,0.000000,0.004572,-0.011853,0.066383,0.000000,0.000000,0.000000,1.000000,0.050000
1782448458.578321,-1,0.000447,inf,SAFE_STAND,0.000000,0.004587,-0.011852,0.066403,0.000000,0.000000,0.000000,1.000000,0.050000
1782448458.598856,-1,0.000678,inf,SAFE_STAND,0.000000,0.004595,-0.011831,0.066434,0.000000,0.000000,0.000000,1.000000,0.050000
1782448458.618923,-1,0.000670,inf,SAFE_STAND,0.000000,0.004589,-0.011873,0.066478,0.000000,0.000000,0.000000,1.000000,0.050000
1782448458.638896,-1,0.000462,inf,SAFE_STAND,0.000000,0.004583,-0.011925,0.066527,0.000000,0.000000,0.000000,1.000000,0.050000
1782448458.659003,-1,0.000492,inf,SAFE_STAND,0.000000,0.004612,-0.011905,0.066592,0.000000,0.000000,0.000000,1.000000,0.050000
1782448458.679602,-1,0.000672,inf,SAFE_STAND,0.000000,0.004596,-0.011889,0.066667,0.000000,0.000000,0.000000,1.000000,0.050000
1782448458.699674,-1,0.000670,inf,SAFE_STAND,0.000000,0.004572,-0.011923,0.066596,0.000000,0.000000,0.000000,1.000000,0.050000
1782448458.719643,-1,0.000470,inf,SAFE_STAND,0.000000,0.004579,-0.011938,0.066595,0.000000,0.000000,0.000000,1.000000,0.050000
1782448458.739739,-1,0.000486,inf,SAFE_STAND,0.000000,0.004576,-0.011943,0.066571,0.000000,0.000000,0.000000,1.000000,0.050000
1782448458.759973,-1,0.000638,74735.579504,SAFE_STAND,0.000000,0.004561,-0.011963,0.066621,0.000000,0.000000,0.000000,1.000000,0.050000
1782448458.780662,-1,0.000853,inf,SAFE_STAND,0.000000,0.004550,-0.011974,0.066679,0.000000,0.000000,0.000000,1.000000,0.050000
1782448458.800537,-1,0.000438,inf,SAFE_STAND,0.000000,0.004517,-0.011975,0.066696,0.000000,0.000000,0.000000,1.000000,0.050000
1782448458.820676,-1,0.000451,inf,SAFE_STAND,0.000000,0.004537,-0.011958,0.066665,0.000000,0.000000,0.000000,1.000000,0.050000
1782448458.840977,-1,0.000676,inf,SAFE_STAND,0.000000,0.004530,-0.011930,0.066665,0.000000,0.000000,0.000000,1.000000,0.050000
1782448458.861081,-1,0.000697,inf,SAFE_STAND,0.000000,0.004548,-0.011920,0.066699,0.000000,0.000000,0.000000,1.000000,0.050000
1782448458.880982,-1,0.000471,inf,SAFE_STAND,0.000000,0.004555,-0.011943,0.066711,0.000000,0.000000,0.000000,1.000000,0.050000
1782448458.901125,-1,0.000465,inf,SAFE_STAND,0.000000,0.004540,-0.012020,0.066718,0.000000,0.000000,0.000000,1.000000,0.050000
1782448458.921197,-1,0.000459,inf,SAFE_STAND,0.000000,0.004540,-0.011993,0.066728,0.000000,0.000000,0.000000,1.000000,0.050000
1782448458.941376,-1,0.000517,inf,SAFE_STAND,0.000000,0.004536,-0.012026,0.066787,0.000000,0.000000,0.000000,1.000000,0.050000
1782448458.961770,-1,0.000791,inf,SAFE_STAND,0.000000,0.004533,-0.012022,0.066813,0.000000,0.000000,0.000000,1.000000,0.050000
1782448458.981761,-1,0.000659,inf,SAFE_STAND,0.000000,0.004567,-0.012007,0.066837,0.000000,0.000000,0.000000,1.000000,0.050000
1782448459.001961,-1,0.000726,inf,SAFE_STAND,0.000000,0.004556,-0.012023,0.066847,0.000000,0.000000,0.000000,1.000000,0.050000
1782448459.021786,-1,0.000432,inf,SAFE_STAND,0.000000,0.004551,-0.012049,0.066825,0.000000,0.000000,0.000000,1.000000,0.050000
1782448459.041989,-1,0.000426,inf,SAFE_STAND,0.000000,0.004529,-0.012096,0.066782,0.000000,0.000000,0.000000,1.000000,0.050000
1782448459.062648,-1,0.000433,inf,SAFE_STAND,0.000000,0.004526,-0.012121,0.066828,0.000000,0.000000,0.000000,1.000000,0.050000
1782448459.082757,-1,0.000426,inf,SAFE_STAND,0.000000,0.004518,-0.012124,0.066906,0.000000,0.000000,0.000000,1.000000,0.050000
1782448459.102975,-1,0.000470,inf,SAFE_STAND,0.000000,0.004514,-0.012117,0.066921,0.000000,0.000000,0.000000,1.000000,0.050000
1782448459.123389,-1,0.000449,inf,SAFE_STAND,0.000000,0.004500,-0.012105,0.066911,0.000000,0.000000,0.000000,1.000000,0.050000
1782448459.143584,-1,0.000512,inf,SAFE_STAND,0.000000,0.004510,-0.012095,0.066942,0.000000,0.000000,0.000000,1.000000,0.050000
1782448459.163644,-1,0.000492,inf,SAFE_STAND,0.000000,0.004508,-0.012037,0.066884,0.000000,0.000000,0.000000,1.000000,0.050000
1782448459.184077,-1,0.000843,inf,SAFE_STAND,0.000000,0.004499,-0.012054,0.066882,0.000000,0.000000,0.000000,1.000000,0.050000
1782448459.204154,-1,0.000823,inf,SAFE_STAND,0.000000,0.004489,-0.012062,0.066888,0.000000,0.000000,0.000000,1.000000,0.050000
1782448459.224185,-1,0.000692,inf,SAFE_STAND,0.000000,0.004488,-0.012055,0.066870,0.000000,0.000000,0.000000,1.000000,0.050000
1782448459.244239,-1,0.000447,inf,SAFE_STAND,0.000000,0.004497,-0.012055,0.066873,0.000000,0.000000,0.000000,1.000000,0.050000
1782448459.264845,-1,0.000931,74736.084132,SAFE_STAND,0.000000,0.004497,-0.012034,0.066875,0.000000,0.000000,0.000000,1.000000,0.050000
1782448459.284724,-1,0.000677,inf,SAFE_STAND,0.000000,0.004480,-0.012079,0.066847,0.000000,0.000000,0.000000,1.000000,0.050000
1782448459.304811,-1,0.000428,inf,SAFE_STAND,0.000000,0.004485,-0.012052,0.066835,0.000000,0.000000,0.000000,1.000000,0.050000
1782448459.325232,-1,0.000770,inf,SAFE_STAND,0.000000,0.004467,-0.012056,0.066867,0.000000,0.000000,0.000000,1.000000,0.050000
1782448459.345737,-1,0.000945,inf,SAFE_STAND,0.000000,0.004472,-0.012076,0.066858,0.000000,0.000000,0.000000,1.000000,0.050000
1782448459.365786,-1,0.000906,inf,SAFE_STAND,0.000000,0.004487,-0.012057,0.066876,0.000000,0.000000,0.000000,1.000000,0.050000
1782448459.385733,-1,0.000701,inf,SAFE_STAND,0.000000,0.004472,-0.012019,0.066889,0.000000,0.000000,0.000000,1.000000,0.050000
1782448459.405815,-1,0.000698,inf,SAFE_STAND,0.000000,0.004483,-0.012040,0.066935,0.000000,0.000000,0.000000,1.000000,0.050000
1782448459.426325,-1,0.000899,inf,SAFE_STAND,0.000000,0.004481,-0.012053,0.066926,0.000000,0.000000,0.000000,1.000000,0.050000
1782448459.446403,-1,0.000891,inf,SAFE_STAND,0.000000,0.004478,-0.012030,0.066887,0.000000,0.000000,0.000000,1.000000,0.050000
1782448459.466651,-1,0.001053,inf,SAFE_STAND,0.000000,0.004465,-0.012026,0.066904,0.000000,0.000000,0.000000,1.000000,0.050000
1782448459.486720,-1,0.000678,inf,SAFE_STAND,0.000000,0.004487,-0.012017,0.066858,0.000000,0.000000,0.000000,1.000000,0.050000
1782448459.507441,-1,0.000965,inf,SAFE_STAND,0.000000,0.004508,-0.012070,0.066912,0.000000,0.000000,0.000000,1.000000,0.050000
1782448459.527677,-1,0.000832,inf,SAFE_STAND,0.000000,0.004503,-0.012071,0.066919,0.000000,0.000000,0.000000,1.000000,0.050000
1782448459.548530,-1,0.001177,inf,SAFE_STAND,0.000000,0.004502,-0.012125,0.066878,0.000000,0.000000,0.000000,1.000000,0.050000
1782448459.569002,-1,0.001098,inf,SAFE_STAND,0.000000,0.004506,-0.012107,0.066872,0.000000,0.000000,0.000000,1.000000,0.050000
1782448459.589305,-1,0.001216,inf,SAFE_STAND,0.000000,0.004505,-0.012130,0.066825,0.000000,0.000000,0.000000,1.000000,0.050000
1782448459.609214,-1,0.000624,inf,SAFE_STAND,0.000000,0.004468,-0.012127,0.066813,0.000000,0.000000,0.000000,1.000000,0.050000
1782448459.629154,-1,0.000477,inf,SAFE_STAND,0.000000,0.004488,-0.012142,0.066864,0.000000,0.000000,0.000000,1.000000,0.050000
1782448459.649564,-1,0.000801,inf,SAFE_STAND,0.000000,0.004488,-0.012167,0.066853,0.000000,0.000000,0.000000,1.000000,0.050000
1782448459.669644,-1,0.000791,inf,SAFE_STAND,0.000000,0.004492,-0.012213,0.066868,0.000000,0.000000,0.000000,1.000000,0.050000
1782448459.689611,-1,0.000444,inf,SAFE_STAND,0.000000,0.004482,-0.012218,0.066854,0.000000,0.000000,0.000000,1.000000,0.050000
1782448459.709653,-1,0.000416,inf,SAFE_STAND,0.000000,0.004480,-0.012254,0.066886,0.000000,0.000000,0.000000,1.000000,0.050000
1782448459.729765,-1,0.000453,inf,SAFE_STAND,0.000000,0.004496,-0.012273,0.066896,0.000000,0.000000,0.000000,1.000000,0.050000
1782448459.749878,-1,0.000480,inf,SAFE_STAND,0.000000,0.004467,-0.012300,0.066892,0.000000,0.000000,0.000000,1.000000,0.050000
1782448459.770639,-1,0.000591,74736.590183,SAFE_STAND,0.000000,0.004458,-0.012279,0.066920,0.000000,0.000000,0.000000,1.000000,0.050000
1782448459.791268,-1,0.000809,inf,SAFE_STAND,0.000000,0.004435,-0.012264,0.066930,0.000000,0.000000,0.000000,1.000000,0.050000
1782448459.811474,-1,0.000750,inf,SAFE_STAND,0.000000,0.004448,-0.012198,0.066976,0.000000,0.000000,0.000000,1.000000,0.050000
1782448459.831574,-1,0.000752,inf,SAFE_STAND,0.000000,0.004418,-0.012194,0.066942,0.000000,0.000000,0.000000,1.000000,0.050000
1782448459.852188,-1,0.000984,inf,SAFE_STAND,0.000000,0.004398,-0.012238,0.066912,0.000000,0.000000,0.000000,1.000000,0.050000
1782448459.872354,-1,0.001057,inf,SAFE_STAND,0.000000,0.004388,-0.012257,0.066871,0.000000,0.000000,0.000000,1.000000,0.050000
1782448459.892466,-1,0.000689,inf,SAFE_STAND,0.000000,0.004405,-0.012252,0.066898,0.000000,0.000000,0.000000,1.000000,0.050000
1782448459.912992,-1,0.000683,inf,SAFE_STAND,0.000000,0.004401,-0.012270,0.066891,0.000000,0.000000,0.000000,1.000000,0.050000
1782448459.933624,-1,0.000931,inf,SAFE_STAND,0.000000,0.004398,-0.012294,0.066877,0.000000,0.000000,0.000000,1.000000,0.050000
1782448459.953771,-1,0.000951,inf,SAFE_STAND,0.000000,0.004393,-0.012326,0.066941,0.000000,0.000000,0.000000,1.000000,0.050000
1782448459.973850,-1,0.000907,inf,SAFE_STAND,0.000000,0.004396,-0.012315,0.066918,0.000000,0.000000,0.000000,1.000000,0.050000
1782448459.993580,-1,0.000493,inf,SAFE_STAND,0.000000,0.004391,-0.012287,0.066849,0.000000,0.000000,0.000000,1.000000,0.050000
1782448460.013669,-1,0.000460,inf,SAFE_STAND,0.000000,0.004395,-0.012278,0.066846,0.000000,0.000000,0.000000,1.000000,0.050000
1782448460.033844,-1,0.000518,inf,SAFE_STAND,0.000000,0.004410,-0.012312,0.066853,0.000000,0.000000,0.000000,1.000000,0.050000
1782448460.054176,-1,0.000717,inf,SAFE_STAND,0.000000,0.004402,-0.012319,0.066835,0.000000,0.000000,0.000000,1.000000,0.050000
1782448460.074232,-1,0.000693,inf,SAFE_STAND,0.000000,0.004404,-0.012355,0.066840,0.000000,0.000000,0.000000,1.000000,0.050000
1782448460.094146,-1,0.000437,inf,SAFE_STAND,0.000000,0.004393,-0.012362,0.066808,0.000000,0.000000,0.000000,1.000000,0.050000
1782448460.114308,-1,0.000441,inf,SAFE_STAND,0.000000,0.004395,-0.012356,0.066824,0.000000,0.000000,0.000000,1.000000,0.050000
1782448460.134408,-1,0.000463,inf,SAFE_STAND,0.000000,0.004384,-0.012355,0.066815,0.000000,0.000000,0.000000,1.000000,0.050000
1782448460.154867,-1,0.000847,inf,SAFE_STAND,0.000000,0.004391,-0.012373,0.066830,0.000000,0.000000,0.000000,1.000000,0.050000
1782448460.174782,-1,0.000688,inf,SAFE_STAND,0.000000,0.004389,-0.012381,0.066784,0.000000,0.000000,0.000000,1.000000,0.050000
1782448460.194828,-1,0.000655,inf,SAFE_STAND,0.000000,0.004400,-0.012368,0.066784,0.000000,0.000000,0.000000,1.000000,0.050000
1782448460.215004,-1,0.000705,inf,SAFE_STAND,0.000000,0.004435,-0.012338,0.066756,0.000000,0.000000,0.000000,1.000000,0.050000
1782448460.234922,-1,0.000424,inf,SAFE_STAND,0.000000,0.004440,-0.012336,0.066756,0.000000,0.000000,0.000000,1.000000,0.050000
1782448460.255053,-1,0.000430,inf,SAFE_STAND,0.000000,0.004437,-0.012398,0.066744,0.000000,0.000000,0.000000,1.000000,0.050000
1782448460.275666,-1,0.000915,74737.095203,SAFE_STAND,0.000000,0.004422,-0.012399,0.066747,0.000000,0.000000,0.000000,1.000000,0.050000
1782448460.295548,-1,0.000674,inf,SAFE_STAND,0.000000,0.004444,-0.012426,0.066783,0.000000,0.000000,0.000000,1.000000,0.050000
1782448460.315643,-1,0.000448,inf,SAFE_STAND,0.000000,0.004414,-0.012446,0.066746,0.000000,0.000000,0.000000,1.000000,0.050000
1782448460.335767,-1,0.000444,inf,SAFE_STAND,0.000000,0.004392,-0.012440,0.066720,0.000000,0.000000,0.000000,1.000000,0.050000
1782448460.356381,-1,0.000669,inf,SAFE_STAND,0.000000,0.004370,-0.012462,0.066687,0.000000,0.000000,0.000000,1.000000,0.050000
1782448460.376559,-1,0.000471,inf,SAFE_STAND,0.000000,0.004394,-0.012460,0.066680,0.000000,0.000000,0.000000,1.000000,0.050000
1782448460.396668,-1,0.000452,inf,SAFE_STAND,0.000000,0.004391,-0.012403,0.066707,0.000000,0.000000,0.000000,1.000000,0.050000
1782448460.416767,-1,0.000430,inf,SAFE_STAND,0.000000,0.004387,-0.012374,0.066715,0.000000,0.000000,0.000000,1.000000,0.050000
1782448460.437363,-1,0.000446,inf,SAFE_STAND,0.000000,0.004384,-0.012386,0.066716,0.000000,0.000000,0.000000,1.000000,0.050000
1782448460.457511,-1,0.000517,inf,SAFE_STAND,0.000000,0.004377,-0.012403,0.066711,0.000000,0.000000,0.000000,1.000000,0.050000
1782448460.478282,-1,0.000439,inf,SAFE_STAND,0.000000,0.004379,-0.012364,0.066645,0.000000,0.000000,0.000000,1.000000,0.050000
1782448460.498353,-1,0.000436,inf,SAFE_STAND,0.000000,0.004363,-0.012387,0.066657,0.000000,0.000000,0.000000,1.000000,0.050000
1782448460.519148,-1,0.000448,inf,SAFE_STAND,0.000000,0.004344,-0.012415,0.066612,0.000000,0.000000,0.000000,1.000000,0.050000
1782448460.539251,-1,0.000475,inf,SAFE_STAND,0.000000,0.004344,-0.012441,0.066630,0.000000,0.000000,0.000000,1.000000,0.050000
1782448460.559752,-1,0.000664,inf,SAFE_STAND,0.000000,0.004353,-0.012425,0.066581,0.000000,0.000000,0.000000,1.000000,0.050000
1782448460.579872,-1,0.000450,inf,SAFE_STAND,0.000000,0.004340,-0.012402,0.066537,0.000000,0.000000,0.000000,1.000000,0.050000
1782448460.599965,-1,0.000469,inf,SAFE_STAND,0.000000,0.004347,-0.012434,0.066546,0.000000,0.000000,0.000000,1.000000,0.050000
1782448460.620454,-1,0.000649,inf,SAFE_STAND,0.000000,0.004339,-0.012422,0.066527,0.000000,0.000000,0.000000,1.000000,0.050000
1782448460.640446,-1,0.000403,inf,SAFE_STAND,0.000000,0.004333,-0.012415,0.066528,0.000000,0.000000,0.000000,1.000000,0.050000
1782448460.660626,-1,0.000507,inf,SAFE_STAND,0.000000,0.004327,-0.012431,0.066545,0.000000,0.000000,0.000000,1.000000,0.050000
1782448460.680667,-1,0.000470,inf,SAFE_STAND,0.000000,0.004342,-0.012495,0.066584,0.000000,0.000000,0.000000,1.000000,0.050000
1782448460.700995,-1,0.000722,inf,SAFE_STAND,0.000000,0.004342,-0.012459,0.066566,0.000000,0.000000,0.000000,1.000000,0.050000
1782448460.721019,-1,0.000670,inf,SAFE_STAND,0.000000,0.004336,-0.012490,0.066593,0.000000,0.000000,0.000000,1.000000,0.050000
1782448460.741273,-1,0.000834,inf,SAFE_STAND,0.000000,0.004331,-0.012514,0.066589,0.000000,0.000000,0.000000,1.000000,0.050000
1782448460.761267,-1,0.000474,inf,SAFE_STAND,0.000000,0.004347,-0.012541,0.066565,0.000000,0.000000,0.000000,1.000000,0.050000
1782448460.781481,-1,0.000613,74737.601000,SAFE_STAND,0.000000,0.004357,-0.012559,0.066553,0.000000,0.000000,0.000000,1.000000,0.050000
1782448460.801413,-1,0.000463,inf,SAFE_STAND,0.000000,0.004347,-0.012637,0.066548,0.000000,0.000000,0.000000,1.000000,0.050000
1782448460.821882,-1,0.000638,inf,SAFE_STAND,0.000000,0.004345,-0.012646,0.066504,0.000000,0.000000,0.000000,1.000000,0.050000
1782448460.841935,-1,0.000502,inf,SAFE_STAND,0.000000,0.004344,-0.012686,0.066493,0.000000,0.000000,0.000000,1.000000,0.050000
1782448460.862068,-1,0.000555,inf,SAFE_STAND,0.000000,0.004340,-0.012639,0.066463,0.000000,0.000000,0.000000,1.000000,0.050000
1782448460.882491,-1,0.000663,inf,SAFE_STAND,0.000000,0.004326,-0.012589,0.066514,0.000000,0.000000,0.000000,1.000000,0.050000
1782448460.902577,-1,0.000673,inf,SAFE_STAND,0.000000,0.004294,-0.012608,0.066519,0.000000,0.000000,0.000000,1.000000,0.050000
1782448460.922702,-1,0.000718,inf,SAFE_STAND,0.000000,0.004281,-0.012646,0.066544,0.000000,0.000000,0.000000,1.000000,0.050000
1782448460.942661,-1,0.000470,inf,SAFE_STAND,0.000000,0.004279,-0.012628,0.066498,0.000000,0.000000,0.000000,1.000000,0.050000
1782448460.962817,-1,0.000505,inf,SAFE_STAND,0.000000,0.004268,-0.012649,0.066462,0.000000,0.000000,0.000000,1.000000,0.050000
1782448460.982822,-1,0.000432,inf,SAFE_STAND,0.000000,0.004284,-0.012624,0.066463,0.000000,0.000000,0.000000,1.000000,0.050000
1782448461.002903,-1,0.000436,inf,SAFE_STAND,0.000000,0.004286,-0.012580,0.066486,0.000000,0.000000,0.000000,1.000000,0.050000
1782448461.023238,-1,0.000698,inf,SAFE_STAND,0.000000,0.004305,-0.012579,0.066486,0.000000,0.000000,0.000000,1.000000,0.050000
1782448461.043295,-1,0.000637,inf,SAFE_STAND,0.000000,0.004298,-0.012567,0.066497,0.000000,0.000000,0.000000,1.000000,0.050000
1782448461.063355,-1,0.000430,inf,SAFE_STAND,0.000000,0.004301,-0.012608,0.066550,0.000000,0.000000,0.000000,1.000000,0.050000
1782448461.083481,-1,0.000422,inf,SAFE_STAND,0.000000,0.004271,-0.012625,0.066504,0.000000,0.000000,0.000000,1.000000,0.050000
1782448461.103923,-1,0.000739,inf,SAFE_STAND,0.000000,0.004300,-0.012644,0.066529,0.000000,0.000000,0.000000,1.000000,0.050000
1782448461.124106,-1,0.000839,inf,SAFE_STAND,0.000000,0.004303,-0.012638,0.066495,0.000000,0.000000,0.000000,1.000000,0.050000
1782448461.144041,-1,0.000696,inf,SAFE_STAND,0.000000,0.004308,-0.012669,0.066469,0.000000,0.000000,0.000000,1.000000,0.050000
1782448461.164062,-1,0.000484,inf,SAFE_STAND,0.000000,0.004295,-0.012664,0.066450,0.000000,0.000000,0.000000,1.000000,0.050000
1782448461.184163,-1,0.000464,inf,SAFE_STAND,0.000000,0.004286,-0.012692,0.066435,0.000000,0.000000,0.000000,1.000000,0.050000
1782448461.204259,-1,0.000481,inf,SAFE_STAND,0.000000,0.004281,-0.012698,0.066428,0.000000,0.000000,0.000000,1.000000,0.050000
1782448461.224328,-1,0.000472,inf,SAFE_STAND,0.000000,0.004292,-0.012704,0.066405,0.000000,0.000000,0.000000,1.000000,0.050000
1782448461.244876,-1,0.000437,inf,SAFE_STAND,0.000000,0.004263,-0.012719,0.066395,0.000000,0.000000,0.000000,1.000000,0.050000
1782448461.264995,-1,0.000475,inf,SAFE_STAND,0.000000,0.004246,-0.012707,0.066411,0.000000,0.000000,0.000000,1.000000,0.050000
1782448461.285426,-1,0.000827,74738.104737,SAFE_STAND,0.000000,0.004257,-0.012703,0.066414,0.000000,0.000000,0.000000,1.000000,0.050000
1782448461.305285,-1,0.000611,inf,SAFE_STAND,0.000000,0.004252,-0.012732,0.066437,0.000000,0.000000,0.000000,1.000000,0.050000
1782448461.325469,-1,0.000720,inf,SAFE_STAND,0.000000,0.004236,-0.012757,0.066438,0.000000,0.000000,0.000000,1.000000,0.050000
1782448461.345519,-1,0.000689,inf,SAFE_STAND,0.000000,0.004225,-0.012781,0.066452,0.000000,0.000000,0.000000,1.000000,0.050000
1782448461.365381,-1,0.000460,inf,SAFE_STAND,0.000000,0.004200,-0.012795,0.066477,0.000000,0.000000,0.000000,1.000000,0.050000
1782448461.385478,-1,0.000470,inf,SAFE_STAND,0.000000,0.004183,-0.012840,0.066458,0.000000,0.000000,0.000000,1.000000,0.050000
1782448461.405558,-1,0.000472,inf,SAFE_STAND,0.000000,0.004183,-0.012827,0.066481,0.000000,0.000000,0.000000,1.000000,0.050000
1782448461.425996,-1,0.000834,inf,SAFE_STAND,0.000000,0.004145,-0.012874,0.066458,0.000000,0.000000,0.000000,1.000000,0.050000
1782448461.446109,-1,0.000853,inf,SAFE_STAND,0.000000,0.004153,-0.012866,0.066452,0.000000,0.000000,0.000000,1.000000,0.050000
1782448461.466172,-1,0.000839,inf,SAFE_STAND,0.000000,0.004175,-0.012853,0.066458,0.000000,0.000000,0.000000,1.000000,0.050000
1782448461.486027,-1,0.000472,inf,SAFE_STAND,0.000000,0.004172,-0.012839,0.066443,0.000000,0.000000,0.000000,1.000000,0.050000
1782448461.506088,-1,0.000455,inf,SAFE_STAND,0.000000,0.004181,-0.012829,0.066465,0.000000,0.000000,0.000000,1.000000,0.050000
1782448461.526238,-1,0.000522,inf,SAFE_STAND,0.000000,0.004171,-0.012836,0.066448,0.000000,0.000000,0.000000,1.000000,0.050000
1782448461.546247,-1,0.000447,inf,SAFE_STAND,0.000000,0.004195,-0.012863,0.066463,0.000000,0.000000,0.000000,1.000000,0.050000
1782448461.566383,-1,0.000494,inf,SAFE_STAND,0.000000,0.004187,-0.012868,0.066483,0.000000,0.000000,0.000000,1.000000,0.050000
1782448461.586636,-1,0.000665,inf,SAFE_STAND,0.000000,0.004185,-0.012848,0.066483,0.000000,0.000000,0.000000,1.000000,0.050000
1782448461.606795,-1,0.000742,inf,SAFE_STAND,0.000000,0.004168,-0.012855,0.066498,0.000000,0.000000,0.000000,1.000000,0.050000
1782448461.626678,-1,0.000408,inf,SAFE_STAND,0.000000,0.004198,-0.012837,0.066519,0.000000,0.000000,0.000000,1.000000,0.050000
1782448461.646841,-1,0.000492,inf,SAFE_STAND,0.000000,0.004200,-0.012841,0.066460,0.000000,0.000000,0.000000,1.000000,0.050000
1782448461.667547,-1,0.000775,inf,SAFE_STAND,0.000000,0.004189,-0.012818,0.066460,0.000000,0.000000,0.000000,1.000000,0.050000
1782448461.687515,-1,0.000455,inf,SAFE_STAND,0.000000,0.004175,-0.012803,0.066464,0.000000,0.000000,0.000000,1.000000,0.050000
1782448461.707580,-1,0.000448,inf,SAFE_STAND,0.000000,0.004161,-0.012819,0.066455,0.000000,0.000000,0.000000,1.000000,0.050000
1782448461.727655,-1,0.000450,inf,SAFE_STAND,0.000000,0.004140,-0.012817,0.066454,0.000000,0.000000,0.000000,1.000000,0.050000
1782448461.747747,-1,0.000467,inf,SAFE_STAND,0.000000,0.004131,-0.012834,0.066429,0.000000,0.000000,0.000000,1.000000,0.050000
1782448461.768484,-1,0.000552,inf,SAFE_STAND,0.000000,0.004141,-0.012819,0.066415,0.000000,0.000000,0.000000,1.000000,0.050000
1782448461.788994,-1,0.000986,74738.608199,SAFE_STAND,0.000000,0.004154,-0.012828,0.066407,0.000000,0.000000,0.000000,1.000000,0.050000
1782448461.808594,-1,0.000495,inf,SAFE_STAND,0.000000,0.004154,-0.012812,0.066373,0.000000,0.000000,0.000000,1.000000,0.050000
1782448461.828838,-1,0.000661,inf,SAFE_STAND,0.000000,0.004152,-0.012845,0.066320,0.000000,0.000000,0.000000,1.000000,0.050000
1782448461.848929,-1,0.000677,inf,SAFE_STAND,0.000000,0.004157,-0.012855,0.066329,0.000000,0.000000,0.000000,1.000000,0.050000
1782448461.868846,-1,0.000511,inf,SAFE_STAND,0.000000,0.004152,-0.012866,0.066313,0.000000,0.000000,0.000000,1.000000,0.050000
1782448461.888880,-1,0.000441,inf,SAFE_STAND,0.000000,0.004157,-0.012891,0.066288,0.000000,0.000000,0.000000,1.000000,0.050000
1782448461.909019,-1,0.000503,inf,SAFE_STAND,0.000000,0.004143,-0.012850,0.066251,0.000000,0.000000,0.000000,1.000000,0.050000
1782448461.929094,-1,0.000497,inf,SAFE_STAND,0.000000,0.004134,-0.012859,0.066244,0.000000,0.000000,0.000000,1.000000,0.050000
1782448461.949540,-1,0.000488,inf,SAFE_STAND,0.000000,0.004135,-0.012865,0.066257,0.000000,0.000000,0.000000,1.000000,0.050000
1782448461.969640,-1,0.000454,inf,SAFE_STAND,0.000000,0.004131,-0.012848,0.066259,0.000000,0.000000,0.000000,1.000000,0.050000
1782448461.989731,-1,0.000468,inf,SAFE_STAND,0.000000,0.004137,-0.012823,0.066281,0.000000,0.000000,0.000000,1.000000,0.050000
1782448462.009757,-1,0.000422,inf,SAFE_STAND,0.000000,0.004157,-0.012803,0.066280,0.000000,0.000000,0.000000,1.000000,0.050000
1782448462.030051,-1,0.000644,inf,SAFE_STAND,0.000000,0.004170,-0.012796,0.066284,0.000000,0.000000,0.000000,1.000000,0.050000
1782448462.050249,-1,0.000793,inf,SAFE_STAND,0.000000,0.004159,-0.012807,0.066317,0.000000,0.000000,0.000000,1.000000,0.050000
1782448462.070427,-1,0.000886,inf,SAFE_STAND,0.000000,0.004151,-0.012809,0.066307,0.000000,0.000000,0.000000,1.000000,0.050000
1782448462.090383,-1,0.000432,inf,SAFE_STAND,0.000000,0.004154,-0.012773,0.066225,0.000000,0.000000,0.000000,1.000000,0.050000
1782448462.110445,-1,0.000419,inf,SAFE_STAND,0.000000,0.004132,-0.012761,0.066188,0.000000,0.000000,0.000000,1.000000,0.050000
1782448462.130491,-1,0.000393,inf,SAFE_STAND,0.000000,0.004148,-0.012695,0.066159,0.000000,0.000000,0.000000,1.000000,0.050000
1782448462.151092,-1,0.000697,inf,SAFE_STAND,0.000000,0.004123,-0.012694,0.066182,0.000000,0.000000,0.000000,1.000000,0.050000
1782448462.171047,-1,0.000458,inf,SAFE_STAND,0.000000,0.004120,-0.012672,0.066166,0.000000,0.000000,0.000000,1.000000,0.050000
1782448462.191157,-1,0.000491,inf,SAFE_STAND,0.000000,0.004151,-0.012653,0.066170,0.000000,0.000000,0.000000,1.000000,0.050000
1782448462.211201,-1,0.000460,inf,SAFE_STAND,0.000000,0.004151,-0.012635,0.066147,0.000000,0.000000,0.000000,1.000000,0.050000
1782448462.231287,-1,0.000473,inf,SAFE_STAND,0.000000,0.004175,-0.012599,0.066166,0.000000,0.000000,0.000000,1.000000,0.050000
1782448462.251816,-1,0.000708,inf,SAFE_STAND,0.000000,0.004166,-0.012572,0.066150,0.000000,0.000000,0.000000,1.000000,0.050000
1782448462.271795,-1,0.000432,inf,SAFE_STAND,0.000000,0.004172,-0.012567,0.066185,0.000000,0.000000,0.000000,1.000000,0.050000
1782448462.292301,-1,0.000863,74739.111606,SAFE_STAND,0.000000,0.004167,-0.012565,0.066186,0.000000,0.000000,0.000000,1.000000,0.050000
1782448462.311980,-1,0.000466,inf,SAFE_STAND,0.000000,0.004141,-0.012574,0.066173,0.000000,0.000000,0.000000,1.000000,0.050000
1782448462.332476,-1,0.000669,inf,SAFE_STAND,0.000000,0.004156,-0.012555,0.066192,0.000000,0.000000,0.000000,1.000000,0.050000
1782448462.352534,-1,0.000473,inf,SAFE_STAND,0.000000,0.004135,-0.012550,0.066198,0.000000,0.000000,0.000000,1.000000,0.050000
1782448462.372566,-1,0.000430,inf,SAFE_STAND,0.000000,0.004113,-0.012533,0.066187,0.000000,0.000000,0.000000,1.000000,0.050000
1782448462.392683,-1,0.000471,inf,SAFE_STAND,0.000000,0.004113,-0.012523,0.066173,0.000000,0.000000,0.000000,1.000000,0.050000
1782448462.412740,-1,0.000451,inf,SAFE_STAND,0.000000,0.004127,-0.012466,0.066254,0.000000,0.000000,0.000000,1.000000,0.050000
1782448462.433242,-1,0.000651,inf,SAFE_STAND,0.000000,0.004139,-0.012432,0.066233,0.000000,0.000000,0.000000,1.000000,0.050000
1782448462.453161,-1,0.000472,inf,SAFE_STAND,0.000000,0.004145,-0.012376,0.066229,0.000000,0.000000,0.000000,1.000000,0.050000
1782448462.473278,-1,0.000507,inf,SAFE_STAND,0.000000,0.004145,-0.012384,0.066157,0.000000,0.000000,0.000000,1.000000,0.050000
1782448462.493311,-1,0.000464,inf,SAFE_STAND,0.000000,0.004132,-0.012363,0.066177,0.000000,0.000000,0.000000,1.000000,0.050000
1782448462.513455,-1,0.000527,inf,SAFE_STAND,0.000000,0.004155,-0.012328,0.066156,0.000000,0.000000,0.000000,1.000000,0.050000
1782448462.533935,-1,0.000465,inf,SAFE_STAND,0.000000,0.004146,-0.012348,0.066125,0.000000,0.000000,0.000000,1.000000,0.050000
1782448462.554045,-1,0.000500,inf,SAFE_STAND,0.000000,0.004158,-0.012348,0.066112,0.000000,0.000000,0.000000,1.000000,0.050000
1782448462.574167,-1,0.000536,inf,SAFE_STAND,0.000000,0.004170,-0.012367,0.066116,0.000000,0.000000,0.000000,1.000000,0.050000
1782448462.594615,-1,0.000462,inf,SAFE_STAND,0.000000,0.004164,-0.012361,0.066120,0.000000,0.000000,0.000000,1.000000,0.050000
1782448462.614698,-1,0.000466,inf,SAFE_STAND,0.000000,0.004148,-0.012342,0.066069,0.000000,0.000000,0.000000,1.000000,0.050000
1782448462.634758,-1,0.000448,inf,SAFE_STAND,0.000000,0.004153,-0.012311,0.066067,0.000000,0.000000,0.000000,1.000000,0.050000
1782448462.654901,-1,0.000501,inf,SAFE_STAND,0.000000,0.004167,-0.012308,0.066024,0.000000,0.000000,0.000000,1.000000,0.050000
1782448462.675299,-1,0.000814,inf,SAFE_STAND,0.000000,0.004155,-0.012312,0.065987,0.000000,0.000000,0.000000,1.000000,0.050000
1782448462.695242,-1,0.000669,inf,SAFE_STAND,0.000000,0.004160,-0.012313,0.065991,0.000000,0.000000,0.000000,1.000000,0.050000
1782448462.715278,-1,0.000440,inf,SAFE_STAND,0.000000,0.004159,-0.012338,0.066017,0.000000,0.000000,0.000000,1.000000,0.050000
1782448462.735402,-1,0.000488,inf,SAFE_STAND,0.000000,0.004149,-0.012301,0.066001,0.000000,0.000000,0.000000,1.000000,0.050000
1782448462.755414,-1,0.000427,inf,SAFE_STAND,0.000000,0.004162,-0.012329,0.066010,0.000000,0.000000,0.000000,1.000000,0.050000
1782448462.775550,-1,0.000489,inf,SAFE_STAND,0.000000,0.004167,-0.012321,0.065984,0.000000,0.000000,0.000000,1.000000,0.050000
1782448462.796213,-1,0.000654,74739.615736,SAFE_STAND,0.000000,0.004168,-0.012352,0.065991,0.000000,0.000000,0.000000,1.000000,0.050000
1782448462.816297,-1,0.000449,inf,SAFE_STAND,0.000000,0.004180,-0.012320,0.066004,0.000000,0.000000,0.000000,1.000000,0.050000
1782448462.836410,-1,0.000481,inf,SAFE_STAND,0.000000,0.004172,-0.012312,0.065970,0.000000,0.000000,0.000000,1.000000,0.050000
1782448462.856892,-1,0.000675,inf,SAFE_STAND,0.000000,0.004197,-0.012288,0.065964,0.000000,0.000000,0.000000,1.000000,0.050000
1782448462.877074,-1,0.000497,inf,SAFE_STAND,0.000000,0.004207,-0.012292,0.065974,0.000000,0.000000,0.000000,1.000000,0.050000
1782448462.897129,-1,0.000473,inf,SAFE_STAND,0.000000,0.004203,-0.012264,0.065929,0.000000,0.000000,0.000000,1.000000,0.050000
1782448462.917199,-1,0.000456,inf,SAFE_STAND,0.000000,0.004201,-0.012282,0.065975,0.000000,0.000000,0.000000,1.000000,0.050000
1782448462.937698,-1,0.000480,inf,SAFE_STAND,0.000000,0.004206,-0.012252,0.066015,0.000000,0.000000,0.000000,1.000000,0.050000
1782448462.957817,-1,0.000519,inf,SAFE_STAND,0.000000,0.004191,-0.012238,0.066036,0.000000,0.000000,0.000000,1.000000,0.050000
1782448462.978061,-1,0.000450,inf,SAFE_STAND,0.000000,0.004176,-0.012212,0.066050,0.000000,0.000000,0.000000,1.000000,0.050000
1782448462.998753,-1,0.000726,inf,SAFE_STAND,0.000000,0.004202,-0.012204,0.066035,0.000000,0.000000,0.000000,1.000000,0.050000
1782448463.019325,-1,0.000916,inf,SAFE_STAND,0.000000,0.004202,-0.012178,0.066024,0.000000,0.000000,0.000000,1.000000,0.050000
1782448463.039455,-1,0.000925,inf,SAFE_STAND,0.000000,0.004217,-0.012166,0.066030,0.000000,0.000000,0.000000,1.000000,0.050000
1782448463.059558,-1,0.000702,inf,SAFE_STAND,0.000000,0.004214,-0.012173,0.066065,0.000000,0.000000,0.000000,1.000000,0.050000
1782448463.079688,-1,0.000700,inf,SAFE_STAND,0.000000,0.004254,-0.012130,0.066095,0.000000,0.000000,0.000000,1.000000,0.050000
1782448463.100304,-1,0.000930,inf,SAFE_STAND,0.000000,0.004234,-0.012112,0.066079,0.000000,0.000000,0.000000,1.000000,0.050000
1782448463.120459,-1,0.000703,inf,SAFE_STAND,0.000000,0.004254,-0.012070,0.066077,0.000000,0.000000,0.000000,1.000000,0.050000
1782448463.141123,-1,0.000987,inf,SAFE_STAND,0.000000,0.004270,-0.012038,0.066119,0.000000,0.000000,0.000000,1.000000,0.050000
1782448463.161082,-1,0.000746,inf,SAFE_STAND,0.000000,0.004263,-0.012028,0.066109,0.000000,0.000000,0.000000,1.000000,0.050000
1782448463.181134,-1,0.000706,inf,SAFE_STAND,0.000000,0.004286,-0.011978,0.066045,0.000000,0.000000,0.000000,1.000000,0.050000
1782448463.201643,-1,0.000870,inf,SAFE_STAND,0.000000,0.004292,-0.011994,0.066039,0.000000,0.000000,0.000000,1.000000,0.050000
1782448463.221567,-1,0.000705,inf,SAFE_STAND,0.000000,0.004311,-0.011958,0.066065,0.000000,0.000000,0.000000,1.000000,0.050000
1782448463.241599,-1,0.000649,inf,SAFE_STAND,0.000000,0.004298,-0.011963,0.066048,0.000000,0.000000,0.000000,1.000000,0.050000
1782448463.262110,-1,0.000785,inf,SAFE_STAND,0.000000,0.004302,-0.011951,0.066013,0.000000,0.000000,0.000000,1.000000,0.050000
1782448463.282971,-1,0.001143,inf,SAFE_STAND,0.000000,0.004283,-0.011955,0.066025,0.000000,0.000000,0.000000,1.000000,0.050000
1782448463.303717,-1,0.001298,74740.122996,SAFE_STAND,0.000000,0.004265,-0.011967,0.066018,0.000000,0.000000,0.000000,1.000000,0.050000
1782448463.323652,-1,0.001069,inf,SAFE_STAND,0.000000,0.004283,-0.011952,0.066023,0.000000,0.000000,0.000000,1.000000,0.050000
1782448463.343837,-1,0.000754,inf,SAFE_STAND,0.000000,0.004265,-0.011970,0.066007,0.000000,0.000000,0.000000,1.000000,0.050000
1782448463.364570,-1,0.001024,inf,SAFE_STAND,0.000000,0.004258,-0.011924,0.066013,0.000000,0.000000,0.000000,1.000000,0.050000
1782448463.384747,-1,0.000752,inf,SAFE_STAND,0.000000,0.004266,-0.011875,0.066022,0.000000,0.000000,0.000000,1.000000,0.050000
1782448463.405389,-1,0.000743,inf,SAFE_STAND,0.000000,0.004225,-0.011854,0.066002,0.000000,0.000000,0.000000,1.000000,0.050000
1782448463.425931,-1,0.000833,inf,SAFE_STAND,0.000000,0.004252,-0.011783,0.066040,0.000000,0.000000,0.000000,1.000000,0.050000
1782448463.445924,-1,0.000714,inf,SAFE_STAND,0.000000,0.004242,-0.011791,0.066034,0.000000,0.000000,0.000000,1.000000,0.050000
1782448463.465835,-1,0.000503,inf,SAFE_STAND,0.000000,0.004238,-0.011765,0.066036,0.000000,0.000000,0.000000,1.000000,0.050000
1782448463.485909,-1,0.000498,inf,SAFE_STAND,0.000000,0.004245,-0.011785,0.066017,0.000000,0.000000,0.000000,1.000000,0.050000
1782448463.505916,-1,0.000461,inf,SAFE_STAND,0.000000,0.004249,-0.011717,0.065994,0.000000,0.000000,0.000000,1.000000,0.050000
1782448463.526380,-1,0.000844,inf,SAFE_STAND,0.000000,0.004276,-0.011720,0.066012,0.000000,0.000000,0.000000,1.000000,0.050000
1782448463.546619,-1,0.000985,inf,SAFE_STAND,0.000000,0.004283,-0.011702,0.066000,0.000000,0.000000,0.000000,1.000000,0.050000
1782448463.566660,-1,0.000937,inf,SAFE_STAND,0.000000,0.004281,-0.011710,0.066015,0.000000,0.000000,0.000000,1.000000,0.050000
1782448463.586670,-1,0.000705,inf,SAFE_STAND,0.000000,0.004294,-0.011732,0.066053,0.000000,0.000000,0.000000,1.000000,0.050000
1782448463.606646,-1,0.000539,inf,SAFE_STAND,0.000000,0.004286,-0.011701,0.066072,0.000000,0.000000,0.000000,1.000000,0.050000
1782448463.626880,-1,0.000463,inf,SAFE_STAND,0.000000,0.004278,-0.011673,0.066057,0.000000,0.000000,0.000000,1.000000,0.050000
1782448463.647443,-1,0.000499,inf,SAFE_STAND,0.000000,0.004271,-0.011679,0.066061,0.000000,0.000000,0.000000,1.000000,0.050000
1782448463.667514,-1,0.000493,inf,SAFE_STAND,0.000000,0.004269,-0.011660,0.066057,0.000000,0.000000,0.000000,1.000000,0.050000
1782448463.687581,-1,0.000476,inf,SAFE_STAND,0.000000,0.004266,-0.011680,0.066048,0.000000,0.000000,0.000000,1.000000,0.050000
1782448463.707658,-1,0.000475,inf,SAFE_STAND,0.000000,0.004260,-0.011673,0.066060,0.000000,0.000000,0.000000,1.000000,0.050000
1782448463.728130,-1,0.000464,inf,SAFE_STAND,0.000000,0.004267,-0.011626,0.066105,0.000000,0.000000,0.000000,1.000000,0.050000
1782448463.748255,-1,0.000514,inf,SAFE_STAND,0.000000,0.004286,-0.011608,0.066078,0.000000,0.000000,0.000000,1.000000,0.050000
1782448463.768595,-1,0.000774,inf,SAFE_STAND,0.000000,0.004292,-0.011620,0.066052,0.000000,0.000000,0.000000,1.000000,0.050000
1782448463.788378,-1,0.000477,inf,SAFE_STAND,0.000000,0.004291,-0.011604,0.066066,0.000000,0.000000,0.000000,1.000000,0.050000
1782448463.809619,-1,0.001361,74740.628746,SAFE_STAND,0.000000,0.004312,-0.011642,0.066078,0.000000,0.000000,0.000000,1.000000,0.050000
1782448463.828832,-1,0.000490,inf,SAFE_STAND,0.000000,0.004291,-0.011594,0.066083,0.000000,0.000000,0.000000,1.000000,0.050000
1782448463.848868,-1,0.000451,inf,SAFE_STAND,0.000000,0.004289,-0.011600,0.066061,0.000000,0.000000,0.000000,1.000000,0.050000
1782448463.869006,-1,0.000511,inf,SAFE_STAND,0.000000,0.004273,-0.011621,0.066045,0.000000,0.000000,0.000000,1.000000,0.050000
1782448463.889539,-1,0.000452,inf,SAFE_STAND,0.000000,0.004268,-0.011633,0.066040,0.000000,0.000000,0.000000,1.000000,0.050000
1782448463.909615,-1,0.000442,inf,SAFE_STAND,0.000000,0.004270,-0.011621,0.066005,0.000000,0.000000,0.000000,1.000000,0.050000
1782448463.929740,-1,0.000495,inf,SAFE_STAND,0.000000,0.004298,-0.011622,0.066017,0.000000,0.000000,0.000000,1.000000,0.050000
1782448463.949850,-1,0.000528,inf,SAFE_STAND,0.000000,0.004304,-0.011609,0.065994,0.000000,0.000000,0.000000,1.000000,0.050000
1782448463.970518,-1,0.000777,inf,SAFE_STAND,0.000000,0.004329,-0.011626,0.065997,0.000000,0.000000,0.000000,1.000000,0.050000
1782448463.990359,-1,0.000528,inf,SAFE_STAND,0.000000,0.004333,-0.011633,0.065956,0.000000,0.000000,0.000000,1.000000,0.050000
1782448464.010334,-1,0.000424,inf,SAFE_STAND,0.000000,0.004361,-0.011604,0.065953,0.000000,0.000000,0.000000,1.000000,0.050000
1782448464.030410,-1,0.000428,inf,SAFE_STAND,0.000000,0.004370,-0.011573,0.065996,0.000000,0.000000,0.000000,1.000000,0.050000
1782448464.050774,-1,0.000710,inf,SAFE_STAND,0.000000,0.004347,-0.011601,0.066011,0.000000,0.000000,0.000000,1.000000,0.050000
1782448464.070889,-1,0.000747,inf,SAFE_STAND,0.000000,0.004363,-0.011644,0.066040,0.000000,0.000000,0.000000,1.000000,0.050000
1782448464.090845,-1,0.000623,inf,SAFE_STAND,0.000000,0.004332,-0.011657,0.066027,0.000000,0.000000,0.000000,1.000000,0.050000
1782448464.110800,-1,0.000456,inf,SAFE_STAND,0.000000,0.004314,-0.011650,0.065999,0.000000,0.000000,0.000000,1.000000,0.050000
1782448464.130934,-1,0.000481,inf,SAFE_STAND,0.000000,0.004342,-0.011680,0.066003,0.000000,0.000000,0.000000,1.000000,0.050000
1782448464.150971,-1,0.000443,inf,SAFE_STAND,0.000000,0.004363,-0.011674,0.066015,0.000000,0.000000,0.000000,1.000000,0.050000
1782448464.171069,-1,0.000465,inf,SAFE_STAND,0.000000,0.004382,-0.011664,0.066037,0.000000,0.000000,0.000000,1.000000,0.050000
1782448464.191132,-1,0.000451,inf,SAFE_STAND,0.000000,0.004393,-0.011727,0.066084,0.000000,0.000000,0.000000,1.000000,0.050000
1782448464.211818,-1,0.000467,inf,SAFE_STAND,0.000000,0.004366,-0.011747,0.066098,0.000000,0.000000,0.000000,1.000000,0.050000
1782448464.231884,-1,0.000458,inf,SAFE_STAND,0.000000,0.004356,-0.011793,0.066106,0.000000,0.000000,0.000000,1.000000,0.050000
1782448464.251953,-1,0.000446,inf,SAFE_STAND,0.000000,0.004319,-0.011781,0.066129,0.000000,0.000000,0.000000,1.000000,0.050000
1782448464.272441,-1,0.000480,inf,SAFE_STAND,0.000000,0.004334,-0.011796,0.066089,0.000000,0.000000,0.000000,1.000000,0.050000
1782448464.292533,-1,0.000467,inf,SAFE_STAND,0.000000,0.004352,-0.011760,0.066075,0.000000,0.000000,0.000000,1.000000,0.050000
1782448464.313037,-1,0.000892,74741.132335,SAFE_STAND,0.000000,0.004354,-0.011786,0.066025,0.000000,0.000000,0.000000,1.000000,0.050000
1782448464.332704,-1,0.000483,inf,SAFE_STAND,0.000000,0.004353,-0.011801,0.066028,0.000000,0.000000,0.000000,1.000000,0.050000
1782448464.353178,-1,0.000478,inf,SAFE_STAND,0.000000,0.004338,-0.011773,0.066026,0.000000,0.000000,0.000000,1.000000,0.050000
1782448464.373278,-1,0.000496,inf,SAFE_STAND,0.000000,0.004338,-0.011822,0.066037,0.000000,0.000000,0.000000,1.000000,0.050000
1782448464.393400,-1,0.000537,inf,SAFE_STAND,0.000000,0.004341,-0.011811,0.066041,0.000000,0.000000,0.000000,1.000000,0.050000
1782448464.414068,-1,0.000850,inf,SAFE_STAND,0.000000,0.004344,-0.011831,0.066046,0.000000,0.000000,0.000000,1.000000,0.050000
1782448464.434152,-1,0.000493,inf,SAFE_STAND,0.000000,0.004350,-0.011813,0.066076,0.000000,0.000000,0.000000,1.000000,0.050000
1782448464.454217,-1,0.000482,inf,SAFE_STAND,0.000000,0.004347,-0.011861,0.066149,0.000000,0.000000,0.000000,1.000000,0.050000
1782448464.474545,-1,0.000729,inf,SAFE_STAND,0.000000,0.004348,-0.011849,0.066194,0.000000,0.000000,0.000000,1.000000,0.050000
1782448464.494561,-1,0.000667,inf,SAFE_STAND,0.000000,0.004328,-0.011876,0.066200,0.000000,0.000000,0.000000,1.000000,0.050000
1782448464.514558,-1,0.000477,inf,SAFE_STAND,0.000000,0.004343,-0.011838,0.066212,0.000000,0.000000,0.000000,1.000000,0.050000
1782448464.534653,-1,0.000489,inf,SAFE_STAND,0.000000,0.004333,-0.011823,0.066219,0.000000,0.000000,0.000000,1.000000,0.050000
1782448464.554705,-1,0.000463,inf,SAFE_STAND,0.000000,0.004329,-0.011831,0.066223,0.000000,0.000000,0.000000,1.000000,0.050000
1782448464.574807,-1,0.000484,inf,SAFE_STAND,0.000000,0.004312,-0.011870,0.066206,0.000000,0.000000,0.000000,1.000000,0.050000
1782448464.594860,-1,0.000462,inf,SAFE_STAND,0.000000,0.004329,-0.011847,0.066217,0.000000,0.000000,0.000000,1.000000,0.050000
1782448464.615343,-1,0.000654,inf,SAFE_STAND,0.000000,0.004341,-0.011847,0.066245,0.000000,0.000000,0.000000,1.000000,0.050000
1782448464.635426,-1,0.000664,inf,SAFE_STAND,0.000000,0.004298,-0.011797,0.066214,0.000000,0.000000,0.000000,1.000000,0.050000
1782448464.655291,-1,0.000453,inf,SAFE_STAND,0.000000,0.004314,-0.011796,0.066191,0.000000,0.000000,0.000000,1.000000,0.050000
1782448464.675389,-1,0.000471,inf,SAFE_STAND,0.000000,0.004298,-0.011820,0.066217,0.000000,0.000000,0.000000,1.000000,0.050000
1782448464.695466,-1,0.000469,inf,SAFE_STAND,0.000000,0.004288,-0.011787,0.066222,0.000000,0.000000,0.000000,1.000000,0.050000
1782448464.715521,-1,0.000445,inf,SAFE_STAND,0.000000,0.004293,-0.011846,0.066260,0.000000,0.000000,0.000000,1.000000,0.050000
1782448464.736041,-1,0.000478,inf,SAFE_STAND,0.000000,0.004287,-0.011832,0.066252,0.000000,0.000000,0.000000,1.000000,0.050000
1782448464.756203,-1,0.000490,inf,SAFE_STAND,0.000000,0.004308,-0.011860,0.066251,0.000000,0.000000,0.000000,1.000000,0.050000
1782448464.776942,-1,0.000811,inf,SAFE_STAND,0.000000,0.004316,-0.011878,0.066308,0.000000,0.000000,0.000000,1.000000,0.050000
1782448464.796928,-1,0.000717,inf,SAFE_STAND,0.000000,0.004309,-0.011890,0.066347,0.000000,0.000000,0.000000,1.000000,0.050000
1782448464.816973,-1,0.000630,74741.636504,SAFE_STAND,0.000000,0.004291,-0.011882,0.066343,0.000000,0.000000,0.000000,1.000000,0.050000
1782448464.836912,-1,0.000490,inf,SAFE_STAND,0.000000,0.004274,-0.011930,0.066342,0.000000,0.000000,0.000000,1.000000,0.050000
1782448464.856980,-1,0.000479,inf,SAFE_STAND,0.000000,0.004269,-0.011896,0.066311,0.000000,0.000000,0.000000,1.000000,0.050000
1782448464.877502,-1,0.000704,inf,SAFE_STAND,0.000000,0.004282,-0.011938,0.066271,0.000000,0.000000,0.000000,1.000000,0.050000
1782448464.897491,-1,0.000435,inf,SAFE_STAND,0.000000,0.004259,-0.011901,0.066230,0.000000,0.000000,0.000000,1.000000,0.050000
1782448464.917730,-1,0.000468,inf,SAFE_STAND,0.000000,0.004267,-0.011902,0.066206,0.000000,0.000000,0.000000,1.000000,0.050000
1782448464.938306,-1,0.000476,inf,SAFE_STAND,0.000000,0.004264,-0.011888,0.066153,0.000000,0.000000,0.000000,1.000000,0.050000
1782448464.958493,-1,0.000477,inf,SAFE_STAND,0.000000,0.004272,-0.011911,0.066144,0.000000,0.000000,0.000000,1.000000,0.050000
1782448464.979136,-1,0.000818,inf,SAFE_STAND,0.000000,0.004263,-0.011898,0.066123,0.000000,0.000000,0.000000,1.000000,0.050000
1782448464.999015,-1,0.000623,inf,SAFE_STAND,0.000000,0.004262,-0.011886,0.066091,0.000000,0.000000,0.000000,1.000000,0.050000
1782448465.019099,-1,0.000632,inf,SAFE_STAND,0.000000,0.004229,-0.011908,0.066101,0.000000,0.000000,0.000000,1.000000,0.050000
1782448465.039110,-1,0.000403,inf,SAFE_STAND,0.000000,0.004223,-0.011969,0.066120,0.000000,0.000000,0.000000,1.000000,0.050000
1782448465.059233,-1,0.000455,inf,SAFE_STAND,0.000000,0.004218,-0.011993,0.066195,0.000000,0.000000,0.000000,1.000000,0.050000
1782448465.079276,-1,0.000425,inf,SAFE_STAND,0.000000,0.004200,-0.011982,0.066216,0.000000,0.000000,0.000000,1.000000,0.050000
1782448465.099774,-1,0.000625,inf,SAFE_STAND,0.000000,0.004193,-0.011985,0.066227,0.000000,0.000000,0.000000,1.000000,0.050000
1782448465.119897,-1,0.000676,inf,SAFE_STAND,0.000000,0.004199,-0.011965,0.066254,0.000000,0.000000,0.000000,1.000000,0.050000
1782448465.139754,-1,0.000422,inf,SAFE_STAND,0.000000,0.004221,-0.011947,0.066247,0.000000,0.000000,0.000000,1.000000,0.050000
1782448465.159911,-1,0.000500,inf,SAFE_STAND,0.000000,0.004224,-0.011903,0.066220,0.000000,0.000000,0.000000,1.000000,0.050000
1782448465.180013,-1,0.000523,inf,SAFE_STAND,0.000000,0.004217,-0.011885,0.066234,0.000000,0.000000,0.000000,1.000000,0.050000
1782448465.200541,-1,0.000728,inf,SAFE_STAND,0.000000,0.004226,-0.011905,0.066258,0.000000,0.000000,0.000000,1.000000,0.050000
1782448465.220548,-1,0.000460,inf,SAFE_STAND,0.000000,0.004224,-0.011898,0.066252,0.000000,0.000000,0.000000,1.000000,0.050000
1782448465.240727,-1,0.000509,inf,SAFE_STAND,0.000000,0.004221,-0.011895,0.066319,0.000000,0.000000,0.000000,1.000000,0.050000
1782448465.261365,-1,0.000813,inf,SAFE_STAND,0.000000,0.004236,-0.011860,0.066365,0.000000,0.000000,0.000000,1.000000,0.050000
1782448465.281327,-1,0.000683,inf,SAFE_STAND,0.000000,0.004238,-0.011890,0.066325,0.000000,0.000000,0.000000,1.000000,0.050000
1782448465.301167,-1,0.000433,inf,SAFE_STAND,0.000000,0.004242,-0.011897,0.066348,0.000000,0.000000,0.000000,1.000000,0.050000
1782448465.321471,-1,0.000640,74742.141010,SAFE_STAND,0.000000,0.004225,-0.011945,0.066332,0.000000,0.000000,0.000000,1.000000,0.050000
1782448465.341414,-1,0.000506,inf,SAFE_STAND,0.000000,0.004228,-0.011906,0.066316,0.000000,0.000000,0.000000,1.000000,0.050000
1782448465.361504,-1,0.000512,inf,SAFE_STAND,0.000000,0.004208,-0.011931,0.066332,0.000000,0.000000,0.000000,1.000000,0.050000
1782448465.382153,-1,0.000504,inf,SAFE_STAND,0.000000,0.004214,-0.011918,0.066323,0.000000,0.000000,0.000000,1.000000,0.050000
1782448465.402206,-1,0.000481,inf,SAFE_STAND,0.000000,0.004236,-0.011863,0.066307,0.000000,0.000000,0.000000,1.000000,0.050000
1782448465.422284,-1,0.000473,inf,SAFE_STAND,0.000000,0.004220,-0.011882,0.066290,0.000000,0.000000,0.000000,1.000000,0.050000
1782448465.442794,-1,0.000690,inf,SAFE_STAND,0.000000,0.004223,-0.011886,0.066340,0.000000,0.000000,0.000000,1.000000,0.050000
1782448465.462866,-1,0.000523,inf,SAFE_STAND,0.000000,0.004242,-0.011893,0.066334,0.000000,0.000000,0.000000,1.000000,0.050000
1782448465.482896,-1,0.000473,inf,SAFE_STAND,0.000000,0.004219,-0.011903,0.066380,0.000000,0.000000,0.000000,1.000000,0.050000
1782448465.503372,-1,0.000658,inf,SAFE_STAND,0.000000,0.004222,-0.011895,0.066376,0.000000,0.000000,0.000000,1.000000,0.050000
1782448465.523628,-1,0.000838,inf,SAFE_STAND,0.000000,0.004206,-0.011921,0.066359,0.000000,0.000000,0.000000,1.000000,0.050000
1782448465.543832,-1,0.000620,inf,SAFE_STAND,0.000000,0.004204,-0.011945,0.066375,0.000000,0.000000,0.000000,1.000000,0.050000
1782448465.563770,-1,0.000480,inf,SAFE_STAND,0.000000,0.004188,-0.011953,0.066385,0.000000,0.000000,0.000000,1.000000,0.050000
1782448465.584428,-1,0.000453,inf,SAFE_STAND,0.000000,0.004197,-0.011944,0.066364,0.000000,0.000000,0.000000,1.000000,0.050000
1782448465.604505,-1,0.000454,inf,SAFE_STAND,0.000000,0.004202,-0.011944,0.066365,0.000000,0.000000,0.000000,1.000000,0.050000
1782448465.624610,-1,0.000480,inf,SAFE_STAND,0.000000,0.004200,-0.011953,0.066351,0.000000,0.000000,0.000000,1.000000,0.050000
1782448465.645115,-1,0.000686,inf,SAFE_STAND,0.000000,0.004163,-0.011927,0.066354,0.000000,0.000000,0.000000,1.000000,0.050000
1782448465.665183,-1,0.000678,inf,SAFE_STAND,0.000000,0.004137,-0.011926,0.066356,0.000000,0.000000,0.000000,1.000000,0.050000
1782448465.685190,-1,0.000535,inf,SAFE_STAND,0.000000,0.004132,-0.011939,0.066381,0.000000,0.000000,0.000000,1.000000,0.050000
1782448465.705252,-1,0.000431,inf,SAFE_STAND,0.000000,0.004121,-0.011974,0.066355,0.000000,0.000000,0.000000,1.000000,0.050000
1782448465.725613,-1,0.000715,inf,SAFE_STAND,0.000000,0.004107,-0.011992,0.066309,0.000000,0.000000,0.000000,1.000000,0.050000
1782448465.745793,-1,0.000805,inf,SAFE_STAND,0.000000,0.004125,-0.011984,0.066310,0.000000,0.000000,0.000000,1.000000,0.050000
1782448465.765874,-1,0.000810,inf,SAFE_STAND,0.000000,0.004122,-0.011999,0.066328,0.000000,0.000000,0.000000,1.000000,0.050000
1782448465.785995,-1,0.000502,inf,SAFE_STAND,0.000000,0.004142,-0.011974,0.066299,0.000000,0.000000,0.000000,1.000000,0.050000
1782448465.806097,-1,0.000524,inf,SAFE_STAND,0.000000,0.004153,-0.011921,0.066301,0.000000,0.000000,0.000000,1.000000,0.050000
1782448465.826513,-1,0.000861,74742.645831,SAFE_STAND,0.000000,0.004165,-0.011931,0.066309,0.000000,0.000000,0.000000,1.000000,0.050000
1782448465.846476,-1,0.000748,inf,SAFE_STAND,0.000000,0.004184,-0.011956,0.066314,0.000000,0.000000,0.000000,1.000000,0.050000
1782448465.866535,-1,0.000562,inf,SAFE_STAND,0.000000,0.004208,-0.011953,0.066267,0.000000,0.000000,0.000000,1.000000,0.050000
1782448465.886618,-1,0.000497,inf,SAFE_STAND,0.000000,0.004222,-0.011974,0.066260,0.000000,0.000000,0.000000,1.000000,0.050000
1782448465.907231,-1,0.000813,inf,SAFE_STAND,0.000000,0.004201,-0.011982,0.066235,0.000000,0.000000,0.000000,1.000000,0.050000
1782448465.927239,-1,0.000719,inf,SAFE_STAND,0.000000,0.004212,-0.011980,0.066238,0.000000,0.000000,0.000000,1.000000,0.050000
1782448465.947270,-1,0.000672,inf,SAFE_STAND,0.000000,0.004244,-0.012012,0.066273,0.000000,0.000000,0.000000,1.000000,0.050000
1782448465.967321,-1,0.000634,inf,SAFE_STAND,0.000000,0.004214,-0.012041,0.066274,0.000000,0.000000,0.000000,1.000000,0.050000
1782448465.987317,-1,0.000434,inf,SAFE_STAND,0.000000,0.004226,-0.012021,0.066262,0.000000,0.000000,0.000000,1.000000,0.050000
1782448466.007458,-1,0.000431,inf,SAFE_STAND,0.000000,0.004220,-0.012031,0.066200,0.000000,0.000000,0.000000,1.000000,0.050000
1782448466.027816,-1,0.000668,inf,SAFE_STAND,0.000000,0.004222,-0.012021,0.066213,0.000000,0.000000,0.000000,1.000000,0.050000
1782448466.047864,-1,0.000639,inf,SAFE_STAND,0.000000,0.004234,-0.012002,0.066185,0.000000,0.000000,0.000000,1.000000,0.050000
1782448466.067974,-1,0.000490,inf,SAFE_STAND,0.000000,0.004216,-0.012040,0.066199,0.000000,0.000000,0.000000,1.000000,0.050000
1782448466.088083,-1,0.000523,inf,SAFE_STAND,0.000000,0.004166,-0.012062,0.066194,0.000000,0.000000,0.000000,1.000000,0.050000
1782448466.108711,-1,0.000834,inf,SAFE_STAND,0.000000,0.004170,-0.012047,0.066207,0.000000,0.000000,0.000000,1.000000,0.050000
1782448466.128805,-1,0.000839,inf,SAFE_STAND,0.000000,0.004160,-0.012085,0.066184,0.000000,0.000000,0.000000,1.000000,0.050000
1782448466.148547,-1,0.000443,inf,SAFE_STAND,0.000000,0.004156,-0.012041,0.066183,0.000000,0.000000,0.000000,1.000000,0.050000
1782448466.168703,-1,0.000459,inf,SAFE_STAND,0.000000,0.004172,-0.012029,0.066222,0.000000,0.000000,0.000000,1.000000,0.050000
1782448466.188802,-1,0.000481,inf,SAFE_STAND,0.000000,0.004173,-0.011994,0.066212,0.000000,0.000000,0.000000,1.000000,0.050000
1782448466.209173,-1,0.000773,inf,SAFE_STAND,0.000000,0.004169,-0.012017,0.066252,0.000000,0.000000,0.000000,1.000000,0.050000
1782448466.229233,-1,0.000750,inf,SAFE_STAND,0.000000,0.004193,-0.012031,0.066220,0.000000,0.000000,0.000000,1.000000,0.050000
1782448466.249474,-1,0.000903,inf,SAFE_STAND,0.000000,0.004215,-0.012024,0.066217,0.000000,0.000000,0.000000,1.000000,0.050000
1782448466.269585,-1,0.000571,inf,SAFE_STAND,0.000000,0.004195,-0.012080,0.066207,0.000000,0.000000,0.000000,1.000000,0.050000
1782448466.289568,-1,0.000471,inf,SAFE_STAND,0.000000,0.004192,-0.012068,0.066203,0.000000,0.000000,0.000000,1.000000,0.050000
1782448466.309664,-1,0.000493,inf,SAFE_STAND,0.000000,0.004197,-0.012075,0.066178,0.000000,0.000000,0.000000,1.000000,0.050000
1782448466.330856,-1,0.001008,74743.150012,SAFE_STAND,0.000000,0.004205,-0.012084,0.066191,0.000000,0.000000,0.000000,1.000000,0.050000
1782448466.350427,-1,0.000498,inf,SAFE_STAND,0.000000,0.004207,-0.012097,0.066166,0.000000,0.000000,0.000000,1.000000,0.050000
1782448466.371159,-1,0.000795,inf,SAFE_STAND,0.000000,0.004188,-0.012103,0.066154,0.000000,0.000000,0.000000,1.000000,0.050000
1782448466.391056,-1,0.000435,inf,SAFE_STAND,0.000000,0.004180,-0.012042,0.066111,0.000000,0.000000,0.000000,1.000000,0.050000
1782448466.411127,-1,0.000433,inf,SAFE_STAND,0.000000,0.004182,-0.012060,0.066110,0.000000,0.000000,0.000000,1.000000,0.050000
1782448466.431255,-1,0.000434,inf,SAFE_STAND,0.000000,0.004168,-0.012064,0.066126,0.000000,0.000000,0.000000,1.000000,0.050000
1782448466.451934,-1,0.000726,inf,SAFE_STAND,0.000000,0.004186,-0.012047,0.066144,0.000000,0.000000,0.000000,1.000000,0.050000
1782448466.471876,-1,0.000459,inf,SAFE_STAND,0.000000,0.004162,-0.012114,0.066136,0.000000,0.000000,0.000000,1.000000,0.050000
1782448466.492254,-1,0.000687,inf,SAFE_STAND,0.000000,0.004189,-0.012148,0.066170,0.000000,0.000000,0.000000,1.000000,0.050000
1782448466.512393,-1,0.000696,inf,SAFE_STAND,0.000000,0.004177,-0.012190,0.066199,0.000000,0.000000,0.000000,1.000000,0.050000
1782448466.532561,-1,0.000729,inf,SAFE_STAND,0.000000,0.004169,-0.012209,0.066182,0.000000,0.000000,0.000000,1.000000,0.050000
1782448466.552455,-1,0.000454,inf,SAFE_STAND,0.000000,0.004175,-0.012244,0.066179,0.000000,0.000000,0.000000,1.000000,0.050000
1782448466.572643,-1,0.000438,inf,SAFE_STAND,0.000000,0.004168,-0.012244,0.066199,0.000000,0.000000,0.000000,1.000000,0.050000
1782448466.593176,-1,0.000853,inf,SAFE_STAND,0.000000,0.004171,-0.012279,0.066237,0.000000,0.000000,0.000000,1.000000,0.050000
1782448466.613236,-1,0.000789,inf,SAFE_STAND,0.000000,0.004146,-0.012236,0.066229,0.000000,0.000000,0.000000,1.000000,0.050000
1782448466.633232,-1,0.000507,inf,SAFE_STAND,0.000000,0.004152,-0.012239,0.066265,0.000000,0.000000,0.000000,1.000000,0.050000
1782448466.653269,-1,0.000464,inf,SAFE_STAND,0.000000,0.004131,-0.012208,0.066209,0.000000,0.000000,0.000000,1.000000,0.050000
1782448466.673410,-1,0.000527,inf,SAFE_STAND,0.000000,0.004132,-0.012182,0.066257,0.000000,0.000000,0.000000,1.000000,0.050000
1782448466.693400,-1,0.000433,inf,SAFE_STAND,0.000000,0.004141,-0.012135,0.066275,0.000000,0.000000,0.000000,1.000000,0.050000
1782448466.713935,-1,0.000453,inf,SAFE_STAND,0.000000,0.004114,-0.012139,0.066260,0.000000,0.000000,0.000000,1.000000,0.050000
1782448466.734021,-1,0.000458,inf,SAFE_STAND,0.000000,0.004074,-0.012170,0.066260,0.000000,0.000000,0.000000,1.000000,0.050000
1782448466.754126,-1,0.000486,inf,SAFE_STAND,0.000000,0.004058,-0.012147,0.066227,0.000000,0.000000,0.000000,1.000000,0.050000
1782448466.774229,-1,0.000508,inf,SAFE_STAND,0.000000,0.004083,-0.012148,0.066206,0.000000,0.000000,0.000000,1.000000,0.050000
1782448466.794840,-1,0.000797,inf,SAFE_STAND,0.000000,0.004085,-0.012169,0.066213,0.000000,0.000000,0.000000,1.000000,0.050000
1782448466.814840,-1,0.000585,inf,SAFE_STAND,0.000000,0.004058,-0.012131,0.066143,0.000000,0.000000,0.000000,1.000000,0.050000
1782448466.835232,-1,0.000895,74743.654475,SAFE_STAND,0.000000,0.004064,-0.012115,0.066142,0.000000,0.000000,0.000000,1.000000,0.050000
1782448466.854947,-1,0.000534,inf,SAFE_STAND,0.000000,0.004057,-0.012149,0.066138,0.000000,0.000000,0.000000,1.000000,0.050000
1782448466.875662,-1,0.000935,inf,SAFE_STAND,0.000000,0.004040,-0.012122,0.066160,0.000000,0.000000,0.000000,1.000000,0.050000
1782448466.895584,-1,0.000599,inf,SAFE_STAND,0.000000,0.004027,-0.012157,0.066153,0.000000,0.000000,0.000000,1.000000,0.050000
1782448466.915547,-1,0.000472,inf,SAFE_STAND,0.000000,0.004009,-0.012167,0.066156,0.000000,0.000000,0.000000,1.000000,0.050000
1782448466.935671,-1,0.000516,inf,SAFE_STAND,0.000000,0.004013,-0.012177,0.066120,0.000000,0.000000,0.000000,1.000000,0.050000
1782448466.955931,-1,0.000694,inf,SAFE_STAND,0.000000,0.004002,-0.012158,0.066071,0.000000,0.000000,0.000000,1.000000,0.050000
1782448466.976048,-1,0.000674,inf,SAFE_STAND,0.000000,0.004016,-0.012189,0.066055,0.000000,0.000000,0.000000,1.000000,0.050000
1782448466.996179,-1,0.000463,inf,SAFE_STAND,0.000000,0.004009,-0.012209,0.066040,0.000000,0.000000,0.000000,1.000000,0.050000
1782448467.016230,-1,0.000438,inf,SAFE_STAND,0.000000,0.004003,-0.012215,0.066040,0.000000,0.000000,0.000000,1.000000,0.050000
1782448467.036329,-1,0.000462,inf,SAFE_STAND,0.000000,0.004014,-0.012200,0.065995,0.000000,0.000000,0.000000,1.000000,0.050000
1782448467.056416,-1,0.000470,inf,SAFE_STAND,0.000000,0.004004,-0.012236,0.065924,0.000000,0.000000,0.000000,1.000000,0.050000
1782448467.076942,-1,0.000693,inf,SAFE_STAND,0.000000,0.004001,-0.012242,0.065932,0.000000,0.000000,0.000000,1.000000,0.050000
1782448467.096774,-1,0.000427,inf,SAFE_STAND,0.000000,0.004003,-0.012248,0.065934,0.000000,0.000000,0.000000,1.000000,0.050000
1782448467.116860,-1,0.000437,inf,SAFE_STAND,0.000000,0.004005,-0.012297,0.065907,0.000000,0.000000,0.000000,1.000000,0.050000
1782448467.136948,-1,0.000450,inf,SAFE_STAND,0.000000,0.003992,-0.012316,0.065874,0.000000,0.000000,0.000000,1.000000,0.050000
1782448467.157305,-1,0.000731,inf,SAFE_STAND,0.000000,0.004009,-0.012328,0.065905,0.000000,0.000000,0.000000,1.000000,0.050000
1782448467.177349,-1,0.000694,inf,SAFE_STAND,0.000000,0.004027,-0.012346,0.065885,0.000000,0.000000,0.000000,1.000000,0.050000
1782448467.197167,-1,0.000435,inf,SAFE_STAND,0.000000,0.004021,-0.012349,0.065906,0.000000,0.000000,0.000000,1.000000,0.050000
1782448467.217465,-1,0.000439,inf,SAFE_STAND,0.000000,0.004002,-0.012344,0.065874,0.000000,0.000000,0.000000,1.000000,0.050000
1782448467.237543,-1,0.000444,inf,SAFE_STAND,0.000000,0.003973,-0.012322,0.065853,0.000000,0.000000,0.000000,1.000000,0.050000
1782448467.257614,-1,0.000441,inf,SAFE_STAND,0.000000,0.003971,-0.012302,0.065830,0.000000,0.000000,0.000000,1.000000,0.050000
1782448467.277744,-1,0.000496,inf,SAFE_STAND,0.000000,0.003987,-0.012326,0.065813,0.000000,0.000000,0.000000,1.000000,0.050000
1782448467.298122,-1,0.000795,inf,SAFE_STAND,0.000000,0.004023,-0.012269,0.065794,0.000000,0.000000,0.000000,1.000000,0.050000
1782448467.318059,-1,0.000659,inf,SAFE_STAND,0.000000,0.004028,-0.012278,0.065825,0.000000,0.000000,0.000000,1.000000,0.050000
1782448467.338249,-1,0.000629,74744.157792,SAFE_STAND,0.000000,0.004057,-0.012303,0.065792,0.000000,0.000000,0.000000,1.000000,0.050000
1782448467.358160,-1,0.000462,inf,SAFE_STAND,0.000000,0.004072,-0.012323,0.065787,0.000000,0.000000,0.000000,1.000000,0.050000
1782448467.378279,-1,0.000507,inf,SAFE_STAND,0.000000,0.004063,-0.012330,0.065728,0.000000,0.000000,0.000000,1.000000,0.050000
1782448467.398734,-1,0.000662,inf,SAFE_STAND,0.000000,0.004070,-0.012337,0.065734,0.000000,0.000000,0.000000,1.000000,0.050000
1782448467.418767,-1,0.000423,inf,SAFE_STAND,0.000000,0.004075,-0.012317,0.065728,0.000000,0.000000,0.000000,1.000000,0.050000
1782448467.438824,-1,0.000410,inf,SAFE_STAND,0.000000,0.004078,-0.012324,0.065723,0.000000,0.000000,0.000000,1.000000,0.050000
1782448467.458976,-1,0.000480,inf,SAFE_STAND,0.000000,0.004054,-0.012239,0.065719,0.000000,0.000000,0.000000,1.000000,0.050000
1782448467.479040,-1,0.000464,inf,SAFE_STAND,0.000000,0.004042,-0.012234,0.065707,0.000000,0.000000,0.000000,1.000000,0.050000
1782448467.499622,-1,0.000610,inf,SAFE_STAND,0.000000,0.004054,-0.012246,0.065696,0.000000,0.000000,0.000000,1.000000,0.050000
1782448467.519548,-1,0.000446,inf,SAFE_STAND,0.000000,0.004040,-0.012284,0.065684,0.000000,0.000000,0.000000,1.000000,0.050000
1782448467.539701,-1,0.000446,inf,SAFE_STAND,0.000000,0.004050,-0.012322,0.065668,0.000000,0.000000,0.000000,1.000000,0.050000
1782448467.559773,-1,0.000439,inf,SAFE_STAND,0.000000,0.004016,-0.012332,0.065624,0.000000,0.000000,0.000000,1.000000,0.050000
1782448467.580857,-1,0.000822,inf,SAFE_STAND,0.000000,0.004040,-0.012338,0.065659,0.000000,0.000000,0.000000,1.000000,0.050000
1782448467.601348,-1,0.000797,inf,SAFE_STAND,0.000000,0.004049,-0.012319,0.065637,0.000000,0.000000,0.000000,1.000000,0.050000
1782448467.622950,-1,0.001594,inf,SAFE_STAND,0.000000,0.004061,-0.012301,0.065624,0.000000,0.000000,0.000000,1.000000,0.050000
1782448467.642566,-1,0.000800,inf,SAFE_STAND,0.000000,0.004066,-0.012263,0.065617,0.000000,0.000000,0.000000,1.000000,0.050000
1782448467.663113,-1,0.001157,inf,SAFE_STAND,0.000000,0.004083,-0.012291,0.065618,0.000000,0.000000,0.000000,1.000000,0.050000
1782448467.683302,-1,0.001188,inf,SAFE_STAND,0.000000,0.004079,-0.012346,0.065615,0.000000,0.000000,0.000000,1.000000,0.050000
1782448467.703526,-1,0.001247,inf,SAFE_STAND,0.000000,0.004079,-0.012325,0.065578,0.000000,0.000000,0.000000,1.000000,0.050000
1782448467.724066,-1,0.001121,inf,SAFE_STAND,0.000000,0.004069,-0.012330,0.065539,0.000000,0.000000,0.000000,1.000000,0.050000
1782448467.744240,-1,0.000830,inf,SAFE_STAND,0.000000,0.004059,-0.012352,0.065541,0.000000,0.000000,0.000000,1.000000,0.050000
1782448467.765076,-1,0.001091,inf,SAFE_STAND,0.000000,0.004077,-0.012381,0.065533,0.000000,0.000000,0.000000,1.000000,0.050000
1782448467.785485,-1,0.001082,inf,SAFE_STAND,0.000000,0.004093,-0.012385,0.065495,0.000000,0.000000,0.000000,1.000000,0.050000
1782448467.805076,-1,0.000579,inf,SAFE_STAND,0.000000,0.004098,-0.012366,0.065524,0.000000,0.000000,0.000000,1.000000,0.050000
1782448467.825288,-1,0.000705,inf,SAFE_STAND,0.000000,0.004060,-0.012436,0.065493,0.000000,0.000000,0.000000,1.000000,0.050000
1782448467.845449,-1,0.000775,74744.664985,SAFE_STAND,0.000000,0.004051,-0.012442,0.065478,0.000000,0.000000,0.000000,1.000000,0.050000
1782448467.865347,-1,0.000475,inf,SAFE_STAND,0.000000,0.004074,-0.012449,0.065524,0.000000,0.000000,0.000000,1.000000,0.050000
1782448467.885449,-1,0.000498,inf,SAFE_STAND,0.000000,0.004069,-0.012470,0.065516,0.000000,0.000000,0.000000,1.000000,0.050000
1782448467.905454,-1,0.000417,inf,SAFE_STAND,0.000000,0.004063,-0.012445,0.065456,0.000000,0.000000,0.000000,1.000000,0.050000
1782448467.925568,-1,0.000461,inf,SAFE_STAND,0.000000,0.004070,-0.012483,0.065460,0.000000,0.000000,0.000000,1.000000,0.050000
1782448467.945866,-1,0.000683,inf,SAFE_STAND,0.000000,0.004086,-0.012427,0.065468,0.000000,0.000000,0.000000,1.000000,0.050000
1782448467.965950,-1,0.000483,inf,SAFE_STAND,0.000000,0.004085,-0.012458,0.065449,0.000000,0.000000,0.000000,1.000000,0.050000
1782448467.986061,-1,0.000443,inf,SAFE_STAND,0.000000,0.004090,-0.012430,0.065454,0.000000,0.000000,0.000000,1.000000,0.050000
1782448468.006158,-1,0.000459,inf,SAFE_STAND,0.000000,0.004104,-0.012389,0.065420,0.000000,0.000000,0.000000,1.000000,0.050000
1782448468.026185,-1,0.000415,inf,SAFE_STAND,0.000000,0.004095,-0.012399,0.065380,0.000000,0.000000,0.000000,1.000000,0.050000
1782448468.046259,-1,0.000419,inf,SAFE_STAND,0.000000,0.004092,-0.012398,0.065363,0.000000,0.000000,0.000000,1.000000,0.050000
1782448468.066925,-1,0.000408,inf,SAFE_STAND,0.000000,0.004103,-0.012356,0.065379,0.000000,0.000000,0.000000,1.000000,0.050000
1782448468.087065,-1,0.000475,inf,SAFE_STAND,0.000000,0.004108,-0.012397,0.065378,0.000000,0.000000,0.000000,1.000000,0.050000
1782448468.107503,-1,0.000521,inf,SAFE_STAND,0.000000,0.004104,-0.012389,0.065384,0.000000,0.000000,0.000000,1.000000,0.050000
1782448468.127550,-1,0.000469,inf,SAFE_STAND,0.000000,0.004070,-0.012430,0.065374,0.000000,0.000000,0.000000,1.000000,0.050000
1782448468.147657,-1,0.000442,inf,SAFE_STAND,0.000000,0.004070,-0.012402,0.065389,0.000000,0.000000,0.000000,1.000000,0.050000
1782448468.167727,-1,0.000434,inf,SAFE_STAND,0.000000,0.004056,-0.012412,0.065427,0.000000,0.000000,0.000000,1.000000,0.050000
1782448468.187995,-1,0.000631,inf,SAFE_STAND,0.000000,0.004026,-0.012397,0.065381,0.000000,0.000000,0.000000,1.000000,0.050000
1782448468.208084,-1,0.000647,inf,SAFE_STAND,0.000000,0.004019,-0.012399,0.065386,0.000000,0.000000,0.000000,1.000000,0.050000
1782448468.228156,-1,0.000643,inf,SAFE_STAND,0.000000,0.004039,-0.012428,0.065401,0.000000,0.000000,0.000000,1.000000,0.050000
1782448468.248170,-1,0.000452,inf,SAFE_STAND,0.000000,0.004046,-0.012403,0.065359,0.000000,0.000000,0.000000,1.000000,0.050000
1782448468.268408,-1,0.000612,inf,SAFE_STAND,0.000000,0.004064,-0.012401,0.065378,0.000000,0.000000,0.000000,1.000000,0.050000
1782448468.289061,-1,0.000944,inf,SAFE_STAND,0.000000,0.004081,-0.012418,0.065337,0.000000,0.000000,0.000000,1.000000,0.050000
1782448468.309046,-1,0.000847,inf,SAFE_STAND,0.000000,0.004108,-0.012453,0.065354,0.000000,0.000000,0.000000,1.000000,0.050000
1782448468.328924,-1,0.000623,inf,SAFE_STAND,0.000000,0.004108,-0.012500,0.065436,0.000000,0.000000,0.000000,1.000000,0.050000
1782448468.349204,-1,0.000726,74745.168668,SAFE_STAND,0.000000,0.004112,-0.012492,0.065358,0.000000,0.000000,0.000000,1.000000,0.050000
1782448468.369279,-1,0.000505,inf,SAFE_STAND,0.000000,0.004138,-0.012515,0.065344,0.000000,0.000000,0.000000,1.000000,0.050000
1782448468.389537,-1,0.000671,inf,SAFE_STAND,0.000000,0.004126,-0.012545,0.065350,0.000000,0.000000,0.000000,1.000000,0.050000
1782448468.409669,-1,0.000704,inf,SAFE_STAND,0.000000,0.004126,-0.012517,0.065339,0.000000,0.000000,0.000000,1.000000,0.050000
1782448468.429736,-1,0.000695,inf,SAFE_STAND,0.000000,0.004157,-0.012515,0.065335,0.000000,0.000000,0.000000,1.000000,0.050000
1782448468.449769,-1,0.000516,inf,SAFE_STAND,0.000000,0.004151,-0.012489,0.065371,0.000000,0.000000,0.000000,1.000000,0.050000
1782448468.469805,-1,0.000477,inf,SAFE_STAND,0.000000,0.004135,-0.012481,0.065318,0.000000,0.000000,0.000000,1.000000,0.050000
1782448468.490114,-1,0.000709,inf,SAFE_STAND,0.000000,0.004122,-0.012500,0.065286,0.000000,0.000000,0.000000,1.000000,0.050000
1782448468.510102,-1,0.000648,inf,SAFE_STAND,0.000000,0.004122,-0.012482,0.065291,0.000000,0.000000,0.000000,1.000000,0.050000
1782448468.530312,-1,0.000783,inf,SAFE_STAND,0.000000,0.004093,-0.012426,0.065272,0.000000,0.000000,0.000000,1.000000,0.050000
1782448468.550418,-1,0.000815,inf,SAFE_STAND,0.000000,0.004082,-0.012411,0.065268,0.000000,0.000000,0.000000,1.000000,0.050000
1782448468.570440,-1,0.000456,inf,SAFE_STAND,0.000000,0.004074,-0.012446,0.065287,0.000000,0.000000,0.000000,1.000000,0.050000
1782448468.590561,-1,0.000499,inf,SAFE_STAND,0.000000,0.004110,-0.012453,0.065310,0.000000,0.000000,0.000000,1.000000,0.050000
1782448468.611174,-1,0.000439,inf,SAFE_STAND,0.000000,0.004088,-0.012410,0.065284,0.000000,0.000000,0.000000,1.000000,0.050000
1782448468.631270,-1,0.000460,inf,SAFE_STAND,0.000000,0.004084,-0.012420,0.065276,0.000000,0.000000,0.000000,1.000000,0.050000
1782448468.651323,-1,0.000443,inf,SAFE_STAND,0.000000,0.004107,-0.012420,0.065242,0.000000,0.000000,0.000000,1.000000,0.050000
1782448468.671945,-1,0.000437,inf,SAFE_STAND,0.000000,0.004114,-0.012434,0.065239,0.000000,0.000000,0.000000,1.000000,0.050000
1782448468.691972,-1,0.000389,inf,SAFE_STAND,0.000000,0.004122,-0.012448,0.065279,0.000000,0.000000,0.000000,1.000000,0.050000
1782448468.712089,-1,0.000438,inf,SAFE_STAND,0.000000,0.004114,-0.012465,0.065318,0.000000,0.000000,0.000000,1.000000,0.050000
1782448468.732162,-1,0.000434,inf,SAFE_STAND,0.000000,0.004134,-0.012508,0.065342,0.000000,0.000000,0.000000,1.000000,0.050000
1782448468.752658,-1,0.000634,inf,SAFE_STAND,0.000000,0.004137,-0.012486,0.065365,0.000000,0.000000,0.000000,1.000000,0.050000
1782448468.772609,-1,0.000488,inf,SAFE_STAND,0.000000,0.004122,-0.012507,0.065387,0.000000,0.000000,0.000000,1.000000,0.050000
1782448468.792647,-1,0.000450,inf,SAFE_STAND,0.000000,0.004116,-0.012509,0.065394,0.000000,0.000000,0.000000,1.000000,0.050000
1782448468.812729,-1,0.000456,inf,SAFE_STAND,0.000000,0.004125,-0.012494,0.065410,0.000000,0.000000,0.000000,1.000000,0.050000
1782448468.832777,-1,0.000431,inf,SAFE_STAND,0.000000,0.004121,-0.012493,0.065402,0.000000,0.000000,0.000000,1.000000,0.050000
1782448468.853752,-1,0.000643,74745.673313,SAFE_STAND,0.000000,0.004092,-0.012492,0.065426,0.000000,0.000000,0.000000,1.000000,0.050000
1782448468.873784,-1,0.000590,inf,SAFE_STAND,0.000000,0.004093,-0.012530,0.065446,0.000000,0.000000,0.000000,1.000000,0.050000
1782448468.894040,-1,0.000761,inf,SAFE_STAND,0.000000,0.004095,-0.012538,0.065471,0.000000,0.000000,0.000000,1.000000,0.050000
1782448468.914120,-1,0.000768,inf,SAFE_STAND,0.000000,0.004078,-0.012558,0.065458,0.000000,0.000000,0.000000,1.000000,0.050000
1782448468.934098,-1,0.000487,inf,SAFE_STAND,0.000000,0.004109,-0.012515,0.065475,0.000000,0.000000,0.000000,1.000000,0.050000
1782448468.954151,-1,0.000453,inf,SAFE_STAND,0.000000,0.004119,-0.012529,0.065498,0.000000,0.000000,0.000000,1.000000,0.050000
1782448468.974203,-1,0.000433,inf,SAFE_STAND,0.000000,0.004108,-0.012510,0.065522,0.000000,0.000000,0.000000,1.000000,0.050000
1782448468.994267,-1,0.000424,inf,SAFE_STAND,0.000000,0.004130,-0.012494,0.065520,0.000000,0.000000,0.000000,1.000000,0.050000
1782448469.014849,-1,0.000421,inf,SAFE_STAND,0.000000,0.004150,-0.012482,0.065534,0.000000,0.000000,0.000000,1.000000,0.050000
1782448469.034946,-1,0.000446,inf,SAFE_STAND,0.000000,0.004122,-0.012459,0.065495,0.000000,0.000000,0.000000,1.000000,0.050000
1782448469.055048,-1,0.000472,inf,SAFE_STAND,0.000000,0.004145,-0.012450,0.065469,0.000000,0.000000,0.000000,1.000000,0.050000
1782448469.075104,-1,0.000456,inf,SAFE_STAND,0.000000,0.004144,-0.012429,0.065490,0.000000,0.000000,0.000000,1.000000,0.050000
1782448469.095798,-1,0.000417,inf,SAFE_STAND,0.000000,0.004138,-0.012425,0.065493,0.000000,0.000000,0.000000,1.000000,0.050000
1782448469.116477,-1,0.000677,inf,SAFE_STAND,0.000000,0.004126,-0.012443,0.065480,0.000000,0.000000,0.000000,1.000000,0.050000
1782448469.136409,-1,0.000423,inf,SAFE_STAND,0.000000,0.004100,-0.012454,0.065447,0.000000,0.000000,0.000000,1.000000,0.050000
1782448469.156503,-1,0.000442,inf,SAFE_STAND,0.000000,0.004121,-0.012461,0.065461,0.000000,0.000000,0.000000,1.000000,0.050000
1782448469.176594,-1,0.000459,inf,SAFE_STAND,0.000000,0.004111,-0.012392,0.065488,0.000000,0.000000,0.000000,1.000000,0.050000
1782448469.196690,-1,0.000474,inf,SAFE_STAND,0.000000,0.004116,-0.012398,0.065508,0.000000,0.000000,0.000000,1.000000,0.050000
1782448469.216988,-1,0.000688,inf,SAFE_STAND,0.000000,0.004105,-0.012404,0.065468,0.000000,0.000000,0.000000,1.000000,0.050000
1782448469.237057,-1,0.000680,inf,SAFE_STAND,0.000000,0.004111,-0.012419,0.065533,0.000000,0.000000,0.000000,1.000000,0.050000
1782448469.257098,-1,0.000647,inf,SAFE_STAND,0.000000,0.004089,-0.012459,0.065497,0.000000,0.000000,0.000000,1.000000,0.050000
1782448469.277254,-1,0.000544,inf,SAFE_STAND,0.000000,0.004105,-0.012481,0.065534,0.000000,0.000000,0.000000,1.000000,0.050000
1782448469.297200,-1,0.000408,inf,SAFE_STAND,0.000000,0.004101,-0.012473,0.065533,0.000000,0.000000,0.000000,1.000000,0.050000
1782448469.317341,-1,0.000474,inf,SAFE_STAND,0.000000,0.004098,-0.012453,0.065540,0.000000,0.000000,0.000000,1.000000,0.050000
1782448469.337974,-1,0.000748,inf,SAFE_STAND,0.000000,0.004110,-0.012473,0.065557,0.000000,0.000000,0.000000,1.000000,0.050000
1782448469.357978,-1,0.000675,74746.177488,SAFE_STAND,0.000000,0.004139,-0.012503,0.065574,0.000000,0.000000,0.000000,1.000000,0.050000
1782448469.377846,-1,0.000457,inf,SAFE_STAND,0.000000,0.004109,-0.012534,0.065552,0.000000,0.000000,0.000000,1.000000,0.050000
1782448469.397938,-1,0.000464,inf,SAFE_STAND,0.000000,0.004096,-0.012577,0.065572,0.000000,0.000000,0.000000,1.000000,0.050000
1782448469.417950,-1,0.000405,inf,SAFE_STAND,0.000000,0.004100,-0.012611,0.065577,0.000000,0.000000,0.000000,1.000000,0.050000
1782448469.438651,-1,0.000420,inf,SAFE_STAND,0.000000,0.004079,-0.012563,0.065534,0.000000,0.000000,0.000000,1.000000,0.050000
1782448469.458779,-1,0.000478,inf,SAFE_STAND,0.000000,0.004102,-0.012573,0.065523,0.000000,0.000000,0.000000,1.000000,0.050000
1782448469.478923,-1,0.000544,inf,SAFE_STAND,0.000000,0.004096,-0.012518,0.065516,0.000000,0.000000,0.000000,1.000000,0.050000
1782448469.499541,-1,0.000418,inf,SAFE_STAND,0.000000,0.004078,-0.012514,0.065476,0.000000,0.000000,0.000000,1.000000,0.050000
1782448469.519693,-1,0.000499,inf,SAFE_STAND,0.000000,0.004076,-0.012535,0.065434,0.000000,0.000000,0.000000,1.000000,0.050000
1782448469.540444,-1,0.000558,inf,SAFE_STAND,0.000000,0.004058,-0.012536,0.065489,0.000000,0.000000,0.000000,1.000000,0.050000
1782448469.560461,-1,0.000496,inf,SAFE_STAND,0.000000,0.004067,-0.012520,0.065497,0.000000,0.000000,0.000000,1.000000,0.050000
1782448469.581062,-1,0.000669,inf,SAFE_STAND,0.000000,0.004072,-0.012490,0.065492,0.000000,0.000000,0.000000,1.000000,0.050000
1782448469.601076,-1,0.000439,inf,SAFE_STAND,0.000000,0.004088,-0.012522,0.065513,0.000000,0.000000,0.000000,1.000000,0.050000
1782448469.621175,-1,0.000466,inf,SAFE_STAND,0.000000,0.004068,-0.012511,0.065465,0.000000,0.000000,0.000000,1.000000,0.050000
1782448469.641777,-1,0.000777,inf,SAFE_STAND,0.000000,0.004093,-0.012482,0.065461,0.000000,0.000000,0.000000,1.000000,0.050000
1782448469.661844,-1,0.000758,inf,SAFE_STAND,0.000000,0.004088,-0.012513,0.065444,0.000000,0.000000,0.000000,1.000000,0.050000
1782448469.681844,-1,0.000677,inf,SAFE_STAND,0.000000,0.004086,-0.012515,0.065414,0.000000,0.000000,0.000000,1.000000,0.050000
1782448469.701733,-1,0.000473,inf,SAFE_STAND,0.000000,0.004081,-0.012477,0.065410,0.000000,0.000000,0.000000,1.000000,0.050000
1782448469.721835,-1,0.000498,inf,SAFE_STAND,0.000000,0.004081,-0.012491,0.065419,0.000000,0.000000,0.000000,1.000000,0.050000
1782448469.741900,-1,0.000487,inf,SAFE_STAND,0.000000,0.004084,-0.012510,0.065416,0.000000,0.000000,0.000000,1.000000,0.050000
1782448469.762191,-1,0.000717,inf,SAFE_STAND,0.000000,0.004088,-0.012472,0.065425,0.000000,0.000000,0.000000,1.000000,0.050000
1782448469.782712,-1,0.000931,inf,SAFE_STAND,0.000000,0.004087,-0.012457,0.065472,0.000000,0.000000,0.000000,1.000000,0.050000
1782448469.802485,-1,0.000554,inf,SAFE_STAND,0.000000,0.004116,-0.012420,0.065456,0.000000,0.000000,0.000000,1.000000,0.050000
1782448469.822499,-1,0.000484,inf,SAFE_STAND,0.000000,0.004110,-0.012355,0.065460,0.000000,0.000000,0.000000,1.000000,0.050000
1782448469.842782,-1,0.000476,inf,SAFE_STAND,0.000000,0.004147,-0.012379,0.065494,0.000000,0.000000,0.000000,1.000000,0.050000
1782448469.863359,-1,0.000615,74746.682887,SAFE_STAND,0.000000,0.004154,-0.012406,0.065464,0.000000,0.000000,0.000000,1.000000,0.050000
1782448469.883335,-1,0.000515,inf,SAFE_STAND,0.000000,0.004148,-0.012450,0.065472,0.000000,0.000000,0.000000,1.000000,0.050000
1782448469.903365,-1,0.000466,inf,SAFE_STAND,0.000000,0.004140,-0.012464,0.065432,0.000000,0.000000,0.000000,1.000000,0.050000
1782448469.923464,-1,0.000491,inf,SAFE_STAND,0.000000,0.004149,-0.012505,0.065426,0.000000,0.000000,0.000000,1.000000,0.050000
1782448469.943933,-1,0.000438,inf,SAFE_STAND,0.000000,0.004122,-0.012524,0.065444,0.000000,0.000000,0.000000,1.000000,0.050000
1782448469.964008,-1,0.000440,inf,SAFE_STAND,0.000000,0.004134,-0.012554,0.065448,0.000000,0.000000,0.000000,1.000000,0.050000
1782448469.984051,-1,0.000411,inf,SAFE_STAND,0.000000,0.004095,-0.012580,0.065436,0.000000,0.000000,0.000000,1.000000,0.050000
1782448470.004172,-1,0.000452,inf,SAFE_STAND,0.000000,0.004094,-0.012625,0.065452,0.000000,0.000000,0.000000,1.000000,0.050000
1782448470.024449,-1,0.000649,inf,SAFE_STAND,0.000000,0.004085,-0.012637,0.065456,0.000000,0.000000,0.000000,1.000000,0.050000
1782448470.044627,-1,0.000708,inf,SAFE_STAND,0.000000,0.004081,-0.012642,0.065477,0.000000,0.000000,0.000000,1.000000,0.050000
1782448470.064578,-1,0.000431,inf,SAFE_STAND,0.000000,0.004067,-0.012659,0.065458,0.000000,0.000000,0.000000,1.000000,0.050000
1782448470.084689,-1,0.000421,inf,SAFE_STAND,0.000000,0.004112,-0.012673,0.065482,0.000000,0.000000,0.000000,1.000000,0.050000
1782448470.104846,-1,0.000450,inf,SAFE_STAND,0.000000,0.004116,-0.012675,0.065468,0.000000,0.000000,0.000000,1.000000,0.050000
1782448470.125412,-1,0.000931,inf,SAFE_STAND,0.000000,0.004117,-0.012632,0.065502,0.000000,0.000000,0.000000,1.000000,0.050000
1782448470.145417,-1,0.000842,inf,SAFE_STAND,0.000000,0.004103,-0.012651,0.065499,0.000000,0.000000,0.000000,1.000000,0.050000
1782448470.165730,-1,0.000801,inf,SAFE_STAND,0.000000,0.004080,-0.012666,0.065478,0.000000,0.000000,0.000000,1.000000,0.050000
1782448470.186190,-1,0.000739,inf,SAFE_STAND,0.000000,0.004027,-0.012698,0.065409,0.000000,0.000000,0.000000,1.000000,0.050000
1782448470.206256,-1,0.000441,inf,SAFE_STAND,0.000000,0.004013,-0.012697,0.065456,0.000000,0.000000,0.000000,1.000000,0.050000
1782448470.226335,-1,0.000438,inf,SAFE_STAND,0.000000,0.004030,-0.012658,0.065447,0.000000,0.000000,0.000000,1.000000,0.050000
1782448470.246412,-1,0.000439,inf,SAFE_STAND,0.000000,0.004014,-0.012673,0.065458,0.000000,0.000000,0.000000,1.000000,0.050000
1782448470.266989,-1,0.000446,inf,SAFE_STAND,0.000000,0.004008,-0.012669,0.065453,0.000000,0.000000,0.000000,1.000000,0.050000
1782448470.287194,-1,0.000479,inf,SAFE_STAND,0.000000,0.004021,-0.012640,0.065473,0.000000,0.000000,0.000000,1.000000,0.050000
1782448470.307758,-1,0.000697,inf,SAFE_STAND,0.000000,0.003998,-0.012620,0.065451,0.000000,0.000000,0.000000,1.000000,0.050000
1782448470.327577,-1,0.000455,inf,SAFE_STAND,0.000000,0.003980,-0.012635,0.065441,0.000000,0.000000,0.000000,1.000000,0.050000
1782448470.347887,-1,0.000447,inf,SAFE_STAND,0.000000,0.004017,-0.012612,0.065445,0.000000,0.000000,0.000000,1.000000,0.050000
1782448470.368451,-1,0.000879,74747.187788,SAFE_STAND,0.000000,0.004008,-0.012591,0.065429,0.000000,0.000000,0.000000,1.000000,0.050000
1782448470.388412,-1,0.000713,inf,SAFE_STAND,0.000000,0.004010,-0.012599,0.065425,0.000000,0.000000,0.000000,1.000000,0.050000
1782448470.408615,-1,0.000835,inf,SAFE_STAND,0.000000,0.004003,-0.012580,0.065459,0.000000,0.000000,0.000000,1.000000,0.050000
1782448470.428500,-1,0.000467,inf,SAFE_STAND,0.000000,0.004000,-0.012578,0.065500,0.000000,0.000000,0.000000,1.000000,0.050000
1782448470.448556,-1,0.000450,inf,SAFE_STAND,0.000000,0.004005,-0.012559,0.065465,0.000000,0.000000,0.000000,1.000000,0.050000
1782448470.469104,-1,0.000706,inf,SAFE_STAND,0.000000,0.004019,-0.012522,0.065492,0.000000,0.000000,0.000000,1.000000,0.050000
1782448470.489166,-1,0.000691,inf,SAFE_STAND,0.000000,0.003998,-0.012557,0.065492,0.000000,0.000000,0.000000,1.000000,0.050000
1782448470.509253,-1,0.000474,inf,SAFE_STAND,0.000000,0.004019,-0.012579,0.065449,0.000000,0.000000,0.000000,1.000000,0.050000
1782448470.529380,-1,0.000462,inf,SAFE_STAND,0.000000,0.004009,-0.012628,0.065471,0.000000,0.000000,0.000000,1.000000,0.050000
1782448470.549525,-1,0.000513,inf,SAFE_STAND,0.000000,0.004025,-0.012592,0.065484,0.000000,0.000000,0.000000,1.000000,0.050000
1782448470.569947,-1,0.000636,inf,SAFE_STAND,0.000000,0.004031,-0.012604,0.065505,0.000000,0.000000,0.000000,1.000000,0.050000
1782448470.589965,-1,0.000463,inf,SAFE_STAND,0.000000,0.004006,-0.012640,0.065506,0.000000,0.000000,0.000000,1.000000,0.050000
1782448470.610024,-1,0.000445,inf,SAFE_STAND,0.000000,0.004007,-0.012641,0.065538,0.000000,0.000000,0.000000,1.000000,0.050000
1782448470.630112,-1,0.000461,inf,SAFE_STAND,0.000000,0.003996,-0.012658,0.065539,0.000000,0.000000,0.000000,1.000000,0.050000
1782448470.650634,-1,0.000672,inf,SAFE_STAND,0.000000,0.003968,-0.012657,0.065562,0.000000,0.000000,0.000000,1.000000,0.050000
1782448470.670586,-1,0.000477,inf,SAFE_STAND,0.000000,0.003991,-0.012591,0.065520,0.000000,0.000000,0.000000,1.000000,0.050000
1782448470.690751,-1,0.000431,inf,SAFE_STAND,0.000000,0.003999,-0.012623,0.065539,0.000000,0.000000,0.000000,1.000000,0.050000
1782448470.710850,-1,0.000453,inf,SAFE_STAND,0.000000,0.004017,-0.012630,0.065549,0.000000,0.000000,0.000000,1.000000,0.050000
1782448470.730936,-1,0.000468,inf,SAFE_STAND,0.000000,0.004024,-0.012638,0.065565,0.000000,0.000000,0.000000,1.000000,0.050000
1782448470.751449,-1,0.000684,inf,SAFE_STAND,0.000000,0.004048,-0.012600,0.065604,0.000000,0.000000,0.000000,1.000000,0.050000
1782448470.771532,-1,0.000482,inf,SAFE_STAND,0.000000,0.004034,-0.012582,0.065648,0.000000,0.000000,0.000000,1.000000,0.050000
1782448470.791604,-1,0.000476,inf,SAFE_STAND,0.000000,0.004025,-0.012561,0.065633,0.000000,0.000000,0.000000,1.000000,0.050000
1782448470.811633,-1,0.000430,inf,SAFE_STAND,0.000000,0.004020,-0.012505,0.065589,0.000000,0.000000,0.000000,1.000000,0.050000
1782448470.831691,-1,0.000417,inf,SAFE_STAND,0.000000,0.004008,-0.012540,0.065630,0.000000,0.000000,0.000000,1.000000,0.050000
1782448470.852363,-1,0.000444,inf,SAFE_STAND,0.000000,0.004028,-0.012515,0.065660,0.000000,0.000000,0.000000,1.000000,0.050000
1782448470.873068,-1,0.001075,74747.692197,SAFE_STAND,0.000000,0.004039,-0.012484,0.065677,0.000000,0.000000,0.000000,1.000000,0.050000
1782448470.892556,-1,0.000481,inf,SAFE_STAND,0.000000,0.004030,-0.012445,0.065704,0.000000,0.000000,0.000000,1.000000,0.050000
1782448470.912948,-1,0.000423,inf,SAFE_STAND,0.000000,0.004021,-0.012401,0.065719,0.000000,0.000000,0.000000,1.000000,0.050000
1782448470.933081,-1,0.000454,inf,SAFE_STAND,0.000000,0.004021,-0.012458,0.065736,0.000000,0.000000,0.000000,1.000000,0.050000
1782448470.953167,-1,0.000467,inf,SAFE_STAND,0.000000,0.004022,-0.012409,0.065772,0.000000,0.000000,0.000000,1.000000,0.050000
1782448470.973608,-1,0.000618,inf,SAFE_STAND,0.000000,0.004040,-0.012405,0.065807,0.000000,0.000000,0.000000,1.000000,0.050000
1782448470.993634,-1,0.000407,inf,SAFE_STAND,0.000000,0.004065,-0.012450,0.065818,0.000000,0.000000,0.000000,1.000000,0.050000
1782448471.013705,-1,0.000407,inf,SAFE_STAND,0.000000,0.004054,-0.012450,0.065850,0.000000,0.000000,0.000000,1.000000,0.050000
1782448471.033786,-1,0.000415,inf,SAFE_STAND,0.000000,0.004059,-0.012410,0.065889,0.000000,0.000000,0.000000,1.000000,0.050000
1782448471.054329,-1,0.000664,inf,SAFE_STAND,0.000000,0.004062,-0.012397,0.065877,0.000000,0.000000,0.000000,1.000000,0.050000
1782448471.074380,-1,0.000638,inf,SAFE_STAND,0.000000,0.004046,-0.012384,0.065885,0.000000,0.000000,0.000000,1.000000,0.050000
1782448471.094419,-1,0.000423,inf,SAFE_STAND,0.000000,0.004048,-0.012374,0.065887,0.000000,0.000000,0.000000,1.000000,0.050000
1782448471.114482,-1,0.000416,inf,SAFE_STAND,0.000000,0.004027,-0.012393,0.065885,0.000000,0.000000,0.000000,1.000000,0.050000
1782448471.134573,-1,0.000434,inf,SAFE_STAND,0.000000,0.003991,-0.012437,0.065934,0.000000,0.000000,0.000000,1.000000,0.050000
1782448471.154668,-1,0.000455,inf,SAFE_STAND,0.000000,0.004004,-0.012449,0.065951,0.000000,0.000000,0.000000,1.000000,0.050000
1782448471.175037,-1,0.000749,inf,SAFE_STAND,0.000000,0.004013,-0.012450,0.065934,0.000000,0.000000,0.000000,1.000000,0.050000
1782448471.195042,-1,0.000678,inf,SAFE_STAND,0.000000,0.004010,-0.012438,0.065956,0.000000,0.000000,0.000000,1.000000,0.050000
1782448471.214998,-1,0.000415,inf,SAFE_STAND,0.000000,0.004013,-0.012426,0.066004,0.000000,0.000000,0.000000,1.000000,0.050000
1782448471.235081,-1,0.000427,inf,SAFE_STAND,0.000000,0.003973,-0.012421,0.066016,0.000000,0.000000,0.000000,1.000000,0.050000
1782448471.255171,-1,0.000445,inf,SAFE_STAND,0.000000,0.003977,-0.012444,0.066063,0.000000,0.000000,0.000000,1.000000,0.050000
1782448471.275321,-1,0.000473,inf,SAFE_STAND,0.000000,0.003988,-0.012440,0.066065,0.000000,0.000000,0.000000,1.000000,0.050000
1782448471.295884,-1,0.000434,inf,SAFE_STAND,0.000000,0.003958,-0.012465,0.066043,0.000000,0.000000,0.000000,1.000000,0.050000
1782448471.315950,-1,0.000425,inf,SAFE_STAND,0.000000,0.003990,-0.012448,0.066016,0.000000,0.000000,0.000000,1.000000,0.050000
1782448471.336138,-1,0.000535,inf,SAFE_STAND,0.000000,0.003987,-0.012437,0.065995,0.000000,0.000000,0.000000,1.000000,0.050000
1782448471.356450,-1,0.000476,inf,SAFE_STAND,0.000000,0.003982,-0.012434,0.066016,0.000000,0.000000,0.000000,1.000000,0.050000
1782448471.376760,-1,0.000645,74748.196276,SAFE_STAND,0.000000,0.003983,-0.012478,0.065984,0.000000,0.000000,0.000000,1.000000,0.050000
1782448471.396684,-1,0.000493,inf,SAFE_STAND,0.000000,0.003993,-0.012482,0.066016,0.000000,0.000000,0.000000,1.000000,0.050000
1782448471.416947,-1,0.000453,inf,SAFE_STAND,0.000000,0.003994,-0.012470,0.066050,0.000000,0.000000,0.000000,1.000000,0.050000
1782448471.437485,-1,0.000694,inf,SAFE_STAND,0.000000,0.004002,-0.012472,0.066068,0.000000,0.000000,0.000000,1.000000,0.050000
1782448471.457368,-1,0.000499,inf,SAFE_STAND,0.000000,0.004029,-0.012417,0.066033,0.000000,0.000000,0.000000,1.000000,0.050000
1782448471.477420,-1,0.000475,inf,SAFE_STAND,0.000000,0.004005,-0.012428,0.065990,0.000000,0.000000,0.000000,1.000000,0.050000
1782448471.497910,-1,0.000662,inf,SAFE_STAND,0.000000,0.004003,-0.012410,0.065983,0.000000,0.000000,0.000000,1.000000,0.050000
1782448471.518048,-1,0.000726,inf,SAFE_STAND,0.000000,0.004000,-0.012422,0.066013,0.000000,0.000000,0.000000,1.000000,0.050000
1782448471.538008,-1,0.000496,inf,SAFE_STAND,0.000000,0.004010,-0.012433,0.066033,0.000000,0.000000,0.000000,1.000000,0.050000
1782448471.558094,-1,0.000444,inf,SAFE_STAND,0.000000,0.004014,-0.012433,0.066080,0.000000,0.000000,0.000000,1.000000,0.050000
1782448471.578221,-1,0.000494,inf,SAFE_STAND,0.000000,0.003979,-0.012457,0.066102,0.000000,0.000000,0.000000,1.000000,0.050000
1782448471.598241,-1,0.000439,inf,SAFE_STAND,0.000000,0.003993,-0.012460,0.066112,0.000000,0.000000,0.000000,1.000000,0.050000
1782448471.618731,-1,0.000641,inf,SAFE_STAND,0.000000,0.003999,-0.012469,0.066128,0.000000,0.000000,0.000000,1.000000,0.050000
1782448471.638822,-1,0.000454,inf,SAFE_STAND,0.000000,0.003989,-0.012519,0.066127,0.000000,0.000000,0.000000,1.000000,0.050000
1782448471.658879,-1,0.000436,inf,SAFE_STAND,0.000000,0.003990,-0.012548,0.066133,0.000000,0.000000,0.000000,1.000000,0.050000
1782448471.678946,-1,0.000430,inf,SAFE_STAND,0.000000,0.003992,-0.012557,0.066167,0.000000,0.000000,0.000000,1.000000,0.050000
1782448471.699497,-1,0.000658,inf,SAFE_STAND,0.000000,0.003973,-0.012583,0.066188,0.000000,0.000000,0.000000,1.000000,0.050000
1782448471.719468,-1,0.000470,inf,SAFE_STAND,0.000000,0.003975,-0.012618,0.066236,0.000000,0.000000,0.000000,1.000000,0.050000
1782448471.739541,-1,0.000465,inf,SAFE_STAND,0.000000,0.003958,-0.012634,0.066256,0.000000,0.000000,0.000000,1.000000,0.050000
1782448471.759605,-1,0.000453,inf,SAFE_STAND,0.000000,0.003960,-0.012650,0.066281,0.000000,0.000000,0.000000,1.000000,0.050000
1782448471.779647,-1,0.000421,inf,SAFE_STAND,0.000000,0.003972,-0.012722,0.066291,0.000000,0.000000,0.000000,1.000000,0.050000
1782448471.799710,-1,0.000414,inf,SAFE_STAND,0.000000,0.003981,-0.012747,0.066316,0.000000,0.000000,0.000000,1.000000,0.050000
1782448471.820031,-1,0.000658,inf,SAFE_STAND,0.000000,0.003983,-0.012692,0.066238,0.000000,0.000000,0.000000,1.000000,0.050000
1782448471.840058,-1,0.000425,inf,SAFE_STAND,0.000000,0.004010,-0.012666,0.066261,0.000000,0.000000,0.000000,1.000000,0.050000
1782448471.860259,-1,0.000553,inf,SAFE_STAND,0.000000,0.004019,-0.012637,0.066306,0.000000,0.000000,0.000000,1.000000,0.050000
1782448471.880560,-1,0.000706,74748.700024,SAFE_STAND,0.000000,0.004016,-0.012601,0.066300,0.000000,0.000000,0.000000,1.000000,0.050000
1782448471.901102,-1,0.000733,inf,SAFE_STAND,0.000000,0.004025,-0.012585,0.066325,0.000000,0.000000,0.000000,1.000000,0.050000
1782448471.921058,-1,0.000522,inf,SAFE_STAND,0.000000,0.004036,-0.012551,0.066325,0.000000,0.000000,0.000000,1.000000,0.050000
1782448471.941079,-1,0.000466,inf,SAFE_STAND,0.000000,0.004028,-0.012549,0.066322,0.000000,0.000000,0.000000,1.000000,0.050000
1782448471.961139,-1,0.000452,inf,SAFE_STAND,0.000000,0.004017,-0.012511,0.066340,0.000000,0.000000,0.000000,1.000000,0.050000
1782448471.981177,-1,0.000416,inf,SAFE_STAND,0.000000,0.004050,-0.012476,0.066364,0.000000,0.000000,0.000000,1.000000,0.050000
1782448472.001731,-1,0.000468,inf,SAFE_STAND,0.000000,0.004051,-0.012450,0.066376,0.000000,0.000000,0.000000,1.000000,0.050000
1782448472.021829,-1,0.000481,inf,SAFE_STAND,0.000000,0.004063,-0.012428,0.066367,0.000000,0.000000,0.000000,1.000000,0.050000
1782448472.041847,-1,0.000453,inf,SAFE_STAND,0.000000,0.004083,-0.012447,0.066361,0.000000,0.000000,0.000000,1.000000,0.050000
1782448472.062124,-1,0.000668,inf,SAFE_STAND,0.000000,0.004056,-0.012412,0.066380,0.000000,0.000000,0.000000,1.000000,0.050000
1782448472.082215,-1,0.000683,inf,SAFE_STAND,0.000000,0.004077,-0.012392,0.066383,0.000000,0.000000,0.000000,1.000000,0.050000
1782448472.102284,-1,0.000680,inf,SAFE_STAND,0.000000,0.004111,-0.012362,0.066416,0.000000,0.000000,0.000000,1.000000,0.050000
1782448472.122491,-1,0.000809,inf,SAFE_STAND,0.000000,0.004111,-0.012311,0.066357,0.000000,0.000000,0.000000,1.000000,0.050000
1782448472.142526,-1,0.000616,inf,SAFE_STAND,0.000000,0.004102,-0.012259,0.066293,0.000000,0.000000,0.000000,1.000000,0.050000
1782448472.162518,-1,0.000525,inf,SAFE_STAND,0.000000,0.004080,-0.012248,0.066276,0.000000,0.000000,0.000000,1.000000,0.050000
1782448472.182543,-1,0.000465,inf,SAFE_STAND,0.000000,0.004093,-0.012253,0.066242,0.000000,0.000000,0.000000,1.000000,0.050000
1782448472.203038,-1,0.000645,inf,SAFE_STAND,0.000000,0.004125,-0.012269,0.066228,0.000000,0.000000,0.000000,1.000000,0.050000
1782448472.222940,-1,0.000449,inf,SAFE_STAND,0.000000,0.004135,-0.012211,0.066272,0.000000,0.000000,0.000000,1.000000,0.050000
1782448472.242992,-1,0.000426,inf,SAFE_STAND,0.000000,0.004158,-0.012182,0.066253,0.000000,0.000000,0.000000,1.000000,0.050000
1782448472.263128,-1,0.000487,inf,SAFE_STAND,0.000000,0.004156,-0.012159,0.066218,0.000000,0.000000,0.000000,1.000000,0.050000
1782448472.283171,-1,0.000455,inf,SAFE_STAND,0.000000,0.004150,-0.012172,0.066230,0.000000,0.000000,0.000000,1.000000,0.050000
1782448472.303234,-1,0.000440,inf,SAFE_STAND,0.000000,0.004148,-0.012157,0.066221,0.000000,0.000000,0.000000,1.000000,0.050000
1782448472.323644,-1,0.000777,inf,SAFE_STAND,0.000000,0.004160,-0.012177,0.066240,0.000000,0.000000,0.000000,1.000000,0.050000
1782448472.343611,-1,0.000661,inf,SAFE_STAND,0.000000,0.004166,-0.012178,0.066241,0.000000,0.000000,0.000000,1.000000,0.050000
1782448472.363712,-1,0.000483,inf,SAFE_STAND,0.000000,0.004158,-0.012222,0.066206,0.000000,0.000000,0.000000,1.000000,0.050000
1782448472.383894,-1,0.000593,74749.203438,SAFE_STAND,0.000000,0.004172,-0.012214,0.066257,0.000000,0.000000,0.000000,1.000000,0.050000
1782448472.403869,-1,0.000493,inf,SAFE_STAND,0.000000,0.004154,-0.012252,0.066257,0.000000,0.000000,0.000000,1.000000,0.050000
1782448472.424345,-1,0.000487,inf,SAFE_STAND,0.000000,0.004167,-0.012219,0.066196,0.000000,0.000000,0.000000,1.000000,0.050000
1782448472.444466,-1,0.000456,inf,SAFE_STAND,0.000000,0.004146,-0.012220,0.066222,0.000000,0.000000,0.000000,1.000000,0.050000
1782448472.464587,-1,0.000502,inf,SAFE_STAND,0.000000,0.004147,-0.012137,0.066222,0.000000,0.000000,0.000000,1.000000,0.050000
1782448472.484642,-1,0.000480,inf,SAFE_STAND,0.000000,0.004150,-0.012148,0.066293,0.000000,0.000000,0.000000,1.000000,0.050000
1782448472.505113,-1,0.000473,inf,SAFE_STAND,0.000000,0.004153,-0.012117,0.066311,0.000000,0.000000,0.000000,1.000000,0.050000
1782448472.525198,-1,0.000482,inf,SAFE_STAND,0.000000,0.004154,-0.012099,0.066283,0.000000,0.000000,0.000000,1.000000,0.050000
1782448472.545283,-1,0.000485,inf,SAFE_STAND,0.000000,0.004167,-0.012128,0.066251,0.000000,0.000000,0.000000,1.000000,0.050000
1782448472.565355,-1,0.000481,inf,SAFE_STAND,0.000000,0.004164,-0.012077,0.066246,0.000000,0.000000,0.000000,1.000000,0.050000
1782448472.585870,-1,0.000676,inf,SAFE_STAND,0.000000,0.004164,-0.012025,0.066178,0.000000,0.000000,0.000000,1.000000,0.050000
1782448472.605853,-1,0.000490,inf,SAFE_STAND,0.000000,0.004154,-0.012019,0.066190,0.000000,0.000000,0.000000,1.000000,0.050000
1782448472.625895,-1,0.000451,inf,SAFE_STAND,0.000000,0.004168,-0.011961,0.066160,0.000000,0.000000,0.000000,1.000000,0.050000
1782448472.645957,-1,0.000440,inf,SAFE_STAND,0.000000,0.004183,-0.011910,0.066157,0.000000,0.000000,0.000000,1.000000,0.050000
1782448472.666065,-1,0.000474,inf,SAFE_STAND,0.000000,0.004172,-0.011886,0.066138,0.000000,0.000000,0.000000,1.000000,0.050000
1782448472.686136,-1,0.000469,inf,SAFE_STAND,0.000000,0.004176,-0.011900,0.066174,0.000000,0.000000,0.000000,1.000000,0.050000
1782448472.706212,-1,0.000471,inf,SAFE_STAND,0.000000,0.004167,-0.011918,0.066168,0.000000,0.000000,0.000000,1.000000,0.050000
1782448472.726619,-1,0.000478,inf,SAFE_STAND,0.000000,0.004163,-0.011934,0.066162,0.000000,0.000000,0.000000,1.000000,0.050000
1782448472.746714,-1,0.000498,inf,SAFE_STAND,0.000000,0.004138,-0.011893,0.066171,0.000000,0.000000,0.000000,1.000000,0.050000
1782448472.766733,-1,0.000439,inf,SAFE_STAND,0.000000,0.004177,-0.011876,0.066134,0.000000,0.000000,0.000000,1.000000,0.050000
1782448472.787491,-1,0.000462,inf,SAFE_STAND,0.000000,0.004190,-0.011809,0.066170,0.000000,0.000000,0.000000,1.000000,0.050000
1782448472.807567,-1,0.000464,inf,SAFE_STAND,0.000000,0.004201,-0.011758,0.066188,0.000000,0.000000,0.000000,1.000000,0.050000
1782448472.828084,-1,0.000678,inf,SAFE_STAND,0.000000,0.004224,-0.011733,0.066204,0.000000,0.000000,0.000000,1.000000,0.050000
1782448472.848137,-1,0.000658,inf,SAFE_STAND,0.000000,0.004243,-0.011727,0.066205,0.000000,0.000000,0.000000,1.000000,0.050000
1782448472.868019,-1,0.000465,inf,SAFE_STAND,0.000000,0.004253,-0.011715,0.066207,0.000000,0.000000,0.000000,1.000000,0.050000
1782448472.888252,-1,0.000627,74749.707758,SAFE_STAND,0.000000,0.004249,-0.011711,0.066206,0.000000,0.000000,0.000000,1.000000,0.050000
1782448472.908134,-1,0.000430,inf,SAFE_STAND,0.000000,0.004256,-0.011725,0.066229,0.000000,0.000000,0.000000,1.000000,0.050000
1782448472.928454,-1,0.000676,inf,SAFE_STAND,0.000000,0.004249,-0.011742,0.066168,0.000000,0.000000,0.000000,1.000000,0.050000
1782448472.948348,-1,0.000469,inf,SAFE_STAND,0.000000,0.004245,-0.011736,0.066166,0.000000,0.000000,0.000000,1.000000,0.050000
1782448472.968738,-1,0.000451,inf,SAFE_STAND,0.000000,0.004252,-0.011736,0.066162,0.000000,0.000000,0.000000,1.000000,0.050000
1782448472.988800,-1,0.000436,inf,SAFE_STAND,0.000000,0.004260,-0.011736,0.066133,0.000000,0.000000,0.000000,1.000000,0.050000
1782448473.008871,-1,0.000435,inf,SAFE_STAND,0.000000,0.004275,-0.011691,0.066121,0.000000,0.000000,0.000000,1.000000,0.050000
1782448473.028942,-1,0.000434,inf,SAFE_STAND,0.000000,0.004246,-0.011713,0.066093,0.000000,0.000000,0.000000,1.000000,0.050000
1782448473.049615,-1,0.000811,inf,SAFE_STAND,0.000000,0.004252,-0.011719,0.066081,0.000000,0.000000,0.000000,1.000000,0.050000
1782448473.069425,-1,0.000408,inf,SAFE_STAND,0.000000,0.004267,-0.011660,0.066074,0.000000,0.000000,0.000000,1.000000,0.050000
1782448473.089503,-1,0.000412,inf,SAFE_STAND,0.000000,0.004267,-0.011640,0.066038,0.000000,0.000000,0.000000,1.000000,0.050000
1782448473.109591,-1,0.000426,inf,SAFE_STAND,0.000000,0.004281,-0.011612,0.066018,0.000000,0.000000,0.000000,1.000000,0.050000
1782448473.129685,-1,0.000452,inf,SAFE_STAND,0.000000,0.004274,-0.011630,0.066051,0.000000,0.000000,0.000000,1.000000,0.050000
1782448473.150300,-1,0.000775,inf,SAFE_STAND,0.000000,0.004292,-0.011604,0.066032,0.000000,0.000000,0.000000,1.000000,0.050000
1782448473.170177,-1,0.000403,inf,SAFE_STAND,0.000000,0.004335,-0.011580,0.066028,0.000000,0.000000,0.000000,1.000000,0.050000
1782448473.190419,-1,0.000565,inf,SAFE_STAND,0.000000,0.004356,-0.011520,0.065990,0.000000,0.000000,0.000000,1.000000,0.050000
1782448473.211131,-1,0.000975,inf,SAFE_STAND,0.000000,0.004370,-0.011487,0.066009,0.000000,0.000000,0.000000,1.000000,0.050000
1782448473.231069,-1,0.000822,inf,SAFE_STAND,0.000000,0.004390,-0.011432,0.065984,0.000000,0.000000,0.000000,1.000000,0.050000
1782448473.250998,-1,0.000484,inf,SAFE_STAND,0.000000,0.004391,-0.011425,0.065977,0.000000,0.000000,0.000000,1.000000,0.050000
1782448473.271094,-1,0.000498,inf,SAFE_STAND,0.000000,0.004412,-0.011410,0.065954,0.000000,0.000000,0.000000,1.000000,0.050000
1782448473.291172,-1,0.000500,inf,SAFE_STAND,0.000000,0.004435,-0.011369,0.065956,0.000000,0.000000,0.000000,1.000000,0.050000
1782448473.311195,-1,0.000443,inf,SAFE_STAND,0.000000,0.004423,-0.011382,0.065948,0.000000,0.000000,0.000000,1.000000,0.050000
1782448473.331724,-1,0.000677,inf,SAFE_STAND,0.000000,0.004403,-0.011430,0.065916,0.000000,0.000000,0.000000,1.000000,0.050000
1782448473.351590,-1,0.000464,inf,SAFE_STAND,0.000000,0.004400,-0.011397,0.065862,0.000000,0.000000,0.000000,1.000000,0.050000
1782448473.371706,-1,0.000464,inf,SAFE_STAND,0.000000,0.004385,-0.011398,0.065882,0.000000,0.000000,0.000000,1.000000,0.050000
1782448473.391955,-1,0.000636,74750.211470,SAFE_STAND,0.000000,0.004384,-0.011399,0.065898,0.000000,0.000000,0.000000,1.000000,0.050000
1782448473.412288,-1,0.000674,inf,SAFE_STAND,0.000000,0.004403,-0.011372,0.065902,0.000000,0.000000,0.000000,1.000000,0.050000
1782448473.432352,-1,0.000451,inf,SAFE_STAND,0.000000,0.004388,-0.011337,0.065919,0.000000,0.000000,0.000000,1.000000,0.050000
1782448473.452448,-1,0.000475,inf,SAFE_STAND,0.000000,0.004399,-0.011313,0.065904,0.000000,0.000000,0.000000,1.000000,0.050000
1782448473.472560,-1,0.000513,inf,SAFE_STAND,0.000000,0.004380,-0.011349,0.065853,0.000000,0.000000,0.000000,1.000000,0.050000
1782448473.493296,-1,0.000807,inf,SAFE_STAND,0.000000,0.004383,-0.011403,0.065893,0.000000,0.000000,0.000000,1.000000,0.050000
1782448473.513442,-1,0.000871,inf,SAFE_STAND,0.000000,0.004399,-0.011353,0.065898,0.000000,0.000000,0.000000,1.000000,0.050000
1782448473.533146,-1,0.000450,inf,SAFE_STAND,0.000000,0.004414,-0.011377,0.065902,0.000000,0.000000,0.000000,1.000000,0.050000
1782448473.553260,-1,0.000487,inf,SAFE_STAND,0.000000,0.004409,-0.011361,0.065919,0.000000,0.000000,0.000000,1.000000,0.050000
1782448473.573313,-1,0.000465,inf,SAFE_STAND,0.000000,0.004394,-0.011349,0.065935,0.000000,0.000000,0.000000,1.000000,0.050000
1782448473.594131,-1,0.000472,inf,SAFE_STAND,0.000000,0.004409,-0.011315,0.065897,0.000000,0.000000,0.000000,1.000000,0.050000
1782448473.614191,-1,0.000456,inf,SAFE_STAND,0.000000,0.004410,-0.011296,0.065920,0.000000,0.000000,0.000000,1.000000,0.050000
1782448473.634465,-1,0.000439,inf,SAFE_STAND,0.000000,0.004413,-0.011293,0.065914,0.000000,0.000000,0.000000,1.000000,0.050000
1782448473.654767,-1,0.000499,inf,SAFE_STAND,0.000000,0.004432,-0.011262,0.065920,0.000000,0.000000,0.000000,1.000000,0.050000
1782448473.674853,-1,0.000508,inf,SAFE_STAND,0.000000,0.004427,-0.011258,0.065901,0.000000,0.000000,0.000000,1.000000,0.050000
1782448473.694889,-1,0.000467,inf,SAFE_STAND,0.000000,0.004446,-0.011221,0.065904,0.000000,0.000000,0.000000,1.000000,0.050000
1782448473.714970,-1,0.000468,inf,SAFE_STAND,0.000000,0.004459,-0.011198,0.065883,0.000000,0.000000,0.000000,1.000000,0.050000
1782448473.735518,-1,0.000719,inf,SAFE_STAND,0.000000,0.004437,-0.011168,0.065875,0.000000,0.000000,0.000000,1.000000,0.050000
1782448473.755510,-1,0.000471,inf,SAFE_STAND,0.000000,0.004447,-0.011175,0.065882,0.000000,0.000000,0.000000,1.000000,0.050000
1782448473.775557,-1,0.000445,inf,SAFE_STAND,0.000000,0.004442,-0.011209,0.065850,0.000000,0.000000,0.000000,1.000000,0.050000
1782448473.795702,-1,0.000463,inf,SAFE_STAND,0.000000,0.004438,-0.011236,0.065857,0.000000,0.000000,0.000000,1.000000,0.050000
1782448473.816045,-1,0.000679,inf,SAFE_STAND,0.000000,0.004466,-0.011251,0.065862,0.000000,0.000000,0.000000,1.000000,0.050000
1782448473.836111,-1,0.000422,inf,SAFE_STAND,0.000000,0.004479,-0.011229,0.065841,0.000000,0.000000,0.000000,1.000000,0.050000
1782448473.856310,-1,0.000460,inf,SAFE_STAND,0.000000,0.004496,-0.011243,0.065844,0.000000,0.000000,0.000000,1.000000,0.050000
1782448473.876440,-1,0.000510,inf,SAFE_STAND,0.000000,0.004503,-0.011274,0.065850,0.000000,0.000000,0.000000,1.000000,0.050000
1782448473.897615,-1,0.001043,74750.716823,SAFE_STAND,0.000000,0.004493,-0.011288,0.065858,0.000000,0.000000,0.000000,1.000000,0.050000
1782448473.917153,-1,0.000436,inf,SAFE_STAND,0.000000,0.004507,-0.011289,0.065899,0.000000,0.000000,0.000000,1.000000,0.050000
1782448473.937777,-1,0.000705,inf,SAFE_STAND,0.000000,0.004508,-0.011273,0.065903,0.000000,0.000000,0.000000,1.000000,0.050000
1782448473.957767,-1,0.000491,inf,SAFE_STAND,0.000000,0.004498,-0.011276,0.065922,0.000000,0.000000,0.000000,1.000000,0.050000
1782448473.977781,-1,0.000429,inf,SAFE_STAND,0.000000,0.004490,-0.011288,0.065877,0.000000,0.000000,0.000000,1.000000,0.050000
1782448473.997864,-1,0.000438,inf,SAFE_STAND,0.000000,0.004507,-0.011274,0.065894,0.000000,0.000000,0.000000,1.000000,0.050000
1782448474.017857,-1,0.000404,inf,SAFE_STAND,0.000000,0.004502,-0.011305,0.065849,0.000000,0.000000,0.000000,1.000000,0.050000
1782448474.038310,-1,0.000782,inf,SAFE_STAND,0.000000,0.004474,-0.011364,0.065886,0.000000,0.000000,0.000000,1.000000,0.050000
1782448474.058037,-1,0.000422,inf,SAFE_STAND,0.000000,0.004483,-0.011387,0.065903,0.000000,0.000000,0.000000,1.000000,0.050000
1782448474.078200,-1,0.000430,inf,SAFE_STAND,0.000000,0.004478,-0.011383,0.065947,0.000000,0.000000,0.000000,1.000000,0.050000
1782448474.098443,-1,0.000514,inf,SAFE_STAND,0.000000,0.004478,-0.011392,0.065953,0.000000,0.000000,0.000000,1.000000,0.050000
1782448474.118539,-1,0.000489,inf,SAFE_STAND,0.000000,0.004487,-0.011386,0.066010,0.000000,0.000000,0.000000,1.000000,0.050000
1782448474.138654,-1,0.000525,inf,SAFE_STAND,0.000000,0.004503,-0.011381,0.066028,0.000000,0.000000,0.000000,1.000000,0.050000
1782448474.159275,-1,0.000611,inf,SAFE_STAND,0.000000,0.004511,-0.011328,0.066046,0.000000,0.000000,0.000000,1.000000,0.050000
1782448474.179301,-1,0.000549,inf,SAFE_STAND,0.000000,0.004524,-0.011351,0.066059,0.000000,0.000000,0.000000,1.000000,0.050000
1782448474.199803,-1,0.000732,inf,SAFE_STAND,0.000000,0.004518,-0.011396,0.066062,0.000000,0.000000,0.000000,1.000000,0.050000
1782448474.219879,-1,0.000729,inf,SAFE_STAND,0.000000,0.004500,-0.011390,0.066016,0.000000,0.000000,0.000000,1.000000,0.050000
1782448474.239943,-1,0.000714,inf,SAFE_STAND,0.000000,0.004516,-0.011407,0.066011,0.000000,0.000000,0.000000,1.000000,0.050000
1782448474.259705,-1,0.000401,inf,SAFE_STAND,0.000000,0.004528,-0.011424,0.066035,0.000000,0.000000,0.000000,1.000000,0.050000
1782448474.279898,-1,0.000481,inf,SAFE_STAND,0.000000,0.004544,-0.011408,0.066017,0.000000,0.000000,0.000000,1.000000,0.050000
1782448474.299940,-1,0.000448,inf,SAFE_STAND,0.000000,0.004574,-0.011380,0.066000,0.000000,0.000000,0.000000,1.000000,0.050000
1782448474.320045,-1,0.000473,inf,SAFE_STAND,0.000000,0.004555,-0.011388,0.065989,0.000000,0.000000,0.000000,1.000000,0.050000
1782448474.340823,-1,0.000541,inf,SAFE_STAND,0.000000,0.004568,-0.011441,0.065965,0.000000,0.000000,0.000000,1.000000,0.050000
1782448474.360768,-1,0.000399,inf,SAFE_STAND,0.000000,0.004577,-0.011431,0.065989,0.000000,0.000000,0.000000,1.000000,0.050000
1782448474.380917,-1,0.000473,inf,SAFE_STAND,0.000000,0.004594,-0.011462,0.065993,0.000000,0.000000,0.000000,1.000000,0.050000
1782448474.401547,-1,0.000672,74751.221062,SAFE_STAND,0.000000,0.004607,-0.011514,0.066027,0.000000,0.000000,0.000000,1.000000,0.050000
1782448474.422047,-1,0.000743,inf,SAFE_STAND,0.000000,0.004581,-0.011528,0.065973,0.000000,0.000000,0.000000,1.000000,0.050000
1782448474.442081,-1,0.000699,inf,SAFE_STAND,0.000000,0.004577,-0.011568,0.066019,0.000000,0.000000,0.000000,1.000000,0.050000
1782448474.462374,-1,0.000852,inf,SAFE_STAND,0.000000,0.004565,-0.011573,0.066028,0.000000,0.000000,0.000000,1.000000,0.050000
1782448474.482419,-1,0.000433,inf,SAFE_STAND,0.000000,0.004561,-0.011553,0.066009,0.000000,0.000000,0.000000,1.000000,0.050000
1782448474.502490,-1,0.000429,inf,SAFE_STAND,0.000000,0.004577,-0.011588,0.065989,0.000000,0.000000,0.000000,1.000000,0.050000
1782448474.523467,-1,0.000770,inf,SAFE_STAND,0.000000,0.004564,-0.011637,0.066015,0.000000,0.000000,0.000000,1.000000,0.050000
1782448474.544081,-1,0.000975,inf,SAFE_STAND,0.000000,0.004556,-0.011633,0.066012,0.000000,0.000000,0.000000,1.000000,0.050000
1782448474.564142,-1,0.000710,inf,SAFE_STAND,0.000000,0.004572,-0.011690,0.066010,0.000000,0.000000,0.000000,1.000000,0.050000
1782448474.584273,-1,0.000715,inf,SAFE_STAND,0.000000,0.004528,-0.011731,0.066042,0.000000,0.000000,0.000000,1.000000,0.050000
1782448474.604621,-1,0.000932,inf,SAFE_STAND,0.000000,0.004538,-0.011725,0.066076,0.000000,0.000000,0.000000,1.000000,0.050000
1782448474.624769,-1,0.000951,inf,SAFE_STAND,0.000000,0.004523,-0.011677,0.066073,0.000000,0.000000,0.000000,1.000000,0.050000
1782448474.645044,-1,0.001092,inf,SAFE_STAND,0.000000,0.004524,-0.011648,0.066083,0.000000,0.000000,0.000000,1.000000,0.050000
1782448474.665379,-1,0.000943,inf,SAFE_STAND,0.000000,0.004535,-0.011688,0.066050,0.000000,0.000000,0.000000,1.000000,0.050000
1782448474.685496,-1,0.000937,inf,SAFE_STAND,0.000000,0.004528,-0.011714,0.066020,0.000000,0.000000,0.000000,1.000000,0.050000
1782448474.705570,-1,0.000881,inf,SAFE_STAND,0.000000,0.004532,-0.011702,0.066002,0.000000,0.000000,0.000000,1.000000,0.050000
1782448474.725281,-1,0.000484,inf,SAFE_STAND,0.000000,0.004534,-0.011736,0.066052,0.000000,0.000000,0.000000,1.000000,0.050000
1782448474.745423,-1,0.000482,inf,SAFE_STAND,0.000000,0.004561,-0.011714,0.066030,0.000000,0.000000,0.000000,1.000000,0.050000
1782448474.765531,-1,0.000515,inf,SAFE_STAND,0.000000,0.004581,-0.011709,0.066039,0.000000,0.000000,0.000000,1.000000,0.050000
1782448474.785645,-1,0.000542,inf,SAFE_STAND,0.000000,0.004571,-0.011741,0.066033,0.000000,0.000000,0.000000,1.000000,0.050000
1782448474.805956,-1,0.000759,inf,SAFE_STAND,0.000000,0.004571,-0.011775,0.066062,0.000000,0.000000,0.000000,1.000000,0.050000
1782448474.826029,-1,0.000751,inf,SAFE_STAND,0.000000,0.004547,-0.011812,0.066080,0.000000,0.000000,0.000000,1.000000,0.050000
1782448474.846181,-1,0.000532,inf,SAFE_STAND,0.000000,0.004558,-0.011833,0.066087,0.000000,0.000000,0.000000,1.000000,0.050000
1782448474.866249,-1,0.000519,inf,SAFE_STAND,0.000000,0.004546,-0.011819,0.066060,0.000000,0.000000,0.000000,1.000000,0.050000
1782448474.886339,-1,0.000526,inf,SAFE_STAND,0.000000,0.004510,-0.011856,0.066077,0.000000,0.000000,0.000000,1.000000,0.050000
1782448474.907678,-1,0.001559,74751.726629,SAFE_STAND,0.000000,0.004498,-0.011855,0.066080,0.000000,0.000000,0.000000,1.000000,0.050000
1782448474.927027,-1,0.000755,inf,SAFE_STAND,0.000000,0.004496,-0.011842,0.066079,0.000000,0.000000,0.000000,1.000000,0.050000
1782448474.947105,-1,0.000738,inf,SAFE_STAND,0.000000,0.004511,-0.011859,0.066139,0.000000,0.000000,0.000000,1.000000,0.050000
1782448474.967153,-1,0.000694,inf,SAFE_STAND,0.000000,0.004515,-0.011846,0.066102,0.000000,0.000000,0.000000,1.000000,0.050000
1782448474.987668,-1,0.000894,inf,SAFE_STAND,0.000000,0.004535,-0.011855,0.066106,0.000000,0.000000,0.000000,1.000000,0.050000
1782448475.007744,-1,0.000689,inf,SAFE_STAND,0.000000,0.004517,-0.011880,0.066131,0.000000,0.000000,0.000000,1.000000,0.050000
1782448475.028058,-1,0.000894,inf,SAFE_STAND,0.000000,0.004510,-0.011885,0.066120,0.000000,0.000000,0.000000,1.000000,0.050000
1782448475.047943,-1,0.000677,inf,SAFE_STAND,0.000000,0.004491,-0.011942,0.066143,0.000000,0.000000,0.000000,1.000000,0.050000
1782448475.068527,-1,0.000756,inf,SAFE_STAND,0.000000,0.004492,-0.011927,0.066135,0.000000,0.000000,0.000000,1.000000,0.050000
1782448475.088768,-1,0.000681,inf,SAFE_STAND,0.000000,0.004506,-0.011952,0.066134,0.000000,0.000000,0.000000,1.000000,0.050000
1782448475.109088,-1,0.000694,inf,SAFE_STAND,0.000000,0.004506,-0.011999,0.066181,0.000000,0.000000,0.000000,1.000000,0.050000
1782448475.129337,-1,0.000739,inf,SAFE_STAND,0.000000,0.004543,-0.012007,0.066219,0.000000,0.000000,0.000000,1.000000,0.050000
1782448475.149420,-1,0.000735,inf,SAFE_STAND,0.000000,0.004529,-0.011984,0.066214,0.000000,0.000000,0.000000,1.000000,0.050000
1782448475.169985,-1,0.000972,inf,SAFE_STAND,0.000000,0.004535,-0.012025,0.066254,0.000000,0.000000,0.000000,1.000000,0.050000
1782448475.190166,-1,0.001060,inf,SAFE_STAND,0.000000,0.004525,-0.012028,0.066215,0.000000,0.000000,0.000000,1.000000,0.050000
1782448475.209789,-1,0.000524,inf,SAFE_STAND,0.000000,0.004535,-0.012053,0.066262,0.000000,0.000000,0.000000,1.000000,0.050000
1782448475.229898,-1,0.000550,inf,SAFE_STAND,0.000000,0.004562,-0.012026,0.066273,0.000000,0.000000,0.000000,1.000000,0.050000
1782448475.249985,-1,0.000549,inf,SAFE_STAND,0.000000,0.004567,-0.012006,0.066289,0.000000,0.000000,0.000000,1.000000,0.050000
1782448475.270041,-1,0.000526,inf,SAFE_STAND,0.000000,0.004579,-0.012000,0.066295,0.000000,0.000000,0.000000,1.000000,0.050000
1782448475.290543,-1,0.000943,inf,SAFE_STAND,0.000000,0.004598,-0.012006,0.066306,0.000000,0.000000,0.000000,1.000000,0.050000
1782448475.310427,-1,0.000742,inf,SAFE_STAND,0.000000,0.004593,-0.011992,0.066309,0.000000,0.000000,0.000000,1.000000,0.050000
1782448475.330448,-1,0.000548,inf,SAFE_STAND,0.000000,0.004571,-0.012038,0.066315,0.000000,0.000000,0.000000,1.000000,0.050000
1782448475.350625,-1,0.000545,inf,SAFE_STAND,0.000000,0.004568,-0.012061,0.066334,0.000000,0.000000,0.000000,1.000000,0.050000
1782448475.370705,-1,0.000545,inf,SAFE_STAND,0.000000,0.004576,-0.012083,0.066379,0.000000,0.000000,0.000000,1.000000,0.050000
1782448475.390812,-1,0.000571,inf,SAFE_STAND,0.000000,0.004600,-0.012095,0.066413,0.000000,0.000000,0.000000,1.000000,0.050000
1782448475.411693,-1,0.000776,74752.231160,SAFE_STAND,0.000000,0.004591,-0.012113,0.066424,0.000000,0.000000,0.000000,1.000000,0.050000
1782448475.432126,-1,0.000770,inf,SAFE_STAND,0.000000,0.004575,-0.012140,0.066432,0.000000,0.000000,0.000000,1.000000,0.050000
1782448475.452463,-1,0.001012,inf,SAFE_STAND,0.000000,0.004565,-0.012167,0.066462,0.000000,0.000000,0.000000,1.000000,0.050000
1782448475.472456,-1,0.000564,inf,SAFE_STAND,0.000000,0.004570,-0.012126,0.066416,0.000000,0.000000,0.000000,1.000000,0.050000
1782448475.492951,-1,0.000550,inf,SAFE_STAND,0.000000,0.004565,-0.012122,0.066441,0.000000,0.000000,0.000000,1.000000,0.050000
1782448475.513174,-1,0.000511,inf,SAFE_STAND,0.000000,0.004586,-0.012108,0.066463,0.000000,0.000000,0.000000,1.000000,0.050000
1782448475.533551,-1,0.000805,inf,SAFE_STAND,0.000000,0.004586,-0.012160,0.066499,0.000000,0.000000,0.000000,1.000000,0.050000
1782448475.553593,-1,0.000762,inf,SAFE_STAND,0.000000,0.004558,-0.012201,0.066511,0.000000,0.000000,0.000000,1.000000,0.050000
1782448475.573743,-1,0.000829,inf,SAFE_STAND,0.000000,0.004542,-0.012199,0.066483,0.000000,0.000000,0.000000,1.000000,0.050000
1782448475.593762,-1,0.000553,inf,SAFE_STAND,0.000000,0.004521,-0.012191,0.066456,0.000000,0.000000,0.000000,1.000000,0.050000
1782448475.613819,-1,0.000520,inf,SAFE_STAND,0.000000,0.004513,-0.012192,0.066422,0.000000,0.000000,0.000000,1.000000,0.050000
1782448475.633858,-1,0.000479,inf,SAFE_STAND,0.000000,0.004505,-0.012224,0.066442,0.000000,0.000000,0.000000,1.000000,0.050000
1782448475.653986,-1,0.000530,inf,SAFE_STAND,0.000000,0.004492,-0.012250,0.066451,0.000000,0.000000,0.000000,1.000000,0.050000
1782448475.674493,-1,0.000559,inf,SAFE_STAND,0.000000,0.004518,-0.012256,0.066506,0.000000,0.000000,0.000000,1.000000,0.050000
1782448475.694541,-1,0.000524,inf,SAFE_STAND,0.000000,0.004512,-0.012322,0.066489,0.000000,0.000000,0.000000,1.000000,0.050000
1782448475.714612,-1,0.000510,inf,SAFE_STAND,0.000000,0.004505,-0.012308,0.066472,0.000000,0.000000,0.000000,1.000000,0.050000
1782448475.735333,-1,0.000929,inf,SAFE_STAND,0.000000,0.004493,-0.012338,0.066453,0.000000,0.000000,0.000000,1.000000,0.050000
1782448475.755277,-1,0.000484,inf,SAFE_STAND,0.000000,0.004486,-0.012330,0.066467,0.000000,0.000000,0.000000,1.000000,0.050000
1782448475.775391,-1,0.000517,inf,SAFE_STAND,0.000000,0.004487,-0.012322,0.066464,0.000000,0.000000,0.000000,1.000000,0.050000
1782448475.795753,-1,0.000796,inf,SAFE_STAND,0.000000,0.004483,-0.012346,0.066503,0.000000,0.000000,0.000000,1.000000,0.050000
1782448475.815767,-1,0.000725,inf,SAFE_STAND,0.000000,0.004452,-0.012369,0.066498,0.000000,0.000000,0.000000,1.000000,0.050000
1782448475.835629,-1,0.000504,inf,SAFE_STAND,0.000000,0.004467,-0.012373,0.066468,0.000000,0.000000,0.000000,1.000000,0.050000
1782448475.855988,-1,0.000514,inf,SAFE_STAND,0.000000,0.004446,-0.012345,0.066471,0.000000,0.000000,0.000000,1.000000,0.050000
1782448475.876094,-1,0.000539,inf,SAFE_STAND,0.000000,0.004425,-0.012334,0.066474,0.000000,0.000000,0.000000,1.000000,0.050000
1782448475.896167,-1,0.000527,inf,SAFE_STAND,0.000000,0.004400,-0.012376,0.066462,0.000000,0.000000,0.000000,1.000000,0.050000
1782448475.916867,-1,0.000904,74752.736322,SAFE_STAND,0.000000,0.004384,-0.012376,0.066438,0.000000,0.000000,0.000000,1.000000,0.050000
1782448475.936880,-1,0.000491,inf,SAFE_STAND,0.000000,0.004396,-0.012364,0.066500,0.000000,0.000000,0.000000,1.000000,0.050000
1782448475.957241,-1,0.000767,inf,SAFE_STAND,0.000000,0.004395,-0.012367,0.066449,0.000000,0.000000,0.000000,1.000000,0.050000
1782448475.977403,-1,0.000847,inf,SAFE_STAND,0.000000,0.004388,-0.012351,0.066472,0.000000,0.000000,0.000000,1.000000,0.050000
1782448475.997414,-1,0.000744,inf,SAFE_STAND,0.000000,0.004356,-0.012390,0.066529,0.000000,0.000000,0.000000,1.000000,0.050000
1782448476.017371,-1,0.000440,inf,SAFE_STAND,0.000000,0.004354,-0.012460,0.066540,0.000000,0.000000,0.000000,1.000000,0.050000
1782448476.037465,-1,0.000453,inf,SAFE_STAND,0.000000,0.004360,-0.012485,0.066533,0.000000,0.000000,0.000000,1.000000,0.050000
1782448476.058263,-1,0.000946,inf,SAFE_STAND,0.000000,0.004334,-0.012515,0.066499,0.000000,0.000000,0.000000,1.000000,0.050000
1782448476.078231,-1,0.000831,inf,SAFE_STAND,0.000000,0.004326,-0.012526,0.066489,0.000000,0.000000,0.000000,1.000000,0.050000
1782448476.098210,-1,0.000750,inf,SAFE_STAND,0.000000,0.004338,-0.012540,0.066505,0.000000,0.000000,0.000000,1.000000,0.050000
1782448476.118190,-1,0.000499,inf,SAFE_STAND,0.000000,0.004312,-0.012548,0.066476,0.000000,0.000000,0.000000,1.000000,0.050000
1782448476.138241,-1,0.000470,inf,SAFE_STAND,0.000000,0.004312,-0.012598,0.066452,0.000000,0.000000,0.000000,1.000000,0.050000
1782448476.158793,-1,0.000946,inf,SAFE_STAND,0.000000,0.004281,-0.012590,0.066506,0.000000,0.000000,0.000000,1.000000,0.050000
1782448476.178748,-1,0.000811,inf,SAFE_STAND,0.000000,0.004275,-0.012638,0.066496,0.000000,0.000000,0.000000,1.000000,0.050000
1782448476.198787,-1,0.000759,inf,SAFE_STAND,0.000000,0.004274,-0.012643,0.066494,0.000000,0.000000,0.000000,1.000000,0.050000
1782448476.218833,-1,0.000477,inf,SAFE_STAND,0.000000,0.004282,-0.012628,0.066496,0.000000,0.000000,0.000000,1.000000,0.050000
1782448476.238878,-1,0.000449,inf,SAFE_STAND,0.000000,0.004279,-0.012656,0.066526,0.000000,0.000000,0.000000,1.000000,0.050000
1782448476.258969,-1,0.000465,inf,SAFE_STAND,0.000000,0.004294,-0.012663,0.066549,0.000000,0.000000,0.000000,1.000000,0.050000
1782448476.279510,-1,0.000689,inf,SAFE_STAND,0.000000,0.004301,-0.012681,0.066540,0.000000,0.000000,0.000000,1.000000,0.050000
1782448476.299486,-1,0.000442,inf,SAFE_STAND,0.000000,0.004265,-0.012708,0.066572,0.000000,0.000000,0.000000,1.000000,0.050000
1782448476.319575,-1,0.000457,inf,SAFE_STAND,0.000000,0.004293,-0.012673,0.066583,0.000000,0.000000,0.000000,1.000000,0.050000
1782448476.339695,-1,0.000504,inf,SAFE_STAND,0.000000,0.004280,-0.012671,0.066550,0.000000,0.000000,0.000000,1.000000,0.050000
1782448476.360207,-1,0.000675,inf,SAFE_STAND,0.000000,0.004279,-0.012705,0.066559,0.000000,0.000000,0.000000,1.000000,0.050000
1782448476.380457,-1,0.000489,inf,SAFE_STAND,0.000000,0.004303,-0.012712,0.066586,0.000000,0.000000,0.000000,1.000000,0.050000
1782448476.400736,-1,0.000693,inf,SAFE_STAND,0.000000,0.004305,-0.012721,0.066585,0.000000,0.000000,0.000000,1.000000,0.050000
1782448476.420947,-1,0.000827,74753.240258,SAFE_STAND,0.000000,0.004303,-0.012747,0.066572,0.000000,0.000000,0.000000,1.000000,0.050000
1782448476.440869,-1,0.000668,inf,SAFE_STAND,0.000000,0.004298,-0.012758,0.066538,0.000000,0.000000,0.000000,1.000000,0.050000
1782448476.460903,-1,0.000518,inf,SAFE_STAND,0.000000,0.004296,-0.012747,0.066530,0.000000,0.000000,0.000000,1.000000,0.050000
1782448476.480910,-1,0.000447,inf,SAFE_STAND,0.000000,0.004289,-0.012764,0.066534,0.000000,0.000000,0.000000,1.000000,0.050000
1782448476.500997,-1,0.000455,inf,SAFE_STAND,0.000000,0.004247,-0.012772,0.066556,0.000000,0.000000,0.000000,1.000000,0.050000
1782448476.521117,-1,0.000498,inf,SAFE_STAND,0.000000,0.004257,-0.012766,0.066578,0.000000,0.000000,0.000000,1.000000,0.050000
1782448476.541228,-1,0.000533,inf,SAFE_STAND,0.000000,0.004257,-0.012751,0.066630,0.000000,0.000000,0.000000,1.000000,0.050000
1782448476.561686,-1,0.000674,inf,SAFE_STAND,0.000000,0.004242,-0.012755,0.066671,0.000000,0.000000,0.000000,1.000000,0.050000
1782448476.581676,-1,0.000498,inf,SAFE_STAND,0.000000,0.004247,-0.012833,0.066697,0.000000,0.000000,0.000000,1.000000,0.050000
1782448476.601827,-1,0.000518,inf,SAFE_STAND,0.000000,0.004278,-0.012822,0.066720,0.000000,0.000000,0.000000,1.000000,0.050000
1782448476.621863,-1,0.000469,inf,SAFE_STAND,0.000000,0.004258,-0.012788,0.066716,0.000000,0.000000,0.000000,1.000000,0.050000
1782448476.641942,-1,0.000485,inf,SAFE_STAND,0.000000,0.004270,-0.012826,0.066698,0.000000,0.000000,0.000000,1.000000,0.050000
1782448476.662578,-1,0.000816,inf,SAFE_STAND,0.000000,0.004281,-0.012839,0.066655,0.000000,0.000000,0.000000,1.000000,0.050000
1782448476.682475,-1,0.000536,inf,SAFE_STAND,0.000000,0.004270,-0.012866,0.066631,0.000000,0.000000,0.000000,1.000000,0.050000
1782448476.702537,-1,0.000515,inf,SAFE_STAND,0.000000,0.004270,-0.012855,0.066657,0.000000,0.000000,0.000000,1.000000,0.050000
1782448476.722626,-1,0.000520,inf,SAFE_STAND,0.000000,0.004267,-0.012860,0.066660,0.000000,0.000000,0.000000,1.000000,0.050000
1782448476.743344,-1,0.000903,inf,SAFE_STAND,0.000000,0.004276,-0.012846,0.066671,0.000000,0.000000,0.000000,1.000000,0.050000
1782448476.763351,-1,0.000538,inf,SAFE_STAND,0.000000,0.004274,-0.012849,0.066663,0.000000,0.000000,0.000000,1.000000,0.050000
1782448476.783621,-1,0.000729,inf,SAFE_STAND,0.000000,0.004271,-0.012841,0.066693,0.000000,0.000000,0.000000,1.000000,0.050000
1782448476.803502,-1,0.000523,inf,SAFE_STAND,0.000000,0.004297,-0.012847,0.066732,0.000000,0.000000,0.000000,1.000000,0.050000
1782448476.823933,-1,0.000475,inf,SAFE_STAND,0.000000,0.004290,-0.012863,0.066786,0.000000,0.000000,0.000000,1.000000,0.050000
1782448476.843985,-1,0.000446,inf,SAFE_STAND,0.000000,0.004294,-0.012851,0.066744,0.000000,0.000000,0.000000,1.000000,0.050000
1782448476.864110,-1,0.000495,inf,SAFE_STAND,0.000000,0.004276,-0.012865,0.066729,0.000000,0.000000,0.000000,1.000000,0.050000
1782448476.884164,-1,0.000472,inf,SAFE_STAND,0.000000,0.004263,-0.012882,0.066735,0.000000,0.000000,0.000000,1.000000,0.050000
1782448476.904707,-1,0.000503,inf,SAFE_STAND,0.000000,0.004288,-0.012873,0.066788,0.000000,0.000000,0.000000,1.000000,0.050000
1782448476.925053,-1,0.000728,74753.744528,SAFE_STAND,0.000000,0.004278,-0.012913,0.066757,0.000000,0.000000,0.000000,1.000000,0.050000
1782448476.945126,-1,0.000714,inf,SAFE_STAND,0.000000,0.004253,-0.012916,0.066718,0.000000,0.000000,0.000000,1.000000,0.050000
1782448476.965174,-1,0.000677,inf,SAFE_STAND,0.000000,0.004241,-0.012914,0.066721,0.000000,0.000000,0.000000,1.000000,0.050000
1782448476.985307,-1,0.000736,inf,SAFE_STAND,0.000000,0.004235,-0.012883,0.066676,0.000000,0.000000,0.000000,1.000000,0.050000
1782448477.005286,-1,0.000448,inf,SAFE_STAND,0.000000,0.004234,-0.012903,0.066689,0.000000,0.000000,0.000000,1.000000,0.050000
1782448477.025463,-1,0.000448,inf,SAFE_STAND,0.000000,0.004242,-0.012947,0.066661,0.000000,0.000000,0.000000,1.000000,0.050000
1782448477.045631,-1,0.000542,inf,SAFE_STAND,0.000000,0.004220,-0.012956,0.066643,0.000000,0.000000,0.000000,1.000000,0.050000
1782448477.066019,-1,0.000840,inf,SAFE_STAND,0.000000,0.004200,-0.012965,0.066635,0.000000,0.000000,0.000000,1.000000,0.050000
1782448477.085992,-1,0.000731,inf,SAFE_STAND,0.000000,0.004175,-0.012955,0.066632,0.000000,0.000000,0.000000,1.000000,0.050000
1782448477.105767,-1,0.000432,inf,SAFE_STAND,0.000000,0.004159,-0.012938,0.066590,0.000000,0.000000,0.000000,1.000000,0.050000
1782448477.125900,-1,0.000486,inf,SAFE_STAND,0.000000,0.004128,-0.012951,0.066565,0.000000,0.000000,0.000000,1.000000,0.050000
1782448477.146143,-1,0.000684,inf,SAFE_STAND,0.000000,0.004145,-0.012947,0.066534,0.000000,0.000000,0.000000,1.000000,0.050000
1782448477.166013,-1,0.000479,inf,SAFE_STAND,0.000000,0.004149,-0.012950,0.066506,0.000000,0.000000,0.000000,1.000000,0.050000
1782448477.186091,-1,0.000479,inf,SAFE_STAND,0.000000,0.004140,-0.013006,0.066502,0.000000,0.000000,0.000000,1.000000,0.050000
1782448477.206187,-1,0.000497,inf,SAFE_STAND,0.000000,0.004141,-0.013055,0.066509,0.000000,0.000000,0.000000,1.000000,0.050000
1782448477.226627,-1,0.000641,inf,SAFE_STAND,0.000000,0.004109,-0.013082,0.066507,0.000000,0.000000,0.000000,1.000000,0.050000
1782448477.246551,-1,0.000490,inf,SAFE_STAND,0.000000,0.004078,-0.013107,0.066517,0.000000,0.000000,0.000000,1.000000,0.050000
1782448477.266662,-1,0.000479,inf,SAFE_STAND,0.000000,0.004080,-0.013083,0.066504,0.000000,0.000000,0.000000,1.000000,0.050000
1782448477.286758,-1,0.000495,inf,SAFE_STAND,0.000000,0.004071,-0.013063,0.066480,0.000000,0.000000,0.000000,1.000000,0.050000
1782448477.306919,-1,0.000575,inf,SAFE_STAND,0.000000,0.004080,-0.013057,0.066446,0.000000,0.000000,0.000000,1.000000,0.050000
1782448477.327157,-1,0.000725,inf,SAFE_STAND,0.000000,0.004080,-0.013072,0.066430,0.000000,0.000000,0.000000,1.000000,0.050000
1782448477.347314,-1,0.000802,inf,SAFE_STAND,0.000000,0.004060,-0.013034,0.066414,0.000000,0.000000,0.000000,1.000000,0.050000
1782448477.367418,-1,0.000522,inf,SAFE_STAND,0.000000,0.004045,-0.012991,0.066404,0.000000,0.000000,0.000000,1.000000,0.050000
1782448477.387445,-1,0.000469,inf,SAFE_STAND,0.000000,0.004047,-0.012981,0.066391,0.000000,0.000000,0.000000,1.000000,0.050000
1782448477.408149,-1,0.000523,inf,SAFE_STAND,0.000000,0.004038,-0.012977,0.066367,0.000000,0.000000,0.000000,1.000000,0.050000
1782448477.428440,-1,0.000728,74754.247907,SAFE_STAND,0.000000,0.004034,-0.012975,0.066334,0.000000,0.000000,0.000000,1.000000,0.050000
1782448477.448301,-1,0.000507,inf,SAFE_STAND,0.000000,0.004022,-0.013017,0.066297,0.000000,0.000000,0.000000,1.000000,0.050000
1782448477.468627,-1,0.000750,inf,SAFE_STAND,0.000000,0.004025,-0.012998,0.066320,0.000000,0.000000,0.000000,1.000000,0.050000
1782448477.488650,-1,0.000686,inf,SAFE_STAND,0.000000,0.004032,-0.012996,0.066315,0.000000,0.000000,0.000000,1.000000,0.050000
1782448477.508731,-1,0.000691,inf,SAFE_STAND,0.000000,0.004023,-0.013021,0.066327,0.000000,0.000000,0.000000,1.000000,0.050000
1782448477.528818,-1,0.000513,inf,SAFE_STAND,0.000000,0.004014,-0.013007,0.066332,0.000000,0.000000,0.000000,1.000000,0.050000
1782448477.548958,-1,0.000531,inf,SAFE_STAND,0.000000,0.004026,-0.013004,0.066342,0.000000,0.000000,0.000000,1.000000,0.050000
1782448477.568980,-1,0.000466,inf,SAFE_STAND,0.000000,0.003994,-0.013045,0.066312,0.000000,0.000000,0.000000,1.000000,0.050000
1782448477.589108,-1,0.000519,inf,SAFE_STAND,0.000000,0.003999,-0.013008,0.066268,0.000000,0.000000,0.000000,1.000000,0.050000
1782448477.609518,-1,0.000486,inf,SAFE_STAND,0.000000,0.004006,-0.013018,0.066334,0.000000,0.000000,0.000000,1.000000,0.050000
1782448477.629608,-1,0.000497,inf,SAFE_STAND,0.000000,0.003985,-0.012970,0.066321,0.000000,0.000000,0.000000,1.000000,0.050000
1782448477.649663,-1,0.000467,inf,SAFE_STAND,0.000000,0.003971,-0.012982,0.066320,0.000000,0.000000,0.000000,1.000000,0.050000
1782448477.669766,-1,0.000493,inf,SAFE_STAND,0.000000,0.003971,-0.012991,0.066334,0.000000,0.000000,0.000000,1.000000,0.050000
1782448477.690346,-1,0.000778,inf,SAFE_STAND,0.000000,0.003949,-0.012970,0.066285,0.000000,0.000000,0.000000,1.000000,0.050000
1782448477.710187,-1,0.000496,inf,SAFE_STAND,0.000000,0.003946,-0.013005,0.066244,0.000000,0.000000,0.000000,1.000000,0.050000
1782448477.730279,-1,0.000512,inf,SAFE_STAND,0.000000,0.003943,-0.012987,0.066233,0.000000,0.000000,0.000000,1.000000,0.050000
1782448477.750330,-1,0.000483,inf,SAFE_STAND,0.000000,0.003942,-0.012918,0.066190,0.000000,0.000000,0.000000,1.000000,0.050000
1782448477.770418,-1,0.000488,inf,SAFE_STAND,0.000000,0.003959,-0.012886,0.066198,0.000000,0.000000,0.000000,1.000000,0.050000
1782448477.790796,-1,0.000781,inf,SAFE_STAND,0.000000,0.003952,-0.012842,0.066204,0.000000,0.000000,0.000000,1.000000,0.050000
1782448477.810820,-1,0.000710,inf,SAFE_STAND,0.000000,0.003965,-0.012830,0.066184,0.000000,0.000000,0.000000,1.000000,0.050000
1782448477.830800,-1,0.000494,inf,SAFE_STAND,0.000000,0.003951,-0.012829,0.066180,0.000000,0.000000,0.000000,1.000000,0.050000
1782448477.850943,-1,0.000509,inf,SAFE_STAND,0.000000,0.003964,-0.012866,0.066171,0.000000,0.000000,0.000000,1.000000,0.050000
1782448477.871084,-1,0.000523,inf,SAFE_STAND,0.000000,0.003963,-0.012861,0.066148,0.000000,0.000000,0.000000,1.000000,0.050000
1782448477.891198,-1,0.000555,inf,SAFE_STAND,0.000000,0.003981,-0.012820,0.066143,0.000000,0.000000,0.000000,1.000000,0.050000
1782448477.911701,-1,0.000746,inf,SAFE_STAND,0.000000,0.003966,-0.012779,0.066155,0.000000,0.000000,0.000000,1.000000,0.050000
1782448477.932514,-1,0.001137,74754.751636,SAFE_STAND,0.000000,0.003949,-0.012746,0.066140,0.000000,0.000000,0.000000,1.000000,0.050000
1782448477.952199,-1,0.000738,inf,SAFE_STAND,0.000000,0.003954,-0.012722,0.066103,0.000000,0.000000,0.000000,1.000000,0.050000
1782448477.972202,-1,0.000658,inf,SAFE_STAND,0.000000,0.003944,-0.012723,0.066067,0.000000,0.000000,0.000000,1.000000,0.050000
1782448477.992331,-1,0.000710,inf,SAFE_STAND,0.000000,0.003929,-0.012729,0.066042,0.000000,0.000000,0.000000,1.000000,0.050000
1782448478.012233,-1,0.000425,inf,SAFE_STAND,0.000000,0.003936,-0.012682,0.066026,0.000000,0.000000,0.000000,1.000000,0.050000
1782448478.032325,-1,0.000444,inf,SAFE_STAND,0.000000,0.003933,-0.012635,0.066011,0.000000,0.000000,0.000000,1.000000,0.050000
1782448478.052399,-1,0.000443,inf,SAFE_STAND,0.000000,0.003928,-0.012588,0.065975,0.000000,0.000000,0.000000,1.000000,0.050000
1782448478.072479,-1,0.000449,inf,SAFE_STAND,0.000000,0.003914,-0.012564,0.065968,0.000000,0.000000,0.000000,1.000000,0.050000
1782448478.093021,-1,0.000474,inf,SAFE_STAND,0.000000,0.003911,-0.012569,0.065974,0.000000,0.000000,0.000000,1.000000,0.050000
1782448478.113132,-1,0.000506,inf,SAFE_STAND,0.000000,0.003941,-0.012535,0.065953,0.000000,0.000000,0.000000,1.000000,0.050000
1782448478.133211,-1,0.000504,inf,SAFE_STAND,0.000000,0.003952,-0.012524,0.065935,0.000000,0.000000,0.000000,1.000000,0.050000
1782448478.153257,-1,0.000471,inf,SAFE_STAND,0.000000,0.003958,-0.012513,0.065918,0.000000,0.000000,0.000000,1.000000,0.050000
1782448478.173841,-1,0.000514,inf,SAFE_STAND,0.000000,0.003959,-0.012502,0.065933,0.000000,0.000000,0.000000,1.000000,0.050000
1782448478.194079,-1,0.000618,inf,SAFE_STAND,0.000000,0.003955,-0.012532,0.065917,0.000000,0.000000,0.000000,1.000000,0.050000
1782448478.214596,-1,0.000818,inf,SAFE_STAND,0.000000,0.003934,-0.012498,0.065899,0.000000,0.000000,0.000000,1.000000,0.050000
1782448478.234543,-1,0.000498,inf,SAFE_STAND,0.000000,0.003953,-0.012457,0.065869,0.000000,0.000000,0.000000,1.000000,0.050000
1782448478.254668,-1,0.000467,inf,SAFE_STAND,0.000000,0.003946,-0.012461,0.065865,0.000000,0.000000,0.000000,1.000000,0.050000
1782448478.274774,-1,0.000495,inf,SAFE_STAND,0.000000,0.003938,-0.012434,0.065892,0.000000,0.000000,0.000000,1.000000,0.050000
1782448478.294872,-1,0.000515,inf,SAFE_STAND,0.000000,0.003938,-0.012463,0.065874,0.000000,0.000000,0.000000,1.000000,0.050000
1782448478.314941,-1,0.000497,inf,SAFE_STAND,0.000000,0.003927,-0.012419,0.065871,0.000000,0.000000,0.000000,1.000000,0.050000
1782448478.335343,-1,0.000518,inf,SAFE_STAND,0.000000,0.003945,-0.012413,0.065861,0.000000,0.000000,0.000000,1.000000,0.050000
1782448478.355394,-1,0.000465,inf,SAFE_STAND,0.000000,0.003946,-0.012424,0.065830,0.000000,0.000000,0.000000,1.000000,0.050000
1782448478.375476,-1,0.000470,inf,SAFE_STAND,0.000000,0.003929,-0.012428,0.065805,0.000000,0.000000,0.000000,1.000000,0.050000
1782448478.396075,-1,0.001001,inf,SAFE_STAND,0.000000,0.003948,-0.012418,0.065805,0.000000,0.000000,0.000000,1.000000,0.050000
1782448478.416060,-1,0.000891,inf,SAFE_STAND,0.000000,0.003941,-0.012417,0.065823,0.000000,0.000000,0.000000,1.000000,0.050000
1782448478.436283,-1,0.001015,74755.255773,SAFE_STAND,0.000000,0.003937,-0.012365,0.065804,0.000000,0.000000,0.000000,1.000000,0.050000
1782448478.456243,-1,0.000530,inf,SAFE_STAND,0.000000,0.003942,-0.012346,0.065764,0.000000,0.000000,0.000000,1.000000,0.050000
1782448478.476288,-1,0.000489,inf,SAFE_STAND,0.000000,0.003937,-0.012345,0.065750,0.000000,0.000000,0.000000,1.000000,0.050000
1782448478.496623,-1,0.000743,inf,SAFE_STAND,0.000000,0.003941,-0.012322,0.065746,0.000000,0.000000,0.000000,1.000000,0.050000
1782448478.516679,-1,0.000716,inf,SAFE_STAND,0.000000,0.003941,-0.012338,0.065714,0.000000,0.000000,0.000000,1.000000,0.050000
1782448478.536887,-1,0.000836,inf,SAFE_STAND,0.000000,0.003916,-0.012339,0.065700,0.000000,0.000000,0.000000,1.000000,0.050000
1782448478.557599,-1,0.001133,inf,SAFE_STAND,0.000000,0.003932,-0.012328,0.065699,0.000000,0.000000,0.000000,1.000000,0.050000
1782448478.577563,-1,0.000994,inf,SAFE_STAND,0.000000,0.003919,-0.012277,0.065667,0.000000,0.000000,0.000000,1.000000,0.050000
1782448478.597432,-1,0.000771,inf,SAFE_STAND,0.000000,0.003924,-0.012265,0.065645,0.000000,0.000000,0.000000,1.000000,0.050000
1782448478.617527,-1,0.000775,inf,SAFE_STAND,0.000000,0.003910,-0.012249,0.065621,0.000000,0.000000,0.000000,1.000000,0.050000
1782448478.637463,-1,0.000555,inf,SAFE_STAND,0.000000,0.003919,-0.012278,0.065628,0.000000,0.000000,0.000000,1.000000,0.050000
1782448478.657813,-1,0.000818,inf,SAFE_STAND,0.000000,0.003916,-0.012325,0.065609,0.000000,0.000000,0.000000,1.000000,0.050000
1782448478.677692,-1,0.000593,inf,SAFE_STAND,0.000000,0.003912,-0.012325,0.065563,0.000000,0.000000,0.000000,1.000000,0.050000
1782448478.697663,-1,0.000477,inf,SAFE_STAND,0.000000,0.003906,-0.012301,0.065538,0.000000,0.000000,0.000000,1.000000,0.050000
1782448478.717754,-1,0.000489,inf,SAFE_STAND,0.000000,0.003906,-0.012289,0.065567,0.000000,0.000000,0.000000,1.000000,0.050000
1782448478.738078,-1,0.000519,inf,SAFE_STAND,0.000000,0.003913,-0.012230,0.065519,0.000000,0.000000,0.000000,1.000000,0.050000
1782448478.758147,-1,0.000504,inf,SAFE_STAND,0.000000,0.003925,-0.012221,0.065556,0.000000,0.000000,0.000000,1.000000,0.050000
1782448478.778244,-1,0.000522,inf,SAFE_STAND,0.000000,0.003937,-0.012217,0.065549,0.000000,0.000000,0.000000,1.000000,0.050000
1782448478.798814,-1,0.000763,inf,SAFE_STAND,0.000000,0.003937,-0.012204,0.065527,0.000000,0.000000,0.000000,1.000000,0.050000
1782448478.818845,-1,0.000507,inf,SAFE_STAND,0.000000,0.003908,-0.012169,0.065496,0.000000,0.000000,0.000000,1.000000,0.050000
1782448478.838946,-1,0.000504,inf,SAFE_STAND,0.000000,0.003921,-0.012168,0.065467,0.000000,0.000000,0.000000,1.000000,0.050000
1782448478.859090,-1,0.000562,inf,SAFE_STAND,0.000000,0.003930,-0.012103,0.065435,0.000000,0.000000,0.000000,1.000000,0.050000
1782448478.879570,-1,0.000716,inf,SAFE_STAND,0.000000,0.003949,-0.012075,0.065451,0.000000,0.000000,0.000000,1.000000,0.050000
1782448478.899710,-1,0.000761,inf,SAFE_STAND,0.000000,0.003941,-0.012065,0.065475,0.000000,0.000000,0.000000,1.000000,0.050000
1782448478.919627,-1,0.000562,inf,SAFE_STAND,0.000000,0.003965,-0.012089,0.065514,0.000000,0.000000,0.000000,1.000000,0.050000
1782448478.939942,-1,0.000724,74755.759418,SAFE_STAND,0.000000,0.003983,-0.012088,0.065524,0.000000,0.000000,0.000000,1.000000,0.050000
1782448478.959809,-1,0.000502,inf,SAFE_STAND,0.000000,0.003974,-0.012074,0.065533,0.000000,0.000000,0.000000,1.000000,0.050000
1782448478.979897,-1,0.000506,inf,SAFE_STAND,0.000000,0.004020,-0.012036,0.065545,0.000000,0.000000,0.000000,1.000000,0.050000
1782448479.000570,-1,0.000507,inf,SAFE_STAND,0.000000,0.004008,-0.012030,0.065523,0.000000,0.000000,0.000000,1.000000,0.050000
1782448479.020590,-1,0.000450,inf,SAFE_STAND,0.000000,0.004021,-0.012054,0.065525,0.000000,0.000000,0.000000,1.000000,0.050000
1782448479.040700,-1,0.000481,inf,SAFE_STAND,0.000000,0.004019,-0.012046,0.065505,0.000000,0.000000,0.000000,1.000000,0.050000
1782448479.061122,-1,0.000484,inf,SAFE_STAND,0.000000,0.004024,-0.012086,0.065521,0.000000,0.000000,0.000000,1.000000,0.050000
1782448479.081266,-1,0.000479,inf,SAFE_STAND,0.000000,0.004036,-0.012085,0.065521,0.000000,0.000000,0.000000,1.000000,0.050000
1782448479.101345,-1,0.000484,inf,SAFE_STAND,0.000000,0.004058,-0.012058,0.065524,0.000000,0.000000,0.000000,1.000000,0.050000
1782448479.121400,-1,0.000462,inf,SAFE_STAND,0.000000,0.004059,-0.012054,0.065486,0.000000,0.000000,0.000000,1.000000,0.050000
1782448479.141510,-1,0.000493,inf,SAFE_STAND,0.000000,0.004076,-0.012051,0.065482,0.000000,0.000000,0.000000,1.000000,0.050000
1782448479.161961,-1,0.000489,inf,SAFE_STAND,0.000000,0.004083,-0.012021,0.065470,0.000000,0.000000,0.000000,1.000000,0.050000
1782448479.182053,-1,0.000498,inf,SAFE_STAND,0.000000,0.004084,-0.012011,0.065510,0.000000,0.000000,0.000000,1.000000,0.050000
1782448479.202102,-1,0.000470,inf,SAFE_STAND,0.000000,0.004102,-0.012052,0.065519,0.000000,0.000000,0.000000,1.000000,0.050000
1782448479.222586,-1,0.000656,inf,SAFE_STAND,0.000000,0.004091,-0.012082,0.065542,0.000000,0.000000,0.000000,1.000000,0.050000
1782448479.242703,-1,0.000505,inf,SAFE_STAND,0.000000,0.004111,-0.012046,0.065529,0.000000,0.000000,0.000000,1.000000,0.050000
1782448479.262775,-1,0.000500,inf,SAFE_STAND,0.000000,0.004087,-0.012027,0.065519,0.000000,0.000000,0.000000,1.000000,0.050000
1782448479.282815,-1,0.000464,inf,SAFE_STAND,0.000000,0.004077,-0.012058,0.065545,0.000000,0.000000,0.000000,1.000000,0.050000
1782448479.303137,-1,0.000710,inf,SAFE_STAND,0.000000,0.004092,-0.012069,0.065580,0.000000,0.000000,0.000000,1.000000,0.050000
1782448479.323243,-1,0.000738,inf,SAFE_STAND,0.000000,0.004093,-0.012063,0.065555,0.000000,0.000000,0.000000,1.000000,0.050000
1782448479.343285,-1,0.000698,inf,SAFE_STAND,0.000000,0.004111,-0.012020,0.065587,0.000000,0.000000,0.000000,1.000000,0.050000
1782448479.363221,-1,0.000532,inf,SAFE_STAND,0.000000,0.004128,-0.011995,0.065589,0.000000,0.000000,0.000000,1.000000,0.050000
1782448479.383374,-1,0.000543,inf,SAFE_STAND,0.000000,0.004137,-0.011959,0.065571,0.000000,0.000000,0.000000,1.000000,0.050000
1782448479.403359,-1,0.000448,inf,SAFE_STAND,0.000000,0.004172,-0.011932,0.065590,0.000000,0.000000,0.000000,1.000000,0.050000
1782448479.423434,-1,0.000444,inf,SAFE_STAND,0.000000,0.004180,-0.011897,0.065609,0.000000,0.000000,0.000000,1.000000,0.050000
1782448479.444049,-1,0.000936,74756.263301,SAFE_STAND,0.000000,0.004195,-0.011855,0.065605,0.000000,0.000000,0.000000,1.000000,0.050000
1782448479.463707,-1,0.000509,inf,SAFE_STAND,0.000000,0.004204,-0.011811,0.065596,0.000000,0.000000,0.000000,1.000000,0.050000
1782448479.483999,-1,0.000709,inf,SAFE_STAND,0.000000,0.004207,-0.011791,0.065555,0.000000,0.000000,0.000000,1.000000,0.050000
1782448479.503903,-1,0.000440,inf,SAFE_STAND,0.000000,0.004196,-0.011778,0.065554,0.000000,0.000000,0.000000,1.000000,0.050000
1782448479.524074,-1,0.000534,inf,SAFE_STAND,0.000000,0.004226,-0.011769,0.065554,0.000000,0.000000,0.000000,1.000000,0.050000
1782448479.544132,-1,0.000495,inf,SAFE_STAND,0.000000,0.004252,-0.011748,0.065542,0.000000,0.000000,0.000000,1.000000,0.050000
1782448479.564560,-1,0.000509,inf,SAFE_STAND,0.000000,0.004280,-0.011755,0.065591,0.000000,0.000000,0.000000,1.000000,0.050000
1782448479.584733,-1,0.000538,inf,SAFE_STAND,0.000000,0.004294,-0.011718,0.065608,0.000000,0.000000,0.000000,1.000000,0.050000
1782448479.604738,-1,0.000468,inf,SAFE_STAND,0.000000,0.004292,-0.011704,0.065650,0.000000,0.000000,0.000000,1.000000,0.050000
1782448479.624795,-1,0.000445,inf,SAFE_STAND,0.000000,0.004291,-0.011738,0.065657,0.000000,0.000000,0.000000,1.000000,0.050000
1782448479.645231,-1,0.000803,inf,SAFE_STAND,0.000000,0.004295,-0.011716,0.065664,0.000000,0.000000,0.000000,1.000000,0.050000
1782448479.665307,-1,0.000791,inf,SAFE_STAND,0.000000,0.004310,-0.011747,0.065686,0.000000,0.000000,0.000000,1.000000,0.050000
1782448479.685076,-1,0.000517,inf,SAFE_STAND,0.000000,0.004320,-0.011782,0.065695,0.000000,0.000000,0.000000,1.000000,0.050000
1782448479.705290,-1,0.000472,inf,SAFE_STAND,0.000000,0.004344,-0.011813,0.065697,0.000000,0.000000,0.000000,1.000000,0.050000
1782448479.725387,-1,0.000493,inf,SAFE_STAND,0.000000,0.004341,-0.011823,0.065701,0.000000,0.000000,0.000000,1.000000,0.050000
1782448479.745481,-1,0.000505,inf,SAFE_STAND,0.000000,0.004358,-0.011844,0.065733,0.000000,0.000000,0.000000,1.000000,0.050000
1782448479.766315,-1,0.000900,inf,SAFE_STAND,0.000000,0.004341,-0.011865,0.065698,0.000000,0.000000,0.000000,1.000000,0.050000
1782448479.786382,-1,0.000534,inf,SAFE_STAND,0.000000,0.004349,-0.011822,0.065688,0.000000,0.000000,0.000000,1.000000,0.050000
1782448479.807053,-1,0.000884,inf,SAFE_STAND,0.000000,0.004356,-0.011821,0.065705,0.000000,0.000000,0.000000,1.000000,0.050000
1782448479.826921,-1,0.000665,inf,SAFE_STAND,0.000000,0.004348,-0.011783,0.065675,0.000000,0.000000,0.000000,1.000000,0.050000
1782448479.846998,-1,0.000518,inf,SAFE_STAND,0.000000,0.004334,-0.011807,0.065674,0.000000,0.000000,0.000000,1.000000,0.050000
1782448479.867018,-1,0.000457,inf,SAFE_STAND,0.000000,0.004346,-0.011822,0.065697,0.000000,0.000000,0.000000,1.000000,0.050000
1782448479.887144,-1,0.000501,inf,SAFE_STAND,0.000000,0.004347,-0.011796,0.065719,0.000000,0.000000,0.000000,1.000000,0.050000
1782448479.907601,-1,0.000518,inf,SAFE_STAND,0.000000,0.004362,-0.011800,0.065737,0.000000,0.000000,0.000000,1.000000,0.050000
1782448479.927735,-1,0.000521,inf,SAFE_STAND,0.000000,0.004374,-0.011820,0.065709,0.000000,0.000000,0.000000,1.000000,0.050000
1782448479.948048,-1,0.000750,74756.767494,SAFE_STAND,0.000000,0.004374,-0.011838,0.065738,0.000000,0.000000,0.000000,1.000000,0.050000
1782448479.968364,-1,0.000745,inf,SAFE_STAND,0.000000,0.004377,-0.011869,0.065754,0.000000,0.000000,0.000000,1.000000,0.050000
1782448479.988301,-1,0.000449,inf,SAFE_STAND,0.000000,0.004363,-0.011872,0.065740,0.000000,0.000000,0.000000,1.000000,0.050000
1782448480.008468,-1,0.000457,inf,SAFE_STAND,0.000000,0.004375,-0.011882,0.065719,0.000000,0.000000,0.000000,1.000000,0.050000
1782448480.028488,-1,0.000405,inf,SAFE_STAND,0.000000,0.004374,-0.011882,0.065681,0.000000,0.000000,0.000000,1.000000,0.050000
1782448480.048577,-1,0.000425,inf,SAFE_STAND,0.000000,0.004405,-0.011873,0.065699,0.000000,0.000000,0.000000,1.000000,0.050000
1782448480.069004,-1,0.000436,inf,SAFE_STAND,0.000000,0.004378,-0.011875,0.065696,0.000000,0.000000,0.000000,1.000000,0.050000
1782448480.089236,-1,0.000405,inf,SAFE_STAND,0.000000,0.004362,-0.011883,0.065641,0.000000,0.000000,0.000000,1.000000,0.050000
1782448480.109307,-1,0.000405,inf,SAFE_STAND,0.000000,0.004375,-0.011885,0.065691,0.000000,0.000000,0.000000,1.000000,0.050000
1782448480.129592,-1,0.000623,inf,SAFE_STAND,0.000000,0.004375,-0.011924,0.065677,0.000000,0.000000,0.000000,1.000000,0.050000
1782448480.149747,-1,0.000708,inf,SAFE_STAND,0.000000,0.004372,-0.011903,0.065674,0.000000,0.000000,0.000000,1.000000,0.050000
1782448480.169776,-1,0.000661,inf,SAFE_STAND,0.000000,0.004392,-0.011944,0.065720,0.000000,0.000000,0.000000,1.000000,0.050000
1782448480.189626,-1,0.000438,inf,SAFE_STAND,0.000000,0.004381,-0.011974,0.065698,0.000000,0.000000,0.000000,1.000000,0.050000
1782448480.210068,-1,0.000585,inf,SAFE_STAND,0.000000,0.004404,-0.011987,0.065789,0.000000,0.000000,0.000000,1.000000,0.050000
1782448480.230509,-1,0.000699,inf,SAFE_STAND,0.000000,0.004403,-0.011965,0.065781,0.000000,0.000000,0.000000,1.000000,0.050000
1782448480.250569,-1,0.000683,inf,SAFE_STAND,0.000000,0.004393,-0.011981,0.065793,0.000000,0.000000,0.000000,1.000000,0.050000
1782448480.270483,-1,0.000409,inf,SAFE_STAND,0.000000,0.004379,-0.011978,0.065783,0.000000,0.000000,0.000000,1.000000,0.050000
1782448480.290650,-1,0.000403,inf,SAFE_STAND,0.000000,0.004381,-0.011977,0.065832,0.000000,0.000000,0.000000,1.000000,0.050000
1782448480.310776,-1,0.000456,inf,SAFE_STAND,0.000000,0.004389,-0.011969,0.065852,0.000000,0.000000,0.000000,1.000000,0.050000
1782448480.331247,-1,0.000448,inf,SAFE_STAND,0.000000,0.004373,-0.011995,0.065881,0.000000,0.000000,0.000000,1.000000,0.050000
1782448480.351299,-1,0.000427,inf,SAFE_STAND,0.000000,0.004360,-0.012002,0.065864,0.000000,0.000000,0.000000,1.000000,0.050000
1782448480.371388,-1,0.000429,inf,SAFE_STAND,0.000000,0.004344,-0.012021,0.065859,0.000000,0.000000,0.000000,1.000000,0.050000
1782448480.391497,-1,0.000464,inf,SAFE_STAND,0.000000,0.004346,-0.012046,0.065842,0.000000,0.000000,0.000000,1.000000,0.050000
1782448480.411554,-1,0.000445,inf,SAFE_STAND,0.000000,0.004320,-0.012061,0.065833,0.000000,0.000000,0.000000,1.000000,0.050000
1782448480.431969,-1,0.000411,inf,SAFE_STAND,0.000000,0.004341,-0.012071,0.065846,0.000000,0.000000,0.000000,1.000000,0.050000
1782448480.452230,-1,0.000595,74757.271771,SAFE_STAND,0.000000,0.004329,-0.012048,0.065856,0.000000,0.000000,0.000000,1.000000,0.050000
1782448480.472410,-1,0.000474,inf,SAFE_STAND,0.000000,0.004343,-0.012018,0.065854,0.000000,0.000000,0.000000,1.000000,0.050000
1782448480.492888,-1,0.000428,inf,SAFE_STAND,0.000000,0.004335,-0.012000,0.065851,0.000000,0.000000,0.000000,1.000000,0.050000
1782448480.513012,-1,0.000482,inf,SAFE_STAND,0.000000,0.004327,-0.012024,0.065866,0.000000,0.000000,0.000000,1.000000,0.050000
1782448480.533434,-1,0.000822,inf,SAFE_STAND,0.000000,0.004322,-0.012054,0.065847,0.000000,0.000000,0.000000,1.000000,0.050000
1782448480.553549,-1,0.000853,inf,SAFE_STAND,0.000000,0.004331,-0.012047,0.065884,0.000000,0.000000,0.000000,1.000000,0.050000
1782448480.573770,-1,0.000967,inf,SAFE_STAND,0.000000,0.004355,-0.012042,0.065873,0.000000,0.000000,0.000000,1.000000,0.050000
1782448480.593726,-1,0.000638,inf,SAFE_STAND,0.000000,0.004356,-0.012014,0.065842,0.000000,0.000000,0.000000,1.000000,0.050000
1782448480.613750,-1,0.000572,inf,SAFE_STAND,0.000000,0.004355,-0.011985,0.065885,0.000000,0.000000,0.000000,1.000000,0.050000
1782448480.633729,-1,0.000460,inf,SAFE_STAND,0.000000,0.004348,-0.011980,0.065870,0.000000,0.000000,0.000000,1.000000,0.050000
1782448480.654250,-1,0.000674,inf,SAFE_STAND,0.000000,0.004356,-0.011967,0.065876,0.000000,0.000000,0.000000,1.000000,0.050000
1782448480.674165,-1,0.000473,inf,SAFE_STAND,0.000000,0.004359,-0.011941,0.065850,0.000000,0.000000,0.000000,1.000000,0.050000
1782448480.694228,-1,0.000462,inf,SAFE_STAND,0.000000,0.004364,-0.011937,0.065909,0.000000,0.000000,0.000000,1.000000,0.050000
1782448480.714288,-1,0.000441,inf,SAFE_STAND,0.000000,0.004343,-0.011931,0.065893,0.000000,0.000000,0.000000,1.000000,0.050000
1782448480.734372,-1,0.000451,inf,SAFE_STAND,0.000000,0.004353,-0.011907,0.065947,0.000000,0.000000,0.000000,1.000000,0.050000
1782448480.754470,-1,0.000473,inf,SAFE_STAND,0.000000,0.004352,-0.011934,0.065939,0.000000,0.000000,0.000000,1.000000,0.050000
1782448480.775139,-1,0.000845,inf,SAFE_STAND,0.000000,0.004362,-0.011891,0.065918,0.000000,0.000000,0.000000,1.000000,0.050000
1782448480.795235,-1,0.000847,inf,SAFE_STAND,0.000000,0.004343,-0.011898,0.065910,0.000000,0.000000,0.000000,1.000000,0.050000
1782448480.814951,-1,0.000464,inf,SAFE_STAND,0.000000,0.004328,-0.011944,0.065939,0.000000,0.000000,0.000000,1.000000,0.050000
1782448480.835024,-1,0.000462,inf,SAFE_STAND,0.000000,0.004336,-0.011916,0.065905,0.000000,0.000000,0.000000,1.000000,0.050000
1782448480.855078,-1,0.000442,inf,SAFE_STAND,0.000000,0.004325,-0.011929,0.065901,0.000000,0.000000,0.000000,1.000000,0.050000
1782448480.875527,-1,0.000809,inf,SAFE_STAND,0.000000,0.004342,-0.011878,0.065871,0.000000,0.000000,0.000000,1.000000,0.050000
1782448480.895482,-1,0.000688,inf,SAFE_STAND,0.000000,0.004351,-0.011846,0.065854,0.000000,0.000000,0.000000,1.000000,0.050000
1782448480.915530,-1,0.000656,inf,SAFE_STAND,0.000000,0.004354,-0.011885,0.065825,0.000000,0.000000,0.000000,1.000000,0.050000
1782448480.935561,-1,0.000484,inf,SAFE_STAND,0.000000,0.004332,-0.011931,0.065858,0.000000,0.000000,0.000000,1.000000,0.050000
1782448480.955745,-1,0.000587,74757.775285,SAFE_STAND,0.000000,0.004348,-0.011954,0.065874,0.000000,0.000000,0.000000,1.000000,0.050000
1782448480.975879,-1,0.000420,inf,SAFE_STAND,0.000000,0.004344,-0.012017,0.065869,0.000000,0.000000,0.000000,1.000000,0.050000
1782448480.996226,-1,0.000693,inf,SAFE_STAND,0.000000,0.004330,-0.012012,0.065833,0.000000,0.000000,0.000000,1.000000,0.050000
1782448481.016271,-1,0.000658,inf,SAFE_STAND,0.000000,0.004321,-0.012031,0.065823,0.000000,0.000000,0.000000,1.000000,0.050000
1782448481.036060,-1,0.000376,inf,SAFE_STAND,0.000000,0.004342,-0.012014,0.065852,0.000000,0.000000,0.000000,1.000000,0.050000
1782448481.056238,-1,0.000428,inf,SAFE_STAND,0.000000,0.004349,-0.012002,0.065864,0.000000,0.000000,0.000000,1.000000,0.050000
1782448481.076358,-1,0.000427,inf,SAFE_STAND,0.000000,0.004343,-0.012012,0.065900,0.000000,0.000000,0.000000,1.000000,0.050000
1782448481.096733,-1,0.000680,inf,SAFE_STAND,0.000000,0.004348,-0.012004,0.065930,0.000000,0.000000,0.000000,1.000000,0.050000
1782448481.116852,-1,0.000676,inf,SAFE_STAND,0.000000,0.004357,-0.011978,0.065960,0.000000,0.000000,0.000000,1.000000,0.050000
1782448481.136999,-1,0.000699,inf,SAFE_STAND,0.000000,0.004347,-0.011957,0.065940,0.000000,0.000000,0.000000,1.000000,0.050000
1782448481.156953,-1,0.000460,inf,SAFE_STAND,0.000000,0.004320,-0.011980,0.065963,0.000000,0.000000,0.000000,1.000000,0.050000
1782448481.177073,-1,0.000457,inf,SAFE_STAND,0.000000,0.004297,-0.011977,0.065915,0.000000,0.000000,0.000000,1.000000,0.050000
1782448481.197179,-1,0.000489,inf,SAFE_STAND,0.000000,0.004305,-0.012002,0.065933,0.000000,0.000000,0.000000,1.000000,0.050000
1782448481.217646,-1,0.000446,inf,SAFE_STAND,0.000000,0.004294,-0.011978,0.065905,0.000000,0.000000,0.000000,1.000000,0.050000
1782448481.237771,-1,0.000446,inf,SAFE_STAND,0.000000,0.004288,-0.011968,0.065867,0.000000,0.000000,0.000000,1.000000,0.050000
1782448481.257886,-1,0.000480,inf,SAFE_STAND,0.000000,0.004282,-0.012021,0.065917,0.000000,0.000000,0.000000,1.000000,0.050000
1782448481.277920,-1,0.000464,inf,SAFE_STAND,0.000000,0.004282,-0.011976,0.065916,0.000000,0.000000,0.000000,1.000000,0.050000
1782448481.298214,-1,0.000679,inf,SAFE_STAND,0.000000,0.004289,-0.011960,0.065950,0.000000,0.000000,0.000000,1.000000,0.050000
1782448481.318466,-1,0.000857,inf,SAFE_STAND,0.000000,0.004295,-0.011935,0.065989,0.000000,0.000000,0.000000,1.000000,0.050000
1782448481.338434,-1,0.000484,inf,SAFE_STAND,0.000000,0.004304,-0.011905,0.066017,0.000000,0.000000,0.000000,1.000000,0.050000
1782448481.358499,-1,0.000473,inf,SAFE_STAND,0.000000,0.004295,-0.011880,0.066045,0.000000,0.000000,0.000000,1.000000,0.050000
1782448481.378596,-1,0.000463,inf,SAFE_STAND,0.000000,0.004268,-0.011857,0.066102,0.000000,0.000000,0.000000,1.000000,0.050000
1782448481.398669,-1,0.000460,inf,SAFE_STAND,0.000000,0.004246,-0.011860,0.066102,0.000000,0.000000,0.000000,1.000000,0.050000
1782448481.419350,-1,0.000842,inf,SAFE_STAND,0.000000,0.004215,-0.011869,0.066058,0.000000,0.000000,0.000000,1.000000,0.050000
1782448481.439195,-1,0.000492,inf,SAFE_STAND,0.000000,0.004197,-0.011891,0.066089,0.000000,0.000000,0.000000,1.000000,0.050000
1782448481.459685,-1,0.000905,74758.278956,SAFE_STAND,0.000000,0.004194,-0.011930,0.066081,0.000000,0.000000,0.000000,1.000000,0.050000
1782448481.479696,-1,0.000827,inf,SAFE_STAND,0.000000,0.004198,-0.011925,0.066057,0.000000,0.000000,0.000000,1.000000,0.050000
1782448481.499625,-1,0.000675,inf,SAFE_STAND,0.000000,0.004186,-0.011928,0.065974,0.000000,0.000000,0.000000,1.000000,0.050000
1782448481.519749,-1,0.000563,inf,SAFE_STAND,0.000000,0.004211,-0.011885,0.065957,0.000000,0.000000,0.000000,1.000000,0.050000
1782448481.539788,-1,0.000519,inf,SAFE_STAND,0.000000,0.004184,-0.011887,0.065954,0.000000,0.000000,0.000000,1.000000,0.050000
1782448481.559847,-1,0.000495,inf,SAFE_STAND,0.000000,0.004165,-0.011873,0.065932,0.000000,0.000000,0.000000,1.000000,0.050000
1782448481.579911,-1,0.000483,inf,SAFE_STAND,0.000000,0.004175,-0.011930,0.065929,0.000000,0.000000,0.000000,1.000000,0.050000
1782448481.599935,-1,0.000431,inf,SAFE_STAND,0.000000,0.004179,-0.011912,0.065915,0.000000,0.000000,0.000000,1.000000,0.050000
1782448481.620680,-1,0.000467,inf,SAFE_STAND,0.000000,0.004170,-0.011931,0.065844,0.000000,0.000000,0.000000,1.000000,0.050000
1782448481.640775,-1,0.000485,inf,SAFE_STAND,0.000000,0.004187,-0.011922,0.065862,0.000000,0.000000,0.000000,1.000000,0.050000
1782448481.661356,-1,0.000760,inf,SAFE_STAND,0.000000,0.004171,-0.011914,0.065829,0.000000,0.000000,0.000000,1.000000,0.050000
1782448481.681387,-1,0.000541,inf,SAFE_STAND,0.000000,0.004161,-0.011901,0.065811,0.000000,0.000000,0.000000,1.000000,0.050000
1782448481.701385,-1,0.000456,inf,SAFE_STAND,0.000000,0.004161,-0.011900,0.065824,0.000000,0.000000,0.000000,1.000000,0.050000
1782448481.721541,-1,0.000536,inf,SAFE_STAND,0.000000,0.004158,-0.011929,0.065796,0.000000,0.000000,0.000000,1.000000,0.050000
1782448481.742088,-1,0.000783,inf,SAFE_STAND,0.000000,0.004140,-0.011926,0.065756,0.000000,0.000000,0.000000,1.000000,0.050000
1782448481.762098,-1,0.000509,inf,SAFE_STAND,0.000000,0.004157,-0.011900,0.065753,0.000000,0.000000,0.000000,1.000000,0.050000
1782448481.782146,-1,0.000481,inf,SAFE_STAND,0.000000,0.004144,-0.011869,0.065697,0.000000,0.000000,0.000000,1.000000,0.050000
1782448481.802186,-1,0.000440,inf,SAFE_STAND,0.000000,0.004133,-0.011863,0.065688,0.000000,0.000000,0.000000,1.000000,0.050000
1782448481.822262,-1,0.000444,inf,SAFE_STAND,0.000000,0.004114,-0.011820,0.065652,0.000000,0.000000,0.000000,1.000000,0.050000
1782448481.842829,-1,0.000520,inf,SAFE_STAND,0.000000,0.004101,-0.011844,0.065679,0.000000,0.000000,0.000000,1.000000,0.050000
1782448481.862934,-1,0.000545,inf,SAFE_STAND,0.000000,0.004109,-0.011844,0.065624,0.000000,0.000000,0.000000,1.000000,0.050000
1782448481.882910,-1,0.000444,inf,SAFE_STAND,0.000000,0.004096,-0.011761,0.065602,0.000000,0.000000,0.000000,1.000000,0.050000
1782448481.903510,-1,0.000752,inf,SAFE_STAND,0.000000,0.004087,-0.011797,0.065637,0.000000,0.000000,0.000000,1.000000,0.050000
1782448481.923517,-1,0.000682,inf,SAFE_STAND,0.000000,0.004076,-0.011770,0.065639,0.000000,0.000000,0.000000,1.000000,0.050000
1782448481.943503,-1,0.000434,inf,SAFE_STAND,0.000000,0.004095,-0.011780,0.065660,0.000000,0.000000,0.000000,1.000000,0.050000
1782448481.963732,-1,0.000594,74758.783273,SAFE_STAND,0.000000,0.004134,-0.011771,0.065681,0.000000,0.000000,0.000000,1.000000,0.050000
1782448481.983878,-1,0.000439,inf,SAFE_STAND,0.000000,0.004144,-0.011781,0.065709,0.000000,0.000000,0.000000,1.000000,0.050000
1782448482.004271,-1,0.000434,inf,SAFE_STAND,0.000000,0.004181,-0.011759,0.065726,0.000000,0.000000,0.000000,1.000000,0.050000
1782448482.024301,-1,0.000393,inf,SAFE_STAND,0.000000,0.004160,-0.011754,0.065746,0.000000,0.000000,0.000000,1.000000,0.050000
1782448482.044435,-1,0.000457,inf,SAFE_STAND,0.000000,0.004156,-0.011745,0.065729,0.000000,0.000000,0.000000,1.000000,0.050000
1782448482.064501,-1,0.000449,inf,SAFE_STAND,0.000000,0.004172,-0.011709,0.065725,0.000000,0.000000,0.000000,1.000000,0.050000
1782448482.084918,-1,0.000784,inf,SAFE_STAND,0.000000,0.004146,-0.011752,0.065767,0.000000,0.000000,0.000000,1.000000,0.050000
1782448482.104861,-1,0.000654,inf,SAFE_STAND,0.000000,0.004134,-0.011760,0.065770,0.000000,0.000000,0.000000,1.000000,0.050000
1782448482.124919,-1,0.000436,inf,SAFE_STAND,0.000000,0.004150,-0.011790,0.065798,0.000000,0.000000,0.000000,1.000000,0.050000
1782448482.145005,-1,0.000448,inf,SAFE_STAND,0.000000,0.004141,-0.011777,0.065760,0.000000,0.000000,0.000000,1.000000,0.050000
1782448482.165107,-1,0.000473,inf,SAFE_STAND,0.000000,0.004152,-0.011770,0.065806,0.000000,0.000000,0.000000,1.000000,0.050000
1782448482.185202,-1,0.000490,inf,SAFE_STAND,0.000000,0.004129,-0.011781,0.065779,0.000000,0.000000,0.000000,1.000000,0.050000
1782448482.205875,-1,0.000648,inf,SAFE_STAND,0.000000,0.004122,-0.011764,0.065743,0.000000,0.000000,0.000000,1.000000,0.050000
1782448482.226835,-1,0.001215,inf,SAFE_STAND,0.000000,0.004076,-0.011781,0.065714,0.000000,0.000000,0.000000,1.000000,0.050000
1782448482.247001,-1,0.000849,inf,SAFE_STAND,0.000000,0.004071,-0.011760,0.065728,0.000000,0.000000,0.000000,1.000000,0.050000
1782448482.267699,-1,0.001133,inf,SAFE_STAND,0.000000,0.004060,-0.011708,0.065693,0.000000,0.000000,0.000000,1.000000,0.050000
1782448482.287806,-1,0.001086,inf,SAFE_STAND,0.000000,0.004082,-0.011667,0.065701,0.000000,0.000000,0.000000,1.000000,0.050000
1782448482.307772,-1,0.000673,inf,SAFE_STAND,0.000000,0.004076,-0.011655,0.065681,0.000000,0.000000,0.000000,1.000000,0.050000
1782448482.328537,-1,0.001060,inf,SAFE_STAND,0.000000,0.004093,-0.011629,0.065677,0.000000,0.000000,0.000000,1.000000,0.050000
1782448482.348577,-1,0.000685,inf,SAFE_STAND,0.000000,0.004115,-0.011620,0.065656,0.000000,0.000000,0.000000,1.000000,0.050000
1782448482.369470,-1,0.001066,inf,SAFE_STAND,0.000000,0.004098,-0.011638,0.065685,0.000000,0.000000,0.000000,1.000000,0.050000
1782448482.389618,-1,0.000685,inf,SAFE_STAND,0.000000,0.004098,-0.011675,0.065718,0.000000,0.000000,0.000000,1.000000,0.050000
1782448482.409940,-1,0.000501,inf,SAFE_STAND,0.000000,0.004099,-0.011672,0.065741,0.000000,0.000000,0.000000,1.000000,0.050000
1782448482.429996,-1,0.000478,inf,SAFE_STAND,0.000000,0.004125,-0.011582,0.065770,0.000000,0.000000,0.000000,1.000000,0.050000
1782448482.450043,-1,0.000445,inf,SAFE_STAND,0.000000,0.004126,-0.011552,0.065773,0.000000,0.000000,0.000000,1.000000,0.050000
1782448482.470515,-1,0.000841,74759.289815,SAFE_STAND,0.000000,0.004115,-0.011473,0.065763,0.000000,0.000000,0.000000,1.000000,0.050000
1782448482.490575,-1,0.000824,inf,SAFE_STAND,0.000000,0.004102,-0.011460,0.065787,0.000000,0.000000,0.000000,1.000000,0.050000
1782448482.510513,-1,0.000678,inf,SAFE_STAND,0.000000,0.004124,-0.011485,0.065732,0.000000,0.000000,0.000000,1.000000,0.050000
1782448482.530626,-1,0.000715,inf,SAFE_STAND,0.000000,0.004107,-0.011510,0.065761,0.000000,0.000000,0.000000,1.000000,0.050000
1782448482.550607,-1,0.000503,inf,SAFE_STAND,0.000000,0.004076,-0.011513,0.065738,0.000000,0.000000,0.000000,1.000000,0.050000
1782448482.570647,-1,0.000463,inf,SAFE_STAND,0.000000,0.004087,-0.011502,0.065750,0.000000,0.000000,0.000000,1.000000,0.050000
1782448482.590754,-1,0.000496,inf,SAFE_STAND,0.000000,0.004110,-0.011498,0.065787,0.000000,0.000000,0.000000,1.000000,0.050000
1782448482.610791,-1,0.000457,inf,SAFE_STAND,0.000000,0.004096,-0.011568,0.065786,0.000000,0.000000,0.000000,1.000000,0.050000
1782448482.631063,-1,0.000652,inf,SAFE_STAND,0.000000,0.004105,-0.011593,0.065804,0.000000,0.000000,0.000000,1.000000,0.050000
1782448482.651188,-1,0.000695,inf,SAFE_STAND,0.000000,0.004123,-0.011585,0.065836,0.000000,0.000000,0.000000,1.000000,0.050000
1782448482.671160,-1,0.000451,inf,SAFE_STAND,0.000000,0.004102,-0.011595,0.065811,0.000000,0.000000,0.000000,1.000000,0.050000
1782448482.691230,-1,0.000445,inf,SAFE_STAND,0.000000,0.004076,-0.011604,0.065783,0.000000,0.000000,0.000000,1.000000,0.050000
1782448482.711326,-1,0.000448,inf,SAFE_STAND,0.000000,0.004064,-0.011604,0.065768,0.000000,0.000000,0.000000,1.000000,0.050000
1782448482.731419,-1,0.000466,inf,SAFE_STAND,0.000000,0.004050,-0.011654,0.065758,0.000000,0.000000,0.000000,1.000000,0.050000
1782448482.751928,-1,0.000683,inf,SAFE_STAND,0.000000,0.004047,-0.011593,0.065702,0.000000,0.000000,0.000000,1.000000,0.050000
1782448482.771924,-1,0.000431,inf,SAFE_STAND,0.000000,0.004050,-0.011592,0.065715,0.000000,0.000000,0.000000,1.000000,0.050000
1782448482.792050,-1,0.000482,inf,SAFE_STAND,0.000000,0.004037,-0.011548,0.065671,0.000000,0.000000,0.000000,1.000000,0.050000
1782448482.812094,-1,0.000445,inf,SAFE_STAND,0.000000,0.004040,-0.011573,0.065676,0.000000,0.000000,0.000000,1.000000,0.050000
1782448482.832397,-1,0.000670,inf,SAFE_STAND,0.000000,0.004052,-0.011596,0.065677,0.000000,0.000000,0.000000,1.000000,0.050000
1782448482.852507,-1,0.000702,inf,SAFE_STAND,0.000000,0.004029,-0.011594,0.065675,0.000000,0.000000,0.000000,1.000000,0.050000
1782448482.872572,-1,0.000643,inf,SAFE_STAND,0.000000,0.004032,-0.011616,0.065651,0.000000,0.000000,0.000000,1.000000,0.050000
1782448482.892579,-1,0.000479,inf,SAFE_STAND,0.000000,0.004043,-0.011608,0.065665,0.000000,0.000000,0.000000,1.000000,0.050000
1782448482.912697,-1,0.000486,inf,SAFE_STAND,0.000000,0.004050,-0.011601,0.065670,0.000000,0.000000,0.000000,1.000000,0.050000
1782448482.932752,-1,0.000466,inf,SAFE_STAND,0.000000,0.004045,-0.011575,0.065699,0.000000,0.000000,0.000000,1.000000,0.050000
1782448482.953244,-1,0.000662,inf,SAFE_STAND,0.000000,0.004051,-0.011591,0.065674,0.000000,0.000000,0.000000,1.000000,0.050000
1782448482.973485,-1,0.000645,74759.793027,SAFE_STAND,0.000000,0.004062,-0.011594,0.065725,0.000000,0.000000,0.000000,1.000000,0.050000
1782448482.993377,-1,0.000460,inf,SAFE_STAND,0.000000,0.004043,-0.011596,0.065706,0.000000,0.000000,0.000000,1.000000,0.050000
1782448483.013421,-1,0.000429,inf,SAFE_STAND,0.000000,0.004022,-0.011648,0.065753,0.000000,0.000000,0.000000,1.000000,0.050000
1782448483.033537,-1,0.000474,inf,SAFE_STAND,0.000000,0.004018,-0.011652,0.065768,0.000000,0.000000,0.000000,1.000000,0.050000
1782448483.053915,-1,0.000778,inf,SAFE_STAND,0.000000,0.004000,-0.011643,0.065827,0.000000,0.000000,0.000000,1.000000,0.050000
1782448483.074018,-1,0.000808,inf,SAFE_STAND,0.000000,0.004017,-0.011629,0.065850,0.000000,0.000000,0.000000,1.000000,0.050000
1782448483.094003,-1,0.000722,inf,SAFE_STAND,0.000000,0.004045,-0.011615,0.065831,0.000000,0.000000,0.000000,1.000000,0.050000
1782448483.113925,-1,0.000442,inf,SAFE_STAND,0.000000,0.004059,-0.011598,0.065843,0.000000,0.000000,0.000000,1.000000,0.050000
1782448483.134015,-1,0.000451,inf,SAFE_STAND,0.000000,0.004051,-0.011548,0.065863,0.000000,0.000000,0.000000,1.000000,0.050000
1782448483.154116,-1,0.000480,inf,SAFE_STAND,0.000000,0.004059,-0.011539,0.065908,0.000000,0.000000,0.000000,1.000000,0.050000
1782448483.174412,-1,0.000693,inf,SAFE_STAND,0.000000,0.004057,-0.011557,0.065954,0.000000,0.000000,0.000000,1.000000,0.050000
1782448483.194511,-1,0.000715,inf,SAFE_STAND,0.000000,0.004047,-0.011529,0.065956,0.000000,0.000000,0.000000,1.000000,0.050000
1782448483.214543,-1,0.000667,inf,SAFE_STAND,0.000000,0.004045,-0.011534,0.065989,0.000000,0.000000,0.000000,1.000000,0.050000
1782448483.234425,-1,0.000475,inf,SAFE_STAND,0.000000,0.004047,-0.011540,0.065997,0.000000,0.000000,0.000000,1.000000,0.050000
1782448483.254730,-1,0.000516,inf,SAFE_STAND,0.000000,0.004018,-0.011541,0.066009,0.000000,0.000000,0.000000,1.000000,0.050000
1782448483.274776,-1,0.000481,inf,SAFE_STAND,0.000000,0.004005,-0.011522,0.066043,0.000000,0.000000,0.000000,1.000000,0.050000
1782448483.295517,-1,0.000793,inf,SAFE_STAND,0.000000,0.004010,-0.011527,0.066065,0.000000,0.000000,0.000000,1.000000,0.050000
1782448483.315320,-1,0.000479,inf,SAFE_STAND,0.000000,0.004010,-0.011549,0.066049,0.000000,0.000000,0.000000,1.000000,0.050000
1782448483.335472,-1,0.000558,inf,SAFE_STAND,0.000000,0.004006,-0.011591,0.066088,0.000000,0.000000,0.000000,1.000000,0.050000
1782448483.355497,-1,0.000501,inf,SAFE_STAND,0.000000,0.003999,-0.011622,0.066101,0.000000,0.000000,0.000000,1.000000,0.050000
1782448483.375546,-1,0.000473,inf,SAFE_STAND,0.000000,0.003977,-0.011600,0.066102,0.000000,0.000000,0.000000,1.000000,0.050000
1782448483.396165,-1,0.000797,inf,SAFE_STAND,0.000000,0.003967,-0.011528,0.066060,0.000000,0.000000,0.000000,1.000000,0.050000
1782448483.416064,-1,0.000451,inf,SAFE_STAND,0.000000,0.003989,-0.011556,0.066120,0.000000,0.000000,0.000000,1.000000,0.050000
1782448483.436163,-1,0.000477,inf,SAFE_STAND,0.000000,0.004009,-0.011527,0.066115,0.000000,0.000000,0.000000,1.000000,0.050000
1782448483.456266,-1,0.000506,inf,SAFE_STAND,0.000000,0.004003,-0.011594,0.066131,0.000000,0.000000,0.000000,1.000000,0.050000
1782448483.476709,-1,0.000867,74760.295986,SAFE_STAND,0.000000,0.004018,-0.011622,0.066132,0.000000,0.000000,0.000000,1.000000,0.050000
1782448483.496602,-1,0.000680,inf,SAFE_STAND,0.000000,0.004016,-0.011619,0.066117,0.000000,0.000000,0.000000,1.000000,0.050000
1782448483.516681,-1,0.000684,inf,SAFE_STAND,0.000000,0.004025,-0.011594,0.066046,0.000000,0.000000,0.000000,1.000000,0.050000
1782448483.536722,-1,0.000502,inf,SAFE_STAND,0.000000,0.004011,-0.011599,0.066047,0.000000,0.000000,0.000000,1.000000,0.050000
1782448483.557016,-1,0.000696,inf,SAFE_STAND,0.000000,0.004015,-0.011553,0.066075,0.000000,0.000000,0.000000,1.000000,0.050000
1782448483.576861,-1,0.000461,inf,SAFE_STAND,0.000000,0.004007,-0.011575,0.066173,0.000000,0.000000,0.000000,1.000000,0.050000
1782448483.597278,-1,0.000795,inf,SAFE_STAND,0.000000,0.004046,-0.011593,0.066169,0.000000,0.000000,0.000000,1.000000,0.050000
1782448483.617384,-1,0.000810,inf,SAFE_STAND,0.000000,0.004050,-0.011601,0.066181,0.000000,0.000000,0.000000,1.000000,0.050000
1782448483.637770,-1,0.001108,inf,SAFE_STAND,0.000000,0.004046,-0.011625,0.066221,0.000000,0.000000,0.000000,1.000000,0.050000
1782448483.658602,-1,0.001106,inf,SAFE_STAND,0.000000,0.004038,-0.011670,0.066229,0.000000,0.000000,0.000000,1.000000,0.050000
1782448483.678521,-1,0.000799,inf,SAFE_STAND,0.000000,0.004019,-0.011635,0.066211,0.000000,0.000000,0.000000,1.000000,0.050000
1782448483.699338,-1,0.001151,inf,SAFE_STAND,0.000000,0.003997,-0.011636,0.066206,0.000000,0.000000,0.000000,1.000000,0.050000
1782448483.719392,-1,0.001070,inf,SAFE_STAND,0.000000,0.003982,-0.011682,0.066223,0.000000,0.000000,0.000000,1.000000,0.050000
1782448483.739820,-1,0.000900,inf,SAFE_STAND,0.000000,0.004001,-0.011710,0.066202,0.000000,0.000000,0.000000,1.000000,0.050000
1782448483.759868,-1,0.000854,inf,SAFE_STAND,0.000000,0.004004,-0.011704,0.066230,0.000000,0.000000,0.000000,1.000000,0.050000
1782448483.779880,-1,0.000774,inf,SAFE_STAND,0.000000,0.004028,-0.011648,0.066232,0.000000,0.000000,0.000000,1.000000,0.050000
1782448483.799776,-1,0.000544,inf,SAFE_STAND,0.000000,0.004025,-0.011676,0.066242,0.000000,0.000000,0.000000,1.000000,0.050000
1782448483.820153,-1,0.000781,inf,SAFE_STAND,0.000000,0.004011,-0.011691,0.066269,0.000000,0.000000,0.000000,1.000000,0.050000
1782448483.840805,-1,0.001105,inf,SAFE_STAND,0.000000,0.004010,-0.011653,0.066217,0.000000,0.000000,0.000000,1.000000,0.050000
1782448483.860851,-1,0.001060,inf,SAFE_STAND,0.000000,0.004029,-0.011646,0.066220,0.000000,0.000000,0.000000,1.000000,0.050000
1782448483.880980,-1,0.001081,inf,SAFE_STAND,0.000000,0.004028,-0.011664,0.066247,0.000000,0.000000,0.000000,1.000000,0.050000
1782448483.901126,-1,0.000782,inf,SAFE_STAND,0.000000,0.004027,-0.011641,0.066190,0.000000,0.000000,0.000000,1.000000,0.050000
1782448483.921537,-1,0.000702,inf,SAFE_STAND,0.000000,0.003995,-0.011649,0.066145,0.000000,0.000000,0.000000,1.000000,0.050000
1782448483.941730,-1,0.000651,inf,SAFE_STAND,0.000000,0.003977,-0.011661,0.066128,0.000000,0.000000,0.000000,1.000000,0.050000
1782448483.961686,-1,0.000519,inf,SAFE_STAND,0.000000,0.003999,-0.011638,0.066101,0.000000,0.000000,0.000000,1.000000,0.050000
1782448483.982513,-1,0.000651,74760.802030,SAFE_STAND,0.000000,0.004019,-0.011618,0.066093,0.000000,0.000000,0.000000,1.000000,0.050000
1782448484.002464,-1,0.000510,inf,SAFE_STAND,0.000000,0.004018,-0.011634,0.066107,0.000000,0.000000,0.000000,1.000000,0.050000
1782448484.022553,-1,0.000505,inf,SAFE_STAND,0.000000,0.004041,-0.011640,0.066121,0.000000,0.000000,0.000000,1.000000,0.050000
1782448484.042960,-1,0.000498,inf,SAFE_STAND,0.000000,0.004074,-0.011584,0.066120,0.000000,0.000000,0.000000,1.000000,0.050000
1782448484.063033,-1,0.000489,inf,SAFE_STAND,0.000000,0.004066,-0.011643,0.066122,0.000000,0.000000,0.000000,1.000000,0.050000
1782448484.083127,-1,0.000505,inf,SAFE_STAND,0.000000,0.004100,-0.011637,0.066132,0.000000,0.000000,0.000000,1.000000,0.050000
1782448484.103288,-1,0.000603,inf,SAFE_STAND,0.000000,0.004097,-0.011698,0.066152,0.000000,0.000000,0.000000,1.000000,0.050000
1782448484.123830,-1,0.000470,inf,SAFE_STAND,0.000000,0.004086,-0.011729,0.066135,0.000000,0.000000,0.000000,1.000000,0.050000
1782448484.143903,-1,0.000467,inf,SAFE_STAND,0.000000,0.004089,-0.011710,0.066100,0.000000,0.000000,0.000000,1.000000,0.050000
1782448484.164016,-1,0.000502,inf,SAFE_STAND,0.000000,0.004109,-0.011681,0.066050,0.000000,0.000000,0.000000,1.000000,0.050000
1782448484.184379,-1,0.000785,inf,SAFE_STAND,0.000000,0.004125,-0.011688,0.066055,0.000000,0.000000,0.000000,1.000000,0.050000
1782448484.204559,-1,0.000871,inf,SAFE_STAND,0.000000,0.004136,-0.011639,0.066085,0.000000,0.000000,0.000000,1.000000,0.050000
1782448484.224558,-1,0.000642,inf,SAFE_STAND,0.000000,0.004140,-0.011657,0.066118,0.000000,0.000000,0.000000,1.000000,0.050000
1782448484.244745,-1,0.000630,inf,SAFE_STAND,0.000000,0.004129,-0.011649,0.066109,0.000000,0.000000,0.000000,1.000000,0.050000
1782448484.265400,-1,0.000856,inf,SAFE_STAND,0.000000,0.004147,-0.011640,0.066103,0.000000,0.000000,0.000000,1.000000,0.050000
1782448484.285347,-1,0.000727,inf,SAFE_STAND,0.000000,0.004165,-0.011696,0.066105,0.000000,0.000000,0.000000,1.000000,0.050000
1782448484.305247,-1,0.000472,inf,SAFE_STAND,0.000000,0.004166,-0.011668,0.066097,0.000000,0.000000,0.000000,1.000000,0.050000
1782448484.325402,-1,0.000505,inf,SAFE_STAND,0.000000,0.004175,-0.011674,0.066088,0.000000,0.000000,0.000000,1.000000,0.050000
1782448484.346155,-1,0.001113,inf,SAFE_STAND,0.000000,0.004176,-0.011714,0.066099,0.000000,0.000000,0.000000,1.000000,0.050000
1782448484.365802,-1,0.000609,inf,SAFE_STAND,0.000000,0.004153,-0.011760,0.066134,0.000000,0.000000,0.000000,1.000000,0.050000
1782448484.386319,-1,0.000675,inf,SAFE_STAND,0.000000,0.004173,-0.011783,0.066141,0.000000,0.000000,0.000000,1.000000,0.050000
1782448484.406381,-1,0.000638,inf,SAFE_STAND,0.000000,0.004167,-0.011796,0.066130,0.000000,0.000000,0.000000,1.000000,0.050000
1782448484.426830,-1,0.000577,inf,SAFE_STAND,0.000000,0.004179,-0.011756,0.066135,0.000000,0.000000,0.000000,1.000000,0.050000
1782448484.446866,-1,0.000529,inf,SAFE_STAND,0.000000,0.004188,-0.011792,0.066165,0.000000,0.000000,0.000000,1.000000,0.050000
1782448484.467410,-1,0.000775,inf,SAFE_STAND,0.000000,0.004180,-0.011813,0.066182,0.000000,0.000000,0.000000,1.000000,0.050000
1782448484.487816,-1,0.001093,74761.306951,SAFE_STAND,0.000000,0.004207,-0.011753,0.066185,0.000000,0.000000,0.000000,1.000000,0.050000
1782448484.507578,-1,0.000757,inf,SAFE_STAND,0.000000,0.004196,-0.011782,0.066182,0.000000,0.000000,0.000000,1.000000,0.050000
1782448484.527599,-1,0.000501,inf,SAFE_STAND,0.000000,0.004207,-0.011785,0.066166,0.000000,0.000000,0.000000,1.000000,0.050000
1782448484.547694,-1,0.000477,inf,SAFE_STAND,0.000000,0.004207,-0.011741,0.066128,0.000000,0.000000,0.000000,1.000000,0.050000
1782448484.568257,-1,0.000728,inf,SAFE_STAND,0.000000,0.004180,-0.011757,0.066098,0.000000,0.000000,0.000000,1.000000,0.050000
1782448484.588331,-1,0.000724,inf,SAFE_STAND,0.000000,0.004177,-0.011772,0.066105,0.000000,0.000000,0.000000,1.000000,0.050000
1782448484.608290,-1,0.000553,inf,SAFE_STAND,0.000000,0.004153,-0.011797,0.066124,0.000000,0.000000,0.000000,1.000000,0.050000
1782448484.628375,-1,0.000551,inf,SAFE_STAND,0.000000,0.004150,-0.011780,0.066115,0.000000,0.000000,0.000000,1.000000,0.050000
1782448484.648473,-1,0.000563,inf,SAFE_STAND,0.000000,0.004160,-0.011773,0.066109,0.000000,0.000000,0.000000,1.000000,0.050000
1782448484.668987,-1,0.000764,inf,SAFE_STAND,0.000000,0.004194,-0.011736,0.066116,0.000000,0.000000,0.000000,1.000000,0.050000
1782448484.689240,-1,0.000929,inf,SAFE_STAND,0.000000,0.004173,-0.011747,0.066180,0.000000,0.000000,0.000000,1.000000,0.050000
1782448484.708982,-1,0.000467,inf,SAFE_STAND,0.000000,0.004166,-0.011740,0.066167,0.000000,0.000000,0.000000,1.000000,0.050000
1782448484.729121,-1,0.000478,inf,SAFE_STAND,0.000000,0.004170,-0.011769,0.066185,0.000000,0.000000,0.000000,1.000000,0.050000
1782448484.749236,-1,0.000457,inf,SAFE_STAND,0.000000,0.004176,-0.011787,0.066130,0.000000,0.000000,0.000000,1.000000,0.050000
1782448484.770041,-1,0.000539,inf,SAFE_STAND,0.000000,0.004154,-0.011797,0.066139,0.000000,0.000000,0.000000,1.000000,0.050000
1782448484.790836,-1,0.000889,inf,SAFE_STAND,0.000000,0.004156,-0.011790,0.066127,0.000000,0.000000,0.000000,1.000000,0.050000
1782448484.810521,-1,0.000492,inf,SAFE_STAND,0.000000,0.004180,-0.011742,0.066145,0.000000,0.000000,0.000000,1.000000,0.050000
1782448484.830714,-1,0.000590,inf,SAFE_STAND,0.000000,0.004180,-0.011754,0.066167,0.000000,0.000000,0.000000,1.000000,0.050000
1782448484.850973,-1,0.000760,inf,SAFE_STAND,0.000000,0.004195,-0.011801,0.066214,0.000000,0.000000,0.000000,1.000000,0.050000
1782448484.870898,-1,0.000594,inf,SAFE_STAND,0.000000,0.004199,-0.011841,0.066193,0.000000,0.000000,0.000000,1.000000,0.050000
1782448484.891177,-1,0.000779,inf,SAFE_STAND,0.000000,0.004198,-0.011877,0.066175,0.000000,0.000000,0.000000,1.000000,0.050000
1782448484.911669,-1,0.001169,inf,SAFE_STAND,0.000000,0.004195,-0.011917,0.066144,0.000000,0.000000,0.000000,1.000000,0.050000
1782448484.931675,-1,0.000728,inf,SAFE_STAND,0.000000,0.004174,-0.011898,0.066155,0.000000,0.000000,0.000000,1.000000,0.050000
1782448484.952244,-1,0.000958,inf,SAFE_STAND,0.000000,0.004170,-0.011902,0.066145,0.000000,0.000000,0.000000,1.000000,0.050000
1782448484.972388,-1,0.001024,inf,SAFE_STAND,0.000000,0.004170,-0.011869,0.066112,0.000000,0.000000,0.000000,1.000000,0.050000
1782448484.992640,-1,0.000936,74761.811934,SAFE_STAND,0.000000,0.004162,-0.011914,0.066046,0.000000,0.000000,0.000000,1.000000,0.050000
1782448485.013025,-1,0.000997,inf,SAFE_STAND,0.000000,0.004179,-0.011937,0.066035,0.000000,0.000000,0.000000,1.000000,0.050000
1782448485.033186,-1,0.001006,inf,SAFE_STAND,0.000000,0.004180,-0.011982,0.066054,0.000000,0.000000,0.000000,1.000000,0.050000
1782448485.053264,-1,0.000758,inf,SAFE_STAND,0.000000,0.004201,-0.012021,0.066027,0.000000,0.000000,0.000000,1.000000,0.050000
1782448485.073923,-1,0.000963,inf,SAFE_STAND,0.000000,0.004195,-0.012021,0.066008,0.000000,0.000000,0.000000,1.000000,0.050000
1782448485.093948,-1,0.000700,inf,SAFE_STAND,0.000000,0.004188,-0.012043,0.065999,0.000000,0.000000,0.000000,1.000000,0.050000
1782448485.114053,-1,0.000719,inf,SAFE_STAND,0.000000,0.004176,-0.012070,0.065978,0.000000,0.000000,0.000000,1.000000,0.050000
1782448485.134581,-1,0.000912,inf,SAFE_STAND,0.000000,0.004187,-0.012084,0.065969,0.000000,0.000000,0.000000,1.000000,0.050000
1782448485.154736,-1,0.000978,inf,SAFE_STAND,0.000000,0.004186,-0.012097,0.065968,0.000000,0.000000,0.000000,1.000000,0.050000
1782448485.174982,-1,0.000976,inf,SAFE_STAND,0.000000,0.004181,-0.012107,0.065974,0.000000,0.000000,0.000000,1.000000,0.050000
1782448485.195351,-1,0.001006,inf,SAFE_STAND,0.000000,0.004175,-0.012085,0.065973,0.000000,0.000000,0.000000,1.000000,0.050000
1782448485.215357,-1,0.000919,inf,SAFE_STAND,0.000000,0.004172,-0.012075,0.065955,0.000000,0.000000,0.000000,1.000000,0.050000
1782448485.235512,-1,0.000986,inf,SAFE_STAND,0.000000,0.004187,-0.012077,0.065934,0.000000,0.000000,0.000000,1.000000,0.050000
1782448485.256287,-1,0.001401,inf,SAFE_STAND,0.000000,0.004197,-0.012074,0.065929,0.000000,0.000000,0.000000,1.000000,0.050000
1782448485.276423,-1,0.001370,inf,SAFE_STAND,0.000000,0.004221,-0.012061,0.065915,0.000000,0.000000,0.000000,1.000000,0.050000
1782448485.296576,-1,0.000915,inf,SAFE_STAND,0.000000,0.004228,-0.012056,0.065922,0.000000,0.000000,0.000000,1.000000,0.050000
1782448485.317034,-1,0.000979,inf,SAFE_STAND,0.000000,0.004254,-0.012045,0.065932,0.000000,0.000000,0.000000,1.000000,0.050000
1782448485.337096,-1,0.000748,inf,SAFE_STAND,0.000000,0.004280,-0.012065,0.065970,0.000000,0.000000,0.000000,1.000000,0.050000
1782448485.357668,-1,0.000994,inf,SAFE_STAND,0.000000,0.004274,-0.012075,0.065913,0.000000,0.000000,0.000000,1.000000,0.050000
1782448485.377841,-1,0.001013,inf,SAFE_STAND,0.000000,0.004255,-0.012142,0.065913,0.000000,0.000000,0.000000,1.000000,0.050000
1782448485.397953,-1,0.000992,inf,SAFE_STAND,0.000000,0.004255,-0.012077,0.065838,0.000000,0.000000,0.000000,1.000000,0.050000
1782448485.417971,-1,0.000709,inf,SAFE_STAND,0.000000,0.004268,-0.012089,0.065811,0.000000,0.000000,0.000000,1.000000,0.050000
1782448485.438105,-1,0.000718,inf,SAFE_STAND,0.000000,0.004292,-0.012145,0.065832,0.000000,0.000000,0.000000,1.000000,0.050000
1782448485.458993,-1,0.001094,inf,SAFE_STAND,0.000000,0.004282,-0.012131,0.065815,0.000000,0.000000,0.000000,1.000000,0.050000
1782448485.479484,-1,0.001083,inf,SAFE_STAND,0.000000,0.004298,-0.012152,0.065846,0.000000,0.000000,0.000000,1.000000,0.050000
1782448485.499716,15,0.001189,0.015932,SAFE_STAND,0.000000,0.004319,-0.012197,0.065862,0.000000,0.000000,0.000000,1.000000,0.050000
1782448485.520062,16,0.001193,0.016159,SAFE_STAND,0.000000,0.004327,-0.012214,0.065843,0.000000,0.000000,0.000000,1.000000,0.050000
1782448485.540192,17,0.001192,0.015957,SAFE_STAND,0.000000,0.004324,-0.012279,0.065813,0.000000,0.000000,0.000000,1.000000,0.050000
1782448485.560256,18,0.001125,0.016212,SAFE_STAND,0.000000,0.004328,-0.012285,0.065765,0.000000,0.000000,0.000000,1.000000,0.050000
1782448485.580412,19,0.001156,0.016639,SAFE_STAND,0.000000,0.004329,-0.012279,0.065718,0.000000,0.000000,0.000000,1.000000,0.050000
1782448485.600571,20,0.000945,0.016698,SAFE_STAND,0.000000,0.004332,-0.012298,0.065715,0.000000,0.000000,0.000000,1.000000,0.050000
1782448485.621279,21,0.001254,0.016952,SAFE_STAND,0.000000,0.004350,-0.012344,0.065688,0.000000,0.000000,0.000000,1.000000,0.050000
1782448485.641368,22,0.001210,0.017073,SAFE_STAND,0.000000,0.004324,-0.012388,0.065660,0.000000,0.000000,0.000000,1.000000,0.050000
1782448485.661943,23,0.001292,0.017554,SAFE_STAND,0.000000,0.004316,-0.012385,0.065670,0.000000,0.000000,0.000000,1.000000,0.050000
1782448485.681894,24,0.001116,0.017581,SAFE_STAND,0.000000,0.004301,-0.012448,0.065695,0.000000,0.000000,0.000000,1.000000,0.050000
1782448485.701868,25,0.000963,0.017828,SAFE_STAND,0.000000,0.004287,-0.012470,0.065714,0.000000,0.000000,0.000000,1.000000,0.050000
1782448485.721847,26,0.000862,0.017880,SAFE_STAND,0.000000,0.004321,-0.012499,0.065733,0.000000,0.000000,0.000000,1.000000,0.050000
1782448485.741937,27,0.000690,0.017434,SAFE_STAND,0.000000,0.004301,-0.012519,0.065740,0.000000,0.000000,0.000000,1.000000,0.050000
1782448485.762419,28,0.000863,0.018075,SAFE_STAND,0.000000,0.004323,-0.012525,0.065724,0.000000,0.000000,0.000000,1.000000,0.050000
1782448485.787750,29,0.006111,0.018204,TRACKING,0.050467,0.004326,-0.012545,0.065721,0.049679,0.024680,0.145011,0.004627,0.050000
1782448485.804822,30,0.002674,0.018648,TRACKING,0.046573,0.004316,-0.012584,0.065683,0.049684,0.024852,0.150325,0.021868,0.050000
1782448485.826232,31,0.003609,0.019346,TRACKING,0.048423,0.004322,-0.012578,0.065673,0.049773,0.024965,0.148560,0.043490,0.050000
1782448485.846507,32,0.003776,0.018855,TRACKING,0.048394,0.004327,-0.012549,0.065688,0.050055,0.025175,0.152091,0.063249,0.050000
1782448485.866148,33,0.003310,0.018914,TRACKING,0.048009,0.004307,-0.012556,0.065720,0.050375,0.025419,0.152110,0.083138,0.050000
1782448485.885429,34,0.002485,0.019032,TRACKING,0.047314,0.004299,-0.012541,0.065750,0.050871,0.025663,0.153875,0.102522,0.050000
1782448485.906352,35,0.003300,0.019076,TRACKING,0.047792,0.004302,-0.012522,0.065740,0.051519,0.025814,0.150325,0.123304,0.050000
1782448485.926806,36,0.003583,0.019503,TRACKING,0.049331,0.004320,-0.012540,0.065737,0.052311,0.025838,0.152091,0.144070,0.050000
1782448485.946316,37,0.002957,0.019041,TRACKING,0.046839,0.004311,-0.012469,0.065716,0.052495,0.025795,0.147952,0.163296,0.050000
1782448485.966468,38,0.002634,0.019645,TRACKING,0.046930,0.004334,-0.012468,0.065748,0.052089,0.025681,0.151433,0.183276,0.050000
1782448485.986712,39,0.002771,0.019914,TRACKING,0.047961,0.004325,-0.012474,0.065743,0.051248,0.025759,0.150325,0.204029,0.050000
1782448486.007159,41,0.002823,0.000162,TRACKING,0.038999,0.004320,-0.012452,0.065720,0.050779,0.026028,0.155659,0.224130,0.050000
1782448486.027120,41,0.002677,0.020321,TRACKING,0.049229,0.004285,-0.012522,0.065638,0.050793,0.026378,0.157405,0.244443,0.050000
1782448486.048132,43,0.003010,0.000413,TRACKING,0.040738,0.004273,-0.012492,0.065613,0.051091,0.026690,0.162739,0.265111,0.050000
1782448486.069520,44,0.003927,0.001080,TRACKING,0.042849,0.004269,-0.012465,0.065628,0.051515,0.026946,0.162739,0.286616,0.050000
1782448486.089326,45,0.003641,0.001454,TRACKING,0.042609,0.004253,-0.012448,0.065663,0.051668,0.027125,0.162739,0.306504,0.050000
1782448486.109596,46,0.003820,0.001648,TRACKING,0.042906,0.004265,-0.012439,0.065652,0.052308,0.027260,0.160955,0.326850,0.050000
1782448486.128553,47,0.002654,0.001180,TRACKING,0.040422,0.004265,-0.012396,0.065686,0.052744,0.027354,0.157405,0.345972,0.050000
1782448486.149621,48,0.003227,0.001724,TRACKING,0.042264,0.004267,-0.012380,0.065665,0.052837,0.027400,0.159170,0.367114,0.050000
1782448486.170245,49,0.003454,0.002055,TRACKING,0.042241,0.004243,-0.012328,0.065709,0.052898,0.027424,0.160955,0.387358,0.050000
1782448486.191262,50,0.004325,0.001917,TRACKING,0.043167,0.004193,-0.012285,0.065685,0.052981,0.027435,0.159170,0.408313,0.050000
1782448486.210461,51,0.003422,0.002097,TRACKING,0.043079,0.004164,-0.012237,0.065660,0.052928,0.027508,0.162739,0.427934,0.050000
1782448486.230397,52,0.002773,0.002539,TRACKING,0.042539,0.004137,-0.012230,0.065619,0.052858,0.027612,0.164504,0.447877,0.050000
1782448486.252668,53,0.004571,0.003304,TRACKING,0.045391,0.004131,-0.012218,0.065599,0.052847,0.027787,0.166269,0.469746,0.050000
1782448486.272192,54,0.003987,0.003180,TRACKING,0.044487,0.004117,-0.012206,0.065659,0.052837,0.027987,0.166269,0.489247,0.050000
1782448486.292168,55,0.003506,0.003023,TRACKING,0.044586,0.004097,-0.012171,0.065590,0.052926,0.028163,0.166269,0.509772,0.050000
1782448486.312579,56,0.003314,0.003520,TRACKING,0.043744,0.004083,-0.012091,0.065570,0.053187,0.028339,0.166269,0.529692,0.050000
1782448486.332027,57,0.002663,0.003716,TRACKING,0.043344,0.004023,-0.012059,0.065537,0.053476,0.028513,0.166269,0.549481,0.050000
1782448486.353372,58,0.003600,0.004133,TRACKING,0.044165,0.003980,-0.012072,0.065535,0.053755,0.028676,0.164504,0.570536,0.050000
1782448486.372869,59,0.003005,0.004184,TRACKING,0.044452,0.003965,-0.012047,0.065546,0.053886,0.028826,0.166269,0.590483,0.050000
1782448486.393635,60,0.003362,0.004171,TRACKING,0.044287,0.003928,-0.012016,0.065518,0.053959,0.028944,0.166269,0.610873,0.050000
1782448486.413569,61,0.003166,0.004140,TRACKING,0.044026,0.003878,-0.012030,0.065473,0.054036,0.029043,0.166269,0.630843,0.050000
1782448486.433563,62,0.002531,0.004863,TRACKING,0.044428,0.003862,-0.012069,0.065441,0.054054,0.029112,0.168034,0.651274,0.050000
1782448486.454202,63,0.003084,0.004801,TRACKING,0.044729,0.003850,-0.012085,0.065426,0.054145,0.029168,0.169819,0.671408,0.050000
1782448486.474281,64,0.003064,0.005190,TRACKING,0.046072,0.003838,-0.012119,0.065407,0.054243,0.029224,0.171584,0.691979,0.050000
1782448486.494167,65,0.002865,0.004997,TRACKING,0.044738,0.003845,-0.012126,0.065463,0.054348,0.029296,0.169799,0.711492,0.050000
1782448486.514136,66,0.002747,0.005006,TRACKING,0.044755,0.003845,-0.012109,0.065486,0.054393,0.029371,0.171584,0.731420,0.050000
1782448486.534310,67,0.002622,0.005119,TRACKING,0.044856,0.003842,-0.012179,0.065464,0.054435,0.029422,0.169799,0.751898,0.050000
1782448486.554206,68,0.002367,0.005209,TRACKING,0.044272,0.003838,-0.012236,0.065500,0.054500,0.029512,0.171584,0.771410,0.050000
1782448486.574269,69,0.001742,0.005842,TRACKING,0.044316,0.003794,-0.012326,0.065470,0.054686,0.029640,0.171584,0.791941,0.050000
1782448486.595727,70,0.002715,0.006707,TRACKING,0.045909,0.003779,-0.012436,0.065443,0.054931,0.029777,0.173349,0.812917,0.050000
1782448486.616642,71,0.003525,0.006210,TRACKING,0.047178,0.003733,-0.012520,0.065427,0.055174,0.029929,0.175133,0.833791,0.050000
1782448486.635941,72,0.002732,0.006606,TRACKING,0.046038,0.003684,-0.012567,0.065405,0.055413,0.030069,0.173349,0.853181,0.050000
1782448486.656315,73,0.002976,0.006600,TRACKING,0.046678,0.003671,-0.012603,0.065394,0.055583,0.030186,0.175133,0.873536,0.050000
1782448486.676750,74,0.003260,0.006639,TRACKING,0.048548,0.003615,-0.012748,0.065389,0.055765,0.030299,0.178663,0.894473,0.050000
1782448486.696543,75,0.002974,0.006631,TRACKING,0.047159,0.003581,-0.012792,0.065409,0.055867,0.030359,0.176898,0.913857,0.050000
1782448486.717290,76,0.003165,0.006981,TRACKING,0.047293,0.003522,-0.012887,0.065455,0.056052,0.030374,0.176898,0.934427,0.050000
1782448486.737597,77,0.003376,0.007022,TRACKING,0.047839,0.003461,-0.012978,0.065411,0.056231,0.030417,0.176898,0.954739,0.050000
1782448486.758328,78,0.003702,0.007746,TRACKING,0.048526,0.003417,-0.013002,0.065431,0.056328,0.030455,0.176879,0.975428,0.050000
1782448486.778171,79,0.003152,0.007749,TRACKING,0.048147,0.003373,-0.013092,0.065406,0.056367,0.030480,0.178663,0.995291,0.050000
1782448486.798528,80,0.003387,0.007721,TRACKING,0.048290,0.003318,-0.013076,0.065351,0.056345,0.030488,0.178663,1.000000,0.050000
1782448486.818969,81,0.003197,0.008182,TRACKING,0.048254,0.003255,-0.013075,0.065346,0.056302,0.030290,0.178663,1.000000,0.050000
1782448486.838986,82,0.003118,0.008294,TRACKING,0.048122,0.003170,-0.013046,0.065287,0.056155,0.030048,0.178663,1.000000,0.050000
1782448486.859034,83,0.003066,0.008384,TRACKING,0.047680,0.003100,-0.012978,0.065267,0.056175,0.029798,0.176898,1.000000,0.050000
1782448486.878933,84,0.002872,0.008396,TRACKING,0.047488,0.003062,-0.012886,0.065292,0.056107,0.029521,0.176898,1.000000,0.050000
1782448486.898908,85,0.002752,0.008471,TRACKING,0.047191,0.003010,-0.012786,0.065297,0.056011,0.029267,0.176898,1.000000,0.050000
1782448486.919113,86,0.002764,0.008534,TRACKING,0.047335,0.002957,-0.012763,0.065272,0.055881,0.029058,0.178663,1.000000,0.050000
1782448486.940527,87,0.003728,0.008975,TRACKING,0.048382,0.002931,-0.012651,0.065283,0.055704,0.028829,0.175133,1.000000,0.050000
1782448486.960306,88,0.003412,0.009080,TRACKING,0.048454,0.002897,-0.012528,0.065247,0.055657,0.028638,0.175133,1.000000,0.050000
1782448486.980049,89,0.003066,0.008899,TRACKING,0.047817,0.002848,-0.012390,0.065247,0.055676,0.028457,0.175133,1.000000,0.050000
1782448486.999604,90,0.002466,0.008296,TRACKING,0.046312,0.002805,-0.012317,0.065253,0.055675,0.028310,0.175133,1.000000,0.050000
1782448487.020454,91,0.003182,0.008332,TRACKING,0.047000,0.002773,-0.012184,0.065201,0.055689,0.028178,0.175133,1.000000,0.050000
1782448487.040475,92,0.003112,0.008475,TRACKING,0.046995,0.002745,-0.012015,0.065197,0.055659,0.028072,0.175133,1.000000,0.050000
1782448487.060872,93,0.003410,0.009206,TRACKING,0.047548,0.002713,-0.011902,0.065242,0.055588,0.027981,0.175133,1.000000,0.050000
1782448487.080790,94,0.003232,0.009098,TRACKING,0.048185,0.002700,-0.011742,0.065212,0.055421,0.027925,0.176917,1.000000,0.050000
1782448487.101068,95,0.003179,0.008468,TRACKING,0.046595,0.002689,-0.011580,0.065226,0.055225,0.027871,0.173349,1.000000,0.050000
1782448487.120664,96,0.002688,0.009532,TRACKING,0.046798,0.002688,-0.011455,0.065195,0.055144,0.027834,0.173349,1.000000,0.050000
1782448487.141371,97,0.002948,0.009898,TRACKING,0.047513,0.002693,-0.011335,0.065219,0.055012,0.027792,0.173349,1.000000,0.050000
1782448487.161345,98,0.002661,0.009283,TRACKING,0.046806,0.002665,-0.011213,0.065202,0.054910,0.027741,0.173349,1.000000,0.050000
1782448487.181236,99,0.002415,0.009408,TRACKING,0.046024,0.002635,-0.011069,0.065187,0.054771,0.027690,0.171584,1.000000,0.050000
1782448487.201684,100,0.002734,0.009506,TRACKING,0.046536,0.002622,-0.010999,0.065217,0.054638,0.027645,0.171584,1.000000,0.050000
1782448487.221940,101,0.002849,0.010734,TRACKING,0.047692,0.002614,-0.010886,0.065217,0.054386,0.027602,0.173349,1.000000,0.050000
1782448487.242198,102,0.002969,0.010672,TRACKING,0.047310,0.002621,-0.010852,0.065198,0.054176,0.027567,0.171584,1.000000,0.050000
1782448487.262155,103,0.002793,0.009618,TRACKING,0.045916,0.002599,-0.010785,0.065200,0.054007,0.027521,0.171584,1.000000,0.050000
1782448487.282099,104,0.002294,0.009791,TRACKING,0.045828,0.002583,-0.010779,0.065207,0.053871,0.027477,0.171584,1.000000,0.050000
1782448487.302717,105,0.002564,0.010091,TRACKING,0.045601,0.002586,-0.010712,0.065228,0.053731,0.027448,0.171584,1.000000,0.050000
1782448487.321940,106,0.001697,0.010164,TRACKING,0.044700,0.002565,-0.010672,0.065173,0.053589,0.027405,0.169819,1.000000,0.050000
1782448487.343570,107,0.002847,0.010981,TRACKING,0.046249,0.002591,-0.010639,0.065178,0.053477,0.027359,0.169819,1.000000,0.050000
1782448487.366925,108,0.006107,0.012959,TRACKING,0.051642,0.002608,-0.010608,0.065128,0.053323,0.027295,0.169819,1.000000,0.050000
1782448487.385885,109,0.004563,0.011095,TRACKING,0.047847,0.002606,-0.010646,0.065117,0.053216,0.027226,0.166269,1.000000,0.050000
1782448487.405549,110,0.003682,0.011644,TRACKING,0.046854,0.002601,-0.010677,0.065119,0.053194,0.027177,0.166269,1.000000,0.050000
1782448487.428088,111,0.006103,0.011689,TRACKING,0.051114,0.002609,-0.010704,0.065098,0.053244,0.027146,0.166269,1.000000,0.050000
1782448487.446666,112,0.004576,0.012910,TRACKING,0.048253,0.002619,-0.010706,0.065093,0.053451,0.027118,0.164504,1.000000,0.050000
1782448487.465906,113,0.003268,0.011742,TRACKING,0.046165,0.002630,-0.010719,0.065057,0.053800,0.027133,0.164504,1.000000,0.050000
1782448487.485857,114,0.003123,0.012764,TRACKING,0.046276,0.002635,-0.010738,0.065018,0.054274,0.027144,0.162739,1.000000,0.050000
1782448487.506346,115,0.003520,0.011997,TRACKING,0.045905,0.002651,-0.010793,0.065053,0.054769,0.027149,0.160955,1.000000,0.050000
1782448487.526693,116,0.003330,0.012724,TRACKING,0.045895,0.002644,-0.010831,0.065033,0.055327,0.027168,0.159170,1.000000,0.050000
1782448487.546653,117,0.003193,0.012714,TRACKING,0.045659,0.002662,-0.010868,0.065028,0.055783,0.027161,0.159170,1.000000,0.050000
1782448487.566633,118,0.003076,0.012644,TRACKING,0.045398,0.002672,-0.010996,0.065025,0.056080,0.027139,0.157405,1.000000,0.050000
1782448487.586311,119,0.002626,0.012819,TRACKING,0.044659,0.002679,-0.011018,0.065001,0.056283,0.027090,0.155621,1.000000,0.050000
1782448487.606975,120,0.003190,0.013023,TRACKING,0.044598,0.002695,-0.011031,0.064982,0.056322,0.027021,0.153028,1.000000,0.050000
1782448487.627536,121,0.003653,0.013288,TRACKING,0.045915,0.002704,-0.011044,0.064997,0.056220,0.026949,0.153837,1.000000,0.050000
1782448487.646781,122,0.002716,0.012968,TRACKING,0.043613,0.002721,-0.011095,0.064973,0.056282,0.026894,0.151287,1.000000,0.050000
1782448487.666775,123,0.002303,0.013352,TRACKING,0.043913,0.002762,-0.011088,0.064990,0.056476,0.026880,0.150306,1.000000,0.050000
1782448487.688209,124,0.003200,0.013802,TRACKING,0.044619,0.002776,-0.011134,0.064986,0.056883,0.026888,0.150306,1.000000,0.050000
1782448487.708616,125,0.003504,0.013897,TRACKING,0.045423,0.002777,-0.011138,0.065001,0.057496,0.026936,0.152091,1.000000,0.050000
1782448487.729251,126,0.003682,0.014162,TRACKING,0.045963,0.002765,-0.011204,0.064990,0.058154,0.026987,0.152091,1.000000,0.050000
1782448487.749310,127,0.003408,0.014427,TRACKING,0.045720,0.002777,-0.011199,0.064997,0.058936,0.027040,0.152091,1.000000,0.050000
1782448487.769561,128,0.003199,0.015061,TRACKING,0.046901,0.002752,-0.011244,0.065018,0.059731,0.027087,0.155640,1.000000,0.050000
1782448487.789883,129,0.003241,0.014883,TRACKING,0.046029,0.002762,-0.011272,0.064990,0.060488,0.027126,0.153875,1.000000,0.050000
1782448487.810100,130,0.003343,0.015100,TRACKING,0.046390,0.002726,-0.011281,0.064983,0.061227,0.027163,0.155640,1.000000,0.050000
1782448487.830796,131,0.003284,0.015791,TRACKING,0.046368,0.002745,-0.011285,0.064983,0.061957,0.027214,0.153875,1.000000,0.050000
1782448487.850748,132,0.003140,0.015803,TRACKING,0.046612,0.002744,-0.011315,0.064970,0.062737,0.027265,0.155659,1.000000,0.050000
1782448487.870605,133,0.002909,0.015422,TRACKING,0.046528,0.002732,-0.011292,0.064990,0.063581,0.027331,0.157424,1.000000,0.050000
1782448487.890575,134,0.002791,0.015802,TRACKING,0.046900,0.002749,-0.011310,0.064994,0.064528,0.027419,0.159208,1.000000,0.050000
1782448487.910902,135,0.003029,0.016089,TRACKING,0.047203,0.002767,-0.011300,0.065010,0.065588,0.027508,0.159208,1.000000,0.050000
1782448487.931997,136,0.003651,0.016340,TRACKING,0.048748,0.002797,-0.011277,0.065014,0.066785,0.027613,0.162758,1.000000,0.050000
1782448487.952368,137,0.003226,0.017043,TRACKING,0.049164,0.002798,-0.011263,0.065051,0.068159,0.027718,0.166307,1.000000,0.050000
1782448487.972515,138,0.003273,0.016920,TRACKING,0.049370,0.002807,-0.011248,0.065031,0.069436,0.027824,0.166326,1.000000,0.050000
1782448487.992789,139,0.003393,0.017116,TRACKING,0.049812,0.002833,-0.011247,0.065001,0.070543,0.027887,0.168091,1.000000,0.050000
1782448488.013087,140,0.003617,0.017458,TRACKING,0.051214,0.002851,-0.011200,0.064979,0.071314,0.027929,0.171660,1.000000,0.050000
1782448488.033129,141,0.003569,0.018212,TRACKING,0.051146,0.002876,-0.011218,0.065008,0.071791,0.027968,0.171660,1.000000,0.050000
1782448488.053849,142,0.004178,0.018497,TRACKING,0.052600,0.002903,-0.011213,0.065073,0.072140,0.028000,0.173425,1.000000,0.050000
1782448488.072522,143,0.002727,0.017513,TRACKING,0.051160,0.002943,-0.011230,0.065106,0.072297,0.028013,0.176974,1.000000,0.050000
1782448488.093906,144,0.003623,0.018617,TRACKING,0.052807,0.002967,-0.011233,0.065115,0.072440,0.028034,0.178759,1.000000,0.050000
1782448488.113885,145,0.003222,0.017747,TRACKING,0.051524,0.002991,-0.011213,0.065114,0.072540,0.028051,0.176974,1.000000,0.050000
1782448488.134585,146,0.003831,0.017851,TRACKING,0.052979,0.002991,-0.011194,0.065123,0.072625,0.028098,0.180524,1.000000,0.050000
1782448488.153595,147,0.002699,0.018783,TRACKING,0.051670,0.003027,-0.011176,0.065125,0.072684,0.028132,0.180524,1.000000,0.050000
1782448488.173809,148,0.002664,0.018820,TRACKING,0.051677,0.003034,-0.011206,0.065115,0.072675,0.028162,0.180524,1.000000,0.050000
1782448488.194655,149,0.003166,0.019277,TRACKING,0.052580,0.003069,-0.011245,0.065102,0.072782,0.028196,0.180524,1.000000,0.050000
1782448488.214655,150,0.003049,0.019288,TRACKING,0.052742,0.003066,-0.011226,0.065134,0.072831,0.028214,0.182308,1.000000,0.050000
1782448488.234714,151,0.002998,0.019417,TRACKING,0.052940,0.003108,-0.011197,0.065174,0.072864,0.028233,0.182308,1.000000,0.050000
1782448488.254771,152,0.002900,0.019542,TRACKING,0.052952,0.003107,-0.011194,0.065166,0.072944,0.028244,0.184073,1.000000,0.050000
1782448488.276859,153,0.004565,0.018769,TRACKING,0.054917,0.003146,-0.011181,0.065159,0.072951,0.028258,0.184073,1.000000,0.050000
1782448488.296085,154,0.003657,0.018856,TRACKING,0.054381,0.003132,-0.011166,0.065127,0.072977,0.028266,0.184073,1.000000,0.050000
1782448488.315498,155,0.002958,0.019877,TRACKING,0.054100,0.003149,-0.011179,0.065086,0.072999,0.028278,0.184073,1.000000,0.050000
1782448488.335612,156,0.002699,0.019264,TRACKING,0.052447,0.003159,-0.011179,0.065111,0.072997,0.028283,0.182289,1.000000,0.050000
1782448488.356097,157,0.003086,0.019195,TRACKING,0.053298,0.003162,-0.011216,0.065063,0.073145,0.028298,0.184073,1.000000,0.050000
1782448488.376775,159,0.003667,0.000237,TRACKING,0.044626,0.003179,-0.011230,0.065065,0.073205,0.028300,0.184073,1.000000,0.050000
1782448488.397679,160,0.003878,0.000904,TRACKING,0.045493,0.003170,-0.011238,0.065062,0.073370,0.028312,0.184073,1.000000,0.050000
1782448488.417838,161,0.003580,0.001660,TRACKING,0.045601,0.003191,-0.011260,0.065086,0.073506,0.028316,0.184073,1.000000,0.050000
1782448488.438227,162,0.003649,0.001536,TRACKING,0.045706,0.003206,-0.011305,0.065053,0.073626,0.028312,0.184073,1.000000,0.050000
1782448488.457668,163,0.002995,0.001437,TRACKING,0.044598,0.003195,-0.011338,0.065057,0.073643,0.028307,0.184073,1.000000,0.050000
1782448488.477746,164,0.002935,0.000422,TRACKING,0.044022,0.003210,-0.011316,0.065082,0.073728,0.028307,0.184073,1.000000,0.050000
1782448488.498225,165,0.003321,0.000452,TRACKING,0.045322,0.003214,-0.011359,0.065106,0.073841,0.028327,0.184073,1.000000,0.050000
1782448488.519015,166,0.003589,0.001475,TRACKING,0.045768,0.003247,-0.011405,0.065110,0.073977,0.028329,0.184073,1.000000,0.050000
1782448488.539458,167,0.003585,0.002738,TRACKING,0.046535,0.003276,-0.011446,0.065114,0.074177,0.028341,0.184073,1.000000,0.050000
1782448488.559434,168,0.003206,0.002613,TRACKING,0.046199,0.003287,-0.011438,0.065129,0.074198,0.028325,0.185838,1.000000,0.050000
1782448488.579281,169,0.002909,0.002402,TRACKING,0.045612,0.003306,-0.011431,0.065123,0.074221,0.028304,0.185838,1.000000,0.050000
1782448488.599513,170,0.002999,0.003040,TRACKING,0.046107,0.003314,-0.011519,0.065114,0.074231,0.028282,0.185838,1.000000,0.050000
1782448488.621100,171,0.004437,0.003011,TRACKING,0.048337,0.003323,-0.011587,0.065098,0.074295,0.028280,0.185838,1.000000,0.050000
1782448488.644390,172,0.007435,0.002908,TRACKING,0.052973,0.003349,-0.011621,0.065075,0.074351,0.028281,0.185838,1.000000,0.050000
1782448488.660436,173,0.003348,0.002924,TRACKING,0.047171,0.003354,-0.011645,0.065105,0.074304,0.028263,0.185838,1.000000,0.050000
1782448488.679731,174,0.002132,0.003283,TRACKING,0.045547,0.003378,-0.011655,0.065072,0.074262,0.028255,0.185838,1.000000,0.050000
1782448488.700066,175,0.002351,0.003328,TRACKING,0.045374,0.003425,-0.011718,0.065106,0.074334,0.028268,0.185838,1.000000,0.050000
1782448488.720650,176,0.002846,0.003311,TRACKING,0.045980,0.003472,-0.011754,0.065078,0.074324,0.028258,0.185838,1.000000,0.050000
1782448488.740924,177,0.002471,0.003924,TRACKING,0.045994,0.003490,-0.011803,0.065102,0.074333,0.028257,0.187623,1.000000,0.050000
1782448488.761062,178,0.002476,0.003941,TRACKING,0.046576,0.003529,-0.011864,0.065063,0.074336,0.028256,0.185838,1.000000,0.050000
1782448488.781193,179,0.002281,0.004293,TRACKING,0.046273,0.003583,-0.011874,0.065048,0.074346,0.028261,0.185838,1.000000,0.050000
1782448488.802633,180,0.003216,0.004771,TRACKING,0.047063,0.003594,-0.011953,0.065057,0.074334,0.028251,0.185838,1.000000,0.050000
1782448488.822644,181,0.003133,0.004800,TRACKING,0.047001,0.003618,-0.012038,0.065055,0.074266,0.028260,0.185838,1.000000,0.050000
1782448488.842685,182,0.003075,0.004861,TRACKING,0.046978,0.003655,-0.012065,0.064990,0.074268,0.028277,0.185838,1.000000,0.050000
1782448488.862788,183,0.003085,0.004980,TRACKING,0.047093,0.003665,-0.012129,0.064959,0.074237,0.028291,0.185838,1.000000,0.050000
1782448488.882832,184,0.002673,0.005258,TRACKING,0.046654,0.003678,-0.012203,0.065000,0.074124,0.028307,0.185838,1.000000,0.050000
1782448488.903566,185,0.002936,0.006054,TRACKING,0.047399,0.003663,-0.012265,0.065053,0.074048,0.028317,0.185838,1.000000,0.050000
1782448488.925103,186,0.004029,0.006076,TRACKING,0.049171,0.003673,-0.012332,0.065067,0.073933,0.028319,0.185838,1.000000,0.050000
1782448488.943860,187,0.002693,0.006141,TRACKING,0.047910,0.003706,-0.012406,0.065055,0.073923,0.028335,0.185838,1.000000,0.050000
1782448488.964731,188,0.003436,0.006226,TRACKING,0.048462,0.003730,-0.012497,0.065059,0.073763,0.028330,0.185838,1.000000,0.050000
1782448488.984515,189,0.002774,0.006513,TRACKING,0.047634,0.003764,-0.012596,0.065074,0.073629,0.028323,0.185838,1.000000,0.050000
1782448489.004488,190,0.002650,0.006588,TRACKING,0.047126,0.003793,-0.012628,0.065065,0.073588,0.028312,0.184054,1.000000,0.050000
1782448489.026016,191,0.003328,0.007325,TRACKING,0.048871,0.003841,-0.012717,0.065078,0.073523,0.028316,0.185838,1.000000,0.050000
1782448489.046277,192,0.003109,0.007923,TRACKING,0.048819,0.003841,-0.012789,0.065035,0.073411,0.028311,0.185838,1.000000,0.050000
1782448489.066773,193,0.003135,0.008147,TRACKING,0.049027,0.003884,-0.012816,0.065020,0.073252,0.028310,0.185838,1.000000,0.050000
1782448489.086736,194,0.003005,0.008175,TRACKING,0.048211,0.003921,-0.012877,0.065038,0.073048,0.028304,0.182289,1.000000,0.050000
1782448489.106709,195,0.002887,0.008406,TRACKING,0.048488,0.003926,-0.012929,0.065053,0.072886,0.028290,0.184054,1.000000,0.050000
1782448489.126839,196,0.002925,0.008564,TRACKING,0.048773,0.003956,-0.012990,0.065063,0.072712,0.028294,0.184054,1.000000,0.050000
1782448489.146863,197,0.002353,0.008771,TRACKING,0.048759,0.003998,-0.013050,0.065057,0.072571,0.028289,0.184054,1.000000,0.050000
1782448489.167917,198,0.002770,0.009311,TRACKING,0.049496,0.004031,-0.013143,0.065085,0.072452,0.028295,0.184054,1.000000,0.050000
1782448489.189826,199,0.004201,0.010093,TRACKING,0.051341,0.004030,-0.013168,0.065078,0.072264,0.028286,0.184054,1.000000,0.050000
1782448489.209477,200,0.003385,0.009295,TRACKING,0.049426,0.004075,-0.013218,0.065111,0.072039,0.028281,0.182270,1.000000,0.050000
1782448489.229675,201,0.003118,0.009851,TRACKING,0.050384,0.004104,-0.013306,0.065100,0.071763,0.028268,0.184054,1.000000,0.050000
1782448489.250905,202,0.003880,0.010179,TRACKING,0.050915,0.004148,-0.013386,0.065157,0.071533,0.028249,0.182270,1.000000,0.050000
1782448489.270984,203,0.003863,0.009963,TRACKING,0.050748,0.004176,-0.013519,0.065155,0.071327,0.028245,0.182270,1.000000,0.050000
1782448489.290802,204,0.003588,0.010405,TRACKING,0.050726,0.004191,-0.013600,0.065178,0.071062,0.028235,0.182270,1.000000,0.050000
1782448489.310403,205,0.002857,0.010151,TRACKING,0.049306,0.004220,-0.013690,0.065164,0.070854,0.028244,0.182270,1.000000,0.050000
1782448489.331306,206,0.003314,0.010985,TRACKING,0.050770,0.004229,-0.013786,0.065146,0.070499,0.028243,0.180486,1.000000,0.050000
1782448489.351242,207,0.002800,0.011777,TRACKING,0.049773,0.004246,-0.013868,0.065127,0.070082,0.028243,0.180486,1.000000,0.050000
1782448489.372208,208,0.003363,0.011342,TRACKING,0.051160,0.004285,-0.013947,0.065131,0.069749,0.028259,0.180486,1.000000,0.050000
1782448489.392117,209,0.002794,0.012474,TRACKING,0.050115,0.004326,-0.014062,0.065158,0.069347,0.028281,0.180486,1.000000,0.050000
1782448489.413052,210,0.003272,0.012827,TRACKING,0.051553,0.004367,-0.014132,0.065159,0.068967,0.028296,0.178702,1.000000,0.050000
1782448489.433419,211,0.003136,0.013487,TRACKING,0.050840,0.004406,-0.014245,0.065157,0.068467,0.028306,0.176917,1.000000,0.050000
1782448489.454165,212,0.003787,0.012466,TRACKING,0.051430,0.004443,-0.014335,0.065124,0.067870,0.028312,0.176917,1.000000,0.050000
1782448489.474305,213,0.003835,0.012553,TRACKING,0.051661,0.004468,-0.014454,0.065104,0.067385,0.028345,0.176917,1.000000,0.050000
1782448489.494231,214,0.003666,0.013052,TRACKING,0.051165,0.004518,-0.014577,0.065074,0.066821,0.028372,0.175133,1.000000,0.050000
1782448489.513709,215,0.002775,0.013027,TRACKING,0.049549,0.004531,-0.014716,0.065041,0.066320,0.028406,0.173368,1.000000,0.050000
1782448489.535037,216,0.003655,0.013304,TRACKING,0.051379,0.004566,-0.014891,0.065046,0.065720,0.028445,0.173368,1.000000,0.050000
1782448489.554954,217,0.003162,0.014022,TRACKING,0.050453,0.004560,-0.014974,0.065076,0.064924,0.028457,0.171584,1.000000,0.050000
1782448489.575126,218,0.003140,0.014527,TRACKING,0.050656,0.004561,-0.015092,0.065107,0.064020,0.028451,0.171584,1.000000,0.050000
1782448489.594685,219,0.002613,0.014715,TRACKING,0.049932,0.004554,-0.015178,0.065096,0.063148,0.028452,0.169799,1.000000,0.050000
1782448489.615298,220,0.003145,0.014054,TRACKING,0.050301,0.004559,-0.015326,0.065103,0.062299,0.028458,0.169799,1.000000,0.050000
1782448489.635489,221,0.002874,0.014333,TRACKING,0.050803,0.004542,-0.015437,0.065142,0.061576,0.028451,0.171584,1.000000,0.050000
1782448489.656137,222,0.003389,0.014254,TRACKING,0.050382,0.004544,-0.015527,0.065132,0.060947,0.028451,0.168015,1.000000,0.050000
1782448489.676088,223,0.002731,0.014944,TRACKING,0.050576,0.004514,-0.015604,0.065094,0.060427,0.028456,0.168015,1.000000,0.050000
1782448489.695776,224,0.001648,0.016326,TRACKING,0.049721,0.004460,-0.015691,0.065038,0.060070,0.028444,0.168015,1.000000,0.050000
1782448489.717063,225,0.002781,0.016596,TRACKING,0.050554,0.004451,-0.015761,0.065007,0.059827,0.028429,0.166231,1.000000,0.050000
1782448489.737309,226,0.002378,0.015981,TRACKING,0.049954,0.004400,-0.015804,0.065003,0.059833,0.028417,0.166231,1.000000,0.050000
1782448489.758636,227,0.003462,0.016442,TRACKING,0.051059,0.004360,-0.015834,0.065017,0.059864,0.028395,0.166231,1.000000,0.050000
1782448489.779536,228,0.003872,0.017236,TRACKING,0.052710,0.004351,-0.015842,0.065053,0.059848,0.028370,0.167996,1.000000,0.050000
1782448489.799133,229,0.003189,0.017076,TRACKING,0.051294,0.004320,-0.015878,0.065079,0.059949,0.028363,0.166231,1.000000,0.050000
1782448489.819560,230,0.003481,0.017120,TRACKING,0.052304,0.004306,-0.015936,0.065051,0.059985,0.028361,0.166231,1.000000,0.050000
1782448489.840005,231,0.003231,0.017688,TRACKING,0.052047,0.004265,-0.015958,0.065040,0.060079,0.028374,0.168015,1.000000,0.050000
1782448489.860088,232,0.003185,0.017631,TRACKING,0.051719,0.004234,-0.015937,0.065041,0.060158,0.028367,0.166231,1.000000,0.050000
1782448489.880214,233,0.003174,0.017724,TRACKING,0.051598,0.004176,-0.015949,0.065009,0.060238,0.028381,0.166231,1.000000,0.050000
1782448489.899922,234,0.002741,0.018043,TRACKING,0.051657,0.004160,-0.015901,0.065024,0.060268,0.028387,0.167996,1.000000,0.050000
1782448489.920164,235,0.002839,0.018332,TRACKING,0.052391,0.004140,-0.015873,0.065055,0.060242,0.028396,0.167996,1.000000,0.050000
1782448489.940894,236,0.003402,0.018048,TRACKING,0.052402,0.004110,-0.015830,0.065086,0.060263,0.028402,0.167996,1.000000,0.050000
1782448489.960028,237,0.002447,0.017890,TRACKING,0.051782,0.004095,-0.015862,0.065067,0.060267,0.028402,0.167996,1.000000,0.050000
1782448489.980663,238,0.002612,0.018650,TRACKING,0.051811,0.004093,-0.015871,0.065055,0.060270,0.028415,0.169780,1.000000,0.050000
1782448490.000886,239,0.002675,0.018512,TRACKING,0.052522,0.004082,-0.015894,0.065061,0.060225,0.028414,0.169780,1.000000,0.050000
1782448490.021642,240,0.002990,0.019061,TRACKING,0.053012,0.004077,-0.015914,0.065069,0.060163,0.028423,0.171546,1.000000,0.050000
1782448490.041774,241,0.003039,0.019279,TRACKING,0.054080,0.004046,-0.015907,0.065079,0.060107,0.028434,0.173330,1.000000,0.050000
1782448490.062629,242,0.003384,0.020049,TRACKING,0.055102,0.004036,-0.015957,0.065135,0.060032,0.028430,0.175095,1.000000,0.050000
1782448490.082390,243,0.003012,0.019320,TRACKING,0.053872,0.004022,-0.016050,0.065145,0.059905,0.028438,0.176879,1.000000,0.050000
1782448490.101820,244,0.002300,0.019704,TRACKING,0.053870,0.004025,-0.016087,0.065167,0.059861,0.028453,0.178644,1.000000,0.050000
1782448490.122703,245,0.003086,0.019699,TRACKING,0.054826,0.004057,-0.016137,0.065187,0.059755,0.028477,0.182194,1.000000,0.050000
1782448490.143220,246,0.003452,0.019386,TRACKING,0.055404,0.004051,-0.016187,0.065214,0.059723,0.028507,0.182194,1.000000,0.050000
1782448490.162555,247,0.002681,0.019421,TRACKING,0.054477,0.004046,-0.016290,0.065162,0.059638,0.028537,0.183978,1.000000,0.050000
1782448490.184498,249,0.003788,0.001213,TRACKING,0.048594,0.004032,-0.016461,0.065160,0.059486,0.028564,0.185743,1.000000,0.050000
1782448490.204495,250,0.003311,0.001880,TRACKING,0.048564,0.004012,-0.016621,0.065181,0.059500,0.028589,0.187508,1.000000,0.050000
1782448490.224982,251,0.003543,0.001915,TRACKING,0.048206,0.004008,-0.016809,0.065177,0.059440,0.028603,0.185743,1.000000,0.050000
1782448490.245153,252,0.003617,0.001582,TRACKING,0.048835,0.004039,-0.017014,0.065213,0.059472,0.028581,0.189274,1.000000,0.050000
1782448490.265732,253,0.003746,0.002486,TRACKING,0.049406,0.004047,-0.017261,0.065261,0.059660,0.028596,0.187508,1.000000,0.050000
1782448490.286140,254,0.004056,0.002610,TRACKING,0.050156,0.004046,-0.017498,0.065308,0.059820,0.028589,0.189274,1.000000,0.050000
1782448490.305997,255,0.003441,0.002685,TRACKING,0.049288,0.004074,-0.017762,0.065332,0.059956,0.028586,0.189274,1.000000,0.050000
1782448490.326829,256,0.003764,0.003206,TRACKING,0.050139,0.004085,-0.018032,0.065339,0.059958,0.028566,0.189274,1.000000,0.050000
1782448490.346765,257,0.003246,0.003550,TRACKING,0.049602,0.004108,-0.018282,0.065334,0.059884,0.028543,0.189274,1.000000,0.050000
1782448490.366520,258,0.002559,0.003843,TRACKING,0.048639,0.004122,-0.018492,0.065325,0.059927,0.028534,0.189274,1.000000,0.050000
1782448490.387274,259,0.003217,0.003890,TRACKING,0.049807,0.004146,-0.018688,0.065292,0.060150,0.028516,0.189274,1.000000,0.050000
1782448490.406633,260,0.002485,0.003927,TRACKING,0.049733,0.004164,-0.018880,0.065300,0.060361,0.028488,0.189254,1.000000,0.050000
1782448490.426957,261,0.002373,0.004629,TRACKING,0.049094,0.004210,-0.019029,0.065307,0.060476,0.028440,0.187489,1.000000,0.050000
1782448490.446872,262,0.002206,0.004159,TRACKING,0.048737,0.004253,-0.019207,0.065366,0.060588,0.028407,0.187508,1.000000,0.050000
1782448490.466645,263,0.001894,0.004290,TRACKING,0.048341,0.004280,-0.019334,0.065389,0.060609,0.028372,0.185705,1.000000,0.050000
1782448490.487308,264,0.002474,0.004286,TRACKING,0.049947,0.004302,-0.019502,0.065432,0.060673,0.028350,0.187489,1.000000,0.050000
1782448490.507228,265,0.002311,0.004381,TRACKING,0.049456,0.004356,-0.019713,0.065452,0.060714,0.028302,0.185705,1.000000,0.050000
1782448490.527791,266,0.002288,0.004870,TRACKING,0.048714,0.004386,-0.019863,0.065459,0.060747,0.028249,0.183940,1.000000,0.050000
1782448490.548132,267,0.002544,0.004692,TRACKING,0.049327,0.004422,-0.020064,0.065478,0.060919,0.028225,0.182175,1.000000,0.050000
1782448490.568150,268,0.002172,0.005424,TRACKING,0.048667,0.004450,-0.020175,0.065476,0.061029,0.028212,0.180391,1.000000,0.050000
1782448490.588604,269,0.002230,0.005537,TRACKING,0.048336,0.004456,-0.020341,0.065457,0.061153,0.028206,0.180391,1.000000,0.050000
1782448490.609709,270,0.003249,0.005550,TRACKING,0.049127,0.004486,-0.020497,0.065493,0.061287,0.028181,0.176841,1.000000,0.050000
1782448490.629375,271,0.002821,0.005609,TRACKING,0.048816,0.004490,-0.020656,0.065507,0.061305,0.028144,0.176841,1.000000,0.050000
1782448490.650403,272,0.003752,0.006017,TRACKING,0.050062,0.004516,-0.020816,0.065535,0.061316,0.028092,0.175057,1.000000,0.050000
1782448490.670469,273,0.003703,0.006060,TRACKING,0.049582,0.004501,-0.021002,0.065551,0.061210,0.028030,0.173292,1.000000,0.050000
1782448490.689610,274,0.002719,0.005828,TRACKING,0.048999,0.004491,-0.021148,0.065557,0.061119,0.028003,0.173292,1.000000,0.050000
1782448490.709767,275,0.002422,0.006124,TRACKING,0.048182,0.004486,-0.021281,0.065586,0.061089,0.027983,0.171527,1.000000,0.050000
1782448490.730775,276,0.002861,0.006513,TRACKING,0.048813,0.004483,-0.021413,0.065565,0.061056,0.027964,0.171527,1.000000,0.050000
1782448490.751121,277,0.003112,0.006557,TRACKING,0.048663,0.004443,-0.021505,0.065584,0.061184,0.027965,0.171527,1.000000,0.050000
1782448490.771129,278,0.003026,0.006546,TRACKING,0.048223,0.004439,-0.021615,0.065582,0.061277,0.027940,0.169742,1.000000,0.050000
1782448490.791310,279,0.003110,0.006936,TRACKING,0.047934,0.004445,-0.021673,0.065621,0.061458,0.027937,0.166193,1.000000,0.050000
1782448490.810990,280,0.002333,0.006263,TRACKING,0.046986,0.004445,-0.021729,0.065613,0.061629,0.027925,0.167958,1.000000,0.050000
1782448490.831725,281,0.002973,0.006839,TRACKING,0.048588,0.004408,-0.021836,0.065609,0.061578,0.027925,0.169742,1.000000,0.050000
1782448490.852126,282,0.003281,0.006942,TRACKING,0.049187,0.004397,-0.021900,0.065602,0.061580,0.027931,0.167958,1.000000,0.050000
1782448490.872648,283,0.003398,0.007330,TRACKING,0.048966,0.004400,-0.021947,0.065615,0.061430,0.027929,0.167958,1.000000,0.050000
1782448490.892592,284,0.003247,0.007432,TRACKING,0.048243,0.004415,-0.021981,0.065629,0.061300,0.027950,0.164409,1.000000,0.050000
1782448490.912815,285,0.003378,0.007017,TRACKING,0.047905,0.004425,-0.022002,0.065656,0.061212,0.027947,0.162644,1.000000,0.050000
1782448490.933155,286,0.003264,0.007911,TRACKING,0.048484,0.004468,-0.022021,0.065620,0.061026,0.027939,0.164428,1.000000,0.050000
1782448490.952899,287,0.002545,0.008137,TRACKING,0.047604,0.004474,-0.022023,0.065635,0.060906,0.027934,0.164428,1.000000,0.050000
1782448490.974415,288,0.003382,0.008806,TRACKING,0.048890,0.004480,-0.021975,0.065661,0.060668,0.027890,0.162663,1.000000,0.050000
1782448490.993710,289,0.002585,0.007878,TRACKING,0.048089,0.004464,-0.021909,0.065652,0.060437,0.027859,0.164428,1.000000,0.050000
1782448491.015148,290,0.003357,0.009364,TRACKING,0.049459,0.004503,-0.021864,0.065687,0.060250,0.027823,0.164428,1.000000,0.050000
1782448491.034440,291,0.002561,0.008610,TRACKING,0.047094,0.004493,-0.021888,0.065666,0.059961,0.027798,0.160878,1.000000,0.050000
1782448491.058888,292,0.006201,0.009437,TRACKING,0.052680,0.004484,-0.021882,0.065691,0.059773,0.027795,0.162663,1.000000,0.050000
1782448491.077048,293,0.004218,0.009448,TRACKING,0.049952,0.004468,-0.021853,0.065687,0.059439,0.027774,0.160897,1.000000,0.050000
1782448491.096536,294,0.003577,0.009809,TRACKING,0.049592,0.004453,-0.021861,0.065725,0.059582,0.027762,0.159113,1.000000,0.050000
1782448491.116204,295,0.002719,0.009891,TRACKING,0.047338,0.004453,-0.021879,0.065781,0.059941,0.027738,0.157348,1.000000,0.050000
1782448491.137180,296,0.003228,0.010505,TRACKING,0.048158,0.004418,-0.021909,0.065820,0.060469,0.027685,0.152033,1.000000,0.050000
1782448491.157231,297,0.003187,0.010742,TRACKING,0.047219,0.004359,-0.021934,0.065840,0.061364,0.027619,0.150268,1.000000,0.050000
1782448491.177891,298,0.003327,0.011626,TRACKING,0.047824,0.004294,-0.021942,0.065836,0.062793,0.027486,0.149701,1.000000,0.050000
1782448491.198801,299,0.003633,0.011446,TRACKING,0.048708,0.004124,-0.021840,0.065974,0.064733,0.027275,0.153004,1.000000,0.050000
1782448491.219517,300,0.004202,0.011475,TRACKING,0.049370,0.003868,-0.021696,0.066135,0.066382,0.027000,0.156483,1.000000,0.050000
1782448491.238847,301,0.003400,0.011413,TRACKING,0.050104,0.003468,-0.021692,0.066176,0.065662,0.026467,0.165177,1.000000,0.050000
1782448491.259680,302,0.003480,0.013070,TRACKING,0.050142,0.003071,-0.021828,0.065887,0.063704,0.025920,0.159957,1.000000,0.050000
1782448491.279668,303,0.002631,0.013602,TRACKING,0.048786,0.002796,-0.022004,0.065762,0.062582,0.025665,0.158220,1.000000,0.050000
1782448491.300822,304,0.003283,0.014551,TRACKING,0.050689,0.002656,-0.022347,0.065798,0.062495,0.025675,0.156483,1.000000,0.050000
1782448491.321065,305,0.003143,0.013574,TRACKING,0.049107,0.002507,-0.022881,0.065784,0.062881,0.025797,0.153004,1.000000,0.050000
1782448491.341977,306,0.003958,0.013627,TRACKING,0.050687,0.002332,-0.023515,0.065823,0.063055,0.025889,0.153004,1.000000,0.050000
1782448491.361897,307,0.003772,0.013953,TRACKING,0.050472,0.002150,-0.024144,0.065807,0.062887,0.025873,0.151263,1.000000,0.050000
1782448491.381802,308,0.003579,0.014019,TRACKING,0.050002,0.001963,-0.024810,0.065809,0.062456,0.025765,0.149526,1.000000,0.050000
1782448491.401920,309,0.003599,0.014077,TRACKING,0.049686,0.001806,-0.025560,0.065811,0.062071,0.025624,0.146047,1.000000,0.050000
1782448491.422248,310,0.003467,0.014339,TRACKING,0.049246,0.001656,-0.026365,0.065786,0.062033,0.025546,0.139090,1.000000,0.050000
1782448491.442445,311,0.003553,0.014463,TRACKING,0.049493,0.001484,-0.027143,0.065781,0.062236,0.025496,0.139090,1.000000,0.050000
1782448491.462577,312,0.003281,0.014564,TRACKING,0.048178,0.001339,-0.027993,0.065744,0.062536,0.025465,0.135612,1.000000,0.050000
1782448491.482145,313,0.002753,0.014490,TRACKING,0.048031,0.001235,-0.028896,0.065746,0.062683,0.025397,0.133871,1.000000,0.050000
1782448491.502879,314,0.003396,0.014777,TRACKING,0.048523,0.001133,-0.029722,0.065768,0.062623,0.025330,0.132172,1.000000,0.050000
1782448491.523014,315,0.002852,0.014970,TRACKING,0.047266,0.001030,-0.030624,0.065738,0.062625,0.025296,0.128695,1.000000,0.050000
1782448491.542922,316,0.002658,0.015234,TRACKING,0.048012,0.000973,-0.031487,0.065678,0.062576,0.025236,0.128695,1.000000,0.050000
1782448491.563641,317,0.002784,0.015771,TRACKING,0.048360,0.000896,-0.032450,0.065649,0.062597,0.025198,0.128695,1.000000,0.050000
1782448491.584301,318,0.003118,0.016077,TRACKING,0.048209,0.000832,-0.033369,0.065638,0.062582,0.025149,0.123481,1.000000,0.050000
1782448491.607377,319,0.006100,0.016035,TRACKING,0.053159,0.000811,-0.034243,0.065599,0.062534,0.025120,0.123477,1.000000,0.050000
1782448491.624658,320,0.003277,0.016313,TRACKING,0.049066,0.000803,-0.035187,0.065607,0.062530,0.025110,0.121741,1.000000,0.050000
1782448491.644958,321,0.003126,0.016493,TRACKING,0.049087,0.000817,-0.036135,0.065602,0.062395,0.025076,0.121741,1.000000,0.050000
1782448491.665354,322,0.003425,0.016519,TRACKING,0.049107,0.000844,-0.037083,0.065601,0.062390,0.025074,0.118264,1.000000,0.050000
1782448491.685493,323,0.002834,0.017114,TRACKING,0.048753,0.000865,-0.037984,0.065596,0.062452,0.025075,0.114638,1.000000,0.050000
1782448491.706967,324,0.003832,0.017737,TRACKING,0.050153,0.000884,-0.038864,0.065579,0.062485,0.025082,0.114638,1.000000,0.050000
1782448491.727014,325,0.003725,0.017610,TRACKING,0.050433,0.000924,-0.039832,0.065613,0.062575,0.025108,0.114638,1.000000,0.050000
1782448491.746777,326,0.002997,0.018152,TRACKING,0.049780,0.000986,-0.040717,0.065585,0.062473,0.025096,0.112899,1.000000,0.050000
1782448491.766763,327,0.002889,0.018051,TRACKING,0.049508,0.001031,-0.041622,0.065625,0.062369,0.025089,0.111163,1.000000,0.050000
1782448491.786634,328,0.002456,0.018081,TRACKING,0.049258,0.001049,-0.042719,0.065586,0.062314,0.025096,0.109423,1.000000,0.050000
1782448491.807389,329,0.003120,0.018097,TRACKING,0.050035,0.001057,-0.043604,0.065583,0.062306,0.025122,0.107688,1.000000,0.050000
1782448491.826740,330,0.002376,0.017971,TRACKING,0.049883,0.001057,-0.044532,0.065513,0.062431,0.025188,0.107688,1.000000,0.050000
1782448491.846425,331,0.001982,0.018416,TRACKING,0.048615,0.001073,-0.045443,0.065532,0.062293,0.025171,0.104213,1.000000,0.050000
1782448491.866797,332,0.002220,0.019100,TRACKING,0.049840,0.001051,-0.046397,0.065549,0.062252,0.025157,0.102418,1.000000,0.050000
1782448491.887365,333,0.002304,0.019574,TRACKING,0.050060,0.001037,-0.047309,0.065536,0.062043,0.025126,0.102418,1.000000,0.050000
1782448491.908291,334,0.003142,0.019275,TRACKING,0.050982,0.001007,-0.048275,0.065535,0.061893,0.025118,0.102418,1.000000,0.050000
1782448491.929354,335,0.004099,0.019603,TRACKING,0.052467,0.001001,-0.049108,0.065521,0.061869,0.025131,0.102418,1.000000,0.050000
1782448491.949206,336,0.003353,0.020038,TRACKING,0.051474,0.000988,-0.049896,0.065518,0.061792,0.025124,0.100634,1.000000,0.050000
1782448491.970113,337,0.004156,0.020102,TRACKING,0.053513,0.001005,-0.050786,0.065472,0.061918,0.025158,0.102418,1.000000,0.050000
1782448491.989184,338,0.003135,0.020189,TRACKING,0.052577,0.001043,-0.051583,0.065468,0.061893,0.025153,0.102418,1.000000,0.050000
1782448492.009971,340,0.003480,0.000362,TRACKING,0.043626,0.001077,-0.052459,0.065454,0.061881,0.025148,0.102418,1.000000,0.050000
1782448492.030743,341,0.003794,0.000927,TRACKING,0.045031,0.001082,-0.053351,0.065419,0.061731,0.025118,0.102418,1.000000,0.050000
1782448492.050543,342,0.003502,0.000351,TRACKING,0.045027,0.001105,-0.054249,0.065380,0.061749,0.025130,0.102418,1.000000,0.050000
1782448492.070328,342,0.002977,0.020358,TRACKING,0.053784,0.001115,-0.055078,0.065322,0.061605,0.025124,0.100634,1.000000,0.050000
1782448492.090987,344,0.003527,0.000254,TRACKING,0.044653,0.001074,-0.056137,0.065339,0.061596,0.025166,0.100634,1.000000,0.050000
1782448492.111519,345,0.003587,0.000875,TRACKING,0.045374,0.001017,-0.057114,0.065293,0.061509,0.025156,0.100634,1.000000,0.050000
1782448492.131474,346,0.003302,0.000831,TRACKING,0.045073,0.000983,-0.057970,0.065279,0.061273,0.025152,0.100634,1.000000,0.050000
1782448492.151021,347,0.002745,0.000865,TRACKING,0.045123,0.000980,-0.058888,0.065271,0.061218,0.025185,0.100634,1.000000,0.050000
1782448492.172105,348,0.003723,0.000896,TRACKING,0.046905,0.000998,-0.059815,0.065201,0.061132,0.025183,0.100634,1.000000,0.050000
1782448492.193362,349,0.004293,0.001588,TRACKING,0.048248,0.001021,-0.060591,0.065230,0.061080,0.025171,0.102418,1.000000,0.050000
1782448492.212681,350,0.003504,0.001437,TRACKING,0.047894,0.001091,-0.061395,0.065185,0.061035,0.025161,0.100634,1.000000,0.050000
1782448492.232320,351,0.003006,0.002660,TRACKING,0.047737,0.001134,-0.062367,0.065205,0.060825,0.025107,0.102418,1.000000,0.050000
1782448492.253346,352,0.003496,0.002097,TRACKING,0.048757,0.001215,-0.063313,0.065168,0.060735,0.025071,0.100634,1.000000,0.050000
1782448492.274120,353,0.003789,0.003667,TRACKING,0.049242,0.001313,-0.064301,0.065089,0.060596,0.025022,0.098869,1.000000,0.050000
1782448492.294039,354,0.003316,0.003785,TRACKING,0.048997,0.001419,-0.065204,0.065013,0.060581,0.025014,0.098869,1.000000,0.050000
1782448492.314416,355,0.003593,0.003408,TRACKING,0.049598,0.001550,-0.066286,0.064934,0.060651,0.024991,0.095338,1.000000,0.050000
1782448492.334139,356,0.002703,0.003864,TRACKING,0.048500,0.001697,-0.067271,0.064858,0.060613,0.024957,0.097104,1.000000,0.050000
1782448492.354759,357,0.003170,0.004154,TRACKING,0.049665,0.001858,-0.068286,0.064845,0.060684,0.024934,0.095335,1.000000,0.050000
1782448492.374345,358,0.002662,0.004200,TRACKING,0.049499,0.002018,-0.069319,0.064886,0.060669,0.024892,0.093570,1.000000,0.050000
1782448492.394785,359,0.003006,0.004031,TRACKING,0.049874,0.002224,-0.070336,0.064950,0.060653,0.024839,0.093570,1.000000,0.050000
1782448492.414971,360,0.003099,0.004229,TRACKING,0.050539,0.002419,-0.071421,0.065041,0.060606,0.024767,0.093570,1.000000,0.050000
1782448492.435053,361,0.002736,0.004483,TRACKING,0.050226,0.002645,-0.072517,0.065170,0.060480,0.024702,0.091705,1.000000,0.050000
1782448492.456221,362,0.003313,0.004947,TRACKING,0.051566,0.002911,-0.073648,0.065242,0.060468,0.024671,0.089942,1.000000,0.050000
1782448492.476234,363,0.003171,0.004962,TRACKING,0.051121,0.003132,-0.074739,0.065269,0.060493,0.024688,0.086400,1.000000,0.050000
1782448492.496324,364,0.003166,0.004921,TRACKING,0.051699,0.003340,-0.075868,0.065298,0.060564,0.024703,0.086400,1.000000,0.050000
1782448492.515627,365,0.002345,0.004973,TRACKING,0.051181,0.003593,-0.076995,0.065411,0.060629,0.024698,0.082984,1.000000,0.050000
1782448492.537123,366,0.003713,0.005326,TRACKING,0.052998,0.003838,-0.078134,0.065545,0.060611,0.024661,0.082984,1.000000,0.050000
1782448492.557030,367,0.003352,0.005160,TRACKING,0.052130,0.004110,-0.079386,0.065588,0.060677,0.024647,0.079432,1.000000,0.050000
1782448492.578417,368,0.004412,0.005502,TRACKING,0.053947,0.004356,-0.080467,0.065633,0.060608,0.024598,0.077645,1.000000,0.050000
1782448492.598073,369,0.003454,0.005421,TRACKING,0.052638,0.004706,-0.081888,0.065749,0.060574,0.024552,0.072328,1.000000,0.050000
1782448492.617970,370,0.002894,0.006273,TRACKING,0.052799,0.005064,-0.083167,0.065824,0.060557,0.024516,0.072328,1.000000,0.050000
1782448492.638072,371,0.002912,0.006570,TRACKING,0.053210,0.005450,-0.084416,0.065910,0.060455,0.024480,0.070057,1.000000,0.050000
1782448492.658658,372,0.002982,0.006807,TRACKING,0.052625,0.005819,-0.085885,0.066079,0.060507,0.024465,0.064752,1.000000,0.050000
1782448492.678551,373,0.002783,0.006348,TRACKING,0.052513,0.006189,-0.087239,0.066223,0.060399,0.024412,0.061245,1.000000,0.050000
1782448492.698760,374,0.002898,0.006929,TRACKING,0.052818,0.006511,-0.088460,0.066379,0.060291,0.024393,0.059469,1.000000,0.050000
1782448492.719013,375,0.003057,0.006896,TRACKING,0.053544,0.006876,-0.089866,0.066494,0.060183,0.024327,0.058104,1.000000,0.050000
1782448492.738907,376,0.002784,0.006696,TRACKING,0.052947,0.007208,-0.091321,0.066552,0.059899,0.024269,0.055011,1.000000,0.050000
1782448492.760233,377,0.003620,0.007492,TRACKING,0.055371,0.007507,-0.092801,0.066592,0.059761,0.024248,0.055643,1.000000,0.050000
1782448492.780447,378,0.003742,0.007541,TRACKING,0.056454,0.007828,-0.094346,0.066640,0.059467,0.024218,0.055643,1.000000,0.050000
1782448492.800347,379,0.003315,0.006965,TRACKING,0.056674,0.008135,-0.096025,0.066705,0.059220,0.024223,0.057500,1.000000,0.050000
1782448492.819630,380,0.002458,0.007239,TRACKING,0.056553,0.008438,-0.097589,0.066726,0.059052,0.024218,0.057500,1.000000,0.050000
1782448492.841112,381,0.003796,0.007772,TRACKING,0.058365,0.008758,-0.099121,0.066729,0.058813,0.024235,0.057500,1.000000,0.050000
1782448492.861113,382,0.003697,0.007982,TRACKING,0.059618,0.009063,-0.100677,0.066685,0.058661,0.024281,0.057500,1.000000,0.050000
1782448492.880412,383,0.002575,0.007837,TRACKING,0.058690,0.009374,-0.102218,0.066677,0.058362,0.024379,0.057500,1.000000,0.050000
1782448492.901239,384,0.002681,0.008330,TRACKING,0.059571,0.009776,-0.103951,0.066665,0.058142,0.024554,0.060000,1.000000,0.050000
1782448492.922312,385,0.003217,0.009262,TRACKING,0.061874,0.010115,-0.105619,0.066706,0.057993,0.024788,0.062500,1.000000,0.050000
1782448492.942620,386,0.003068,0.009250,TRACKING,0.063004,0.010426,-0.107291,0.066667,0.057738,0.025085,0.065000,1.000000,0.050000
1782448492.962655,387,0.003012,0.008435,TRACKING,0.063953,0.010792,-0.109057,0.066614,0.057566,0.025440,0.067500,1.000000,0.050000
1782448492.982546,388,0.002815,0.009325,TRACKING,0.064839,0.011184,-0.110865,0.066567,0.057380,0.025887,0.067500,1.000000,0.050000
1782448493.002791,389,0.002971,0.009680,TRACKING,0.066657,0.011529,-0.112521,0.066572,0.057187,0.026396,0.072500,1.000000,0.050000
1782448493.022746,390,0.002837,0.009557,TRACKING,0.067138,0.011887,-0.114263,0.066521,0.056849,0.026938,0.072500,1.000000,0.050000
1782448493.042938,391,0.002804,0.009549,TRACKING,0.068814,0.012312,-0.116225,0.066481,0.056599,0.027574,0.077500,1.000000,0.050000
1782448493.063634,392,0.002980,0.009898,TRACKING,0.071064,0.012726,-0.118199,0.066410,0.056396,0.028276,0.077500,1.000000,0.050000
1782448493.082734,393,0.001640,0.010194,TRACKING,0.070591,0.013138,-0.120091,0.066344,0.056099,0.029000,0.080000,1.000000,0.050000
1782448493.103661,394,0.002490,0.010304,TRACKING,0.073562,0.013558,-0.121969,0.066379,0.055864,0.029738,0.085000,1.000000,0.050000
1782448493.124337,395,0.002753,0.010903,TRACKING,0.074278,0.013990,-0.123850,0.066306,0.058376,0.030526,0.085000,1.000000,0.050000
1782448493.144998,396,0.003082,0.010890,TRACKING,0.076877,0.014460,-0.125858,0.066289,0.060221,0.031263,0.090000,1.000000,0.050000
1782448493.165434,397,0.003426,0.010098,TRACKING,0.078153,0.014941,-0.127862,0.066282,0.061720,0.031988,0.087500,1.000000,0.050000
1782448493.187030,398,0.004269,0.010958,TRACKING,0.079693,0.015413,-0.129920,0.066265,0.062581,0.032650,0.085000,1.000000,0.050000
1782448493.206889,399,0.003977,0.011693,TRACKING,0.080602,0.015875,-0.131990,0.066198,0.063459,0.033269,0.085000,1.000000,0.050000
1782448493.226749,400,0.003736,0.011153,TRACKING,0.081390,0.016406,-0.134167,0.066124,0.064399,0.033857,0.087500,1.000000,0.050000
1782448493.246835,401,0.003724,0.011250,TRACKING,0.082824,0.016907,-0.136259,0.066150,0.066009,0.034337,0.090000,1.000000,0.050000
1782448493.266922,402,0.003340,0.011130,TRACKING,0.083746,0.017393,-0.138348,0.066130,0.067801,0.034661,0.095000,1.000000,0.050000
1782448493.287018,403,0.003336,0.011798,TRACKING,0.086537,0.017914,-0.140475,0.066053,0.069190,0.034782,0.100000,1.000000,0.050000
1782448493.308015,404,0.003684,0.012135,TRACKING,0.087392,0.018469,-0.142840,0.066070,0.070414,0.034693,0.100000,1.000000,0.050000
1782448493.327465,405,0.002517,0.013292,TRACKING,0.088273,0.018929,-0.145054,0.066142,0.071440,0.034636,0.105000,1.000000,0.050000
1782448493.347720,406,0.002670,0.013346,TRACKING,0.089159,0.019383,-0.147376,0.066238,0.072003,0.034603,0.105000,1.000000,0.050000
1782448493.368852,407,0.003391,0.013234,TRACKING,0.092428,0.019803,-0.149785,0.066273,0.072690,0.034603,0.107500,1.000000,0.050000
1782448493.388697,408,0.003132,0.013243,TRACKING,0.093542,0.020228,-0.152401,0.066356,0.073149,0.034623,0.107500,1.000000,0.050000
1782448493.409016,409,0.002961,0.013483,TRACKING,0.093632,0.020718,-0.155167,0.066438,0.073222,0.034576,0.105000,1.000000,0.050000
1782448493.429400,410,0.003261,0.013453,TRACKING,0.094394,0.021212,-0.157801,0.066291,0.073103,0.034583,0.102500,1.000000,0.050000
1782448493.449355,411,0.003127,0.014572,TRACKING,0.095662,0.021672,-0.160425,0.066196,0.072612,0.034551,0.102500,1.000000,0.050000
1782448493.469330,412,0.002593,0.013906,TRACKING,0.096565,0.022242,-0.163323,0.066015,0.071996,0.034439,0.102500,1.000000,0.050000
1782448493.490175,413,0.003299,0.013878,TRACKING,0.097682,0.022792,-0.166180,0.065875,0.071167,0.034309,0.100000,1.000000,0.050000
1782448493.510739,414,0.003720,0.014063,TRACKING,0.099591,0.023325,-0.168911,0.065853,0.070284,0.034095,0.100000,1.000000,0.050000
1782448493.530084,415,0.002633,0.015159,TRACKING,0.100147,0.023950,-0.172101,0.065485,0.069555,0.033914,0.100000,1.000000,0.050000
1782448493.550246,416,0.002278,0.015058,TRACKING,0.100755,0.024523,-0.175024,0.064968,0.068945,0.033791,0.100000,1.000000,0.050000
1782448493.570597,417,0.002537,0.015011,TRACKING,0.101645,0.025024,-0.177904,0.064383,0.068378,0.033706,0.100000,1.000000,0.050000
1782448493.590599,418,0.002390,0.015064,TRACKING,0.102466,0.025531,-0.180987,0.063758,0.068024,0.033743,0.100000,1.000000,0.050000
1782448493.610960,419,0.002615,0.014939,TRACKING,0.104703,0.026113,-0.184333,0.063341,0.067787,0.033830,0.105000,1.000000,0.050000
1782448493.631841,420,0.003393,0.015038,TRACKING,0.107099,0.026788,-0.187443,0.062969,0.067630,0.033978,0.100000,1.000000,0.050000
1782448493.651790,421,0.003201,0.015495,TRACKING,0.108147,0.027550,-0.190887,0.062521,0.067575,0.034152,0.100000,1.000000,0.050000
1782448493.672488,422,0.003439,0.015197,TRACKING,0.110232,0.028340,-0.194605,0.061936,0.067446,0.034352,0.100000,1.000000,0.050000
1782448493.691757,423,0.002563,0.015463,TRACKING,0.111422,0.029160,-0.198282,0.061290,0.067463,0.034584,0.100000,1.000000,0.050000
1782448493.712508,424,0.003174,0.016091,TRACKING,0.113511,0.030053,-0.202034,0.060578,0.067453,0.034787,0.100565,1.000000,0.050000
1782448493.734196,425,0.004438,0.016896,TRACKING,0.117926,0.030907,-0.205631,0.059906,0.067413,0.034977,0.105771,1.000000,0.050000
1782448493.753234,426,0.003379,0.015986,TRACKING,0.117807,0.031697,-0.209344,0.059314,0.067435,0.035141,0.110977,1.000000,0.050000
1782448493.773330,427,0.003361,0.016070,TRACKING,0.120608,0.032368,-0.212780,0.058453,0.067506,0.035298,0.117946,1.000000,0.050000
1782448493.794031,428,0.003322,0.016746,TRACKING,0.122337,0.033035,-0.216364,0.057471,0.067650,0.035437,0.117913,1.000000,0.050000
1782448493.814215,429,0.003364,0.016727,TRACKING,0.123535,0.033632,-0.220044,0.056514,0.067679,0.035561,0.117930,1.000000,0.050000
1782448493.834033,430,0.002624,0.017230,TRACKING,0.126045,0.034206,-0.224009,0.055474,0.067747,0.035696,0.123124,1.000000,0.050000
1782448493.854315,431,0.002417,0.017640,TRACKING,0.127688,0.034822,-0.228049,0.054220,0.067787,0.035808,0.124867,1.000000,0.050000
1782448493.874776,432,0.002795,0.017882,TRACKING,0.129636,0.035536,-0.231725,0.052885,0.067733,0.035856,0.126609,1.000000,0.050000
1782448493.894615,433,0.002553,0.017769,TRACKING,0.131066,0.036398,-0.235569,0.051399,0.067559,0.035833,0.128352,1.000000,0.050000
1782448493.915477,434,0.003140,0.017910,TRACKING,0.133461,0.037431,-0.239754,0.049672,0.067410,0.035778,0.128352,1.000000,0.050000
1782448493.935441,435,0.003010,0.017906,TRACKING,0.134651,0.038394,-0.243299,0.048029,0.067180,0.035699,0.128369,1.000000,0.050000
1782448493.955792,436,0.003255,0.018365,TRACKING,0.137170,0.039448,-0.247053,0.046158,0.067095,0.035651,0.130094,1.000000,0.050000
1782448493.975733,437,0.002539,0.019432,TRACKING,0.137109,0.040661,-0.250995,0.043905,0.067063,0.035599,0.128352,1.000000,0.050000
1782448493.997590,438,0.003928,0.020224,TRACKING,0.140456,0.041684,-0.253918,0.042026,0.067080,0.035504,0.130094,1.000000,0.050000
1782448494.018252,439,0.004121,0.020135,TRACKING,0.140417,0.042748,-0.256105,0.040355,0.067127,0.035353,0.130094,1.000000,0.050000
1782448494.038669,440,0.003726,0.019999,TRACKING,0.139820,0.043742,-0.257372,0.039302,0.067327,0.035156,0.131820,1.000000,0.050000
1782448494.058780,442,0.003722,0.000924,TRACKING,0.131137,0.044577,-0.258147,0.038628,0.067762,0.035055,0.133563,1.000000,0.050000
1782448494.079038,443,0.003834,0.001314,TRACKING,0.132394,0.045627,-0.258061,0.037461,0.070030,0.035261,0.138757,1.000000,0.050000
1782448494.098490,444,0.003184,0.001419,TRACKING,0.134146,0.046765,-0.258107,0.035747,0.079330,0.035922,0.145694,1.000000,0.050000
1782448494.119324,445,0.003557,0.001675,TRACKING,0.138578,0.048170,-0.256888,0.033817,0.099240,0.038005,0.155719,1.000000,0.050000
1782448494.140788,446,0.004577,0.002416,TRACKING,0.143781,0.050578,-0.253367,0.030802,0.101765,0.038460,0.164431,1.000000,0.050000
1782448494.159775,447,0.003445,0.002073,TRACKING,0.137649,0.053480,-0.253783,0.028030,0.090525,0.036802,0.150448,1.000000,0.050000
1782448494.179685,448,0.003262,0.002078,TRACKING,0.137908,0.055543,-0.254600,0.027532,0.087731,0.037482,0.147252,1.000000,0.050000
1782448494.200020,449,0.003502,0.002090,TRACKING,0.139199,0.056985,-0.255639,0.027980,0.082733,0.037930,0.149023,1.000000,0.050000
1782448494.220508,450,0.003335,0.002838,TRACKING,0.139867,0.058515,-0.256096,0.028653,0.076236,0.037883,0.152540,1.000000,0.050000
1782448494.240094,451,0.002787,0.002820,TRACKING,0.141168,0.059905,-0.256324,0.029681,0.069865,0.037326,0.161306,1.000000,0.050000
1782448494.261525,452,0.004116,0.002738,TRACKING,0.142853,0.060665,-0.256555,0.031223,0.066869,0.035915,0.164810,1.000000,0.050000
1782448494.281440,453,0.003926,0.001683,TRACKING,0.137580,0.060354,-0.256049,0.033528,0.063902,0.031644,0.145481,1.000000,0.050000
1782448494.301349,454,0.003721,0.001978,TRACKING,0.135003,0.058897,-0.256492,0.036146,0.054009,0.028929,0.134918,1.000000,0.050000
1782448494.321788,455,0.003847,0.002124,TRACKING,0.134447,0.058305,-0.256604,0.036102,0.059305,0.029670,0.136689,1.000000,0.050000
1782448494.342545,456,0.004100,0.003443,TRACKING,0.135373,0.058329,-0.256926,0.034752,0.063149,0.030495,0.134944,1.000000,0.050000
1782448494.361857,457,0.003199,0.003492,TRACKING,0.134015,0.058272,-0.257061,0.033697,0.064909,0.031661,0.134969,1.000000,0.050000
1782448494.381997,458,0.003209,0.003591,TRACKING,0.135063,0.058348,-0.257152,0.033389,0.066862,0.032324,0.138829,1.000000,0.050000
1782448494.402204,459,0.003320,0.003495,TRACKING,0.137625,0.058611,-0.256935,0.033040,0.068726,0.033180,0.150961,1.000000,0.050000
1782448494.422434,460,0.002870,0.003816,TRACKING,0.143308,0.059848,-0.256396,0.031403,0.088393,0.035293,0.171728,1.000000,0.050000
1782448494.442936,461,0.002908,0.004209,TRACKING,0.142213,0.063813,-0.254414,0.027857,0.075840,0.033768,0.148959,1.000000,0.050000
1782448494.462642,462,0.002398,0.004468,TRACKING,0.141548,0.065959,-0.254387,0.028307,0.076594,0.034336,0.151389,1.000000,0.050000
1782448494.484002,463,0.003279,0.004954,TRACKING,0.142817,0.067496,-0.255297,0.029218,0.076808,0.035781,0.149682,1.000000,0.050000
1782448494.504349,464,0.003185,0.005293,TRACKING,0.144073,0.068870,-0.256107,0.029453,0.075354,0.036273,0.152637,1.000000,0.050000
1782448494.524590,465,0.003257,0.005359,TRACKING,0.144492,0.070012,-0.257045,0.029341,0.074171,0.036417,0.156139,1.000000,0.050000
1782448494.544879,466,0.003449,0.005223,TRACKING,0.145050,0.070724,-0.257201,0.029089,0.073344,0.036550,0.158537,1.000000,0.050000
1782448494.564816,467,0.003291,0.005526,TRACKING,0.146255,0.071101,-0.256581,0.028922,0.073054,0.036809,0.162045,1.000000,0.050000
1782448494.584876,468,0.002801,0.005797,TRACKING,0.145770,0.071359,-0.255431,0.028713,0.071589,0.036339,0.164433,1.000000,0.050000
1782448494.605881,469,0.003336,0.006455,TRACKING,0.146356,0.071521,-0.254227,0.028406,0.069531,0.035662,0.164468,1.000000,0.050000
1782448494.625817,470,0.002843,0.006344,TRACKING,0.145802,0.071871,-0.252921,0.027765,0.069606,0.035459,0.167995,1.000000,0.050000
1782448494.646121,471,0.003055,0.006424,TRACKING,0.145295,0.072002,-0.251902,0.027734,0.069246,0.035683,0.168029,1.000000,0.050000
1782448494.666622,472,0.003390,0.006072,TRACKING,0.144443,0.072276,-0.250972,0.028055,0.073179,0.035198,0.166317,1.000000,0.050000
1782448494.686576,473,0.003111,0.006737,TRACKING,0.144711,0.072453,-0.250998,0.028808,0.088605,0.034623,0.166420,1.000000,0.050000
1782448494.706929,474,0.003055,0.007104,TRACKING,0.143695,0.071734,-0.251199,0.030370,0.087858,0.031991,0.161318,1.000000,0.050000
1782448494.726868,475,0.002897,0.006956,TRACKING,0.142505,0.071138,-0.250359,0.030491,0.085456,0.031970,0.161040,1.000000,0.050000
1782448494.746994,476,0.002920,0.007368,TRACKING,0.142463,0.071151,-0.249696,0.029151,0.088039,0.033618,0.159917,1.000000,0.050000
1782448494.767339,477,0.003171,0.007095,TRACKING,0.143002,0.071089,-0.249079,0.027982,0.088118,0.034618,0.158165,1.000000,0.050000
1782448494.787166,478,0.002787,0.007256,TRACKING,0.142469,0.071369,-0.248471,0.026769,0.085644,0.035469,0.161625,1.000000,0.050000
1782448494.808097,479,0.003261,0.007919,TRACKING,0.145926,0.071940,-0.248302,0.024984,0.069693,0.035287,0.177174,1.000000,0.050000
1782448494.827951,480,0.002667,0.007982,TRACKING,0.146575,0.073214,-0.246906,0.022219,0.083647,0.035418,0.152864,1.000000,0.050000
1782448494.849223,481,0.003532,0.008677,TRACKING,0.142913,0.076361,-0.243673,0.018929,0.072852,0.034005,0.139952,1.000000,0.050000
1782448494.869436,482,0.003509,0.008521,TRACKING,0.144995,0.078590,-0.243486,0.018881,0.074047,0.034520,0.153981,1.000000,0.050000
1782448494.888936,483,0.002916,0.008566,TRACKING,0.146397,0.079888,-0.243869,0.020131,0.074074,0.035810,0.164396,1.000000,0.050000
1782448494.908987,484,0.002872,0.008574,TRACKING,0.146890,0.080398,-0.244184,0.021920,0.072326,0.036747,0.169646,1.000000,0.050000
1782448494.929290,485,0.003084,0.008541,TRACKING,0.147544,0.080816,-0.244135,0.022764,0.071008,0.036950,0.173809,1.000000,0.050000
1782448494.949415,486,0.003116,0.008674,TRACKING,0.147965,0.081388,-0.243619,0.022262,0.070130,0.036966,0.173861,1.000000,0.050000
1782448494.969923,487,0.003087,0.008988,TRACKING,0.148193,0.082077,-0.242848,0.021519,0.069693,0.037143,0.172156,1.000000,0.050000
1782448494.990570,488,0.003640,0.008284,TRACKING,0.148476,0.082931,-0.241913,0.021025,0.068658,0.036858,0.170398,1.000000,0.050000
1782448495.010983,489,0.003358,0.009746,TRACKING,0.148818,0.083646,-0.241120,0.021074,0.067883,0.036552,0.172156,1.000000,0.050000
1782448495.031044,490,0.003327,0.008714,TRACKING,0.147783,0.084376,-0.240445,0.021495,0.068117,0.036381,0.170450,1.000000,0.050000
1782448495.050804,491,0.002992,0.008785,TRACKING,0.146735,0.084957,-0.240033,0.022465,0.067460,0.036342,0.166936,1.000000,0.050000
1782448495.070866,492,0.002960,0.010152,TRACKING,0.147607,0.085440,-0.239754,0.024124,0.066067,0.036081,0.168693,1.000000,0.050000
1782448495.091145,493,0.002794,0.009349,TRACKING,0.147056,0.085923,-0.239656,0.026501,0.065583,0.036048,0.168693,1.000000,0.050000
1782448495.112118,494,0.003402,0.009673,TRACKING,0.148590,0.086349,-0.239577,0.028876,0.065710,0.036119,0.170450,1.000000,0.050000
1782448495.131859,495,0.002661,0.009966,TRACKING,0.147334,0.086786,-0.239500,0.031597,0.065996,0.036155,0.168693,1.000000,0.050000
1782448495.152146,496,0.002847,0.010960,TRACKING,0.148458,0.087116,-0.239350,0.034039,0.066216,0.036149,0.166988,1.000000,0.050000
1782448495.173002,497,0.003601,0.010209,TRACKING,0.148635,0.087387,-0.239224,0.036019,0.066386,0.036130,0.168745,1.000000,0.050000
1782448495.192783,498,0.002831,0.011333,TRACKING,0.148252,0.087562,-0.239109,0.037994,0.066341,0.036070,0.166988,1.000000,0.050000
1782448495.212795,499,0.002512,0.011231,TRACKING,0.147278,0.087764,-0.239066,0.039741,0.066193,0.035991,0.165282,1.000000,0.050000
1782448495.233296,500,0.002493,0.011158,TRACKING,0.147828,0.087955,-0.238882,0.040976,0.066029,0.035960,0.165230,1.000000,0.050000
1782448495.253376,501,0.002448,0.011197,TRACKING,0.147173,0.088149,-0.238682,0.041758,0.066135,0.035987,0.163525,1.000000,0.050000
1782448495.274231,502,0.002977,0.011565,TRACKING,0.147429,0.088355,-0.238385,0.042094,0.066092,0.036012,0.165282,1.000000,0.050000
1782448495.295052,503,0.003265,0.012115,TRACKING,0.148040,0.088570,-0.238008,0.042094,0.065993,0.036007,0.165282,1.000000,0.050000
1782448495.315103,504,0.003217,0.012168,TRACKING,0.146849,0.088740,-0.237634,0.041787,0.065890,0.036019,0.160114,1.000000,0.050000
1782448495.335919,505,0.003345,0.012832,TRACKING,0.147538,0.088908,-0.237290,0.041188,0.065761,0.036042,0.161871,1.000000,0.050000
1782448495.355833,506,0.003161,0.012626,TRACKING,0.147167,0.088988,-0.236979,0.040441,0.065759,0.036078,0.158409,1.000000,0.050000
1782448495.376135,507,0.003364,0.013496,TRACKING,0.147060,0.089054,-0.236627,0.039640,0.065632,0.036120,0.156703,1.000000,0.050000
1782448495.396315,508,0.002995,0.013571,TRACKING,0.146919,0.089175,-0.236203,0.038724,0.065566,0.036141,0.156116,1.000000,0.050000
1782448495.417240,509,0.003825,0.013397,TRACKING,0.147897,0.089221,-0.235821,0.037966,0.065736,0.036156,0.156116,1.000000,0.050000
1782448495.437256,510,0.003359,0.013637,TRACKING,0.147200,0.089307,-0.235489,0.037220,0.066516,0.036173,0.156116,1.000000,0.050000
1782448495.458025,511,0.003641,0.014085,TRACKING,0.147134,0.089390,-0.235153,0.036510,0.067009,0.036200,0.157886,1.000000,0.050000
1782448495.477455,512,0.002974,0.014178,TRACKING,0.146278,0.089477,-0.234944,0.036000,0.067561,0.036248,0.156116,1.000000,0.050000
1782448495.498011,513,0.003435,0.014624,TRACKING,0.147593,0.089627,-0.234714,0.035537,0.067864,0.036311,0.156167,1.000000,0.050000
1782448495.518188,514,0.003179,0.014630,TRACKING,0.147335,0.089828,-0.234444,0.035250,0.068185,0.036368,0.156755,1.000000,0.050000
1782448495.539273,515,0.003806,0.015329,TRACKING,0.147888,0.089941,-0.234213,0.035155,0.068509,0.036393,0.156755,1.000000,0.050000
1782448495.559359,516,0.003743,0.015139,TRACKING,0.147271,0.090021,-0.234032,0.035203,0.068739,0.036385,0.155050,1.000000,0.050000
1782448495.579276,517,0.003150,0.015827,TRACKING,0.147165,0.090092,-0.233919,0.035336,0.068861,0.036371,0.156755,1.000000,0.050000
1782448495.599892,518,0.003177,0.015974,TRACKING,0.147325,0.090187,-0.233801,0.035526,0.068964,0.036368,0.156755,1.000000,0.050000
1782448495.620257,519,0.003447,0.016002,TRACKING,0.148244,0.090240,-0.233701,0.035771,0.069215,0.036374,0.156755,1.000000,0.050000
1782448495.640455,520,0.003072,0.016540,TRACKING,0.147570,0.090283,-0.233666,0.035964,0.069398,0.036350,0.156755,1.000000,0.050000
1782448495.661672,521,0.003809,0.016853,TRACKING,0.148303,0.090287,-0.233644,0.036096,0.069472,0.036309,0.156755,1.000000,0.050000
1782448495.680965,522,0.003004,0.017221,TRACKING,0.147833,0.090336,-0.233616,0.036155,0.069566,0.036279,0.154998,1.000000,0.050000
1782448495.701641,523,0.003150,0.017316,TRACKING,0.147327,0.090333,-0.233643,0.036128,0.069530,0.036271,0.154998,1.000000,0.050000
1782448495.722552,524,0.003917,0.017764,TRACKING,0.148764,0.090369,-0.233622,0.036000,0.069547,0.036250,0.154998,1.000000,0.050000
1782448495.742531,525,0.003794,0.017882,TRACKING,0.148933,0.090398,-0.233663,0.035825,0.069581,0.036249,0.154998,1.000000,0.050000
1782448495.761671,526,0.002553,0.017584,TRACKING,0.147405,0.090444,-0.233692,0.035627,0.069531,0.036231,0.154998,1.000000,0.050000
1782448495.782955,527,0.003398,0.017902,TRACKING,0.147770,0.090487,-0.233729,0.035462,0.069517,0.036213,0.154998,1.000000,0.050000
1782448495.802833,528,0.002879,0.019308,TRACKING,0.147587,0.090489,-0.233745,0.035310,0.069413,0.036180,0.153292,1.000000,0.050000
1782448495.824429,529,0.004030,0.019074,TRACKING,0.149283,0.090465,-0.233796,0.035262,0.069370,0.036158,0.153292,1.000000,0.050000
1782448495.844274,530,0.003425,0.019103,TRACKING,0.148696,0.090435,-0.233860,0.035194,0.069292,0.036136,0.154998,1.000000,0.050000
1782448495.864996,531,0.003695,0.019906,TRACKING,0.149342,0.090392,-0.233951,0.035194,0.069217,0.036111,0.153292,1.000000,0.050000
1782448495.885323,533,0.003538,0.000869,TRACKING,0.139930,0.090339,-0.234025,0.035159,0.069248,0.036110,0.149830,1.000000,0.050000
1782448495.906672,534,0.003791,0.001875,TRACKING,0.141331,0.090289,-0.234081,0.035172,0.069208,0.036112,0.153241,1.000000,0.050000
1782448495.926396,535,0.003423,0.001963,TRACKING,0.140244,0.090255,-0.234112,0.035136,0.069118,0.036130,0.149830,1.000000,0.050000
1782448495.946628,536,0.003190,0.002075,TRACKING,0.139105,0.090188,-0.234162,0.035102,0.069058,0.036129,0.148072,1.000000,0.050000
1782448495.966698,537,0.003171,0.002090,TRACKING,0.139067,0.090175,-0.234171,0.034990,0.069108,0.036129,0.148072,1.000000,0.050000
1782448495.986929,538,0.003312,0.002110,TRACKING,0.139275,0.090168,-0.234159,0.034878,0.069055,0.036124,0.148072,1.000000,0.050000
1782448496.006929,539,0.002767,0.002548,TRACKING,0.138550,0.090120,-0.234141,0.034802,0.069056,0.036150,0.148072,1.000000,0.050000
1782448496.028065,540,0.003417,0.002955,TRACKING,0.140345,0.090107,-0.234117,0.034756,0.069014,0.036187,0.148072,1.000000,0.050000
1782448496.047643,541,0.002514,0.003329,TRACKING,0.139449,0.090065,-0.234110,0.034760,0.068897,0.036187,0.148072,1.000000,0.050000
1782448496.069115,542,0.003526,0.003811,TRACKING,0.140310,0.090083,-0.234073,0.034732,0.068869,0.036217,0.148072,1.000000,0.050000
1782448496.089189,543,0.003233,0.003785,TRACKING,0.140272,0.090057,-0.234010,0.034770,0.068727,0.036250,0.149830,1.000000,0.050000
1782448496.109265,544,0.003217,0.003656,TRACKING,0.139751,0.090050,-0.233978,0.034869,0.068683,0.036313,0.148072,1.000000,0.050000
1782448496.128983,545,0.002809,0.003908,TRACKING,0.139896,0.090036,-0.233964,0.034908,0.068779,0.036369,0.148072,1.000000,0.050000
1782448496.149966,546,0.003313,0.004334,TRACKING,0.140304,0.090067,-0.233940,0.035010,0.068761,0.036389,0.148072,1.000000,0.050000
1782448496.169753,547,0.003009,0.004346,TRACKING,0.140063,0.090067,-0.233902,0.035162,0.068721,0.036422,0.148072,1.000000,0.050000
1782448496.190110,548,0.003269,0.004220,TRACKING,0.139911,0.090096,-0.233873,0.035263,0.068703,0.036452,0.148072,1.000000,0.050000
1782448496.210804,549,0.003240,0.004806,TRACKING,0.140426,0.090103,-0.233870,0.035384,0.068665,0.036487,0.148072,1.000000,0.050000
1782448496.230684,550,0.003028,0.004863,TRACKING,0.140104,0.090151,-0.233854,0.035456,0.068528,0.036510,0.148072,1.000000,0.050000
1782448496.250767,551,0.003019,0.005128,TRACKING,0.140205,0.090178,-0.233818,0.035584,0.068379,0.036533,0.148072,1.000000,0.050000
1782448496.270896,552,0.002748,0.005370,TRACKING,0.140498,0.090227,-0.233831,0.035604,0.068300,0.036556,0.148072,1.000000,0.050000
1782448496.291570,553,0.003083,0.005598,TRACKING,0.140650,0.090239,-0.233843,0.035593,0.068239,0.036552,0.148072,1.000000,0.050000
1782448496.311969,554,0.003387,0.005537,TRACKING,0.141045,0.090261,-0.233884,0.035586,0.068178,0.036539,0.148072,1.000000,0.050000
1782448496.331830,555,0.003153,0.005174,TRACKING,0.140462,0.090265,-0.233802,0.035569,0.067971,0.036521,0.148072,1.000000,0.050000
1782448496.352072,556,0.002907,0.006032,TRACKING,0.140960,0.090277,-0.233855,0.035628,0.067739,0.036497,0.148072,1.000000,0.050000
1782448496.372746,557,0.002849,0.006592,TRACKING,0.140202,0.090275,-0.233812,0.035603,0.067476,0.036495,0.146315,1.000000,0.050000
1782448496.393684,558,0.003336,0.006968,TRACKING,0.141382,0.090268,-0.233794,0.035620,0.067358,0.036460,0.148072,1.000000,0.050000
1782448496.413605,559,0.002798,0.007383,TRACKING,0.141480,0.090238,-0.233819,0.035629,0.067313,0.036442,0.148072,1.000000,0.050000
1782448496.434357,560,0.003096,0.007928,TRACKING,0.141314,0.090220,-0.233838,0.035718,0.067261,0.036420,0.146315,1.000000,0.050000
1782448496.454362,561,0.002651,0.008071,TRACKING,0.141550,0.090191,-0.233780,0.035721,0.067259,0.036411,0.148072,1.000000,0.050000
1782448496.474936,562,0.003134,0.008032,TRACKING,0.141583,0.090164,-0.233752,0.035709,0.067206,0.036419,0.148072,1.000000,0.050000
1782448496.494364,563,0.002465,0.008004,TRACKING,0.141304,0.090179,-0.233736,0.035707,0.067204,0.036426,0.148072,1.000000,0.050000
1782448496.514701,564,0.002349,0.008410,TRACKING,0.140882,0.090124,-0.233774,0.035690,0.067185,0.036441,0.148072,1.000000,0.050000
1782448496.535195,565,0.002750,0.008234,TRACKING,0.141221,0.090093,-0.233773,0.035711,0.067146,0.036430,0.148072,1.000000,0.050000
1782448496.555540,566,0.002996,0.008336,TRACKING,0.141566,0.090071,-0.233764,0.035710,0.066928,0.036414,0.146367,1.000000,0.050000
1782448496.575867,567,0.003226,0.008435,TRACKING,0.142040,0.090079,-0.233739,0.035714,0.066775,0.036425,0.148072,1.000000,0.050000
1782448496.596615,568,0.003355,0.008993,TRACKING,0.142470,0.090078,-0.233749,0.035751,0.066674,0.036424,0.148072,1.000000,0.050000
1782448496.616530,569,0.003176,0.008325,TRACKING,0.142036,0.090080,-0.233734,0.035749,0.066623,0.036452,0.148072,1.000000,0.050000
1782448496.636275,570,0.002791,0.008022,TRACKING,0.141435,0.090087,-0.233746,0.035755,0.066572,0.036463,0.148072,1.000000,0.050000
1782448496.656510,571,0.002941,0.009526,TRACKING,0.143032,0.090047,-0.233756,0.035811,0.066534,0.036478,0.148072,1.000000,0.050000
1782448496.675725,572,0.001739,0.009444,TRACKING,0.141150,0.090029,-0.233781,0.035842,0.066447,0.036501,0.148072,1.000000,0.050000
1782448496.697505,573,0.003027,0.008998,TRACKING,0.142332,0.090050,-0.233791,0.035904,0.066400,0.036531,0.148072,1.000000,0.050000
1782448496.718239,574,0.003294,0.009261,TRACKING,0.142508,0.090036,-0.233777,0.035912,0.066222,0.036590,0.148072,1.000000,0.050000
1782448496.737979,575,0.002732,0.010712,TRACKING,0.142613,0.090042,-0.233757,0.035894,0.066005,0.036625,0.148072,1.000000,0.050000
1782448496.762601,576,0.007258,0.010513,TRACKING,0.150324,0.090065,-0.233826,0.035894,0.065973,0.036642,0.148072,1.000000,0.050000
1782448496.779139,577,0.003367,0.010477,TRACKING,0.144286,0.090063,-0.233857,0.035893,0.065873,0.036640,0.148072,1.000000,0.050000
1782448496.799962,578,0.003726,0.010752,TRACKING,0.144212,0.090067,-0.233818,0.035860,0.065752,0.036614,0.148072,1.000000,0.050000
1782448496.818185,579,0.001812,0.011055,TRACKING,0.142095,0.090052,-0.233820,0.035829,0.065705,0.036599,0.148072,1.000000,0.050000
1782448496.838110,580,0.001614,0.011167,TRACKING,0.141797,0.090039,-0.233852,0.035834,0.065642,0.036590,0.148072,1.000000,0.050000
1782448496.859806,581,0.002776,0.011916,TRACKING,0.143800,0.090032,-0.233861,0.035851,0.065609,0.036576,0.148072,1.000000,0.050000
1782448496.879122,582,0.001886,0.011761,TRACKING,0.142332,0.090017,-0.233868,0.035903,0.065615,0.036566,0.148072,1.000000,0.050000
1782448496.900665,583,0.002975,0.011810,TRACKING,0.142956,0.089997,-0.233851,0.035896,0.065628,0.036574,0.146367,1.000000,0.050000
1782448496.921458,584,0.003668,0.011639,TRACKING,0.143940,0.089987,-0.233808,0.035886,0.065678,0.036583,0.146367,1.000000,0.050000
1782448496.941720,585,0.003643,0.011679,TRACKING,0.144069,0.089960,-0.233814,0.035946,0.065712,0.036589,0.148072,1.000000,0.050000
1782448496.961302,586,0.003121,0.012508,TRACKING,0.143782,0.089930,-0.233814,0.035934,0.065659,0.036575,0.148072,1.000000,0.050000
1782448496.981348,587,0.003076,0.011956,TRACKING,0.143388,0.089927,-0.233787,0.035964,0.065586,0.036553,0.146367,1.000000,0.050000
1782448497.002154,588,0.003793,0.011771,TRACKING,0.144329,0.089915,-0.233789,0.035906,0.065479,0.036537,0.148072,1.000000,0.050000
1782448497.021675,589,0.003219,0.011952,TRACKING,0.144202,0.089928,-0.233757,0.035886,0.065379,0.036529,0.148072,1.000000,0.050000
1782448497.041559,590,0.002868,0.012861,TRACKING,0.143284,0.089936,-0.233767,0.035864,0.065343,0.036540,0.146367,1.000000,0.050000
1782448497.062961,591,0.003858,0.012385,TRACKING,0.144559,0.089913,-0.233802,0.035854,0.065386,0.036579,0.146367,1.000000,0.050000
1782448497.082479,592,0.003281,0.012541,TRACKING,0.143687,0.089902,-0.233828,0.035895,0.065492,0.036629,0.146367,1.000000,0.050000
1782448497.103022,593,0.003345,0.012708,TRACKING,0.143545,0.089923,-0.233790,0.035826,0.065523,0.036680,0.144662,1.000000,0.050000
1782448497.122971,594,0.003189,0.012794,TRACKING,0.143895,0.089921,-0.233782,0.035806,0.065562,0.036725,0.146367,1.000000,0.050000
1782448497.142941,595,0.003023,0.013742,TRACKING,0.144196,0.089936,-0.233794,0.035794,0.065567,0.036756,0.148124,1.000000,0.050000
1782448497.162823,596,0.002505,0.013946,TRACKING,0.142962,0.089911,-0.233783,0.035799,0.065592,0.036803,0.144662,1.000000,0.050000
1782448497.184559,597,0.003806,0.014336,TRACKING,0.145388,0.089881,-0.233769,0.035792,0.065645,0.036858,0.146367,1.000000,0.050000
1782448497.203895,598,0.002922,0.014466,TRACKING,0.143801,0.089878,-0.233733,0.035829,0.065716,0.036936,0.144662,1.000000,0.050000
1782448497.225573,599,0.004152,0.014012,TRACKING,0.145527,0.089884,-0.233717,0.035847,0.065823,0.037008,0.144662,1.000000,0.050000
1782448497.245283,600,0.003755,0.014852,TRACKING,0.145391,0.089884,-0.233726,0.035865,0.065929,0.037068,0.144662,1.000000,0.050000
1782448497.264867,601,0.003250,0.015150,TRACKING,0.145097,0.089878,-0.233725,0.035874,0.066028,0.037114,0.142956,1.000000,0.050000
1782448497.285107,602,0.003033,0.015368,TRACKING,0.144942,0.089896,-0.233703,0.035865,0.066106,0.037147,0.146367,1.000000,0.050000
1782448497.304171,603,0.002009,0.015401,TRACKING,0.143591,0.089889,-0.233710,0.035852,0.066089,0.037169,0.144662,1.000000,0.050000
1782448497.325710,604,0.003427,0.015378,TRACKING,0.145051,0.089866,-0.233721,0.035839,0.066033,0.037164,0.144662,1.000000,0.050000
1782448497.346106,605,0.003237,0.016139,TRACKING,0.145474,0.089843,-0.233733,0.035845,0.066037,0.037166,0.146367,1.000000,0.050000
1782448497.366819,606,0.003821,0.016104,TRACKING,0.145297,0.089834,-0.233709,0.035857,0.066080,0.037168,0.142904,1.000000,0.050000
1782448497.386520,607,0.003297,0.016245,TRACKING,0.145160,0.089846,-0.233680,0.035851,0.066170,0.037171,0.144662,1.000000,0.050000
1782448497.406780,608,0.003011,0.016792,TRACKING,0.145047,0.089819,-0.233696,0.035854,0.066249,0.037183,0.144662,1.000000,0.050000
1782448497.426982,609,0.003078,0.017162,TRACKING,0.145173,0.089839,-0.233677,0.035874,0.066390,0.037199,0.142956,1.000000,0.050000
1782448497.446620,610,0.002209,0.017261,TRACKING,0.144651,0.089829,-0.233636,0.035931,0.066562,0.037200,0.144662,1.000000,0.050000
1782448497.468677,611,0.003918,0.017089,TRACKING,0.146814,0.089841,-0.233665,0.035967,0.066678,0.037179,0.146419,1.000000,0.050000
1782448497.487808,612,0.002923,0.017658,TRACKING,0.145133,0.089841,-0.233664,0.035990,0.066825,0.037142,0.142956,1.000000,0.050000
1782448497.509536,613,0.004331,0.017200,TRACKING,0.146813,0.089832,-0.233649,0.036024,0.066907,0.037089,0.142904,1.000000,0.050000
1782448497.528902,614,0.003586,0.017737,TRACKING,0.145992,0.089822,-0.233684,0.036053,0.066894,0.037028,0.142956,1.000000,0.050000
1782448497.549185,615,0.003314,0.018328,TRACKING,0.145876,0.089819,-0.233667,0.036056,0.066892,0.036970,0.142956,1.000000,0.050000
1782448497.568870,616,0.002768,0.018492,TRACKING,0.145706,0.089828,-0.233667,0.036066,0.066829,0.036914,0.142904,1.000000,0.050000
1782448497.590491,617,0.003914,0.019425,TRACKING,0.147061,0.089838,-0.233677,0.036068,0.066909,0.036883,0.142904,1.000000,0.050000
1782448497.611292,618,0.004216,0.019545,TRACKING,0.147997,0.089858,-0.233666,0.036030,0.066987,0.036845,0.144662,1.000000,0.050000
1782448497.630980,619,0.003809,0.019458,TRACKING,0.147468,0.089877,-0.233633,0.036040,0.067044,0.036798,0.144662,1.000000,0.050000
1782448497.651408,620,0.003691,0.020103,TRACKING,0.147299,0.089880,-0.233574,0.036046,0.067074,0.036717,0.144662,1.000000,0.050000
1782448497.671205,622,0.003034,0.000300,TRACKING,0.136911,0.089895,-0.233593,0.036062,0.066971,0.036631,0.144662,1.000000,0.050000
1782448497.692250,623,0.003723,0.000608,TRACKING,0.138498,0.089891,-0.233533,0.036033,0.066410,0.036389,0.146367,1.000000,0.050000
1782448497.713008,624,0.004018,0.001162,TRACKING,0.138966,0.089882,-0.233507,0.036074,0.066062,0.036260,0.144662,1.000000,0.050000
1782448497.733768,625,0.004627,0.001404,TRACKING,0.140081,0.089863,-0.233492,0.036054,0.065502,0.036137,0.144662,1.000000,0.050000
1782448497.753662,626,0.004041,0.001321,TRACKING,0.139112,0.089874,-0.233462,0.036001,0.064888,0.036023,0.144662,1.000000,0.050000
1782448497.773530,627,0.003819,0.001377,TRACKING,0.139281,0.089889,-0.233425,0.036024,0.064305,0.035921,0.146367,1.000000,0.050000
1782448497.793916,628,0.004102,0.001913,TRACKING,0.140190,0.089893,-0.233379,0.036050,0.063602,0.035807,0.146367,1.000000,0.050000
1782448497.814240,629,0.003950,0.001811,TRACKING,0.139239,0.089888,-0.233392,0.036115,0.063431,0.035665,0.144662,1.000000,0.050000
1782448497.834264,630,0.003876,0.002197,TRACKING,0.139525,0.089911,-0.233365,0.036212,0.063351,0.035509,0.146367,1.000000,0.050000
1782448497.853918,631,0.003431,0.001519,TRACKING,0.138969,0.089941,-0.233371,0.036353,0.063397,0.035331,0.146367,1.000000,0.050000
1782448497.874569,632,0.003574,0.001817,TRACKING,0.138374,0.089950,-0.233382,0.036410,0.063451,0.035143,0.144662,1.000000,0.050000
1782448497.895161,633,0.003135,0.002788,TRACKING,0.138178,0.089959,-0.233453,0.036496,0.063611,0.034916,0.144662,1.000000,0.050000
1782448497.915952,634,0.003831,0.003134,TRACKING,0.139878,0.089954,-0.233431,0.036591,0.063677,0.034718,0.146367,1.000000,0.050000
1782448497.935205,635,0.002988,0.003108,TRACKING,0.138106,0.089967,-0.233391,0.036565,0.063777,0.034536,0.144662,1.000000,0.050000
1782448497.955726,636,0.003017,0.003308,TRACKING,0.138679,0.089950,-0.233375,0.036631,0.063906,0.034362,0.146367,1.000000,0.050000
1782448497.976128,637,0.003317,0.003248,TRACKING,0.139397,0.089950,-0.233383,0.036671,0.063882,0.034191,0.146419,1.000000,0.050000
1782448497.996343,638,0.003002,0.003801,TRACKING,0.139113,0.089972,-0.233342,0.036702,0.063974,0.034072,0.145463,1.000000,0.050000
1782448498.016758,639,0.003009,0.004182,TRACKING,0.139141,0.089982,-0.233314,0.036704,0.063990,0.033976,0.147220,1.000000,0.050000
1782448498.037459,640,0.003621,0.004211,TRACKING,0.139994,0.089998,-0.233324,0.036722,0.063992,0.033926,0.147220,1.000000,0.050000
1782448498.057088,641,0.003155,0.004309,TRACKING,0.139991,0.090023,-0.233296,0.036763,0.064062,0.033893,0.148976,1.000000,0.050000
1782448498.077059,642,0.002713,0.004430,TRACKING,0.139159,0.090028,-0.233246,0.036866,0.064088,0.033853,0.147220,1.000000,0.050000
1782448498.097327,643,0.002890,0.004147,TRACKING,0.138747,0.089974,-0.233187,0.036870,0.064299,0.033874,0.147220,1.000000,0.050000
1782448498.117429,644,0.002903,0.004434,TRACKING,0.138952,0.089948,-0.233209,0.036914,0.064494,0.033880,0.147220,1.000000,0.050000
1782448498.138204,645,0.003586,0.004605,TRACKING,0.140116,0.089970,-0.233183,0.036987,0.064612,0.033901,0.147232,1.000000,0.050000
1782448498.158167,646,0.003236,0.004718,TRACKING,0.139456,0.089992,-0.233114,0.036824,0.064763,0.033966,0.147232,1.000000,0.050000
1782448498.178498,647,0.003473,0.004747,TRACKING,0.139818,0.089989,-0.233147,0.036709,0.064808,0.034012,0.147232,1.000000,0.050000
1782448498.198818,648,0.003316,0.004307,TRACKING,0.139976,0.090002,-0.233139,0.036704,0.064936,0.034117,0.147232,1.000000,0.050000
1782448498.218592,649,0.002740,0.005356,TRACKING,0.139068,0.090034,-0.233094,0.036728,0.064945,0.034180,0.147232,1.000000,0.050000
1782448498.239872,650,0.003543,0.006183,TRACKING,0.140349,0.090039,-0.233050,0.036700,0.064954,0.034239,0.145487,1.000000,0.050000
1782448498.259322,651,0.002895,0.006239,TRACKING,0.140467,0.090036,-0.233075,0.036670,0.064989,0.034318,0.147232,1.000000,0.050000
1782448498.279904,652,0.003012,0.006231,TRACKING,0.140490,0.090044,-0.233063,0.036806,0.064891,0.034343,0.145487,1.000000,0.050000
1782448498.299207,653,0.002170,0.006179,TRACKING,0.139002,0.090070,-0.233055,0.036831,0.065091,0.034450,0.145487,1.000000,0.050000
1782448498.320159,654,0.002555,0.006809,TRACKING,0.140229,0.090069,-0.233066,0.036783,0.065233,0.034495,0.145487,1.000000,0.050000
1782448498.340934,655,0.002894,0.007479,TRACKING,0.139888,0.090102,-0.232997,0.036681,0.065395,0.034536,0.143730,1.000000,0.050000
1782448498.360787,656,0.002657,0.006092,TRACKING,0.139652,0.090101,-0.232991,0.036643,0.065456,0.034592,0.143730,1.000000,0.050000
1782448498.381023,657,0.002613,0.007277,TRACKING,0.139976,0.090119,-0.232996,0.036711,0.065363,0.034607,0.143730,1.000000,0.050000
1782448498.401250,658,0.002352,0.007811,TRACKING,0.140095,0.090132,-0.232971,0.036748,0.065419,0.034679,0.145487,1.000000,0.050000
1782448498.421275,659,0.002298,0.007646,TRACKING,0.139271,0.090111,-0.232927,0.036764,0.065334,0.034711,0.143730,1.000000,0.050000
1782448498.442203,660,0.003094,0.007821,TRACKING,0.140364,0.090123,-0.232870,0.036804,0.065262,0.034719,0.143730,1.000000,0.050000
1782448498.462480,661,0.003280,0.007752,TRACKING,0.140568,0.090107,-0.232829,0.036855,0.065119,0.034729,0.143730,1.000000,0.050000
1782448498.482207,662,0.002402,0.008222,TRACKING,0.139596,0.090091,-0.232809,0.036885,0.064937,0.034696,0.143730,1.000000,0.050000
1782448498.502217,663,0.002270,0.008144,TRACKING,0.139153,0.090080,-0.232782,0.036942,0.064980,0.034695,0.143730,1.000000,0.050000
1782448498.522861,664,0.002814,0.008230,TRACKING,0.140341,0.090067,-0.232734,0.036989,0.064950,0.034662,0.143730,1.000000,0.050000
1782448498.543612,665,0.003460,0.008574,TRACKING,0.141062,0.090085,-0.232662,0.036962,0.064900,0.034636,0.143730,1.000000,0.050000
1782448498.564434,666,0.003732,0.008304,TRACKING,0.141266,0.090110,-0.232631,0.036891,0.064946,0.034633,0.143730,1.000000,0.050000
1782448498.584020,667,0.003214,0.007625,TRACKING,0.140738,0.090101,-0.232578,0.036895,0.064909,0.034606,0.143730,1.000000,0.050000
1782448498.604304,668,0.002834,0.008179,TRACKING,0.140348,0.090099,-0.232558,0.036958,0.064995,0.034618,0.143730,1.000000,0.050000
1782448498.625702,669,0.003778,0.008749,TRACKING,0.141224,0.090121,-0.232521,0.036893,0.065115,0.034604,0.141973,1.000000,0.050000
1782448498.645097,670,0.003079,0.008809,TRACKING,0.139971,0.090162,-0.232514,0.036898,0.065263,0.034600,0.140217,1.000000,0.050000
1782448498.665761,671,0.003293,0.009129,TRACKING,0.140678,0.090195,-0.232468,0.036851,0.065357,0.034606,0.141973,1.000000,0.050000
1782448498.686784,672,0.003617,0.010521,TRACKING,0.141913,0.090210,-0.232459,0.036773,0.065362,0.034583,0.141973,1.000000,0.050000
1782448498.706416,673,0.002803,0.010880,TRACKING,0.140767,0.090216,-0.232443,0.036793,0.065414,0.034580,0.140217,1.000000,0.050000
1782448498.726509,674,0.002759,0.011306,TRACKING,0.141003,0.090220,-0.232483,0.036826,0.065460,0.034553,0.140217,1.000000,0.050000
1782448498.746699,675,0.002652,0.011060,TRACKING,0.141117,0.090227,-0.232495,0.036828,0.065517,0.034532,0.140217,1.000000,0.050000
1782448498.767525,676,0.003029,0.010766,TRACKING,0.140803,0.090235,-0.232468,0.036834,0.065620,0.034527,0.138472,1.000000,0.050000
1782448498.788336,677,0.003695,0.010876,TRACKING,0.142286,0.090241,-0.232479,0.036855,0.065649,0.034526,0.140217,1.000000,0.050000
1782448498.808202,678,0.003346,0.010806,TRACKING,0.140538,0.090252,-0.232457,0.036815,0.065684,0.034541,0.140217,1.000000,0.050000
1782448498.827848,679,0.002897,0.011422,TRACKING,0.141023,0.090280,-0.232472,0.036756,0.065643,0.034528,0.138472,1.000000,0.050000
1782448498.848109,680,0.003029,0.011528,TRACKING,0.141115,0.090304,-0.232485,0.036774,0.065701,0.034544,0.138472,1.000000,0.050000
1782448498.868397,681,0.003162,0.011454,TRACKING,0.141573,0.090316,-0.232503,0.036699,0.065920,0.034574,0.136727,1.000000,0.050000
1782448498.888079,682,0.002393,0.011295,TRACKING,0.140264,0.090347,-0.232454,0.036635,0.066309,0.034580,0.134982,1.000000,0.050000
1782448498.908275,683,0.002510,0.011438,TRACKING,0.140374,0.090354,-0.232447,0.036696,0.066870,0.034559,0.134982,1.000000,0.050000
1782448498.928764,684,0.002580,0.011762,TRACKING,0.139466,0.090395,-0.232419,0.036658,0.067380,0.034523,0.132031,1.000000,0.050000
1782448498.949688,685,0.003235,0.011984,TRACKING,0.140714,0.090403,-0.232481,0.036717,0.067692,0.034532,0.133746,1.000000,0.050000
1782448498.969958,686,0.003410,0.012084,TRACKING,0.141917,0.090418,-0.232487,0.036792,0.067730,0.034557,0.135522,1.000000,0.050000
1782448498.990296,687,0.003035,0.012603,TRACKING,0.141501,0.090400,-0.232443,0.036834,0.067695,0.034605,0.135522,1.000000,0.050000
1782448499.010754,688,0.003355,0.012733,TRACKING,0.141355,0.090378,-0.232437,0.036901,0.067675,0.034630,0.135522,1.000000,0.050000
1782448499.030616,689,0.002496,0.014284,TRACKING,0.141001,0.090404,-0.232411,0.036996,0.067858,0.034628,0.135522,1.000000,0.050000
1782448499.052146,690,0.003536,0.014045,TRACKING,0.142467,0.090412,-0.232365,0.037012,0.068098,0.034621,0.135522,1.000000,0.050000
1782448499.071605,691,0.002894,0.013810,TRACKING,0.141626,0.090377,-0.232393,0.037067,0.068423,0.034590,0.133807,1.000000,0.050000
1782448499.093025,692,0.003681,0.014782,TRACKING,0.142986,0.090379,-0.232326,0.037076,0.068736,0.034574,0.135522,1.000000,0.050000
1782448499.113439,693,0.003960,0.014920,TRACKING,0.143421,0.090326,-0.232318,0.037063,0.068968,0.034564,0.135522,1.000000,0.050000
1782448499.133517,694,0.003590,0.014861,TRACKING,0.143020,0.090319,-0.232296,0.037097,0.069190,0.034563,0.137237,1.000000,0.050000
1782448499.153795,695,0.003261,0.015447,TRACKING,0.143151,0.090288,-0.232276,0.037156,0.069341,0.034594,0.138952,1.000000,0.050000
1782448499.174182,696,0.003551,0.015311,TRACKING,0.143118,0.090273,-0.232267,0.037173,0.069600,0.034622,0.137237,1.000000,0.050000
1782448499.194266,697,0.003175,0.016000,TRACKING,0.143212,0.090282,-0.232241,0.037160,0.069913,0.034660,0.138952,1.000000,0.050000
1782448499.214283,698,0.002737,0.016166,TRACKING,0.142942,0.090279,-0.232254,0.037231,0.070110,0.034693,0.137237,1.000000,0.050000
1782448499.234942,699,0.002704,0.016810,TRACKING,0.142359,0.090292,-0.232222,0.037235,0.070393,0.034717,0.135522,1.000000,0.050000
1782448499.256667,700,0.003983,0.017197,TRACKING,0.144741,0.090301,-0.232202,0.037233,0.070789,0.034778,0.137237,1.000000,0.050000
1782448499.276010,701,0.002932,0.018251,TRACKING,0.144315,0.090319,-0.232170,0.037216,0.071191,0.034805,0.137237,1.000000,0.050000
1782448499.297283,702,0.003768,0.018205,TRACKING,0.145348,0.090317,-0.232188,0.037295,0.071616,0.034843,0.139012,1.000000,0.050000
1782448499.317431,703,0.003821,0.018051,TRACKING,0.145322,0.090336,-0.232242,0.037326,0.071765,0.034828,0.138952,1.000000,0.050000
1782448499.337286,704,0.003274,0.018026,TRACKING,0.144416,0.090340,-0.232197,0.037285,0.071915,0.034838,0.139012,1.000000,0.050000
1782448499.357726,705,0.003616,0.018212,TRACKING,0.144995,0.090327,-0.232176,0.037295,0.072263,0.034898,0.139012,1.000000,0.050000
1782448499.378096,706,0.003404,0.018658,TRACKING,0.145257,0.090333,-0.232121,0.037317,0.072649,0.034943,0.140727,1.000000,0.050000
1782448499.397962,707,0.003136,0.018824,TRACKING,0.145355,0.090343,-0.232111,0.037289,0.073047,0.034982,0.140727,1.000000,0.050000
1782448499.417982,708,0.003072,0.018695,TRACKING,0.145060,0.090343,-0.232116,0.037316,0.073165,0.035000,0.140727,1.000000,0.050000
1782448499.438056,709,0.003037,0.018763,TRACKING,0.144855,0.090327,-0.232122,0.037322,0.073271,0.035029,0.140727,1.000000,0.050000
1782448499.458397,710,0.003291,0.019206,TRACKING,0.146025,0.090323,-0.232115,0.037289,0.073342,0.035055,0.140727,1.000000,0.050000
1782448499.478334,711,0.002768,0.019063,TRACKING,0.145160,0.090334,-0.232076,0.037293,0.073465,0.035087,0.140727,1.000000,0.050000
1782448499.498641,712,0.002624,0.020714,TRACKING,0.145363,0.090334,-0.232101,0.037310,0.073572,0.035128,0.140727,1.000000,0.050000
1782448499.518709,713,0.002416,0.019802,TRACKING,0.144679,0.090329,-0.232017,0.037282,0.073731,0.035184,0.140727,1.000000,0.050000
1782448499.538612,714,0.002236,0.019764,TRACKING,0.144311,0.090343,-0.231967,0.037279,0.073928,0.035219,0.140727,1.000000,0.050000
1782448499.559046,715,0.002579,0.019711,TRACKING,0.145326,0.090343,-0.231987,0.037289,0.074111,0.035256,0.140727,1.000000,0.050000
1782448499.579961,716,0.003401,0.019573,TRACKING,0.146389,0.090338,-0.231966,0.037356,0.074252,0.035273,0.140727,1.000000,0.050000
1782448499.601003,718,0.003909,0.001310,TRACKING,0.137736,0.090335,-0.231947,0.037311,0.074392,0.035296,0.140727,1.000000,0.050000
1782448499.620690,719,0.003114,0.002013,TRACKING,0.137886,0.090320,-0.231927,0.037342,0.074325,0.035368,0.140727,1.000000,0.050000
1782448499.641632,720,0.003405,0.002162,TRACKING,0.138138,0.090325,-0.231882,0.037354,0.074364,0.035408,0.139012,1.000000,0.050000
1782448499.662404,721,0.003352,0.002885,TRACKING,0.138416,0.090351,-0.231840,0.037332,0.074599,0.035426,0.140727,1.000000,0.050000
1782448499.682090,722,0.002953,0.003020,TRACKING,0.136847,0.090351,-0.231873,0.037341,0.074791,0.035421,0.138952,1.000000,0.050000
1782448499.702249,723,0.003022,0.003310,TRACKING,0.137062,0.090350,-0.231853,0.037354,0.074878,0.035395,0.137237,1.000000,0.050000
1782448499.722997,724,0.003676,0.003445,TRACKING,0.137670,0.090345,-0.231886,0.037377,0.074973,0.035396,0.137237,1.000000,0.050000
1782448499.742661,725,0.003239,0.003182,TRACKING,0.137562,0.090361,-0.231885,0.037376,0.075116,0.035402,0.137237,1.000000,0.050000
1782448499.762204,726,0.002685,0.003080,TRACKING,0.137027,0.090367,-0.231905,0.037328,0.075168,0.035371,0.138952,1.000000,0.050000
1782448499.782299,727,0.002654,0.003126,TRACKING,0.136752,0.090377,-0.231885,0.037347,0.075248,0.035369,0.137237,1.000000,0.050000
1782448499.802784,728,0.002485,0.003553,TRACKING,0.136322,0.090398,-0.231818,0.037367,0.075342,0.035366,0.137237,1.000000,0.050000
1782448499.823002,729,0.002612,0.003658,TRACKING,0.136625,0.090394,-0.231821,0.037361,0.075415,0.035367,0.138952,1.000000,0.050000
1782448499.843078,730,0.002538,0.003680,TRACKING,0.136749,0.090386,-0.231820,0.037371,0.075422,0.035343,0.137237,1.000000,0.050000
1782448499.863582,731,0.002510,0.004063,TRACKING,0.137050,0.090385,-0.231819,0.037384,0.075501,0.035335,0.138952,1.000000,0.050000
1782448499.883904,732,0.002704,0.004149,TRACKING,0.137669,0.090399,-0.231805,0.037386,0.075551,0.035345,0.138952,1.000000,0.050000
1782448499.904692,733,0.003049,0.004673,TRACKING,0.138307,0.090397,-0.231826,0.037396,0.075590,0.035340,0.137237,1.000000,0.050000
1782448499.925858,734,0.004127,0.004877,TRACKING,0.138994,0.090403,-0.231823,0.037386,0.075598,0.035329,0.137237,1.000000,0.050000
1782448499.945299,735,0.003451,0.004467,TRACKING,0.138229,0.090399,-0.231814,0.037362,0.075572,0.035314,0.138952,1.000000,0.050000
1782448499.965168,736,0.003230,0.004438,TRACKING,0.137722,0.090385,-0.231765,0.037355,0.075591,0.035310,0.137237,1.000000,0.050000
1782448499.985512,737,0.003482,0.004314,TRACKING,0.137862,0.090412,-0.231708,0.037361,0.075567,0.035288,0.137237,1.000000,0.050000
1782448500.005554,738,0.002847,0.005133,TRACKING,0.137723,0.090410,-0.231691,0.037357,0.075589,0.035303,0.137237,1.000000,0.050000
1782448500.026078,739,0.003272,0.005065,TRACKING,0.138240,0.090393,-0.231670,0.037369,0.075654,0.035314,0.138952,1.000000,0.050000
1782448500.045510,740,0.002596,0.005107,TRACKING,0.137763,0.090396,-0.231659,0.037363,0.075679,0.035319,0.138952,1.000000,0.050000
1782448500.066404,741,0.002851,0.005640,TRACKING,0.138384,0.090405,-0.231612,0.037345,0.075682,0.035320,0.138952,1.000000,0.050000
1782448500.086331,742,0.002326,0.006043,TRACKING,0.137723,0.090421,-0.231651,0.037371,0.075650,0.035320,0.138952,1.000000,0.050000
1782448500.107047,743,0.002554,0.006417,TRACKING,0.137719,0.090427,-0.231612,0.037343,0.075640,0.035319,0.138952,1.000000,0.050000
1782448500.127949,744,0.002998,0.007082,TRACKING,0.139566,0.090407,-0.231619,0.037323,0.075583,0.035303,0.138952,1.000000,0.050000
1782448500.147810,745,0.002581,0.006904,TRACKING,0.138395,0.090400,-0.231613,0.037336,0.075464,0.035290,0.138952,1.000000,0.050000
1782448500.168103,746,0.002777,0.007057,TRACKING,0.138309,0.090397,-0.231581,0.037307,0.075388,0.035288,0.138952,1.000000,0.050000
1782448500.188717,747,0.002949,0.007432,TRACKING,0.138691,0.090420,-0.231581,0.037339,0.075349,0.035289,0.138952,1.000000,0.050000
1782448500.208811,748,0.002909,0.007543,TRACKING,0.138716,0.090406,-0.231605,0.037309,0.075337,0.035300,0.138952,1.000000,0.050000
1782448500.229277,749,0.002935,0.007938,TRACKING,0.139056,0.090399,-0.231626,0.037328,0.075305,0.035288,0.138952,1.000000,0.050000
1782448500.249759,750,0.003327,0.007977,TRACKING,0.139614,0.090377,-0.231594,0.037300,0.075290,0.035293,0.138952,1.000000,0.050000
1782448500.269936,751,0.002966,0.008404,TRACKING,0.139819,0.090402,-0.231549,0.037310,0.075322,0.035292,0.138952,1.000000,0.050000
1782448500.290207,752,0.003146,0.008450,TRACKING,0.139749,0.090408,-0.231591,0.037382,0.075272,0.035283,0.140727,1.000000,0.050000
1782448500.310042,753,0.002885,0.008408,TRACKING,0.139470,0.090400,-0.231635,0.037380,0.075251,0.035284,0.140727,1.000000,0.050000
1782448500.330625,754,0.003376,0.008388,TRACKING,0.140787,0.090408,-0.231606,0.037357,0.075227,0.035275,0.140727,1.000000,0.050000
1782448500.350802,755,0.003456,0.007602,TRACKING,0.140066,0.090393,-0.231654,0.037356,0.075187,0.035269,0.140727,1.000000,0.050000
1782448500.370715,756,0.003093,0.008720,TRACKING,0.139800,0.090357,-0.231697,0.037349,0.075169,0.035259,0.140727,1.000000,0.050000
1782448500.390979,757,0.003258,0.008753,TRACKING,0.139777,0.090362,-0.231721,0.037407,0.075163,0.035268,0.138952,1.000000,0.050000
1782448500.410827,758,0.003002,0.008396,TRACKING,0.139294,0.090358,-0.231754,0.037404,0.075211,0.035273,0.138952,1.000000,0.050000
1782448500.430686,759,0.002767,0.008533,TRACKING,0.139009,0.090356,-0.231788,0.037418,0.075275,0.035271,0.138952,1.000000,0.050000
1782448500.450719,760,0.002709,0.008767,TRACKING,0.139295,0.090370,-0.231752,0.037409,0.075346,0.035283,0.138952,1.000000,0.050000
1782448500.471087,761,0.002783,0.009053,TRACKING,0.139315,0.090388,-0.231730,0.037410,0.075368,0.035277,0.138952,1.000000,0.050000
1782448500.491949,762,0.003004,0.009625,TRACKING,0.140180,0.090375,-0.231737,0.037414,0.075253,0.035255,0.137237,1.000000,0.050000
1782448500.511711,763,0.002672,0.008749,TRACKING,0.139211,0.090357,-0.231730,0.037429,0.075140,0.035243,0.138952,1.000000,0.050000
1782448500.532464,764,0.002946,0.009854,TRACKING,0.140342,0.090379,-0.231734,0.037459,0.075049,0.035226,0.138952,1.000000,0.050000
1782448500.552547,765,0.002945,0.009214,TRACKING,0.139827,0.090382,-0.231706,0.037482,0.075036,0.035237,0.138952,1.000000,0.050000
1782448500.572560,766,0.002510,0.010206,TRACKING,0.140266,0.090375,-0.231717,0.037523,0.075027,0.035247,0.138952,1.000000,0.050000
1782448500.593067,767,0.002615,0.010797,TRACKING,0.140071,0.090380,-0.231714,0.037515,0.075034,0.035257,0.138952,1.000000,0.050000
1782448500.613552,768,0.002869,0.010889,TRACKING,0.140402,0.090371,-0.231720,0.037507,0.075015,0.035274,0.138952,1.000000,0.050000
1782448500.634960,769,0.004136,0.010276,TRACKING,0.141976,0.090366,-0.231715,0.037529,0.074977,0.035288,0.138952,1.000000,0.050000
1782448500.655026,770,0.004098,0.010195,TRACKING,0.142204,0.090354,-0.231696,0.037557,0.074961,0.035309,0.140727,1.000000,0.050000
1782448500.674428,771,0.003400,0.010525,TRACKING,0.141851,0.090353,-0.231672,0.037560,0.074947,0.035310,0.140727,1.000000,0.050000
1782448500.694996,772,0.003742,0.010703,TRACKING,0.141553,0.090362,-0.231622,0.037596,0.074992,0.035314,0.138952,1.000000,0.050000
1782448500.714765,773,0.003249,0.010673,TRACKING,0.141079,0.090355,-0.231642,0.037559,0.075009,0.035300,0.140727,1.000000,0.050000
1782448500.735035,774,0.003271,0.010834,TRACKING,0.141181,0.090362,-0.231696,0.037547,0.074977,0.035289,0.140727,1.000000,0.050000
1782448500.755060,775,0.002850,0.011147,TRACKING,0.141255,0.090378,-0.231652,0.037489,0.074956,0.035278,0.140727,1.000000,0.050000
1782448500.776494,776,0.004073,0.011322,TRACKING,0.142368,0.090370,-0.231649,0.037527,0.074993,0.035286,0.139012,1.000000,0.050000
1782448500.798169,777,0.005613,0.011387,TRACKING,0.143691,0.090367,-0.231638,0.037541,0.075024,0.035287,0.138952,1.000000,0.050000
1782448500.820996,778,0.008327,0.011678,TRACKING,0.149208,0.090361,-0.231603,0.037572,0.075075,0.035293,0.138952,1.000000,0.050000
1782448500.836639,779,0.003868,0.011711,TRACKING,0.142513,0.090370,-0.231592,0.037604,0.075112,0.035305,0.138952,1.000000,0.050000
1782448500.855440,780,0.002530,0.011324,TRACKING,0.140312,0.090376,-0.231626,0.037558,0.075178,0.035324,0.138952,1.000000,0.050000
1782448500.875724,781,0.002670,0.011313,TRACKING,0.141181,0.090344,-0.231640,0.037576,0.075128,0.035336,0.138952,1.000000,0.050000
1782448500.896609,782,0.003081,0.012270,TRACKING,0.142140,0.090369,-0.231628,0.037554,0.075180,0.035353,0.138952,1.000000,0.050000
1782448500.916432,783,0.002573,0.012209,TRACKING,0.140415,0.090371,-0.231653,0.037493,0.075099,0.035344,0.137237,1.000000,0.050000
1782448500.936788,784,0.002829,0.013097,TRACKING,0.141605,0.090333,-0.231696,0.037554,0.075032,0.035334,0.137237,1.000000,0.050000
1782448500.956425,785,0.002381,0.012077,TRACKING,0.141055,0.090309,-0.231734,0.037555,0.074948,0.035318,0.138952,1.000000,0.050000
1782448500.977161,786,0.002444,0.013668,TRACKING,0.140871,0.090289,-0.231778,0.037592,0.074910,0.035313,0.137237,1.000000,0.050000
1782448500.997968,787,0.002766,0.014296,TRACKING,0.141722,0.090276,-0.231810,0.037611,0.074991,0.035313,0.137237,1.000000,0.050000
1782448501.018253,788,0.002730,0.013261,TRACKING,0.141970,0.090252,-0.231784,0.037626,0.075089,0.035325,0.138952,1.000000,0.050000
1782448501.038631,789,0.002629,0.014025,TRACKING,0.141791,0.090229,-0.231806,0.037634,0.075123,0.035316,0.138952,1.000000,0.050000
1782448501.058628,790,0.002288,0.014402,TRACKING,0.141706,0.090213,-0.231816,0.037637,0.075122,0.035328,0.140727,1.000000,0.050000
1782448501.079270,791,0.002844,0.014063,TRACKING,0.142219,0.090194,-0.231827,0.037677,0.075135,0.035336,0.139012,1.000000,0.050000
1782448501.100077,792,0.002987,0.014566,TRACKING,0.142715,0.090193,-0.231810,0.037669,0.075037,0.035317,0.138952,1.000000,0.050000
1782448501.120835,793,0.003275,0.015085,TRACKING,0.142969,0.090193,-0.231792,0.037681,0.074933,0.035317,0.138952,1.000000,0.050000
1782448501.141377,794,0.003319,0.015243,TRACKING,0.143139,0.090209,-0.231787,0.037623,0.074881,0.035309,0.138952,1.000000,0.050000
1782448501.161732,795,0.003552,0.015510,TRACKING,0.144206,0.090201,-0.231801,0.037592,0.074889,0.035308,0.138952,1.000000,0.050000
1782448501.181577,796,0.003303,0.015514,TRACKING,0.143505,0.090188,-0.231855,0.037581,0.074902,0.035297,0.137237,1.000000,0.050000
1782448501.202160,-1,0.003440,0.017253,TRACKING,0.144294,0.090178,-0.231870,0.037586,0.074970,0.035311,0.138952,1.000000,0.050000
1782448501.221695,-1,0.002882,0.016878,TRACKING,0.143804,0.090185,-0.231906,0.037545,0.075027,0.035313,0.138952,1.000000,0.050000
1782448501.241945,-1,0.003043,0.016542,TRACKING,0.143401,0.090185,-0.231964,0.037554,0.075023,0.035302,0.138952,1.000000,0.050000
1782448501.262310,-1,0.003278,0.016489,TRACKING,0.143819,0.090186,-0.232016,0.037517,0.074990,0.035296,0.138952,1.000000,0.050000
1782448501.282316,-1,0.002887,0.016570,TRACKING,0.143112,0.090195,-0.232029,0.037533,0.074905,0.035292,0.138952,1.000000,0.050000
1782448501.302081,-1,0.002468,0.016521,TRACKING,0.142392,0.090177,-0.232034,0.037519,0.074831,0.035285,0.138952,1.000000,0.050000
1782448501.322960,-1,0.002853,0.017249,TRACKING,0.143385,0.090158,-0.232042,0.037558,0.074794,0.035274,0.138952,1.000000,0.050000
1782448501.343186,-1,0.002607,0.017070,TRACKING,0.142860,0.090175,-0.232026,0.037611,0.074709,0.035261,0.138952,1.000000,0.050000
1782448501.363075,-1,0.002398,0.016911,TRACKING,0.143384,0.090201,-0.232066,0.037600,0.074651,0.035246,0.140727,1.000000,0.050000
1782448501.383727,-1,0.002493,0.017302,TRACKING,0.143772,0.090200,-0.232109,0.037595,0.074615,0.035235,0.138952,1.000000,0.050000
1782448501.403789,-1,0.002411,0.017205,TRACKING,0.142772,0.090209,-0.232136,0.037579,0.074554,0.035225,0.138952,1.000000,0.050000
1782448501.424854,-1,0.003398,0.016987,TRACKING,0.144802,0.090228,-0.232105,0.037575,0.074534,0.035221,0.138952,1.000000,0.050000
1782448501.444458,-1,0.002908,0.016790,TRACKING,0.143410,0.090234,-0.232072,0.037581,0.074517,0.035207,0.138952,1.000000,0.050000
1782448501.465042,-1,0.003208,0.016874,TRACKING,0.143790,0.090216,-0.232093,0.037605,0.074530,0.035197,0.138952,1.000000,0.050000
1782448501.485089,-1,0.003165,0.016653,TRACKING,0.143410,0.090205,-0.232077,0.037563,0.074437,0.035174,0.137237,1.000000,0.050000
1782448501.505610,-1,0.003598,0.016467,TRACKING,0.144766,0.090191,-0.232089,0.037590,0.074377,0.035157,0.138952,1.000000,0.050000
1782448501.525605,-1,0.003095,0.016959,TRACKING,0.143924,0.090180,-0.232100,0.037611,0.074291,0.035146,0.137237,1.000000,0.050000
1782448501.545851,-1,0.002890,0.016668,TRACKING,0.142787,0.090176,-0.232110,0.037621,0.074269,0.035141,0.137237,1.000000,0.050000
1782448501.565987,-1,0.002936,0.016301,TRACKING,0.142865,0.090171,-0.232100,0.037630,0.074212,0.035118,0.137237,1.000000,0.050000
1782448501.586106,-1,0.002967,0.016360,TRACKING,0.142881,0.090150,-0.232151,0.037619,0.074225,0.035107,0.137237,1.000000,0.050000
1782448501.606048,-1,0.002427,0.016260,TRACKING,0.141882,0.090174,-0.232147,0.037586,0.074179,0.035084,0.137237,1.000000,0.050000
1782448501.626273,-1,0.002564,0.016098,TRACKING,0.142684,0.090158,-0.232152,0.037615,0.074130,0.035071,0.137237,1.000000,0.050000
1782448501.646273,-1,0.002471,0.015975,TRACKING,0.142523,0.090166,-0.232142,0.037581,0.074059,0.035048,0.137237,1.000000,0.050000
1782448501.666843,-1,0.002450,0.016372,TRACKING,0.142917,0.090167,-0.232125,0.037585,0.073984,0.035039,0.138952,1.000000,0.050000
1782448501.686705,-1,0.002226,0.016171,TRACKING,0.142690,0.090167,-0.232110,0.037521,0.073944,0.035023,0.137237,1.000000,0.050000
1782448501.706070,-1,0.001518,0.015985,TRACKING,0.141153,0.090173,-0.232116,0.037528,0.073944,0.035016,0.135522,1.000000,0.050000
1782448501.726124,-1,0.001488,0.015883,TRACKING,0.141592,0.090197,-0.232096,0.037531,0.073892,0.035002,0.138952,1.000000,0.050000
1782448501.746622,-1,0.001908,0.015752,TRACKING,0.142122,0.090193,-0.232087,0.037518,0.073831,0.034996,0.138952,1.000000,0.050000
1782448501.767226,-1,0.002193,0.015847,TRACKING,0.142085,0.090192,-0.232099,0.037602,0.073784,0.034996,0.137237,1.000000,0.050000
1782448501.787772,-1,0.002640,0.015697,TRACKING,0.142556,0.090199,-0.232054,0.037563,0.073739,0.034992,0.137237,1.000000,0.050000
1782448501.809030,-1,0.003451,0.016388,TRACKING,0.143707,0.090196,-0.232048,0.037522,0.073733,0.034995,0.137237,1.000000,0.050000
1782448501.828227,-1,0.002320,0.016177,TRACKING,0.141694,0.090178,-0.232048,0.037459,0.073685,0.034988,0.137237,1.000000,0.050000
1782448501.848501,-1,0.002509,0.016035,TRACKING,0.141932,0.090171,-0.232067,0.037421,0.073638,0.034984,0.137237,1.000000,0.050000
1782448501.869159,-1,0.003077,0.015884,TRACKING,0.142859,0.090160,-0.232053,0.037398,0.073599,0.034984,0.137237,1.000000,0.050000
1782448501.889081,-1,0.002879,0.015786,TRACKING,0.142381,0.090156,-0.232004,0.037329,0.073507,0.034975,0.137237,1.000000,0.050000
1782448501.909005,-1,0.002376,0.016004,TRACKING,0.141737,0.090160,-0.232037,0.037215,0.073462,0.034979,0.137237,1.000000,0.050000
1782448501.929702,-1,0.002986,0.015882,TRACKING,0.142606,0.090136,-0.232037,0.037215,0.073436,0.034977,0.137237,1.000000,0.050000
1782448501.949806,-1,0.003002,0.015774,TRACKING,0.142603,0.090160,-0.232019,0.037196,0.073462,0.034977,0.137237,1.000000,0.050000
1782448501.969965,-1,0.003073,0.015621,TRACKING,0.142621,0.090181,-0.232006,0.037190,0.073414,0.034968,0.137237,1.000000,0.050000
1782448501.990415,-1,0.003040,0.015894,TRACKING,0.142797,0.090194,-0.232000,0.037172,0.073324,0.034958,0.137237,1.000000,0.050000
1782448502.010125,-1,0.002673,0.015770,TRACKING,0.142674,0.090180,-0.231976,0.037192,0.073280,0.034972,0.137237,1.000000,0.050000
1782448502.030418,-1,0.002457,0.016312,TRACKING,0.142099,0.090156,-0.231990,0.037171,0.073243,0.034982,0.137237,1.000000,0.050000
1782448502.050725,-1,0.002459,0.016257,TRACKING,0.141998,0.090171,-0.231982,0.037162,0.073199,0.035000,0.137237,1.000000,0.050000
1782448502.071780,-1,0.002774,0.016759,TRACKING,0.142750,0.090175,-0.231910,0.037199,0.073165,0.035020,0.133807,1.000000,0.050000
1782448502.092719,-1,0.003263,0.017325,TRACKING,0.144129,0.090184,-0.231912,0.037282,0.073084,0.035057,0.135522,1.000000,0.050000
1782448502.113097,-1,0.003107,0.017366,TRACKING,0.143283,0.090179,-0.231985,0.037304,0.073072,0.035108,0.135522,1.000000,0.050000
1782448502.133241,-1,0.003159,0.017337,TRACKING,0.143427,0.090157,-0.231957,0.037353,0.073047,0.035151,0.135522,1.000000,0.050000
1782448502.152557,-1,0.002382,0.017162,TRACKING,0.143224,0.090167,-0.231943,0.037265,0.072974,0.035188,0.139012,1.000000,0.050000
1782448502.172903,-1,0.002204,0.017471,TRACKING,0.142164,0.090203,-0.231911,0.037137,0.072949,0.035217,0.135522,1.000000,0.050000
1782448502.193610,-1,0.002824,0.017351,TRACKING,0.142816,0.090214,-0.231826,0.037063,0.072923,0.035234,0.135522,1.000000,0.050000
1782448502.214458,-1,0.003189,0.017819,TRACKING,0.144517,0.090204,-0.231777,0.037015,0.072909,0.035251,0.137297,1.000000,0.050000
1782448502.233314,-1,0.001955,0.017319,TRACKING,0.142037,0.090211,-0.231791,0.037014,0.072903,0.035260,0.135522,1.000000,0.050000
1782448502.254314,-1,0.002571,0.017475,TRACKING,0.143325,0.090212,-0.231803,0.036989,0.072846,0.035267,0.137237,1.000000,0.050000
1782448502.274764,-1,0.002880,0.017680,TRACKING,0.143231,0.090215,-0.231783,0.036992,0.072784,0.035269,0.135522,1.000000,0.050000
1782448502.294508,-1,0.002499,0.017538,TRACKING,0.142940,0.090227,-0.231791,0.036983,0.072734,0.035275,0.135522,1.000000,0.050000
1782448502.315617,-1,0.003099,0.017604,TRACKING,0.143304,0.090213,-0.231790,0.037028,0.072714,0.035272,0.135522,1.000000,0.050000
1782448502.335210,-1,0.002574,0.017383,TRACKING,0.143005,0.090221,-0.231803,0.037018,0.072638,0.035270,0.135522,1.000000,0.050000
1782448502.355710,-1,0.002721,0.017391,TRACKING,0.143556,0.090237,-0.231722,0.036963,0.072630,0.035276,0.137237,1.000000,0.050000
1782448502.376738,-1,0.003281,0.017726,TRACKING,0.143950,0.090250,-0.231716,0.036869,0.072642,0.035270,0.137237,1.000000,0.050000
1782448502.396719,-1,0.002821,0.017863,TRACKING,0.143631,0.090250,-0.231742,0.036848,0.072568,0.035261,0.135522,1.000000,0.050000
1782448502.417609,-1,0.003301,0.018286,TRACKING,0.144177,0.090259,-0.231739,0.036822,0.072516,0.035252,0.137237,1.000000,0.050000
1782448502.437941,-1,0.003083,0.018287,TRACKING,0.143790,0.090280,-0.231683,0.036771,0.072532,0.035254,0.135522,1.000000,0.050000
1782448502.458419,-1,0.003474,0.018140,TRACKING,0.144165,0.090310,-0.231637,0.036737,0.072519,0.035248,0.135522,1.000000,0.050000
1782448502.478345,-1,0.002935,0.018537,TRACKING,0.143833,0.090305,-0.231575,0.036695,0.072443,0.035249,0.137237,1.000000,0.050000
1782448502.498385,-1,0.002527,0.018444,TRACKING,0.143482,0.090279,-0.231584,0.036644,0.072401,0.035258,0.135522,1.000000,0.050000
1782448502.518350,-1,0.002406,0.018301,TRACKING,0.143073,0.090282,-0.231539,0.036612,0.072395,0.035260,0.135522,1.000000,0.050000
1782448502.538187,-1,0.002153,0.018355,TRACKING,0.142687,0.090288,-0.231474,0.036586,0.072368,0.035255,0.135522,1.000000,0.050000
1782448502.558747,-1,0.002330,0.018323,TRACKING,0.142413,0.090271,-0.231523,0.036599,0.072309,0.035257,0.135522,1.000000,0.050000
1782448502.578762,-1,0.002256,0.018124,TRACKING,0.142170,0.090277,-0.231539,0.036568,0.072259,0.035263,0.135522,1.000000,0.050000
1782448502.599173,-1,0.002582,0.017977,TRACKING,0.143213,0.090303,-0.231549,0.036513,0.072294,0.035264,0.135522,1.000000,0.050000
1782448502.619870,-1,0.003189,0.017889,TRACKING,0.144189,0.090335,-0.231587,0.036501,0.072336,0.035264,0.135522,1.000000,0.050000
1782448502.638991,-1,0.001861,0.018120,TRACKING,0.142181,0.090381,-0.231573,0.036400,0.072279,0.035254,0.135522,1.000000,0.050000
1782448502.660342,-1,0.003079,0.018073,TRACKING,0.143575,0.090379,-0.231551,0.036361,0.072286,0.035245,0.135522,1.000000,0.050000
1782448502.680289,-1,0.002894,0.018428,TRACKING,0.143398,0.090406,-0.231523,0.036276,0.072259,0.035245,0.133807,1.000000,0.050000
1782448502.700677,-1,0.003153,0.018208,TRACKING,0.143637,0.090387,-0.231497,0.036251,0.072305,0.035249,0.135522,1.000000,0.050000
1782448502.721473,-1,0.003497,0.018103,TRACKING,0.144124,0.090396,-0.231453,0.036205,0.072288,0.035254,0.135522,1.000000,0.050000
1782448502.741482,-1,0.003060,0.018305,TRACKING,0.143515,0.090385,-0.231438,0.036172,0.072307,0.035239,0.135522,1.000000,0.050000
1782448502.761027,-1,0.002155,0.018513,TRACKING,0.142289,0.090385,-0.231402,0.036044,0.072266,0.035232,0.135522,1.000000,0.050000
1782448502.781241,-1,0.002282,0.018442,TRACKING,0.142096,0.090375,-0.231391,0.035959,0.072324,0.035236,0.133807,1.000000,0.050000
1782448502.802200,-1,0.003101,0.018377,TRACKING,0.143299,0.090363,-0.231337,0.035827,0.072437,0.035248,0.133807,1.000000,0.050000
1782448502.821880,-1,0.002270,0.018642,TRACKING,0.142442,0.090370,-0.231328,0.035792,0.072445,0.035245,0.135522,1.000000,0.050000
1782448502.842564,-1,0.002866,0.018524,TRACKING,0.143331,0.090368,-0.231279,0.035704,0.072479,0.035250,0.135522,1.000000,0.050000
1782448502.862051,-1,0.002268,0.018391,TRACKING,0.141955,0.090364,-0.231208,0.035652,0.072507,0.035253,0.133807,1.000000,0.050000
1782448502.882809,-1,0.002555,0.018562,TRACKING,0.142900,0.090360,-0.231214,0.035601,0.072577,0.035259,0.135522,1.000000,0.050000
1782448502.902784,-1,0.002374,0.018423,TRACKING,0.142507,0.090380,-0.231140,0.035520,0.072603,0.035264,0.135522,1.000000,0.050000
1782448502.923451,-1,0.002955,0.018230,TRACKING,0.143441,0.090407,-0.231089,0.035393,0.072611,0.035261,0.135522,1.000000,0.050000
1782448502.943455,-1,0.002864,0.018058,TRACKING,0.143270,0.090429,-0.230978,0.035293,0.072738,0.035272,0.135522,1.000000,0.050000
1782448502.963649,-1,0.002967,0.018116,TRACKING,0.143461,0.090476,-0.230892,0.035167,0.072834,0.035257,0.135522,1.000000,0.050000
1782448502.984378,-1,0.003226,0.017962,TRACKING,0.144055,0.090505,-0.230818,0.035112,0.072971,0.035252,0.137237,1.000000,0.050000
1782448503.004216,-1,0.002944,0.017697,TRACKING,0.143128,0.090525,-0.230750,0.035057,0.073058,0.035244,0.133807,1.000000,0.050000
1782448503.024053,-1,0.002693,0.017608,TRACKING,0.143358,0.090533,-0.230712,0.034985,0.073151,0.035247,0.135522,1.000000,0.050000
1782448503.044441,-1,0.002953,0.017796,TRACKING,0.143620,0.090569,-0.230612,0.034920,0.073210,0.035248,0.133807,1.000000,0.050000
1782448503.064462,-1,0.002937,0.017508,TRACKING,0.143481,0.090580,-0.230531,0.034873,0.073317,0.035246,0.133807,1.000000,0.050000
1782448503.084972,-1,0.003003,0.017295,TRACKING,0.142643,0.090626,-0.230414,0.034738,0.073459,0.035248,0.133807,1.000000,0.050000
1782448503.104980,-1,0.002924,0.017162,TRACKING,0.142503,0.090694,-0.230253,0.034611,0.073534,0.035235,0.133807,1.000000,0.050000
1782448503.125249,-1,0.003105,0.017289,TRACKING,0.142595,0.090687,-0.230141,0.034502,0.073695,0.035237,0.133807,1.000000,0.050000
1782448503.145240,-1,0.002638,0.017250,TRACKING,0.142433,0.090697,-0.230067,0.034349,0.073865,0.035245,0.133807,1.000000,0.050000
1782448503.166155,-1,0.003083,0.017578,TRACKING,0.142655,0.090703,-0.229987,0.034230,0.074082,0.035245,0.133807,1.000000,0.050000
1782448503.186110,-1,0.002590,0.017592,TRACKING,0.141621,0.090740,-0.229894,0.034098,0.074260,0.035245,0.132092,1.000000,0.050000
1782448503.206716,-1,0.002702,0.018098,TRACKING,0.142329,0.090755,-0.229860,0.034035,0.074522,0.035251,0.133807,1.000000,0.050000
1782448503.227901,-1,0.003554,0.018028,TRACKING,0.143769,0.090782,-0.229765,0.033885,0.074722,0.035253,0.135522,1.000000,0.050000
1782448503.248797,-1,0.003985,0.038848,TRACKING,0.153710,0.090827,-0.229734,0.033756,0.074962,0.035268,0.133807,1.000000,0.050000
1782448503.269439,-1,0.004153,0.059064,TRACKING,0.163911,0.090851,-0.229639,0.033594,0.075126,0.035269,0.133807,1.000000,0.050000
1782448503.289296,-1,0.003899,0.079585,TRACKING,0.173465,0.090859,-0.229552,0.033407,0.075488,0.035282,0.132031,1.000000,0.050000
1782448503.308747,-1,0.003216,0.099448,TRACKING,0.182533,0.090868,-0.229426,0.033250,0.075719,0.035285,0.133807,1.000000,0.050000
1782448503.329111,-1,0.003113,0.119692,TRACKING,0.181989,0.090886,-0.229306,0.033030,0.075930,0.035298,0.133807,1.000000,0.050000
1782448503.348990,-1,0.002901,0.139808,TRACKING,0.181693,0.090912,-0.229220,0.032838,0.076234,0.035317,0.133807,1.000000,0.050000
1782448503.369404,-1,0.003231,0.159887,TRACKING,0.182401,0.090949,-0.229141,0.032622,0.076509,0.035334,0.132031,1.000000,0.050000
1782448503.390234,-1,0.003351,0.180561,TRACKING,0.181973,0.090980,-0.229085,0.032463,0.076811,0.035352,0.132031,1.000000,0.050000
1782448503.409385,-1,0.001841,0.201101,TRACKING,0.180244,0.091019,-0.228962,0.032289,0.077140,0.035366,0.132031,1.000000,0.050000
1782448503.430309,-1,0.002290,0.221651,RECOVERY,0.181034,0.091050,-0.228857,0.032194,0.077498,0.035395,0.132031,1.000000,0.050000
1782448503.450895,-1,0.002368,0.242105,RECOVERY,0.176914,0.091169,-0.228656,0.032083,0.075205,0.034315,0.108703,1.000000,0.050000
1782448503.472060,-1,0.003030,0.262867,RECOVERY,0.180960,0.091635,-0.228023,0.031514,0.073492,0.034654,0.119555,1.000000,0.050000
1782448503.492548,-1,0.003010,0.283138,RECOVERY,0.179454,0.092239,-0.227362,0.030336,0.073402,0.034880,0.115372,1.000000,0.050000
1782448503.511591,-1,0.001974,0.303199,RECOVERY,0.177711,0.092607,-0.226940,0.029508,0.073493,0.034950,0.113589,1.000000,0.050000
1782448503.532548,-1,0.002855,0.323276,RECOVERY,0.177818,0.092857,-0.226632,0.028641,0.073565,0.035007,0.110095,1.000000,0.050000
1782448503.552640,-1,0.002868,0.343517,RECOVERY,0.178048,0.093090,-0.226401,0.027516,0.073660,0.035069,0.110095,1.000000,0.050000
1782448503.573565,-1,0.003376,0.363848,RECOVERY,0.178172,0.093324,-0.226073,0.026057,0.073741,0.035117,0.110095,1.000000,0.050000
1782448503.593863,-1,0.003210,0.384582,RECOVERY,0.178589,0.093627,-0.225791,0.024556,0.073817,0.035151,0.111807,1.000000,0.050000
1782448503.614096,-1,0.002998,0.404629,RECOVERY,0.177477,0.093929,-0.225477,0.022954,0.073899,0.035187,0.110095,1.000000,0.050000
1782448503.633443,-1,0.002259,0.424713,RECOVERY,0.176933,0.094271,-0.225202,0.021569,0.073980,0.035220,0.110095,1.000000,0.050000
1782448503.654949,-1,0.003141,0.445343,RECOVERY,0.177959,0.094540,-0.224978,0.020189,0.074067,0.035249,0.111878,1.000000,0.050000
1782448503.674188,-1,0.002293,0.465450,RECOVERY,0.176700,0.094802,-0.224794,0.018954,0.074161,0.035271,0.111878,1.000000,0.050000
1782448503.694211,-1,0.002228,0.485503,RECOVERY,0.176819,0.095009,-0.224616,0.017770,0.074238,0.035296,0.111878,1.000000,0.050000
1782448503.715745,-1,0.003112,0.506183,RECOVERY,0.177854,0.095192,-0.224465,0.016547,0.074323,0.035321,0.111878,1.000000,0.050000
1782448503.734937,-1,0.002213,0.526272,RECOVERY,0.176579,0.095381,-0.224347,0.015655,0.074412,0.035344,0.111878,1.000000,0.050000
1782448503.756100,-1,0.002572,0.547145,RECOVERY,0.177908,0.095575,-0.224217,0.014786,0.074494,0.035358,0.111878,1.000000,0.050000
1782448503.775695,-1,0.001568,0.567632,RECOVERY,0.176129,0.095701,-0.224122,0.014180,0.074589,0.035372,0.110167,1.000000,0.050000
1782448503.796959,-1,0.002751,0.587792,RECOVERY,0.177073,0.095795,-0.224077,0.013812,0.074659,0.035382,0.110095,1.000000,0.050000
1782448503.816629,-1,0.002338,0.607850,RECOVERY,0.177093,0.095887,-0.224035,0.013536,0.074748,0.035390,0.108384,1.000000,0.050000
1782448503.837424,-1,0.002691,0.628544,RECOVERY,0.177306,0.095906,-0.224061,0.013377,0.074851,0.035401,0.110095,1.000000,0.050000
1782448503.857736,-1,0.002741,0.648557,RECOVERY,0.176821,0.095914,-0.224109,0.013263,0.074934,0.035407,0.108384,1.000000,0.050000
1782448503.877284,-1,0.002191,0.668641,RECOVERY,0.176437,0.095918,-0.224116,0.013244,0.075014,0.035410,0.110095,1.000000,0.050000
1782448503.898185,-1,0.003004,0.688714,RECOVERY,0.177304,0.095850,-0.224171,0.013313,0.075092,0.035410,0.108384,1.000000,0.050000
1782448503.917680,-1,0.002414,0.708797,RECOVERY,0.176966,0.095770,-0.224218,0.013312,0.075176,0.035413,0.108384,1.000000,0.050000
1782448503.938440,-1,0.002665,0.729343,RECOVERY,0.176715,0.095706,-0.224218,0.013394,0.075254,0.035413,0.108384,1.000000,0.050000
1782448503.958229,-1,0.002065,0.749893,RECOVERY,0.176924,0.095668,-0.224217,0.013421,0.075329,0.035410,0.110095,1.000000,0.050000
1782448503.978333,-1,0.001824,0.769998,RECOVERY,0.176209,0.095618,-0.224238,0.013414,0.075392,0.035408,0.110095,1.000000,0.050000
1782448503.999395,-1,0.002519,0.790396,RECOVERY,0.176982,0.095570,-0.224229,0.013352,0.075455,0.035409,0.108384,1.000000,0.050000
1782448504.020393,-1,0.002842,0.811125,RECOVERY,0.178106,0.095520,-0.224254,0.013249,0.075523,0.035407,0.111878,1.000000,0.050000
1782448504.040179,-1,0.002181,0.831507,RECOVERY,0.176636,0.095522,-0.224279,0.013139,0.075574,0.035408,0.108384,1.000000,0.050000
1782448504.061051,-1,0.002716,0.851890,RECOVERY,0.177624,0.095544,-0.224220,0.013065,0.075661,0.035413,0.110095,1.000000,0.050000
1782448504.081462,-1,0.002616,0.872429,RECOVERY,0.176874,0.095559,-0.224212,0.013054,0.075727,0.035416,0.110095,1.000000,0.050000
1782448504.102046,-1,0.002871,0.892744,RECOVERY,0.177523,0.095589,-0.224190,0.013033,0.075816,0.035420,0.108384,1.000000,0.050000
1782448504.121547,-1,0.002254,0.912873,RECOVERY,0.175956,0.095604,-0.224215,0.013096,0.075900,0.035423,0.108384,1.000000,0.050000
1782448504.141860,-1,0.002437,0.933003,RECOVERY,0.177195,0.095649,-0.224179,0.013079,0.075985,0.035423,0.110095,1.000000,0.050000
1782448504.162285,-1,0.002285,0.953586,RECOVERY,0.176274,0.095683,-0.224151,0.013125,0.076076,0.035431,0.108384,1.000000,0.050000
1782448504.182703,-1,0.002574,0.973729,RECOVERY,0.176545,0.095686,-0.224143,0.013194,0.076173,0.035430,0.108384,1.000000,0.050000
1782448504.203661,-1,0.002841,0.994344,RECOVERY,0.177678,0.095717,-0.224083,0.013215,0.076246,0.035437,0.108384,1.000000,0.050000
1782448504.224698,-1,0.003376,1.014856,RECOVERY,0.178315,0.095715,-0.224035,0.013219,0.076221,0.035434,0.108384,1.000000,0.050000
1782448504.244535,-1,0.003089,1.035427,RECOVERY,0.177888,0.095687,-0.224016,0.013273,0.076246,0.035434,0.108384,1.000000,0.050000
1782448504.265085,-1,0.003184,1.055500,RECOVERY,0.177399,0.095677,-0.223941,0.013234,0.076229,0.035433,0.108384,1.000000,0.050000
1782448504.284300,-1,0.001813,1.076003,RECOVERY,0.175801,0.095672,-0.223943,0.013213,0.076246,0.035434,0.108384,1.000000,0.050000
1782448504.305817,-1,0.003211,1.096186,RECOVERY,0.177676,0.095646,-0.223901,0.013182,0.076238,0.035434,0.110095,1.000000,0.050000
1782448504.326042,-1,0.003318,1.116318,RECOVERY,0.177858,0.095638,-0.223865,0.013123,0.076229,0.035432,0.110167,1.000000,0.050000
1782448504.345563,-1,0.002226,1.136910,SAFE_STAND,0.176098,0.095619,-0.223851,0.013090,0.076229,0.035434,0.108384,1.000000,0.050000
1782448504.364530,-1,0.001068,inf,SAFE_STAND,0.000000,0.095610,-0.223702,0.013063,0.000000,0.000000,0.000000,1.000000,0.050000
1782448504.384283,-1,0.000690,inf,SAFE_STAND,0.000000,0.095735,-0.222934,0.012806,0.000000,0.000000,0.000000,1.000000,0.050000
1782448504.404652,-1,0.000926,inf,SAFE_STAND,0.000000,0.095802,-0.222154,0.012646,0.000000,0.000000,0.000000,1.000000,0.050000
1782448504.424789,-1,0.000770,inf,SAFE_STAND,0.000000,0.095867,-0.221432,0.012383,0.000000,0.000000,0.000000,1.000000,0.050000
1782448504.445340,-1,0.001201,inf,SAFE_STAND,0.000000,0.095980,-0.220889,0.011932,0.000000,0.000000,0.000000,1.000000,0.050000
1782448504.465319,-1,0.001056,inf,SAFE_STAND,0.000000,0.096124,-0.220416,0.011388,0.000000,0.000000,0.000000,1.000000,0.050000
1782448504.485328,-1,0.000933,inf,SAFE_STAND,0.000000,0.096288,-0.220116,0.010835,0.000000,0.000000,0.000000,1.000000,0.050000
1782448504.505319,-1,0.000683,inf,SAFE_STAND,0.000000,0.096507,-0.219903,0.010217,0.000000,0.000000,0.000000,1.000000,0.050000
1782448504.525468,-1,0.000696,inf,SAFE_STAND,0.000000,0.096722,-0.219651,0.009713,0.000000,0.000000,0.000000,1.000000,0.050000
1782448504.545862,-1,0.000703,inf,SAFE_STAND,0.000000,0.096918,-0.219386,0.009216,0.000000,0.000000,0.000000,1.000000,0.050000
1782448504.566206,-1,0.000916,inf,SAFE_STAND,0.000000,0.097073,-0.219091,0.008725,0.000000,0.000000,0.000000,1.000000,0.050000
1782448504.586311,-1,0.000700,inf,SAFE_STAND,0.000000,0.097231,-0.218808,0.008333,0.000000,0.000000,0.000000,1.000000,0.050000
1782448504.606946,-1,0.000948,inf,SAFE_STAND,0.000000,0.097394,-0.218644,0.008020,0.000000,0.000000,0.000000,1.000000,0.050000
1782448504.627047,-1,0.000917,inf,SAFE_STAND,0.000000,0.097508,-0.218529,0.007731,0.000000,0.000000,0.000000,1.000000,0.050000
1782448504.646941,-1,0.000687,inf,SAFE_STAND,0.000000,0.097615,-0.218485,0.007580,0.000000,0.000000,0.000000,1.000000,0.050000
1782448504.667551,-1,0.000916,inf,SAFE_STAND,0.000000,0.097662,-0.218443,0.007486,0.000000,0.000000,0.000000,1.000000,0.050000
1782448504.687684,-1,0.000914,inf,SAFE_STAND,0.000000,0.097725,-0.218488,0.007410,0.000000,0.000000,0.000000,1.000000,0.050000
1782448504.707813,-1,0.000680,inf,SAFE_STAND,0.000000,0.097728,-0.218455,0.007411,0.000000,0.000000,0.000000,1.000000,0.050000
1782448504.727964,-1,0.000700,inf,SAFE_STAND,0.000000,0.097750,-0.218480,0.007467,0.000000,0.000000,0.000000,1.000000,0.050000
1782448504.748567,-1,0.000924,inf,SAFE_STAND,0.000000,0.097727,-0.218466,0.007587,0.000000,0.000000,0.000000,1.000000,0.050000
1782448504.768681,-1,0.000913,inf,SAFE_STAND,0.000000,0.097691,-0.218424,0.007652,0.000000,0.000000,0.000000,1.000000,0.050000
1782448504.788582,-1,0.000688,inf,SAFE_STAND,0.000000,0.097649,-0.218396,0.007628,0.000000,0.000000,0.000000,1.000000,0.050000
1782448504.808921,-1,0.000906,inf,SAFE_STAND,0.000000,0.097596,-0.218348,0.007622,0.000000,0.000000,0.000000,1.000000,0.050000
1782448504.829008,-1,0.000908,inf,SAFE_STAND,0.000000,0.097550,-0.218335,0.007567,0.000000,0.000000,0.000000,1.000000,0.050000
1782448504.849344,-1,0.001121,1.642069,SAFE_STAND,0.000000,0.097522,-0.218290,0.007431,0.000000,0.000000,0.000000,1.000000,0.050000
1782448504.869036,-1,0.000691,inf,SAFE_STAND,0.000000,0.097506,-0.218257,0.007357,0.000000,0.000000,0.000000,1.000000,0.050000
1782448504.889417,-1,0.000679,inf,SAFE_STAND,0.000000,0.097520,-0.218247,0.007242,0.000000,0.000000,0.000000,1.000000,0.050000
1782448504.909958,-1,0.000814,inf,SAFE_STAND,0.000000,0.097544,-0.218254,0.007210,0.000000,0.000000,0.000000,1.000000,0.050000
1782448504.929873,-1,0.000496,inf,SAFE_STAND,0.000000,0.097565,-0.218329,0.007213,0.000000,0.000000,0.000000,1.000000,0.050000
1782448504.949966,-1,0.000509,inf,SAFE_STAND,0.000000,0.097591,-0.218358,0.007236,0.000000,0.000000,0.000000,1.000000,0.050000
1782448504.970008,-1,0.000475,inf,SAFE_STAND,0.000000,0.097635,-0.218396,0.007210,0.000000,0.000000,0.000000,1.000000,0.050000
1782448504.990041,-1,0.000434,inf,SAFE_STAND,0.000000,0.097677,-0.218417,0.007230,0.000000,0.000000,0.000000,1.000000,0.050000
1782448505.010593,-1,0.000458,inf,SAFE_STAND,0.000000,0.097691,-0.218494,0.007288,0.000000,0.000000,0.000000,1.000000,0.050000
1782448505.030607,-1,0.000399,inf,SAFE_STAND,0.000000,0.097702,-0.218555,0.007355,0.000000,0.000000,0.000000,1.000000,0.050000
1782448505.050714,-1,0.000434,inf,SAFE_STAND,0.000000,0.097751,-0.218595,0.007385,0.000000,0.000000,0.000000,1.000000,0.050000
1782448505.070784,-1,0.000433,inf,SAFE_STAND,0.000000,0.097759,-0.218630,0.007419,0.000000,0.000000,0.000000,1.000000,0.050000
1782448505.090873,-1,0.000438,inf,SAFE_STAND,0.000000,0.097779,-0.218642,0.007425,0.000000,0.000000,0.000000,1.000000,0.050000
1782448505.111319,-1,0.000441,inf,SAFE_STAND,0.000000,0.097759,-0.218677,0.007405,0.000000,0.000000,0.000000,1.000000,0.050000
1782448505.131351,-1,0.000400,inf,SAFE_STAND,0.000000,0.097730,-0.218632,0.007359,0.000000,0.000000,0.000000,1.000000,0.050000
1782448505.151439,-1,0.000416,inf,SAFE_STAND,0.000000,0.097711,-0.218639,0.007283,0.000000,0.000000,0.000000,1.000000,0.050000
1782448505.172193,-1,0.001063,inf,SAFE_STAND,0.000000,0.097708,-0.218618,0.007246,0.000000,0.000000,0.000000,1.000000,0.050000
1782448505.192213,-1,0.000956,inf,SAFE_STAND,0.000000,0.097680,-0.218591,0.007207,0.000000,0.000000,0.000000,1.000000,0.050000
1782448505.212452,-1,0.001066,inf,SAFE_STAND,0.000000,0.097664,-0.218512,0.007170,0.000000,0.000000,0.000000,1.000000,0.050000
1782448505.232511,-1,0.000735,inf,SAFE_STAND,0.000000,0.097636,-0.218450,0.007185,0.000000,0.000000,0.000000,1.000000,0.050000
1782448505.253102,-1,0.000954,inf,SAFE_STAND,0.000000,0.097618,-0.218416,0.007160,0.000000,0.000000,0.000000,1.000000,0.050000
1782448505.273130,-1,0.000707,inf,SAFE_STAND,0.000000,0.097585,-0.218358,0.007195,0.000000,0.000000,0.000000,1.000000,0.050000
1782448505.293174,-1,0.000665,inf,SAFE_STAND,0.000000,0.097556,-0.218356,0.007191,0.000000,0.000000,0.000000,1.000000,0.050000
1782448505.313719,-1,0.000893,inf,SAFE_STAND,0.000000,0.097548,-0.218350,0.007217,0.000000,0.000000,0.000000,1.000000,0.050000
1782448505.333794,-1,0.000635,inf,SAFE_STAND,0.000000,0.097572,-0.218343,0.007200,0.000000,0.000000,0.000000,1.000000,0.050000
1782448505.353933,-1,0.000688,2.146833,SAFE_STAND,0.000000,0.097583,-0.218345,0.007238,0.000000,0.000000,0.000000,1.000000,0.050000
1782448505.373820,-1,0.000493,inf,SAFE_STAND,0.000000,0.097591,-0.218331,0.007260,0.000000,0.000000,0.000000,1.000000,0.050000
1782448505.394371,-1,0.000723,inf,SAFE_STAND,0.000000,0.097621,-0.218380,0.007284,0.000000,0.000000,0.000000,1.000000,0.050000
1782448505.414364,-1,0.000498,inf,SAFE_STAND,0.000000,0.097658,-0.218393,0.007282,0.000000,0.000000,0.000000,1.000000,0.050000
1782448505.434410,-1,0.000468,inf,SAFE_STAND,0.000000,0.097669,-0.218408,0.007306,0.000000,0.000000,0.000000,1.000000,0.050000
1782448505.454518,-1,0.000500,inf,SAFE_STAND,0.000000,0.097696,-0.218442,0.007307,0.000000,0.000000,0.000000,1.000000,0.050000
1782448505.475241,-1,0.000899,inf,SAFE_STAND,0.000000,0.097708,-0.218453,0.007330,0.000000,0.000000,0.000000,1.000000,0.050000
1782448505.495134,-1,0.000483,inf,SAFE_STAND,0.000000,0.097690,-0.218479,0.007312,0.000000,0.000000,0.000000,1.000000,0.050000
1782448505.515306,-1,0.000460,inf,SAFE_STAND,0.000000,0.097680,-0.218494,0.007294,0.000000,0.000000,0.000000,1.000000,0.050000
1782448505.535467,-1,0.000549,inf,SAFE_STAND,0.000000,0.097682,-0.218490,0.007257,0.000000,0.000000,0.000000,1.000000,0.050000
1782448505.555923,-1,0.000719,inf,SAFE_STAND,0.000000,0.097664,-0.218524,0.007228,0.000000,0.000000,0.000000,1.000000,0.050000
1782448505.575827,-1,0.000449,inf,SAFE_STAND,0.000000,0.097659,-0.218542,0.007158,0.000000,0.000000,0.000000,1.000000,0.050000
1782448505.595903,-1,0.000451,inf,SAFE_STAND,0.000000,0.097640,-0.218475,0.007088,0.000000,0.000000,0.000000,1.000000,0.050000
1782448505.615982,-1,0.000456,inf,SAFE_STAND,0.000000,0.097615,-0.218413,0.007019,0.000000,0.000000,0.000000,1.000000,0.050000
1782448505.636014,-1,0.000413,inf,SAFE_STAND,0.000000,0.097608,-0.218333,0.006995,0.000000,0.000000,0.000000,1.000000,0.050000
1782448505.656508,-1,0.000832,inf,SAFE_STAND,0.000000,0.097602,-0.218359,0.006978,0.000000,0.000000,0.000000,1.000000,0.050000
1782448505.676435,-1,0.000660,inf,SAFE_STAND,0.000000,0.097584,-0.218356,0.006995,0.000000,0.000000,0.000000,1.000000,0.050000
1782448505.696610,-1,0.000694,inf,SAFE_STAND,0.000000,0.097588,-0.218359,0.006998,0.000000,0.000000,0.000000,1.000000,0.050000
1782448505.716470,-1,0.000426,inf,SAFE_STAND,0.000000,0.097609,-0.218348,0.007081,0.000000,0.000000,0.000000,1.000000,0.050000
1782448505.737288,-1,0.000830,inf,SAFE_STAND,0.000000,0.097590,-0.218367,0.007136,0.000000,0.000000,0.000000,1.000000,0.050000
1782448505.757441,-1,0.000860,inf,SAFE_STAND,0.000000,0.097584,-0.218409,0.007228,0.000000,0.000000,0.000000,1.000000,0.050000
1782448505.777510,-1,0.000446,inf,SAFE_STAND,0.000000,0.097619,-0.218414,0.007234,0.000000,0.000000,0.000000,1.000000,0.050000
1782448505.797631,-1,0.000444,inf,SAFE_STAND,0.000000,0.097630,-0.218442,0.007264,0.000000,0.000000,0.000000,1.000000,0.050000
1782448505.818158,-1,0.000437,inf,SAFE_STAND,0.000000,0.097648,-0.218475,0.007260,0.000000,0.000000,0.000000,1.000000,0.050000
1782448505.838235,-1,0.000438,inf,SAFE_STAND,0.000000,0.097678,-0.218476,0.007230,0.000000,0.000000,0.000000,1.000000,0.050000
1782448505.858979,-1,0.001101,2.651533,SAFE_STAND,0.000000,0.097690,-0.218467,0.007243,0.000000,0.000000,0.000000,1.000000,0.050000
1782448505.878393,-1,0.000434,inf,SAFE_STAND,0.000000,0.097699,-0.218499,0.007206,0.000000,0.000000,0.000000,1.000000,0.050000
1782448505.898966,-1,0.000430,inf,SAFE_STAND,0.000000,0.097702,-0.218475,0.007181,0.000000,0.000000,0.000000,1.000000,0.050000
1782448505.919152,-1,0.000488,inf,SAFE_STAND,0.000000,0.097719,-0.218443,0.007125,0.000000,0.000000,0.000000,1.000000,0.050000
1782448505.939763,-1,0.000749,inf,SAFE_STAND,0.000000,0.097718,-0.218434,0.007062,0.000000,0.000000,0.000000,1.000000,0.050000
1782448505.959790,-1,0.000505,inf,SAFE_STAND,0.000000,0.097703,-0.218409,0.007044,0.000000,0.000000,0.000000,1.000000,0.050000
1782448505.979841,-1,0.000477,inf,SAFE_STAND,0.000000,0.097696,-0.218435,0.006967,0.000000,0.000000,0.000000,1.000000,0.050000
1782448505.999855,-1,0.000419,inf,SAFE_STAND,0.000000,0.097651,-0.218449,0.006961,0.000000,0.000000,0.000000,1.000000,0.050000
1782448506.019936,-1,0.000429,inf,SAFE_STAND,0.000000,0.097639,-0.218432,0.006938,0.000000,0.000000,0.000000,1.000000,0.050000
1782448506.040256,-1,0.000675,inf,SAFE_STAND,0.000000,0.097648,-0.218424,0.006882,0.000000,0.000000,0.000000,1.000000,0.050000
1782448506.060349,-1,0.000694,inf,SAFE_STAND,0.000000,0.097641,-0.218399,0.006891,0.000000,0.000000,0.000000,1.000000,0.050000
1782448506.080114,-1,0.000385,inf,SAFE_STAND,0.000000,0.097657,-0.218394,0.006906,0.000000,0.000000,0.000000,1.000000,0.050000
1782448506.100484,-1,0.000547,inf,SAFE_STAND,0.000000,0.097674,-0.218403,0.006982,0.000000,0.000000,0.000000,1.000000,0.050000
1782448506.120514,-1,0.000426,inf,SAFE_STAND,0.000000,0.097663,-0.218366,0.007028,0.000000,0.000000,0.000000,1.000000,0.050000
1782448506.141064,-1,0.000850,inf,SAFE_STAND,0.000000,0.097686,-0.218394,0.007019,0.000000,0.000000,0.000000,1.000000,0.050000
1782448506.161175,-1,0.000836,inf,SAFE_STAND,0.000000,0.097720,-0.218431,0.007028,0.000000,0.000000,0.000000,1.000000,0.050000
1782448506.181410,-1,0.000989,inf,SAFE_STAND,0.000000,0.097713,-0.218431,0.007072,0.000000,0.000000,0.000000,1.000000,0.050000
1782448506.201011,-1,0.000430,inf,SAFE_STAND,0.000000,0.097715,-0.218470,0.007081,0.000000,0.000000,0.000000,1.000000,0.050000
1782448506.221145,-1,0.000427,inf,SAFE_STAND,0.000000,0.097720,-0.218470,0.007111,0.000000,0.000000,0.000000,1.000000,0.050000
1782448506.241526,-1,0.000677,inf,SAFE_STAND,0.000000,0.097749,-0.218490,0.007124,0.000000,0.000000,0.000000,1.000000,0.050000
1782448506.261829,-1,0.000903,inf,SAFE_STAND,0.000000,0.097760,-0.218446,0.007140,0.000000,0.000000,0.000000,1.000000,0.050000
1782448506.281871,-1,0.000483,inf,SAFE_STAND,0.000000,0.097780,-0.218440,0.007107,0.000000,0.000000,0.000000,1.000000,0.050000
1782448506.301914,-1,0.000460,inf,SAFE_STAND,0.000000,0.097773,-0.218424,0.007008,0.000000,0.000000,0.000000,1.000000,0.050000
1782448506.322033,-1,0.000502,inf,SAFE_STAND,0.000000,0.097776,-0.218427,0.006929,0.000000,0.000000,0.000000,1.000000,0.050000
1782448506.342762,-1,0.000448,inf,SAFE_STAND,0.000000,0.097724,-0.218465,0.006922,0.000000,0.000000,0.000000,1.000000,0.050000
1782448506.363341,-1,0.000886,3.156310,SAFE_STAND,0.000000,0.097718,-0.218489,0.006878,0.000000,0.000000,0.000000,1.000000,0.050000
1782448506.383042,-1,0.000512,inf,SAFE_STAND,0.000000,0.097661,-0.218488,0.006840,0.000000,0.000000,0.000000,1.000000,0.050000
1782448506.403295,-1,0.000687,inf,SAFE_STAND,0.000000,0.097620,-0.218443,0.006845,0.000000,0.000000,0.000000,1.000000,0.050000
1782448506.423383,-1,0.000505,inf,SAFE_STAND,0.000000,0.097618,-0.218414,0.006822,0.000000,0.000000,0.000000,1.000000,0.050000
1782448506.443465,-1,0.000509,inf,SAFE_STAND,0.000000,0.097615,-0.218431,0.006841,0.000000,0.000000,0.000000,1.000000,0.050000
1782448506.463961,-1,0.000925,inf,SAFE_STAND,0.000000,0.097610,-0.218437,0.006831,0.000000,0.000000,0.000000,1.000000,0.050000
1782448506.483897,-1,0.000753,inf,SAFE_STAND,0.000000,0.097624,-0.218428,0.006821,0.000000,0.000000,0.000000,1.000000,0.050000
1782448506.503887,-1,0.000650,inf,SAFE_STAND,0.000000,0.097642,-0.218411,0.006803,0.000000,0.000000,0.000000,1.000000,0.050000
1782448506.523865,-1,0.000473,inf,SAFE_STAND,0.000000,0.097632,-0.218432,0.006809,0.000000,0.000000,0.000000,1.000000,0.050000
1782448506.543993,-1,0.000458,inf,SAFE_STAND,0.000000,0.097633,-0.218472,0.006798,0.000000,0.000000,0.000000,1.000000,0.050000
1782448506.564078,-1,0.000468,inf,SAFE_STAND,0.000000,0.097647,-0.218442,0.006834,0.000000,0.000000,0.000000,1.000000,0.050000
1782448506.584128,-1,0.000440,inf,SAFE_STAND,0.000000,0.097662,-0.218422,0.006822,0.000000,0.000000,0.000000,1.000000,0.050000
1782448506.604653,-1,0.000665,inf,SAFE_STAND,0.000000,0.097671,-0.218434,0.006856,0.000000,0.000000,0.000000,1.000000,0.050000
1782448506.624803,-1,0.000547,inf,SAFE_STAND,0.000000,0.097681,-0.218441,0.006879,0.000000,0.000000,0.000000,1.000000,0.050000
1782448506.644849,-1,0.000503,inf,SAFE_STAND,0.000000,0.097671,-0.218423,0.006907,0.000000,0.000000,0.000000,1.000000,0.050000
1782448506.664865,-1,0.000438,inf,SAFE_STAND,0.000000,0.097680,-0.218414,0.006881,0.000000,0.000000,0.000000,1.000000,0.050000
1782448506.685510,-1,0.000481,inf,SAFE_STAND,0.000000,0.097669,-0.218411,0.006871,0.000000,0.000000,0.000000,1.000000,0.050000
1782448506.705557,-1,0.000451,inf,SAFE_STAND,0.000000,0.097664,-0.218364,0.006883,0.000000,0.000000,0.000000,1.000000,0.050000
1782448506.725680,-1,0.000498,inf,SAFE_STAND,0.000000,0.097669,-0.218379,0.006866,0.000000,0.000000,0.000000,1.000000,0.050000
1782448506.745749,-1,0.000484,inf,SAFE_STAND,0.000000,0.097666,-0.218409,0.006910,0.000000,0.000000,0.000000,1.000000,0.050000
1782448506.766101,-1,0.000470,inf,SAFE_STAND,0.000000,0.097649,-0.218401,0.006931,0.000000,0.000000,0.000000,1.000000,0.050000
1782448506.786231,-1,0.000476,inf,SAFE_STAND,0.000000,0.097643,-0.218445,0.006898,0.000000,0.000000,0.000000,1.000000,0.050000
1782448506.806308,-1,0.000476,inf,SAFE_STAND,0.000000,0.097641,-0.218417,0.006835,0.000000,0.000000,0.000000,1.000000,0.050000
1782448506.826381,-1,0.000471,inf,SAFE_STAND,0.000000,0.097643,-0.218455,0.006828,0.000000,0.000000,0.000000,1.000000,0.050000
1782448506.846896,-1,0.000688,inf,SAFE_STAND,0.000000,0.097638,-0.218493,0.006840,0.000000,0.000000,0.000000,1.000000,0.050000
1782448506.867225,-1,0.000762,3.660129,SAFE_STAND,0.000000,0.097628,-0.218509,0.006831,0.000000,0.000000,0.000000,1.000000,0.050000
1782448506.887010,-1,0.000470,inf,SAFE_STAND,0.000000,0.097630,-0.218530,0.006820,0.000000,0.000000,0.000000,1.000000,0.050000
1782448506.907063,-1,0.000444,inf,SAFE_STAND,0.000000,0.097650,-0.218521,0.006793,0.000000,0.000000,0.000000,1.000000,0.050000
1782448506.927184,-1,0.000482,inf,SAFE_STAND,0.000000,0.097662,-0.218571,0.006834,0.000000,0.000000,0.000000,1.000000,0.050000
1782448506.947762,-1,0.000463,inf,SAFE_STAND,0.000000,0.097664,-0.218562,0.006829,0.000000,0.000000,0.000000,1.000000,0.050000
1782448506.967854,-1,0.000432,inf,SAFE_STAND,0.000000,0.097668,-0.218549,0.006831,0.000000,0.000000,0.000000,1.000000,0.050000
1782448506.988081,-1,0.000519,inf,SAFE_STAND,0.000000,0.097676,-0.218551,0.006880,0.000000,0.000000,0.000000,1.000000,0.050000
1782448507.008404,-1,0.000435,inf,SAFE_STAND,0.000000,0.097671,-0.218582,0.006894,0.000000,0.000000,0.000000,1.000000,0.050000
1782448507.028527,-1,0.000442,inf,SAFE_STAND,0.000000,0.097682,-0.218563,0.006866,0.000000,0.000000,0.000000,1.000000,0.050000
1782448507.048646,-1,0.000425,inf,SAFE_STAND,0.000000,0.097682,-0.218577,0.006861,0.000000,0.000000,0.000000,1.000000,0.050000
1782448507.068792,-1,0.000433,inf,SAFE_STAND,0.000000,0.097693,-0.218580,0.006846,0.000000,0.000000,0.000000,1.000000,0.050000
1782448507.089189,-1,0.000420,inf,SAFE_STAND,0.000000,0.097688,-0.218615,0.006889,0.000000,0.000000,0.000000,1.000000,0.050000
1782448507.109333,-1,0.000428,inf,SAFE_STAND,0.000000,0.097691,-0.218651,0.006864,0.000000,0.000000,0.000000,1.000000,0.050000
1782448507.129473,-1,0.000436,inf,SAFE_STAND,0.000000,0.097680,-0.218656,0.006856,0.000000,0.000000,0.000000,1.000000,0.050000
1782448507.149591,-1,0.000428,inf,SAFE_STAND,0.000000,0.097666,-0.218662,0.006893,0.000000,0.000000,0.000000,1.000000,0.050000
1782448507.169992,-1,0.000429,inf,SAFE_STAND,0.000000,0.097632,-0.218714,0.006838,0.000000,0.000000,0.000000,1.000000,0.050000
1782448507.190121,-1,0.000437,inf,SAFE_STAND,0.000000,0.097666,-0.218735,0.006800,0.000000,0.000000,0.000000,1.000000,0.050000
1782448507.210763,-1,0.000690,inf,SAFE_STAND,0.000000,0.097650,-0.218731,0.006820,0.000000,0.000000,0.000000,1.000000,0.050000
1782448507.230827,-1,0.000673,inf,SAFE_STAND,0.000000,0.097622,-0.218736,0.006818,0.000000,0.000000,0.000000,1.000000,0.050000
1782448507.250813,-1,0.000472,inf,SAFE_STAND,0.000000,0.097622,-0.218748,0.006810,0.000000,0.000000,0.000000,1.000000,0.050000
1782448507.270913,-1,0.000442,inf,SAFE_STAND,0.000000,0.097603,-0.218773,0.006793,0.000000,0.000000,0.000000,1.000000,0.050000
1782448507.291026,-1,0.000436,inf,SAFE_STAND,0.000000,0.097609,-0.218775,0.006795,0.000000,0.000000,0.000000,1.000000,0.050000
1782448507.311626,-1,0.000436,inf,SAFE_STAND,0.000000,0.097620,-0.218799,0.006811,0.000000,0.000000,0.000000,1.000000,0.050000
1782448507.331758,-1,0.000441,inf,SAFE_STAND,0.000000,0.097644,-0.218806,0.006793,0.000000,0.000000,0.000000,1.000000,0.050000
1782448507.352242,-1,0.000799,inf,SAFE_STAND,0.000000,0.097651,-0.218778,0.006777,0.000000,0.000000,0.000000,1.000000,0.050000
1782448507.372469,-1,0.000885,4.165426,SAFE_STAND,0.000000,0.097648,-0.218816,0.006784,0.000000,0.000000,0.000000,1.000000,0.050000
1782448507.392373,-1,0.000444,inf,SAFE_STAND,0.000000,0.097635,-0.218856,0.006767,0.000000,0.000000,0.000000,1.000000,0.050000
1782448507.412484,-1,0.000435,inf,SAFE_STAND,0.000000,0.097638,-0.218876,0.006768,0.000000,0.000000,0.000000,1.000000,0.050000
1782448507.433106,-1,0.000684,inf,SAFE_STAND,0.000000,0.097615,-0.218897,0.006762,0.000000,0.000000,0.000000,1.000000,0.050000
1782448507.453252,-1,0.000432,inf,SAFE_STAND,0.000000,0.097610,-0.218895,0.006724,0.000000,0.000000,0.000000,1.000000,0.050000
1782448507.473784,-1,0.000782,inf,SAFE_STAND,0.000000,0.097632,-0.218889,0.006662,0.000000,0.000000,0.000000,1.000000,0.050000
1782448507.493828,-1,0.000688,inf,SAFE_STAND,0.000000,0.097626,-0.218907,0.006620,0.000000,0.000000,0.000000,1.000000,0.050000
1782448507.514071,-1,0.000437,inf,SAFE_STAND,0.000000,0.097635,-0.218866,0.006620,0.000000,0.000000,0.000000,1.000000,0.050000
1782448507.534220,-1,0.000463,inf,SAFE_STAND,0.000000,0.097630,-0.218839,0.006649,0.000000,0.000000,0.000000,1.000000,0.050000
1782448507.554571,-1,0.000733,inf,SAFE_STAND,0.000000,0.097646,-0.218879,0.006621,0.000000,0.000000,0.000000,1.000000,0.050000
1782448507.574624,-1,0.000703,inf,SAFE_STAND,0.000000,0.097610,-0.218934,0.006657,0.000000,0.000000,0.000000,1.000000,0.050000
1782448507.594624,-1,0.000434,inf,SAFE_STAND,0.000000,0.097579,-0.218921,0.006624,0.000000,0.000000,0.000000,1.000000,0.050000
1782448507.614782,-1,0.000434,inf,SAFE_STAND,0.000000,0.097580,-0.218897,0.006587,0.000000,0.000000,0.000000,1.000000,0.050000
1782448507.634904,-1,0.000426,inf,SAFE_STAND,0.000000,0.097605,-0.218896,0.006539,0.000000,0.000000,0.000000,1.000000,0.050000
1782448507.655460,-1,0.000457,inf,SAFE_STAND,0.000000,0.097592,-0.218904,0.006546,0.000000,0.000000,0.000000,1.000000,0.050000
1782448507.675562,-1,0.000434,inf,SAFE_STAND,0.000000,0.097597,-0.218928,0.006552,0.000000,0.000000,0.000000,1.000000,0.050000
1782448507.695691,-1,0.000439,inf,SAFE_STAND,0.000000,0.097610,-0.218924,0.006525,0.000000,0.000000,0.000000,1.000000,0.050000
1782448507.716283,-1,0.000433,inf,SAFE_STAND,0.000000,0.097618,-0.218955,0.006560,0.000000,0.000000,0.000000,1.000000,0.050000
1782448507.736509,-1,0.000456,inf,SAFE_STAND,0.000000,0.097643,-0.218978,0.006554,0.000000,0.000000,0.000000,1.000000,0.050000
1782448507.756999,-1,0.000829,inf,SAFE_STAND,0.000000,0.097630,-0.218980,0.006539,0.000000,0.000000,0.000000,1.000000,0.050000
1782448507.777123,-1,0.000820,inf,SAFE_STAND,0.000000,0.097634,-0.219007,0.006549,0.000000,0.000000,0.000000,1.000000,0.050000
1782448507.797007,-1,0.000440,inf,SAFE_STAND,0.000000,0.097668,-0.219061,0.006535,0.000000,0.000000,0.000000,1.000000,0.050000
1782448507.817117,-1,0.000422,inf,SAFE_STAND,0.000000,0.097676,-0.219086,0.006543,0.000000,0.000000,0.000000,1.000000,0.050000
1782448507.837710,-1,0.000435,inf,SAFE_STAND,0.000000,0.097676,-0.219071,0.006531,0.000000,0.000000,0.000000,1.000000,0.050000
1782448507.858074,-1,0.000656,inf,SAFE_STAND,0.000000,0.097666,-0.219102,0.006546,0.000000,0.000000,0.000000,1.000000,0.050000
1782448507.878189,-1,0.000668,4.671155,SAFE_STAND,0.000000,0.097666,-0.219106,0.006570,0.000000,0.000000,0.000000,1.000000,0.050000
1782448507.898730,-1,0.000815,inf,SAFE_STAND,0.000000,0.097654,-0.219144,0.006580,0.000000,0.000000,0.000000,1.000000,0.050000
1782448507.918769,-1,0.000430,inf,SAFE_STAND,0.000000,0.097645,-0.219141,0.006560,0.000000,0.000000,0.000000,1.000000,0.050000
1782448507.938858,-1,0.000444,inf,SAFE_STAND,0.000000,0.097633,-0.219166,0.006522,0.000000,0.000000,0.000000,1.000000,0.050000
1782448507.959583,-1,0.000432,inf,SAFE_STAND,0.000000,0.097632,-0.219129,0.006521,0.000000,0.000000,0.000000,1.000000,0.050000
1782448507.979706,-1,0.000435,inf,SAFE_STAND,0.000000,0.097638,-0.219165,0.006505,0.000000,0.000000,0.000000,1.000000,0.050000
1782448507.999834,-1,0.000424,inf,SAFE_STAND,0.000000,0.097653,-0.219188,0.006523,0.000000,0.000000,0.000000,1.000000,0.050000
1782448508.020213,-1,0.000425,inf,SAFE_STAND,0.000000,0.097673,-0.219169,0.006531,0.000000,0.000000,0.000000,1.000000,0.050000
1782448508.040340,-1,0.000425,inf,SAFE_STAND,0.000000,0.097663,-0.219210,0.006493,0.000000,0.000000,0.000000,1.000000,0.050000
1782448508.060422,-1,0.000428,inf,SAFE_STAND,0.000000,0.097652,-0.219261,0.006516,0.000000,0.000000,0.000000,1.000000,0.050000
1782448508.081265,-1,0.000421,inf,SAFE_STAND,0.000000,0.097686,-0.219237,0.006465,0.000000,0.000000,0.000000,1.000000,0.050000
1782448508.101401,-1,0.000434,inf,SAFE_STAND,0.000000,0.097690,-0.219237,0.006508,0.000000,0.000000,0.000000,1.000000,0.050000
1782448508.121893,-1,0.000848,inf,SAFE_STAND,0.000000,0.097708,-0.219187,0.006480,0.000000,0.000000,0.000000,1.000000,0.050000
1782448508.141702,-1,0.000383,inf,SAFE_STAND,0.000000,0.097729,-0.219170,0.006420,0.000000,0.000000,0.000000,1.000000,0.050000
1782448508.161886,-1,0.000446,inf,SAFE_STAND,0.000000,0.097732,-0.219219,0.006421,0.000000,0.000000,0.000000,1.000000,0.050000
1782448508.182036,-1,0.000436,inf,SAFE_STAND,0.000000,0.097740,-0.219228,0.006442,0.000000,0.000000,0.000000,1.000000,0.050000
1782448508.202446,-1,0.000713,inf,SAFE_STAND,0.000000,0.097759,-0.219262,0.006450,0.000000,0.000000,0.000000,1.000000,0.050000
1782448508.222540,-1,0.000679,inf,SAFE_STAND,0.000000,0.097722,-0.219325,0.006435,0.000000,0.000000,0.000000,1.000000,0.050000
1782448508.242652,-1,0.000423,inf,SAFE_STAND,0.000000,0.097722,-0.219292,0.006443,0.000000,0.000000,0.000000,1.000000,0.050000
1782448508.262852,-1,0.000490,inf,SAFE_STAND,0.000000,0.097726,-0.219290,0.006436,0.000000,0.000000,0.000000,1.000000,0.050000
1782448508.283358,-1,0.000428,inf,SAFE_STAND,0.000000,0.097732,-0.219303,0.006414,0.000000,0.000000,0.000000,1.000000,0.050000
1782448508.303449,-1,0.000445,inf,SAFE_STAND,0.000000,0.097716,-0.219316,0.006391,0.000000,0.000000,0.000000,1.000000,0.050000
1782448508.323545,-1,0.000466,inf,SAFE_STAND,0.000000,0.097709,-0.219301,0.006397,0.000000,0.000000,0.000000,1.000000,0.050000
1782448508.344260,-1,0.000703,inf,SAFE_STAND,0.000000,0.097720,-0.219288,0.006403,0.000000,0.000000,0.000000,1.000000,0.050000
1782448508.364140,-1,0.000450,inf,SAFE_STAND,0.000000,0.097713,-0.219293,0.006428,0.000000,0.000000,0.000000,1.000000,0.050000
1782448508.384498,-1,0.000676,5.177450,SAFE_STAND,0.000000,0.097720,-0.219321,0.006385,0.000000,0.000000,0.000000,1.000000,0.050000
1782448508.404393,-1,0.000443,inf,SAFE_STAND,0.000000,0.097715,-0.219332,0.006400,0.000000,0.000000,0.000000,1.000000,0.050000
1782448508.424992,-1,0.000700,inf,SAFE_STAND,0.000000,0.097733,-0.219348,0.006404,0.000000,0.000000,0.000000,1.000000,0.050000
1782448508.444920,-1,0.000452,inf,SAFE_STAND,0.000000,0.097719,-0.219393,0.006435,0.000000,0.000000,0.000000,1.000000,0.050000
