timestamp,frame_id,loop_dt,redis_age,mode,risk_score,roll,pitch,yaw,max_tracking_error,rms_tracking_error,max_torque_ratio,ramp,deploy_action_scale
1782449567.800256,-1,0.002219,742.469063,SAFE_STAND,0.000000,0.044414,-0.108813,-0.475692,0.000000,0.000000,0.000000,1.000000,1.000000
1782449567.818913,-1,0.000781,inf,SAFE_STAND,0.000000,0.044420,-0.108793,-0.475663,0.000000,0.000000,0.000000,1.000000,1.000000
1782449567.838941,-1,0.000512,inf,SAFE_STAND,0.000000,0.044402,-0.108774,-0.475747,0.000000,0.000000,0.000000,1.000000,1.000000
1782449567.859014,-1,0.000505,inf,SAFE_STAND,0.000000,0.044394,-0.108748,-0.475774,0.000000,0.000000,0.000000,1.000000,1.000000
1782449567.879253,-1,0.000457,inf,SAFE_STAND,0.000000,0.044408,-0.108687,-0.475800,0.000000,0.000000,0.000000,1.000000,1.000000
1782449567.899614,-1,0.000496,inf,SAFE_STAND,0.000000,0.044386,-0.108655,-0.475774,0.000000,0.000000,0.000000,1.000000,1.000000
1782449567.919660,-1,0.000468,inf,SAFE_STAND,0.000000,0.044398,-0.108546,-0.475750,0.000000,0.000000,0.000000,1.000000,1.000000
1782449567.939703,-1,0.000435,inf,SAFE_STAND,0.000000,0.044390,-0.108508,-0.475764,0.000000,0.000000,0.000000,1.000000,1.000000
1782449567.959761,-1,0.000420,inf,SAFE_STAND,0.000000,0.044361,-0.108432,-0.475765,0.000000,0.000000,0.000000,1.000000,1.000000
1782449567.980246,-1,0.000826,inf,SAFE_STAND,0.000000,0.044350,-0.108351,-0.475801,0.000000,0.000000,0.000000,1.000000,1.000000
1782449568.000233,-1,0.000723,inf,SAFE_STAND,0.000000,0.044336,-0.108248,-0.475817,0.000000,0.000000,0.000000,1.000000,1.000000
1782449568.020237,-1,0.000645,inf,SAFE_STAND,0.000000,0.044299,-0.108169,-0.475804,0.000000,0.000000,0.000000,1.000000,1.000000
1782449568.040375,-1,0.000703,inf,SAFE_STAND,0.000000,0.044277,-0.108089,-0.475771,0.000000,0.000000,0.000000,1.000000,1.000000
1782449568.060356,-1,0.000448,inf,SAFE_STAND,0.000000,0.044276,-0.108051,-0.475734,0.000000,0.000000,0.000000,1.000000,1.000000
1782449568.080436,-1,0.000455,inf,SAFE_STAND,0.000000,0.044281,-0.107984,-0.475727,0.000000,0.000000,0.000000,1.000000,1.000000
1782449568.100487,-1,0.000421,inf,SAFE_STAND,0.000000,0.044272,-0.107937,-0.475737,0.000000,0.000000,0.000000,1.000000,1.000000
1782449568.120578,-1,0.000440,inf,SAFE_STAND,0.000000,0.044255,-0.107862,-0.475703,0.000000,0.000000,0.000000,1.000000,1.000000
1782449568.140954,-1,0.000429,inf,SAFE_STAND,0.000000,0.044237,-0.107879,-0.475726,0.000000,0.000000,0.000000,1.000000,1.000000
1782449568.161052,-1,0.000452,inf,SAFE_STAND,0.000000,0.044251,-0.107878,-0.475785,0.000000,0.000000,0.000000,1.000000,1.000000
1782449568.181107,-1,0.000430,inf,SAFE_STAND,0.000000,0.044252,-0.107914,-0.475791,0.000000,0.000000,0.000000,1.000000,1.000000
1782449568.201437,-1,0.000686,inf,SAFE_STAND,0.000000,0.044258,-0.107951,-0.475778,0.000000,0.000000,0.000000,1.000000,1.000000
1782449568.221267,-1,0.000433,inf,SAFE_STAND,0.000000,0.044295,-0.107968,-0.475753,0.000000,0.000000,0.000000,1.000000,1.000000
1782449568.241630,-1,0.000441,inf,SAFE_STAND,0.000000,0.044320,-0.107964,-0.475800,0.000000,0.000000,0.000000,1.000000,1.000000
1782449568.261707,-1,0.000444,inf,SAFE_STAND,0.000000,0.044347,-0.107971,-0.475801,0.000000,0.000000,0.000000,1.000000,1.000000
1782449568.281778,-1,0.000435,inf,SAFE_STAND,0.000000,0.044381,-0.108001,-0.475808,0.000000,0.000000,0.000000,1.000000,1.000000
1782449568.302331,-1,0.000914,742.970948,SAFE_STAND,0.000000,0.044384,-0.108043,-0.475738,0.000000,0.000000,0.000000,1.000000,1.000000
1782449568.322148,-1,0.000693,inf,SAFE_STAND,0.000000,0.044394,-0.108043,-0.475704,0.000000,0.000000,0.000000,1.000000,1.000000
1782449568.342186,-1,0.000653,inf,SAFE_STAND,0.000000,0.044409,-0.108047,-0.475688,0.000000,0.000000,0.000000,1.000000,1.000000
1782449568.362258,-1,0.000648,inf,SAFE_STAND,0.000000,0.044421,-0.108100,-0.475691,0.000000,0.000000,0.000000,1.000000,1.000000
1782449568.382268,-1,0.000458,inf,SAFE_STAND,0.000000,0.044423,-0.108106,-0.475727,0.000000,0.000000,0.000000,1.000000,1.000000
1782449568.402321,-1,0.000434,inf,SAFE_STAND,0.000000,0.044433,-0.108109,-0.475742,0.000000,0.000000,0.000000,1.000000,1.000000
1782449568.422414,-1,0.000449,inf,SAFE_STAND,0.000000,0.044423,-0.108093,-0.475739,0.000000,0.000000,0.000000,1.000000,1.000000
1782449568.442473,-1,0.000435,inf,SAFE_STAND,0.000000,0.044414,-0.108074,-0.475762,0.000000,0.000000,0.000000,1.000000,1.000000
1782449568.462747,-1,0.000631,inf,SAFE_STAND,0.000000,0.044412,-0.108078,-0.475812,0.000000,0.000000,0.000000,1.000000,1.000000
1782449568.482939,-1,0.000724,inf,SAFE_STAND,0.000000,0.044398,-0.108105,-0.475849,0.000000,0.000000,0.000000,1.000000,1.000000
1782449568.502908,-1,0.000469,inf,SAFE_STAND,0.000000,0.044397,-0.108074,-0.475842,0.000000,0.000000,0.000000,1.000000,1.000000
1782449568.522956,-1,0.000444,inf,SAFE_STAND,0.000000,0.044412,-0.108016,-0.475845,0.000000,0.000000,0.000000,1.000000,1.000000
1782449568.543035,-1,0.000450,inf,SAFE_STAND,0.000000,0.044403,-0.108008,-0.475853,0.000000,0.000000,0.000000,1.000000,1.000000
1782449568.563569,-1,0.000668,inf,SAFE_STAND,0.000000,0.044423,-0.107963,-0.475824,0.000000,0.000000,0.000000,1.000000,1.000000
1782449568.583641,-1,0.000451,inf,SAFE_STAND,0.000000,0.044404,-0.107912,-0.475830,0.000000,0.000000,0.000000,1.000000,1.000000
1782449568.603738,-1,0.000457,inf,SAFE_STAND,0.000000,0.044391,-0.107895,-0.475847,0.000000,0.000000,0.000000,1.000000,1.000000
1782449568.623811,-1,0.000443,inf,SAFE_STAND,0.000000,0.044396,-0.107894,-0.475852,0.000000,0.000000,0.000000,1.000000,1.000000
1782449568.643913,-1,0.000458,inf,SAFE_STAND,0.000000,0.044417,-0.107895,-0.475847,0.000000,0.000000,0.000000,1.000000,1.000000
1782449568.664350,-1,0.000442,inf,SAFE_STAND,0.000000,0.044423,-0.107891,-0.475827,0.000000,0.000000,0.000000,1.000000,1.000000
1782449568.684418,-1,0.000437,inf,SAFE_STAND,0.000000,0.044442,-0.107865,-0.475778,0.000000,0.000000,0.000000,1.000000,1.000000
1782449568.704502,-1,0.000443,inf,SAFE_STAND,0.000000,0.044423,-0.107905,-0.475753,0.000000,0.000000,0.000000,1.000000,1.000000
1782449568.724636,-1,0.000462,inf,SAFE_STAND,0.000000,0.044441,-0.107922,-0.475691,0.000000,0.000000,0.000000,1.000000,1.000000
1782449568.745131,-1,0.000428,inf,SAFE_STAND,0.000000,0.044436,-0.107931,-0.475650,0.000000,0.000000,0.000000,1.000000,1.000000
1782449568.765242,-1,0.000423,inf,SAFE_STAND,0.000000,0.044432,-0.107986,-0.475666,0.000000,0.000000,0.000000,1.000000,1.000000
1782449568.785370,-1,0.000432,inf,SAFE_STAND,0.000000,0.044449,-0.108042,-0.475695,0.000000,0.000000,0.000000,1.000000,1.000000
1782449568.806128,-1,0.000851,743.475005,SAFE_STAND,0.000000,0.044462,-0.108033,-0.475705,0.000000,0.000000,0.000000,1.000000,1.000000
1782449568.826087,-1,0.000515,inf,SAFE_STAND,0.000000,0.044482,-0.108105,-0.475727,0.000000,0.000000,0.000000,1.000000,1.000000
1782449568.846108,-1,0.000459,inf,SAFE_STAND,0.000000,0.044508,-0.108134,-0.475692,0.000000,0.000000,0.000000,1.000000,1.000000
1782449568.866162,-1,0.000435,inf,SAFE_STAND,0.000000,0.044546,-0.108192,-0.475669,0.000000,0.000000,0.000000,1.000000,1.000000
1782449568.886782,-1,0.000446,inf,SAFE_STAND,0.000000,0.044547,-0.108177,-0.475621,0.000000,0.000000,0.000000,1.000000,1.000000
1782449568.906837,-1,0.000420,inf,SAFE_STAND,0.000000,0.044567,-0.108180,-0.475602,0.000000,0.000000,0.000000,1.000000,1.000000
1782449568.926962,-1,0.000472,inf,SAFE_STAND,0.000000,0.044574,-0.108169,-0.475582,0.000000,0.000000,0.000000,1.000000,1.000000
1782449568.947404,-1,0.000613,inf,SAFE_STAND,0.000000,0.044551,-0.108165,-0.475553,0.000000,0.000000,0.000000,1.000000,1.000000
1782449568.967361,-1,0.000444,inf,SAFE_STAND,0.000000,0.044563,-0.108111,-0.475575,0.000000,0.000000,0.000000,1.000000,1.000000
1782449568.987493,-1,0.000443,inf,SAFE_STAND,0.000000,0.044553,-0.108097,-0.475606,0.000000,0.000000,0.000000,1.000000,1.000000
1782449569.007588,-1,0.000420,inf,SAFE_STAND,0.000000,0.044582,-0.108060,-0.475590,0.000000,0.000000,0.000000,1.000000,1.000000
1782449569.028238,-1,0.000684,inf,SAFE_STAND,0.000000,0.044571,-0.108061,-0.475603,0.000000,0.000000,0.000000,1.000000,1.000000
1782449569.048279,-1,0.000430,inf,SAFE_STAND,0.000000,0.044591,-0.108017,-0.475617,0.000000,0.000000,0.000000,1.000000,1.000000
1782449569.068407,-1,0.000424,inf,SAFE_STAND,0.000000,0.044582,-0.107997,-0.475604,0.000000,0.000000,0.000000,1.000000,1.000000
1782449569.088531,-1,0.000423,inf,SAFE_STAND,0.000000,0.044584,-0.107975,-0.475611,0.000000,0.000000,0.000000,1.000000,1.000000
1782449569.109017,-1,0.000433,inf,SAFE_STAND,0.000000,0.044564,-0.107922,-0.475628,0.000000,0.000000,0.000000,1.000000,1.000000
1782449569.129159,-1,0.000441,inf,SAFE_STAND,0.000000,0.044549,-0.107920,-0.475611,0.000000,0.000000,0.000000,1.000000,1.000000
1782449569.149311,-1,0.000443,inf,SAFE_STAND,0.000000,0.044549,-0.107974,-0.475608,0.000000,0.000000,0.000000,1.000000,1.000000
1782449569.169731,-1,0.000734,inf,SAFE_STAND,0.000000,0.044549,-0.107994,-0.475570,0.000000,0.000000,0.000000,1.000000,1.000000
1782449569.189736,-1,0.000438,inf,SAFE_STAND,0.000000,0.044554,-0.108000,-0.475573,0.000000,0.000000,0.000000,1.000000,1.000000
1782449569.209851,-1,0.000436,inf,SAFE_STAND,0.000000,0.044548,-0.108017,-0.475576,0.000000,0.000000,0.000000,1.000000,1.000000
1782449569.229938,-1,0.000432,inf,SAFE_STAND,0.000000,0.044537,-0.108055,-0.475604,0.000000,0.000000,0.000000,1.000000,1.000000
1782449569.250484,-1,0.000432,inf,SAFE_STAND,0.000000,0.044564,-0.108081,-0.475574,0.000000,0.000000,0.000000,1.000000,1.000000
1782449569.270619,-1,0.000427,inf,SAFE_STAND,0.000000,0.044582,-0.108076,-0.475570,0.000000,0.000000,0.000000,1.000000,1.000000
1782449569.290774,-1,0.000507,inf,SAFE_STAND,0.000000,0.044576,-0.108102,-0.475549,0.000000,0.000000,0.000000,1.000000,1.000000
1782449569.311631,-1,0.000965,743.980484,SAFE_STAND,0.000000,0.044583,-0.108080,-0.475548,0.000000,0.000000,0.000000,1.000000,1.000000
1782449569.331403,-1,0.000450,inf,SAFE_STAND,0.000000,0.044571,-0.108148,-0.475506,0.000000,0.000000,0.000000,1.000000,1.000000
1782449569.351532,-1,0.000457,inf,SAFE_STAND,0.000000,0.044554,-0.108189,-0.475482,0.000000,0.000000,0.000000,1.000000,1.000000
1782449569.372005,-1,0.000431,inf,SAFE_STAND,0.000000,0.044574,-0.108229,-0.475502,0.000000,0.000000,0.000000,1.000000,1.000000
1782449569.392147,-1,0.000447,inf,SAFE_STAND,0.000000,0.044552,-0.108246,-0.475483,0.000000,0.000000,0.000000,1.000000,1.000000
1782449569.412257,-1,0.000435,inf,SAFE_STAND,0.000000,0.044574,-0.108264,-0.475485,0.000000,0.000000,0.000000,1.000000,1.000000
1782449569.432374,-1,0.000433,inf,SAFE_STAND,0.000000,0.044549,-0.108228,-0.475517,0.000000,0.000000,0.000000,1.000000,1.000000
1782449569.452982,-1,0.000489,inf,SAFE_STAND,0.000000,0.044564,-0.108234,-0.475537,0.000000,0.000000,0.000000,1.000000,1.000000
1782449569.472970,-1,0.000404,inf,SAFE_STAND,0.000000,0.044571,-0.108229,-0.475534,0.000000,0.000000,0.000000,1.000000,1.000000
1782449569.493065,-1,0.000428,inf,SAFE_STAND,0.000000,0.044559,-0.108270,-0.475530,0.000000,0.000000,0.000000,1.000000,1.000000
1782449569.513154,-1,0.000445,inf,SAFE_STAND,0.000000,0.044569,-0.108300,-0.475526,0.000000,0.000000,0.000000,1.000000,1.000000
1782449569.533599,-1,0.000402,inf,SAFE_STAND,0.000000,0.044585,-0.108343,-0.475478,0.000000,0.000000,0.000000,1.000000,1.000000
1782449569.553696,-1,0.000428,inf,SAFE_STAND,0.000000,0.044617,-0.108367,-0.475477,0.000000,0.000000,0.000000,1.000000,1.000000
1782449569.573807,-1,0.000460,inf,SAFE_STAND,0.000000,0.044603,-0.108368,-0.475450,0.000000,0.000000,0.000000,1.000000,1.000000
1782449569.594114,-1,0.000684,inf,SAFE_STAND,0.000000,0.044593,-0.108409,-0.475487,0.000000,0.000000,0.000000,1.000000,1.000000
1782449569.614122,-1,0.000615,inf,SAFE_STAND,0.000000,0.044604,-0.108415,-0.475446,0.000000,0.000000,0.000000,1.000000,1.000000
1782449569.634204,-1,0.000624,inf,SAFE_STAND,0.000000,0.044584,-0.108480,-0.475446,0.000000,0.000000,0.000000,1.000000,1.000000
1782449569.654226,-1,0.000440,inf,SAFE_STAND,0.000000,0.044592,-0.108485,-0.475410,0.000000,0.000000,0.000000,1.000000,1.000000
1782449569.674281,-1,0.000417,inf,SAFE_STAND,0.000000,0.044596,-0.108478,-0.475404,0.000000,0.000000,0.000000,1.000000,1.000000
1782449569.694346,-1,0.000411,inf,SAFE_STAND,0.000000,0.044614,-0.108454,-0.475420,0.000000,0.000000,0.000000,1.000000,1.000000
1782449569.714485,-1,0.000478,inf,SAFE_STAND,0.000000,0.044628,-0.108487,-0.475424,0.000000,0.000000,0.000000,1.000000,1.000000
1782449569.734485,-1,0.000398,inf,SAFE_STAND,0.000000,0.044627,-0.108510,-0.475402,0.000000,0.000000,0.000000,1.000000,1.000000
1782449569.754822,-1,0.000413,inf,SAFE_STAND,0.000000,0.044634,-0.108524,-0.475385,0.000000,0.000000,0.000000,1.000000,1.000000
1782449569.774975,-1,0.000439,inf,SAFE_STAND,0.000000,0.044651,-0.108489,-0.475395,0.000000,0.000000,0.000000,1.000000,1.000000
1782449569.795010,-1,0.000395,inf,SAFE_STAND,0.000000,0.044671,-0.108476,-0.475408,0.000000,0.000000,0.000000,1.000000,1.000000
1782449569.815261,-1,0.000574,744.484139,SAFE_STAND,0.000000,0.044668,-0.108496,-0.475365,0.000000,0.000000,0.000000,1.000000,1.000000
1782449569.835250,-1,0.000488,inf,SAFE_STAND,0.000000,0.044670,-0.108482,-0.475376,0.000000,0.000000,0.000000,1.000000,1.000000
1782449569.855742,-1,0.000678,inf,SAFE_STAND,0.000000,0.044643,-0.108497,-0.475354,0.000000,0.000000,0.000000,1.000000,1.000000
1782449569.875602,-1,0.000457,inf,SAFE_STAND,0.000000,0.044644,-0.108476,-0.475348,0.000000,0.000000,0.000000,1.000000,1.000000
1782449569.895865,-1,0.000526,inf,SAFE_STAND,0.000000,0.044653,-0.108459,-0.475338,0.000000,0.000000,0.000000,1.000000,1.000000
1782449569.915871,-1,0.000454,inf,SAFE_STAND,0.000000,0.044659,-0.108489,-0.475326,0.000000,0.000000,0.000000,1.000000,1.000000
1782449569.936436,-1,0.000710,inf,SAFE_STAND,0.000000,0.044673,-0.108485,-0.475305,0.000000,0.000000,0.000000,1.000000,1.000000
1782449569.956368,-1,0.000459,inf,SAFE_STAND,0.000000,0.044672,-0.108472,-0.475313,0.000000,0.000000,0.000000,1.000000,1.000000
1782449569.976411,-1,0.000427,inf,SAFE_STAND,0.000000,0.044656,-0.108494,-0.475287,0.000000,0.000000,0.000000,1.000000,1.000000
1782449569.996618,-1,0.000558,inf,SAFE_STAND,0.000000,0.044655,-0.108480,-0.475291,0.000000,0.000000,0.000000,1.000000,1.000000
1782449570.017327,-1,0.000823,inf,SAFE_STAND,0.000000,0.044675,-0.108542,-0.475264,0.000000,0.000000,0.000000,1.000000,1.000000
1782449570.037148,-1,0.000456,inf,SAFE_STAND,0.000000,0.044665,-0.108564,-0.475270,0.000000,0.000000,0.000000,1.000000,1.000000
1782449570.057244,-1,0.000442,inf,SAFE_STAND,0.000000,0.044672,-0.108561,-0.475258,0.000000,0.000000,0.000000,1.000000,1.000000
1782449570.077311,-1,0.000438,inf,SAFE_STAND,0.000000,0.044703,-0.108586,-0.475307,0.000000,0.000000,0.000000,1.000000,1.000000
1782449570.097887,-1,0.000480,inf,SAFE_STAND,0.000000,0.044684,-0.108585,-0.475300,0.000000,0.000000,0.000000,1.000000,1.000000
1782449570.117909,-1,0.000453,inf,SAFE_STAND,0.000000,0.044708,-0.108568,-0.475302,0.000000,0.000000,0.000000,1.000000,1.000000
1782449570.137956,-1,0.000428,inf,SAFE_STAND,0.000000,0.044709,-0.108605,-0.475333,0.000000,0.000000,0.000000,1.000000,1.000000
1782449570.158049,-1,0.000448,inf,SAFE_STAND,0.000000,0.044702,-0.108644,-0.475311,0.000000,0.000000,0.000000,1.000000,1.000000
1782449570.178569,-1,0.000667,inf,SAFE_STAND,0.000000,0.044686,-0.108716,-0.475319,0.000000,0.000000,0.000000,1.000000,1.000000
1782449570.198669,-1,0.000686,inf,SAFE_STAND,0.000000,0.044692,-0.108739,-0.475275,0.000000,0.000000,0.000000,1.000000,1.000000
1782449570.218587,-1,0.000405,inf,SAFE_STAND,0.000000,0.044665,-0.108741,-0.475261,0.000000,0.000000,0.000000,1.000000,1.000000
1782449570.238688,-1,0.000434,inf,SAFE_STAND,0.000000,0.044674,-0.108760,-0.475265,0.000000,0.000000,0.000000,1.000000,1.000000
1782449570.258959,-1,0.000411,inf,SAFE_STAND,0.000000,0.044670,-0.108799,-0.475234,0.000000,0.000000,0.000000,1.000000,1.000000
1782449570.279263,-1,0.000424,inf,SAFE_STAND,0.000000,0.044677,-0.108829,-0.475226,0.000000,0.000000,0.000000,1.000000,1.000000
1782449570.299406,-1,0.000485,inf,SAFE_STAND,0.000000,0.044697,-0.108832,-0.475282,0.000000,0.000000,0.000000,1.000000,1.000000
1782449570.319690,-1,0.000623,744.988545,SAFE_STAND,0.000000,0.044674,-0.108841,-0.475281,0.000000,0.000000,0.000000,1.000000,1.000000
1782449570.340295,-1,0.000781,inf,SAFE_STAND,0.000000,0.044653,-0.108858,-0.475276,0.000000,0.000000,0.000000,1.000000,1.000000
1782449570.360020,-1,0.000419,inf,SAFE_STAND,0.000000,0.044664,-0.108869,-0.475285,0.000000,0.000000,0.000000,1.000000,1.000000
1782449570.380108,-1,0.000436,inf,SAFE_STAND,0.000000,0.044641,-0.108873,-0.475263,0.000000,0.000000,0.000000,1.000000,1.000000
1782449570.400171,-1,0.000426,inf,SAFE_STAND,0.000000,0.044666,-0.108863,-0.475257,0.000000,0.000000,0.000000,1.000000,1.000000
1782449570.420217,-1,0.000402,inf,SAFE_STAND,0.000000,0.044643,-0.108819,-0.475257,0.000000,0.000000,0.000000,1.000000,1.000000
1782449570.440803,-1,0.000682,inf,SAFE_STAND,0.000000,0.044665,-0.108834,-0.475261,0.000000,0.000000,0.000000,1.000000,1.000000
1782449570.460705,-1,0.000420,inf,SAFE_STAND,0.000000,0.044637,-0.108892,-0.475234,0.000000,0.000000,0.000000,1.000000,1.000000
1782449570.480878,-1,0.000437,inf,SAFE_STAND,0.000000,0.044657,-0.108895,-0.475251,0.000000,0.000000,0.000000,1.000000,1.000000
1782449570.500953,-1,0.000435,inf,SAFE_STAND,0.000000,0.044650,-0.108948,-0.475231,0.000000,0.000000,0.000000,1.000000,1.000000
1782449570.521054,-1,0.000461,inf,SAFE_STAND,0.000000,0.044651,-0.108969,-0.475248,0.000000,0.000000,0.000000,1.000000,1.000000
1782449570.541106,-1,0.000440,inf,SAFE_STAND,0.000000,0.044663,-0.108997,-0.475239,0.000000,0.000000,0.000000,1.000000,1.000000
1782449570.561601,-1,0.000638,inf,SAFE_STAND,0.000000,0.044693,-0.109025,-0.475213,0.000000,0.000000,0.000000,1.000000,1.000000
1782449570.581533,-1,0.000495,inf,SAFE_STAND,0.000000,0.044672,-0.109031,-0.475173,0.000000,0.000000,0.000000,1.000000,1.000000
1782449570.601546,-1,0.000434,inf,SAFE_STAND,0.000000,0.044670,-0.109045,-0.475160,0.000000,0.000000,0.000000,1.000000,1.000000
1782449570.621610,-1,0.000426,inf,SAFE_STAND,0.000000,0.044665,-0.109059,-0.475220,0.000000,0.000000,0.000000,1.000000,1.000000
1782449570.641700,-1,0.000445,inf,SAFE_STAND,0.000000,0.044631,-0.109053,-0.475272,0.000000,0.000000,0.000000,1.000000,1.000000
1782449570.661955,-1,0.000623,inf,SAFE_STAND,0.000000,0.044604,-0.109066,-0.475243,0.000000,0.000000,0.000000,1.000000,1.000000
1782449570.682035,-1,0.000632,inf,SAFE_STAND,0.000000,0.044601,-0.109089,-0.475249,0.000000,0.000000,0.000000,1.000000,1.000000
1782449570.702124,-1,0.000447,inf,SAFE_STAND,0.000000,0.044594,-0.109069,-0.475238,0.000000,0.000000,0.000000,1.000000,1.000000
1782449570.722275,-1,0.000446,inf,SAFE_STAND,0.000000,0.044602,-0.109085,-0.475268,0.000000,0.000000,0.000000,1.000000,1.000000
1782449570.742363,-1,0.000463,inf,SAFE_STAND,0.000000,0.044624,-0.109053,-0.475223,0.000000,0.000000,0.000000,1.000000,1.000000
1782449570.762630,-1,0.000657,inf,SAFE_STAND,0.000000,0.044631,-0.109087,-0.475203,0.000000,0.000000,0.000000,1.000000,1.000000
1782449570.782678,-1,0.000629,inf,SAFE_STAND,0.000000,0.044613,-0.109092,-0.475248,0.000000,0.000000,0.000000,1.000000,1.000000
1782449570.802780,-1,0.000652,inf,SAFE_STAND,0.000000,0.044622,-0.109118,-0.475279,0.000000,0.000000,0.000000,1.000000,1.000000
1782449570.823029,-1,0.000830,745.491920,SAFE_STAND,0.000000,0.044627,-0.109133,-0.475261,0.000000,0.000000,0.000000,1.000000,1.000000
1782449570.842883,-1,0.000451,inf,SAFE_STAND,0.000000,0.044614,-0.109191,-0.475284,0.000000,0.000000,0.000000,1.000000,1.000000
1782449570.862910,-1,0.000404,inf,SAFE_STAND,0.000000,0.044597,-0.109170,-0.475287,0.000000,0.000000,0.000000,1.000000,1.000000
1782449570.883431,-1,0.000617,inf,SAFE_STAND,0.000000,0.044582,-0.109170,-0.475291,0.000000,0.000000,0.000000,1.000000,1.000000
1782449570.903506,-1,0.000619,inf,SAFE_STAND,0.000000,0.044573,-0.109238,-0.475237,0.000000,0.000000,0.000000,1.000000,1.000000
1782449570.923511,-1,0.000463,inf,SAFE_STAND,0.000000,0.044551,-0.109248,-0.475218,0.000000,0.000000,0.000000,1.000000,1.000000
1782449570.943547,-1,0.000420,inf,SAFE_STAND,0.000000,0.044545,-0.109266,-0.475215,0.000000,0.000000,0.000000,1.000000,1.000000
1782449570.963609,-1,0.000411,inf,SAFE_STAND,0.000000,0.044550,-0.109276,-0.475162,0.000000,0.000000,0.000000,1.000000,1.000000
1782449570.983667,-1,0.000401,inf,SAFE_STAND,0.000000,0.044522,-0.109278,-0.475136,0.000000,0.000000,0.000000,1.000000,1.000000
1782449571.003998,-1,0.000651,inf,SAFE_STAND,0.000000,0.044543,-0.109289,-0.475192,0.000000,0.000000,0.000000,1.000000,1.000000
1782449571.024028,-1,0.000612,inf,SAFE_STAND,0.000000,0.044562,-0.109319,-0.475191,0.000000,0.000000,0.000000,1.000000,1.000000
1782449571.044101,-1,0.000429,inf,SAFE_STAND,0.000000,0.044584,-0.109344,-0.475190,0.000000,0.000000,0.000000,1.000000,1.000000
1782449571.064183,-1,0.000441,inf,SAFE_STAND,0.000000,0.044578,-0.109313,-0.475167,0.000000,0.000000,0.000000,1.000000,1.000000
1782449571.084260,-1,0.000444,inf,SAFE_STAND,0.000000,0.044603,-0.109334,-0.475141,0.000000,0.000000,0.000000,1.000000,1.000000
1782449571.104315,-1,0.000428,inf,SAFE_STAND,0.000000,0.044582,-0.109313,-0.475142,0.000000,0.000000,0.000000,1.000000,1.000000
1782449571.124649,-1,0.000690,inf,SAFE_STAND,0.000000,0.044586,-0.109307,-0.475192,0.000000,0.000000,0.000000,1.000000,1.000000
1782449571.144658,-1,0.000625,inf,SAFE_STAND,0.000000,0.044578,-0.109297,-0.475202,0.000000,0.000000,0.000000,1.000000,1.000000
1782449571.164706,-1,0.000599,inf,SAFE_STAND,0.000000,0.044623,-0.109310,-0.475225,0.000000,0.000000,0.000000,1.000000,1.000000
1782449571.184860,-1,0.000423,inf,SAFE_STAND,0.000000,0.044595,-0.109316,-0.475247,0.000000,0.000000,0.000000,1.000000,1.000000
1782449571.204953,-1,0.000444,inf,SAFE_STAND,0.000000,0.044617,-0.109341,-0.475316,0.000000,0.000000,0.000000,1.000000,1.000000
1782449571.225769,-1,0.000448,inf,SAFE_STAND,0.000000,0.044602,-0.109377,-0.475313,0.000000,0.000000,0.000000,1.000000,1.000000
1782449571.245842,-1,0.000450,inf,SAFE_STAND,0.000000,0.044592,-0.109326,-0.475301,0.000000,0.000000,0.000000,1.000000,1.000000
1782449571.266495,-1,0.000418,inf,SAFE_STAND,0.000000,0.044584,-0.109314,-0.475288,0.000000,0.000000,0.000000,1.000000,1.000000
1782449571.286571,-1,0.000426,inf,SAFE_STAND,0.000000,0.044595,-0.109273,-0.475287,0.000000,0.000000,0.000000,1.000000,1.000000
1782449571.306708,-1,0.000490,inf,SAFE_STAND,0.000000,0.044610,-0.109261,-0.475282,0.000000,0.000000,0.000000,1.000000,1.000000
1782449571.327103,-1,0.000809,745.995762,SAFE_STAND,0.000000,0.044583,-0.109273,-0.475296,0.000000,0.000000,0.000000,1.000000,1.000000
1782449571.347089,-1,0.000719,inf,SAFE_STAND,0.000000,0.044576,-0.109320,-0.475319,0.000000,0.000000,0.000000,1.000000,1.000000
1782449571.367068,-1,0.000622,inf,SAFE_STAND,0.000000,0.044581,-0.109292,-0.475325,0.000000,0.000000,0.000000,1.000000,1.000000
1782449571.387265,-1,0.000456,inf,SAFE_STAND,0.000000,0.044563,-0.109359,-0.475324,0.000000,0.000000,0.000000,1.000000,1.000000
1782449571.407289,-1,0.000408,inf,SAFE_STAND,0.000000,0.044570,-0.109372,-0.475343,0.000000,0.000000,0.000000,1.000000,1.000000
1782449571.427926,-1,0.000751,inf,SAFE_STAND,0.000000,0.044535,-0.109364,-0.475330,0.000000,0.000000,0.000000,1.000000,1.000000
1782449571.447854,-1,0.000421,inf,SAFE_STAND,0.000000,0.044516,-0.109362,-0.475340,0.000000,0.000000,0.000000,1.000000,1.000000
1782449571.467919,-1,0.000416,inf,SAFE_STAND,0.000000,0.044528,-0.109343,-0.475352,0.000000,0.000000,0.000000,1.000000,1.000000
1782449571.487952,-1,0.000378,inf,SAFE_STAND,0.000000,0.044525,-0.109388,-0.475347,0.000000,0.000000,0.000000,1.000000,1.000000
1782449571.508124,-1,0.000480,inf,SAFE_STAND,0.000000,0.044538,-0.109351,-0.475341,0.000000,0.000000,0.000000,1.000000,1.000000
1782449571.528659,-1,0.000709,inf,SAFE_STAND,0.000000,0.044565,-0.109303,-0.475335,0.000000,0.000000,0.000000,1.000000,1.000000
1782449571.548709,-1,0.000531,inf,SAFE_STAND,0.000000,0.044585,-0.109320,-0.475318,0.000000,0.000000,0.000000,1.000000,1.000000
1782449571.568759,-1,0.000496,inf,SAFE_STAND,0.000000,0.044600,-0.109363,-0.475327,0.000000,0.000000,0.000000,1.000000,1.000000
1782449571.588908,-1,0.000562,inf,SAFE_STAND,0.000000,0.044576,-0.109389,-0.475327,0.000000,0.000000,0.000000,1.000000,1.000000
1782449571.609510,-1,0.000849,inf,SAFE_STAND,0.000000,0.044583,-0.109408,-0.475320,0.000000,0.000000,0.000000,1.000000,1.000000
1782449571.629552,-1,0.000495,inf,SAFE_STAND,0.000000,0.044590,-0.109436,-0.475352,0.000000,0.000000,0.000000,1.000000,1.000000
1782449571.649744,-1,0.000531,inf,SAFE_STAND,0.000000,0.044587,-0.109419,-0.475364,0.000000,0.000000,0.000000,1.000000,1.000000
1782449571.670095,-1,0.000799,inf,SAFE_STAND,0.000000,0.044577,-0.109447,-0.475399,0.000000,0.000000,0.000000,1.000000,1.000000
1782449571.690146,-1,0.000466,inf,SAFE_STAND,0.000000,0.044548,-0.109466,-0.475396,0.000000,0.000000,0.000000,1.000000,1.000000
1782449571.710270,-1,0.000479,inf,SAFE_STAND,0.000000,0.044538,-0.109495,-0.475398,0.000000,0.000000,0.000000,1.000000,1.000000
1782449571.730349,-1,0.000481,inf,SAFE_STAND,0.000000,0.044544,-0.109530,-0.475362,0.000000,0.000000,0.000000,1.000000,1.000000
1782449571.750430,-1,0.000484,inf,SAFE_STAND,0.000000,0.044520,-0.109513,-0.475372,0.000000,0.000000,0.000000,1.000000,1.000000
1782449571.771009,-1,0.000452,inf,SAFE_STAND,0.000000,0.044506,-0.109446,-0.475394,0.000000,0.000000,0.000000,1.000000,1.000000
1782449571.791084,-1,0.000453,inf,SAFE_STAND,0.000000,0.044510,-0.109447,-0.475432,0.000000,0.000000,0.000000,1.000000,1.000000
1782449571.811842,-1,0.000782,inf,SAFE_STAND,0.000000,0.044516,-0.109386,-0.475410,0.000000,0.000000,0.000000,1.000000,1.000000
1782449571.831915,-1,0.000617,746.500774,SAFE_STAND,0.000000,0.044522,-0.109341,-0.475408,0.000000,0.000000,0.000000,1.000000,1.000000
1782449571.851885,-1,0.000514,inf,SAFE_STAND,0.000000,0.044532,-0.109327,-0.475404,0.000000,0.000000,0.000000,1.000000,1.000000
1782449571.871906,-1,0.000451,inf,SAFE_STAND,0.000000,0.044500,-0.109370,-0.475367,0.000000,0.000000,0.000000,1.000000,1.000000
1782449571.891973,-1,0.000441,inf,SAFE_STAND,0.000000,0.044476,-0.109357,-0.475354,0.000000,0.000000,0.000000,1.000000,1.000000
1782449571.912566,-1,0.000731,inf,SAFE_STAND,0.000000,0.044488,-0.109324,-0.475397,0.000000,0.000000,0.000000,1.000000,1.000000
1782449571.932454,-1,0.000516,inf,SAFE_STAND,0.000000,0.044482,-0.109283,-0.475366,0.000000,0.000000,0.000000,1.000000,1.000000
1782449571.952494,-1,0.000479,inf,SAFE_STAND,0.000000,0.044502,-0.109275,-0.475383,0.000000,0.000000,0.000000,1.000000,1.000000
1782449571.972531,-1,0.000440,inf,SAFE_STAND,0.000000,0.044484,-0.109286,-0.475391,0.000000,0.000000,0.000000,1.000000,1.000000
1782449571.992650,-1,0.000488,inf,SAFE_STAND,0.000000,0.044518,-0.109317,-0.475356,0.000000,0.000000,0.000000,1.000000,1.000000
1782449572.013359,-1,0.000868,inf,SAFE_STAND,0.000000,0.044507,-0.109319,-0.475325,0.000000,0.000000,0.000000,1.000000,1.000000
1782449572.033281,-1,0.000469,inf,SAFE_STAND,0.000000,0.044519,-0.109385,-0.475320,0.000000,0.000000,0.000000,1.000000,1.000000
1782449572.053320,-1,0.000438,inf,SAFE_STAND,0.000000,0.044541,-0.109418,-0.475345,0.000000,0.000000,0.000000,1.000000,1.000000
1782449572.073447,-1,0.000487,inf,SAFE_STAND,0.000000,0.044540,-0.109423,-0.475395,0.000000,0.000000,0.000000,1.000000,1.000000
1782449572.093745,-1,0.000445,inf,SAFE_STAND,0.000000,0.044539,-0.109410,-0.475438,0.000000,0.000000,0.000000,1.000000,1.000000
1782449572.113827,-1,0.000453,inf,SAFE_STAND,0.000000,0.044513,-0.109377,-0.475432,0.000000,0.000000,0.000000,1.000000,1.000000
1782449572.134015,-1,0.000560,inf,SAFE_STAND,0.000000,0.044487,-0.109367,-0.475422,0.000000,0.000000,0.000000,1.000000,1.000000
1782449572.154254,-1,0.000481,inf,SAFE_STAND,0.000000,0.044492,-0.109300,-0.475440,0.000000,0.000000,0.000000,1.000000,1.000000
1782449572.174638,-1,0.000786,inf,SAFE_STAND,0.000000,0.044497,-0.109254,-0.475399,0.000000,0.000000,0.000000,1.000000,1.000000
1782449572.194742,-1,0.000797,inf,SAFE_STAND,0.000000,0.044459,-0.109251,-0.475365,0.000000,0.000000,0.000000,1.000000,1.000000
1782449572.214667,-1,0.000449,inf,SAFE_STAND,0.000000,0.044452,-0.109243,-0.475376,0.000000,0.000000,0.000000,1.000000,1.000000
1782449572.234767,-1,0.000472,inf,SAFE_STAND,0.000000,0.044448,-0.109204,-0.475407,0.000000,0.000000,0.000000,1.000000,1.000000
1782449572.255049,-1,0.000678,inf,SAFE_STAND,0.000000,0.044448,-0.109202,-0.475397,0.000000,0.000000,0.000000,1.000000,1.000000
1782449572.275119,-1,0.000671,inf,SAFE_STAND,0.000000,0.044450,-0.109229,-0.475411,0.000000,0.000000,0.000000,1.000000,1.000000
1782449572.295221,-1,0.000696,inf,SAFE_STAND,0.000000,0.044430,-0.109224,-0.475403,0.000000,0.000000,0.000000,1.000000,1.000000
1782449572.315272,-1,0.000470,inf,SAFE_STAND,0.000000,0.044406,-0.109248,-0.475428,0.000000,0.000000,0.000000,1.000000,1.000000
1782449572.335490,-1,0.000612,747.004368,SAFE_STAND,0.000000,0.044401,-0.109214,-0.475421,0.000000,0.000000,0.000000,1.000000,1.000000
1782449572.355436,-1,0.000482,inf,SAFE_STAND,0.000000,0.044402,-0.109221,-0.475398,0.000000,0.000000,0.000000,1.000000,1.000000
1782449572.376101,-1,0.000718,inf,SAFE_STAND,0.000000,0.044371,-0.109229,-0.475364,0.000000,0.000000,0.000000,1.000000,1.000000
1782449572.395959,-1,0.000497,inf,SAFE_STAND,0.000000,0.044349,-0.109191,-0.475402,0.000000,0.000000,0.000000,1.000000,1.000000
1782449572.416034,-1,0.000457,inf,SAFE_STAND,0.000000,0.044356,-0.109214,-0.475414,0.000000,0.000000,0.000000,1.000000,1.000000
1782449572.436102,-1,0.000451,inf,SAFE_STAND,0.000000,0.044340,-0.109157,-0.475433,0.000000,0.000000,0.000000,1.000000,1.000000
1782449572.456192,-1,0.000467,inf,SAFE_STAND,0.000000,0.044314,-0.109176,-0.475471,0.000000,0.000000,0.000000,1.000000,1.000000
1782449572.476243,-1,0.000443,inf,SAFE_STAND,0.000000,0.044333,-0.109159,-0.475476,0.000000,0.000000,0.000000,1.000000,1.000000
1782449572.496616,-1,0.000448,inf,SAFE_STAND,0.000000,0.044329,-0.109117,-0.475506,0.000000,0.000000,0.000000,1.000000,1.000000
1782449572.516736,-1,0.000483,inf,SAFE_STAND,0.000000,0.044322,-0.109083,-0.475534,0.000000,0.000000,0.000000,1.000000,1.000000
1782449572.536800,-1,0.000471,inf,SAFE_STAND,0.000000,0.044343,-0.109022,-0.475576,0.000000,0.000000,0.000000,1.000000,1.000000
1782449572.556873,-1,0.000468,inf,SAFE_STAND,0.000000,0.044363,-0.109004,-0.475584,0.000000,0.000000,0.000000,1.000000,1.000000
1782449572.577386,-1,0.000687,inf,SAFE_STAND,0.000000,0.044355,-0.108990,-0.475553,0.000000,0.000000,0.000000,1.000000,1.000000
1782449572.597411,-1,0.000460,inf,SAFE_STAND,0.000000,0.044371,-0.108936,-0.475615,0.000000,0.000000,0.000000,1.000000,1.000000
1782449572.617479,-1,0.000453,inf,SAFE_STAND,0.000000,0.044357,-0.108917,-0.475618,0.000000,0.000000,0.000000,1.000000,1.000000
1782449572.637565,-1,0.000461,inf,SAFE_STAND,0.000000,0.044337,-0.108948,-0.475625,0.000000,0.000000,0.000000,1.000000,1.000000
1782449572.658071,-1,0.000670,inf,SAFE_STAND,0.000000,0.044340,-0.108950,-0.475564,0.000000,0.000000,0.000000,1.000000,1.000000
1782449572.678027,-1,0.000475,inf,SAFE_STAND,0.000000,0.044347,-0.108988,-0.475568,0.000000,0.000000,0.000000,1.000000,1.000000
1782449572.698140,-1,0.000450,inf,SAFE_STAND,0.000000,0.044358,-0.109033,-0.475576,0.000000,0.000000,0.000000,1.000000,1.000000
1782449572.718241,-1,0.000476,inf,SAFE_STAND,0.000000,0.044375,-0.109011,-0.475519,0.000000,0.000000,0.000000,1.000000,1.000000
1782449572.738760,-1,0.000689,inf,SAFE_STAND,0.000000,0.044372,-0.108970,-0.475518,0.000000,0.000000,0.000000,1.000000,1.000000
1782449572.758854,-1,0.000435,inf,SAFE_STAND,0.000000,0.044399,-0.108913,-0.475519,0.000000,0.000000,0.000000,1.000000,1.000000
1782449572.779150,-1,0.000448,inf,SAFE_STAND,0.000000,0.044382,-0.108883,-0.475482,0.000000,0.000000,0.000000,1.000000,1.000000
1782449572.799240,-1,0.000455,inf,SAFE_STAND,0.000000,0.044382,-0.108877,-0.475489,0.000000,0.000000,0.000000,1.000000,1.000000
1782449572.819721,-1,0.000412,inf,SAFE_STAND,0.000000,0.044392,-0.108796,-0.475477,0.000000,0.000000,0.000000,1.000000,1.000000
1782449572.839929,-1,0.000549,747.508835,SAFE_STAND,0.000000,0.044396,-0.108814,-0.475510,0.000000,0.000000,0.000000,1.000000,1.000000
1782449572.859874,-1,0.000417,inf,SAFE_STAND,0.000000,0.044409,-0.108791,-0.475505,0.000000,0.000000,0.000000,1.000000,1.000000
1782449572.879955,-1,0.000417,inf,SAFE_STAND,0.000000,0.044395,-0.108779,-0.475546,0.000000,0.000000,0.000000,1.000000,1.000000
1782449572.900490,-1,0.000650,inf,SAFE_STAND,0.000000,0.044428,-0.108785,-0.475579,0.000000,0.000000,0.000000,1.000000,1.000000
1782449572.920441,-1,0.000511,inf,SAFE_STAND,0.000000,0.044421,-0.108836,-0.475583,0.000000,0.000000,0.000000,1.000000,1.000000
1782449572.940453,-1,0.000446,inf,SAFE_STAND,0.000000,0.044400,-0.108817,-0.475595,0.000000,0.000000,0.000000,1.000000,1.000000
1782449572.960549,-1,0.000452,inf,SAFE_STAND,0.000000,0.044421,-0.108827,-0.475623,0.000000,0.000000,0.000000,1.000000,1.000000
1782449572.981179,-1,0.000773,inf,SAFE_STAND,0.000000,0.044422,-0.108828,-0.475660,0.000000,0.000000,0.000000,1.000000,1.000000
1782449573.001073,-1,0.000430,inf,SAFE_STAND,0.000000,0.044433,-0.108841,-0.475680,0.000000,0.000000,0.000000,1.000000,1.000000
1782449573.021157,-1,0.000436,inf,SAFE_STAND,0.000000,0.044415,-0.108829,-0.475676,0.000000,0.000000,0.000000,1.000000,1.000000
1782449573.041258,-1,0.000441,inf,SAFE_STAND,0.000000,0.044421,-0.108823,-0.475710,0.000000,0.000000,0.000000,1.000000,1.000000
1782449573.061345,-1,0.000454,inf,SAFE_STAND,0.000000,0.044402,-0.108834,-0.475709,0.000000,0.000000,0.000000,1.000000,1.000000
1782449573.081812,-1,0.000623,inf,SAFE_STAND,0.000000,0.044413,-0.108803,-0.475704,0.000000,0.000000,0.000000,1.000000,1.000000
1782449573.101868,-1,0.000597,inf,SAFE_STAND,0.000000,0.044419,-0.108817,-0.475737,0.000000,0.000000,0.000000,1.000000,1.000000
1782449573.121926,-1,0.000473,inf,SAFE_STAND,0.000000,0.044389,-0.108797,-0.475713,0.000000,0.000000,0.000000,1.000000,1.000000
1782449573.141943,-1,0.000415,inf,SAFE_STAND,0.000000,0.044401,-0.108744,-0.475722,0.000000,0.000000,0.000000,1.000000,1.000000
1782449573.162086,-1,0.000476,inf,SAFE_STAND,0.000000,0.044400,-0.108716,-0.475771,0.000000,0.000000,0.000000,1.000000,1.000000
1782449573.182179,-1,0.000490,inf,SAFE_STAND,0.000000,0.044397,-0.108718,-0.475731,0.000000,0.000000,0.000000,1.000000,1.000000
1782449573.202784,-1,0.000793,inf,SAFE_STAND,0.000000,0.044413,-0.108698,-0.475750,0.000000,0.000000,0.000000,1.000000,1.000000
1782449573.222517,-1,0.000421,inf,SAFE_STAND,0.000000,0.044430,-0.108744,-0.475683,0.000000,0.000000,0.000000,1.000000,1.000000
1782449573.242612,-1,0.000438,inf,SAFE_STAND,0.000000,0.044443,-0.108700,-0.475686,0.000000,0.000000,0.000000,1.000000,1.000000
1782449573.262710,-1,0.000457,inf,SAFE_STAND,0.000000,0.044439,-0.108695,-0.475678,0.000000,0.000000,0.000000,1.000000,1.000000
1782449573.283200,-1,0.000643,inf,SAFE_STAND,0.000000,0.044422,-0.108717,-0.475688,0.000000,0.000000,0.000000,1.000000,1.000000
1782449573.303469,-1,0.000484,inf,SAFE_STAND,0.000000,0.044405,-0.108732,-0.475696,0.000000,0.000000,0.000000,1.000000,1.000000
1782449573.323541,-1,0.000428,inf,SAFE_STAND,0.000000,0.044390,-0.108726,-0.475721,0.000000,0.000000,0.000000,1.000000,1.000000
1782449573.344176,-1,0.000941,748.012782,SAFE_STAND,0.000000,0.044356,-0.108704,-0.475738,0.000000,0.000000,0.000000,1.000000,1.000000
1782449573.364049,-1,0.000686,inf,SAFE_STAND,0.000000,0.044356,-0.108704,-0.475685,0.000000,0.000000,0.000000,1.000000,1.000000
1782449573.383917,-1,0.000424,inf,SAFE_STAND,0.000000,0.044341,-0.108671,-0.475634,0.000000,0.000000,0.000000,1.000000,1.000000
1782449573.404042,-1,0.000427,inf,SAFE_STAND,0.000000,0.044359,-0.108630,-0.475582,0.000000,0.000000,0.000000,1.000000,1.000000
1782449573.424167,-1,0.000424,inf,SAFE_STAND,0.000000,0.044330,-0.108560,-0.475557,0.000000,0.000000,0.000000,1.000000,1.000000
1782449573.444296,-1,0.000429,inf,SAFE_STAND,0.000000,0.044330,-0.108567,-0.475549,0.000000,0.000000,0.000000,1.000000,1.000000
1782449573.464748,-1,0.000434,inf,SAFE_STAND,0.000000,0.044331,-0.108551,-0.475497,0.000000,0.000000,0.000000,1.000000,1.000000
1782449573.484878,-1,0.000438,inf,SAFE_STAND,0.000000,0.044343,-0.108494,-0.475511,0.000000,0.000000,0.000000,1.000000,1.000000
1782449573.505467,-1,0.000642,inf,SAFE_STAND,0.000000,0.044348,-0.108470,-0.475465,0.000000,0.000000,0.000000,1.000000,1.000000
1782449573.525557,-1,0.000653,inf,SAFE_STAND,0.000000,0.044320,-0.108436,-0.475457,0.000000,0.000000,0.000000,1.000000,1.000000
1782449573.545556,-1,0.000440,inf,SAFE_STAND,0.000000,0.044332,-0.108404,-0.475427,0.000000,0.000000,0.000000,1.000000,1.000000
1782449573.565675,-1,0.000440,inf,SAFE_STAND,0.000000,0.044346,-0.108379,-0.475416,0.000000,0.000000,0.000000,1.000000,1.000000
1782449573.586104,-1,0.000736,inf,SAFE_STAND,0.000000,0.044340,-0.108370,-0.475406,0.000000,0.000000,0.000000,1.000000,1.000000
1782449573.606131,-1,0.000688,inf,SAFE_STAND,0.000000,0.044338,-0.108342,-0.475405,0.000000,0.000000,0.000000,1.000000,1.000000
1782449573.626173,-1,0.000654,inf,SAFE_STAND,0.000000,0.044331,-0.108350,-0.475423,0.000000,0.000000,0.000000,1.000000,1.000000
1782449573.646165,-1,0.000479,inf,SAFE_STAND,0.000000,0.044326,-0.108312,-0.475417,0.000000,0.000000,0.000000,1.000000,1.000000
1782449573.666257,-1,0.000492,inf,SAFE_STAND,0.000000,0.044318,-0.108299,-0.475440,0.000000,0.000000,0.000000,1.000000,1.000000
1782449573.686375,-1,0.000533,inf,SAFE_STAND,0.000000,0.044338,-0.108267,-0.475447,0.000000,0.000000,0.000000,1.000000,1.000000
1782449573.706400,-1,0.000477,inf,SAFE_STAND,0.000000,0.044344,-0.108276,-0.475479,0.000000,0.000000,0.000000,1.000000,1.000000
1782449573.726871,-1,0.000654,inf,SAFE_STAND,0.000000,0.044344,-0.108270,-0.475443,0.000000,0.000000,0.000000,1.000000,1.000000
1782449573.746935,-1,0.000479,inf,SAFE_STAND,0.000000,0.044344,-0.108317,-0.475447,0.000000,0.000000,0.000000,1.000000,1.000000
1782449573.767000,-1,0.000468,inf,SAFE_STAND,0.000000,0.044361,-0.108346,-0.475469,0.000000,0.000000,0.000000,1.000000,1.000000
1782449573.787058,-1,0.000451,inf,SAFE_STAND,0.000000,0.044367,-0.108367,-0.475463,0.000000,0.000000,0.000000,1.000000,1.000000
1782449573.807145,-1,0.000463,inf,SAFE_STAND,0.000000,0.044371,-0.108359,-0.475477,0.000000,0.000000,0.000000,1.000000,1.000000
1782449573.827670,-1,0.000685,inf,SAFE_STAND,0.000000,0.044391,-0.108316,-0.475486,0.000000,0.000000,0.000000,1.000000,1.000000
1782449573.847791,-1,0.000593,748.516683,SAFE_STAND,0.000000,0.044391,-0.108323,-0.475426,0.000000,0.000000,0.000000,1.000000,1.000000
1782449573.867722,-1,0.000451,inf,SAFE_STAND,0.000000,0.044384,-0.108334,-0.475442,0.000000,0.000000,0.000000,1.000000,1.000000
1782449573.887782,-1,0.000441,inf,SAFE_STAND,0.000000,0.044370,-0.108371,-0.475435,0.000000,0.000000,0.000000,1.000000,1.000000
1782449573.907839,-1,0.000424,inf,SAFE_STAND,0.000000,0.044377,-0.108379,-0.475440,0.000000,0.000000,0.000000,1.000000,1.000000
1782449573.928170,-1,0.000679,inf,SAFE_STAND,0.000000,0.044378,-0.108374,-0.475461,0.000000,0.000000,0.000000,1.000000,1.000000
1782449573.948246,-1,0.000674,inf,SAFE_STAND,0.000000,0.044371,-0.108380,-0.475485,0.000000,0.000000,0.000000,1.000000,1.000000
1782449573.968113,-1,0.000444,inf,SAFE_STAND,0.000000,0.044391,-0.108344,-0.475514,0.000000,0.000000,0.000000,1.000000,1.000000
1782449573.988246,-1,0.000465,inf,SAFE_STAND,0.000000,0.044384,-0.108328,-0.475518,0.000000,0.000000,0.000000,1.000000,1.000000
1782449574.008283,-1,0.000429,inf,SAFE_STAND,0.000000,0.044370,-0.108340,-0.475505,0.000000,0.000000,0.000000,1.000000,1.000000
1782449574.028510,-1,0.000581,inf,SAFE_STAND,0.000000,0.044362,-0.108382,-0.475496,0.000000,0.000000,0.000000,1.000000,1.000000
1782449574.049015,-1,0.000565,inf,SAFE_STAND,0.000000,0.044364,-0.108416,-0.475500,0.000000,0.000000,0.000000,1.000000,1.000000
1782449574.068980,-1,0.000414,inf,SAFE_STAND,0.000000,0.044355,-0.108390,-0.475468,0.000000,0.000000,0.000000,1.000000,1.000000
1782449574.089106,-1,0.000466,inf,SAFE_STAND,0.000000,0.044366,-0.108416,-0.475427,0.000000,0.000000,0.000000,1.000000,1.000000
1782449574.109368,-1,0.000437,inf,SAFE_STAND,0.000000,0.044347,-0.108419,-0.475426,0.000000,0.000000,0.000000,1.000000,1.000000
1782449574.129726,-1,0.000469,inf,SAFE_STAND,0.000000,0.044354,-0.108399,-0.475473,0.000000,0.000000,0.000000,1.000000,1.000000
1782449574.149838,-1,0.000496,inf,SAFE_STAND,0.000000,0.044359,-0.108362,-0.475461,0.000000,0.000000,0.000000,1.000000,1.000000
1782449574.169854,-1,0.000438,inf,SAFE_STAND,0.000000,0.044327,-0.108339,-0.475478,0.000000,0.000000,0.000000,1.000000,1.000000
1782449574.189906,-1,0.000452,inf,SAFE_STAND,0.000000,0.044346,-0.108314,-0.475442,0.000000,0.000000,0.000000,1.000000,1.000000
1782449574.209971,-1,0.000444,inf,SAFE_STAND,0.000000,0.044345,-0.108259,-0.475440,0.000000,0.000000,0.000000,1.000000,1.000000
1782449574.230515,-1,0.000684,inf,SAFE_STAND,0.000000,0.044368,-0.108244,-0.475405,0.000000,0.000000,0.000000,1.000000,1.000000
1782449574.250443,-1,0.000498,inf,SAFE_STAND,0.000000,0.044380,-0.108238,-0.475399,0.000000,0.000000,0.000000,1.000000,1.000000
1782449574.270434,-1,0.000415,inf,SAFE_STAND,0.000000,0.044400,-0.108225,-0.475409,0.000000,0.000000,0.000000,1.000000,1.000000
1782449574.290532,-1,0.000443,inf,SAFE_STAND,0.000000,0.044407,-0.108232,-0.475403,0.000000,0.000000,0.000000,1.000000,1.000000
1782449574.310591,-1,0.000428,inf,SAFE_STAND,0.000000,0.044408,-0.108182,-0.475397,0.000000,0.000000,0.000000,1.000000,1.000000
1782449574.330900,-1,0.000660,inf,SAFE_STAND,0.000000,0.044422,-0.108186,-0.475360,0.000000,0.000000,0.000000,1.000000,1.000000
1782449574.351116,-1,0.000795,749.019787,SAFE_STAND,0.000000,0.044443,-0.108191,-0.475325,0.000000,0.000000,0.000000,1.000000,1.000000
1782449574.371208,-1,0.000816,inf,SAFE_STAND,0.000000,0.044439,-0.108236,-0.475323,0.000000,0.000000,0.000000,1.000000,1.000000
1782449574.391342,-1,0.000718,inf,SAFE_STAND,0.000000,0.044424,-0.108206,-0.475338,0.000000,0.000000,0.000000,1.000000,1.000000
1782449574.411762,-1,0.000985,inf,SAFE_STAND,0.000000,0.044431,-0.108189,-0.475316,0.000000,0.000000,0.000000,1.000000,1.000000
1782449574.431923,-1,0.000986,inf,SAFE_STAND,0.000000,0.044440,-0.108218,-0.475270,0.000000,0.000000,0.000000,1.000000,1.000000
1782449574.452092,-1,0.000989,inf,SAFE_STAND,0.000000,0.044449,-0.108192,-0.475281,0.000000,0.000000,0.000000,1.000000,1.000000
1782449574.471989,-1,0.000728,inf,SAFE_STAND,0.000000,0.044452,-0.108213,-0.475220,0.000000,0.000000,0.000000,1.000000,1.000000
1782449574.492680,-1,0.000993,inf,SAFE_STAND,0.000000,0.044454,-0.108214,-0.475190,0.000000,0.000000,0.000000,1.000000,1.000000
1782449574.512835,-1,0.000990,inf,SAFE_STAND,0.000000,0.044433,-0.108264,-0.475191,0.000000,0.000000,0.000000,1.000000,1.000000
1782449574.533007,-1,0.000999,inf,SAFE_STAND,0.000000,0.044423,-0.108276,-0.475144,0.000000,0.000000,0.000000,1.000000,1.000000
1782449574.552989,-1,0.000740,inf,SAFE_STAND,0.000000,0.044414,-0.108271,-0.475149,0.000000,0.000000,0.000000,1.000000,1.000000
1782449574.573630,-1,0.000950,inf,SAFE_STAND,0.000000,0.044403,-0.108315,-0.475119,0.000000,0.000000,0.000000,1.000000,1.000000
1782449574.593420,-1,0.000478,inf,SAFE_STAND,0.000000,0.044430,-0.108294,-0.475159,0.000000,0.000000,0.000000,1.000000,1.000000
1782449574.613443,-1,0.000425,inf,SAFE_STAND,0.000000,0.044425,-0.108275,-0.475119,0.000000,0.000000,0.000000,1.000000,1.000000
1782449574.633562,-1,0.000453,inf,SAFE_STAND,0.000000,0.044425,-0.108237,-0.475074,0.000000,0.000000,0.000000,1.000000,1.000000
1782449574.653664,-1,0.000479,inf,SAFE_STAND,0.000000,0.044430,-0.108249,-0.475094,0.000000,0.000000,0.000000,1.000000,1.000000
1782449574.674134,-1,0.000679,inf,SAFE_STAND,0.000000,0.044400,-0.108258,-0.475006,0.000000,0.000000,0.000000,1.000000,1.000000
1782449574.694141,-1,0.000461,inf,SAFE_STAND,0.000000,0.044392,-0.108268,-0.474994,0.000000,0.000000,0.000000,1.000000,1.000000
1782449574.714236,-1,0.000482,inf,SAFE_STAND,0.000000,0.044383,-0.108276,-0.474973,0.000000,0.000000,0.000000,1.000000,1.000000
1782449574.734768,-1,0.000708,inf,SAFE_STAND,0.000000,0.044373,-0.108249,-0.474966,0.000000,0.000000,0.000000,1.000000,1.000000
1782449574.754898,-1,0.000757,inf,SAFE_STAND,0.000000,0.044375,-0.108279,-0.474924,0.000000,0.000000,0.000000,1.000000,1.000000
1782449574.774904,-1,0.000685,inf,SAFE_STAND,0.000000,0.044376,-0.108228,-0.474914,0.000000,0.000000,0.000000,1.000000,1.000000
1782449574.794742,-1,0.000445,inf,SAFE_STAND,0.000000,0.044385,-0.108196,-0.474931,0.000000,0.000000,0.000000,1.000000,1.000000
1782449574.814864,-1,0.000441,inf,SAFE_STAND,0.000000,0.044375,-0.108171,-0.474904,0.000000,0.000000,0.000000,1.000000,1.000000
1782449574.835003,-1,0.000447,inf,SAFE_STAND,0.000000,0.044407,-0.108153,-0.474869,0.000000,0.000000,0.000000,1.000000,1.000000
1782449574.855621,-1,0.000940,749.524247,SAFE_STAND,0.000000,0.044408,-0.108165,-0.474834,0.000000,0.000000,0.000000,1.000000,1.000000
1782449574.875533,-1,0.000698,inf,SAFE_STAND,0.000000,0.044408,-0.108143,-0.474825,0.000000,0.000000,0.000000,1.000000,1.000000
1782449574.895590,-1,0.000511,inf,SAFE_STAND,0.000000,0.044422,-0.108123,-0.474837,0.000000,0.000000,0.000000,1.000000,1.000000
1782449574.915642,-1,0.000428,inf,SAFE_STAND,0.000000,0.044429,-0.108111,-0.474874,0.000000,0.000000,0.000000,1.000000,1.000000
1782449574.935839,-1,0.000499,inf,SAFE_STAND,0.000000,0.044422,-0.108083,-0.474888,0.000000,0.000000,0.000000,1.000000,1.000000
1782449574.956230,-1,0.000801,inf,SAFE_STAND,0.000000,0.044411,-0.108053,-0.474874,0.000000,0.000000,0.000000,1.000000,1.000000
1782449574.976521,-1,0.000999,inf,SAFE_STAND,0.000000,0.044423,-0.108071,-0.474860,0.000000,0.000000,0.000000,1.000000,1.000000
1782449574.996696,-1,0.000740,inf,SAFE_STAND,0.000000,0.044438,-0.108031,-0.474905,0.000000,0.000000,0.000000,1.000000,1.000000
1782449575.017136,-1,0.001019,inf,SAFE_STAND,0.000000,0.044431,-0.108061,-0.474886,0.000000,0.000000,0.000000,1.000000,1.000000
1782449575.037317,-1,0.001029,inf,SAFE_STAND,0.000000,0.044451,-0.108046,-0.474902,0.000000,0.000000,0.000000,1.000000,1.000000
1782449575.057382,-1,0.000743,inf,SAFE_STAND,0.000000,0.044445,-0.108048,-0.474895,0.000000,0.000000,0.000000,1.000000,1.000000
1782449575.078107,-1,0.001027,inf,SAFE_STAND,0.000000,0.044449,-0.108094,-0.474920,0.000000,0.000000,0.000000,1.000000,1.000000
1782449575.097953,-1,0.000509,inf,SAFE_STAND,0.000000,0.044454,-0.108081,-0.474914,0.000000,0.000000,0.000000,1.000000,1.000000
1782449575.117985,-1,0.000463,inf,SAFE_STAND,0.000000,0.044453,-0.108123,-0.474879,0.000000,0.000000,0.000000,1.000000,1.000000
1782449575.138052,-1,0.000457,inf,SAFE_STAND,0.000000,0.044455,-0.108155,-0.474870,0.000000,0.000000,0.000000,1.000000,1.000000
1782449575.158664,-1,0.000470,inf,SAFE_STAND,0.000000,0.044433,-0.108212,-0.474860,0.000000,0.000000,0.000000,1.000000,1.000000
1782449575.179071,-1,0.000752,inf,SAFE_STAND,0.000000,0.044415,-0.108225,-0.474844,0.000000,0.000000,0.000000,1.000000,1.000000
1782449575.199789,-1,0.001024,inf,SAFE_STAND,0.000000,0.044416,-0.108257,-0.474881,0.000000,0.000000,0.000000,1.000000,1.000000
1782449575.219843,-1,0.000752,inf,SAFE_STAND,0.000000,0.044411,-0.108261,-0.474883,0.000000,0.000000,0.000000,1.000000,1.000000
1782449575.240551,-1,0.001020,inf,SAFE_STAND,0.000000,0.044422,-0.108238,-0.474861,0.000000,0.000000,0.000000,1.000000,1.000000
1782449575.260631,-1,0.000749,inf,SAFE_STAND,0.000000,0.044411,-0.108238,-0.474854,0.000000,0.000000,0.000000,1.000000,1.000000
1782449575.281299,-1,0.001000,inf,SAFE_STAND,0.000000,0.044410,-0.108235,-0.474845,0.000000,0.000000,0.000000,1.000000,1.000000
1782449575.301427,-1,0.001035,inf,SAFE_STAND,0.000000,0.044417,-0.108215,-0.474842,0.000000,0.000000,0.000000,1.000000,1.000000
1782449575.321512,-1,0.000759,inf,SAFE_STAND,0.000000,0.044420,-0.108224,-0.474803,0.000000,0.000000,0.000000,1.000000,1.000000
1782449575.342237,-1,0.001037,inf,SAFE_STAND,0.000000,0.044412,-0.108264,-0.474790,0.000000,0.000000,0.000000,1.000000,1.000000
1782449575.362780,-1,0.001369,750.031091,SAFE_STAND,0.000000,0.044429,-0.108229,-0.474822,0.000000,0.000000,0.000000,1.000000,1.000000
1782449575.382373,-1,0.000759,inf,SAFE_STAND,0.000000,0.044419,-0.108219,-0.474837,0.000000,0.000000,0.000000,1.000000,1.000000
1782449575.403027,-1,0.001037,inf,SAFE_STAND,0.000000,0.044429,-0.108209,-0.474845,0.000000,0.000000,0.000000,1.000000,1.000000
1782449575.423480,-1,0.001029,inf,SAFE_STAND,0.000000,0.044434,-0.108211,-0.474740,0.000000,0.000000,0.000000,1.000000,1.000000
1782449575.443660,-1,0.001037,inf,SAFE_STAND,0.000000,0.044399,-0.108234,-0.474735,0.000000,0.000000,0.000000,1.000000,1.000000
1782449575.463787,-1,0.001002,inf,SAFE_STAND,0.000000,0.044389,-0.108197,-0.474743,0.000000,0.000000,0.000000,1.000000,1.000000
1782449575.483895,-1,0.000769,inf,SAFE_STAND,0.000000,0.044389,-0.108211,-0.474739,0.000000,0.000000,0.000000,1.000000,1.000000
1782449575.504321,-1,0.001022,inf,SAFE_STAND,0.000000,0.044420,-0.108170,-0.474762,0.000000,0.000000,0.000000,1.000000,1.000000
1782449575.524040,-1,0.000640,inf,SAFE_STAND,0.000000,0.044429,-0.108160,-0.474767,0.000000,0.000000,0.000000,1.000000,1.000000
1782449575.544405,-1,0.000445,inf,SAFE_STAND,0.000000,0.044439,-0.108187,-0.474766,0.000000,0.000000,0.000000,1.000000,1.000000
1782449575.564493,-1,0.000462,inf,SAFE_STAND,0.000000,0.044435,-0.108242,-0.474730,0.000000,0.000000,0.000000,1.000000,1.000000
1782449575.584556,-1,0.000450,inf,SAFE_STAND,0.000000,0.044434,-0.108226,-0.474746,0.000000,0.000000,0.000000,1.000000,1.000000
1782449575.604625,-1,0.000438,inf,SAFE_STAND,0.000000,0.044431,-0.108228,-0.474771,0.000000,0.000000,0.000000,1.000000,1.000000
1782449575.625100,-1,0.000436,inf,SAFE_STAND,0.000000,0.044398,-0.108278,-0.474715,0.000000,0.000000,0.000000,1.000000,1.000000
1782449575.645269,-1,0.000531,inf,SAFE_STAND,0.000000,0.044411,-0.108273,-0.474727,0.000000,0.000000,0.000000,1.000000,1.000000
1782449575.665258,-1,0.000437,inf,SAFE_STAND,0.000000,0.044401,-0.108268,-0.474720,0.000000,0.000000,0.000000,1.000000,1.000000
1782449575.685777,-1,0.000660,inf,SAFE_STAND,0.000000,0.044416,-0.108220,-0.474733,0.000000,0.000000,0.000000,1.000000,1.000000
1782449575.705982,-1,0.000449,inf,SAFE_STAND,0.000000,0.044390,-0.108223,-0.474735,0.000000,0.000000,0.000000,1.000000,1.000000
1782449575.726065,-1,0.000455,inf,SAFE_STAND,0.000000,0.044398,-0.108231,-0.474750,0.000000,0.000000,0.000000,1.000000,1.000000
1782449575.746131,-1,0.000447,inf,SAFE_STAND,0.000000,0.044384,-0.108274,-0.474739,0.000000,0.000000,0.000000,1.000000,1.000000
1782449575.766654,-1,0.000440,inf,SAFE_STAND,0.000000,0.044351,-0.108284,-0.474764,0.000000,0.000000,0.000000,1.000000,1.000000
1782449575.786706,-1,0.000416,inf,SAFE_STAND,0.000000,0.044316,-0.108315,-0.474758,0.000000,0.000000,0.000000,1.000000,1.000000
1782449575.807203,-1,0.000616,inf,SAFE_STAND,0.000000,0.044295,-0.108316,-0.474779,0.000000,0.000000,0.000000,1.000000,1.000000
1782449575.827291,-1,0.000631,inf,SAFE_STAND,0.000000,0.044293,-0.108383,-0.474777,0.000000,0.000000,0.000000,1.000000,1.000000
1782449575.847456,-1,0.000724,inf,SAFE_STAND,0.000000,0.044298,-0.108378,-0.474751,0.000000,0.000000,0.000000,1.000000,1.000000
1782449575.867555,-1,0.000595,750.536429,SAFE_STAND,0.000000,0.044313,-0.108396,-0.474705,0.000000,0.000000,0.000000,1.000000,1.000000
1782449575.887440,-1,0.000400,inf,SAFE_STAND,0.000000,0.044325,-0.108409,-0.474692,0.000000,0.000000,0.000000,1.000000,1.000000
1782449575.907534,-1,0.000424,inf,SAFE_STAND,0.000000,0.044319,-0.108405,-0.474689,0.000000,0.000000,0.000000,1.000000,1.000000
1782449575.928187,-1,0.000790,inf,SAFE_STAND,0.000000,0.044326,-0.108394,-0.474685,0.000000,0.000000,0.000000,1.000000,1.000000
1782449575.948227,-1,0.000534,inf,SAFE_STAND,0.000000,0.044324,-0.108393,-0.474707,0.000000,0.000000,0.000000,1.000000,1.000000
1782449575.968180,-1,0.000413,inf,SAFE_STAND,0.000000,0.044327,-0.108374,-0.474676,0.000000,0.000000,0.000000,1.000000,1.000000
1782449575.988577,-1,0.000731,inf,SAFE_STAND,0.000000,0.044314,-0.108384,-0.474675,0.000000,0.000000,0.000000,1.000000,1.000000
1782449576.008383,-1,0.000452,inf,SAFE_STAND,0.000000,0.044328,-0.108369,-0.474688,0.000000,0.000000,0.000000,1.000000,1.000000
1782449576.028709,-1,0.000392,inf,SAFE_STAND,0.000000,0.044346,-0.108386,-0.474686,0.000000,0.000000,0.000000,1.000000,1.000000
1782449576.049022,-1,0.000583,inf,SAFE_STAND,0.000000,0.044339,-0.108366,-0.474673,0.000000,0.000000,0.000000,1.000000,1.000000
1782449576.069000,-1,0.000478,inf,SAFE_STAND,0.000000,0.044318,-0.108406,-0.474611,0.000000,0.000000,0.000000,1.000000,1.000000
1782449576.089571,-1,0.000737,inf,SAFE_STAND,0.000000,0.044308,-0.108359,-0.474600,0.000000,0.000000,0.000000,1.000000,1.000000
1782449576.109608,-1,0.000691,inf,SAFE_STAND,0.000000,0.044288,-0.108385,-0.474593,0.000000,0.000000,0.000000,1.000000,1.000000
1782449576.129417,-1,0.000427,inf,SAFE_STAND,0.000000,0.044282,-0.108387,-0.474554,0.000000,0.000000,0.000000,1.000000,1.000000
1782449576.149636,-1,0.000498,inf,SAFE_STAND,0.000000,0.044276,-0.108417,-0.474588,0.000000,0.000000,0.000000,1.000000,1.000000
1782449576.169729,-1,0.000461,inf,SAFE_STAND,0.000000,0.044279,-0.108403,-0.474608,0.000000,0.000000,0.000000,1.000000,1.000000
1782449576.190256,-1,0.000685,inf,SAFE_STAND,0.000000,0.044272,-0.108422,-0.474635,0.000000,0.000000,0.000000,1.000000,1.000000
1782449576.210151,-1,0.000452,inf,SAFE_STAND,0.000000,0.044251,-0.108442,-0.474609,0.000000,0.000000,0.000000,1.000000,1.000000
1782449576.230194,-1,0.000416,inf,SAFE_STAND,0.000000,0.044255,-0.108455,-0.474642,0.000000,0.000000,0.000000,1.000000,1.000000
1782449576.250291,-1,0.000441,inf,SAFE_STAND,0.000000,0.044258,-0.108502,-0.474606,0.000000,0.000000,0.000000,1.000000,1.000000
1782449576.270327,-1,0.000407,inf,SAFE_STAND,0.000000,0.044257,-0.108556,-0.474594,0.000000,0.000000,0.000000,1.000000,1.000000
1782449576.290650,-1,0.000656,inf,SAFE_STAND,0.000000,0.044257,-0.108555,-0.474609,0.000000,0.000000,0.000000,1.000000,1.000000
1782449576.310511,-1,0.000445,inf,SAFE_STAND,0.000000,0.044245,-0.108586,-0.474658,0.000000,0.000000,0.000000,1.000000,1.000000
1782449576.330782,-1,0.000635,inf,SAFE_STAND,0.000000,0.044226,-0.108586,-0.474656,0.000000,0.000000,0.000000,1.000000,1.000000
1782449576.350725,-1,0.000405,inf,SAFE_STAND,0.000000,0.044236,-0.108588,-0.474698,0.000000,0.000000,0.000000,1.000000,1.000000
1782449576.371024,-1,0.000632,751.039919,SAFE_STAND,0.000000,0.044242,-0.108577,-0.474677,0.000000,0.000000,0.000000,1.000000,1.000000
1782449576.390928,-1,0.000464,inf,SAFE_STAND,0.000000,0.044215,-0.108600,-0.474684,0.000000,0.000000,0.000000,1.000000,1.000000
1782449576.410961,-1,0.000425,inf,SAFE_STAND,0.000000,0.044221,-0.108594,-0.474692,0.000000,0.000000,0.000000,1.000000,1.000000
1782449576.431024,-1,0.000418,inf,SAFE_STAND,0.000000,0.044205,-0.108575,-0.474743,0.000000,0.000000,0.000000,1.000000,1.000000
1782449576.451479,-1,0.000797,inf,SAFE_STAND,0.000000,0.044190,-0.108560,-0.474739,0.000000,0.000000,0.000000,1.000000,1.000000
1782449576.471402,-1,0.000633,inf,SAFE_STAND,0.000000,0.044152,-0.108577,-0.474764,0.000000,0.000000,0.000000,1.000000,1.000000
1782449576.491421,-1,0.000476,inf,SAFE_STAND,0.000000,0.044166,-0.108583,-0.474786,0.000000,0.000000,0.000000,1.000000,1.000000
1782449576.511417,-1,0.000396,inf,SAFE_STAND,0.000000,0.044177,-0.108580,-0.474776,0.000000,0.000000,0.000000,1.000000,1.000000
1782449576.531523,-1,0.000430,inf,SAFE_STAND,0.000000,0.044177,-0.108605,-0.474760,0.000000,0.000000,0.000000,1.000000,1.000000
1782449576.551613,-1,0.000444,inf,SAFE_STAND,0.000000,0.044174,-0.108623,-0.474719,0.000000,0.000000,0.000000,1.000000,1.000000
1782449576.572033,-1,0.000790,inf,SAFE_STAND,0.000000,0.044177,-0.108647,-0.474711,0.000000,0.000000,0.000000,1.000000,1.000000
1782449576.591751,-1,0.000435,inf,SAFE_STAND,0.000000,0.044179,-0.108568,-0.474751,0.000000,0.000000,0.000000,1.000000,1.000000
1782449576.612391,-1,0.000539,inf,SAFE_STAND,0.000000,0.044174,-0.108560,-0.474782,0.000000,0.000000,0.000000,1.000000,1.000000
1782449576.632395,-1,0.000462,inf,SAFE_STAND,0.000000,0.044166,-0.108540,-0.474780,0.000000,0.000000,0.000000,1.000000,1.000000
1782449576.652550,-1,0.000534,inf,SAFE_STAND,0.000000,0.044180,-0.108543,-0.474766,0.000000,0.000000,0.000000,1.000000,1.000000
1782449576.672955,-1,0.000493,inf,SAFE_STAND,0.000000,0.044159,-0.108549,-0.474797,0.000000,0.000000,0.000000,1.000000,1.000000
1782449576.692973,-1,0.000426,inf,SAFE_STAND,0.000000,0.044147,-0.108512,-0.474780,0.000000,0.000000,0.000000,1.000000,1.000000
1782449576.713127,-1,0.000506,inf,SAFE_STAND,0.000000,0.044099,-0.108575,-0.474751,0.000000,0.000000,0.000000,1.000000,1.000000
1782449576.733558,-1,0.000634,inf,SAFE_STAND,0.000000,0.044085,-0.108590,-0.474753,0.000000,0.000000,0.000000,1.000000,1.000000
1782449576.753660,-1,0.000663,inf,SAFE_STAND,0.000000,0.044088,-0.108605,-0.474767,0.000000,0.000000,0.000000,1.000000,1.000000
1782449576.773757,-1,0.000683,inf,SAFE_STAND,0.000000,0.044071,-0.108626,-0.474812,0.000000,0.000000,0.000000,1.000000,1.000000
1782449576.793611,-1,0.000418,inf,SAFE_STAND,0.000000,0.044041,-0.108710,-0.474829,0.000000,0.000000,0.000000,1.000000,1.000000
1782449576.813720,-1,0.000455,inf,SAFE_STAND,0.000000,0.044033,-0.108706,-0.474834,0.000000,0.000000,0.000000,1.000000,1.000000
1782449576.833746,-1,0.000407,inf,SAFE_STAND,0.000000,0.044030,-0.108780,-0.474837,0.000000,0.000000,0.000000,1.000000,1.000000
1782449576.853825,-1,0.000412,inf,SAFE_STAND,0.000000,0.044019,-0.108821,-0.474816,0.000000,0.000000,0.000000,1.000000,1.000000
1782449576.874470,-1,0.000771,751.543338,SAFE_STAND,0.000000,0.044040,-0.108810,-0.474801,0.000000,0.000000,0.000000,1.000000,1.000000
1782449576.894228,-1,0.000417,inf,SAFE_STAND,0.000000,0.044017,-0.108836,-0.474775,0.000000,0.000000,0.000000,1.000000,1.000000
1782449576.914398,-1,0.000431,inf,SAFE_STAND,0.000000,0.044005,-0.108847,-0.474784,0.000000,0.000000,0.000000,1.000000,1.000000
1782449576.934488,-1,0.000446,inf,SAFE_STAND,0.000000,0.043991,-0.108828,-0.474797,0.000000,0.000000,0.000000,1.000000,1.000000
1782449576.955006,-1,0.000664,inf,SAFE_STAND,0.000000,0.043983,-0.108802,-0.474827,0.000000,0.000000,0.000000,1.000000,1.000000
1782449576.975083,-1,0.000490,inf,SAFE_STAND,0.000000,0.043966,-0.108804,-0.474783,0.000000,0.000000,0.000000,1.000000,1.000000
1782449576.995143,-1,0.000476,inf,SAFE_STAND,0.000000,0.043956,-0.108800,-0.474795,0.000000,0.000000,0.000000,1.000000,1.000000
1782449577.015182,-1,0.000436,inf,SAFE_STAND,0.000000,0.043962,-0.108801,-0.474827,0.000000,0.000000,0.000000,1.000000,1.000000
1782449577.035336,-1,0.000517,inf,SAFE_STAND,0.000000,0.043974,-0.108827,-0.474817,0.000000,0.000000,0.000000,1.000000,1.000000
1782449577.055928,-1,0.000548,inf,SAFE_STAND,0.000000,0.043978,-0.108821,-0.474818,0.000000,0.000000,0.000000,1.000000,1.000000
1782449577.075966,-1,0.000491,inf,SAFE_STAND,0.000000,0.043958,-0.108811,-0.474824,0.000000,0.000000,0.000000,1.000000,1.000000
1782449577.096537,-1,0.000761,inf,SAFE_STAND,0.000000,0.043978,-0.108766,-0.474840,0.000000,0.000000,0.000000,1.000000,1.000000
1782449577.116612,-1,0.000758,inf,SAFE_STAND,0.000000,0.043966,-0.108718,-0.474880,0.000000,0.000000,0.000000,1.000000,1.000000
1782449577.136631,-1,0.000523,inf,SAFE_STAND,0.000000,0.043977,-0.108726,-0.474897,0.000000,0.000000,0.000000,1.000000,1.000000
1782449577.156672,-1,0.000483,inf,SAFE_STAND,0.000000,0.043978,-0.108728,-0.474891,0.000000,0.000000,0.000000,1.000000,1.000000
1782449577.176764,-1,0.000498,inf,SAFE_STAND,0.000000,0.043958,-0.108726,-0.474885,0.000000,0.000000,0.000000,1.000000,1.000000
1782449577.197293,-1,0.000719,inf,SAFE_STAND,0.000000,0.043940,-0.108767,-0.474886,0.000000,0.000000,0.000000,1.000000,1.000000
1782449577.217365,-1,0.000526,inf,SAFE_STAND,0.000000,0.043918,-0.108776,-0.474876,0.000000,0.000000,0.000000,1.000000,1.000000
1782449577.237621,-1,0.000587,inf,SAFE_STAND,0.000000,0.043908,-0.108771,-0.474872,0.000000,0.000000,0.000000,1.000000,1.000000
1782449577.258236,-1,0.000505,inf,SAFE_STAND,0.000000,0.043906,-0.108804,-0.474886,0.000000,0.000000,0.000000,1.000000,1.000000
1782449577.278284,-1,0.000477,inf,SAFE_STAND,0.000000,0.043899,-0.108769,-0.474912,0.000000,0.000000,0.000000,1.000000,1.000000
1782449577.298327,-1,0.000441,inf,SAFE_STAND,0.000000,0.043878,-0.108737,-0.474956,0.000000,0.000000,0.000000,1.000000,1.000000
1782449577.318746,-1,0.000780,inf,SAFE_STAND,0.000000,0.043883,-0.108735,-0.474981,0.000000,0.000000,0.000000,1.000000,1.000000
1782449577.338769,-1,0.000721,inf,SAFE_STAND,0.000000,0.043892,-0.108714,-0.475009,0.000000,0.000000,0.000000,1.000000,1.000000
1782449577.358841,-1,0.000711,inf,SAFE_STAND,0.000000,0.043865,-0.108763,-0.475013,0.000000,0.000000,0.000000,1.000000,1.000000
1782449577.378946,-1,0.000723,752.047764,SAFE_STAND,0.000000,0.043862,-0.108794,-0.474997,0.000000,0.000000,0.000000,1.000000,1.000000
1782449577.398901,-1,0.000546,inf,SAFE_STAND,0.000000,0.043873,-0.108810,-0.474986,0.000000,0.000000,0.000000,1.000000,1.000000
1782449577.418900,-1,0.000469,inf,SAFE_STAND,0.000000,0.043862,-0.108852,-0.474987,0.000000,0.000000,0.000000,1.000000,1.000000
1782449577.439018,-1,0.000506,inf,SAFE_STAND,0.000000,0.043881,-0.108892,-0.475000,0.000000,0.000000,0.000000,1.000000,1.000000
1782449577.459057,-1,0.000469,inf,SAFE_STAND,0.000000,0.043902,-0.108865,-0.475029,0.000000,0.000000,0.000000,1.000000,1.000000
1782449577.479625,-1,0.000726,inf,SAFE_STAND,0.000000,0.043891,-0.108902,-0.475031,0.000000,0.000000,0.000000,1.000000,1.000000
1782449577.499559,-1,0.000494,inf,SAFE_STAND,0.000000,0.043885,-0.108960,-0.475003,0.000000,0.000000,0.000000,1.000000,1.000000
1782449577.519629,-1,0.000488,inf,SAFE_STAND,0.000000,0.043876,-0.108977,-0.475005,0.000000,0.000000,0.000000,1.000000,1.000000
1782449577.540129,-1,0.000673,inf,SAFE_STAND,0.000000,0.043864,-0.108990,-0.475031,0.000000,0.000000,0.000000,1.000000,1.000000
1782449577.560212,-1,0.000680,inf,SAFE_STAND,0.000000,0.043852,-0.108981,-0.475062,0.000000,0.000000,0.000000,1.000000,1.000000
1782449577.580255,-1,0.000517,inf,SAFE_STAND,0.000000,0.043851,-0.109021,-0.475058,0.000000,0.000000,0.000000,1.000000,1.000000
1782449577.600281,-1,0.000462,inf,SAFE_STAND,0.000000,0.043859,-0.109002,-0.475096,0.000000,0.000000,0.000000,1.000000,1.000000
1782449577.620308,-1,0.000411,inf,SAFE_STAND,0.000000,0.043856,-0.109023,-0.475086,0.000000,0.000000,0.000000,1.000000,1.000000
1782449577.640421,-1,0.000449,inf,SAFE_STAND,0.000000,0.043832,-0.109010,-0.475063,0.000000,0.000000,0.000000,1.000000,1.000000
1782449577.660814,-1,0.000474,inf,SAFE_STAND,0.000000,0.043849,-0.109030,-0.475070,0.000000,0.000000,0.000000,1.000000,1.000000
1782449577.680983,-1,0.000484,inf,SAFE_STAND,0.000000,0.043868,-0.109015,-0.475103,0.000000,0.000000,0.000000,1.000000,1.000000
1782449577.701052,-1,0.000476,inf,SAFE_STAND,0.000000,0.043873,-0.109007,-0.475101,0.000000,0.000000,0.000000,1.000000,1.000000
1782449577.721115,-1,0.000464,inf,SAFE_STAND,0.000000,0.043874,-0.108999,-0.475135,0.000000,0.000000,0.000000,1.000000,1.000000
1782449577.741407,-1,0.000678,inf,SAFE_STAND,0.000000,0.043898,-0.109009,-0.475109,0.000000,0.000000,0.000000,1.000000,1.000000
1782449577.761447,-1,0.000646,inf,SAFE_STAND,0.000000,0.043913,-0.108993,-0.475126,0.000000,0.000000,0.000000,1.000000,1.000000
1782449577.781594,-1,0.000687,inf,SAFE_STAND,0.000000,0.043913,-0.109030,-0.475172,0.000000,0.000000,0.000000,1.000000,1.000000
1782449577.801599,-1,0.000484,inf,SAFE_STAND,0.000000,0.043910,-0.109050,-0.475149,0.000000,0.000000,0.000000,1.000000,1.000000
1782449577.821640,-1,0.000448,inf,SAFE_STAND,0.000000,0.043904,-0.109100,-0.475178,0.000000,0.000000,0.000000,1.000000,1.000000
1782449577.841728,-1,0.000462,inf,SAFE_STAND,0.000000,0.043895,-0.109093,-0.475192,0.000000,0.000000,0.000000,1.000000,1.000000
1782449577.861996,-1,0.000656,inf,SAFE_STAND,0.000000,0.043890,-0.109101,-0.475234,0.000000,0.000000,0.000000,1.000000,1.000000
1782449577.882181,-1,0.000770,752.550861,SAFE_STAND,0.000000,0.043900,-0.109108,-0.475210,0.000000,0.000000,0.000000,1.000000,1.000000
1782449577.902081,-1,0.000628,inf,SAFE_STAND,0.000000,0.043915,-0.109068,-0.475249,0.000000,0.000000,0.000000,1.000000,1.000000
1782449577.922175,-1,0.000446,inf,SAFE_STAND,0.000000,0.043914,-0.109020,-0.475233,0.000000,0.000000,0.000000,1.000000,1.000000
1782449577.942329,-1,0.000517,inf,SAFE_STAND,0.000000,0.043941,-0.109005,-0.475221,0.000000,0.000000,0.000000,1.000000,1.000000
1782449577.962312,-1,0.000419,inf,SAFE_STAND,0.000000,0.043932,-0.109011,-0.475239,0.000000,0.000000,0.000000,1.000000,1.000000
1782449577.982409,-1,0.000442,inf,SAFE_STAND,0.000000,0.043946,-0.109014,-0.475255,0.000000,0.000000,0.000000,1.000000,1.000000
1782449578.002884,-1,0.000411,inf,SAFE_STAND,0.000000,0.043971,-0.109001,-0.475318,0.000000,0.000000,0.000000,1.000000,1.000000
1782449578.022942,-1,0.000398,inf,SAFE_STAND,0.000000,0.043967,-0.109010,-0.475382,0.000000,0.000000,0.000000,1.000000,1.000000
1782449578.043104,-1,0.000422,inf,SAFE_STAND,0.000000,0.043974,-0.109068,-0.475386,0.000000,0.000000,0.000000,1.000000,1.000000
1782449578.063307,-1,0.000553,inf,SAFE_STAND,0.000000,0.043972,-0.109103,-0.475403,0.000000,0.000000,0.000000,1.000000,1.000000
1782449578.083706,-1,0.000498,inf,SAFE_STAND,0.000000,0.043959,-0.109119,-0.475403,0.000000,0.000000,0.000000,1.000000,1.000000
1782449578.103900,-1,0.000468,inf,SAFE_STAND,0.000000,0.044004,-0.109119,-0.475428,0.000000,0.000000,0.000000,1.000000,1.000000
1782449578.123966,-1,0.000459,inf,SAFE_STAND,0.000000,0.044001,-0.109132,-0.475436,0.000000,0.000000,0.000000,1.000000,1.000000
1782449578.144377,-1,0.000424,inf,SAFE_STAND,0.000000,0.043989,-0.109140,-0.475467,0.000000,0.000000,0.000000,1.000000,1.000000
1782449578.164486,-1,0.000459,inf,SAFE_STAND,0.000000,0.043959,-0.109192,-0.475439,0.000000,0.000000,0.000000,1.000000,1.000000
1782449578.184592,-1,0.000488,inf,SAFE_STAND,0.000000,0.043951,-0.109236,-0.475472,0.000000,0.000000,0.000000,1.000000,1.000000
1782449578.204923,-1,0.000734,inf,SAFE_STAND,0.000000,0.043940,-0.109233,-0.475551,0.000000,0.000000,0.000000,1.000000,1.000000
1782449578.224934,-1,0.000665,inf,SAFE_STAND,0.000000,0.043938,-0.109222,-0.475593,0.000000,0.000000,0.000000,1.000000,1.000000
1782449578.245045,-1,0.000672,inf,SAFE_STAND,0.000000,0.043923,-0.109209,-0.475597,0.000000,0.000000,0.000000,1.000000,1.000000
1782449578.265156,-1,0.000707,inf,SAFE_STAND,0.000000,0.043911,-0.109246,-0.475598,0.000000,0.000000,0.000000,1.000000,1.000000
1782449578.285232,-1,0.000506,inf,SAFE_STAND,0.000000,0.043904,-0.109247,-0.475551,0.000000,0.000000,0.000000,1.000000,1.000000
1782449578.305366,-1,0.000559,inf,SAFE_STAND,0.000000,0.043893,-0.109269,-0.475575,0.000000,0.000000,0.000000,1.000000,1.000000
1782449578.325383,-1,0.000497,inf,SAFE_STAND,0.000000,0.043902,-0.109240,-0.475586,0.000000,0.000000,0.000000,1.000000,1.000000
1782449578.345533,-1,0.000566,inf,SAFE_STAND,0.000000,0.043914,-0.109208,-0.475612,0.000000,0.000000,0.000000,1.000000,1.000000
1782449578.365895,-1,0.000516,inf,SAFE_STAND,0.000000,0.043910,-0.109183,-0.475635,0.000000,0.000000,0.000000,1.000000,1.000000
1782449578.386129,-1,0.000645,753.054964,SAFE_STAND,0.000000,0.043920,-0.109176,-0.475642,0.000000,0.000000,0.000000,1.000000,1.000000
1782449578.406640,-1,0.000849,inf,SAFE_STAND,0.000000,0.043905,-0.109182,-0.475649,0.000000,0.000000,0.000000,1.000000,1.000000
1782449578.426541,-1,0.000660,inf,SAFE_STAND,0.000000,0.043907,-0.109170,-0.475654,0.000000,0.000000,0.000000,1.000000,1.000000
1782449578.446817,-1,0.000859,inf,SAFE_STAND,0.000000,0.043909,-0.109136,-0.475675,0.000000,0.000000,0.000000,1.000000,1.000000
1782449578.466733,-1,0.000530,inf,SAFE_STAND,0.000000,0.043909,-0.109143,-0.475716,0.000000,0.000000,0.000000,1.000000,1.000000
1782449578.487348,-1,0.000723,inf,SAFE_STAND,0.000000,0.043913,-0.109113,-0.475720,0.000000,0.000000,0.000000,1.000000,1.000000
1782449578.507323,-1,0.000480,inf,SAFE_STAND,0.000000,0.043896,-0.109157,-0.475714,0.000000,0.000000,0.000000,1.000000,1.000000
1782449578.527617,-1,0.000699,inf,SAFE_STAND,0.000000,0.043923,-0.109191,-0.475657,0.000000,0.000000,0.000000,1.000000,1.000000
1782449578.547661,-1,0.000447,inf,SAFE_STAND,0.000000,0.043927,-0.109217,-0.475659,0.000000,0.000000,0.000000,1.000000,1.000000
1782449578.567939,-1,0.000645,inf,SAFE_STAND,0.000000,0.043942,-0.109268,-0.475695,0.000000,0.000000,0.000000,1.000000,1.000000
1782449578.588059,-1,0.000692,inf,SAFE_STAND,0.000000,0.043969,-0.109264,-0.475668,0.000000,0.000000,0.000000,1.000000,1.000000
1782449578.608058,-1,0.000617,inf,SAFE_STAND,0.000000,0.043967,-0.109268,-0.475664,0.000000,0.000000,0.000000,1.000000,1.000000
1782449578.628006,-1,0.000424,inf,SAFE_STAND,0.000000,0.043981,-0.109298,-0.475627,0.000000,0.000000,0.000000,1.000000,1.000000
1782449578.648129,-1,0.000476,inf,SAFE_STAND,0.000000,0.043984,-0.109294,-0.475647,0.000000,0.000000,0.000000,1.000000,1.000000
1782449578.668159,-1,0.000427,inf,SAFE_STAND,0.000000,0.043996,-0.109309,-0.475617,0.000000,0.000000,0.000000,1.000000,1.000000
1782449578.688302,-1,0.000495,inf,SAFE_STAND,0.000000,0.043993,-0.109296,-0.475639,0.000000,0.000000,0.000000,1.000000,1.000000
1782449578.708807,-1,0.000692,inf,SAFE_STAND,0.000000,0.043999,-0.109259,-0.475641,0.000000,0.000000,0.000000,1.000000,1.000000
1782449578.728882,-1,0.000522,inf,SAFE_STAND,0.000000,0.043990,-0.109250,-0.475668,0.000000,0.000000,0.000000,1.000000,1.000000
1782449578.748913,-1,0.000478,inf,SAFE_STAND,0.000000,0.043972,-0.109248,-0.475634,0.000000,0.000000,0.000000,1.000000,1.000000
1782449578.768975,-1,0.000464,inf,SAFE_STAND,0.000000,0.043993,-0.109254,-0.475636,0.000000,0.000000,0.000000,1.000000,1.000000
1782449578.789652,-1,0.000553,inf,SAFE_STAND,0.000000,0.043996,-0.109295,-0.475632,0.000000,0.000000,0.000000,1.000000,1.000000
1782449578.809722,-1,0.000486,inf,SAFE_STAND,0.000000,0.043980,-0.109318,-0.475615,0.000000,0.000000,0.000000,1.000000,1.000000
1782449578.829786,-1,0.000475,inf,SAFE_STAND,0.000000,0.043969,-0.109304,-0.475675,0.000000,0.000000,0.000000,1.000000,1.000000
1782449578.850539,-1,0.000783,inf,SAFE_STAND,0.000000,0.043990,-0.109290,-0.475679,0.000000,0.000000,0.000000,1.000000,1.000000
1782449578.870329,-1,0.000497,inf,SAFE_STAND,0.000000,0.043970,-0.109312,-0.475683,0.000000,0.000000,0.000000,1.000000,1.000000
1782449578.890578,-1,0.000659,753.559411,SAFE_STAND,0.000000,0.044000,-0.109310,-0.475643,0.000000,0.000000,0.000000,1.000000,1.000000
1782449578.910460,-1,0.000463,inf,SAFE_STAND,0.000000,0.044015,-0.109344,-0.475628,0.000000,0.000000,0.000000,1.000000,1.000000
1782449578.930578,-1,0.000501,inf,SAFE_STAND,0.000000,0.043991,-0.109326,-0.475588,0.000000,0.000000,0.000000,1.000000,1.000000
1782449578.950863,-1,0.000706,inf,SAFE_STAND,0.000000,0.044018,-0.109335,-0.475558,0.000000,0.000000,0.000000,1.000000,1.000000
1782449578.970880,-1,0.000643,inf,SAFE_STAND,0.000000,0.044000,-0.109301,-0.475556,0.000000,0.000000,0.000000,1.000000,1.000000
1782449578.990772,-1,0.000457,inf,SAFE_STAND,0.000000,0.043997,-0.109307,-0.475569,0.000000,0.000000,0.000000,1.000000,1.000000
1782449579.010906,-1,0.000443,inf,SAFE_STAND,0.000000,0.043986,-0.109265,-0.475559,0.000000,0.000000,0.000000,1.000000,1.000000
1782449579.030995,-1,0.000460,inf,SAFE_STAND,0.000000,0.044001,-0.109305,-0.475557,0.000000,0.000000,0.000000,1.000000,1.000000
1782449579.051035,-1,0.000428,inf,SAFE_STAND,0.000000,0.044013,-0.109310,-0.475569,0.000000,0.000000,0.000000,1.000000,1.000000
1782449579.071177,-1,0.000494,inf,SAFE_STAND,0.000000,0.043995,-0.109306,-0.475552,0.000000,0.000000,0.000000,1.000000,1.000000
1782449579.091410,-1,0.000650,inf,SAFE_STAND,0.000000,0.043992,-0.109326,-0.475553,0.000000,0.000000,0.000000,1.000000,1.000000
1782449579.111464,-1,0.000629,inf,SAFE_STAND,0.000000,0.043983,-0.109302,-0.475560,0.000000,0.000000,0.000000,1.000000,1.000000
1782449579.131553,-1,0.000466,inf,SAFE_STAND,0.000000,0.043988,-0.109275,-0.475562,0.000000,0.000000,0.000000,1.000000,1.000000
1782449579.151621,-1,0.000460,inf,SAFE_STAND,0.000000,0.043994,-0.109280,-0.475555,0.000000,0.000000,0.000000,1.000000,1.000000
1782449579.171676,-1,0.000444,inf,SAFE_STAND,0.000000,0.043967,-0.109326,-0.475553,0.000000,0.000000,0.000000,1.000000,1.000000
1782449579.191815,-1,0.000508,inf,SAFE_STAND,0.000000,0.043998,-0.109328,-0.475511,0.000000,0.000000,0.000000,1.000000,1.000000
1782449579.212815,-1,0.001203,inf,SAFE_STAND,0.000000,0.044002,-0.109337,-0.475490,0.000000,0.000000,0.000000,1.000000,1.000000
1782449579.232682,-1,0.000579,inf,SAFE_STAND,0.000000,0.044014,-0.109330,-0.475507,0.000000,0.000000,0.000000,1.000000,1.000000
1782449579.253105,-1,0.000497,inf,SAFE_STAND,0.000000,0.043996,-0.109346,-0.475514,0.000000,0.000000,0.000000,1.000000,1.000000
1782449579.273323,-1,0.000465,inf,SAFE_STAND,0.000000,0.044013,-0.109349,-0.475518,0.000000,0.000000,0.000000,1.000000,1.000000
1782449579.293487,-1,0.000552,inf,SAFE_STAND,0.000000,0.044023,-0.109368,-0.475530,0.000000,0.000000,0.000000,1.000000,1.000000
1782449579.313785,-1,0.000761,inf,SAFE_STAND,0.000000,0.044010,-0.109378,-0.475542,0.000000,0.000000,0.000000,1.000000,1.000000
1782449579.333834,-1,0.000729,inf,SAFE_STAND,0.000000,0.044011,-0.109389,-0.475536,0.000000,0.000000,0.000000,1.000000,1.000000
1782449579.353957,-1,0.000776,inf,SAFE_STAND,0.000000,0.043993,-0.109360,-0.475590,0.000000,0.000000,0.000000,1.000000,1.000000
1782449579.373839,-1,0.000484,inf,SAFE_STAND,0.000000,0.044007,-0.109306,-0.475588,0.000000,0.000000,0.000000,1.000000,1.000000
1782449579.394117,-1,0.000680,754.062940,SAFE_STAND,0.000000,0.043993,-0.109297,-0.475593,0.000000,0.000000,0.000000,1.000000,1.000000
1782449579.414463,-1,0.000702,inf,SAFE_STAND,0.000000,0.044001,-0.109325,-0.475577,0.000000,0.000000,0.000000,1.000000,1.000000
1782449579.434533,-1,0.000695,inf,SAFE_STAND,0.000000,0.044002,-0.109339,-0.475600,0.000000,0.000000,0.000000,1.000000,1.000000
1782449579.454618,-1,0.000477,inf,SAFE_STAND,0.000000,0.044015,-0.109340,-0.475561,0.000000,0.000000,0.000000,1.000000,1.000000
1782449579.474891,-1,0.000613,inf,SAFE_STAND,0.000000,0.044012,-0.109342,-0.475543,0.000000,0.000000,0.000000,1.000000,1.000000
1782449579.495643,-1,0.000905,inf,SAFE_STAND,0.000000,0.044041,-0.109324,-0.475548,0.000000,0.000000,0.000000,1.000000,1.000000
1782449579.515619,-1,0.000788,inf,SAFE_STAND,0.000000,0.044037,-0.109297,-0.475556,0.000000,0.000000,0.000000,1.000000,1.000000
1782449579.535427,-1,0.000441,inf,SAFE_STAND,0.000000,0.044045,-0.109312,-0.475560,0.000000,0.000000,0.000000,1.000000,1.000000
1782449579.555480,-1,0.000412,inf,SAFE_STAND,0.000000,0.044018,-0.109344,-0.475569,0.000000,0.000000,0.000000,1.000000,1.000000
1782449579.576028,-1,0.000650,inf,SAFE_STAND,0.000000,0.044029,-0.109345,-0.475573,0.000000,0.000000,0.000000,1.000000,1.000000
1782449579.596181,-1,0.000724,inf,SAFE_STAND,0.000000,0.044027,-0.109344,-0.475556,0.000000,0.000000,0.000000,1.000000,1.000000
1782449579.616059,-1,0.000431,inf,SAFE_STAND,0.000000,0.044043,-0.109352,-0.475546,0.000000,0.000000,0.000000,1.000000,1.000000
1782449579.636196,-1,0.000492,inf,SAFE_STAND,0.000000,0.044026,-0.109381,-0.475501,0.000000,0.000000,0.000000,1.000000,1.000000
1782449579.656290,-1,0.000508,inf,SAFE_STAND,0.000000,0.044021,-0.109375,-0.475494,0.000000,0.000000,0.000000,1.000000,1.000000
1782449579.676771,-1,0.000678,inf,SAFE_STAND,0.000000,0.044033,-0.109346,-0.475483,0.000000,0.000000,0.000000,1.000000,1.000000
1782449579.697003,-1,0.000506,inf,SAFE_STAND,0.000000,0.044024,-0.109378,-0.475466,0.000000,0.000000,0.000000,1.000000,1.000000
1782449579.717088,-1,0.000512,inf,SAFE_STAND,0.000000,0.044038,-0.109396,-0.475447,0.000000,0.000000,0.000000,1.000000,1.000000
1782449579.737745,-1,0.000855,inf,SAFE_STAND,0.000000,0.044050,-0.109412,-0.475446,0.000000,0.000000,0.000000,1.000000,1.000000
1782449579.757783,-1,0.000805,inf,SAFE_STAND,0.000000,0.044048,-0.109399,-0.475462,0.000000,0.000000,0.000000,1.000000,1.000000
1782449579.777854,-1,0.000549,inf,SAFE_STAND,0.000000,0.044049,-0.109388,-0.475476,0.000000,0.000000,0.000000,1.000000,1.000000
1782449579.798465,-1,0.000850,inf,SAFE_STAND,0.000000,0.044058,-0.109414,-0.475470,0.000000,0.000000,0.000000,1.000000,1.000000
1782449579.818396,-1,0.000701,inf,SAFE_STAND,0.000000,0.044048,-0.109419,-0.475498,0.000000,0.000000,0.000000,1.000000,1.000000
1782449579.838524,-1,0.000544,inf,SAFE_STAND,0.000000,0.044044,-0.109448,-0.475449,0.000000,0.000000,0.000000,1.000000,1.000000
1782449579.858574,-1,0.000509,inf,SAFE_STAND,0.000000,0.044063,-0.109498,-0.475428,0.000000,0.000000,0.000000,1.000000,1.000000
1782449579.878844,-1,0.000684,inf,SAFE_STAND,0.000000,0.044059,-0.109539,-0.475418,0.000000,0.000000,0.000000,1.000000,1.000000
1782449579.899039,-1,0.000801,754.567694,SAFE_STAND,0.000000,0.044060,-0.109556,-0.475422,0.000000,0.000000,0.000000,1.000000,1.000000
1782449579.919018,-1,0.000705,inf,SAFE_STAND,0.000000,0.044050,-0.109569,-0.475382,0.000000,0.000000,0.000000,1.000000,1.000000
1782449579.939197,-1,0.000812,inf,SAFE_STAND,0.000000,0.044062,-0.109555,-0.475365,0.000000,0.000000,0.000000,1.000000,1.000000
1782449579.959064,-1,0.000434,inf,SAFE_STAND,0.000000,0.044084,-0.109554,-0.475338,0.000000,0.000000,0.000000,1.000000,1.000000
1782449579.979147,-1,0.000439,inf,SAFE_STAND,0.000000,0.044101,-0.109557,-0.475325,0.000000,0.000000,0.000000,1.000000,1.000000
1782449579.999207,-1,0.000427,inf,SAFE_STAND,0.000000,0.044114,-0.109555,-0.475308,0.000000,0.000000,0.000000,1.000000,1.000000
1782449580.019566,-1,0.000709,inf,SAFE_STAND,0.000000,0.044142,-0.109532,-0.475299,0.000000,0.000000,0.000000,1.000000,1.000000
1782449580.039794,-1,0.000853,inf,SAFE_STAND,0.000000,0.044146,-0.109523,-0.475277,0.000000,0.000000,0.000000,1.000000,1.000000
1782449580.059815,-1,0.000461,inf,SAFE_STAND,0.000000,0.044145,-0.109529,-0.475258,0.000000,0.000000,0.000000,1.000000,1.000000
1782449580.079981,-1,0.000550,inf,SAFE_STAND,0.000000,0.044163,-0.109494,-0.475221,0.000000,0.000000,0.000000,1.000000,1.000000
1782449580.100304,-1,0.000797,inf,SAFE_STAND,0.000000,0.044182,-0.109490,-0.475231,0.000000,0.000000,0.000000,1.000000,1.000000
1782449580.120053,-1,0.000445,inf,SAFE_STAND,0.000000,0.044192,-0.109493,-0.475214,0.000000,0.000000,0.000000,1.000000,1.000000
1782449580.140481,-1,0.000410,inf,SAFE_STAND,0.000000,0.044184,-0.109465,-0.475155,0.000000,0.000000,0.000000,1.000000,1.000000
1782449580.160560,-1,0.000417,inf,SAFE_STAND,0.000000,0.044194,-0.109445,-0.475171,0.000000,0.000000,0.000000,1.000000,1.000000
1782449580.180653,-1,0.000436,inf,SAFE_STAND,0.000000,0.044199,-0.109488,-0.475187,0.000000,0.000000,0.000000,1.000000,1.000000
1782449580.201175,-1,0.000466,inf,SAFE_STAND,0.000000,0.044179,-0.109534,-0.475191,0.000000,0.000000,0.000000,1.000000,1.000000
1782449580.221291,-1,0.000494,inf,SAFE_STAND,0.000000,0.044199,-0.109569,-0.475184,0.000000,0.000000,0.000000,1.000000,1.000000
1782449580.241398,-1,0.000503,inf,SAFE_STAND,0.000000,0.044201,-0.109544,-0.475154,0.000000,0.000000,0.000000,1.000000,1.000000
1782449580.261436,-1,0.000464,inf,SAFE_STAND,0.000000,0.044224,-0.109557,-0.475121,0.000000,0.000000,0.000000,1.000000,1.000000
1782449580.281590,-1,0.000530,inf,SAFE_STAND,0.000000,0.044204,-0.109553,-0.475142,0.000000,0.000000,0.000000,1.000000,1.000000
1782449580.302019,-1,0.000874,inf,SAFE_STAND,0.000000,0.044176,-0.109590,-0.475112,0.000000,0.000000,0.000000,1.000000,1.000000
1782449580.322439,-1,0.000814,inf,SAFE_STAND,0.000000,0.044159,-0.109594,-0.475138,0.000000,0.000000,0.000000,1.000000,1.000000
1782449580.343011,-1,0.001027,inf,SAFE_STAND,0.000000,0.044166,-0.109620,-0.475107,0.000000,0.000000,0.000000,1.000000,1.000000
1782449580.363136,-1,0.001008,inf,SAFE_STAND,0.000000,0.044153,-0.109664,-0.475064,0.000000,0.000000,0.000000,1.000000,1.000000
1782449580.383528,-1,0.000902,inf,SAFE_STAND,0.000000,0.044151,-0.109653,-0.475093,0.000000,0.000000,0.000000,1.000000,1.000000
1782449580.405109,-1,0.001697,755.073172,SAFE_STAND,0.000000,0.044178,-0.109647,-0.475130,0.000000,0.000000,0.000000,1.000000,1.000000
1782449580.425834,-1,0.001502,inf,SAFE_STAND,0.000000,0.044168,-0.109622,-0.475090,0.000000,0.000000,0.000000,1.000000,1.000000
1782449580.445983,-1,0.001425,inf,SAFE_STAND,0.000000,0.044185,-0.109596,-0.475094,0.000000,0.000000,0.000000,1.000000,1.000000
1782449580.466431,-1,0.001231,inf,SAFE_STAND,0.000000,0.044190,-0.109586,-0.475131,0.000000,0.000000,0.000000,1.000000,1.000000
1782449580.486465,-1,0.001064,inf,SAFE_STAND,0.000000,0.044181,-0.109594,-0.475061,0.000000,0.000000,0.000000,1.000000,1.000000
1782449580.506413,-1,0.000879,inf,SAFE_STAND,0.000000,0.044188,-0.109605,-0.475029,0.000000,0.000000,0.000000,1.000000,1.000000
1782449580.526636,-1,0.000994,inf,SAFE_STAND,0.000000,0.044189,-0.109671,-0.474987,0.000000,0.000000,0.000000,1.000000,1.000000
1782449580.546934,-1,0.000962,inf,SAFE_STAND,0.000000,0.044207,-0.109647,-0.474982,0.000000,0.000000,0.000000,1.000000,1.000000
1782449580.566987,-1,0.000926,inf,SAFE_STAND,0.000000,0.044194,-0.109662,-0.475000,0.000000,0.000000,0.000000,1.000000,1.000000
1782449580.587060,-1,0.000910,inf,SAFE_STAND,0.000000,0.044218,-0.109685,-0.474944,0.000000,0.000000,0.000000,1.000000,1.000000
1782449580.607042,-1,0.000666,inf,SAFE_STAND,0.000000,0.044232,-0.109715,-0.474965,0.000000,0.000000,0.000000,1.000000,1.000000
1782449580.627160,-1,0.000661,inf,SAFE_STAND,0.000000,0.044249,-0.109752,-0.474950,0.000000,0.000000,0.000000,1.000000,1.000000
1782449580.647255,-1,0.000669,inf,SAFE_STAND,0.000000,0.044241,-0.109751,-0.474969,0.000000,0.000000,0.000000,1.000000,1.000000
1782449580.667546,-1,0.000870,inf,SAFE_STAND,0.000000,0.044221,-0.109742,-0.474945,0.000000,0.000000,0.000000,1.000000,1.000000
1782449580.687776,-1,0.001015,inf,SAFE_STAND,0.000000,0.044218,-0.109772,-0.474938,0.000000,0.000000,0.000000,1.000000,1.000000
1782449580.707937,-1,0.001085,inf,SAFE_STAND,0.000000,0.044222,-0.109776,-0.474890,0.000000,0.000000,0.000000,1.000000,1.000000
1782449580.728020,-1,0.000726,inf,SAFE_STAND,0.000000,0.044215,-0.109803,-0.474881,0.000000,0.000000,0.000000,1.000000,1.000000
1782449580.748610,-1,0.000870,inf,SAFE_STAND,0.000000,0.044214,-0.109802,-0.474882,0.000000,0.000000,0.000000,1.000000,1.000000
1782449580.768627,-1,0.000642,inf,SAFE_STAND,0.000000,0.044252,-0.109793,-0.474885,0.000000,0.000000,0.000000,1.000000,1.000000
1782449580.788710,-1,0.000644,inf,SAFE_STAND,0.000000,0.044243,-0.109794,-0.474857,0.000000,0.000000,0.000000,1.000000,1.000000
1782449580.808793,-1,0.000644,inf,SAFE_STAND,0.000000,0.044212,-0.109791,-0.474864,0.000000,0.000000,0.000000,1.000000,1.000000
1782449580.829096,-1,0.000863,inf,SAFE_STAND,0.000000,0.044196,-0.109820,-0.474885,0.000000,0.000000,0.000000,1.000000,1.000000
1782449580.849350,-1,0.001031,inf,SAFE_STAND,0.000000,0.044196,-0.109790,-0.474900,0.000000,0.000000,0.000000,1.000000,1.000000
1782449580.869374,-1,0.000651,inf,SAFE_STAND,0.000000,0.044207,-0.109771,-0.474898,0.000000,0.000000,0.000000,1.000000,1.000000
1782449580.889445,-1,0.000636,inf,SAFE_STAND,0.000000,0.044202,-0.109804,-0.474939,0.000000,0.000000,0.000000,1.000000,1.000000
1782449580.910049,-1,0.000706,755.578909,SAFE_STAND,0.000000,0.044185,-0.109834,-0.474920,0.000000,0.000000,0.000000,1.000000,1.000000
1782449580.930082,-1,0.000574,inf,SAFE_STAND,0.000000,0.044190,-0.109832,-0.474887,0.000000,0.000000,0.000000,1.000000,1.000000
1782449580.950127,-1,0.000496,inf,SAFE_STAND,0.000000,0.044185,-0.109846,-0.474898,0.000000,0.000000,0.000000,1.000000,1.000000
1782449580.970702,-1,0.000956,inf,SAFE_STAND,0.000000,0.044164,-0.109847,-0.474926,0.000000,0.000000,0.000000,1.000000,1.000000
1782449580.990751,-1,0.000915,inf,SAFE_STAND,0.000000,0.044168,-0.109853,-0.474904,0.000000,0.000000,0.000000,1.000000,1.000000
1782449581.010838,-1,0.000914,inf,SAFE_STAND,0.000000,0.044163,-0.109856,-0.474869,0.000000,0.000000,0.000000,1.000000,1.000000
1782449581.030988,-1,0.000703,inf,SAFE_STAND,0.000000,0.044163,-0.109827,-0.474859,0.000000,0.000000,0.000000,1.000000,1.000000
1782449581.051716,-1,0.001005,inf,SAFE_STAND,0.000000,0.044158,-0.109801,-0.474823,0.000000,0.000000,0.000000,1.000000,1.000000
1782449581.071702,-1,0.000678,inf,SAFE_STAND,0.000000,0.044177,-0.109818,-0.474757,0.000000,0.000000,0.000000,1.000000,1.000000
1782449581.091837,-1,0.000694,inf,SAFE_STAND,0.000000,0.044195,-0.109825,-0.474748,0.000000,0.000000,0.000000,1.000000,1.000000
1782449581.112466,-1,0.000947,inf,SAFE_STAND,0.000000,0.044192,-0.109796,-0.474778,0.000000,0.000000,0.000000,1.000000,1.000000
1782449581.132569,-1,0.000931,inf,SAFE_STAND,0.000000,0.044208,-0.109820,-0.474752,0.000000,0.000000,0.000000,1.000000,1.000000
1782449581.152462,-1,0.000697,inf,SAFE_STAND,0.000000,0.044188,-0.109836,-0.474745,0.000000,0.000000,0.000000,1.000000,1.000000
1782449581.172543,-1,0.000687,inf,SAFE_STAND,0.000000,0.044172,-0.109878,-0.474734,0.000000,0.000000,0.000000,1.000000,1.000000
1782449581.192410,-1,0.000459,inf,SAFE_STAND,0.000000,0.044177,-0.109888,-0.474754,0.000000,0.000000,0.000000,1.000000,1.000000
1782449581.213022,-1,0.000737,inf,SAFE_STAND,0.000000,0.044163,-0.109843,-0.474787,0.000000,0.000000,0.000000,1.000000,1.000000
1782449581.232958,-1,0.000438,inf,SAFE_STAND,0.000000,0.044156,-0.109842,-0.474747,0.000000,0.000000,0.000000,1.000000,1.000000
1782449581.253160,-1,0.000427,inf,SAFE_STAND,0.000000,0.044151,-0.109869,-0.474752,0.000000,0.000000,0.000000,1.000000,1.000000
1782449581.273291,-1,0.000429,inf,SAFE_STAND,0.000000,0.044154,-0.109875,-0.474720,0.000000,0.000000,0.000000,1.000000,1.000000
1782449581.293791,-1,0.000803,inf,SAFE_STAND,0.000000,0.044151,-0.109877,-0.474683,0.000000,0.000000,0.000000,1.000000,1.000000
1782449581.313586,-1,0.000483,inf,SAFE_STAND,0.000000,0.044154,-0.109884,-0.474664,0.000000,0.000000,0.000000,1.000000,1.000000
1782449581.333649,-1,0.000469,inf,SAFE_STAND,0.000000,0.044126,-0.109901,-0.474676,0.000000,0.000000,0.000000,1.000000,1.000000
1782449581.353720,-1,0.000465,inf,SAFE_STAND,0.000000,0.044121,-0.109898,-0.474688,0.000000,0.000000,0.000000,1.000000,1.000000
1782449581.373759,-1,0.000430,inf,SAFE_STAND,0.000000,0.044104,-0.109917,-0.474678,0.000000,0.000000,0.000000,1.000000,1.000000
1782449581.393878,-1,0.000474,inf,SAFE_STAND,0.000000,0.044107,-0.109885,-0.474664,0.000000,0.000000,0.000000,1.000000,1.000000
1782449581.414468,-1,0.000766,756.083358,SAFE_STAND,0.000000,0.044139,-0.109880,-0.474629,0.000000,0.000000,0.000000,1.000000,1.000000
1782449581.434443,-1,0.000458,inf,SAFE_STAND,0.000000,0.044094,-0.109918,-0.474598,0.000000,0.000000,0.000000,1.000000,1.000000
1782449581.454510,-1,0.000452,inf,SAFE_STAND,0.000000,0.044114,-0.109891,-0.474591,0.000000,0.000000,0.000000,1.000000,1.000000
1782449581.475052,-1,0.000694,inf,SAFE_STAND,0.000000,0.044087,-0.109880,-0.474613,0.000000,0.000000,0.000000,1.000000,1.000000
1782449581.495501,-1,0.000727,inf,SAFE_STAND,0.000000,0.044091,-0.109894,-0.474603,0.000000,0.000000,0.000000,1.000000,1.000000
1782449581.515615,-1,0.000698,inf,SAFE_STAND,0.000000,0.044082,-0.109898,-0.474632,0.000000,0.000000,0.000000,1.000000,1.000000
1782449581.536403,-1,0.000938,inf,SAFE_STAND,0.000000,0.044065,-0.109910,-0.474612,0.000000,0.000000,0.000000,1.000000,1.000000
1782449581.556309,-1,0.000703,inf,SAFE_STAND,0.000000,0.044057,-0.109940,-0.474615,0.000000,0.000000,0.000000,1.000000,1.000000
1782449581.577027,-1,0.000942,inf,SAFE_STAND,0.000000,0.044048,-0.109917,-0.474593,0.000000,0.000000,0.000000,1.000000,1.000000
1782449581.597087,-1,0.000694,inf,SAFE_STAND,0.000000,0.044026,-0.109946,-0.474584,0.000000,0.000000,0.000000,1.000000,1.000000
1782449581.617429,-1,0.000915,inf,SAFE_STAND,0.000000,0.044041,-0.109886,-0.474617,0.000000,0.000000,0.000000,1.000000,1.000000
1782449581.637627,-1,0.000994,inf,SAFE_STAND,0.000000,0.044024,-0.109849,-0.474611,0.000000,0.000000,0.000000,1.000000,1.000000
1782449581.657854,-1,0.001063,inf,SAFE_STAND,0.000000,0.044028,-0.109820,-0.474615,0.000000,0.000000,0.000000,1.000000,1.000000
1782449581.677940,-1,0.001026,inf,SAFE_STAND,0.000000,0.044035,-0.109794,-0.474634,0.000000,0.000000,0.000000,1.000000,1.000000
1782449581.697855,-1,0.000689,inf,SAFE_STAND,0.000000,0.044019,-0.109780,-0.474658,0.000000,0.000000,0.000000,1.000000,1.000000
1782449581.718494,-1,0.000950,inf,SAFE_STAND,0.000000,0.044028,-0.109811,-0.474632,0.000000,0.000000,0.000000,1.000000,1.000000
1782449581.738604,-1,0.000947,inf,SAFE_STAND,0.000000,0.044041,-0.109807,-0.474615,0.000000,0.000000,0.000000,1.000000,1.000000
1782449581.758573,-1,0.000680,inf,SAFE_STAND,0.000000,0.044043,-0.109766,-0.474642,0.000000,0.000000,0.000000,1.000000,1.000000
1782449581.779236,-1,0.000951,inf,SAFE_STAND,0.000000,0.044041,-0.109778,-0.474658,0.000000,0.000000,0.000000,1.000000,1.000000
1782449581.799292,-1,0.000689,inf,SAFE_STAND,0.000000,0.044041,-0.109806,-0.474699,0.000000,0.000000,0.000000,1.000000,1.000000
1782449581.819519,-1,0.000678,inf,SAFE_STAND,0.000000,0.044010,-0.109806,-0.474740,0.000000,0.000000,0.000000,1.000000,1.000000
1782449581.839636,-1,0.000699,inf,SAFE_STAND,0.000000,0.043996,-0.109749,-0.474757,0.000000,0.000000,0.000000,1.000000,1.000000
1782449581.860208,-1,0.000694,inf,SAFE_STAND,0.000000,0.043993,-0.109715,-0.474775,0.000000,0.000000,0.000000,1.000000,1.000000
1782449581.880772,-1,0.000919,inf,SAFE_STAND,0.000000,0.043994,-0.109760,-0.474783,0.000000,0.000000,0.000000,1.000000,1.000000
1782449581.900866,-1,0.000928,inf,SAFE_STAND,0.000000,0.043999,-0.109744,-0.474763,0.000000,0.000000,0.000000,1.000000,1.000000
1782449581.921276,-1,0.001249,756.589921,SAFE_STAND,0.000000,0.043995,-0.109764,-0.474755,0.000000,0.000000,0.000000,1.000000,1.000000
1782449581.941593,-1,0.001026,inf,SAFE_STAND,0.000000,0.043976,-0.109798,-0.474704,0.000000,0.000000,0.000000,1.000000,1.000000
1782449581.961132,-1,0.000465,inf,SAFE_STAND,0.000000,0.043976,-0.109785,-0.474675,0.000000,0.000000,0.000000,1.000000,1.000000
1782449581.981598,-1,0.000642,inf,SAFE_STAND,0.000000,0.043979,-0.109743,-0.474668,0.000000,0.000000,0.000000,1.000000,1.000000
1782449582.001447,-1,0.000419,inf,SAFE_STAND,0.000000,0.043987,-0.109742,-0.474662,0.000000,0.000000,0.000000,1.000000,1.000000
1782449582.021552,-1,0.000444,inf,SAFE_STAND,0.000000,0.043959,-0.109726,-0.474657,0.000000,0.000000,0.000000,1.000000,1.000000
1782449582.041594,-1,0.000412,inf,SAFE_STAND,0.000000,0.043972,-0.109709,-0.474663,0.000000,0.000000,0.000000,1.000000,1.000000
1782449582.061669,-1,0.000416,inf,SAFE_STAND,0.000000,0.043971,-0.109698,-0.474609,0.000000,0.000000,0.000000,1.000000,1.000000
1782449582.082124,-1,0.000390,inf,SAFE_STAND,0.000000,0.043948,-0.109684,-0.474720,0.000000,0.000000,0.000000,1.000000,1.000000
1782449582.102338,-1,0.000532,inf,SAFE_STAND,0.000000,0.043962,-0.109669,-0.474762,0.000000,0.000000,0.000000,1.000000,1.000000
1782449582.122418,-1,0.000523,inf,SAFE_STAND,0.000000,0.043960,-0.109630,-0.474803,0.000000,0.000000,0.000000,1.000000,1.000000
1782449582.142366,-1,0.000395,inf,SAFE_STAND,0.000000,0.043967,-0.109662,-0.474770,0.000000,0.000000,0.000000,1.000000,1.000000
1782449582.162677,-1,0.000630,inf,SAFE_STAND,0.000000,0.043961,-0.109702,-0.474740,0.000000,0.000000,0.000000,1.000000,1.000000
1782449582.182886,-1,0.000763,inf,SAFE_STAND,0.000000,0.043945,-0.109696,-0.474766,0.000000,0.000000,0.000000,1.000000,1.000000
1782449582.202973,-1,0.000769,inf,SAFE_STAND,0.000000,0.043953,-0.109703,-0.474748,0.000000,0.000000,0.000000,1.000000,1.000000
1782449582.223582,-1,0.001055,inf,SAFE_STAND,0.000000,0.043972,-0.109673,-0.474750,0.000000,0.000000,0.000000,1.000000,1.000000
1782449582.243351,-1,0.000689,inf,SAFE_STAND,0.000000,0.043961,-0.109689,-0.474778,0.000000,0.000000,0.000000,1.000000,1.000000
1782449582.263980,-1,0.000947,inf,SAFE_STAND,0.000000,0.043954,-0.109649,-0.474761,0.000000,0.000000,0.000000,1.000000,1.000000
1782449582.284012,-1,0.000682,inf,SAFE_STAND,0.000000,0.043962,-0.109634,-0.474775,0.000000,0.000000,0.000000,1.000000,1.000000
1782449582.304391,-1,0.000931,inf,SAFE_STAND,0.000000,0.043947,-0.109611,-0.474764,0.000000,0.000000,0.000000,1.000000,1.000000
1782449582.324489,-1,0.000937,inf,SAFE_STAND,0.000000,0.043929,-0.109626,-0.474742,0.000000,0.000000,0.000000,1.000000,1.000000
1782449582.344544,-1,0.000900,inf,SAFE_STAND,0.000000,0.043926,-0.109578,-0.474762,0.000000,0.000000,0.000000,1.000000,1.000000
1782449582.364618,-1,0.000887,inf,SAFE_STAND,0.000000,0.043899,-0.109613,-0.474742,0.000000,0.000000,0.000000,1.000000,1.000000
1782449582.384751,-1,0.000932,inf,SAFE_STAND,0.000000,0.043898,-0.109640,-0.474741,0.000000,0.000000,0.000000,1.000000,1.000000
1782449582.405001,-1,0.000876,inf,SAFE_STAND,0.000000,0.043899,-0.109607,-0.474703,0.000000,0.000000,0.000000,1.000000,1.000000
1782449582.425267,-1,0.001057,757.093731,SAFE_STAND,0.000000,0.043898,-0.109593,-0.474692,0.000000,0.000000,0.000000,1.000000,1.000000
1782449582.445168,-1,0.000870,inf,SAFE_STAND,0.000000,0.043883,-0.109574,-0.474688,0.000000,0.000000,0.000000,1.000000,1.000000
1782449582.465262,-1,0.000878,inf,SAFE_STAND,0.000000,0.043865,-0.109574,-0.474714,0.000000,0.000000,0.000000,1.000000,1.000000
1782449582.485118,-1,0.000651,inf,SAFE_STAND,0.000000,0.043853,-0.109517,-0.474684,0.000000,0.000000,0.000000,1.000000,1.000000
1782449582.505197,-1,0.000649,inf,SAFE_STAND,0.000000,0.043851,-0.109490,-0.474698,0.000000,0.000000,0.000000,1.000000,1.000000
1782449582.525347,-1,0.000467,inf,SAFE_STAND,0.000000,0.043838,-0.109507,-0.474728,0.000000,0.000000,0.000000,1.000000,1.000000
1782449582.545394,-1,0.000440,inf,SAFE_STAND,0.000000,0.043840,-0.109495,-0.474766,0.000000,0.000000,0.000000,1.000000,1.000000
1782449582.565797,-1,0.000765,inf,SAFE_STAND,0.000000,0.043810,-0.109547,-0.474786,0.000000,0.000000,0.000000,1.000000,1.000000
1782449582.585645,-1,0.000428,inf,SAFE_STAND,0.000000,0.043802,-0.109540,-0.474795,0.000000,0.000000,0.000000,1.000000,1.000000
1782449582.605826,-1,0.000469,inf,SAFE_STAND,0.000000,0.043789,-0.109557,-0.474800,0.000000,0.000000,0.000000,1.000000,1.000000
1782449582.625994,-1,0.000510,inf,SAFE_STAND,0.000000,0.043796,-0.109548,-0.474815,0.000000,0.000000,0.000000,1.000000,1.000000
1782449582.646657,-1,0.000831,inf,SAFE_STAND,0.000000,0.043779,-0.109565,-0.474844,0.000000,0.000000,0.000000,1.000000,1.000000
1782449582.666434,-1,0.000450,inf,SAFE_STAND,0.000000,0.043764,-0.109549,-0.474856,0.000000,0.000000,0.000000,1.000000,1.000000
1782449582.686621,-1,0.000429,inf,SAFE_STAND,0.000000,0.043768,-0.109543,-0.474847,0.000000,0.000000,0.000000,1.000000,1.000000
1782449582.706691,-1,0.000425,inf,SAFE_STAND,0.000000,0.043786,-0.109533,-0.474876,0.000000,0.000000,0.000000,1.000000,1.000000
1782449582.727464,-1,0.000729,inf,SAFE_STAND,0.000000,0.043798,-0.109459,-0.474898,0.000000,0.000000,0.000000,1.000000,1.000000
1782449582.748280,-1,0.001347,inf,SAFE_STAND,0.000000,0.043809,-0.109439,-0.474896,0.000000,0.000000,0.000000,1.000000,1.000000
1782449582.767971,-1,0.000912,inf,SAFE_STAND,0.000000,0.043818,-0.109369,-0.474954,0.000000,0.000000,0.000000,1.000000,1.000000
1782449582.788134,-1,0.000949,inf,SAFE_STAND,0.000000,0.043803,-0.109372,-0.474988,0.000000,0.000000,0.000000,1.000000,1.000000
1782449582.808243,-1,0.000925,inf,SAFE_STAND,0.000000,0.043811,-0.109372,-0.474936,0.000000,0.000000,0.000000,1.000000,1.000000
1782449582.828369,-1,0.000706,inf,SAFE_STAND,0.000000,0.043816,-0.109330,-0.474918,0.000000,0.000000,0.000000,1.000000,1.000000
1782449582.849276,-1,0.001070,inf,SAFE_STAND,0.000000,0.043814,-0.109331,-0.474921,0.000000,0.000000,0.000000,1.000000,1.000000
1782449582.869269,-1,0.000938,inf,SAFE_STAND,0.000000,0.043833,-0.109325,-0.474979,0.000000,0.000000,0.000000,1.000000,1.000000
1782449582.889437,-1,0.000682,inf,SAFE_STAND,0.000000,0.043825,-0.109293,-0.474954,0.000000,0.000000,0.000000,1.000000,1.000000
1782449582.909976,-1,0.000711,inf,SAFE_STAND,0.000000,0.043838,-0.109292,-0.474940,0.000000,0.000000,0.000000,1.000000,1.000000
1782449582.930132,-1,0.000753,757.598975,SAFE_STAND,0.000000,0.043833,-0.109284,-0.474927,0.000000,0.000000,0.000000,1.000000,1.000000
1782449582.950420,-1,0.000688,inf,SAFE_STAND,0.000000,0.043843,-0.109244,-0.474938,0.000000,0.000000,0.000000,1.000000,1.000000
1782449582.970563,-1,0.000701,inf,SAFE_STAND,0.000000,0.043825,-0.109245,-0.474956,0.000000,0.000000,0.000000,1.000000,1.000000
1782449582.990422,-1,0.000420,inf,SAFE_STAND,0.000000,0.043828,-0.109300,-0.474935,0.000000,0.000000,0.000000,1.000000,1.000000
1782449583.010561,-1,0.000424,inf,SAFE_STAND,0.000000,0.043832,-0.109327,-0.474930,0.000000,0.000000,0.000000,1.000000,1.000000
1782449583.030691,-1,0.000424,inf,SAFE_STAND,0.000000,0.043834,-0.109299,-0.474938,0.000000,0.000000,0.000000,1.000000,1.000000
1782449583.051420,-1,0.000810,inf,SAFE_STAND,0.000000,0.043855,-0.109294,-0.474889,0.000000,0.000000,0.000000,1.000000,1.000000
1782449583.071396,-1,0.000436,inf,SAFE_STAND,0.000000,0.043846,-0.109268,-0.474887,0.000000,0.000000,0.000000,1.000000,1.000000
1782449583.091513,-1,0.000427,inf,SAFE_STAND,0.000000,0.043862,-0.109287,-0.474914,0.000000,0.000000,0.000000,1.000000,1.000000
1782449583.111584,-1,0.000423,inf,SAFE_STAND,0.000000,0.043884,-0.109246,-0.474961,0.000000,0.000000,0.000000,1.000000,1.000000
1782449583.132079,-1,0.000425,inf,SAFE_STAND,0.000000,0.043901,-0.109226,-0.474986,0.000000,0.000000,0.000000,1.000000,1.000000
1782449583.152222,-1,0.000437,inf,SAFE_STAND,0.000000,0.043887,-0.109246,-0.474903,0.000000,0.000000,0.000000,1.000000,1.000000
1782449583.172335,-1,0.000426,inf,SAFE_STAND,0.000000,0.043904,-0.109198,-0.474922,0.000000,0.000000,0.000000,1.000000,1.000000
1782449583.192851,-1,0.000427,inf,SAFE_STAND,0.000000,0.043908,-0.109208,-0.474913,0.000000,0.000000,0.000000,1.000000,1.000000
1782449583.212948,-1,0.000448,inf,SAFE_STAND,0.000000,0.043908,-0.109206,-0.474898,0.000000,0.000000,0.000000,1.000000,1.000000
1782449583.233047,-1,0.000423,inf,SAFE_STAND,0.000000,0.043908,-0.109222,-0.474905,0.000000,0.000000,0.000000,1.000000,1.000000
1782449583.253752,-1,0.000775,inf,SAFE_STAND,0.000000,0.043887,-0.109252,-0.474876,0.000000,0.000000,0.000000,1.000000,1.000000
1782449583.273535,-1,0.000430,inf,SAFE_STAND,0.000000,0.043888,-0.109231,-0.474922,0.000000,0.000000,0.000000,1.000000,1.000000
1782449583.293665,-1,0.000429,inf,SAFE_STAND,0.000000,0.043874,-0.109216,-0.474958,0.000000,0.000000,0.000000,1.000000,1.000000
1782449583.313803,-1,0.000446,inf,SAFE_STAND,0.000000,0.043876,-0.109183,-0.474972,0.000000,0.000000,0.000000,1.000000,1.000000
1782449583.334533,-1,0.000841,inf,SAFE_STAND,0.000000,0.043877,-0.109224,-0.474991,0.000000,0.000000,0.000000,1.000000,1.000000
1782449583.354450,-1,0.000420,inf,SAFE_STAND,0.000000,0.043847,-0.109175,-0.475024,0.000000,0.000000,0.000000,1.000000,1.000000
1782449583.374966,-1,0.000797,inf,SAFE_STAND,0.000000,0.043851,-0.109116,-0.475046,0.000000,0.000000,0.000000,1.000000,1.000000
1782449583.395028,-1,0.000778,inf,SAFE_STAND,0.000000,0.043863,-0.109179,-0.475044,0.000000,0.000000,0.000000,1.000000,1.000000
1782449583.415124,-1,0.000801,inf,SAFE_STAND,0.000000,0.043867,-0.109148,-0.475029,0.000000,0.000000,0.000000,1.000000,1.000000
1782449583.435178,-1,0.000781,758.104079,SAFE_STAND,0.000000,0.043887,-0.109156,-0.474985,0.000000,0.000000,0.000000,1.000000,1.000000
1782449583.455126,-1,0.000656,inf,SAFE_STAND,0.000000,0.043916,-0.109126,-0.474941,0.000000,0.000000,0.000000,1.000000,1.000000
1782449583.474954,-1,0.000407,inf,SAFE_STAND,0.000000,0.043909,-0.109105,-0.474918,0.000000,0.000000,0.000000,1.000000,1.000000
1782449583.494993,-1,0.000374,inf,SAFE_STAND,0.000000,0.043907,-0.109079,-0.474905,0.000000,0.000000,0.000000,1.000000,1.000000
1782449583.515441,-1,0.000697,inf,SAFE_STAND,0.000000,0.043929,-0.109096,-0.474907,0.000000,0.000000,0.000000,1.000000,1.000000
1782449583.535301,-1,0.000419,inf,SAFE_STAND,0.000000,0.043947,-0.109056,-0.474943,0.000000,0.000000,0.000000,1.000000,1.000000
1782449583.555437,-1,0.000430,inf,SAFE_STAND,0.000000,0.043934,-0.109075,-0.474883,0.000000,0.000000,0.000000,1.000000,1.000000
1782449583.575844,-1,0.000421,inf,SAFE_STAND,0.000000,0.043912,-0.109038,-0.474909,0.000000,0.000000,0.000000,1.000000,1.000000
1782449583.596212,-1,0.000668,inf,SAFE_STAND,0.000000,0.043894,-0.109044,-0.474949,0.000000,0.000000,0.000000,1.000000,1.000000
1782449583.616347,-1,0.000668,inf,SAFE_STAND,0.000000,0.043874,-0.109026,-0.474929,0.000000,0.000000,0.000000,1.000000,1.000000
1782449583.636465,-1,0.000423,inf,SAFE_STAND,0.000000,0.043879,-0.109018,-0.474905,0.000000,0.000000,0.000000,1.000000,1.000000
1782449583.656608,-1,0.000429,inf,SAFE_STAND,0.000000,0.043879,-0.109023,-0.474914,0.000000,0.000000,0.000000,1.000000,1.000000
1782449583.676729,-1,0.000422,inf,SAFE_STAND,0.000000,0.043882,-0.109021,-0.474952,0.000000,0.000000,0.000000,1.000000,1.000000
1782449583.697359,-1,0.000674,inf,SAFE_STAND,0.000000,0.043909,-0.109040,-0.474958,0.000000,0.000000,0.000000,1.000000,1.000000
1782449583.717246,-1,0.000429,inf,SAFE_STAND,0.000000,0.043905,-0.108971,-0.474996,0.000000,0.000000,0.000000,1.000000,1.000000
1782449583.737406,-1,0.000433,inf,SAFE_STAND,0.000000,0.043904,-0.108945,-0.474992,0.000000,0.000000,0.000000,1.000000,1.000000
1782449583.758039,-1,0.000682,inf,SAFE_STAND,0.000000,0.043903,-0.108935,-0.474994,0.000000,0.000000,0.000000,1.000000,1.000000
1782449583.778094,-1,0.000427,inf,SAFE_STAND,0.000000,0.043892,-0.108924,-0.475015,0.000000,0.000000,0.000000,1.000000,1.000000
1782449583.798171,-1,0.000428,inf,SAFE_STAND,0.000000,0.043891,-0.108920,-0.474987,0.000000,0.000000,0.000000,1.000000,1.000000
1782449583.818291,-1,0.000473,inf,SAFE_STAND,0.000000,0.043895,-0.108821,-0.475020,0.000000,0.000000,0.000000,1.000000,1.000000
1782449583.838837,-1,0.000457,inf,SAFE_STAND,0.000000,0.043894,-0.108835,-0.475041,0.000000,0.000000,0.000000,1.000000,1.000000
1782449583.858921,-1,0.000427,inf,SAFE_STAND,0.000000,0.043901,-0.108852,-0.475022,0.000000,0.000000,0.000000,1.000000,1.000000
1782449583.879076,-1,0.000444,inf,SAFE_STAND,0.000000,0.043891,-0.108779,-0.475044,0.000000,0.000000,0.000000,1.000000,1.000000
1782449583.899470,-1,0.000432,inf,SAFE_STAND,0.000000,0.043881,-0.108767,-0.475029,0.000000,0.000000,0.000000,1.000000,1.000000
1782449583.919585,-1,0.000421,inf,SAFE_STAND,0.000000,0.043875,-0.108737,-0.475006,0.000000,0.000000,0.000000,1.000000,1.000000
1782449583.939862,-1,0.000584,758.608755,SAFE_STAND,0.000000,0.043867,-0.108722,-0.475042,0.000000,0.000000,0.000000,1.000000,1.000000
1782449583.960343,-1,0.000668,inf,SAFE_STAND,0.000000,0.043878,-0.108711,-0.475013,0.000000,0.000000,0.000000,1.000000,1.000000
1782449583.980482,-1,0.000445,inf,SAFE_STAND,0.000000,0.043842,-0.108688,-0.475012,0.000000,0.000000,0.000000,1.000000,1.000000
1782449584.000589,-1,0.000425,inf,SAFE_STAND,0.000000,0.043801,-0.108665,-0.475039,0.000000,0.000000,0.000000,1.000000,1.000000
1782449584.020994,-1,0.000682,inf,SAFE_STAND,0.000000,0.043812,-0.108640,-0.475040,0.000000,0.000000,0.000000,1.000000,1.000000
1782449584.041108,-1,0.000674,inf,SAFE_STAND,0.000000,0.043801,-0.108646,-0.475055,0.000000,0.000000,0.000000,1.000000,1.000000
1782449584.061240,-1,0.000683,inf,SAFE_STAND,0.000000,0.043829,-0.108647,-0.475063,0.000000,0.000000,0.000000,1.000000,1.000000
1782449584.081131,-1,0.000430,inf,SAFE_STAND,0.000000,0.043841,-0.108673,-0.475075,0.000000,0.000000,0.000000,1.000000,1.000000
1782449584.101240,-1,0.000421,inf,SAFE_STAND,0.000000,0.043843,-0.108681,-0.475097,0.000000,0.000000,0.000000,1.000000,1.000000
1782449584.122079,-1,0.000923,inf,SAFE_STAND,0.000000,0.043834,-0.108680,-0.475097,0.000000,0.000000,0.000000,1.000000,1.000000
1782449584.142076,-1,0.000819,inf,SAFE_STAND,0.000000,0.043816,-0.108697,-0.475116,0.000000,0.000000,0.000000,1.000000,1.000000
1782449584.161877,-1,0.000523,inf,SAFE_STAND,0.000000,0.043808,-0.108671,-0.475109,0.000000,0.000000,0.000000,1.000000,1.000000
1782449584.181889,-1,0.000459,inf,SAFE_STAND,0.000000,0.043807,-0.108644,-0.475093,0.000000,0.000000,0.000000,1.000000,1.000000
1782449584.201930,-1,0.000425,inf,SAFE_STAND,0.000000,0.043810,-0.108669,-0.475061,0.000000,0.000000,0.000000,1.000000,1.000000
1782449584.222049,-1,0.000468,inf,SAFE_STAND,0.000000,0.043819,-0.108663,-0.475034,0.000000,0.000000,0.000000,1.000000,1.000000
1782449584.242600,-1,0.000893,inf,SAFE_STAND,0.000000,0.043787,-0.108676,-0.475023,0.000000,0.000000,0.000000,1.000000,1.000000
1782449584.262691,-1,0.000652,inf,SAFE_STAND,0.000000,0.043783,-0.108646,-0.475021,0.000000,0.000000,0.000000,1.000000,1.000000
1782449584.282684,-1,0.000543,inf,SAFE_STAND,0.000000,0.043770,-0.108645,-0.475067,0.000000,0.000000,0.000000,1.000000,1.000000
1782449584.303397,-1,0.000853,inf,SAFE_STAND,0.000000,0.043784,-0.108621,-0.475062,0.000000,0.000000,0.000000,1.000000,1.000000
1782449584.323304,-1,0.000435,inf,SAFE_STAND,0.000000,0.043783,-0.108619,-0.475056,0.000000,0.000000,0.000000,1.000000,1.000000
1782449584.343421,-1,0.000423,inf,SAFE_STAND,0.000000,0.043742,-0.108647,-0.475060,0.000000,0.000000,0.000000,1.000000,1.000000
1782449584.363556,-1,0.000427,inf,SAFE_STAND,0.000000,0.043738,-0.108680,-0.475074,0.000000,0.000000,0.000000,1.000000,1.000000
1782449584.384372,-1,0.000821,inf,SAFE_STAND,0.000000,0.043729,-0.108662,-0.475029,0.000000,0.000000,0.000000,1.000000,1.000000
1782449584.404129,-1,0.000426,inf,SAFE_STAND,0.000000,0.043724,-0.108624,-0.475037,0.000000,0.000000,0.000000,1.000000,1.000000
1782449584.424253,-1,0.000426,inf,SAFE_STAND,0.000000,0.043710,-0.108637,-0.475002,0.000000,0.000000,0.000000,1.000000,1.000000
1782449584.445204,-1,0.000964,759.114057,SAFE_STAND,0.000000,0.043698,-0.108611,-0.475000,0.000000,0.000000,0.000000,1.000000,1.000000
1782449584.464808,-1,0.000428,inf,SAFE_STAND,0.000000,0.043724,-0.108628,-0.475012,0.000000,0.000000,0.000000,1.000000,1.000000
1782449584.484943,-1,0.000421,inf,SAFE_STAND,0.000000,0.043732,-0.108598,-0.475035,0.000000,0.000000,0.000000,1.000000,1.000000
1782449584.505342,-1,0.000681,inf,SAFE_STAND,0.000000,0.043738,-0.108576,-0.475021,0.000000,0.000000,0.000000,1.000000,1.000000
1782449584.525216,-1,0.000430,inf,SAFE_STAND,0.000000,0.043751,-0.108538,-0.475052,0.000000,0.000000,0.000000,1.000000,1.000000
1782449584.545904,-1,0.000510,inf,SAFE_STAND,0.000000,0.043772,-0.108523,-0.475074,0.000000,0.000000,0.000000,1.000000,1.000000
1782449584.565899,-1,0.000446,inf,SAFE_STAND,0.000000,0.043756,-0.108487,-0.475058,0.000000,0.000000,0.000000,1.000000,1.000000
1782449584.586318,-1,0.000792,inf,SAFE_STAND,0.000000,0.043786,-0.108481,-0.475050,0.000000,0.000000,0.000000,1.000000,1.000000
1782449584.606245,-1,0.000632,inf,SAFE_STAND,0.000000,0.043790,-0.108464,-0.475064,0.000000,0.000000,0.000000,1.000000,1.000000
1782449584.626330,-1,0.000645,inf,SAFE_STAND,0.000000,0.043768,-0.108458,-0.475063,0.000000,0.000000,0.000000,1.000000,1.000000
1782449584.646353,-1,0.000463,inf,SAFE_STAND,0.000000,0.043761,-0.108437,-0.475072,0.000000,0.000000,0.000000,1.000000,1.000000
1782449584.666397,-1,0.000434,inf,SAFE_STAND,0.000000,0.043797,-0.108444,-0.475034,0.000000,0.000000,0.000000,1.000000,1.000000
1782449584.686465,-1,0.000430,inf,SAFE_STAND,0.000000,0.043800,-0.108439,-0.475055,0.000000,0.000000,0.000000,1.000000,1.000000
1782449584.706509,-1,0.000402,inf,SAFE_STAND,0.000000,0.043829,-0.108475,-0.475038,0.000000,0.000000,0.000000,1.000000,1.000000
1782449584.727033,-1,0.000630,inf,SAFE_STAND,0.000000,0.043820,-0.108460,-0.475040,0.000000,0.000000,0.000000,1.000000,1.000000
1782449584.747262,-1,0.000486,inf,SAFE_STAND,0.000000,0.043829,-0.108501,-0.475083,0.000000,0.000000,0.000000,1.000000,1.000000
1782449584.767265,-1,0.000416,inf,SAFE_STAND,0.000000,0.043791,-0.108532,-0.475070,0.000000,0.000000,0.000000,1.000000,1.000000
1782449584.787904,-1,0.000765,inf,SAFE_STAND,0.000000,0.043771,-0.108555,-0.475099,0.000000,0.000000,0.000000,1.000000,1.000000
1782449584.807945,-1,0.000436,inf,SAFE_STAND,0.000000,0.043755,-0.108633,-0.475119,0.000000,0.000000,0.000000,1.000000,1.000000
1782449584.827979,-1,0.000397,inf,SAFE_STAND,0.000000,0.043757,-0.108698,-0.475089,0.000000,0.000000,0.000000,1.000000,1.000000
1782449584.848091,-1,0.000440,inf,SAFE_STAND,0.000000,0.043765,-0.108750,-0.475083,0.000000,0.000000,0.000000,1.000000,1.000000
1782449584.868576,-1,0.000625,inf,SAFE_STAND,0.000000,0.043770,-0.108776,-0.475065,0.000000,0.000000,0.000000,1.000000,1.000000
1782449584.888442,-1,0.000422,inf,SAFE_STAND,0.000000,0.043785,-0.108828,-0.475071,0.000000,0.000000,0.000000,1.000000,1.000000
1782449584.908521,-1,0.000403,inf,SAFE_STAND,0.000000,0.043767,-0.108833,-0.475116,0.000000,0.000000,0.000000,1.000000,1.000000
1782449584.928637,-1,0.000421,inf,SAFE_STAND,0.000000,0.043781,-0.108835,-0.475145,0.000000,0.000000,0.000000,1.000000,1.000000
1782449584.948889,-1,0.000601,759.617747,SAFE_STAND,0.000000,0.043806,-0.108777,-0.475137,0.000000,0.000000,0.000000,1.000000,1.000000
1782449584.969362,-1,0.000437,inf,SAFE_STAND,0.000000,0.043788,-0.108747,-0.475125,0.000000,0.000000,0.000000,1.000000,1.000000
1782449584.989402,-1,0.000402,inf,SAFE_STAND,0.000000,0.043797,-0.108763,-0.475146,0.000000,0.000000,0.000000,1.000000,1.000000
1782449585.009504,-1,0.000432,inf,SAFE_STAND,0.000000,0.043794,-0.108788,-0.475118,0.000000,0.000000,0.000000,1.000000,1.000000
1782449585.029623,-1,0.000430,inf,SAFE_STAND,0.000000,0.043798,-0.108811,-0.475133,0.000000,0.000000,0.000000,1.000000,1.000000
1782449585.049991,-1,0.000679,inf,SAFE_STAND,0.000000,0.043789,-0.108803,-0.475146,0.000000,0.000000,0.000000,1.000000,1.000000
1782449585.070105,-1,0.000423,inf,SAFE_STAND,0.000000,0.043789,-0.108818,-0.475134,0.000000,0.000000,0.000000,1.000000,1.000000
1782449585.090180,-1,0.000419,inf,SAFE_STAND,0.000000,0.043782,-0.108814,-0.475167,0.000000,0.000000,0.000000,1.000000,1.000000
1782449585.110911,-1,0.000679,inf,SAFE_STAND,0.000000,0.043779,-0.108842,-0.475173,0.000000,0.000000,0.000000,1.000000,1.000000
1782449585.130874,-1,0.000425,inf,SAFE_STAND,0.000000,0.043806,-0.108847,-0.475186,0.000000,0.000000,0.000000,1.000000,1.000000
1782449585.150998,-1,0.000422,inf,SAFE_STAND,0.000000,0.043808,-0.108860,-0.475198,0.000000,0.000000,0.000000,1.000000,1.000000
1782449585.171123,-1,0.000426,inf,SAFE_STAND,0.000000,0.043808,-0.108854,-0.475206,0.000000,0.000000,0.000000,1.000000,1.000000
1782449585.191713,-1,0.000423,inf,SAFE_STAND,0.000000,0.043832,-0.108830,-0.475226,0.000000,0.000000,0.000000,1.000000,1.000000
1782449585.211896,-1,0.000474,inf,SAFE_STAND,0.000000,0.043816,-0.108873,-0.475222,0.000000,0.000000,0.000000,1.000000,1.000000
1782449585.231971,-1,0.000428,inf,SAFE_STAND,0.000000,0.043834,-0.108847,-0.475233,0.000000,0.000000,0.000000,1.000000,1.000000
1782449585.252487,-1,0.000436,inf,SAFE_STAND,0.000000,0.043830,-0.108863,-0.475224,0.000000,0.000000,0.000000,1.000000,1.000000
1782449585.272614,-1,0.000424,inf,SAFE_STAND,0.000000,0.043847,-0.108828,-0.475247,0.000000,0.000000,0.000000,1.000000,1.000000
1782449585.292734,-1,0.000426,inf,SAFE_STAND,0.000000,0.043847,-0.108809,-0.475256,0.000000,0.000000,0.000000,1.000000,1.000000
1782449585.313402,-1,0.000502,inf,SAFE_STAND,0.000000,0.043849,-0.108859,-0.475226,0.000000,0.000000,0.000000,1.000000,1.000000
1782449585.333456,-1,0.000469,inf,SAFE_STAND,0.000000,0.043853,-0.108850,-0.475226,0.000000,0.000000,0.000000,1.000000,1.000000
1782449585.353500,-1,0.000438,inf,SAFE_STAND,0.000000,0.043851,-0.108890,-0.475211,0.000000,0.000000,0.000000,1.000000,1.000000
1782449585.373817,-1,0.000673,inf,SAFE_STAND,0.000000,0.043873,-0.108894,-0.475233,0.000000,0.000000,0.000000,1.000000,1.000000
1782449585.393883,-1,0.000661,inf,SAFE_STAND,0.000000,0.043852,-0.108896,-0.475244,0.000000,0.000000,0.000000,1.000000,1.000000
1782449585.413831,-1,0.000496,inf,SAFE_STAND,0.000000,0.043845,-0.108900,-0.475233,0.000000,0.000000,0.000000,1.000000,1.000000
1782449585.433999,-1,0.000423,inf,SAFE_STAND,0.000000,0.043839,-0.108914,-0.475269,0.000000,0.000000,0.000000,1.000000,1.000000
1782449585.454290,-1,0.000573,760.123184,SAFE_STAND,0.000000,0.043842,-0.108924,-0.475257,0.000000,0.000000,0.000000,1.000000,1.000000
1782449585.474216,-1,0.000422,inf,SAFE_STAND,0.000000,0.043834,-0.108932,-0.475293,0.000000,0.000000,0.000000,1.000000,1.000000
1782449585.494582,-1,0.000420,inf,SAFE_STAND,0.000000,0.043826,-0.108961,-0.475325,0.000000,0.000000,0.000000,1.000000,1.000000
1782449585.514715,-1,0.000428,inf,SAFE_STAND,0.000000,0.043810,-0.109002,-0.475307,0.000000,0.000000,0.000000,1.000000,1.000000
1782449585.534784,-1,0.000415,inf,SAFE_STAND,0.000000,0.043786,-0.109014,-0.475306,0.000000,0.000000,0.000000,1.000000,1.000000
1782449585.554924,-1,0.000436,inf,SAFE_STAND,0.000000,0.043787,-0.109000,-0.475290,0.000000,0.000000,0.000000,1.000000,1.000000
1782449585.575611,-1,0.000425,inf,SAFE_STAND,0.000000,0.043795,-0.108993,-0.475298,0.000000,0.000000,0.000000,1.000000,1.000000
1782449585.595707,-1,0.000440,inf,SAFE_STAND,0.000000,0.043812,-0.108992,-0.475304,0.000000,0.000000,0.000000,1.000000,1.000000
1782449585.616451,-1,0.000429,inf,SAFE_STAND,0.000000,0.043787,-0.108973,-0.475341,0.000000,0.000000,0.000000,1.000000,1.000000
1782449585.636523,-1,0.000428,inf,SAFE_STAND,0.000000,0.043762,-0.109002,-0.475360,0.000000,0.000000,0.000000,1.000000,1.000000
1782449585.656642,-1,0.000467,inf,SAFE_STAND,0.000000,0.043753,-0.109013,-0.475325,0.000000,0.000000,0.000000,1.000000,1.000000
1782449585.676949,-1,0.000695,inf,SAFE_STAND,0.000000,0.043742,-0.109052,-0.475314,0.000000,0.000000,0.000000,1.000000,1.000000
1782449585.697010,-1,0.000682,inf,SAFE_STAND,0.000000,0.043764,-0.109077,-0.475353,0.000000,0.000000,0.000000,1.000000,1.000000
1782449585.716953,-1,0.000490,inf,SAFE_STAND,0.000000,0.043767,-0.109135,-0.475390,0.000000,0.000000,0.000000,1.000000,1.000000
1782449585.736989,-1,0.000450,inf,SAFE_STAND,0.000000,0.043784,-0.109129,-0.475384,0.000000,0.000000,0.000000,1.000000,1.000000
1782449585.757062,-1,0.000448,inf,SAFE_STAND,0.000000,0.043801,-0.109168,-0.475323,0.000000,0.000000,0.000000,1.000000,1.000000
1782449585.777122,-1,0.000434,inf,SAFE_STAND,0.000000,0.043823,-0.109167,-0.475312,0.000000,0.000000,0.000000,1.000000,1.000000
1782449585.797677,-1,0.000691,inf,SAFE_STAND,0.000000,0.043829,-0.109172,-0.475314,0.000000,0.000000,0.000000,1.000000,1.000000
1782449585.817731,-1,0.000478,inf,SAFE_STAND,0.000000,0.043860,-0.109186,-0.475288,0.000000,0.000000,0.000000,1.000000,1.000000
1782449585.837887,-1,0.000478,inf,SAFE_STAND,0.000000,0.043867,-0.109211,-0.475275,0.000000,0.000000,0.000000,1.000000,1.000000
1782449585.857880,-1,0.000427,inf,SAFE_STAND,0.000000,0.043884,-0.109259,-0.475259,0.000000,0.000000,0.000000,1.000000,1.000000
1782449585.878327,-1,0.000800,inf,SAFE_STAND,0.000000,0.043896,-0.109270,-0.475227,0.000000,0.000000,0.000000,1.000000,1.000000
1782449585.898282,-1,0.000668,inf,SAFE_STAND,0.000000,0.043901,-0.109290,-0.475204,0.000000,0.000000,0.000000,1.000000,1.000000
1782449585.918376,-1,0.000683,inf,SAFE_STAND,0.000000,0.043907,-0.109303,-0.475213,0.000000,0.000000,0.000000,1.000000,1.000000
1782449585.938379,-1,0.000477,inf,SAFE_STAND,0.000000,0.043914,-0.109335,-0.475190,0.000000,0.000000,0.000000,1.000000,1.000000
1782449585.958619,-1,0.000644,760.627492,SAFE_STAND,0.000000,0.043933,-0.109404,-0.475141,0.000000,0.000000,0.000000,1.000000,1.000000
1782449585.978706,-1,0.000440,inf,SAFE_STAND,0.000000,0.043964,-0.109396,-0.475182,0.000000,0.000000,0.000000,1.000000,1.000000
1782449585.999292,-1,0.000453,inf,SAFE_STAND,0.000000,0.043983,-0.109459,-0.475202,0.000000,0.000000,0.000000,1.000000,1.000000
1782449586.019361,-1,0.000450,inf,SAFE_STAND,0.000000,0.043981,-0.109397,-0.475189,0.000000,0.000000,0.000000,1.000000,1.000000
1782449586.039423,-1,0.000437,inf,SAFE_STAND,0.000000,0.043974,-0.109426,-0.475197,0.000000,0.000000,0.000000,1.000000,1.000000
1782449586.059951,-1,0.000675,inf,SAFE_STAND,0.000000,0.043956,-0.109475,-0.475180,0.000000,0.000000,0.000000,1.000000,1.000000
1782449586.080017,-1,0.000452,inf,SAFE_STAND,0.000000,0.043989,-0.109520,-0.475139,0.000000,0.000000,0.000000,1.000000,1.000000
1782449586.100116,-1,0.000428,inf,SAFE_STAND,0.000000,0.043999,-0.109520,-0.475150,0.000000,0.000000,0.000000,1.000000,1.000000
1782449586.120538,-1,0.000696,inf,SAFE_STAND,0.000000,0.043965,-0.109548,-0.475137,0.000000,0.000000,0.000000,1.000000,1.000000
1782449586.140792,-1,0.000855,inf,SAFE_STAND,0.000000,0.043990,-0.109584,-0.475176,0.000000,0.000000,0.000000,1.000000,1.000000
1782449586.160865,-1,0.000824,inf,SAFE_STAND,0.000000,0.043985,-0.109597,-0.475152,0.000000,0.000000,0.000000,1.000000,1.000000
1782449586.180625,-1,0.000474,inf,SAFE_STAND,0.000000,0.044000,-0.109630,-0.475162,0.000000,0.000000,0.000000,1.000000,1.000000
1782449586.200769,-1,0.000457,inf,SAFE_STAND,0.000000,0.044007,-0.109634,-0.475137,0.000000,0.000000,0.000000,1.000000,1.000000
1782449586.220855,-1,0.000466,inf,SAFE_STAND,0.000000,0.044032,-0.109654,-0.475129,0.000000,0.000000,0.000000,1.000000,1.000000
1782449586.241481,-1,0.000662,inf,SAFE_STAND,0.000000,0.044030,-0.109687,-0.475100,0.000000,0.000000,0.000000,1.000000,1.000000
1782449586.261396,-1,0.000483,inf,SAFE_STAND,0.000000,0.044015,-0.109675,-0.475146,0.000000,0.000000,0.000000,1.000000,1.000000
1782449586.281387,-1,0.000399,inf,SAFE_STAND,0.000000,0.044047,-0.109651,-0.475198,0.000000,0.000000,0.000000,1.000000,1.000000
1782449586.301499,-1,0.000441,inf,SAFE_STAND,0.000000,0.044038,-0.109665,-0.475206,0.000000,0.000000,0.000000,1.000000,1.000000
1782449586.321602,-1,0.000469,inf,SAFE_STAND,0.000000,0.044028,-0.109654,-0.475190,0.000000,0.000000,0.000000,1.000000,1.000000
1782449586.342067,-1,0.000427,inf,SAFE_STAND,0.000000,0.044015,-0.109649,-0.475161,0.000000,0.000000,0.000000,1.000000,1.000000
1782449586.362155,-1,0.000443,inf,SAFE_STAND,0.000000,0.044004,-0.109710,-0.475172,0.000000,0.000000,0.000000,1.000000,1.000000
1782449586.382226,-1,0.000442,inf,SAFE_STAND,0.000000,0.043983,-0.109719,-0.475178,0.000000,0.000000,0.000000,1.000000,1.000000
1782449586.402270,-1,0.000411,inf,SAFE_STAND,0.000000,0.043974,-0.109778,-0.475182,0.000000,0.000000,0.000000,1.000000,1.000000
1782449586.422336,-1,0.000406,inf,SAFE_STAND,0.000000,0.043980,-0.109791,-0.475189,0.000000,0.000000,0.000000,1.000000,1.000000
1782449586.442820,-1,0.000427,inf,SAFE_STAND,0.000000,0.043990,-0.109761,-0.475181,0.000000,0.000000,0.000000,1.000000,1.000000
1782449586.463072,-1,0.000603,761.131945,SAFE_STAND,0.000000,0.044001,-0.109744,-0.475168,0.000000,0.000000,0.000000,1.000000,1.000000
1782449586.483691,-1,0.000784,inf,SAFE_STAND,0.000000,0.044002,-0.109757,-0.475183,0.000000,0.000000,0.000000,1.000000,1.000000
1782449586.503884,-1,0.000762,inf,SAFE_STAND,0.000000,0.043986,-0.109731,-0.475182,0.000000,0.000000,0.000000,1.000000,1.000000
1782449586.524432,-1,0.000916,inf,SAFE_STAND,0.000000,0.043981,-0.109717,-0.475126,0.000000,0.000000,0.000000,1.000000,1.000000
1782449586.544724,-1,0.001085,inf,SAFE_STAND,0.000000,0.043970,-0.109728,-0.475121,0.000000,0.000000,0.000000,1.000000,1.000000
1782449586.564910,-1,0.001058,inf,SAFE_STAND,0.000000,0.043984,-0.109719,-0.475140,0.000000,0.000000,0.000000,1.000000,1.000000
1782449586.585304,-1,0.000941,inf,SAFE_STAND,0.000000,0.044003,-0.109717,-0.475091,0.000000,0.000000,0.000000,1.000000,1.000000
1782449586.605425,-1,0.000931,inf,SAFE_STAND,0.000000,0.044014,-0.109787,-0.475042,0.000000,0.000000,0.000000,1.000000,1.000000
1782449586.625385,-1,0.000684,inf,SAFE_STAND,0.000000,0.044036,-0.109765,-0.475092,0.000000,0.000000,0.000000,1.000000,1.000000
1782449586.645662,-1,0.000722,inf,SAFE_STAND,0.000000,0.044020,-0.109772,-0.475112,0.000000,0.000000,0.000000,1.000000,1.000000
1782449586.666407,-1,0.000688,inf,SAFE_STAND,0.000000,0.044036,-0.109795,-0.475087,0.000000,0.000000,0.000000,1.000000,1.000000
1782449586.686494,-1,0.000686,inf,SAFE_STAND,0.000000,0.044032,-0.109806,-0.475067,0.000000,0.000000,0.000000,1.000000,1.000000
1782449586.706834,-1,0.000934,inf,SAFE_STAND,0.000000,0.044027,-0.109842,-0.475053,0.000000,0.000000,0.000000,1.000000,1.000000
1782449586.726958,-1,0.000935,inf,SAFE_STAND,0.000000,0.044010,-0.109836,-0.475024,0.000000,0.000000,0.000000,1.000000,1.000000
1782449586.747054,-1,0.000943,inf,SAFE_STAND,0.000000,0.044010,-0.109839,-0.475051,0.000000,0.000000,0.000000,1.000000,1.000000
1782449586.766989,-1,0.000678,inf,SAFE_STAND,0.000000,0.044005,-0.109864,-0.475082,0.000000,0.000000,0.000000,1.000000,1.000000
1782449586.787126,-1,0.000697,inf,SAFE_STAND,0.000000,0.044010,-0.109827,-0.475119,0.000000,0.000000,0.000000,1.000000,1.000000
1782449586.807753,-1,0.000943,inf,SAFE_STAND,0.000000,0.044007,-0.109834,-0.475132,0.000000,0.000000,0.000000,1.000000,1.000000
1782449586.827813,-1,0.000916,inf,SAFE_STAND,0.000000,0.044023,-0.109834,-0.475133,0.000000,0.000000,0.000000,1.000000,1.000000
1782449586.848000,-1,0.000693,inf,SAFE_STAND,0.000000,0.044015,-0.109818,-0.475173,0.000000,0.000000,0.000000,1.000000,1.000000
1782449586.868574,-1,0.000923,inf,SAFE_STAND,0.000000,0.043979,-0.109836,-0.475194,0.000000,0.000000,0.000000,1.000000,1.000000
1782449586.888670,-1,0.000682,inf,SAFE_STAND,0.000000,0.043974,-0.109873,-0.475153,0.000000,0.000000,0.000000,1.000000,1.000000
1782449586.908759,-1,0.000683,inf,SAFE_STAND,0.000000,0.043997,-0.109847,-0.475164,0.000000,0.000000,0.000000,1.000000,1.000000
1782449586.929364,-1,0.000954,inf,SAFE_STAND,0.000000,0.044002,-0.109806,-0.475200,0.000000,0.000000,0.000000,1.000000,1.000000
1782449586.949508,-1,0.000974,inf,SAFE_STAND,0.000000,0.043988,-0.109802,-0.475203,0.000000,0.000000,0.000000,1.000000,1.000000
1782449586.969624,-1,0.000950,761.638274,SAFE_STAND,0.000000,0.043980,-0.109816,-0.475233,0.000000,0.000000,0.000000,1.000000,1.000000
1782449586.989985,-1,0.000935,inf,SAFE_STAND,0.000000,0.043994,-0.109796,-0.475268,0.000000,0.000000,0.000000,1.000000,1.000000
1782449587.010116,-1,0.000932,inf,SAFE_STAND,0.000000,0.044015,-0.109809,-0.475313,0.000000,0.000000,0.000000,1.000000,1.000000
1782449587.030236,-1,0.000932,inf,SAFE_STAND,0.000000,0.044021,-0.109821,-0.475315,0.000000,0.000000,0.000000,1.000000,1.000000
1782449587.050345,-1,0.000709,inf,SAFE_STAND,0.000000,0.043999,-0.109831,-0.475324,0.000000,0.000000,0.000000,1.000000,1.000000
1782449587.070951,-1,0.000938,inf,SAFE_STAND,0.000000,0.043990,-0.109789,-0.475337,0.000000,0.000000,0.000000,1.000000,1.000000
1782449587.091021,-1,0.000678,inf,SAFE_STAND,0.000000,0.043987,-0.109824,-0.475345,0.000000,0.000000,0.000000,1.000000,1.000000
1782449587.111385,-1,0.000911,inf,SAFE_STAND,0.000000,0.043992,-0.109851,-0.475340,0.000000,0.000000,0.000000,1.000000,1.000000
1782449587.131510,-1,0.000914,inf,SAFE_STAND,0.000000,0.043989,-0.109895,-0.475332,0.000000,0.000000,0.000000,1.000000,1.000000
1782449587.151684,-1,0.000965,inf,SAFE_STAND,0.000000,0.043993,-0.109918,-0.475327,0.000000,0.000000,0.000000,1.000000,1.000000
1782449587.171765,-1,0.000719,inf,SAFE_STAND,0.000000,0.043977,-0.109931,-0.475333,0.000000,0.000000,0.000000,1.000000,1.000000
1782449587.191876,-1,0.000691,inf,SAFE_STAND,0.000000,0.043967,-0.109944,-0.475337,0.000000,0.000000,0.000000,1.000000,1.000000
1782449587.212281,-1,0.000956,inf,SAFE_STAND,0.000000,0.043976,-0.109952,-0.475297,0.000000,0.000000,0.000000,1.000000,1.000000
1782449587.232392,-1,0.000914,inf,SAFE_STAND,0.000000,0.043965,-0.109949,-0.475281,0.000000,0.000000,0.000000,1.000000,1.000000
1782449587.252643,-1,0.000701,inf,SAFE_STAND,0.000000,0.043966,-0.109962,-0.475290,0.000000,0.000000,0.000000,1.000000,1.000000
1782449587.273497,-1,0.000678,inf,SAFE_STAND,0.000000,0.043975,-0.109970,-0.475308,0.000000,0.000000,0.000000,1.000000,1.000000
1782449587.293879,-1,0.000940,inf,SAFE_STAND,0.000000,0.043983,-0.109924,-0.475304,0.000000,0.000000,0.000000,1.000000,1.000000
1782449587.313886,-1,0.000821,inf,SAFE_STAND,0.000000,0.043986,-0.109927,-0.475276,0.000000,0.000000,0.000000,1.000000,1.000000
1782449587.333858,-1,0.000708,inf,SAFE_STAND,0.000000,0.044004,-0.109938,-0.475301,0.000000,0.000000,0.000000,1.000000,1.000000
1782449587.354015,-1,0.000478,inf,SAFE_STAND,0.000000,0.044034,-0.109906,-0.475317,0.000000,0.000000,0.000000,1.000000,1.000000
1782449587.374075,-1,0.000460,inf,SAFE_STAND,0.000000,0.044047,-0.109915,-0.475288,0.000000,0.000000,0.000000,1.000000,1.000000
1782449587.394553,-1,0.000645,inf,SAFE_STAND,0.000000,0.044086,-0.109885,-0.475306,0.000000,0.000000,0.000000,1.000000,1.000000
1782449587.414592,-1,0.000463,inf,SAFE_STAND,0.000000,0.044117,-0.109882,-0.475336,0.000000,0.000000,0.000000,1.000000,1.000000
1782449587.434749,-1,0.000541,inf,SAFE_STAND,0.000000,0.044132,-0.109866,-0.475361,0.000000,0.000000,0.000000,1.000000,1.000000
1782449587.454834,-1,0.000544,inf,SAFE_STAND,0.000000,0.044125,-0.109818,-0.475395,0.000000,0.000000,0.000000,1.000000,1.000000
1782449587.475589,-1,0.000582,762.144467,SAFE_STAND,0.000000,0.044118,-0.109752,-0.475403,0.000000,0.000000,0.000000,1.000000,1.000000
1782449587.495523,-1,0.000441,inf,SAFE_STAND,0.000000,0.044113,-0.109742,-0.475423,0.000000,0.000000,0.000000,1.000000,1.000000
1782449587.515710,-1,0.000548,inf,SAFE_STAND,0.000000,0.044110,-0.109712,-0.475411,0.000000,0.000000,0.000000,1.000000,1.000000
1782449587.536152,-1,0.000684,inf,SAFE_STAND,0.000000,0.044059,-0.109733,-0.475357,0.000000,0.000000,0.000000,1.000000,1.000000
1782449587.556312,-1,0.000768,inf,SAFE_STAND,0.000000,0.044096,-0.109708,-0.475362,0.000000,0.000000,0.000000,1.000000,1.000000
1782449587.576344,-1,0.000539,inf,SAFE_STAND,0.000000,0.044092,-0.109669,-0.475375,0.000000,0.000000,0.000000,1.000000,1.000000
1782449587.596461,-1,0.000575,inf,SAFE_STAND,0.000000,0.044111,-0.109626,-0.475431,0.000000,0.000000,0.000000,1.000000,1.000000
1782449587.616921,-1,0.000535,inf,SAFE_STAND,0.000000,0.044116,-0.109604,-0.475442,0.000000,0.000000,0.000000,1.000000,1.000000
1782449587.637076,-1,0.000555,inf,SAFE_STAND,0.000000,0.044085,-0.109604,-0.475418,0.000000,0.000000,0.000000,1.000000,1.000000
1782449587.657220,-1,0.000572,inf,SAFE_STAND,0.000000,0.044062,-0.109570,-0.475443,0.000000,0.000000,0.000000,1.000000,1.000000
1782449587.677670,-1,0.000719,inf,SAFE_STAND,0.000000,0.044079,-0.109567,-0.475451,0.000000,0.000000,0.000000,1.000000,1.000000
1782449587.697830,-1,0.000799,inf,SAFE_STAND,0.000000,0.044054,-0.109606,-0.475440,0.000000,0.000000,0.000000,1.000000,1.000000
1782449587.717737,-1,0.000594,inf,SAFE_STAND,0.000000,0.044074,-0.109576,-0.475442,0.000000,0.000000,0.000000,1.000000,1.000000
1782449587.737838,-1,0.000562,inf,SAFE_STAND,0.000000,0.044069,-0.109565,-0.475434,0.000000,0.000000,0.000000,1.000000,1.000000
1782449587.758375,-1,0.000666,inf,SAFE_STAND,0.000000,0.044046,-0.109607,-0.475447,0.000000,0.000000,0.000000,1.000000,1.000000
1782449587.778527,-1,0.000743,inf,SAFE_STAND,0.000000,0.044028,-0.109597,-0.475465,0.000000,0.000000,0.000000,1.000000,1.000000
1782449587.798437,-1,0.000539,inf,SAFE_STAND,0.000000,0.044024,-0.109563,-0.475458,0.000000,0.000000,0.000000,1.000000,1.000000
1782449587.818531,-1,0.000490,inf,SAFE_STAND,0.000000,0.044012,-0.109585,-0.475451,0.000000,0.000000,0.000000,1.000000,1.000000
1782449587.838647,-1,0.000528,inf,SAFE_STAND,0.000000,0.044025,-0.109571,-0.475425,0.000000,0.000000,0.000000,1.000000,1.000000
1782449587.858715,-1,0.000514,inf,SAFE_STAND,0.000000,0.043993,-0.109599,-0.475417,0.000000,0.000000,0.000000,1.000000,1.000000
1782449587.879243,-1,0.000447,inf,SAFE_STAND,0.000000,0.044000,-0.109607,-0.475415,0.000000,0.000000,0.000000,1.000000,1.000000
1782449587.899310,-1,0.000441,inf,SAFE_STAND,0.000000,0.044025,-0.109566,-0.475423,0.000000,0.000000,0.000000,1.000000,1.000000
1782449587.919856,-1,0.000682,inf,SAFE_STAND,0.000000,0.044057,-0.109559,-0.475426,0.000000,0.000000,0.000000,1.000000,1.000000
1782449587.939919,-1,0.000669,inf,SAFE_STAND,0.000000,0.044073,-0.109512,-0.475463,0.000000,0.000000,0.000000,1.000000,1.000000
1782449587.959836,-1,0.000424,inf,SAFE_STAND,0.000000,0.044048,-0.109542,-0.475425,0.000000,0.000000,0.000000,1.000000,1.000000
1782449587.980197,-1,0.000643,762.649071,SAFE_STAND,0.000000,0.044027,-0.109572,-0.475427,0.000000,0.000000,0.000000,1.000000,1.000000
1782449588.000020,-1,0.000392,inf,SAFE_STAND,0.000000,0.043998,-0.109539,-0.475453,0.000000,0.000000,0.000000,1.000000,1.000000
1782449588.020127,-1,0.000427,inf,SAFE_STAND,0.000000,0.044002,-0.109522,-0.475465,0.000000,0.000000,0.000000,1.000000,1.000000
1782449588.040646,-1,0.000658,inf,SAFE_STAND,0.000000,0.044015,-0.109518,-0.475483,0.000000,0.000000,0.000000,1.000000,1.000000
1782449588.060692,-1,0.000633,inf,SAFE_STAND,0.000000,0.044030,-0.109487,-0.475486,0.000000,0.000000,0.000000,1.000000,1.000000
1782449588.080801,-1,0.000483,inf,SAFE_STAND,0.000000,0.044038,-0.109470,-0.475465,0.000000,0.000000,0.000000,1.000000,1.000000
1782449588.100797,-1,0.000403,inf,SAFE_STAND,0.000000,0.044064,-0.109406,-0.475497,0.000000,0.000000,0.000000,1.000000,1.000000
