timestamp,frame_id,loop_dt,redis_age,mode,risk_score,roll,pitch,yaw,max_tracking_error,rms_tracking_error,max_torque_ratio,ramp,deploy_action_scale
1782353588.906796,0,0.000561,inf,STAND_TEST,0.000000,-0.006695,0.033261,0.810934,0.000000,0.000000,0.000000,1.000000,1.000000
1782353588.926842,1,0.000544,inf,STAND_TEST,0.000000,-0.007072,0.033299,0.814405,0.000000,0.000000,0.000000,1.000000,1.000000
1782353588.946795,2,0.000441,inf,STAND_TEST,0.000000,-0.007450,0.033417,0.817802,0.000000,0.000000,0.000000,1.000000,1.000000
1782353588.966864,3,0.000455,inf,STAND_TEST,0.000000,-0.007801,0.033508,0.821019,0.000000,0.000000,0.000000,1.000000,1.000000
1782353588.987226,4,0.000761,inf,STAND_TEST,0.000000,-0.008123,0.033637,0.824574,0.000000,0.000000,0.000000,1.000000,1.000000
1782353589.007182,5,0.000660,inf,STAND_TEST,0.000000,-0.008388,0.033731,0.827758,0.000000,0.000000,0.000000,1.000000,1.000000
1782353589.027247,6,0.000465,inf,STAND_TEST,0.000000,-0.008660,0.033857,0.831248,0.000000,0.000000,0.000000,1.000000,1.000000
1782353589.047263,7,0.000427,inf,STAND_TEST,0.000000,-0.008847,0.034004,0.834680,0.000000,0.000000,0.000000,1.000000,1.000000
1782353589.067394,8,0.000476,inf,STAND_TEST,0.000000,-0.009004,0.034148,0.837798,0.000000,0.000000,0.000000,1.000000,1.000000
1782353589.087406,9,0.000432,inf,STAND_TEST,0.000000,-0.009082,0.034332,0.841021,0.000000,0.000000,0.000000,1.000000,1.000000
1782353589.107442,10,0.000415,inf,STAND_TEST,0.000000,-0.009132,0.034522,0.844261,0.000000,0.000000,0.000000,1.000000,1.000000
1782353589.127512,11,0.000429,inf,STAND_TEST,0.000000,-0.009128,0.034744,0.847406,0.000000,0.000000,0.000000,1.000000,1.000000
1782353589.147820,12,0.000684,inf,STAND_TEST,0.000000,-0.009026,0.035011,0.850550,0.000000,0.000000,0.000000,1.000000,1.000000
1782353589.167819,13,0.000628,inf,STAND_TEST,0.000000,-0.008839,0.035250,0.853700,0.000000,0.000000,0.000000,1.000000,1.000000
1782353589.187848,14,0.000428,inf,STAND_TEST,0.000000,-0.008567,0.035481,0.856841,0.000000,0.000000,0.000000,1.000000,1.000000
1782353589.207927,15,0.000453,inf,STAND_TEST,0.000000,-0.008205,0.035776,0.860072,0.000000,0.000000,0.000000,1.000000,1.000000
1782353589.227996,16,0.000468,inf,STAND_TEST,0.000000,-0.007745,0.036084,0.863118,0.000000,0.000000,0.000000,1.000000,1.000000
1782353589.248209,17,0.000627,inf,STAND_TEST,0.000000,-0.007199,0.036437,0.866144,0.000000,0.000000,0.000000,1.000000,1.000000
1782353589.268023,18,0.000387,inf,STAND_TEST,0.000000,-0.006603,0.036808,0.869140,0.000000,0.000000,0.000000,1.000000,1.000000
1782353589.288356,19,0.000666,inf,STAND_TEST,0.000000,-0.005967,0.037136,0.872114,0.000000,0.000000,0.000000,1.000000,1.000000
1782353589.308410,20,0.000663,inf,STAND_TEST,0.000000,-0.005291,0.037513,0.875144,0.000000,0.000000,0.000000,1.000000,1.000000
1782353589.328249,21,0.000445,inf,STAND_TEST,0.000000,-0.004556,0.037917,0.878095,0.000000,0.000000,0.000000,1.000000,1.000000
1782353589.348485,22,0.000418,inf,STAND_TEST,0.000000,-0.003770,0.038358,0.881171,0.000000,0.000000,0.000000,1.000000,1.000000
1782353589.368592,23,0.000470,inf,STAND_TEST,0.000000,-0.002984,0.038773,0.884036,0.000000,0.000000,0.000000,1.000000,1.000000
1782353589.388624,24,0.000447,inf,STAND_TEST,0.000000,-0.002251,0.039182,0.886745,0.000000,0.000000,0.000000,1.000000,1.000000
1782353589.408669,25,0.000436,inf,STAND_TEST,0.000000,-0.001471,0.039607,0.889547,0.000000,0.000000,0.000000,1.000000,1.000000
1782353589.428907,26,0.000619,inf,STAND_TEST,0.000000,-0.000672,0.040023,0.892317,0.000000,0.000000,0.000000,1.000000,1.000000
1782353589.448989,27,0.000452,inf,STAND_TEST,0.000000,0.000194,0.040511,0.895269,0.000000,0.000000,0.000000,1.000000,1.000000
1782353589.469035,28,0.000442,inf,STAND_TEST,0.000000,0.001018,0.040951,0.898019,0.000000,0.000000,0.000000,1.000000,1.000000
1782353589.489102,29,0.000453,inf,STAND_TEST,0.000000,0.001845,0.041398,0.900766,0.000000,0.000000,0.000000,1.000000,1.000000
1782353589.509166,30,0.000462,inf,STAND_TEST,0.000000,0.002643,0.041861,0.903358,0.000000,0.000000,0.000000,1.000000,1.000000
1782353589.529178,31,0.000419,inf,STAND_TEST,0.000000,0.003420,0.042295,0.905960,0.000000,0.000000,0.000000,1.000000,1.000000
1782353589.549492,32,0.000678,inf,STAND_TEST,0.000000,0.004207,0.042699,0.908606,0.000000,0.000000,0.000000,1.000000,1.000000
1782353589.569522,33,0.000652,inf,STAND_TEST,0.000000,0.004970,0.043075,0.911169,0.000000,0.000000,0.000000,1.000000,1.000000
1782353589.589583,34,0.000657,inf,STAND_TEST,0.000000,0.005708,0.043457,0.913727,0.000000,0.000000,0.000000,1.000000,1.000000
1782353589.609627,35,0.000646,inf,STAND_TEST,0.000000,0.006418,0.043801,0.916214,0.000000,0.000000,0.000000,1.000000,1.000000
1782353589.629617,36,0.000415,inf,STAND_TEST,0.000000,0.007204,0.044160,0.918870,0.000000,0.000000,0.000000,1.000000,1.000000
1782353589.649693,37,0.000437,inf,STAND_TEST,0.000000,0.007972,0.044464,0.921329,0.000000,0.000000,0.000000,1.000000,1.000000
1782353589.669733,38,0.000422,inf,STAND_TEST,0.000000,0.008680,0.044755,0.923633,0.000000,0.000000,0.000000,1.000000,1.000000
1782353589.689790,39,0.000424,inf,STAND_TEST,0.000000,0.009458,0.045036,0.926047,0.000000,0.000000,0.000000,1.000000,1.000000
1782353589.709877,40,0.000455,inf,STAND_TEST,0.000000,0.010259,0.045308,0.928553,0.000000,0.000000,0.000000,1.000000,1.000000
1782353589.730248,41,0.000451,inf,STAND_TEST,0.000000,0.011054,0.045564,0.930829,0.000000,0.000000,0.000000,1.000000,1.000000
1782353589.750445,42,0.000453,inf,STAND_TEST,0.000000,0.011853,0.045747,0.933026,0.000000,0.000000,0.000000,1.000000,1.000000
1782353589.770472,43,0.000426,inf,STAND_TEST,0.000000,0.012794,0.045953,0.935507,0.000000,0.000000,0.000000,1.000000,1.000000
1782353589.790603,44,0.000455,inf,STAND_TEST,0.000000,0.013620,0.046109,0.937630,0.000000,0.000000,0.000000,1.000000,1.000000
1782353589.810844,45,0.000640,inf,STAND_TEST,0.000000,0.014503,0.046293,0.939820,0.000000,0.000000,0.000000,1.000000,1.000000
1782353589.830925,46,0.000667,inf,STAND_TEST,0.000000,0.015385,0.046418,0.941995,0.000000,0.000000,0.000000,1.000000,1.000000
1782353589.850981,47,0.000668,inf,STAND_TEST,0.000000,0.016264,0.046546,0.944115,0.000000,0.000000,0.000000,1.000000,1.000000
1782353589.870867,48,0.000410,inf,STAND_TEST,0.000000,0.017159,0.046703,0.946311,0.000000,0.000000,0.000000,1.000000,1.000000
1782353589.890915,49,0.000403,inf,STAND_TEST,0.000000,0.017994,0.046873,0.948368,0.000000,0.000000,0.000000,1.000000,1.000000
1782353589.911021,50,0.000454,inf,STAND_TEST,0.000000,0.018774,0.047012,0.950291,0.000000,0.000000,0.000000,1.000000,1.000000
1782353589.931140,51,0.000517,inf,STAND_TEST,0.000000,0.019610,0.047114,0.952368,0.000000,0.000000,0.000000,1.000000,1.000000
1782353589.951100,52,0.000422,inf,STAND_TEST,0.000000,0.020337,0.047206,0.954321,0.000000,0.000000,0.000000,1.000000,1.000000
1782353589.971385,53,0.000653,inf,STAND_TEST,0.000000,0.021048,0.047274,0.956259,0.000000,0.000000,0.000000,1.000000,1.000000
1782353589.991398,54,0.000613,inf,STAND_TEST,0.000000,0.021680,0.047344,0.958038,0.000000,0.000000,0.000000,1.000000,1.000000
1782353590.011507,55,0.000667,inf,STAND_TEST,0.000000,0.022329,0.047396,0.959971,0.000000,0.000000,0.000000,1.000000,1.000000
1782353590.031491,56,0.000395,inf,STAND_TEST,0.000000,0.022900,0.047444,0.961876,0.000000,0.000000,0.000000,1.000000,1.000000
1782353590.051553,57,0.000403,inf,STAND_TEST,0.000000,0.023361,0.047478,0.963672,0.000000,0.000000,0.000000,1.000000,1.000000
1782353590.071654,58,0.000449,inf,STAND_TEST,0.000000,0.023763,0.047524,0.965327,0.000000,0.000000,0.000000,1.000000,1.000000
1782353590.091655,59,0.000395,inf,STAND_TEST,0.000000,0.024085,0.047549,0.967059,0.000000,0.000000,0.000000,1.000000,1.000000
1782353590.111951,60,0.000637,inf,STAND_TEST,0.000000,0.024387,0.047564,0.968871,0.000000,0.000000,0.000000,1.000000,1.000000
1782353590.132017,61,0.000646,inf,STAND_TEST,0.000000,0.024562,0.047535,0.970421,0.000000,0.000000,0.000000,1.000000,1.000000
1782353590.152069,62,0.000429,inf,STAND_TEST,0.000000,0.024662,0.047537,0.972028,0.000000,0.000000,0.000000,1.000000,1.000000
1782353590.172129,63,0.000436,inf,STAND_TEST,0.000000,0.024701,0.047524,0.973488,0.000000,0.000000,0.000000,1.000000,1.000000
1782353590.192183,64,0.000434,inf,STAND_TEST,0.000000,0.024645,0.047448,0.974974,0.000000,0.000000,0.000000,1.000000,1.000000
1782353590.212219,65,0.000415,inf,STAND_TEST,0.000000,0.024548,0.047367,0.976393,0.000000,0.000000,0.000000,1.000000,1.000000
1782353590.232282,66,0.000424,inf,STAND_TEST,0.000000,0.024437,0.047242,0.977771,0.000000,0.000000,0.000000,1.000000,1.000000
1782353590.252548,67,0.000635,inf,STAND_TEST,0.000000,0.024264,0.047074,0.979115,0.000000,0.000000,0.000000,1.000000,1.000000
1782353590.272609,68,0.000642,inf,STAND_TEST,0.000000,0.024051,0.046924,0.980442,0.000000,0.000000,0.000000,1.000000,1.000000
1782353590.292495,69,0.000423,inf,STAND_TEST,0.000000,0.023775,0.046738,0.981723,0.000000,0.000000,0.000000,1.000000,1.000000
1782353590.312626,70,0.000419,inf,STAND_TEST,0.000000,0.023489,0.046556,0.982929,0.000000,0.000000,0.000000,1.000000,1.000000
1782353590.332827,71,0.000464,inf,STAND_TEST,0.000000,0.023167,0.046333,0.984205,0.000000,0.000000,0.000000,1.000000,1.000000
1782353590.352849,72,0.000432,inf,STAND_TEST,0.000000,0.022833,0.046047,0.985397,0.000000,0.000000,0.000000,1.000000,1.000000
1782353590.372966,73,0.000495,inf,STAND_TEST,0.000000,0.022469,0.045754,0.986438,0.000000,0.000000,0.000000,1.000000,1.000000
1782353590.393196,74,0.000669,inf,STAND_TEST,0.000000,0.022086,0.045451,0.987513,0.000000,0.000000,0.000000,1.000000,1.000000
1782353590.413224,75,0.000644,inf,STAND_TEST,0.000000,0.021632,0.045129,0.988624,0.000000,0.000000,0.000000,1.000000,1.000000
1782353590.433264,76,0.000628,inf,STAND_TEST,0.000000,0.021221,0.044820,0.989680,0.000000,0.000000,0.000000,1.000000,1.000000
1782353590.453305,77,0.000430,inf,STAND_TEST,0.000000,0.020770,0.044457,0.990701,0.000000,0.000000,0.000000,1.000000,1.000000
1782353590.473434,78,0.000503,inf,STAND_TEST,0.000000,0.020289,0.044083,0.991653,0.000000,0.000000,0.000000,1.000000,1.000000
1782353590.493494,79,0.000507,inf,STAND_TEST,0.000000,0.019774,0.043769,0.992626,0.000000,0.000000,0.000000,1.000000,1.000000
1782353590.513501,80,0.000458,inf,STAND_TEST,0.000000,0.019300,0.043474,0.993465,0.000000,0.000000,0.000000,1.000000,1.000000
1782353590.533525,81,0.000428,inf,STAND_TEST,0.000000,0.018779,0.043149,0.994247,0.000000,0.000000,0.000000,1.000000,1.000000
1782353590.553762,82,0.000611,inf,STAND_TEST,0.000000,0.018207,0.042828,0.995069,0.000000,0.000000,0.000000,1.000000,1.000000
1782353590.573805,83,0.000442,inf,STAND_TEST,0.000000,0.017580,0.042527,0.995841,0.000000,0.000000,0.000000,1.000000,1.000000
1782353590.593946,84,0.000411,inf,STAND_TEST,0.000000,0.016917,0.042267,0.996592,0.000000,0.000000,0.000000,1.000000,1.000000
1782353590.614015,85,0.000426,inf,STAND_TEST,0.000000,0.016242,0.041953,0.997239,0.000000,0.000000,0.000000,1.000000,1.000000
1782353590.634047,86,0.000403,inf,STAND_TEST,0.000000,0.015485,0.041686,0.997899,0.000000,0.000000,0.000000,1.000000,1.000000
1782353590.654125,87,0.000427,inf,STAND_TEST,0.000000,0.014764,0.041483,0.998458,0.000000,0.000000,0.000000,1.000000,1.000000
1782353590.674163,88,0.000412,inf,STAND_TEST,0.000000,0.013878,0.041280,0.999055,0.000000,0.000000,0.000000,1.000000,1.000000
1782353590.694419,89,0.000425,inf,STAND_TEST,0.000000,0.012954,0.041012,0.999623,0.000000,0.000000,0.000000,1.000000,1.000000
1782353590.714627,90,0.000406,inf,STAND_TEST,0.000000,0.012058,0.040805,1.000064,0.000000,0.000000,0.000000,1.000000,1.000000
1782353590.734718,91,0.000443,inf,STAND_TEST,0.000000,0.011094,0.040530,1.000499,0.000000,0.000000,0.000000,1.000000,1.000000
1782353590.754756,92,0.000427,inf,STAND_TEST,0.000000,0.010058,0.040325,1.000978,0.000000,0.000000,0.000000,1.000000,1.000000
1782353590.774832,93,0.000453,inf,STAND_TEST,0.000000,0.009032,0.040124,1.001422,0.000000,0.000000,0.000000,1.000000,1.000000
1782353590.795084,94,0.000651,inf,STAND_TEST,0.000000,0.008092,0.039947,1.001791,0.000000,0.000000,0.000000,1.000000,1.000000
1782353590.815167,95,0.000678,inf,STAND_TEST,0.000000,0.007095,0.039761,1.002140,0.000000,0.000000,0.000000,1.000000,1.000000
1782353590.835190,96,0.000465,inf,STAND_TEST,0.000000,0.006003,0.039566,1.002402,0.000000,0.000000,0.000000,1.000000,1.000000
1782353590.855245,97,0.000459,inf,STAND_TEST,0.000000,0.005058,0.039430,1.002653,0.000000,0.000000,0.000000,1.000000,1.000000
1782353590.875274,98,0.000433,inf,STAND_TEST,0.000000,0.004000,0.039249,1.002854,0.000000,0.000000,0.000000,1.000000,1.000000
1782353590.895326,99,0.000430,inf,STAND_TEST,0.000000,0.003011,0.039096,1.003016,0.000000,0.000000,0.000000,1.000000,1.000000
1782353590.915374,100,0.000422,inf,STAND_TEST,0.000000,0.002059,0.038951,1.003183,0.000000,0.000000,0.000000,1.000000,1.000000
1782353590.935447,101,0.000441,inf,STAND_TEST,0.000000,0.001135,0.038789,1.003303,0.000000,0.000000,0.000000,1.000000,1.000000
1782353590.955745,102,0.000684,inf,STAND_TEST,0.000000,0.000227,0.038633,1.003418,0.000000,0.000000,0.000000,1.000000,1.000000
1782353590.975792,103,0.000677,inf,STAND_TEST,0.000000,-0.000610,0.038450,1.003502,0.000000,0.000000,0.000000,1.000000,1.000000
1782353590.995601,104,0.000469,inf,STAND_TEST,0.000000,-0.001462,0.038255,1.003557,0.000000,0.000000,0.000000,1.000000,1.000000
1782353591.015679,105,0.000442,inf,STAND_TEST,0.000000,-0.002204,0.038094,1.003568,0.000000,0.000000,0.000000,1.000000,1.000000
1782353591.035729,106,0.000438,inf,STAND_TEST,0.000000,-0.002878,0.037957,1.003586,0.000000,0.000000,0.000000,1.000000,1.000000
1782353591.055756,107,0.000411,inf,STAND_TEST,0.000000,-0.003491,0.037794,1.003548,0.000000,0.000000,0.000000,1.000000,1.000000
1782353591.075823,108,0.000446,inf,STAND_TEST,0.000000,-0.004113,0.037566,1.003462,0.000000,0.000000,0.000000,1.000000,1.000000
1782353591.096166,109,0.000734,inf,STAND_TEST,0.000000,-0.004664,0.037408,1.003335,0.000000,0.000000,0.000000,1.000000,1.000000
1782353591.116160,110,0.000674,inf,STAND_TEST,0.000000,-0.005136,0.037252,1.003244,0.000000,0.000000,0.000000,1.000000,1.000000
1782353591.136207,111,0.000665,inf,STAND_TEST,0.000000,-0.005614,0.037138,1.003044,0.000000,0.000000,0.000000,1.000000,1.000000
1782353591.156245,112,0.000648,inf,STAND_TEST,0.000000,-0.006062,0.037017,1.002870,0.000000,0.000000,0.000000,1.000000,1.000000
1782353591.176356,113,0.000704,inf,STAND_TEST,0.000000,-0.006454,0.037002,1.002579,0.000000,0.000000,0.000000,1.000000,1.000000
1782353591.196165,114,0.000457,inf,STAND_TEST,0.000000,-0.006859,0.036863,1.002314,0.000000,0.000000,0.000000,1.000000,1.000000
1782353591.216201,115,0.000438,inf,STAND_TEST,0.000000,-0.007258,0.036812,1.001985,0.000000,0.000000,0.000000,1.000000,1.000000
1782353591.236262,116,0.000443,inf,STAND_TEST,0.000000,-0.007572,0.036788,1.001655,0.000000,0.000000,0.000000,1.000000,1.000000
1782353591.256323,117,0.000449,inf,STAND_TEST,0.000000,-0.007898,0.036801,1.001303,0.000000,0.000000,0.000000,1.000000,1.000000
1782353591.276388,118,0.000458,inf,STAND_TEST,0.000000,-0.008190,0.036844,1.000936,0.000000,0.000000,0.000000,1.000000,1.000000
1782353591.296439,119,0.000454,inf,STAND_TEST,0.000000,-0.008448,0.036929,1.000491,0.000000,0.000000,0.000000,1.000000,1.000000
1782353591.316702,120,0.000663,inf,STAND_TEST,0.000000,-0.008682,0.036994,1.000000,0.000000,0.000000,0.000000,1.000000,1.000000
1782353591.336751,121,0.000656,inf,STAND_TEST,0.000000,-0.008877,0.037102,0.999494,0.000000,0.000000,0.000000,1.000000,1.000000
1782353591.356591,122,0.000442,inf,STAND_TEST,0.000000,-0.009074,0.037259,0.998878,0.000000,0.000000,0.000000,1.000000,1.000000
1782353591.376769,123,0.000463,inf,STAND_TEST,0.000000,-0.009211,0.037438,0.998297,0.000000,0.000000,0.000000,1.000000,1.000000
1782353591.396776,124,0.000415,inf,STAND_TEST,0.000000,-0.009310,0.037602,0.997746,0.000000,0.000000,0.000000,1.000000,1.000000
1782353591.416877,125,0.000457,inf,STAND_TEST,0.000000,-0.009387,0.037741,0.997071,0.000000,0.000000,0.000000,1.000000,1.000000
1782353591.437155,126,0.000681,inf,STAND_TEST,0.000000,-0.009404,0.037886,0.996430,0.000000,0.000000,0.000000,1.000000,1.000000
1782353591.457182,127,0.000652,inf,STAND_TEST,0.000000,-0.009350,0.038120,0.995766,0.000000,0.000000,0.000000,1.000000,1.000000
1782353591.477016,128,0.000431,inf,STAND_TEST,0.000000,-0.009257,0.038383,0.994968,0.000000,0.000000,0.000000,1.000000,1.000000
1782353591.497174,129,0.000410,inf,STAND_TEST,0.000000,-0.009107,0.038620,0.994194,0.000000,0.000000,0.000000,1.000000,1.000000
1782353591.517368,130,0.000459,inf,STAND_TEST,0.000000,-0.008897,0.038835,0.993409,0.000000,0.000000,0.000000,1.000000,1.000000
1782353591.537408,131,0.000443,inf,STAND_TEST,0.000000,-0.008603,0.039069,0.992619,0.000000,0.000000,0.000000,1.000000,1.000000
1782353591.557445,132,0.000426,inf,STAND_TEST,0.000000,-0.008220,0.039311,0.991784,0.000000,0.000000,0.000000,1.000000,1.000000
1782353591.577718,133,0.000642,inf,STAND_TEST,0.000000,-0.007803,0.039553,0.991036,0.000000,0.000000,0.000000,1.000000,1.000000
1782353591.597533,134,0.000402,inf,STAND_TEST,0.000000,-0.007286,0.039762,0.990138,0.000000,0.000000,0.000000,1.000000,1.000000
1782353591.617607,135,0.000422,inf,STAND_TEST,0.000000,-0.006696,0.039990,0.989248,0.000000,0.000000,0.000000,1.000000,1.000000
1782353591.637891,136,0.000652,inf,STAND_TEST,0.000000,-0.006074,0.040278,0.988349,0.000000,0.000000,0.000000,1.000000,1.000000
1782353591.657808,137,0.000413,inf,STAND_TEST,0.000000,-0.005377,0.040523,0.987355,0.000000,0.000000,0.000000,1.000000,1.000000
1782353591.677872,138,0.000423,inf,STAND_TEST,0.000000,-0.004662,0.040756,0.986373,0.000000,0.000000,0.000000,1.000000,1.000000
1782353591.697903,139,0.000400,inf,STAND_TEST,0.000000,-0.003916,0.040987,0.985334,0.000000,0.000000,0.000000,1.000000,1.000000
1782353591.717959,140,0.000403,inf,STAND_TEST,0.000000,-0.003133,0.041237,0.984279,0.000000,0.000000,0.000000,1.000000,1.000000
1782353591.738025,141,0.000414,inf,STAND_TEST,0.000000,-0.002313,0.041463,0.983222,0.000000,0.000000,0.000000,1.000000,1.000000
1782353591.758080,142,0.000414,inf,STAND_TEST,0.000000,-0.001468,0.041708,0.982117,0.000000,0.000000,0.000000,1.000000,1.000000
1782353591.778399,143,0.000680,inf,STAND_TEST,0.000000,-0.000654,0.041965,0.981026,0.000000,0.000000,0.000000,1.000000,1.000000
1782353591.798439,144,0.000666,inf,STAND_TEST,0.000000,0.000203,0.042204,0.979864,0.000000,0.000000,0.000000,1.000000,1.000000
1782353591.818467,145,0.000639,inf,STAND_TEST,0.000000,0.001127,0.042489,0.978624,0.000000,0.000000,0.000000,1.000000,1.000000
1782353591.838480,146,0.000428,inf,STAND_TEST,0.000000,0.002064,0.042784,0.977386,0.000000,0.000000,0.000000,1.000000,1.000000
1782353591.858521,147,0.000414,inf,STAND_TEST,0.000000,0.002900,0.043054,0.976231,0.000000,0.000000,0.000000,1.000000,1.000000
1782353591.878590,148,0.000429,inf,STAND_TEST,0.000000,0.003762,0.043345,0.974949,0.000000,0.000000,0.000000,1.000000,1.000000
1782353591.898861,149,0.000647,inf,STAND_TEST,0.000000,0.004602,0.043708,0.973632,0.000000,0.000000,0.000000,1.000000,1.000000
1782353591.918695,150,0.000426,inf,STAND_TEST,0.000000,0.005506,0.044022,0.972191,0.000000,0.000000,0.000000,1.000000,1.000000
1782353591.938932,151,0.000406,inf,STAND_TEST,0.000000,0.006329,0.044351,0.970836,0.000000,0.000000,0.000000,1.000000,1.000000
1782353591.959017,152,0.000436,inf,STAND_TEST,0.000000,0.007149,0.044641,0.969496,0.000000,0.000000,0.000000,1.000000,1.000000
1782353591.979064,153,0.000429,inf,STAND_TEST,0.000000,0.007973,0.045000,0.968085,0.000000,0.000000,0.000000,1.000000,1.000000
1782353591.999107,154,0.000419,inf,STAND_TEST,0.000000,0.008773,0.045314,0.966618,0.000000,0.000000,0.000000,1.000000,1.000000
1782353592.019188,155,0.000445,inf,STAND_TEST,0.000000,0.009567,0.045638,0.965092,0.000000,0.000000,0.000000,1.000000,1.000000
1782353592.039213,156,0.000415,inf,STAND_TEST,0.000000,0.010310,0.045942,0.963528,0.000000,0.000000,0.000000,1.000000,1.000000
1782353592.059483,157,0.000631,inf,STAND_TEST,0.000000,0.011080,0.046254,0.961920,0.000000,0.000000,0.000000,1.000000,1.000000
1782353592.079546,158,0.000639,inf,STAND_TEST,0.000000,0.011827,0.046534,0.960389,0.000000,0.000000,0.000000,1.000000,1.000000
1782353592.099585,159,0.000623,inf,STAND_TEST,0.000000,0.012654,0.046831,0.958725,0.000000,0.000000,0.000000,1.000000,1.000000
1782353592.119645,160,0.000460,inf,STAND_TEST,0.000000,0.013523,0.047223,0.956976,0.000000,0.000000,0.000000,1.000000,1.000000
1782353592.139661,161,0.000422,inf,STAND_TEST,0.000000,0.014284,0.047535,0.955407,0.000000,0.000000,0.000000,1.000000,1.000000
1782353592.159695,162,0.000402,inf,STAND_TEST,0.000000,0.015096,0.047838,0.953704,0.000000,0.000000,0.000000,1.000000,1.000000
1782353592.179756,163,0.000408,inf,STAND_TEST,0.000000,0.015898,0.048112,0.952001,0.000000,0.000000,0.000000,1.000000,1.000000
1782353592.199876,164,0.000474,inf,STAND_TEST,0.000000,0.016746,0.048383,0.950179,0.000000,0.000000,0.000000,1.000000,1.000000
1782353592.220127,165,0.000671,inf,STAND_TEST,0.000000,0.017519,0.048651,0.948451,0.000000,0.000000,0.000000,1.000000,1.000000
1782353592.240157,166,0.000647,inf,STAND_TEST,0.000000,0.018268,0.048855,0.946616,0.000000,0.000000,0.000000,1.000000,1.000000
1782353592.260313,167,0.000748,inf,STAND_TEST,0.000000,0.019036,0.049050,0.944774,0.000000,0.000000,0.000000,1.000000,1.000000
1782353592.280755,168,0.001057,inf,STAND_TEST,0.000000,0.019759,0.049240,0.942830,0.000000,0.000000,0.000000,1.000000,1.000000
1782353592.300516,169,0.000689,inf,STAND_TEST,0.000000,0.020479,0.049406,0.940829,0.000000,0.000000,0.000000,1.000000,1.000000
1782353592.320647,170,0.000687,inf,STAND_TEST,0.000000,0.021158,0.049535,0.938882,0.000000,0.000000,0.000000,1.000000,1.000000
1782353592.341054,171,0.000966,inf,STAND_TEST,0.000000,0.021788,0.049660,0.936898,0.000000,0.000000,0.000000,1.000000,1.000000
1782353592.361206,172,0.000992,inf,STAND_TEST,0.000000,0.022375,0.049764,0.934892,0.000000,0.000000,0.000000,1.000000,1.000000
1782353592.381221,173,0.000695,inf,STAND_TEST,0.000000,0.022901,0.049789,0.932783,0.000000,0.000000,0.000000,1.000000,1.000000
1782353592.401352,174,0.000705,inf,STAND_TEST,0.000000,0.023377,0.049824,0.930681,0.000000,0.000000,0.000000,1.000000,1.000000
1782353592.421769,175,0.000980,inf,STAND_TEST,0.000000,0.023800,0.049880,0.928550,0.000000,0.000000,0.000000,1.000000,1.000000
1782353592.441908,176,0.000988,inf,STAND_TEST,0.000000,0.024155,0.049937,0.926508,0.000000,0.000000,0.000000,1.000000,1.000000
1782353592.462054,177,0.001009,inf,STAND_TEST,0.000000,0.024473,0.049966,0.924235,0.000000,0.000000,0.000000,1.000000,1.000000
1782353592.481965,178,0.000710,inf,STAND_TEST,0.000000,0.024701,0.049951,0.921924,0.000000,0.000000,0.000000,1.000000,1.000000
1782353592.502509,179,0.001128,inf,STAND_TEST,0.000000,0.024824,0.049920,0.919781,0.000000,0.000000,0.000000,1.000000,1.000000
1782353592.522616,180,0.001106,inf,STAND_TEST,0.000000,0.024913,0.049894,0.917474,0.000000,0.000000,0.000000,1.000000,1.000000
1782353592.542737,181,0.001092,inf,STAND_TEST,0.000000,0.024921,0.049901,0.915016,0.000000,0.000000,0.000000,1.000000,1.000000
1782353592.562823,182,0.000818,inf,STAND_TEST,0.000000,0.024897,0.049861,0.912676,0.000000,0.000000,0.000000,1.000000,1.000000
1782353592.583220,183,0.001086,inf,STAND_TEST,0.000000,0.024822,0.049801,0.910367,0.000000,0.000000,0.000000,1.000000,1.000000
1782353592.603354,184,0.001092,inf,STAND_TEST,0.000000,0.024668,0.049688,0.907973,0.000000,0.000000,0.000000,1.000000,1.000000
1782353592.623500,185,0.001110,inf,STAND_TEST,0.000000,0.024487,0.049621,0.905619,0.000000,0.000000,0.000000,1.000000,1.000000
1782353592.643575,186,0.000805,inf,STAND_TEST,0.000000,0.024258,0.049536,0.903035,0.000000,0.000000,0.000000,1.000000,1.000000
1782353592.663930,187,0.001032,inf,STAND_TEST,0.000000,0.023960,0.049467,0.900530,0.000000,0.000000,0.000000,1.000000,1.000000
1782353592.684056,188,0.001027,inf,STAND_TEST,0.000000,0.023636,0.049362,0.898001,0.000000,0.000000,0.000000,1.000000,1.000000
1782353592.704273,189,0.001112,inf,STAND_TEST,0.000000,0.023302,0.049280,0.895602,0.000000,0.000000,0.000000,1.000000,1.000000
1782353592.724252,190,0.000729,inf,STAND_TEST,0.000000,0.022870,0.049101,0.892720,0.000000,0.000000,0.000000,1.000000,1.000000
1782353592.744030,191,0.000453,inf,STAND_TEST,0.000000,0.022440,0.048898,0.890081,0.000000,0.000000,0.000000,1.000000,1.000000
1782353592.764068,192,0.000437,inf,STAND_TEST,0.000000,0.022014,0.048715,0.887473,0.000000,0.000000,0.000000,1.000000,1.000000
1782353592.784095,193,0.000410,inf,STAND_TEST,0.000000,0.021574,0.048541,0.884830,0.000000,0.000000,0.000000,1.000000,1.000000
1782353592.804413,194,0.000673,inf,STAND_TEST,0.000000,0.021125,0.048330,0.882294,0.000000,0.000000,0.000000,1.000000,1.000000
1782353592.824431,195,0.000638,inf,STAND_TEST,0.000000,0.020652,0.048075,0.879662,0.000000,0.000000,0.000000,1.000000,1.000000
1782353592.844389,196,0.000420,inf,STAND_TEST,0.000000,0.020092,0.047754,0.876630,0.000000,0.000000,0.000000,1.000000,1.000000
1782353592.864517,197,0.000419,inf,STAND_TEST,0.000000,0.019577,0.047545,0.873902,0.000000,0.000000,0.000000,1.000000,1.000000
1782353592.884604,198,0.000452,inf,STAND_TEST,0.000000,0.019070,0.047273,0.871257,0.000000,0.000000,0.000000,1.000000,1.000000
1782353592.904621,199,0.000415,inf,STAND_TEST,0.000000,0.018516,0.046962,0.868463,0.000000,0.000000,0.000000,1.000000,1.000000
1782353592.924688,200,0.000428,inf,STAND_TEST,0.000000,0.017949,0.046617,0.865586,0.000000,0.000000,0.000000,1.000000,1.000000
1782353592.944715,201,0.000401,inf,STAND_TEST,0.000000,0.017348,0.046324,0.862734,0.000000,0.000000,0.000000,1.000000,1.000000
1782353592.965005,202,0.000635,inf,STAND_TEST,0.000000,0.016683,0.045975,0.859846,0.000000,0.000000,0.000000,1.000000,1.000000
1782353592.985093,203,0.000669,inf,STAND_TEST,0.000000,0.015996,0.045630,0.856953,0.000000,0.000000,0.000000,1.000000,1.000000
1782353593.005168,204,0.000689,inf,STAND_TEST,0.000000,0.015269,0.045263,0.854041,0.000000,0.000000,0.000000,1.000000,1.000000
1782353593.025044,205,0.000441,inf,STAND_TEST,0.000000,0.014461,0.044819,0.850956,0.000000,0.000000,0.000000,1.000000,1.000000
1782353593.045066,206,0.000408,inf,STAND_TEST,0.000000,0.013666,0.044408,0.848009,0.000000,0.000000,0.000000,1.000000,1.000000
1782353593.065141,207,0.000430,inf,STAND_TEST,0.000000,0.012846,0.044033,0.845015,0.000000,0.000000,0.000000,1.000000,1.000000
1782353593.085179,208,0.000413,inf,STAND_TEST,0.000000,0.011980,0.043608,0.841992,0.000000,0.000000,0.000000,1.000000,1.000000
1782353593.105240,209,0.000420,inf,STAND_TEST,0.000000,0.011122,0.043148,0.838985,0.000000,0.000000,0.000000,1.000000,1.000000
1782353593.125501,210,0.000628,inf,STAND_TEST,0.000000,0.010217,0.042717,0.835907,0.000000,0.000000,0.000000,1.000000,1.000000
1782353593.145529,211,0.000438,inf,STAND_TEST,0.000000,0.009339,0.042307,0.832839,0.000000,0.000000,0.000000,1.000000,1.000000
1782353593.165668,212,0.000431,inf,STAND_TEST,0.000000,0.008390,0.041857,0.829618,0.000000,0.000000,0.000000,1.000000,1.000000
1782353593.185762,213,0.000422,inf,STAND_TEST,0.000000,0.007507,0.041493,0.826488,0.000000,0.000000,0.000000,1.000000,1.000000
1782353593.205835,214,0.000441,inf,STAND_TEST,0.000000,0.006651,0.041066,0.823536,0.000000,0.000000,0.000000,1.000000,1.000000
1782353593.226121,215,0.000673,inf,STAND_TEST,0.000000,0.005722,0.040613,0.820389,0.000000,0.000000,0.000000,1.000000,1.000000
1782353593.245914,216,0.000411,inf,STAND_TEST,0.000000,0.004804,0.040199,0.817199,0.000000,0.000000,0.000000,1.000000,1.000000
1782353593.265957,217,0.000401,inf,STAND_TEST,0.000000,0.003854,0.039771,0.813884,0.000000,0.000000,0.000000,1.000000,1.000000
1782353593.286165,218,0.000426,inf,STAND_TEST,0.000000,0.003022,0.039391,0.810697,0.000000,0.000000,0.000000,1.000000,1.000000
1782353593.306416,219,0.000426,inf,STAND_TEST,0.000000,0.002182,0.039014,0.807490,0.000000,0.000000,0.000000,1.000000,1.000000
1782353593.326482,220,0.000438,inf,STAND_TEST,0.000000,0.001400,0.038672,0.804231,0.000000,0.000000,0.000000,1.000000,1.000000
1782353593.346770,221,0.000671,inf,STAND_TEST,0.000000,0.000655,0.038347,0.801003,0.000000,0.000000,0.000000,1.000000,1.000000
1782353593.366599,222,0.000446,inf,STAND_TEST,0.000000,-0.000051,0.038084,0.797749,0.000000,0.000000,0.000000,1.000000,1.000000
1782353593.386921,223,0.000713,inf,STAND_TEST,0.000000,-0.000706,0.037744,0.794483,0.000000,0.000000,0.000000,1.000000,1.000000
1782353593.406926,224,0.000662,inf,STAND_TEST,0.000000,-0.001314,0.037439,0.791226,0.000000,0.000000,0.000000,1.000000,1.000000
1782353593.426940,225,0.000417,inf,STAND_TEST,0.000000,-0.001896,0.037180,0.787807,0.000000,0.000000,0.000000,1.000000,1.000000
1782353593.447011,226,0.000434,inf,STAND_TEST,0.000000,-0.002409,0.036940,0.784516,0.000000,0.000000,0.000000,1.000000,1.000000
1782353593.467067,227,0.000435,inf,STAND_TEST,0.000000,-0.002879,0.036724,0.781224,0.000000,0.000000,0.000000,1.000000,1.000000
1782353593.487163,228,0.000475,inf,STAND_TEST,0.000000,-0.003284,0.036530,0.778063,0.000000,0.000000,0.000000,1.000000,1.000000
1782353593.507181,229,0.000437,inf,STAND_TEST,0.000000,-0.003678,0.036346,0.774595,0.000000,0.000000,0.000000,1.000000,1.000000
1782353593.527446,230,0.000413,inf,STAND_TEST,0.000000,-0.004081,0.036163,0.771015,0.000000,0.000000,0.000000,1.000000,1.000000
1782353593.547497,231,0.000409,inf,STAND_TEST,0.000000,-0.004381,0.036022,0.767813,0.000000,0.000000,0.000000,1.000000,1.000000
1782353593.567549,232,0.000408,inf,STAND_TEST,0.000000,-0.004668,0.035919,0.764437,0.000000,0.000000,0.000000,1.000000,1.000000
1782353593.587642,233,0.000446,inf,STAND_TEST,0.000000,-0.004947,0.035818,0.761069,0.000000,0.000000,0.000000,1.000000,1.000000
1782353593.607689,234,0.000439,inf,STAND_TEST,0.000000,-0.005188,0.035729,0.757526,0.000000,0.000000,0.000000,1.000000,1.000000
1782353593.627750,235,0.000445,inf,STAND_TEST,0.000000,-0.005388,0.035681,0.754286,0.000000,0.000000,0.000000,1.000000,1.000000
1782353593.648013,236,0.000653,inf,STAND_TEST,0.000000,-0.005597,0.035625,0.750855,0.000000,0.000000,0.000000,1.000000,1.000000
1782353593.668049,237,0.000636,inf,STAND_TEST,0.000000,-0.005777,0.035568,0.747378,0.000000,0.000000,0.000000,1.000000,1.000000
1782353593.688108,238,0.000639,inf,STAND_TEST,0.000000,-0.005937,0.035524,0.743933,0.000000,0.000000,0.000000,1.000000,1.000000
1782353593.708082,239,0.000431,inf,STAND_TEST,0.000000,-0.006070,0.035486,0.740311,0.000000,0.000000,0.000000,1.000000,1.000000
1782353593.728157,240,0.000451,inf,STAND_TEST,0.000000,-0.006198,0.035434,0.736852,0.000000,0.000000,0.000000,1.000000,1.000000
1782353593.748193,241,0.000433,inf,STAND_TEST,0.000000,-0.006265,0.035456,0.733360,0.000000,0.000000,0.000000,1.000000,1.000000
1782353593.768214,242,0.000410,inf,STAND_TEST,0.000000,-0.006296,0.035508,0.730059,0.000000,0.000000,0.000000,1.000000,1.000000
1782353593.788307,243,0.000449,inf,STAND_TEST,0.000000,-0.006307,0.035576,0.726390,0.000000,0.000000,0.000000,1.000000,1.000000
1782353593.808341,244,0.000429,inf,STAND_TEST,0.000000,-0.006284,0.035619,0.722833,0.000000,0.000000,0.000000,1.000000,1.000000
1782353593.828397,245,0.000430,inf,STAND_TEST,0.000000,-0.006181,0.035730,0.719301,0.000000,0.000000,0.000000,1.000000,1.000000
1782353593.848564,246,0.000428,inf,STAND_TEST,0.000000,-0.006043,0.035877,0.715749,0.000000,0.000000,0.000000,1.000000,1.000000
1782353593.868682,247,0.000418,inf,STAND_TEST,0.000000,-0.005868,0.036012,0.712025,0.000000,0.000000,0.000000,1.000000,1.000000
1782353593.888731,248,0.000413,inf,STAND_TEST,0.000000,-0.005684,0.036201,0.708465,0.000000,0.000000,0.000000,1.000000,1.000000
1782353593.908808,249,0.000436,inf,STAND_TEST,0.000000,-0.005443,0.036391,0.705101,0.000000,0.000000,0.000000,1.000000,1.000000
1782353593.928885,250,0.000458,inf,STAND_TEST,0.000000,-0.005147,0.036630,0.701556,0.000000,0.000000,0.000000,1.000000,1.000000
1782353593.948909,251,0.000427,inf,STAND_TEST,0.000000,-0.004733,0.036935,0.697849,0.000000,0.000000,0.000000,1.000000,1.000000
1782353593.969181,252,0.000646,inf,STAND_TEST,0.000000,-0.004284,0.037228,0.694492,0.000000,0.000000,0.000000,1.000000,1.000000
1782353593.989242,253,0.000653,inf,STAND_TEST,0.000000,-0.003765,0.037580,0.690952,0.000000,0.000000,0.000000,1.000000,1.000000
1782353594.009258,254,0.000420,inf,STAND_TEST,0.000000,-0.003184,0.037989,0.687217,0.000000,0.000000,0.000000,1.000000,1.000000
1782353594.029332,255,0.000439,inf,STAND_TEST,0.000000,-0.002614,0.038438,0.683628,0.000000,0.000000,0.000000,1.000000,1.000000
1782353594.049373,256,0.000427,inf,STAND_TEST,0.000000,-0.001985,0.038897,0.680051,0.000000,0.000000,0.000000,1.000000,1.000000
1782353594.069434,257,0.000433,inf,STAND_TEST,0.000000,-0.001315,0.039338,0.676493,0.000000,0.000000,0.000000,1.000000,1.000000
1782353594.089481,258,0.000426,inf,STAND_TEST,0.000000,-0.000634,0.039795,0.672887,0.000000,0.000000,0.000000,1.000000,1.000000
1782353594.109750,259,0.000641,inf,STAND_TEST,0.000000,0.000071,0.040306,0.669280,0.000000,0.000000,0.000000,1.000000,1.000000
1782353594.129812,260,0.000650,inf,STAND_TEST,0.000000,0.000753,0.040792,0.665837,0.000000,0.000000,0.000000,1.000000,1.000000
1782353594.149859,261,0.000642,inf,STAND_TEST,0.000000,0.001531,0.041354,0.662036,0.000000,0.000000,0.000000,1.000000,1.000000
1782353594.169821,262,0.000424,inf,STAND_TEST,0.000000,0.002330,0.041915,0.658264,0.000000,0.000000,0.000000,1.000000,1.000000
1782353594.189871,263,0.000420,inf,STAND_TEST,0.000000,0.003059,0.042466,0.654812,0.000000,0.000000,0.000000,1.000000,1.000000
1782353594.209923,264,0.000418,inf,STAND_TEST,0.000000,0.003847,0.043072,0.650999,0.000000,0.000000,0.000000,1.000000,1.000000
1782353594.230021,265,0.000461,inf,STAND_TEST,0.000000,0.004613,0.043637,0.647352,0.000000,0.000000,0.000000,1.000000,1.000000
1782353594.250248,266,0.000634,inf,STAND_TEST,0.000000,0.005362,0.044195,0.643723,0.000000,0.000000,0.000000,1.000000,1.000000
1782353594.270285,267,0.000617,inf,STAND_TEST,0.000000,0.006086,0.044745,0.640282,0.000000,0.000000,0.000000,1.000000,1.000000
1782353594.290366,268,0.000644,inf,STAND_TEST,0.000000,0.006836,0.045289,0.636585,0.000000,0.000000,0.000000,1.000000,1.000000
1782353594.310447,269,0.000670,inf,STAND_TEST,0.000000,0.007563,0.045924,0.632713,0.000000,0.000000,0.000000,1.000000,1.000000
1782353594.330242,270,0.000405,inf,STAND_TEST,0.000000,0.008271,0.046502,0.628994,0.000000,0.000000,0.000000,1.000000,1.000000
1782353594.350367,271,0.000433,inf,STAND_TEST,0.000000,0.008926,0.047041,0.625303,0.000000,0.000000,0.000000,1.000000,1.000000
1782353594.370494,272,0.000439,inf,STAND_TEST,0.000000,0.009568,0.047600,0.621612,0.000000,0.000000,0.000000,1.000000,1.000000
1782353594.390547,273,0.000438,inf,STAND_TEST,0.000000,0.010204,0.048117,0.617912,0.000000,0.000000,0.000000,1.000000,1.000000
1782353594.410596,274,0.000433,inf,STAND_TEST,0.000000,0.010838,0.048616,0.614152,0.000000,0.000000,0.000000,1.000000,1.000000
1782353594.430884,275,0.000666,inf,STAND_TEST,0.000000,0.011492,0.049160,0.610424,0.000000,0.000000,0.000000,1.000000,1.000000
1782353594.450928,276,0.000657,inf,STAND_TEST,0.000000,0.012119,0.049669,0.606692,0.000000,0.000000,0.000000,1.000000,1.000000
1782353594.470899,277,0.000462,inf,STAND_TEST,0.000000,0.012788,0.050135,0.602804,0.000000,0.000000,0.000000,1.000000,1.000000
1782353594.491101,278,0.000611,inf,STAND_TEST,0.000000,0.013365,0.050583,0.599461,0.000000,0.000000,0.000000,1.000000,1.000000
1782353594.511086,279,0.000540,inf,STAND_TEST,0.000000,0.014023,0.051076,0.595552,0.000000,0.000000,0.000000,1.000000,1.000000
1782353594.531104,280,0.000502,inf,STAND_TEST,0.000000,0.014660,0.051571,0.591632,0.000000,0.000000,0.000000,1.000000,1.000000
1782353594.551127,281,0.000471,inf,STAND_TEST,0.000000,0.015221,0.051979,0.588101,0.000000,0.000000,0.000000,1.000000,1.000000
1782353594.571179,282,0.000468,inf,STAND_TEST,0.000000,0.015787,0.052382,0.584336,0.000000,0.000000,0.000000,1.000000,1.000000
1782353594.591438,283,0.000673,inf,STAND_TEST,0.000000,0.016421,0.052780,0.580411,0.000000,0.000000,0.000000,1.000000,1.000000
1782353594.611501,284,0.000680,inf,STAND_TEST,0.000000,0.016978,0.053188,0.576662,0.000000,0.000000,0.000000,1.000000,1.000000
1782353594.631478,285,0.000436,inf,STAND_TEST,0.000000,0.017545,0.053543,0.572926,0.000000,0.000000,0.000000,1.000000,1.000000
1782353594.651524,286,0.000428,inf,STAND_TEST,0.000000,0.018098,0.053888,0.569160,0.000000,0.000000,0.000000,1.000000,1.000000
1782353594.671575,287,0.000424,inf,STAND_TEST,0.000000,0.018619,0.054238,0.565375,0.000000,0.000000,0.000000,1.000000,1.000000
1782353594.691621,288,0.000415,inf,STAND_TEST,0.000000,0.019105,0.054581,0.561382,0.000000,0.000000,0.000000,1.000000,1.000000
1782353594.711716,289,0.000456,inf,STAND_TEST,0.000000,0.019534,0.054870,0.557793,0.000000,0.000000,0.000000,1.000000,1.000000
1782353594.731743,290,0.000428,inf,STAND_TEST,0.000000,0.019954,0.055126,0.554005,0.000000,0.000000,0.000000,1.000000,1.000000
1782353594.752054,291,0.000685,inf,STAND_TEST,0.000000,0.020306,0.055425,0.550168,0.000000,0.000000,0.000000,1.000000,1.000000
1782353594.772101,292,0.000676,inf,STAND_TEST,0.000000,0.020672,0.055660,0.546394,0.000000,0.000000,0.000000,1.000000,1.000000
1782353594.792158,293,0.000678,inf,STAND_TEST,0.000000,0.020980,0.055877,0.542569,0.000000,0.000000,0.000000,1.000000,1.000000
1782353594.812115,294,0.000417,inf,STAND_TEST,0.000000,0.021228,0.056073,0.538610,0.000000,0.000000,0.000000,1.000000,1.000000
1782353594.832219,295,0.000466,inf,STAND_TEST,0.000000,0.021411,0.056242,0.534741,0.000000,0.000000,0.000000,1.000000,1.000000
1782353594.852251,296,0.000447,inf,STAND_TEST,0.000000,0.021519,0.056362,0.530900,0.000000,0.000000,0.000000,1.000000,1.000000
1782353594.872529,297,0.000670,inf,STAND_TEST,0.000000,0.021611,0.056414,0.527019,0.000000,0.000000,0.000000,1.000000,1.000000
1782353594.892344,298,0.000431,inf,STAND_TEST,0.000000,0.021645,0.056453,0.523178,0.000000,0.000000,0.000000,1.000000,1.000000
1782353594.912633,299,0.000665,inf,STAND_TEST,0.000000,0.021664,0.056478,0.519350,0.000000,0.000000,0.000000,1.000000,1.000000
1782353594.932453,300,0.000431,inf,STAND_TEST,0.000000,0.021620,0.056434,0.515507,0.000000,0.000000,0.000000,1.000000,1.000000
1782353594.952614,301,0.000444,inf,STAND_TEST,0.000000,0.021526,0.056380,0.511884,0.000000,0.000000,0.000000,1.000000,1.000000
1782353594.972793,302,0.000438,inf,STAND_TEST,0.000000,0.021395,0.056268,0.507674,0.000000,0.000000,0.000000,1.000000,1.000000
1782353594.992890,303,0.000480,inf,STAND_TEST,0.000000,0.021199,0.056127,0.503982,0.000000,0.000000,0.000000,1.000000,1.000000
1782353595.012928,304,0.000461,inf,STAND_TEST,0.000000,0.020970,0.055940,0.500127,0.000000,0.000000,0.000000,1.000000,1.000000
1782353595.033215,305,0.000695,inf,STAND_TEST,0.000000,0.020736,0.055703,0.496264,0.000000,0.000000,0.000000,1.000000,1.000000
1782353595.053234,306,0.000659,inf,STAND_TEST,0.000000,0.020453,0.055432,0.492380,0.000000,0.000000,0.000000,1.000000,1.000000
1782353595.073278,307,0.000649,inf,STAND_TEST,0.000000,0.020170,0.055137,0.488480,0.000000,0.000000,0.000000,1.000000,1.000000
1782353595.093131,308,0.000430,inf,STAND_TEST,0.000000,0.019851,0.054769,0.484374,0.000000,0.000000,0.000000,1.000000,1.000000
1782353595.113285,309,0.000417,inf,STAND_TEST,0.000000,0.019522,0.054340,0.480492,0.000000,0.000000,0.000000,1.000000,1.000000
1782353595.133384,310,0.000461,inf,STAND_TEST,0.000000,0.019159,0.053873,0.476643,0.000000,0.000000,0.000000,1.000000,1.000000
1782353595.153391,311,0.000414,inf,STAND_TEST,0.000000,0.018798,0.053390,0.472753,0.000000,0.000000,0.000000,1.000000,1.000000
1782353595.173476,312,0.000446,inf,STAND_TEST,0.000000,0.018403,0.052902,0.468830,0.000000,0.000000,0.000000,1.000000,1.000000
1782353595.193531,313,0.000447,inf,STAND_TEST,0.000000,0.018023,0.052376,0.464926,0.000000,0.000000,0.000000,1.000000,1.000000
1782353595.213546,314,0.000407,inf,STAND_TEST,0.000000,0.017619,0.051863,0.461191,0.000000,0.000000,0.000000,1.000000,1.000000
1782353595.233877,315,0.000424,inf,STAND_TEST,0.000000,0.017159,0.051230,0.456875,0.000000,0.000000,0.000000,1.000000,1.000000
1782353595.254099,316,0.000418,inf,STAND_TEST,0.000000,0.016761,0.050671,0.453226,0.000000,0.000000,0.000000,1.000000,1.000000
1782353595.274144,317,0.000409,inf,STAND_TEST,0.000000,0.016316,0.050109,0.449397,0.000000,0.000000,0.000000,1.000000,1.000000
1782353595.294228,318,0.000440,inf,STAND_TEST,0.000000,0.015862,0.049460,0.445577,0.000000,0.000000,0.000000,1.000000,1.000000
1782353595.314453,319,0.000611,inf,STAND_TEST,0.000000,0.015371,0.048833,0.441532,0.000000,0.000000,0.000000,1.000000,1.000000
1782353595.334515,320,0.000619,inf,STAND_TEST,0.000000,0.014898,0.048311,0.437848,0.000000,0.000000,0.000000,1.000000,1.000000
1782353595.354371,321,0.000404,inf,STAND_TEST,0.000000,0.014346,0.047706,0.433769,0.000000,0.000000,0.000000,1.000000,1.000000
1782353595.374530,322,0.000439,inf,STAND_TEST,0.000000,0.013774,0.047052,0.429708,0.000000,0.000000,0.000000,1.000000,1.000000
1782353595.394545,323,0.000399,inf,STAND_TEST,0.000000,0.013254,0.046444,0.426055,0.000000,0.000000,0.000000,1.000000,1.000000
1782353595.414624,324,0.000424,inf,STAND_TEST,0.000000,0.012667,0.045790,0.422195,0.000000,0.000000,0.000000,1.000000,1.000000
1782353595.434679,325,0.000424,inf,STAND_TEST,0.000000,0.012092,0.045121,0.418359,0.000000,0.000000,0.000000,1.000000,1.000000
1782353595.454720,326,0.000411,inf,STAND_TEST,0.000000,0.011458,0.044451,0.414481,0.000000,0.000000,0.000000,1.000000,1.000000
1782353595.475027,327,0.000664,inf,STAND_TEST,0.000000,0.010832,0.043797,0.410634,0.000000,0.000000,0.000000,1.000000,1.000000
1782353595.495013,328,0.000425,inf,STAND_TEST,0.000000,0.010151,0.043122,0.406629,0.000000,0.000000,0.000000,1.000000,1.000000
1782353595.515219,329,0.000398,inf,STAND_TEST,0.000000,0.009514,0.042422,0.402812,0.000000,0.000000,0.000000,1.000000,1.000000
1782353595.535302,330,0.000427,inf,STAND_TEST,0.000000,0.008872,0.041746,0.398982,0.000000,0.000000,0.000000,1.000000,1.000000
1782353595.555589,331,0.000659,inf,STAND_TEST,0.000000,0.008236,0.041127,0.395185,0.000000,0.000000,0.000000,1.000000,1.000000
1782353595.575398,332,0.000414,inf,STAND_TEST,0.000000,0.007601,0.040458,0.391386,0.000000,0.000000,0.000000,1.000000,1.000000
1782353595.595674,333,0.000635,inf,STAND_TEST,0.000000,0.006967,0.039763,0.387577,0.000000,0.000000,0.000000,1.000000,1.000000
1782353595.615872,334,0.000779,inf,STAND_TEST,0.000000,0.006365,0.039056,0.383743,0.000000,0.000000,0.000000,1.000000,1.000000
1782353595.635939,335,0.000792,inf,STAND_TEST,0.000000,0.005799,0.038401,0.380140,0.000000,0.000000,0.000000,1.000000,1.000000
1782353595.655958,336,0.000688,inf,STAND_TEST,0.000000,0.005119,0.037663,0.375944,0.000000,0.000000,0.000000,1.000000,1.000000
1782353595.676017,337,0.000618,inf,STAND_TEST,0.000000,0.004578,0.037006,0.372139,0.000000,0.000000,0.000000,1.000000,1.000000
1782353595.695841,338,0.000424,inf,STAND_TEST,0.000000,0.004068,0.036379,0.368527,0.000000,0.000000,0.000000,1.000000,1.000000
1782353595.715925,339,0.000454,inf,STAND_TEST,0.000000,0.003573,0.035735,0.364761,0.000000,0.000000,0.000000,1.000000,1.000000
1782353595.735955,340,0.000430,inf,STAND_TEST,0.000000,0.003064,0.035076,0.360812,0.000000,0.000000,0.000000,1.000000,1.000000
1782353595.756241,341,0.000662,inf,STAND_TEST,0.000000,0.002634,0.034518,0.357262,0.000000,0.000000,0.000000,1.000000,1.000000
1782353595.776257,342,0.000623,inf,STAND_TEST,0.000000,0.002212,0.033899,0.353561,0.000000,0.000000,0.000000,1.000000,1.000000
1782353595.796303,343,0.000616,inf,STAND_TEST,0.000000,0.001861,0.033337,0.349798,0.000000,0.000000,0.000000,1.000000,1.000000
1782353595.816295,344,0.000416,inf,STAND_TEST,0.000000,0.001499,0.032843,0.345894,0.000000,0.000000,0.000000,1.000000,1.000000
1782353595.836346,345,0.000414,inf,STAND_TEST,0.000000,0.001206,0.032367,0.342225,0.000000,0.000000,0.000000,1.000000,1.000000
1782353595.856404,346,0.000417,inf,STAND_TEST,0.000000,0.000961,0.031875,0.338550,0.000000,0.000000,0.000000,1.000000,1.000000
1782353595.876513,347,0.000471,inf,STAND_TEST,0.000000,0.000716,0.031507,0.334868,0.000000,0.000000,0.000000,1.000000,1.000000
1782353595.896723,348,0.000628,inf,STAND_TEST,0.000000,0.000487,0.031134,0.331242,0.000000,0.000000,0.000000,1.000000,1.000000
1782353595.916772,349,0.000623,inf,STAND_TEST,0.000000,0.000288,0.030799,0.327575,0.000000,0.000000,0.000000,1.000000,1.000000
1782353595.936870,350,0.000668,inf,STAND_TEST,0.000000,0.000095,0.030482,0.323945,0.000000,0.000000,0.000000,1.000000,1.000000
1782353595.956910,351,0.000654,inf,STAND_TEST,0.000000,-0.000050,0.030240,0.320347,0.000000,0.000000,0.000000,1.000000,1.000000
1782353595.976910,352,0.000452,inf,STAND_TEST,0.000000,-0.000192,0.030069,0.316796,0.000000,0.000000,0.000000,1.000000,1.000000
1782353595.996920,353,0.000406,inf,STAND_TEST,0.000000,-0.000345,0.029938,0.313026,0.000000,0.000000,0.000000,1.000000,1.000000
1782353596.017013,354,0.000445,inf,STAND_TEST,0.000000,-0.000468,0.029844,0.309446,0.000000,0.000000,0.000000,1.000000,1.000000
1782353596.037055,355,0.000432,inf,STAND_TEST,0.000000,-0.000559,0.029745,0.306028,0.000000,0.000000,0.000000,1.000000,1.000000
1782353596.057327,356,0.000649,inf,STAND_TEST,0.000000,-0.000625,0.029769,0.302479,0.000000,0.000000,0.000000,1.000000,1.000000
1782353596.077366,357,0.000635,inf,STAND_TEST,0.000000,-0.000691,0.029820,0.298733,0.000000,0.000000,0.000000,1.000000,1.000000
1782353596.097404,358,0.000618,inf,STAND_TEST,0.000000,-0.000746,0.029891,0.295328,0.000000,0.000000,0.000000,1.000000,1.000000
1782353596.117411,359,0.000386,inf,STAND_TEST,0.000000,-0.000805,0.029995,0.291616,0.000000,0.000000,0.000000,1.000000,1.000000
1782353596.137498,360,0.000419,inf,STAND_TEST,0.000000,-0.000838,0.030113,0.288121,0.000000,0.000000,0.000000,1.000000,1.000000
1782353596.157527,361,0.000394,inf,STAND_TEST,0.000000,-0.000807,0.030238,0.284602,0.000000,0.000000,0.000000,1.000000,1.000000
1782353596.177626,362,0.000439,inf,STAND_TEST,0.000000,-0.000793,0.030498,0.281102,0.000000,0.000000,0.000000,1.000000,1.000000
1782353596.197986,363,0.000739,inf,STAND_TEST,0.000000,-0.000735,0.030791,0.277602,0.000000,0.000000,0.000000,1.000000,1.000000
1782353596.218018,364,0.000671,inf,STAND_TEST,0.000000,-0.000667,0.031055,0.274126,0.000000,0.000000,0.000000,1.000000,1.000000
1782353596.238005,365,0.000450,inf,STAND_TEST,0.000000,-0.000569,0.031389,0.270717,0.000000,0.000000,0.000000,1.000000,1.000000
1782353596.258088,366,0.000418,inf,STAND_TEST,0.000000,-0.000414,0.031746,0.267158,0.000000,0.000000,0.000000,1.000000,1.000000
1782353596.278188,367,0.000419,inf,STAND_TEST,0.000000,-0.000244,0.032156,0.263743,0.000000,0.000000,0.000000,1.000000,1.000000
1782353596.298295,368,0.000417,inf,STAND_TEST,0.000000,-0.000031,0.032608,0.260335,0.000000,0.000000,0.000000,1.000000,1.000000
1782353596.318662,369,0.000677,inf,STAND_TEST,0.000000,0.000229,0.033006,0.257164,0.000000,0.000000,0.000000,1.000000,1.000000
1782353596.338759,370,0.000668,inf,STAND_TEST,0.000000,0.000536,0.033541,0.253628,0.000000,0.000000,0.000000,1.000000,1.000000
1782353596.358616,371,0.000414,inf,STAND_TEST,0.000000,0.000920,0.034083,0.250146,0.000000,0.000000,0.000000,1.000000,1.000000
1782353596.378910,372,0.000422,inf,STAND_TEST,0.000000,0.001267,0.034613,0.246985,0.000000,0.000000,0.000000,1.000000,1.000000
1782353596.399271,373,0.000683,inf,STAND_TEST,0.000000,0.001657,0.035261,0.243489,0.000000,0.000000,0.000000,1.000000,1.000000
1782353596.419374,374,0.000678,inf,STAND_TEST,0.000000,0.002071,0.035878,0.240197,0.000000,0.000000,0.000000,1.000000,1.000000
1782353596.439425,375,0.000415,inf,STAND_TEST,0.000000,0.002483,0.036494,0.236938,0.000000,0.000000,0.000000,1.000000,1.000000
1782353596.459545,376,0.000430,inf,STAND_TEST,0.000000,0.002951,0.037155,0.233710,0.000000,0.000000,0.000000,1.000000,1.000000
1782353596.479643,377,0.000410,inf,STAND_TEST,0.000000,0.003392,0.037810,0.230440,0.000000,0.000000,0.000000,1.000000,1.000000
1782353596.499761,378,0.000414,inf,STAND_TEST,0.000000,0.003844,0.038551,0.227228,0.000000,0.000000,0.000000,1.000000,1.000000
1782353596.520250,379,0.000785,inf,STAND_TEST,0.000000,0.004323,0.039251,0.224015,0.000000,0.000000,0.000000,1.000000,1.000000
1782353596.540274,380,0.000748,inf,STAND_TEST,0.000000,0.004808,0.039971,0.220823,0.000000,0.000000,0.000000,1.000000,1.000000
1782353596.560166,381,0.000523,inf,STAND_TEST,0.000000,0.005318,0.040742,0.217469,0.000000,0.000000,0.000000,1.000000,1.000000
1782353596.580154,382,0.000452,inf,STAND_TEST,0.000000,0.005780,0.041489,0.214481,0.000000,0.000000,0.000000,1.000000,1.000000
1782353596.600204,383,0.000443,inf,STAND_TEST,0.000000,0.006247,0.042300,0.211171,0.000000,0.000000,0.000000,1.000000,1.000000
1782353596.620314,384,0.000419,inf,STAND_TEST,0.000000,0.006747,0.043096,0.208040,0.000000,0.000000,0.000000,1.000000,1.000000
1782353596.640421,385,0.000419,inf,STAND_TEST,0.000000,0.007175,0.043920,0.204881,0.000000,0.000000,0.000000,1.000000,1.000000
1782353596.660836,386,0.000713,inf,STAND_TEST,0.000000,0.007598,0.044737,0.201892,0.000000,0.000000,0.000000,1.000000,1.000000
1782353596.681045,387,0.000584,inf,STAND_TEST,0.000000,0.008035,0.045614,0.198600,0.000000,0.000000,0.000000,1.000000,1.000000
1782353596.701031,388,0.000466,inf,STAND_TEST,0.000000,0.008474,0.046517,0.195454,0.000000,0.000000,0.000000,1.000000,1.000000
1782353596.721100,389,0.000435,inf,STAND_TEST,0.000000,0.008826,0.047321,0.192551,0.000000,0.000000,0.000000,1.000000,1.000000
1782353596.741447,390,0.000681,inf,STAND_TEST,0.000000,0.009196,0.048127,0.189466,0.000000,0.000000,0.000000,1.000000,1.000000
1782353596.761545,391,0.000678,inf,STAND_TEST,0.000000,0.009593,0.048966,0.186405,0.000000,0.000000,0.000000,1.000000,1.000000
1782353596.781461,392,0.000419,inf,STAND_TEST,0.000000,0.009975,0.049800,0.183070,0.000000,0.000000,0.000000,1.000000,1.000000
1782353596.801565,393,0.000421,inf,STAND_TEST,0.000000,0.010294,0.050534,0.180203,0.000000,0.000000,0.000000,1.000000,1.000000
1782353596.821671,394,0.000426,inf,STAND_TEST,0.000000,0.010633,0.051332,0.177216,0.000000,0.000000,0.000000,1.000000,1.000000
1782353596.841761,395,0.000412,inf,STAND_TEST,0.000000,0.010996,0.052099,0.174259,0.000000,0.000000,0.000000,1.000000,1.000000
1782353596.862124,396,0.000417,inf,STAND_TEST,0.000000,0.011367,0.052895,0.171172,0.000000,0.000000,0.000000,1.000000,1.000000
1782353596.882335,397,0.000452,inf,STAND_TEST,0.000000,0.011732,0.053624,0.168201,0.000000,0.000000,0.000000,1.000000,1.000000
1782353596.902405,398,0.000418,inf,STAND_TEST,0.000000,0.012078,0.054262,0.165329,0.000000,0.000000,0.000000,1.000000,1.000000
1782353596.922505,399,0.000419,inf,STAND_TEST,0.000000,0.012411,0.054852,0.162585,0.000000,0.000000,0.000000,1.000000,1.000000
1782353596.942872,400,0.000685,inf,STAND_TEST,0.000000,0.012801,0.055543,0.159538,0.000000,0.000000,0.000000,1.000000,1.000000
1782353596.962959,401,0.000433,inf,STAND_TEST,0.000000,0.013186,0.056151,0.156582,0.000000,0.000000,0.000000,1.000000,1.000000
1782353596.983051,402,0.000424,inf,STAND_TEST,0.000000,0.013538,0.056727,0.153759,0.000000,0.000000,0.000000,1.000000,1.000000
1782353597.003158,403,0.000420,inf,STAND_TEST,0.000000,0.013871,0.057170,0.151059,0.000000,0.000000,0.000000,1.000000,1.000000
1782353597.023273,404,0.000428,inf,STAND_TEST,0.000000,0.014232,0.057657,0.148124,0.000000,0.000000,0.000000,1.000000,1.000000
1782353597.043622,405,0.000678,inf,STAND_TEST,0.000000,0.014548,0.058116,0.145345,0.000000,0.000000,0.000000,1.000000,1.000000
1782353597.063722,406,0.000678,inf,STAND_TEST,0.000000,0.014826,0.058529,0.142664,0.000000,0.000000,0.000000,1.000000,1.000000
1782353597.083665,407,0.000418,inf,STAND_TEST,0.000000,0.015132,0.058898,0.139731,0.000000,0.000000,0.000000,1.000000,1.000000
1782353597.103912,408,0.000605,inf,STAND_TEST,0.000000,0.015379,0.059215,0.136960,0.000000,0.000000,0.000000,1.000000,1.000000
1782353597.123780,409,0.000416,inf,STAND_TEST,0.000000,0.015615,0.059427,0.134260,0.000000,0.000000,0.000000,1.000000,1.000000
1782353597.143870,410,0.000449,inf,STAND_TEST,0.000000,0.015825,0.059694,0.131542,0.000000,0.000000,0.000000,1.000000,1.000000
1782353597.164136,411,0.000657,inf,STAND_TEST,0.000000,0.015995,0.059884,0.128811,0.000000,0.000000,0.000000,1.000000,1.000000
1782353597.184192,412,0.000657,inf,STAND_TEST,0.000000,0.016134,0.060041,0.126118,0.000000,0.000000,0.000000,1.000000,1.000000
1782353597.204273,413,0.000681,inf,STAND_TEST,0.000000,0.016252,0.060140,0.123461,0.000000,0.000000,0.000000,1.000000,1.000000
1782353597.224291,414,0.000641,inf,STAND_TEST,0.000000,0.016329,0.060238,0.120765,0.000000,0.000000,0.000000,1.000000,1.000000
1782353597.244293,415,0.000450,inf,STAND_TEST,0.000000,0.016363,0.060237,0.117983,0.000000,0.000000,0.000000,1.000000,1.000000
1782353597.264340,416,0.000443,inf,STAND_TEST,0.000000,0.016385,0.060202,0.115378,0.000000,0.000000,0.000000,1.000000,1.000000
1782353597.284383,417,0.000428,inf,STAND_TEST,0.000000,0.016365,0.060148,0.112778,0.000000,0.000000,0.000000,1.000000,1.000000
1782353597.304688,418,0.000675,inf,STAND_TEST,0.000000,0.016302,0.060069,0.110284,0.000000,0.000000,0.000000,1.000000,1.000000
1782353597.324495,419,0.000424,inf,STAND_TEST,0.000000,0.016222,0.059941,0.107528,0.000000,0.000000,0.000000,1.000000,1.000000
1782353597.344777,420,0.000647,inf,STAND_TEST,0.000000,0.016142,0.059740,0.105008,0.000000,0.000000,0.000000,1.000000,1.000000
1782353597.365081,421,0.000893,inf,STAND_TEST,0.000000,0.016037,0.059551,0.102452,0.000000,0.000000,0.000000,1.000000,1.000000
1782353597.384717,422,0.000470,inf,STAND_TEST,0.000000,0.015895,0.059329,0.099901,0.000000,0.000000,0.000000,1.000000,1.000000
1782353597.404830,423,0.000431,inf,STAND_TEST,0.000000,0.015735,0.059011,0.097400,0.000000,0.000000,0.000000,1.000000,1.000000
1782353597.424922,424,0.000416,inf,STAND_TEST,0.000000,0.015541,0.058662,0.094768,0.000000,0.000000,0.000000,1.000000,1.000000
1782353597.445031,425,0.000424,inf,STAND_TEST,0.000000,0.015396,0.058315,0.092414,0.000000,0.000000,0.000000,1.000000,1.000000
1782353597.465401,426,0.000684,inf,STAND_TEST,0.000000,0.015206,0.057910,0.089964,0.000000,0.000000,0.000000,1.000000,1.000000
1782353597.485515,427,0.000673,inf,STAND_TEST,0.000000,0.015015,0.057424,0.087542,0.000000,0.000000,0.000000,1.000000,1.000000
1782353597.505525,428,0.000418,inf,STAND_TEST,0.000000,0.014816,0.056913,0.084932,0.000000,0.000000,0.000000,1.000000,1.000000
1782353597.525631,429,0.000418,inf,STAND_TEST,0.000000,0.014622,0.056355,0.082488,0.000000,0.000000,0.000000,1.000000,1.000000
1782353597.545734,430,0.000418,inf,STAND_TEST,0.000000,0.014427,0.055751,0.080091,0.000000,0.000000,0.000000,1.000000,1.000000
1782353597.565816,431,0.000441,inf,STAND_TEST,0.000000,0.014224,0.055132,0.077740,0.000000,0.000000,0.000000,1.000000,1.000000
1782353597.586154,432,0.000721,inf,STAND_TEST,0.000000,0.014025,0.054508,0.075402,0.000000,0.000000,0.000000,1.000000,1.000000
1782353597.606184,433,0.000425,inf,STAND_TEST,0.000000,0.013803,0.053788,0.072970,0.000000,0.000000,0.000000,1.000000,1.000000
1782353597.626277,434,0.000418,inf,STAND_TEST,0.000000,0.013601,0.053043,0.070670,0.000000,0.000000,0.000000,1.000000,1.000000
1782353597.646402,435,0.000435,inf,STAND_TEST,0.000000,0.013366,0.052279,0.068371,0.000000,0.000000,0.000000,1.000000,1.000000
1782353597.666485,436,0.000414,inf,STAND_TEST,0.000000,0.013178,0.051532,0.066228,0.000000,0.000000,0.000000,1.000000,1.000000
1782353597.687011,437,0.000831,inf,STAND_TEST,0.000000,0.012959,0.050708,0.063888,0.000000,0.000000,0.000000,1.000000,1.000000
1782353597.706969,438,0.000456,inf,STAND_TEST,0.000000,0.012692,0.049890,0.061542,0.000000,0.000000,0.000000,1.000000,1.000000
1782353597.727031,439,0.000416,inf,STAND_TEST,0.000000,0.012462,0.049076,0.059459,0.000000,0.000000,0.000000,1.000000,1.000000
1782353597.747125,440,0.000405,inf,STAND_TEST,0.000000,0.012205,0.048252,0.057313,0.000000,0.000000,0.000000,1.000000,1.000000
1782353597.767498,441,0.000672,inf,STAND_TEST,0.000000,0.011917,0.047331,0.055154,0.000000,0.000000,0.000000,1.000000,1.000000
1782353597.787591,442,0.000705,inf,STAND_TEST,0.000000,0.011606,0.046420,0.052925,0.000000,0.000000,0.000000,1.000000,1.000000
1782353597.807664,443,0.000678,inf,STAND_TEST,0.000000,0.011303,0.045547,0.050946,0.000000,0.000000,0.000000,1.000000,1.000000
1782353597.827766,444,0.000663,inf,STAND_TEST,0.000000,0.010931,0.044599,0.048847,0.000000,0.000000,0.000000,1.000000,1.000000
1782353597.847629,445,0.000419,inf,STAND_TEST,0.000000,0.010572,0.043690,0.046592,0.000000,0.000000,0.000000,1.000000,1.000000
1782353597.867730,446,0.000419,inf,STAND_TEST,0.000000,0.010198,0.042825,0.044528,0.000000,0.000000,0.000000,1.000000,1.000000
1782353597.888143,447,0.000720,inf,STAND_TEST,0.000000,0.009816,0.041953,0.042473,0.000000,0.000000,0.000000,1.000000,1.000000
1782353597.908206,448,0.000676,inf,STAND_TEST,0.000000,0.009495,0.041054,0.040468,0.000000,0.000000,0.000000,1.000000,1.000000
1782353597.928304,449,0.000673,inf,STAND_TEST,0.000000,0.009146,0.040191,0.038508,0.000000,0.000000,0.000000,1.000000,1.000000
1782353597.948195,450,0.000453,inf,STAND_TEST,0.000000,0.008768,0.039364,0.036550,0.000000,0.000000,0.000000,1.000000,1.000000
1782353597.968231,451,0.000427,inf,STAND_TEST,0.000000,0.008388,0.038537,0.034539,0.000000,0.000000,0.000000,1.000000,1.000000
1782353597.988313,452,0.000452,inf,STAND_TEST,0.000000,0.008030,0.037703,0.032603,0.000000,0.000000,0.000000,1.000000,1.000000
1782353598.008334,453,0.000417,inf,STAND_TEST,0.000000,0.007687,0.036920,0.030756,0.000000,0.000000,0.000000,1.000000,1.000000
1782353598.028405,454,0.000431,inf,STAND_TEST,0.000000,0.007368,0.036225,0.028955,0.000000,0.000000,0.000000,1.000000,1.000000
1782353598.048644,455,0.000614,inf,STAND_TEST,0.000000,0.007042,0.035412,0.027029,0.000000,0.000000,0.000000,1.000000,1.000000
1782353598.068640,456,0.000415,inf,STAND_TEST,0.000000,0.006718,0.034683,0.025113,0.000000,0.000000,0.000000,1.000000,1.000000
1782353598.088775,457,0.000410,inf,STAND_TEST,0.000000,0.006470,0.034015,0.023427,0.000000,0.000000,0.000000,1.000000,1.000000
1782353598.108812,458,0.000390,inf,STAND_TEST,0.000000,0.006219,0.033391,0.021682,0.000000,0.000000,0.000000,1.000000,1.000000
1782353598.128959,459,0.000428,inf,STAND_TEST,0.000000,0.005963,0.032796,0.019815,0.000000,0.000000,0.000000,1.000000,1.000000
1782353598.149059,460,0.000422,inf,STAND_TEST,0.000000,0.005748,0.032252,0.018135,0.000000,0.000000,0.000000,1.000000,1.000000
1782353598.169416,461,0.000667,inf,STAND_TEST,0.000000,0.005564,0.031782,0.016554,0.000000,0.000000,0.000000,1.000000,1.000000
1782353598.189533,462,0.000670,inf,STAND_TEST,0.000000,0.005387,0.031240,0.014905,0.000000,0.000000,0.000000,1.000000,1.000000
1782353598.209670,463,0.000518,inf,STAND_TEST,0.000000,0.005215,0.030805,0.013276,0.000000,0.000000,0.000000,1.000000,1.000000
1782353598.229682,464,0.000427,inf,STAND_TEST,0.000000,0.005079,0.030371,0.011620,0.000000,0.000000,0.000000,1.000000,1.000000
1782353598.249793,465,0.000426,inf,STAND_TEST,0.000000,0.004972,0.030014,0.010029,0.000000,0.000000,0.000000,1.000000,1.000000
1782353598.270277,466,0.000799,inf,STAND_TEST,0.000000,0.004873,0.029608,0.008449,0.000000,0.000000,0.000000,1.000000,1.000000
1782353598.290337,467,0.000428,inf,STAND_TEST,0.000000,0.004764,0.029308,0.006927,0.000000,0.000000,0.000000,1.000000,1.000000
1782353598.310426,468,0.000414,inf,STAND_TEST,0.000000,0.004660,0.029030,0.005454,0.000000,0.000000,0.000000,1.000000,1.000000
1782353598.330534,469,0.000415,inf,STAND_TEST,0.000000,0.004559,0.028794,0.003927,0.000000,0.000000,0.000000,1.000000,1.000000
1782353598.350904,470,0.000679,inf,STAND_TEST,0.000000,0.004483,0.028593,0.002459,0.000000,0.000000,0.000000,1.000000,1.000000
1782353598.370837,471,0.000451,inf,STAND_TEST,0.000000,0.004386,0.028431,0.001015,0.000000,0.000000,0.000000,1.000000,1.000000
1782353598.391024,472,0.000446,inf,STAND_TEST,0.000000,0.004326,0.028279,-0.000287,0.000000,0.000000,0.000000,1.000000,1.000000
1782353598.411098,473,0.000462,inf,STAND_TEST,0.000000,0.004227,0.028161,-0.001772,0.000000,0.000000,0.000000,1.000000,1.000000
1782353598.431096,474,0.000404,inf,STAND_TEST,0.000000,0.004169,0.028176,-0.003069,0.000000,0.000000,0.000000,1.000000,1.000000
1782353598.451379,475,0.000631,inf,STAND_TEST,0.000000,0.004099,0.028178,-0.004331,0.000000,0.000000,0.000000,1.000000,1.000000
1782353598.471474,476,0.000671,inf,STAND_TEST,0.000000,0.004020,0.028231,-0.005619,0.000000,0.000000,0.000000,1.000000,1.000000
1782353598.491613,477,0.000754,inf,STAND_TEST,0.000000,0.003970,0.028376,-0.006959,0.000000,0.000000,0.000000,1.000000,1.000000
1782353598.511544,478,0.000629,inf,STAND_TEST,0.000000,0.003934,0.028607,-0.008279,0.000000,0.000000,0.000000,1.000000,1.000000
1782353598.531523,479,0.000407,inf,STAND_TEST,0.000000,0.003888,0.028896,-0.009514,0.000000,0.000000,0.000000,1.000000,1.000000
1782353598.551734,480,0.000557,inf,STAND_TEST,0.000000,0.003871,0.029139,-0.010712,0.000000,0.000000,0.000000,1.000000,1.000000
1782353598.571690,481,0.000457,inf,STAND_TEST,0.000000,0.003864,0.029436,-0.011863,0.000000,0.000000,0.000000,1.000000,1.000000
1782353598.591825,482,0.000531,inf,STAND_TEST,0.000000,0.003875,0.029800,-0.012967,0.000000,0.000000,0.000000,1.000000,1.000000
1782353598.611848,483,0.000497,inf,STAND_TEST,0.000000,0.003887,0.030220,-0.014057,0.000000,0.000000,0.000000,1.000000,1.000000
1782353598.632156,484,0.000750,inf,STAND_TEST,0.000000,0.003942,0.030666,-0.015113,0.000000,0.000000,0.000000,1.000000,1.000000
1782353598.652131,485,0.000669,inf,STAND_TEST,0.000000,0.004016,0.031129,-0.016167,0.000000,0.000000,0.000000,1.000000,1.000000
1782353598.672093,486,0.000435,inf,STAND_TEST,0.000000,0.004111,0.031677,-0.017215,0.000000,0.000000,0.000000,1.000000,1.000000
1782353598.692168,487,0.000456,inf,STAND_TEST,0.000000,0.004231,0.032347,-0.018253,0.000000,0.000000,0.000000,1.000000,1.000000
1782353598.712207,488,0.000440,inf,STAND_TEST,0.000000,0.004379,0.032972,-0.019236,0.000000,0.000000,0.000000,1.000000,1.000000
1782353598.732228,489,0.000424,inf,STAND_TEST,0.000000,0.004542,0.033623,-0.020134,0.000000,0.000000,0.000000,1.000000,1.000000
1782353598.752291,490,0.000434,inf,STAND_TEST,0.000000,0.004742,0.034306,-0.021113,0.000000,0.000000,0.000000,1.000000,1.000000
1782353598.772563,491,0.000649,inf,STAND_TEST,0.000000,0.004973,0.035112,-0.022095,0.000000,0.000000,0.000000,1.000000,1.000000
1782353598.792608,492,0.000639,inf,STAND_TEST,0.000000,0.005213,0.035887,-0.022962,0.000000,0.000000,0.000000,1.000000,1.000000
1782353598.812657,493,0.000633,inf,STAND_TEST,0.000000,0.005406,0.036675,-0.023813,0.000000,0.000000,0.000000,1.000000,1.000000
1782353598.832705,494,0.000627,inf,STAND_TEST,0.000000,0.005646,0.037511,-0.024654,0.000000,0.000000,0.000000,1.000000,1.000000
1782353598.852670,495,0.000422,inf,STAND_TEST,0.000000,0.005930,0.038421,-0.025538,0.000000,0.000000,0.000000,1.000000,1.000000
1782353598.872712,496,0.000408,inf,STAND_TEST,0.000000,0.006219,0.039311,-0.026312,0.000000,0.000000,0.000000,1.000000,1.000000
1782353598.892767,497,0.000410,inf,STAND_TEST,0.000000,0.006499,0.040133,-0.027026,0.000000,0.000000,0.000000,1.000000,1.000000
1782353598.912844,498,0.000430,inf,STAND_TEST,0.000000,0.006778,0.040995,-0.027720,0.000000,0.000000,0.000000,1.000000,1.000000
1782353598.932888,499,0.000417,inf,STAND_TEST,0.000000,0.007040,0.041905,-0.028432,0.000000,0.000000,0.000000,1.000000,1.000000
1782353598.953279,500,0.000752,inf,STAND_TEST,0.000000,0.007293,0.042803,-0.029075,0.000000,0.000000,0.000000,1.000000,1.000000
1782353598.973240,501,0.000657,inf,STAND_TEST,0.000000,0.007533,0.043705,-0.029702,0.000000,0.000000,0.000000,1.000000,1.000000
1782353598.993222,502,0.000436,inf,STAND_TEST,0.000000,0.007802,0.044637,-0.030275,0.000000,0.000000,0.000000,1.000000,1.000000
1782353599.013267,503,0.000425,inf,STAND_TEST,0.000000,0.008033,0.045503,-0.030880,0.000000,0.000000,0.000000,1.000000,1.000000
1782353599.033307,504,0.000408,inf,STAND_TEST,0.000000,0.008268,0.046289,-0.031382,0.000000,0.000000,0.000000,1.000000,1.000000
1782353599.053358,505,0.000404,inf,STAND_TEST,0.000000,0.008510,0.047132,-0.031929,0.000000,0.000000,0.000000,1.000000,1.000000
1782353599.073437,506,0.000428,inf,STAND_TEST,0.000000,0.008728,0.047937,-0.032400,0.000000,0.000000,0.000000,1.000000,1.000000
1782353599.093483,507,0.000417,inf,STAND_TEST,0.000000,0.008945,0.048790,-0.032852,0.000000,0.000000,0.000000,1.000000,1.000000
1782353599.113742,508,0.000622,inf,STAND_TEST,0.000000,0.009140,0.049591,-0.033304,0.000000,0.000000,0.000000,1.000000,1.000000
1782353599.133796,509,0.000620,inf,STAND_TEST,0.000000,0.009345,0.050438,-0.033725,0.000000,0.000000,0.000000,1.000000,1.000000
1782353599.153695,510,0.000424,inf,STAND_TEST,0.000000,0.009568,0.051317,-0.034166,0.000000,0.000000,0.000000,1.000000,1.000000
1782353599.173790,511,0.000463,inf,STAND_TEST,0.000000,0.009760,0.052074,-0.034495,0.000000,0.000000,0.000000,1.000000,1.000000
1782353599.193915,512,0.000493,inf,STAND_TEST,0.000000,0.009973,0.052810,-0.034853,0.000000,0.000000,0.000000,1.000000,1.000000
1782353599.213925,513,0.000446,inf,STAND_TEST,0.000000,0.010159,0.053520,-0.035211,0.000000,0.000000,0.000000,1.000000,1.000000
1782353599.233960,514,0.000425,inf,STAND_TEST,0.000000,0.010376,0.054195,-0.035506,0.000000,0.000000,0.000000,1.000000,1.000000
1782353599.254019,515,0.000428,inf,STAND_TEST,0.000000,0.010611,0.054882,-0.035724,0.000000,0.000000,0.000000,1.000000,1.000000
1782353599.274076,516,0.000428,inf,STAND_TEST,0.000000,0.010860,0.055567,-0.035981,0.000000,0.000000,0.000000,1.000000,1.000000
1782353599.294409,517,0.000704,inf,STAND_TEST,0.000000,0.011084,0.056204,-0.036174,0.000000,0.000000,0.000000,1.000000,1.000000
1782353599.314414,518,0.000448,inf,STAND_TEST,0.000000,0.011349,0.056809,-0.036466,0.000000,0.000000,0.000000,1.000000,1.000000
1782353599.334454,519,0.000432,inf,STAND_TEST,0.000000,0.011546,0.057369,-0.036626,0.000000,0.000000,0.000000,1.000000,1.000000
1782353599.354494,520,0.000417,inf,STAND_TEST,0.000000,0.011791,0.057922,-0.036791,0.000000,0.000000,0.000000,1.000000,1.000000
1782353599.374552,521,0.000419,inf,STAND_TEST,0.000000,0.012041,0.058463,-0.036933,0.000000,0.000000,0.000000,1.000000,1.000000
1782353599.394920,522,0.000731,inf,STAND_TEST,0.000000,0.012271,0.058947,-0.037066,0.000000,0.000000,0.000000,1.000000,1.000000
1782353599.414882,523,0.000636,inf,STAND_TEST,0.000000,0.012483,0.059348,-0.037136,0.000000,0.000000,0.000000,1.000000,1.000000
1782353599.434843,524,0.000413,inf,STAND_TEST,0.000000,0.012735,0.059777,-0.037214,0.000000,0.000000,0.000000,1.000000,1.000000
1782353599.455003,525,0.000440,inf,STAND_TEST,0.000000,0.012937,0.060171,-0.037254,0.000000,0.000000,0.000000,1.000000,1.000000
1782353599.475055,526,0.000435,inf,STAND_TEST,0.000000,0.013151,0.060540,-0.037237,0.000000,0.000000,0.000000,1.000000,1.000000
1782353599.495104,527,0.000427,inf,STAND_TEST,0.000000,0.013330,0.060821,-0.037215,0.000000,0.000000,0.000000,1.000000,1.000000
1782353599.515152,528,0.000420,inf,STAND_TEST,0.000000,0.013512,0.061037,-0.037183,0.000000,0.000000,0.000000,1.000000,1.000000
1782353599.535192,529,0.000403,inf,STAND_TEST,0.000000,0.013657,0.061185,-0.037106,0.000000,0.000000,0.000000,1.000000,1.000000
1782353599.555468,530,0.000623,inf,STAND_TEST,0.000000,0.013756,0.061300,-0.037069,0.000000,0.000000,0.000000,1.000000,1.000000
1782353599.575556,531,0.000655,inf,STAND_TEST,0.000000,0.013848,0.061406,-0.036946,0.000000,0.000000,0.000000,1.000000,1.000000
1782353599.595612,532,0.000656,inf,STAND_TEST,0.000000,0.013937,0.061453,-0.036805,0.000000,0.000000,0.000000,1.000000,1.000000
1782353599.615481,533,0.000417,inf,STAND_TEST,0.000000,0.013971,0.061367,-0.036634,0.000000,0.000000,0.000000,1.000000,1.000000
1782353599.635517,534,0.000397,inf,STAND_TEST,0.000000,0.013982,0.061268,-0.036451,0.000000,0.000000,0.000000,1.000000,1.000000
1782353599.655580,535,0.000404,inf,STAND_TEST,0.000000,0.013987,0.061141,-0.036230,0.000000,0.000000,0.000000,1.000000,1.000000
1782353599.675632,536,0.000400,inf,STAND_TEST,0.000000,0.013971,0.060934,-0.036024,0.000000,0.000000,0.000000,1.000000,1.000000
1782353599.695695,537,0.000408,inf,STAND_TEST,0.000000,0.013927,0.060705,-0.035816,0.000000,0.000000,0.000000,1.000000,1.000000
1782353599.716002,538,0.000658,inf,STAND_TEST,0.000000,0.013869,0.060400,-0.035554,0.000000,0.000000,0.000000,1.000000,1.000000
1782353599.736046,539,0.000647,inf,STAND_TEST,0.000000,0.013793,0.060071,-0.035236,0.000000,0.000000,0.000000,1.000000,1.000000
1782353599.756101,540,0.000647,inf,STAND_TEST,0.000000,0.013706,0.059686,-0.034912,0.000000,0.000000,0.000000,1.000000,1.000000
1782353599.776106,541,0.000410,inf,STAND_TEST,0.000000,0.013640,0.059250,-0.034514,0.000000,0.000000,0.000000,1.000000,1.000000
1782353599.796165,542,0.000413,inf,STAND_TEST,0.000000,0.013577,0.058761,-0.034104,0.000000,0.000000,0.000000,1.000000,1.000000
1782353599.816209,543,0.000400,inf,STAND_TEST,0.000000,0.013519,0.058244,-0.033721,0.000000,0.000000,0.000000,1.000000,1.000000
1782353599.836292,544,0.000428,inf,STAND_TEST,0.000000,0.013421,0.057760,-0.033343,0.000000,0.000000,0.000000,1.000000,1.000000
1782353599.856572,545,0.000652,inf,STAND_TEST,0.000000,0.013326,0.057131,-0.032928,0.000000,0.000000,0.000000,1.000000,1.000000
1782353599.876615,546,0.000640,inf,STAND_TEST,0.000000,0.013191,0.056424,-0.032479,0.000000,0.000000,0.000000,1.000000,1.000000
1782353599.896450,547,0.000419,inf,STAND_TEST,0.000000,0.013082,0.055794,-0.032044,0.000000,0.000000,0.000000,1.000000,1.000000
1782353599.916682,548,0.000467,inf,STAND_TEST,0.000000,0.012965,0.055062,-0.031531,0.000000,0.000000,0.000000,1.000000,1.000000
1782353599.936702,549,0.000430,inf,STAND_TEST,0.000000,0.012862,0.054291,-0.031028,0.000000,0.000000,0.000000,1.000000,1.000000
1782353599.956756,550,0.000429,inf,STAND_TEST,0.000000,0.012741,0.053554,-0.030471,0.000000,0.000000,0.000000,1.000000,1.000000
1782353599.976813,551,0.000428,inf,STAND_TEST,0.000000,0.012603,0.052771,-0.029877,0.000000,0.000000,0.000000,1.000000,1.000000
1782353599.996869,552,0.000428,inf,STAND_TEST,0.000000,0.012474,0.051997,-0.029269,0.000000,0.000000,0.000000,1.000000,1.000000
1782353600.017149,553,0.000652,inf,STAND_TEST,0.000000,0.012325,0.051237,-0.028660,0.000000,0.000000,0.000000,1.000000,1.000000
1782353600.037206,554,0.000652,inf,STAND_TEST,0.000000,0.012171,0.050430,-0.027969,0.000000,0.000000,0.000000,1.000000,1.000000
1782353600.057149,555,0.000446,inf,STAND_TEST,0.000000,0.011994,0.049588,-0.027275,0.000000,0.000000,0.000000,1.000000,1.000000
1782353600.077316,556,0.000426,inf,STAND_TEST,0.000000,0.011830,0.048725,-0.026573,0.000000,0.000000,0.000000,1.000000,1.000000
1782353600.097357,557,0.000410,inf,STAND_TEST,0.000000,0.011626,0.047901,-0.025863,0.000000,0.000000,0.000000,1.000000,1.000000
1782353600.117416,558,0.000414,inf,STAND_TEST,0.000000,0.011419,0.047094,-0.025163,0.000000,0.000000,0.000000,1.000000,1.000000
1782353600.137708,559,0.000650,inf,STAND_TEST,0.000000,0.011176,0.046206,-0.024376,0.000000,0.000000,0.000000,1.000000,1.000000
1782353600.157753,560,0.000640,inf,STAND_TEST,0.000000,0.010910,0.045329,-0.023622,0.000000,0.000000,0.000000,1.000000,1.000000
1782353600.177795,561,0.000626,inf,STAND_TEST,0.000000,0.010660,0.044433,-0.022845,0.000000,0.000000,0.000000,1.000000,1.000000
1782353600.197754,562,0.000421,inf,STAND_TEST,0.000000,0.010395,0.043566,-0.022079,0.000000,0.000000,0.000000,1.000000,1.000000
1782353600.217820,563,0.000431,inf,STAND_TEST,0.000000,0.010104,0.042732,-0.021258,0.000000,0.000000,0.000000,1.000000,1.000000
1782353600.237852,564,0.000407,inf,STAND_TEST,0.000000,0.009824,0.041847,-0.020306,0.000000,0.000000,0.000000,1.000000,1.000000
1782353600.257904,565,0.000403,inf,STAND_TEST,0.000000,0.009521,0.041054,-0.019461,0.000000,0.000000,0.000000,1.000000,1.000000
1782353600.277961,566,0.000403,inf,STAND_TEST,0.000000,0.009200,0.040196,-0.018561,0.000000,0.000000,0.000000,1.000000,1.000000
1782353600.298010,567,0.000396,inf,STAND_TEST,0.000000,0.008888,0.039342,-0.017620,0.000000,0.000000,0.000000,1.000000,1.000000
1782353600.318301,568,0.000632,inf,STAND_TEST,0.000000,0.008587,0.038585,-0.016719,0.000000,0.000000,0.000000,1.000000,1.000000
1782353600.338353,569,0.000628,inf,STAND_TEST,0.000000,0.008258,0.037772,-0.015790,0.000000,0.000000,0.000000,1.000000,1.000000
1782353600.358371,570,0.000403,inf,STAND_TEST,0.000000,0.007926,0.036976,-0.014738,0.000000,0.000000,0.000000,1.000000,1.000000
1782353600.378447,571,0.000421,inf,STAND_TEST,0.000000,0.007624,0.036216,-0.013730,0.000000,0.000000,0.000000,1.000000,1.000000
1782353600.398505,572,0.000424,inf,STAND_TEST,0.000000,0.007320,0.035471,-0.012682,0.000000,0.000000,0.000000,1.000000,1.000000
1782353600.418576,573,0.000437,inf,STAND_TEST,0.000000,0.007062,0.034708,-0.011581,0.000000,0.000000,0.000000,1.000000,1.000000
1782353600.438610,574,0.000415,inf,STAND_TEST,0.000000,0.006784,0.034004,-0.010507,0.000000,0.000000,0.000000,1.000000,1.000000
1782353600.458663,575,0.000413,inf,STAND_TEST,0.000000,0.006497,0.033260,-0.009377,0.000000,0.000000,0.000000,1.000000,1.000000
1782353600.478979,576,0.000675,inf,STAND_TEST,0.000000,0.006261,0.032641,-0.008238,0.000000,0.000000,0.000000,1.000000,1.000000
1782353600.498881,577,0.000386,inf,STAND_TEST,0.000000,0.006045,0.032021,-0.007087,0.000000,0.000000,0.000000,1.000000,1.000000
1782353600.519032,578,0.000419,inf,STAND_TEST,0.000000,0.005819,0.031434,-0.005856,0.000000,0.000000,0.000000,1.000000,1.000000
1782353600.539083,579,0.000414,inf,STAND_TEST,0.000000,0.005619,0.030890,-0.004707,0.000000,0.000000,0.000000,1.000000,1.000000
1782353600.559523,580,0.000791,inf,STAND_TEST,0.000000,0.005430,0.030415,-0.003624,0.000000,0.000000,0.000000,1.000000,1.000000
1782353600.579290,581,0.000499,inf,STAND_TEST,0.000000,0.005260,0.029968,-0.002423,0.000000,0.000000,0.000000,1.000000,1.000000
1782353600.599234,582,0.000387,inf,STAND_TEST,0.000000,0.005107,0.029582,-0.001165,0.000000,0.000000,0.000000,1.000000,1.000000
1782353600.619622,583,0.000670,inf,STAND_TEST,0.000000,0.004938,0.029158,0.000201,0.000000,0.000000,0.000000,1.000000,1.000000
1782353600.639746,584,0.000664,inf,STAND_TEST,0.000000,0.004818,0.028889,0.001458,0.000000,0.000000,0.000000,1.000000,1.000000
1782353600.659706,585,0.000414,inf,STAND_TEST,0.000000,0.004677,0.028663,0.002870,0.000000,0.000000,0.000000,1.000000,1.000000
1782353600.679816,586,0.000419,inf,STAND_TEST,0.000000,0.004551,0.028404,0.004260,0.000000,0.000000,0.000000,1.000000,1.000000
1782353600.700170,587,0.000673,inf,STAND_TEST,0.000000,0.004453,0.028258,0.005618,0.000000,0.000000,0.000000,1.000000,1.000000
1782353600.720320,588,0.000705,inf,STAND_TEST,0.000000,0.004365,0.028154,0.007055,0.000000,0.000000,0.000000,1.000000,1.000000
1782353600.740403,589,0.000681,inf,STAND_TEST,0.000000,0.004260,0.028087,0.008510,0.000000,0.000000,0.000000,1.000000,1.000000
1782353600.760333,590,0.000408,inf,STAND_TEST,0.000000,0.004161,0.028045,0.010027,0.000000,0.000000,0.000000,1.000000,1.000000
1782353600.780455,591,0.000421,inf,STAND_TEST,0.000000,0.004077,0.028078,0.011497,0.000000,0.000000,0.000000,1.000000,1.000000
1782353600.800548,592,0.000412,inf,STAND_TEST,0.000000,0.003974,0.028125,0.012974,0.000000,0.000000,0.000000,1.000000,1.000000
1782353600.820864,593,0.000668,inf,STAND_TEST,0.000000,0.003905,0.028246,0.014464,0.000000,0.000000,0.000000,1.000000,1.000000
1782353600.840927,594,0.000416,inf,STAND_TEST,0.000000,0.003826,0.028433,0.015991,0.000000,0.000000,0.000000,1.000000,1.000000
1782353600.861035,595,0.000419,inf,STAND_TEST,0.000000,0.003768,0.028696,0.017612,0.000000,0.000000,0.000000,1.000000,1.000000
1782353600.881145,596,0.000425,inf,STAND_TEST,0.000000,0.003710,0.028990,0.019187,0.000000,0.000000,0.000000,1.000000,1.000000
1782353600.901240,597,0.000412,inf,STAND_TEST,0.000000,0.003677,0.029301,0.020661,0.000000,0.000000,0.000000,1.000000,1.000000
1782353600.921610,598,0.000677,inf,STAND_TEST,0.000000,0.003679,0.029672,0.022276,0.000000,0.000000,0.000000,1.000000,1.000000
1782353600.941716,599,0.000676,inf,STAND_TEST,0.000000,0.003686,0.030063,0.023911,0.000000,0.000000,0.000000,1.000000,1.000000
1782353600.961580,600,0.000423,inf,STAND_TEST,0.000000,0.003712,0.030581,0.025689,0.000000,0.000000,0.000000,1.000000,1.000000
1782353600.981680,601,0.000419,inf,STAND_TEST,0.000000,0.003753,0.031084,0.027254,0.000000,0.000000,0.000000,1.000000,1.000000
1782353601.001776,602,0.000409,inf,STAND_TEST,0.000000,0.003810,0.031617,0.028946,0.000000,0.000000,0.000000,1.000000,1.000000
1782353601.021951,603,0.000485,inf,STAND_TEST,0.000000,0.003899,0.032165,0.030676,0.000000,0.000000,0.000000,1.000000,1.000000
1782353601.042269,604,0.000680,inf,STAND_TEST,0.000000,0.004026,0.032780,0.032381,0.000000,0.000000,0.000000,1.000000,1.000000
1782353601.062300,605,0.000420,inf,STAND_TEST,0.000000,0.004180,0.033360,0.034229,0.000000,0.000000,0.000000,1.000000,1.000000
1782353601.082422,606,0.000432,inf,STAND_TEST,0.000000,0.004347,0.033954,0.035989,0.000000,0.000000,0.000000,1.000000,1.000000
1782353601.102527,607,0.000418,inf,STAND_TEST,0.000000,0.004543,0.034608,0.037795,0.000000,0.000000,0.000000,1.000000,1.000000
1782353601.122642,608,0.000420,inf,STAND_TEST,0.000000,0.004744,0.035260,0.039517,0.000000,0.000000,0.000000,1.000000,1.000000
1782353601.142959,609,0.000637,inf,STAND_TEST,0.000000,0.004994,0.035987,0.041415,0.000000,0.000000,0.000000,1.000000,1.000000
1782353601.163056,610,0.000428,inf,STAND_TEST,0.000000,0.005267,0.036770,0.043308,0.000000,0.000000,0.000000,1.000000,1.000000
1782353601.183165,611,0.000435,inf,STAND_TEST,0.000000,0.005537,0.037491,0.045088,0.000000,0.000000,0.000000,1.000000,1.000000
1782353601.203256,612,0.000423,inf,STAND_TEST,0.000000,0.005789,0.038239,0.046953,0.000000,0.000000,0.000000,1.000000,1.000000
1782353601.223368,613,0.000420,inf,STAND_TEST,0.000000,0.006113,0.039102,0.048962,0.000000,0.000000,0.000000,1.000000,1.000000
1782353601.243466,614,0.000416,inf,STAND_TEST,0.000000,0.006408,0.039903,0.050863,0.000000,0.000000,0.000000,1.000000,1.000000
1782353601.263711,615,0.000417,inf,STAND_TEST,0.000000,0.006709,0.040754,0.052821,0.000000,0.000000,0.000000,1.000000,1.000000
1782353601.283835,616,0.000413,inf,STAND_TEST,0.000000,0.007039,0.041584,0.054740,0.000000,0.000000,0.000000,1.000000,1.000000
1782353601.303993,617,0.000510,inf,STAND_TEST,0.000000,0.007383,0.042385,0.056706,0.000000,0.000000,0.000000,1.000000,1.000000
1782353601.324018,618,0.000422,inf,STAND_TEST,0.000000,0.007718,0.043250,0.058755,0.000000,0.000000,0.000000,1.000000,1.000000
1782353601.344415,619,0.000715,inf,STAND_TEST,0.000000,0.008010,0.044037,0.060640,0.000000,0.000000,0.000000,1.000000,1.000000
1782353601.364463,620,0.000419,inf,STAND_TEST,0.000000,0.008345,0.044928,0.062729,0.000000,0.000000,0.000000,1.000000,1.000000
1782353601.384557,621,0.000414,inf,STAND_TEST,0.000000,0.008675,0.045771,0.064751,0.000000,0.000000,0.000000,1.000000,1.000000
1782353601.404669,622,0.000423,inf,STAND_TEST,0.000000,0.008978,0.046612,0.066763,0.000000,0.000000,0.000000,1.000000,1.000000
1782353601.424822,623,0.000472,inf,STAND_TEST,0.000000,0.009299,0.047495,0.068828,0.000000,0.000000,0.000000,1.000000,1.000000
1782353601.445248,624,0.000835,inf,STAND_TEST,0.000000,0.009580,0.048264,0.070845,0.000000,0.000000,0.000000,1.000000,1.000000
1782353601.465302,625,0.000830,inf,STAND_TEST,0.000000,0.009892,0.049103,0.072879,0.000000,0.000000,0.000000,1.000000,1.000000
1782353601.485245,626,0.000672,inf,STAND_TEST,0.000000,0.010164,0.049855,0.074903,0.000000,0.000000,0.000000,1.000000,1.000000
1782353601.505231,627,0.000415,inf,STAND_TEST,0.000000,0.010534,0.050732,0.077215,0.000000,0.000000,0.000000,1.000000,1.000000
1782353601.525416,628,0.000465,inf,STAND_TEST,0.000000,0.010847,0.051490,0.079337,0.000000,0.000000,0.000000,1.000000,1.000000
1782353601.545866,629,0.000805,inf,STAND_TEST,0.000000,0.011166,0.052238,0.081441,0.000000,0.000000,0.000000,1.000000,1.000000
1782353601.565874,630,0.000708,inf,STAND_TEST,0.000000,0.011458,0.052933,0.083442,0.000000,0.000000,0.000000,1.000000,1.000000
1782353601.585973,631,0.000689,inf,STAND_TEST,0.000000,0.011762,0.053609,0.085582,0.000000,0.000000,0.000000,1.000000,1.000000
1782353601.605889,632,0.000418,inf,STAND_TEST,0.000000,0.012102,0.054347,0.087942,0.000000,0.000000,0.000000,1.000000,1.000000
1782353601.626150,633,0.000471,inf,STAND_TEST,0.000000,0.012429,0.054928,0.089994,0.000000,0.000000,0.000000,1.000000,1.000000
1782353601.646168,634,0.000430,inf,STAND_TEST,0.000000,0.012731,0.055506,0.092179,0.000000,0.000000,0.000000,1.000000,1.000000
1782353601.666196,635,0.000402,inf,STAND_TEST,0.000000,0.013029,0.056081,0.094374,0.000000,0.000000,0.000000,1.000000,1.000000
1782353601.686518,636,0.000669,inf,STAND_TEST,0.000000,0.013329,0.056666,0.096539,0.000000,0.000000,0.000000,1.000000,1.000000
1782353601.706570,637,0.000666,inf,STAND_TEST,0.000000,0.013634,0.057146,0.098760,0.000000,0.000000,0.000000,1.000000,1.000000
1782353601.726662,638,0.000477,inf,STAND_TEST,0.000000,0.013921,0.057585,0.100946,0.000000,0.000000,0.000000,1.000000,1.000000
1782353601.746711,639,0.000468,inf,STAND_TEST,0.000000,0.014222,0.057972,0.103268,0.000000,0.000000,0.000000,1.000000,1.000000
1782353601.767096,640,0.000796,inf,STAND_TEST,0.000000,0.014533,0.058318,0.105507,0.000000,0.000000,0.000000,1.000000,1.000000
1782353601.786777,641,0.000423,inf,STAND_TEST,0.000000,0.014779,0.058613,0.107639,0.000000,0.000000,0.000000,1.000000,1.000000
1782353601.807174,642,0.000765,inf,STAND_TEST,0.000000,0.015065,0.058910,0.109977,0.000000,0.000000,0.000000,1.000000,1.000000
1782353601.827317,643,0.000802,inf,STAND_TEST,0.000000,0.015322,0.059146,0.112252,0.000000,0.000000,0.000000,1.000000,1.000000
1782353601.847251,644,0.000408,inf,STAND_TEST,0.000000,0.015530,0.059326,0.114510,0.000000,0.000000,0.000000,1.000000,1.000000
1782353601.867362,645,0.000409,inf,STAND_TEST,0.000000,0.015757,0.059455,0.116885,0.000000,0.000000,0.000000,1.000000,1.000000
1782353601.887756,646,0.000682,inf,STAND_TEST,0.000000,0.015956,0.059483,0.119147,0.000000,0.000000,0.000000,1.000000,1.000000
1782353601.907798,647,0.000619,inf,STAND_TEST,0.000000,0.016061,0.059516,0.121266,0.000000,0.000000,0.000000,1.000000,1.000000
1782353601.927972,648,0.000644,inf,STAND_TEST,0.000000,0.016195,0.059519,0.123540,0.000000,0.000000,0.000000,1.000000,1.000000
1782353601.947857,649,0.000422,inf,STAND_TEST,0.000000,0.016307,0.059446,0.126068,0.000000,0.000000,0.000000,1.000000,1.000000
1782353601.967979,650,0.000434,inf,STAND_TEST,0.000000,0.016366,0.059333,0.128249,0.000000,0.000000,0.000000,1.000000,1.000000
1782353601.988086,651,0.000427,inf,STAND_TEST,0.000000,0.016394,0.059221,0.130556,0.000000,0.000000,0.000000,1.000000,1.000000
1782353602.008179,652,0.000422,inf,STAND_TEST,0.000000,0.016426,0.059017,0.132906,0.000000,0.000000,0.000000,1.000000,1.000000
1782353602.028575,653,0.000701,inf,STAND_TEST,0.000000,0.016388,0.058761,0.135185,0.000000,0.000000,0.000000,1.000000,1.000000
1782353602.048786,654,0.000423,inf,STAND_TEST,0.000000,0.016353,0.058506,0.137620,0.000000,0.000000,0.000000,1.000000,1.000000
1782353602.068886,655,0.000418,inf,STAND_TEST,0.000000,0.016265,0.058162,0.139958,0.000000,0.000000,0.000000,1.000000,1.000000
1782353602.088988,656,0.000415,inf,STAND_TEST,0.000000,0.016177,0.057826,0.142303,0.000000,0.000000,0.000000,1.000000,1.000000
1782353602.109348,657,0.000670,inf,STAND_TEST,0.000000,0.016057,0.057485,0.144573,0.000000,0.000000,0.000000,1.000000,1.000000
1782353602.129426,658,0.000433,inf,STAND_TEST,0.000000,0.015909,0.057017,0.147061,0.000000,0.000000,0.000000,1.000000,1.000000
1782353602.149511,659,0.000418,inf,STAND_TEST,0.000000,0.015760,0.056620,0.149417,0.000000,0.000000,0.000000,1.000000,1.000000
1782353602.169678,660,0.000482,inf,STAND_TEST,0.000000,0.015576,0.056124,0.151775,0.000000,0.000000,0.000000,1.000000,1.000000
1782353602.190009,661,0.000752,inf,STAND_TEST,0.000000,0.015405,0.055627,0.154008,0.000000,0.000000,0.000000,1.000000,1.000000
1782353602.210068,662,0.000704,inf,STAND_TEST,0.000000,0.015196,0.055022,0.156504,0.000000,0.000000,0.000000,1.000000,1.000000
1782353602.229902,663,0.000439,inf,STAND_TEST,0.000000,0.014983,0.054444,0.158861,0.000000,0.000000,0.000000,1.000000,1.000000
1782353602.250192,664,0.000483,inf,STAND_TEST,0.000000,0.014735,0.053829,0.161259,0.000000,0.000000,0.000000,1.000000,1.000000
1782353602.270265,665,0.000452,inf,STAND_TEST,0.000000,0.014496,0.053214,0.163606,0.000000,0.000000,0.000000,1.000000,1.000000
1782353602.290338,666,0.000422,inf,STAND_TEST,0.000000,0.014223,0.052551,0.165982,0.000000,0.000000,0.000000,1.000000,1.000000
1782353602.310757,667,0.000704,inf,STAND_TEST,0.000000,0.013938,0.051821,0.168482,0.000000,0.000000,0.000000,1.000000,1.000000
1782353602.330788,668,0.000422,inf,STAND_TEST,0.000000,0.013674,0.051114,0.170873,0.000000,0.000000,0.000000,1.000000,1.000000
1782353602.350881,669,0.000412,inf,STAND_TEST,0.000000,0.013375,0.050368,0.173289,0.000000,0.000000,0.000000,1.000000,1.000000
1782353602.370987,670,0.000418,inf,STAND_TEST,0.000000,0.013059,0.049585,0.175658,0.000000,0.000000,0.000000,1.000000,1.000000
1782353602.391114,671,0.000416,inf,STAND_TEST,0.000000,0.012720,0.048799,0.178007,0.000000,0.000000,0.000000,1.000000,1.000000
1782353602.411464,672,0.000656,inf,STAND_TEST,0.000000,0.012400,0.047987,0.180409,0.000000,0.000000,0.000000,1.000000,1.000000
1782353602.431455,673,0.000414,inf,STAND_TEST,0.000000,0.012035,0.047099,0.182946,0.000000,0.000000,0.000000,1.000000,1.000000
1782353602.451514,674,0.000418,inf,STAND_TEST,0.000000,0.011670,0.046256,0.185381,0.000000,0.000000,0.000000,1.000000,1.000000
1782353602.471637,675,0.000433,inf,STAND_TEST,0.000000,0.011295,0.045461,0.187671,0.000000,0.000000,0.000000,1.000000,1.000000
1782353602.491946,676,0.000636,inf,STAND_TEST,0.000000,0.010884,0.044598,0.190172,0.000000,0.000000,0.000000,1.000000,1.000000
1782353602.512083,677,0.000668,inf,STAND_TEST,0.000000,0.010477,0.043735,0.192585,0.000000,0.000000,0.000000,1.000000,1.000000
1782353602.532146,678,0.000431,inf,STAND_TEST,0.000000,0.010033,0.042816,0.195148,0.000000,0.000000,0.000000,1.000000,1.000000
1782353602.552225,679,0.000410,inf,STAND_TEST,0.000000,0.009614,0.042061,0.197454,0.000000,0.000000,0.000000,1.000000,1.000000
1782353602.572401,680,0.000461,inf,STAND_TEST,0.000000,0.009166,0.041258,0.199903,0.000000,0.000000,0.000000,1.000000,1.000000
1782353602.592484,681,0.000488,inf,STAND_TEST,0.000000,0.008677,0.040401,0.202444,0.000000,0.000000,0.000000,1.000000,1.000000
1782353602.612747,682,0.000696,inf,STAND_TEST,0.000000,0.008227,0.039690,0.204718,0.000000,0.000000,0.000000,1.000000,1.000000
1782353602.632754,683,0.000647,inf,STAND_TEST,0.000000,0.007734,0.038931,0.207132,0.000000,0.000000,0.000000,1.000000,1.000000
1782353602.652802,684,0.000641,inf,STAND_TEST,0.000000,0.007216,0.038167,0.209606,0.000000,0.000000,0.000000,1.000000,1.000000
1782353602.672891,685,0.000456,inf,STAND_TEST,0.000000,0.006683,0.037406,0.212133,0.000000,0.000000,0.000000,1.000000,1.000000
1782353602.692958,686,0.000417,inf,STAND_TEST,0.000000,0.006202,0.036715,0.214559,0.000000,0.000000,0.000000,1.000000,1.000000
1782353602.713337,687,0.000692,inf,STAND_TEST,0.000000,0.005730,0.036022,0.216999,0.000000,0.000000,0.000000,1.000000,1.000000
1782353602.733161,688,0.000416,inf,STAND_TEST,0.000000,0.005273,0.035361,0.219421,0.000000,0.000000,0.000000,1.000000,1.000000
1782353602.753431,689,0.000425,inf,STAND_TEST,0.000000,0.004822,0.034708,0.222020,0.000000,0.000000,0.000000,1.000000,1.000000
1782353602.773536,690,0.000424,inf,STAND_TEST,0.000000,0.004354,0.034107,0.224435,0.000000,0.000000,0.000000,1.000000,1.000000
1782353602.793661,691,0.000443,inf,STAND_TEST,0.000000,0.003940,0.033516,0.226926,0.000000,0.000000,0.000000,1.000000,1.000000
1782353602.813739,692,0.000423,inf,STAND_TEST,0.000000,0.003533,0.032945,0.229406,0.000000,0.000000,0.000000,1.000000,1.000000
1782353602.833847,693,0.000419,inf,STAND_TEST,0.000000,0.003132,0.032437,0.231858,0.000000,0.000000,0.000000,1.000000,1.000000
1782353602.854176,694,0.000689,inf,STAND_TEST,0.000000,0.002786,0.031982,0.234369,0.000000,0.000000,0.000000,1.000000,1.000000
1782353602.874201,695,0.000417,inf,STAND_TEST,0.000000,0.002441,0.031548,0.236957,0.000000,0.000000,0.000000,1.000000,1.000000
1782353602.894309,696,0.000419,inf,STAND_TEST,0.000000,0.002159,0.031175,0.239312,0.000000,0.000000,0.000000,1.000000,1.000000
1782353602.914420,697,0.000423,inf,STAND_TEST,0.000000,0.001875,0.030839,0.241832,0.000000,0.000000,0.000000,1.000000,1.000000
1782353602.934536,698,0.000426,inf,STAND_TEST,0.000000,0.001609,0.030469,0.244499,0.000000,0.000000,0.000000,1.000000,1.000000
1782353602.954973,699,0.000757,inf,STAND_TEST,0.000000,0.001360,0.030187,0.247000,0.000000,0.000000,0.000000,1.000000,1.000000
1782353602.974971,700,0.000696,inf,STAND_TEST,0.000000,0.001146,0.029937,0.249374,0.000000,0.000000,0.000000,1.000000,1.000000
1782353602.994840,701,0.000454,inf,STAND_TEST,0.000000,0.000899,0.029715,0.251951,0.000000,0.000000,0.000000,1.000000,1.000000
1782353603.014862,702,0.000420,inf,STAND_TEST,0.000000,0.000718,0.029568,0.254406,0.000000,0.000000,0.000000,1.000000,1.000000
1782353603.034898,703,0.000400,inf,STAND_TEST,0.000000,0.000545,0.029435,0.256898,0.000000,0.000000,0.000000,1.000000,1.000000
1782353603.054955,704,0.000402,inf,STAND_TEST,0.000000,0.000392,0.029303,0.259369,0.000000,0.000000,0.000000,1.000000,1.000000
1782353603.074998,705,0.000389,inf,STAND_TEST,0.000000,0.000253,0.029176,0.261857,0.000000,0.000000,0.000000,1.000000,1.000000
1782353603.095320,706,0.000656,inf,STAND_TEST,0.000000,0.000186,0.029160,0.264428,0.000000,0.000000,0.000000,1.000000,1.000000
1782353603.115358,707,0.000637,inf,STAND_TEST,0.000000,0.000094,0.029167,0.266883,0.000000,0.000000,0.000000,1.000000,1.000000
1782353603.135436,708,0.000659,inf,STAND_TEST,0.000000,0.000041,0.029251,0.269383,0.000000,0.000000,0.000000,1.000000,1.000000
1782353603.155416,709,0.000423,inf,STAND_TEST,0.000000,-0.000043,0.029338,0.271963,0.000000,0.000000,0.000000,1.000000,1.000000
1782353603.175481,710,0.000430,inf,STAND_TEST,0.000000,-0.000070,0.029422,0.274328,0.000000,0.000000,0.000000,1.000000,1.000000
1782353603.195539,711,0.000431,inf,STAND_TEST,0.000000,-0.000044,0.029624,0.276840,0.000000,0.000000,0.000000,1.000000,1.000000
1782353603.215624,712,0.000461,inf,STAND_TEST,0.000000,-0.000033,0.029840,0.279429,0.000000,0.000000,0.000000,1.000000,1.000000
1782353603.235653,713,0.000433,inf,STAND_TEST,0.000000,0.000014,0.030099,0.281939,0.000000,0.000000,0.000000,1.000000,1.000000
1782353603.255925,714,0.000649,inf,STAND_TEST,0.000000,0.000034,0.030380,0.284279,0.000000,0.000000,0.000000,1.000000,1.000000
1782353603.275995,715,0.000664,inf,STAND_TEST,0.000000,0.000146,0.030747,0.286718,0.000000,0.000000,0.000000,1.000000,1.000000
1782353603.296031,716,0.000645,inf,STAND_TEST,0.000000,0.000297,0.031169,0.289336,0.000000,0.000000,0.000000,1.000000,1.000000
1782353603.315907,717,0.000401,inf,STAND_TEST,0.000000,0.000456,0.031580,0.291848,0.000000,0.000000,0.000000,1.000000,1.000000
1782353603.336010,718,0.000449,inf,STAND_TEST,0.000000,0.000649,0.032033,0.294290,0.000000,0.000000,0.000000,1.000000,1.000000
1782353603.356059,719,0.000442,inf,STAND_TEST,0.000000,0.000853,0.032529,0.296776,0.000000,0.000000,0.000000,1.000000,1.000000
1782353603.376111,720,0.000437,inf,STAND_TEST,0.000000,0.001099,0.033083,0.299394,0.000000,0.000000,0.000000,1.000000,1.000000
1782353603.396359,721,0.000629,inf,STAND_TEST,0.000000,0.001367,0.033584,0.301776,0.000000,0.000000,0.000000,1.000000,1.000000
1782353603.416419,722,0.000634,inf,STAND_TEST,0.000000,0.001657,0.034163,0.304251,0.000000,0.000000,0.000000,1.000000,1.000000
1782353603.436486,723,0.000645,inf,STAND_TEST,0.000000,0.001996,0.034764,0.306776,0.000000,0.000000,0.000000,1.000000,1.000000
1782353603.456401,724,0.000411,inf,STAND_TEST,0.000000,0.002380,0.035438,0.309326,0.000000,0.000000,0.000000,1.000000,1.000000
1782353603.476548,725,0.000421,inf,STAND_TEST,0.000000,0.002789,0.036091,0.311859,0.000000,0.000000,0.000000,1.000000,1.000000
1782353603.496602,726,0.000419,inf,STAND_TEST,0.000000,0.003229,0.036750,0.314355,0.000000,0.000000,0.000000,1.000000,1.000000
1782353603.516644,727,0.000405,inf,STAND_TEST,0.000000,0.003683,0.037471,0.316857,0.000000,0.000000,0.000000,1.000000,1.000000
1782353603.536688,728,0.000393,inf,STAND_TEST,0.000000,0.004152,0.038162,0.319356,0.000000,0.000000,0.000000,1.000000,1.000000
1782353603.556780,729,0.000429,inf,STAND_TEST,0.000000,0.004623,0.038836,0.321749,0.000000,0.000000,0.000000,1.000000,1.000000
1782353603.577048,730,0.000641,inf,STAND_TEST,0.000000,0.005120,0.039578,0.324342,0.000000,0.000000,0.000000,1.000000,1.000000
1782353603.597088,731,0.000625,inf,STAND_TEST,0.000000,0.005638,0.040288,0.326800,0.000000,0.000000,0.000000,1.000000,1.000000
1782353603.617123,732,0.000392,inf,STAND_TEST,0.000000,0.006168,0.041015,0.329295,0.000000,0.000000,0.000000,1.000000,1.000000
1782353603.637230,733,0.000443,inf,STAND_TEST,0.000000,0.006688,0.041720,0.331738,0.000000,0.000000,0.000000,1.000000,1.000000
1782353603.657274,734,0.000432,inf,STAND_TEST,0.000000,0.007238,0.042512,0.334321,0.000000,0.000000,0.000000,1.000000,1.000000
1782353603.677309,735,0.000412,inf,STAND_TEST,0.000000,0.007771,0.043198,0.336628,0.000000,0.000000,0.000000,1.000000,1.000000
1782353603.697344,736,0.000391,inf,STAND_TEST,0.000000,0.008311,0.043898,0.339081,0.000000,0.000000,0.000000,1.000000,1.000000
1782353603.717644,737,0.000636,inf,STAND_TEST,0.000000,0.008856,0.044580,0.341563,0.000000,0.000000,0.000000,1.000000,1.000000
1782353603.737673,738,0.000609,inf,STAND_TEST,0.000000,0.009394,0.045220,0.344004,0.000000,0.000000,0.000000,1.000000,1.000000
1782353603.757695,739,0.000399,inf,STAND_TEST,0.000000,0.009977,0.045894,0.346576,0.000000,0.000000,0.000000,1.000000,1.000000
1782353603.777854,740,0.000438,inf,STAND_TEST,0.000000,0.010494,0.046555,0.348903,0.000000,0.000000,0.000000,1.000000,1.000000
1782353603.797860,741,0.000389,inf,STAND_TEST,0.000000,0.011040,0.047242,0.351467,0.000000,0.000000,0.000000,1.000000,1.000000
1782353603.817995,742,0.000422,inf,STAND_TEST,0.000000,0.011556,0.047842,0.353898,0.000000,0.000000,0.000000,1.000000,1.000000
1782353603.838495,743,0.000811,inf,STAND_TEST,0.000000,0.012085,0.048472,0.356342,0.000000,0.000000,0.000000,1.000000,1.000000
1782353603.858529,744,0.000739,inf,STAND_TEST,0.000000,0.012584,0.049070,0.358727,0.000000,0.000000,0.000000,1.000000,1.000000
1782353603.878317,745,0.000423,inf,STAND_TEST,0.000000,0.013127,0.049657,0.361234,0.000000,0.000000,0.000000,1.000000,1.000000
1782353603.898408,746,0.000412,inf,STAND_TEST,0.000000,0.013583,0.050168,0.363456,0.000000,0.000000,0.000000,1.000000,1.000000
1782353603.918524,747,0.000423,inf,STAND_TEST,0.000000,0.014102,0.050764,0.365927,0.000000,0.000000,0.000000,1.000000,1.000000
1782353603.938630,748,0.000417,inf,STAND_TEST,0.000000,0.014530,0.051256,0.368251,0.000000,0.000000,0.000000,1.000000,1.000000
1782353603.958997,749,0.000676,inf,STAND_TEST,0.000000,0.015002,0.051759,0.370615,0.000000,0.000000,0.000000,1.000000,1.000000
1782353603.979114,750,0.000683,inf,STAND_TEST,0.000000,0.015473,0.052242,0.372940,0.000000,0.000000,0.000000,1.000000,1.000000
1782353603.998963,751,0.000423,inf,STAND_TEST,0.000000,0.015930,0.052746,0.375395,0.000000,0.000000,0.000000,1.000000,1.000000
1782353604.019020,752,0.000422,inf,STAND_TEST,0.000000,0.016399,0.053232,0.377885,0.000000,0.000000,0.000000,1.000000,1.000000
1782353604.039107,753,0.000453,inf,STAND_TEST,0.000000,0.016809,0.053575,0.380099,0.000000,0.000000,0.000000,1.000000,1.000000
1782353604.059115,754,0.000407,inf,STAND_TEST,0.000000,0.017200,0.053928,0.382398,0.000000,0.000000,0.000000,1.000000,1.000000
1782353604.079194,755,0.000430,inf,STAND_TEST,0.000000,0.017597,0.054212,0.384745,0.000000,0.000000,0.000000,1.000000,1.000000
1782353604.099209,756,0.000391,inf,STAND_TEST,0.000000,0.017971,0.054491,0.386987,0.000000,0.000000,0.000000,1.000000,1.000000
1782353604.119743,757,0.000813,inf,STAND_TEST,0.000000,0.018326,0.054791,0.389318,0.000000,0.000000,0.000000,1.000000,1.000000
1782353604.139787,758,0.000425,inf,STAND_TEST,0.000000,0.018653,0.055015,0.391639,0.000000,0.000000,0.000000,1.000000,1.000000
1782353604.159842,759,0.000421,inf,STAND_TEST,0.000000,0.018959,0.055191,0.393886,0.000000,0.000000,0.000000,1.000000,1.000000
1782353604.180140,760,0.000663,inf,STAND_TEST,0.000000,0.019217,0.055338,0.396046,0.000000,0.000000,0.000000,1.000000,1.000000
1782353604.199955,761,0.000423,inf,STAND_TEST,0.000000,0.019451,0.055425,0.398407,0.000000,0.000000,0.000000,1.000000,1.000000
1782353604.220301,762,0.000713,inf,STAND_TEST,0.000000,0.019661,0.055502,0.400635,0.000000,0.000000,0.000000,1.000000,1.000000
1782353604.240127,763,0.000443,inf,STAND_TEST,0.000000,0.019834,0.055526,0.403000,0.000000,0.000000,0.000000,1.000000,1.000000
1782353604.260394,764,0.000654,inf,STAND_TEST,0.000000,0.019951,0.055521,0.405001,0.000000,0.000000,0.000000,1.000000,1.000000
1782353604.280247,765,0.000452,inf,STAND_TEST,0.000000,0.020042,0.055499,0.407485,0.000000,0.000000,0.000000,1.000000,1.000000
1782353604.300321,766,0.000406,inf,STAND_TEST,0.000000,0.020124,0.055471,0.409552,0.000000,0.000000,0.000000,1.000000,1.000000
1782353604.320471,767,0.000500,inf,STAND_TEST,0.000000,0.020143,0.055359,0.411726,0.000000,0.000000,0.000000,1.000000,1.000000
1782353604.340476,768,0.000448,inf,STAND_TEST,0.000000,0.020155,0.055216,0.413923,0.000000,0.000000,0.000000,1.000000,1.000000
1782353604.360497,769,0.000413,inf,STAND_TEST,0.000000,0.020098,0.055009,0.416042,0.000000,0.000000,0.000000,1.000000,1.000000
1782353604.380559,770,0.000418,inf,STAND_TEST,0.000000,0.020005,0.054762,0.418097,0.000000,0.000000,0.000000,1.000000,1.000000
1782353604.400710,771,0.000413,inf,STAND_TEST,0.000000,0.019857,0.054446,0.420326,0.000000,0.000000,0.000000,1.000000,1.000000
1782353604.421085,772,0.000410,inf,STAND_TEST,0.000000,0.019721,0.054086,0.422473,0.000000,0.000000,0.000000,1.000000,1.000000
1782353604.441168,773,0.000437,inf,STAND_TEST,0.000000,0.019528,0.053766,0.424598,0.000000,0.000000,0.000000,1.000000,1.000000
1782353604.461214,774,0.000425,inf,STAND_TEST,0.000000,0.019318,0.053379,0.426685,0.000000,0.000000,0.000000,1.000000,1.000000
1782353604.481462,775,0.000429,inf,STAND_TEST,0.000000,0.019034,0.053022,0.428747,0.000000,0.000000,0.000000,1.000000,1.000000
1782353604.501617,776,0.000424,inf,STAND_TEST,0.000000,0.018741,0.052542,0.430808,0.000000,0.000000,0.000000,1.000000,1.000000
1782353604.521662,777,0.000413,inf,STAND_TEST,0.000000,0.018405,0.052083,0.432940,0.000000,0.000000,0.000000,1.000000,1.000000
1782353604.541697,778,0.000393,inf,STAND_TEST,0.000000,0.018028,0.051646,0.434942,0.000000,0.000000,0.000000,1.000000,1.000000
1782353604.561800,779,0.000440,inf,STAND_TEST,0.000000,0.017642,0.051138,0.436950,0.000000,0.000000,0.000000,1.000000,1.000000
1782353604.582087,780,0.000671,inf,STAND_TEST,0.000000,0.017273,0.050639,0.438832,0.000000,0.000000,0.000000,1.000000,1.000000
1782353604.602227,781,0.000751,inf,STAND_TEST,0.000000,0.016848,0.050042,0.440897,0.000000,0.000000,0.000000,1.000000,1.000000
1782353604.622212,782,0.000680,inf,STAND_TEST,0.000000,0.016456,0.049450,0.442909,0.000000,0.000000,0.000000,1.000000,1.000000
1782353604.642091,783,0.000424,inf,STAND_TEST,0.000000,0.016000,0.048916,0.444892,0.000000,0.000000,0.000000,1.000000,1.000000
1782353604.662232,784,0.000393,inf,STAND_TEST,0.000000,0.015562,0.048333,0.446865,0.000000,0.000000,0.000000,1.000000,1.000000
1782353604.682301,785,0.000406,inf,STAND_TEST,0.000000,0.015090,0.047714,0.448850,0.000000,0.000000,0.000000,1.000000,1.000000
1782353604.702418,786,0.000422,inf,STAND_TEST,0.000000,0.014572,0.047091,0.450907,0.000000,0.000000,0.000000,1.000000,1.000000
1782353604.722526,787,0.000414,inf,STAND_TEST,0.000000,0.014101,0.046513,0.452729,0.000000,0.000000,0.000000,1.000000,1.000000
1782353604.742857,788,0.000416,inf,STAND_TEST,0.000000,0.013530,0.045844,0.454678,0.000000,0.000000,0.000000,1.000000,1.000000
1782353604.762971,789,0.000419,inf,STAND_TEST,0.000000,0.012995,0.045228,0.456586,0.000000,0.000000,0.000000,1.000000,1.000000
1782353604.783079,790,0.000423,inf,STAND_TEST,0.000000,0.012440,0.044597,0.458444,0.000000,0.000000,0.000000,1.000000,1.000000
1782353604.803210,791,0.000437,inf,STAND_TEST,0.000000,0.011891,0.043922,0.460366,0.000000,0.000000,0.000000,1.000000,1.000000
1782353604.823511,792,0.000638,inf,STAND_TEST,0.000000,0.011295,0.043259,0.462156,0.000000,0.000000,0.000000,1.000000,1.000000
1782353604.843617,793,0.000430,inf,STAND_TEST,0.000000,0.010658,0.042549,0.464075,0.000000,0.000000,0.000000,1.000000,1.000000
1782353604.863728,794,0.000418,inf,STAND_TEST,0.000000,0.010053,0.041940,0.465859,0.000000,0.000000,0.000000,1.000000,1.000000
1782353604.883852,795,0.000441,inf,STAND_TEST,0.000000,0.009451,0.041304,0.467626,0.000000,0.000000,0.000000,1.000000,1.000000
1782353604.904165,796,0.000693,inf,STAND_TEST,0.000000,0.008787,0.040676,0.469395,0.000000,0.000000,0.000000,1.000000,1.000000
1782353604.924200,797,0.000672,inf,STAND_TEST,0.000000,0.008178,0.040114,0.471062,0.000000,0.000000,0.000000,1.000000,1.000000
1782353604.944216,798,0.000633,inf,STAND_TEST,0.000000,0.007556,0.039499,0.472846,0.000000,0.000000,0.000000,1.000000,1.000000
1782353604.964230,799,0.000417,inf,STAND_TEST,0.000000,0.006876,0.038812,0.474801,0.000000,0.000000,0.000000,1.000000,1.000000
1782353604.984317,800,0.000446,inf,STAND_TEST,0.000000,0.006238,0.038212,0.476564,0.000000,0.000000,0.000000,1.000000,1.000000
1782353605.004323,801,0.000395,inf,STAND_TEST,0.000000,0.005638,0.037693,0.478181,0.000000,0.000000,0.000000,1.000000,1.000000
1782353605.024442,802,0.000460,inf,STAND_TEST,0.000000,0.004976,0.037146,0.479884,0.000000,0.000000,0.000000,1.000000,1.000000
1782353605.044487,803,0.000450,inf,STAND_TEST,0.000000,0.004322,0.036511,0.481677,0.000000,0.000000,0.000000,1.000000,1.000000
1782353605.064542,804,0.000447,inf,STAND_TEST,0.000000,0.003748,0.035973,0.483289,0.000000,0.000000,0.000000,1.000000,1.000000
1782353605.084800,805,0.000649,inf,STAND_TEST,0.000000,0.003118,0.035469,0.484958,0.000000,0.000000,0.000000,1.000000,1.000000
1782353605.104932,806,0.000477,inf,STAND_TEST,0.000000,0.002514,0.034954,0.486582,0.000000,0.000000,0.000000,1.000000,1.000000
1782353605.124970,807,0.000460,inf,STAND_TEST,0.000000,0.001872,0.034411,0.488424,0.000000,0.000000,0.000000,1.000000,1.000000
1782353605.144953,808,0.000384,inf,STAND_TEST,0.000000,0.001336,0.033919,0.490016,0.000000,0.000000,0.000000,1.000000,1.000000
1782353605.164990,809,0.000365,inf,STAND_TEST,0.000000,0.000832,0.033475,0.491669,0.000000,0.000000,0.000000,1.000000,1.000000
1782353605.185450,810,0.000722,inf,STAND_TEST,0.000000,0.000340,0.033101,0.493284,0.000000,0.000000,0.000000,1.000000,1.000000
1782353605.205521,811,0.000692,inf,STAND_TEST,0.000000,-0.000105,0.032747,0.494917,0.000000,0.000000,0.000000,1.000000,1.000000
1782353605.225439,812,0.000510,inf,STAND_TEST,0.000000,-0.000503,0.032406,0.496480,0.000000,0.000000,0.000000,1.000000,1.000000
1782353605.245566,813,0.000419,inf,STAND_TEST,0.000000,-0.000948,0.032053,0.498252,0.000000,0.000000,0.000000,1.000000,1.000000
1782353605.265663,814,0.000411,inf,STAND_TEST,0.000000,-0.001307,0.031779,0.499870,0.000000,0.000000,0.000000,1.000000,1.000000
1782353605.285775,815,0.000416,inf,STAND_TEST,0.000000,-0.001616,0.031588,0.501513,0.000000,0.000000,0.000000,1.000000,1.000000
1782353605.306147,816,0.000688,inf,STAND_TEST,0.000000,-0.001888,0.031340,0.503017,0.000000,0.000000,0.000000,1.000000,1.000000
1782353605.326313,817,0.000798,inf,STAND_TEST,0.000000,-0.002173,0.031100,0.504661,0.000000,0.000000,0.000000,1.000000,1.000000
1782353605.346159,818,0.000415,inf,STAND_TEST,0.000000,-0.002447,0.030939,0.506265,0.000000,0.000000,0.000000,1.000000,1.000000
1782353605.366283,819,0.000413,inf,STAND_TEST,0.000000,-0.002645,0.030858,0.507714,0.000000,0.000000,0.000000,1.000000,1.000000
1782353605.386403,820,0.000412,inf,STAND_TEST,0.000000,-0.002824,0.030804,0.509219,0.000000,0.000000,0.000000,1.000000,1.000000
1782353605.406509,821,0.000419,inf,STAND_TEST,0.000000,-0.002978,0.030753,0.510703,0.000000,0.000000,0.000000,1.000000,1.000000
1782353605.426878,822,0.000674,inf,STAND_TEST,0.000000,-0.003084,0.030743,0.512131,0.000000,0.000000,0.000000,1.000000,1.000000
1782353605.446815,823,0.000413,inf,STAND_TEST,0.000000,-0.003173,0.030760,0.513688,0.000000,0.000000,0.000000,1.000000,1.000000
1782353605.466933,824,0.000418,inf,STAND_TEST,0.000000,-0.003228,0.030831,0.515170,0.000000,0.000000,0.000000,1.000000,1.000000
1782353605.487054,825,0.000432,inf,STAND_TEST,0.000000,-0.003266,0.030906,0.516610,0.000000,0.000000,0.000000,1.000000,1.000000
1782353605.507132,826,0.000409,inf,STAND_TEST,0.000000,-0.003256,0.031065,0.518053,0.000000,0.000000,0.000000,1.000000,1.000000
1782353605.527498,827,0.000671,inf,STAND_TEST,0.000000,-0.003218,0.031227,0.519458,0.000000,0.000000,0.000000,1.000000,1.000000
1782353605.547629,828,0.000683,inf,STAND_TEST,0.000000,-0.003150,0.031412,0.520911,0.000000,0.000000,0.000000,1.000000,1.000000
1782353605.567709,829,0.000430,inf,STAND_TEST,0.000000,-0.003033,0.031648,0.522389,0.000000,0.000000,0.000000,1.000000,1.000000
1782353605.587736,830,0.000401,inf,STAND_TEST,0.000000,-0.002900,0.031874,0.523733,0.000000,0.000000,0.000000,1.000000,1.000000
1782353605.607806,831,0.000415,inf,STAND_TEST,0.000000,-0.002694,0.032204,0.525263,0.000000,0.000000,0.000000,1.000000,1.000000
1782353605.627841,832,0.000394,inf,STAND_TEST,0.000000,-0.002514,0.032470,0.526663,0.000000,0.000000,0.000000,1.000000,1.000000
1782353605.648166,833,0.000661,inf,STAND_TEST,0.000000,-0.002278,0.032830,0.528010,0.000000,0.000000,0.000000,1.000000,1.000000
1782353605.668149,834,0.000417,inf,STAND_TEST,0.000000,-0.002036,0.033210,0.529361,0.000000,0.000000,0.000000,1.000000,1.000000
1782353605.688268,835,0.000415,inf,STAND_TEST,0.000000,-0.001775,0.033568,0.530601,0.000000,0.000000,0.000000,1.000000,1.000000
1782353605.708311,836,0.000403,inf,STAND_TEST,0.000000,-0.001423,0.033996,0.532019,0.000000,0.000000,0.000000,1.000000,1.000000
1782353605.728359,837,0.000395,inf,STAND_TEST,0.000000,-0.001067,0.034385,0.533270,0.000000,0.000000,0.000000,1.000000,1.000000
1782353605.748452,838,0.000432,inf,STAND_TEST,0.000000,-0.000683,0.034852,0.534571,0.000000,0.000000,0.000000,1.000000,1.000000
1782353605.768729,839,0.000653,inf,STAND_TEST,0.000000,-0.000213,0.035334,0.535909,0.000000,0.000000,0.000000,1.000000,1.000000
1782353605.788738,840,0.000606,inf,STAND_TEST,0.000000,0.000276,0.035831,0.537284,0.000000,0.000000,0.000000,1.000000,1.000000
1782353605.808836,841,0.000649,inf,STAND_TEST,0.000000,0.000764,0.036299,0.538469,0.000000,0.000000,0.000000,1.000000,1.000000
1782353605.828875,842,0.000408,inf,STAND_TEST,0.000000,0.001326,0.036851,0.539786,0.000000,0.000000,0.000000,1.000000,1.000000
1782353605.848930,843,0.000407,inf,STAND_TEST,0.000000,0.001887,0.037363,0.541096,0.000000,0.000000,0.000000,1.000000,1.000000
1782353605.868979,844,0.000401,inf,STAND_TEST,0.000000,0.002459,0.037897,0.542315,0.000000,0.000000,0.000000,1.000000,1.000000
1782353605.889017,845,0.000384,inf,STAND_TEST,0.000000,0.003042,0.038422,0.543517,0.000000,0.000000,0.000000,1.000000,1.000000
1782353605.909111,846,0.000422,inf,STAND_TEST,0.000000,0.003656,0.038932,0.544764,0.000000,0.000000,0.000000,1.000000,1.000000
1782353605.929551,847,0.000805,inf,STAND_TEST,0.000000,0.004267,0.039500,0.545937,0.000000,0.000000,0.000000,1.000000,1.000000
1782353605.949273,848,0.000395,inf,STAND_TEST,0.000000,0.004915,0.040032,0.547154,0.000000,0.000000,0.000000,1.000000,1.000000
1782353605.969445,849,0.000396,inf,STAND_TEST,0.000000,0.005571,0.040618,0.548363,0.000000,0.000000,0.000000,1.000000,1.000000
1782353605.989589,850,0.000432,inf,STAND_TEST,0.000000,0.006251,0.041231,0.549596,0.000000,0.000000,0.000000,1.000000,1.000000
1782353606.009664,851,0.000407,inf,STAND_TEST,0.000000,0.006919,0.041845,0.550755,0.000000,0.000000,0.000000,1.000000,1.000000
1782353606.030009,852,0.000693,inf,STAND_TEST,0.000000,0.007581,0.042407,0.551825,0.000000,0.000000,0.000000,1.000000,1.000000
1782353606.050024,853,0.000652,inf,STAND_TEST,0.000000,0.008270,0.043014,0.552987,0.000000,0.000000,0.000000,1.000000,1.000000
1782353606.070068,854,0.000640,inf,STAND_TEST,0.000000,0.008944,0.043555,0.554098,0.000000,0.000000,0.000000,1.000000,1.000000
1782353606.090056,855,0.000401,inf,STAND_TEST,0.000000,0.009647,0.044215,0.555260,0.000000,0.000000,0.000000,1.000000,1.000000
1782353606.110101,856,0.000390,inf,STAND_TEST,0.000000,0.010269,0.044772,0.556261,0.000000,0.000000,0.000000,1.000000,1.000000
1782353606.130191,857,0.000425,inf,STAND_TEST,0.000000,0.010921,0.045400,0.557321,0.000000,0.000000,0.000000,1.000000,1.000000
1782353606.150244,858,0.000421,inf,STAND_TEST,0.000000,0.011563,0.046009,0.558326,0.000000,0.000000,0.000000,1.000000,1.000000
1782353606.170304,859,0.000425,inf,STAND_TEST,0.000000,0.012173,0.046565,0.559337,0.000000,0.000000,0.000000,1.000000,1.000000
1782353606.190341,860,0.000407,inf,STAND_TEST,0.000000,0.012755,0.047113,0.560313,0.000000,0.000000,0.000000,1.000000,1.000000
1782353606.210604,861,0.000614,inf,STAND_TEST,0.000000,0.013370,0.047640,0.561311,0.000000,0.000000,0.000000,1.000000,1.000000
1782353606.230683,862,0.000637,inf,STAND_TEST,0.000000,0.013978,0.048150,0.562273,0.000000,0.000000,0.000000,1.000000,1.000000
1782353606.250747,863,0.000433,inf,STAND_TEST,0.000000,0.014594,0.048641,0.563264,0.000000,0.000000,0.000000,1.000000,1.000000
1782353606.270802,864,0.000432,inf,STAND_TEST,0.000000,0.015162,0.049039,0.564221,0.000000,0.000000,0.000000,1.000000,1.000000
1782353606.290849,865,0.000424,inf,STAND_TEST,0.000000,0.015728,0.049502,0.565157,0.000000,0.000000,0.000000,1.000000,1.000000
1782353606.310886,866,0.000405,inf,STAND_TEST,0.000000,0.016256,0.049987,0.566087,0.000000,0.000000,0.000000,1.000000,1.000000
1782353606.330950,867,0.000413,inf,STAND_TEST,0.000000,0.016729,0.050387,0.566900,0.000000,0.000000,0.000000,1.000000,1.000000
1782353606.351229,868,0.000637,inf,STAND_TEST,0.000000,0.017224,0.050791,0.567790,0.000000,0.000000,0.000000,1.000000,1.000000
1782353606.371280,869,0.000632,inf,STAND_TEST,0.000000,0.017727,0.051159,0.568643,0.000000,0.000000,0.000000,1.000000,1.000000
1782353606.391212,870,0.000433,inf,STAND_TEST,0.000000,0.018180,0.051528,0.569494,0.000000,0.000000,0.000000,1.000000,1.000000
1782353606.411262,871,0.000427,inf,STAND_TEST,0.000000,0.018625,0.051837,0.570283,0.000000,0.000000,0.000000,1.000000,1.000000
1782353606.431297,872,0.000407,inf,STAND_TEST,0.000000,0.019058,0.052121,0.571076,0.000000,0.000000,0.000000,1.000000,1.000000
1782353606.451362,873,0.000416,inf,STAND_TEST,0.000000,0.019418,0.052363,0.571811,0.000000,0.000000,0.000000,1.000000,1.000000
1782353606.471436,874,0.000433,inf,STAND_TEST,0.000000,0.019744,0.052553,0.572530,0.000000,0.000000,0.000000,1.000000,1.000000
1782353606.491469,875,0.000410,inf,STAND_TEST,0.000000,0.020078,0.052701,0.573299,0.000000,0.000000,0.000000,1.000000,1.000000
1782353606.511827,876,0.000712,inf,STAND_TEST,0.000000,0.020379,0.052829,0.574006,0.000000,0.000000,0.000000,1.000000,1.000000
1782353606.531826,877,0.000656,inf,STAND_TEST,0.000000,0.020641,0.052957,0.574669,0.000000,0.000000,0.000000,1.000000,1.000000
1782353606.551820,878,0.000421,inf,STAND_TEST,0.000000,0.020874,0.053027,0.575385,0.000000,0.000000,0.000000,1.000000,1.000000
1782353606.571850,879,0.000397,inf,STAND_TEST,0.000000,0.021071,0.053049,0.576045,0.000000,0.000000,0.000000,1.000000,1.000000
1782353606.591949,880,0.000439,inf,STAND_TEST,0.000000,0.021238,0.053079,0.576724,0.000000,0.000000,0.000000,1.000000,1.000000
1782353606.612102,881,0.000532,inf,STAND_TEST,0.000000,0.021358,0.053075,0.577371,0.000000,0.000000,0.000000,1.000000,1.000000
1782353606.632137,882,0.000511,inf,STAND_TEST,0.000000,0.021436,0.053071,0.577926,0.000000,0.000000,0.000000,1.000000,1.000000
1782353606.652333,883,0.000651,inf,STAND_TEST,0.000000,0.021473,0.053031,0.578496,0.000000,0.000000,0.000000,1.000000,1.000000
1782353606.672398,884,0.000453,inf,STAND_TEST,0.000000,0.021487,0.052946,0.579070,0.000000,0.000000,0.000000,1.000000,1.000000
1782353606.692479,885,0.000413,inf,STAND_TEST,0.000000,0.021403,0.052807,0.579578,0.000000,0.000000,0.000000,1.000000,1.000000
1782353606.712581,886,0.000410,inf,STAND_TEST,0.000000,0.021320,0.052728,0.580083,0.000000,0.000000,0.000000,1.000000,1.000000
1782353606.732692,887,0.000423,inf,STAND_TEST,0.000000,0.021179,0.052574,0.580565,0.000000,0.000000,0.000000,1.000000,1.000000
1782353606.752990,888,0.000662,inf,STAND_TEST,0.000000,0.020990,0.052375,0.580980,0.000000,0.000000,0.000000,1.000000,1.000000
1782353606.773140,889,0.000755,inf,STAND_TEST,0.000000,0.020742,0.052163,0.581406,0.000000,0.000000,0.000000,1.000000,1.000000
1782353606.793081,890,0.000640,inf,STAND_TEST,0.000000,0.020478,0.051927,0.581813,0.000000,0.000000,0.000000,1.000000,1.000000
1782353606.813130,891,0.000444,inf,STAND_TEST,0.000000,0.020183,0.051674,0.582156,0.000000,0.000000,0.000000,1.000000,1.000000
1782353606.833213,892,0.000411,inf,STAND_TEST,0.000000,0.019855,0.051385,0.582528,0.000000,0.000000,0.000000,1.000000,1.000000
1782353606.853323,893,0.000414,inf,STAND_TEST,0.000000,0.019507,0.051099,0.582905,0.000000,0.000000,0.000000,1.000000,1.000000
1782353606.873657,894,0.000642,inf,STAND_TEST,0.000000,0.019096,0.050748,0.583228,0.000000,0.000000,0.000000,1.000000,1.000000
1782353606.893743,895,0.000627,inf,STAND_TEST,0.000000,0.018689,0.050369,0.583554,0.000000,0.000000,0.000000,1.000000,1.000000
1782353606.913643,896,0.000424,inf,STAND_TEST,0.000000,0.018220,0.049970,0.583856,0.000000,0.000000,0.000000,1.000000,1.000000
1782353606.933763,897,0.000434,inf,STAND_TEST,0.000000,0.017757,0.049537,0.584117,0.000000,0.000000,0.000000,1.000000,1.000000
1782353606.953917,898,0.000458,inf,STAND_TEST,0.000000,0.017276,0.049126,0.584355,0.000000,0.000000,0.000000,1.000000,1.000000
1782353606.974036,899,0.000472,inf,STAND_TEST,0.000000,0.016763,0.048705,0.584542,0.000000,0.000000,0.000000,1.000000,1.000000
1782353606.994299,900,0.000675,inf,STAND_TEST,0.000000,0.016268,0.048305,0.584718,0.000000,0.000000,0.000000,1.000000,1.000000
1782353607.014297,901,0.000617,inf,STAND_TEST,0.000000,0.015706,0.047795,0.584919,0.000000,0.000000,0.000000,1.000000,1.000000
1782353607.034352,902,0.000617,inf,STAND_TEST,0.000000,0.015145,0.047313,0.585082,0.000000,0.000000,0.000000,1.000000,1.000000
1782353607.054226,903,0.000420,inf,STAND_TEST,0.000000,0.014577,0.046808,0.585280,0.000000,0.000000,0.000000,1.000000,1.000000
1782353607.074285,904,0.000422,inf,STAND_TEST,0.000000,0.013967,0.046324,0.585410,0.000000,0.000000,0.000000,1.000000,1.000000
1782353607.094332,905,0.000415,inf,STAND_TEST,0.000000,0.013318,0.045759,0.585523,0.000000,0.000000,0.000000,1.000000,1.000000
1782353607.114401,906,0.000427,inf,STAND_TEST,0.000000,0.012700,0.045198,0.585626,0.000000,0.000000,0.000000,1.000000,1.000000
1782353607.134458,907,0.000428,inf,STAND_TEST,0.000000,0.012121,0.044686,0.585680,0.000000,0.000000,0.000000,1.000000,1.000000
1782353607.154506,908,0.000418,inf,STAND_TEST,0.000000,0.011491,0.044118,0.585782,0.000000,0.000000,0.000000,1.000000,1.000000
1782353607.174767,909,0.000623,inf,STAND_TEST,0.000000,0.010826,0.043575,0.585847,0.000000,0.000000,0.000000,1.000000,1.000000
1782353607.194832,910,0.000633,inf,STAND_TEST,0.000000,0.010156,0.043000,0.585881,0.000000,0.000000,0.000000,1.000000,1.000000
1782353607.214908,911,0.000653,inf,STAND_TEST,0.000000,0.009485,0.042443,0.585908,0.000000,0.000000,0.000000,1.000000,1.000000
1782353607.234941,912,0.000631,inf,STAND_TEST,0.000000,0.008829,0.041831,0.585944,0.000000,0.000000,0.000000,1.000000,1.000000
1782353607.254761,913,0.000395,inf,STAND_TEST,0.000000,0.008117,0.041287,0.585927,0.000000,0.000000,0.000000,1.000000,1.000000
1782353607.274835,914,0.000412,inf,STAND_TEST,0.000000,0.007517,0.040780,0.585894,0.000000,0.000000,0.000000,1.000000,1.000000
1782353607.294896,915,0.000418,inf,STAND_TEST,0.000000,0.006808,0.040213,0.585854,0.000000,0.000000,0.000000,1.000000,1.000000
1782353607.314924,916,0.000390,inf,STAND_TEST,0.000000,0.006154,0.039694,0.585806,0.000000,0.000000,0.000000,1.000000,1.000000
1782353607.334984,917,0.000394,inf,STAND_TEST,0.000000,0.005472,0.039144,0.585722,0.000000,0.000000,0.000000,1.000000,1.000000
1782353607.355304,918,0.000659,inf,STAND_TEST,0.000000,0.004837,0.038649,0.585615,0.000000,0.000000,0.000000,1.000000,1.000000
1782353607.375350,919,0.000649,inf,STAND_TEST,0.000000,0.004169,0.038149,0.585504,0.000000,0.000000,0.000000,1.000000,1.000000
1782353607.395373,920,0.000616,inf,STAND_TEST,0.000000,0.003502,0.037667,0.585359,0.000000,0.000000,0.000000,1.000000,1.000000
1782353607.415379,921,0.000416,inf,STAND_TEST,0.000000,0.002849,0.037171,0.585233,0.000000,0.000000,0.000000,1.000000,1.000000
1782353607.435439,922,0.000420,inf,STAND_TEST,0.000000,0.002261,0.036739,0.585066,0.000000,0.000000,0.000000,1.000000,1.000000
1782353607.455487,923,0.000411,inf,STAND_TEST,0.000000,0.001682,0.036271,0.584873,0.000000,0.000000,0.000000,1.000000,1.000000
1782353607.475557,924,0.000425,inf,STAND_TEST,0.000000,0.001115,0.035901,0.584662,0.000000,0.000000,0.000000,1.000000,1.000000
1782353607.495592,925,0.000403,inf,STAND_TEST,0.000000,0.000582,0.035546,0.584477,0.000000,0.000000,0.000000,1.000000,1.000000
1782353607.515907,926,0.000662,inf,STAND_TEST,0.000000,0.000049,0.035214,0.584267,0.000000,0.000000,0.000000,1.000000,1.000000
1782353607.535939,927,0.000640,inf,STAND_TEST,0.000000,-0.000438,0.034870,0.584009,0.000000,0.000000,0.000000,1.000000,1.000000
1782353607.555980,928,0.000627,inf,STAND_TEST,0.000000,-0.000903,0.034558,0.583714,0.000000,0.000000,0.000000,1.000000,1.000000
1782353607.575975,929,0.000401,inf,STAND_TEST,0.000000,-0.001354,0.034256,0.583509,0.000000,0.000000,0.000000,1.000000,1.000000
1782353607.596032,930,0.000403,inf,STAND_TEST,0.000000,-0.001754,0.033986,0.583269,0.000000,0.000000,0.000000,1.000000,1.000000
1782353607.616071,931,0.000386,inf,STAND_TEST,0.000000,-0.002115,0.033796,0.582967,0.000000,0.000000,0.000000,1.000000,1.000000
1782353607.636140,932,0.000399,inf,STAND_TEST,0.000000,-0.002449,0.033578,0.582633,0.000000,0.000000,0.000000,1.000000,1.000000
1782353607.656433,933,0.000636,inf,STAND_TEST,0.000000,-0.002746,0.033423,0.582354,0.000000,0.000000,0.000000,1.000000,1.000000
1782353607.676471,934,0.000619,inf,STAND_TEST,0.000000,-0.002987,0.033260,0.582023,0.000000,0.000000,0.000000,1.000000,1.000000
1782353607.696477,935,0.000396,inf,STAND_TEST,0.000000,-0.003209,0.033102,0.581755,0.000000,0.000000,0.000000,1.000000,1.000000
1782353607.716543,936,0.000406,inf,STAND_TEST,0.000000,-0.003415,0.033050,0.581375,0.000000,0.000000,0.000000,1.000000,1.000000
1782353607.736590,937,0.000397,inf,STAND_TEST,0.000000,-0.003532,0.032989,0.581038,0.000000,0.000000,0.000000,1.000000,1.000000
1782353607.756682,938,0.000432,inf,STAND_TEST,0.000000,-0.003634,0.032918,0.580645,0.000000,0.000000,0.000000,1.000000,1.000000
1782353607.776698,939,0.000392,inf,STAND_TEST,0.000000,-0.003702,0.032912,0.580240,0.000000,0.000000,0.000000,1.000000,1.000000
1782353607.796782,940,0.000420,inf,STAND_TEST,0.000000,-0.003728,0.032928,0.579829,0.000000,0.000000,0.000000,1.000000,1.000000
1782353607.817049,941,0.000632,inf,STAND_TEST,0.000000,-0.003723,0.032939,0.579400,0.000000,0.000000,0.000000,1.000000,1.000000
1782353607.837095,942,0.000622,inf,STAND_TEST,0.000000,-0.003669,0.032983,0.578963,0.000000,0.000000,0.000000,1.000000,1.000000
1782353607.857145,943,0.000405,inf,STAND_TEST,0.000000,-0.003626,0.033105,0.578472,0.000000,0.000000,0.000000,1.000000,1.000000
1782353607.877183,944,0.000388,inf,STAND_TEST,0.000000,-0.003582,0.033208,0.577954,0.000000,0.000000,0.000000,1.000000,1.000000
1782353607.897263,945,0.000413,inf,STAND_TEST,0.000000,-0.003474,0.033404,0.577474,0.000000,0.000000,0.000000,1.000000,1.000000
1782353607.917371,946,0.000463,inf,STAND_TEST,0.000000,-0.003313,0.033637,0.576990,0.000000,0.000000,0.000000,1.000000,1.000000
1782353607.937373,947,0.000410,inf,STAND_TEST,0.000000,-0.003159,0.033792,0.576504,0.000000,0.000000,0.000000,1.000000,1.000000
1782353607.957379,948,0.000361,inf,STAND_TEST,0.000000,-0.002901,0.034014,0.576022,0.000000,0.000000,0.000000,1.000000,1.000000
1782353607.977767,949,0.000644,inf,STAND_TEST,0.000000,-0.002656,0.034278,0.575534,0.000000,0.000000,0.000000,1.000000,1.000000
1782353607.997644,950,0.000418,inf,STAND_TEST,0.000000,-0.002377,0.034546,0.574926,0.000000,0.000000,0.000000,1.000000,1.000000
1782353608.017855,951,0.000407,inf,STAND_TEST,0.000000,-0.002074,0.034888,0.574395,0.000000,0.000000,0.000000,1.000000,1.000000
1782353608.037966,952,0.000417,inf,STAND_TEST,0.000000,-0.001744,0.035263,0.573830,0.000000,0.000000,0.000000,1.000000,1.000000
1782353608.058286,953,0.000636,inf,STAND_TEST,0.000000,-0.001393,0.035638,0.573315,0.000000,0.000000,0.000000,1.000000,1.000000
1782353608.078380,954,0.000623,inf,STAND_TEST,0.000000,-0.000958,0.036043,0.572710,0.000000,0.000000,0.000000,1.000000,1.000000
1782353608.098486,955,0.000626,inf,STAND_TEST,0.000000,-0.000513,0.036431,0.572157,0.000000,0.000000,0.000000,1.000000,1.000000
1782353608.118419,956,0.000414,inf,STAND_TEST,0.000000,-0.000027,0.036924,0.571565,0.000000,0.000000,0.000000,1.000000,1.000000
1782353608.138551,957,0.000429,inf,STAND_TEST,0.000000,0.000427,0.037346,0.570977,0.000000,0.000000,0.000000,1.000000,1.000000
1782353608.158640,958,0.000409,inf,STAND_TEST,0.000000,0.000967,0.037818,0.570358,0.000000,0.000000,0.000000,1.000000,1.000000
1782353608.178961,959,0.000623,inf,STAND_TEST,0.000000,0.001532,0.038361,0.569620,0.000000,0.000000,0.000000,1.000000,1.000000
1782353608.199061,960,0.000463,inf,STAND_TEST,0.000000,0.002121,0.038953,0.568912,0.000000,0.000000,0.000000,1.000000,1.000000
1782353608.219157,961,0.000419,inf,STAND_TEST,0.000000,0.002694,0.039519,0.568222,0.000000,0.000000,0.000000,1.000000,1.000000
1782353608.239260,962,0.000418,inf,STAND_TEST,0.000000,0.003322,0.040027,0.567529,0.000000,0.000000,0.000000,1.000000,1.000000
1782353608.259381,963,0.000422,inf,STAND_TEST,0.000000,0.003952,0.040586,0.566855,0.000000,0.000000,0.000000,1.000000,1.000000
1782353608.279693,964,0.000629,inf,STAND_TEST,0.000000,0.004607,0.041140,0.566117,0.000000,0.000000,0.000000,1.000000,1.000000
1782353608.299829,965,0.000656,inf,STAND_TEST,0.000000,0.005254,0.041750,0.565381,0.000000,0.000000,0.000000,1.000000,1.000000
1782353608.319937,966,0.000665,inf,STAND_TEST,0.000000,0.005947,0.042314,0.564674,0.000000,0.000000,0.000000,1.000000,1.000000
1782353608.339795,967,0.000424,inf,STAND_TEST,0.000000,0.006638,0.042882,0.563915,0.000000,0.000000,0.000000,1.000000,1.000000
1782353608.359917,968,0.000421,inf,STAND_TEST,0.000000,0.007321,0.043520,0.563148,0.000000,0.000000,0.000000,1.000000,1.000000
1782353608.380018,969,0.000412,inf,STAND_TEST,0.000000,0.008024,0.044089,0.562413,0.000000,0.000000,0.000000,1.000000,1.000000
1782353608.400360,970,0.000631,inf,STAND_TEST,0.000000,0.008653,0.044629,0.561706,0.000000,0.000000,0.000000,1.000000,1.000000
1782353608.420474,971,0.000638,inf,STAND_TEST,0.000000,0.009338,0.045205,0.560870,0.000000,0.000000,0.000000,1.000000,1.000000
1782353608.440541,972,0.000413,inf,STAND_TEST,0.000000,0.010088,0.045810,0.559949,0.000000,0.000000,0.000000,1.000000,1.000000
1782353608.460667,973,0.000436,inf,STAND_TEST,0.000000,0.010745,0.046382,0.559115,0.000000,0.000000,0.000000,1.000000,1.000000
1782353608.480782,974,0.000448,inf,STAND_TEST,0.000000,0.011390,0.046957,0.558243,0.000000,0.000000,0.000000,1.000000,1.000000
1782353608.500816,975,0.000425,inf,STAND_TEST,0.000000,0.012036,0.047605,0.557411,0.000000,0.000000,0.000000,1.000000,1.000000
1782353608.521073,976,0.000626,inf,STAND_TEST,0.000000,0.012667,0.048154,0.556544,0.000000,0.000000,0.000000,1.000000,1.000000
1782353608.541090,977,0.000589,inf,STAND_TEST,0.000000,0.013259,0.048673,0.555674,0.000000,0.000000,0.000000,1.000000,1.000000
1782353608.561157,978,0.000389,inf,STAND_TEST,0.000000,0.013870,0.049241,0.554728,0.000000,0.000000,0.000000,1.000000,1.000000
1782353608.581215,979,0.000391,inf,STAND_TEST,0.000000,0.014450,0.049716,0.553792,0.000000,0.000000,0.000000,1.000000,1.000000
1782353608.601273,980,0.000394,inf,STAND_TEST,0.000000,0.015005,0.050159,0.552872,0.000000,0.000000,0.000000,1.000000,1.000000
1782353608.621921,981,0.000982,inf,STAND_TEST,0.000000,0.015557,0.050637,0.551919,0.000000,0.000000,0.000000,1.000000,1.000000
1782353608.641851,982,0.000854,inf,STAND_TEST,0.000000,0.016073,0.051103,0.550935,0.000000,0.000000,0.000000,1.000000,1.000000
1782353608.661696,983,0.000644,inf,STAND_TEST,0.000000,0.016598,0.051532,0.549959,0.000000,0.000000,0.000000,1.000000,1.000000
1782353608.681751,984,0.000643,inf,STAND_TEST,0.000000,0.017084,0.051920,0.548968,0.000000,0.000000,0.000000,1.000000,1.000000
1782353608.701775,985,0.000613,inf,STAND_TEST,0.000000,0.017535,0.052284,0.547967,0.000000,0.000000,0.000000,1.000000,1.000000
1782353608.721707,986,0.000426,inf,STAND_TEST,0.000000,0.018011,0.052694,0.546990,0.000000,0.000000,0.000000,1.000000,1.000000
1782353608.741721,987,0.000384,inf,STAND_TEST,0.000000,0.018401,0.053027,0.545978,0.000000,0.000000,0.000000,1.000000,1.000000
1782353608.761801,988,0.000409,inf,STAND_TEST,0.000000,0.018816,0.053340,0.544961,0.000000,0.000000,0.000000,1.000000,1.000000
1782353608.781842,989,0.000395,inf,STAND_TEST,0.000000,0.019183,0.053649,0.543843,0.000000,0.000000,0.000000,1.000000,1.000000
1782353608.801930,990,0.000427,inf,STAND_TEST,0.000000,0.019528,0.053912,0.542802,0.000000,0.000000,0.000000,1.000000,1.000000
1782353608.821944,991,0.000386,inf,STAND_TEST,0.000000,0.019834,0.054161,0.541749,0.000000,0.000000,0.000000,1.000000,1.000000
1782353608.842252,992,0.000639,inf,STAND_TEST,0.000000,0.020127,0.054381,0.540609,0.000000,0.000000,0.000000,1.000000,1.000000
1782353608.862270,993,0.000602,inf,STAND_TEST,0.000000,0.020373,0.054620,0.539466,0.000000,0.000000,0.000000,1.000000,1.000000
1782353608.882287,994,0.000392,inf,STAND_TEST,0.000000,0.020621,0.054806,0.538214,0.000000,0.000000,0.000000,1.000000,1.000000
1782353608.902385,995,0.000435,inf,STAND_TEST,0.000000,0.020798,0.054898,0.537173,0.000000,0.000000,0.000000,1.000000,1.000000
1782353608.922472,996,0.000464,inf,STAND_TEST,0.000000,0.020942,0.054982,0.536025,0.000000,0.000000,0.000000,1.000000,1.000000
1782353608.942493,997,0.000429,inf,STAND_TEST,0.000000,0.021082,0.055104,0.534853,0.000000,0.000000,0.000000,1.000000,1.000000
1782353608.962564,998,0.000444,inf,STAND_TEST,0.000000,0.021148,0.055171,0.533622,0.000000,0.000000,0.000000,1.000000,1.000000
1782353608.982836,999,0.000657,inf,STAND_TEST,0.000000,0.021168,0.055135,0.532462,0.000000,0.000000,0.000000,1.000000,1.000000
1782353609.002976,1000,0.000741,inf,STAND_TEST,0.000000,0.021168,0.055090,0.531194,0.000000,0.000000,0.000000,1.000000,1.000000
1782353609.022672,1001,0.000382,inf,STAND_TEST,0.000000,0.021142,0.055034,0.529912,0.000000,0.000000,0.000000,1.000000,1.000000
1782353609.042815,1002,0.000410,inf,STAND_TEST,0.000000,0.021057,0.054925,0.528622,0.000000,0.000000,0.000000,1.000000,1.000000
1782353609.062871,1003,0.000412,inf,STAND_TEST,0.000000,0.020954,0.054789,0.527322,0.000000,0.000000,0.000000,1.000000,1.000000
1782353609.082972,1004,0.000457,inf,STAND_TEST,0.000000,0.020835,0.054666,0.526027,0.000000,0.000000,0.000000,1.000000,1.000000
1782353609.102985,1005,0.000417,inf,STAND_TEST,0.000000,0.020660,0.054475,0.524808,0.000000,0.000000,0.000000,1.000000,1.000000
1782353609.123036,1006,0.000412,inf,STAND_TEST,0.000000,0.020461,0.054302,0.523499,0.000000,0.000000,0.000000,1.000000,1.000000
1782353609.143334,1007,0.000654,inf,STAND_TEST,0.000000,0.020200,0.054023,0.522100,0.000000,0.000000,0.000000,1.000000,1.000000
1782353609.163376,1008,0.000640,inf,STAND_TEST,0.000000,0.019918,0.053771,0.520743,0.000000,0.000000,0.000000,1.000000,1.000000
1782353609.183489,1009,0.000697,inf,STAND_TEST,0.000000,0.019619,0.053501,0.519406,0.000000,0.000000,0.000000,1.000000,1.000000
1782353609.203323,1010,0.000424,inf,STAND_TEST,0.000000,0.019233,0.053149,0.517971,0.000000,0.000000,0.000000,1.000000,1.000000
1782353609.223358,1011,0.000402,inf,STAND_TEST,0.000000,0.018831,0.052775,0.516489,0.000000,0.000000,0.000000,1.000000,1.000000
1782353609.243420,1012,0.000409,inf,STAND_TEST,0.000000,0.018427,0.052364,0.515181,0.000000,0.000000,0.000000,1.000000,1.000000
1782353609.263448,1013,0.000382,inf,STAND_TEST,0.000000,0.018009,0.051976,0.513786,0.000000,0.000000,0.000000,1.000000,1.000000
1782353609.283740,1014,0.000619,inf,STAND_TEST,0.000000,0.017529,0.051523,0.512277,0.000000,0.000000,0.000000,1.000000,1.000000
1782353609.303592,1015,0.000417,inf,STAND_TEST,0.000000,0.017075,0.051034,0.510922,0.000000,0.000000,0.000000,1.000000,1.000000
1782353609.323618,1016,0.000388,inf,STAND_TEST,0.000000,0.016595,0.050544,0.509518,0.000000,0.000000,0.000000,1.000000,1.000000
1782353609.343794,1017,0.000381,inf,STAND_TEST,0.000000,0.016041,0.050028,0.507996,0.000000,0.000000,0.000000,1.000000,1.000000
1782353609.363870,1018,0.000402,inf,STAND_TEST,0.000000,0.015513,0.049490,0.506538,0.000000,0.000000,0.000000,1.000000,1.000000
1782353609.383948,1019,0.000425,inf,STAND_TEST,0.000000,0.014964,0.048915,0.505055,0.000000,0.000000,0.000000,1.000000,1.000000
1782353609.403969,1020,0.000392,inf,STAND_TEST,0.000000,0.014409,0.048343,0.503603,0.000000,0.000000,0.000000,1.000000,1.000000
1782353609.424015,1021,0.000382,inf,STAND_TEST,0.000000,0.013852,0.047773,0.502103,0.000000,0.000000,0.000000,1.000000,1.000000
1782353609.444468,1022,0.000781,inf,STAND_TEST,0.000000,0.013291,0.047226,0.500598,0.000000,0.000000,0.000000,1.000000,1.000000
1782353609.464489,1023,0.000746,inf,STAND_TEST,0.000000,0.012712,0.046670,0.499087,0.000000,0.000000,0.000000,1.000000,1.000000
1782353609.484564,1024,0.000765,inf,STAND_TEST,0.000000,0.012135,0.046097,0.497579,0.000000,0.000000,0.000000,1.000000,1.000000
1782353609.504579,1025,0.000725,inf,STAND_TEST,0.000000,0.011537,0.045542,0.496029,0.000000,0.000000,0.000000,1.000000,1.000000
1782353609.524468,1026,0.000415,inf,STAND_TEST,0.000000,0.010927,0.044936,0.494442,0.000000,0.000000,0.000000,1.000000,1.000000
1782353609.544551,1027,0.000442,inf,STAND_TEST,0.000000,0.010319,0.044311,0.492910,0.000000,0.000000,0.000000,1.000000,1.000000
1782353609.564572,1028,0.000407,inf,STAND_TEST,0.000000,0.009693,0.043701,0.491273,0.000000,0.000000,0.000000,1.000000,1.000000
1782353609.584596,1029,0.000376,inf,STAND_TEST,0.000000,0.009092,0.043066,0.489726,0.000000,0.000000,0.000000,1.000000,1.000000
1782353609.604686,1030,0.000410,inf,STAND_TEST,0.000000,0.008511,0.042481,0.488200,0.000000,0.000000,0.000000,1.000000,1.000000
1782353609.624740,1031,0.000409,inf,STAND_TEST,0.000000,0.007872,0.041865,0.486625,0.000000,0.000000,0.000000,1.000000,1.000000
1782353609.644998,1032,0.000612,inf,STAND_TEST,0.000000,0.007285,0.041310,0.485041,0.000000,0.000000,0.000000,1.000000,1.000000
1782353609.665083,1033,0.000642,inf,STAND_TEST,0.000000,0.006661,0.040722,0.483479,0.000000,0.000000,0.000000,1.000000,1.000000
1782353609.684988,1034,0.000411,inf,STAND_TEST,0.000000,0.006047,0.040116,0.481809,0.000000,0.000000,0.000000,1.000000,1.000000
1782353609.705024,1035,0.000393,inf,STAND_TEST,0.000000,0.005480,0.039537,0.480236,0.000000,0.000000,0.000000,1.000000,1.000000
1782353609.725081,1036,0.000394,inf,STAND_TEST,0.000000,0.004901,0.038997,0.478644,0.000000,0.000000,0.000000,1.000000,1.000000
1782353609.745150,1037,0.000408,inf,STAND_TEST,0.000000,0.004357,0.038454,0.477096,0.000000,0.000000,0.000000,1.000000,1.000000
1782353609.765206,1038,0.000408,inf,STAND_TEST,0.000000,0.003754,0.037834,0.475367,0.000000,0.000000,0.000000,1.000000,1.000000
1782353609.785300,1039,0.000448,inf,STAND_TEST,0.000000,0.003223,0.037320,0.473775,0.000000,0.000000,0.000000,1.000000,1.000000
1782353609.805567,1040,0.000658,inf,STAND_TEST,0.000000,0.002701,0.036811,0.472143,0.000000,0.000000,0.000000,1.000000,1.000000
1782353609.825726,1041,0.000762,inf,STAND_TEST,0.000000,0.002221,0.036373,0.470609,0.000000,0.000000,0.000000,1.000000,1.000000
1782353609.845391,1042,0.000372,inf,STAND_TEST,0.000000,0.001711,0.035861,0.468916,0.000000,0.000000,0.000000,1.000000,1.000000
1782353609.865651,1043,0.000419,inf,STAND_TEST,0.000000,0.001217,0.035394,0.467237,0.000000,0.000000,0.000000,1.000000,1.000000
1782353609.885740,1044,0.000408,inf,STAND_TEST,0.000000,0.000790,0.034956,0.465697,0.000000,0.000000,0.000000,1.000000,1.000000
1782353609.905849,1045,0.000418,inf,STAND_TEST,0.000000,0.000371,0.034608,0.464081,0.000000,0.000000,0.000000,1.000000,1.000000
1782353609.926207,1046,0.000665,inf,STAND_TEST,0.000000,-0.000014,0.034201,0.462359,0.000000,0.000000,0.000000,1.000000,1.000000
1782353609.946257,1047,0.000614,inf,STAND_TEST,0.000000,-0.000365,0.033844,0.460671,0.000000,0.000000,0.000000,1.000000,1.000000
1782353609.966265,1048,0.000438,inf,STAND_TEST,0.000000,-0.000667,0.033511,0.459050,0.000000,0.000000,0.000000,1.000000,1.000000
1782353609.986300,1049,0.000416,inf,STAND_TEST,0.000000,-0.000934,0.033200,0.457381,0.000000,0.000000,0.000000,1.000000,1.000000
1782353610.006360,1050,0.000421,inf,STAND_TEST,0.000000,-0.001180,0.032903,0.455666,0.000000,0.000000,0.000000,1.000000,1.000000
1782353610.026382,1051,0.000387,inf,STAND_TEST,0.000000,-0.001389,0.032714,0.454069,0.000000,0.000000,0.000000,1.000000,1.000000
1782353610.046499,1052,0.000447,inf,STAND_TEST,0.000000,-0.001575,0.032541,0.452429,0.000000,0.000000,0.000000,1.000000,1.000000
1782353610.066795,1053,0.000688,inf,STAND_TEST,0.000000,-0.001731,0.032385,0.450769,0.000000,0.000000,0.000000,1.000000,1.000000
1782353610.086773,1054,0.000610,inf,STAND_TEST,0.000000,-0.001841,0.032288,0.449109,0.000000,0.000000,0.000000,1.000000,1.000000
1782353610.106834,1055,0.000413,inf,STAND_TEST,0.000000,-0.001931,0.032195,0.447399,0.000000,0.000000,0.000000,1.000000,1.000000
1782353610.126897,1056,0.000420,inf,STAND_TEST,0.000000,-0.001963,0.032154,0.445749,0.000000,0.000000,0.000000,1.000000,1.000000
1782353610.146959,1057,0.000426,inf,STAND_TEST,0.000000,-0.001990,0.032133,0.444120,0.000000,0.000000,0.000000,1.000000,1.000000
1782353610.166989,1058,0.000401,inf,STAND_TEST,0.000000,-0.001959,0.032210,0.442433,0.000000,0.000000,0.000000,1.000000,1.000000
1782353610.187100,1059,0.000456,inf,STAND_TEST,0.000000,-0.001916,0.032254,0.440830,0.000000,0.000000,0.000000,1.000000,1.000000
1782353610.207139,1060,0.000440,inf,STAND_TEST,0.000000,-0.001873,0.032322,0.439050,0.000000,0.000000,0.000000,1.000000,1.000000
1782353610.227352,1061,0.000416,inf,STAND_TEST,0.000000,-0.001778,0.032452,0.437362,0.000000,0.000000,0.000000,1.000000,1.000000
1782353610.247567,1062,0.000414,inf,STAND_TEST,0.000000,-0.001661,0.032616,0.435654,0.000000,0.000000,0.000000,1.000000,1.000000
1782353610.267611,1063,0.000402,inf,STAND_TEST,0.000000,-0.001531,0.032807,0.433948,0.000000,0.000000,0.000000,1.000000,1.000000
1782353610.287658,1064,0.000394,inf,STAND_TEST,0.000000,-0.001340,0.032973,0.432299,0.000000,0.000000,0.000000,1.000000,1.000000
1782353610.307713,1065,0.000393,inf,STAND_TEST,0.000000,-0.001142,0.033225,0.430525,0.000000,0.000000,0.000000,1.000000,1.000000
1782353610.327808,1066,0.000433,inf,STAND_TEST,0.000000,-0.000934,0.033480,0.428934,0.000000,0.000000,0.000000,1.000000,1.000000
1782353610.348084,1067,0.000654,inf,STAND_TEST,0.000000,-0.000700,0.033797,0.427268,0.000000,0.000000,0.000000,1.000000,1.000000
1782353610.368129,1068,0.000642,inf,STAND_TEST,0.000000,-0.000406,0.034153,0.425635,0.000000,0.000000,0.000000,1.000000,1.000000
1782353610.388204,1069,0.000663,inf,STAND_TEST,0.000000,-0.000089,0.034483,0.423982,0.000000,0.000000,0.000000,1.000000,1.000000
1782353610.408016,1070,0.000413,inf,STAND_TEST,0.000000,0.000213,0.034883,0.422336,0.000000,0.000000,0.000000,1.000000,1.000000
1782353610.428183,1071,0.000440,inf,STAND_TEST,0.000000,0.000570,0.035328,0.420592,0.000000,0.000000,0.000000,1.000000,1.000000
1782353610.448272,1072,0.000417,inf,STAND_TEST,0.000000,0.000934,0.035796,0.418959,0.000000,0.000000,0.000000,1.000000,1.000000
1782353610.468399,1073,0.000424,inf,STAND_TEST,0.000000,0.001334,0.036295,0.417328,0.000000,0.000000,0.000000,1.000000,1.000000
1782353610.488859,1074,0.000782,inf,STAND_TEST,0.000000,0.001762,0.036765,0.415645,0.000000,0.000000,0.000000,1.000000,1.000000
1782353610.508821,1075,0.000420,inf,STAND_TEST,0.000000,0.002235,0.037289,0.413910,0.000000,0.000000,0.000000,1.000000,1.000000
1782353610.528922,1076,0.000414,inf,STAND_TEST,0.000000,0.002725,0.037815,0.412246,0.000000,0.000000,0.000000,1.000000,1.000000
1782353610.549001,1077,0.000434,inf,STAND_TEST,0.000000,0.003247,0.038381,0.410594,0.000000,0.000000,0.000000,1.000000,1.000000
1782353610.569016,1078,0.000393,inf,STAND_TEST,0.000000,0.003736,0.038913,0.409046,0.000000,0.000000,0.000000,1.000000,1.000000
1782353610.589308,1079,0.000630,inf,STAND_TEST,0.000000,0.004286,0.039560,0.407308,0.000000,0.000000,0.000000,1.000000,1.000000
1782353610.609352,1080,0.000618,inf,STAND_TEST,0.000000,0.004802,0.040165,0.405621,0.000000,0.000000,0.000000,1.000000,1.000000
1782353610.629465,1081,0.000675,inf,STAND_TEST,0.000000,0.005331,0.040767,0.404056,0.000000,0.000000,0.000000,1.000000,1.000000
1782353610.649696,1082,0.000569,inf,STAND_TEST,0.000000,0.005931,0.041465,0.402293,0.000000,0.000000,0.000000,1.000000,1.000000
1782353610.669619,1083,0.000435,inf,STAND_TEST,0.000000,0.006508,0.042136,0.400597,0.000000,0.000000,0.000000,1.000000,1.000000
1782353610.689651,1084,0.000412,inf,STAND_TEST,0.000000,0.007078,0.042818,0.398826,0.000000,0.000000,0.000000,1.000000,1.000000
1782353610.709989,1085,0.000695,inf,STAND_TEST,0.000000,0.007652,0.043412,0.397246,0.000000,0.000000,0.000000,1.000000,1.000000
1782353610.730031,1086,0.000679,inf,STAND_TEST,0.000000,0.008238,0.044098,0.395561,0.000000,0.000000,0.000000,1.000000,1.000000
1782353610.750067,1087,0.000659,inf,STAND_TEST,0.000000,0.008797,0.044721,0.393991,0.000000,0.000000,0.000000,1.000000,1.000000
1782353610.770063,1088,0.000402,inf,STAND_TEST,0.000000,0.009392,0.045444,0.392258,0.000000,0.000000,0.000000,1.000000,1.000000
1782353610.790117,1089,0.000401,inf,STAND_TEST,0.000000,0.009947,0.046055,0.390584,0.000000,0.000000,0.000000,1.000000,1.000000
1782353610.810154,1090,0.000382,inf,STAND_TEST,0.000000,0.010533,0.046757,0.388937,0.000000,0.000000,0.000000,1.000000,1.000000
1782353610.830229,1091,0.000401,inf,STAND_TEST,0.000000,0.011070,0.047471,0.387240,0.000000,0.000000,0.000000,1.000000,1.000000
1782353610.850281,1092,0.000398,inf,STAND_TEST,0.000000,0.011596,0.048127,0.385549,0.000000,0.000000,0.000000,1.000000,1.000000
1782353610.870378,1093,0.000439,inf,STAND_TEST,0.000000,0.012102,0.048794,0.383924,0.000000,0.000000,0.000000,1.000000,1.000000
1782353610.890645,1094,0.000651,inf,STAND_TEST,0.000000,0.012594,0.049435,0.382283,0.000000,0.000000,0.000000,1.000000,1.000000
1782353610.910702,1095,0.000653,inf,STAND_TEST,0.000000,0.013077,0.050094,0.380612,0.000000,0.000000,0.000000,1.000000,1.000000
1782353610.930554,1096,0.000391,inf,STAND_TEST,0.000000,0.013551,0.050680,0.378972,0.000000,0.000000,0.000000,1.000000,1.000000
1782353610.950652,1097,0.000435,inf,STAND_TEST,0.000000,0.013994,0.051200,0.377340,0.000000,0.000000,0.000000,1.000000,1.000000
1782353610.970713,1098,0.000439,inf,STAND_TEST,0.000000,0.014449,0.051778,0.375622,0.000000,0.000000,0.000000,1.000000,1.000000
1782353610.990755,1099,0.000424,inf,STAND_TEST,0.000000,0.014880,0.052329,0.373976,0.000000,0.000000,0.000000,1.000000,1.000000
1782353611.010789,1100,0.000403,inf,STAND_TEST,0.000000,0.015271,0.052806,0.372470,0.000000,0.000000,0.000000,1.000000,1.000000
1782353611.030854,1101,0.000411,inf,STAND_TEST,0.000000,0.015654,0.053273,0.370785,0.000000,0.000000,0.000000,1.000000,1.000000
1782353611.051123,1102,0.000625,inf,STAND_TEST,0.000000,0.016032,0.053712,0.369134,0.000000,0.000000,0.000000,1.000000,1.000000
1782353611.071222,1103,0.000667,inf,STAND_TEST,0.000000,0.016378,0.054163,0.367519,0.000000,0.000000,0.000000,1.000000,1.000000
1782353611.091147,1104,0.000382,inf,STAND_TEST,0.000000,0.016692,0.054570,0.365772,0.000000,0.000000,0.000000,1.000000,1.000000
1782353611.111247,1105,0.000425,inf,STAND_TEST,0.000000,0.016997,0.054953,0.364166,0.000000,0.000000,0.000000,1.000000,1.000000
1782353611.131281,1106,0.000404,inf,STAND_TEST,0.000000,0.017295,0.055264,0.362528,0.000000,0.000000,0.000000,1.000000,1.000000
1782353611.151342,1107,0.000408,inf,STAND_TEST,0.000000,0.017579,0.055557,0.360884,0.000000,0.000000,0.000000,1.000000,1.000000
1782353611.171433,1108,0.000443,inf,STAND_TEST,0.000000,0.017853,0.055815,0.359267,0.000000,0.000000,0.000000,1.000000,1.000000
1782353611.191763,1109,0.000717,inf,STAND_TEST,0.000000,0.018054,0.056053,0.357599,0.000000,0.000000,0.000000,1.000000,1.000000
1782353611.211814,1110,0.000713,inf,STAND_TEST,0.000000,0.018256,0.056216,0.355982,0.000000,0.000000,0.000000,1.000000,1.000000
1782353611.231775,1111,0.000430,inf,STAND_TEST,0.000000,0.018410,0.056387,0.354327,0.000000,0.000000,0.000000,1.000000,1.000000
1782353611.251813,1112,0.000412,inf,STAND_TEST,0.000000,0.018541,0.056536,0.352666,0.000000,0.000000,0.000000,1.000000,1.000000
1782353611.271861,1113,0.000405,inf,STAND_TEST,0.000000,0.018676,0.056622,0.350911,0.000000,0.000000,0.000000,1.000000,1.000000
1782353611.291898,1114,0.000385,inf,STAND_TEST,0.000000,0.018780,0.056705,0.349266,0.000000,0.000000,0.000000,1.000000,1.000000
1782353611.312000,1115,0.000431,inf,STAND_TEST,0.000000,0.018864,0.056773,0.347546,0.000000,0.000000,0.000000,1.000000,1.000000
1782353611.332322,1116,0.000697,inf,STAND_TEST,0.000000,0.018900,0.056781,0.345983,0.000000,0.000000,0.000000,1.000000,1.000000
1782353611.352354,1117,0.000673,inf,STAND_TEST,0.000000,0.018903,0.056775,0.344335,0.000000,0.000000,0.000000,1.000000,1.000000
1782353611.372324,1118,0.000413,inf,STAND_TEST,0.000000,0.018883,0.056703,0.342535,0.000000,0.000000,0.000000,1.000000,1.000000
1782353611.392388,1119,0.000421,inf,STAND_TEST,0.000000,0.018837,0.056546,0.340948,0.000000,0.000000,0.000000,1.000000,1.000000
1782353611.412420,1120,0.000396,inf,STAND_TEST,0.000000,0.018722,0.056445,0.339296,0.000000,0.000000,0.000000,1.000000,1.000000
1782353611.432492,1121,0.000412,inf,STAND_TEST,0.000000,0.018571,0.056251,0.337666,0.000000,0.000000,0.000000,1.000000,1.000000
1782353611.452547,1122,0.000413,inf,STAND_TEST,0.000000,0.018415,0.056025,0.336061,0.000000,0.000000,0.000000,1.000000,1.000000
1782353611.472605,1123,0.000414,inf,STAND_TEST,0.000000,0.018229,0.055780,0.334421,0.000000,0.000000,0.000000,1.000000,1.000000
1782353611.492893,1124,0.000648,inf,STAND_TEST,0.000000,0.017996,0.055533,0.332747,0.000000,0.000000,0.000000,1.000000,1.000000
1782353611.512959,1125,0.000658,inf,STAND_TEST,0.000000,0.017767,0.055259,0.331101,0.000000,0.000000,0.000000,1.000000,1.000000
1782353611.532966,1126,0.000416,inf,STAND_TEST,0.000000,0.017496,0.054907,0.329435,0.000000,0.000000,0.000000,1.000000,1.000000
1782353611.552989,1127,0.000383,inf,STAND_TEST,0.000000,0.017198,0.054484,0.327702,0.000000,0.000000,0.000000,1.000000,1.000000
1782353611.573115,1128,0.000452,inf,STAND_TEST,0.000000,0.016871,0.054075,0.326075,0.000000,0.000000,0.000000,1.000000,1.000000
1782353611.593525,1129,0.000802,inf,STAND_TEST,0.000000,0.016511,0.053687,0.324446,0.000000,0.000000,0.000000,1.000000,1.000000
1782353611.613532,1130,0.000748,inf,STAND_TEST,0.000000,0.016171,0.053250,0.322892,0.000000,0.000000,0.000000,1.000000,1.000000
1782353611.633482,1131,0.000642,inf,STAND_TEST,0.000000,0.015786,0.052759,0.321305,0.000000,0.000000,0.000000,1.000000,1.000000
1782353611.653518,1132,0.000621,inf,STAND_TEST,0.000000,0.015364,0.052163,0.319595,0.000000,0.000000,0.000000,1.000000,1.000000
1782353611.673431,1133,0.000398,inf,STAND_TEST,0.000000,0.014919,0.051600,0.317898,0.000000,0.000000,0.000000,1.000000,1.000000
1782353611.693475,1134,0.000387,inf,STAND_TEST,0.000000,0.014547,0.051046,0.316346,0.000000,0.000000,0.000000,1.000000,1.000000
1782353611.713626,1135,0.000482,inf,STAND_TEST,0.000000,0.014109,0.050448,0.314780,0.000000,0.000000,0.000000,1.000000,1.000000
1782353611.733612,1136,0.000411,inf,STAND_TEST,0.000000,0.013686,0.049803,0.313202,0.000000,0.000000,0.000000,1.000000,1.000000
1782353611.753649,1137,0.000392,inf,STAND_TEST,0.000000,0.013212,0.049082,0.311526,0.000000,0.000000,0.000000,1.000000,1.000000
1782353611.773710,1138,0.000397,inf,STAND_TEST,0.000000,0.012788,0.048393,0.310046,0.000000,0.000000,0.000000,1.000000,1.000000
1782353611.794025,1139,0.000658,inf,STAND_TEST,0.000000,0.012338,0.047716,0.308444,0.000000,0.000000,0.000000,1.000000,1.000000
1782353611.814088,1140,0.000665,inf,STAND_TEST,0.000000,0.011863,0.046998,0.306852,0.000000,0.000000,0.000000,1.000000,1.000000
1782353611.834115,1141,0.000421,inf,STAND_TEST,0.000000,0.011381,0.046317,0.305187,0.000000,0.000000,0.000000,1.000000,1.000000
1782353611.854165,1142,0.000418,inf,STAND_TEST,0.000000,0.010906,0.045544,0.303628,0.000000,0.000000,0.000000,1.000000,1.000000
1782353611.874284,1143,0.000476,inf,STAND_TEST,0.000000,0.010428,0.044823,0.302074,0.000000,0.000000,0.000000,1.000000,1.000000
1782353611.894318,1144,0.000454,inf,STAND_TEST,0.000000,0.009955,0.044165,0.300549,0.000000,0.000000,0.000000,1.000000,1.000000
1782353611.914646,1145,0.000725,inf,STAND_TEST,0.000000,0.009501,0.043480,0.299107,0.000000,0.000000,0.000000,1.000000,1.000000
1782353611.934650,1146,0.000674,inf,STAND_TEST,0.000000,0.009025,0.042752,0.297487,0.000000,0.000000,0.000000,1.000000,1.000000
1782353611.954685,1147,0.000655,inf,STAND_TEST,0.000000,0.008532,0.042070,0.295933,0.000000,0.000000,0.000000,1.000000,1.000000
1782353611.974707,1148,0.000620,inf,STAND_TEST,0.000000,0.008055,0.041352,0.294430,0.000000,0.000000,0.000000,1.000000,1.000000
1782353611.994826,1149,0.000419,inf,STAND_TEST,0.000000,0.007588,0.040663,0.292881,0.000000,0.000000,0.000000,1.000000,1.000000
1782353612.014961,1150,0.000446,inf,STAND_TEST,0.000000,0.007102,0.039948,0.291323,0.000000,0.000000,0.000000,1.000000,1.000000
1782353612.035376,1151,0.000801,inf,STAND_TEST,0.000000,0.006627,0.039268,0.289824,0.000000,0.000000,0.000000,1.000000,1.000000
1782353612.055328,1152,0.000697,inf,STAND_TEST,0.000000,0.006181,0.038610,0.288421,0.000000,0.000000,0.000000,1.000000,1.000000
1782353612.075278,1153,0.000591,inf,STAND_TEST,0.000000,0.005699,0.037953,0.286911,0.000000,0.000000,0.000000,1.000000,1.000000
1782353612.095530,1154,0.000726,inf,STAND_TEST,0.000000,0.005250,0.037272,0.285369,0.000000,0.000000,0.000000,1.000000,1.000000
1782353612.115394,1155,0.000418,inf,STAND_TEST,0.000000,0.004813,0.036634,0.283915,0.000000,0.000000,0.000000,1.000000,1.000000
1782353612.135496,1156,0.000422,inf,STAND_TEST,0.000000,0.004417,0.036082,0.282454,0.000000,0.000000,0.000000,1.000000,1.000000
1782353612.155593,1157,0.000418,inf,STAND_TEST,0.000000,0.004008,0.035545,0.281014,0.000000,0.000000,0.000000,1.000000,1.000000
1782353612.176089,1158,0.000852,inf,STAND_TEST,0.000000,0.003587,0.034989,0.279573,0.000000,0.000000,0.000000,1.000000,1.000000
1782353612.196088,1159,0.000794,inf,STAND_TEST,0.000000,0.003199,0.034458,0.278173,0.000000,0.000000,0.000000,1.000000,1.000000
1782353612.215989,1160,0.000639,inf,STAND_TEST,0.000000,0.002855,0.033944,0.276807,0.000000,0.000000,0.000000,1.000000,1.000000
1782353612.235850,1161,0.000400,inf,STAND_TEST,0.000000,0.002502,0.033467,0.275344,0.000000,0.000000,0.000000,1.000000,1.000000
1782353612.255875,1162,0.000369,inf,STAND_TEST,0.000000,0.002214,0.033022,0.274027,0.000000,0.000000,0.000000,1.000000,1.000000
1782353612.275948,1163,0.000387,inf,STAND_TEST,0.000000,0.001906,0.032558,0.272589,0.000000,0.000000,0.000000,1.000000,1.000000
1782353612.296023,1164,0.000407,inf,STAND_TEST,0.000000,0.001630,0.032182,0.271185,0.000000,0.000000,0.000000,1.000000,1.000000
1782353612.316055,1165,0.000383,inf,STAND_TEST,0.000000,0.001379,0.031827,0.269800,0.000000,0.000000,0.000000,1.000000,1.000000
1782353612.336149,1166,0.000422,inf,STAND_TEST,0.000000,0.001166,0.031526,0.268519,0.000000,0.000000,0.000000,1.000000,1.000000
1782353612.356411,1167,0.000629,inf,STAND_TEST,0.000000,0.000972,0.031240,0.267104,0.000000,0.000000,0.000000,1.000000,1.000000
1782353612.376457,1168,0.000416,inf,STAND_TEST,0.000000,0.000814,0.031015,0.265700,0.000000,0.000000,0.000000,1.000000,1.000000
1782353612.396538,1169,0.000442,inf,STAND_TEST,0.000000,0.000664,0.030779,0.264461,0.000000,0.000000,0.000000,1.000000,1.000000
1782353612.416551,1170,0.000400,inf,STAND_TEST,0.000000,0.000540,0.030578,0.263171,0.000000,0.000000,0.000000,1.000000,1.000000
1782353612.436648,1171,0.000441,inf,STAND_TEST,0.000000,0.000438,0.030475,0.261840,0.000000,0.000000,0.000000,1.000000,1.000000
1782353612.456686,1172,0.000425,inf,STAND_TEST,0.000000,0.000375,0.030326,0.260464,0.000000,0.000000,0.000000,1.000000,1.000000
1782353612.476733,1173,0.000416,inf,STAND_TEST,0.000000,0.000340,0.030304,0.259300,0.000000,0.000000,0.000000,1.000000,1.000000
1782353612.496991,1174,0.000618,inf,STAND_TEST,0.000000,0.000326,0.030229,0.258071,0.000000,0.000000,0.000000,1.000000,1.000000
1782353612.517154,1175,0.000682,inf,STAND_TEST,0.000000,0.000341,0.030229,0.256831,0.000000,0.000000,0.000000,1.000000,1.000000
1782353612.537158,1176,0.000412,inf,STAND_TEST,0.000000,0.000393,0.030311,0.255535,0.000000,0.000000,0.000000,1.000000,1.000000
1782353612.557271,1177,0.000419,inf,STAND_TEST,0.000000,0.000467,0.030410,0.254331,0.000000,0.000000,0.000000,1.000000,1.000000
1782353612.577379,1178,0.000415,inf,STAND_TEST,0.000000,0.000552,0.030585,0.253126,0.000000,0.000000,0.000000,1.000000,1.000000
1782353612.597726,1179,0.000660,inf,STAND_TEST,0.000000,0.000651,0.030783,0.251882,0.000000,0.000000,0.000000,1.000000,1.000000
1782353612.617841,1180,0.000674,inf,STAND_TEST,0.000000,0.000776,0.031001,0.250754,0.000000,0.000000,0.000000,1.000000,1.000000
1782353612.637798,1181,0.000413,inf,STAND_TEST,0.000000,0.000937,0.031294,0.249504,0.000000,0.000000,0.000000,1.000000,1.000000
1782353612.658136,1182,0.000532,inf,STAND_TEST,0.000000,0.001069,0.031587,0.248422,0.000000,0.000000,0.000000,1.000000,1.000000
1782353612.678126,1183,0.000465,inf,STAND_TEST,0.000000,0.001260,0.031932,0.247285,0.000000,0.000000,0.000000,1.000000,1.000000
1782353612.698380,1184,0.000663,inf,STAND_TEST,0.000000,0.001434,0.032287,0.246120,0.000000,0.000000,0.000000,1.000000,1.000000
1782353612.718436,1185,0.000663,inf,STAND_TEST,0.000000,0.001679,0.032704,0.244948,0.000000,0.000000,0.000000,1.000000,1.000000
1782353612.738482,1186,0.000654,inf,STAND_TEST,0.000000,0.001904,0.033083,0.243925,0.000000,0.000000,0.000000,1.000000,1.000000
1782353612.758529,1187,0.000645,inf,STAND_TEST,0.000000,0.002146,0.033530,0.242872,0.000000,0.000000,0.000000,1.000000,1.000000
1782353612.778573,1188,0.000460,inf,STAND_TEST,0.000000,0.002477,0.034104,0.241815,0.000000,0.000000,0.000000,1.000000,1.000000
1782353612.798657,1189,0.000486,inf,STAND_TEST,0.000000,0.002786,0.034646,0.240733,0.000000,0.000000,0.000000,1.000000,1.000000
1782353612.818758,1190,0.000529,inf,STAND_TEST,0.000000,0.003110,0.035240,0.239695,0.000000,0.000000,0.000000,1.000000,1.000000
1782353612.838960,1191,0.000673,inf,STAND_TEST,0.000000,0.003450,0.035859,0.238670,0.000000,0.000000,0.000000,1.000000,1.000000
1782353612.858999,1192,0.000654,inf,STAND_TEST,0.000000,0.003800,0.036437,0.237696,0.000000,0.000000,0.000000,1.000000,1.000000
1782353612.879058,1193,0.000658,inf,STAND_TEST,0.000000,0.004174,0.037145,0.236657,0.000000,0.000000,0.000000,1.000000,1.000000
1782353612.898936,1194,0.000461,inf,STAND_TEST,0.000000,0.004568,0.037814,0.235601,0.000000,0.000000,0.000000,1.000000,1.000000
1782353612.918948,1195,0.000417,inf,STAND_TEST,0.000000,0.004966,0.038478,0.234601,0.000000,0.000000,0.000000,1.000000,1.000000
1782353612.939017,1196,0.000419,inf,STAND_TEST,0.000000,0.005355,0.039186,0.233555,0.000000,0.000000,0.000000,1.000000,1.000000
1782353612.959067,1197,0.000413,inf,STAND_TEST,0.000000,0.005812,0.039893,0.232574,0.000000,0.000000,0.000000,1.000000,1.000000
1782353612.979149,1198,0.000438,inf,STAND_TEST,0.000000,0.006237,0.040618,0.231631,0.000000,0.000000,0.000000,1.000000,1.000000
1782353612.999149,1199,0.000383,inf,STAND_TEST,0.000000,0.006651,0.041341,0.230741,0.000000,0.000000,0.000000,1.000000,1.000000
1782353613.019419,1200,0.000597,inf,STAND_TEST,0.000000,0.007121,0.042161,0.229747,0.000000,0.000000,0.000000,1.000000,1.000000
1782353613.039619,1201,0.000743,inf,STAND_TEST,0.000000,0.007563,0.042874,0.228832,0.000000,0.000000,0.000000,1.000000,1.000000
1782353613.059668,1202,0.000737,inf,STAND_TEST,0.000000,0.007989,0.043591,0.227870,0.000000,0.000000,0.000000,1.000000,1.000000
1782353613.079606,1203,0.000618,inf,STAND_TEST,0.000000,0.008445,0.044330,0.227020,0.000000,0.000000,0.000000,1.000000,1.000000
1782353613.099563,1204,0.000421,inf,STAND_TEST,0.000000,0.008926,0.045095,0.226110,0.000000,0.000000,0.000000,1.000000,1.000000
1782353613.119644,1205,0.000432,inf,STAND_TEST,0.000000,0.009390,0.045875,0.225230,0.000000,0.000000,0.000000,1.000000,1.000000
1782353613.139683,1206,0.000416,inf,STAND_TEST,0.000000,0.009798,0.046587,0.224400,0.000000,0.000000,0.000000,1.000000,1.000000
1782353613.159705,1207,0.000381,inf,STAND_TEST,0.000000,0.010244,0.047304,0.223555,0.000000,0.000000,0.000000,1.000000,1.000000
1782353613.180065,1208,0.000683,inf,STAND_TEST,0.000000,0.010675,0.047994,0.222755,0.000000,0.000000,0.000000,1.000000,1.000000
1782353613.200089,1209,0.000652,inf,STAND_TEST,0.000000,0.011088,0.048706,0.221903,0.000000,0.000000,0.000000,1.000000,1.000000
1782353613.220109,1210,0.000471,inf,STAND_TEST,0.000000,0.011518,0.049410,0.221040,0.000000,0.000000,0.000000,1.000000,1.000000
1782353613.240291,1211,0.000423,inf,STAND_TEST,0.000000,0.011897,0.050069,0.220226,0.000000,0.000000,0.000000,1.000000,1.000000
1782353613.260325,1212,0.000401,inf,STAND_TEST,0.000000,0.012313,0.050726,0.219382,0.000000,0.000000,0.000000,1.000000,1.000000
1782353613.280432,1213,0.000450,inf,STAND_TEST,0.000000,0.012657,0.051350,0.218642,0.000000,0.000000,0.000000,1.000000,1.000000
1782353613.300718,1214,0.000679,inf,STAND_TEST,0.000000,0.013052,0.052015,0.217845,0.000000,0.000000,0.000000,1.000000,1.000000
1782353613.320772,1215,0.000674,inf,STAND_TEST,0.000000,0.013418,0.052631,0.217122,0.000000,0.000000,0.000000,1.000000,1.000000
1782353613.340787,1216,0.000423,inf,STAND_TEST,0.000000,0.013767,0.053266,0.216317,0.000000,0.000000,0.000000,1.000000,1.000000
1782353613.360846,1217,0.000424,inf,STAND_TEST,0.000000,0.014086,0.053817,0.215644,0.000000,0.000000,0.000000,1.000000,1.000000
1782353613.380908,1218,0.000428,inf,STAND_TEST,0.000000,0.014400,0.054368,0.214824,0.000000,0.000000,0.000000,1.000000,1.000000
1782353613.400969,1219,0.000432,inf,STAND_TEST,0.000000,0.014689,0.054878,0.214164,0.000000,0.000000,0.000000,1.000000,1.000000
1782353613.421059,1220,0.000463,inf,STAND_TEST,0.000000,0.014955,0.055344,0.213499,0.000000,0.000000,0.000000,1.000000,1.000000
1782353613.441106,1221,0.000452,inf,STAND_TEST,0.000000,0.015230,0.055785,0.212813,0.000000,0.000000,0.000000,1.000000,1.000000
1782353613.461377,1222,0.000665,inf,STAND_TEST,0.000000,0.015506,0.056259,0.212168,0.000000,0.000000,0.000000,1.000000,1.000000
1782353613.481438,1223,0.000668,inf,STAND_TEST,0.000000,0.015746,0.056673,0.211521,0.000000,0.000000,0.000000,1.000000,1.000000
1782353613.501525,1224,0.000697,inf,STAND_TEST,0.000000,0.015941,0.056965,0.210898,0.000000,0.000000,0.000000,1.000000,1.000000
1782353613.521367,1225,0.000423,inf,STAND_TEST,0.000000,0.016157,0.057326,0.210223,0.000000,0.000000,0.000000,1.000000,1.000000
1782353613.541454,1226,0.000452,inf,STAND_TEST,0.000000,0.016339,0.057610,0.209561,0.000000,0.000000,0.000000,1.000000,1.000000
1782353613.561485,1227,0.000425,inf,STAND_TEST,0.000000,0.016474,0.057854,0.208926,0.000000,0.000000,0.000000,1.000000,1.000000
1782353613.581582,1228,0.000465,inf,STAND_TEST,0.000000,0.016614,0.058106,0.208285,0.000000,0.000000,0.000000,1.000000,1.000000
1782353613.601584,1229,0.000410,inf,STAND_TEST,0.000000,0.016727,0.058327,0.207647,0.000000,0.000000,0.000000,1.000000,1.000000
1782353613.621908,1230,0.000675,inf,STAND_TEST,0.000000,0.016854,0.058438,0.207094,0.000000,0.000000,0.000000,1.000000,1.000000
1782353613.641955,1231,0.000455,inf,STAND_TEST,0.000000,0.016900,0.058513,0.206487,0.000000,0.000000,0.000000,1.000000,1.000000
1782353613.661988,1232,0.000430,inf,STAND_TEST,0.000000,0.016967,0.058571,0.205887,0.000000,0.000000,0.000000,1.000000,1.000000
1782353613.682053,1233,0.000440,inf,STAND_TEST,0.000000,0.016995,0.058571,0.205278,0.000000,0.000000,0.000000,1.000000,1.000000
1782353613.702093,1234,0.000422,inf,STAND_TEST,0.000000,0.016996,0.058552,0.204675,0.000000,0.000000,0.000000,1.000000,1.000000
1782353613.722195,1235,0.000466,inf,STAND_TEST,0.000000,0.016976,0.058507,0.204154,0.000000,0.000000,0.000000,1.000000,1.000000
1782353613.742459,1236,0.000672,inf,STAND_TEST,0.000000,0.016913,0.058390,0.203612,0.000000,0.000000,0.000000,1.000000,1.000000
1782353613.762487,1237,0.000643,inf,STAND_TEST,0.000000,0.016818,0.058231,0.203093,0.000000,0.000000,0.000000,1.000000,1.000000
1782353613.782439,1238,0.000433,inf,STAND_TEST,0.000000,0.016704,0.058020,0.202539,0.000000,0.000000,0.000000,1.000000,1.000000
1782353613.802810,1239,0.000649,inf,STAND_TEST,0.000000,0.016573,0.057744,0.201976,0.000000,0.000000,0.000000,1.000000,1.000000
1782353613.822692,1240,0.000449,inf,STAND_TEST,0.000000,0.016438,0.057444,0.201487,0.000000,0.000000,0.000000,1.000000,1.000000
1782353613.842725,1241,0.000425,inf,STAND_TEST,0.000000,0.016274,0.057156,0.201017,0.000000,0.000000,0.000000,1.000000,1.000000
1782353613.863148,1242,0.000791,inf,STAND_TEST,0.000000,0.016073,0.056769,0.200552,0.000000,0.000000,0.000000,1.000000,1.000000
1782353613.882865,1243,0.000449,inf,STAND_TEST,0.000000,0.015829,0.056351,0.200128,0.000000,0.000000,0.000000,1.000000,1.000000
1782353613.903133,1244,0.000661,inf,STAND_TEST,0.000000,0.015567,0.055841,0.199666,0.000000,0.000000,0.000000,1.000000,1.000000
1782353613.923218,1245,0.000689,inf,STAND_TEST,0.000000,0.015305,0.055359,0.199219,0.000000,0.000000,0.000000,1.000000,1.000000
1782353613.943195,1246,0.000411,inf,STAND_TEST,0.000000,0.015033,0.054856,0.198795,0.000000,0.000000,0.000000,1.000000,1.000000
1782353613.963285,1247,0.000444,inf,STAND_TEST,0.000000,0.014760,0.054327,0.198385,0.000000,0.000000,0.000000,1.000000,1.000000
1782353613.983341,1248,0.000443,inf,STAND_TEST,0.000000,0.014466,0.053746,0.197911,0.000000,0.000000,0.000000,1.000000,1.000000
1782353614.003609,1249,0.000653,inf,STAND_TEST,0.000000,0.014182,0.053195,0.197506,0.000000,0.000000,0.000000,1.000000,1.000000
1782353614.023647,1250,0.000636,inf,STAND_TEST,0.000000,0.013867,0.052582,0.197039,0.000000,0.000000,0.000000,1.000000,1.000000
1782353614.043748,1251,0.000679,inf,STAND_TEST,0.000000,0.013514,0.051905,0.196605,0.000000,0.000000,0.000000,1.000000,1.000000
1782353614.063766,1252,0.000641,inf,STAND_TEST,0.000000,0.013169,0.051211,0.196202,0.000000,0.000000,0.000000,1.000000,1.000000
1782353614.083677,1253,0.000414,inf,STAND_TEST,0.000000,0.012799,0.050527,0.195837,0.000000,0.000000,0.000000,1.000000,1.000000
1782353614.103793,1254,0.000471,inf,STAND_TEST,0.000000,0.012459,0.049836,0.195541,0.000000,0.000000,0.000000,1.000000,1.000000
1782353614.123857,1255,0.000478,inf,STAND_TEST,0.000000,0.012056,0.049103,0.195143,0.000000,0.000000,0.000000,1.000000,1.000000
1782353614.143882,1256,0.000446,inf,STAND_TEST,0.000000,0.011676,0.048346,0.194858,0.000000,0.000000,0.000000,1.000000,1.000000
1782353614.163920,1257,0.000429,inf,STAND_TEST,0.000000,0.011338,0.047675,0.194542,0.000000,0.000000,0.000000,1.000000,1.000000
1782353614.184229,1258,0.000682,inf,STAND_TEST,0.000000,0.010940,0.046877,0.194220,0.000000,0.000000,0.000000,1.000000,1.000000
1782353614.204249,1259,0.000646,inf,STAND_TEST,0.000000,0.010532,0.046060,0.193946,0.000000,0.000000,0.000000,1.000000,1.000000
1782353614.224194,1260,0.000419,inf,STAND_TEST,0.000000,0.010150,0.045323,0.193671,0.000000,0.000000,0.000000,1.000000,1.000000
1782353614.244274,1261,0.000442,inf,STAND_TEST,0.000000,0.009780,0.044637,0.193434,0.000000,0.000000,0.000000,1.000000,1.000000
1782353614.264378,1262,0.000441,inf,STAND_TEST,0.000000,0.009353,0.043879,0.193194,0.000000,0.000000,0.000000,1.000000,1.000000
1782353614.284429,1263,0.000434,inf,STAND_TEST,0.000000,0.008957,0.043146,0.192940,0.000000,0.000000,0.000000,1.000000,1.000000
1782353614.304499,1264,0.000445,inf,STAND_TEST,0.000000,0.008580,0.042440,0.192688,0.000000,0.000000,0.000000,1.000000,1.000000
1782353614.324744,1265,0.000633,inf,STAND_TEST,0.000000,0.008199,0.041686,0.192485,0.000000,0.000000,0.000000,1.000000,1.000000
1782353614.344610,1266,0.000441,inf,STAND_TEST,0.000000,0.007803,0.040967,0.192297,0.000000,0.000000,0.000000,1.000000,1.000000
1782353614.364868,1267,0.000469,inf,STAND_TEST,0.000000,0.007371,0.040178,0.192113,0.000000,0.000000,0.000000,1.000000,1.000000
1782353614.384904,1268,0.000443,inf,STAND_TEST,0.000000,0.006983,0.039448,0.191917,0.000000,0.000000,0.000000,1.000000,1.000000
1782353614.404978,1269,0.000461,inf,STAND_TEST,0.000000,0.006606,0.038733,0.191744,0.000000,0.000000,0.000000,1.000000,1.000000
1782353614.425021,1270,0.000447,inf,STAND_TEST,0.000000,0.006238,0.038068,0.191583,0.000000,0.000000,0.000000,1.000000,1.000000
1782353614.445084,1271,0.000452,inf,STAND_TEST,0.000000,0.005890,0.037405,0.191446,0.000000,0.000000,0.000000,1.000000,1.000000
1782353614.465131,1272,0.000441,inf,STAND_TEST,0.000000,0.005482,0.036669,0.191291,0.000000,0.000000,0.000000,1.000000,1.000000
1782353614.485432,1273,0.000683,inf,STAND_TEST,0.000000,0.005136,0.036022,0.191252,0.000000,0.000000,0.000000,1.000000,1.000000
1782353614.505240,1274,0.000434,inf,STAND_TEST,0.000000,0.004772,0.035399,0.191141,0.000000,0.000000,0.000000,1.000000,1.000000
1782353614.525529,1275,0.000665,inf,STAND_TEST,0.000000,0.004426,0.034770,0.191056,0.000000,0.000000,0.000000,1.000000,1.000000
1782353614.545558,1276,0.000637,inf,STAND_TEST,0.000000,0.004080,0.034210,0.190996,0.000000,0.000000,0.000000,1.000000,1.000000
1782353614.565423,1277,0.000443,inf,STAND_TEST,0.000000,0.003745,0.033677,0.190974,0.000000,0.000000,0.000000,1.000000,1.000000
1782353614.585505,1278,0.000414,inf,STAND_TEST,0.000000,0.003447,0.033185,0.190988,0.000000,0.000000,0.000000,1.000000,1.000000
1782353614.605622,1279,0.000421,inf,STAND_TEST,0.000000,0.003176,0.032726,0.190976,0.000000,0.000000,0.000000,1.000000,1.000000
1782353614.625715,1280,0.000409,inf,STAND_TEST,0.000000,0.002922,0.032336,0.190988,0.000000,0.000000,0.000000,1.000000,1.000000
1782353614.646077,1281,0.000673,inf,STAND_TEST,0.000000,0.002681,0.031955,0.191024,0.000000,0.000000,0.000000,1.000000,1.000000
1782353614.666185,1282,0.000451,inf,STAND_TEST,0.000000,0.002479,0.031596,0.191082,0.000000,0.000000,0.000000,1.000000,1.000000
1782353614.686280,1283,0.000485,inf,STAND_TEST,0.000000,0.002265,0.031302,0.191059,0.000000,0.000000,0.000000,1.000000,1.000000
1782353614.706291,1284,0.000441,inf,STAND_TEST,0.000000,0.002080,0.031039,0.191098,0.000000,0.000000,0.000000,1.000000,1.000000
1782353614.726335,1285,0.000429,inf,STAND_TEST,0.000000,0.001905,0.030780,0.191194,0.000000,0.000000,0.000000,1.000000,1.000000
1782353614.746619,1286,0.000656,inf,STAND_TEST,0.000000,0.001777,0.030563,0.191326,0.000000,0.000000,0.000000,1.000000,1.000000
1782353614.766659,1287,0.000640,inf,STAND_TEST,0.000000,0.001676,0.030428,0.191472,0.000000,0.000000,0.000000,1.000000,1.000000
1782353614.786807,1288,0.000733,inf,STAND_TEST,0.000000,0.001572,0.030314,0.191610,0.000000,0.000000,0.000000,1.000000,1.000000
1782353614.806727,1289,0.000413,inf,STAND_TEST,0.000000,0.001527,0.030243,0.191792,0.000000,0.000000,0.000000,1.000000,1.000000
1782353614.826798,1290,0.000427,inf,STAND_TEST,0.000000,0.001505,0.030166,0.191985,0.000000,0.000000,0.000000,1.000000,1.000000
1782353614.846879,1291,0.000450,inf,STAND_TEST,0.000000,0.001489,0.030175,0.192184,0.000000,0.000000,0.000000,1.000000,1.000000
1782353614.866917,1292,0.000432,inf,STAND_TEST,0.000000,0.001481,0.030220,0.192334,0.000000,0.000000,0.000000,1.000000,1.000000
1782353614.886975,1293,0.000433,inf,STAND_TEST,0.000000,0.001501,0.030332,0.192594,0.000000,0.000000,0.000000,1.000000,1.000000
1782353614.907003,1294,0.000406,inf,STAND_TEST,0.000000,0.001533,0.030445,0.192847,0.000000,0.000000,0.000000,1.000000,1.000000
1782353614.927458,1295,0.000803,inf,STAND_TEST,0.000000,0.001601,0.030569,0.193114,0.000000,0.000000,0.000000,1.000000,1.000000
1782353614.947363,1296,0.000652,inf,STAND_TEST,0.000000,0.001689,0.030783,0.193351,0.000000,0.000000,0.000000,1.000000,1.000000
1782353614.967231,1297,0.000410,inf,STAND_TEST,0.000000,0.001781,0.031064,0.193653,0.000000,0.000000,0.000000,1.000000,1.000000
1782353614.987345,1298,0.000464,inf,STAND_TEST,0.000000,0.001897,0.031346,0.193900,0.000000,0.000000,0.000000,1.000000,1.000000
1782353615.007346,1299,0.000409,inf,STAND_TEST,0.000000,0.002042,0.031675,0.194218,0.000000,0.000000,0.000000,1.000000,1.000000
1782353615.027395,1300,0.000403,inf,STAND_TEST,0.000000,0.002161,0.031981,0.194498,0.000000,0.000000,0.000000,1.000000,1.000000
1782353615.047499,1301,0.000451,inf,STAND_TEST,0.000000,0.002352,0.032379,0.194809,0.000000,0.000000,0.000000,1.000000,1.000000
1782353615.067546,1302,0.000441,inf,STAND_TEST,0.000000,0.002537,0.032780,0.195134,0.000000,0.000000,0.000000,1.000000,1.000000
1782353615.087818,1303,0.000656,inf,STAND_TEST,0.000000,0.002755,0.033252,0.195483,0.000000,0.000000,0.000000,1.000000,1.000000
1782353615.107907,1304,0.000688,inf,STAND_TEST,0.000000,0.002976,0.033685,0.195865,0.000000,0.000000,0.000000,1.000000,1.000000
1782353615.127937,1305,0.000661,inf,STAND_TEST,0.000000,0.003204,0.034200,0.196249,0.000000,0.000000,0.000000,1.000000,1.000000
1782353615.147775,1306,0.000443,inf,STAND_TEST,0.000000,0.003447,0.034742,0.196629,0.000000,0.000000,0.000000,1.000000,1.000000
1782353615.167833,1307,0.000444,inf,STAND_TEST,0.000000,0.003707,0.035293,0.197019,0.000000,0.000000,0.000000,1.000000,1.000000
1782353615.187884,1308,0.000440,inf,STAND_TEST,0.000000,0.004019,0.035928,0.197434,0.000000,0.000000,0.000000,1.000000,1.000000
1782353615.207931,1309,0.000433,inf,STAND_TEST,0.000000,0.004305,0.036509,0.197840,0.000000,0.000000,0.000000,1.000000,1.000000
1782353615.227981,1310,0.000427,inf,STAND_TEST,0.000000,0.004625,0.037101,0.198302,0.000000,0.000000,0.000000,1.000000,1.000000
1782353615.248022,1311,0.000412,inf,STAND_TEST,0.000000,0.004985,0.037769,0.198796,0.000000,0.000000,0.000000,1.000000,1.000000
1782353615.268285,1312,0.000618,inf,STAND_TEST,0.000000,0.005361,0.038445,0.199261,0.000000,0.000000,0.000000,1.000000,1.000000
1782353615.288370,1313,0.000647,inf,STAND_TEST,0.000000,0.005715,0.039103,0.199720,0.000000,0.000000,0.000000,1.000000,1.000000
1782353615.308398,1314,0.000426,inf,STAND_TEST,0.000000,0.006163,0.039797,0.200293,0.000000,0.000000,0.000000,1.000000,1.000000
1782353615.328444,1315,0.000415,inf,STAND_TEST,0.000000,0.006572,0.040536,0.200774,0.000000,0.000000,0.000000,1.000000,1.000000
1782353615.348511,1316,0.000427,inf,STAND_TEST,0.000000,0.006983,0.041252,0.201276,0.000000,0.000000,0.000000,1.000000,1.000000
1782353615.368548,1317,0.000407,inf,STAND_TEST,0.000000,0.007401,0.041990,0.201828,0.000000,0.000000,0.000000,1.000000,1.000000
1782353615.388599,1318,0.000402,inf,STAND_TEST,0.000000,0.007800,0.042669,0.202314,0.000000,0.000000,0.000000,1.000000,1.000000
1782353615.408886,1319,0.000634,inf,STAND_TEST,0.000000,0.008252,0.043397,0.202862,0.000000,0.000000,0.000000,1.000000,1.000000
1782353615.428944,1320,0.000635,inf,STAND_TEST,0.000000,0.008699,0.044170,0.203452,0.000000,0.000000,0.000000,1.000000,1.000000
1782353615.449033,1321,0.000667,inf,STAND_TEST,0.000000,0.009119,0.044891,0.204043,0.000000,0.000000,0.000000,1.000000,1.000000
1782353615.469038,1322,0.000418,inf,STAND_TEST,0.000000,0.009582,0.045700,0.204740,0.000000,0.000000,0.000000,1.000000,1.000000
1782353615.489144,1323,0.000467,inf,STAND_TEST,0.000000,0.009996,0.046477,0.205367,0.000000,0.000000,0.000000,1.000000,1.000000
1782353615.509161,1324,0.000427,inf,STAND_TEST,0.000000,0.010381,0.047170,0.205902,0.000000,0.000000,0.000000,1.000000,1.000000
1782353615.529261,1325,0.000470,inf,STAND_TEST,0.000000,0.010811,0.047892,0.206546,0.000000,0.000000,0.000000,1.000000,1.000000
1782353615.549514,1326,0.000667,inf,STAND_TEST,0.000000,0.011250,0.048605,0.207205,0.000000,0.000000,0.000000,1.000000,1.000000
1782353615.569546,1327,0.000450,inf,STAND_TEST,0.000000,0.011620,0.049315,0.207888,0.000000,0.000000,0.000000,1.000000,1.000000
1782353615.589724,1328,0.000464,inf,STAND_TEST,0.000000,0.012031,0.049971,0.208567,0.000000,0.000000,0.000000,1.000000,1.000000
1782353615.609773,1329,0.000414,inf,STAND_TEST,0.000000,0.012418,0.050665,0.209301,0.000000,0.000000,0.000000,1.000000,1.000000
1782353615.629893,1330,0.000419,inf,STAND_TEST,0.000000,0.012792,0.051311,0.209983,0.000000,0.000000,0.000000,1.000000,1.000000
1782353615.650195,1331,0.000623,inf,STAND_TEST,0.000000,0.013163,0.051921,0.210680,0.000000,0.000000,0.000000,1.000000,1.000000
1782353615.670273,1332,0.000641,inf,STAND_TEST,0.000000,0.013502,0.052490,0.211446,0.000000,0.000000,0.000000,1.000000,1.000000
1782353615.690362,1333,0.000630,inf,STAND_TEST,0.000000,0.013838,0.053092,0.212199,0.000000,0.000000,0.000000,1.000000,1.000000
1782353615.710371,1334,0.000444,inf,STAND_TEST,0.000000,0.014178,0.053635,0.212941,0.000000,0.000000,0.000000,1.000000,1.000000
1782353615.730458,1335,0.000421,inf,STAND_TEST,0.000000,0.014468,0.054165,0.213647,0.000000,0.000000,0.000000,1.000000,1.000000
1782353615.750596,1336,0.000458,inf,STAND_TEST,0.000000,0.014770,0.054620,0.214366,0.000000,0.000000,0.000000,1.000000,1.000000
1782353615.770904,1337,0.000706,inf,STAND_TEST,0.000000,0.015026,0.055070,0.215083,0.000000,0.000000,0.000000,1.000000,1.000000
1782353615.791113,1338,0.000811,inf,STAND_TEST,0.000000,0.015307,0.055503,0.215856,0.000000,0.000000,0.000000,1.000000,1.000000
1782353615.810956,1339,0.000431,inf,STAND_TEST,0.000000,0.015583,0.055920,0.216653,0.000000,0.000000,0.000000,1.000000,1.000000
1782353615.830989,1340,0.000408,inf,STAND_TEST,0.000000,0.015775,0.056295,0.217396,0.000000,0.000000,0.000000,1.000000,1.000000
1782353615.851052,1341,0.000415,inf,STAND_TEST,0.000000,0.015991,0.056613,0.218187,0.000000,0.000000,0.000000,1.000000,1.000000
1782353615.871101,1342,0.000408,inf,STAND_TEST,0.000000,0.016189,0.056840,0.218924,0.000000,0.000000,0.000000,1.000000,1.000000
1782353615.891378,1343,0.000628,inf,STAND_TEST,0.000000,0.016403,0.057076,0.219744,0.000000,0.000000,0.000000,1.000000,1.000000
1782353615.911450,1344,0.000646,inf,STAND_TEST,0.000000,0.016567,0.057314,0.220583,0.000000,0.000000,0.000000,1.000000,1.000000
1782353615.931530,1345,0.000669,inf,STAND_TEST,0.000000,0.016740,0.057448,0.221392,0.000000,0.000000,0.000000,1.000000,1.000000
1782353615.951562,1346,0.000646,inf,STAND_TEST,0.000000,0.016837,0.057547,0.222242,0.000000,0.000000,0.000000,1.000000,1.000000
1782353615.971719,1347,0.000745,inf,STAND_TEST,0.000000,0.016943,0.057660,0.223058,0.000000,0.000000,0.000000,1.000000,1.000000
1782353615.991500,1348,0.000438,inf,STAND_TEST,0.000000,0.017040,0.057730,0.223908,0.000000,0.000000,0.000000,1.000000,1.000000
1782353616.011521,1349,0.000403,inf,STAND_TEST,0.000000,0.017057,0.057706,0.224794,0.000000,0.000000,0.000000,1.000000,1.000000
1782353616.031576,1350,0.000402,inf,STAND_TEST,0.000000,0.017070,0.057653,0.225627,0.000000,0.000000,0.000000,1.000000,1.000000
1782353616.051651,1351,0.000420,inf,STAND_TEST,0.000000,0.017080,0.057587,0.226521,0.000000,0.000000,0.000000,1.000000,1.000000
1782353616.071707,1352,0.000421,inf,STAND_TEST,0.000000,0.017068,0.057506,0.227296,0.000000,0.000000,0.000000,1.000000,1.000000
1782353616.091973,1353,0.000631,inf,STAND_TEST,0.000000,0.017052,0.057357,0.228140,0.000000,0.000000,0.000000,1.000000,1.000000
1782353616.112086,1354,0.000689,inf,STAND_TEST,0.000000,0.016982,0.057192,0.229026,0.000000,0.000000,0.000000,1.000000,1.000000
1782353616.132118,1355,0.000665,inf,STAND_TEST,0.000000,0.016886,0.057010,0.229855,0.000000,0.000000,0.000000,1.000000,1.000000
1782353616.152095,1356,0.000447,inf,STAND_TEST,0.000000,0.016782,0.056771,0.230726,0.000000,0.000000,0.000000,1.000000,1.000000
1782353616.172127,1357,0.000423,inf,STAND_TEST,0.000000,0.016654,0.056448,0.231688,0.000000,0.000000,0.000000,1.000000,1.000000
1782353616.192200,1358,0.000439,inf,STAND_TEST,0.000000,0.016478,0.056116,0.232632,0.000000,0.000000,0.000000,1.000000,1.000000
1782353616.212236,1359,0.000418,inf,STAND_TEST,0.000000,0.016296,0.055776,0.233554,0.000000,0.000000,0.000000,1.000000,1.000000
1782353616.232310,1360,0.000437,inf,STAND_TEST,0.000000,0.016116,0.055380,0.234446,0.000000,0.000000,0.000000,1.000000,1.000000
1782353616.252543,1361,0.000419,inf,STAND_TEST,0.000000,0.015858,0.054953,0.235381,0.000000,0.000000,0.000000,1.000000,1.000000
1782353616.272702,1362,0.000427,inf,STAND_TEST,0.000000,0.015608,0.054440,0.236428,0.000000,0.000000,0.000000,1.000000,1.000000
1782353616.292733,1363,0.000401,inf,STAND_TEST,0.000000,0.015327,0.053981,0.237339,0.000000,0.000000,0.000000,1.000000,1.000000
1782353616.312797,1364,0.000410,inf,STAND_TEST,0.000000,0.015017,0.053454,0.238207,0.000000,0.000000,0.000000,1.000000,1.000000
1782353616.332851,1365,0.000408,inf,STAND_TEST,0.000000,0.014718,0.052928,0.239150,0.000000,0.000000,0.000000,1.000000,1.000000
1782353616.352936,1366,0.000436,inf,STAND_TEST,0.000000,0.014395,0.052388,0.240088,0.000000,0.000000,0.000000,1.000000,1.000000
1782353616.373294,1367,0.000694,inf,STAND_TEST,0.000000,0.014065,0.051791,0.241039,0.000000,0.000000,0.000000,1.000000,1.000000
1782353616.393353,1368,0.000408,inf,STAND_TEST,0.000000,0.013691,0.051174,0.242060,0.000000,0.000000,0.000000,1.000000,1.000000
1782353616.413458,1369,0.000414,inf,STAND_TEST,0.000000,0.013305,0.050557,0.243013,0.000000,0.000000,0.000000,1.000000,1.000000
1782353616.433568,1370,0.000417,inf,STAND_TEST,0.000000,0.012921,0.049853,0.244023,0.000000,0.000000,0.000000,1.000000,1.000000
1782353616.453672,1371,0.000459,inf,STAND_TEST,0.000000,0.012517,0.049201,0.244976,0.000000,0.000000,0.000000,1.000000,1.000000
1782353616.474061,1372,0.000788,inf,STAND_TEST,0.000000,0.012121,0.048515,0.245915,0.000000,0.000000,0.000000,1.000000,1.000000
1782353616.494041,1373,0.000445,inf,STAND_TEST,0.000000,0.011737,0.047810,0.246907,0.000000,0.000000,0.000000,1.000000,1.000000
1782353616.514151,1374,0.000403,inf,STAND_TEST,0.000000,0.011311,0.047105,0.247874,0.000000,0.000000,0.000000,1.000000,1.000000
1782353616.534207,1375,0.000402,inf,STAND_TEST,0.000000,0.010899,0.046376,0.248855,0.000000,0.000000,0.000000,1.000000,1.000000
1782353616.554287,1376,0.000425,inf,STAND_TEST,0.000000,0.010444,0.045594,0.249916,0.000000,0.000000,0.000000,1.000000,1.000000
1782353616.574360,1377,0.000442,inf,STAND_TEST,0.000000,0.010031,0.044887,0.250923,0.000000,0.000000,0.000000,1.000000,1.000000
1782353616.594573,1378,0.000600,inf,STAND_TEST,0.000000,0.009625,0.044151,0.251921,0.000000,0.000000,0.000000,1.000000,1.000000
1782353616.614647,1379,0.000619,inf,STAND_TEST,0.000000,0.009189,0.043416,0.252973,0.000000,0.000000,0.000000,1.000000,1.000000
1782353616.634697,1380,0.000614,inf,STAND_TEST,0.000000,0.008742,0.042694,0.253985,0.000000,0.000000,0.000000,1.000000,1.000000
1782353616.654729,1381,0.000397,inf,STAND_TEST,0.000000,0.008261,0.041996,0.255042,0.000000,0.000000,0.000000,1.000000,1.000000
1782353616.674801,1382,0.000414,inf,STAND_TEST,0.000000,0.007817,0.041272,0.256059,0.000000,0.000000,0.000000,1.000000,1.000000
1782353616.695201,1383,0.000752,inf,STAND_TEST,0.000000,0.007376,0.040554,0.257113,0.000000,0.000000,0.000000,1.000000,1.000000
1782353616.715040,1384,0.000533,inf,STAND_TEST,0.000000,0.006946,0.039860,0.258194,0.000000,0.000000,0.000000,1.000000,1.000000
1782353616.735241,1385,0.000678,inf,STAND_TEST,0.000000,0.006516,0.039160,0.259238,0.000000,0.000000,0.000000,1.000000,1.000000
1782353616.755244,1386,0.000624,inf,STAND_TEST,0.000000,0.006060,0.038484,0.260286,0.000000,0.000000,0.000000,1.000000,1.000000
1782353616.775246,1387,0.000444,inf,STAND_TEST,0.000000,0.005613,0.037833,0.261399,0.000000,0.000000,0.000000,1.000000,1.000000
1782353616.795290,1388,0.000432,inf,STAND_TEST,0.000000,0.005204,0.037223,0.262494,0.000000,0.000000,0.000000,1.000000,1.000000
1782353616.815323,1389,0.000411,inf,STAND_TEST,0.000000,0.004775,0.036634,0.263556,0.000000,0.000000,0.000000,1.000000,1.000000
1782353616.835364,1390,0.000397,inf,STAND_TEST,0.000000,0.004346,0.036067,0.264635,0.000000,0.000000,0.000000,1.000000,1.000000
1782353616.855434,1391,0.000411,inf,STAND_TEST,0.000000,0.003956,0.035529,0.265764,0.000000,0.000000,0.000000,1.000000,1.000000
1782353616.875815,1392,0.000737,inf,STAND_TEST,0.000000,0.003564,0.034968,0.266883,0.000000,0.000000,0.000000,1.000000,1.000000
1782353616.895748,1393,0.000615,inf,STAND_TEST,0.000000,0.003218,0.034481,0.267940,0.000000,0.000000,0.000000,1.000000,1.000000
1782353616.916106,1394,0.000914,inf,STAND_TEST,0.000000,0.002850,0.033959,0.269094,0.000000,0.000000,0.000000,1.000000,1.000000
1782353616.936034,1395,0.000477,inf,STAND_TEST,0.000000,0.002488,0.033474,0.270270,0.000000,0.000000,0.000000,1.000000,1.000000
1782353616.956053,1396,0.000440,inf,STAND_TEST,0.000000,0.002151,0.033080,0.271418,0.000000,0.000000,0.000000,1.000000,1.000000
1782353616.976142,1397,0.000474,inf,STAND_TEST,0.000000,0.001878,0.032709,0.272537,0.000000,0.000000,0.000000,1.000000,1.000000
1782353616.996499,1398,0.000775,inf,STAND_TEST,0.000000,0.001645,0.032397,0.273677,0.000000,0.000000,0.000000,1.000000,1.000000
1782353617.016611,1399,0.000828,inf,STAND_TEST,0.000000,0.001405,0.032070,0.274831,0.000000,0.000000,0.000000,1.000000,1.000000
1782353617.036461,1400,0.000622,inf,STAND_TEST,0.000000,0.001182,0.031774,0.275992,0.000000,0.000000,0.000000,1.000000,1.000000
1782353617.056597,1401,0.000699,inf,STAND_TEST,0.000000,0.000973,0.031522,0.277117,0.000000,0.000000,0.000000,1.000000,1.000000
1782353617.076561,1402,0.000423,inf,STAND_TEST,0.000000,0.000782,0.031252,0.278324,0.000000,0.000000,0.000000,1.000000,1.000000
1782353617.096679,1403,0.000486,inf,STAND_TEST,0.000000,0.000625,0.031070,0.279479,0.000000,0.000000,0.000000,1.000000,1.000000
1782353617.116700,1404,0.000447,inf,STAND_TEST,0.000000,0.000505,0.030947,0.280657,0.000000,0.000000,0.000000,1.000000,1.000000
1782353617.137311,1405,0.001000,inf,STAND_TEST,0.000000,0.000429,0.030847,0.281868,0.000000,0.000000,0.000000,1.000000,1.000000
1782353617.157183,1406,0.000767,inf,STAND_TEST,0.000000,0.000357,0.030866,0.283046,0.000000,0.000000,0.000000,1.000000,1.000000
1782353617.177123,1407,0.000646,inf,STAND_TEST,0.000000,0.000300,0.030826,0.284236,0.000000,0.000000,0.000000,1.000000,1.000000
1782353617.197038,1408,0.000470,inf,STAND_TEST,0.000000,0.000279,0.030798,0.285431,0.000000,0.000000,0.000000,1.000000,1.000000
1782353617.217055,1409,0.000431,inf,STAND_TEST,0.000000,0.000296,0.030827,0.286731,0.000000,0.000000,0.000000,1.000000,1.000000
1782353617.237098,1410,0.000417,inf,STAND_TEST,0.000000,0.000291,0.030873,0.287928,0.000000,0.000000,0.000000,1.000000,1.000000
1782353617.257158,1411,0.000421,inf,STAND_TEST,0.000000,0.000337,0.031000,0.289155,0.000000,0.000000,0.000000,1.000000,1.000000
1782353617.277199,1412,0.000406,inf,STAND_TEST,0.000000,0.000435,0.031179,0.290380,0.000000,0.000000,0.000000,1.000000,1.000000
1782353617.297507,1413,0.000658,inf,STAND_TEST,0.000000,0.000519,0.031410,0.291620,0.000000,0.000000,0.000000,1.000000,1.000000
1782353617.317599,1414,0.000693,inf,STAND_TEST,0.000000,0.000655,0.031711,0.292922,0.000000,0.000000,0.000000,1.000000,1.000000
1782353617.337606,1415,0.000643,inf,STAND_TEST,0.000000,0.000802,0.031995,0.294098,0.000000,0.000000,0.000000,1.000000,1.000000
1782353617.357647,1416,0.000423,inf,STAND_TEST,0.000000,0.000981,0.032301,0.295430,0.000000,0.000000,0.000000,1.000000,1.000000
1782353617.377703,1417,0.000399,inf,STAND_TEST,0.000000,0.001164,0.032662,0.296670,0.000000,0.000000,0.000000,1.000000,1.000000
1782353617.397767,1418,0.000407,inf,STAND_TEST,0.000000,0.001350,0.033073,0.297933,0.000000,0.000000,0.000000,1.000000,1.000000
1782353617.417874,1419,0.000457,inf,STAND_TEST,0.000000,0.001575,0.033493,0.299183,0.000000,0.000000,0.000000,1.000000,1.000000
1782353617.437909,1420,0.000438,inf,STAND_TEST,0.000000,0.001837,0.033920,0.300455,0.000000,0.000000,0.000000,1.000000,1.000000
1782353617.458175,1421,0.000651,inf,STAND_TEST,0.000000,0.002106,0.034376,0.301700,0.000000,0.000000,0.000000,1.000000,1.000000
1782353617.478232,1422,0.000652,inf,STAND_TEST,0.000000,0.002408,0.034871,0.302954,0.000000,0.000000,0.000000,1.000000,1.000000
1782353617.498120,1423,0.000427,inf,STAND_TEST,0.000000,0.002727,0.035393,0.304301,0.000000,0.000000,0.000000,1.000000,1.000000
1782353617.518222,1424,0.000383,inf,STAND_TEST,0.000000,0.003059,0.035949,0.305518,0.000000,0.000000,0.000000,1.000000,1.000000
1782353617.538295,1425,0.000400,inf,STAND_TEST,0.000000,0.003427,0.036522,0.306770,0.000000,0.000000,0.000000,1.000000,1.000000
1782353617.558342,1426,0.000391,inf,STAND_TEST,0.000000,0.003800,0.037077,0.308062,0.000000,0.000000,0.000000,1.000000,1.000000
1782353617.578402,1427,0.000395,inf,STAND_TEST,0.000000,0.004158,0.037680,0.309291,0.000000,0.000000,0.000000,1.000000,1.000000
1782353617.598490,1428,0.000427,inf,STAND_TEST,0.000000,0.004589,0.038361,0.310599,0.000000,0.000000,0.000000,1.000000,1.000000
1782353617.618774,1429,0.000655,inf,STAND_TEST,0.000000,0.005021,0.039019,0.311926,0.000000,0.000000,0.000000,1.000000,1.000000
1782353617.638802,1430,0.000629,inf,STAND_TEST,0.000000,0.005488,0.039703,0.313232,0.000000,0.000000,0.000000,1.000000,1.000000
1782353617.658785,1431,0.000419,inf,STAND_TEST,0.000000,0.005963,0.040314,0.314535,0.000000,0.000000,0.000000,1.000000,1.000000
1782353617.678832,1432,0.000410,inf,STAND_TEST,0.000000,0.006465,0.040988,0.315853,0.000000,0.000000,0.000000,1.000000,1.000000
1782353617.698880,1433,0.000403,inf,STAND_TEST,0.000000,0.006981,0.041701,0.317188,0.000000,0.000000,0.000000,1.000000,1.000000
1782353617.718949,1434,0.000415,inf,STAND_TEST,0.000000,0.007457,0.042395,0.318401,0.000000,0.000000,0.000000,1.000000,1.000000
1782353617.739027,1435,0.000437,inf,STAND_TEST,0.000000,0.007946,0.043064,0.319679,0.000000,0.000000,0.000000,1.000000,1.000000
1782353617.759303,1436,0.000657,inf,STAND_TEST,0.000000,0.008470,0.043784,0.320992,0.000000,0.000000,0.000000,1.000000,1.000000
1782353617.779356,1437,0.000656,inf,STAND_TEST,0.000000,0.008972,0.044415,0.322315,0.000000,0.000000,0.000000,1.000000,1.000000
1782353617.799400,1438,0.000643,inf,STAND_TEST,0.000000,0.009482,0.045133,0.323627,0.000000,0.000000,0.000000,1.000000,1.000000
1782353617.819437,1439,0.000625,inf,STAND_TEST,0.000000,0.010012,0.045811,0.324892,0.000000,0.000000,0.000000,1.000000,1.000000
1782353617.839437,1440,0.000393,inf,STAND_TEST,0.000000,0.010540,0.046429,0.326236,0.000000,0.000000,0.000000,1.000000,1.000000
1782353617.859530,1441,0.000430,inf,STAND_TEST,0.000000,0.011046,0.047105,0.327542,0.000000,0.000000,0.000000,1.000000,1.000000
1782353617.879812,1442,0.000656,inf,STAND_TEST,0.000000,0.011513,0.047713,0.328733,0.000000,0.000000,0.000000,1.000000,1.000000
1782353617.899616,1443,0.000404,inf,STAND_TEST,0.000000,0.012006,0.048382,0.330071,0.000000,0.000000,0.000000,1.000000,1.000000
1782353617.919974,1444,0.000705,inf,STAND_TEST,0.000000,0.012473,0.048918,0.331391,0.000000,0.000000,0.000000,1.000000,1.000000
1782353617.939952,1445,0.000627,inf,STAND_TEST,0.000000,0.012948,0.049515,0.332676,0.000000,0.000000,0.000000,1.000000,1.000000
1782353617.960151,1446,0.000772,inf,STAND_TEST,0.000000,0.013386,0.050075,0.333894,0.000000,0.000000,0.000000,1.000000,1.000000
1782353617.980046,1447,0.000410,inf,STAND_TEST,0.000000,0.013861,0.050773,0.335292,0.000000,0.000000,0.000000,1.000000,1.000000
1782353618.000091,1448,0.000400,inf,STAND_TEST,0.000000,0.014300,0.051302,0.336594,0.000000,0.000000,0.000000,1.000000,1.000000
1782353618.020188,1449,0.000441,inf,STAND_TEST,0.000000,0.014729,0.051798,0.337896,0.000000,0.000000,0.000000,1.000000,1.000000
1782353618.040239,1450,0.000434,inf,STAND_TEST,0.000000,0.015111,0.052339,0.339174,0.000000,0.000000,0.000000,1.000000,1.000000
1782353618.060528,1451,0.000667,inf,STAND_TEST,0.000000,0.015493,0.052804,0.340480,0.000000,0.000000,0.000000,1.000000,1.000000
1782353618.080573,1452,0.000656,inf,STAND_TEST,0.000000,0.015853,0.053270,0.341812,0.000000,0.000000,0.000000,1.000000,1.000000
1782353618.100598,1453,0.000625,inf,STAND_TEST,0.000000,0.016199,0.053675,0.343006,0.000000,0.000000,0.000000,1.000000,1.000000
1782353618.120546,1454,0.000426,inf,STAND_TEST,0.000000,0.016546,0.054072,0.344317,0.000000,0.000000,0.000000,1.000000,1.000000
1782353618.140581,1455,0.000407,inf,STAND_TEST,0.000000,0.016864,0.054448,0.345557,0.000000,0.000000,0.000000,1.000000,1.000000
1782353618.160650,1456,0.000420,inf,STAND_TEST,0.000000,0.017143,0.054772,0.346792,0.000000,0.000000,0.000000,1.000000,1.000000
1782353618.180693,1457,0.000407,inf,STAND_TEST,0.000000,0.017421,0.055074,0.348031,0.000000,0.000000,0.000000,1.000000,1.000000
1782353618.200785,1458,0.000446,inf,STAND_TEST,0.000000,0.017648,0.055397,0.349303,0.000000,0.000000,0.000000,1.000000,1.000000
1782353618.220802,1459,0.000407,inf,STAND_TEST,0.000000,0.017890,0.055677,0.350561,0.000000,0.000000,0.000000,1.000000,1.000000
1782353618.241017,1460,0.000399,inf,STAND_TEST,0.000000,0.018125,0.055908,0.351798,0.000000,0.000000,0.000000,1.000000,1.000000
1782353618.261173,1461,0.000423,inf,STAND_TEST,0.000000,0.018320,0.056053,0.353114,0.000000,0.000000,0.000000,1.000000,1.000000
1782353618.281226,1462,0.000420,inf,STAND_TEST,0.000000,0.018493,0.056165,0.354387,0.000000,0.000000,0.000000,1.000000,1.000000
1782353618.301301,1463,0.000438,inf,STAND_TEST,0.000000,0.018626,0.056233,0.355615,0.000000,0.000000,0.000000,1.000000,1.000000
1782353618.321332,1464,0.000412,inf,STAND_TEST,0.000000,0.018727,0.056299,0.356782,0.000000,0.000000,0.000000,1.000000,1.000000
1782353618.341394,1465,0.000419,inf,STAND_TEST,0.000000,0.018820,0.056327,0.358078,0.000000,0.000000,0.000000,1.000000,1.000000
1782353618.361654,1466,0.000622,inf,STAND_TEST,0.000000,0.018896,0.056348,0.359261,0.000000,0.000000,0.000000,1.000000,1.000000
1782353618.381730,1467,0.000643,inf,STAND_TEST,0.000000,0.018917,0.056272,0.360408,0.000000,0.000000,0.000000,1.000000,1.000000
1782353618.401777,1468,0.000634,inf,STAND_TEST,0.000000,0.018921,0.056193,0.361631,0.000000,0.000000,0.000000,1.000000,1.000000
1782353618.421765,1469,0.000421,inf,STAND_TEST,0.000000,0.018888,0.055999,0.362885,0.000000,0.000000,0.000000,1.000000,1.000000
1782353618.441814,1470,0.000414,inf,STAND_TEST,0.000000,0.018807,0.055843,0.364176,0.000000,0.000000,0.000000,1.000000,1.000000
1782353618.461900,1471,0.000445,inf,STAND_TEST,0.000000,0.018696,0.055633,0.365267,0.000000,0.000000,0.000000,1.000000,1.000000
1782353618.481964,1472,0.000453,inf,STAND_TEST,0.000000,0.018579,0.055410,0.366450,0.000000,0.000000,0.000000,1.000000,1.000000
1782353618.502200,1473,0.000634,inf,STAND_TEST,0.000000,0.018434,0.055169,0.367589,0.000000,0.000000,0.000000,1.000000,1.000000
1782353618.522396,1474,0.000773,inf,STAND_TEST,0.000000,0.018281,0.054865,0.368725,0.000000,0.000000,0.000000,1.000000,1.000000
1782353618.542468,1475,0.000420,inf,STAND_TEST,0.000000,0.018065,0.054522,0.369888,0.000000,0.000000,0.000000,1.000000,1.000000
1782353618.562567,1476,0.000413,inf,STAND_TEST,0.000000,0.017833,0.054151,0.371021,0.000000,0.000000,0.000000,1.000000,1.000000
1782353618.582669,1477,0.000412,inf,STAND_TEST,0.000000,0.017573,0.053741,0.372155,0.000000,0.000000,0.000000,1.000000,1.000000
1782353618.603040,1478,0.000681,inf,STAND_TEST,0.000000,0.017267,0.053322,0.373258,0.000000,0.000000,0.000000,1.000000,1.000000
1782353618.622987,1479,0.000424,inf,STAND_TEST,0.000000,0.016940,0.052930,0.374314,0.000000,0.000000,0.000000,1.000000,1.000000
1782353618.643101,1480,0.000416,inf,STAND_TEST,0.000000,0.016571,0.052398,0.375551,0.000000,0.000000,0.000000,1.000000,1.000000
1782353618.663175,1481,0.000433,inf,STAND_TEST,0.000000,0.016210,0.051880,0.376667,0.000000,0.000000,0.000000,1.000000,1.000000
1782353618.683184,1482,0.000387,inf,STAND_TEST,0.000000,0.015853,0.051438,0.377713,0.000000,0.000000,0.000000,1.000000,1.000000
1782353618.703654,1483,0.000795,inf,STAND_TEST,0.000000,0.015437,0.050914,0.378802,0.000000,0.000000,0.000000,1.000000,1.000000
1782353618.723628,1484,0.000708,inf,STAND_TEST,0.000000,0.014973,0.050337,0.379919,0.000000,0.000000,0.000000,1.000000,1.000000
1782353618.743708,1485,0.000733,inf,STAND_TEST,0.000000,0.014553,0.049797,0.380957,0.000000,0.000000,0.000000,1.000000,1.000000
1782353618.763796,1486,0.000766,inf,STAND_TEST,0.000000,0.014105,0.049243,0.381943,0.000000,0.000000,0.000000,1.000000,1.000000
1782353618.783767,1487,0.000474,inf,STAND_TEST,0.000000,0.013593,0.048653,0.383068,0.000000,0.000000,0.000000,1.000000,1.000000
1782353618.803919,1488,0.000519,inf,STAND_TEST,0.000000,0.013124,0.048042,0.384092,0.000000,0.000000,0.000000,1.000000,1.000000
1782353618.823925,1489,0.000424,inf,STAND_TEST,0.000000,0.012656,0.047456,0.385123,0.000000,0.000000,0.000000,1.000000,1.000000
1782353618.844234,1490,0.000673,inf,STAND_TEST,0.000000,0.012137,0.046815,0.386169,0.000000,0.000000,0.000000,1.000000,1.000000
1782353618.864264,1491,0.000647,inf,STAND_TEST,0.000000,0.011642,0.046201,0.387211,0.000000,0.000000,0.000000,1.000000,1.000000
1782353618.884322,1492,0.000649,inf,STAND_TEST,0.000000,0.011133,0.045571,0.388255,0.000000,0.000000,0.000000,1.000000,1.000000
1782353618.904361,1493,0.000633,inf,STAND_TEST,0.000000,0.010671,0.044964,0.389237,0.000000,0.000000,0.000000,1.000000,1.000000
1782353618.924349,1494,0.000444,inf,STAND_TEST,0.000000,0.010087,0.044241,0.390402,0.000000,0.000000,0.000000,1.000000,1.000000
1782353618.944374,1495,0.000413,inf,STAND_TEST,0.000000,0.009559,0.043597,0.391451,0.000000,0.000000,0.000000,1.000000,1.000000
1782353618.964435,1496,0.000419,inf,STAND_TEST,0.000000,0.009021,0.042912,0.392447,0.000000,0.000000,0.000000,1.000000,1.000000
1782353618.984573,1497,0.000498,inf,STAND_TEST,0.000000,0.008537,0.042278,0.393401,0.000000,0.000000,0.000000,1.000000,1.000000
1782353619.004547,1498,0.000417,inf,STAND_TEST,0.000000,0.007991,0.041594,0.394458,0.000000,0.000000,0.000000,1.000000,1.000000
1782353619.024811,1499,0.000627,inf,STAND_TEST,0.000000,0.007449,0.040939,0.395455,0.000000,0.000000,0.000000,1.000000,1.000000
