timestamp,frame_id,loop_dt,redis_age,mode,risk_score,roll,pitch,yaw,max_tracking_error,rms_tracking_error,max_torque_ratio,ramp,deploy_action_scale
1782351178.341266,-1,0.068532,48173.979769,SAFE_STAND,0.196541,-0.005835,0.162799,-0.177812,0.253604,0.074665,0.199602,1.000000,1.000000
1782351178.342775,-1,0.001223,48174.047169,SAFE_STAND,0.150213,-0.005833,0.162681,-0.177739,0.253604,0.074663,0.199602,1.000000,1.000000
1782351178.362988,-1,0.001313,48174.067331,SAFE_STAND,0.150328,-0.005821,0.162697,-0.177721,0.253608,0.074663,0.199602,1.000000,1.000000
1782351178.382972,-1,0.001178,48174.087361,SAFE_STAND,0.150398,-0.005820,0.162676,-0.177711,0.253608,0.074664,0.201502,1.000000,1.000000
1782351178.403077,-1,0.001153,48174.107477,SAFE_STAND,0.150119,-0.005845,0.162711,-0.177696,0.253604,0.074663,0.199602,1.000000,1.000000
1782351178.423538,-1,0.000828,48174.128262,SAFE_STAND,0.150389,-0.005843,0.162733,-0.177709,0.253604,0.074664,0.203439,1.000000,1.000000
1782351178.444145,-1,0.000828,48174.148870,SAFE_STAND,0.149688,-0.005849,0.162795,-0.177746,0.253608,0.074664,0.199602,1.000000,1.000000
1782351178.464534,-1,0.001089,48174.168998,SAFE_STAND,0.149616,-0.005875,0.162777,-0.177750,0.253611,0.074665,0.199602,1.000000,1.000000
1782351178.484558,-1,0.000986,48174.189126,SAFE_STAND,0.149856,-0.005899,0.162738,-0.177753,0.253604,0.074664,0.199602,1.000000,1.000000
1782351178.504759,-1,0.000880,48174.209449,SAFE_STAND,0.149658,-0.005884,0.162726,-0.177716,0.253608,0.074664,0.199602,1.000000,1.000000
1782351178.524846,-1,0.000839,48174.229561,SAFE_STAND,0.149277,-0.005878,0.162747,-0.177684,0.253604,0.074662,0.197701,1.000000,1.000000
1782351178.545356,-1,0.001221,48174.249690,SAFE_STAND,0.149630,-0.005878,0.162736,-0.177693,0.253608,0.074664,0.199602,1.000000,1.000000
1782351178.565525,-1,0.001174,48174.269904,SAFE_STAND,0.150065,-0.005872,0.162711,-0.177697,0.253608,0.074666,0.199602,1.000000,1.000000
1782351178.586426,-1,0.001997,48174.289978,SAFE_STAND,0.150636,-0.005872,0.162724,-0.177690,0.253608,0.074665,0.199602,1.000000,1.000000
1782351178.605894,-1,0.001276,48174.310318,SAFE_STAND,0.149936,-0.005847,0.162742,-0.177686,0.253608,0.074663,0.199602,1.000000,1.000000
1782351178.625502,-1,0.000822,48174.330230,SAFE_STAND,0.149943,-0.005868,0.162742,-0.177698,0.253604,0.074664,0.201502,1.000000,1.000000
1782351178.646048,-1,0.001082,48174.350515,SAFE_STAND,0.149992,-0.005866,0.162746,-0.177679,0.253604,0.074662,0.199602,1.000000,1.000000
1782351178.666167,-1,0.001126,48174.370606,SAFE_STAND,0.150138,-0.005862,0.162757,-0.177725,0.253608,0.074666,0.199602,1.000000,1.000000
1782351178.686594,-1,0.001145,48174.391013,SAFE_STAND,0.149369,-0.005849,0.162753,-0.177701,0.253612,0.074664,0.197701,1.000000,1.000000
1782351178.706663,-1,0.001085,48174.411134,SAFE_STAND,0.149710,-0.005824,0.162764,-0.177664,0.253604,0.074664,0.199602,1.000000,1.000000
1782351178.726778,-1,0.001076,48174.431253,SAFE_STAND,0.149683,-0.005828,0.162814,-0.177698,0.253608,0.074665,0.199602,1.000000,1.000000
1782351178.746912,-1,0.001086,48174.451379,SAFE_STAND,0.149613,-0.005840,0.162830,-0.177717,0.253608,0.074663,0.199602,1.000000,1.000000
1782351178.767221,-1,0.001070,48174.471704,SAFE_STAND,0.149710,-0.005860,0.162895,-0.177684,0.253608,0.074664,0.199602,1.000000,1.000000
1782351178.787375,-1,0.001097,48174.491831,SAFE_STAND,0.149726,-0.005854,0.162916,-0.177696,0.253604,0.074664,0.199602,1.000000,1.000000
1782351178.807485,-1,0.001080,48174.511959,SAFE_STAND,0.150176,-0.005845,0.162950,-0.177717,0.253615,0.074666,0.199602,1.000000,1.000000
1782351178.827622,-1,0.001094,48174.532080,SAFE_STAND,0.150123,-0.005844,0.162985,-0.177727,0.253604,0.074663,0.199602,1.000000,1.000000
1782351178.847728,-1,0.001079,48174.552445,SAFE_STAND,0.150146,-0.005845,0.163017,-0.177683,0.253604,0.074662,0.199602,1.000000,1.000000
1782351178.868114,-1,0.001089,48174.572576,SAFE_STAND,0.149708,-0.005826,0.163036,-0.177702,0.253608,0.074664,0.199602,1.000000,1.000000
1782351178.888228,-1,0.001076,48174.592705,SAFE_STAND,0.149692,-0.005842,0.163055,-0.177681,0.253604,0.074661,0.199602,1.000000,1.000000
1782351178.908380,-1,0.001102,48174.612831,SAFE_STAND,0.150620,-0.005838,0.163094,-0.177642,0.253608,0.074665,0.201539,1.000000,1.000000
1782351178.928459,-1,0.000826,48174.633189,SAFE_STAND,0.150018,-0.005832,0.163104,-0.177635,0.253608,0.074665,0.201539,1.000000,1.000000
1782351178.949041,-1,0.001119,48174.653468,SAFE_STAND,0.149708,-0.005828,0.163080,-0.177655,0.253608,0.074663,0.199602,1.000000,1.000000
1782351178.969114,-1,0.001104,48174.673558,SAFE_STAND,0.150250,-0.005848,0.163067,-0.177684,0.253608,0.074663,0.199602,1.000000,1.000000
1782351178.989133,-1,0.001051,48174.693624,SAFE_STAND,0.149773,-0.005831,0.163087,-0.177689,0.253608,0.074662,0.197701,1.000000,1.000000
1782351179.009175,-1,0.001022,48174.713893,SAFE_STAND,0.149983,-0.005789,0.163074,-0.177656,0.253604,0.074661,0.199602,1.000000,1.000000
1782351179.029616,-1,0.001179,48174.733979,SAFE_STAND,0.149787,-0.005810,0.163065,-0.177618,0.253608,0.074663,0.199602,1.000000,1.000000
1782351179.049630,-1,0.001111,48174.754050,SAFE_STAND,0.149938,-0.005826,0.163053,-0.177641,0.253604,0.074664,0.201539,1.000000,1.000000
1782351179.069898,-1,0.001243,48174.774215,SAFE_STAND,0.150505,-0.005833,0.163078,-0.177654,0.253608,0.074661,0.199602,1.000000,1.000000
1782351179.090005,-1,0.000819,48174.794738,SAFE_STAND,0.149741,-0.005849,0.163146,-0.177724,0.253604,0.074662,0.199602,1.000000,1.000000
1782351179.110625,-1,0.001062,48174.815116,SAFE_STAND,0.150472,-0.005874,0.163168,-0.177799,0.253604,0.074662,0.201539,1.000000,1.000000
1782351179.130775,-1,0.001098,48174.835229,SAFE_STAND,0.150235,-0.005859,0.163194,-0.177783,0.253600,0.074660,0.199602,1.000000,1.000000
1782351179.151109,-1,0.001104,48174.855569,SAFE_STAND,0.149770,-0.005880,0.163187,-0.177818,0.253608,0.074663,0.199602,1.000000,1.000000
1782351179.171278,-1,0.001139,48174.875714,SAFE_STAND,0.149870,-0.005893,0.163218,-0.177819,0.253608,0.074663,0.199602,1.000000,1.000000
1782351179.191393,-1,0.001129,48174.895837,SAFE_STAND,0.150342,-0.005897,0.163242,-0.177802,0.253608,0.074664,0.199565,1.000000,1.000000
1782351179.211468,-1,0.001089,48174.915935,SAFE_STAND,0.150529,-0.005903,0.163253,-0.177780,0.253604,0.074660,0.201539,1.000000,1.000000
1782351179.231736,-1,0.001076,48174.936211,SAFE_STAND,0.149772,-0.005898,0.163301,-0.177815,0.253608,0.074664,0.199602,1.000000,1.000000
1782351179.251960,-1,0.001223,48174.956294,SAFE_STAND,0.149831,-0.005871,0.163269,-0.177783,0.253600,0.074662,0.199602,1.000000,1.000000
1782351179.271950,-1,0.001084,48174.976434,SAFE_STAND,0.149878,-0.005902,0.163284,-0.177794,0.253608,0.074662,0.199602,1.000000,1.000000
1782351179.292744,-1,0.001752,48174.996716,SAFE_STAND,0.151097,-0.005887,0.163274,-0.177778,0.253608,0.074663,0.201539,1.000000,1.000000
1782351179.312673,-1,0.001556,48175.016694,SAFE_STAND,0.150534,-0.005880,0.163343,-0.177801,0.253608,0.074663,0.199602,1.000000,1.000000
1782351179.332241,-1,0.000845,48175.036952,SAFE_STAND,0.149855,-0.005899,0.163319,-0.177812,0.253604,0.074662,0.199602,1.000000,1.000000
1782351179.352769,-1,0.001247,48175.057177,SAFE_STAND,0.149993,-0.005894,0.163316,-0.177816,0.253604,0.074662,0.199602,1.000000,1.000000
1782351179.372795,-1,0.001194,48175.077182,SAFE_STAND,0.150307,-0.005877,0.163361,-0.177836,0.253612,0.074664,0.199602,1.000000,1.000000
1782351179.393099,-1,0.001425,48175.097216,SAFE_STAND,0.149942,-0.005871,0.163367,-0.177828,0.253608,0.074663,0.197701,1.000000,1.000000
1782351179.413667,-1,0.001528,48175.117740,SAFE_STAND,0.150387,-0.005900,0.163388,-0.177851,0.253608,0.074663,0.199602,1.000000,1.000000
1782351179.433049,-1,0.000824,48175.137774,SAFE_STAND,0.149837,-0.005915,0.163368,-0.177868,0.253608,0.074663,0.199602,1.000000,1.000000
1782351179.453644,-1,0.001079,48175.158116,SAFE_STAND,0.150289,-0.005916,0.163387,-0.177883,0.253604,0.074664,0.199602,1.000000,1.000000
1782351179.473997,-1,0.001316,48175.178482,SAFE_STAND,0.150206,-0.005939,0.163404,-0.177889,0.253608,0.074663,0.199602,1.000000,1.000000
1782351179.493724,-1,0.000818,48175.198461,SAFE_STAND,0.149949,-0.005947,0.163427,-0.177913,0.253604,0.074661,0.199602,1.000000,1.000000
1782351179.514104,-1,0.000873,48175.218776,SAFE_STAND,0.149889,-0.005937,0.163426,-0.177921,0.253608,0.074662,0.199602,1.000000,1.000000
1782351179.535224,-1,0.001921,48175.238843,SAFE_STAND,0.150639,-0.005943,0.163425,-0.177949,0.253608,0.074661,0.199602,1.000000,1.000000
1782351179.555233,-1,0.001652,48175.259182,SAFE_STAND,0.150766,-0.005933,0.163404,-0.177904,0.253612,0.074664,0.199602,1.000000,1.000000
1782351179.575385,-1,0.001474,48175.279511,SAFE_STAND,0.150723,-0.005939,0.163426,-0.177923,0.253604,0.074660,0.201539,1.000000,1.000000
1782351179.596014,-1,0.001803,48175.299806,SAFE_STAND,0.150612,-0.005921,0.163411,-0.177864,0.253604,0.074661,0.199602,1.000000,1.000000
1782351179.616087,-1,0.001793,48175.320098,SAFE_STAND,0.150672,-0.005933,0.163385,-0.177889,0.253608,0.074663,0.199602,1.000000,1.000000
1782351179.636339,-1,0.001712,48175.340236,SAFE_STAND,0.150745,-0.005928,0.163367,-0.177845,0.253604,0.074660,0.199602,1.000000,1.000000
1782351179.656730,-1,0.001977,48175.360413,SAFE_STAND,0.150766,-0.005921,0.163347,-0.177819,0.253608,0.074663,0.199602,1.000000,1.000000
1782351179.676007,-1,0.001174,48175.380389,SAFE_STAND,0.150260,-0.005939,0.163303,-0.177820,0.253608,0.074663,0.199602,1.000000,1.000000
1782351179.696719,-1,0.001591,48175.400812,SAFE_STAND,0.150977,-0.005942,0.163317,-0.177785,0.253608,0.074663,0.199602,1.000000,1.000000
1782351179.717556,-1,0.001951,48175.421268,SAFE_STAND,0.151039,-0.005928,0.163310,-0.177790,0.253608,0.074661,0.199602,1.000000,1.000000
1782351179.736962,-1,0.001276,48175.441241,SAFE_STAND,0.150622,-0.005911,0.163348,-0.177755,0.253608,0.074663,0.199602,1.000000,1.000000
1782351179.757426,-1,0.001212,48175.461776,SAFE_STAND,0.149934,-0.005927,0.163387,-0.177774,0.253608,0.074662,0.199602,1.000000,1.000000
1782351179.777476,-1,0.001191,48175.481827,SAFE_STAND,0.149920,-0.005917,0.163359,-0.177757,0.253608,0.074661,0.199602,1.000000,1.000000
1782351179.797553,-1,0.001188,48175.501902,SAFE_STAND,0.150315,-0.005912,0.163336,-0.177723,0.253604,0.074662,0.199602,1.000000,1.000000
1782351179.817508,-1,0.001067,48175.521989,SAFE_STAND,0.150522,-0.005915,0.163316,-0.177722,0.253600,0.074659,0.201539,1.000000,1.000000
1782351179.837566,-1,0.001053,48175.542055,SAFE_STAND,0.149904,-0.005934,0.163315,-0.177753,0.253608,0.074660,0.197701,1.000000,1.000000
1782351179.858079,-1,0.001244,48175.562412,SAFE_STAND,0.149916,-0.005963,0.163290,-0.177756,0.253608,0.074662,0.199602,1.000000,1.000000
1782351179.878125,-1,0.001202,48175.582465,SAFE_STAND,0.149817,-0.005948,0.163283,-0.177716,0.253596,0.074660,0.199602,1.000000,1.000000
1782351179.898177,-1,0.001177,48175.602546,SAFE_STAND,0.150424,-0.005913,0.163301,-0.177642,0.253608,0.074662,0.199602,1.000000,1.000000
1782351179.918056,-1,0.000981,48175.622612,SAFE_STAND,0.150162,-0.005948,0.163328,-0.177686,0.253615,0.074663,0.199638,1.000000,1.000000
1782351179.938173,-1,0.001026,48175.642684,SAFE_STAND,0.150133,-0.005966,0.163350,-0.177677,0.253604,0.074662,0.199602,1.000000,1.000000
1782351179.958491,-1,0.001048,48175.662985,SAFE_STAND,0.150155,-0.005944,0.163359,-0.177643,0.253604,0.074660,0.201502,1.000000,1.000000
1782351179.978580,-1,0.001045,48175.683070,SAFE_STAND,0.149803,-0.005948,0.163335,-0.177623,0.253608,0.074661,0.199602,1.000000,1.000000
1782351179.998787,-1,0.001157,48175.703166,SAFE_STAND,0.150452,-0.005938,0.163360,-0.177565,0.253604,0.074660,0.199602,1.000000,1.000000
1782351180.018793,-1,0.001091,48175.723246,SAFE_STAND,0.149916,-0.005934,0.163372,-0.177547,0.253608,0.074664,0.197701,1.000000,1.000000
1782351180.038824,-1,0.001049,48175.743311,SAFE_STAND,0.150282,-0.005910,0.163370,-0.177558,0.253604,0.074661,0.199602,1.000000,1.000000
1782351180.058925,-1,0.001078,48175.763601,SAFE_STAND,0.150234,-0.005913,0.163390,-0.177573,0.253608,0.074661,0.199602,1.000000,1.000000
1782351180.079027,-1,0.000863,48175.783716,SAFE_STAND,0.149944,-0.005919,0.163348,-0.177506,0.253604,0.074663,0.199602,1.000000,1.000000
1782351180.099282,-1,0.001043,48175.803786,SAFE_STAND,0.150305,-0.005889,0.163336,-0.177447,0.253604,0.074661,0.201502,1.000000,1.000000
1782351180.119403,-1,0.001068,48175.823880,SAFE_STAND,0.150166,-0.005897,0.163335,-0.177437,0.253608,0.074663,0.199602,1.000000,1.000000
1782351180.139466,-1,0.001060,48175.843945,SAFE_STAND,0.150211,-0.005903,0.163318,-0.177453,0.253608,0.074661,0.199602,1.000000,1.000000
1782351180.159528,-1,0.001049,48175.864022,SAFE_STAND,0.150183,-0.005897,0.163356,-0.177414,0.253612,0.074663,0.199602,1.000000,1.000000
1782351180.180006,-1,0.001452,48175.884145,SAFE_STAND,0.151143,-0.005895,0.163341,-0.177425,0.253608,0.074662,0.201502,1.000000,1.000000
1782351180.199778,-1,0.001146,48175.904192,SAFE_STAND,0.149927,-0.005912,0.163297,-0.177395,0.253612,0.074663,0.199602,1.000000,1.000000
1782351180.219796,-1,0.001070,48175.924274,SAFE_STAND,0.149882,-0.005903,0.163274,-0.177336,0.253608,0.074662,0.199602,1.000000,1.000000
1782351180.239867,-1,0.001048,48175.944363,SAFE_STAND,0.150106,-0.005899,0.163269,-0.177375,0.253604,0.074660,0.199602,1.000000,1.000000
1782351180.259906,-1,0.001014,48175.964438,SAFE_STAND,0.150107,-0.005914,0.163264,-0.177387,0.253604,0.074661,0.199602,1.000000,1.000000
1782351180.280026,-1,0.001062,48175.984511,SAFE_STAND,0.150174,-0.005899,0.163270,-0.177400,0.253596,0.074660,0.199602,1.000000,1.000000
1782351180.300151,-1,0.001111,48176.004821,SAFE_STAND,0.149877,-0.005896,0.163247,-0.177388,0.253608,0.074661,0.197701,1.000000,1.000000
1782351180.320181,-1,0.000844,48176.024880,SAFE_STAND,0.149835,-0.005926,0.163259,-0.177434,0.253611,0.074662,0.199602,1.000000,1.000000
1782351180.340638,-1,0.001024,48176.045152,SAFE_STAND,0.150555,-0.005904,0.163268,-0.177433,0.253604,0.074662,0.201502,1.000000,1.000000
1782351180.360806,-1,0.001121,48176.065239,SAFE_STAND,0.150233,-0.005911,0.163255,-0.177446,0.253612,0.074662,0.199602,1.000000,1.000000
1782351180.380833,-1,0.001074,48176.085308,SAFE_STAND,0.150537,-0.005890,0.163269,-0.177404,0.253596,0.074658,0.201502,1.000000,1.000000
1782351180.400910,-1,0.000862,48176.105595,SAFE_STAND,0.149816,-0.005881,0.163301,-0.177390,0.253604,0.074661,0.199602,1.000000,1.000000
1782351180.422273,-1,0.001917,48176.125989,SAFE_STAND,0.151097,-0.005895,0.163274,-0.177441,0.253604,0.074659,0.199602,1.000000,1.000000
1782351180.443798,-1,0.003351,48176.146277,SAFE_STAND,0.152640,-0.005907,0.163277,-0.177430,0.253608,0.074661,0.199602,1.000000,1.000000
1782351180.462228,-1,0.001624,48176.166487,SAFE_STAND,0.150644,-0.005906,0.163251,-0.177418,0.253608,0.074659,0.199602,1.000000,1.000000
1782351180.482684,-1,0.001728,48176.186595,SAFE_STAND,0.149926,-0.005914,0.163250,-0.177434,0.253608,0.074661,0.197701,1.000000,1.000000
1782351180.502683,-1,0.001605,48176.206671,SAFE_STAND,0.150571,-0.005912,0.163238,-0.177387,0.253608,0.074660,0.199602,1.000000,1.000000
1782351180.523633,-1,0.001807,48176.227519,SAFE_STAND,0.150575,-0.005919,0.163225,-0.177424,0.253604,0.074660,0.197701,1.000000,1.000000
1782351180.544303,-1,0.002383,48176.247604,SAFE_STAND,0.151288,-0.005911,0.163218,-0.177477,0.253608,0.074659,0.199602,1.000000,1.000000
1782351180.564227,-1,0.002196,48176.267853,SAFE_STAND,0.151835,-0.005931,0.163220,-0.177466,0.253608,0.074659,0.199602,1.000000,1.000000
1782351180.584307,-1,0.001962,48176.288287,SAFE_STAND,0.151402,-0.005915,0.163251,-0.177410,0.253600,0.074661,0.199602,1.000000,1.000000
1782351180.603831,-1,0.001400,48176.308100,SAFE_STAND,0.150898,-0.005931,0.163198,-0.177403,0.253604,0.074659,0.201539,1.000000,1.000000
1782351180.623852,-1,0.001342,48176.328166,SAFE_STAND,0.150581,-0.005938,0.163220,-0.177398,0.253600,0.074659,0.199602,1.000000,1.000000
1782351180.643779,-1,0.001189,48176.348192,SAFE_STAND,0.150364,-0.005949,0.163216,-0.177385,0.253604,0.074659,0.199602,1.000000,1.000000
1782351180.663764,-1,0.001102,48176.368264,SAFE_STAND,0.150179,-0.005934,0.163207,-0.177380,0.253608,0.074660,0.199602,1.000000,1.000000
1782351180.684049,-1,0.001312,48176.388361,SAFE_STAND,0.150499,-0.005922,0.163193,-0.177378,0.253608,0.074661,0.199602,1.000000,1.000000
1782351180.704604,-1,0.001438,48176.408814,SAFE_STAND,0.150925,-0.005920,0.163166,-0.177370,0.253604,0.074661,0.201502,1.000000,1.000000
1782351180.724691,-1,0.001445,48176.428907,SAFE_STAND,0.150218,-0.005912,0.163127,-0.177361,0.253608,0.074661,0.197701,1.000000,1.000000
1782351180.745357,-1,0.001706,48176.449520,SAFE_STAND,0.151119,-0.005886,0.163087,-0.177317,0.253604,0.074656,0.199602,1.000000,1.000000
1782351180.765519,-1,0.001501,48176.469751,SAFE_STAND,0.150792,-0.005906,0.163103,-0.177318,0.253604,0.074660,0.199602,1.000000,1.000000
1782351180.786160,-1,0.002059,48176.489774,SAFE_STAND,0.150830,-0.005892,0.163122,-0.177319,0.253608,0.074660,0.199602,1.000000,1.000000
1782351180.806140,-1,0.001945,48176.509819,SAFE_STAND,0.150610,-0.005894,0.163067,-0.177334,0.253600,0.074660,0.199602,1.000000,1.000000
1782351180.826270,-1,0.001981,48176.529912,SAFE_STAND,0.151396,-0.005919,0.163044,-0.177336,0.253604,0.074659,0.203439,1.000000,1.000000
1782351180.846058,-1,0.001542,48176.550148,SAFE_STAND,0.150170,-0.005959,0.162986,-0.177386,0.253608,0.074661,0.199602,1.000000,1.000000
1782351180.866229,-1,0.001387,48176.570503,SAFE_STAND,0.150574,-0.005981,0.163011,-0.177448,0.253604,0.074659,0.199602,1.000000,1.000000
1782351180.886440,-1,0.001470,48176.590640,SAFE_STAND,0.151009,-0.005991,0.163030,-0.177441,0.253608,0.074660,0.201502,1.000000,1.000000
1782351180.906900,-1,0.001343,48176.611200,SAFE_STAND,0.150268,-0.005996,0.163021,-0.177452,0.253608,0.074661,0.201502,1.000000,1.000000
1782351180.927648,-1,0.001964,48176.631444,SAFE_STAND,0.150986,-0.006014,0.162981,-0.177491,0.253608,0.074660,0.199602,1.000000,1.000000
1782351180.947139,-1,0.001371,48176.651418,SAFE_STAND,0.150148,-0.006038,0.162960,-0.177486,0.253600,0.074660,0.197701,1.000000,1.000000
1782351180.966994,-1,0.000873,48176.671672,SAFE_STAND,0.149870,-0.006037,0.162998,-0.177490,0.253600,0.074659,0.199602,1.000000,1.000000
1782351180.987444,-1,0.001168,48176.691854,SAFE_STAND,0.149913,-0.005992,0.162943,-0.177408,0.253604,0.074659,0.199602,1.000000,1.000000
1782351181.007605,-1,0.001253,48176.711933,SAFE_STAND,0.149971,-0.005995,0.162944,-0.177395,0.253608,0.074659,0.199602,1.000000,1.000000
1782351181.027569,-1,0.001138,48176.732016,SAFE_STAND,0.150227,-0.005974,0.162898,-0.177358,0.253596,0.074658,0.199602,1.000000,1.000000
1782351181.047781,-1,0.001276,48176.752091,SAFE_STAND,0.150396,-0.005960,0.162908,-0.177339,0.253604,0.074660,0.199602,1.000000,1.000000
1782351181.068207,-1,0.001626,48176.772188,SAFE_STAND,0.150761,-0.005947,0.162932,-0.177364,0.253608,0.074659,0.201502,1.000000,1.000000
1782351181.088201,-1,0.001540,48176.792490,SAFE_STAND,0.150376,-0.005969,0.162933,-0.177363,0.253604,0.074660,0.199602,1.000000,1.000000
1782351181.107874,-1,0.000972,48176.812473,SAFE_STAND,0.149854,-0.005999,0.162931,-0.177372,0.253608,0.074659,0.199602,1.000000,1.000000
1782351181.128360,-1,0.001131,48176.832791,SAFE_STAND,0.149917,-0.006001,0.162991,-0.177351,0.253612,0.074661,0.197701,1.000000,1.000000
1782351181.148888,-1,0.001582,48176.852910,SAFE_STAND,0.150593,-0.006036,0.163035,-0.177382,0.253604,0.074659,0.199602,1.000000,1.000000
1782351181.169311,-1,0.001925,48176.873208,SAFE_STAND,0.151407,-0.006051,0.163059,-0.177403,0.253604,0.074660,0.199602,1.000000,1.000000
1782351181.189010,-1,0.001537,48176.893120,SAFE_STAND,0.150836,-0.006077,0.163059,-0.177392,0.253608,0.074660,0.199602,1.000000,1.000000
1782351181.208922,-1,0.001366,48176.913182,SAFE_STAND,0.150557,-0.006043,0.163075,-0.177299,0.253604,0.074659,0.201502,1.000000,1.000000
1782351181.229074,-1,0.001440,48176.933265,SAFE_STAND,0.150202,-0.006003,0.163054,-0.177247,0.253608,0.074660,0.199602,1.000000,1.000000
1782351181.249497,-1,0.001781,48176.953382,SAFE_STAND,0.150787,-0.006027,0.163002,-0.177227,0.253604,0.074659,0.199602,1.000000,1.000000
1782351181.269115,-1,0.001319,48176.973413,SAFE_STAND,0.150479,-0.006020,0.163003,-0.177242,0.253608,0.074660,0.199602,1.000000,1.000000
1782351181.289532,-1,0.001653,48176.993500,SAFE_STAND,0.150621,-0.006000,0.163023,-0.177198,0.253604,0.074661,0.199602,1.000000,1.000000
1782351181.309686,-1,0.001726,48177.013824,SAFE_STAND,0.150652,-0.005997,0.163006,-0.177158,0.253604,0.074659,0.199602,1.000000,1.000000
1782351181.329911,-1,0.001662,48177.033938,SAFE_STAND,0.150914,-0.006017,0.162970,-0.177168,0.253604,0.074660,0.199602,1.000000,1.000000
1782351181.350403,-1,0.001820,48177.054244,SAFE_STAND,0.150490,-0.006034,0.162943,-0.177152,0.253608,0.074660,0.197701,1.000000,1.000000
1782351181.370466,-1,0.001780,48177.074528,SAFE_STAND,0.150704,-0.006040,0.162918,-0.177139,0.253608,0.074660,0.199602,1.000000,1.000000
1782351181.390397,-1,0.001536,48177.094495,SAFE_STAND,0.150730,-0.006030,0.162891,-0.177115,0.253608,0.074658,0.199602,1.000000,1.000000
1782351181.410259,-1,0.001318,48177.114530,SAFE_STAND,0.149687,-0.006011,0.162875,-0.177090,0.253608,0.074659,0.197701,1.000000,1.000000
1782351181.430412,0,0.001377,0.004840,SAFE_STAND,0.104841,-0.006008,0.162902,-0.177014,0.253608,0.074660,0.197701,1.000000,1.000000
1782351181.450625,0,0.001510,0.024947,SAFE_STAND,0.114866,-0.006030,0.162930,-0.176999,0.253604,0.074661,0.199602,1.000000,1.000000
1782351181.470606,0,0.001402,0.045013,SAFE_STAND,0.124392,-0.006032,0.162939,-0.176998,0.253604,0.074660,0.199602,1.000000,1.000000
1782351181.490590,0,0.001299,0.065083,SAFE_STAND,0.133687,-0.006058,0.162948,-0.177047,0.253608,0.074660,0.199602,1.000000,1.000000
1782351181.510864,0,0.001252,0.085383,SAFE_STAND,0.142681,-0.006036,0.162948,-0.177071,0.253608,0.074659,0.197701,1.000000,1.000000
1782351181.530956,2,0.001249,0.018740,SAFE_STAND,0.111388,-0.006045,0.162937,-0.177089,0.253604,0.074660,0.199602,1.000000,1.000000
1782351181.551045,3,0.001250,0.018734,SAFE_STAND,0.111665,-0.006016,0.162954,-0.177070,0.253604,0.074659,0.199602,1.000000,1.000000
1782351181.571219,4,0.001348,0.018656,SAFE_STAND,0.111732,-0.006029,0.162951,-0.177137,0.253604,0.074660,0.199602,1.000000,1.000000
1782351181.591681,5,0.001459,0.018980,SAFE_STAND,0.112128,-0.006066,0.162983,-0.177141,0.253608,0.074660,0.201502,1.000000,1.000000
1782351181.611827,6,0.001367,0.019142,SAFE_STAND,0.112030,-0.006073,0.162972,-0.177219,0.253608,0.074661,0.199602,1.000000,1.000000
1782351181.631807,7,0.001269,0.019117,SAFE_STAND,0.112197,-0.006061,0.162942,-0.177211,0.253600,0.074660,0.201502,1.000000,1.000000
1782351181.652358,8,0.001743,0.019208,SAFE_STAND,0.112332,-0.006087,0.162927,-0.177211,0.253600,0.074659,0.199602,1.000000,1.000000
1782351181.672380,9,0.001672,0.018995,SAFE_STAND,0.112129,-0.006105,0.162935,-0.177220,0.253604,0.074658,0.199602,1.000000,1.000000
1782351181.692356,10,0.001404,0.019303,SAFE_STAND,0.111897,-0.006100,0.162982,-0.177205,0.253604,0.074658,0.199602,1.000000,1.000000
1782351181.712737,11,0.001701,0.019493,TRACKING,0.112341,-0.006073,0.163023,-0.177226,0.253612,0.074662,0.197701,0.000002,1.000000
1782351181.732579,12,0.001461,0.019125,TRACKING,0.112164,-0.006089,0.163056,-0.177263,0.253606,0.074658,0.199602,0.019858,1.000000
1782351181.752746,13,0.001549,0.019342,TRACKING,0.116270,-0.006045,0.163042,-0.177320,0.280655,0.079233,0.216890,0.040032,1.000000
1782351181.773023,14,0.001535,0.019687,TRACKING,0.118153,-0.006099,0.163118,-0.177391,0.286837,0.084317,0.222773,0.060116,1.000000
1782351181.792994,15,0.001265,0.019923,TRACKING,0.118502,-0.006726,0.163377,-0.177714,0.285589,0.085565,0.215030,0.080107,1.000000
1782351181.813221,16,0.001415,0.019966,TRACKING,0.121010,-0.007619,0.164034,-0.178492,0.293864,0.086328,0.222520,0.100306,1.000000
1782351181.833165,17,0.001281,0.019974,TRACKING,0.128896,-0.008228,0.165459,-0.179095,0.327993,0.091925,0.251133,0.120502,1.000000
1782351181.853326,18,0.001364,0.020045,TRACKING,0.132609,-0.008671,0.167570,-0.179676,0.351621,0.095741,0.266086,0.140656,1.000000
1782351181.873371,19,0.001327,0.019605,TRACKING,0.136142,-0.009106,0.169565,-0.180096,0.368063,0.100559,0.279296,0.160689,1.000000
1782351181.893846,21,0.001352,0.000319,TRACKING,0.125416,-0.008981,0.171412,-0.181363,0.338746,0.105484,0.257107,0.180924,1.000000
1782351181.913880,22,0.001299,0.000388,TRACKING,0.130684,-0.007374,0.172984,-0.182804,0.391734,0.107796,0.286218,0.201218,1.000000
1782351181.933949,23,0.001292,0.000412,TRACKING,0.141459,-0.005760,0.173879,-0.180923,0.464826,0.115263,0.345280,0.221277,1.000000
1782351181.954092,23,0.001357,0.020519,TRACKING,0.163698,-0.003651,0.174259,-0.174972,0.538917,0.127699,0.413749,0.241410,1.000000
1782351181.974632,25,0.001350,0.000945,TRACKING,0.163187,-0.002356,0.175520,-0.173196,0.589021,0.139367,0.449179,0.261710,1.000000
1782351181.994766,26,0.001402,0.000940,TRACKING,0.165935,-0.001526,0.177395,-0.174422,0.598567,0.145545,0.457054,0.282079,1.000000
1782351182.015327,27,0.001540,0.001329,TRACKING,0.167497,-0.002374,0.180024,-0.175694,0.583033,0.147703,0.441356,0.302400,1.000000
1782351182.035532,28,0.001533,0.001469,TRACKING,0.152190,-0.004565,0.183350,-0.178909,0.497015,0.137952,0.360968,0.322481,1.000000
1782351182.055336,29,0.001259,0.001288,TRACKING,0.136337,-0.003442,0.186944,-0.183912,0.406270,0.127226,0.261618,0.342442,1.000000
1782351182.075456,30,0.001302,0.001520,TRACKING,0.144980,-0.000247,0.187614,-0.195629,0.426335,0.123959,0.307678,0.362764,1.000000
1782351182.095968,31,0.001511,0.001730,TRACKING,0.155328,0.002230,0.188194,-0.201399,0.499536,0.128458,0.378862,0.383056,1.000000
1782351182.116030,32,0.001287,0.001973,TRACKING,0.164860,0.002942,0.190719,-0.201721,0.574454,0.138217,0.436911,0.403111,1.000000
1782351182.136174,33,0.001353,0.002028,TRACKING,0.175078,0.001994,0.192036,-0.199906,0.620211,0.149485,0.471584,0.423263,1.000000
1782351182.156071,34,0.001174,0.001892,TRACKING,0.168867,-0.000063,0.194599,-0.199607,0.538196,0.141887,0.416968,0.443409,1.000000
1782351182.176354,35,0.001378,0.001935,TRACKING,0.170212,-0.005303,0.200558,-0.200640,0.454627,0.139128,0.340751,0.463657,1.000000
1782351182.196724,36,0.001407,0.002364,TRACKING,0.148553,-0.010656,0.206433,-0.184390,0.429084,0.138527,0.294271,0.483782,1.000000
1782351182.216709,37,0.001254,0.002411,TRACKING,0.174122,-0.011200,0.202173,-0.172831,0.501704,0.145877,0.393069,0.503808,1.000000
1782351182.236826,38,0.001292,0.002478,TRACKING,0.182217,-0.016902,0.201260,-0.175255,0.580233,0.153846,0.457543,0.524157,1.000000
1782351182.256906,39,0.001295,0.002382,TRACKING,0.195383,-0.017583,0.201575,-0.182243,0.657414,0.168371,0.514587,0.544231,1.000000
1782351182.277007,40,0.001320,0.002502,TRACKING,0.200728,-0.013533,0.204322,-0.188522,0.636523,0.167732,0.486869,0.564314,1.000000
1782351182.297407,41,0.001258,0.002889,TRACKING,0.175752,-0.009159,0.210348,-0.199678,0.553451,0.150375,0.417786,0.584509,1.000000
1782351182.317489,42,0.001263,0.002946,TRACKING,0.161796,-0.011496,0.210788,-0.230075,0.460480,0.136428,0.294900,0.604590,1.000000
1782351182.337554,43,0.001238,0.003035,TRACKING,0.165741,-0.002045,0.203629,-0.250179,0.395570,0.135801,0.309985,0.624672,1.000000
1782351182.357699,44,0.001309,0.002928,TRACKING,0.167262,0.008074,0.202760,-0.253323,0.474087,0.139392,0.370691,0.645021,1.000000
1782351182.377807,45,0.001339,0.002966,TRACKING,0.174541,0.014018,0.203512,-0.242791,0.551482,0.144229,0.429597,0.665111,1.000000
1782351182.398204,46,0.001269,0.003402,TRACKING,0.189449,0.014974,0.204242,-0.235361,0.628671,0.157443,0.491119,0.685299,1.000000
1782351182.418294,47,0.001280,0.003477,TRACKING,0.194025,0.008937,0.209514,-0.237077,0.550263,0.152601,0.435593,0.705371,1.000000
1782351182.438553,48,0.001462,0.003487,TRACKING,0.197983,-0.003181,0.219211,-0.228054,0.470186,0.155497,0.378882,0.725871,1.000000
1782351182.458511,49,0.001340,0.003453,TRACKING,0.194395,-0.012921,0.218471,-0.206792,0.502037,0.158892,0.399515,0.745831,1.000000
1782351182.478984,50,0.001301,0.003960,TRACKING,0.195449,-0.015671,0.209243,-0.192472,0.580468,0.161617,0.457378,0.766066,1.000000
1782351182.499005,51,0.001229,0.003995,TRACKING,0.201264,-0.021119,0.204483,-0.193162,0.658107,0.175238,0.520921,0.786335,1.000000
1782351182.519223,52,0.001371,0.004044,TRACKING,0.212344,-0.022362,0.202892,-0.198010,0.736421,0.196765,0.574092,0.806547,1.000000
1782351182.539327,53,0.001022,0.004454,TRACKING,0.223710,-0.014200,0.207934,-0.209806,0.654702,0.184834,0.502684,0.826660,1.000000
1782351182.559729,54,0.001279,0.004500,TRACKING,0.212540,-0.002168,0.216533,-0.243237,0.571815,0.173677,0.434463,0.846833,1.000000
1782351182.579787,55,0.001259,0.004512,TRACKING,0.181292,0.001361,0.216214,-0.274834,0.498408,0.171233,0.376690,0.861336,1.000000
1782351182.599823,56,0.001218,0.004558,TRACKING,0.200139,0.011132,0.213134,-0.286249,0.576748,0.167317,0.456722,0.865342,1.000000
1782351182.619949,57,0.001266,0.004605,TRACKING,0.208546,0.023026,0.211904,-0.282686,0.653999,0.173316,0.512861,0.869368,1.000000
1782351182.640338,58,0.001576,0.004673,TRACKING,0.208051,0.030682,0.213414,-0.274207,0.679311,0.166997,0.529668,0.873395,1.000000
1782351182.660382,59,0.001323,0.004860,TRACKING,0.205660,0.029164,0.216784,-0.271687,0.621634,0.158457,0.495773,0.877399,1.000000
1782351182.680447,60,0.001311,0.004876,TRACKING,0.215961,0.018232,0.225140,-0.269732,0.543408,0.153965,0.438272,0.881418,1.000000
1782351182.700552,61,0.001335,0.004891,TRACKING,0.199821,0.004857,0.234783,-0.244811,0.464204,0.155731,0.371129,0.885488,1.000000
1782351182.720658,62,0.001365,0.004886,TRACKING,0.208333,-0.004555,0.233806,-0.222321,0.501882,0.160005,0.447633,0.889507,1.000000
1782351182.740986,63,0.001605,0.004847,TRACKING,0.200538,-0.012949,0.229220,-0.213986,0.592820,0.165708,0.488801,0.893521,1.000000
1782351182.760969,64,0.001509,0.004937,TRACKING,0.212619,-0.014457,0.226748,-0.220412,0.675267,0.174460,0.538309,0.897523,1.000000
1782351182.780954,65,0.001279,0.005113,TRACKING,0.208449,-0.006664,0.226063,-0.228057,0.600922,0.167567,0.489627,0.901519,1.000000
1782351182.801014,66,0.001264,0.005119,TRACKING,0.204840,0.003072,0.230812,-0.251181,0.523190,0.161827,0.416181,0.905532,1.000000
1782351182.821145,67,0.001319,0.005184,TRACKING,0.190691,0.002614,0.229255,-0.290843,0.436407,0.161043,0.334642,0.909608,1.000000
1782351182.841205,68,0.001303,0.005216,TRACKING,0.196135,0.013421,0.220119,-0.305740,0.509057,0.156104,0.402667,0.913619,1.000000
1782351182.861731,69,0.001515,0.005440,TRACKING,0.200115,0.022659,0.216958,-0.302608,0.587264,0.156305,0.461997,0.917677,1.000000
1782351182.881585,70,0.001291,0.005462,TRACKING,0.201051,0.027893,0.213060,-0.299738,0.636843,0.151761,0.501547,0.921645,1.000000
1782351182.901777,71,0.001309,0.005586,TRACKING,0.199309,0.026463,0.214054,-0.302539,0.636490,0.153816,0.506592,0.925681,1.000000
1782351182.921843,72,0.001298,0.005634,TRACKING,0.211541,0.017070,0.219975,-0.301976,0.561692,0.154371,0.465340,0.929746,1.000000
1782351182.941897,73,0.001276,0.005591,TRACKING,0.196696,0.006561,0.223794,-0.286767,0.487629,0.162564,0.403677,0.933757,1.000000
1782351182.961993,74,0.001294,0.005661,TRACKING,0.196022,-0.002973,0.221836,-0.266303,0.480499,0.164731,0.416840,0.937773,1.000000
1782351182.982476,75,0.001293,0.006078,TRACKING,0.197858,-0.010139,0.214190,-0.261572,0.569390,0.161565,0.474795,0.941825,1.000000
1782351183.002543,76,0.001282,0.006096,TRACKING,0.199728,-0.012070,0.208948,-0.262193,0.635568,0.163619,0.521063,0.945885,1.000000
1782351183.023114,77,0.001527,0.006629,TRACKING,0.193893,-0.004573,0.207230,-0.262912,0.562657,0.159185,0.460412,0.949952,1.000000
1782351183.043045,78,0.001285,0.006298,TRACKING,0.177805,0.003159,0.213528,-0.276039,0.485614,0.160611,0.385796,0.953938,1.000000
1782351183.063240,79,0.001382,0.006564,TRACKING,0.184584,0.003261,0.210244,-0.308130,0.453736,0.166448,0.355809,0.957952,1.000000
1782351183.083308,80,0.001360,0.006546,TRACKING,0.189434,0.013438,0.202486,-0.317286,0.533584,0.166763,0.418552,0.961970,1.000000
1782351183.103317,81,0.001293,0.006617,TRACKING,0.197297,0.021616,0.200195,-0.313644,0.610347,0.157504,0.480904,0.966042,1.000000
1782351183.123333,82,0.001232,0.006673,TRACKING,0.186932,0.025644,0.199122,-0.312797,0.608213,0.141777,0.477129,0.970046,1.000000
1782351183.143722,83,0.001540,0.005694,TRACKING,0.190400,0.023457,0.200432,-0.313609,0.607791,0.143121,0.483767,0.974079,1.000000
1782351183.163652,84,0.001247,0.005985,TRACKING,0.196541,0.013103,0.204534,-0.311199,0.531167,0.144954,0.435328,0.978065,1.000000
1782351183.183911,85,0.001365,0.006004,TRACKING,0.184763,0.000799,0.204326,-0.300573,0.455945,0.155128,0.376259,0.982116,1.000000
1782351183.203916,86,0.001294,0.006068,TRACKING,0.179783,-0.006513,0.198006,-0.280115,0.460290,0.155489,0.388567,0.986160,1.000000
1782351183.223945,87,0.001247,0.006919,TRACKING,0.180267,-0.008668,0.192140,-0.268698,0.542462,0.152835,0.440072,0.990165,1.000000
1782351183.244009,88,0.001235,0.006696,TRACKING,0.181397,-0.007831,0.188194,-0.264496,0.603562,0.153615,0.479833,0.994179,1.000000
1782351183.264536,89,0.001282,0.007295,TRACKING,0.172435,-0.003870,0.187823,-0.265510,0.527915,0.148274,0.427294,0.998241,1.000000
1782351183.284621,90,0.001291,0.007333,TRACKING,0.163761,-0.002182,0.190438,-0.275662,0.450956,0.151523,0.359669,1.000000,1.000000
1782351183.304705,91,0.001296,0.007383,TRACKING,0.164318,0.000565,0.190495,-0.293162,0.428407,0.165795,0.336320,1.000000,1.000000
1782351183.325207,92,0.001500,0.007661,TRACKING,0.179102,0.005187,0.183052,-0.305295,0.507958,0.169105,0.400433,1.000000,1.000000
1782351183.345205,93,0.001419,0.007596,TRACKING,0.177963,0.010468,0.178192,-0.305505,0.559539,0.152678,0.441821,1.000000,1.000000
1782351183.365194,94,0.001280,0.007697,TRACKING,0.167961,0.012550,0.175097,-0.305042,0.558639,0.135230,0.440979,1.000000,1.000000
1782351183.385327,95,0.001334,0.007672,TRACKING,0.164467,0.009414,0.174983,-0.306955,0.520230,0.125421,0.418058,1.000000,1.000000
1782351183.405343,96,0.001270,0.007746,TRACKING,0.159992,0.000679,0.176186,-0.306345,0.442526,0.124231,0.353739,1.000000,1.000000
1782351183.425353,97,0.001204,0.007801,TRACKING,0.158138,-0.010552,0.175151,-0.298804,0.369611,0.133396,0.324633,1.000000,1.000000
1782351183.445473,98,0.001249,0.007801,TRACKING,0.156654,-0.012012,0.171275,-0.284731,0.448827,0.136865,0.347511,1.000000,1.000000
1782351183.465835,99,0.001211,0.008138,TRACKING,0.166060,-0.011896,0.163119,-0.280350,0.527359,0.135795,0.418497,1.000000,1.000000
1782351183.486057,100,0.001350,0.008160,TRACKING,0.161036,-0.009759,0.156818,-0.279353,0.496614,0.132724,0.392189,1.000000,1.000000
1782351183.506053,101,0.001269,0.008197,TRACKING,0.147101,-0.005986,0.149180,-0.277623,0.418032,0.128079,0.332369,1.000000,1.000000
1782351183.526532,102,0.001285,0.008637,TRACKING,0.138254,-0.005273,0.140817,-0.278493,0.395922,0.129131,0.315167,1.000000,1.000000
1782351183.546565,103,0.001240,0.008616,TRACKING,0.141209,-0.004712,0.134718,-0.277046,0.453836,0.132403,0.362282,1.000000,1.000000
1782351183.566690,104,0.001290,0.008656,TRACKING,0.135578,-0.005015,0.129937,-0.276133,0.414149,0.122796,0.330947,1.000000,1.000000
1782351183.586827,105,0.001349,0.008664,TRACKING,0.123367,-0.005903,0.123694,-0.276733,0.350658,0.112676,0.284652,1.000000,1.000000
1782351183.606832,106,0.001274,0.008714,TRACKING,0.125179,-0.007266,0.118516,-0.277218,0.387230,0.110668,0.302358,1.000000,1.000000
1782351183.626960,107,0.001323,0.008759,TRACKING,0.128483,-0.008214,0.113295,-0.275331,0.434699,0.116503,0.330275,1.000000,1.000000
1782351183.647337,108,0.001369,0.008999,TRACKING,0.129030,-0.008042,0.108410,-0.272963,0.437927,0.119025,0.342503,1.000000,1.000000
1782351183.667496,109,0.001450,0.009008,TRACKING,0.125972,-0.007851,0.102412,-0.270877,0.417414,0.116254,0.333673,1.000000,1.000000
1782351183.688422,110,0.001923,0.009418,TRACKING,0.119893,-0.007682,0.096950,-0.269911,0.392912,0.110896,0.310736,1.000000,1.000000
1782351183.708251,111,0.001670,0.009681,TRACKING,0.115100,-0.007606,0.091102,-0.269659,0.380630,0.107848,0.301930,1.000000,1.000000
1782351183.728385,112,0.001724,0.009726,TRACKING,0.110490,-0.007416,0.086876,-0.269694,0.372621,0.105676,0.295130,1.000000,1.000000
1782351183.748312,113,0.001567,0.009285,TRACKING,0.109681,-0.007424,0.083239,-0.269101,0.376106,0.106128,0.298608,1.000000,1.000000
1782351183.768307,114,0.001441,0.009587,TRACKING,0.107283,-0.007421,0.080352,-0.268251,0.377990,0.106096,0.300346,1.000000,1.000000
1782351183.788385,115,0.001416,0.009678,TRACKING,0.108176,-0.007309,0.077551,-0.267629,0.383549,0.107657,0.303855,1.000000,1.000000
1782351183.808793,116,0.001746,0.009658,TRACKING,0.107836,-0.007146,0.074721,-0.267154,0.384523,0.108439,0.305624,1.000000,1.000000
1782351183.828420,117,0.001294,0.009907,TRACKING,0.106791,-0.006959,0.071479,-0.266398,0.384949,0.109588,0.305594,1.000000,1.000000
1782351183.848845,118,0.001310,0.009988,TRACKING,0.105320,-0.006756,0.068473,-0.265395,0.382807,0.110091,0.303824,1.000000,1.000000
1782351183.870183,119,0.002427,0.010352,TRACKING,0.105972,-0.006570,0.065336,-0.264573,0.382853,0.110078,0.303824,1.000000,1.000000
1782351183.890239,120,0.002113,0.010926,TRACKING,0.103901,-0.006401,0.063013,-0.264342,0.382044,0.109897,0.303824,1.000000,1.000000
1782351183.910080,121,0.001820,0.010726,TRACKING,0.102902,-0.006278,0.060691,-0.264342,0.383764,0.110586,0.305594,1.000000,1.000000
1782351183.930783,122,0.002151,0.011049,TRACKING,0.102713,-0.006235,0.059119,-0.264067,0.385250,0.110857,0.307363,1.000000,1.000000
1782351183.950738,123,0.002018,0.011211,TRACKING,0.101592,-0.006159,0.057542,-0.263639,0.385658,0.111125,0.305624,1.000000,1.000000
1782351183.970860,124,0.002049,0.011389,TRACKING,0.101056,-0.006097,0.056260,-0.263238,0.385183,0.111308,0.305624,1.000000,1.000000
1782351183.991363,125,0.002218,0.011377,TRACKING,0.100791,-0.006078,0.055397,-0.262961,0.385702,0.111687,0.305624,1.000000,1.000000
1782351184.011457,126,0.002223,0.011408,TRACKING,0.099941,-0.006004,0.054636,-0.262654,0.385383,0.111817,0.305624,1.000000,1.000000
1782351184.031407,127,0.002035,0.011189,TRACKING,0.099764,-0.005997,0.054178,-0.262465,0.385838,0.112139,0.307363,1.000000,1.000000
1782351184.051517,128,0.002016,0.011534,TRACKING,0.099688,-0.006002,0.053710,-0.262364,0.386875,0.112491,0.307363,1.000000,1.000000
1782351184.071967,129,0.002064,0.011986,TRACKING,0.100039,-0.005980,0.053316,-0.262133,0.387802,0.112709,0.309133,1.000000,1.000000
1782351184.092161,130,0.002133,0.012008,TRACKING,0.100197,-0.005980,0.052913,-0.261873,0.388592,0.112876,0.309133,1.000000,1.000000
1782351184.112287,131,0.002137,0.012080,TRACKING,0.100212,-0.005992,0.052488,-0.261580,0.390090,0.113106,0.309133,1.000000,1.000000
1782351184.132327,132,0.001704,0.012438,TRACKING,0.100189,-0.006027,0.052050,-0.261267,0.391885,0.113467,0.310902,1.000000,1.000000
1782351184.152051,133,0.001302,0.012447,TRACKING,0.099995,-0.006044,0.051679,-0.261062,0.392471,0.113976,0.310872,1.000000,1.000000
1782351184.172558,134,0.001488,0.012868,TRACKING,0.100373,-0.006083,0.051300,-0.260945,0.392597,0.114151,0.312672,1.000000,1.000000
1782351184.192804,135,0.001447,0.012894,TRACKING,0.099982,-0.006111,0.050807,-0.260842,0.393620,0.114125,0.312672,1.000000,1.000000
1782351184.212737,136,0.001301,0.012937,TRACKING,0.099815,-0.006120,0.050516,-0.260863,0.393799,0.113655,0.312672,1.000000,1.000000
1782351184.232853,137,0.001337,0.012964,TRACKING,0.099666,-0.006130,0.050393,-0.260840,0.394059,0.113458,0.312672,1.000000,1.000000
1782351184.253387,138,0.001792,0.012984,TRACKING,0.099706,-0.006057,0.050364,-0.260773,0.393768,0.113226,0.310933,1.000000,1.000000
1782351184.272950,139,0.001277,0.013020,TRACKING,0.099611,-0.006020,0.050337,-0.260649,0.392581,0.113144,0.312672,1.000000,1.000000
1782351184.293597,140,0.001599,0.013298,TRACKING,0.099887,-0.005953,0.050260,-0.260527,0.391513,0.113242,0.310933,1.000000,1.000000
1782351184.313744,141,0.001664,0.013253,TRACKING,0.099748,-0.005904,0.050325,-0.260429,0.390693,0.113663,0.309163,1.000000,1.000000
1782351184.333589,142,0.001184,0.013317,TRACKING,0.099574,-0.005893,0.050356,-0.260379,0.391426,0.114297,0.310902,1.000000,1.000000
1782351184.354071,143,0.001590,0.013585,TRACKING,0.100518,-0.005888,0.050367,-0.260330,0.392000,0.115050,0.314411,1.000000,1.000000
1782351184.374179,144,0.001619,0.013861,TRACKING,0.099898,-0.005887,0.050382,-0.260334,0.391936,0.115204,0.309133,1.000000,1.000000
1782351184.394163,145,0.001430,0.013743,TRACKING,0.100252,-0.005867,0.050450,-0.260325,0.392432,0.115207,0.312672,1.000000,1.000000
1782351184.414292,146,0.001463,0.013807,TRACKING,0.100469,-0.005873,0.050483,-0.260291,0.393513,0.114914,0.312672,1.000000,1.000000
1782351184.434517,147,0.001474,0.013886,TRACKING,0.100551,-0.005862,0.050528,-0.260211,0.393774,0.114685,0.312641,1.000000,1.000000
1782351184.454417,148,0.001288,0.013996,TRACKING,0.100526,-0.005886,0.050636,-0.260275,0.394271,0.114632,0.312672,1.000000,1.000000
1782351184.474861,149,0.001402,0.014248,TRACKING,0.100827,-0.005936,0.050748,-0.260279,0.394072,0.114643,0.314411,1.000000,1.000000
1782351184.494925,150,0.001385,0.014304,TRACKING,0.100746,-0.005988,0.050847,-0.260249,0.394021,0.114702,0.312672,1.000000,1.000000
1782351184.515017,151,0.001395,0.014276,TRACKING,0.100828,-0.006015,0.050932,-0.260208,0.393008,0.114511,0.312641,1.000000,1.000000
1782351184.535067,152,0.001364,0.014292,TRACKING,0.100318,-0.006041,0.051020,-0.260254,0.393269,0.114546,0.310902,1.000000,1.000000
1782351184.555493,153,0.001466,0.014796,TRACKING,0.101085,-0.006036,0.051112,-0.260276,0.393739,0.114721,0.312672,1.000000,1.000000
1782351184.575711,154,0.001459,0.014777,TRACKING,0.100957,-0.006037,0.051209,-0.260331,0.394193,0.114966,0.312672,1.000000,1.000000
1782351184.595613,155,0.001279,0.014684,TRACKING,0.101152,-0.006000,0.051328,-0.260352,0.395420,0.115340,0.312672,1.000000,1.000000
1782351184.615617,156,0.001203,0.014781,TRACKING,0.101472,-0.005966,0.051394,-0.260357,0.395621,0.115519,0.314411,1.000000,1.000000
1782351184.636184,157,0.001691,0.014829,TRACKING,0.101896,-0.005928,0.051461,-0.260368,0.395473,0.115746,0.314411,1.000000,1.000000
1782351184.656335,158,0.001763,0.014871,TRACKING,0.101972,-0.005905,0.051506,-0.260362,0.395081,0.115941,0.314411,1.000000,1.000000
1782351184.676162,159,0.001319,0.015101,TRACKING,0.101259,-0.005896,0.051554,-0.260397,0.394433,0.116254,0.312641,1.000000,1.000000
1782351184.696291,160,0.001367,0.015065,TRACKING,0.101921,-0.005853,0.051577,-0.260332,0.393978,0.116499,0.314380,1.000000,1.000000
1782351184.716387,161,0.001381,0.015087,TRACKING,0.101466,-0.005866,0.051598,-0.260324,0.394090,0.116806,0.310872,1.000000,1.000000
1782351184.736856,162,0.001545,0.015337,TRACKING,0.101462,-0.005875,0.051602,-0.260319,0.394732,0.116951,0.310872,1.000000,1.000000
1782351184.756904,163,0.001376,0.015547,TRACKING,0.101487,-0.005904,0.051558,-0.260278,0.395221,0.116818,0.312610,1.000000,1.000000
1782351184.776924,164,0.001312,0.015497,TRACKING,0.102016,-0.005939,0.051492,-0.260283,0.395662,0.116594,0.316149,1.000000,1.000000
1782351184.796999,165,0.001306,0.015618,TRACKING,0.102066,-0.005949,0.051430,-0.260231,0.395703,0.116344,0.314380,1.000000,1.000000
1782351184.817072,166,0.001303,0.015617,TRACKING,0.101936,-0.005985,0.051369,-0.260231,0.395334,0.115979,0.316149,1.000000,1.000000
1782351184.837588,167,0.001525,0.015992,TRACKING,0.101854,-0.005980,0.051314,-0.260268,0.395508,0.115708,0.312672,1.000000,1.000000
1782351184.858044,168,0.001610,0.016190,TRACKING,0.101841,-0.005966,0.051255,-0.260263,0.395402,0.115645,0.314411,1.000000,1.000000
1782351184.878031,169,0.001498,0.016233,TRACKING,0.102505,-0.005950,0.051199,-0.260185,0.395568,0.115523,0.314411,1.000000,1.000000
1782351184.898780,170,0.001823,0.016950,TRACKING,0.102779,-0.005922,0.051115,-0.260158,0.395246,0.115329,0.314411,1.000000,1.000000
1782351184.918897,171,0.001685,0.016846,TRACKING,0.102487,-0.005929,0.051005,-0.260156,0.394034,0.114968,0.312672,1.000000,1.000000
1782351184.938727,172,0.001432,0.016725,TRACKING,0.101776,-0.005901,0.050899,-0.260180,0.392683,0.114665,0.310902,1.000000,1.000000
1782351184.958787,173,0.001414,0.016799,TRACKING,0.101990,-0.005864,0.050753,-0.260185,0.391092,0.114457,0.312672,1.000000,1.000000
1782351184.979247,174,0.001559,0.017304,TRACKING,0.101354,-0.005809,0.050643,-0.260154,0.389729,0.114179,0.309133,1.000000,1.000000
1782351184.999038,175,0.001271,0.017088,TRACKING,0.100772,-0.005812,0.050498,-0.260132,0.388660,0.113899,0.309133,1.000000,1.000000
1782351185.019188,176,0.001323,0.017125,TRACKING,0.100779,-0.005801,0.050374,-0.260074,0.388814,0.113861,0.309133,1.000000,1.000000
1782351185.039209,177,0.001250,0.017139,TRACKING,0.100903,-0.005810,0.050260,-0.260045,0.389020,0.113817,0.309133,1.000000,1.000000
1782351185.059295,178,0.001253,0.017214,TRACKING,0.100894,-0.005799,0.050107,-0.260013,0.389529,0.113920,0.309133,1.000000,1.000000
1782351185.079396,179,0.001275,0.017214,TRACKING,0.101059,-0.005810,0.049977,-0.260053,0.390560,0.114264,0.309133,1.000000,1.000000
1782351185.099895,180,0.001330,0.017628,TRACKING,0.101277,-0.005799,0.049825,-0.260079,0.392003,0.114505,0.310902,1.000000,1.000000
1782351185.119998,181,0.001352,0.017643,TRACKING,0.101610,-0.005782,0.049645,-0.260057,0.392403,0.114670,0.310902,1.000000,1.000000
1782351185.139953,182,0.001228,0.017600,TRACKING,0.101427,-0.005783,0.049457,-0.259979,0.393315,0.114895,0.310902,1.000000,1.000000
1782351185.162019,183,0.003210,0.017874,TRACKING,0.102982,-0.005805,0.049196,-0.259967,0.392465,0.115014,0.309133,1.000000,1.000000
1782351185.183292,184,0.003819,0.017480,TRACKING,0.104087,-0.005797,0.048993,-0.259989,0.391998,0.114879,0.310872,1.000000,1.000000
1782351185.201885,185,0.001602,0.017738,TRACKING,0.101518,-0.005792,0.048800,-0.260038,0.391220,0.114729,0.309133,1.000000,1.000000
1782351185.222110,186,0.001393,0.018700,TRACKING,0.101470,-0.005785,0.048682,-0.260070,0.391200,0.114576,0.309133,1.000000,1.000000
1782351185.242538,187,0.001494,0.018867,TRACKING,0.101730,-0.005768,0.048568,-0.260059,0.391679,0.114677,0.309133,1.000000,1.000000
1782351185.262416,188,0.001292,0.018694,TRACKING,0.101021,-0.005770,0.048457,-0.260012,0.392586,0.114829,0.309133,1.000000,1.000000
1782351185.282383,189,0.001183,0.018871,TRACKING,0.101531,-0.005781,0.048423,-0.259981,0.393136,0.114920,0.312641,1.000000,1.000000
1782351185.302649,-1,0.001371,0.020099,TRACKING,0.106352,-0.005721,0.048273,-0.259897,0.408322,0.122665,0.323135,1.000000,1.000000
1782351185.322891,-1,0.001536,0.019903,TRACKING,0.105927,-0.005650,0.047794,-0.259625,0.409316,0.123474,0.323135,1.000000,1.000000
1782351185.342640,-1,0.001202,0.019711,TRACKING,0.105566,-0.005688,0.047505,-0.259414,0.407106,0.122953,0.323135,1.000000,1.000000
1782351185.362857,-1,0.001122,0.019782,TRACKING,0.105318,-0.005686,0.047081,-0.259231,0.408229,0.122820,0.323135,1.000000,1.000000
1782351185.382882,-1,0.001073,0.019610,TRACKING,0.105169,-0.005650,0.046435,-0.259238,0.407021,0.122496,0.321366,1.000000,1.000000
1782351185.402997,-1,0.001114,0.019461,TRACKING,0.104661,-0.005517,0.045643,-0.259088,0.405862,0.121561,0.321366,1.000000,1.000000
1782351185.423022,-1,0.001062,0.019320,TRACKING,0.104246,-0.005341,0.044743,-0.258887,0.404742,0.119837,0.321366,1.000000,1.000000
1782351185.443100,-1,0.001064,0.019150,TRACKING,0.103521,-0.005146,0.043814,-0.258768,0.405030,0.118883,0.321366,1.000000,1.000000
1782351185.463486,-1,0.001071,0.019317,TRACKING,0.102977,-0.004865,0.042991,-0.258599,0.407395,0.118311,0.321366,1.000000,1.000000
1782351185.483588,-1,0.001096,0.019173,TRACKING,0.102752,-0.004629,0.042204,-0.257973,0.409523,0.118078,0.324844,1.000000,1.000000
1782351185.503613,-1,0.001045,0.019028,TRACKING,0.102821,-0.004522,0.041766,-0.257517,0.412802,0.118547,0.326613,1.000000,1.000000
1782351185.523715,-1,0.001073,0.018870,TRACKING,0.102482,-0.004388,0.041330,-0.257279,0.412582,0.118102,0.326613,1.000000,1.000000
1782351185.543787,-1,0.001070,0.018722,TRACKING,0.102590,-0.004238,0.040885,-0.256939,0.413317,0.117870,0.328352,1.000000,1.000000
1782351185.563916,-1,0.001126,0.018697,TRACKING,0.102118,-0.004189,0.040298,-0.256751,0.413386,0.117465,0.326613,1.000000,1.000000
1782351185.584064,-1,0.000968,0.018534,TRACKING,0.101695,-0.004122,0.039635,-0.256757,0.412785,0.117044,0.328352,1.000000,1.000000
1782351185.604521,-1,0.001095,0.018547,TRACKING,0.100921,-0.004026,0.039064,-0.256743,0.411655,0.116472,0.324844,1.000000,1.000000
1782351185.624594,-1,0.001085,0.018304,TRACKING,0.100977,-0.003966,0.038588,-0.256764,0.411765,0.116416,0.326583,1.000000,1.000000
1782351185.644665,-1,0.000872,0.018336,TRACKING,0.099974,-0.003890,0.038169,-0.256667,0.411840,0.116023,0.324844,1.000000,1.000000
1782351185.665191,-1,0.001098,0.018391,TRACKING,0.099940,-0.003774,0.037820,-0.256533,0.411891,0.115768,0.324844,1.000000,1.000000
1782351185.685488,-1,0.001321,0.018231,TRACKING,0.100473,-0.003592,0.037432,-0.256443,0.411607,0.115414,0.324844,1.000000,1.000000
1782351185.705743,-1,0.001100,0.018454,TRACKING,0.100111,-0.003344,0.036873,-0.256291,0.410848,0.115029,0.326583,1.000000,1.000000
1782351185.725607,-1,0.000889,0.018211,TRACKING,0.099282,-0.003025,0.036376,-0.256125,0.409273,0.114369,0.324844,1.000000,1.000000
1782351185.746529,-1,0.001506,0.018323,TRACKING,0.099556,-0.002722,0.035793,-0.256112,0.409113,0.114070,0.324844,1.000000,1.000000
1782351185.766637,-1,0.001532,0.018423,TRACKING,0.099073,-0.002460,0.035196,-0.255977,0.407997,0.113649,0.323074,1.000000,1.000000
1782351185.786573,-1,0.001202,0.018150,TRACKING,0.097583,-0.002164,0.034545,-0.255834,0.407127,0.113147,0.321305,1.000000,1.000000
1782351185.806566,-1,0.001116,0.017928,TRACKING,0.097238,-0.001868,0.033986,-0.255567,0.405985,0.112710,0.321305,1.000000,1.000000
1782351185.826601,-1,0.001075,0.017748,TRACKING,0.096640,-0.001577,0.033326,-0.255331,0.404815,0.112035,0.321305,1.000000,1.000000
1782351185.846617,-1,0.001017,0.017577,TRACKING,0.096509,-0.001305,0.032757,-0.254992,0.403693,0.111492,0.323044,1.000000,1.000000
1782351185.866712,-1,0.001037,0.017413,TRACKING,0.095297,-0.001068,0.032102,-0.254597,0.403060,0.111222,0.317796,1.000000,1.000000
1782351185.886774,-1,0.000868,0.017397,TRACKING,0.094650,-0.000897,0.031617,-0.254168,0.401884,0.110597,0.319535,1.000000,1.000000
1782351185.906875,-1,0.000894,0.017236,TRACKING,0.094734,-0.000718,0.031039,-0.253778,0.401294,0.110262,0.319566,1.000000,1.000000
1782351185.927375,-1,0.001095,0.017262,TRACKING,0.093980,-0.000544,0.030156,-0.253437,0.399476,0.109527,0.317796,1.000000,1.000000
1782351185.949226,-1,0.002860,0.017363,TRACKING,0.095662,-0.000378,0.029428,-0.253259,0.398326,0.108939,0.316027,1.000000,1.000000
1782351185.969618,-1,0.003140,0.017588,TRACKING,0.095487,-0.000222,0.028528,-0.253283,0.396682,0.108181,0.314288,1.000000,1.000000
1782351185.989137,-1,0.002356,0.017140,TRACKING,0.093401,-0.000136,0.027713,-0.253285,0.396194,0.107850,0.314288,1.000000,1.000000
1782351186.008426,-1,0.001549,0.016675,TRACKING,0.091709,-0.000117,0.026888,-0.253221,0.394762,0.107277,0.312519,1.000000,1.000000
1782351186.028869,-1,0.001674,0.016676,TRACKING,0.091293,-0.000099,0.026109,-0.253273,0.393268,0.106559,0.312519,1.000000,1.000000
1782351186.049104,-1,0.001826,0.016757,TRACKING,0.090858,-0.000005,0.025343,-0.253234,0.392467,0.106116,0.310780,1.000000,1.000000
1782351186.069101,-1,0.001604,0.016543,TRACKING,0.090503,0.000122,0.024477,-0.253285,0.391186,0.105454,0.310780,1.000000,1.000000
1782351186.089130,-1,0.001549,0.016400,TRACKING,0.089810,0.000278,0.023589,-0.253389,0.388479,0.104314,0.309010,1.000000,1.000000
1782351186.109161,-1,0.001203,0.016780,TRACKING,0.089540,0.000493,0.022625,-0.253321,0.386999,0.103619,0.307241,1.000000,1.000000
1782351186.129487,-1,0.001192,0.016735,TRACKING,0.088831,0.000792,0.021465,-0.253084,0.385073,0.102795,0.305502,1.000000,1.000000
1782351186.149527,-1,0.001146,0.016552,TRACKING,0.087376,0.001129,0.020316,-0.253044,0.382514,0.101788,0.301994,1.000000,1.000000
1782351186.169710,-1,0.001257,0.016423,TRACKING,0.086581,0.001476,0.019001,-0.252798,0.380132,0.100776,0.300224,1.000000,1.000000
1782351186.189581,-1,0.001054,0.016326,TRACKING,0.086180,0.001705,0.017702,-0.252610,0.377394,0.099648,0.300224,1.000000,1.000000
1782351186.209673,-1,0.001074,0.016187,TRACKING,0.085333,0.001922,0.016404,-0.252645,0.375186,0.098699,0.296716,1.000000,1.000000
1782351186.230169,-1,0.001155,0.016520,TRACKING,0.084041,0.002163,0.014817,-0.252427,0.372393,0.097595,0.294977,1.000000,1.000000
1782351186.250352,-1,0.001209,0.016447,TRACKING,0.083700,0.002335,0.013348,-0.252230,0.369971,0.096724,0.293207,1.000000,1.000000
1782351186.270417,-1,0.001153,0.016430,TRACKING,0.082764,0.002520,0.011957,-0.251964,0.367628,0.096004,0.291469,1.000000,1.000000
1782351186.290567,-1,0.001183,0.016600,TRACKING,0.082190,0.002729,0.010448,-0.251712,0.365279,0.095174,0.289699,1.000000,1.000000
1782351186.311234,-1,0.001343,0.016595,TRACKING,0.080818,0.002822,0.008533,-0.251565,0.362406,0.094296,0.287930,1.000000,1.000000
1782351186.331308,-1,0.001216,0.016469,TRACKING,0.079652,0.002819,0.006910,-0.251385,0.360318,0.093403,0.284421,1.000000,1.000000
1782351186.351258,-1,0.001027,0.016194,TRACKING,0.078465,0.002758,0.005379,-0.251323,0.358168,0.092726,0.284452,1.000000,1.000000
1782351186.371933,-1,0.001288,0.016380,TRACKING,0.077642,0.002722,0.003990,-0.251243,0.356275,0.092047,0.282682,1.000000,1.000000
1782351186.392023,-1,0.001253,0.016162,TRACKING,0.077111,0.002624,0.002618,-0.251031,0.354988,0.091586,0.282682,1.000000,1.000000
1782351186.412471,-1,0.001574,0.015852,TRACKING,0.076306,0.002578,0.001333,-0.250696,0.354107,0.091196,0.280913,1.000000,1.000000
1782351186.432650,-1,0.001626,0.015811,TRACKING,0.075202,0.002531,0.000035,-0.250477,0.352440,0.090600,0.277435,1.000000,1.000000
1782351186.452430,-1,0.001198,0.015271,TRACKING,0.075468,0.002555,-0.001387,-0.250759,0.350862,0.090023,0.279174,1.000000,1.000000
1782351186.472534,-1,0.001230,0.015038,TRACKING,0.075095,0.002693,-0.002958,-0.250685,0.348501,0.089286,0.275666,1.000000,1.000000
1782351186.492419,-1,0.001039,0.014809,TRACKING,0.075598,0.002855,-0.004359,-0.250572,0.346731,0.088653,0.275666,1.000000,1.000000
1782351186.512475,-1,0.001017,0.014570,TRACKING,0.075759,0.003083,-0.006043,-0.250543,0.344032,0.087712,0.273896,1.000000,1.000000
1782351186.532539,-1,0.001008,0.014344,TRACKING,0.075090,0.003181,-0.007623,-0.250621,0.340400,0.086576,0.272157,1.000000,1.000000
1782351186.552699,-1,0.001092,0.014101,TRACKING,0.074711,0.003194,-0.008920,-0.250793,0.338250,0.085826,0.268618,1.000000,1.000000
1782351186.572537,-1,0.000856,0.013861,TRACKING,0.074499,0.003290,-0.010348,-0.250817,0.335758,0.085088,0.266879,1.000000,1.000000
1782351186.593217,-1,0.001211,0.013967,TRACKING,0.074609,0.003415,-0.011820,-0.250770,0.333665,0.084574,0.265141,1.000000,1.000000
1782351186.613089,-1,0.001009,0.013748,TRACKING,0.074262,0.003464,-0.013042,-0.250699,0.332320,0.084044,0.263371,1.000000,1.000000
1782351186.633131,-1,0.000980,0.013541,TRACKING,0.074633,0.003449,-0.014252,-0.250325,0.331804,0.083861,0.263371,1.000000,1.000000
1782351186.653263,-1,0.001040,0.013434,TRACKING,0.075151,0.003439,-0.015562,-0.250079,0.329970,0.083463,0.263371,1.000000,1.000000
1782351186.673424,-1,0.001128,0.013552,TRACKING,0.075104,0.003471,-0.016971,-0.250146,0.327812,0.082845,0.259863,1.000000,1.000000
1782351186.693640,-1,0.001053,0.013430,TRACKING,0.074681,0.003611,-0.018375,-0.250102,0.325157,0.082087,0.256354,1.000000,1.000000
1782351186.713709,-1,0.001050,0.013351,TRACKING,0.074860,0.003743,-0.019793,-0.250086,0.322730,0.081528,0.256354,1.000000,1.000000
1782351186.733871,-1,0.001138,0.013288,TRACKING,0.074649,0.003871,-0.020997,-0.250405,0.320496,0.081021,0.254585,1.000000,1.000000
1782351186.753950,-1,0.001140,0.013219,TRACKING,0.075520,0.003899,-0.022181,-0.250795,0.318915,0.080926,0.254616,1.000000,1.000000
1782351186.773991,-1,0.001101,0.013140,TRACKING,0.074974,0.003957,-0.023476,-0.250657,0.316756,0.080328,0.249338,1.000000,1.000000
1782351186.794070,-1,0.000873,0.013304,TRACKING,0.074775,0.003961,-0.024795,-0.250524,0.313982,0.079666,0.249338,1.000000,1.000000
1782351186.814116,-1,0.000838,0.013179,TRACKING,0.074621,0.004056,-0.025992,-0.250399,0.311751,0.079074,0.247568,1.000000,1.000000
1782351186.834665,-1,0.001083,0.013332,TRACKING,0.075288,0.004181,-0.027214,-0.250260,0.310061,0.078692,0.245829,1.000000,1.000000
1782351186.854735,-1,0.001080,0.013257,TRACKING,0.075761,0.004285,-0.028302,-0.250247,0.308356,0.078209,0.249196,1.000000,1.000000
1782351186.874806,-1,0.001071,0.013431,TRACKING,0.075809,0.004269,-0.029160,-0.250457,0.308300,0.078037,0.249196,1.000000,1.000000
1782351186.895102,-1,0.001068,0.013296,TRACKING,0.076179,0.004121,-0.030239,-0.250448,0.308267,0.078214,0.249196,1.000000,1.000000
1782351186.915200,-1,0.001081,0.013095,TRACKING,0.075966,0.003954,-0.031456,-0.250605,0.307690,0.078187,0.245999,1.000000,1.000000
1782351186.935269,-1,0.001077,0.012843,TRACKING,0.076173,0.003888,-0.032658,-0.250739,0.306594,0.077985,0.245999,1.000000,1.000000
1782351186.955348,-1,0.001083,0.012578,TRACKING,0.076906,0.003951,-0.034178,-0.250682,0.304651,0.077725,0.245999,1.000000,1.000000
1782351186.975469,-1,0.001129,0.012356,TRACKING,0.076862,0.003823,-0.035534,-0.250899,0.303348,0.077436,0.242462,1.000000,1.000000
1782351186.995505,-1,0.001091,0.012316,TRACKING,0.076599,0.003661,-0.036877,-0.251299,0.301457,0.076908,0.240540,1.000000,1.000000
1782351187.015828,-1,0.001087,0.012069,TRACKING,0.076176,0.003416,-0.038342,-0.251481,0.300310,0.076690,0.238785,1.000000,1.000000
1782351187.035858,-1,0.001044,0.011860,TRACKING,0.076337,0.003309,-0.039663,-0.251710,0.299460,0.076718,0.237006,1.000000,1.000000
1782351187.055953,-1,0.001066,0.011612,TRACKING,0.076282,0.003307,-0.040985,-0.251621,0.297532,0.076396,0.235251,1.000000,1.000000
1782351187.076054,-1,0.001093,0.011464,TRACKING,0.076586,0.003263,-0.042163,-0.251655,0.295112,0.075869,0.237006,1.000000,1.000000
1782351187.096020,-1,0.000832,0.011459,TRACKING,0.076463,0.003232,-0.043287,-0.251686,0.294095,0.075713,0.237030,1.000000,1.000000
1782351187.116119,-1,0.000856,0.011305,TRACKING,0.076846,0.003039,-0.044360,-0.251883,0.293436,0.075596,0.238785,1.000000,1.000000
1782351187.136653,-1,0.001074,0.011394,TRACKING,0.077188,0.002775,-0.045143,-0.252072,0.293779,0.075614,0.239356,1.000000,1.000000
1782351187.156753,-1,0.001101,0.011218,TRACKING,0.077122,0.002634,-0.045966,-0.252454,0.293657,0.075456,0.239156,1.000000,1.000000
1782351187.177063,-1,0.000996,0.011471,TRACKING,0.078461,0.002342,-0.046743,-0.253029,0.294350,0.075767,0.242073,1.000000,1.000000
1782351187.197490,-1,0.001113,0.011541,TRACKING,0.078005,0.001847,-0.047750,-0.253528,0.294581,0.075978,0.236813,1.000000,1.000000
1782351187.217575,-1,0.001126,0.011400,TRACKING,0.078169,0.001650,-0.048686,-0.253817,0.293455,0.075883,0.236813,1.000000,1.000000
1782351187.237692,-1,0.001169,0.011296,TRACKING,0.078564,0.001621,-0.049777,-0.254013,0.291161,0.075557,0.236813,1.000000,1.000000
1782351187.257970,-1,0.001128,0.011465,TRACKING,0.078591,0.001318,-0.051045,-0.254034,0.289973,0.075433,0.235035,1.000000,1.000000
1782351187.277994,-1,0.001076,0.011340,TRACKING,0.078129,0.000993,-0.052310,-0.254327,0.288221,0.075206,0.231504,1.000000,1.000000
1782351187.298072,-1,0.001081,0.011237,TRACKING,0.078479,0.000800,-0.053786,-0.254669,0.286533,0.074830,0.231504,1.000000,1.000000
1782351187.318939,-1,0.001859,0.011310,TRACKING,0.079700,0.000570,-0.055320,-0.254886,0.284841,0.074678,0.230121,1.000000,1.000000
1782351187.339152,-1,0.001984,0.031697,TRACKING,0.090193,0.000356,-0.056959,-0.255003,0.282953,0.074429,0.228367,1.000000,1.000000
1782351187.359219,-1,0.001957,0.051883,TRACKING,0.099366,0.000083,-0.058507,-0.255136,0.280102,0.072874,0.224831,1.000000,1.000000
1782351187.379088,-1,0.001383,0.071922,TRACKING,0.108337,-0.000273,-0.060082,-0.255341,0.277853,0.071730,0.224305,1.000000,1.000000
1782351187.399522,-1,0.001734,0.092009,TRACKING,0.118012,-0.000675,-0.061607,-0.255678,0.275288,0.070858,0.222554,1.000000,1.000000
1782351187.419545,-1,0.001673,0.112064,TRACKING,0.121306,-0.000944,-0.062929,-0.255881,0.273227,0.070254,0.219025,1.000000,1.000000
1782351187.440031,-1,0.002076,0.132548,TRACKING,0.121567,-0.001101,-0.064095,-0.256083,0.270246,0.069503,0.215496,1.000000,1.000000
1782351187.459874,-1,0.001476,0.152563,TRACKING,0.120565,-0.001178,-0.065349,-0.256203,0.267483,0.068959,0.213745,1.000000,1.000000
1782351187.479734,-1,0.001258,0.172637,TRACKING,0.119895,-0.001217,-0.066466,-0.256312,0.264903,0.068414,0.210216,1.000000,1.000000
1782351187.500297,-1,0.001740,0.192764,TRACKING,0.119831,-0.001287,-0.067355,-0.256110,0.262699,0.067794,0.206688,1.000000,1.000000
1782351187.519983,-1,0.001346,0.212779,RECOVERY,0.119733,-0.001462,-0.068275,-0.255903,0.261206,0.067555,0.206688,1.000000,1.000000
1782351187.540259,-1,0.001299,0.233095,RECOVERY,0.146041,-0.001688,-0.063171,-0.256161,0.188331,0.071236,0.215000,1.000000,1.000000
1782351187.560370,-1,0.001332,0.253194,RECOVERY,0.134328,-0.001758,-0.035045,-0.254533,0.146868,0.069483,0.162500,1.000000,1.000000
1782351187.580281,-1,0.001166,0.273245,RECOVERY,0.112752,-0.000384,-0.008541,-0.254988,0.136497,0.055034,0.135952,1.000000,1.000000
1782351187.600312,-1,0.001121,0.293310,RECOVERY,0.107671,0.002366,0.009136,-0.258211,0.123910,0.049258,0.150942,1.000000,1.000000
1782351187.620449,-1,0.001185,0.313373,RECOVERY,0.096108,0.006696,0.018115,-0.257704,0.117875,0.047434,0.102500,1.000000,1.000000
1782351187.640477,-1,0.000857,0.333757,RECOVERY,0.093874,0.009707,0.023814,-0.255686,0.117853,0.046166,0.095244,1.000000,1.000000
1782351187.661005,-1,0.000973,0.354153,RECOVERY,0.090524,0.010564,0.028496,-0.255027,0.115881,0.044412,0.097500,1.000000,1.000000
1782351187.681939,-1,0.001783,0.374277,RECOVERY,0.089872,0.010308,0.030816,-0.255258,0.113209,0.042789,0.100000,1.000000,1.000000
1782351187.702069,-1,0.001671,0.394578,RECOVERY,0.086963,0.009845,0.032008,-0.255650,0.111513,0.041099,0.089836,1.000000,1.000000
1782351187.722078,-1,0.001595,0.414635,RECOVERY,0.086704,0.009726,0.032958,-0.255650,0.110222,0.039582,0.091624,1.000000,1.000000
1782351187.742663,-1,0.001884,0.434961,RECOVERY,0.086717,0.009679,0.033670,-0.254890,0.109969,0.038590,0.091624,1.000000,1.000000
1782351187.763037,-1,0.002172,0.455060,RECOVERY,0.088074,0.009476,0.034202,-0.254406,0.110508,0.038296,0.095000,1.000000,1.000000
1782351187.783115,-1,0.001813,0.475537,RECOVERY,0.089279,0.009217,0.035317,-0.254620,0.111789,0.038093,0.100000,1.000000,1.000000
1782351187.802957,-1,0.001564,0.495552,RECOVERY,0.089730,0.008850,0.036561,-0.254713,0.113253,0.038055,0.100000,1.000000,1.000000
1782351187.823492,-1,0.001797,0.515856,RECOVERY,0.092292,0.008515,0.038259,-0.254825,0.114459,0.037942,0.110000,1.000000,1.000000
1782351187.843543,-1,0.001764,0.536141,RECOVERY,0.093448,0.008172,0.040254,-0.254788,0.116156,0.038031,0.110000,1.000000,1.000000
1782351187.863771,-1,0.001723,0.556228,RECOVERY,0.094042,0.007770,0.042350,-0.254875,0.117995,0.038195,0.112500,1.000000,1.000000
1782351187.883686,-1,0.001552,0.576292,RECOVERY,0.095570,0.007333,0.044755,-0.254990,0.120205,0.038517,0.112500,1.000000,1.000000
1782351187.904254,-1,0.001818,0.596591,RECOVERY,0.097197,0.006803,0.047542,-0.255036,0.122524,0.038901,0.115000,1.000000,1.000000
1782351187.924326,-1,0.001807,0.616895,RECOVERY,0.098804,0.006331,0.050356,-0.255172,0.124888,0.039325,0.117500,1.000000,1.000000
1782351187.944219,-1,0.001617,0.636755,RECOVERY,0.099774,0.005760,0.053799,-0.255465,0.127237,0.039769,0.117500,1.000000,1.000000
1782351187.964269,-1,0.001578,0.656859,RECOVERY,0.101116,0.005284,0.057280,-0.255373,0.130040,0.040272,0.117500,1.000000,1.000000
1782351187.984169,-1,0.001396,0.676939,RECOVERY,0.102662,0.004716,0.061000,-0.254988,0.132996,0.040864,0.117914,1.000000,1.000000
1782351188.004063,-1,0.001242,0.696951,RECOVERY,0.103811,0.004114,0.064900,-0.254707,0.135669,0.041339,0.117914,1.000000,1.000000
1782351188.024717,-1,0.001768,0.717122,RECOVERY,0.106623,0.003443,0.069045,-0.254437,0.138428,0.041896,0.122144,1.000000,1.000000
1782351188.044978,-1,0.001906,0.737473,RECOVERY,0.109335,0.002850,0.073435,-0.254092,0.141970,0.042595,0.127134,1.000000,1.000000
1782351188.065108,-1,0.001665,0.757609,RECOVERY,0.111649,0.002015,0.078379,-0.253937,0.145586,0.043272,0.129659,1.000000,1.000000
1782351188.085412,-1,0.001596,0.777969,RECOVERY,0.113794,0.001149,0.083317,-0.254200,0.148994,0.043990,0.133234,1.000000,1.000000
1782351188.104967,-1,0.001079,0.798227,RECOVERY,0.115778,0.000379,0.088445,-0.254227,0.152547,0.044758,0.137173,1.000000,1.000000
1782351188.125052,-1,0.000868,0.818299,RECOVERY,0.117755,-0.000515,0.093740,-0.254171,0.156331,0.045565,0.137088,1.000000,1.000000
1782351188.145494,-1,0.001018,0.838587,RECOVERY,0.122144,-0.001364,0.099739,-0.254098,0.159708,0.046330,0.145211,1.000000,1.000000
1782351188.165606,-1,0.001055,0.858664,RECOVERY,0.125265,-0.002204,0.105792,-0.253701,0.163326,0.047087,0.146856,1.000000,1.000000
1782351188.185764,-1,0.001140,0.878980,RECOVERY,0.128789,-0.003234,0.111813,-0.253553,0.166980,0.047866,0.149501,1.000000,1.000000
1782351188.205734,-1,0.001056,0.898791,RECOVERY,0.132901,-0.004323,0.118423,-0.253753,0.171340,0.048833,0.157246,1.000000,1.000000
1782351188.225803,-1,0.001052,0.918866,RECOVERY,0.135575,-0.005562,0.125447,-0.253902,0.175499,0.049764,0.157183,1.000000,1.000000
1782351188.245697,-1,0.000874,0.938940,RECOVERY,0.140049,-0.006688,0.132411,-0.254010,0.179667,0.050746,0.165510,1.000000,1.000000
1782351188.265971,-1,0.001073,0.959028,RECOVERY,0.143617,-0.007948,0.139532,-0.253977,0.183471,0.051648,0.168639,1.000000,1.000000
1782351188.286031,-1,0.001060,0.979087,RECOVERY,0.147613,-0.009094,0.146933,-0.253908,0.187971,0.052674,0.171887,1.000000,1.000000
1782351188.306107,-1,0.001062,0.999161,RECOVERY,0.152844,-0.010734,0.154690,-0.253955,0.194739,0.054175,0.177838,1.000000,1.000000
1782351188.326167,-1,0.001049,1.019229,RECOVERY,0.155321,-0.012219,0.162078,-0.254358,0.200671,0.055624,0.182156,1.000000,1.000000
1782351188.346393,-1,0.001059,1.039440,RECOVERY,0.154886,-0.013462,0.168668,-0.254511,0.206175,0.057090,0.180616,1.000000,1.000000
1782351188.366722,-1,0.001228,1.059625,RECOVERY,0.154620,-0.014175,0.172992,-0.253964,0.210282,0.058278,0.180134,1.000000,1.000000
1782351188.386722,-1,0.001153,1.079715,RECOVERY,0.157406,-0.014783,0.177177,-0.252945,0.214694,0.059648,0.186326,1.000000,1.000000
1782351188.406707,-1,0.001065,1.099757,RECOVERY,0.157391,-0.015120,0.180295,-0.252143,0.218880,0.061031,0.189113,1.000000,1.000000
1782351188.426726,-1,0.001013,1.119825,SAFE_STAND,0.155245,-0.015301,0.181724,-0.251455,0.222349,0.062407,0.188638,1.000000,1.000000
1782351188.446865,-1,0.001079,1.139920,SAFE_STAND,0.155258,-0.015081,0.181655,-0.250534,0.224889,0.063624,0.185988,1.000000,1.000000
1782351188.466881,-1,0.001024,1.159965,SAFE_STAND,0.154051,-0.014856,0.181193,-0.249270,0.226071,0.064503,0.180282,1.000000,1.000000
1782351188.487183,-1,0.001065,1.180251,SAFE_STAND,0.154616,-0.014125,0.181016,-0.247863,0.226192,0.065214,0.178371,1.000000,1.000000
1782351188.507341,-1,0.001150,1.200302,SAFE_STAND,0.154879,-0.013164,0.180673,-0.245941,0.226188,0.065917,0.180255,1.000000,1.000000
1782351188.527243,-1,0.000980,1.220383,SAFE_STAND,0.153619,-0.012026,0.180704,-0.243968,0.226192,0.066493,0.178371,1.000000,1.000000
1782351188.547519,-1,0.001183,1.240453,SAFE_STAND,0.153438,-0.011220,0.181390,-0.242626,0.226188,0.066867,0.178371,1.000000,1.000000
1782351188.567927,-1,0.001059,1.260981,SAFE_STAND,0.152999,-0.010754,0.182365,-0.241517,0.226192,0.067062,0.176486,1.000000,1.000000
1782351188.587783,-1,0.000844,1.281054,SAFE_STAND,0.154092,-0.010411,0.183665,-0.240856,0.226204,0.067088,0.180282,1.000000,1.000000
1782351188.608295,-1,0.001118,1.301302,SAFE_STAND,0.154626,-0.010436,0.184886,-0.240760,0.226266,0.066996,0.180282,1.000000,1.000000
1782351188.628274,-1,0.001024,1.321360,SAFE_STAND,0.155193,-0.010650,0.185992,-0.240967,0.226544,0.066867,0.182193,1.000000,1.000000
1782351188.648548,-1,0.001228,1.341436,SAFE_STAND,0.155885,-0.011128,0.186601,-0.240887,0.227250,0.066782,0.184104,1.000000,1.000000
1782351188.668413,-1,0.000824,1.361701,SAFE_STAND,0.156294,-0.011657,0.186674,-0.239837,0.227962,0.066724,0.183711,1.000000,1.000000
1782351188.688928,-1,0.001046,1.381993,SAFE_STAND,0.157646,-0.012233,0.185999,-0.238796,0.229026,0.066742,0.186512,1.000000,1.000000
1782351188.709007,-1,0.001054,1.402068,SAFE_STAND,0.159152,-0.013136,0.184676,-0.237883,0.230682,0.066840,0.188463,1.000000,1.000000
1782351188.729032,-1,0.001008,1.422130,SAFE_STAND,0.160069,-0.014220,0.183014,-0.236751,0.232597,0.067012,0.192266,1.000000,1.000000
1782351188.749552,-1,0.001154,1.442523,SAFE_STAND,0.159416,-0.015162,0.180957,-0.235698,0.234380,0.067182,0.192857,1.000000,1.000000
1782351188.769537,-1,0.001068,1.462581,SAFE_STAND,0.158838,-0.015680,0.178926,-0.234845,0.235948,0.067277,0.190572,1.000000,1.000000
1782351188.789560,-1,0.001019,1.482641,SAFE_STAND,0.156599,-0.016311,0.176624,-0.234050,0.236263,0.067094,0.184845,1.000000,1.000000
1782351188.809826,-1,0.001213,1.502738,SAFE_STAND,0.155810,-0.016485,0.174552,-0.233748,0.236247,0.066672,0.184845,1.000000,1.000000
1782351188.829885,-1,0.000853,1.523152,SAFE_STAND,0.154141,-0.016968,0.172909,-0.234082,0.236227,0.066241,0.184845,1.000000,1.000000
1782351188.850456,-1,0.000996,1.543558,SAFE_STAND,0.153440,-0.017277,0.171454,-0.234634,0.236128,0.065895,0.182925,1.000000,1.000000
1782351188.870639,-1,0.001050,1.563923,SAFE_STAND,0.153707,-0.017476,0.169702,-0.234793,0.235852,0.065537,0.184845,1.000000,1.000000
1782351188.890951,-1,0.001069,1.584001,SAFE_STAND,0.152127,-0.017595,0.167563,-0.234645,0.235398,0.065257,0.181037,1.000000,1.000000
1782351188.911021,-1,0.001059,1.604088,SAFE_STAND,0.151523,-0.017665,0.165624,-0.234650,0.234798,0.064984,0.182957,1.000000,1.000000
1782351188.931132,-1,0.001087,1.624166,SAFE_STAND,0.150824,-0.017769,0.163866,-0.235052,0.234180,0.064718,0.181497,1.000000,1.000000
1782351188.951283,-1,0.001100,1.644303,SAFE_STAND,0.150318,-0.017972,0.162256,-0.235819,0.233763,0.064519,0.182455,1.000000,1.000000
1782351188.971399,-1,0.001093,1.664687,SAFE_STAND,0.149253,-0.018192,0.161101,-0.236471,0.233510,0.064385,0.180573,1.000000,1.000000
1782351188.991785,-1,0.001095,1.684823,SAFE_STAND,0.148705,-0.018384,0.160115,-0.237092,0.233332,0.064286,0.180573,1.000000,1.000000
1782351189.011886,-1,0.001080,1.704926,SAFE_STAND,0.148227,-0.018489,0.159418,-0.237487,0.233222,0.064240,0.180573,1.000000,1.000000
1782351189.032000,-1,0.001077,1.725288,SAFE_STAND,0.148002,-0.018572,0.158964,-0.237728,0.233206,0.064219,0.182455,1.000000,1.000000
1782351189.052157,-1,0.001111,1.745163,SAFE_STAND,0.148647,-0.018633,0.158910,-0.237881,0.233202,0.064217,0.184370,1.000000,1.000000
1782351189.072080,-1,0.000819,1.765380,SAFE_STAND,0.148622,-0.018636,0.159210,-0.237921,0.233210,0.064216,0.184370,1.000000,1.000000
1782351189.092736,-1,0.001100,1.785769,SAFE_STAND,0.149487,-0.018721,0.159887,-0.238036,0.233214,0.064206,0.182455,1.000000,1.000000
1782351189.112844,-1,0.000829,1.806135,SAFE_STAND,0.149772,-0.018821,0.160880,-0.238139,0.233225,0.064188,0.182455,1.000000,1.000000
1782351189.133214,-1,0.001078,1.826259,SAFE_STAND,0.150564,-0.018932,0.162251,-0.238376,0.233229,0.064170,0.182455,1.000000,1.000000
1782351189.153349,-1,0.001084,1.846384,SAFE_STAND,0.151486,-0.019033,0.163835,-0.238578,0.233241,0.064151,0.182455,1.000000,1.000000
1782351189.173374,-1,0.001033,1.866474,SAFE_STAND,0.153134,-0.019108,0.165552,-0.238754,0.233273,0.064137,0.186252,1.000000,1.000000
1782351189.193624,-1,0.001162,1.886616,SAFE_STAND,0.153725,-0.019184,0.167490,-0.238954,0.233308,0.064134,0.184338,1.000000,1.000000
1782351189.213961,-1,0.001074,1.907008,SAFE_STAND,0.153651,-0.019261,0.169444,-0.239059,0.233332,0.064143,0.184370,1.000000,1.000000
1782351189.234117,-1,0.001106,1.927136,SAFE_STAND,0.153729,-0.019288,0.171163,-0.239178,0.233352,0.064175,0.182455,1.000000,1.000000
1782351189.254282,-1,0.001146,1.947556,SAFE_STAND,0.154584,-0.019290,0.172635,-0.239320,0.233415,0.064262,0.184370,1.000000,1.000000
1782351189.274384,-1,0.001132,1.967666,SAFE_STAND,0.154964,-0.019155,0.173992,-0.239289,0.233518,0.064396,0.184370,1.000000,1.000000
1782351189.294911,-1,0.001279,1.987889,SAFE_STAND,0.155378,-0.018949,0.175169,-0.238986,0.233672,0.064530,0.184370,1.000000,1.000000
1782351189.314918,-1,0.001210,2.007906,SAFE_STAND,0.155318,-0.018803,0.176213,-0.238497,0.233758,0.064681,0.184370,1.000000,1.000000
1782351189.334913,-1,0.001133,2.027888,SAFE_STAND,0.155456,-0.018535,0.177145,-0.238059,0.233979,0.064852,0.185314,1.000000,1.000000
1782351189.355078,-1,0.001171,2.048024,SAFE_STAND,0.155958,-0.018387,0.177979,-0.237872,0.234234,0.064981,0.185314,1.000000,1.000000
1782351189.375537,-1,0.001556,2.068116,SAFE_STAND,0.156005,-0.018324,0.178846,-0.237879,0.234340,0.065055,0.185314,1.000000,1.000000
1782351189.395013,-1,0.000821,2.088305,SAFE_STAND,0.155743,-0.018243,0.179654,-0.238048,0.234399,0.065107,0.185314,1.000000,1.000000
1782351189.415553,-1,0.001068,2.108620,SAFE_STAND,0.156404,-0.018131,0.180329,-0.238028,0.234423,0.065153,0.187205,1.000000,1.000000
1782351189.435608,-1,0.001051,2.128665,SAFE_STAND,0.155766,-0.018050,0.180813,-0.237983,0.234439,0.065176,0.184845,1.000000,1.000000
1782351189.455702,-1,0.001072,2.148742,SAFE_STAND,0.155506,-0.017986,0.181133,-0.237963,0.234439,0.065189,0.184845,1.000000,1.000000
1782351189.476057,-1,0.001094,2.169098,SAFE_STAND,0.155024,-0.017920,0.181227,-0.237932,0.234447,0.065195,0.184845,1.000000,1.000000
1782351189.496191,-1,0.001096,2.189230,SAFE_STAND,0.155530,-0.017857,0.181202,-0.237883,0.234447,0.065196,0.186764,1.000000,1.000000
1782351189.516297,-1,0.001075,2.209347,SAFE_STAND,0.155629,-0.017824,0.180995,-0.237860,0.234435,0.065195,0.184845,1.000000,1.000000
1782351189.536383,-1,0.001042,2.229476,SAFE_STAND,0.155707,-0.017775,0.180585,-0.237766,0.234443,0.065199,0.184845,1.000000,1.000000
1782351189.556433,-1,0.000843,2.249714,SAFE_STAND,0.154998,-0.017713,0.180023,-0.237602,0.234435,0.065204,0.182957,1.000000,1.000000
1782351189.577161,-1,0.001459,2.269992,SAFE_STAND,0.156416,-0.017632,0.179338,-0.237340,0.234435,0.065210,0.186764,1.000000,1.000000
1782351189.596829,-1,0.001054,2.289894,SAFE_STAND,0.154985,-0.017589,0.178581,-0.237084,0.234427,0.065213,0.184845,1.000000,1.000000
1782351189.616908,-1,0.001060,2.309967,SAFE_STAND,0.154792,-0.017525,0.177777,-0.236775,0.234431,0.065219,0.184845,1.000000,1.000000
1782351189.636922,-1,0.001002,2.330036,SAFE_STAND,0.154687,-0.017481,0.176955,-0.236507,0.234431,0.065219,0.184845,1.000000,1.000000
1782351189.657053,-1,0.001060,2.350111,SAFE_STAND,0.154574,-0.017471,0.176074,-0.236316,0.234419,0.065215,0.185281,1.000000,1.000000
1782351189.677126,-1,0.001060,2.370391,SAFE_STAND,0.154151,-0.017463,0.175214,-0.236194,0.234431,0.065217,0.184845,1.000000,1.000000
1782351189.697253,-1,0.000852,2.390515,SAFE_STAND,0.153817,-0.017446,0.174451,-0.236069,0.234427,0.065213,0.186764,1.000000,1.000000
1782351189.718026,-1,0.001349,2.410787,SAFE_STAND,0.153535,-0.017427,0.173700,-0.236042,0.234427,0.065207,0.184845,1.000000,1.000000
1782351189.738820,-1,0.001612,2.431366,SAFE_STAND,0.153343,-0.017373,0.173039,-0.235939,0.234423,0.065204,0.183389,1.000000,1.000000
1782351189.759561,-1,0.001990,2.451758,SAFE_STAND,0.153396,-0.017397,0.172471,-0.235907,0.234419,0.065200,0.183389,1.000000,1.000000
1782351189.779667,-1,0.001952,2.472161,SAFE_STAND,0.153527,-0.017414,0.172004,-0.235914,0.234423,0.065188,0.184845,1.000000,1.000000
1782351189.800300,-1,0.002206,2.492416,SAFE_STAND,0.153215,-0.017507,0.171620,-0.235918,0.234411,0.065173,0.185314,1.000000,1.000000
1782351189.819611,-1,0.001410,2.512362,SAFE_STAND,0.152006,-0.017575,0.171420,-0.235894,0.234419,0.065165,0.183389,1.000000,1.000000
1782351189.840533,-1,0.002244,2.532513,SAFE_STAND,0.153135,-0.017574,0.171298,-0.235949,0.234415,0.065156,0.185314,1.000000,1.000000
1782351189.860651,-1,0.001824,2.553060,SAFE_STAND,0.152619,-0.017592,0.171256,-0.235966,0.234415,0.065153,0.183389,1.000000,1.000000
1782351189.881281,-1,0.002069,2.573445,SAFE_STAND,0.153492,-0.017599,0.171301,-0.235967,0.234419,0.065152,0.183389,1.000000,1.000000
1782351189.900997,-1,0.001704,2.593716,SAFE_STAND,0.152813,-0.017582,0.171442,-0.235956,0.234419,0.065152,0.183389,1.000000,1.000000
1782351189.920667,-1,0.001297,2.613571,SAFE_STAND,0.152605,-0.017563,0.171737,-0.236011,0.234427,0.065152,0.184876,1.000000,1.000000
1782351189.940595,-1,0.001145,2.633614,SAFE_STAND,0.152716,-0.017583,0.172083,-0.236112,0.234431,0.065148,0.184845,1.000000,1.000000
1782351189.960681,-1,0.001157,2.653684,SAFE_STAND,0.152898,-0.017623,0.172461,-0.236228,0.234427,0.065147,0.184876,1.000000,1.000000
1782351189.980755,-1,0.001157,2.673759,SAFE_STAND,0.152768,-0.017602,0.172885,-0.236337,0.234423,0.065143,0.181464,1.000000,1.000000
1782351190.000817,-1,0.001144,2.693830,SAFE_STAND,0.153238,-0.017618,0.173315,-0.236443,0.234423,0.065139,0.185281,1.000000,1.000000
1782351190.020798,-1,0.001051,2.713906,SAFE_STAND,0.153517,-0.017592,0.173748,-0.236528,0.234419,0.065141,0.185314,1.000000,1.000000
1782351190.040887,-1,0.001065,2.733977,SAFE_STAND,0.153527,-0.017577,0.174195,-0.236543,0.234435,0.065143,0.184845,1.000000,1.000000
1782351190.061219,-1,0.001322,2.754231,SAFE_STAND,0.153661,-0.017542,0.174563,-0.236542,0.234427,0.065140,0.185281,1.000000,1.000000
1782351190.080961,-1,0.000893,2.774227,SAFE_STAND,0.153290,-0.017545,0.174847,-0.236692,0.234431,0.065143,0.184876,1.000000,1.000000
1782351190.101555,-1,0.001186,2.794541,SAFE_STAND,0.153733,-0.017603,0.175056,-0.237006,0.234427,0.065143,0.185281,1.000000,1.000000
1782351190.121696,-1,0.000921,2.814938,SAFE_STAND,0.153357,-0.017645,0.175182,-0.237151,0.234439,0.065145,0.184845,1.000000,1.000000
1782351190.141983,-1,0.001126,2.835019,SAFE_STAND,0.153279,-0.017644,0.175315,-0.237116,0.234439,0.065146,0.184876,1.000000,1.000000
1782351190.162088,-1,0.001157,2.855090,SAFE_STAND,0.153005,-0.017635,0.175387,-0.237142,0.234439,0.065140,0.182957,1.000000,1.000000
1782351190.182234,-1,0.001223,2.875195,SAFE_STAND,0.153716,-0.017661,0.175421,-0.237146,0.234431,0.065139,0.186764,1.000000,1.000000
1782351190.202313,-1,0.001226,2.895246,SAFE_STAND,0.153436,-0.017643,0.175385,-0.237108,0.234439,0.065143,0.182957,1.000000,1.000000
1782351190.222281,-1,0.001120,2.915318,SAFE_STAND,0.153313,-0.017643,0.175294,-0.237066,0.234431,0.065141,0.183389,1.000000,1.000000
1782351190.242349,-1,0.001114,2.935579,SAFE_STAND,0.153606,-0.017648,0.175184,-0.237053,0.234427,0.065140,0.185281,1.000000,1.000000
1782351190.262499,-1,0.000974,2.955695,SAFE_STAND,0.153343,-0.017622,0.174988,-0.236990,0.234435,0.065141,0.184845,1.000000,1.000000
1782351190.282995,-1,0.001179,2.975993,SAFE_STAND,0.153557,-0.017596,0.174771,-0.236903,0.234431,0.065141,0.184845,1.000000,1.000000
1782351190.303137,-1,0.001245,2.996078,SAFE_STAND,0.153432,-0.017586,0.174549,-0.236822,0.234427,0.065141,0.183389,1.000000,1.000000
1782351190.323531,-1,0.001352,3.016508,SAFE_STAND,0.153464,-0.017594,0.174277,-0.236774,0.234423,0.065141,0.185281,1.000000,1.000000
1782351190.343132,-1,0.000878,3.036411,SAFE_STAND,0.152716,-0.017594,0.173987,-0.236720,0.234427,0.065142,0.183389,1.000000,1.000000
1782351190.363768,-1,0.001228,3.056684,SAFE_STAND,0.153333,-0.017556,0.173730,-0.236714,0.234431,0.065144,0.184876,1.000000,1.000000
1782351190.384377,-1,0.001761,3.076803,SAFE_STAND,0.153500,-0.017575,0.173498,-0.236692,0.234419,0.065143,0.185281,1.000000,1.000000
1782351190.404307,-1,0.001284,3.097200,SAFE_STAND,0.152488,-0.017575,0.173297,-0.236695,0.234419,0.065145,0.183389,1.000000,1.000000
1782351190.424680,-1,0.001566,3.117341,SAFE_STAND,0.152718,-0.017573,0.173088,-0.236705,0.234415,0.065146,0.183389,1.000000,1.000000
1782351190.445308,-1,0.001759,3.137971,SAFE_STAND,0.152999,-0.017553,0.172941,-0.236719,0.234427,0.065147,0.182957,1.000000,1.000000
1782351190.465343,-1,0.001708,3.158076,SAFE_STAND,0.154094,-0.017534,0.172881,-0.236721,0.234423,0.065146,0.187205,1.000000,1.000000
1782351190.485069,-1,0.001290,3.177955,SAFE_STAND,0.152350,-0.017535,0.172897,-0.236722,0.234419,0.065146,0.183389,1.000000,1.000000
1782351190.505306,-1,0.001434,3.198054,SAFE_STAND,0.152402,-0.017534,0.172868,-0.236723,0.234423,0.065147,0.183389,1.000000,1.000000
1782351190.525218,-1,0.001263,3.218112,SAFE_STAND,0.153023,-0.017530,0.172879,-0.236726,0.234423,0.065147,0.185314,1.000000,1.000000
1782351190.545269,-1,0.001239,3.238210,SAFE_STAND,0.153114,-0.017530,0.172968,-0.236758,0.234419,0.065142,0.185314,1.000000,1.000000
1782351190.566134,-1,0.001502,3.258905,SAFE_STAND,0.153166,-0.017524,0.173078,-0.236764,0.234427,0.065145,0.182957,1.000000,1.000000
1782351190.585855,-1,0.001179,3.278883,SAFE_STAND,0.152974,-0.017527,0.173207,-0.236812,0.234419,0.065143,0.185314,1.000000,1.000000
1782351190.605824,-1,0.001072,3.298915,SAFE_STAND,0.153017,-0.017555,0.173334,-0.236860,0.234427,0.065145,0.185314,1.000000,1.000000
1782351190.625928,-1,0.001103,3.318995,SAFE_STAND,0.152710,-0.017548,0.173473,-0.236890,0.234419,0.065143,0.183389,1.000000,1.000000
1782351190.646211,-1,0.000945,3.339441,SAFE_STAND,0.152845,-0.017550,0.173626,-0.236956,0.234431,0.065145,0.185281,1.000000,1.000000
1782351190.666652,-1,0.001092,3.359720,SAFE_STAND,0.153277,-0.017562,0.173793,-0.237000,0.234427,0.065143,0.185314,1.000000,1.000000
1782351190.686834,-1,0.001188,3.379816,SAFE_STAND,0.153051,-0.017573,0.173895,-0.237009,0.234427,0.065142,0.183356,1.000000,1.000000
1782351190.706939,-1,0.001220,3.399886,SAFE_STAND,0.153394,-0.017555,0.173971,-0.237004,0.234423,0.065140,0.185314,1.000000,1.000000
1782351190.727577,-1,0.001431,3.420378,SAFE_STAND,0.153559,-0.017583,0.174031,-0.237066,0.234427,0.065142,0.185314,1.000000,1.000000
1782351190.747647,-1,0.001422,3.440416,SAFE_STAND,0.153497,-0.017613,0.174038,-0.237070,0.234435,0.065141,0.184876,1.000000,1.000000
1782351190.768624,-1,0.001957,3.461262,SAFE_STAND,0.153999,-0.017619,0.173989,-0.237112,0.234427,0.065142,0.183389,1.000000,1.000000
1782351190.788462,-1,0.001363,3.481242,SAFE_STAND,0.153109,-0.017632,0.173962,-0.237122,0.234427,0.065140,0.183389,1.000000,1.000000
1782351190.808399,-1,0.001218,3.501290,SAFE_STAND,0.152917,-0.017638,0.173937,-0.237116,0.234419,0.065137,0.183389,1.000000,1.000000
1782351190.828397,-1,0.001133,3.521363,SAFE_STAND,0.152867,-0.017632,0.173831,-0.237091,0.234427,0.065140,0.183389,1.000000,1.000000
1782351190.848289,-1,0.000801,3.541595,SAFE_STAND,0.152391,-0.017625,0.173676,-0.237104,0.234427,0.065139,0.183389,1.000000,1.000000
1782351190.868820,-1,0.001034,3.561907,SAFE_STAND,0.152611,-0.017615,0.173556,-0.237073,0.234423,0.065139,0.185281,1.000000,1.000000
1782351190.888890,-1,0.001031,3.581959,SAFE_STAND,0.152232,-0.017578,0.173441,-0.237066,0.234423,0.065142,0.183389,1.000000,1.000000
1782351190.908979,-1,0.001045,3.602036,SAFE_STAND,0.152505,-0.017569,0.173326,-0.237063,0.234435,0.065142,0.182957,1.000000,1.000000
1782351190.929031,-1,0.001023,3.622113,SAFE_STAND,0.152428,-0.017545,0.173212,-0.236971,0.234419,0.065140,0.183389,1.000000,1.000000
1782351190.949106,-1,0.001023,3.642187,SAFE_STAND,0.153019,-0.017553,0.173139,-0.236909,0.234423,0.065141,0.187205,1.000000,1.000000
1782351190.969694,-1,0.001336,3.662503,SAFE_STAND,0.152267,-0.017549,0.173042,-0.236870,0.234419,0.065141,0.183389,1.000000,1.000000
1782351190.989539,-1,0.001092,3.682580,SAFE_STAND,0.152131,-0.017536,0.173002,-0.236845,0.234419,0.065141,0.183389,1.000000,1.000000
1782351191.009623,-1,0.001049,3.702699,SAFE_STAND,0.152444,-0.017517,0.172973,-0.236852,0.234423,0.065142,0.183389,1.000000,1.000000
1782351191.029941,-1,0.001293,3.722813,SAFE_STAND,0.153078,-0.017498,0.172961,-0.236870,0.234419,0.065141,0.185281,1.000000,1.000000
1782351191.049887,-1,0.000918,3.743107,SAFE_STAND,0.152076,-0.017502,0.172951,-0.236898,0.234423,0.065142,0.183389,1.000000,1.000000
1782351191.070313,-1,0.001055,3.763378,SAFE_STAND,0.152486,-0.017496,0.172947,-0.236886,0.234423,0.065141,0.185281,1.000000,1.000000
1782351191.090453,-1,0.001121,3.783450,SAFE_STAND,0.152584,-0.017519,0.173037,-0.236962,0.234431,0.065142,0.182957,1.000000,1.000000
1782351191.110605,-1,0.001199,3.803529,SAFE_STAND,0.152718,-0.017520,0.173107,-0.236964,0.234435,0.065144,0.182957,1.000000,1.000000
1782351191.131060,-1,0.001083,3.824118,SAFE_STAND,0.152591,-0.017516,0.173217,-0.236993,0.234423,0.065141,0.185281,1.000000,1.000000
1782351191.151224,-1,0.001174,3.844156,SAFE_STAND,0.152243,-0.017493,0.173287,-0.236978,0.234423,0.065141,0.183389,1.000000,1.000000
1782351191.171349,-1,0.001225,3.864252,SAFE_STAND,0.153114,-0.017523,0.173358,-0.237033,0.234419,0.065139,0.185314,1.000000,1.000000
1782351191.191415,-1,0.001217,3.884317,SAFE_STAND,0.153129,-0.017494,0.173418,-0.237070,0.234423,0.065139,0.185281,1.000000,1.000000
1782351191.211618,-1,0.001004,3.904714,SAFE_STAND,0.152413,-0.017515,0.173424,-0.237114,0.234435,0.065142,0.184845,1.000000,1.000000
1782351191.231726,-1,0.001040,3.924799,SAFE_STAND,0.152163,-0.017534,0.173479,-0.237155,0.234435,0.065143,0.182957,1.000000,1.000000
1782351191.251838,-1,0.001074,3.944900,SAFE_STAND,0.152482,-0.017527,0.173509,-0.237153,0.234431,0.065141,0.182957,1.000000,1.000000
1782351191.272017,-1,0.001179,3.965016,SAFE_STAND,0.153075,-0.017494,0.173534,-0.237160,0.234431,0.065141,0.185281,1.000000,1.000000
1782351191.292470,-1,0.001150,3.985483,SAFE_STAND,0.152727,-0.017498,0.173547,-0.237159,0.234423,0.065139,0.185314,1.000000,1.000000
1782351191.312533,-1,0.001142,4.005560,SAFE_STAND,0.152697,-0.017474,0.173510,-0.237169,0.234427,0.065140,0.183389,1.000000,1.000000
1782351191.332572,-1,0.001107,4.025638,SAFE_STAND,0.152691,-0.017477,0.173412,-0.237153,0.234431,0.065140,0.183389,1.000000,1.000000
1782351191.352650,-1,0.001107,4.045730,SAFE_STAND,0.152875,-0.017465,0.173295,-0.237127,0.234423,0.065140,0.185281,1.000000,1.000000
1782351191.373317,-1,0.001697,4.066037,SAFE_STAND,0.152820,-0.017475,0.173246,-0.237138,0.234419,0.065138,0.183389,1.000000,1.000000
1782351191.392832,-1,0.001001,4.086003,SAFE_STAND,0.152382,-0.017471,0.173199,-0.237137,0.234423,0.065139,0.183389,1.000000,1.000000
1782351191.413268,-1,0.001156,4.106273,SAFE_STAND,0.152267,-0.017504,0.173093,-0.237176,0.234419,0.065139,0.183389,1.000000,1.000000
1782351191.433939,-1,0.001745,4.126435,SAFE_STAND,0.152794,-0.017473,0.173004,-0.237185,0.234419,0.065140,0.181497,1.000000,1.000000
1782351191.453405,-1,0.001125,4.146421,SAFE_STAND,0.152407,-0.017480,0.172947,-0.237202,0.234427,0.065141,0.183389,1.000000,1.000000
1782351191.473495,-1,0.001140,4.166681,SAFE_STAND,0.152442,-0.017517,0.172915,-0.237236,0.234435,0.065141,0.182957,1.000000,1.000000
1782351191.493851,-1,0.001057,4.186910,SAFE_STAND,0.152642,-0.017527,0.172831,-0.237237,0.234419,0.065139,0.187205,1.000000,1.000000
1782351191.514102,-1,0.001215,4.207000,SAFE_STAND,0.152391,-0.017536,0.172805,-0.237253,0.234419,0.065140,0.185314,1.000000,1.000000
1782351191.533936,-1,0.000975,4.227075,SAFE_STAND,0.152565,-0.017519,0.172760,-0.237267,0.234427,0.065141,0.185314,1.000000,1.000000
1782351191.554113,-1,0.001080,4.247372,SAFE_STAND,0.152369,-0.017504,0.172767,-0.237228,0.234423,0.065140,0.183389,1.000000,1.000000
1782351191.574413,-1,0.001070,4.267463,SAFE_STAND,0.151941,-0.017479,0.172702,-0.237150,0.234431,0.065140,0.182957,1.000000,1.000000
1782351191.594496,-1,0.001059,4.287560,SAFE_STAND,0.152416,-0.017501,0.172739,-0.237182,0.234427,0.065140,0.185281,1.000000,1.000000
1782351191.614582,-1,0.001051,4.307646,SAFE_STAND,0.152516,-0.017505,0.172812,-0.237242,0.234423,0.065140,0.185281,1.000000,1.000000
1782351191.634676,-1,0.001070,4.327721,SAFE_STAND,0.152749,-0.017497,0.172861,-0.237258,0.234423,0.065142,0.185314,1.000000,1.000000
1782351191.654668,-1,0.000989,4.347788,SAFE_STAND,0.152990,-0.017510,0.172897,-0.237292,0.234427,0.065140,0.187205,1.000000,1.000000
1782351191.674956,-1,0.001204,4.367871,SAFE_STAND,0.152608,-0.017498,0.172920,-0.237262,0.234423,0.065141,0.183389,1.000000,1.000000
1782351191.695417,-1,0.001217,4.388339,SAFE_STAND,0.152591,-0.017487,0.172914,-0.237260,0.234427,0.065140,0.183389,1.000000,1.000000
1782351191.715448,-1,0.001173,4.408383,SAFE_STAND,0.152448,-0.017495,0.172933,-0.237289,0.234423,0.065141,0.185281,1.000000,1.000000
1782351191.735587,-1,0.001157,4.428572,SAFE_STAND,0.152530,-0.017467,0.172947,-0.237318,0.234423,0.065139,0.183389,1.000000,1.000000
1782351191.755629,-1,0.001068,4.448919,SAFE_STAND,0.152374,-0.017485,0.172959,-0.237370,0.234427,0.065140,0.183389,1.000000,1.000000
1782351191.776057,-1,0.001204,4.469070,SAFE_STAND,0.152305,-0.017479,0.172965,-0.237404,0.234427,0.065139,0.183389,1.000000,1.000000
1782351191.796358,-1,0.001374,4.489242,SAFE_STAND,0.152884,-0.017491,0.172949,-0.237414,0.234427,0.065139,0.183389,1.000000,1.000000
1782351191.817004,-1,0.001888,4.509413,SAFE_STAND,0.153461,-0.017456,0.172898,-0.237442,0.234419,0.065138,0.185314,1.000000,1.000000
1782351191.837120,-1,0.001904,4.529388,SAFE_STAND,0.152917,-0.017486,0.172877,-0.237488,0.234431,0.065140,0.182957,1.000000,1.000000
1782351191.856434,-1,0.001142,4.549618,SAFE_STAND,0.152722,-0.017509,0.172818,-0.237535,0.234423,0.065140,0.185314,1.000000,1.000000
1782351191.876627,-1,0.001037,4.569696,SAFE_STAND,0.151961,-0.017510,0.172800,-0.237557,0.234423,0.065139,0.183389,1.000000,1.000000
1782351191.896793,-1,0.001131,4.589773,SAFE_STAND,0.152021,-0.017511,0.172758,-0.237590,0.234423,0.065140,0.183389,1.000000,1.000000
1782351191.917054,-1,0.001251,4.610047,SAFE_STAND,0.152691,-0.017527,0.172737,-0.237627,0.234419,0.065140,0.183389,1.000000,1.000000
1782351191.937452,-1,0.001523,4.630405,SAFE_STAND,0.152698,-0.017533,0.172703,-0.237683,0.234423,0.065139,0.183389,1.000000,1.000000
1782351191.957077,-1,0.000891,4.650356,SAFE_STAND,0.152367,-0.017499,0.172592,-0.237687,0.234419,0.065140,0.185281,1.000000,1.000000
1782351191.977468,-1,0.001159,4.670483,SAFE_STAND,0.151937,-0.017508,0.172524,-0.237675,0.234423,0.065139,0.183389,1.000000,1.000000
1782351191.997700,-1,0.001260,4.690610,SAFE_STAND,0.152529,-0.017495,0.172491,-0.237676,0.234423,0.065140,0.183389,1.000000,1.000000
1782351192.018210,-1,0.001650,4.710832,SAFE_STAND,0.152729,-0.017491,0.172466,-0.237705,0.234431,0.065141,0.183389,1.000000,1.000000
1782351192.038062,-1,0.001244,4.731003,SAFE_STAND,0.152022,-0.017485,0.172498,-0.237724,0.234423,0.065139,0.183389,1.000000,1.000000
1782351192.058437,-1,0.001381,4.751323,SAFE_STAND,0.153080,-0.017499,0.172466,-0.237779,0.234419,0.065140,0.185314,1.000000,1.000000
1782351192.078469,-1,0.001292,4.771402,SAFE_STAND,0.152307,-0.017522,0.172476,-0.237827,0.234423,0.065139,0.181464,1.000000,1.000000
1782351192.098950,-1,0.001437,4.791900,SAFE_STAND,0.152935,-0.017512,0.172469,-0.237848,0.234427,0.065139,0.185314,1.000000,1.000000
1782351192.119115,-1,0.001371,4.811997,SAFE_STAND,0.152424,-0.017528,0.172502,-0.237919,0.234419,0.065139,0.183389,1.000000,1.000000
1782351192.139196,-1,0.001329,4.832102,SAFE_STAND,0.152741,-0.017546,0.172504,-0.237943,0.234419,0.065138,0.183389,1.000000,1.000000
1782351192.159179,-1,0.001193,4.852195,SAFE_STAND,0.152860,-0.017545,0.172518,-0.237975,0.234427,0.065141,0.185314,1.000000,1.000000
1782351192.179832,-1,0.001771,4.872221,SAFE_STAND,0.152574,-0.017537,0.172540,-0.237947,0.234435,0.065140,0.182957,1.000000,1.000000
1782351192.199679,-1,0.001274,4.892541,SAFE_STAND,0.152036,-0.017545,0.172547,-0.237932,0.234427,0.065139,0.183389,1.000000,1.000000
1782351192.219697,-1,0.001215,4.912600,SAFE_STAND,0.152021,-0.017556,0.172543,-0.237978,0.234423,0.065138,0.183389,1.000000,1.000000
1782351192.239760,-1,0.001192,4.932677,SAFE_STAND,0.152473,-0.017577,0.172547,-0.238011,0.234427,0.065139,0.183389,1.000000,1.000000
1782351192.259678,-1,0.001039,4.952745,SAFE_STAND,0.151948,-0.017585,0.172557,-0.237980,0.234419,0.065136,0.183389,1.000000,1.000000
1782351192.279826,-1,0.001114,4.972847,SAFE_STAND,0.152384,-0.017634,0.172547,-0.237982,0.234427,0.065142,0.183389,1.000000,1.000000
1782351192.300436,-1,0.001651,4.993374,SAFE_STAND,0.152964,-0.017635,0.172501,-0.237991,0.234431,0.065141,0.184876,1.000000,1.000000
1782351192.319849,-1,0.000828,5.013127,SAFE_STAND,0.152273,-0.017673,0.172454,-0.238032,0.234419,0.065138,0.185281,1.000000,1.000000
1782351192.340327,-1,0.001020,5.033414,SAFE_STAND,0.152179,-0.017689,0.172421,-0.238034,0.234419,0.065139,0.185314,1.000000,1.000000
1782351192.360567,-1,0.001183,5.053501,SAFE_STAND,0.151888,-0.017679,0.172407,-0.238041,0.234419,0.065138,0.183389,1.000000,1.000000
1782351192.381419,-1,0.001355,5.074229,SAFE_STAND,0.152131,-0.017669,0.172370,-0.238027,0.234427,0.065140,0.183389,1.000000,1.000000
1782351192.401244,-1,0.001105,5.094251,SAFE_STAND,0.152327,-0.017660,0.172321,-0.238054,0.234427,0.065140,0.183389,1.000000,1.000000
1782351192.421680,-1,0.001468,5.114327,SAFE_STAND,0.152338,-0.017665,0.172237,-0.238091,0.234423,0.065140,0.183389,1.000000,1.000000
1782351192.442070,-1,0.001580,5.134610,SAFE_STAND,0.152498,-0.017677,0.172197,-0.238143,0.234427,0.065140,0.183389,1.000000,1.000000
1782351192.461434,-1,0.000856,5.154692,SAFE_STAND,0.152251,-0.017664,0.172205,-0.238202,0.234427,0.065140,0.185314,1.000000,1.000000
1782351192.482018,-1,0.001153,5.174996,SAFE_STAND,0.152385,-0.017657,0.172211,-0.238182,0.234423,0.065138,0.183389,1.000000,1.000000
1782351192.502049,-1,0.001108,5.195114,SAFE_STAND,0.152745,-0.017634,0.172217,-0.238224,0.234423,0.065137,0.185314,1.000000,1.000000
1782351192.522089,-1,0.001074,5.215361,SAFE_STAND,0.152227,-0.017610,0.172260,-0.238218,0.234419,0.065139,0.183389,1.000000,1.000000
1782351192.542312,-1,0.000851,5.235573,SAFE_STAND,0.151605,-0.017631,0.172241,-0.238254,0.234427,0.065139,0.181464,1.000000,1.000000
1782351192.562750,-1,0.000992,5.255885,SAFE_STAND,0.152088,-0.017621,0.172248,-0.238297,0.234423,0.065141,0.183389,1.000000,1.000000
1782351192.583056,-1,0.001224,5.275945,SAFE_STAND,0.152822,-0.017607,0.172289,-0.238295,0.234419,0.065136,0.185281,1.000000,1.000000
1782351192.603337,-1,0.001077,5.296381,SAFE_STAND,0.152215,-0.017594,0.172317,-0.238271,0.234419,0.065139,0.185314,1.000000,1.000000
1782351192.623539,-1,0.001206,5.316446,SAFE_STAND,0.151963,-0.017584,0.172360,-0.238269,0.234419,0.065138,0.183389,1.000000,1.000000
1782351192.643444,-1,0.001038,5.336517,SAFE_STAND,0.152562,-0.017588,0.172372,-0.238266,0.234423,0.065140,0.187205,1.000000,1.000000
1782351192.663487,-1,0.001009,5.356588,SAFE_STAND,0.152096,-0.017571,0.172317,-0.238231,0.234423,0.065139,0.183389,1.000000,1.000000
1782351192.683633,-1,0.001085,5.376717,SAFE_STAND,0.152572,-0.017526,0.172324,-0.238173,0.234427,0.065140,0.185314,1.000000,1.000000
1782351192.703690,-1,0.001069,5.396940,SAFE_STAND,0.152954,-0.017539,0.172315,-0.238185,0.234423,0.065139,0.187205,1.000000,1.000000
1782351192.724265,-1,0.001351,5.417151,SAFE_STAND,0.152550,-0.017527,0.172315,-0.238228,0.234431,0.065140,0.182957,1.000000,1.000000
1782351192.744291,-1,0.001249,5.437271,SAFE_STAND,0.152601,-0.017517,0.172324,-0.238227,0.234427,0.065140,0.183389,1.000000,1.000000
1782351192.764470,-1,0.001306,5.457401,SAFE_STAND,0.152567,-0.017532,0.172330,-0.238268,0.234427,0.065139,0.183389,1.000000,1.000000
1782351192.784917,-1,0.001273,5.477847,SAFE_STAND,0.152402,-0.017522,0.172294,-0.238260,0.234419,0.065140,0.185281,1.000000,1.000000
1782351192.804872,-1,0.001154,5.497890,SAFE_STAND,0.151971,-0.017540,0.172290,-0.238294,0.234427,0.065139,0.181464,1.000000,1.000000
1782351192.825073,-1,0.001282,5.517955,SAFE_STAND,0.151937,-0.017523,0.172254,-0.238225,0.234431,0.065141,0.182957,1.000000,1.000000
1782351192.845140,-1,0.001273,5.538056,SAFE_STAND,0.152481,-0.017519,0.172219,-0.238241,0.234419,0.065140,0.183389,1.000000,1.000000
1782351192.865717,-1,0.001419,5.558646,SAFE_STAND,0.152394,-0.017542,0.172185,-0.238290,0.234423,0.065138,0.183389,1.000000,1.000000
1782351192.885499,-1,0.001128,5.578535,SAFE_STAND,0.151896,-0.017554,0.172186,-0.238286,0.234419,0.065138,0.183389,1.000000,1.000000
1782351192.905644,-1,0.001200,5.598609,SAFE_STAND,0.152016,-0.017544,0.172177,-0.238297,0.234419,0.065138,0.183389,1.000000,1.000000
1782351192.925759,-1,0.001242,5.618684,SAFE_STAND,0.152818,-0.017557,0.172146,-0.238297,0.234423,0.065139,0.185314,1.000000,1.000000
1782351192.945970,-1,0.000959,5.639197,SAFE_STAND,0.151963,-0.017584,0.172102,-0.238315,0.234423,0.065138,0.183389,1.000000,1.000000
1782351192.966590,-1,0.001285,5.659474,SAFE_STAND,0.152241,-0.017588,0.172090,-0.238295,0.234419,0.065138,0.185314,1.000000,1.000000
1782351192.986487,-1,0.001108,5.679543,SAFE_STAND,0.152187,-0.017590,0.172074,-0.238318,0.234431,0.065139,0.182957,1.000000,1.000000
1782351193.006626,-1,0.001174,5.699821,SAFE_STAND,0.152668,-0.017595,0.172115,-0.238357,0.234423,0.065138,0.185314,1.000000,1.000000
1782351193.026677,-1,0.001152,5.719919,SAFE_STAND,0.152383,-0.017579,0.172109,-0.238374,0.234427,0.065140,0.183389,1.000000,1.000000
1782351193.046718,-1,0.001112,5.739942,SAFE_STAND,0.152234,-0.017593,0.172083,-0.238400,0.234423,0.065139,0.183389,1.000000,1.000000
1782351193.067094,-1,0.001186,5.760088,SAFE_STAND,0.152043,-0.017598,0.172115,-0.238419,0.234423,0.065139,0.183389,1.000000,1.000000
1782351193.087115,-1,0.001135,5.780114,SAFE_STAND,0.151943,-0.017609,0.172081,-0.238456,0.234427,0.065140,0.183389,1.000000,1.000000
1782351193.107191,-1,0.001137,5.800209,SAFE_STAND,0.152697,-0.017600,0.172126,-0.238495,0.234423,0.065138,0.185281,1.000000,1.000000
1782351193.127889,-1,0.001763,5.820347,SAFE_STAND,0.153048,-0.017601,0.172145,-0.238503,0.234423,0.065137,0.185281,1.000000,1.000000
1782351193.147349,-1,0.001094,5.840642,SAFE_STAND,0.152656,-0.017608,0.172177,-0.238495,0.234419,0.065138,0.185314,1.000000,1.000000
1782351193.167782,-1,0.001136,5.860780,SAFE_STAND,0.152279,-0.017598,0.172207,-0.238498,0.234435,0.065140,0.182957,1.000000,1.000000
1782351193.187996,-1,0.001279,5.880847,SAFE_STAND,0.152519,-0.017589,0.172217,-0.238492,0.234419,0.065137,0.183389,1.000000,1.000000
1782351193.207826,-1,0.001035,5.900897,SAFE_STAND,0.152157,-0.017589,0.172272,-0.238522,0.234423,0.065137,0.183389,1.000000,1.000000
1782351193.227898,-1,0.001031,5.920973,SAFE_STAND,0.152447,-0.017589,0.172248,-0.238539,0.234419,0.065136,0.185314,1.000000,1.000000
1782351193.247947,-1,0.001009,5.941251,SAFE_STAND,0.152180,-0.017580,0.172263,-0.238547,0.234423,0.065138,0.183389,1.000000,1.000000
1782351193.268083,-1,0.000813,5.961377,SAFE_STAND,0.152052,-0.017588,0.172233,-0.238597,0.234427,0.065139,0.184845,1.000000,1.000000
1782351193.288637,-1,0.001080,5.981680,SAFE_STAND,0.151946,-0.017593,0.172212,-0.238612,0.234419,0.065139,0.183389,1.000000,1.000000
1782351193.308649,-1,0.001020,6.001945,SAFE_STAND,0.152071,-0.017587,0.172131,-0.238576,0.234427,0.065141,0.183389,1.000000,1.000000
1782351193.328935,-1,0.001234,6.021806,SAFE_STAND,0.152500,-0.017556,0.172104,-0.238572,0.234423,0.065138,0.185281,1.000000,1.000000
1782351193.348658,-1,0.000809,6.041955,SAFE_STAND,0.151762,-0.017549,0.172116,-0.238602,0.234419,0.065137,0.183389,1.000000,1.000000
1782351193.369183,-1,0.001044,6.062257,SAFE_STAND,0.152091,-0.017552,0.172106,-0.238636,0.234423,0.065139,0.183389,1.000000,1.000000
1782351193.389218,-1,0.001007,6.082341,SAFE_STAND,0.152379,-0.017554,0.172071,-0.238639,0.234419,0.065137,0.185314,1.000000,1.000000
1782351193.409352,-1,0.001065,6.102403,SAFE_STAND,0.152495,-0.017533,0.172059,-0.238648,0.234427,0.065140,0.185314,1.000000,1.000000
1782351193.429407,-1,0.001048,6.122469,SAFE_STAND,0.152238,-0.017543,0.172065,-0.238672,0.234423,0.065139,0.183389,1.000000,1.000000
1782351193.449487,-1,0.000841,6.142754,SAFE_STAND,0.152050,-0.017529,0.172052,-0.238684,0.234423,0.065139,0.185281,1.000000,1.000000
1782351193.469790,-1,0.001112,6.162791,SAFE_STAND,0.151427,-0.017515,0.172049,-0.238664,0.234427,0.065139,0.181497,1.000000,1.000000
1782351193.489599,-1,0.000849,6.182860,SAFE_STAND,0.152110,-0.017517,0.172058,-0.238702,0.234423,0.065138,0.185314,1.000000,1.000000
1782351193.509812,-1,0.000987,6.202935,SAFE_STAND,0.152106,-0.017528,0.172110,-0.238762,0.234423,0.065138,0.183389,1.000000,1.000000
1782351193.529950,-1,0.001053,6.223015,SAFE_STAND,0.152126,-0.017537,0.172131,-0.238793,0.234423,0.065138,0.183389,1.000000,1.000000
1782351193.550050,-1,0.001080,6.243099,SAFE_STAND,0.152214,-0.017544,0.172132,-0.238853,0.234423,0.065138,0.183389,1.000000,1.000000
1782351193.570138,-1,0.000872,6.263382,SAFE_STAND,0.152153,-0.017527,0.172126,-0.238845,0.234423,0.065137,0.185314,1.000000,1.000000
1782351193.590585,-1,0.001031,6.283670,SAFE_STAND,0.152095,-0.017520,0.172105,-0.238842,0.234427,0.065138,0.183389,1.000000,1.000000
1782351193.610691,-1,0.001064,6.303746,SAFE_STAND,0.152183,-0.017510,0.172138,-0.238866,0.234427,0.065138,0.183389,1.000000,1.000000
1782351193.630739,-1,0.001038,6.323822,SAFE_STAND,0.152518,-0.017500,0.172187,-0.238871,0.234419,0.065137,0.185314,1.000000,1.000000
1782351193.650901,-1,0.001126,6.344124,SAFE_STAND,0.152272,-0.017505,0.172220,-0.238907,0.234423,0.065139,0.183389,1.000000,1.000000
1782351193.671063,-1,0.001055,6.364132,SAFE_STAND,0.152210,-0.017466,0.172219,-0.238903,0.234419,0.065136,0.185281,1.000000,1.000000
1782351193.691139,-1,0.001059,6.384197,SAFE_STAND,0.151789,-0.017462,0.172217,-0.238875,0.234427,0.065138,0.183389,1.000000,1.000000
1782351193.710973,-1,0.000820,6.404261,SAFE_STAND,0.152092,-0.017460,0.172190,-0.238873,0.234423,0.065138,0.185314,1.000000,1.000000
1782351193.731406,-1,0.001158,6.424375,SAFE_STAND,0.152244,-0.017447,0.172185,-0.238925,0.234427,0.065139,0.183389,1.000000,1.000000
1782351193.751399,-1,0.001076,6.444445,SAFE_STAND,0.151961,-0.017415,0.172234,-0.238908,0.234423,0.065138,0.181464,1.000000,1.000000
1782351193.771450,-1,0.000843,6.464726,SAFE_STAND,0.151661,-0.017417,0.172188,-0.238941,0.234431,0.065140,0.182957,1.000000,1.000000
1782351193.792140,-1,0.001247,6.485016,SAFE_STAND,0.152554,-0.017424,0.172168,-0.238927,0.234423,0.065138,0.187205,1.000000,1.000000
1782351193.812061,-1,0.001095,6.505081,SAFE_STAND,0.152118,-0.017391,0.172113,-0.238876,0.234423,0.065138,0.183389,1.000000,1.000000
1782351193.832944,-1,0.001903,6.525635,SAFE_STAND,0.153923,-0.017394,0.172066,-0.238894,0.234427,0.065137,0.187205,1.000000,1.000000
1782351193.852586,-1,0.001267,6.545465,SAFE_STAND,0.151983,-0.017400,0.172095,-0.238874,0.234427,0.065139,0.183389,1.000000,1.000000
1782351193.872605,-1,0.001169,6.565568,SAFE_STAND,0.152193,-0.017400,0.172088,-0.238865,0.234419,0.065137,0.185314,1.000000,1.000000
1782351193.892604,-1,0.001087,6.585634,SAFE_STAND,0.151825,-0.017390,0.172123,-0.238887,0.234431,0.065140,0.182957,1.000000,1.000000
1782351193.912656,-1,0.001066,6.605711,SAFE_STAND,0.152421,-0.017368,0.172130,-0.238889,0.234427,0.065137,0.185281,1.000000,1.000000
1782351193.932859,-1,0.001192,6.625776,SAFE_STAND,0.152584,-0.017364,0.172159,-0.238920,0.234423,0.065138,0.185314,1.000000,1.000000
1782351193.953111,-1,0.000958,6.646348,SAFE_STAND,0.152184,-0.017394,0.172102,-0.238951,0.234423,0.065139,0.185314,1.000000,1.000000
1782351193.973264,-1,0.001035,6.666340,SAFE_STAND,0.152040,-0.017392,0.172105,-0.238915,0.234427,0.065138,0.184876,1.000000,1.000000
1782351193.993452,-1,0.001147,6.686432,SAFE_STAND,0.152850,-0.017389,0.172108,-0.238894,0.234423,0.065138,0.187205,1.000000,1.000000
1782351194.013484,-1,0.001106,6.706499,SAFE_STAND,0.152148,-0.017373,0.172107,-0.238924,0.234427,0.065138,0.183389,1.000000,1.000000
1782351194.033532,-1,0.001080,6.726785,SAFE_STAND,0.152430,-0.017351,0.172114,-0.238901,0.234419,0.065137,0.185314,1.000000,1.000000
1782351194.053723,-1,0.001040,6.746786,SAFE_STAND,0.152059,-0.017351,0.172128,-0.238885,0.234423,0.065138,0.185314,1.000000,1.000000
1782351194.073834,-1,0.001046,6.766906,SAFE_STAND,0.152084,-0.017349,0.172148,-0.238894,0.234427,0.065138,0.185314,1.000000,1.000000
1782351194.093894,-1,0.001035,6.786965,SAFE_STAND,0.152338,-0.017343,0.172178,-0.238876,0.234419,0.065136,0.187205,1.000000,1.000000
1782351194.113945,-1,0.001013,6.807038,SAFE_STAND,0.152357,-0.017327,0.172177,-0.238879,0.234423,0.065138,0.187205,1.000000,1.000000
1782351194.134662,-1,0.001656,6.827121,SAFE_STAND,0.152592,-0.017334,0.172227,-0.238889,0.234423,0.065138,0.185281,1.000000,1.000000
1782351194.155014,-1,0.001921,6.847262,SAFE_STAND,0.152614,-0.017353,0.172283,-0.238969,0.234423,0.065138,0.183389,1.000000,1.000000
1782351194.175053,-1,0.001875,6.867585,SAFE_STAND,0.152954,-0.017356,0.172290,-0.238950,0.234423,0.065138,0.185314,1.000000,1.000000
1782351194.195033,-1,0.001665,6.887550,SAFE_STAND,0.152287,-0.017351,0.172269,-0.238984,0.234423,0.065138,0.183389,1.000000,1.000000
1782351194.215139,-1,0.001646,6.907675,SAFE_STAND,0.152623,-0.017345,0.172274,-0.238996,0.234427,0.065140,0.183389,1.000000,1.000000
1782351194.235596,-1,0.001783,6.927966,SAFE_STAND,0.152496,-0.017348,0.172296,-0.239013,0.234427,0.065140,0.183389,1.000000,1.000000
1782351194.255666,-1,0.001769,6.948252,SAFE_STAND,0.152515,-0.017371,0.172304,-0.239073,0.234427,0.065139,0.183389,1.000000,1.000000
1782351194.275666,-1,0.001596,6.968229,SAFE_STAND,0.152534,-0.017348,0.172300,-0.239073,0.234423,0.065139,0.185314,1.000000,1.000000
1782351194.295871,-1,0.001714,6.988394,SAFE_STAND,0.152901,-0.017326,0.172289,-0.239048,0.234431,0.065140,0.184876,1.000000,1.000000
1782351194.316285,-1,0.001825,7.008624,SAFE_STAND,0.152845,-0.017338,0.172255,-0.239045,0.234427,0.065138,0.185314,1.000000,1.000000
1782351194.336326,-1,0.001782,7.028910,SAFE_STAND,0.152897,-0.017331,0.172230,-0.239045,0.234427,0.065137,0.185281,1.000000,1.000000
1782351194.356345,-1,0.001551,7.048944,SAFE_STAND,0.152444,-0.017343,0.172255,-0.239052,0.234423,0.065137,0.185314,1.000000,1.000000
1782351194.376740,-1,0.001782,7.069155,SAFE_STAND,0.152833,-0.017322,0.172270,-0.239013,0.234419,0.065138,0.183389,1.000000,1.000000
1782351194.396202,-1,0.001160,7.089179,SAFE_STAND,0.152376,-0.017320,0.172287,-0.238995,0.234423,0.065138,0.183389,1.000000,1.000000
1782351194.416296,-1,0.001181,7.109233,SAFE_STAND,0.152593,-0.017301,0.172297,-0.238996,0.234427,0.065137,0.185314,1.000000,1.000000
1782351194.436476,-1,0.001166,7.129423,SAFE_STAND,0.152309,-0.017299,0.172272,-0.238982,0.234435,0.065139,0.182957,1.000000,1.000000
1782351194.456783,-1,0.001042,7.149860,SAFE_STAND,0.152135,-0.017296,0.172225,-0.238990,0.234427,0.065138,0.185314,1.000000,1.000000
1782351194.477031,-1,0.001188,7.170035,SAFE_STAND,0.152201,-0.017322,0.172234,-0.238987,0.234435,0.065140,0.182957,1.000000,1.000000
1782351194.497104,-1,0.001190,7.190084,SAFE_STAND,0.152423,-0.017311,0.172206,-0.239014,0.234427,0.065138,0.183389,1.000000,1.000000
1782351194.517510,-1,0.001219,7.210463,SAFE_STAND,0.152220,-0.017329,0.172234,-0.239012,0.234423,0.065138,0.185281,1.000000,1.000000
1782351194.537662,-1,0.001296,7.230524,SAFE_STAND,0.152635,-0.017318,0.172202,-0.239045,0.234427,0.065138,0.184845,1.000000,1.000000
1782351194.557690,-1,0.001202,7.250661,SAFE_STAND,0.152492,-0.017299,0.172214,-0.239039,0.234431,0.065138,0.183389,1.000000,1.000000
1782351194.578458,-1,0.001854,7.270880,SAFE_STAND,0.152780,-0.017302,0.172243,-0.239080,0.234423,0.065140,0.183389,1.000000,1.000000
1782351194.598582,-1,0.001833,7.291284,SAFE_STAND,0.152568,-0.017305,0.172192,-0.239112,0.234435,0.065139,0.182957,1.000000,1.000000
1782351194.618711,-1,0.001883,7.311480,SAFE_STAND,0.153439,-0.017316,0.172163,-0.239119,0.234427,0.065138,0.183389,1.000000,1.000000
1782351194.638792,-1,0.001569,7.331554,SAFE_STAND,0.152765,-0.017315,0.172094,-0.239086,0.234431,0.065140,0.182957,1.000000,1.000000
1782351194.659706,-1,0.001621,7.352329,SAFE_STAND,0.153268,-0.017307,0.172076,-0.239104,0.234419,0.065137,0.185281,1.000000,1.000000
1782351194.679805,-1,0.001180,7.372798,SAFE_STAND,0.151864,-0.017314,0.172061,-0.239135,0.234423,0.065138,0.183389,1.000000,1.000000
1782351194.699766,-1,0.000955,7.392978,SAFE_STAND,0.151825,-0.017306,0.172029,-0.239137,0.234423,0.065138,0.183389,1.000000,1.000000
1782351194.720862,-1,0.001762,7.413304,SAFE_STAND,0.152511,-0.017330,0.172025,-0.239163,0.234435,0.065140,0.182957,1.000000,1.000000
1782351194.741364,-1,0.002182,7.433755,SAFE_STAND,0.153671,-0.017332,0.172011,-0.239141,0.234427,0.065139,0.183389,1.000000,1.000000
1782351194.761292,-1,0.001631,7.453921,SAFE_STAND,0.152838,-0.017317,0.171963,-0.239137,0.234419,0.065137,0.183389,1.000000,1.000000
1782351194.781271,-1,0.001191,7.474306,SAFE_STAND,0.152296,-0.017301,0.171991,-0.239165,0.234423,0.065138,0.183389,1.000000,1.000000
1782351194.802178,-1,0.001765,7.494677,SAFE_STAND,0.152900,-0.017289,0.172041,-0.239138,0.234427,0.065140,0.185281,1.000000,1.000000
1782351194.822635,-1,0.001956,7.514923,SAFE_STAND,0.153207,-0.017278,0.172003,-0.239139,0.234427,0.065138,0.186764,1.000000,1.000000
1782351194.842686,-1,0.001923,7.534980,SAFE_STAND,0.152695,-0.017264,0.172029,-0.239147,0.234427,0.065135,0.183389,1.000000,1.000000
1782351194.862684,-1,0.001835,7.555219,SAFE_STAND,0.152772,-0.017263,0.172050,-0.239169,0.234435,0.065140,0.184876,1.000000,1.000000
1782351194.882757,-1,0.001825,7.575302,SAFE_STAND,0.152468,-0.017245,0.172063,-0.239149,0.234423,0.065138,0.183389,1.000000,1.000000
1782351194.902708,-1,0.001681,7.595250,SAFE_STAND,0.152331,-0.017268,0.172081,-0.239194,0.234423,0.065137,0.183389,1.000000,1.000000
1782351194.922789,-1,0.001462,7.615531,SAFE_STAND,0.152553,-0.017257,0.172082,-0.239176,0.234419,0.065137,0.185314,1.000000,1.000000
1782351194.943455,-1,0.001697,7.635976,SAFE_STAND,0.152548,-0.017248,0.172042,-0.239194,0.234431,0.065140,0.182957,1.000000,1.000000
1782351194.964242,-1,0.002121,7.656341,SAFE_STAND,0.152742,-0.017249,0.172042,-0.239219,0.234419,0.065137,0.183389,1.000000,1.000000
1782351194.983622,-1,0.001402,7.676382,SAFE_STAND,0.152146,-0.017239,0.171996,-0.239190,0.234431,0.065137,0.182957,1.000000,1.000000
1782351195.004267,-1,0.001739,7.696887,SAFE_STAND,0.152352,-0.017244,0.171997,-0.239204,0.234423,0.065138,0.183389,1.000000,1.000000
1782351195.024175,-1,0.001350,7.716985,SAFE_STAND,0.151979,-0.017227,0.171976,-0.239239,0.234435,0.065139,0.182957,1.000000,1.000000
1782351195.044276,-1,0.001367,7.737069,SAFE_STAND,0.152057,-0.017203,0.171943,-0.239206,0.234427,0.065140,0.183389,1.000000,1.000000
1782351195.065020,-1,0.001808,7.757375,SAFE_STAND,0.152356,-0.017193,0.171944,-0.239201,0.234423,0.065137,0.183389,1.000000,1.000000
1782351195.085183,-1,0.001887,7.777675,SAFE_STAND,0.152893,-0.017213,0.171889,-0.239218,0.234419,0.065135,0.183389,1.000000,1.000000
1782351195.105278,-1,0.001541,7.797882,SAFE_STAND,0.152202,-0.017242,0.171899,-0.239244,0.234431,0.065138,0.182957,1.000000,1.000000
1782351195.125969,-1,0.001781,7.818388,SAFE_STAND,0.152892,-0.017259,0.171859,-0.239240,0.234423,0.065137,0.185314,1.000000,1.000000
1782351195.145938,-1,0.001565,7.838576,SAFE_STAND,0.152900,-0.017278,0.171843,-0.239293,0.234427,0.065140,0.185314,1.000000,1.000000
1782351195.166011,-1,0.001236,7.859223,SAFE_STAND,0.152510,-0.017292,0.171805,-0.239327,0.234427,0.065138,0.185314,1.000000,1.000000
1782351195.186533,-1,0.001684,7.879334,SAFE_STAND,0.152381,-0.017269,0.171844,-0.239276,0.234423,0.065138,0.183389,1.000000,1.000000
1782351195.206446,-1,0.001419,7.899272,SAFE_STAND,0.152147,-0.017260,0.171819,-0.239273,0.234423,0.065139,0.183389,1.000000,1.000000
1782351195.226265,-1,0.001159,7.919285,SAFE_STAND,0.152382,-0.017236,0.171816,-0.239242,0.234419,0.065136,0.187205,1.000000,1.000000
1782351195.246362,-1,0.001182,7.939352,SAFE_STAND,0.152465,-0.017238,0.171845,-0.239270,0.234427,0.065138,0.185281,1.000000,1.000000
1782351195.266390,-1,0.001137,7.959465,SAFE_STAND,0.152011,-0.017242,0.171822,-0.239257,0.234431,0.065138,0.182957,1.000000,1.000000
1782351195.286420,-1,0.001096,7.979489,SAFE_STAND,0.151976,-0.017231,0.171782,-0.239204,0.234423,0.065137,0.183389,1.000000,1.000000
1782351195.306583,-1,0.001186,7.999577,SAFE_STAND,0.152137,-0.017235,0.171736,-0.239200,0.234423,0.065138,0.183389,1.000000,1.000000
1782351195.326816,-1,0.001121,8.019848,SAFE_STAND,0.151740,-0.017270,0.171754,-0.239207,0.234423,0.065138,0.183389,1.000000,1.000000
1782351195.346881,-1,0.001113,8.039932,SAFE_STAND,0.151722,-0.017273,0.171749,-0.239188,0.234423,0.065138,0.183389,1.000000,1.000000
1782351195.366887,-1,0.001047,8.059999,SAFE_STAND,0.152125,-0.017256,0.171749,-0.239224,0.234431,0.065139,0.184876,1.000000,1.000000
1782351195.387201,-1,0.001289,8.080077,SAFE_STAND,0.152179,-0.017246,0.171747,-0.239170,0.234423,0.065136,0.183389,1.000000,1.000000
1782351195.407169,-1,0.001135,8.100166,SAFE_STAND,0.152400,-0.017220,0.171744,-0.239185,0.234423,0.065137,0.185314,1.000000,1.000000
1782351195.427821,-1,0.001322,8.120743,SAFE_STAND,0.152008,-0.017235,0.171784,-0.239160,0.234423,0.065137,0.183389,1.000000,1.000000
1782351195.447868,-1,0.001292,8.140797,SAFE_STAND,0.152279,-0.017245,0.171774,-0.239189,0.234423,0.065137,0.183389,1.000000,1.000000
1782351195.468030,-1,0.001335,8.160923,SAFE_STAND,0.152372,-0.017239,0.171772,-0.239172,0.234423,0.065137,0.183389,1.000000,1.000000
1782351195.488486,-1,0.001329,8.181404,SAFE_STAND,0.152274,-0.017263,0.171764,-0.239205,0.234431,0.065139,0.182957,1.000000,1.000000
1782351195.508664,-1,0.001347,8.201561,SAFE_STAND,0.152388,-0.017245,0.171764,-0.239222,0.234423,0.065137,0.183389,1.000000,1.000000
1782351195.528763,-1,0.001318,8.221669,SAFE_STAND,0.152346,-0.017247,0.171750,-0.239224,0.234427,0.065139,0.183389,1.000000,1.000000
1782351195.549226,-1,0.001705,8.241772,SAFE_STAND,0.152486,-0.017256,0.171703,-0.239229,0.234423,0.065139,0.183389,1.000000,1.000000
1782351195.569421,-1,0.001821,8.261818,SAFE_STAND,0.152807,-0.017273,0.171638,-0.239215,0.234423,0.065138,0.185314,1.000000,1.000000
1782351195.589559,-1,0.001555,8.282191,SAFE_STAND,0.152933,-0.017296,0.171660,-0.239262,0.234423,0.065137,0.185281,1.000000,1.000000
1782351195.609409,-1,0.001328,8.302248,SAFE_STAND,0.152198,-0.017297,0.171616,-0.239268,0.234423,0.065137,0.183389,1.000000,1.000000
1782351195.629693,-1,0.001322,8.322732,SAFE_STAND,0.152214,-0.017293,0.171632,-0.239281,0.234435,0.065140,0.182957,1.000000,1.000000
1782351195.650027,-1,0.001295,8.342879,SAFE_STAND,0.151790,-0.017298,0.171630,-0.239298,0.234435,0.065140,0.182957,1.000000,1.000000
1782351195.670138,-1,0.001327,8.362972,SAFE_STAND,0.152167,-0.017312,0.171602,-0.239289,0.234423,0.065139,0.185314,1.000000,1.000000
1782351195.690290,-1,0.001403,8.383032,SAFE_STAND,0.152382,-0.017306,0.171580,-0.239150,0.234423,0.065136,0.183389,1.000000,1.000000
1782351195.710220,-1,0.001255,8.403103,SAFE_STAND,0.152124,-0.017275,0.171552,-0.239112,0.234423,0.065137,0.183389,1.000000,1.000000
1782351195.730721,-1,0.001680,8.423190,SAFE_STAND,0.152300,-0.017315,0.171583,-0.239138,0.234423,0.065137,0.183389,1.000000,1.000000
1782351195.750755,-1,0.001371,8.443540,SAFE_STAND,0.151755,-0.017343,0.171595,-0.239180,0.234435,0.065140,0.182957,1.000000,1.000000
1782351195.770771,-1,0.001270,8.463633,SAFE_STAND,0.151597,-0.017334,0.171593,-0.239151,0.234431,0.065138,0.182957,1.000000,1.000000
1782351195.790875,-1,0.001300,8.483704,SAFE_STAND,0.152233,-0.017376,0.171592,-0.239182,0.234423,0.065139,0.183389,1.000000,1.000000
1782351195.811001,-1,0.001350,8.503809,SAFE_STAND,0.152575,-0.017396,0.171569,-0.239231,0.234423,0.065138,0.185281,1.000000,1.000000
1782351195.831482,-1,0.001330,8.524299,SAFE_STAND,0.152110,-0.017402,0.171525,-0.239209,0.234423,0.065137,0.185281,1.000000,1.000000
1782351195.852481,-1,0.002226,8.544519,SAFE_STAND,0.153162,-0.017431,0.171534,-0.239225,0.234431,0.065139,0.184876,1.000000,1.000000
1782351195.871593,-1,0.001256,8.564509,SAFE_STAND,0.152426,-0.017410,0.171496,-0.239212,0.234423,0.065137,0.185314,1.000000,1.000000
1782351195.891922,-1,0.001508,8.584566,SAFE_STAND,0.152163,-0.017408,0.171500,-0.239237,0.234423,0.065136,0.183389,1.000000,1.000000
1782351195.912086,-1,0.001595,8.604876,SAFE_STAND,0.152219,-0.017452,0.171504,-0.239295,0.234435,0.065139,0.182957,1.000000,1.000000
1782351195.931984,-1,0.001289,8.624843,SAFE_STAND,0.151827,-0.017461,0.171485,-0.239253,0.234423,0.065138,0.183389,1.000000,1.000000
1782351195.952380,-1,0.001607,8.644959,SAFE_STAND,0.152929,-0.017481,0.171470,-0.239261,0.234423,0.065139,0.185281,1.000000,1.000000
1782351195.972387,-1,0.001521,8.665043,SAFE_STAND,0.152275,-0.017479,0.171474,-0.239263,0.234423,0.065137,0.185314,1.000000,1.000000
1782351195.992874,-1,0.001579,8.685662,SAFE_STAND,0.152310,-0.017468,0.171437,-0.239237,0.234423,0.065136,0.183389,1.000000,1.000000
1782351196.012841,-1,0.001467,8.705529,SAFE_STAND,0.152107,-0.017452,0.171440,-0.239208,0.234423,0.065139,0.183389,1.000000,1.000000
1782351196.032749,-1,0.001298,8.725608,SAFE_STAND,0.151573,-0.017459,0.171410,-0.239173,0.234423,0.065137,0.181464,1.000000,1.000000
1782351196.052807,-1,0.001276,8.745684,SAFE_STAND,0.151852,-0.017443,0.171407,-0.239171,0.234423,0.065138,0.183389,1.000000,1.000000
1782351196.072784,-1,0.001173,8.765753,SAFE_STAND,0.151946,-0.017440,0.171417,-0.239141,0.234423,0.065139,0.185314,1.000000,1.000000
1782351196.092805,-1,0.001117,8.785831,SAFE_STAND,0.152226,-0.017438,0.171363,-0.239139,0.234427,0.065137,0.185314,1.000000,1.000000
1782351196.112852,-1,0.001086,8.805895,SAFE_STAND,0.152085,-0.017455,0.171293,-0.239104,0.234427,0.065138,0.184845,1.000000,1.000000
1782351196.133038,-1,0.000878,8.826291,SAFE_STAND,0.151540,-0.017460,0.171287,-0.239084,0.234423,0.065136,0.183356,1.000000,1.000000
1782351196.153571,-1,0.001000,8.846695,SAFE_STAND,0.152048,-0.017456,0.171236,-0.239043,0.234423,0.065138,0.185314,1.000000,1.000000
1782351196.173768,-1,0.001123,8.866791,SAFE_STAND,0.151928,-0.017455,0.171253,-0.239052,0.234431,0.065138,0.182957,1.000000,1.000000
1782351196.194364,-1,0.001253,8.887242,SAFE_STAND,0.151576,-0.017420,0.171270,-0.239060,0.234423,0.065138,0.183389,1.000000,1.000000
1782351196.214321,-1,0.001132,8.907315,SAFE_STAND,0.151953,-0.017437,0.171271,-0.239039,0.234423,0.065137,0.185281,1.000000,1.000000
1782351196.234514,-1,0.001252,8.927386,SAFE_STAND,0.152090,-0.017432,0.171280,-0.239034,0.234435,0.065138,0.182957,1.000000,1.000000
1782351196.255733,-1,0.001875,8.948118,SAFE_STAND,0.152597,-0.017431,0.171332,-0.238996,0.234419,0.065136,0.183389,1.000000,1.000000
1782351196.276273,-1,0.002103,8.968402,SAFE_STAND,0.152645,-0.017424,0.171344,-0.238983,0.234427,0.065137,0.182957,1.000000,1.000000
1782351196.296377,-1,0.001796,8.988792,SAFE_STAND,0.152843,-0.017427,0.171342,-0.239009,0.234427,0.065137,0.185281,1.000000,1.000000
1782351196.316357,-1,0.001690,9.008864,SAFE_STAND,0.152475,-0.017437,0.171364,-0.239054,0.234427,0.065138,0.183389,1.000000,1.000000
1782351196.336875,-1,0.001901,9.029148,SAFE_STAND,0.152760,-0.017437,0.171370,-0.239059,0.234427,0.065137,0.185314,1.000000,1.000000
1782351196.357010,-1,0.001947,9.049239,SAFE_STAND,0.152794,-0.017461,0.171376,-0.239097,0.234427,0.065137,0.185281,1.000000,1.000000
1782351196.377116,-1,0.001950,9.069552,SAFE_STAND,0.152822,-0.017444,0.171358,-0.239085,0.234423,0.065137,0.185314,1.000000,1.000000
1782351196.397187,-1,0.001933,9.089426,SAFE_STAND,0.153155,-0.017451,0.171428,-0.239100,0.234423,0.065138,0.185281,1.000000,1.000000
1782351196.417336,-1,0.001775,9.109726,SAFE_STAND,0.152870,-0.017429,0.171443,-0.239099,0.234423,0.065136,0.185281,1.000000,1.000000
1782351196.436831,-1,0.001195,9.129770,SAFE_STAND,0.151704,-0.017466,0.171446,-0.239137,0.234427,0.065138,0.183389,1.000000,1.000000
1782351196.457537,-1,0.001608,9.150044,SAFE_STAND,0.152553,-0.017463,0.171429,-0.239161,0.234427,0.065136,0.185314,1.000000,1.000000
1782351196.477380,-1,0.001209,9.170282,SAFE_STAND,0.151707,-0.017495,0.171448,-0.239173,0.234419,0.065136,0.183389,1.000000,1.000000
1782351196.497374,-1,0.001128,9.190366,SAFE_STAND,0.151972,-0.017501,0.171457,-0.239199,0.234423,0.065138,0.183389,1.000000,1.000000
1782351196.517437,-1,0.001117,9.210439,SAFE_STAND,0.151980,-0.017486,0.171418,-0.239130,0.234423,0.065136,0.183389,1.000000,1.000000
1782351196.537601,-1,0.001209,9.230500,SAFE_STAND,0.152016,-0.017501,0.171437,-0.239116,0.234427,0.065137,0.183389,1.000000,1.000000
1782351196.557632,-1,0.000953,9.250804,SAFE_STAND,0.151691,-0.017525,0.171459,-0.239152,0.234423,0.065137,0.183389,1.000000,1.000000
1782351196.578079,-1,0.001175,9.271031,SAFE_STAND,0.152402,-0.017525,0.171476,-0.239143,0.234423,0.065137,0.187205,1.000000,1.000000
1782351196.598022,-1,0.001044,9.291102,SAFE_STAND,0.152227,-0.017543,0.171470,-0.239163,0.234427,0.065137,0.185314,1.000000,1.000000
1782351196.618319,-1,0.001265,9.311262,SAFE_STAND,0.152204,-0.017560,0.171471,-0.239130,0.234423,0.065139,0.183389,1.000000,1.000000
1782351196.638878,-1,0.001336,9.331726,SAFE_STAND,0.152010,-0.017548,0.171517,-0.239131,0.234423,0.065136,0.183389,1.000000,1.000000
1782351196.658778,-1,0.001162,9.351800,SAFE_STAND,0.152144,-0.017552,0.171535,-0.239092,0.234427,0.065137,0.183389,1.000000,1.000000
1782351196.678906,-1,0.001217,9.371865,SAFE_STAND,0.152240,-0.017552,0.171512,-0.239084,0.234419,0.065136,0.183389,1.000000,1.000000
1782351196.698993,-1,0.001230,9.391943,SAFE_STAND,0.152160,-0.017530,0.171501,-0.239107,0.234423,0.065137,0.183389,1.000000,1.000000
1782351196.719038,-1,0.001201,9.412021,SAFE_STAND,0.152115,-0.017543,0.171518,-0.239138,0.234423,0.065137,0.183389,1.000000,1.000000
1782351196.739344,-1,0.001429,9.432254,SAFE_STAND,0.152496,-0.017549,0.171442,-0.239102,0.234423,0.065136,0.185314,1.000000,1.000000
1782351196.759533,-1,0.001352,9.452355,SAFE_STAND,0.152224,-0.017590,0.171449,-0.239129,0.234435,0.065139,0.184876,1.000000,1.000000
1782351196.779531,-1,0.001265,9.472431,SAFE_STAND,0.152182,-0.017590,0.171461,-0.239156,0.234423,0.065136,0.185314,1.000000,1.000000
1782351196.799556,-1,0.001209,9.492532,SAFE_STAND,0.152483,-0.017595,0.171456,-0.239147,0.234423,0.065137,0.185281,1.000000,1.000000
1782351196.819687,-1,0.001265,9.512612,SAFE_STAND,0.152394,-0.017600,0.171508,-0.239112,0.234427,0.065138,0.183389,1.000000,1.000000
1782351196.840485,-1,0.001774,9.533173,SAFE_STAND,0.153323,-0.017604,0.171515,-0.239086,0.234427,0.065139,0.185281,1.000000,1.000000
1782351196.860400,-1,0.001471,9.553127,SAFE_STAND,0.152530,-0.017615,0.171505,-0.239067,0.234423,0.065139,0.185281,1.000000,1.000000
1782351196.880313,-1,0.001306,9.573159,SAFE_STAND,0.152315,-0.017650,0.171571,-0.239114,0.234423,0.065136,0.183389,1.000000,1.000000
1782351196.900271,-1,0.001186,9.593204,SAFE_STAND,0.152231,-0.017671,0.171586,-0.239155,0.234423,0.065138,0.185314,1.000000,1.000000
1782351196.920359,-1,0.001195,9.613278,SAFE_STAND,0.152226,-0.017674,0.171630,-0.239212,0.234427,0.065138,0.183389,1.000000,1.000000
1782351196.940450,-1,0.001214,9.633402,SAFE_STAND,0.152223,-0.017668,0.171617,-0.239193,0.234427,0.065139,0.183389,1.000000,1.000000
1782351196.960988,-1,0.001680,9.653493,SAFE_STAND,0.152524,-0.017663,0.171617,-0.239188,0.234427,0.065137,0.183389,1.000000,1.000000
1782351196.980852,-1,0.001309,9.673746,SAFE_STAND,0.152321,-0.017681,0.171619,-0.239215,0.234431,0.065138,0.184845,1.000000,1.000000
1782351197.001818,-1,0.002201,9.693870,SAFE_STAND,0.153430,-0.017690,0.171594,-0.239198,0.234423,0.065136,0.185314,1.000000,1.000000
1782351197.021855,-1,0.002157,9.713920,SAFE_STAND,0.153433,-0.017690,0.171605,-0.239232,0.234427,0.065137,0.185314,1.000000,1.000000
1782351197.041812,-1,0.002036,9.733970,SAFE_STAND,0.152786,-0.017694,0.171654,-0.239258,0.234423,0.065137,0.183389,1.000000,1.000000
1782351197.061671,-1,0.001804,9.754090,SAFE_STAND,0.152560,-0.017706,0.171666,-0.239303,0.234427,0.065137,0.183389,1.000000,1.000000
1782351197.081536,-1,0.001580,9.774447,SAFE_STAND,0.152354,-0.017726,0.171654,-0.239309,0.234423,0.065137,0.183389,1.000000,1.000000
1782351197.101511,-1,0.001226,9.794449,SAFE_STAND,0.152080,-0.017696,0.171660,-0.239265,0.234423,0.065136,0.185314,1.000000,1.000000
1782351197.121537,-1,0.001163,9.814477,SAFE_STAND,0.151546,-0.017699,0.171649,-0.239241,0.234431,0.065137,0.182957,1.000000,1.000000
1782351197.141615,-1,0.001168,9.834546,SAFE_STAND,0.152180,-0.017704,0.171628,-0.239244,0.234427,0.065137,0.183389,1.000000,1.000000
1782351197.161663,-1,0.001142,9.854625,SAFE_STAND,0.152216,-0.017713,0.171605,-0.239262,0.234423,0.065137,0.183389,1.000000,1.000000
1782351197.181685,-1,0.000854,9.874956,SAFE_STAND,0.152033,-0.017713,0.171625,-0.239238,0.234423,0.065134,0.185314,1.000000,1.000000
1782351197.201820,-1,0.000892,9.895061,SAFE_STAND,0.151828,-0.017710,0.171710,-0.239251,0.234427,0.065136,0.183389,1.000000,1.000000
1782351197.222266,-1,0.001051,9.915332,SAFE_STAND,0.152180,-0.017691,0.171750,-0.239261,0.234423,0.065136,0.183389,1.000000,1.000000
1782351197.242222,-1,0.000935,9.935388,SAFE_STAND,0.151852,-0.017692,0.171764,-0.239232,0.234423,0.065138,0.183389,1.000000,1.000000
1782351197.262388,-1,0.001025,9.955469,SAFE_STAND,0.152357,-0.017681,0.171834,-0.239209,0.234423,0.065136,0.185281,1.000000,1.000000
1782351197.283334,-1,0.001899,9.975825,SAFE_STAND,0.152624,-0.017706,0.171880,-0.239220,0.234435,0.065137,0.182957,1.000000,1.000000
1782351197.303442,-1,0.001639,9.995960,SAFE_STAND,0.152936,-0.017703,0.171919,-0.239228,0.234423,0.065135,0.185314,1.000000,1.000000
1782351197.323853,-1,0.001912,10.016109,SAFE_STAND,0.152684,-0.017684,0.171944,-0.239248,0.234423,0.065135,0.183389,1.000000,1.000000
1782351197.343955,-1,0.001891,10.036476,SAFE_STAND,0.152596,-0.017686,0.171946,-0.239266,0.234423,0.065134,0.183389,1.000000,1.000000
1782351197.364058,-1,0.001874,10.056587,SAFE_STAND,0.152625,-0.017712,0.171964,-0.239311,0.234423,0.065135,0.183389,1.000000,1.000000
1782351197.384590,-1,0.002035,10.076813,SAFE_STAND,0.152506,-0.017719,0.171940,-0.239325,0.234423,0.065137,0.181464,1.000000,1.000000
1782351197.404066,-1,0.001393,10.096831,SAFE_STAND,0.152187,-0.017747,0.171899,-0.239340,0.234427,0.065137,0.183389,1.000000,1.000000
1782351197.424623,-1,0.001616,10.117473,SAFE_STAND,0.152449,-0.017748,0.171926,-0.239348,0.234427,0.065137,0.183389,1.000000,1.000000
1782351197.444091,-1,0.001011,10.137407,SAFE_STAND,0.152025,-0.017739,0.171899,-0.239375,0.234427,0.065137,0.183389,1.000000,1.000000
1782351197.464258,-1,0.001059,10.157318,SAFE_STAND,0.152160,-0.017741,0.171887,-0.239381,0.234423,0.065136,0.185314,1.000000,1.000000
1782351197.484367,-1,0.001037,10.177450,SAFE_STAND,0.151724,-0.017733,0.171829,-0.239399,0.234427,0.065137,0.183389,1.000000,1.000000
1782351197.504511,-1,0.001066,10.197572,SAFE_STAND,0.152515,-0.017746,0.171880,-0.239406,0.234423,0.065135,0.185314,1.000000,1.000000
1782351197.525052,-1,0.001535,10.218025,SAFE_STAND,0.152345,-0.017732,0.171898,-0.239382,0.234427,0.065135,0.183389,1.000000,1.000000
1782351197.544975,-1,0.001199,10.238001,SAFE_STAND,0.152366,-0.017725,0.171909,-0.239402,0.234419,0.065137,0.185281,1.000000,1.000000
1782351197.564985,-1,0.001079,10.258026,SAFE_STAND,0.152025,-0.017717,0.171917,-0.239336,0.234423,0.065137,0.185281,1.000000,1.000000
1782351197.585227,-1,0.001243,10.278220,SAFE_STAND,0.152457,-0.017710,0.171910,-0.239319,0.234423,0.065136,0.183389,1.000000,1.000000
1782351197.605103,-1,0.001004,10.298219,SAFE_STAND,0.152080,-0.017662,0.171910,-0.239269,0.234427,0.065137,0.183389,1.000000,1.000000
1782351197.625252,-1,0.001074,10.318294,SAFE_STAND,0.152433,-0.017660,0.171939,-0.239293,0.234419,0.065136,0.185314,1.000000,1.000000
1782351197.645397,-1,0.000835,10.338695,SAFE_STAND,0.151813,-0.017685,0.171889,-0.239295,0.234423,0.065137,0.183389,1.000000,1.000000
1782351197.665985,-1,0.001084,10.359018,SAFE_STAND,0.152164,-0.017649,0.171935,-0.239323,0.234423,0.065135,0.183389,1.000000,1.000000
1782351197.686053,-1,0.001077,10.379341,SAFE_STAND,0.152428,-0.017629,0.171954,-0.239293,0.234427,0.065139,0.185281,1.000000,1.000000
1782351197.706127,-1,0.000895,10.399374,SAFE_STAND,0.152257,-0.017611,0.171974,-0.239278,0.234423,0.065137,0.185281,1.000000,1.000000
1782351197.726558,-1,0.001032,10.419632,SAFE_STAND,0.151674,-0.017605,0.171998,-0.239269,0.234431,0.065138,0.182957,1.000000,1.000000
1782351197.747438,-1,0.001836,10.439718,SAFE_STAND,0.152525,-0.017591,0.172006,-0.239259,0.234427,0.065139,0.183389,1.000000,1.000000
1782351197.767733,-1,0.002001,10.460232,SAFE_STAND,0.152770,-0.017594,0.172017,-0.239249,0.234431,0.065137,0.182957,1.000000,1.000000
1782351197.787684,-1,0.001574,10.480269,SAFE_STAND,0.152838,-0.017585,0.172045,-0.239274,0.234423,0.065136,0.185314,1.000000,1.000000
1782351197.807720,-1,0.001484,10.500397,SAFE_STAND,0.152689,-0.017622,0.172003,-0.239294,0.234423,0.065136,0.185281,1.000000,1.000000
1782351197.828412,-1,0.001655,10.520929,SAFE_STAND,0.152216,-0.017592,0.172012,-0.239279,0.234431,0.065139,0.182957,1.000000,1.000000
1782351197.848519,-1,0.001641,10.541034,SAFE_STAND,0.152593,-0.017607,0.172078,-0.239296,0.234427,0.065138,0.182957,1.000000,1.000000
1782351197.869402,-1,0.002432,10.561338,SAFE_STAND,0.153384,-0.017598,0.172109,-0.239306,0.234427,0.065138,0.183389,1.000000,1.000000
1782351197.889271,-1,0.001931,10.581506,SAFE_STAND,0.152694,-0.017603,0.172132,-0.239326,0.234423,0.065136,0.183389,1.000000,1.000000
1782351197.909235,-1,0.001626,10.601771,SAFE_STAND,0.152904,-0.017617,0.172143,-0.239334,0.234423,0.065137,0.187205,1.000000,1.000000
1782351197.929204,-1,0.001470,10.621888,SAFE_STAND,0.152624,-0.017599,0.172214,-0.239314,0.234423,0.065139,0.185314,1.000000,1.000000
1782351197.948925,-1,0.001105,10.641943,SAFE_STAND,0.152267,-0.017577,0.172224,-0.239266,0.234423,0.065137,0.185281,1.000000,1.000000
1782351197.968922,-1,0.001026,10.662000,SAFE_STAND,0.152475,-0.017562,0.172265,-0.239278,0.234423,0.065137,0.185314,1.000000,1.000000
1782351197.989023,-1,0.001053,10.682083,SAFE_STAND,0.152489,-0.017542,0.172251,-0.239276,0.234427,0.065138,0.185314,1.000000,1.000000
1782351198.009081,-1,0.001036,10.702146,SAFE_STAND,0.152551,-0.017508,0.172275,-0.239239,0.234423,0.065136,0.185314,1.000000,1.000000
1782351198.029119,-1,0.001000,10.722217,SAFE_STAND,0.152423,-0.017520,0.172285,-0.239264,0.234419,0.065136,0.185314,1.000000,1.000000
1782351198.049419,-1,0.001010,10.742511,SAFE_STAND,0.151811,-0.017518,0.172314,-0.239299,0.234423,0.065136,0.183389,1.000000,1.000000
1782351198.069522,-1,0.001039,10.762587,SAFE_STAND,0.151930,-0.017496,0.172340,-0.239287,0.234423,0.065137,0.183389,1.000000,1.000000
1782351198.089571,-1,0.001013,10.782666,SAFE_STAND,0.152139,-0.017489,0.172364,-0.239263,0.234423,0.065137,0.183389,1.000000,1.000000
1782351198.109746,-1,0.001124,10.802744,SAFE_STAND,0.152303,-0.017503,0.172382,-0.239230,0.234427,0.065138,0.183389,1.000000,1.000000
1782351198.129902,-1,0.000872,10.823141,SAFE_STAND,0.152282,-0.017527,0.172372,-0.239289,0.234427,0.065138,0.185314,1.000000,1.000000
1782351198.150431,-1,0.001090,10.843452,SAFE_STAND,0.152735,-0.017490,0.172419,-0.239277,0.234423,0.065137,0.187205,1.000000,1.000000
1782351198.171444,-1,0.002031,10.863626,SAFE_STAND,0.152881,-0.017493,0.172464,-0.239304,0.234423,0.065137,0.183389,1.000000,1.000000
1782351198.191552,-1,0.001794,10.884019,SAFE_STAND,0.153037,-0.017493,0.172449,-0.239282,0.234427,0.065137,0.183389,1.000000,1.000000
1782351198.212316,-1,0.002111,10.904455,SAFE_STAND,0.153033,-0.017490,0.172406,-0.239244,0.234427,0.065137,0.183389,1.000000,1.000000
1782351198.232425,-1,0.001728,10.924957,SAFE_STAND,0.153156,-0.017475,0.172401,-0.239218,0.234423,0.065137,0.185314,1.000000,1.000000
1782351198.252397,-1,0.001574,10.945060,SAFE_STAND,0.152957,-0.017456,0.172442,-0.239234,0.234419,0.065136,0.185314,1.000000,1.000000
1782351198.273193,-1,0.002032,10.965628,SAFE_STAND,0.153335,-0.017472,0.172513,-0.239317,0.234423,0.065136,0.185314,1.000000,1.000000
1782351198.293193,-1,0.001611,10.985837,SAFE_STAND,0.152938,-0.017459,0.172470,-0.239318,0.234435,0.065138,0.184845,1.000000,1.000000
1782351198.313785,-1,0.002057,11.005971,SAFE_STAND,0.153354,-0.017478,0.172492,-0.239315,0.234427,0.065137,0.185281,1.000000,1.000000
1782351198.333812,-1,0.001951,11.026268,SAFE_STAND,0.152795,-0.017465,0.172504,-0.239230,0.234427,0.065136,0.183389,1.000000,1.000000
1782351198.353570,-1,0.001588,11.046407,SAFE_STAND,0.152777,-0.017436,0.172538,-0.239192,0.234423,0.065136,0.183389,1.000000,1.000000
1782351198.373013,-1,0.000926,11.066272,SAFE_STAND,0.152450,-0.017398,0.172552,-0.239164,0.234427,0.065138,0.185314,1.000000,1.000000
1782351198.393458,-1,0.001082,11.086515,SAFE_STAND,0.152634,-0.017379,0.172524,-0.239145,0.234423,0.065136,0.185314,1.000000,1.000000
1782351198.413499,-1,0.001051,11.106558,SAFE_STAND,0.152213,-0.017373,0.172538,-0.239144,0.234419,0.065135,0.185281,1.000000,1.000000
1782351198.433545,-1,0.001024,11.126623,SAFE_STAND,0.152138,-0.017389,0.172556,-0.239166,0.234423,0.065136,0.183389,1.000000,1.000000
1782351198.453616,-1,0.001023,11.146697,SAFE_STAND,0.152183,-0.017385,0.172570,-0.239190,0.234423,0.065136,0.183389,1.000000,1.000000
1782351198.473690,-1,0.001025,11.166979,SAFE_STAND,0.152126,-0.017392,0.172550,-0.239165,0.234435,0.065138,0.182957,1.000000,1.000000
1782351198.493994,-1,0.001032,11.187064,SAFE_STAND,0.151962,-0.017382,0.172556,-0.239151,0.234423,0.065136,0.183389,1.000000,1.000000
1782351198.514069,-1,0.001035,11.207136,SAFE_STAND,0.152250,-0.017369,0.172590,-0.239178,0.234423,0.065136,0.185314,1.000000,1.000000
1782351198.534289,-1,0.001183,11.227206,SAFE_STAND,0.152280,-0.017400,0.172618,-0.239219,0.234423,0.065136,0.185314,1.000000,1.000000
1782351198.554256,-1,0.001077,11.247306,SAFE_STAND,0.152160,-0.017393,0.172620,-0.239208,0.234431,0.065137,0.182957,1.000000,1.000000
1782351198.574278,-1,0.000833,11.267560,SAFE_STAND,0.151891,-0.017369,0.172604,-0.239173,0.234427,0.065137,0.183389,1.000000,1.000000
1782351198.594426,-1,0.000840,11.287694,SAFE_STAND,0.152299,-0.017382,0.172601,-0.239198,0.234423,0.065137,0.185314,1.000000,1.000000
1782351198.614665,-1,0.001004,11.307767,SAFE_STAND,0.151934,-0.017367,0.172632,-0.239172,0.234431,0.065140,0.183389,1.000000,1.000000
1782351198.634797,-1,0.001065,11.327848,SAFE_STAND,0.152039,-0.017343,0.172689,-0.239167,0.234423,0.065135,0.183389,1.000000,1.000000
1782351198.654866,-1,0.001061,11.347910,SAFE_STAND,0.152228,-0.017362,0.172685,-0.239171,0.234423,0.065134,0.183389,1.000000,1.000000
1782351198.675048,-1,0.001172,11.368032,SAFE_STAND,0.152748,-0.017387,0.172691,-0.239211,0.234427,0.065137,0.185314,1.000000,1.000000
1782351198.695307,-1,0.001353,11.388321,SAFE_STAND,0.152455,-0.017340,0.172714,-0.239183,0.234423,0.065137,0.183389,1.000000,1.000000
1782351198.715316,-1,0.001114,11.408354,SAFE_STAND,0.152349,-0.017320,0.172701,-0.239161,0.234419,0.065135,0.185314,1.000000,1.000000
1782351198.735368,-1,0.001094,11.428427,SAFE_STAND,0.152037,-0.017341,0.172684,-0.239158,0.234423,0.065135,0.183389,1.000000,1.000000
1782351198.755395,-1,0.001051,11.448498,SAFE_STAND,0.152209,-0.017331,0.172683,-0.239120,0.234427,0.065136,0.183389,1.000000,1.000000
1782351198.775517,-1,0.001100,11.468575,SAFE_STAND,0.152364,-0.017340,0.172704,-0.239161,0.234427,0.065137,0.183389,1.000000,1.000000
1782351198.795567,-1,0.001077,11.488644,SAFE_STAND,0.152461,-0.017352,0.172727,-0.239189,0.234419,0.065136,0.183389,1.000000,1.000000
1782351198.816058,-1,0.001133,11.509074,SAFE_STAND,0.152075,-0.017358,0.172774,-0.239213,0.234427,0.065136,0.183389,1.000000,1.000000
1782351198.836142,-1,0.001144,11.529159,SAFE_STAND,0.152360,-0.017383,0.172773,-0.239264,0.234435,0.065137,0.182957,1.000000,1.000000
1782351198.856261,-1,0.001205,11.549236,SAFE_STAND,0.152864,-0.017375,0.172807,-0.239260,0.234423,0.065136,0.185281,1.000000,1.000000
1782351198.876203,-1,0.001078,11.569279,SAFE_STAND,0.152296,-0.017386,0.172781,-0.239253,0.234427,0.065139,0.183389,1.000000,1.000000
1782351198.896259,-1,0.001061,11.589353,SAFE_STAND,0.152253,-0.017360,0.172760,-0.239244,0.234427,0.065136,0.183389,1.000000,1.000000
1782351198.916363,-1,0.000920,11.609596,SAFE_STAND,0.152309,-0.017350,0.172751,-0.239230,0.234435,0.065137,0.184876,1.000000,1.000000
1782351198.936818,-1,0.001075,11.629902,SAFE_STAND,0.152658,-0.017341,0.172751,-0.239212,0.234423,0.065136,0.185281,1.000000,1.000000
1782351198.956953,-1,0.001138,11.649971,SAFE_STAND,0.152362,-0.017307,0.172749,-0.239186,0.234423,0.065137,0.185314,1.000000,1.000000
1782351198.977020,-1,0.001133,11.670041,SAFE_STAND,0.152654,-0.017282,0.172725,-0.239140,0.234423,0.065137,0.185281,1.000000,1.000000
1782351198.997247,-1,0.000929,11.690475,SAFE_STAND,0.152006,-0.017277,0.172701,-0.239134,0.234423,0.065136,0.183389,1.000000,1.000000
1782351199.017761,-1,0.001141,11.710822,SAFE_STAND,0.153007,-0.017281,0.172694,-0.239165,0.234423,0.065136,0.187205,1.000000,1.000000
1782351199.037837,-1,0.001161,11.730863,SAFE_STAND,0.152726,-0.017266,0.172702,-0.239087,0.234423,0.065135,0.185281,1.000000,1.000000
1782351199.057868,-1,0.001119,11.751111,SAFE_STAND,0.152620,-0.017247,0.172710,-0.239120,0.234435,0.065138,0.184876,1.000000,1.000000
1782351199.077946,-1,0.001126,11.771189,SAFE_STAND,0.152684,-0.017230,0.172715,-0.239104,0.234431,0.065137,0.184876,1.000000,1.000000
1782351199.098228,-1,0.001122,11.791263,SAFE_STAND,0.152350,-0.017246,0.172741,-0.239113,0.234423,0.065138,0.185314,1.000000,1.000000
1782351199.118288,-1,0.001111,11.811326,SAFE_STAND,0.152053,-0.017235,0.172723,-0.239100,0.234427,0.065138,0.183389,1.000000,1.000000
1782351199.138256,-1,0.001007,11.831402,SAFE_STAND,0.152525,-0.017231,0.172705,-0.239082,0.234423,0.065137,0.185314,1.000000,1.000000
1782351199.158514,-1,0.001079,11.851589,SAFE_STAND,0.152258,-0.017220,0.172719,-0.239040,0.234423,0.065134,0.183389,1.000000,1.000000
1782351199.178556,-1,0.001050,11.871836,SAFE_STAND,0.152529,-0.017211,0.172705,-0.239048,0.234423,0.065136,0.185281,1.000000,1.000000
1782351199.198981,-1,0.001183,11.891979,SAFE_STAND,0.151980,-0.017224,0.172695,-0.239014,0.234435,0.065138,0.182957,1.000000,1.000000
1782351199.218923,-1,0.001050,11.912050,SAFE_STAND,0.152159,-0.017192,0.172653,-0.238975,0.234427,0.065137,0.183389,1.000000,1.000000
1782351199.239031,-1,0.001083,11.932099,SAFE_STAND,0.152648,-0.017193,0.172664,-0.239012,0.234423,0.065136,0.185314,1.000000,1.000000
1782351199.259154,-1,0.001134,11.952197,SAFE_STAND,0.152345,-0.017188,0.172706,-0.239037,0.234427,0.065138,0.183389,1.000000,1.000000
1782351199.279205,-1,0.001108,11.972260,SAFE_STAND,0.152270,-0.017205,0.172679,-0.239058,0.234427,0.065137,0.183389,1.000000,1.000000
1782351199.299791,-1,0.001578,11.992700,SAFE_STAND,0.153457,-0.017210,0.172695,-0.239055,0.234427,0.065135,0.185281,1.000000,1.000000
1782351199.319656,-1,0.001317,12.012575,SAFE_STAND,0.152178,-0.017212,0.172718,-0.239090,0.234435,0.065138,0.182957,1.000000,1.000000
1782351199.339757,-1,0.001299,12.032683,SAFE_STAND,0.152184,-0.017213,0.172705,-0.239077,0.234423,0.065135,0.183389,1.000000,1.000000
1782351199.359769,-1,0.001191,12.052802,SAFE_STAND,0.152848,-0.017225,0.172676,-0.239121,0.234419,0.065135,0.185281,1.000000,1.000000
1782351199.379882,-1,0.001231,12.072812,SAFE_STAND,0.152492,-0.017218,0.172719,-0.239137,0.234427,0.065136,0.183389,1.000000,1.000000
1782351199.399996,-1,0.000911,12.093224,SAFE_STAND,0.152278,-0.017255,0.172736,-0.239169,0.234423,0.065137,0.185314,1.000000,1.000000
1782351199.420482,-1,0.001044,12.113552,SAFE_STAND,0.152215,-0.017227,0.172733,-0.239106,0.234427,0.065136,0.183389,1.000000,1.000000
1782351199.440644,-1,0.001137,12.133679,SAFE_STAND,0.152398,-0.017238,0.172744,-0.239113,0.234423,0.065136,0.183389,1.000000,1.000000
1782351199.461117,-1,0.001491,12.154004,SAFE_STAND,0.152884,-0.017215,0.172725,-0.239112,0.234427,0.065137,0.185314,1.000000,1.000000
1782351199.481030,-1,0.001191,12.174068,SAFE_STAND,0.152007,-0.017215,0.172700,-0.239116,0.234427,0.065139,0.183389,1.000000,1.000000
1782351199.501388,-1,0.001429,12.194185,SAFE_STAND,0.152853,-0.017231,0.172676,-0.239125,0.234427,0.065138,0.183389,1.000000,1.000000
1782351199.521423,-1,0.001343,12.214318,SAFE_STAND,0.152781,-0.017261,0.172694,-0.239161,0.234427,0.065138,0.183389,1.000000,1.000000
1782351199.541846,-1,0.001637,12.234449,SAFE_STAND,0.152456,-0.017291,0.172671,-0.239139,0.234427,0.065137,0.181464,1.000000,1.000000
1782351199.561890,-1,0.001369,12.254800,SAFE_STAND,0.152692,-0.017294,0.172658,-0.239172,0.234423,0.065135,0.185314,1.000000,1.000000
1782351199.581972,-1,0.001329,12.274796,SAFE_STAND,0.152096,-0.017303,0.172666,-0.239164,0.234427,0.065137,0.183389,1.000000,1.000000
1782351199.602002,-1,0.001312,12.294873,SAFE_STAND,0.152644,-0.017292,0.172657,-0.239126,0.234431,0.065138,0.183389,1.000000,1.000000
1782351199.622013,-1,0.001246,12.314976,SAFE_STAND,0.152529,-0.017316,0.172608,-0.239124,0.234423,0.065137,0.183389,1.000000,1.000000
1782351199.641963,-1,0.001125,12.335198,SAFE_STAND,0.152400,-0.017299,0.172615,-0.239040,0.234427,0.065136,0.183389,1.000000,1.000000
1782351199.662053,-1,0.000893,12.355326,SAFE_STAND,0.152050,-0.017299,0.172615,-0.239030,0.234427,0.065137,0.183389,1.000000,1.000000
1782351199.682499,-1,0.001036,12.375570,SAFE_STAND,0.152132,-0.017306,0.172616,-0.239024,0.234427,0.065136,0.185281,1.000000,1.000000
1782351199.702594,-1,0.001058,12.395642,SAFE_STAND,0.152162,-0.017309,0.172602,-0.238977,0.234435,0.065138,0.182957,1.000000,1.000000
1782351199.722744,-1,0.001137,12.415772,SAFE_STAND,0.152707,-0.017330,0.172604,-0.238986,0.234427,0.065136,0.185281,1.000000,1.000000
1782351199.742754,-1,0.001076,12.435844,SAFE_STAND,0.152310,-0.017320,0.172624,-0.238936,0.234427,0.065137,0.183389,1.000000,1.000000
1782351199.762837,-1,0.001089,12.456080,SAFE_STAND,0.152635,-0.017339,0.172634,-0.238955,0.234419,0.065137,0.185314,1.000000,1.000000
1782351199.782961,-1,0.000918,12.476217,SAFE_STAND,0.152366,-0.017357,0.172625,-0.238963,0.234419,0.065136,0.185314,1.000000,1.000000
1782351199.803324,-1,0.001206,12.496293,SAFE_STAND,0.152507,-0.017351,0.172635,-0.238984,0.234423,0.065136,0.183389,1.000000,1.000000
1782351199.823555,-1,0.001364,12.516366,SAFE_STAND,0.152833,-0.017334,0.172638,-0.239006,0.234423,0.065136,0.183389,1.000000,1.000000
1782351199.843376,-1,0.001110,12.536443,SAFE_STAND,0.152208,-0.017343,0.172625,-0.238995,0.234435,0.065138,0.182957,1.000000,1.000000
1782351199.863523,-1,0.000850,12.556797,SAFE_STAND,0.151847,-0.017360,0.172572,-0.238981,0.234427,0.065136,0.183389,1.000000,1.000000
1782351199.884958,-1,0.001982,12.577200,SAFE_STAND,0.152614,-0.017376,0.172576,-0.238998,0.234427,0.065136,0.181464,1.000000,1.000000
1782351199.905141,-1,0.002022,12.597641,SAFE_STAND,0.153376,-0.017367,0.172551,-0.238954,0.234423,0.065138,0.185281,1.000000,1.000000
1782351199.924236,-1,0.000876,12.617485,SAFE_STAND,0.152014,-0.017386,0.172559,-0.238986,0.234427,0.065138,0.183389,1.000000,1.000000
1782351199.944666,-1,0.001016,12.637762,SAFE_STAND,0.151626,-0.017399,0.172606,-0.239037,0.234427,0.065136,0.181497,1.000000,1.000000
1782351199.964705,-1,0.000978,12.657837,SAFE_STAND,0.152127,-0.017397,0.172633,-0.239090,0.234427,0.065137,0.183389,1.000000,1.000000
1782351199.984940,-1,0.001140,12.677984,SAFE_STAND,0.152683,-0.017365,0.172640,-0.239034,0.234423,0.065135,0.185281,1.000000,1.000000
1782351200.004914,-1,0.001040,12.698002,SAFE_STAND,0.152197,-0.017375,0.172644,-0.239048,0.234427,0.065135,0.183389,1.000000,1.000000
1782351200.024915,-1,0.000925,12.718209,SAFE_STAND,0.152026,-0.017368,0.172658,-0.239053,0.234423,0.065135,0.183389,1.000000,1.000000
1782351200.045539,-1,0.001175,12.738575,SAFE_STAND,0.152592,-0.017366,0.172693,-0.239044,0.234427,0.065135,0.183389,1.000000,1.000000
1782351200.065581,-1,0.001088,12.758626,SAFE_STAND,0.152471,-0.017383,0.172728,-0.239034,0.234419,0.065136,0.183389,1.000000,1.000000
1782351200.086181,-1,0.001565,12.779100,SAFE_STAND,0.153077,-0.017383,0.172735,-0.239038,0.234427,0.065136,0.185314,1.000000,1.000000
1782351200.106226,-1,0.001316,12.799152,SAFE_STAND,0.151969,-0.017355,0.172695,-0.238955,0.234427,0.065136,0.181464,1.000000,1.000000
1782351200.126266,-1,0.001228,12.819271,SAFE_STAND,0.152193,-0.017402,0.172670,-0.238956,0.234427,0.065137,0.181497,1.000000,1.000000
1782351200.146359,-1,0.001195,12.839402,SAFE_STAND,0.152544,-0.017438,0.172655,-0.238972,0.234427,0.065136,0.183389,1.000000,1.000000
1782351200.166821,-1,0.001529,12.859515,SAFE_STAND,0.152624,-0.017441,0.172636,-0.238969,0.234427,0.065138,0.183389,1.000000,1.000000
1782351200.187101,-1,0.001725,12.879890,SAFE_STAND,0.152754,-0.017467,0.172611,-0.238968,0.234427,0.065135,0.183389,1.000000,1.000000
1782351200.206777,-1,0.001327,12.899571,SAFE_STAND,0.152350,-0.017448,0.172593,-0.238923,0.234423,0.065135,0.183389,1.000000,1.000000
1782351200.226672,-1,0.001147,12.919711,SAFE_STAND,0.152298,-0.017462,0.172595,-0.238929,0.234427,0.065136,0.183389,1.000000,1.000000
1782351200.248195,-1,0.002543,12.940029,SAFE_STAND,0.153857,-0.017466,0.172540,-0.238958,0.234423,0.065136,0.185281,1.000000,1.000000
1782351200.268174,-1,0.002138,12.960494,SAFE_STAND,0.153074,-0.017496,0.172501,-0.238986,0.234427,0.065136,0.183389,1.000000,1.000000
1782351200.288089,-1,0.001684,12.980640,SAFE_STAND,0.152794,-0.017511,0.172457,-0.239009,0.234423,0.065136,0.183389,1.000000,1.000000
1782351200.308656,-1,0.001868,13.000946,SAFE_STAND,0.152596,-0.017504,0.172384,-0.238987,0.234427,0.065138,0.182957,1.000000,1.000000
1782351200.328022,-1,0.001131,13.021018,SAFE_STAND,0.152650,-0.017529,0.172310,-0.239009,0.234419,0.065137,0.185314,1.000000,1.000000
1782351200.347993,-1,0.000807,13.041291,SAFE_STAND,0.151823,-0.017544,0.172318,-0.239004,0.234423,0.065136,0.183389,1.000000,1.000000
1782351200.368629,-1,0.001134,13.061621,SAFE_STAND,0.152722,-0.017553,0.172317,-0.239016,0.234427,0.065136,0.185314,1.000000,1.000000
1782351200.388819,-1,0.001246,13.081711,SAFE_STAND,0.152819,-0.017544,0.172323,-0.239038,0.234423,0.065135,0.185281,1.000000,1.000000
1782351200.409058,-1,0.001045,13.102118,SAFE_STAND,0.151863,-0.017561,0.172333,-0.239102,0.234427,0.065135,0.183389,1.000000,1.000000
1782351200.429110,-1,0.001024,13.122196,SAFE_STAND,0.151787,-0.017588,0.172308,-0.239103,0.234427,0.065136,0.183389,1.000000,1.000000
1782351200.449180,-1,0.001019,13.142260,SAFE_STAND,0.151777,-0.017587,0.172288,-0.239100,0.234427,0.065138,0.183389,1.000000,1.000000
1782351200.469223,-1,0.000988,13.162338,SAFE_STAND,0.152054,-0.017578,0.172228,-0.239094,0.234427,0.065135,0.183389,1.000000,1.000000
1782351200.489356,-1,0.001046,13.182417,SAFE_STAND,0.152445,-0.017593,0.172179,-0.239127,0.234427,0.065136,0.185314,1.000000,1.000000
1782351200.509456,-1,0.001073,13.202717,SAFE_STAND,0.152162,-0.017590,0.172164,-0.239118,0.234427,0.065135,0.183389,1.000000,1.000000
1782351200.530035,-1,0.001305,13.222893,SAFE_STAND,0.152472,-0.017584,0.172109,-0.239122,0.234423,0.065136,0.183422,1.000000,1.000000
1782351200.549918,-1,0.001112,13.242921,SAFE_STAND,0.152188,-0.017599,0.172056,-0.239096,0.234427,0.065135,0.183389,1.000000,1.000000
1782351200.570649,-1,0.001760,13.263094,SAFE_STAND,0.153196,-0.017575,0.172036,-0.239055,0.234419,0.065134,0.185314,1.000000,1.000000
1782351200.590105,-1,0.001135,13.283314,SAFE_STAND,0.152513,-0.017535,0.172048,-0.239039,0.234427,0.065138,0.185281,1.000000,1.000000
1782351200.610500,-1,0.001453,13.303397,SAFE_STAND,0.152519,-0.017533,0.172050,-0.239047,0.234423,0.065136,0.183389,1.000000,1.000000
1782351200.630079,-1,0.000846,13.323338,SAFE_STAND,0.152050,-0.017531,0.172019,-0.239043,0.234427,0.065138,0.185281,1.000000,1.000000
1782351200.650121,-1,0.000812,13.343416,SAFE_STAND,0.151719,-0.017530,0.172025,-0.239055,0.234427,0.065137,0.183389,1.000000,1.000000
1782351200.670553,-1,0.000948,13.363714,SAFE_STAND,0.151989,-0.017527,0.172021,-0.239089,0.234431,0.065136,0.183389,1.000000,1.000000
1782351200.690672,-1,0.000988,13.383791,SAFE_STAND,0.152040,-0.017509,0.172027,-0.239074,0.234423,0.065135,0.183389,1.000000,1.000000
1782351200.710766,-1,0.000796,13.404068,SAFE_STAND,0.151738,-0.017523,0.172004,-0.239066,0.234431,0.065139,0.183389,1.000000,1.000000
1782351200.730872,-1,0.000825,13.424153,SAFE_STAND,0.152011,-0.017519,0.172009,-0.239044,0.234423,0.065138,0.185281,1.000000,1.000000
1782351200.751318,-1,0.000977,13.444445,SAFE_STAND,0.152284,-0.017517,0.171959,-0.239008,0.234427,0.065136,0.185281,1.000000,1.000000
1782351200.771441,-1,0.001025,13.464522,SAFE_STAND,0.152053,-0.017539,0.171936,-0.239017,0.234423,0.065137,0.183389,1.000000,1.000000
1782351200.791542,-1,0.001049,13.484813,SAFE_STAND,0.152476,-0.017550,0.171912,-0.239011,0.234423,0.065135,0.185314,1.000000,1.000000
1782351200.811579,-1,0.000790,13.504892,SAFE_STAND,0.151698,-0.017555,0.171873,-0.239078,0.234423,0.065135,0.183389,1.000000,1.000000
1782351200.832699,-1,0.001608,13.525492,SAFE_STAND,0.152513,-0.017575,0.171829,-0.239067,0.234427,0.065138,0.183389,1.000000,1.000000
1782351200.852877,-1,0.001705,13.545347,SAFE_STAND,0.152459,-0.017580,0.171798,-0.239069,0.234419,0.065135,0.183389,1.000000,1.000000
1782351200.872807,-1,0.001563,13.565698,SAFE_STAND,0.152259,-0.017567,0.171773,-0.239080,0.234423,0.065135,0.183389,1.000000,1.000000
1782351200.892244,-1,0.000899,13.585509,SAFE_STAND,0.151748,-0.017562,0.171732,-0.239141,0.234423,0.065137,0.183389,1.000000,1.000000
1782351200.912741,-1,0.001105,13.605794,SAFE_STAND,0.152197,-0.017583,0.171736,-0.239140,0.234419,0.065134,0.185314,1.000000,1.000000
1782351200.932797,-1,0.001081,13.625869,SAFE_STAND,0.152368,-0.017600,0.171739,-0.239170,0.234427,0.065138,0.185281,1.000000,1.000000
1782351200.952907,-1,0.001119,13.645941,SAFE_STAND,0.152096,-0.017587,0.171707,-0.239154,0.234423,0.065136,0.183389,1.000000,1.000000
1782351200.972929,-1,0.001070,13.666004,SAFE_STAND,0.152083,-0.017596,0.171689,-0.239194,0.234427,0.065135,0.183389,1.000000,1.000000
1782351200.992999,-1,0.001069,13.686251,SAFE_STAND,0.152366,-0.017571,0.171723,-0.239120,0.234427,0.065137,0.185314,1.000000,1.000000
1782351201.013303,-1,0.001077,13.706397,SAFE_STAND,0.151675,-0.017577,0.171741,-0.239135,0.234431,0.065137,0.182957,1.000000,1.000000
1782351201.033369,-1,0.001071,13.726450,SAFE_STAND,0.152091,-0.017555,0.171771,-0.239128,0.234427,0.065136,0.185314,1.000000,1.000000
1782351201.053588,-1,0.001220,13.746522,SAFE_STAND,0.151860,-0.017582,0.171814,-0.239153,0.234427,0.065135,0.183389,1.000000,1.000000
1782351201.073608,-1,0.001168,13.766641,SAFE_STAND,0.152219,-0.017598,0.171849,-0.239197,0.234423,0.065137,0.183389,1.000000,1.000000
1782351201.093584,-1,0.000904,13.786840,SAFE_STAND,0.151713,-0.017618,0.171758,-0.239197,0.234435,0.065137,0.182957,1.000000,1.000000
1782351201.114025,-1,0.001048,13.807135,SAFE_STAND,0.152000,-0.017627,0.171727,-0.239175,0.234435,0.065137,0.182957,1.000000,1.000000
1782351201.134326,-1,0.001277,13.827203,SAFE_STAND,0.152679,-0.017611,0.171741,-0.239173,0.234427,0.065136,0.185281,1.000000,1.000000
1782351201.154231,-1,0.001111,13.847274,SAFE_STAND,0.151908,-0.017642,0.171695,-0.239175,0.234427,0.065135,0.181497,1.000000,1.000000
1782351201.174358,-1,0.001162,13.867349,SAFE_STAND,0.152489,-0.017647,0.171661,-0.239193,0.234427,0.065137,0.185314,1.000000,1.000000
1782351201.194663,-1,0.001211,13.887630,SAFE_STAND,0.152243,-0.017633,0.171677,-0.239137,0.234423,0.065137,0.185314,1.000000,1.000000
1782351201.214477,-1,0.000950,13.907701,SAFE_STAND,0.151848,-0.017640,0.171686,-0.239148,0.234435,0.065138,0.182957,1.000000,1.000000
1782351201.235765,-1,0.001947,13.927975,SAFE_STAND,0.152563,-0.017626,0.171711,-0.239159,0.234427,0.065137,0.183389,1.000000,1.000000
1782351201.256005,-1,0.002067,13.948186,SAFE_STAND,0.153347,-0.017619,0.171672,-0.239156,0.234431,0.065137,0.186764,1.000000,1.000000
1782351201.275408,-1,0.001384,13.968372,SAFE_STAND,0.152199,-0.017632,0.171654,-0.239157,0.234427,0.065137,0.183389,1.000000,1.000000
1782351201.295412,-1,0.001159,13.988418,SAFE_STAND,0.152122,-0.017643,0.171634,-0.239156,0.234419,0.065134,0.185281,1.000000,1.000000
1782351201.315497,-1,0.001170,14.008501,SAFE_STAND,0.152444,-0.017631,0.171603,-0.239169,0.234427,0.065137,0.187205,1.000000,1.000000
1782351201.336399,-1,0.001997,14.028620,SAFE_STAND,0.153044,-0.017621,0.171600,-0.239129,0.234427,0.065136,0.185281,1.000000,1.000000
1782351201.356483,-1,0.001954,14.048779,SAFE_STAND,0.152658,-0.017611,0.171576,-0.239086,0.234427,0.065137,0.183389,1.000000,1.000000
1782351201.376732,-1,0.002068,14.069182,SAFE_STAND,0.153084,-0.017602,0.171561,-0.239022,0.234423,0.065136,0.183389,1.000000,1.000000
1782351201.396751,-1,0.001754,14.089249,SAFE_STAND,0.153266,-0.017596,0.171486,-0.239000,0.234423,0.065136,0.187205,1.000000,1.000000
1782351201.417435,-1,0.002074,14.109605,SAFE_STAND,0.152726,-0.017581,0.171464,-0.239024,0.234427,0.065136,0.183389,1.000000,1.000000
1782351201.437557,-1,0.002074,14.129738,SAFE_STAND,0.152393,-0.017603,0.171449,-0.239033,0.234431,0.065138,0.181497,1.000000,1.000000
1782351201.457046,-1,0.001343,14.149944,SAFE_STAND,0.152147,-0.017577,0.171454,-0.239030,0.234427,0.065137,0.183389,1.000000,1.000000
1782351201.476855,-1,0.001079,14.169895,SAFE_STAND,0.151678,-0.017570,0.171449,-0.239010,0.234431,0.065135,0.182957,1.000000,1.000000
1782351201.496897,-1,0.001030,14.189970,SAFE_STAND,0.151578,-0.017587,0.171450,-0.238990,0.234427,0.065137,0.183389,1.000000,1.000000
1782351201.517152,-1,0.001214,14.210042,SAFE_STAND,0.152170,-0.017570,0.171465,-0.238969,0.234435,0.065138,0.182957,1.000000,1.000000
1782351201.537178,-1,0.001168,14.230190,SAFE_STAND,0.152055,-0.017567,0.171447,-0.238973,0.234427,0.065135,0.183389,1.000000,1.000000
1782351201.557171,-1,0.000867,14.250467,SAFE_STAND,0.152013,-0.017594,0.171434,-0.239065,0.234423,0.065136,0.185314,1.000000,1.000000
1782351201.577651,-1,0.001049,14.270760,SAFE_STAND,0.152281,-0.017588,0.171408,-0.239124,0.234423,0.065134,0.185281,1.000000,1.000000
1782351201.597835,-1,0.001158,14.290847,SAFE_STAND,0.152401,-0.017583,0.171393,-0.239154,0.234427,0.065136,0.185281,1.000000,1.000000
1782351201.617864,-1,0.001116,14.311075,SAFE_STAND,0.152111,-0.017599,0.171415,-0.239167,0.234427,0.065135,0.183389,1.000000,1.000000
1782351201.638220,-1,0.001175,14.331217,SAFE_STAND,0.151711,-0.017618,0.171379,-0.239175,0.234439,0.065137,0.182957,1.000000,1.000000
1782351201.658269,-1,0.001151,14.351295,SAFE_STAND,0.151743,-0.017610,0.171340,-0.239174,0.234427,0.065137,0.183389,1.000000,1.000000
1782351201.678356,-1,0.001164,14.371366,SAFE_STAND,0.151749,-0.017600,0.171321,-0.239180,0.234427,0.065136,0.183389,1.000000,1.000000
1782351201.698394,-1,0.001128,14.391438,SAFE_STAND,0.152066,-0.017581,0.171359,-0.239195,0.234427,0.065136,0.183389,1.000000,1.000000
1782351201.718566,-1,0.001226,14.411522,SAFE_STAND,0.152510,-0.017587,0.171415,-0.239227,0.234419,0.065135,0.185314,1.000000,1.000000
1782351201.738955,-1,0.001543,14.431882,SAFE_STAND,0.152719,-0.017596,0.171432,-0.239254,0.234427,0.065136,0.185281,1.000000,1.000000
1782351201.758644,-1,0.001157,14.451849,SAFE_STAND,0.152383,-0.017621,0.171428,-0.239293,0.234427,0.065136,0.185314,1.000000,1.000000
1782351201.778972,-1,0.001183,14.471961,SAFE_STAND,0.152058,-0.017626,0.171443,-0.239278,0.234435,0.065137,0.184845,1.000000,1.000000
1782351201.799050,-1,0.001188,14.492033,SAFE_STAND,0.151746,-0.017631,0.171473,-0.239338,0.234435,0.065137,0.182957,1.000000,1.000000
1782351201.819018,-1,0.001082,14.512102,SAFE_STAND,0.151936,-0.017635,0.171403,-0.239318,0.234423,0.065134,0.183389,1.000000,1.000000
1782351201.839231,-1,0.001221,14.532193,SAFE_STAND,0.152176,-0.017661,0.171355,-0.239323,0.234427,0.065135,0.183389,1.000000,1.000000
1782351201.859288,-1,0.001207,14.552242,SAFE_STAND,0.152117,-0.017689,0.171367,-0.239370,0.234427,0.065137,0.183389,1.000000,1.000000
1782351201.879506,-1,0.001085,14.572549,SAFE_STAND,0.152309,-0.017679,0.171394,-0.239328,0.234427,0.065136,0.187205,1.000000,1.000000
1782351201.899948,-1,0.001451,14.592701,SAFE_STAND,0.152737,-0.017702,0.171333,-0.239276,0.234423,0.065134,0.185314,1.000000,1.000000
1782351201.919880,-1,0.001303,14.612748,SAFE_STAND,0.152206,-0.017701,0.171317,-0.239305,0.234423,0.065136,0.183389,1.000000,1.000000
1782351201.939787,-1,0.001129,14.632811,SAFE_STAND,0.152258,-0.017705,0.171294,-0.239310,0.234423,0.065134,0.185314,1.000000,1.000000
1782351201.959999,-1,0.001263,14.652872,SAFE_STAND,0.152112,-0.017714,0.171318,-0.239314,0.234435,0.065137,0.182957,1.000000,1.000000
1782351201.980550,-1,0.001233,14.673450,SAFE_STAND,0.152284,-0.017727,0.171308,-0.239301,0.234427,0.065136,0.187205,1.000000,1.000000
1782351202.000544,-1,0.001151,14.693537,SAFE_STAND,0.151935,-0.017744,0.171275,-0.239306,0.234431,0.065136,0.182957,1.000000,1.000000
1782351202.020582,-1,0.001070,14.713642,SAFE_STAND,0.151965,-0.017760,0.171272,-0.239289,0.234427,0.065138,0.183389,1.000000,1.000000
1782351202.041632,-1,0.001561,14.734267,SAFE_STAND,0.152550,-0.017751,0.171252,-0.239275,0.234423,0.065135,0.183389,1.000000,1.000000
1782351202.061550,-1,0.001403,14.754277,SAFE_STAND,0.151872,-0.017753,0.171245,-0.239288,0.234427,0.065137,0.183389,1.000000,1.000000
1782351202.081471,-1,0.001243,14.774363,SAFE_STAND,0.152130,-0.017760,0.171262,-0.239330,0.234431,0.065136,0.182957,1.000000,1.000000
1782351202.102081,-1,0.001776,14.794432,SAFE_STAND,0.152724,-0.017733,0.171285,-0.239294,0.234427,0.065135,0.185314,1.000000,1.000000
1782351202.121967,-1,0.001586,14.814839,SAFE_STAND,0.152720,-0.017755,0.171290,-0.239336,0.234423,0.065136,0.185281,1.000000,1.000000
1782351202.141774,-1,0.001251,14.834665,SAFE_STAND,0.151815,-0.017762,0.171289,-0.239399,0.234427,0.065136,0.183389,1.000000,1.000000
1782351202.161763,-1,0.001090,14.854799,SAFE_STAND,0.151692,-0.017760,0.171295,-0.239372,0.234427,0.065135,0.183389,1.000000,1.000000
1782351202.181842,-1,0.001095,14.874879,SAFE_STAND,0.151739,-0.017795,0.171325,-0.239451,0.234427,0.065137,0.183389,1.000000,1.000000
1782351202.201898,-1,0.001077,14.894972,SAFE_STAND,0.151958,-0.017819,0.171369,-0.239515,0.234423,0.065134,0.183389,1.000000,1.000000
1782351202.222045,-1,0.001150,14.915030,SAFE_STAND,0.152140,-0.017832,0.171387,-0.239520,0.234423,0.065135,0.183389,1.000000,1.000000
1782351202.242270,-1,0.001300,14.935312,SAFE_STAND,0.152352,-0.017807,0.171394,-0.239523,0.234427,0.065136,0.185281,1.000000,1.000000
1782351202.262012,-1,0.000869,14.955261,SAFE_STAND,0.151968,-0.017782,0.171440,-0.239515,0.234427,0.065135,0.185314,1.000000,1.000000
1782351202.282065,-1,0.000850,14.975334,SAFE_STAND,0.151672,-0.017799,0.171429,-0.239544,0.234427,0.065136,0.183389,1.000000,1.000000
1782351202.302714,-1,0.001199,14.995678,SAFE_STAND,0.152274,-0.017786,0.171412,-0.239540,0.234423,0.065134,0.183389,1.000000,1.000000
1782351202.322805,-1,0.001213,15.015744,SAFE_STAND,0.152194,-0.017776,0.171408,-0.239506,0.234427,0.065135,0.183389,1.000000,1.000000
1782351202.343343,-1,0.001672,15.035809,SAFE_STAND,0.152387,-0.017768,0.171401,-0.239501,0.234427,0.065137,0.183389,1.000000,1.000000
1782351202.362851,-1,0.001103,15.056083,SAFE_STAND,0.152218,-0.017746,0.171431,-0.239529,0.234435,0.065135,0.184876,1.000000,1.000000
1782351202.383329,-1,0.001268,15.076203,SAFE_STAND,0.151853,-0.017738,0.171477,-0.239568,0.234427,0.065136,0.183389,1.000000,1.000000
1782351202.403413,-1,0.001275,15.096289,SAFE_STAND,0.152125,-0.017737,0.171533,-0.239571,0.234423,0.065134,0.185314,1.000000,1.000000
1782351202.423477,-1,0.001239,15.116365,SAFE_STAND,0.152564,-0.017728,0.171536,-0.239563,0.234431,0.065136,0.184845,1.000000,1.000000
1782351202.443292,-1,0.000979,15.136436,SAFE_STAND,0.151812,-0.017711,0.171532,-0.239539,0.234431,0.065137,0.182957,1.000000,1.000000
1782351202.463448,-1,0.001063,15.156504,SAFE_STAND,0.151999,-0.017706,0.171482,-0.239530,0.234423,0.065135,0.183389,1.000000,1.000000
1782351202.483781,-1,0.001098,15.176813,SAFE_STAND,0.151726,-0.017739,0.171516,-0.239561,0.234427,0.065135,0.183389,1.000000,1.000000
1782351202.504015,-1,0.001257,15.196930,SAFE_STAND,0.152310,-0.017720,0.171519,-0.239573,0.234427,0.065137,0.183389,1.000000,1.000000
1782351202.524030,-1,0.001194,15.217000,SAFE_STAND,0.152530,-0.017686,0.171533,-0.239567,0.234427,0.065134,0.185314,1.000000,1.000000
1782351202.543989,-1,0.001074,15.237040,SAFE_STAND,0.152600,-0.017732,0.171479,-0.239612,0.234427,0.065134,0.187205,1.000000,1.000000
1782351202.563991,-1,0.000995,15.257134,SAFE_STAND,0.151895,-0.017697,0.171502,-0.239629,0.234435,0.065135,0.182988,1.000000,1.000000
1782351202.584168,-1,0.001097,15.277199,SAFE_STAND,0.152404,-0.017668,0.171539,-0.239586,0.234427,0.065136,0.185281,1.000000,1.000000
1782351202.604617,-1,0.001233,15.297514,SAFE_STAND,0.152007,-0.017652,0.171509,-0.239575,0.234423,0.065136,0.185314,1.000000,1.000000
1782351202.624745,-1,0.001284,15.317604,SAFE_STAND,0.152592,-0.017674,0.171482,-0.239560,0.234427,0.065137,0.185314,1.000000,1.000000
1782351202.644598,-1,0.001062,15.337659,SAFE_STAND,0.151936,-0.017665,0.171471,-0.239515,0.234423,0.065133,0.183389,1.000000,1.000000
1782351202.664597,-1,0.000988,15.357739,SAFE_STAND,0.152264,-0.017675,0.171432,-0.239528,0.234427,0.065135,0.185314,1.000000,1.000000
1782351202.685353,-1,0.001669,15.378081,SAFE_STAND,0.153202,-0.017682,0.171494,-0.239521,0.234423,0.065136,0.187205,1.000000,1.000000
1782351202.705152,-1,0.001288,15.398009,SAFE_STAND,0.152292,-0.017662,0.171518,-0.239504,0.234419,0.065133,0.185314,1.000000,1.000000
1782351202.725221,-1,0.001279,15.418087,SAFE_STAND,0.151945,-0.017670,0.171552,-0.239550,0.234427,0.065135,0.183389,1.000000,1.000000
1782351202.745269,-1,0.001249,15.438164,SAFE_STAND,0.152127,-0.017670,0.171512,-0.239533,0.234435,0.065136,0.182957,1.000000,1.000000
1782351202.765254,-1,0.001155,15.458246,SAFE_STAND,0.152083,-0.017688,0.171533,-0.239572,0.234427,0.065135,0.183389,1.000000,1.000000
1782351202.785403,-1,0.001222,15.478338,SAFE_STAND,0.152547,-0.017693,0.171564,-0.239612,0.234427,0.065136,0.185281,1.000000,1.000000
1782351202.805404,-1,0.000927,15.498616,SAFE_STAND,0.151771,-0.017679,0.171567,-0.239612,0.234423,0.065134,0.183389,1.000000,1.000000
1782351202.825953,-1,0.001184,15.518913,SAFE_STAND,0.151888,-0.017701,0.171584,-0.239616,0.234427,0.065135,0.183389,1.000000,1.000000
1782351202.845879,-1,0.001036,15.538966,SAFE_STAND,0.152344,-0.017671,0.171620,-0.239605,0.234423,0.065135,0.185314,1.000000,1.000000
1782351202.865969,-1,0.001052,15.559042,SAFE_STAND,0.151975,-0.017648,0.171661,-0.239581,0.234431,0.065135,0.182957,1.000000,1.000000
1782351202.886235,-1,0.001243,15.579149,SAFE_STAND,0.152256,-0.017669,0.171688,-0.239539,0.234423,0.065134,0.183389,1.000000,1.000000
1782351202.906654,-1,0.001284,15.599512,SAFE_STAND,0.152235,-0.017672,0.171743,-0.239534,0.234435,0.065139,0.184876,1.000000,1.000000
1782351202.926509,-1,0.001063,15.619564,SAFE_STAND,0.152029,-0.017682,0.171712,-0.239493,0.234431,0.065137,0.184876,1.000000,1.000000
1782351202.946603,-1,0.001084,15.639645,SAFE_STAND,0.152157,-0.017681,0.171753,-0.239539,0.234427,0.065134,0.185281,1.000000,1.000000
1782351202.966598,-1,0.001007,15.659724,SAFE_STAND,0.152612,-0.017692,0.171749,-0.239556,0.234427,0.065135,0.187205,1.000000,1.000000
1782351202.986763,-1,0.001098,15.679805,SAFE_STAND,0.152371,-0.017656,0.171740,-0.239444,0.234419,0.065133,0.185281,1.000000,1.000000
1782351203.006889,-1,0.001147,15.699884,SAFE_STAND,0.151825,-0.017640,0.171747,-0.239431,0.234435,0.065137,0.181068,1.000000,1.000000
1782351203.027225,-1,0.001137,15.720228,SAFE_STAND,0.152211,-0.017647,0.171804,-0.239473,0.234427,0.065137,0.185314,1.000000,1.000000
1782351203.047247,-1,0.001081,15.740280,SAFE_STAND,0.151825,-0.017653,0.171858,-0.239494,0.234435,0.065136,0.182957,1.000000,1.000000
1782351203.067334,-1,0.001091,15.760349,SAFE_STAND,0.152119,-0.017659,0.171905,-0.239523,0.234423,0.065136,0.183389,1.000000,1.000000
1782351203.087315,-1,0.000949,15.780505,SAFE_STAND,0.151947,-0.017632,0.171928,-0.239451,0.234427,0.065136,0.183389,1.000000,1.000000
1782351203.107535,-1,0.001095,15.800807,SAFE_STAND,0.152523,-0.017625,0.171925,-0.239456,0.234427,0.065134,0.185281,1.000000,1.000000
1782351203.127887,-1,0.001105,15.820922,SAFE_STAND,0.151803,-0.017640,0.171964,-0.239472,0.234427,0.065134,0.183389,1.000000,1.000000
1782351203.147954,-1,0.001047,15.841028,SAFE_STAND,0.151734,-0.017617,0.171949,-0.239433,0.234427,0.065136,0.183389,1.000000,1.000000
1782351203.168134,-1,0.001101,15.861153,SAFE_STAND,0.152143,-0.017636,0.171903,-0.239450,0.234427,0.065135,0.183389,1.000000,1.000000
1782351203.188295,-1,0.001141,15.881570,SAFE_STAND,0.152513,-0.017669,0.171876,-0.239469,0.234427,0.065137,0.185281,1.000000,1.000000
1782351203.208642,-1,0.001136,15.901657,SAFE_STAND,0.151907,-0.017659,0.171968,-0.239454,0.234427,0.065134,0.183389,1.000000,1.000000
1782351203.228427,-1,0.000844,15.921705,SAFE_STAND,0.152352,-0.017632,0.172033,-0.239453,0.234427,0.065133,0.185314,1.000000,1.000000
1782351203.248730,-1,0.001026,15.941826,SAFE_STAND,0.152180,-0.017642,0.172053,-0.239454,0.234419,0.065134,0.183389,1.000000,1.000000
1782351203.268917,-1,0.001091,15.961947,SAFE_STAND,0.152207,-0.017625,0.172065,-0.239478,0.234427,0.065138,0.183389,1.000000,1.000000
1782351203.289443,-1,0.001167,15.982402,SAFE_STAND,0.152680,-0.017648,0.172071,-0.239460,0.234419,0.065134,0.187205,1.000000,1.000000
1782351203.309486,-1,0.001084,16.002523,SAFE_STAND,0.152119,-0.017640,0.172065,-0.239444,0.234427,0.065136,0.185314,1.000000,1.000000
1782351203.329614,-1,0.001087,16.022653,SAFE_STAND,0.151809,-0.017668,0.172069,-0.239505,0.234423,0.065135,0.183389,1.000000,1.000000
1782351203.349667,-1,0.000815,16.042973,SAFE_STAND,0.152141,-0.017651,0.172044,-0.239462,0.234427,0.065135,0.185281,1.000000,1.000000
1782351203.370058,-1,0.001060,16.063138,SAFE_STAND,0.151777,-0.017617,0.172064,-0.239442,0.234423,0.065134,0.183389,1.000000,1.000000
1782351203.390265,-1,0.001186,16.083227,SAFE_STAND,0.152601,-0.017646,0.172044,-0.239427,0.234423,0.065135,0.185281,1.000000,1.000000
1782351203.410252,-1,0.001100,16.103273,SAFE_STAND,0.151912,-0.017623,0.172059,-0.239464,0.234427,0.065135,0.183389,1.000000,1.000000
1782351203.430323,-1,0.001098,16.123350,SAFE_STAND,0.152550,-0.017614,0.172040,-0.239505,0.234427,0.065135,0.185281,1.000000,1.000000
1782351203.450410,-1,0.001113,16.143642,SAFE_STAND,0.152150,-0.017626,0.172036,-0.239508,0.234427,0.065135,0.183389,1.000000,1.000000
1782351203.470464,-1,0.000848,16.163733,SAFE_STAND,0.151776,-0.017637,0.172037,-0.239541,0.234427,0.065135,0.183389,1.000000,1.000000
1782351203.490836,-1,0.001142,16.183816,SAFE_STAND,0.152432,-0.017628,0.172060,-0.239562,0.234427,0.065136,0.187205,1.000000,1.000000
1782351203.510972,-1,0.001146,16.203980,SAFE_STAND,0.152576,-0.017601,0.172047,-0.239552,0.234435,0.065136,0.184876,1.000000,1.000000
1782351203.530973,-1,0.001031,16.224073,SAFE_STAND,0.151797,-0.017589,0.172093,-0.239557,0.234435,0.065138,0.181037,1.000000,1.000000
1782351203.551148,-1,0.001129,16.244153,SAFE_STAND,0.152192,-0.017587,0.172112,-0.239507,0.234435,0.065137,0.182957,1.000000,1.000000
1782351203.571574,-1,0.001183,16.264604,SAFE_STAND,0.152276,-0.017562,0.172114,-0.239502,0.234423,0.065135,0.185314,1.000000,1.000000
1782351203.591781,-1,0.001310,16.284673,SAFE_STAND,0.152742,-0.017541,0.172105,-0.239510,0.234427,0.065135,0.185281,1.000000,1.000000
1782351203.611889,-1,0.001339,16.304718,SAFE_STAND,0.152878,-0.017564,0.172133,-0.239567,0.234423,0.065135,0.185281,1.000000,1.000000
1782351203.631933,-1,0.001087,16.325174,SAFE_STAND,0.152160,-0.017552,0.172036,-0.239538,0.234423,0.065135,0.183389,1.000000,1.000000
1782351203.652092,-1,0.001017,16.345222,SAFE_STAND,0.152317,-0.017524,0.172005,-0.239516,0.234423,0.065136,0.185281,1.000000,1.000000
1782351203.672604,-1,0.001233,16.365529,SAFE_STAND,0.152656,-0.017525,0.172030,-0.239540,0.234423,0.065134,0.185281,1.000000,1.000000
1782351203.692995,-1,0.001549,16.385622,SAFE_STAND,0.152528,-0.017479,0.172075,-0.239479,0.234423,0.065133,0.183389,1.000000,1.000000
1782351203.712781,-1,0.001258,16.405871,SAFE_STAND,0.152373,-0.017483,0.172097,-0.239474,0.234427,0.065135,0.183389,1.000000,1.000000
1782351203.732716,-1,0.000903,16.425937,SAFE_STAND,0.152091,-0.017468,0.172099,-0.239481,0.234427,0.065135,0.185314,1.000000,1.000000
1782351203.753173,-1,0.001057,16.446230,SAFE_STAND,0.152109,-0.017451,0.172127,-0.239485,0.234431,0.065136,0.183389,1.000000,1.000000
1782351203.773225,-1,0.001037,16.466303,SAFE_STAND,0.152140,-0.017460,0.172143,-0.239511,0.234427,0.065135,0.183389,1.000000,1.000000
1782351203.793431,-1,0.000840,16.486708,SAFE_STAND,0.151745,-0.017452,0.172136,-0.239521,0.234423,0.065136,0.183389,1.000000,1.000000
1782351203.813896,-1,0.001023,16.506985,SAFE_STAND,0.151403,-0.017437,0.172134,-0.239528,0.234435,0.065137,0.181068,1.000000,1.000000
1782351203.833986,-1,0.001039,16.527058,SAFE_STAND,0.152391,-0.017449,0.172189,-0.239533,0.234427,0.065136,0.185281,1.000000,1.000000
1782351203.854867,-1,0.001846,16.547196,SAFE_STAND,0.153408,-0.017447,0.172217,-0.239527,0.234427,0.065136,0.187205,1.000000,1.000000
1782351203.874564,-1,0.001468,16.567456,SAFE_STAND,0.152541,-0.017449,0.172206,-0.239539,0.234423,0.065134,0.183389,1.000000,1.000000
1782351203.894711,-1,0.001402,16.587491,SAFE_STAND,0.152351,-0.017424,0.172223,-0.239567,0.234427,0.065136,0.183389,1.000000,1.000000
1782351203.915018,-1,0.001628,16.607634,SAFE_STAND,0.152750,-0.017433,0.172218,-0.239585,0.234435,0.065137,0.182957,1.000000,1.000000
1782351203.936525,-1,0.002833,16.627955,SAFE_STAND,0.153835,-0.017442,0.172221,-0.239624,0.234427,0.065134,0.183389,1.000000,1.000000
1782351203.955865,-1,0.002059,16.648236,SAFE_STAND,0.153300,-0.017432,0.172257,-0.239616,0.234427,0.065133,0.183389,1.000000,1.000000
1782351203.975896,-1,0.001736,16.668411,SAFE_STAND,0.152790,-0.017426,0.172305,-0.239617,0.234427,0.065135,0.183389,1.000000,1.000000
1782351203.996448,-1,0.001898,16.688717,SAFE_STAND,0.152992,-0.017421,0.172266,-0.239643,0.234423,0.065134,0.185314,1.000000,1.000000
1782351204.016432,-1,0.001621,16.708968,SAFE_STAND,0.152893,-0.017410,0.172257,-0.239640,0.234419,0.065134,0.185314,1.000000,1.000000
1782351204.036555,-1,0.001625,16.729089,SAFE_STAND,0.152244,-0.017422,0.172247,-0.239639,0.234427,0.065135,0.183389,1.000000,1.000000
1782351204.056612,-1,0.001558,16.749211,SAFE_STAND,0.152838,-0.017409,0.172288,-0.239631,0.234427,0.065134,0.185314,1.000000,1.000000
1782351204.077320,-1,0.001884,16.769841,SAFE_STAND,0.152921,-0.017379,0.172297,-0.239618,0.234435,0.065136,0.184845,1.000000,1.000000
1782351204.097142,-1,0.001425,16.789872,SAFE_STAND,0.152533,-0.017366,0.172297,-0.239701,0.234427,0.065136,0.183389,1.000000,1.000000
1782351204.116926,-1,0.001130,16.809915,SAFE_STAND,0.151904,-0.017363,0.172298,-0.239708,0.234427,0.065135,0.183389,1.000000,1.000000
1782351204.136918,-1,0.001048,16.829980,SAFE_STAND,0.152107,-0.017338,0.172331,-0.239686,0.234427,0.065135,0.185281,1.000000,1.000000
1782351204.156974,-1,0.001032,16.850048,SAFE_STAND,0.152016,-0.017320,0.172312,-0.239653,0.234427,0.065135,0.183389,1.000000,1.000000
1782351204.177101,-1,0.001083,16.870154,SAFE_STAND,0.152550,-0.017312,0.172355,-0.239602,0.234419,0.065133,0.185314,1.000000,1.000000
1782351204.197248,-1,0.000933,16.890452,SAFE_STAND,0.151978,-0.017305,0.172383,-0.239592,0.234427,0.065136,0.183389,1.000000,1.000000
1782351204.218170,-1,0.001563,16.910780,SAFE_STAND,0.152487,-0.017269,0.172379,-0.239591,0.234427,0.065135,0.183389,1.000000,1.000000
1782351204.239002,-1,0.002051,16.931379,SAFE_STAND,0.153534,-0.017307,0.172358,-0.239593,0.234423,0.065136,0.185314,1.000000,1.000000
1782351204.258878,-1,0.001545,16.951525,SAFE_STAND,0.152536,-0.017300,0.172357,-0.239662,0.234427,0.065135,0.183389,1.000000,1.000000
1782351204.278868,-1,0.001447,16.971601,SAFE_STAND,0.152246,-0.017311,0.172302,-0.239673,0.234423,0.065136,0.183389,1.000000,1.000000
1782351204.299738,-1,0.001946,16.992208,SAFE_STAND,0.153120,-0.017311,0.172273,-0.239660,0.234423,0.065135,0.183389,1.000000,1.000000
1782351204.319796,-1,0.001635,17.012344,SAFE_STAND,0.152890,-0.017298,0.172296,-0.239641,0.234427,0.065136,0.185281,1.000000,1.000000
1782351204.340189,-1,0.001555,17.032784,SAFE_STAND,0.152149,-0.017297,0.172254,-0.239689,0.234427,0.065137,0.183389,1.000000,1.000000
1782351204.360292,-1,0.001574,17.052872,SAFE_STAND,0.152526,-0.017284,0.172258,-0.239690,0.234423,0.065137,0.185314,1.000000,1.000000
1782351204.380401,-1,0.001596,17.072983,SAFE_STAND,0.152545,-0.017249,0.172191,-0.239653,0.234427,0.065136,0.183389,1.000000,1.000000
1782351204.400493,-1,0.001603,17.093049,SAFE_STAND,0.152172,-0.017271,0.172188,-0.239683,0.234423,0.065136,0.183389,1.000000,1.000000
1782351204.420981,-1,0.001788,17.113348,SAFE_STAND,0.152441,-0.017265,0.172190,-0.239668,0.234427,0.065137,0.183389,1.000000,1.000000
1782351204.441026,-1,0.001748,17.133426,SAFE_STAND,0.153098,-0.017261,0.172198,-0.239660,0.234435,0.065136,0.186764,1.000000,1.000000
1782351204.461095,-1,0.001563,17.153687,SAFE_STAND,0.152209,-0.017278,0.172153,-0.239665,0.234427,0.065135,0.183389,1.000000,1.000000
1782351204.481049,-1,0.001432,17.173771,SAFE_STAND,0.152374,-0.017283,0.172221,-0.239671,0.234435,0.065136,0.182957,1.000000,1.000000
1782351204.501015,-1,0.001105,17.194024,SAFE_STAND,0.152180,-0.017267,0.172214,-0.239657,0.234423,0.065135,0.183389,1.000000,1.000000
1782351204.521173,-1,0.000906,17.214376,SAFE_STAND,0.152140,-0.017280,0.172213,-0.239649,0.234419,0.065134,0.185314,1.000000,1.000000
1782351204.541380,-1,0.001038,17.234448,SAFE_STAND,0.152041,-0.017303,0.172193,-0.239665,0.234427,0.065136,0.185314,1.000000,1.000000
1782351204.561439,-1,0.001026,17.254517,SAFE_STAND,0.151678,-0.017327,0.172198,-0.239672,0.234427,0.065135,0.183389,1.000000,1.000000
1782351204.581498,-1,0.001013,17.274593,SAFE_STAND,0.152035,-0.017353,0.172204,-0.239715,0.234427,0.065136,0.183389,1.000000,1.000000
1782351204.601731,-1,0.001175,17.294669,SAFE_STAND,0.152395,-0.017347,0.172246,-0.239773,0.234427,0.065135,0.183389,1.000000,1.000000
1782351204.621662,-1,0.001035,17.314743,SAFE_STAND,0.152659,-0.017345,0.172243,-0.239750,0.234431,0.065136,0.186764,1.000000,1.000000
1782351204.641676,-1,0.000792,17.334986,SAFE_STAND,0.151865,-0.017357,0.172300,-0.239751,0.234431,0.065136,0.183389,1.000000,1.000000
1782351204.662226,-1,0.001061,17.355273,SAFE_STAND,0.152101,-0.017377,0.172283,-0.239760,0.234427,0.065135,0.183389,1.000000,1.000000
1782351204.682255,-1,0.001019,17.375337,SAFE_STAND,0.152492,-0.017403,0.172277,-0.239839,0.234427,0.065136,0.185281,1.000000,1.000000
1782351204.702316,-1,0.001009,17.395406,SAFE_STAND,0.152009,-0.017404,0.172271,-0.239823,0.234435,0.065136,0.182957,1.000000,1.000000
1782351204.722420,-1,0.001042,17.415694,SAFE_STAND,0.152091,-0.017403,0.172263,-0.239781,0.234431,0.065135,0.183389,1.000000,1.000000
1782351204.742700,-1,0.001036,17.435770,SAFE_STAND,0.152362,-0.017397,0.172226,-0.239790,0.234427,0.065135,0.187205,1.000000,1.000000
1782351204.762758,-1,0.001021,17.455835,SAFE_STAND,0.151707,-0.017410,0.172172,-0.239787,0.234427,0.065136,0.183389,1.000000,1.000000
1782351204.782826,-1,0.001018,17.475917,SAFE_STAND,0.152057,-0.017420,0.172149,-0.239746,0.234423,0.065134,0.185281,1.000000,1.000000
1782351204.803109,-1,0.001228,17.496013,SAFE_STAND,0.152345,-0.017393,0.172127,-0.239698,0.234419,0.065134,0.183389,1.000000,1.000000
1782351204.823701,-1,0.001191,17.516643,SAFE_STAND,0.151680,-0.017410,0.172134,-0.239668,0.234431,0.065136,0.182957,1.000000,1.000000
1782351204.843658,-1,0.001061,17.536721,SAFE_STAND,0.151708,-0.017428,0.172068,-0.239661,0.234435,0.065137,0.181068,1.000000,1.000000
1782351204.863715,-1,0.001046,17.556783,SAFE_STAND,0.151832,-0.017395,0.172095,-0.239633,0.234427,0.065134,0.183389,1.000000,1.000000
1782351204.884106,-1,0.001364,17.576862,SAFE_STAND,0.152605,-0.017413,0.172080,-0.239661,0.234427,0.065137,0.185314,1.000000,1.000000
1782351204.904352,-1,0.001182,17.597286,SAFE_STAND,0.152137,-0.017387,0.172049,-0.239656,0.234427,0.065136,0.185314,1.000000,1.000000
1782351204.924404,-1,0.001160,17.617371,SAFE_STAND,0.151766,-0.017399,0.172041,-0.239667,0.234423,0.065134,0.183389,1.000000,1.000000
1782351204.944483,-1,0.001151,17.637447,SAFE_STAND,0.152046,-0.017399,0.172066,-0.239634,0.234431,0.065135,0.185281,1.000000,1.000000
1782351204.964604,-1,0.001187,17.657529,SAFE_STAND,0.152265,-0.017371,0.172022,-0.239602,0.234427,0.065136,0.183389,1.000000,1.000000
1782351204.984558,-1,0.001068,17.677620,SAFE_STAND,0.152107,-0.017367,0.171990,-0.239602,0.234427,0.065135,0.183389,1.000000,1.000000
1782351205.004631,-1,0.000849,17.697901,SAFE_STAND,0.151684,-0.017388,0.171983,-0.239614,0.234427,0.065136,0.183389,1.000000,1.000000
1782351205.024928,-1,0.001066,17.717982,SAFE_STAND,0.151614,-0.017384,0.171958,-0.239637,0.234435,0.065135,0.182957,1.000000,1.000000
1782351205.044944,-1,0.001010,17.738055,SAFE_STAND,0.152035,-0.017376,0.171962,-0.239622,0.234423,0.065132,0.183389,1.000000,1.000000
1782351205.065029,-1,0.001021,17.758123,SAFE_STAND,0.151618,-0.017366,0.171936,-0.239566,0.234419,0.065136,0.183389,1.000000,1.000000
1782351205.085132,-1,0.001050,17.778199,SAFE_STAND,0.152055,-0.017371,0.171930,-0.239545,0.234427,0.065135,0.183389,1.000000,1.000000
1782351205.105197,-1,0.001043,17.798275,SAFE_STAND,0.152009,-0.017366,0.171928,-0.239552,0.234431,0.065134,0.183356,1.000000,1.000000
1782351205.125190,-1,0.000839,17.818465,SAFE_STAND,0.151698,-0.017384,0.171952,-0.239556,0.234427,0.065137,0.183389,1.000000,1.000000
1782351205.145679,-1,0.001041,17.838760,SAFE_STAND,0.152701,-0.017384,0.171932,-0.239567,0.234419,0.065133,0.187205,1.000000,1.000000
1782351205.165697,-1,0.001019,17.858799,SAFE_STAND,0.152381,-0.017373,0.171956,-0.239535,0.234423,0.065134,0.185281,1.000000,1.000000
1782351205.185831,-1,0.001079,17.878876,SAFE_STAND,0.152063,-0.017340,0.171997,-0.239496,0.234427,0.065136,0.183389,1.000000,1.000000
1782351205.205958,-1,0.001130,17.898968,SAFE_STAND,0.152124,-0.017350,0.172061,-0.239478,0.234435,0.065134,0.182957,1.000000,1.000000
1782351205.225997,-1,0.000879,17.919238,SAFE_STAND,0.152105,-0.017357,0.172097,-0.239494,0.234423,0.065133,0.185314,1.000000,1.000000
1782351205.246255,-1,0.001059,17.939314,SAFE_STAND,0.151686,-0.017320,0.172088,-0.239437,0.234427,0.065136,0.183389,1.000000,1.000000
1782351205.266431,-1,0.001163,17.959385,SAFE_STAND,0.151663,-0.017340,0.172035,-0.239409,0.234423,0.065136,0.183389,1.000000,1.000000
1782351205.286898,-1,0.001541,17.979533,SAFE_STAND,0.152694,-0.017363,0.172029,-0.239407,0.234423,0.065135,0.185314,1.000000,1.000000
1782351205.307453,-1,0.001579,18.000034,SAFE_STAND,0.152776,-0.017369,0.171961,-0.239393,0.234427,0.065135,0.187205,1.000000,1.000000
1782351205.327542,-1,0.001553,18.020148,SAFE_STAND,0.152807,-0.017368,0.171967,-0.239407,0.234419,0.065134,0.185314,1.000000,1.000000
1782351205.347949,-1,0.001841,18.040262,SAFE_STAND,0.152848,-0.017376,0.171941,-0.239388,0.234427,0.065135,0.185314,1.000000,1.000000
1782351205.368103,-1,0.001868,18.060390,SAFE_STAND,0.152798,-0.017372,0.171958,-0.239370,0.234427,0.065135,0.185314,1.000000,1.000000
1782351205.388450,-1,0.002071,18.080917,SAFE_STAND,0.152820,-0.017375,0.171986,-0.239375,0.234427,0.065134,0.181464,1.000000,1.000000
1782351205.408278,-1,0.001639,18.100806,SAFE_STAND,0.152091,-0.017390,0.171957,-0.239370,0.234435,0.065136,0.182957,1.000000,1.000000
1782351205.428913,-1,0.001929,18.121217,SAFE_STAND,0.152932,-0.017416,0.171909,-0.239353,0.234423,0.065133,0.185314,1.000000,1.000000
1782351205.448821,-1,0.001750,18.141258,SAFE_STAND,0.152323,-0.017426,0.171870,-0.239331,0.234423,0.065135,0.183389,1.000000,1.000000
1782351205.468796,-1,0.001579,18.161391,SAFE_STAND,0.152183,-0.017445,0.171857,-0.239329,0.234427,0.065135,0.183389,1.000000,1.000000
1782351205.488929,-1,0.001448,18.181726,SAFE_STAND,0.152761,-0.017436,0.171833,-0.239299,0.234423,0.065134,0.185314,1.000000,1.000000
1782351205.508812,-1,0.001255,18.201683,SAFE_STAND,0.151691,-0.017439,0.171827,-0.239269,0.234439,0.065138,0.182957,1.000000,1.000000
1782351205.528745,-1,0.001102,18.221767,SAFE_STAND,0.152078,-0.017441,0.171853,-0.239237,0.234427,0.065137,0.183389,1.000000,1.000000
1782351205.548800,-1,0.001082,18.242044,SAFE_STAND,0.152360,-0.017431,0.171892,-0.239195,0.234427,0.065135,0.185281,1.000000,1.000000
1782351205.568858,-1,0.001065,18.261910,SAFE_STAND,0.152503,-0.017441,0.171922,-0.239223,0.234427,0.065134,0.185314,1.000000,1.000000
1782351205.589251,-1,0.001142,18.282251,SAFE_STAND,0.151772,-0.017410,0.171936,-0.239172,0.234423,0.065134,0.183389,1.000000,1.000000
1782351205.609271,-1,0.001076,18.302312,SAFE_STAND,0.151693,-0.017405,0.171907,-0.239125,0.234427,0.065134,0.183389,1.000000,1.000000
1782351205.629350,-1,0.001083,18.322381,SAFE_STAND,0.152106,-0.017425,0.171884,-0.239091,0.234427,0.065134,0.183389,1.000000,1.000000
1782351205.649447,-1,0.001107,18.342452,SAFE_STAND,0.152389,-0.017445,0.171888,-0.239067,0.234423,0.065134,0.185314,1.000000,1.000000
1782351205.669523,-1,0.000820,18.362808,SAFE_STAND,0.151949,-0.017418,0.171886,-0.239066,0.234423,0.065136,0.185314,1.000000,1.000000
1782351205.690092,-1,0.001075,18.383129,SAFE_STAND,0.152019,-0.017414,0.171866,-0.239042,0.234423,0.065134,0.185314,1.000000,1.000000
1782351205.710131,-1,0.001042,18.403194,SAFE_STAND,0.152276,-0.017423,0.171805,-0.239052,0.234427,0.065134,0.185314,1.000000,1.000000
1782351205.730200,-1,0.001041,18.423266,SAFE_STAND,0.152340,-0.017443,0.171773,-0.239086,0.234427,0.065134,0.185281,1.000000,1.000000
1782351205.750185,-1,0.000839,18.443454,SAFE_STAND,0.151581,-0.017449,0.171788,-0.239089,0.234435,0.065136,0.182957,1.000000,1.000000
1782351205.770405,-1,0.000896,18.463680,SAFE_STAND,0.152433,-0.017445,0.171787,-0.239088,0.234427,0.065136,0.187205,1.000000,1.000000
1782351205.790945,-1,0.001135,18.483972,SAFE_STAND,0.152177,-0.017445,0.171812,-0.239057,0.234427,0.065135,0.183389,1.000000,1.000000
1782351205.811014,-1,0.001132,18.504046,SAFE_STAND,0.152120,-0.017435,0.171777,-0.239019,0.234427,0.065136,0.183389,1.000000,1.000000
1782351205.831101,-1,0.000882,18.524378,SAFE_STAND,0.151758,-0.017420,0.171766,-0.239048,0.234427,0.065134,0.183389,1.000000,1.000000
1782351205.851176,-1,0.000882,18.544458,SAFE_STAND,0.151631,-0.017386,0.171750,-0.239016,0.234435,0.065135,0.182957,1.000000,1.000000
1782351205.871673,-1,0.001068,18.564768,SAFE_STAND,0.152036,-0.017368,0.171763,-0.239062,0.234423,0.065134,0.183389,1.000000,1.000000
1782351205.891716,-1,0.001037,18.584798,SAFE_STAND,0.151894,-0.017340,0.171751,-0.239018,0.234427,0.065136,0.183389,1.000000,1.000000
1782351205.911794,-1,0.001044,18.604855,SAFE_STAND,0.151954,-0.017364,0.171750,-0.239056,0.234423,0.065135,0.183389,1.000000,1.000000
1782351205.932216,-1,0.001159,18.625201,SAFE_STAND,0.152094,-0.017385,0.171756,-0.239046,0.234427,0.065134,0.185314,1.000000,1.000000
1782351205.952573,-1,0.001439,18.645334,SAFE_STAND,0.152088,-0.017393,0.171711,-0.239040,0.234427,0.065135,0.183389,1.000000,1.000000
1782351205.972453,-1,0.001243,18.665357,SAFE_STAND,0.152266,-0.017371,0.171765,-0.239018,0.234427,0.065136,0.183389,1.000000,1.000000
1782351205.992559,-1,0.000871,18.685802,SAFE_STAND,0.151595,-0.017349,0.171727,-0.239004,0.234427,0.065135,0.183389,1.000000,1.000000
1782351206.013061,-1,0.001067,18.706101,SAFE_STAND,0.151917,-0.017359,0.171697,-0.238961,0.234427,0.065136,0.183389,1.000000,1.000000
1782351206.033123,-1,0.001058,18.726177,SAFE_STAND,0.151885,-0.017362,0.171687,-0.238924,0.234435,0.065135,0.182957,1.000000,1.000000
1782351206.053188,-1,0.001051,18.746248,SAFE_STAND,0.151558,-0.017382,0.171683,-0.238939,0.234427,0.065135,0.183389,1.000000,1.000000
1782351206.073294,-1,0.001072,18.766557,SAFE_STAND,0.151936,-0.017412,0.171675,-0.238983,0.234431,0.065136,0.182957,1.000000,1.000000
1782351206.093286,-1,0.000831,18.786562,SAFE_STAND,0.151547,-0.017410,0.171641,-0.238956,0.234427,0.065135,0.183389,1.000000,1.000000
1782351206.113860,-1,0.001094,18.806870,SAFE_STAND,0.152340,-0.017406,0.171654,-0.238930,0.234427,0.065135,0.185314,1.000000,1.000000
1782351206.134678,-1,0.001837,18.827049,SAFE_STAND,0.152923,-0.017419,0.171617,-0.238894,0.234431,0.065136,0.185281,1.000000,1.000000
1782351206.154508,-1,0.001574,18.847298,SAFE_STAND,0.152320,-0.017422,0.171607,-0.238877,0.234427,0.065135,0.183389,1.000000,1.000000
1782351206.174133,-1,0.001109,18.867362,SAFE_STAND,0.151912,-0.017401,0.171594,-0.238878,0.234431,0.065137,0.182957,1.000000,1.000000
1782351206.194456,-1,0.001117,18.887466,SAFE_STAND,0.151597,-0.017373,0.171592,-0.238846,0.234427,0.065136,0.183389,1.000000,1.000000
1782351206.214558,-1,0.001133,18.907540,SAFE_STAND,0.151971,-0.017362,0.171580,-0.238881,0.234427,0.065136,0.183389,1.000000,1.000000
1782351206.234615,-1,0.001117,18.927620,SAFE_STAND,0.151936,-0.017357,0.171590,-0.238885,0.234435,0.065137,0.182957,1.000000,1.000000
1782351206.254649,-1,0.001079,18.947906,SAFE_STAND,0.151909,-0.017367,0.171590,-0.238865,0.234423,0.065134,0.183389,1.000000,1.000000
1782351206.274725,-1,0.001081,18.967757,SAFE_STAND,0.152236,-0.017373,0.171525,-0.238875,0.234423,0.065136,0.185281,1.000000,1.000000
1782351206.294798,-1,0.000852,18.988059,SAFE_STAND,0.151811,-0.017350,0.171460,-0.238856,0.234423,0.065134,0.185314,1.000000,1.000000
1782351206.315352,-1,0.001091,19.008584,SAFE_STAND,0.151969,-0.017364,0.171466,-0.238851,0.234427,0.065135,0.183389,1.000000,1.000000
1782351206.335565,-1,0.001230,19.028481,SAFE_STAND,0.152405,-0.017388,0.171524,-0.238876,0.234435,0.065136,0.184876,1.000000,1.000000
1782351206.355480,-1,0.001067,19.048738,SAFE_STAND,0.152225,-0.017385,0.171542,-0.238844,0.234427,0.065136,0.185314,1.000000,1.000000
1782351206.375882,-1,0.001156,19.068868,SAFE_STAND,0.151711,-0.017379,0.171512,-0.238836,0.234419,0.065136,0.183389,1.000000,1.000000
1782351206.395935,-1,0.001121,19.088943,SAFE_STAND,0.151987,-0.017392,0.171540,-0.238836,0.234423,0.065133,0.183389,1.000000,1.000000
1782351206.415950,-1,0.001060,19.109003,SAFE_STAND,0.152276,-0.017359,0.171536,-0.238756,0.234423,0.065134,0.185314,1.000000,1.000000
1782351206.436057,-1,0.001095,19.129084,SAFE_STAND,0.152222,-0.017360,0.171526,-0.238767,0.234423,0.065134,0.185314,1.000000,1.000000
1782351206.456220,-1,0.000836,19.149490,SAFE_STAND,0.151856,-0.017359,0.171517,-0.238758,0.234427,0.065136,0.185314,1.000000,1.000000
1782351206.476737,-1,0.001039,19.169805,SAFE_STAND,0.152188,-0.017375,0.171503,-0.238776,0.234423,0.065134,0.185314,1.000000,1.000000
1782351206.496855,-1,0.001085,19.189886,SAFE_STAND,0.151851,-0.017354,0.171496,-0.238731,0.234431,0.065136,0.182957,1.000000,1.000000
1782351206.516915,-1,0.001072,19.209950,SAFE_STAND,0.151865,-0.017344,0.171532,-0.238715,0.234423,0.065135,0.183389,1.000000,1.000000
1782351206.536981,-1,0.000845,19.230250,SAFE_STAND,0.151871,-0.017348,0.171523,-0.238716,0.234423,0.065133,0.185314,1.000000,1.000000
1782351206.557516,-1,0.001080,19.250547,SAFE_STAND,0.152023,-0.017349,0.171550,-0.238681,0.234427,0.065135,0.183389,1.000000,1.000000
1782351206.577639,-1,0.001131,19.270658,SAFE_STAND,0.151969,-0.017340,0.171583,-0.238685,0.234423,0.065134,0.183389,1.000000,1.000000
1782351206.597777,-1,0.000854,19.291030,SAFE_STAND,0.151570,-0.017327,0.171570,-0.238661,0.234423,0.065135,0.183389,1.000000,1.000000
1782351206.618292,-1,0.001066,19.311342,SAFE_STAND,0.152173,-0.017326,0.171589,-0.238645,0.234431,0.065135,0.184845,1.000000,1.000000
1782351206.638423,-1,0.001126,19.331415,SAFE_STAND,0.152092,-0.017330,0.171605,-0.238626,0.234419,0.065134,0.183389,1.000000,1.000000
1782351206.658457,-1,0.001088,19.351482,SAFE_STAND,0.151956,-0.017334,0.171573,-0.238651,0.234423,0.065136,0.183389,1.000000,1.000000
1782351206.678742,-1,0.001300,19.371793,SAFE_STAND,0.151940,-0.017324,0.171568,-0.238649,0.234427,0.065134,0.183389,1.000000,1.000000
1782351206.698379,-1,0.000853,19.391648,SAFE_STAND,0.151444,-0.017301,0.171579,-0.238633,0.234435,0.065135,0.182957,1.000000,1.000000
1782351206.718921,-1,0.001085,19.411948,SAFE_STAND,0.152015,-0.017302,0.171569,-0.238635,0.234423,0.065135,0.183389,1.000000,1.000000
1782351206.739035,-1,0.001127,19.432028,SAFE_STAND,0.152374,-0.017284,0.171588,-0.238642,0.234423,0.065135,0.185314,1.000000,1.000000
1782351206.759052,-1,0.001068,19.452094,SAFE_STAND,0.151914,-0.017299,0.171576,-0.238661,0.234427,0.065136,0.183389,1.000000,1.000000
1782351206.779133,-1,0.001077,19.472166,SAFE_STAND,0.152237,-0.017296,0.171598,-0.238640,0.234423,0.065136,0.185281,1.000000,1.000000
1782351206.799424,-1,0.001061,19.492476,SAFE_STAND,0.151636,-0.017287,0.171638,-0.238626,0.234427,0.065135,0.183389,1.000000,1.000000
1782351206.819545,-1,0.001108,19.512550,SAFE_STAND,0.151648,-0.017261,0.171659,-0.238595,0.234431,0.065136,0.183389,1.000000,1.000000
1782351206.839582,-1,0.001071,19.532620,SAFE_STAND,0.151830,-0.017256,0.171623,-0.238550,0.234419,0.065135,0.185281,1.000000,1.000000
1782351206.859645,-1,0.001062,19.552694,SAFE_STAND,0.151908,-0.017254,0.171652,-0.238583,0.234427,0.065136,0.183389,1.000000,1.000000
1782351206.879735,-1,0.001080,19.572767,SAFE_STAND,0.151806,-0.017245,0.171627,-0.238588,0.234435,0.065136,0.182957,1.000000,1.000000
1782351206.899763,-1,0.000843,19.593029,SAFE_STAND,0.151499,-0.017250,0.171628,-0.238601,0.234427,0.065135,0.183389,1.000000,1.000000
1782351206.920299,-1,0.001064,19.613343,SAFE_STAND,0.152181,-0.017260,0.171597,-0.238597,0.234435,0.065136,0.184876,1.000000,1.000000
1782351206.940375,-1,0.001069,19.633410,SAFE_STAND,0.152342,-0.017257,0.171564,-0.238601,0.234427,0.065134,0.185314,1.000000,1.000000
1782351206.960436,-1,0.001059,19.653488,SAFE_STAND,0.151604,-0.017261,0.171574,-0.238594,0.234427,0.065135,0.181497,1.000000,1.000000
1782351206.980486,-1,0.000841,19.673759,SAFE_STAND,0.152124,-0.017227,0.171593,-0.238593,0.234423,0.065134,0.187205,1.000000,1.000000
1782351207.001046,-1,0.001082,19.694074,SAFE_STAND,0.152259,-0.017231,0.171591,-0.238576,0.234423,0.065137,0.187205,1.000000,1.000000
1782351207.021070,-1,0.001034,19.714142,SAFE_STAND,0.152118,-0.017229,0.171601,-0.238556,0.234423,0.065133,0.185314,1.000000,1.000000
1782351207.041160,-1,0.001052,19.734420,SAFE_STAND,0.151902,-0.017224,0.171597,-0.238562,0.234423,0.065134,0.183389,1.000000,1.000000
1782351207.061272,-1,0.001092,19.754286,SAFE_STAND,0.151920,-0.017259,0.171551,-0.238559,0.234427,0.065134,0.183389,1.000000,1.000000
1782351207.081534,-1,0.001046,19.774599,SAFE_STAND,0.152211,-0.017258,0.171510,-0.238549,0.234423,0.065133,0.187205,1.000000,1.000000
1782351207.101614,-1,0.001054,19.794673,SAFE_STAND,0.151827,-0.017266,0.171544,-0.238535,0.234423,0.065136,0.183389,1.000000,1.000000
1782351207.121713,-1,0.001081,19.814748,SAFE_STAND,0.151596,-0.017238,0.171562,-0.238475,0.234427,0.065136,0.183389,1.000000,1.000000
1782351207.141776,-1,0.001098,19.834793,SAFE_STAND,0.152026,-0.017275,0.171545,-0.238459,0.234427,0.065136,0.183389,1.000000,1.000000
1782351207.161809,-1,0.001059,19.855077,SAFE_STAND,0.152215,-0.017221,0.171518,-0.238416,0.234419,0.065133,0.185281,1.000000,1.000000
1782351207.181895,-1,0.001073,19.874937,SAFE_STAND,0.152235,-0.017255,0.171480,-0.238442,0.234423,0.065135,0.185314,1.000000,1.000000
1782351207.202284,-1,0.001158,19.895264,SAFE_STAND,0.151625,-0.017304,0.171474,-0.238466,0.234423,0.065134,0.183389,1.000000,1.000000
1782351207.222252,-1,0.001042,19.915318,SAFE_STAND,0.151886,-0.017288,0.171509,-0.238460,0.234427,0.065136,0.183389,1.000000,1.000000
1782351207.242362,-1,0.001079,19.935391,SAFE_STAND,0.151953,-0.017292,0.171508,-0.238476,0.234427,0.065133,0.183389,1.000000,1.000000
1782351207.262389,-1,0.001035,19.955460,SAFE_STAND,0.152139,-0.017299,0.171545,-0.238506,0.234427,0.065136,0.185281,1.000000,1.000000
1782351207.283014,-1,0.001586,19.975831,SAFE_STAND,0.152648,-0.017318,0.171550,-0.238568,0.234427,0.065136,0.185314,1.000000,1.000000
1782351207.302766,-1,0.001250,19.995888,SAFE_STAND,0.152164,-0.017335,0.171553,-0.238590,0.234423,0.065135,0.183389,1.000000,1.000000
1782351207.323092,-1,0.001258,20.015970,SAFE_STAND,0.151712,-0.017332,0.171543,-0.238569,0.234427,0.065134,0.183389,1.000000,1.000000
1782351207.343070,-1,0.001159,20.036026,SAFE_STAND,0.151672,-0.017330,0.171540,-0.238567,0.234427,0.065136,0.183389,1.000000,1.000000
1782351207.363135,-1,0.001150,20.056104,SAFE_STAND,0.152321,-0.017325,0.171557,-0.238558,0.234423,0.065133,0.185314,1.000000,1.000000
1782351207.383746,-1,0.001686,20.076248,SAFE_STAND,0.152341,-0.017313,0.171541,-0.238499,0.234423,0.065135,0.183389,1.000000,1.000000
1782351207.403698,-1,0.001561,20.096298,SAFE_STAND,0.152181,-0.017338,0.171575,-0.238555,0.234427,0.065135,0.183389,1.000000,1.000000
1782351207.423230,-1,0.000838,20.116500,SAFE_STAND,0.151494,-0.017330,0.171609,-0.238531,0.234431,0.065136,0.182957,1.000000,1.000000
1782351207.443776,-1,0.001074,20.136806,SAFE_STAND,0.152227,-0.017346,0.171580,-0.238527,0.234427,0.065135,0.185314,1.000000,1.000000
1782351207.463799,-1,0.001025,20.156881,SAFE_STAND,0.151851,-0.017348,0.171542,-0.238525,0.234427,0.065137,0.183389,1.000000,1.000000
1782351207.483905,-1,0.001059,20.177165,SAFE_STAND,0.151901,-0.017347,0.171531,-0.238510,0.234423,0.065134,0.183389,1.000000,1.000000
1782351207.504075,-1,0.000851,20.197341,SAFE_STAND,0.151853,-0.017370,0.171539,-0.238528,0.234423,0.065136,0.185314,1.000000,1.000000
1782351207.524595,-1,0.001289,20.217474,SAFE_STAND,0.152493,-0.017382,0.171505,-0.238545,0.234427,0.065137,0.185314,1.000000,1.000000
1782351207.544518,-1,0.001139,20.237499,SAFE_STAND,0.152011,-0.017402,0.171490,-0.238611,0.234423,0.065134,0.183389,1.000000,1.000000
1782351207.564536,-1,0.001084,20.257784,SAFE_STAND,0.151887,-0.017407,0.171496,-0.238648,0.234427,0.065134,0.183389,1.000000,1.000000
1782351207.584587,-1,0.000860,20.277850,SAFE_STAND,0.151579,-0.017422,0.171469,-0.238676,0.234427,0.065135,0.183389,1.000000,1.000000
