timestamp,frame_id,loop_dt,redis_age,mode,risk_score,roll,pitch,yaw,max_tracking_error,rms_tracking_error,max_torque_ratio,ramp,deploy_action_scale
1782354257.777014,-1,0.006833,111.642716,SAFE_STAND,0.170411,0.006803,0.188612,-0.324846,0.275162,0.082298,0.215962,1.000000,0.050000
1782354257.793894,-1,0.003573,111.662011,SAFE_STAND,0.165607,0.006831,0.188600,-0.324794,0.275166,0.082297,0.215962,1.000000,0.050000
1782354257.813146,-1,0.002694,111.681716,SAFE_STAND,0.164470,0.006822,0.188573,-0.324802,0.275155,0.082296,0.217925,1.000000,0.050000
1782354257.833865,-1,0.002908,111.702129,SAFE_STAND,0.164828,0.006841,0.188515,-0.324771,0.275159,0.082296,0.215962,1.000000,0.050000
1782354257.853059,-1,0.002022,111.722412,SAFE_STAND,0.163999,0.006832,0.188506,-0.324772,0.275162,0.082296,0.215962,1.000000,0.050000
1782354257.873654,-1,0.002192,111.742576,SAFE_STAND,0.163651,0.006829,0.188504,-0.324847,0.275159,0.082297,0.215962,1.000000,0.050000
1782354257.893023,-1,0.001418,111.762738,SAFE_STAND,0.163130,0.006821,0.188463,-0.324866,0.275162,0.082297,0.215962,1.000000,0.050000
1782354257.913861,-1,0.002126,111.782885,SAFE_STAND,0.164160,0.006811,0.188447,-0.324883,0.275155,0.082296,0.215962,1.000000,0.050000
1782354257.933818,-1,0.002011,111.803439,SAFE_STAND,0.163935,0.006830,0.188415,-0.324864,0.275155,0.082296,0.215962,1.000000,0.050000
1782354257.954679,-1,0.002512,111.823375,SAFE_STAND,0.164178,0.006836,0.188448,-0.324888,0.275151,0.082297,0.215962,1.000000,0.050000
1782354257.975331,-1,0.003085,111.843468,SAFE_STAND,0.164742,0.006863,0.188478,-0.324847,0.275155,0.082297,0.215962,1.000000,0.050000
1782354257.996333,-1,0.003937,111.863636,SAFE_STAND,0.166062,0.006871,0.188488,-0.324822,0.275158,0.082295,0.215962,1.000000,0.050000
1782354258.016205,-1,0.003648,111.884277,SAFE_STAND,0.165719,0.006861,0.188462,-0.324842,0.275158,0.082296,0.215962,1.000000,0.050000
1782354258.037133,-1,0.004156,111.904401,SAFE_STAND,0.165553,0.006890,0.188424,-0.324824,0.275155,0.082296,0.215962,1.000000,0.050000
1782354258.056595,-1,0.003459,111.924447,SAFE_STAND,0.165822,0.006896,0.188441,-0.324853,0.275158,0.082296,0.215962,1.000000,0.050000
1782354258.076898,-1,0.003596,111.944927,SAFE_STAND,0.165226,0.006920,0.188467,-0.324836,0.275155,0.082294,0.214029,1.000000,0.050000
1782354258.096493,-1,0.002862,111.964878,SAFE_STAND,0.164245,0.006935,0.188475,-0.324848,0.275158,0.082298,0.215962,1.000000,0.050000
1782354258.117195,-1,0.002979,111.985769,SAFE_STAND,0.164709,0.006992,0.188466,-0.324832,0.275162,0.082297,0.215962,1.000000,0.050000
1782354258.137095,-1,0.002352,112.006033,SAFE_STAND,0.163595,0.007022,0.188455,-0.324806,0.275155,0.082297,0.214029,1.000000,0.050000
1782354258.157709,-1,0.002319,112.026555,SAFE_STAND,0.163553,0.007024,0.188489,-0.324799,0.275158,0.082295,0.213998,1.000000,0.050000
1782354258.177665,-1,0.002169,112.046673,SAFE_STAND,0.163610,0.007005,0.188492,-0.324849,0.275162,0.082298,0.215962,1.000000,0.050000
1782354258.198615,-1,0.003027,112.066773,SAFE_STAND,0.164995,0.006994,0.188466,-0.324866,0.275155,0.082297,0.215962,1.000000,0.050000
1782354258.218544,-1,0.002819,112.087395,SAFE_STAND,0.164705,0.006971,0.188464,-0.324886,0.275158,0.082297,0.215962,1.000000,0.050000
1782354258.239553,-1,0.003372,112.107404,SAFE_STAND,0.165293,0.007006,0.188458,-0.324884,0.275155,0.082295,0.215962,1.000000,0.050000
1782354258.258233,-1,0.001963,112.127504,SAFE_STAND,0.163570,0.007006,0.188441,-0.324927,0.275151,0.082294,0.215962,1.000000,0.050000
1782354258.279438,-1,0.003082,112.147577,SAFE_STAND,0.165144,0.007021,0.188426,-0.324913,0.275158,0.082296,0.215962,1.000000,0.050000
1782354258.299460,-1,0.003021,112.167659,SAFE_STAND,0.164975,0.007025,0.188435,-0.324924,0.275151,0.082296,0.215962,1.000000,0.050000
1782354258.320101,-1,0.003571,112.187688,SAFE_STAND,0.165731,0.007038,0.188471,-0.324914,0.275162,0.082297,0.215962,1.000000,0.050000
1782354258.339406,-1,0.002472,112.208092,SAFE_STAND,0.164005,0.007030,0.188504,-0.324942,0.275155,0.082296,0.215962,1.000000,0.050000
1782354258.359277,-1,0.002258,112.228171,SAFE_STAND,0.164443,0.007033,0.188490,-0.324914,0.275158,0.082296,0.219858,1.000000,0.050000
1782354258.379361,-1,0.002026,112.248495,SAFE_STAND,0.163887,0.007055,0.188498,-0.324930,0.275151,0.082295,0.215962,1.000000,0.050000
1782354258.400398,-1,0.002699,112.268923,SAFE_STAND,0.164910,0.007038,0.188507,-0.324962,0.275155,0.082295,0.215962,1.000000,0.050000
1782354258.421017,-1,0.002831,112.289786,SAFE_STAND,0.164140,0.007049,0.188546,-0.324943,0.275158,0.082296,0.213998,1.000000,0.050000
1782354258.441150,-1,0.002557,112.309804,SAFE_STAND,0.164076,0.007049,0.188542,-0.324992,0.275158,0.082298,0.215962,1.000000,0.050000
1782354258.461027,-1,0.002315,112.329924,SAFE_STAND,0.163694,0.007063,0.188551,-0.324995,0.275151,0.082295,0.215962,1.000000,0.050000
1782354258.481652,-1,0.002819,112.350358,SAFE_STAND,0.164897,0.007087,0.188581,-0.324983,0.275151,0.082294,0.217925,1.000000,0.050000
1782354258.501451,-1,0.002531,112.370073,SAFE_STAND,0.164326,0.007090,0.188574,-0.324994,0.275151,0.082295,0.215962,1.000000,0.050000
1782354258.521844,-1,0.002515,112.390465,SAFE_STAND,0.164949,0.007087,0.188659,-0.325006,0.275158,0.082294,0.215962,1.000000,0.050000
1782354258.541870,-1,0.002406,112.410594,SAFE_STAND,0.164710,0.007097,0.188660,-0.324975,0.275155,0.082295,0.215962,1.000000,0.050000
1782354258.562206,-1,0.002122,112.431292,SAFE_STAND,0.163923,0.007100,0.188656,-0.325003,0.275151,0.082295,0.215962,1.000000,0.050000
1782354258.582560,-1,0.002322,112.451445,SAFE_STAND,0.164599,0.007118,0.188710,-0.324970,0.275151,0.082295,0.215962,1.000000,0.050000
1782354258.602464,-1,0.002147,112.471507,SAFE_STAND,0.164566,0.007125,0.188762,-0.324947,0.275158,0.082296,0.215962,1.000000,0.050000
1782354258.622608,-1,0.002217,112.491499,SAFE_STAND,0.164528,0.007119,0.188732,-0.324979,0.275151,0.082294,0.215962,1.000000,0.050000
1782354258.642902,-1,0.001852,112.512251,SAFE_STAND,0.163687,0.007111,0.188721,-0.324950,0.275151,0.082296,0.215962,1.000000,0.050000
1782354258.663056,-1,0.001932,112.532239,SAFE_STAND,0.163945,0.007089,0.188731,-0.324974,0.275155,0.082297,0.215962,1.000000,0.050000
1782354258.683240,-1,0.001990,112.552451,SAFE_STAND,0.163500,0.007086,0.188726,-0.325026,0.275151,0.082296,0.215962,1.000000,0.050000
1782354258.703222,-1,0.001773,112.572648,SAFE_STAND,0.163768,0.007070,0.188710,-0.325043,0.275151,0.082295,0.215962,1.000000,0.050000
1782354258.723663,-1,0.002096,112.592674,SAFE_STAND,0.163652,0.007080,0.188758,-0.324992,0.275155,0.082296,0.213998,1.000000,0.050000
1782354258.743247,-1,0.001607,112.612739,SAFE_STAND,0.163629,0.007088,0.188768,-0.324975,0.275151,0.082294,0.215962,1.000000,0.050000
1782354258.764508,-1,0.002419,112.633200,SAFE_STAND,0.164401,0.007114,0.188777,-0.324937,0.275151,0.082295,0.215962,1.000000,0.050000
1782354258.784179,-1,0.001879,112.653407,SAFE_STAND,0.163803,0.007118,0.188747,-0.324908,0.275151,0.082295,0.215962,1.000000,0.050000
1782354258.806233,-1,0.003489,112.673962,SAFE_STAND,0.166155,0.007133,0.188729,-0.324880,0.275151,0.082296,0.215962,1.000000,0.050000
1782354258.826013,-1,0.002702,112.694472,SAFE_STAND,0.163552,0.007133,0.188745,-0.324877,0.275151,0.082295,0.215962,1.000000,0.050000
1782354258.847068,-1,0.002894,112.715403,SAFE_STAND,0.165273,0.007162,0.188775,-0.324856,0.275155,0.082296,0.215962,1.000000,0.050000
1782354258.868307,-1,0.003232,112.736340,SAFE_STAND,0.165225,0.007171,0.188808,-0.324845,0.275158,0.082295,0.215962,1.000000,0.050000
1782354258.889246,-1,0.004014,112.756489,SAFE_STAND,0.166292,0.007156,0.188841,-0.324874,0.275155,0.082295,0.215962,1.000000,0.050000
1782354258.908688,-1,0.003287,112.777055,SAFE_STAND,0.165222,0.007152,0.188819,-0.324851,0.275151,0.082295,0.215962,1.000000,0.050000
1782354258.928673,-1,0.002732,112.797132,SAFE_STAND,0.164952,0.007183,0.188833,-0.324797,0.275151,0.082295,0.215962,1.000000,0.050000
1782354258.949312,-1,0.002887,112.817963,SAFE_STAND,0.164552,0.007180,0.188826,-0.324789,0.275151,0.082296,0.215962,1.000000,0.050000
1782354258.969252,-1,0.002526,112.837992,SAFE_STAND,0.163986,0.007188,0.188750,-0.324816,0.275151,0.082296,0.215962,1.000000,0.050000
1782354258.989789,-1,0.002906,112.858053,SAFE_STAND,0.164933,0.007195,0.188733,-0.324781,0.275155,0.082296,0.215962,1.000000,0.050000
1782354259.009861,-1,0.002842,112.878252,SAFE_STAND,0.164643,0.007215,0.188737,-0.324740,0.275143,0.082293,0.215962,1.000000,0.050000
1782354259.030170,-1,0.002856,112.898472,SAFE_STAND,0.165375,0.007239,0.188688,-0.324696,0.275151,0.082295,0.215962,1.000000,0.050000
1782354259.049271,-1,0.001824,112.918609,SAFE_STAND,0.163942,0.007239,0.188745,-0.324699,0.275151,0.082295,0.215962,1.000000,0.050000
1782354259.069969,-1,0.002079,112.939016,SAFE_STAND,0.164477,0.007237,0.188738,-0.324699,0.275151,0.082294,0.215962,1.000000,0.050000
1782354259.090573,-1,0.002608,112.959456,SAFE_STAND,0.164571,0.007215,0.188795,-0.324706,0.275155,0.082296,0.215962,1.000000,0.050000
1782354259.110754,-1,0.002423,112.979526,SAFE_STAND,0.164363,0.007243,0.188791,-0.324704,0.275151,0.082295,0.215962,1.000000,0.050000
1782354259.131607,-1,0.003196,112.999689,SAFE_STAND,0.165249,0.007253,0.188836,-0.324681,0.275151,0.082296,0.215962,1.000000,0.050000
1782354259.151128,-1,0.002602,113.019778,SAFE_STAND,0.164880,0.007240,0.188866,-0.324689,0.275143,0.082295,0.215962,1.000000,0.050000
1782354259.171554,-1,0.002899,113.040276,SAFE_STAND,0.165112,0.007224,0.188891,-0.324702,0.275151,0.082295,0.215962,1.000000,0.050000
1782354259.191191,-1,0.002410,113.060193,SAFE_STAND,0.164844,0.007223,0.188875,-0.324682,0.275151,0.082295,0.215962,1.000000,0.050000
1782354259.211423,-1,0.002515,113.080184,SAFE_STAND,0.165227,0.007209,0.188917,-0.324703,0.275147,0.082295,0.215962,1.000000,0.050000
1782354259.231671,-1,0.002641,113.100272,SAFE_STAND,0.164958,0.007206,0.188971,-0.324724,0.275147,0.082295,0.214029,1.000000,0.050000
1782354259.252258,-1,0.002724,113.121125,SAFE_STAND,0.164784,0.007225,0.188973,-0.324654,0.275136,0.082292,0.215962,1.000000,0.050000
1782354259.272333,-1,0.002561,113.140976,SAFE_STAND,0.165148,0.007196,0.188967,-0.324703,0.275139,0.082292,0.215962,1.000000,0.050000
1782354259.292160,-1,0.002264,113.161128,SAFE_STAND,0.164441,0.007201,0.188942,-0.324679,0.275147,0.082295,0.213998,1.000000,0.050000
1782354259.312234,-1,0.002217,113.181227,SAFE_STAND,0.164733,0.007171,0.188981,-0.324703,0.275147,0.082294,0.215962,1.000000,0.050000
1782354259.332538,-1,0.002013,113.201741,SAFE_STAND,0.164305,0.007164,0.188968,-0.324711,0.275151,0.082294,0.215962,1.000000,0.050000
1782354259.352258,-1,0.001609,113.221887,SAFE_STAND,0.163631,0.007166,0.188973,-0.324685,0.275147,0.082296,0.215962,1.000000,0.050000
1782354259.372972,-1,0.001962,113.242184,SAFE_STAND,0.163919,0.007163,0.188933,-0.324680,0.275151,0.082294,0.213998,1.000000,0.050000
1782354259.393697,-1,0.002614,113.262591,SAFE_STAND,0.164504,0.007153,0.188904,-0.324644,0.275147,0.082294,0.213998,1.000000,0.050000
1782354259.413022,-1,0.001585,113.282590,SAFE_STAND,0.163622,0.007169,0.188904,-0.324632,0.275151,0.082295,0.215962,1.000000,0.050000
1782354259.433936,-1,0.002074,113.303360,SAFE_STAND,0.164306,0.007125,0.188855,-0.324691,0.275147,0.082296,0.215962,1.000000,0.050000
1782354259.453845,-1,0.001556,113.323506,SAFE_STAND,0.163561,0.007107,0.188862,-0.324709,0.275139,0.082292,0.215962,1.000000,0.050000
1782354259.475380,-1,0.003013,113.343606,SAFE_STAND,0.165223,0.007133,0.188886,-0.324658,0.275147,0.082295,0.215962,1.000000,0.050000
1782354259.494764,-1,0.002320,113.363657,SAFE_STAND,0.164924,0.007120,0.188904,-0.324667,0.275147,0.082294,0.215962,1.000000,0.050000
1782354259.515284,-1,0.002358,113.384074,SAFE_STAND,0.164528,0.007128,0.188915,-0.324642,0.275140,0.082292,0.217925,1.000000,0.050000
1782354259.535153,-1,0.002111,113.404238,SAFE_STAND,0.164430,0.007119,0.188938,-0.324635,0.275151,0.082296,0.215962,1.000000,0.050000
1782354259.555233,-1,0.002114,113.424229,SAFE_STAND,0.163139,0.007156,0.188943,-0.324627,0.275147,0.082295,0.212066,1.000000,0.050000
1782354259.575883,-1,0.002627,113.444468,SAFE_STAND,0.164790,0.007118,0.188914,-0.324631,0.275143,0.082293,0.215962,1.000000,0.050000
1782354259.596233,-1,0.002882,113.464872,SAFE_STAND,0.165359,0.007145,0.188956,-0.324577,0.275140,0.082292,0.217925,1.000000,0.050000
1782354259.615965,-1,0.002366,113.484807,SAFE_STAND,0.164442,0.007147,0.188940,-0.324556,0.275140,0.082292,0.215962,1.000000,0.050000
1782354259.636474,-1,0.002752,113.504941,SAFE_STAND,0.165088,0.007184,0.188952,-0.324521,0.275143,0.082294,0.215962,1.000000,0.050000
1782354259.656627,-1,0.002818,113.524981,SAFE_STAND,0.164874,0.007177,0.188974,-0.324526,0.275140,0.082295,0.215962,1.000000,0.050000
1782354259.676285,-1,0.002391,113.545057,SAFE_STAND,0.164257,0.007147,0.188939,-0.324583,0.275143,0.082295,0.213998,1.000000,0.050000
1782354259.696615,-1,0.002278,113.565501,SAFE_STAND,0.164168,0.007172,0.188966,-0.324544,0.275139,0.082293,0.215962,1.000000,0.050000
1782354259.716785,-1,0.002363,113.585582,SAFE_STAND,0.164262,0.007168,0.188985,-0.324495,0.275140,0.082292,0.217925,1.000000,0.050000
1782354259.737044,-1,0.002536,113.605661,SAFE_STAND,0.164228,0.007162,0.189004,-0.324498,0.275147,0.082295,0.215962,1.000000,0.050000
1782354259.757718,-1,0.002455,113.626419,SAFE_STAND,0.164183,0.007170,0.189055,-0.324562,0.275140,0.082295,0.215962,1.000000,0.050000
1782354259.778148,-1,0.002795,113.646524,SAFE_STAND,0.164551,0.007192,0.189038,-0.324569,0.275140,0.082295,0.214029,1.000000,0.050000
1782354259.798705,-1,0.003263,113.666654,SAFE_STAND,0.165393,0.007208,0.189053,-0.324587,0.275136,0.082293,0.215962,1.000000,0.050000
1782354259.819271,-1,0.003215,113.687255,SAFE_STAND,0.165830,0.007199,0.189134,-0.324628,0.275132,0.082293,0.217925,1.000000,0.050000
1782354259.838595,-1,0.002453,113.707339,SAFE_STAND,0.164460,0.007205,0.189154,-0.324669,0.275136,0.082289,0.214029,1.000000,0.050000
1782354259.859632,-1,0.002853,113.728018,SAFE_STAND,0.165433,0.007225,0.189163,-0.324656,0.275140,0.082293,0.215962,1.000000,0.050000
1782354259.880064,-1,0.002831,113.748659,SAFE_STAND,0.164788,0.007223,0.189219,-0.324629,0.275140,0.082291,0.215962,1.000000,0.050000
1782354259.899949,-1,0.002629,113.768821,SAFE_STAND,0.164783,0.007228,0.189183,-0.324559,0.275136,0.082293,0.217925,1.000000,0.050000
1782354259.920411,-1,0.002797,113.788795,SAFE_STAND,0.164769,0.007232,0.189203,-0.324612,0.275143,0.082295,0.215962,1.000000,0.050000
1782354259.940343,-1,0.002294,113.809233,SAFE_STAND,0.164558,0.007274,0.189161,-0.324528,0.275143,0.082293,0.215962,1.000000,0.050000
1782354259.960893,-1,0.002399,113.829681,SAFE_STAND,0.164165,0.007256,0.189192,-0.324579,0.275136,0.082291,0.215962,1.000000,0.050000
1782354259.980763,-1,0.002188,113.849744,SAFE_STAND,0.163784,0.007230,0.189194,-0.324578,0.275136,0.082291,0.215962,1.000000,0.050000
1782354260.000920,-1,0.002259,113.869821,SAFE_STAND,0.163874,0.007210,0.189141,-0.324587,0.275140,0.082292,0.215962,1.000000,0.050000
1782354260.021115,-1,0.002368,113.889930,SAFE_STAND,0.164945,0.007224,0.189164,-0.324547,0.275140,0.082294,0.217894,1.000000,0.050000
1782354260.041652,-1,0.002346,113.910461,SAFE_STAND,0.163996,0.007208,0.189159,-0.324565,0.275140,0.082294,0.215962,1.000000,0.050000
1782354260.062493,-1,0.003100,113.930650,SAFE_STAND,0.165147,0.007182,0.189140,-0.324541,0.275136,0.082294,0.215962,1.000000,0.050000
1782354260.081826,-1,0.002346,113.950680,SAFE_STAND,0.164885,0.007160,0.189165,-0.324525,0.275140,0.082294,0.215962,1.000000,0.050000
1782354260.102307,-1,0.002746,113.970713,SAFE_STAND,0.164708,0.007160,0.189135,-0.324491,0.275140,0.082295,0.215962,1.000000,0.050000
1782354260.122716,-1,0.003067,113.991146,SAFE_STAND,0.165694,0.007145,0.189128,-0.324514,0.275136,0.082293,0.215962,1.000000,0.050000
1782354260.142734,-1,0.002709,114.011274,SAFE_STAND,0.164808,0.007142,0.189144,-0.324468,0.275140,0.082295,0.213998,1.000000,0.050000
1782354260.163022,-1,0.002600,114.031672,SAFE_STAND,0.164624,0.007099,0.189175,-0.324512,0.275136,0.082293,0.215962,1.000000,0.050000
1782354260.184021,-1,0.003511,114.051877,SAFE_STAND,0.165882,0.007083,0.189225,-0.324527,0.275136,0.082293,0.215962,1.000000,0.050000
1782354260.203490,-1,0.002777,114.071955,SAFE_STAND,0.165575,0.007065,0.189221,-0.324561,0.275136,0.082292,0.217925,1.000000,0.050000
1782354260.224319,-1,0.003241,114.092328,SAFE_STAND,0.165291,0.007082,0.189238,-0.324531,0.275143,0.082293,0.215962,1.000000,0.050000
1782354260.244440,-1,0.002748,114.112930,SAFE_STAND,0.165160,0.007080,0.189193,-0.324476,0.275120,0.082290,0.215962,1.000000,0.050000
1782354260.264669,-1,0.002265,114.133631,SAFE_STAND,0.164420,0.007073,0.189210,-0.324489,0.275136,0.082292,0.215962,1.000000,0.050000
1782354260.285131,-1,0.002534,114.153834,SAFE_STAND,0.165430,0.007073,0.189199,-0.324432,0.275124,0.082290,0.217925,1.000000,0.050000
1782354260.305641,-1,0.002913,114.173957,SAFE_STAND,0.164517,0.007077,0.189153,-0.324439,0.275124,0.082290,0.214029,1.000000,0.050000
1782354260.324976,-1,0.002115,114.194099,SAFE_STAND,0.164314,0.007076,0.189147,-0.324410,0.275132,0.082291,0.213998,1.000000,0.050000
1782354260.344983,-1,0.001685,114.214457,SAFE_STAND,0.163711,0.007110,0.189135,-0.324305,0.275136,0.082292,0.215962,1.000000,0.050000
1782354260.365840,-1,0.002413,114.234599,SAFE_STAND,0.164937,0.007116,0.189142,-0.324280,0.275128,0.082293,0.215993,1.000000,0.050000
1782354260.385781,-1,0.002224,114.254736,SAFE_STAND,0.164853,0.007127,0.189157,-0.324303,0.275132,0.082292,0.215962,1.000000,0.050000
1782354260.407045,-1,0.002907,114.275365,SAFE_STAND,0.165271,0.007156,0.189157,-0.324292,0.275132,0.082293,0.215962,1.000000,0.050000
1782354260.426548,-1,0.002333,114.295433,SAFE_STAND,0.164832,0.007153,0.189154,-0.324269,0.275136,0.082292,0.215962,1.000000,0.050000
1782354260.447503,-1,0.002548,114.316170,SAFE_STAND,0.164553,0.007161,0.189113,-0.324256,0.275132,0.082292,0.215962,1.000000,0.050000
1782354260.467361,-1,0.002270,114.336324,SAFE_STAND,0.164254,0.007180,0.189158,-0.324204,0.275132,0.082291,0.215962,1.000000,0.050000
1782354260.487478,-1,0.002263,114.356446,SAFE_STAND,0.164865,0.007200,0.189136,-0.324167,0.275132,0.082294,0.215962,1.000000,0.050000
1782354260.507930,-1,0.002252,114.376821,SAFE_STAND,0.163828,0.007193,0.189186,-0.324153,0.275132,0.082292,0.214029,1.000000,0.050000
1782354260.528474,-1,0.002720,114.396946,SAFE_STAND,0.165656,0.007202,0.189174,-0.324133,0.275120,0.082290,0.217925,1.000000,0.050000
1782354260.548160,-1,0.002318,114.417007,SAFE_STAND,0.164966,0.007230,0.189139,-0.324071,0.275128,0.082293,0.215962,1.000000,0.050000
1782354260.568747,-1,0.002830,114.437071,SAFE_STAND,0.165106,0.007231,0.189173,-0.324134,0.275132,0.082293,0.217925,1.000000,0.050000
1782354260.588274,-1,0.002275,114.457146,SAFE_STAND,0.164129,0.007243,0.189159,-0.324131,0.275128,0.082293,0.214029,1.000000,0.050000
1782354260.608295,-1,0.001771,114.477688,SAFE_STAND,0.164108,0.007252,0.189195,-0.324155,0.275132,0.082292,0.215962,1.000000,0.050000
1782354260.629088,-1,0.002028,114.498590,SAFE_STAND,0.164466,0.007246,0.189189,-0.324162,0.275132,0.082291,0.215962,1.000000,0.050000
1782354260.648971,-1,0.001725,114.518393,SAFE_STAND,0.163862,0.007216,0.189143,-0.324198,0.275128,0.082291,0.215962,1.000000,0.050000
1782354260.669786,-1,0.002039,114.539264,SAFE_STAND,0.164718,0.007224,0.189141,-0.324219,0.275128,0.082292,0.217925,1.000000,0.050000
1782354260.690763,-1,0.002615,114.559367,SAFE_STAND,0.165243,0.007213,0.189116,-0.324236,0.275132,0.082293,0.215962,1.000000,0.050000
1782354260.710672,-1,0.002445,114.579455,SAFE_STAND,0.164420,0.007231,0.189092,-0.324231,0.275132,0.082294,0.215962,1.000000,0.050000
1782354260.730535,-1,0.002229,114.599521,SAFE_STAND,0.164432,0.007233,0.189076,-0.324246,0.275136,0.082294,0.214029,1.000000,0.050000
1782354260.751256,-1,0.002872,114.619766,SAFE_STAND,0.165027,0.007205,0.189006,-0.324259,0.275132,0.082291,0.215962,1.000000,0.050000
1782354260.770539,-1,0.002078,114.639584,SAFE_STAND,0.164402,0.007193,0.189023,-0.324271,0.275128,0.082293,0.215962,1.000000,0.050000
1782354260.791423,-1,0.002476,114.660150,SAFE_STAND,0.165087,0.007202,0.188981,-0.324287,0.275128,0.082292,0.215962,1.000000,0.050000
1782354260.812054,-1,0.002988,114.680285,SAFE_STAND,0.165204,0.007174,0.188995,-0.324329,0.275132,0.082292,0.215962,1.000000,0.050000
1782354260.831318,-1,0.002125,114.700310,SAFE_STAND,0.164080,0.007173,0.188989,-0.324320,0.275132,0.082293,0.214029,1.000000,0.050000
1782354260.851397,-1,0.001706,114.720889,SAFE_STAND,0.163497,0.007180,0.188994,-0.324356,0.275136,0.082293,0.213998,1.000000,0.050000
1782354260.872667,-1,0.002483,114.741760,SAFE_STAND,0.164541,0.007174,0.188982,-0.324369,0.275132,0.082292,0.215962,1.000000,0.050000
1782354260.892182,-1,0.001605,114.761782,SAFE_STAND,0.163740,0.007175,0.188912,-0.324384,0.275128,0.082293,0.215962,1.000000,0.050000
1782354260.913064,-1,0.001992,114.782635,SAFE_STAND,0.164220,0.007199,0.188891,-0.324369,0.275132,0.082293,0.215962,1.000000,0.050000
1782354260.933686,-1,0.002256,114.802625,SAFE_STAND,0.164083,0.007199,0.188838,-0.324369,0.275136,0.082293,0.215962,1.000000,0.050000
1782354260.953739,-1,0.002188,114.822741,SAFE_STAND,0.164650,0.007188,0.188865,-0.324382,0.275132,0.082292,0.215962,1.000000,0.050000
1782354260.974866,-1,0.003200,114.842812,SAFE_STAND,0.165279,0.007206,0.188885,-0.324391,0.275124,0.082291,0.215962,1.000000,0.050000
1782354260.994741,-1,0.002627,114.863345,SAFE_STAND,0.164912,0.007204,0.188871,-0.324413,0.275124,0.082292,0.215962,1.000000,0.050000
1782354261.015742,-1,0.003175,114.884104,SAFE_STAND,0.165893,0.007201,0.188887,-0.324427,0.275132,0.082293,0.215962,1.000000,0.050000
1782354261.035814,-1,0.002718,114.904328,SAFE_STAND,0.165106,0.007218,0.188892,-0.324406,0.275120,0.082291,0.215962,1.000000,0.050000
1782354261.056657,-1,0.002861,114.925034,SAFE_STAND,0.165384,0.007261,0.188915,-0.324355,0.275132,0.082293,0.215962,1.000000,0.050000
1782354261.077286,-1,0.002976,114.945577,SAFE_STAND,0.164572,0.007280,0.188913,-0.324363,0.275132,0.082294,0.213998,1.000000,0.050000
1782354261.097197,-1,0.002344,114.966083,SAFE_STAND,0.163263,0.007289,0.188923,-0.324351,0.275132,0.082293,0.212066,1.000000,0.050000
1782354261.116884,-1,0.001945,114.986119,SAFE_STAND,0.163891,0.007328,0.188935,-0.324320,0.275132,0.082291,0.215962,1.000000,0.050000
1782354261.138134,-1,0.003071,115.006222,SAFE_STAND,0.165353,0.007333,0.188916,-0.324308,0.275124,0.082292,0.215962,1.000000,0.050000
1782354261.157577,-1,0.002076,115.026662,SAFE_STAND,0.163985,0.007338,0.188912,-0.324286,0.275128,0.082290,0.215962,1.000000,0.050000
1782354261.178146,-1,0.002527,115.046800,SAFE_STAND,0.165019,0.007346,0.188885,-0.324295,0.275120,0.082290,0.215962,1.000000,0.050000
1782354261.198104,-1,0.002210,115.067508,SAFE_STAND,0.164919,0.007365,0.188880,-0.324276,0.275128,0.082292,0.217925,1.000000,0.050000
1782354261.218638,-1,0.002312,115.087574,SAFE_STAND,0.163789,0.007396,0.188853,-0.324308,0.275128,0.082292,0.214029,1.000000,0.050000
1782354261.238837,-1,0.002428,115.107619,SAFE_STAND,0.164683,0.007392,0.188882,-0.324328,0.275132,0.082292,0.214029,1.000000,0.050000
1782354261.259805,-1,0.002568,115.128443,SAFE_STAND,0.165517,0.007415,0.188891,-0.324300,0.275124,0.082292,0.217925,1.000000,0.050000
1782354261.281227,-1,0.003508,115.149238,SAFE_STAND,0.165997,0.007435,0.188914,-0.324291,0.275128,0.082292,0.215962,1.000000,0.050000
1782354261.300534,-1,0.002703,115.169046,SAFE_STAND,0.164598,0.007425,0.188876,-0.324287,0.275132,0.082291,0.215962,1.000000,0.050000
1782354261.320811,-1,0.002887,115.189157,SAFE_STAND,0.164872,0.007406,0.188876,-0.324347,0.275128,0.082292,0.215962,1.000000,0.050000
1782354261.340649,-1,0.002635,115.209225,SAFE_STAND,0.164526,0.007412,0.188879,-0.324386,0.275128,0.082292,0.215962,1.000000,0.050000
1782354261.360826,-1,0.002720,115.229321,SAFE_STAND,0.165168,0.007432,0.188898,-0.324401,0.275113,0.082290,0.215962,1.000000,0.050000
1782354261.380956,-1,0.002763,115.249724,SAFE_STAND,0.164937,0.007426,0.188910,-0.324415,0.275128,0.082292,0.217925,1.000000,0.050000
1782354261.400981,-1,0.002701,115.269854,SAFE_STAND,0.164502,0.007430,0.188861,-0.324445,0.275128,0.082292,0.215962,1.000000,0.050000
1782354261.420559,-1,0.002182,115.289819,SAFE_STAND,0.164022,0.007421,0.188838,-0.324448,0.275117,0.082291,0.214029,1.000000,0.050000
1782354261.441062,-1,0.002361,115.309925,SAFE_STAND,0.164243,0.007432,0.188861,-0.324455,0.275113,0.082289,0.217925,1.000000,0.050000
1782354261.461385,-1,0.002599,115.329993,SAFE_STAND,0.164271,0.007437,0.188803,-0.324434,0.275124,0.082292,0.215962,1.000000,0.050000
1782354261.482045,-1,0.003167,115.350092,SAFE_STAND,0.165887,0.007442,0.188763,-0.324436,0.275117,0.082289,0.217925,1.000000,0.050000
1782354261.501936,-1,0.002926,115.370451,SAFE_STAND,0.165080,0.007435,0.188774,-0.324494,0.275113,0.082289,0.215962,1.000000,0.050000
1782354261.521850,-1,0.002414,115.390593,SAFE_STAND,0.163939,0.007439,0.188814,-0.324534,0.275120,0.082292,0.215962,1.000000,0.050000
1782354261.542539,-1,0.003014,115.410741,SAFE_STAND,0.165048,0.007442,0.188830,-0.324519,0.275120,0.082291,0.215962,1.000000,0.050000
1782354261.562902,-1,0.003247,115.431235,SAFE_STAND,0.165933,0.007438,0.188814,-0.324486,0.275120,0.082291,0.215962,1.000000,0.050000
1782354261.582650,-1,0.002547,115.451313,SAFE_STAND,0.164280,0.007439,0.188856,-0.324464,0.275124,0.082292,0.215962,1.000000,0.050000
1782354261.602468,-1,0.002280,115.471370,SAFE_STAND,0.163947,0.007442,0.188880,-0.324483,0.275117,0.082290,0.215962,1.000000,0.050000
1782354261.622303,-1,0.002028,115.491446,SAFE_STAND,0.163772,0.007422,0.188868,-0.324473,0.275124,0.082292,0.215962,1.000000,0.050000
1782354261.643421,-1,0.003066,115.511606,SAFE_STAND,0.165214,0.007390,0.188873,-0.324495,0.275124,0.082293,0.215962,1.000000,0.050000
1782354261.662643,-1,0.002198,115.531863,SAFE_STAND,0.164246,0.007389,0.188883,-0.324518,0.275124,0.082291,0.215962,1.000000,0.050000
1782354261.683627,-1,0.002797,115.552064,SAFE_STAND,0.165223,0.007413,0.188870,-0.324445,0.275113,0.082289,0.215962,1.000000,0.050000
1782354261.704313,-1,0.003020,115.572837,SAFE_STAND,0.164989,0.007405,0.188869,-0.324454,0.275121,0.082290,0.215962,1.000000,0.050000
1782354261.724511,-1,0.002738,115.592996,SAFE_STAND,0.165150,0.007405,0.188875,-0.324428,0.275124,0.082293,0.215962,1.000000,0.050000
1782354261.744773,-1,0.002555,115.613649,SAFE_STAND,0.164391,0.007404,0.188866,-0.324484,0.275124,0.082294,0.215962,1.000000,0.050000
1782354261.764930,-1,0.002536,115.633604,SAFE_STAND,0.164199,0.007423,0.188848,-0.324417,0.275124,0.082292,0.215962,1.000000,0.050000
1782354261.784552,-1,0.002070,115.653701,SAFE_STAND,0.164060,0.007444,0.188843,-0.324357,0.275121,0.082292,0.215962,1.000000,0.050000
1782354261.805198,-1,0.002626,115.673807,SAFE_STAND,0.164938,0.007453,0.188820,-0.324350,0.275128,0.082292,0.215962,1.000000,0.050000
1782354261.825814,-1,0.002780,115.694587,SAFE_STAND,0.165204,0.007433,0.188804,-0.324347,0.275128,0.082293,0.215962,1.000000,0.050000
1782354261.846609,-1,0.003486,115.714674,SAFE_STAND,0.165773,0.007439,0.188824,-0.324357,0.275121,0.082292,0.215962,1.000000,0.050000
1782354261.866467,-1,0.003167,115.734556,SAFE_STAND,0.165261,0.007440,0.188851,-0.324369,0.275124,0.082292,0.215962,1.000000,0.050000
1782354261.886518,-1,0.003128,115.754579,SAFE_STAND,0.164856,0.007426,0.188868,-0.324380,0.275117,0.082290,0.213998,1.000000,0.050000
1782354261.906250,-1,0.002738,115.774706,SAFE_STAND,0.164806,0.007417,0.188883,-0.324363,0.275124,0.082291,0.215962,1.000000,0.050000
1782354261.926685,-1,0.003036,115.794882,SAFE_STAND,0.165103,0.007411,0.188888,-0.324341,0.275124,0.082291,0.215962,1.000000,0.050000
1782354261.946831,-1,0.003092,115.815296,SAFE_STAND,0.165425,0.007372,0.188904,-0.324363,0.275117,0.082290,0.213998,1.000000,0.050000
1782354261.966643,-1,0.002714,115.835141,SAFE_STAND,0.164578,0.007419,0.188912,-0.324318,0.275124,0.082291,0.215962,1.000000,0.050000
1782354261.987197,-1,0.002814,115.855581,SAFE_STAND,0.164742,0.007427,0.188951,-0.324294,0.275117,0.082291,0.215962,1.000000,0.050000
1782354262.007276,-1,0.002805,115.875865,SAFE_STAND,0.164934,0.007428,0.189007,-0.324312,0.275124,0.082290,0.215962,1.000000,0.050000
1782354262.027011,-1,0.002313,115.895885,SAFE_STAND,0.163969,0.007413,0.188981,-0.324375,0.275121,0.082291,0.215962,1.000000,0.050000
1782354262.047425,-1,0.002599,115.916007,SAFE_STAND,0.165010,0.007440,0.189002,-0.324332,0.275124,0.082291,0.215962,1.000000,0.050000
1782354262.068399,-1,0.003122,115.936817,SAFE_STAND,0.165734,0.007422,0.189050,-0.324361,0.275113,0.082290,0.215962,1.000000,0.050000
1782354262.088872,-1,0.003114,115.956999,SAFE_STAND,0.165176,0.007429,0.189036,-0.324352,0.275124,0.082291,0.215962,1.000000,0.050000
1782354262.108820,-1,0.002973,115.977022,SAFE_STAND,0.164998,0.007435,0.189015,-0.324393,0.275113,0.082290,0.215962,1.000000,0.050000
1782354262.128694,-1,0.002758,115.997453,SAFE_STAND,0.164691,0.007449,0.189001,-0.324337,0.275121,0.082291,0.215962,1.000000,0.050000
1782354262.148655,-1,0.002632,116.017566,SAFE_STAND,0.164198,0.007488,0.188973,-0.324284,0.275124,0.082292,0.214029,1.000000,0.050000
1782354262.168919,-1,0.002808,116.037591,SAFE_STAND,0.164667,0.007499,0.189007,-0.324264,0.275117,0.082289,0.215962,1.000000,0.050000
1782354262.188786,-1,0.002461,116.057520,SAFE_STAND,0.164330,0.007472,0.189015,-0.324288,0.275124,0.082292,0.215962,1.000000,0.050000
1782354262.208823,-1,0.002410,116.077603,SAFE_STAND,0.164165,0.007465,0.189033,-0.324287,0.275124,0.082292,0.215962,1.000000,0.050000
1782354262.229740,-1,0.002561,116.098361,SAFE_STAND,0.164420,0.007457,0.189052,-0.324295,0.275109,0.082291,0.215962,1.000000,0.050000
1782354262.250612,-1,0.002982,116.119196,SAFE_STAND,0.165630,0.007452,0.189066,-0.324283,0.275109,0.082291,0.215962,1.000000,0.050000
1782354262.270634,-1,0.002552,116.139255,SAFE_STAND,0.164952,0.007473,0.189032,-0.324269,0.275117,0.082291,0.215962,1.000000,0.050000
1782354262.291000,-1,0.002825,116.159357,SAFE_STAND,0.164903,0.007467,0.189039,-0.324246,0.275117,0.082289,0.215962,1.000000,0.050000
1782354262.310607,-1,0.002346,116.179423,SAFE_STAND,0.164719,0.007472,0.189047,-0.324232,0.275117,0.082291,0.215962,1.000000,0.050000
1782354262.330748,-1,0.002396,116.199578,SAFE_STAND,0.164978,0.007472,0.189031,-0.324246,0.275117,0.082290,0.217894,1.000000,0.050000
1782354262.351204,-1,0.002468,116.219958,SAFE_STAND,0.164208,0.007463,0.189017,-0.324248,0.275117,0.082289,0.215962,1.000000,0.050000
1782354262.371910,-1,0.003039,116.240143,SAFE_STAND,0.165079,0.007464,0.189021,-0.324238,0.275117,0.082290,0.215962,1.000000,0.050000
1782354262.392942,-1,0.003900,116.260319,SAFE_STAND,0.166360,0.007444,0.189046,-0.324254,0.275124,0.082292,0.215962,1.000000,0.050000
1782354262.412031,-1,0.002476,116.280830,SAFE_STAND,0.164187,0.007436,0.189006,-0.324253,0.275109,0.082290,0.215962,1.000000,0.050000
1782354262.432339,-1,0.002663,116.300901,SAFE_STAND,0.165115,0.007447,0.188973,-0.324249,0.275109,0.082291,0.215962,1.000000,0.050000
1782354262.452517,-1,0.002777,116.320937,SAFE_STAND,0.164714,0.007440,0.188947,-0.324239,0.275124,0.082290,0.215962,1.000000,0.050000
1782354262.472134,-1,0.002305,116.341355,SAFE_STAND,0.164162,0.007436,0.188919,-0.324233,0.275124,0.082292,0.214029,1.000000,0.050000
1782354262.492103,-1,0.001807,116.361467,SAFE_STAND,0.163730,0.007419,0.188921,-0.324236,0.275105,0.082291,0.215962,1.000000,0.050000
1782354262.513138,-1,0.002742,116.381568,SAFE_STAND,0.164631,0.007434,0.188925,-0.324216,0.275117,0.082290,0.212066,1.000000,0.050000
1782354262.533333,-1,0.002849,116.401650,SAFE_STAND,0.164801,0.007431,0.188943,-0.324216,0.275117,0.082290,0.215962,1.000000,0.050000
1782354262.552903,-1,0.002334,116.421766,SAFE_STAND,0.164622,0.007433,0.188938,-0.324192,0.275124,0.082291,0.215962,1.000000,0.050000
1782354262.573260,-1,0.002603,116.442156,SAFE_STAND,0.164442,0.007425,0.188918,-0.324209,0.275105,0.082287,0.215962,1.000000,0.050000
1782354262.593219,-1,0.002363,116.462073,SAFE_STAND,0.164293,0.007410,0.188946,-0.324226,0.275117,0.082292,0.217894,1.000000,0.050000
1782354262.613276,-1,0.002333,116.482134,SAFE_STAND,0.164377,0.007424,0.188948,-0.324229,0.275105,0.082289,0.217925,1.000000,0.050000
1782354262.633305,-1,0.002268,116.502236,SAFE_STAND,0.163996,0.007424,0.188954,-0.324242,0.275124,0.082291,0.215962,1.000000,0.050000
1782354262.653870,-1,0.002747,116.522318,SAFE_STAND,0.164886,0.007437,0.188973,-0.324244,0.275113,0.082291,0.215962,1.000000,0.050000
1782354262.674258,-1,0.003048,116.542463,SAFE_STAND,0.165223,0.007447,0.189026,-0.324270,0.275117,0.082291,0.215962,1.000000,0.050000
1782354262.694440,-1,0.002927,116.562696,SAFE_STAND,0.165629,0.007445,0.189064,-0.324291,0.275117,0.082291,0.215962,1.000000,0.050000
1782354262.714377,-1,0.002740,116.582849,SAFE_STAND,0.165217,0.007457,0.189069,-0.324283,0.275121,0.082292,0.215962,1.000000,0.050000
1782354262.735241,-1,0.003183,116.603606,SAFE_STAND,0.165971,0.007451,0.189049,-0.324291,0.275109,0.082288,0.215962,1.000000,0.050000
1782354262.755901,-1,0.003397,116.623750,SAFE_STAND,0.165654,0.007438,0.189090,-0.324313,0.275121,0.082291,0.215962,1.000000,0.050000
1782354262.776646,-1,0.003345,116.644631,SAFE_STAND,0.165546,0.007447,0.189058,-0.324281,0.275113,0.082290,0.215962,1.000000,0.050000
1782354262.796434,-1,0.003046,116.664584,SAFE_STAND,0.165451,0.007441,0.189043,-0.324275,0.275113,0.082289,0.217925,1.000000,0.050000
1782354262.816479,-1,0.002965,116.684749,SAFE_STAND,0.165127,0.007427,0.189089,-0.324300,0.275105,0.082290,0.215962,1.000000,0.050000
1782354262.836557,-1,0.002910,116.705092,SAFE_STAND,0.164926,0.007417,0.189125,-0.324318,0.275117,0.082291,0.215962,1.000000,0.050000
1782354262.856419,-1,0.002646,116.725275,SAFE_STAND,0.164501,0.007455,0.189145,-0.324305,0.275113,0.082291,0.215962,1.000000,0.050000
1782354262.876787,-1,0.002782,116.745237,SAFE_STAND,0.165021,0.007469,0.189141,-0.324281,0.275113,0.082289,0.214029,1.000000,0.050000
1782354262.896771,-1,0.002513,116.765489,SAFE_STAND,0.164961,0.007459,0.189159,-0.324285,0.275109,0.082288,0.215962,1.000000,0.050000
1782354262.917221,-1,0.002310,116.786098,SAFE_STAND,0.164112,0.007462,0.189173,-0.324279,0.275113,0.082290,0.215962,1.000000,0.050000
1782354262.936966,-1,0.001932,116.806238,SAFE_STAND,0.164040,0.007462,0.189164,-0.324264,0.275109,0.082289,0.215962,1.000000,0.050000
1782354262.958390,-1,0.002836,116.826743,SAFE_STAND,0.165112,0.007490,0.189179,-0.324202,0.275109,0.082289,0.214029,1.000000,0.050000
1782354262.979814,-1,0.003803,116.847236,SAFE_STAND,0.166030,0.007493,0.189155,-0.324218,0.275109,0.082289,0.217925,1.000000,0.050000
1782354262.999268,-1,0.003166,116.867342,SAFE_STAND,0.165375,0.007491,0.189134,-0.324200,0.275121,0.082292,0.215962,1.000000,0.050000
1782354263.019366,-1,0.003171,116.887675,SAFE_STAND,0.165982,0.007492,0.189165,-0.324215,0.275113,0.082289,0.215962,1.000000,0.050000
1782354263.038820,-1,0.002388,116.907682,SAFE_STAND,0.164698,0.007487,0.189199,-0.324256,0.275105,0.082290,0.215962,1.000000,0.050000
1782354263.060615,-1,0.003676,116.928560,SAFE_STAND,0.166182,0.007462,0.189186,-0.324250,0.275102,0.082288,0.215962,1.000000,0.050000
1782354263.080126,-1,0.003062,116.948670,SAFE_STAND,0.165767,0.007450,0.189200,-0.324245,0.275113,0.082290,0.215962,1.000000,0.050000
1782354263.100826,-1,0.003288,116.968778,SAFE_STAND,0.166127,0.007441,0.189148,-0.324274,0.275105,0.082289,0.215962,1.000000,0.050000
1782354263.120068,-1,0.002403,116.988922,SAFE_STAND,0.164718,0.007455,0.189176,-0.324248,0.275098,0.082288,0.215962,1.000000,0.050000
1782354263.140530,-1,0.002359,117.009429,SAFE_STAND,0.164646,0.007453,0.189160,-0.324263,0.275109,0.082290,0.215962,1.000000,0.050000
1782354263.161647,-1,0.002948,117.029919,SAFE_STAND,0.165068,0.007462,0.189202,-0.324280,0.275109,0.082290,0.215962,1.000000,0.050000
1782354263.181663,-1,0.002674,117.050155,SAFE_STAND,0.164595,0.007487,0.189200,-0.324246,0.275105,0.082287,0.215962,1.000000,0.050000
1782354263.202995,-1,0.003187,117.071068,SAFE_STAND,0.165478,0.007482,0.189233,-0.324215,0.275105,0.082288,0.215962,1.000000,0.050000
1782354263.222696,-1,0.002798,117.091080,SAFE_STAND,0.165367,0.007485,0.189231,-0.324243,0.275113,0.082290,0.215962,1.000000,0.050000
1782354263.243232,-1,0.003233,117.111170,SAFE_STAND,0.165838,0.007479,0.189239,-0.324259,0.275105,0.082289,0.217925,1.000000,0.050000
1782354263.262417,-1,0.002332,117.131254,SAFE_STAND,0.165000,0.007487,0.189254,-0.324269,0.275113,0.082290,0.217925,1.000000,0.050000
1782354263.283276,-1,0.002681,117.151820,SAFE_STAND,0.165264,0.007480,0.189271,-0.324261,0.275102,0.082288,0.215962,1.000000,0.050000
1782354263.303425,-1,0.002395,117.172252,SAFE_STAND,0.164816,0.007470,0.189252,-0.324234,0.275113,0.082290,0.215962,1.000000,0.050000
1782354263.323229,-1,0.002076,117.192556,SAFE_STAND,0.164283,0.007481,0.189291,-0.324248,0.275117,0.082292,0.213998,1.000000,0.050000
1782354263.344122,-1,0.002705,117.212619,SAFE_STAND,0.165270,0.007500,0.189294,-0.324250,0.275105,0.082287,0.215962,1.000000,0.050000
1782354263.364946,-1,0.003024,117.233089,SAFE_STAND,0.164891,0.007501,0.189280,-0.324252,0.275113,0.082291,0.214029,1.000000,0.050000
1782354263.385433,-1,0.002956,117.253696,SAFE_STAND,0.165133,0.007477,0.189226,-0.324264,0.275109,0.082290,0.215962,1.000000,0.050000
1782354263.405424,-1,0.002823,117.273818,SAFE_STAND,0.164911,0.007490,0.189210,-0.324291,0.275105,0.082288,0.215962,1.000000,0.050000
1782354263.424981,-1,0.002294,117.293852,SAFE_STAND,0.164607,0.007501,0.189246,-0.324252,0.275102,0.082287,0.215962,1.000000,0.050000
1782354263.446197,-1,0.003418,117.314458,SAFE_STAND,0.165808,0.007514,0.189206,-0.324218,0.275102,0.082287,0.215962,1.000000,0.050000
1782354263.465315,-1,0.002151,117.334325,SAFE_STAND,0.163941,0.007545,0.189196,-0.324228,0.275105,0.082288,0.215962,1.000000,0.050000
1782354263.484758,-1,0.001509,117.354405,SAFE_STAND,0.163810,0.007578,0.189201,-0.324210,0.275098,0.082287,0.215962,1.000000,0.050000
1782354263.505579,-1,0.002256,117.374430,SAFE_STAND,0.164821,0.007604,0.189203,-0.324196,0.275102,0.082290,0.215962,1.000000,0.050000
1782354263.525655,-1,0.002254,117.394510,SAFE_STAND,0.165193,0.007618,0.189208,-0.324174,0.275106,0.082288,0.217925,1.000000,0.050000
1782354263.546165,-1,0.002422,117.414892,SAFE_STAND,0.164472,0.007637,0.189149,-0.324132,0.275113,0.082289,0.215962,1.000000,0.050000
1782354263.566209,-1,0.002404,117.434963,SAFE_STAND,0.164845,0.007624,0.189140,-0.324192,0.275102,0.082288,0.217925,1.000000,0.050000
1782354263.585506,-1,0.001624,117.455021,SAFE_STAND,0.163792,0.007641,0.189108,-0.324207,0.275113,0.082288,0.215962,1.000000,0.050000
1782354263.606189,-1,0.001812,117.475511,SAFE_STAND,0.164241,0.007662,0.189093,-0.324199,0.275109,0.082289,0.215962,1.000000,0.050000
1782354263.626184,-1,0.001408,117.495897,SAFE_STAND,0.163669,0.007625,0.189070,-0.324247,0.275102,0.082289,0.215962,1.000000,0.050000
1782354263.647027,-1,0.002176,117.515964,SAFE_STAND,0.164710,0.007647,0.189078,-0.324254,0.275102,0.082288,0.215962,1.000000,0.050000
1782354263.667186,-1,0.002259,117.536036,SAFE_STAND,0.164551,0.007639,0.189056,-0.324259,0.275105,0.082289,0.214029,1.000000,0.050000
1782354263.687670,-1,0.002310,117.556476,SAFE_STAND,0.164408,0.007670,0.189044,-0.324285,0.275105,0.082289,0.215962,1.000000,0.050000
1782354263.707841,-1,0.002408,117.576550,SAFE_STAND,0.164627,0.007647,0.189001,-0.324306,0.275105,0.082289,0.215962,1.000000,0.050000
1782354263.728467,-1,0.002625,117.596954,SAFE_STAND,0.164894,0.007654,0.188985,-0.324297,0.275121,0.082291,0.215962,1.000000,0.050000
1782354263.748372,-1,0.002366,117.617117,SAFE_STAND,0.164429,0.007655,0.188990,-0.324331,0.275102,0.082289,0.215962,1.000000,0.050000
1782354263.768430,-1,0.002276,117.637277,SAFE_STAND,0.164272,0.007667,0.189008,-0.324345,0.275098,0.082287,0.215962,1.000000,0.050000
1782354263.788704,-1,0.002468,117.657359,SAFE_STAND,0.164263,0.007688,0.188990,-0.324350,0.275109,0.082289,0.215962,1.000000,0.050000
1782354263.809394,-1,0.002345,117.678296,SAFE_STAND,0.164077,0.007681,0.189020,-0.324332,0.275102,0.082289,0.215962,1.000000,0.050000
1782354263.829305,-1,0.002137,117.698371,SAFE_STAND,0.164079,0.007665,0.188978,-0.324381,0.275102,0.082290,0.215962,1.000000,0.050000
1782354263.850529,-1,0.002626,117.719134,SAFE_STAND,0.165511,0.007664,0.189011,-0.324400,0.275109,0.082289,0.215962,1.000000,0.050000
1782354263.870174,-1,0.002191,117.739228,SAFE_STAND,0.164905,0.007671,0.189028,-0.324401,0.275105,0.082289,0.215962,1.000000,0.050000
1782354263.890301,-1,0.002244,117.759167,SAFE_STAND,0.164783,0.007683,0.189019,-0.324433,0.275105,0.082290,0.215962,1.000000,0.050000
1782354263.910143,-1,0.002010,117.779348,SAFE_STAND,0.164374,0.007667,0.188991,-0.324439,0.275105,0.082290,0.215962,1.000000,0.050000
1782354263.930395,-1,0.002185,117.799312,SAFE_STAND,0.165111,0.007676,0.188933,-0.324452,0.275102,0.082288,0.217925,1.000000,0.050000
1782354263.950926,-1,0.002216,117.819952,SAFE_STAND,0.164849,0.007673,0.188931,-0.324457,0.275098,0.082288,0.215962,1.000000,0.050000
1782354263.970933,-1,0.002148,117.839998,SAFE_STAND,0.165164,0.007703,0.188908,-0.324435,0.275098,0.082287,0.217925,1.000000,0.050000
1782354263.991891,-1,0.002971,117.860502,SAFE_STAND,0.165993,0.007716,0.188916,-0.324412,0.275102,0.082288,0.215962,1.000000,0.050000
1782354264.011718,-1,0.002667,117.880459,SAFE_STAND,0.164875,0.007707,0.188900,-0.324418,0.275102,0.082289,0.215962,1.000000,0.050000
1782354264.031848,-1,0.002533,117.900523,SAFE_STAND,0.165239,0.007663,0.188894,-0.324459,0.275098,0.082286,0.215962,1.000000,0.050000
1782354264.050972,-1,0.001529,117.920640,SAFE_STAND,0.163819,0.007655,0.188921,-0.324479,0.275090,0.082286,0.215962,1.000000,0.050000
1782354264.072684,-1,0.002486,117.941437,SAFE_STAND,0.165135,0.007681,0.188905,-0.324491,0.275102,0.082288,0.215962,1.000000,0.050000
1782354264.092441,-1,0.002161,117.961494,SAFE_STAND,0.164378,0.007687,0.188915,-0.324508,0.275098,0.082288,0.217925,1.000000,0.050000
1782354264.112565,-1,0.002147,117.981695,SAFE_STAND,0.164633,0.007702,0.188928,-0.324469,0.275098,0.082288,0.215962,1.000000,0.050000
1782354264.132513,-1,0.001591,118.002060,SAFE_STAND,0.164097,0.007723,0.188960,-0.324476,0.275106,0.082290,0.217925,1.000000,0.050000
1782354264.152417,-1,0.001361,118.022190,SAFE_STAND,0.163576,0.007721,0.188950,-0.324510,0.275106,0.082289,0.215962,1.000000,0.050000
1782354264.173169,-1,0.001974,118.042387,SAFE_STAND,0.163191,0.007720,0.188947,-0.324540,0.275106,0.082290,0.212066,1.000000,0.050000
1782354264.193904,-1,0.002270,118.062786,SAFE_STAND,0.164159,0.007696,0.188881,-0.324569,0.275098,0.082290,0.215962,1.000000,0.050000
1782354264.214279,-1,0.002517,118.083059,SAFE_STAND,0.164931,0.007745,0.188916,-0.324544,0.275098,0.082287,0.214029,1.000000,0.050000
1782354264.234756,-1,0.002865,118.103442,SAFE_STAND,0.165140,0.007736,0.188898,-0.324524,0.275090,0.082287,0.215962,1.000000,0.050000
1782354264.254840,-1,0.002871,118.123590,SAFE_STAND,0.165318,0.007724,0.188878,-0.324554,0.275106,0.082289,0.215962,1.000000,0.050000
1782354264.274066,-1,0.002018,118.143508,SAFE_STAND,0.164425,0.007730,0.188870,-0.324547,0.275098,0.082287,0.215962,1.000000,0.050000
1782354264.294756,-1,0.002303,118.163682,SAFE_STAND,0.164254,0.007704,0.188844,-0.324576,0.275098,0.082288,0.215962,1.000000,0.050000
1782354264.315005,-1,0.002473,118.183760,SAFE_STAND,0.165165,0.007706,0.188818,-0.324589,0.275106,0.082288,0.215962,1.000000,0.050000
1782354264.335485,-1,0.002641,118.204055,SAFE_STAND,0.165063,0.007685,0.188850,-0.324610,0.275094,0.082286,0.215962,1.000000,0.050000
1782354264.355510,-1,0.002334,118.224370,SAFE_STAND,0.164285,0.007697,0.188845,-0.324616,0.275094,0.082288,0.215962,1.000000,0.050000
1782354264.375657,-1,0.002355,118.244525,SAFE_STAND,0.164935,0.007697,0.188825,-0.324628,0.275098,0.082289,0.215962,1.000000,0.050000
1782354264.395870,-1,0.002422,118.264693,SAFE_STAND,0.164980,0.007712,0.188826,-0.324653,0.275094,0.082288,0.215962,1.000000,0.050000
1782354264.415711,-1,0.002118,118.284818,SAFE_STAND,0.164580,0.007713,0.188811,-0.324673,0.275098,0.082287,0.215962,1.000000,0.050000
1782354264.436445,-1,0.002486,118.305185,SAFE_STAND,0.165093,0.007687,0.188799,-0.324721,0.275090,0.082287,0.215962,1.000000,0.050000
1782354264.456694,-1,0.002593,118.325308,SAFE_STAND,0.164361,0.007707,0.188762,-0.324671,0.275090,0.082288,0.215962,1.000000,0.050000
1782354264.477214,-1,0.002342,118.346055,SAFE_STAND,0.163947,0.007705,0.188769,-0.324652,0.275098,0.082288,0.215962,1.000000,0.050000
1782354264.497223,-1,0.002225,118.366156,SAFE_STAND,0.163478,0.007705,0.188738,-0.324631,0.275090,0.082288,0.213998,1.000000,0.050000
1782354264.517588,-1,0.002471,118.386272,SAFE_STAND,0.165085,0.007696,0.188704,-0.324630,0.275094,0.082288,0.217925,1.000000,0.050000
1782354264.537813,-1,0.002169,118.406818,SAFE_STAND,0.163646,0.007706,0.188705,-0.324629,0.275098,0.082287,0.214029,1.000000,0.050000
1782354264.557294,-1,0.001572,118.426835,SAFE_STAND,0.163993,0.007729,0.188696,-0.324611,0.275086,0.082289,0.217925,1.000000,0.050000
1782354264.578676,-1,0.002333,118.447449,SAFE_STAND,0.164152,0.007753,0.188668,-0.324544,0.275086,0.082286,0.215962,1.000000,0.050000
1782354264.599522,-1,0.003066,118.467664,SAFE_STAND,0.165190,0.007742,0.188630,-0.324546,0.275090,0.082287,0.215962,1.000000,0.050000
1782354264.619030,-1,0.002488,118.487748,SAFE_STAND,0.164158,0.007750,0.188592,-0.324517,0.275094,0.082287,0.215962,1.000000,0.050000
1782354264.639675,-1,0.002531,118.508341,SAFE_STAND,0.164295,0.007759,0.188569,-0.324518,0.275094,0.082285,0.215962,1.000000,0.050000
1782354264.659950,-1,0.002721,118.528426,SAFE_STAND,0.164920,0.007751,0.188559,-0.324505,0.275086,0.082286,0.214029,1.000000,0.050000
1782354264.679550,-1,0.002231,118.548520,SAFE_STAND,0.163944,0.007761,0.188599,-0.324471,0.275086,0.082286,0.215962,1.000000,0.050000
1782354264.700261,-1,0.002857,118.568598,SAFE_STAND,0.164849,0.007764,0.188626,-0.324511,0.275083,0.082287,0.215962,1.000000,0.050000
1782354264.720430,-1,0.002938,118.588689,SAFE_STAND,0.164939,0.007786,0.188605,-0.324488,0.275094,0.082287,0.215962,1.000000,0.050000
1782354264.740310,-1,0.002735,118.609085,SAFE_STAND,0.164584,0.007796,0.188546,-0.324501,0.275086,0.082287,0.215962,1.000000,0.050000
1782354264.759667,-1,0.002007,118.628814,SAFE_STAND,0.164075,0.007832,0.188519,-0.324466,0.275086,0.082286,0.215962,1.000000,0.050000
1782354264.779850,-1,0.002073,118.648941,SAFE_STAND,0.163701,0.007821,0.188481,-0.324475,0.275083,0.082286,0.215962,1.000000,0.050000
1782354264.800519,-1,0.002653,118.669074,SAFE_STAND,0.164974,0.007835,0.188481,-0.324462,0.275086,0.082286,0.215962,1.000000,0.050000
1782354264.820739,-1,0.002471,118.689703,SAFE_STAND,0.164378,0.007824,0.188475,-0.324465,0.275086,0.082288,0.215962,1.000000,0.050000
1782354264.841130,-1,0.002740,118.709870,SAFE_STAND,0.164326,0.007797,0.188408,-0.324461,0.275098,0.082289,0.214029,1.000000,0.050000
1782354264.860916,-1,0.002317,118.729830,SAFE_STAND,0.164101,0.007791,0.188432,-0.324423,0.275086,0.082288,0.215962,1.000000,0.050000
1782354264.880709,-1,0.001975,118.749928,SAFE_STAND,0.163563,0.007785,0.188424,-0.324412,0.275086,0.082286,0.213998,1.000000,0.050000
1782354264.902080,-1,0.002470,118.770795,SAFE_STAND,0.165254,0.007771,0.188369,-0.324401,0.275094,0.082288,0.217925,1.000000,0.050000
1782354264.922926,-1,0.002614,118.791589,SAFE_STAND,0.165144,0.007757,0.188354,-0.324386,0.275094,0.082287,0.215962,1.000000,0.050000
1782354264.942980,-1,0.002581,118.811678,SAFE_STAND,0.165156,0.007761,0.188335,-0.324407,0.275083,0.082286,0.215962,1.000000,0.050000
1782354264.963603,-1,0.002705,118.832516,SAFE_STAND,0.164775,0.007764,0.188299,-0.324400,0.275079,0.082287,0.215962,1.000000,0.050000
1782354264.983745,-1,0.002716,118.852264,SAFE_STAND,0.165406,0.007774,0.188336,-0.324417,0.275083,0.082287,0.215962,1.000000,0.050000
1782354265.004796,-1,0.003256,118.873100,SAFE_STAND,0.165973,0.007772,0.188352,-0.324430,0.275091,0.082286,0.215962,1.000000,0.050000
1782354265.024166,-1,0.002277,118.893119,SAFE_STAND,0.164313,0.007777,0.188355,-0.324433,0.275083,0.082285,0.217925,1.000000,0.050000
1782354265.045171,-1,0.003136,118.913309,SAFE_STAND,0.165032,0.007788,0.188317,-0.324397,0.275083,0.082287,0.215962,1.000000,0.050000
1782354265.065113,-1,0.002943,118.933430,SAFE_STAND,0.164806,0.007767,0.188260,-0.324369,0.275086,0.082286,0.215962,1.000000,0.050000
1782354265.084678,-1,0.002421,118.953853,SAFE_STAND,0.164543,0.007738,0.188265,-0.324445,0.275091,0.082289,0.215962,1.000000,0.050000
1782354265.105882,-1,0.003106,118.974108,SAFE_STAND,0.165407,0.007751,0.188203,-0.324396,0.275094,0.082287,0.215962,1.000000,0.050000
1782354265.125399,-1,0.002502,118.994079,SAFE_STAND,0.164159,0.007738,0.188187,-0.324416,0.275083,0.082287,0.215962,1.000000,0.050000
1782354265.145921,-1,0.002415,119.014700,SAFE_STAND,0.164474,0.007754,0.188192,-0.324394,0.275087,0.082285,0.217925,1.000000,0.050000
1782354265.165944,-1,0.002352,119.034757,SAFE_STAND,0.163732,0.007741,0.188134,-0.324372,0.275091,0.082287,0.213998,1.000000,0.050000
1782354265.186690,-1,0.002964,119.055005,SAFE_STAND,0.164963,0.007760,0.188146,-0.324373,0.275079,0.082285,0.215962,1.000000,0.050000
1782354265.206309,-1,0.002488,119.075018,SAFE_STAND,0.164658,0.007753,0.188130,-0.324373,0.275083,0.082287,0.215962,1.000000,0.050000
1782354265.226594,-1,0.002686,119.095322,SAFE_STAND,0.164481,0.007704,0.188128,-0.324396,0.275079,0.082286,0.215962,1.000000,0.050000
1782354265.247525,-1,0.003493,119.115578,SAFE_STAND,0.165742,0.007730,0.188095,-0.324386,0.275083,0.082286,0.215962,1.000000,0.050000
1782354265.267490,-1,0.003185,119.135553,SAFE_STAND,0.165032,0.007745,0.188026,-0.324326,0.275079,0.082285,0.215962,1.000000,0.050000
1782354265.288417,-1,0.004015,119.155676,SAFE_STAND,0.166394,0.007742,0.188011,-0.324334,0.275079,0.082287,0.215962,1.000000,0.050000
1782354265.307909,-1,0.003415,119.175722,SAFE_STAND,0.166074,0.007719,0.187999,-0.324332,0.275079,0.082284,0.215962,1.000000,0.050000
1782354265.328578,-1,0.003563,119.196246,SAFE_STAND,0.164978,0.007748,0.187997,-0.324325,0.275079,0.082287,0.215962,1.000000,0.050000
1782354265.348227,-1,0.003058,119.216422,SAFE_STAND,0.165834,0.007756,0.187944,-0.324333,0.275079,0.082286,0.217925,1.000000,0.050000
1782354265.368731,-1,0.003398,119.236594,SAFE_STAND,0.165039,0.007758,0.187956,-0.324337,0.275079,0.082285,0.214029,1.000000,0.050000
1782354265.389105,-1,0.003313,119.257005,SAFE_STAND,0.164928,0.007754,0.187952,-0.324363,0.275083,0.082285,0.213998,1.000000,0.050000
1782354265.408930,-1,0.003068,119.277126,SAFE_STAND,0.165030,0.007797,0.187903,-0.324303,0.275083,0.082286,0.215962,1.000000,0.050000
1782354265.429100,-1,0.003145,119.297191,SAFE_STAND,0.164892,0.007796,0.187876,-0.324284,0.275075,0.082285,0.215962,1.000000,0.050000
1782354265.448852,-1,0.002777,119.317316,SAFE_STAND,0.164655,0.007791,0.187881,-0.324252,0.275079,0.082286,0.215962,1.000000,0.050000
1782354265.468945,-1,0.002779,119.337579,SAFE_STAND,0.164379,0.007762,0.187862,-0.324261,0.275079,0.082283,0.215962,1.000000,0.050000
1782354265.488968,-1,0.002713,119.357790,SAFE_STAND,0.164307,0.007778,0.187851,-0.324248,0.275079,0.082284,0.215962,1.000000,0.050000
1782354265.508606,-1,0.002264,119.377526,SAFE_STAND,0.163845,0.007784,0.187784,-0.324215,0.275079,0.082288,0.215962,1.000000,0.050000
1782354265.529087,-1,0.002659,119.397627,SAFE_STAND,0.164096,0.007789,0.187772,-0.324228,0.275075,0.082285,0.215962,1.000000,0.050000
1782354265.548872,-1,0.002358,119.417688,SAFE_STAND,0.163818,0.007770,0.187781,-0.324223,0.275079,0.082286,0.215962,1.000000,0.050000
1782354265.568871,-1,0.002271,119.437767,SAFE_STAND,0.163642,0.007753,0.187792,-0.324254,0.275083,0.082286,0.215962,1.000000,0.050000
1782354265.589667,-1,0.002982,119.457879,SAFE_STAND,0.164422,0.007721,0.187781,-0.324269,0.275083,0.082286,0.213998,1.000000,0.050000
1782354265.609336,-1,0.002565,119.477942,SAFE_STAND,0.163748,0.007730,0.187777,-0.324262,0.275079,0.082285,0.214029,1.000000,0.050000
1782354265.629904,-1,0.002700,119.498381,SAFE_STAND,0.164675,0.007728,0.187818,-0.324260,0.275075,0.082286,0.217925,1.000000,0.050000
1782354265.649650,-1,0.001997,119.519216,SAFE_STAND,0.164046,0.007727,0.187799,-0.324247,0.275079,0.082286,0.215962,1.000000,0.050000
1782354265.670420,-1,0.002380,119.539242,SAFE_STAND,0.164039,0.007730,0.187811,-0.324266,0.275075,0.082284,0.215962,1.000000,0.050000
1782354265.690149,-1,0.002030,119.559338,SAFE_STAND,0.163508,0.007752,0.187835,-0.324245,0.275079,0.082287,0.215962,1.000000,0.050000
1782354265.710538,-1,0.002339,119.579441,SAFE_STAND,0.164612,0.007758,0.187818,-0.324231,0.275071,0.082286,0.215962,1.000000,0.050000
1782354265.730525,-1,0.002247,119.599482,SAFE_STAND,0.164631,0.007741,0.187862,-0.324265,0.275075,0.082286,0.215962,1.000000,0.050000
1782354265.750319,-1,0.001962,119.619766,SAFE_STAND,0.164115,0.007720,0.187831,-0.324284,0.275079,0.082287,0.215962,1.000000,0.050000
1782354265.771508,-1,0.002668,119.640121,SAFE_STAND,0.165011,0.007714,0.187850,-0.324308,0.275079,0.082286,0.215962,1.000000,0.050000
1782354265.792813,-1,0.003521,119.660534,SAFE_STAND,0.165557,0.007715,0.187833,-0.324295,0.275075,0.082285,0.215962,1.000000,0.050000
1782354265.812950,-1,0.003283,119.680919,SAFE_STAND,0.164843,0.007704,0.187814,-0.324289,0.275079,0.082284,0.213998,1.000000,0.050000
1782354265.832605,-1,0.002814,119.701010,SAFE_STAND,0.164635,0.007719,0.187807,-0.324279,0.275075,0.082284,0.215962,1.000000,0.050000
1782354265.852701,-1,0.002782,119.721473,SAFE_STAND,0.164240,0.007706,0.187798,-0.324267,0.275083,0.082286,0.214029,1.000000,0.050000
1782354265.872869,-1,0.002836,119.741613,SAFE_STAND,0.164255,0.007681,0.187750,-0.324284,0.275079,0.082286,0.215962,1.000000,0.050000
1782354265.892602,-1,0.002360,119.761451,SAFE_STAND,0.163739,0.007697,0.187752,-0.324259,0.275075,0.082286,0.215962,1.000000,0.050000
1782354265.912981,-1,0.002653,119.781496,SAFE_STAND,0.164958,0.007690,0.187763,-0.324245,0.275075,0.082285,0.215962,1.000000,0.050000
1782354265.932984,-1,0.002222,119.802276,SAFE_STAND,0.164066,0.007669,0.187786,-0.324268,0.275079,0.082287,0.215962,1.000000,0.050000
1782354265.953441,-1,0.002186,119.822416,SAFE_STAND,0.163418,0.007641,0.187788,-0.324242,0.275079,0.082287,0.215962,1.000000,0.050000
1782354265.973829,-1,0.002487,119.842520,SAFE_STAND,0.164523,0.007651,0.187795,-0.324236,0.275075,0.082286,0.215962,1.000000,0.050000
1782354265.993749,-1,0.001985,119.863019,SAFE_STAND,0.163634,0.007678,0.187782,-0.324206,0.275075,0.082285,0.215962,1.000000,0.050000
1782354266.015019,-1,0.002824,119.883343,SAFE_STAND,0.164582,0.007661,0.187793,-0.324234,0.275079,0.082285,0.215962,1.000000,0.050000
1782354266.035138,-1,0.002858,119.903432,SAFE_STAND,0.164553,0.007634,0.187796,-0.324282,0.275071,0.082285,0.215962,1.000000,0.050000
1782354266.055293,-1,0.002930,119.923735,SAFE_STAND,0.164670,0.007648,0.187757,-0.324271,0.275075,0.082285,0.215962,1.000000,0.050000
1782354266.075454,-1,0.002661,119.943947,SAFE_STAND,0.164823,0.007608,0.187713,-0.324242,0.275075,0.082284,0.215962,1.000000,0.050000
1782354266.096011,-1,0.002570,119.964683,SAFE_STAND,0.163988,0.007619,0.187679,-0.324211,0.275071,0.082284,0.215962,1.000000,0.050000
1782354266.117273,-1,0.003323,119.985577,SAFE_STAND,0.166046,0.007622,0.187637,-0.324159,0.275079,0.082286,0.217925,1.000000,0.050000
1782354266.137578,-1,0.003041,120.005772,SAFE_STAND,0.164805,0.007593,0.187646,-0.324219,0.275068,0.082285,0.215962,1.000000,0.050000
1782354266.157613,-1,0.002934,120.025933,SAFE_STAND,0.164490,0.007576,0.187603,-0.324185,0.275068,0.082284,0.215962,1.000000,0.050000
1782354266.177595,-1,0.002823,120.045962,SAFE_STAND,0.164406,0.007602,0.187599,-0.324197,0.275071,0.082286,0.215962,1.000000,0.050000
1782354266.198558,-1,0.003659,120.066471,SAFE_STAND,0.165183,0.007605,0.187601,-0.324173,0.275075,0.082285,0.215962,1.000000,0.050000
1782354266.217819,-1,0.002589,120.086404,SAFE_STAND,0.164875,0.007603,0.187570,-0.324133,0.275068,0.082284,0.217925,1.000000,0.050000
1782354266.238521,-1,0.002499,120.107189,SAFE_STAND,0.164409,0.007585,0.187575,-0.324161,0.275075,0.082287,0.215962,1.000000,0.050000
1782354266.259267,-1,0.003158,120.127320,SAFE_STAND,0.164958,0.007584,0.187569,-0.324188,0.275064,0.082283,0.215962,1.000000,0.050000
1782354266.279021,-1,0.002816,120.147369,SAFE_STAND,0.164408,0.007585,0.187544,-0.324171,0.275064,0.082283,0.215962,1.000000,0.050000
1782354266.299458,-1,0.003164,120.167680,SAFE_STAND,0.164536,0.007592,0.187539,-0.324164,0.275075,0.082285,0.214029,1.000000,0.050000
1782354266.320011,-1,0.003074,120.188149,SAFE_STAND,0.164835,0.007600,0.187536,-0.324125,0.275071,0.082286,0.215962,1.000000,0.050000
1782354266.339517,-1,0.002462,120.208282,SAFE_STAND,0.164367,0.007607,0.187536,-0.324078,0.275064,0.082285,0.215962,1.000000,0.050000
1782354266.360348,-1,0.002601,120.228920,SAFE_STAND,0.164530,0.007580,0.187520,-0.324056,0.275075,0.082282,0.215962,1.000000,0.050000
1782354266.380857,-1,0.002659,120.249611,SAFE_STAND,0.164467,0.007585,0.187531,-0.324079,0.275071,0.082284,0.217925,1.000000,0.050000
1782354266.400665,-1,0.002381,120.269688,SAFE_STAND,0.163897,0.007585,0.187554,-0.324091,0.275075,0.082286,0.214029,1.000000,0.050000
1782354266.420269,-1,0.001821,120.289638,SAFE_STAND,0.163376,0.007616,0.187592,-0.324048,0.275075,0.082285,0.215962,1.000000,0.050000
1782354266.441851,-1,0.003104,120.309937,SAFE_STAND,0.164799,0.007589,0.187576,-0.324096,0.275068,0.082285,0.215962,1.000000,0.050000
1782354266.461617,-1,0.002786,120.330015,SAFE_STAND,0.164285,0.007589,0.187584,-0.324093,0.275068,0.082284,0.215962,1.000000,0.050000
1782354266.482059,-1,0.003137,120.350355,SAFE_STAND,0.164544,0.007583,0.187615,-0.324129,0.275071,0.082285,0.214029,1.000000,0.050000
1782354266.502407,-1,0.003032,120.370563,SAFE_STAND,0.164751,0.007551,0.187645,-0.324186,0.275063,0.082285,0.215962,1.000000,0.050000
1782354266.521966,-1,0.002467,120.390707,SAFE_STAND,0.164374,0.007533,0.187685,-0.324234,0.275075,0.082286,0.215962,1.000000,0.050000
1782354266.542387,-1,0.002208,120.411395,SAFE_STAND,0.163469,0.007526,0.187672,-0.324250,0.275071,0.082285,0.215962,1.000000,0.050000
1782354266.563062,-1,0.002795,120.431466,SAFE_STAND,0.164023,0.007493,0.187727,-0.324307,0.275071,0.082285,0.214029,1.000000,0.050000
1782354266.582824,-1,0.002472,120.451519,SAFE_STAND,0.164388,0.007487,0.187723,-0.324301,0.275071,0.082285,0.215962,1.000000,0.050000
1782354266.603037,-1,0.002597,120.471881,SAFE_STAND,0.164020,0.007471,0.187714,-0.324306,0.275064,0.082284,0.215962,1.000000,0.050000
1782354266.623119,-1,0.002205,120.492131,SAFE_STAND,0.163471,0.007469,0.187720,-0.324336,0.275064,0.082283,0.215962,1.000000,0.050000
1782354266.644058,-1,0.003009,120.512263,SAFE_STAND,0.165025,0.007502,0.187746,-0.324263,0.275071,0.082285,0.217925,1.000000,0.050000
1782354266.664412,-1,0.003235,120.532407,SAFE_STAND,0.164995,0.007485,0.187775,-0.324290,0.275071,0.082286,0.215962,1.000000,0.050000
1782354266.683962,-1,0.002280,120.552899,SAFE_STAND,0.163858,0.007451,0.187811,-0.324320,0.275064,0.082283,0.217925,1.000000,0.050000
1782354266.704850,-1,0.003054,120.573010,SAFE_STAND,0.164689,0.007447,0.187795,-0.324325,0.275075,0.082284,0.215962,1.000000,0.050000
1782354266.724980,-1,0.003061,120.593133,SAFE_STAND,0.164754,0.007429,0.187776,-0.324325,0.275064,0.082284,0.215962,1.000000,0.050000
1782354266.745275,-1,0.002883,120.613663,SAFE_STAND,0.164273,0.007421,0.187747,-0.324309,0.275071,0.082285,0.215962,1.000000,0.050000
1782354266.765262,-1,0.002399,120.634105,SAFE_STAND,0.164432,0.007430,0.187770,-0.324261,0.275064,0.082283,0.215962,1.000000,0.050000
1782354266.784920,-1,0.001678,120.654451,SAFE_STAND,0.163364,0.007448,0.187816,-0.324251,0.275064,0.082286,0.215962,1.000000,0.050000
1782354266.805534,-1,0.002216,120.674451,SAFE_STAND,0.163614,0.007426,0.187808,-0.324272,0.275063,0.082284,0.215962,1.000000,0.050000
1782354266.825663,-1,0.002209,120.694607,SAFE_STAND,0.164521,0.007431,0.187812,-0.324302,0.275064,0.082285,0.215962,1.000000,0.050000
1782354266.846434,-1,0.002906,120.714660,SAFE_STAND,0.164409,0.007444,0.187837,-0.324268,0.275071,0.082284,0.214029,1.000000,0.050000
1782354266.866321,-1,0.002713,120.735092,SAFE_STAND,0.164503,0.007440,0.187825,-0.324245,0.275064,0.082285,0.215962,1.000000,0.050000
1782354266.886334,-1,0.002649,120.755051,SAFE_STAND,0.164342,0.007436,0.187821,-0.324230,0.275067,0.082283,0.215962,1.000000,0.050000
1782354266.906642,-1,0.002727,120.775089,SAFE_STAND,0.164848,0.007439,0.187865,-0.324252,0.275064,0.082286,0.215962,1.000000,0.050000
1782354266.927066,-1,0.003065,120.795150,SAFE_STAND,0.164809,0.007436,0.187862,-0.324244,0.275056,0.082283,0.215962,1.000000,0.050000
1782354266.946461,-1,0.002376,120.815245,SAFE_STAND,0.164366,0.007423,0.187864,-0.324255,0.275064,0.082284,0.215962,1.000000,0.050000
1782354266.967025,-1,0.002188,120.835986,SAFE_STAND,0.163562,0.007469,0.187838,-0.324232,0.275064,0.082283,0.215962,1.000000,0.050000
1782354266.987480,-1,0.002557,120.856101,SAFE_STAND,0.164625,0.007463,0.187863,-0.324230,0.275071,0.082285,0.215962,1.000000,0.050000
1782354267.007770,-1,0.002760,120.876154,SAFE_STAND,0.164681,0.007450,0.187884,-0.324247,0.275064,0.082283,0.215962,1.000000,0.050000
1782354267.027866,-1,0.002730,120.896572,SAFE_STAND,0.164718,0.007435,0.187905,-0.324230,0.275064,0.082283,0.215962,1.000000,0.050000
1782354267.046907,-1,0.001655,120.916447,SAFE_STAND,0.163641,0.007438,0.187954,-0.324261,0.275064,0.082284,0.215962,1.000000,0.050000
1782354267.068735,-1,0.003007,120.936928,SAFE_STAND,0.164764,0.007446,0.187938,-0.324225,0.275064,0.082283,0.215962,1.000000,0.050000
1782354267.088734,-1,0.002918,120.956985,SAFE_STAND,0.164577,0.007449,0.187920,-0.324278,0.275071,0.082285,0.215962,1.000000,0.050000
1782354267.108814,-1,0.002912,120.977062,SAFE_STAND,0.164572,0.007447,0.187942,-0.324276,0.275064,0.082284,0.215962,1.000000,0.050000
1782354267.128754,-1,0.002390,120.997524,SAFE_STAND,0.163795,0.007456,0.187955,-0.324229,0.275071,0.082287,0.215962,1.000000,0.050000
1782354267.149385,-1,0.002853,121.017767,SAFE_STAND,0.164813,0.007447,0.187981,-0.324284,0.275064,0.082285,0.217925,1.000000,0.050000
1782354267.169408,-1,0.002750,121.038215,SAFE_STAND,0.164319,0.007445,0.187992,-0.324282,0.275071,0.082285,0.215962,1.000000,0.050000
1782354267.189186,-1,0.002176,121.058188,SAFE_STAND,0.163676,0.007424,0.188015,-0.324353,0.275064,0.082285,0.215962,1.000000,0.050000
1782354267.209419,-1,0.002276,121.078308,SAFE_STAND,0.163591,0.007407,0.188001,-0.324359,0.275068,0.082283,0.215962,1.000000,0.050000
1782354267.229565,-1,0.002295,121.098462,SAFE_STAND,0.164432,0.007401,0.188042,-0.324367,0.275071,0.082285,0.215962,1.000000,0.050000
1782354267.250518,-1,0.002747,121.119051,SAFE_STAND,0.164906,0.007408,0.188040,-0.324318,0.275064,0.082284,0.215962,1.000000,0.050000
1782354267.271219,-1,0.002998,121.139423,SAFE_STAND,0.164722,0.007414,0.188035,-0.324359,0.275064,0.082282,0.215962,1.000000,0.050000
1782354267.290520,-1,0.001854,121.159873,SAFE_STAND,0.163155,0.007414,0.187982,-0.324370,0.275056,0.082281,0.213998,1.000000,0.050000
1782354267.310978,-1,0.002169,121.180061,SAFE_STAND,0.163569,0.007409,0.187997,-0.324355,0.275052,0.082282,0.215962,1.000000,0.050000
1782354267.332139,-1,0.003213,121.200146,SAFE_STAND,0.164984,0.007413,0.188034,-0.324348,0.275056,0.082283,0.215962,1.000000,0.050000
1782354267.352196,-1,0.002815,121.220682,SAFE_STAND,0.165147,0.007427,0.188078,-0.324332,0.275052,0.082282,0.215962,1.000000,0.050000
1782354267.372248,-1,0.002728,121.240746,SAFE_STAND,0.164273,0.007425,0.188081,-0.324343,0.275064,0.082283,0.215962,1.000000,0.050000
1782354267.392976,-1,0.002997,121.261537,SAFE_STAND,0.165400,0.007452,0.188112,-0.324342,0.275056,0.082283,0.215962,1.000000,0.050000
1782354267.412821,-1,0.002420,121.281642,SAFE_STAND,0.163887,0.007514,0.188167,-0.324323,0.275056,0.082282,0.215962,1.000000,0.050000
1782354267.433914,-1,0.003029,121.302441,SAFE_STAND,0.165434,0.007534,0.188190,-0.324305,0.275064,0.082285,0.215962,1.000000,0.050000
1782354267.453596,-1,0.002401,121.322400,SAFE_STAND,0.164166,0.007527,0.188213,-0.324373,0.275052,0.082282,0.215962,1.000000,0.050000
1782354267.473405,-1,0.002075,121.342488,SAFE_STAND,0.163617,0.007532,0.188189,-0.324329,0.275064,0.082283,0.215962,1.000000,0.050000
1782354267.493615,-1,0.002161,121.362997,SAFE_STAND,0.164333,0.007532,0.188217,-0.324338,0.275056,0.082283,0.215962,1.000000,0.050000
1782354267.514024,-1,0.002190,121.383082,SAFE_STAND,0.163919,0.007511,0.188199,-0.324333,0.275068,0.082284,0.215962,1.000000,0.050000
1782354267.534308,-1,0.002435,121.403097,SAFE_STAND,0.164128,0.007498,0.188194,-0.324327,0.275060,0.082284,0.214029,1.000000,0.050000
1782354267.554343,-1,0.002391,121.423182,SAFE_STAND,0.164771,0.007504,0.188215,-0.324368,0.275060,0.082284,0.215962,1.000000,0.050000
1782354267.575000,-1,0.002971,121.443269,SAFE_STAND,0.165050,0.007529,0.188210,-0.324363,0.275052,0.082282,0.215962,1.000000,0.050000
1782354267.594532,-1,0.002317,121.463464,SAFE_STAND,0.164326,0.007519,0.188232,-0.324349,0.275056,0.082284,0.215962,1.000000,0.050000
1782354267.615889,-1,0.003321,121.483820,SAFE_STAND,0.165312,0.007535,0.188242,-0.324372,0.275064,0.082284,0.215962,1.000000,0.050000
1782354267.635883,-1,0.003197,121.503934,SAFE_STAND,0.165145,0.007511,0.188269,-0.324440,0.275056,0.082283,0.215962,1.000000,0.050000
1782354267.655645,-1,0.002840,121.524035,SAFE_STAND,0.164768,0.007490,0.188297,-0.324474,0.275056,0.082280,0.215962,1.000000,0.050000
1782354267.676261,-1,0.003336,121.544163,SAFE_STAND,0.166082,0.007497,0.188315,-0.324460,0.275056,0.082283,0.215962,1.000000,0.050000
1782354267.695696,-1,0.002311,121.564605,SAFE_STAND,0.163822,0.007479,0.188334,-0.324428,0.275048,0.082281,0.215962,1.000000,0.050000
1782354267.715552,-1,0.002048,121.584699,SAFE_STAND,0.163850,0.007499,0.188337,-0.324435,0.275048,0.082280,0.215962,1.000000,0.050000
1782354267.736012,-1,0.002377,121.604867,SAFE_STAND,0.164680,0.007502,0.188329,-0.324384,0.275052,0.082283,0.215962,1.000000,0.050000
1782354267.757100,-1,0.002885,121.625591,SAFE_STAND,0.165090,0.007480,0.188307,-0.324430,0.275045,0.082281,0.215807,1.000000,0.050000
1782354267.776851,-1,0.002547,121.645508,SAFE_STAND,0.164639,0.007502,0.188269,-0.324387,0.275064,0.082284,0.215962,1.000000,0.050000
1782354267.797827,-1,0.003070,121.666385,SAFE_STAND,0.164899,0.007496,0.188274,-0.324402,0.275056,0.082282,0.215962,1.000000,0.050000
1782354267.818153,-1,0.002950,121.686410,SAFE_STAND,0.164943,0.007506,0.188311,-0.324343,0.275048,0.082282,0.215962,1.000000,0.050000
1782354267.838532,-1,0.003244,121.706484,SAFE_STAND,0.165255,0.007483,0.188346,-0.324366,0.275056,0.082283,0.215962,1.000000,0.050000
1782354267.858591,-1,0.002769,121.727049,SAFE_STAND,0.165087,0.007474,0.188362,-0.324379,0.275048,0.082282,0.215962,1.000000,0.050000
1782354267.878933,-1,0.002664,121.747465,SAFE_STAND,0.164604,0.007476,0.188394,-0.324382,0.275060,0.082282,0.215962,1.000000,0.050000
1782354267.899853,-1,0.003492,121.767950,SAFE_STAND,0.165616,0.007478,0.188400,-0.324303,0.275052,0.082282,0.215962,1.000000,0.050000
1782354267.919971,-1,0.003508,121.787803,SAFE_STAND,0.165596,0.007494,0.188408,-0.324297,0.275048,0.082282,0.215962,1.000000,0.050000
1782354267.939222,-1,0.002664,121.807814,SAFE_STAND,0.164239,0.007490,0.188392,-0.324279,0.275052,0.082283,0.215962,1.000000,0.050000
1782354268.035647,-1,0.078655,121.828188,SAFE_STAND,0.209779,0.007514,0.188417,-0.324275,0.275052,0.082284,0.217925,1.000000,0.050000
1782354268.039758,-1,0.002977,121.908136,SAFE_STAND,0.164701,0.007520,0.188486,-0.324368,0.275052,0.082281,0.215962,1.000000,0.050000
1782354268.061475,-1,0.004177,121.928607,SAFE_STAND,0.166756,0.007555,0.188529,-0.324326,0.275048,0.082282,0.215962,1.000000,0.050000
1782354268.080904,-1,0.003517,121.948614,SAFE_STAND,0.165826,0.007559,0.188521,-0.324346,0.275056,0.082284,0.215962,1.000000,0.050000
1782354268.100395,-1,0.002368,121.969254,SAFE_STAND,0.163617,0.007586,0.188531,-0.324356,0.275048,0.082284,0.214029,1.000000,0.050000
1782354268.121388,-1,0.003163,121.989544,SAFE_STAND,0.165141,0.007599,0.188522,-0.324344,0.275048,0.082283,0.215962,1.000000,0.050000
1782354268.140761,-1,0.002449,122.009547,SAFE_STAND,0.164582,0.007581,0.188475,-0.324383,0.275048,0.082282,0.215962,1.000000,0.050000
1782354268.161101,-1,0.002292,122.030012,SAFE_STAND,0.163947,0.007564,0.188465,-0.324388,0.275052,0.082281,0.215962,1.000000,0.050000
1782354268.181793,-1,0.002897,122.050122,SAFE_STAND,0.164923,0.007543,0.188489,-0.324438,0.275052,0.082283,0.215962,1.000000,0.050000
1782354268.201720,-1,0.002737,122.070203,SAFE_STAND,0.165283,0.007534,0.188492,-0.324456,0.275048,0.082281,0.217925,1.000000,0.050000
1782354268.221442,-1,0.002378,122.090216,SAFE_STAND,0.163809,0.007545,0.188500,-0.324487,0.275048,0.082282,0.215962,1.000000,0.050000
1782354268.243209,-1,0.003572,122.111224,SAFE_STAND,0.165653,0.007516,0.188492,-0.324515,0.275045,0.082281,0.215807,1.000000,0.050000
1782354268.263212,-1,0.003426,122.131187,SAFE_STAND,0.166384,0.007510,0.188510,-0.324530,0.275052,0.082280,0.215962,1.000000,0.050000
1782354268.282224,-1,0.002337,122.151159,SAFE_STAND,0.164694,0.007503,0.188556,-0.324577,0.275045,0.082280,0.215807,1.000000,0.050000
1782354268.303117,-1,0.002605,122.171776,SAFE_STAND,0.165165,0.007507,0.188569,-0.324546,0.275048,0.082282,0.215962,1.000000,0.050000
1782354268.323154,-1,0.002418,122.192048,SAFE_STAND,0.165026,0.007506,0.188599,-0.324532,0.275037,0.082281,0.215807,1.000000,0.050000
1782354268.342922,-1,0.002064,122.212102,SAFE_STAND,0.164303,0.007531,0.188590,-0.324529,0.275056,0.082282,0.215962,1.000000,0.050000
1782354268.363590,-1,0.002428,122.232442,SAFE_STAND,0.164517,0.007528,0.188541,-0.324515,0.275041,0.082281,0.217768,1.000000,0.050000
1782354268.384461,-1,0.003176,122.252546,SAFE_STAND,0.165428,0.007542,0.188526,-0.324471,0.275045,0.082282,0.215807,1.000000,0.050000
1782354268.404991,-1,0.003572,122.272757,SAFE_STAND,0.165694,0.007522,0.188561,-0.324518,0.275045,0.082281,0.215807,1.000000,0.050000
1782354268.425218,-1,0.003324,122.293474,SAFE_STAND,0.165163,0.007563,0.188579,-0.324482,0.275041,0.082283,0.213875,1.000000,0.050000
1782354268.444599,-1,0.002607,122.313206,SAFE_STAND,0.164968,0.007597,0.188594,-0.324448,0.275048,0.082281,0.215962,1.000000,0.050000
1782354268.464797,-1,0.002341,122.333899,SAFE_STAND,0.164175,0.007597,0.188583,-0.324436,0.275048,0.082281,0.214029,1.000000,0.050000
1782354268.485383,-1,0.002476,122.354172,SAFE_STAND,0.164167,0.007569,0.188620,-0.324465,0.275045,0.082281,0.215807,1.000000,0.050000
1782354268.506412,-1,0.003344,122.374303,SAFE_STAND,0.165855,0.007573,0.188647,-0.324448,0.275041,0.082280,0.217768,1.000000,0.050000
1782354268.526338,-1,0.002565,122.395170,SAFE_STAND,0.165031,0.007572,0.188674,-0.324422,0.275041,0.082279,0.215807,1.000000,0.050000
1782354268.546656,-1,0.002772,122.415181,SAFE_STAND,0.165352,0.007570,0.188708,-0.324387,0.275041,0.082280,0.215807,1.000000,0.050000
1782354268.566405,-1,0.002438,122.435199,SAFE_STAND,0.164659,0.007600,0.188719,-0.324366,0.275041,0.082281,0.215807,1.000000,0.050000
1782354268.586917,-1,0.002474,122.455702,SAFE_STAND,0.164593,0.007570,0.188704,-0.324424,0.275045,0.082283,0.213875,1.000000,0.050000
1782354268.607085,-1,0.002146,122.476309,SAFE_STAND,0.164467,0.007587,0.188672,-0.324399,0.275045,0.082282,0.215807,1.000000,0.050000
1782354268.628182,-1,0.002751,122.496710,SAFE_STAND,0.165494,0.007611,0.188708,-0.324371,0.275045,0.082282,0.215807,1.000000,0.050000
1782354268.648742,-1,0.003233,122.516737,SAFE_STAND,0.165141,0.007630,0.188715,-0.324391,0.275041,0.082279,0.215807,1.000000,0.050000
1782354268.669423,-1,0.003810,122.536840,SAFE_STAND,0.166341,0.007607,0.188744,-0.324400,0.275041,0.082280,0.215807,1.000000,0.050000
1782354268.688507,-1,0.002806,122.557255,SAFE_STAND,0.165292,0.007606,0.188740,-0.324385,0.275033,0.082279,0.215807,1.000000,0.050000
1782354268.709162,-1,0.003372,122.577390,SAFE_STAND,0.165551,0.007595,0.188726,-0.324356,0.275041,0.082279,0.215807,1.000000,0.050000
1782354268.728836,-1,0.002786,122.597301,SAFE_STAND,0.164620,0.007573,0.188725,-0.324374,0.275045,0.082280,0.215807,1.000000,0.050000
1782354268.749263,-1,0.002751,122.618087,SAFE_STAND,0.164773,0.007584,0.188799,-0.324365,0.275045,0.082281,0.215807,1.000000,0.050000
1782354268.769171,-1,0.002350,122.638015,SAFE_STAND,0.164077,0.007568,0.188819,-0.324360,0.275037,0.082278,0.215807,1.000000,0.050000
1782354268.789627,-1,0.002709,122.658156,SAFE_STAND,0.165050,0.007583,0.188809,-0.324382,0.275033,0.082279,0.215807,1.000000,0.050000
1782354268.810478,-1,0.003106,122.678944,SAFE_STAND,0.165902,0.007586,0.188805,-0.324393,0.275037,0.082279,0.215807,1.000000,0.050000
1782354268.830756,-1,0.003297,122.699074,SAFE_STAND,0.165375,0.007576,0.188812,-0.324439,0.275037,0.082279,0.213875,1.000000,0.050000
1782354268.850997,-1,0.003432,122.719020,SAFE_STAND,0.165861,0.007591,0.188835,-0.324491,0.275037,0.082280,0.215807,1.000000,0.050000
1782354268.870339,-1,0.002634,122.739036,SAFE_STAND,0.165193,0.007567,0.188838,-0.324487,0.275041,0.082281,0.215807,1.000000,0.050000
1782354268.890901,-1,0.003111,122.759065,SAFE_STAND,0.165442,0.007554,0.188851,-0.324457,0.275033,0.082277,0.215807,1.000000,0.050000
1782354268.911664,-1,0.003765,122.779625,SAFE_STAND,0.166110,0.007558,0.188870,-0.324473,0.275033,0.082279,0.215807,1.000000,0.050000
1782354268.930825,0,0.002832,0.014928,SAFE_STAND,0.124229,0.007576,0.188874,-0.324486,0.275033,0.082279,0.215807,1.000000,0.050000
1782354268.951068,0,0.002764,0.034855,SAFE_STAND,0.133887,0.007581,0.188919,-0.324494,0.275041,0.082282,0.213875,1.000000,0.050000
1782354268.970965,0,0.002256,0.055272,SAFE_STAND,0.143624,0.007576,0.188922,-0.324536,0.275033,0.082279,0.215807,1.000000,0.050000
1782354268.991418,0,0.002187,0.075830,SAFE_STAND,0.152637,0.007565,0.188893,-0.324531,0.275033,0.082282,0.215807,1.000000,0.050000
1782354269.012491,2,0.003133,0.008784,SAFE_STAND,0.122022,0.007568,0.188878,-0.324586,0.275041,0.082282,0.215807,1.000000,0.050000
1782354269.032519,3,0.002508,0.009229,SAFE_STAND,0.121562,0.007562,0.188865,-0.324558,0.275033,0.082280,0.215807,1.000000,0.050000
1782354269.052742,4,0.002595,0.008395,SAFE_STAND,0.121298,0.007548,0.188874,-0.324575,0.275033,0.082280,0.215807,1.000000,0.050000
1782354269.072869,5,0.002025,0.008985,SAFE_STAND,0.120709,0.007573,0.188881,-0.324582,0.275033,0.082279,0.215807,1.000000,0.050000
1782354269.093261,6,0.002275,0.009127,SAFE_STAND,0.121024,0.007562,0.188853,-0.324602,0.275029,0.082278,0.217768,1.000000,0.050000
1782354269.114384,7,0.003305,0.009184,SAFE_STAND,0.122691,0.007565,0.188790,-0.324566,0.275033,0.082281,0.215807,1.000000,0.050000
1782354269.133306,8,0.001709,0.009623,SAFE_STAND,0.120855,0.007580,0.188813,-0.324548,0.275033,0.082278,0.215807,1.000000,0.050000
1782354269.154971,9,0.003260,0.009776,SAFE_STAND,0.122625,0.007574,0.188784,-0.324504,0.275033,0.082279,0.215807,1.000000,0.050000
1782354269.174682,10,0.002874,0.009564,SAFE_STAND,0.121835,0.007573,0.188747,-0.324496,0.275033,0.082281,0.215807,1.000000,0.050000
1782354269.195062,11,0.003160,0.009915,SAFE_STAND,0.123193,0.007575,0.188760,-0.324474,0.275033,0.082279,0.215807,1.000000,0.050000
1782354269.214967,12,0.002599,0.009989,TRACKING,0.121669,0.007604,0.188780,-0.324478,0.275033,0.082278,0.215807,0.000001,0.050000
1782354269.235048,13,0.002600,0.009921,TRACKING,0.122191,0.007600,0.188793,-0.324487,0.275033,0.082280,0.215807,0.020075,0.050000
1782354269.255712,14,0.003181,0.010033,TRACKING,0.122272,0.007601,0.188741,-0.324480,0.276258,0.082499,0.215807,0.040177,0.050000
1782354269.275983,15,0.002751,0.011091,TRACKING,0.122852,0.007605,0.188747,-0.324494,0.275122,0.082653,0.215807,0.060904,0.050000
1782354269.297383,16,0.003685,0.011289,TRACKING,0.123872,0.007612,0.188723,-0.324483,0.274282,0.082686,0.215807,0.081932,0.050000
1782354269.316901,17,0.003110,0.011501,TRACKING,0.123344,0.007614,0.188740,-0.324491,0.274042,0.082866,0.213875,0.101810,0.050000
1782354269.337276,18,0.003032,0.011580,TRACKING,0.122659,0.007619,0.188748,-0.324422,0.274174,0.083009,0.213875,0.121812,0.050000
1782354269.357192,19,0.002854,0.011559,TRACKING,0.122450,0.007643,0.188704,-0.324367,0.274390,0.083183,0.213875,0.141714,0.050000
1782354269.377270,20,0.002842,0.011882,TRACKING,0.123231,0.007650,0.188697,-0.324361,0.276984,0.083565,0.217739,0.161770,0.050000
1782354269.397125,21,0.002603,0.011840,TRACKING,0.124199,0.007649,0.188707,-0.324356,0.284913,0.084146,0.223593,0.181800,0.050000
1782354269.417318,22,0.002571,0.011814,TRACKING,0.124520,0.007643,0.188768,-0.324391,0.288475,0.083979,0.227485,0.201828,0.050000
1782354269.438253,23,0.003062,0.012247,TRACKING,0.125616,0.007665,0.188772,-0.324410,0.290753,0.084123,0.227485,0.222784,0.050000
1782354269.458870,24,0.003233,0.012645,TRACKING,0.126765,0.007683,0.188762,-0.324362,0.292236,0.084317,0.231378,0.243423,0.050000
1782354269.479022,25,0.003295,0.012817,TRACKING,0.127244,0.007745,0.188764,-0.324347,0.293428,0.084563,0.231378,0.263668,0.050000
1782354269.498552,26,0.002672,0.012707,TRACKING,0.126501,0.007744,0.188793,-0.324345,0.294775,0.084905,0.233310,0.283218,0.050000
1782354269.518653,27,0.002682,0.012778,TRACKING,0.126595,0.007782,0.188794,-0.324348,0.295531,0.085341,0.233339,0.303234,0.050000
1782354269.539629,28,0.003249,0.013132,TRACKING,0.126941,0.007791,0.188724,-0.324380,0.290882,0.085674,0.229446,0.324180,0.050000
1782354269.559573,29,0.003103,0.013147,TRACKING,0.124378,0.007803,0.188678,-0.324391,0.270766,0.085014,0.215864,0.344126,0.050000
1782354269.579554,30,0.002975,0.013139,TRACKING,0.123278,0.007847,0.188681,-0.324393,0.270615,0.084557,0.211943,0.364043,0.050000
1782354269.599613,31,0.002942,0.013198,TRACKING,0.123426,0.007886,0.188604,-0.324363,0.270345,0.084916,0.211943,0.384163,0.050000
1782354269.619876,32,0.003097,0.013619,TRACKING,0.123899,0.007905,0.188523,-0.324284,0.271134,0.085034,0.211943,0.404415,0.050000
1782354269.639901,33,0.002673,0.013687,TRACKING,0.124173,0.007930,0.188503,-0.324204,0.272729,0.085325,0.213875,0.424796,0.050000
1782354269.660803,34,0.002887,0.014200,TRACKING,0.126181,0.007923,0.188489,-0.324224,0.282819,0.086249,0.221660,0.445679,0.050000
1782354269.681285,35,0.002957,0.014596,TRACKING,0.129044,0.007985,0.188451,-0.324251,0.304253,0.087294,0.238044,0.465802,0.050000
1782354269.701219,36,0.002804,0.014879,TRACKING,0.129614,0.008055,0.188443,-0.324318,0.308372,0.086451,0.243871,0.485758,0.050000
1782354269.721223,37,0.002720,0.014697,TRACKING,0.129912,0.008062,0.188411,-0.324363,0.312386,0.086749,0.245794,0.505821,0.050000
1782354269.741013,38,0.002424,0.014400,TRACKING,0.129617,0.008132,0.188378,-0.324311,0.312802,0.086864,0.247747,0.525562,0.050000
1782354269.761266,39,0.002587,0.014401,TRACKING,0.129787,0.008141,0.188316,-0.324340,0.313412,0.087206,0.247747,0.545763,0.050000
1782354269.782440,40,0.003231,0.015090,TRACKING,0.132608,0.008182,0.188312,-0.324359,0.314742,0.087803,0.251622,0.567340,0.050000
1782354269.802267,41,0.002771,0.014916,TRACKING,0.131485,0.008214,0.188268,-0.324381,0.313508,0.088441,0.247776,0.587305,0.050000
1782354269.821958,42,0.002321,0.015029,TRACKING,0.128480,0.008248,0.188229,-0.324319,0.294938,0.088484,0.234257,0.606970,0.050000
1782354269.844054,43,0.003647,0.015804,TRACKING,0.127208,0.008295,0.188237,-0.324233,0.280071,0.086727,0.220098,0.628441,0.050000
1782354269.864919,44,0.004016,0.016175,TRACKING,0.127981,0.008346,0.188290,-0.324194,0.276568,0.086509,0.218206,0.649454,0.050000
1782354269.884928,45,0.003525,0.016557,TRACKING,0.127650,0.008333,0.188342,-0.324233,0.281315,0.087018,0.220098,0.669438,0.050000
1782354269.905285,46,0.003156,0.017313,TRACKING,0.128081,0.008356,0.188297,-0.324166,0.282331,0.087184,0.222799,0.689881,0.050000
1782354269.924329,47,0.002080,0.017421,TRACKING,0.126553,0.008332,0.188237,-0.324143,0.281743,0.087710,0.220916,0.709110,0.050000
1782354269.945001,48,0.002658,0.017401,TRACKING,0.129978,0.008319,0.188251,-0.324146,0.295452,0.089251,0.232522,0.729908,0.050000
1782354269.965386,49,0.002929,0.017410,TRACKING,0.133996,0.008542,0.188288,-0.324191,0.326506,0.090047,0.255805,0.749891,0.050000
1782354269.985632,50,0.003083,0.017881,TRACKING,0.134757,0.008651,0.188288,-0.324204,0.328288,0.088866,0.259686,0.770114,0.050000
1782354270.005250,51,0.002515,0.017538,TRACKING,0.134549,0.008616,0.188311,-0.324364,0.333193,0.089411,0.263566,0.789790,0.050000
1782354270.026176,52,0.002977,0.018001,TRACKING,0.135559,0.008679,0.188313,-0.324289,0.332487,0.089509,0.261641,0.810922,0.050000
1782354270.046047,53,0.002709,0.019066,TRACKING,0.135442,0.008711,0.188320,-0.324362,0.332258,0.089968,0.261641,0.830644,0.050000
1782354270.066338,54,0.002827,0.018750,TRACKING,0.136442,0.008747,0.188304,-0.324369,0.333103,0.090932,0.261641,0.851407,0.050000
1782354270.087092,55,0.003127,0.019384,TRACKING,0.135536,0.008796,0.188334,-0.324400,0.324826,0.091547,0.255866,0.871611,0.050000
1782354270.107274,56,0.002780,0.019714,TRACKING,0.130772,0.008860,0.188395,-0.324192,0.291745,0.090609,0.224613,0.892189,0.050000
1782354270.128552,58,0.003302,0.000470,TRACKING,0.121625,0.008878,0.188556,-0.324059,0.291490,0.087940,0.226565,0.913150,0.050000
1782354270.148767,59,0.003370,0.000458,TRACKING,0.122520,0.008890,0.188823,-0.324233,0.298500,0.088716,0.232283,0.933215,0.050000
1782354270.168984,60,0.003139,0.001017,TRACKING,0.123384,0.008933,0.189019,-0.324011,0.298918,0.088872,0.232318,0.953857,0.050000
1782354270.188612,61,0.002507,0.001049,TRACKING,0.121898,0.008923,0.189120,-0.324037,0.300077,0.089186,0.234235,0.973129,0.050000
1782354270.209347,62,0.002787,0.001541,TRACKING,0.122297,0.008901,0.189072,-0.324097,0.295078,0.090270,0.230503,0.993926,0.050000
1782354270.229788,63,0.003142,0.001869,TRACKING,0.127104,0.008995,0.189021,-0.324151,0.322298,0.092732,0.250703,1.000000,0.050000
1782354270.249251,64,0.002510,0.000969,TRACKING,0.128520,0.009585,0.189022,-0.324399,0.343132,0.091404,0.266154,1.000000,0.050000
1782354270.269217,65,0.002391,0.001455,TRACKING,0.129104,0.009761,0.188918,-0.323826,0.345594,0.090932,0.271964,1.000000,0.050000
1782354270.289337,66,0.002422,0.001516,TRACKING,0.128914,0.009551,0.188941,-0.324383,0.345922,0.091044,0.271964,1.000000,0.050000
1782354270.310286,67,0.002925,0.002318,TRACKING,0.131084,0.009585,0.188827,-0.324331,0.344098,0.091209,0.271964,1.000000,0.050000
1782354270.330445,68,0.002700,0.002202,TRACKING,0.129981,0.009698,0.188672,-0.324187,0.342251,0.091549,0.270521,1.000000,0.050000
1782354270.351407,69,0.003599,0.002075,TRACKING,0.130351,0.009695,0.188595,-0.324265,0.339709,0.092304,0.266680,1.000000,0.050000
1782354270.370933,70,0.003000,0.002102,TRACKING,0.126684,0.009681,0.188486,-0.324262,0.317992,0.092321,0.249339,1.000000,0.050000
1782354270.391347,71,0.003326,0.002293,TRACKING,0.126016,0.009644,0.188542,-0.323946,0.307880,0.090051,0.239850,1.000000,0.050000
1782354270.411135,72,0.002916,0.002248,TRACKING,0.122788,0.009690,0.188517,-0.324053,0.294787,0.087961,0.232318,1.000000,0.050000
1782354270.432032,73,0.003364,0.002581,TRACKING,0.125306,0.009755,0.188711,-0.323594,0.303500,0.088897,0.239919,1.000000,0.050000
1782354270.452674,74,0.003325,0.003181,TRACKING,0.124985,0.009825,0.188866,-0.323336,0.302074,0.088788,0.236153,1.000000,0.050000
1782354270.472596,75,0.003157,0.003172,TRACKING,0.124244,0.009821,0.188902,-0.323448,0.300093,0.089004,0.234270,1.000000,0.050000
1782354270.492726,76,0.003175,0.003180,TRACKING,0.123862,0.009787,0.188861,-0.323529,0.290221,0.090497,0.229911,1.000000,0.050000
1782354270.512990,77,0.003344,0.003232,TRACKING,0.130970,0.009953,0.188891,-0.323726,0.336904,0.092230,0.262755,1.000000,0.050000
1782354270.532730,78,0.002753,0.003178,TRACKING,0.129876,0.010196,0.188756,-0.323470,0.340015,0.090057,0.266624,1.000000,0.050000
1782354270.553095,79,0.002618,0.004024,TRACKING,0.130391,0.010025,0.188719,-0.323682,0.345049,0.090512,0.270493,1.000000,0.050000
1782354270.573086,80,0.002521,0.004001,TRACKING,0.129881,0.009980,0.188680,-0.323749,0.342477,0.090339,0.268572,1.000000,0.050000
1782354270.593075,81,0.002423,0.003754,TRACKING,0.129868,0.009986,0.188691,-0.323634,0.340784,0.090668,0.270521,1.000000,0.050000
1782354270.614022,82,0.003251,0.003814,TRACKING,0.130814,0.009936,0.188705,-0.323779,0.340461,0.091463,0.268600,1.000000,0.050000
1782354270.632919,83,0.002060,0.003642,TRACKING,0.128719,0.009889,0.188719,-0.323820,0.333853,0.091955,0.262839,1.000000,0.050000
1782354270.653481,84,0.002535,0.003663,TRACKING,0.124561,0.009829,0.188836,-0.323670,0.293115,0.091191,0.231999,1.000000,0.050000
1782354270.674422,85,0.002923,0.004125,TRACKING,0.124727,0.009782,0.188940,-0.323482,0.301162,0.088120,0.236796,1.000000,0.050000
1782354270.694849,86,0.002899,0.004501,TRACKING,0.124351,0.009771,0.189257,-0.323472,0.298203,0.087915,0.233020,1.000000,0.050000
1782354270.715111,87,0.003069,0.004933,TRACKING,0.125661,0.009834,0.189476,-0.322899,0.300905,0.088314,0.236867,1.000000,0.050000
1782354270.735622,88,0.003125,0.004669,TRACKING,0.125464,0.009828,0.189757,-0.323007,0.300633,0.088374,0.234979,1.000000,0.050000
1782354270.757863,89,0.005272,0.004796,TRACKING,0.128086,0.009792,0.189840,-0.323026,0.296319,0.088973,0.231203,1.000000,0.050000
1782354270.776908,90,0.003644,0.005436,TRACKING,0.128195,0.009737,0.189902,-0.323001,0.308069,0.091124,0.243410,1.000000,0.050000
1782354270.797544,91,0.003731,0.006486,TRACKING,0.133257,0.009941,0.189978,-0.323511,0.340324,0.090887,0.266624,1.000000,0.050000
1782354270.816909,92,0.002971,0.006081,TRACKING,0.132337,0.010017,0.189840,-0.323068,0.341067,0.089734,0.268572,1.000000,0.050000
1782354270.836764,93,0.002706,0.005734,TRACKING,0.132366,0.009801,0.189961,-0.323499,0.343970,0.090153,0.272441,1.000000,0.050000
1782354270.857256,94,0.002456,0.006652,TRACKING,0.131472,0.009766,0.190036,-0.323508,0.341407,0.090097,0.270521,1.000000,0.050000
1782354270.877435,95,0.002526,0.006711,TRACKING,0.131244,0.009777,0.190031,-0.323425,0.339542,0.090457,0.268600,1.000000,0.050000
1782354270.897172,96,0.002168,0.006661,TRACKING,0.131102,0.009702,0.190069,-0.323598,0.338231,0.091360,0.266680,1.000000,0.050000
1782354270.917555,97,0.002461,0.006684,TRACKING,0.129811,0.009672,0.190007,-0.323506,0.322802,0.091587,0.255129,1.000000,0.050000
1782354270.938321,98,0.002706,0.007178,TRACKING,0.126670,0.009570,0.189981,-0.323360,0.301954,0.089899,0.233647,1.000000,0.050000
1782354270.959101,99,0.003009,0.007590,TRACKING,0.125342,0.009540,0.189934,-0.323481,0.292106,0.087137,0.230332,1.000000,0.050000
1782354270.979361,100,0.003177,0.007900,TRACKING,0.127167,0.009526,0.190207,-0.323330,0.300765,0.088044,0.236015,1.000000,0.050000
1782354270.999468,101,0.002792,0.007979,TRACKING,0.127031,0.009567,0.190492,-0.322966,0.299289,0.087950,0.236048,1.000000,0.050000
1782354271.019104,102,0.002341,0.007968,TRACKING,0.125838,0.009573,0.190629,-0.322988,0.297910,0.088091,0.232281,1.000000,0.050000
1782354271.040549,103,0.003173,0.008451,TRACKING,0.126578,0.009532,0.190638,-0.323009,0.287167,0.089336,0.228548,1.000000,0.050000
1782354271.060763,104,0.003252,0.008555,TRACKING,0.133020,0.009605,0.190670,-0.323177,0.331074,0.091582,0.260834,1.000000,0.050000
1782354271.080958,105,0.003323,0.008633,TRACKING,0.132756,0.009747,0.190511,-0.323313,0.338496,0.089457,0.264703,1.000000,0.050000
1782354271.100860,106,0.002592,0.009141,TRACKING,0.132845,0.009629,0.190381,-0.323386,0.343206,0.089742,0.270493,1.000000,0.050000
1782354271.121403,107,0.003002,0.009175,TRACKING,0.133414,0.009549,0.190369,-0.323538,0.341429,0.089660,0.270521,1.000000,0.050000
1782354271.141325,108,0.002803,0.009183,TRACKING,0.132929,0.009562,0.190394,-0.323468,0.339758,0.089947,0.268600,1.000000,0.050000
1782354271.160956,109,0.002316,0.009444,TRACKING,0.132885,0.009595,0.190401,-0.323472,0.339143,0.090636,0.268600,1.000000,0.050000
1782354271.182234,110,0.003246,0.009489,TRACKING,0.133248,0.009574,0.190342,-0.323532,0.334034,0.091201,0.264759,1.000000,0.050000
1782354271.201820,111,0.002736,0.009458,TRACKING,0.128852,0.009558,0.190154,-0.323468,0.300748,0.090720,0.239709,1.000000,0.050000
1782354271.221566,112,0.002393,0.009155,TRACKING,0.126807,0.009465,0.190022,-0.323230,0.301918,0.087890,0.235982,1.000000,0.050000
1782354271.242381,113,0.002756,0.009890,TRACKING,0.127161,0.009484,0.190118,-0.323352,0.293663,0.087057,0.230332,1.000000,0.050000
1782354271.263110,114,0.003354,0.010027,TRACKING,0.129020,0.009545,0.190316,-0.322729,0.298825,0.087685,0.236048,1.000000,0.050000
1782354271.282305,115,0.002497,0.009903,TRACKING,0.127888,0.009543,0.190650,-0.322795,0.298222,0.087686,0.234164,1.000000,0.050000
1782354271.302719,116,0.002464,0.010507,TRACKING,0.127098,0.009556,0.190826,-0.322771,0.294609,0.088125,0.232314,1.000000,0.050000
1782354271.322895,117,0.002560,0.010060,TRACKING,0.127949,0.009507,0.190749,-0.322870,0.300897,0.090115,0.237621,1.000000,0.050000
1782354271.344112,118,0.003309,0.009808,TRACKING,0.134612,0.009786,0.190646,-0.323157,0.338105,0.090508,0.267289,1.000000,0.050000
1782354271.363924,119,0.002503,0.010484,TRACKING,0.133746,0.009845,0.190527,-0.322934,0.338305,0.088973,0.267289,1.000000,0.050000
1782354271.384218,120,0.001946,0.011276,TRACKING,0.133609,0.009673,0.190584,-0.323332,0.342198,0.089482,0.269229,1.000000,0.050000
1782354271.404848,121,0.002437,0.011384,TRACKING,0.134119,0.009683,0.190614,-0.323289,0.339249,0.089319,0.267318,1.000000,0.050000
1782354271.425426,122,0.002889,0.011315,TRACKING,0.133550,0.009723,0.190589,-0.323237,0.337377,0.089673,0.265407,1.000000,0.050000
1782354271.445542,123,0.002914,0.011323,TRACKING,0.134029,0.009708,0.190570,-0.323259,0.336709,0.090586,0.267318,1.000000,0.050000
1782354271.465096,124,0.002368,0.011422,TRACKING,0.131565,0.009724,0.190422,-0.323275,0.324926,0.090902,0.255852,1.000000,0.050000
1782354271.484457,125,0.001582,0.011464,TRACKING,0.127039,0.009704,0.190360,-0.322924,0.293855,0.089542,0.232149,1.000000,0.050000
1782354271.505414,126,0.002417,0.011551,TRACKING,0.126086,0.009745,0.190278,-0.322755,0.291400,0.086545,0.228416,1.000000,0.050000
1782354271.526179,127,0.002741,0.012602,TRACKING,0.128700,0.009755,0.190540,-0.322602,0.297942,0.087264,0.234131,1.000000,0.050000
1782354271.546871,128,0.003335,0.012818,TRACKING,0.129964,0.009851,0.190862,-0.322118,0.296989,0.087258,0.234164,1.000000,0.050000
1782354271.566877,129,0.003249,0.011964,TRACKING,0.128953,0.009844,0.191199,-0.322198,0.296404,0.087394,0.232281,1.000000,0.050000
1782354271.586843,130,0.003127,0.012053,TRACKING,0.127927,0.009838,0.191299,-0.322191,0.288275,0.088432,0.226632,1.000000,0.050000
1782354271.606720,131,0.002915,0.012184,TRACKING,0.133597,0.009915,0.191245,-0.322237,0.322512,0.090864,0.253795,1.000000,0.050000
1782354271.626078,132,0.002200,0.011977,TRACKING,0.134219,0.010155,0.191001,-0.322465,0.336512,0.089040,0.265378,1.000000,0.050000
1782354271.647042,133,0.002648,0.012573,TRACKING,0.135210,0.010118,0.190931,-0.322375,0.340261,0.089001,0.267289,1.000000,0.050000
1782354271.667762,134,0.002931,0.013340,TRACKING,0.135828,0.009947,0.191059,-0.322823,0.339786,0.089067,0.269229,1.000000,0.050000
1782354271.687927,135,0.002969,0.013323,TRACKING,0.135944,0.009950,0.191140,-0.322775,0.338012,0.089268,0.265407,1.000000,0.050000
1782354271.708369,136,0.002912,0.013377,TRACKING,0.134889,0.009925,0.191121,-0.322813,0.336835,0.089800,0.265407,1.000000,0.050000
1782354271.728897,137,0.003349,0.013300,TRACKING,0.135205,0.009899,0.191051,-0.322772,0.333225,0.090482,0.263496,1.000000,0.050000
1782354271.748613,138,0.002654,0.013805,TRACKING,0.131832,0.009872,0.190917,-0.322658,0.306965,0.090296,0.242417,1.000000,0.050000
1782354271.768810,139,0.002725,0.013871,TRACKING,0.129614,0.009821,0.190855,-0.322260,0.302144,0.087852,0.237865,1.000000,0.050000
1782354271.789253,140,0.003027,0.013923,TRACKING,0.128489,0.009824,0.190858,-0.322376,0.290185,0.086348,0.228416,1.000000,0.050000
1782354271.809333,141,0.003018,0.014242,TRACKING,0.130349,0.009874,0.191086,-0.321797,0.297749,0.087194,0.236048,1.000000,0.050000
1782354271.829397,142,0.002612,0.014261,TRACKING,0.130012,0.009919,0.191506,-0.321729,0.296816,0.087145,0.234164,1.000000,0.050000
1782354271.849927,143,0.002812,0.014676,TRACKING,0.129743,0.009891,0.191834,-0.321756,0.293943,0.087444,0.232314,1.000000,0.050000
1782354271.869497,144,0.002292,0.014685,TRACKING,0.129668,0.009840,0.191912,-0.321853,0.292798,0.089196,0.230718,1.000000,0.050000
1782354271.889674,145,0.002341,0.014666,TRACKING,0.135599,0.010030,0.191692,-0.322122,0.335530,0.090299,0.261527,1.000000,0.050000
1782354271.910129,146,0.002656,0.014768,TRACKING,0.134685,0.010114,0.191448,-0.322020,0.336006,0.088386,0.263467,1.000000,0.050000
1782354271.930711,147,0.003072,0.014938,TRACKING,0.136210,0.009945,0.191475,-0.322436,0.340762,0.088942,0.267289,1.000000,0.050000
1782354271.950264,148,0.002467,0.015202,TRACKING,0.135454,0.009870,0.191533,-0.322620,0.337755,0.088743,0.265378,1.000000,0.050000
1782354271.971665,149,0.003394,0.015586,TRACKING,0.136320,0.009868,0.191553,-0.322567,0.336027,0.089114,0.263467,1.000000,0.050000
1782354271.991093,150,0.002721,0.015453,TRACKING,0.136196,0.009808,0.191577,-0.322630,0.335579,0.090017,0.265407,1.000000,0.050000
1782354272.012009,151,0.003233,0.015968,TRACKING,0.135768,0.009806,0.191465,-0.322554,0.326184,0.090402,0.255823,1.000000,0.050000
1782354272.031816,152,0.002578,0.016258,TRACKING,0.129365,0.009769,0.191334,-0.322264,0.286123,0.089327,0.226434,1.000000,0.050000
1782354272.052336,153,0.003003,0.016233,TRACKING,0.129882,0.009802,0.191213,-0.321896,0.292377,0.086258,0.230299,1.000000,0.050000
1782354272.072320,154,0.002898,0.016337,TRACKING,0.130643,0.009833,0.191401,-0.321852,0.295585,0.086677,0.232215,1.000000,0.050000
1782354272.092671,155,0.003161,0.016323,TRACKING,0.131777,0.009923,0.191698,-0.321188,0.295675,0.086802,0.232248,1.000000,0.050000
1782354272.113151,156,0.003299,0.016552,TRACKING,0.131463,0.009906,0.192134,-0.321371,0.295331,0.086904,0.232281,1.000000,0.050000
1782354272.132508,157,0.002564,0.016535,TRACKING,0.129355,0.009893,0.192340,-0.321297,0.288835,0.087753,0.226632,1.000000,0.050000
1782354272.154533,158,0.004137,0.017522,TRACKING,0.136956,0.009910,0.192327,-0.321339,0.314970,0.090178,0.248033,1.000000,0.050000
1782354272.174085,159,0.003224,0.017229,TRACKING,0.138114,0.010227,0.191937,-0.321804,0.335559,0.088876,0.265378,1.000000,0.050000
1782354272.194364,160,0.003421,0.017320,TRACKING,0.137460,0.010227,0.191711,-0.321505,0.338164,0.088471,0.265378,1.000000,0.050000
1782354272.214337,161,0.003259,0.017433,TRACKING,0.138215,0.009966,0.191784,-0.322159,0.339077,0.088687,0.267289,1.000000,0.050000
1782354272.234137,162,0.002640,0.017855,TRACKING,0.136751,0.009952,0.191895,-0.322251,0.337124,0.088796,0.263467,1.000000,0.050000
1782354272.253918,163,0.002339,0.017835,TRACKING,0.136870,0.009993,0.191899,-0.322172,0.335695,0.089246,0.263467,1.000000,0.050000
1782354272.274830,164,0.002421,0.018841,TRACKING,0.136661,0.009934,0.191828,-0.322260,0.333472,0.090042,0.261585,1.000000,0.050000
1782354272.294624,165,0.002138,0.018642,TRACKING,0.133439,0.009929,0.191628,-0.322101,0.313706,0.090065,0.246239,1.000000,0.050000
1782354272.315354,166,0.002726,0.018703,TRACKING,0.133288,0.009912,0.191635,-0.321485,0.300525,0.088024,0.239748,1.000000,0.050000
1782354272.335356,167,0.002592,0.018931,TRACKING,0.129818,0.009947,0.191518,-0.321595,0.287773,0.085795,0.224617,1.000000,0.050000
1782354272.355304,168,0.002402,0.018847,TRACKING,0.131690,0.009967,0.191758,-0.321234,0.296539,0.086725,0.234131,1.000000,0.050000
1782354272.375354,169,0.002249,0.019023,TRACKING,0.131371,0.010024,0.192195,-0.321042,0.295156,0.086643,0.232248,1.000000,0.050000
1782354272.395094,170,0.001907,0.019187,TRACKING,0.131245,0.010017,0.192500,-0.321079,0.293182,0.086842,0.232281,1.000000,0.050000
1782354272.416025,171,0.002756,0.018923,TRACKING,0.130567,0.010004,0.192571,-0.321106,0.284140,0.088353,0.223045,1.000000,0.050000
1782354272.435652,172,0.002263,0.019454,TRACKING,0.137901,0.010153,0.192297,-0.321303,0.331031,0.090203,0.259587,1.000000,0.050000
1782354272.456276,173,0.002355,0.019778,TRACKING,0.137758,0.010380,0.191902,-0.321305,0.334118,0.088018,0.261527,1.000000,0.050000
1782354272.475609,174,0.001615,0.019725,TRACKING,0.137016,0.010230,0.191820,-0.321538,0.339192,0.088498,0.267289,1.000000,0.050000
1782354272.496274,175,0.002200,0.019828,TRACKING,0.137617,0.010162,0.191880,-0.321893,0.336637,0.088318,0.263467,1.000000,0.050000
1782354272.516266,176,0.001806,0.019964,TRACKING,0.136933,0.010186,0.191917,-0.321811,0.335009,0.088667,0.263467,1.000000,0.050000
1782354272.537122,177,0.002572,0.020196,TRACKING,0.137413,0.010157,0.191967,-0.321877,0.334541,0.089463,0.263467,1.000000,0.050000
1782354272.557191,178,0.002519,0.020096,TRACKING,0.137364,0.010103,0.191832,-0.321899,0.327812,0.089948,0.257734,1.000000,0.050000
1782354272.577860,180,0.002528,0.000737,TRACKING,0.122316,0.010098,0.191740,-0.321585,0.287666,0.089213,0.227041,1.000000,0.050000
1782354272.598146,181,0.002672,0.000400,TRACKING,0.122265,0.010197,0.191643,-0.320952,0.295757,0.086279,0.232215,1.000000,0.050000
1782354272.621526,182,0.005611,0.001602,TRACKING,0.127678,0.010188,0.191791,-0.321066,0.292358,0.086051,0.230299,1.000000,0.050000
1782354272.638962,183,0.002866,0.001323,TRACKING,0.124295,0.010290,0.192061,-0.320340,0.295168,0.086461,0.232248,1.000000,0.050000
1782354272.660016,184,0.003462,0.001763,TRACKING,0.124876,0.010244,0.192545,-0.320538,0.294870,0.086521,0.232281,1.000000,0.050000
1782354272.679709,185,0.003049,0.002215,TRACKING,0.124203,0.010263,0.192836,-0.320372,0.290317,0.087101,0.230398,1.000000,0.050000
1782354272.700368,186,0.003243,0.001746,TRACKING,0.126449,0.010275,0.192903,-0.320567,0.303054,0.089294,0.238420,1.000000,0.050000
1782354272.720528,187,0.002954,0.002683,TRACKING,0.131296,0.010561,0.192612,-0.321115,0.334397,0.089007,0.263844,1.000000,0.050000
1782354272.740258,188,0.002358,0.003281,TRACKING,0.129475,0.010668,0.192256,-0.320722,0.335137,0.087905,0.263844,1.000000,0.050000
1782354272.760487,189,0.002444,0.002564,TRACKING,0.130098,0.010376,0.192172,-0.321478,0.337985,0.088324,0.267701,1.000000,0.050000
1782354272.781120,-1,0.002767,0.004651,TRACKING,0.130690,0.010323,0.192278,-0.321639,0.336390,0.088498,0.263874,1.000000,0.050000
1782354272.801401,-1,0.002777,0.004434,TRACKING,0.130374,0.010341,0.192324,-0.321595,0.334603,0.088875,0.263874,1.000000,0.050000
1782354272.821767,-1,0.002684,0.004531,TRACKING,0.130386,0.010307,0.192330,-0.321734,0.333984,0.089779,0.261960,1.000000,0.050000
1782354272.842080,-1,0.002909,0.004530,TRACKING,0.129336,0.010307,0.192125,-0.321722,0.322803,0.090068,0.254305,1.000000,0.050000
1782354272.862169,-1,0.002547,0.004491,TRACKING,0.125098,0.010324,0.192127,-0.321316,0.289778,0.088608,0.229029,1.000000,0.050000
1782354272.882219,-1,0.001807,0.005056,TRACKING,0.123371,0.010414,0.192006,-0.320673,0.290111,0.085644,0.229092,1.000000,0.050000
1782354272.902608,-1,0.002108,0.004900,TRACKING,0.124128,0.010407,0.192186,-0.320719,0.295027,0.086207,0.230998,1.000000,0.050000
1782354272.923362,-1,0.002779,0.004736,TRACKING,0.125548,0.010491,0.192626,-0.320200,0.293812,0.086165,0.231029,1.000000,0.050000
1782354272.943662,-1,0.002994,0.004623,TRACKING,0.125609,0.010494,0.193285,-0.320204,0.292859,0.086114,0.229155,1.000000,0.050000
1782354272.963562,-1,0.002562,0.004762,TRACKING,0.124723,0.010478,0.193769,-0.320196,0.286910,0.087101,0.227312,1.000000,0.050000
1782354272.983742,-1,0.002656,0.004663,TRACKING,0.129207,0.010579,0.193763,-0.320441,0.313091,0.089627,0.246472,1.000000,0.050000
1782354273.004011,-1,0.002161,0.005186,TRACKING,0.130783,0.010934,0.193295,-0.320852,0.333248,0.088341,0.261931,1.000000,0.050000
1782354273.024350,-1,0.002412,0.005072,TRACKING,0.130690,0.010929,0.192806,-0.320678,0.336180,0.087955,0.265758,1.000000,0.050000
1782354273.044334,-1,0.002312,0.004965,TRACKING,0.130437,0.010654,0.192709,-0.321583,0.336728,0.088021,0.265788,1.000000,0.050000
1782354273.064529,-1,0.002424,0.004863,TRACKING,0.130880,0.010672,0.192746,-0.321609,0.334637,0.088046,0.263874,1.000000,0.050000
1782354273.084447,-1,0.001706,0.005332,TRACKING,0.129676,0.010700,0.192756,-0.321456,0.333431,0.088436,0.261960,1.000000,0.050000
1782354273.106090,-1,0.003021,0.005436,TRACKING,0.131510,0.010653,0.192632,-0.321610,0.332658,0.089344,0.261960,1.000000,0.050000
1782354273.125550,-1,0.002397,0.005277,TRACKING,0.128117,0.010638,0.192404,-0.321432,0.316923,0.089591,0.246621,1.000000,0.050000
1782354273.145194,-1,0.001957,0.005361,TRACKING,0.125684,0.010641,0.192287,-0.320635,0.296344,0.087959,0.234715,1.000000,0.050000
1782354273.166009,-1,0.002452,0.005251,TRACKING,0.124280,0.010710,0.192058,-0.320256,0.287368,0.085308,0.227218,1.000000,0.050000
1782354273.186357,-1,0.002341,0.005761,TRACKING,0.125443,0.010659,0.192312,-0.320201,0.294081,0.085995,0.230998,1.000000,0.050000
1782354273.207721,-1,0.002852,0.006497,TRACKING,0.126280,0.010752,0.192858,-0.319860,0.292265,0.085807,0.229124,1.000000,0.050000
1782354273.227583,-1,0.002346,0.006263,TRACKING,0.125309,0.010701,0.193517,-0.319954,0.291884,0.085848,0.229155,1.000000,0.050000
1782354273.247605,-1,0.002275,0.006156,TRACKING,0.124037,0.010644,0.193863,-0.320068,0.285415,0.086962,0.223533,1.000000,0.050000
1782354273.268833,-1,0.003050,0.006518,TRACKING,0.132055,0.010681,0.193772,-0.320279,0.315794,0.089635,0.250329,1.000000,0.050000
1782354273.288908,-1,0.002817,0.006213,TRACKING,0.132437,0.011076,0.193128,-0.320546,0.333032,0.088184,0.259987,1.000000,0.050000
1782354273.308994,-1,0.002754,0.006138,TRACKING,0.131931,0.010990,0.192622,-0.320399,0.336241,0.087881,0.267701,1.000000,0.050000
1782354273.328549,-1,0.002217,0.006020,TRACKING,0.130602,0.010682,0.192604,-0.321433,0.335674,0.087742,0.263874,1.000000,0.050000
1782354273.348375,-1,0.001672,0.006149,TRACKING,0.130635,0.010709,0.192717,-0.321418,0.333504,0.087762,0.263874,1.000000,0.050000
1782354273.369566,-1,0.002399,0.006474,TRACKING,0.131832,0.010747,0.192772,-0.321316,0.332229,0.088171,0.263874,1.000000,0.050000
1782354273.390135,-1,0.002827,0.006330,TRACKING,0.131962,0.010665,0.192723,-0.321441,0.330400,0.089027,0.260047,1.000000,0.050000
1782354273.410839,-1,0.003026,0.006694,TRACKING,0.129052,0.010617,0.192468,-0.321060,0.308496,0.089120,0.242793,1.000000,0.050000
1782354273.430222,-1,0.002325,0.006625,TRACKING,0.127244,0.010579,0.192361,-0.320160,0.299048,0.087279,0.236620,1.000000,0.050000
1782354273.449880,-1,0.001904,0.006425,TRACKING,0.124031,0.010567,0.192255,-0.320254,0.286720,0.085172,0.225313,1.000000,0.050000
1782354273.469958,-1,0.001753,0.006422,TRACKING,0.124708,0.010585,0.192567,-0.319885,0.292816,0.085759,0.232903,1.000000,0.050000
1782354273.490021,-1,0.001688,0.006320,TRACKING,0.125528,0.010636,0.193212,-0.319831,0.291080,0.085501,0.231029,1.000000,0.050000
1782354273.510056,-1,0.001649,0.006121,TRACKING,0.125120,0.010575,0.193822,-0.319804,0.290684,0.085619,0.229155,1.000000,0.050000
1782354273.531111,-1,0.002628,0.005974,TRACKING,0.124651,0.010496,0.194131,-0.319927,0.283329,0.086918,0.223533,1.000000,0.050000
1782354273.551821,-1,0.003251,0.005884,TRACKING,0.131713,0.010605,0.194052,-0.320133,0.320168,0.089763,0.250329,1.000000,0.050000
1782354273.571999,-1,0.002912,0.006213,TRACKING,0.132215,0.010879,0.193493,-0.320492,0.332743,0.088008,0.261931,1.000000,0.050000
1782354273.592742,-1,0.003204,0.006470,TRACKING,0.132731,0.010778,0.193027,-0.320610,0.336152,0.087766,0.265758,1.000000,0.050000
1782354273.612701,-1,0.002720,0.006716,TRACKING,0.131792,0.010576,0.193123,-0.321355,0.334480,0.087437,0.261931,1.000000,0.050000
1782354273.632388,-1,0.001954,0.007298,TRACKING,0.131472,0.010619,0.193167,-0.321190,0.331874,0.087404,0.261931,1.000000,0.050000
1782354273.652429,-1,0.001593,0.007104,TRACKING,0.130366,0.010672,0.193255,-0.321144,0.330858,0.087944,0.260017,1.000000,0.050000
1782354273.673343,-1,0.002075,0.007380,TRACKING,0.131458,0.010633,0.193109,-0.321210,0.326737,0.088740,0.258133,1.000000,0.050000
1782354273.693127,-1,0.001521,0.007136,TRACKING,0.126291,0.010618,0.192770,-0.320586,0.293708,0.088660,0.231252,1.000000,0.050000
1782354273.713173,-1,0.001489,0.006980,TRACKING,0.125176,0.010615,0.192464,-0.319673,0.295944,0.086160,0.232840,1.000000,0.050000
1782354273.734655,-1,0.002648,0.007302,TRACKING,0.125532,0.010548,0.192471,-0.319959,0.287710,0.085184,0.227187,1.000000,0.050000
1782354273.754789,-1,0.002432,0.007193,TRACKING,0.125921,0.010597,0.192802,-0.319464,0.291221,0.085503,0.229092,1.000000,0.050000
1782354273.775119,-1,0.002603,0.006940,TRACKING,0.126254,0.010547,0.193525,-0.319610,0.289966,0.085222,0.227218,1.000000,0.050000
1782354273.795284,-1,0.002612,0.006905,TRACKING,0.126128,0.010531,0.194079,-0.319510,0.289575,0.085556,0.227250,1.000000,0.050000
1782354273.816322,-1,0.003089,0.007030,TRACKING,0.125095,0.010514,0.194172,-0.319628,0.280100,0.087110,0.219753,1.000000,0.050000
1782354273.837245,-1,0.003860,0.006812,TRACKING,0.133441,0.010683,0.193880,-0.319825,0.326609,0.089896,0.256130,1.000000,0.050000
1782354273.856653,-1,0.003112,0.006720,TRACKING,0.133703,0.010865,0.193304,-0.320135,0.332443,0.087784,0.261931,1.000000,0.050000
1782354273.876387,-1,0.002340,0.006953,TRACKING,0.131735,0.010706,0.192878,-0.320480,0.335664,0.087595,0.265758,1.000000,0.050000
1782354273.896453,-1,0.002321,0.006669,TRACKING,0.130939,0.010619,0.192982,-0.321065,0.333575,0.087216,0.261931,1.000000,0.050000
1782354273.916394,-1,0.002164,0.006475,TRACKING,0.130989,0.010651,0.193060,-0.321028,0.329987,0.087062,0.260017,1.000000,0.050000
1782354273.936351,-1,0.002049,0.006167,TRACKING,0.129990,0.010636,0.193062,-0.321003,0.328912,0.087759,0.260017,1.000000,0.050000
1782354273.956445,-1,0.002024,0.005999,TRACKING,0.129464,0.010605,0.192864,-0.320910,0.319687,0.088458,0.252392,1.000000,0.050000
1782354273.976202,-1,0.001706,0.005539,TRACKING,0.124452,0.010565,0.192537,-0.320253,0.286154,0.088250,0.225281,1.000000,0.050000
1782354273.996285,-1,0.001628,0.005286,TRACKING,0.123467,0.010572,0.192147,-0.319748,0.288428,0.085153,0.227187,1.000000,0.050000
1782354274.016394,-1,0.001295,0.005338,TRACKING,0.123050,0.010601,0.192341,-0.319704,0.288991,0.085257,0.227187,1.000000,0.050000
1782354274.037034,-1,0.001860,0.005301,TRACKING,0.124766,0.010644,0.192838,-0.319448,0.289388,0.085216,0.229092,1.000000,0.050000
1782354274.056942,-1,0.001525,0.005105,TRACKING,0.124089,0.010616,0.193544,-0.319510,0.288897,0.084983,0.227218,1.000000,0.050000
1782354274.077667,-1,0.002128,0.004757,TRACKING,0.124028,0.010600,0.193921,-0.319422,0.288313,0.085692,0.227250,1.000000,0.050000
1782354274.097738,-1,0.002108,0.004493,TRACKING,0.123944,0.010610,0.193993,-0.319582,0.285493,0.087670,0.225273,1.000000,0.050000
1782354274.118608,-1,0.002901,0.004190,TRACKING,0.133168,0.010829,0.193601,-0.319871,0.332494,0.089778,0.261901,1.000000,0.050000
1782354274.138020,-1,0.002235,0.004047,TRACKING,0.130715,0.010846,0.193197,-0.320092,0.332577,0.087558,0.263844,1.000000,0.050000
1782354274.157967,-1,0.001722,0.004310,TRACKING,0.130081,0.010607,0.192995,-0.320827,0.334557,0.087300,0.265758,1.000000,0.050000
1782354274.178944,-1,0.002206,0.004911,TRACKING,0.130582,0.010638,0.193103,-0.320969,0.332420,0.086983,0.261931,1.000000,0.050000
1782354274.199379,-1,0.002391,0.004377,TRACKING,0.129268,0.010704,0.193174,-0.320849,0.328205,0.086810,0.258103,1.000000,0.050000
1782354274.219567,-1,0.002447,0.004015,TRACKING,0.129547,0.010633,0.193194,-0.320973,0.326200,0.087612,0.256189,1.000000,0.050000
1782354274.240595,-1,0.003006,0.004323,TRACKING,0.128450,0.010619,0.192921,-0.320570,0.306342,0.088176,0.242793,1.000000,0.050000
1782354274.261203,-1,0.003487,0.003587,TRACKING,0.126002,0.010644,0.192617,-0.319569,0.296012,0.087185,0.232840,1.000000,0.050000
1782354274.281085,-1,0.003218,0.003288,TRACKING,0.123358,0.010598,0.192508,-0.319709,0.285086,0.084836,0.225281,1.000000,0.050000
1782354274.301021,-1,0.003012,0.002913,TRACKING,0.124152,0.010701,0.192792,-0.319357,0.289011,0.085249,0.227187,1.000000,0.050000
1782354274.320302,-1,0.002139,0.002724,TRACKING,0.123592,0.010688,0.193379,-0.319470,0.287976,0.084954,0.227218,1.000000,0.050000
1782354274.340225,-1,0.001628,0.002927,TRACKING,0.123122,0.010695,0.193797,-0.319397,0.287978,0.084953,0.227218,1.000000,0.050000
1782354274.360228,-1,0.001553,0.002433,TRACKING,0.122267,0.010662,0.193911,-0.319447,0.285983,0.086053,0.225344,1.000000,0.050000
1782354274.380119,-1,0.001366,0.002185,TRACKING,0.125130,0.010724,0.193835,-0.319611,0.301544,0.088744,0.236844,1.000000,0.050000
1782354274.400972,-1,0.001642,0.002261,TRACKING,0.130047,0.011041,0.193505,-0.319985,0.334586,0.089088,0.265758,1.000000,0.050000
1782354274.421036,-1,0.001628,0.001940,TRACKING,0.128923,0.010931,0.193194,-0.320065,0.333310,0.087395,0.263815,1.000000,0.050000
1782354274.441859,-1,0.002373,0.001719,TRACKING,0.129528,0.010713,0.193228,-0.320869,0.333060,0.086960,0.263844,1.000000,0.050000
1782354274.462493,-1,0.002879,0.001491,TRACKING,0.129105,0.010757,0.193381,-0.320793,0.330220,0.086673,0.260017,1.000000,0.050000
1782354274.482612,-1,0.002877,0.001245,TRACKING,0.128788,0.010774,0.193457,-0.320758,0.326992,0.086826,0.260017,1.000000,0.050000
1782354274.501657,-1,0.001477,0.001292,TRACKING,0.126837,0.010717,0.193294,-0.320731,0.321265,0.087619,0.254305,1.000000,0.050000
1782354274.522376,-1,0.002121,0.001085,TRACKING,0.121945,0.010641,0.192920,-0.319965,0.283894,0.088083,0.221624,1.000000,0.050000
1782354274.542862,-1,0.002528,0.000889,TRACKING,0.123005,0.010640,0.192517,-0.319369,0.290779,0.085509,0.230935,1.000000,0.050000
1782354274.562599,-1,0.002139,0.000786,TRACKING,0.120982,0.010599,0.192591,-0.319571,0.285814,0.084934,0.223376,1.000000,0.050000
1782354274.583510,-1,0.002503,0.000966,TRACKING,0.122464,0.010706,0.193025,-0.319274,0.287821,0.085097,0.227187,1.000000,0.050000
1782354274.604023,-1,0.002314,0.001353,TRACKING,0.122044,0.010639,0.193574,-0.319470,0.286789,0.084755,0.225313,1.000000,0.050000
1782354274.625010,-1,0.003147,0.001071,TRACKING,0.123307,0.010627,0.193868,-0.319366,0.287517,0.085229,0.227218,1.000000,0.050000
1782354274.644497,-1,0.002539,0.000783,TRACKING,0.122009,0.010610,0.193867,-0.319460,0.282008,0.086710,0.221596,1.000000,0.050000
1782354274.664849,-1,0.002333,0.000968,TRACKING,0.127783,0.010710,0.193687,-0.319750,0.319420,0.089814,0.252243,1.000000,0.050000
1782354274.684875,-1,0.002264,0.000648,TRACKING,0.128340,0.010993,0.193510,-0.320206,0.333206,0.088238,0.261901,1.000000,0.050000
1782354274.706186,-1,0.003484,0.000369,TRACKING,0.130365,0.010814,0.193302,-0.320460,0.333477,0.087216,0.263815,1.000000,0.050000
1782354274.725195,-1,0.002402,0.020462,TRACKING,0.138060,0.010685,0.193495,-0.321087,0.331822,0.086706,0.261931,1.000000,0.050000
1782354274.745230,-1,0.001868,0.000333,TRACKING,0.126811,0.010751,0.193607,-0.320994,0.327593,0.086384,0.258073,1.000000,0.050000
1782354274.766445,-1,0.002995,0.020434,TRACKING,0.137548,0.010751,0.193589,-0.320931,0.324973,0.086921,0.256189,1.000000,0.050000
1782354274.786727,-1,0.003190,0.020137,TRACKING,0.136178,0.010656,0.193313,-0.320657,0.309852,0.087673,0.244707,1.000000,0.050000
1782354274.806826,-1,0.002689,0.000185,TRACKING,0.123655,0.010536,0.192957,-0.319773,0.292224,0.087506,0.230935,1.000000,0.050000
1782354274.828243,-1,0.003642,0.021014,TRACKING,0.132277,0.010528,0.192761,-0.319884,0.285003,0.084818,0.223376,1.000000,0.050000
1782354274.848188,-1,0.003488,0.041077,TRACKING,0.142215,0.010641,0.192990,-0.319608,0.286537,0.085060,0.225281,1.000000,0.050000
1782354274.868152,-1,0.003249,0.061034,TRACKING,0.151860,0.010690,0.193501,-0.319659,0.286226,0.084843,0.225281,1.000000,0.050000
1782354274.888306,-1,0.003309,0.081133,TRACKING,0.161554,0.010697,0.193731,-0.319589,0.286071,0.084700,0.225313,1.000000,0.050000
1782354274.908661,-1,0.003568,0.101295,TRACKING,0.170497,0.010723,0.193696,-0.319445,0.286767,0.085675,0.225344,1.000000,0.050000
1782354274.928177,-1,0.002984,0.121593,TRACKING,0.170198,0.010713,0.193665,-0.319537,0.285789,0.087726,0.223359,1.000000,0.050000
1782354274.948333,-1,0.003051,0.141665,TRACKING,0.177561,0.010914,0.193388,-0.319879,0.332425,0.089982,0.261901,1.000000,0.050000
1782354274.968455,-1,0.002720,0.161784,TRACKING,0.176153,0.010902,0.193171,-0.320125,0.332177,0.087544,0.263844,1.000000,0.050000
1782354274.989018,-1,0.002825,0.182576,TRACKING,0.175902,0.010725,0.193199,-0.320723,0.332409,0.086854,0.261901,1.000000,0.050000
1782354275.009960,-1,0.003303,0.202831,RECOVERY,0.176183,0.010739,0.193368,-0.320840,0.329892,0.086400,0.259987,1.000000,0.050000
1782354275.030119,-1,0.003370,0.223163,RECOVERY,0.166175,0.010767,0.193309,-0.320712,0.264282,0.078456,0.207960,1.000000,0.050000
1782354275.048914,-1,0.001669,0.243320,RECOVERY,0.164027,0.010764,0.192972,-0.319632,0.263682,0.078530,0.206046,1.000000,0.050000
1782354275.070447,-1,0.002833,0.263674,RECOVERY,0.165004,0.010777,0.192566,-0.319328,0.260597,0.078626,0.204133,1.000000,0.050000
1782354275.090613,-1,0.002868,0.284160,RECOVERY,0.164631,0.010798,0.192333,-0.319292,0.256095,0.078337,0.202189,1.000000,0.050000
1782354275.111857,-1,0.003288,0.305022,RECOVERY,0.165117,0.010868,0.192301,-0.319150,0.256129,0.078233,0.202189,1.000000,0.050000
1782354275.132149,-1,0.003053,0.325188,RECOVERY,0.164299,0.010858,0.192407,-0.319202,0.256367,0.078219,0.202189,1.000000,0.050000
1782354275.152439,-1,0.003256,0.345270,RECOVERY,0.164494,0.010854,0.192488,-0.319212,0.256565,0.078164,0.202189,1.000000,0.050000
1782354275.172561,-1,0.003290,0.365575,RECOVERY,0.164604,0.010883,0.192479,-0.319185,0.256877,0.078176,0.202189,1.000000,0.050000
1782354275.192044,-1,0.002319,0.385817,RECOVERY,0.163089,0.010891,0.192540,-0.319184,0.257882,0.078277,0.202189,1.000000,0.050000
1782354275.212908,-1,0.003094,0.405931,RECOVERY,0.164423,0.010878,0.192586,-0.319174,0.260855,0.078478,0.202159,1.000000,0.050000
1782354275.232316,-1,0.002412,0.426009,RECOVERY,0.164978,0.010869,0.192644,-0.319166,0.263104,0.078438,0.207960,1.000000,0.050000
1782354275.252931,-1,0.002935,0.446073,RECOVERY,0.165251,0.010814,0.192742,-0.319212,0.262742,0.078239,0.207960,1.000000,0.050000
1782354275.272886,-1,0.002355,0.466608,RECOVERY,0.164230,0.010792,0.192861,-0.319185,0.262495,0.078165,0.207960,1.000000,0.050000
1782354275.293626,-1,0.003006,0.486707,RECOVERY,0.164953,0.010774,0.192909,-0.319178,0.262066,0.078123,0.206046,1.000000,0.050000
1782354275.313098,-1,0.002390,0.506782,RECOVERY,0.164486,0.010750,0.192965,-0.319179,0.261688,0.078130,0.206046,1.000000,0.050000
1782354275.333425,-1,0.002630,0.526871,RECOVERY,0.164911,0.010741,0.192998,-0.319096,0.261047,0.078191,0.206046,1.000000,0.050000
1782354275.353507,-1,0.002626,0.547258,RECOVERY,0.163998,0.010699,0.193014,-0.319108,0.258483,0.078198,0.204103,1.000000,0.050000
1782354275.373898,-1,0.002933,0.567339,RECOVERY,0.164663,0.010670,0.193024,-0.319148,0.256595,0.077992,0.202189,1.000000,0.050000
1782354275.393874,-1,0.002456,0.587491,RECOVERY,0.163879,0.010677,0.193006,-0.319074,0.256760,0.077967,0.202189,1.000000,0.050000
1782354275.415000,-1,0.002880,0.608198,RECOVERY,0.164566,0.010673,0.192993,-0.319074,0.256924,0.077945,0.202189,1.000000,0.050000
1782354275.434433,-1,0.002226,0.628279,RECOVERY,0.162960,0.010678,0.192917,-0.318992,0.257031,0.077912,0.202189,1.000000,0.050000
1782354275.455437,-1,0.003143,0.648360,RECOVERY,0.164468,0.010673,0.192938,-0.319055,0.257281,0.077930,0.202189,1.000000,0.050000
1782354275.474672,-1,0.002293,0.668458,RECOVERY,0.163655,0.010701,0.192891,-0.319055,0.258000,0.077988,0.202189,1.000000,0.050000
1782354275.495034,-1,0.002204,0.688915,RECOVERY,0.163511,0.010723,0.192833,-0.319039,0.259735,0.078078,0.204103,1.000000,0.050000
1782354275.515400,-1,0.002482,0.709001,RECOVERY,0.163661,0.010744,0.192812,-0.318991,0.260198,0.077987,0.204103,1.000000,0.050000
1782354275.536129,-1,0.002771,0.729424,RECOVERY,0.164132,0.010761,0.192770,-0.319002,0.259960,0.077909,0.204103,1.000000,0.050000
1782354275.556391,-1,0.002762,0.749715,RECOVERY,0.164691,0.010777,0.192710,-0.318973,0.259707,0.077868,0.204103,1.000000,0.050000
1782354275.577011,-1,0.002974,0.770109,RECOVERY,0.164056,0.010769,0.192702,-0.318983,0.259391,0.077844,0.202189,1.000000,0.050000
1782354275.596857,-1,0.002731,0.790549,RECOVERY,0.163654,0.010768,0.192680,-0.318958,0.259144,0.077843,0.202189,1.000000,0.050000
1782354275.616943,-1,0.002342,0.810676,RECOVERY,0.163087,0.010752,0.192697,-0.318963,0.258654,0.077854,0.202189,1.000000,0.050000
1782354275.637578,-1,0.002884,0.831133,RECOVERY,0.163909,0.010741,0.192696,-0.318969,0.257554,0.077818,0.202189,1.000000,0.050000
1782354275.657508,-1,0.002729,0.850849,RECOVERY,0.163957,0.010750,0.192696,-0.318999,0.257245,0.077748,0.202189,1.000000,0.050000
1782354275.677099,-1,0.002194,0.871234,RECOVERY,0.163343,0.010758,0.192703,-0.319006,0.257315,0.077730,0.202189,1.000000,0.050000
1782354275.698261,-1,0.002851,0.891453,RECOVERY,0.164183,0.010738,0.192707,-0.319048,0.257386,0.077714,0.202189,1.000000,0.050000
1782354275.717833,-1,0.002292,0.911598,RECOVERY,0.163809,0.010744,0.192707,-0.319026,0.257434,0.077695,0.202189,1.000000,0.050000
1782354275.738533,-1,0.002835,0.932182,RECOVERY,0.164813,0.010731,0.192726,-0.318942,0.257491,0.077685,0.202189,1.000000,0.050000
1782354275.758347,-1,0.002398,0.952047,RECOVERY,0.163466,0.010725,0.192760,-0.318906,0.257569,0.077675,0.202189,1.000000,0.050000
1782354275.778318,-1,0.002292,0.972093,RECOVERY,0.163398,0.010724,0.192781,-0.318901,0.257518,0.077652,0.202189,1.000000,0.050000
1782354275.798176,-1,0.002074,0.992202,RECOVERY,0.163703,0.010706,0.192814,-0.318921,0.257508,0.077649,0.204103,1.000000,0.050000
1782354275.818410,-1,0.002232,1.012213,RECOVERY,0.163749,0.010709,0.192841,-0.318944,0.257505,0.077648,0.202189,1.000000,0.050000
1782354275.838967,-1,0.002296,1.032743,RECOVERY,0.163397,0.010702,0.192792,-0.318926,0.257508,0.077649,0.202189,1.000000,0.050000
1782354275.858731,-1,0.001945,1.052838,RECOVERY,0.163405,0.010703,0.192741,-0.318949,0.257512,0.077647,0.202189,1.000000,0.050000
1782354275.879352,-1,0.002491,1.072887,RECOVERY,0.164122,0.010710,0.192743,-0.319005,0.257508,0.077649,0.202189,1.000000,0.050000
1782354275.899278,-1,0.002284,1.093445,RECOVERY,0.163760,0.010719,0.192714,-0.318971,0.257505,0.077647,0.202189,1.000000,0.050000
1782354275.920036,-1,0.002429,1.113740,SAFE_STAND,0.164136,0.010702,0.192679,-0.318960,0.257505,0.077647,0.202189,1.000000,0.050000
1782354275.941392,-1,0.002925,1.134567,SAFE_STAND,0.163434,0.010711,0.192667,-0.318955,0.257508,0.077646,0.202189,1.000000,0.050000
1782354275.961391,-1,0.002801,1.154712,SAFE_STAND,0.163802,0.010725,0.192658,-0.318901,0.257508,0.077644,0.202189,1.000000,0.050000
1782354275.981049,-1,0.002371,1.174770,SAFE_STAND,0.163611,0.010747,0.192619,-0.318875,0.257508,0.077646,0.202189,1.000000,0.050000
1782354276.001351,-1,0.002220,1.195206,SAFE_STAND,0.163249,0.010770,0.192594,-0.318824,0.257512,0.077646,0.204103,1.000000,0.050000
1782354276.022422,-1,0.003204,1.215315,SAFE_STAND,0.164321,0.010806,0.192569,-0.318792,0.257501,0.077644,0.202189,1.000000,0.050000
1782354276.042713,-1,0.003043,1.235945,SAFE_STAND,0.164129,0.010764,0.192543,-0.318796,0.257501,0.077644,0.202189,1.000000,0.050000
1782354276.062684,-1,0.002675,1.256103,SAFE_STAND,0.163533,0.010759,0.192540,-0.318816,0.257512,0.077646,0.202189,1.000000,0.050000
1782354276.083006,-1,0.002570,1.276459,SAFE_STAND,0.163647,0.010732,0.192527,-0.318850,0.257508,0.077646,0.202189,1.000000,0.050000
1782354276.103596,-1,0.002905,1.296793,SAFE_STAND,0.163873,0.010728,0.192554,-0.318845,0.257505,0.077643,0.202189,1.000000,0.050000
1782354276.123457,-1,0.002311,1.317211,SAFE_STAND,0.163594,0.010716,0.192538,-0.318828,0.257508,0.077643,0.202189,1.000000,0.050000
1782354276.143945,-1,0.002350,1.337623,SAFE_STAND,0.163022,0.010717,0.192549,-0.318808,0.257508,0.077643,0.202189,1.000000,0.050000
1782354276.164812,-1,0.003082,1.357826,SAFE_STAND,0.164286,0.010719,0.192580,-0.318797,0.257508,0.077643,0.202189,1.000000,0.050000
1782354276.185205,-1,0.003351,1.378005,SAFE_STAND,0.164861,0.010715,0.192618,-0.318806,0.257508,0.077644,0.204103,1.000000,0.050000
1782354276.204991,-1,0.003002,1.398152,SAFE_STAND,0.164087,0.010723,0.192677,-0.318805,0.257508,0.077644,0.202189,1.000000,0.050000
1782354276.224979,-1,0.002630,1.418446,SAFE_STAND,0.163394,0.010732,0.192698,-0.318796,0.257505,0.077642,0.202189,1.000000,0.050000
1782354276.245760,-1,0.002389,1.439423,SAFE_STAND,0.163034,0.010751,0.192645,-0.318731,0.257512,0.077643,0.202189,1.000000,0.050000
1782354276.267224,-1,0.003728,1.459549,SAFE_STAND,0.165449,0.010761,0.192636,-0.318711,0.257508,0.077643,0.200246,1.000000,0.050000
1782354276.287379,-1,0.003751,1.479714,SAFE_STAND,0.165161,0.010749,0.192643,-0.318669,0.257508,0.077643,0.202189,1.000000,0.050000
1782354276.306992,-1,0.002860,1.500216,SAFE_STAND,0.164383,0.010763,0.192630,-0.318638,0.257508,0.077643,0.202189,1.000000,0.050000
1782354276.326413,-1,0.002190,1.520260,SAFE_STAND,0.162812,0.010773,0.192593,-0.318610,0.257505,0.077643,0.202189,1.000000,0.050000
1782354276.346518,-1,0.002208,1.540341,SAFE_STAND,0.163321,0.010760,0.192620,-0.318647,0.257508,0.077642,0.204103,1.000000,0.050000
1782354276.367441,-1,0.003044,1.560426,SAFE_STAND,0.163809,0.010742,0.192603,-0.318692,0.257508,0.077642,0.200246,1.000000,0.050000
1782354276.386746,-1,0.002199,1.580954,SAFE_STAND,0.163327,0.010729,0.192555,-0.318662,0.257505,0.077641,0.202189,1.000000,0.050000
1782354276.407092,-1,0.002103,1.601015,SAFE_STAND,0.162709,0.010721,0.192486,-0.318668,0.257501,0.077639,0.202189,1.000000,0.050000
1782354276.428255,-1,0.003116,1.621237,SAFE_STAND,0.164193,0.010708,0.192510,-0.318661,0.257508,0.077642,0.202189,1.000000,0.050000
1782354276.447323,-1,0.001730,1.641620,SAFE_STAND,0.162604,0.010664,0.192514,-0.318628,0.257512,0.077643,0.202189,1.000000,0.050000
1782354276.468318,-1,0.002396,1.661943,SAFE_STAND,0.163911,0.010654,0.192491,-0.318648,0.257508,0.077641,0.204103,1.000000,0.050000
1782354276.489055,-1,0.002396,1.682761,SAFE_STAND,0.162984,0.010632,0.192456,-0.318626,0.257508,0.077642,0.202189,1.000000,0.050000
1782354276.509881,-1,0.003099,1.703251,SAFE_STAND,0.164081,0.010618,0.192450,-0.318670,0.257505,0.077642,0.202189,1.000000,0.050000
1782354276.530025,-1,0.003062,1.723415,SAFE_STAND,0.164650,0.010642,0.192460,-0.318709,0.257505,0.077640,0.202189,1.000000,0.050000
1782354276.549821,-1,0.002315,1.743564,SAFE_STAND,0.163217,0.010662,0.192455,-0.318633,0.257505,0.077641,0.202189,1.000000,0.050000
1782354276.570115,-1,0.002478,1.763633,SAFE_STAND,0.163933,0.010671,0.192433,-0.318613,0.257505,0.077640,0.202189,1.000000,0.050000
1782354276.590414,-1,0.002290,1.784174,SAFE_STAND,0.162814,0.010687,0.192458,-0.318652,0.257508,0.077643,0.202189,1.000000,0.050000
1782354276.610976,-1,0.002742,1.804265,SAFE_STAND,0.164153,0.010707,0.192453,-0.318634,0.257516,0.077640,0.202189,1.000000,0.050000
1782354276.631368,-1,0.003042,1.824358,SAFE_STAND,0.164181,0.010735,0.192466,-0.318602,0.257508,0.077640,0.202189,1.000000,0.050000
1782354276.650515,-1,0.002100,1.844439,SAFE_STAND,0.162583,0.010753,0.192440,-0.318613,0.257505,0.077638,0.202189,1.000000,0.050000
1782354276.670611,-1,0.002111,1.864525,SAFE_STAND,0.162661,0.010755,0.192465,-0.318588,0.257508,0.077640,0.202189,1.000000,0.050000
1782354276.691208,-1,0.002621,1.884864,SAFE_STAND,0.163445,0.010747,0.192469,-0.318606,0.257508,0.077641,0.202189,1.000000,0.050000
1782354276.711558,-1,0.002735,1.904852,SAFE_STAND,0.164173,0.010765,0.192491,-0.318602,0.257512,0.077641,0.202189,1.000000,0.050000
1782354276.732385,-1,0.003103,1.925325,SAFE_STAND,0.164180,0.010753,0.192469,-0.318601,0.257512,0.077641,0.202189,1.000000,0.050000
1782354276.751962,-1,0.002210,1.945783,SAFE_STAND,0.162797,0.010766,0.192482,-0.318600,0.257508,0.077641,0.202189,1.000000,0.050000
1782354276.771819,-1,0.001982,1.965863,SAFE_STAND,0.162606,0.010766,0.192502,-0.318539,0.257508,0.077640,0.202189,1.000000,0.050000
1782354276.792321,-1,0.002400,1.985951,SAFE_STAND,0.163310,0.010730,0.192488,-0.318520,0.257505,0.077639,0.200246,1.000000,0.050000
1782354276.812369,-1,0.002362,2.006072,SAFE_STAND,0.163594,0.010716,0.192460,-0.318502,0.257508,0.077640,0.202189,1.000000,0.050000
1782354276.833026,-1,0.002548,2.026524,SAFE_STAND,0.163943,0.010720,0.192428,-0.318518,0.257508,0.077641,0.202189,1.000000,0.050000
1782354276.852634,-1,0.002069,2.046603,SAFE_STAND,0.162932,0.010704,0.192437,-0.318587,0.257508,0.077640,0.202189,1.000000,0.050000
1782354276.872952,-1,0.002313,2.066615,SAFE_STAND,0.162958,0.010705,0.192463,-0.318623,0.257508,0.077641,0.202189,1.000000,0.050000
1782354276.894111,-1,0.002767,2.087381,SAFE_STAND,0.164256,0.010710,0.192467,-0.318647,0.257508,0.077641,0.202189,1.000000,0.050000
1782354276.913877,-1,0.002446,2.107459,SAFE_STAND,0.163675,0.010710,0.192479,-0.318667,0.257508,0.077640,0.202189,1.000000,0.050000
1782354276.933335,-1,0.001809,2.127545,SAFE_STAND,0.162719,0.010710,0.192469,-0.318697,0.257508,0.077641,0.202189,1.000000,0.050000
1782354276.953689,-1,0.002078,2.147823,SAFE_STAND,0.163375,0.010733,0.192442,-0.318704,0.257505,0.077640,0.202189,1.000000,0.050000
1782354276.973910,-1,0.001868,2.168028,SAFE_STAND,0.163026,0.010733,0.192404,-0.318714,0.257508,0.077639,0.202189,1.000000,0.050000
1782354276.995296,-1,0.002802,2.188590,SAFE_STAND,0.164306,0.010743,0.192470,-0.318726,0.257505,0.077640,0.204103,1.000000,0.050000
1782354277.014591,-1,0.001799,2.208879,SAFE_STAND,0.163021,0.010707,0.192493,-0.318758,0.257516,0.077642,0.202189,1.000000,0.050000
1782354277.034523,-1,0.001604,2.228986,SAFE_STAND,0.162681,0.010712,0.192531,-0.318769,0.257505,0.077638,0.202189,1.000000,0.050000
1782354277.056008,-1,0.002576,2.249834,SAFE_STAND,0.163611,0.010676,0.192519,-0.318803,0.257508,0.077640,0.202189,1.000000,0.050000
1782354277.075410,-1,0.001726,2.269749,SAFE_STAND,0.162994,0.010658,0.192509,-0.318839,0.257508,0.077641,0.202189,1.000000,0.050000
1782354277.096104,-1,0.002075,2.290071,SAFE_STAND,0.162741,0.010654,0.192540,-0.318867,0.257508,0.077640,0.202189,1.000000,0.050000
1782354277.116200,-1,0.002090,2.310467,SAFE_STAND,0.163512,0.010645,0.192539,-0.318862,0.257505,0.077638,0.202189,1.000000,0.050000
1782354277.135971,-1,0.001654,2.330332,SAFE_STAND,0.162852,0.010660,0.192531,-0.318866,0.257505,0.077639,0.202189,1.000000,0.050000
1782354277.156672,-1,0.001988,2.350684,SAFE_STAND,0.162804,0.010664,0.192534,-0.318871,0.257512,0.077639,0.202189,1.000000,0.050000
1782354277.176974,-1,0.002214,2.370752,SAFE_STAND,0.163121,0.010653,0.192542,-0.318828,0.257512,0.077640,0.200246,1.000000,0.050000
1782354277.197267,-1,0.002123,2.391176,SAFE_STAND,0.162950,0.010683,0.192508,-0.318779,0.257508,0.077641,0.202189,1.000000,0.050000
1782354277.216752,-1,0.001526,2.411213,SAFE_STAND,0.162512,0.010665,0.192487,-0.318777,0.257508,0.077641,0.202189,1.000000,0.050000
1782354277.238322,-1,0.002740,2.431595,SAFE_STAND,0.163952,0.010673,0.192493,-0.318718,0.257505,0.077641,0.202189,1.000000,0.050000
1782354277.258304,-1,0.002647,2.452049,SAFE_STAND,0.163699,0.010705,0.192441,-0.318670,0.257512,0.077643,0.202189,1.000000,0.050000
1782354277.278411,-1,0.002402,2.472083,SAFE_STAND,0.163358,0.010721,0.192414,-0.318648,0.257508,0.077640,0.202189,1.000000,0.050000
1782354277.298149,-1,0.002060,2.492179,SAFE_STAND,0.163314,0.010698,0.192388,-0.318678,0.257508,0.077641,0.202189,1.000000,0.050000
1782354277.318819,-1,0.002651,2.512237,SAFE_STAND,0.163868,0.010681,0.192398,-0.318668,0.257508,0.077641,0.202189,1.000000,0.050000
1782354277.337603,-1,0.001357,2.532336,SAFE_STAND,0.162372,0.010669,0.192409,-0.318697,0.257508,0.077638,0.202189,1.000000,0.050000
1782354277.359220,-1,0.002898,2.552900,SAFE_STAND,0.164208,0.010677,0.192411,-0.318677,0.257508,0.077640,0.202189,1.000000,0.050000
1782354277.379117,-1,0.002309,2.572878,SAFE_STAND,0.163307,0.010689,0.192443,-0.318627,0.257508,0.077639,0.202189,1.000000,0.050000
1782354277.399242,-1,0.002313,2.592960,SAFE_STAND,0.163776,0.010690,0.192455,-0.318629,0.257508,0.077639,0.202189,1.000000,0.050000
1782354277.419862,-1,0.002803,2.613323,SAFE_STAND,0.163956,0.010690,0.192481,-0.318589,0.257505,0.077637,0.202189,1.000000,0.050000
1782354277.440072,-1,0.002879,2.633698,SAFE_STAND,0.164010,0.010661,0.192470,-0.318601,0.257508,0.077640,0.202189,1.000000,0.050000
1782354277.459907,-1,0.002456,2.653552,SAFE_STAND,0.164188,0.010676,0.192511,-0.318575,0.257505,0.077639,0.202189,1.000000,0.050000
1782354277.480446,-1,0.002851,2.673688,SAFE_STAND,0.164200,0.010669,0.192543,-0.318576,0.257508,0.077640,0.202189,1.000000,0.050000
1782354277.500485,-1,0.002763,2.693809,SAFE_STAND,0.164204,0.010649,0.192588,-0.318622,0.257508,0.077639,0.202189,1.000000,0.050000
1782354277.519854,-1,0.002012,2.714258,SAFE_STAND,0.163431,0.010641,0.192628,-0.318632,0.257508,0.077639,0.202189,1.000000,0.050000
1782354277.540696,-1,0.002352,2.734492,SAFE_STAND,0.163877,0.010627,0.192654,-0.318601,0.257508,0.077639,0.202189,1.000000,0.050000
1782354277.560587,-1,0.002119,2.754566,SAFE_STAND,0.163647,0.010636,0.192643,-0.318665,0.257508,0.077640,0.202189,1.000000,0.050000
1782354277.580727,-1,0.002138,2.774704,SAFE_STAND,0.163504,0.010658,0.192636,-0.318620,0.257501,0.077639,0.202189,1.000000,0.050000
1782354277.600483,-1,0.001767,2.794979,SAFE_STAND,0.163173,0.010672,0.192640,-0.318603,0.257512,0.077639,0.202189,1.000000,0.050000
1782354277.620636,-1,0.001761,2.814933,SAFE_STAND,0.162667,0.010690,0.192588,-0.318550,0.257508,0.077639,0.200246,1.000000,0.050000
1782354277.640542,-1,0.001539,2.835038,SAFE_STAND,0.162565,0.010692,0.192647,-0.318531,0.257512,0.077640,0.202189,1.000000,0.050000
1782354277.662025,-1,0.002874,2.855182,SAFE_STAND,0.164332,0.010685,0.192708,-0.318530,0.257508,0.077641,0.202189,1.000000,0.050000
1782354277.681146,-1,0.001924,2.875253,SAFE_STAND,0.163399,0.010671,0.192742,-0.318523,0.257501,0.077637,0.202189,1.000000,0.050000
1782354277.702045,-1,0.002519,2.895581,SAFE_STAND,0.164305,0.010656,0.192759,-0.318547,0.257512,0.077638,0.202189,1.000000,0.050000
1782354277.722055,-1,0.002456,2.915641,SAFE_STAND,0.164082,0.010643,0.192763,-0.318541,0.257505,0.077637,0.202189,1.000000,0.050000
1782354277.742181,-1,0.002445,2.935901,SAFE_STAND,0.164205,0.010639,0.192836,-0.318576,0.257505,0.077637,0.202189,1.000000,0.050000
1782354277.762892,-1,0.002442,2.956547,SAFE_STAND,0.163463,0.010605,0.192858,-0.318610,0.257512,0.077640,0.202189,1.000000,0.050000
1782354277.782987,-1,0.002452,2.976657,SAFE_STAND,0.164057,0.010603,0.192889,-0.318621,0.257501,0.077638,0.202189,1.000000,0.050000
1782354277.803081,-1,0.002411,2.996788,SAFE_STAND,0.163995,0.010605,0.192882,-0.318603,0.257508,0.077640,0.202189,1.000000,0.050000
1782354277.823659,-1,0.002337,3.017445,SAFE_STAND,0.164081,0.010614,0.192845,-0.318579,0.257508,0.077639,0.202189,1.000000,0.050000
1782354277.843908,-1,0.002462,3.037558,SAFE_STAND,0.164465,0.010605,0.192851,-0.318531,0.257508,0.077640,0.204103,1.000000,0.050000
1782354277.863825,-1,0.002261,3.057654,SAFE_STAND,0.164042,0.010624,0.192836,-0.318539,0.257508,0.077640,0.202189,1.000000,0.050000
1782354277.884432,-1,0.002341,3.078172,SAFE_STAND,0.163128,0.010610,0.192906,-0.318541,0.257505,0.077638,0.200246,1.000000,0.050000
1782354277.904506,-1,0.002259,3.098353,SAFE_STAND,0.163846,0.010612,0.192906,-0.318538,0.257512,0.077641,0.202189,1.000000,0.050000
1782354277.924432,-1,0.002061,3.118607,SAFE_STAND,0.163502,0.010642,0.192879,-0.318473,0.257508,0.077639,0.202189,1.000000,0.050000
1782354277.944237,-1,0.001377,3.138903,SAFE_STAND,0.162565,0.010646,0.192905,-0.318497,0.257512,0.077640,0.202189,1.000000,0.050000
1782354277.964516,-1,0.001527,3.159039,SAFE_STAND,0.162459,0.010644,0.192925,-0.318535,0.257505,0.077639,0.200246,1.000000,0.050000
1782354277.986405,-1,0.002722,3.179910,SAFE_STAND,0.164515,0.010617,0.192914,-0.318548,0.257508,0.077640,0.202189,1.000000,0.050000
1782354278.007065,-1,0.002934,3.200218,SAFE_STAND,0.164613,0.010611,0.192921,-0.318569,0.257505,0.077637,0.204103,1.000000,0.050000
1782354278.027637,-1,0.003177,3.220555,SAFE_STAND,0.164351,0.010608,0.192891,-0.318563,0.257512,0.077642,0.202189,1.000000,0.050000
1782354278.047105,-1,0.002496,3.240759,SAFE_STAND,0.163210,0.010635,0.192874,-0.318524,0.257512,0.077640,0.202189,1.000000,0.050000
1782354278.067641,-1,0.002459,3.261553,SAFE_STAND,0.163587,0.010651,0.192839,-0.318552,0.257508,0.077639,0.202189,1.000000,0.050000
1782354278.087115,-1,0.001686,3.281470,SAFE_STAND,0.162661,0.010635,0.192866,-0.318579,0.257505,0.077638,0.202189,1.000000,0.050000
1782354278.108060,-1,0.002176,3.302177,SAFE_STAND,0.163377,0.010635,0.192868,-0.318586,0.257508,0.077640,0.202189,1.000000,0.050000
1782354278.129244,-1,0.002986,3.322370,SAFE_STAND,0.163447,0.010649,0.192897,-0.318567,0.257505,0.077640,0.202189,1.000000,0.050000
1782354278.148930,-1,0.002515,3.342524,SAFE_STAND,0.163957,0.010649,0.192925,-0.318512,0.257501,0.077638,0.202189,1.000000,0.050000
1782354278.169291,-1,0.002269,3.363089,SAFE_STAND,0.162969,0.010638,0.192975,-0.318508,0.257505,0.077640,0.202189,1.000000,0.050000
1782354278.189672,-1,0.002519,3.383252,SAFE_STAND,0.163896,0.010624,0.192987,-0.318557,0.257508,0.077639,0.202189,1.000000,0.050000
1782354278.210315,-1,0.003016,3.403470,SAFE_STAND,0.164176,0.010620,0.192980,-0.318555,0.257505,0.077638,0.202189,1.000000,0.050000
1782354278.230746,-1,0.003315,3.423895,SAFE_STAND,0.165171,0.010592,0.192960,-0.318594,0.257512,0.077641,0.202189,1.000000,0.050000
1782354278.250683,-1,0.002943,3.443864,SAFE_STAND,0.164540,0.010601,0.192962,-0.318585,0.257508,0.077640,0.202189,1.000000,0.050000
1782354278.270356,-1,0.002545,3.464092,SAFE_STAND,0.164346,0.010579,0.192971,-0.318576,0.257512,0.077638,0.202189,1.000000,0.050000
1782354278.291233,-1,0.002699,3.484622,SAFE_STAND,0.164581,0.010596,0.193034,-0.318527,0.257508,0.077640,0.202189,1.000000,0.050000
1782354278.310946,-1,0.002232,3.504796,SAFE_STAND,0.163244,0.010608,0.193072,-0.318559,0.257508,0.077639,0.202189,1.000000,0.050000
1782354278.331249,-1,0.002454,3.524885,SAFE_STAND,0.164212,0.010608,0.193102,-0.318580,0.257508,0.077639,0.202189,1.000000,0.050000
1782354278.351964,-1,0.003030,3.545039,SAFE_STAND,0.164434,0.010569,0.193136,-0.318638,0.257512,0.077640,0.202189,1.000000,0.050000
1782354278.372169,-1,0.003145,3.565381,SAFE_STAND,0.164980,0.010595,0.193139,-0.318602,0.257508,0.077639,0.202189,1.000000,0.050000
1782354278.392070,-1,0.002603,3.585533,SAFE_STAND,0.163867,0.010593,0.193150,-0.318576,0.257505,0.077639,0.204103,1.000000,0.050000
1782354278.412596,-1,0.002427,3.606231,SAFE_STAND,0.163828,0.010595,0.193157,-0.318595,0.257505,0.077639,0.202189,1.000000,0.050000
1782354278.432772,-1,0.002516,3.626320,SAFE_STAND,0.164044,0.010571,0.193146,-0.318603,0.257508,0.077639,0.202189,1.000000,0.050000
1782354278.452842,-1,0.002497,3.646417,SAFE_STAND,0.163967,0.010595,0.193163,-0.318556,0.257505,0.077639,0.202189,1.000000,0.050000
1782354278.472962,-1,0.002470,3.666581,SAFE_STAND,0.163888,0.010614,0.193134,-0.318532,0.257512,0.077639,0.202189,1.000000,0.050000
1782354278.493462,-1,0.002374,3.687126,SAFE_STAND,0.163155,0.010607,0.193097,-0.318564,0.257508,0.077641,0.202189,1.000000,0.050000
1782354278.512759,-1,0.001546,3.707244,SAFE_STAND,0.162675,0.010594,0.193084,-0.318580,0.257508,0.077639,0.202189,1.000000,0.050000
1782354278.534410,-1,0.002382,3.728096,SAFE_STAND,0.163761,0.010629,0.193126,-0.318586,0.257505,0.077637,0.200246,1.000000,0.050000
1782354278.553480,-1,0.001374,3.748178,SAFE_STAND,0.162617,0.010649,0.193147,-0.318592,0.257508,0.077640,0.202189,1.000000,0.050000
1782354278.575046,-1,0.002861,3.768248,SAFE_STAND,0.164276,0.010658,0.193145,-0.318575,0.257505,0.077639,0.202189,1.000000,0.050000
1782354278.594561,-1,0.002298,3.788504,SAFE_STAND,0.164105,0.010673,0.193132,-0.318578,0.257508,0.077638,0.202189,1.000000,0.050000
1782354278.615089,-1,0.002248,3.808913,SAFE_STAND,0.164148,0.010674,0.193196,-0.318615,0.257508,0.077638,0.202189,1.000000,0.050000
1782354278.635256,-1,0.002295,3.829338,SAFE_STAND,0.163995,0.010714,0.193192,-0.318591,0.257505,0.077638,0.202189,1.000000,0.050000
1782354278.655166,-1,0.001728,3.849511,SAFE_STAND,0.163144,0.010729,0.193206,-0.318569,0.257508,0.077638,0.202189,1.000000,0.050000
1782354278.675245,-1,0.001673,3.869649,SAFE_STAND,0.163279,0.010735,0.193169,-0.318532,0.257508,0.077640,0.204103,1.000000,0.050000
1782354278.696599,-1,0.002327,3.890360,SAFE_STAND,0.163550,0.010734,0.193145,-0.318522,0.257508,0.077638,0.202189,1.000000,0.050000
1782354278.716396,-1,0.001992,3.910485,SAFE_STAND,0.163142,0.010722,0.193209,-0.318474,0.257505,0.077638,0.202159,1.000000,0.050000
1782354278.736988,-1,0.002433,3.930623,SAFE_STAND,0.163226,0.010695,0.193231,-0.318505,0.257505,0.077637,0.202189,1.000000,0.050000
1782354278.756871,-1,0.001679,3.951266,SAFE_STAND,0.163020,0.010695,0.193208,-0.318518,0.257505,0.077639,0.202189,1.000000,0.050000
1782354278.778682,-1,0.003056,3.971940,SAFE_STAND,0.165211,0.010711,0.193244,-0.318517,0.257508,0.077639,0.202189,1.000000,0.050000
1782354278.797820,-1,0.001724,3.992188,SAFE_STAND,0.163150,0.010728,0.193260,-0.318506,0.257508,0.077640,0.202189,1.000000,0.050000
1782354278.819715,-1,0.003174,4.012904,SAFE_STAND,0.165101,0.010710,0.193319,-0.318518,0.257508,0.077640,0.202189,1.000000,0.050000
1782354278.840141,-1,0.003093,4.033158,SAFE_STAND,0.164281,0.010685,0.193320,-0.318534,0.257505,0.077638,0.202189,1.000000,0.050000
1782354278.860812,-1,0.003641,4.053255,SAFE_STAND,0.165276,0.010680,0.193321,-0.318527,0.257508,0.077640,0.202189,1.000000,0.050000
1782354278.880178,-1,0.002884,4.073764,SAFE_STAND,0.164663,0.010695,0.193334,-0.318545,0.257508,0.077639,0.202189,1.000000,0.050000
1782354278.899919,-1,0.002355,4.093652,SAFE_STAND,0.163240,0.010678,0.193354,-0.318610,0.257508,0.077640,0.202189,1.000000,0.050000
1782354278.919978,-1,0.002287,4.113775,SAFE_STAND,0.163136,0.010676,0.193383,-0.318576,0.257505,0.077638,0.202189,1.000000,0.050000
1782354278.940263,-1,0.002455,4.133884,SAFE_STAND,0.163974,0.010674,0.193375,-0.318559,0.257508,0.077641,0.202189,1.000000,0.050000
1782354278.960562,-1,0.002234,4.154413,SAFE_STAND,0.163613,0.010666,0.193410,-0.318572,0.257508,0.077639,0.204103,1.000000,0.050000
1782354278.980159,-1,0.001743,4.174447,SAFE_STAND,0.162853,0.010680,0.193443,-0.318550,0.257508,0.077639,0.202189,1.000000,0.050000
1782354279.001312,-1,0.002550,4.195029,SAFE_STAND,0.163765,0.010669,0.193470,-0.318568,0.257508,0.077639,0.202189,1.000000,0.050000
1782354279.021027,-1,0.002137,4.215135,SAFE_STAND,0.163524,0.010670,0.193474,-0.318574,0.257508,0.077639,0.202189,1.000000,0.050000
1782354279.042339,-1,0.003053,4.235343,SAFE_STAND,0.164669,0.010690,0.193446,-0.318568,0.257512,0.077641,0.204103,1.000000,0.050000
1782354279.062603,-1,0.003151,4.255522,SAFE_STAND,0.164224,0.010670,0.193488,-0.318634,0.257505,0.077638,0.200246,1.000000,0.050000
1782354279.082713,-1,0.002558,4.276260,SAFE_STAND,0.163505,0.010698,0.193508,-0.318618,0.257516,0.077642,0.202189,1.000000,0.050000
1782354279.103557,-1,0.002744,4.296905,SAFE_STAND,0.164459,0.010682,0.193508,-0.318613,0.257505,0.077639,0.202189,1.000000,0.050000
1782354279.124207,-1,0.002858,4.317440,SAFE_STAND,0.164116,0.010692,0.193487,-0.318591,0.257512,0.077640,0.202189,1.000000,0.050000
1782354279.144416,-1,0.002634,4.337870,SAFE_STAND,0.164341,0.010696,0.193528,-0.318542,0.257505,0.077637,0.202189,1.000000,0.050000
1782354279.164704,-1,0.002440,4.358547,SAFE_STAND,0.163659,0.010677,0.193556,-0.318541,0.257505,0.077638,0.202189,1.000000,0.050000
1782354279.184728,-1,0.002168,4.378593,SAFE_STAND,0.163307,0.010657,0.193580,-0.318587,0.257505,0.077639,0.202189,1.000000,0.050000
1782354279.204623,-1,0.001976,4.398674,SAFE_STAND,0.163314,0.010614,0.193642,-0.318650,0.257508,0.077639,0.202159,1.000000,0.050000
1782354279.224972,-1,0.002202,4.418799,SAFE_STAND,0.163039,0.010605,0.193626,-0.318635,0.257512,0.077640,0.202189,1.000000,0.050000
1782354279.245347,-1,0.002082,4.439326,SAFE_STAND,0.163469,0.010570,0.193616,-0.318649,0.257508,0.077641,0.202189,1.000000,0.050000
1782354279.265795,-1,0.002351,4.459456,SAFE_STAND,0.163612,0.010585,0.193632,-0.318635,0.257505,0.077638,0.202189,1.000000,0.050000
1782354279.285845,-1,0.002272,4.479587,SAFE_STAND,0.163554,0.010572,0.193608,-0.318633,0.257505,0.077639,0.202189,1.000000,0.050000
1782354279.305894,-1,0.001553,4.500408,SAFE_STAND,0.163094,0.010595,0.193616,-0.318608,0.257505,0.077640,0.202189,1.000000,0.050000
1782354279.327393,-1,0.002585,4.521261,SAFE_STAND,0.163894,0.010594,0.193558,-0.318567,0.257512,0.077641,0.202189,1.000000,0.050000
1782354279.347552,-1,0.002453,4.541172,SAFE_STAND,0.163712,0.010625,0.193578,-0.318562,0.257497,0.077636,0.202189,1.000000,0.050000
1782354279.367083,-1,0.001861,4.561289,SAFE_STAND,0.163543,0.010642,0.193569,-0.318549,0.257505,0.077635,0.202189,1.000000,0.050000
1782354279.388154,-1,0.002806,4.581417,SAFE_STAND,0.164312,0.010636,0.193579,-0.318540,0.257508,0.077638,0.202189,1.000000,0.050000
1782354279.407646,-1,0.002167,4.601542,SAFE_STAND,0.163837,0.010635,0.193555,-0.318550,0.257497,0.077636,0.202189,1.000000,0.050000
1782354279.428463,-1,0.002557,4.621986,SAFE_STAND,0.163834,0.010641,0.193584,-0.318515,0.257509,0.077639,0.200246,1.000000,0.050000
1782354279.448896,-1,0.002661,4.642495,SAFE_STAND,0.163783,0.010635,0.193582,-0.318517,0.257508,0.077638,0.202189,1.000000,0.050000
1782354279.468890,-1,0.002332,4.662596,SAFE_STAND,0.163288,0.010650,0.193559,-0.318462,0.257512,0.077640,0.202189,1.000000,0.050000
1782354279.489009,-1,0.002366,4.682718,SAFE_STAND,0.163340,0.010645,0.193563,-0.318458,0.257512,0.077637,0.202189,1.000000,0.050000
1782354279.509333,-1,0.002603,4.702763,SAFE_STAND,0.164360,0.010643,0.193586,-0.318457,0.257508,0.077641,0.202189,1.000000,0.050000
1782354279.529919,-1,0.002785,4.723394,SAFE_STAND,0.163583,0.010615,0.193582,-0.318470,0.257508,0.077639,0.200246,1.000000,0.050000
1782354279.550063,-1,0.002616,4.743552,SAFE_STAND,0.163817,0.010603,0.193616,-0.318535,0.257512,0.077638,0.202189,1.000000,0.050000
1782354279.570959,-1,0.003061,4.764365,SAFE_STAND,0.165074,0.010609,0.193638,-0.318537,0.257512,0.077641,0.200246,1.000000,0.050000
1782354279.590660,-1,0.002220,4.784510,SAFE_STAND,0.163437,0.010588,0.193628,-0.318519,0.257505,0.077639,0.202189,1.000000,0.050000
1782354279.610815,-1,0.002298,4.804505,SAFE_STAND,0.163723,0.010603,0.193641,-0.318541,0.257501,0.077638,0.200246,1.000000,0.050000
1782354279.631557,-1,0.002354,4.825282,SAFE_STAND,0.163638,0.010594,0.193615,-0.318503,0.257508,0.077640,0.202189,1.000000,0.050000
1782354279.651709,-1,0.002429,4.845347,SAFE_STAND,0.163607,0.010564,0.193640,-0.318527,0.257505,0.077638,0.202189,1.000000,0.050000
1782354279.671583,-1,0.002204,4.865481,SAFE_STAND,0.163780,0.010559,0.193611,-0.318508,0.257505,0.077639,0.202189,1.000000,0.050000
1782354279.692497,-1,0.002694,4.885887,SAFE_STAND,0.164450,0.010578,0.193590,-0.318491,0.257508,0.077640,0.202189,1.000000,0.050000
1782354279.712651,-1,0.002329,4.906659,SAFE_STAND,0.163789,0.010578,0.193630,-0.318475,0.257508,0.077639,0.202189,1.000000,0.050000
1782354279.733179,-1,0.002410,4.926861,SAFE_STAND,0.163420,0.010583,0.193610,-0.318492,0.257505,0.077637,0.202189,1.000000,0.050000
1782354279.753418,-1,0.002523,4.946932,SAFE_STAND,0.163924,0.010566,0.193687,-0.318488,0.257512,0.077640,0.204103,1.000000,0.050000
1782354279.774869,-1,0.003322,4.967625,SAFE_STAND,0.164671,0.010593,0.193718,-0.318526,0.257505,0.077639,0.202189,1.000000,0.050000
1782354279.794219,-1,0.002558,4.987846,SAFE_STAND,0.163835,0.010588,0.193740,-0.318561,0.257512,0.077640,0.202189,1.000000,0.050000
1782354279.815681,-1,0.003674,5.008121,SAFE_STAND,0.165424,0.010624,0.193753,-0.318517,0.257505,0.077639,0.202189,1.000000,0.050000
1782354279.834399,-1,0.002306,5.028389,SAFE_STAND,0.163615,0.010637,0.193772,-0.318541,0.257505,0.077636,0.202189,1.000000,0.050000
1782354279.856058,-1,0.003553,5.048696,SAFE_STAND,0.165111,0.010649,0.193777,-0.318512,0.257505,0.077638,0.202189,1.000000,0.050000
1782354279.875734,-1,0.002444,5.069435,SAFE_STAND,0.163827,0.010669,0.193762,-0.318506,0.257505,0.077639,0.202189,1.000000,0.050000
1782354279.896381,-1,0.002929,5.089548,SAFE_STAND,0.164498,0.010636,0.193803,-0.318527,0.257505,0.077640,0.202189,1.000000,0.050000
1782354279.915743,-1,0.002163,5.109667,SAFE_STAND,0.163877,0.010660,0.193797,-0.318511,0.257505,0.077638,0.202189,1.000000,0.050000
1782354279.936301,-1,0.002243,5.130162,SAFE_STAND,0.163430,0.010651,0.193753,-0.318502,0.257505,0.077640,0.202189,1.000000,0.050000
1782354279.956357,-1,0.002172,5.150264,SAFE_STAND,0.163410,0.010657,0.193739,-0.318441,0.257508,0.077638,0.202189,1.000000,0.050000
1782354279.976415,-1,0.002098,5.170402,SAFE_STAND,0.163211,0.010651,0.193754,-0.318434,0.257512,0.077639,0.202189,1.000000,0.050000
1782354279.996630,-1,0.001769,5.190865,SAFE_STAND,0.163319,0.010667,0.193766,-0.318409,0.257508,0.077639,0.202189,1.000000,0.050000
1782354280.016414,-1,0.001422,5.211000,SAFE_STAND,0.163026,0.010694,0.193766,-0.318447,0.257508,0.077638,0.202189,1.000000,0.050000
1782354280.037384,-1,0.002274,5.231105,SAFE_STAND,0.164047,0.010680,0.193790,-0.318436,0.257505,0.077637,0.202189,1.000000,0.050000
1782354280.058115,-1,0.002526,5.251572,SAFE_STAND,0.164490,0.010693,0.193838,-0.318434,0.257505,0.077637,0.202189,1.000000,0.050000
1782354280.077962,-1,0.002242,5.271901,SAFE_STAND,0.164088,0.010697,0.193787,-0.318430,0.257508,0.077639,0.202189,1.000000,0.050000
1782354280.098746,-1,0.002886,5.292218,SAFE_STAND,0.164612,0.010687,0.193744,-0.318461,0.257512,0.077641,0.202189,1.000000,0.050000
1782354280.118165,-1,0.002226,5.312026,SAFE_STAND,0.164063,0.010697,0.193726,-0.318433,0.257505,0.077637,0.202189,1.000000,0.050000
1782354280.138918,-1,0.002462,5.332527,SAFE_STAND,0.164587,0.010708,0.193733,-0.318447,0.257508,0.077640,0.202189,1.000000,0.050000
1782354280.158620,-1,0.002093,5.352582,SAFE_STAND,0.163123,0.010696,0.193730,-0.318437,0.257505,0.077638,0.202189,1.000000,0.050000
1782354280.180073,-1,0.003461,5.372760,SAFE_STAND,0.164917,0.010676,0.193724,-0.318464,0.257508,0.077639,0.202189,1.000000,0.050000
1782354280.199907,-1,0.003196,5.392809,SAFE_STAND,0.164644,0.010683,0.193755,-0.318487,0.257512,0.077640,0.202189,1.000000,0.050000
1782354280.220448,-1,0.003646,5.413154,SAFE_STAND,0.165286,0.010679,0.193745,-0.318480,0.257508,0.077639,0.202189,1.000000,0.050000
1782354280.239862,-1,0.002855,5.433070,SAFE_STAND,0.164076,0.010679,0.193696,-0.318412,0.257505,0.077638,0.202189,1.000000,0.050000
1782354280.260160,-1,0.002707,5.453511,SAFE_STAND,0.164389,0.010706,0.193682,-0.318396,0.257505,0.077638,0.202189,1.000000,0.050000
1782354280.279839,-1,0.002297,5.473596,SAFE_STAND,0.163787,0.010720,0.193668,-0.318355,0.257508,0.077638,0.202189,1.000000,0.050000
1782354280.300754,-1,0.002779,5.493996,SAFE_STAND,0.164597,0.010726,0.193642,-0.318340,0.257508,0.077638,0.202189,1.000000,0.050000
1782354280.320484,-1,0.002424,5.514083,SAFE_STAND,0.164056,0.010751,0.193597,-0.318301,0.257512,0.077640,0.202189,1.000000,0.050000
1782354280.340785,-1,0.002295,5.534520,SAFE_STAND,0.163864,0.010713,0.193646,-0.318325,0.257505,0.077638,0.202189,1.000000,0.050000
1782354280.360614,-1,0.001953,5.554682,SAFE_STAND,0.162965,0.010725,0.193650,-0.318310,0.257512,0.077639,0.200246,1.000000,0.050000
1782354280.380982,-1,0.002233,5.574770,SAFE_STAND,0.163188,0.010688,0.193616,-0.318358,0.257508,0.077639,0.202189,1.000000,0.050000
1782354280.401342,-1,0.002505,5.594863,SAFE_STAND,0.163648,0.010667,0.193656,-0.318363,0.257512,0.077642,0.202189,1.000000,0.050000
1782354280.421073,-1,0.002148,5.614951,SAFE_STAND,0.163066,0.010677,0.193689,-0.318365,0.257501,0.077636,0.202189,1.000000,0.050000
1782354280.441853,-1,0.002842,5.635288,SAFE_STAND,0.164684,0.010701,0.193664,-0.318402,0.257512,0.077639,0.202189,1.000000,0.050000
1782354280.462051,-1,0.002635,5.655456,SAFE_STAND,0.164300,0.010703,0.193638,-0.318390,0.257505,0.077639,0.200246,1.000000,0.050000
1782354280.482729,-1,0.003189,5.675545,SAFE_STAND,0.164615,0.010690,0.193637,-0.318392,0.257512,0.077640,0.202189,1.000000,0.050000
1782354280.502057,-1,0.002430,5.695653,SAFE_STAND,0.163979,0.010676,0.193631,-0.318372,0.257505,0.077638,0.202189,1.000000,0.050000
1782354280.522360,-1,0.002232,5.716167,SAFE_STAND,0.163338,0.010678,0.193639,-0.318382,0.257501,0.077638,0.202189,1.000000,0.050000
1782354280.542667,-1,0.002438,5.736303,SAFE_STAND,0.163786,0.010660,0.193595,-0.318353,0.257512,0.077639,0.202189,1.000000,0.050000
1782354280.562749,-1,0.002441,5.756370,SAFE_STAND,0.164283,0.010661,0.193540,-0.318326,0.257512,0.077640,0.202189,1.000000,0.050000
1782354280.583343,-1,0.002261,5.777065,SAFE_STAND,0.163571,0.010639,0.193513,-0.318376,0.257505,0.077637,0.202189,1.000000,0.050000
1782354280.603671,-1,0.002483,5.797194,SAFE_STAND,0.164050,0.010649,0.193502,-0.318362,0.257505,0.077637,0.202189,1.000000,0.050000
1782354280.624264,-1,0.002297,5.817968,SAFE_STAND,0.163246,0.010664,0.193521,-0.318365,0.257508,0.077638,0.202189,1.000000,0.050000
1782354280.644289,-1,0.002236,5.838037,SAFE_STAND,0.164044,0.010680,0.193496,-0.318308,0.257508,0.077638,0.202189,1.000000,0.050000
1782354280.664172,-1,0.002036,5.858131,SAFE_STAND,0.163653,0.010679,0.193451,-0.318275,0.257508,0.077640,0.202189,1.000000,0.050000
1782354280.684918,-1,0.002706,5.878193,SAFE_STAND,0.163765,0.010663,0.193481,-0.318307,0.257508,0.077638,0.202189,1.000000,0.050000
1782354280.705143,-1,0.002573,5.898666,SAFE_STAND,0.164679,0.010650,0.193469,-0.318310,0.257508,0.077638,0.202189,1.000000,0.050000
1782354280.724163,-1,0.001522,5.918626,SAFE_STAND,0.162939,0.010640,0.193427,-0.318302,0.257508,0.077640,0.202189,1.000000,0.050000
1782354280.744622,-1,0.001907,5.938704,SAFE_STAND,0.162650,0.010618,0.193402,-0.318305,0.257512,0.077638,0.202189,1.000000,0.050000
1782354280.766049,-1,0.003206,5.958938,SAFE_STAND,0.164887,0.010638,0.193348,-0.318316,0.257505,0.077637,0.204103,1.000000,0.050000
1782354280.785851,-1,0.002528,5.979388,SAFE_STAND,0.163653,0.010610,0.193305,-0.318321,0.257505,0.077639,0.202189,1.000000,0.050000
1782354280.806395,-1,0.002948,5.999475,SAFE_STAND,0.164394,0.010598,0.193275,-0.318313,0.257509,0.077636,0.202189,1.000000,0.050000
1782354280.826585,-1,0.003001,6.019588,SAFE_STAND,0.164493,0.010605,0.193280,-0.318301,0.257508,0.077639,0.202189,1.000000,0.050000
1782354280.846954,-1,0.002770,6.040246,SAFE_STAND,0.164368,0.010593,0.193283,-0.318299,0.257512,0.077637,0.202189,1.000000,0.050000
1782354280.866760,-1,0.002488,6.060331,SAFE_STAND,0.164228,0.010578,0.193286,-0.318309,0.257509,0.077639,0.202189,1.000000,0.050000
1782354280.887240,-1,0.002893,6.080329,SAFE_STAND,0.164487,0.010572,0.193236,-0.318328,0.257505,0.077636,0.202189,1.000000,0.050000
1782354280.906237,-1,0.001814,6.100412,SAFE_STAND,0.163144,0.010569,0.193213,-0.318307,0.257505,0.077639,0.202189,1.000000,0.050000
1782354280.927098,-1,0.002599,6.120472,SAFE_STAND,0.164238,0.010584,0.193180,-0.318309,0.257505,0.077637,0.204103,1.000000,0.050000
1782354280.946656,-1,0.002084,6.140768,SAFE_STAND,0.163585,0.010586,0.193160,-0.318326,0.257508,0.077639,0.202189,1.000000,0.050000
1782354280.966563,-1,0.001848,6.160714,SAFE_STAND,0.163187,0.010589,0.193127,-0.318349,0.257508,0.077639,0.202189,1.000000,0.050000
1782354280.986976,-1,0.001869,6.181083,SAFE_STAND,0.162609,0.010598,0.193115,-0.318383,0.257512,0.077639,0.202189,1.000000,0.050000
1782354281.006649,-1,0.001465,6.201161,SAFE_STAND,0.162296,0.010610,0.193050,-0.318351,0.257508,0.077637,0.200246,1.000000,0.050000
1782354281.028128,-1,0.002863,6.221324,SAFE_STAND,0.163818,0.010600,0.193048,-0.318396,0.257508,0.077639,0.202189,1.000000,0.050000
1782354281.048283,-1,0.002888,6.241467,SAFE_STAND,0.164588,0.010610,0.193072,-0.318425,0.257508,0.077637,0.202189,1.000000,0.050000
1782354281.068275,-1,0.002795,6.261526,SAFE_STAND,0.164451,0.010634,0.193068,-0.318409,0.257512,0.077639,0.202189,1.000000,0.050000
1782354281.088765,-1,0.002889,6.281896,SAFE_STAND,0.164006,0.010650,0.193002,-0.318411,0.257508,0.077638,0.202189,1.000000,0.050000
1782354281.108880,-1,0.002919,6.302346,SAFE_STAND,0.164031,0.010659,0.192993,-0.318408,0.257505,0.077638,0.202189,1.000000,0.050000
1782354281.128921,-1,0.002510,6.322471,SAFE_STAND,0.163943,0.010645,0.192971,-0.318432,0.257508,0.077637,0.202189,1.000000,0.050000
1782354281.149470,-1,0.002734,6.342797,SAFE_STAND,0.163748,0.010663,0.192956,-0.318429,0.257509,0.077637,0.202189,1.000000,0.050000
1782354281.169228,-1,0.002408,6.363113,SAFE_STAND,0.163466,0.010696,0.192928,-0.318375,0.257508,0.077639,0.202189,1.000000,0.050000
1782354281.189873,-1,0.002696,6.383284,SAFE_STAND,0.164272,0.010708,0.192921,-0.318379,0.257508,0.077638,0.202189,1.000000,0.050000
1782354281.210204,-1,0.002572,6.403972,SAFE_STAND,0.163464,0.010719,0.192880,-0.318337,0.257508,0.077639,0.202189,1.000000,0.050000
1782354281.230199,-1,0.002136,6.424124,SAFE_STAND,0.162781,0.010776,0.192889,-0.318275,0.257508,0.077638,0.202189,1.000000,0.050000
1782354281.251393,-1,0.003239,6.444187,SAFE_STAND,0.164629,0.010761,0.192896,-0.318320,0.257508,0.077638,0.202189,1.000000,0.050000
1782354281.270967,-1,0.002729,6.464261,SAFE_STAND,0.163970,0.010760,0.192914,-0.318338,0.257512,0.077638,0.202189,1.000000,0.050000
1782354281.291628,-1,0.003301,6.484403,SAFE_STAND,0.165248,0.010754,0.192888,-0.318358,0.257512,0.077637,0.202189,1.000000,0.050000
1782354281.311273,-1,0.002451,6.504901,SAFE_STAND,0.163263,0.010739,0.192879,-0.318364,0.257505,0.077639,0.202189,1.000000,0.050000
1782354281.332301,-1,0.003030,6.525319,SAFE_STAND,0.164291,0.010726,0.192864,-0.318389,0.257508,0.077638,0.202189,1.000000,0.050000
1782354281.351203,-1,0.001848,6.545406,SAFE_STAND,0.162888,0.010721,0.192857,-0.318415,0.257508,0.077638,0.202189,1.000000,0.050000
1782354281.371506,-1,0.002067,6.565507,SAFE_STAND,0.163292,0.010708,0.192824,-0.318446,0.257508,0.077638,0.202189,1.000000,0.050000
1782354281.392891,-1,0.002626,6.586297,SAFE_STAND,0.163544,0.010687,0.192822,-0.318475,0.257505,0.077638,0.202189,1.000000,0.050000
1782354281.413425,-1,0.002709,6.607083,SAFE_STAND,0.163726,0.010707,0.192782,-0.318446,0.257509,0.077638,0.202189,1.000000,0.050000
1782354281.433591,-1,0.002790,6.626859,SAFE_STAND,0.163733,0.010712,0.192798,-0.318434,0.257512,0.077638,0.202189,1.000000,0.050000
1782354281.454000,-1,0.003074,6.647377,SAFE_STAND,0.164932,0.010722,0.192813,-0.318446,0.257512,0.077639,0.202189,1.000000,0.050000
1782354281.473920,-1,0.002488,6.667461,SAFE_STAND,0.164198,0.010694,0.192801,-0.318434,0.257505,0.077637,0.202189,1.000000,0.050000
1782354281.494771,-1,0.002667,6.688205,SAFE_STAND,0.164511,0.010715,0.192804,-0.318406,0.257505,0.077637,0.202189,1.000000,0.050000
1782354281.515423,-1,0.002882,6.708867,SAFE_STAND,0.164176,0.010737,0.192806,-0.318405,0.257508,0.077639,0.202189,1.000000,0.050000
1782354281.535356,-1,0.002411,6.729018,SAFE_STAND,0.163456,0.010722,0.192782,-0.318438,0.257516,0.077639,0.202189,1.000000,0.050000
1782354281.555611,-1,0.002574,6.749071,SAFE_STAND,0.163992,0.010705,0.192746,-0.318428,0.257505,0.077637,0.202189,1.000000,0.050000
1782354281.575462,-1,0.001848,6.769658,SAFE_STAND,0.162825,0.010680,0.192703,-0.318444,0.257508,0.077638,0.202189,1.000000,0.050000
1782354281.597191,-1,0.003120,6.790148,SAFE_STAND,0.164576,0.010692,0.192708,-0.318462,0.257512,0.077639,0.204103,1.000000,0.050000
1782354281.616989,-1,0.002832,6.810186,SAFE_STAND,0.163793,0.010677,0.192689,-0.318480,0.257508,0.077637,0.202189,1.000000,0.050000
1782354281.636816,-1,0.002284,6.830572,SAFE_STAND,0.162986,0.010705,0.192633,-0.318462,0.257508,0.077640,0.202189,1.000000,0.050000
1782354281.656900,-1,0.002285,6.850637,SAFE_STAND,0.163013,0.010709,0.192628,-0.318415,0.257508,0.077638,0.202189,1.000000,0.050000
1782354281.677422,-1,0.002722,6.870721,SAFE_STAND,0.163636,0.010710,0.192624,-0.318423,0.257508,0.077638,0.202189,1.000000,0.050000
1782354281.697629,-1,0.002844,6.890819,SAFE_STAND,0.163478,0.010703,0.192630,-0.318407,0.257508,0.077638,0.200246,1.000000,0.050000
1782354281.717271,-1,0.002291,6.911005,SAFE_STAND,0.162966,0.010703,0.192590,-0.318415,0.257508,0.077638,0.202189,1.000000,0.050000
1782354281.737276,-1,0.002121,6.931226,SAFE_STAND,0.162974,0.010716,0.192606,-0.318378,0.257512,0.077639,0.200246,1.000000,0.050000
1782354281.757941,-1,0.002549,6.951416,SAFE_STAND,0.163977,0.010710,0.192584,-0.318375,0.257501,0.077639,0.202189,1.000000,0.050000
1782354281.777855,-1,0.002377,6.971504,SAFE_STAND,0.163942,0.010693,0.192567,-0.318345,0.257508,0.077639,0.204103,1.000000,0.050000
1782354281.799808,-1,0.003725,6.992297,SAFE_STAND,0.165761,0.010714,0.192560,-0.318331,0.257512,0.077639,0.202189,1.000000,0.050000
1782354281.820102,-1,0.003573,7.012790,SAFE_STAND,0.164983,0.010718,0.192560,-0.318309,0.257508,0.077638,0.202189,1.000000,0.050000
1782354281.839080,-1,0.002339,7.032799,SAFE_STAND,0.163038,0.010724,0.192489,-0.318309,0.257508,0.077639,0.202189,1.000000,0.050000
1782354281.859210,-1,0.002367,7.052900,SAFE_STAND,0.163111,0.010735,0.192462,-0.318335,0.257508,0.077639,0.202189,1.000000,0.050000
1782354281.879996,-1,0.003067,7.073031,SAFE_STAND,0.164127,0.010716,0.192451,-0.318363,0.257508,0.077638,0.202189,1.000000,0.050000
1782354281.899798,-1,0.002782,7.093076,SAFE_STAND,0.163987,0.010729,0.192460,-0.318386,0.257508,0.077638,0.202189,1.000000,0.050000
1782354281.919822,-1,0.002718,7.113125,SAFE_STAND,0.163948,0.010735,0.192450,-0.318349,0.257508,0.077638,0.204103,1.000000,0.050000
1782354281.940156,-1,0.002967,7.133427,SAFE_STAND,0.163994,0.010732,0.192480,-0.318363,0.257505,0.077638,0.202189,1.000000,0.050000
1782354281.959963,-1,0.002691,7.153536,SAFE_STAND,0.163569,0.010736,0.192482,-0.318348,0.257508,0.077638,0.202189,1.000000,0.050000
1782354281.980226,-1,0.002668,7.173588,SAFE_STAND,0.164216,0.010756,0.192496,-0.318343,0.257508,0.077638,0.202189,1.000000,0.050000
1782354282.000663,-1,0.002388,7.194327,SAFE_STAND,0.163078,0.010742,0.192529,-0.318357,0.257508,0.077638,0.202189,1.000000,0.050000
1782354282.020875,-1,0.002479,7.214449,SAFE_STAND,0.163163,0.010747,0.192540,-0.318368,0.257505,0.077638,0.202189,1.000000,0.050000
1782354282.040781,-1,0.002297,7.234545,SAFE_STAND,0.162949,0.010754,0.192553,-0.318374,0.257508,0.077638,0.202189,1.000000,0.050000
1782354282.060533,-1,0.001975,7.254569,SAFE_STAND,0.162811,0.010735,0.192519,-0.318389,0.257508,0.077638,0.202189,1.000000,0.050000
1782354282.080732,-1,0.002098,7.274638,SAFE_STAND,0.163632,0.010687,0.192535,-0.318410,0.257508,0.077639,0.202189,1.000000,0.050000
1782354282.100562,-1,0.001854,7.294732,SAFE_STAND,0.163181,0.010689,0.192493,-0.318411,0.257508,0.077638,0.202189,1.000000,0.050000
1782354282.120598,-1,0.001572,7.315037,SAFE_STAND,0.162370,0.010686,0.192475,-0.318408,0.257508,0.077638,0.200246,1.000000,0.050000
1782354282.141398,-1,0.002298,7.335132,SAFE_STAND,0.163691,0.010670,0.192430,-0.318382,0.257508,0.077637,0.202189,1.000000,0.050000
1782354282.161326,-1,0.002152,7.355169,SAFE_STAND,0.163066,0.010665,0.192452,-0.318388,0.257505,0.077638,0.202189,1.000000,0.050000
1782354282.180564,-1,0.001313,7.375240,SAFE_STAND,0.162344,0.010663,0.192480,-0.318442,0.257508,0.077638,0.202189,1.000000,0.050000
1782354282.201382,-1,0.002054,7.395349,SAFE_STAND,0.163380,0.010638,0.192508,-0.318432,0.257508,0.077636,0.202189,1.000000,0.050000
1782354282.221870,-1,0.002468,7.415674,SAFE_STAND,0.163366,0.010626,0.192494,-0.318464,0.257508,0.077638,0.202189,1.000000,0.050000
1782354282.243073,-1,0.003144,7.436054,SAFE_STAND,0.164042,0.010633,0.192487,-0.318471,0.257516,0.077639,0.202189,1.000000,0.050000
1782354282.262443,-1,0.002420,7.456145,SAFE_STAND,0.163311,0.010594,0.192526,-0.318560,0.257505,0.077638,0.200246,1.000000,0.050000
1782354282.283308,-1,0.002758,7.476642,SAFE_STAND,0.164521,0.010566,0.192507,-0.318535,0.257508,0.077638,0.204103,1.000000,0.050000
1782354282.304479,-1,0.003490,7.497079,SAFE_STAND,0.164806,0.010548,0.192516,-0.318549,0.257508,0.077638,0.202189,1.000000,0.050000
1782354282.323808,-1,0.002690,7.517454,SAFE_STAND,0.163558,0.010558,0.192513,-0.318553,0.257512,0.077638,0.202189,1.000000,0.050000
1782354282.344008,-1,0.002565,7.537532,SAFE_STAND,0.164228,0.010551,0.192481,-0.318564,0.257505,0.077636,0.202189,1.000000,0.050000
1782354282.363826,-1,0.002308,7.557502,SAFE_STAND,0.162954,0.010548,0.192469,-0.318561,0.257512,0.077637,0.202189,1.000000,0.050000
1782354282.384830,-1,0.002975,7.578082,SAFE_STAND,0.163897,0.010562,0.192462,-0.318574,0.257512,0.077636,0.202189,1.000000,0.050000
1782354282.404748,-1,0.002457,7.598330,SAFE_STAND,0.163171,0.010543,0.192435,-0.318631,0.257508,0.077640,0.202189,1.000000,0.050000
1782354282.425307,-1,0.002264,7.619097,SAFE_STAND,0.162840,0.010553,0.192415,-0.318620,0.257505,0.077636,0.202189,1.000000,0.050000
1782354282.445778,-1,0.002598,7.639237,SAFE_STAND,0.163791,0.010543,0.192378,-0.318607,0.257505,0.077638,0.202189,1.000000,0.050000
1782354282.466617,-1,0.002819,7.659940,SAFE_STAND,0.164180,0.010523,0.192361,-0.318554,0.257508,0.077638,0.202189,1.000000,0.050000
1782354282.487067,-1,0.002810,7.680298,SAFE_STAND,0.163403,0.010519,0.192332,-0.318585,0.257508,0.077638,0.200246,1.000000,0.050000
1782354282.507184,-1,0.002840,7.700587,SAFE_STAND,0.163621,0.010530,0.192375,-0.318551,0.257508,0.077637,0.202189,1.000000,0.050000
1782354282.527477,-1,0.003045,7.720775,SAFE_STAND,0.164344,0.010538,0.192407,-0.318568,0.257509,0.077639,0.204103,1.000000,0.050000
1782354282.548192,-1,0.003237,7.741085,SAFE_STAND,0.164219,0.010557,0.192392,-0.318529,0.257505,0.077635,0.202189,1.000000,0.050000
1782354282.568245,-1,0.002706,7.761652,SAFE_STAND,0.164227,0.010564,0.192423,-0.318544,0.257505,0.077636,0.202189,1.000000,0.050000
1782354282.587940,-1,0.002320,7.781610,SAFE_STAND,0.163116,0.010539,0.192434,-0.318578,0.257505,0.077638,0.202189,1.000000,0.050000
1782354282.607939,-1,0.002243,7.801685,SAFE_STAND,0.163696,0.010511,0.192413,-0.318586,0.257512,0.077640,0.202189,1.000000,0.050000
1782354282.628592,-1,0.002171,7.822433,SAFE_STAND,0.163075,0.010514,0.192421,-0.318615,0.257505,0.077638,0.202189,1.000000,0.050000
1782354282.647886,-1,0.001392,7.842497,SAFE_STAND,0.162460,0.010509,0.192474,-0.318650,0.257508,0.077637,0.202189,1.000000,0.050000
1782354282.668373,-1,0.001805,7.862544,SAFE_STAND,0.162475,0.010504,0.192509,-0.318676,0.257505,0.077638,0.202189,1.000000,0.050000
1782354282.689270,-1,0.002629,7.882620,SAFE_STAND,0.163497,0.010472,0.192569,-0.318697,0.257505,0.077638,0.202189,1.000000,0.050000
1782354282.709458,-1,0.002687,7.903128,SAFE_STAND,0.163563,0.010464,0.192577,-0.318717,0.257508,0.077638,0.202189,1.000000,0.050000
1782354282.728710,-1,0.001806,7.922943,SAFE_STAND,0.162682,0.010460,0.192606,-0.318770,0.257512,0.077638,0.202189,1.000000,0.050000
1782354282.749755,-1,0.002761,7.943022,SAFE_STAND,0.164197,0.010456,0.192570,-0.318782,0.257505,0.077636,0.202189,1.000000,0.050000
1782354282.768742,-1,0.001662,7.963108,SAFE_STAND,0.162641,0.010418,0.192571,-0.318792,0.257501,0.077638,0.202189,1.000000,0.050000
1782354282.789424,-1,0.002221,7.983199,SAFE_STAND,0.162823,0.010415,0.192570,-0.318745,0.257508,0.077639,0.202189,1.000000,0.050000
1782354282.809693,-1,0.002026,8.003772,SAFE_STAND,0.163001,0.010410,0.192620,-0.318788,0.257505,0.077638,0.202189,1.000000,0.050000
1782354282.830832,-1,0.002710,8.024149,SAFE_STAND,0.163561,0.010396,0.192617,-0.318806,0.257508,0.077638,0.202189,1.000000,0.050000
1782354282.851179,-1,0.002971,8.044233,SAFE_STAND,0.163569,0.010395,0.192682,-0.318802,0.257505,0.077638,0.200246,1.000000,0.050000
1782354282.870691,-1,0.002039,8.064672,SAFE_STAND,0.162664,0.010381,0.192685,-0.318810,0.257505,0.077637,0.202189,1.000000,0.050000
1782354282.891728,-1,0.002992,8.084797,SAFE_STAND,0.163989,0.010379,0.192695,-0.318809,0.257505,0.077638,0.202189,1.000000,0.050000
1782354282.910760,-1,0.001939,8.104836,SAFE_STAND,0.162498,0.010388,0.192755,-0.318837,0.257508,0.077639,0.202189,1.000000,0.050000
1782354282.930979,-1,0.002074,8.124919,SAFE_STAND,0.162568,0.010379,0.192747,-0.318859,0.257508,0.077638,0.202189,1.000000,0.050000
1782354282.952092,-1,0.002677,8.145432,SAFE_STAND,0.164027,0.010362,0.192750,-0.318909,0.257508,0.077639,0.202189,1.000000,0.050000
1782354282.971714,-1,0.002210,8.165525,SAFE_STAND,0.162646,0.010347,0.192745,-0.318901,0.257508,0.077638,0.202189,1.000000,0.050000
1782354282.992060,-1,0.002470,8.185612,SAFE_STAND,0.163306,0.010356,0.192739,-0.318873,0.257501,0.077638,0.200246,1.000000,0.050000
1782354283.012836,-1,0.002674,8.206231,SAFE_STAND,0.163389,0.010356,0.192752,-0.318868,0.257508,0.077636,0.202189,1.000000,0.050000
1782354283.032939,-1,0.002326,8.226885,SAFE_STAND,0.163446,0.010334,0.192720,-0.318884,0.257508,0.077638,0.202189,1.000000,0.050000
1782354283.052940,-1,0.001987,8.247029,SAFE_STAND,0.162911,0.010318,0.192770,-0.318922,0.257505,0.077637,0.202189,1.000000,0.050000
1782354283.073368,-1,0.002329,8.267062,SAFE_STAND,0.162912,0.010284,0.192785,-0.318964,0.257505,0.077637,0.202189,1.000000,0.050000
1782354283.093323,-1,0.002199,8.287179,SAFE_STAND,0.162775,0.010291,0.192774,-0.318900,0.257508,0.077637,0.202189,1.000000,0.050000
1782354283.113289,-1,0.002078,8.307272,SAFE_STAND,0.163350,0.010265,0.192760,-0.318895,0.257508,0.077638,0.202189,1.000000,0.050000
1782354283.133814,-1,0.002525,8.327608,SAFE_STAND,0.163504,0.010258,0.192753,-0.318931,0.257509,0.077639,0.202189,1.000000,0.050000
1782354283.152807,-1,0.001295,8.347538,SAFE_STAND,0.162555,0.010247,0.192736,-0.318947,0.257505,0.077638,0.204103,1.000000,0.050000
1782354283.173911,-1,0.002321,8.367577,SAFE_STAND,0.162768,0.010237,0.192795,-0.318970,0.257508,0.077638,0.200246,1.000000,0.050000
1782354283.193970,-1,0.002302,8.387700,SAFE_STAND,0.162821,0.010222,0.192755,-0.318932,0.257508,0.077638,0.200246,1.000000,0.050000
1782354283.214253,-1,0.002510,8.407811,SAFE_STAND,0.164023,0.010233,0.192736,-0.318916,0.257505,0.077636,0.202189,1.000000,0.050000
1782354283.233943,-1,0.002129,8.427889,SAFE_STAND,0.163584,0.010258,0.192717,-0.318889,0.257505,0.077637,0.202189,1.000000,0.050000
1782354283.254778,-1,0.002891,8.447925,SAFE_STAND,0.163990,0.010236,0.192723,-0.318937,0.257508,0.077639,0.202189,1.000000,0.050000
1782354283.274736,-1,0.002452,8.468296,SAFE_STAND,0.163298,0.010246,0.192719,-0.318952,0.257512,0.077638,0.202189,1.000000,0.050000
1782354283.293866,-1,0.001504,8.488392,SAFE_STAND,0.162204,0.010214,0.192724,-0.319003,0.257508,0.077638,0.200246,1.000000,0.050000
1782354283.315354,-1,0.002568,8.509137,SAFE_STAND,0.163580,0.010203,0.192712,-0.319011,0.257505,0.077636,0.202189,1.000000,0.050000
1782354283.334694,-1,0.001696,8.528973,SAFE_STAND,0.162475,0.010165,0.192739,-0.319051,0.257512,0.077638,0.204103,1.000000,0.050000
1782354283.355663,-1,0.002233,8.549407,SAFE_STAND,0.163615,0.010158,0.192742,-0.319074,0.257508,0.077639,0.202189,1.000000,0.050000
1782354283.375694,-1,0.002186,8.569484,SAFE_STAND,0.163443,0.010146,0.192769,-0.319044,0.257512,0.077639,0.202189,1.000000,0.050000
1782354283.396385,-1,0.002395,8.589975,SAFE_STAND,0.163158,0.010140,0.192765,-0.319029,0.257512,0.077639,0.202189,1.000000,0.050000
1782354283.416270,-1,0.002201,8.610039,SAFE_STAND,0.162899,0.010120,0.192788,-0.319002,0.257508,0.077639,0.202189,1.000000,0.050000
1782354283.436324,-1,0.002179,8.630121,SAFE_STAND,0.163180,0.010111,0.192755,-0.318995,0.257508,0.077639,0.204103,1.000000,0.050000
1782354283.455587,-1,0.001363,8.650212,SAFE_STAND,0.162397,0.010104,0.192771,-0.318975,0.257505,0.077637,0.202189,1.000000,0.050000
1782354283.476188,-1,0.001474,8.670720,SAFE_STAND,0.162596,0.010152,0.192833,-0.318934,0.257505,0.077637,0.202189,1.000000,0.050000
1782354283.496985,-1,0.001939,8.691023,SAFE_STAND,0.162661,0.010153,0.192876,-0.318949,0.257508,0.077637,0.202189,1.000000,0.050000
1782354283.517186,-1,0.002038,8.711332,SAFE_STAND,0.163300,0.010145,0.192886,-0.318941,0.257505,0.077637,0.202189,1.000000,0.050000
1782354283.537829,-1,0.002238,8.731568,SAFE_STAND,0.163151,0.010180,0.192910,-0.318920,0.257505,0.077637,0.202189,1.000000,0.050000
1782354283.557968,-1,0.002302,8.751649,SAFE_STAND,0.163122,0.010186,0.192933,-0.318906,0.257508,0.077638,0.202189,1.000000,0.050000
1782354283.578895,-1,0.002443,8.772436,SAFE_STAND,0.164162,0.010178,0.192981,-0.318935,0.257508,0.077638,0.202189,1.000000,0.050000
1782354283.598771,-1,0.002242,8.792514,SAFE_STAND,0.163093,0.010177,0.193047,-0.318916,0.257516,0.077638,0.202189,1.000000,0.050000
1782354283.618798,-1,0.002193,8.812588,SAFE_STAND,0.163605,0.010192,0.193064,-0.318870,0.257512,0.077637,0.202189,1.000000,0.050000
1782354283.639300,-1,0.002621,8.832654,SAFE_STAND,0.163823,0.010161,0.193058,-0.318851,0.257508,0.077637,0.202189,1.000000,0.050000
1782354283.660251,-1,0.003499,8.853066,SAFE_STAND,0.164407,0.010143,0.193040,-0.318852,0.257508,0.077637,0.200246,1.000000,0.050000
1782354283.679825,-1,0.002842,8.873030,SAFE_STAND,0.163840,0.010160,0.193076,-0.318863,0.257509,0.077638,0.202189,1.000000,0.050000
1782354283.700344,-1,0.002930,8.893440,SAFE_STAND,0.163917,0.010174,0.193120,-0.318829,0.257505,0.077638,0.202189,1.000000,0.050000
1782354283.721076,-1,0.003569,8.914022,SAFE_STAND,0.164852,0.010178,0.193125,-0.318821,0.257512,0.077638,0.202189,1.000000,0.050000
1782354283.740611,-1,0.002684,8.933967,SAFE_STAND,0.164184,0.010185,0.193158,-0.318820,0.257505,0.077637,0.202189,1.000000,0.050000
1782354283.760882,-1,0.002867,8.954077,SAFE_STAND,0.163740,0.010144,0.193176,-0.318854,0.257508,0.077637,0.200246,1.000000,0.050000
1782354283.780946,-1,0.002842,8.974205,SAFE_STAND,0.164024,0.010155,0.193238,-0.318918,0.257512,0.077638,0.202189,1.000000,0.050000
1782354283.800352,-1,0.002144,8.994533,SAFE_STAND,0.163647,0.010161,0.193273,-0.318922,0.257505,0.077635,0.202189,1.000000,0.050000
1782354283.821223,-1,0.002680,9.014614,SAFE_STAND,0.163528,0.010180,0.193293,-0.318942,0.257508,0.077637,0.202189,1.000000,0.050000
1782354283.842116,-1,0.003175,9.035359,SAFE_STAND,0.164948,0.010190,0.193260,-0.318876,0.257508,0.077637,0.202189,1.000000,0.050000
1782354283.862657,-1,0.003080,9.055666,SAFE_STAND,0.164166,0.010213,0.193254,-0.318838,0.257505,0.077637,0.202189,1.000000,0.050000
1782354283.882164,-1,0.002460,9.075865,SAFE_STAND,0.163873,0.010227,0.193243,-0.318771,0.257508,0.077637,0.202189,1.000000,0.050000
1782354283.902675,-1,0.002830,9.096215,SAFE_STAND,0.164850,0.010247,0.193278,-0.318724,0.257505,0.077637,0.202189,1.000000,0.050000
1782354283.922806,-1,0.002886,9.116321,SAFE_STAND,0.164722,0.010247,0.193296,-0.318735,0.257505,0.077635,0.202189,1.000000,0.050000
1782354283.942688,-1,0.002405,9.136324,SAFE_STAND,0.164181,0.010255,0.193290,-0.318733,0.257505,0.077637,0.202189,1.000000,0.050000
1782354283.963423,-1,0.002765,9.156701,SAFE_STAND,0.164048,0.010267,0.193277,-0.318709,0.257505,0.077637,0.202189,1.000000,0.050000
1782354283.983260,-1,0.002521,9.177117,SAFE_STAND,0.163486,0.010282,0.193297,-0.318708,0.257508,0.077637,0.202189,1.000000,0.050000
1782354284.003167,-1,0.002145,9.197062,SAFE_STAND,0.163105,0.010310,0.193318,-0.318637,0.257508,0.077637,0.202189,1.000000,0.050000
1782354284.023465,-1,0.002366,9.217127,SAFE_STAND,0.163320,0.010291,0.193330,-0.318667,0.257508,0.077637,0.202189,1.000000,0.050000
1782354284.043715,-1,0.002184,9.237730,SAFE_STAND,0.163422,0.010304,0.193331,-0.318674,0.257508,0.077637,0.202189,1.000000,0.050000
1782354284.064524,-1,0.002512,9.258071,SAFE_STAND,0.163932,0.010294,0.193359,-0.318666,0.257512,0.077637,0.202189,1.000000,0.050000
1782354284.085043,-1,0.002385,9.278712,SAFE_STAND,0.163324,0.010286,0.193332,-0.318651,0.257508,0.077638,0.202189,1.000000,0.050000
1782354284.105167,-1,0.002421,9.298821,SAFE_STAND,0.163364,0.010308,0.193360,-0.318622,0.257508,0.077636,0.202189,1.000000,0.050000
1782354284.125364,-1,0.002291,9.319336,SAFE_STAND,0.163639,0.010303,0.193434,-0.318671,0.257505,0.077637,0.202189,1.000000,0.050000
1782354284.145882,-1,0.002477,9.339471,SAFE_STAND,0.163565,0.010307,0.193451,-0.318651,0.257508,0.077637,0.202189,1.000000,0.050000
1782354284.166020,-1,0.002472,9.359558,SAFE_STAND,0.163549,0.010314,0.193488,-0.318675,0.257508,0.077638,0.202189,1.000000,0.050000
1782354284.186924,-1,0.002929,9.380041,SAFE_STAND,0.163951,0.010296,0.193480,-0.318667,0.257505,0.077635,0.202189,1.000000,0.050000
1782354284.207478,-1,0.003316,9.400258,SAFE_STAND,0.164638,0.010288,0.193481,-0.318635,0.257508,0.077637,0.202189,1.000000,0.050000
1782354284.227044,-1,0.002795,9.420335,SAFE_STAND,0.164343,0.010287,0.193532,-0.318644,0.257501,0.077636,0.202189,1.000000,0.050000
1782354284.248456,-1,0.003415,9.441178,SAFE_STAND,0.164646,0.010280,0.193554,-0.318680,0.257508,0.077638,0.202189,1.000000,0.050000
1782354284.268565,-1,0.003276,9.461460,SAFE_STAND,0.164741,0.010266,0.193509,-0.318657,0.257508,0.077637,0.204103,1.000000,0.050000
1782354284.288754,-1,0.002767,9.482069,SAFE_STAND,0.163799,0.010259,0.193511,-0.318684,0.257512,0.077637,0.202189,1.000000,0.050000
1782354284.309156,-1,0.002710,9.502769,SAFE_STAND,0.163672,0.010274,0.193536,-0.318629,0.257505,0.077637,0.202189,1.000000,0.050000
1782354284.329037,-1,0.002500,9.522830,SAFE_STAND,0.163936,0.010274,0.193548,-0.318639,0.257505,0.077636,0.202189,1.000000,0.050000
1782354284.349460,-1,0.002831,9.542754,SAFE_STAND,0.163840,0.010278,0.193541,-0.318621,0.257512,0.077637,0.202189,1.000000,0.050000
1782354284.369278,-1,0.002466,9.562883,SAFE_STAND,0.163304,0.010274,0.193544,-0.318622,0.257512,0.077637,0.202189,1.000000,0.050000
1782354284.389053,-1,0.002150,9.582964,SAFE_STAND,0.163445,0.010277,0.193518,-0.318639,0.257508,0.077637,0.202189,1.000000,0.050000
1782354284.410292,-1,0.002711,9.603641,SAFE_STAND,0.164250,0.010292,0.193545,-0.318607,0.257508,0.077637,0.202189,1.000000,0.050000
1782354284.430775,-1,0.003100,9.623772,SAFE_STAND,0.164354,0.010281,0.193590,-0.318622,0.257501,0.077634,0.202189,1.000000,0.050000
1782354284.450614,-1,0.002849,9.643847,SAFE_STAND,0.164516,0.010296,0.193580,-0.318653,0.257508,0.077638,0.202189,1.000000,0.050000
1782354284.471049,-1,0.002720,9.664403,SAFE_STAND,0.164368,0.010296,0.193589,-0.318639,0.257508,0.077636,0.202189,1.000000,0.050000
1782354284.492175,-1,0.003444,9.684852,SAFE_STAND,0.164829,0.010296,0.193578,-0.318645,0.257508,0.077637,0.202189,1.000000,0.050000
1782354284.511972,-1,0.002685,9.705367,SAFE_STAND,0.163845,0.010288,0.193616,-0.318601,0.257505,0.077635,0.202189,1.000000,0.050000
1782354284.532738,-1,0.003107,9.725952,SAFE_STAND,0.164415,0.010266,0.193616,-0.318592,0.257505,0.077636,0.202189,1.000000,0.050000
1782354284.552803,-1,0.002644,9.746256,SAFE_STAND,0.163663,0.010289,0.193643,-0.318591,0.257512,0.077638,0.202189,1.000000,0.050000
1782354284.572700,-1,0.002448,9.766324,SAFE_STAND,0.163374,0.010321,0.193659,-0.318524,0.257497,0.077636,0.202189,1.000000,0.050000
1782354284.592781,-1,0.002434,9.786412,SAFE_STAND,0.163889,0.010352,0.193676,-0.318446,0.257508,0.077636,0.202189,1.000000,0.050000
1782354284.613399,-1,0.002638,9.806841,SAFE_STAND,0.163338,0.010334,0.193695,-0.318461,0.257512,0.077636,0.200246,1.000000,0.050000
1782354284.634350,-1,0.003142,9.827491,SAFE_STAND,0.164505,0.010338,0.193711,-0.318417,0.257512,0.077638,0.202189,1.000000,0.050000
1782354284.654317,-1,0.002596,9.847804,SAFE_STAND,0.163596,0.010341,0.193678,-0.318454,0.257508,0.077637,0.202189,1.000000,0.050000
1782354284.675393,-1,0.003268,9.868230,SAFE_STAND,0.165230,0.010369,0.193690,-0.318447,0.257512,0.077636,0.202189,1.000000,0.050000
1782354284.695432,-1,0.002813,9.888719,SAFE_STAND,0.164522,0.010344,0.193703,-0.318437,0.257508,0.077636,0.202189,1.000000,0.050000
1782354284.716249,-1,0.003149,9.909375,SAFE_STAND,0.165199,0.010351,0.193758,-0.318434,0.257512,0.077637,0.202189,1.000000,0.050000
1782354284.736482,-1,0.003244,9.929292,SAFE_STAND,0.164634,0.010352,0.193726,-0.318430,0.257508,0.077635,0.202189,1.000000,0.050000
1782354284.755959,-1,0.002633,9.949375,SAFE_STAND,0.163971,0.010334,0.193735,-0.318428,0.257512,0.077637,0.200246,1.000000,0.050000
1782354284.776385,-1,0.002610,9.970060,SAFE_STAND,0.164589,0.010349,0.193748,-0.318417,0.257508,0.077635,0.204103,1.000000,0.050000
1782354284.796924,-1,0.002737,9.990257,SAFE_STAND,0.164361,0.010340,0.193746,-0.318420,0.257508,0.077637,0.202189,1.000000,0.050000
1782354284.816740,-1,0.002439,10.010408,SAFE_STAND,0.163700,0.010352,0.193716,-0.318426,0.257508,0.077636,0.202189,1.000000,0.050000
1782354284.836630,-1,0.002250,10.030521,SAFE_STAND,0.164452,0.010348,0.193690,-0.318402,0.257508,0.077637,0.204103,1.000000,0.050000
1782354284.857366,-1,0.002911,10.050444,SAFE_STAND,0.164058,0.010348,0.193699,-0.318402,0.257508,0.077637,0.202189,1.000000,0.050000
1782354284.877648,-1,0.003096,10.071031,SAFE_STAND,0.164947,0.010368,0.193733,-0.318378,0.257508,0.077636,0.202189,1.000000,0.050000
1782354284.898001,-1,0.002895,10.091244,SAFE_STAND,0.164517,0.010370,0.193718,-0.318416,0.257505,0.077636,0.202189,1.000000,0.050000
1782354284.917414,-1,0.002180,10.111238,SAFE_STAND,0.162896,0.010378,0.193733,-0.318436,0.257512,0.077638,0.202189,1.000000,0.050000
1782354284.938244,-1,0.002453,10.131866,SAFE_STAND,0.163427,0.010387,0.193767,-0.318450,0.257508,0.077635,0.202189,1.000000,0.050000
1782354284.958511,-1,0.002629,10.151911,SAFE_STAND,0.164004,0.010403,0.193765,-0.318417,0.257505,0.077636,0.200246,1.000000,0.050000
1782354284.979673,-1,0.003206,10.172539,SAFE_STAND,0.164847,0.010423,0.193772,-0.318429,0.257512,0.077636,0.202189,1.000000,0.050000
1782354284.998677,-1,0.002121,10.192659,SAFE_STAND,0.163143,0.010396,0.193815,-0.318462,0.257512,0.077637,0.202189,1.000000,0.050000
1782354285.019751,-1,0.003099,10.212711,SAFE_STAND,0.164495,0.010398,0.193834,-0.318464,0.257508,0.077636,0.202189,1.000000,0.050000
1782354285.039154,-1,0.002414,10.232779,SAFE_STAND,0.163966,0.010380,0.193812,-0.318448,0.257508,0.077635,0.202189,1.000000,0.050000
1782354285.060019,-1,0.002729,10.253390,SAFE_STAND,0.164463,0.010391,0.193815,-0.318461,0.257508,0.077635,0.202189,1.000000,0.050000
1782354285.080102,-1,0.002288,10.274219,SAFE_STAND,0.163796,0.010392,0.193836,-0.318441,0.257505,0.077634,0.202189,1.000000,0.050000
1782354285.100995,-1,0.002673,10.294425,SAFE_STAND,0.164422,0.010371,0.193856,-0.318459,0.257508,0.077635,0.202189,1.000000,0.050000
1782354285.121199,-1,0.002420,10.315177,SAFE_STAND,0.163684,0.010360,0.193815,-0.318481,0.257508,0.077637,0.202189,1.000000,0.050000
1782354285.141323,-1,0.002121,10.335217,SAFE_STAND,0.162789,0.010369,0.193797,-0.318504,0.257505,0.077634,0.200246,1.000000,0.050000
1782354285.162276,-1,0.002986,10.355354,SAFE_STAND,0.164247,0.010392,0.193792,-0.318484,0.257508,0.077636,0.202189,1.000000,0.050000
1782354285.183119,-1,0.003741,10.375519,SAFE_STAND,0.165617,0.010419,0.193821,-0.318430,0.257508,0.077635,0.202189,1.000000,0.050000
1782354285.202918,-1,0.003449,10.395916,SAFE_STAND,0.165097,0.010447,0.193857,-0.318410,0.257508,0.077636,0.202189,1.000000,0.050000
1782354285.222938,-1,0.003385,10.416005,SAFE_STAND,0.164988,0.010437,0.193806,-0.318429,0.257512,0.077636,0.202189,1.000000,0.050000
1782354285.243010,-1,0.003325,10.435850,SAFE_STAND,0.164787,0.010453,0.193796,-0.318373,0.257509,0.077637,0.202189,1.000000,0.050000
1782354285.262999,-1,0.003222,10.455887,SAFE_STAND,0.164664,0.010459,0.193746,-0.318383,0.257508,0.077634,0.202189,1.000000,0.050000
1782354285.283100,-1,0.003229,10.476121,SAFE_STAND,0.164622,0.010481,0.193743,-0.318366,0.257505,0.077635,0.202189,1.000000,0.050000
1782354285.303315,-1,0.001889,10.497469,SAFE_STAND,0.163134,0.010500,0.193766,-0.318343,0.257509,0.077636,0.202189,1.000000,0.050000
1782354285.324053,-1,0.002210,10.517946,SAFE_STAND,0.163688,0.010501,0.193783,-0.318336,0.257508,0.077635,0.202189,1.000000,0.050000
1782354285.344915,-1,0.002682,10.538534,SAFE_STAND,0.163865,0.010497,0.193760,-0.318346,0.257505,0.077634,0.202189,1.000000,0.050000
1782354285.364937,-1,0.002615,10.558385,SAFE_STAND,0.164328,0.010506,0.193732,-0.318361,0.257508,0.077636,0.202189,1.000000,0.050000
1782354285.386514,-1,0.003734,10.579116,SAFE_STAND,0.165371,0.010497,0.193697,-0.318347,0.257512,0.077636,0.202189,1.000000,0.050000
1782354285.405913,-1,0.002774,10.599216,SAFE_STAND,0.164492,0.010471,0.193676,-0.318340,0.257505,0.077636,0.202189,1.000000,0.050000
1782354285.426658,-1,0.003057,10.619629,SAFE_STAND,0.165451,0.010485,0.193686,-0.318287,0.257508,0.077636,0.202189,1.000000,0.050000
1782354285.446362,-1,0.002306,10.640083,SAFE_STAND,0.163522,0.010520,0.193648,-0.318246,0.257508,0.077636,0.202189,1.000000,0.050000
1782354285.466166,-1,0.002032,10.660127,SAFE_STAND,0.163020,0.010515,0.193633,-0.318254,0.257512,0.077638,0.202189,1.000000,0.050000
1782354285.486540,-1,0.002327,10.680215,SAFE_STAND,0.164021,0.010508,0.193640,-0.318231,0.257508,0.077635,0.202189,1.000000,0.050000
1782354285.507072,-1,0.002771,10.700400,SAFE_STAND,0.164002,0.010504,0.193652,-0.318248,0.257512,0.077637,0.202189,1.000000,0.050000
1782354285.528324,-1,0.003563,10.720911,SAFE_STAND,0.164691,0.010524,0.193661,-0.318234,0.257508,0.077635,0.202189,1.000000,0.050000
1782354285.548204,-1,0.003071,10.741179,SAFE_STAND,0.164508,0.010547,0.193633,-0.318255,0.257512,0.077635,0.202189,1.000000,0.050000
1782354285.567935,-1,0.002362,10.761573,SAFE_STAND,0.163343,0.010562,0.193619,-0.318281,0.257508,0.077637,0.200246,1.000000,0.050000
1782354285.588640,-1,0.002958,10.781767,SAFE_STAND,0.164601,0.010581,0.193663,-0.318279,0.257505,0.077636,0.202189,1.000000,0.050000
1782354285.609181,-1,0.003399,10.801840,SAFE_STAND,0.164689,0.010575,0.193673,-0.318272,0.257508,0.077637,0.202189,1.000000,0.050000
1782354285.629312,-1,0.002756,10.822624,SAFE_STAND,0.163547,0.010599,0.193675,-0.318264,0.257508,0.077637,0.202189,1.000000,0.050000
1782354285.650155,-1,0.002831,10.843381,SAFE_STAND,0.164626,0.010565,0.193689,-0.318313,0.257505,0.077636,0.202189,1.000000,0.050000
1782354285.670871,-1,0.003214,10.863990,SAFE_STAND,0.164639,0.010609,0.193711,-0.318305,0.257508,0.077637,0.202189,1.000000,0.050000
1782354285.690751,-1,0.003001,10.884238,SAFE_STAND,0.164578,0.010594,0.193726,-0.318314,0.257505,0.077636,0.202189,1.000000,0.050000
1782354285.710791,-1,0.002583,10.904325,SAFE_STAND,0.164466,0.010605,0.193711,-0.318335,0.257505,0.077634,0.202189,1.000000,0.050000
1782354285.731359,-1,0.003065,10.924395,SAFE_STAND,0.164743,0.010607,0.193725,-0.318286,0.257508,0.077636,0.202189,1.000000,0.050000
1782354285.750656,-1,0.002279,10.944484,SAFE_STAND,0.164162,0.010603,0.193720,-0.318262,0.257508,0.077635,0.202189,1.000000,0.050000
1782354285.771292,-1,0.002783,10.964903,SAFE_STAND,0.164299,0.010627,0.193755,-0.318257,0.257512,0.077636,0.202189,1.000000,0.050000
1782354285.791465,-1,0.002545,10.985022,SAFE_STAND,0.164425,0.010631,0.193796,-0.318247,0.257508,0.077635,0.202189,1.000000,0.050000
1782354285.812969,-1,0.003590,11.005876,SAFE_STAND,0.165456,0.010658,0.193757,-0.318244,0.257508,0.077636,0.202189,1.000000,0.050000
1782354285.832603,-1,0.002909,11.025759,SAFE_STAND,0.164844,0.010674,0.193738,-0.318190,0.257505,0.077636,0.202189,1.000000,0.050000
1782354285.852727,-1,0.002943,11.045827,SAFE_STAND,0.164316,0.010661,0.193738,-0.318181,0.257512,0.077636,0.202189,1.000000,0.050000
1782354285.872857,-1,0.002987,11.065912,SAFE_STAND,0.164354,0.010649,0.193732,-0.318171,0.257508,0.077636,0.202189,1.000000,0.050000
1782354285.892370,-1,0.002415,11.085986,SAFE_STAND,0.164378,0.010623,0.193728,-0.318192,0.257512,0.077637,0.204103,1.000000,0.050000
1782354285.912802,-1,0.002267,11.106629,SAFE_STAND,0.163252,0.010610,0.193696,-0.318144,0.257508,0.077633,0.202189,1.000000,0.050000
1782354285.932915,-1,0.002294,11.126638,SAFE_STAND,0.163255,0.010596,0.193681,-0.318162,0.257508,0.077635,0.202189,1.000000,0.050000
1782354285.952847,-1,0.002143,11.146718,SAFE_STAND,0.163328,0.010602,0.193674,-0.318133,0.257505,0.077634,0.202189,1.000000,0.050000
1782354285.972659,-1,0.001631,11.167028,SAFE_STAND,0.163223,0.010607,0.193681,-0.318131,0.257508,0.077634,0.202189,1.000000,0.050000
1782354285.992696,-1,0.001533,11.187143,SAFE_STAND,0.162586,0.010620,0.193678,-0.318140,0.257505,0.077633,0.202189,1.000000,0.050000
1782354286.012887,-1,0.001645,11.207232,SAFE_STAND,0.163031,0.010643,0.193691,-0.318168,0.257508,0.077637,0.202189,1.000000,0.050000
1782354286.033682,-1,0.002069,11.227600,SAFE_STAND,0.163723,0.010624,0.193681,-0.318157,0.257505,0.077635,0.202189,1.000000,0.050000
1782354286.053602,-1,0.001524,11.248144,SAFE_STAND,0.163016,0.010617,0.193677,-0.318166,0.257508,0.077636,0.202189,1.000000,0.050000
1782354286.074436,-1,0.002285,11.268124,SAFE_STAND,0.163555,0.010629,0.193650,-0.318119,0.257508,0.077635,0.202189,1.000000,0.050000
1782354286.094441,-1,0.002215,11.288251,SAFE_STAND,0.163355,0.010628,0.193629,-0.318089,0.257508,0.077635,0.202189,1.000000,0.050000
1782354286.114524,-1,0.001612,11.308896,SAFE_STAND,0.163029,0.010610,0.193630,-0.318119,0.257501,0.077634,0.202189,1.000000,0.050000
1782354286.136079,-1,0.002403,11.329683,SAFE_STAND,0.163728,0.010585,0.193615,-0.318153,0.257508,0.077635,0.202189,1.000000,0.050000
1782354286.156773,-1,0.002968,11.349872,SAFE_STAND,0.164271,0.010607,0.193641,-0.318161,0.257508,0.077636,0.202189,1.000000,0.050000
1782354286.176246,-1,0.002320,11.369967,SAFE_STAND,0.163804,0.010619,0.193585,-0.318142,0.257508,0.077634,0.202189,1.000000,0.050000
1782354286.197041,-1,0.002621,11.390547,SAFE_STAND,0.163659,0.010629,0.193563,-0.318160,0.257505,0.077635,0.202189,1.000000,0.050000
1782354286.217151,-1,0.002281,11.410904,SAFE_STAND,0.163714,0.010629,0.193549,-0.318164,0.257508,0.077635,0.202189,1.000000,0.050000
1782354286.237550,-1,0.002311,11.431261,SAFE_STAND,0.163592,0.010648,0.193564,-0.318175,0.257508,0.077635,0.202189,1.000000,0.050000
1782354286.257168,-1,0.001844,11.451365,SAFE_STAND,0.163051,0.010650,0.193570,-0.318174,0.257508,0.077635,0.202189,1.000000,0.050000
1782354286.279020,-1,0.003386,11.471773,SAFE_STAND,0.164943,0.010663,0.193549,-0.318169,0.257508,0.077636,0.202189,1.000000,0.050000
1782354286.298927,-1,0.003167,11.492158,SAFE_STAND,0.164686,0.010696,0.193561,-0.318122,0.257508,0.077636,0.202189,1.000000,0.050000
1782354286.318417,-1,0.002172,11.512343,SAFE_STAND,0.163382,0.010707,0.193580,-0.318146,0.257508,0.077636,0.202189,1.000000,0.050000
1782354286.338776,-1,0.002443,11.532355,SAFE_STAND,0.164106,0.010677,0.193600,-0.318152,0.257508,0.077635,0.202189,1.000000,0.050000
1782354286.359170,-1,0.002747,11.552446,SAFE_STAND,0.164008,0.010673,0.193561,-0.318152,0.257508,0.077635,0.202189,1.000000,0.050000
1782354286.379165,-1,0.002657,11.572532,SAFE_STAND,0.163899,0.010675,0.193588,-0.318095,0.257508,0.077635,0.202189,1.000000,0.050000
1782354286.399028,-1,0.002276,11.592765,SAFE_STAND,0.163325,0.010670,0.193577,-0.318137,0.257508,0.077635,0.202189,1.000000,0.050000
1782354286.418644,-1,0.001807,11.612868,SAFE_STAND,0.163111,0.010662,0.193594,-0.318179,0.257508,0.077635,0.202189,1.000000,0.050000
1782354286.440089,-1,0.002911,11.633193,SAFE_STAND,0.164173,0.010638,0.193595,-0.318202,0.257505,0.077635,0.202189,1.000000,0.050000
1782354286.459940,-1,0.002676,11.653282,SAFE_STAND,0.163833,0.010639,0.193596,-0.318167,0.257505,0.077635,0.202189,1.000000,0.050000
1782354286.480235,-1,0.002692,11.673585,SAFE_STAND,0.164747,0.010655,0.193579,-0.318145,0.257505,0.077634,0.204103,1.000000,0.050000
1782354286.500854,-1,0.002864,11.694026,SAFE_STAND,0.163902,0.010661,0.193600,-0.318163,0.257508,0.077635,0.200246,1.000000,0.050000
1782354286.520805,-1,0.002690,11.714441,SAFE_STAND,0.163978,0.010651,0.193574,-0.318190,0.257508,0.077635,0.202189,1.000000,0.050000
1782354286.540766,-1,0.002265,11.734516,SAFE_STAND,0.163186,0.010650,0.193585,-0.318192,0.257505,0.077635,0.202189,1.000000,0.050000
1782354286.561015,-1,0.002382,11.754714,SAFE_STAND,0.163809,0.010630,0.193547,-0.318193,0.257508,0.077636,0.202189,1.000000,0.050000
1782354286.581027,-1,0.001903,11.775159,SAFE_STAND,0.163206,0.010641,0.193531,-0.318172,0.257508,0.077635,0.202189,1.000000,0.050000
1782354286.601682,-1,0.002234,11.795480,SAFE_STAND,0.163176,0.010643,0.193520,-0.318154,0.257508,0.077635,0.202189,1.000000,0.050000
1782354286.621518,-1,0.001984,11.815564,SAFE_STAND,0.163378,0.010672,0.193574,-0.318125,0.257505,0.077634,0.202189,1.000000,0.050000
1782354286.642755,-1,0.003135,11.836005,SAFE_STAND,0.164216,0.010685,0.193548,-0.318076,0.257508,0.077635,0.200246,1.000000,0.050000
1782354286.662807,-1,0.002773,11.856064,SAFE_STAND,0.164030,0.010686,0.193569,-0.318079,0.257505,0.077632,0.202189,1.000000,0.050000
1782354286.683532,-1,0.003049,11.876722,SAFE_STAND,0.164056,0.010670,0.193600,-0.318101,0.257508,0.077635,0.200246,1.000000,0.050000
1782354286.702883,-1,0.001943,11.896974,SAFE_STAND,0.162964,0.010661,0.193604,-0.318075,0.257508,0.077636,0.202189,1.000000,0.050000
1782354286.723583,-1,0.002523,11.917097,SAFE_STAND,0.164138,0.010679,0.193568,-0.318081,0.257508,0.077635,0.202189,1.000000,0.050000
1782354286.744464,-1,0.002780,11.937710,SAFE_STAND,0.164541,0.010677,0.193528,-0.318060,0.257508,0.077635,0.202189,1.000000,0.050000
1782354286.764127,-1,0.002353,11.957807,SAFE_STAND,0.163282,0.010662,0.193546,-0.318079,0.257508,0.077636,0.202189,1.000000,0.050000
1782354286.784345,-1,0.002486,11.977890,SAFE_STAND,0.164225,0.010668,0.193547,-0.318048,0.257505,0.077634,0.202189,1.000000,0.050000
1782354286.804724,-1,0.002316,11.998457,SAFE_STAND,0.163239,0.010678,0.193555,-0.318004,0.257508,0.077634,0.202189,1.000000,0.050000
1782354286.825161,-1,0.002608,12.018594,SAFE_STAND,0.163746,0.010660,0.193581,-0.318029,0.257508,0.077635,0.202189,1.000000,0.050000
1782354286.845855,-1,0.002572,12.039327,SAFE_STAND,0.163874,0.010640,0.193578,-0.318066,0.257512,0.077636,0.202189,1.000000,0.050000
1782354286.865691,-1,0.002246,12.059437,SAFE_STAND,0.163427,0.010631,0.193586,-0.318054,0.257505,0.077633,0.202189,1.000000,0.050000
1782354286.886567,-1,0.002986,12.079580,SAFE_STAND,0.164110,0.010641,0.193552,-0.318013,0.257508,0.077635,0.202189,1.000000,0.050000
1782354286.906647,-1,0.002981,12.099694,SAFE_STAND,0.164237,0.010619,0.193528,-0.318007,0.257508,0.077635,0.202189,1.000000,0.050000
1782354286.926675,-1,0.002923,12.120014,SAFE_STAND,0.164790,0.010601,0.193528,-0.317994,0.257505,0.077634,0.202189,1.000000,0.050000
1782354286.947462,-1,0.003260,12.140213,SAFE_STAND,0.164682,0.010596,0.193512,-0.318032,0.257508,0.077635,0.202189,1.000000,0.050000
1782354286.966904,-1,0.002617,12.160301,SAFE_STAND,0.164672,0.010605,0.193548,-0.318043,0.257505,0.077635,0.204103,1.000000,0.050000
1782354286.986776,-1,0.002403,12.180405,SAFE_STAND,0.163632,0.010614,0.193570,-0.318005,0.257508,0.077633,0.200246,1.000000,0.050000
1782354287.007576,-1,0.002673,12.200985,SAFE_STAND,0.164362,0.010568,0.193537,-0.317998,0.257508,0.077633,0.202189,1.000000,0.050000
1782354287.028277,-1,0.002678,12.221606,SAFE_STAND,0.163818,0.010539,0.193562,-0.318025,0.257508,0.077634,0.202189,1.000000,0.050000
1782354287.048041,-1,0.001970,12.242077,SAFE_STAND,0.162808,0.010531,0.193601,-0.318029,0.257508,0.077634,0.202189,1.000000,0.050000
1782354287.068881,-1,0.002691,12.262196,SAFE_STAND,0.163973,0.010549,0.193593,-0.318014,0.257505,0.077635,0.202189,1.000000,0.050000
1782354287.088979,-1,0.002360,12.282634,SAFE_STAND,0.163290,0.010552,0.193604,-0.318004,0.257508,0.077635,0.202189,1.000000,0.050000
1782354287.109185,-1,0.002441,12.302762,SAFE_STAND,0.163459,0.010560,0.193590,-0.318000,0.257508,0.077635,0.202189,1.000000,0.050000
1782354287.129299,-1,0.002422,12.322907,SAFE_STAND,0.163966,0.010538,0.193587,-0.318004,0.257512,0.077637,0.202189,1.000000,0.050000
1782354287.149639,-1,0.002633,12.343381,SAFE_STAND,0.163702,0.010520,0.193592,-0.318032,0.257508,0.077635,0.202189,1.000000,0.050000
1782354287.170023,-1,0.002743,12.363301,SAFE_STAND,0.164546,0.010509,0.193605,-0.318040,0.257508,0.077636,0.202189,1.000000,0.050000
1782354287.190907,-1,0.003169,12.383788,SAFE_STAND,0.165233,0.010510,0.193671,-0.318027,0.257505,0.077634,0.202189,1.000000,0.050000
1782354287.211310,-1,0.003227,12.404175,SAFE_STAND,0.164655,0.010498,0.193675,-0.318083,0.257505,0.077633,0.202189,1.000000,0.050000
1782354287.231847,-1,0.003675,12.424314,SAFE_STAND,0.165121,0.010476,0.193672,-0.318096,0.257508,0.077636,0.202189,1.000000,0.050000
1782354287.252046,-1,0.003173,12.445040,SAFE_STAND,0.164583,0.010450,0.193657,-0.318117,0.257508,0.077634,0.202189,1.000000,0.050000
1782354287.271783,-1,0.002783,12.465112,SAFE_STAND,0.164493,0.010444,0.193641,-0.318102,0.257505,0.077635,0.202189,1.000000,0.050000
1782354287.291246,-1,0.002153,12.485128,SAFE_STAND,0.162977,0.010434,0.193603,-0.318091,0.257508,0.077633,0.202189,1.000000,0.050000
1782354287.312366,-1,0.003190,12.505207,SAFE_STAND,0.164629,0.010432,0.193601,-0.318049,0.257505,0.077635,0.202189,1.000000,0.050000
1782354287.332285,-1,0.002993,12.525376,SAFE_STAND,0.164478,0.010433,0.193628,-0.318073,0.257505,0.077634,0.202189,1.000000,0.050000
1782354287.352182,-1,0.002691,12.545528,SAFE_STAND,0.163697,0.010420,0.193645,-0.318107,0.257501,0.077634,0.202189,1.000000,0.050000
1782354287.371977,-1,0.002056,12.565949,SAFE_STAND,0.163003,0.010385,0.193624,-0.318155,0.257508,0.077635,0.202189,1.000000,0.050000
1782354287.392344,-1,0.002336,12.586042,SAFE_STAND,0.164130,0.010359,0.193575,-0.318156,0.257505,0.077634,0.204103,1.000000,0.050000
