timestamp,frame_id,loop_dt,redis_age,mode,risk_score,roll,pitch,yaw,max_tracking_error,rms_tracking_error,max_torque_ratio,ramp,deploy_action_scale
1782700967.693212,-1,0.002399,716.304544,SAFE_STAND,0.000000,0.011725,0.035979,0.177729,0.000000,0.000000,0.000000,1.000000,0.200000
1782700967.711835,-1,0.000571,inf,SAFE_STAND,0.000000,0.011706,0.035972,0.177730,0.000000,0.000000,0.000000,1.000000,0.200000
1782700967.731886,-1,0.000506,inf,SAFE_STAND,0.000000,0.011682,0.035984,0.177716,0.000000,0.000000,0.000000,1.000000,0.200000
1782700967.751900,-1,0.000443,inf,SAFE_STAND,0.000000,0.011704,0.036004,0.177664,0.000000,0.000000,0.000000,1.000000,0.200000
1782700967.772013,-1,0.000483,inf,SAFE_STAND,0.000000,0.011717,0.036006,0.177669,0.000000,0.000000,0.000000,1.000000,0.200000
1782700967.792804,-1,0.000792,inf,SAFE_STAND,0.000000,0.011677,0.035995,0.177622,0.000000,0.000000,0.000000,1.000000,0.200000
1782700967.813358,-1,0.000903,inf,SAFE_STAND,0.000000,0.011704,0.036000,0.177590,0.000000,0.000000,0.000000,1.000000,0.200000
1782700967.833432,-1,0.000893,inf,SAFE_STAND,0.000000,0.011706,0.036059,0.177600,0.000000,0.000000,0.000000,1.000000,0.200000
1782700967.853451,-1,0.000658,inf,SAFE_STAND,0.000000,0.011722,0.036045,0.177644,0.000000,0.000000,0.000000,1.000000,0.200000
1782700967.873558,-1,0.000681,inf,SAFE_STAND,0.000000,0.011720,0.036005,0.177615,0.000000,0.000000,0.000000,1.000000,0.200000
1782700967.893631,-1,0.000670,inf,SAFE_STAND,0.000000,0.011714,0.036012,0.177614,0.000000,0.000000,0.000000,1.000000,0.200000
1782700967.913949,-1,0.000898,inf,SAFE_STAND,0.000000,0.011721,0.036006,0.177572,0.000000,0.000000,0.000000,1.000000,0.200000
1782700967.934030,-1,0.000894,inf,SAFE_STAND,0.000000,0.011718,0.036013,0.177554,0.000000,0.000000,0.000000,1.000000,0.200000
1782700967.953892,-1,0.000673,inf,SAFE_STAND,0.000000,0.011702,0.036000,0.177535,0.000000,0.000000,0.000000,1.000000,0.200000
1782700967.974219,-1,0.000682,inf,SAFE_STAND,0.000000,0.011695,0.035979,0.177526,0.000000,0.000000,0.000000,1.000000,0.200000
1782700967.994847,-1,0.001004,inf,SAFE_STAND,0.000000,0.011707,0.035970,0.177510,0.000000,0.000000,0.000000,1.000000,0.200000
1782700968.014834,-1,0.000890,inf,SAFE_STAND,0.000000,0.011715,0.035947,0.177579,0.000000,0.000000,0.000000,1.000000,0.200000
1782700968.034796,-1,0.000654,inf,SAFE_STAND,0.000000,0.011710,0.035995,0.177544,0.000000,0.000000,0.000000,1.000000,0.200000
1782700968.054885,-1,0.000659,inf,SAFE_STAND,0.000000,0.011701,0.036011,0.177537,0.000000,0.000000,0.000000,1.000000,0.200000
1782700968.075459,-1,0.000912,inf,SAFE_STAND,0.000000,0.011697,0.036014,0.177520,0.000000,0.000000,0.000000,1.000000,0.200000
1782700968.095504,-1,0.000873,inf,SAFE_STAND,0.000000,0.011679,0.036023,0.177498,0.000000,0.000000,0.000000,1.000000,0.200000
1782700968.115592,-1,0.000879,inf,SAFE_STAND,0.000000,0.011675,0.036066,0.177487,0.000000,0.000000,0.000000,1.000000,0.200000
1782700968.135630,-1,0.000657,inf,SAFE_STAND,0.000000,0.011666,0.036036,0.177472,0.000000,0.000000,0.000000,1.000000,0.200000
1782700968.155940,-1,0.000659,inf,SAFE_STAND,0.000000,0.011672,0.036055,0.177476,0.000000,0.000000,0.000000,1.000000,0.200000
1782700968.176455,-1,0.000868,inf,SAFE_STAND,0.000000,0.011689,0.036032,0.177472,0.000000,0.000000,0.000000,1.000000,0.200000
1782700968.196668,-1,0.000891,716.807890,SAFE_STAND,0.000000,0.011716,0.036019,0.177511,0.000000,0.000000,0.000000,1.000000,0.200000
1782700968.216549,-1,0.000675,inf,SAFE_STAND,0.000000,0.011711,0.036022,0.177515,0.000000,0.000000,0.000000,1.000000,0.200000
1782700968.237226,-1,0.000884,inf,SAFE_STAND,0.000000,0.011722,0.035998,0.177582,0.000000,0.000000,0.000000,1.000000,0.200000
1782700968.257200,-1,0.000651,inf,SAFE_STAND,0.000000,0.011713,0.036037,0.177614,0.000000,0.000000,0.000000,1.000000,0.200000
1782700968.277280,-1,0.000650,inf,SAFE_STAND,0.000000,0.011732,0.036046,0.177676,0.000000,0.000000,0.000000,1.000000,0.200000
1782700968.297365,-1,0.000654,inf,SAFE_STAND,0.000000,0.011742,0.036041,0.177658,0.000000,0.000000,0.000000,1.000000,0.200000
1782700968.317903,-1,0.000860,inf,SAFE_STAND,0.000000,0.011746,0.036055,0.177659,0.000000,0.000000,0.000000,1.000000,0.200000
1782700968.338014,-1,0.000889,inf,SAFE_STAND,0.000000,0.011760,0.036077,0.177670,0.000000,0.000000,0.000000,1.000000,0.200000
1782700968.357898,-1,0.000604,inf,SAFE_STAND,0.000000,0.011744,0.036087,0.177667,0.000000,0.000000,0.000000,1.000000,0.200000
1782700968.377881,-1,0.000505,inf,SAFE_STAND,0.000000,0.011742,0.036089,0.177674,0.000000,0.000000,0.000000,1.000000,0.200000
1782700968.397899,-1,0.000450,inf,SAFE_STAND,0.000000,0.011759,0.036075,0.177666,0.000000,0.000000,0.000000,1.000000,0.200000
1782700968.417974,-1,0.000448,inf,SAFE_STAND,0.000000,0.011770,0.036049,0.177648,0.000000,0.000000,0.000000,1.000000,0.200000
1782700968.438439,-1,0.000416,inf,SAFE_STAND,0.000000,0.011729,0.036039,0.177611,0.000000,0.000000,0.000000,1.000000,0.200000
1782700968.458557,-1,0.000463,inf,SAFE_STAND,0.000000,0.011703,0.036066,0.177600,0.000000,0.000000,0.000000,1.000000,0.200000
1782700968.478657,-1,0.000486,inf,SAFE_STAND,0.000000,0.011698,0.036087,0.177612,0.000000,0.000000,0.000000,1.000000,0.200000
1782700968.498719,-1,0.000476,inf,SAFE_STAND,0.000000,0.011659,0.036091,0.177620,0.000000,0.000000,0.000000,1.000000,0.200000
1782700968.519218,-1,0.000463,inf,SAFE_STAND,0.000000,0.011665,0.036072,0.177645,0.000000,0.000000,0.000000,1.000000,0.200000
1782700968.539269,-1,0.000440,inf,SAFE_STAND,0.000000,0.011666,0.036067,0.177626,0.000000,0.000000,0.000000,1.000000,0.200000
1782700968.559353,-1,0.000452,inf,SAFE_STAND,0.000000,0.011663,0.036027,0.177627,0.000000,0.000000,0.000000,1.000000,0.200000
1782700968.579832,-1,0.000455,inf,SAFE_STAND,0.000000,0.011671,0.036001,0.177647,0.000000,0.000000,0.000000,1.000000,0.200000
1782700968.600282,-1,0.000719,inf,SAFE_STAND,0.000000,0.011652,0.036045,0.177659,0.000000,0.000000,0.000000,1.000000,0.200000
1782700968.620366,-1,0.000678,inf,SAFE_STAND,0.000000,0.011665,0.036042,0.177672,0.000000,0.000000,0.000000,1.000000,0.200000
1782700968.641009,-1,0.000946,inf,SAFE_STAND,0.000000,0.011673,0.036021,0.177680,0.000000,0.000000,0.000000,1.000000,0.200000
1782700968.660758,-1,0.000492,inf,SAFE_STAND,0.000000,0.011682,0.036000,0.177692,0.000000,0.000000,0.000000,1.000000,0.200000
1782700968.680820,-1,0.000452,inf,SAFE_STAND,0.000000,0.011667,0.035983,0.177717,0.000000,0.000000,0.000000,1.000000,0.200000
1782700968.701079,-1,0.000637,717.312486,SAFE_STAND,0.000000,0.011644,0.035951,0.177727,0.000000,0.000000,0.000000,1.000000,0.200000
1782700968.721806,-1,0.000868,inf,SAFE_STAND,0.000000,0.011660,0.035962,0.177712,0.000000,0.000000,0.000000,1.000000,0.200000
1782700968.741545,-1,0.000511,inf,SAFE_STAND,0.000000,0.011654,0.036013,0.177670,0.000000,0.000000,0.000000,1.000000,0.200000
1782700968.761592,-1,0.000475,inf,SAFE_STAND,0.000000,0.011680,0.036054,0.177665,0.000000,0.000000,0.000000,1.000000,0.200000
1782700968.781612,-1,0.000424,inf,SAFE_STAND,0.000000,0.011682,0.036053,0.177675,0.000000,0.000000,0.000000,1.000000,0.200000
1782700968.801694,-1,0.000436,inf,SAFE_STAND,0.000000,0.011668,0.036073,0.177716,0.000000,0.000000,0.000000,1.000000,0.200000
1782700968.822281,-1,0.000644,inf,SAFE_STAND,0.000000,0.011672,0.036080,0.177756,0.000000,0.000000,0.000000,1.000000,0.200000
1782700968.842216,-1,0.000425,inf,SAFE_STAND,0.000000,0.011682,0.036089,0.177762,0.000000,0.000000,0.000000,1.000000,0.200000
1782700968.862367,-1,0.000447,inf,SAFE_STAND,0.000000,0.011691,0.036049,0.177751,0.000000,0.000000,0.000000,1.000000,0.200000
1782700968.882404,-1,0.000412,inf,SAFE_STAND,0.000000,0.011653,0.036026,0.177767,0.000000,0.000000,0.000000,1.000000,0.200000
1782700968.902943,-1,0.000657,inf,SAFE_STAND,0.000000,0.011658,0.036075,0.177786,0.000000,0.000000,0.000000,1.000000,0.200000
1782700968.923266,-1,0.000737,inf,SAFE_STAND,0.000000,0.011703,0.036075,0.177794,0.000000,0.000000,0.000000,1.000000,0.200000
1782700968.943289,-1,0.000673,inf,SAFE_STAND,0.000000,0.011695,0.036077,0.177777,0.000000,0.000000,0.000000,1.000000,0.200000
1782700968.963822,-1,0.000889,inf,SAFE_STAND,0.000000,0.011677,0.036100,0.177783,0.000000,0.000000,0.000000,1.000000,0.200000
1782700968.983895,-1,0.000873,inf,SAFE_STAND,0.000000,0.011710,0.036154,0.177757,0.000000,0.000000,0.000000,1.000000,0.200000
1782700969.004017,-1,0.000704,inf,SAFE_STAND,0.000000,0.011715,0.036168,0.177737,0.000000,0.000000,0.000000,1.000000,0.200000
1782700969.024068,-1,0.000668,inf,SAFE_STAND,0.000000,0.011687,0.036200,0.177742,0.000000,0.000000,0.000000,1.000000,0.200000
1782700969.044593,-1,0.000875,inf,SAFE_STAND,0.000000,0.011700,0.036236,0.177728,0.000000,0.000000,0.000000,1.000000,0.200000
1782700969.064539,-1,0.000663,inf,SAFE_STAND,0.000000,0.011710,0.036229,0.177752,0.000000,0.000000,0.000000,1.000000,0.200000
1782700969.084630,-1,0.000672,inf,SAFE_STAND,0.000000,0.011706,0.036235,0.177704,0.000000,0.000000,0.000000,1.000000,0.200000
1782700969.104688,-1,0.000648,inf,SAFE_STAND,0.000000,0.011713,0.036231,0.177719,0.000000,0.000000,0.000000,1.000000,0.200000
1782700969.124774,-1,0.000652,inf,SAFE_STAND,0.000000,0.011698,0.036226,0.177742,0.000000,0.000000,0.000000,1.000000,0.200000
1782700969.145070,-1,0.000862,inf,SAFE_STAND,0.000000,0.011704,0.036255,0.177782,0.000000,0.000000,0.000000,1.000000,0.200000
1782700969.165181,-1,0.000879,inf,SAFE_STAND,0.000000,0.011695,0.036209,0.177834,0.000000,0.000000,0.000000,1.000000,0.200000
1782700969.185251,-1,0.000866,inf,SAFE_STAND,0.000000,0.011715,0.036236,0.177818,0.000000,0.000000,0.000000,1.000000,0.200000
1782700969.205523,-1,0.000857,717.816751,SAFE_STAND,0.000000,0.011722,0.036211,0.177838,0.000000,0.000000,0.000000,1.000000,0.200000
1782700969.225887,-1,0.000886,inf,SAFE_STAND,0.000000,0.011707,0.036172,0.177863,0.000000,0.000000,0.000000,1.000000,0.200000
1782700969.245952,-1,0.000867,inf,SAFE_STAND,0.000000,0.011709,0.036203,0.177843,0.000000,0.000000,0.000000,1.000000,0.200000
1782700969.266031,-1,0.000864,inf,SAFE_STAND,0.000000,0.011699,0.036190,0.177882,0.000000,0.000000,0.000000,1.000000,0.200000
1782700969.286089,-1,0.000695,inf,SAFE_STAND,0.000000,0.011672,0.036139,0.177907,0.000000,0.000000,0.000000,1.000000,0.200000
1782700969.306201,-1,0.000689,inf,SAFE_STAND,0.000000,0.011669,0.036087,0.177907,0.000000,0.000000,0.000000,1.000000,0.200000
1782700969.326794,-1,0.000916,inf,SAFE_STAND,0.000000,0.011688,0.036066,0.177921,0.000000,0.000000,0.000000,1.000000,0.200000
1782700969.346625,-1,0.000702,inf,SAFE_STAND,0.000000,0.011693,0.036057,0.177926,0.000000,0.000000,0.000000,1.000000,0.200000
1782700969.366589,-1,0.000419,inf,SAFE_STAND,0.000000,0.011703,0.036020,0.177885,0.000000,0.000000,0.000000,1.000000,0.200000
1782700969.386703,-1,0.000462,inf,SAFE_STAND,0.000000,0.011676,0.036009,0.177901,0.000000,0.000000,0.000000,1.000000,0.200000
1782700969.406788,-1,0.000474,inf,SAFE_STAND,0.000000,0.011682,0.036016,0.177954,0.000000,0.000000,0.000000,1.000000,0.200000
1782700969.426844,-1,0.000457,inf,SAFE_STAND,0.000000,0.011688,0.036001,0.177964,0.000000,0.000000,0.000000,1.000000,0.200000
1782700969.447201,-1,0.000739,inf,SAFE_STAND,0.000000,0.011694,0.036006,0.177998,0.000000,0.000000,0.000000,1.000000,0.200000
1782700969.467374,-1,0.000828,inf,SAFE_STAND,0.000000,0.011674,0.036016,0.178048,0.000000,0.000000,0.000000,1.000000,0.200000
1782700969.487146,-1,0.000453,inf,SAFE_STAND,0.000000,0.011651,0.035974,0.178042,0.000000,0.000000,0.000000,1.000000,0.200000
1782700969.507193,-1,0.000430,inf,SAFE_STAND,0.000000,0.011611,0.036013,0.178028,0.000000,0.000000,0.000000,1.000000,0.200000
1782700969.527560,-1,0.000690,inf,SAFE_STAND,0.000000,0.011619,0.036006,0.178068,0.000000,0.000000,0.000000,1.000000,0.200000
1782700969.548209,-1,0.000938,inf,SAFE_STAND,0.000000,0.011643,0.036015,0.178097,0.000000,0.000000,0.000000,1.000000,0.200000
1782700969.568322,-1,0.000926,inf,SAFE_STAND,0.000000,0.011662,0.035967,0.178129,0.000000,0.000000,0.000000,1.000000,0.200000
1782700969.588493,-1,0.000701,inf,SAFE_STAND,0.000000,0.011653,0.035916,0.178142,0.000000,0.000000,0.000000,1.000000,0.200000
1782700969.609129,-1,0.000971,inf,SAFE_STAND,0.000000,0.011657,0.035963,0.178148,0.000000,0.000000,0.000000,1.000000,0.200000
1782700969.629110,-1,0.000690,inf,SAFE_STAND,0.000000,0.011650,0.035961,0.178148,0.000000,0.000000,0.000000,1.000000,0.200000
1782700969.649756,-1,0.000973,inf,SAFE_STAND,0.000000,0.011613,0.035972,0.178210,0.000000,0.000000,0.000000,1.000000,0.200000
1782700969.669791,-1,0.000918,inf,SAFE_STAND,0.000000,0.011603,0.035929,0.178234,0.000000,0.000000,0.000000,1.000000,0.200000
1782700969.689872,-1,0.000914,inf,SAFE_STAND,0.000000,0.011615,0.035904,0.178274,0.000000,0.000000,0.000000,1.000000,0.200000
1782700969.710265,-1,0.001083,718.321330,SAFE_STAND,0.000000,0.011644,0.035906,0.178278,0.000000,0.000000,0.000000,1.000000,0.200000
1782700969.729786,-1,0.000518,inf,SAFE_STAND,0.000000,0.011633,0.035915,0.178279,0.000000,0.000000,0.000000,1.000000,0.200000
1782700969.749855,-1,0.000504,inf,SAFE_STAND,0.000000,0.011630,0.035901,0.178320,0.000000,0.000000,0.000000,1.000000,0.200000
1782700969.770468,-1,0.000471,inf,SAFE_STAND,0.000000,0.011642,0.035898,0.178378,0.000000,0.000000,0.000000,1.000000,0.200000
1782700969.790487,-1,0.000417,inf,SAFE_STAND,0.000000,0.011655,0.035917,0.178424,0.000000,0.000000,0.000000,1.000000,0.200000
1782700969.810618,-1,0.000476,inf,SAFE_STAND,0.000000,0.011644,0.035891,0.178419,0.000000,0.000000,0.000000,1.000000,0.200000
1782700969.831085,-1,0.000649,inf,SAFE_STAND,0.000000,0.011652,0.035964,0.178429,0.000000,0.000000,0.000000,1.000000,0.200000
1782700969.851146,-1,0.000479,inf,SAFE_STAND,0.000000,0.011657,0.035937,0.178460,0.000000,0.000000,0.000000,1.000000,0.200000
1782700969.871176,-1,0.000437,inf,SAFE_STAND,0.000000,0.011667,0.035877,0.178551,0.000000,0.000000,0.000000,1.000000,0.200000
1782700969.891223,-1,0.000411,inf,SAFE_STAND,0.000000,0.011679,0.035852,0.178557,0.000000,0.000000,0.000000,1.000000,0.200000
1782700969.911347,-1,0.000464,inf,SAFE_STAND,0.000000,0.011684,0.035842,0.178530,0.000000,0.000000,0.000000,1.000000,0.200000
1782700969.931615,-1,0.000658,inf,SAFE_STAND,0.000000,0.011688,0.035868,0.178510,0.000000,0.000000,0.000000,1.000000,0.200000
1782700969.951689,-1,0.000660,inf,SAFE_STAND,0.000000,0.011674,0.035855,0.178554,0.000000,0.000000,0.000000,1.000000,0.200000
1782700969.971712,-1,0.000447,inf,SAFE_STAND,0.000000,0.011681,0.035881,0.178575,0.000000,0.000000,0.000000,1.000000,0.200000
1782700969.991818,-1,0.000480,inf,SAFE_STAND,0.000000,0.011657,0.035909,0.178575,0.000000,0.000000,0.000000,1.000000,0.200000
1782700970.011863,-1,0.000454,inf,SAFE_STAND,0.000000,0.011637,0.035936,0.178551,0.000000,0.000000,0.000000,1.000000,0.200000
1782700970.031953,-1,0.000471,inf,SAFE_STAND,0.000000,0.011656,0.035972,0.178566,0.000000,0.000000,0.000000,1.000000,0.200000
1782700970.052629,-1,0.000716,inf,SAFE_STAND,0.000000,0.011679,0.035965,0.178605,0.000000,0.000000,0.000000,1.000000,0.200000
1782700970.072853,-1,0.000694,inf,SAFE_STAND,0.000000,0.011685,0.035972,0.178594,0.000000,0.000000,0.000000,1.000000,0.200000
1782700970.093405,-1,0.000916,inf,SAFE_STAND,0.000000,0.011684,0.035977,0.178586,0.000000,0.000000,0.000000,1.000000,0.200000
1782700970.113518,-1,0.000945,inf,SAFE_STAND,0.000000,0.011676,0.035975,0.178605,0.000000,0.000000,0.000000,1.000000,0.200000
1782700970.133433,-1,0.000689,inf,SAFE_STAND,0.000000,0.011643,0.035922,0.178576,0.000000,0.000000,0.000000,1.000000,0.200000
1782700970.153498,-1,0.000660,inf,SAFE_STAND,0.000000,0.011598,0.035914,0.178540,0.000000,0.000000,0.000000,1.000000,0.200000
1782700970.173658,-1,0.000693,inf,SAFE_STAND,0.000000,0.011607,0.035906,0.178540,0.000000,0.000000,0.000000,1.000000,0.200000
1782700970.193972,-1,0.000697,inf,SAFE_STAND,0.000000,0.011599,0.035913,0.178497,0.000000,0.000000,0.000000,1.000000,0.200000
1782700970.214034,-1,0.000617,718.825438,SAFE_STAND,0.000000,0.011578,0.035894,0.178517,0.000000,0.000000,0.000000,1.000000,0.200000
1782700970.233955,-1,0.000465,inf,SAFE_STAND,0.000000,0.011588,0.035891,0.178516,0.000000,0.000000,0.000000,1.000000,0.200000
1782700970.253996,-1,0.000432,inf,SAFE_STAND,0.000000,0.011566,0.035901,0.178468,0.000000,0.000000,0.000000,1.000000,0.200000
1782700970.274078,-1,0.000440,inf,SAFE_STAND,0.000000,0.011541,0.035871,0.178479,0.000000,0.000000,0.000000,1.000000,0.200000
1782700970.294121,-1,0.000407,inf,SAFE_STAND,0.000000,0.011532,0.035850,0.178455,0.000000,0.000000,0.000000,1.000000,0.200000
1782700970.314202,-1,0.000418,inf,SAFE_STAND,0.000000,0.011519,0.035831,0.178495,0.000000,0.000000,0.000000,1.000000,0.200000
1782700970.334629,-1,0.000468,inf,SAFE_STAND,0.000000,0.011527,0.035831,0.178564,0.000000,0.000000,0.000000,1.000000,0.200000
1782700970.354659,-1,0.000427,inf,SAFE_STAND,0.000000,0.011540,0.035809,0.178562,0.000000,0.000000,0.000000,1.000000,0.200000
1782700970.374884,-1,0.000579,inf,SAFE_STAND,0.000000,0.011543,0.035804,0.178554,0.000000,0.000000,0.000000,1.000000,0.200000
1782700970.394884,-1,0.000496,inf,SAFE_STAND,0.000000,0.011560,0.035797,0.178558,0.000000,0.000000,0.000000,1.000000,0.200000
1782700970.414908,-1,0.000434,inf,SAFE_STAND,0.000000,0.011562,0.035787,0.178584,0.000000,0.000000,0.000000,1.000000,0.200000
1782700970.435347,-1,0.000431,inf,SAFE_STAND,0.000000,0.011576,0.035811,0.178578,0.000000,0.000000,0.000000,1.000000,0.200000
1782700970.455429,-1,0.000442,inf,SAFE_STAND,0.000000,0.011582,0.035796,0.178569,0.000000,0.000000,0.000000,1.000000,0.200000
1782700970.475969,-1,0.000676,inf,SAFE_STAND,0.000000,0.011557,0.035790,0.178558,0.000000,0.000000,0.000000,1.000000,0.200000
1782700970.496134,-1,0.000768,inf,SAFE_STAND,0.000000,0.011568,0.035795,0.178550,0.000000,0.000000,0.000000,1.000000,0.200000
1782700970.516062,-1,0.000407,inf,SAFE_STAND,0.000000,0.011549,0.035786,0.178543,0.000000,0.000000,0.000000,1.000000,0.200000
1782700970.536221,-1,0.000439,inf,SAFE_STAND,0.000000,0.011555,0.035770,0.178570,0.000000,0.000000,0.000000,1.000000,0.200000
1782700970.556266,-1,0.000412,inf,SAFE_STAND,0.000000,0.011547,0.035748,0.178567,0.000000,0.000000,0.000000,1.000000,0.200000
1782700970.576354,-1,0.000427,inf,SAFE_STAND,0.000000,0.011557,0.035784,0.178538,0.000000,0.000000,0.000000,1.000000,0.200000
1782700970.596879,-1,0.000475,inf,SAFE_STAND,0.000000,0.011549,0.035802,0.178486,0.000000,0.000000,0.000000,1.000000,0.200000
1782700970.616912,-1,0.000434,inf,SAFE_STAND,0.000000,0.011546,0.035786,0.178481,0.000000,0.000000,0.000000,1.000000,0.200000
1782700970.636998,-1,0.000450,inf,SAFE_STAND,0.000000,0.011542,0.035783,0.178452,0.000000,0.000000,0.000000,1.000000,0.200000
1782700970.657485,-1,0.000636,inf,SAFE_STAND,0.000000,0.011521,0.035802,0.178442,0.000000,0.000000,0.000000,1.000000,0.200000
1782700970.677623,-1,0.000702,inf,SAFE_STAND,0.000000,0.011539,0.035754,0.178420,0.000000,0.000000,0.000000,1.000000,0.200000
1782700970.697599,-1,0.000426,inf,SAFE_STAND,0.000000,0.011540,0.035683,0.178453,0.000000,0.000000,0.000000,1.000000,0.200000
1782700970.717833,-1,0.000586,719.329260,SAFE_STAND,0.000000,0.011546,0.035730,0.178424,0.000000,0.000000,0.000000,1.000000,0.200000
1782700970.738404,-1,0.000859,inf,SAFE_STAND,0.000000,0.011550,0.035719,0.178429,0.000000,0.000000,0.000000,1.000000,0.200000
1782700970.758300,-1,0.000393,inf,SAFE_STAND,0.000000,0.011537,0.035693,0.178400,0.000000,0.000000,0.000000,1.000000,0.200000
1782700970.778406,-1,0.000429,inf,SAFE_STAND,0.000000,0.011532,0.035650,0.178360,0.000000,0.000000,0.000000,1.000000,0.200000
1782700970.798476,-1,0.000429,inf,SAFE_STAND,0.000000,0.011515,0.035681,0.178316,0.000000,0.000000,0.000000,1.000000,0.200000
1782700970.818542,-1,0.000425,inf,SAFE_STAND,0.000000,0.011518,0.035696,0.178300,0.000000,0.000000,0.000000,1.000000,0.200000
1782700970.838784,-1,0.000595,inf,SAFE_STAND,0.000000,0.011519,0.035720,0.178306,0.000000,0.000000,0.000000,1.000000,0.200000
1782700970.858882,-1,0.000595,inf,SAFE_STAND,0.000000,0.011504,0.035675,0.178295,0.000000,0.000000,0.000000,1.000000,0.200000
1782700970.878973,-1,0.000594,inf,SAFE_STAND,0.000000,0.011519,0.035685,0.178275,0.000000,0.000000,0.000000,1.000000,0.200000
1782700970.899138,-1,0.000667,inf,SAFE_STAND,0.000000,0.011520,0.035700,0.178262,0.000000,0.000000,0.000000,1.000000,0.200000
1782700970.919004,-1,0.000444,inf,SAFE_STAND,0.000000,0.011547,0.035670,0.178317,0.000000,0.000000,0.000000,1.000000,0.200000
1782700970.939045,-1,0.000413,inf,SAFE_STAND,0.000000,0.011548,0.035683,0.178330,0.000000,0.000000,0.000000,1.000000,0.200000
1782700970.959136,-1,0.000436,inf,SAFE_STAND,0.000000,0.011516,0.035734,0.178319,0.000000,0.000000,0.000000,1.000000,0.200000
1782700970.979776,-1,0.000780,inf,SAFE_STAND,0.000000,0.011514,0.035678,0.178379,0.000000,0.000000,0.000000,1.000000,0.200000
1782700970.999846,-1,0.000440,inf,SAFE_STAND,0.000000,0.011516,0.035618,0.178362,0.000000,0.000000,0.000000,1.000000,0.200000
1782700971.019975,-1,0.000498,inf,SAFE_STAND,0.000000,0.011534,0.035605,0.178381,0.000000,0.000000,0.000000,1.000000,0.200000
1782700971.040323,-1,0.000774,inf,SAFE_STAND,0.000000,0.011537,0.035574,0.178375,0.000000,0.000000,0.000000,1.000000,0.200000
1782700971.060614,-1,0.000975,inf,SAFE_STAND,0.000000,0.011512,0.035552,0.178289,0.000000,0.000000,0.000000,1.000000,0.200000
1782700971.080332,-1,0.000623,inf,SAFE_STAND,0.000000,0.011529,0.035561,0.178332,0.000000,0.000000,0.000000,1.000000,0.200000
1782700971.100272,-1,0.000420,inf,SAFE_STAND,0.000000,0.011520,0.035584,0.178346,0.000000,0.000000,0.000000,1.000000,0.200000
1782700971.120438,-1,0.000421,inf,SAFE_STAND,0.000000,0.011542,0.035559,0.178326,0.000000,0.000000,0.000000,1.000000,0.200000
1782700971.140494,-1,0.000408,inf,SAFE_STAND,0.000000,0.011556,0.035563,0.178279,0.000000,0.000000,0.000000,1.000000,0.200000
1782700971.160563,-1,0.000408,inf,SAFE_STAND,0.000000,0.011558,0.035559,0.178234,0.000000,0.000000,0.000000,1.000000,0.200000
1782700971.180848,-1,0.000626,inf,SAFE_STAND,0.000000,0.011553,0.035520,0.178214,0.000000,0.000000,0.000000,1.000000,0.200000
1782700971.201088,-1,0.000793,inf,SAFE_STAND,0.000000,0.011569,0.035542,0.178192,0.000000,0.000000,0.000000,1.000000,0.200000
1782700971.221147,-1,0.000779,719.832386,SAFE_STAND,0.000000,0.011555,0.035580,0.178166,0.000000,0.000000,0.000000,1.000000,0.200000
1782700971.240973,-1,0.000437,inf,SAFE_STAND,0.000000,0.011571,0.035606,0.178160,0.000000,0.000000,0.000000,1.000000,0.200000
1782700971.261052,-1,0.000443,inf,SAFE_STAND,0.000000,0.011565,0.035616,0.178112,0.000000,0.000000,0.000000,1.000000,0.200000
1782700971.281312,-1,0.000407,inf,SAFE_STAND,0.000000,0.011579,0.035604,0.178135,0.000000,0.000000,0.000000,1.000000,0.200000
1782700971.301620,-1,0.000412,inf,SAFE_STAND,0.000000,0.011591,0.035603,0.178134,0.000000,0.000000,0.000000,1.000000,0.200000
1782700971.321711,-1,0.000416,inf,SAFE_STAND,0.000000,0.011603,0.035591,0.178104,0.000000,0.000000,0.000000,1.000000,0.200000
1782700971.341779,-1,0.000415,inf,SAFE_STAND,0.000000,0.011600,0.035566,0.178067,0.000000,0.000000,0.000000,1.000000,0.200000
1782700971.361815,-1,0.000383,inf,SAFE_STAND,0.000000,0.011595,0.035566,0.178019,0.000000,0.000000,0.000000,1.000000,0.200000
1782700971.381912,-1,0.000412,inf,SAFE_STAND,0.000000,0.011593,0.035564,0.178030,0.000000,0.000000,0.000000,1.000000,0.200000
1782700971.402627,-1,0.000836,inf,SAFE_STAND,0.000000,0.011605,0.035604,0.177998,0.000000,0.000000,0.000000,1.000000,0.200000
1782700971.422612,-1,0.000447,inf,SAFE_STAND,0.000000,0.011593,0.035615,0.177961,0.000000,0.000000,0.000000,1.000000,0.200000
1782700971.442626,-1,0.000392,inf,SAFE_STAND,0.000000,0.011600,0.035566,0.177959,0.000000,0.000000,0.000000,1.000000,0.200000
1782700971.463063,-1,0.000434,inf,SAFE_STAND,0.000000,0.011599,0.035580,0.177933,0.000000,0.000000,0.000000,1.000000,0.200000
1782700971.483146,-1,0.000447,inf,SAFE_STAND,0.000000,0.011605,0.035592,0.177925,0.000000,0.000000,0.000000,1.000000,0.200000
1782700971.503200,-1,0.000417,inf,SAFE_STAND,0.000000,0.011581,0.035572,0.177876,0.000000,0.000000,0.000000,1.000000,0.200000
1782700971.523280,-1,0.000427,inf,SAFE_STAND,0.000000,0.011574,0.035591,0.177876,0.000000,0.000000,0.000000,1.000000,0.200000
1782700971.543326,-1,0.000404,inf,SAFE_STAND,0.000000,0.011567,0.035573,0.177836,0.000000,0.000000,0.000000,1.000000,0.200000
1782700971.563376,-1,0.000377,inf,SAFE_STAND,0.000000,0.011568,0.035527,0.177859,0.000000,0.000000,0.000000,1.000000,0.200000
1782700971.584098,-1,0.000818,inf,SAFE_STAND,0.000000,0.011569,0.035504,0.177846,0.000000,0.000000,0.000000,1.000000,0.200000
1782700971.603885,-1,0.000425,inf,SAFE_STAND,0.000000,0.011549,0.035493,0.177806,0.000000,0.000000,0.000000,1.000000,0.200000
1782700971.623953,-1,0.000422,inf,SAFE_STAND,0.000000,0.011570,0.035462,0.177787,0.000000,0.000000,0.000000,1.000000,0.200000
1782700971.644112,-1,0.000510,inf,SAFE_STAND,0.000000,0.011561,0.035460,0.177762,0.000000,0.000000,0.000000,1.000000,0.200000
1782700971.664693,-1,0.000784,inf,SAFE_STAND,0.000000,0.011568,0.035447,0.177768,0.000000,0.000000,0.000000,1.000000,0.200000
1782700971.684633,-1,0.000456,inf,SAFE_STAND,0.000000,0.011558,0.035448,0.177741,0.000000,0.000000,0.000000,1.000000,0.200000
1782700971.704689,-1,0.000439,inf,SAFE_STAND,0.000000,0.011533,0.035457,0.177703,0.000000,0.000000,0.000000,1.000000,0.200000
1782700971.724884,-1,0.000563,720.336327,SAFE_STAND,0.000000,0.011525,0.035416,0.177712,0.000000,0.000000,0.000000,1.000000,0.200000
1782700971.744832,-1,0.000437,inf,SAFE_STAND,0.000000,0.011522,0.035427,0.177667,0.000000,0.000000,0.000000,1.000000,0.200000
1782700971.765444,-1,0.000411,inf,SAFE_STAND,0.000000,0.011535,0.035369,0.177701,0.000000,0.000000,0.000000,1.000000,0.200000
1782700971.785517,-1,0.000413,inf,SAFE_STAND,0.000000,0.011547,0.035397,0.177735,0.000000,0.000000,0.000000,1.000000,0.200000
1782700971.805593,-1,0.000420,inf,SAFE_STAND,0.000000,0.011550,0.035412,0.177680,0.000000,0.000000,0.000000,1.000000,0.200000
1782700971.825671,-1,0.000425,inf,SAFE_STAND,0.000000,0.011540,0.035394,0.177675,0.000000,0.000000,0.000000,1.000000,0.200000
1782700971.846153,-1,0.000479,inf,SAFE_STAND,0.000000,0.011560,0.035375,0.177669,0.000000,0.000000,0.000000,1.000000,0.200000
1782700971.866201,-1,0.000438,inf,SAFE_STAND,0.000000,0.011571,0.035396,0.177682,0.000000,0.000000,0.000000,1.000000,0.200000
1782700971.886261,-1,0.000427,inf,SAFE_STAND,0.000000,0.011587,0.035427,0.177680,0.000000,0.000000,0.000000,1.000000,0.200000
1782700971.906342,-1,0.000437,inf,SAFE_STAND,0.000000,0.011590,0.035433,0.177699,0.000000,0.000000,0.000000,1.000000,0.200000
1782700971.926788,-1,0.000811,inf,SAFE_STAND,0.000000,0.011580,0.035450,0.177698,0.000000,0.000000,0.000000,1.000000,0.200000
1782700971.946702,-1,0.000638,inf,SAFE_STAND,0.000000,0.011578,0.035408,0.177706,0.000000,0.000000,0.000000,1.000000,0.200000
1782700971.966827,-1,0.000435,inf,SAFE_STAND,0.000000,0.011587,0.035405,0.177701,0.000000,0.000000,0.000000,1.000000,0.200000
1782700971.986904,-1,0.000442,inf,SAFE_STAND,0.000000,0.011590,0.035405,0.177665,0.000000,0.000000,0.000000,1.000000,0.200000
1782700972.007664,-1,0.000796,inf,SAFE_STAND,0.000000,0.011637,0.035401,0.177698,0.000000,0.000000,0.000000,1.000000,0.200000
1782700972.027603,-1,0.000442,inf,SAFE_STAND,0.000000,0.011644,0.035395,0.177667,0.000000,0.000000,0.000000,1.000000,0.200000
1782700972.047657,-1,0.000427,inf,SAFE_STAND,0.000000,0.011679,0.035440,0.177647,0.000000,0.000000,0.000000,1.000000,0.200000
1782700972.067739,-1,0.000439,inf,SAFE_STAND,0.000000,0.011664,0.035478,0.177643,0.000000,0.000000,0.000000,1.000000,0.200000
1782700972.087780,-1,0.000410,inf,SAFE_STAND,0.000000,0.011673,0.035502,0.177623,0.000000,0.000000,0.000000,1.000000,0.200000
1782700972.107854,-1,0.000413,inf,SAFE_STAND,0.000000,0.011688,0.035516,0.177589,0.000000,0.000000,0.000000,1.000000,0.200000
1782700972.128151,-1,0.000640,inf,SAFE_STAND,0.000000,0.011680,0.035510,0.177594,0.000000,0.000000,0.000000,1.000000,0.200000
1782700972.148235,-1,0.000654,inf,SAFE_STAND,0.000000,0.011682,0.035563,0.177573,0.000000,0.000000,0.000000,1.000000,0.200000
1782700972.168212,-1,0.000424,inf,SAFE_STAND,0.000000,0.011684,0.035566,0.177594,0.000000,0.000000,0.000000,1.000000,0.200000
1782700972.188287,-1,0.000427,inf,SAFE_STAND,0.000000,0.011681,0.035557,0.177606,0.000000,0.000000,0.000000,1.000000,0.200000
1782700972.208364,-1,0.000432,inf,SAFE_STAND,0.000000,0.011670,0.035537,0.177566,0.000000,0.000000,0.000000,1.000000,0.200000
1782700972.228770,-1,0.000767,720.840007,SAFE_STAND,0.000000,0.011670,0.035577,0.177567,0.000000,0.000000,0.000000,1.000000,0.200000
1782700972.249006,-1,0.000928,inf,SAFE_STAND,0.000000,0.011649,0.035569,0.177531,0.000000,0.000000,0.000000,1.000000,0.200000
1782700972.268811,-1,0.000646,inf,SAFE_STAND,0.000000,0.011653,0.035575,0.177513,0.000000,0.000000,0.000000,1.000000,0.200000
1782700972.288876,-1,0.000641,inf,SAFE_STAND,0.000000,0.011649,0.035587,0.177509,0.000000,0.000000,0.000000,1.000000,0.200000
1782700972.308767,-1,0.000434,inf,SAFE_STAND,0.000000,0.011683,0.035596,0.177524,0.000000,0.000000,0.000000,1.000000,0.200000
1782700972.328819,-1,0.000417,inf,SAFE_STAND,0.000000,0.011698,0.035615,0.177511,0.000000,0.000000,0.000000,1.000000,0.200000
1782700972.348905,-1,0.000433,inf,SAFE_STAND,0.000000,0.011697,0.035665,0.177482,0.000000,0.000000,0.000000,1.000000,0.200000
1782700972.369624,-1,0.000848,inf,SAFE_STAND,0.000000,0.011685,0.035654,0.177508,0.000000,0.000000,0.000000,1.000000,0.200000
1782700972.389802,-1,0.000634,inf,SAFE_STAND,0.000000,0.011710,0.035717,0.177544,0.000000,0.000000,0.000000,1.000000,0.200000
1782700972.409794,-1,0.000534,inf,SAFE_STAND,0.000000,0.011707,0.035716,0.177553,0.000000,0.000000,0.000000,1.000000,0.200000
1782700972.429770,-1,0.000428,inf,SAFE_STAND,0.000000,0.011724,0.035725,0.177552,0.000000,0.000000,0.000000,1.000000,0.200000
1782700972.449877,-1,0.000460,inf,SAFE_STAND,0.000000,0.011715,0.035754,0.177514,0.000000,0.000000,0.000000,1.000000,0.200000
1782700972.470131,-1,0.000424,inf,SAFE_STAND,0.000000,0.011705,0.035760,0.177514,0.000000,0.000000,0.000000,1.000000,0.200000
1782700972.490227,-1,0.000450,inf,SAFE_STAND,0.000000,0.011706,0.035795,0.177548,0.000000,0.000000,0.000000,1.000000,0.200000
1782700972.510289,-1,0.000438,inf,SAFE_STAND,0.000000,0.011719,0.035805,0.177598,0.000000,0.000000,0.000000,1.000000,0.200000
1782700972.530391,-1,0.000470,inf,SAFE_STAND,0.000000,0.011720,0.035814,0.177623,0.000000,0.000000,0.000000,1.000000,0.200000
1782700972.550425,-1,0.000428,inf,SAFE_STAND,0.000000,0.011733,0.035871,0.177680,0.000000,0.000000,0.000000,1.000000,0.200000
1782700972.570502,-1,0.000435,inf,SAFE_STAND,0.000000,0.011747,0.035872,0.177691,0.000000,0.000000,0.000000,1.000000,0.200000
1782700972.590896,-1,0.000755,inf,SAFE_STAND,0.000000,0.011751,0.035899,0.177708,0.000000,0.000000,0.000000,1.000000,0.200000
1782700972.610984,-1,0.000440,inf,SAFE_STAND,0.000000,0.011757,0.035917,0.177670,0.000000,0.000000,0.000000,1.000000,0.200000
1782700972.631032,-1,0.000415,inf,SAFE_STAND,0.000000,0.011746,0.035904,0.177605,0.000000,0.000000,0.000000,1.000000,0.200000
1782700972.651166,-1,0.000478,inf,SAFE_STAND,0.000000,0.011754,0.035859,0.177632,0.000000,0.000000,0.000000,1.000000,0.200000
1782700972.671658,-1,0.000666,inf,SAFE_STAND,0.000000,0.011757,0.035871,0.177629,0.000000,0.000000,0.000000,1.000000,0.200000
1782700972.691614,-1,0.000454,inf,SAFE_STAND,0.000000,0.011765,0.035905,0.177601,0.000000,0.000000,0.000000,1.000000,0.200000
1782700972.711667,-1,0.000436,inf,SAFE_STAND,0.000000,0.011769,0.035953,0.177601,0.000000,0.000000,0.000000,1.000000,0.200000
1782700972.731920,-1,0.000618,721.343367,SAFE_STAND,0.000000,0.011757,0.035998,0.177608,0.000000,0.000000,0.000000,1.000000,0.200000
1782700972.752099,-1,0.000721,inf,SAFE_STAND,0.000000,0.011753,0.036020,0.177625,0.000000,0.000000,0.000000,1.000000,0.200000
1782700972.772462,-1,0.000488,inf,SAFE_STAND,0.000000,0.011735,0.036013,0.177639,0.000000,0.000000,0.000000,1.000000,0.200000
1782700972.792493,-1,0.000443,inf,SAFE_STAND,0.000000,0.011743,0.036041,0.177608,0.000000,0.000000,0.000000,1.000000,0.200000
1782700972.812588,-1,0.000460,inf,SAFE_STAND,0.000000,0.011723,0.036038,0.177621,0.000000,0.000000,0.000000,1.000000,0.200000
1782700972.833094,-1,0.000667,inf,SAFE_STAND,0.000000,0.011692,0.036060,0.177652,0.000000,0.000000,0.000000,1.000000,0.200000
1782700972.853086,-1,0.000430,inf,SAFE_STAND,0.000000,0.011686,0.036070,0.177576,0.000000,0.000000,0.000000,1.000000,0.200000
1782700972.873145,-1,0.000420,inf,SAFE_STAND,0.000000,0.011696,0.036102,0.177613,0.000000,0.000000,0.000000,1.000000,0.200000
1782700972.893231,-1,0.000434,inf,SAFE_STAND,0.000000,0.011699,0.036106,0.177619,0.000000,0.000000,0.000000,1.000000,0.200000
1782700972.913299,-1,0.000431,inf,SAFE_STAND,0.000000,0.011689,0.036130,0.177592,0.000000,0.000000,0.000000,1.000000,0.200000
1782700972.933367,-1,0.000426,inf,SAFE_STAND,0.000000,0.011674,0.036150,0.177580,0.000000,0.000000,0.000000,1.000000,0.200000
1782700972.953815,-1,0.000798,inf,SAFE_STAND,0.000000,0.011674,0.036130,0.177576,0.000000,0.000000,0.000000,1.000000,0.200000
1782700972.973893,-1,0.000790,inf,SAFE_STAND,0.000000,0.011650,0.036190,0.177570,0.000000,0.000000,0.000000,1.000000,0.200000
1782700972.993833,-1,0.000503,inf,SAFE_STAND,0.000000,0.011666,0.036234,0.177599,0.000000,0.000000,0.000000,1.000000,0.200000
1782700973.013836,-1,0.000434,inf,SAFE_STAND,0.000000,0.011648,0.036231,0.177634,0.000000,0.000000,0.000000,1.000000,0.200000
1782700973.033928,-1,0.000455,inf,SAFE_STAND,0.000000,0.011653,0.036239,0.177670,0.000000,0.000000,0.000000,1.000000,0.200000
1782700973.054364,-1,0.000406,inf,SAFE_STAND,0.000000,0.011655,0.036243,0.177691,0.000000,0.000000,0.000000,1.000000,0.200000
1782700973.074478,-1,0.000431,inf,SAFE_STAND,0.000000,0.011672,0.036257,0.177707,0.000000,0.000000,0.000000,1.000000,0.200000
1782700973.094561,-1,0.000444,inf,SAFE_STAND,0.000000,0.011658,0.036263,0.177698,0.000000,0.000000,0.000000,1.000000,0.200000
1782700973.114575,-1,0.000388,inf,SAFE_STAND,0.000000,0.011644,0.036265,0.177699,0.000000,0.000000,0.000000,1.000000,0.200000
1782700973.134696,-1,0.000434,inf,SAFE_STAND,0.000000,0.011645,0.036253,0.177737,0.000000,0.000000,0.000000,1.000000,0.200000
1782700973.154974,-1,0.000634,inf,SAFE_STAND,0.000000,0.011658,0.036280,0.177764,0.000000,0.000000,0.000000,1.000000,0.200000
1782700973.175064,-1,0.000652,inf,SAFE_STAND,0.000000,0.011662,0.036271,0.177762,0.000000,0.000000,0.000000,1.000000,0.200000
1782700973.195114,-1,0.000462,inf,SAFE_STAND,0.000000,0.011652,0.036284,0.177775,0.000000,0.000000,0.000000,1.000000,0.200000
1782700973.215190,-1,0.000464,inf,SAFE_STAND,0.000000,0.011653,0.036282,0.177807,0.000000,0.000000,0.000000,1.000000,0.200000
1782700973.235830,-1,0.000816,721.847080,SAFE_STAND,0.000000,0.011646,0.036336,0.177803,0.000000,0.000000,0.000000,1.000000,0.200000
1782700973.255743,-1,0.000656,inf,SAFE_STAND,0.000000,0.011633,0.036375,0.177752,0.000000,0.000000,0.000000,1.000000,0.200000
1782700973.275791,-1,0.000633,inf,SAFE_STAND,0.000000,0.011633,0.036386,0.177704,0.000000,0.000000,0.000000,1.000000,0.200000
1782700973.295789,-1,0.000431,inf,SAFE_STAND,0.000000,0.011625,0.036401,0.177689,0.000000,0.000000,0.000000,1.000000,0.200000
1782700973.315824,-1,0.000397,inf,SAFE_STAND,0.000000,0.011606,0.036354,0.177712,0.000000,0.000000,0.000000,1.000000,0.200000
1782700973.335942,-1,0.000445,inf,SAFE_STAND,0.000000,0.011610,0.036370,0.177698,0.000000,0.000000,0.000000,1.000000,0.200000
1782700973.355961,-1,0.000395,inf,SAFE_STAND,0.000000,0.011587,0.036385,0.177709,0.000000,0.000000,0.000000,1.000000,0.200000
1782700973.376050,-1,0.000416,inf,SAFE_STAND,0.000000,0.011574,0.036384,0.177730,0.000000,0.000000,0.000000,1.000000,0.200000
1782700973.396638,-1,0.000715,inf,SAFE_STAND,0.000000,0.011567,0.036338,0.177745,0.000000,0.000000,0.000000,1.000000,0.200000
1782700973.416477,-1,0.000454,inf,SAFE_STAND,0.000000,0.011560,0.036298,0.177744,0.000000,0.000000,0.000000,1.000000,0.200000
1782700973.436511,-1,0.000412,inf,SAFE_STAND,0.000000,0.011573,0.036314,0.177752,0.000000,0.000000,0.000000,1.000000,0.200000
1782700973.456577,-1,0.000408,inf,SAFE_STAND,0.000000,0.011541,0.036310,0.177763,0.000000,0.000000,0.000000,1.000000,0.200000
1782700973.476650,-1,0.000414,inf,SAFE_STAND,0.000000,0.011536,0.036311,0.177782,0.000000,0.000000,0.000000,1.000000,0.200000
1782700973.497166,-1,0.000635,inf,SAFE_STAND,0.000000,0.011575,0.036348,0.177783,0.000000,0.000000,0.000000,1.000000,0.200000
1782700973.517225,-1,0.000406,inf,SAFE_STAND,0.000000,0.011582,0.036363,0.177775,0.000000,0.000000,0.000000,1.000000,0.200000
1782700973.537292,-1,0.000404,inf,SAFE_STAND,0.000000,0.011565,0.036395,0.177787,0.000000,0.000000,0.000000,1.000000,0.200000
1782700973.557810,-1,0.000630,inf,SAFE_STAND,0.000000,0.011569,0.036417,0.177749,0.000000,0.000000,0.000000,1.000000,0.200000
1782700973.577891,-1,0.000643,inf,SAFE_STAND,0.000000,0.011564,0.036456,0.177763,0.000000,0.000000,0.000000,1.000000,0.200000
1782700973.597961,-1,0.000644,inf,SAFE_STAND,0.000000,0.011558,0.036514,0.177763,0.000000,0.000000,0.000000,1.000000,0.200000
1782700973.617934,-1,0.000428,inf,SAFE_STAND,0.000000,0.011554,0.036589,0.177772,0.000000,0.000000,0.000000,1.000000,0.200000
1782700973.638000,-1,0.000426,inf,SAFE_STAND,0.000000,0.011585,0.036606,0.177800,0.000000,0.000000,0.000000,1.000000,0.200000
1782700973.658185,-1,0.000545,inf,SAFE_STAND,0.000000,0.011546,0.036607,0.177770,0.000000,0.000000,0.000000,1.000000,0.200000
1782700973.678146,-1,0.000430,inf,SAFE_STAND,0.000000,0.011558,0.036585,0.177787,0.000000,0.000000,0.000000,1.000000,0.200000
1782700973.698558,-1,0.000409,inf,SAFE_STAND,0.000000,0.011549,0.036609,0.177746,0.000000,0.000000,0.000000,1.000000,0.200000
1782700973.718637,-1,0.000418,inf,SAFE_STAND,0.000000,0.011555,0.036652,0.177777,0.000000,0.000000,0.000000,1.000000,0.200000
1782700973.739085,-1,0.000797,722.350298,SAFE_STAND,0.000000,0.011560,0.036677,0.177797,0.000000,0.000000,0.000000,1.000000,0.200000
1782700973.758795,-1,0.000435,inf,SAFE_STAND,0.000000,0.011543,0.036675,0.177764,0.000000,0.000000,0.000000,1.000000,0.200000
1782700973.779294,-1,0.000639,inf,SAFE_STAND,0.000000,0.011546,0.036672,0.177808,0.000000,0.000000,0.000000,1.000000,0.200000
1782700973.799364,-1,0.000470,inf,SAFE_STAND,0.000000,0.011563,0.036612,0.177858,0.000000,0.000000,0.000000,1.000000,0.200000
1782700973.819415,-1,0.000447,inf,SAFE_STAND,0.000000,0.011553,0.036600,0.177890,0.000000,0.000000,0.000000,1.000000,0.200000
1782700973.839432,-1,0.000392,inf,SAFE_STAND,0.000000,0.011543,0.036584,0.177926,0.000000,0.000000,0.000000,1.000000,0.200000
1782700973.859515,-1,0.000406,inf,SAFE_STAND,0.000000,0.011544,0.036582,0.177933,0.000000,0.000000,0.000000,1.000000,0.200000
1782700973.880044,-1,0.000643,inf,SAFE_STAND,0.000000,0.011535,0.036576,0.177912,0.000000,0.000000,0.000000,1.000000,0.200000
1782700973.899924,-1,0.000452,inf,SAFE_STAND,0.000000,0.011561,0.036558,0.177884,0.000000,0.000000,0.000000,1.000000,0.200000
1782700973.920194,-1,0.000421,inf,SAFE_STAND,0.000000,0.011566,0.036616,0.177871,0.000000,0.000000,0.000000,1.000000,0.200000
1782700973.940261,-1,0.000409,inf,SAFE_STAND,0.000000,0.011552,0.036613,0.177847,0.000000,0.000000,0.000000,1.000000,0.200000
1782700973.960778,-1,0.000635,inf,SAFE_STAND,0.000000,0.011540,0.036535,0.177859,0.000000,0.000000,0.000000,1.000000,0.200000
1782700973.980696,-1,0.000418,inf,SAFE_STAND,0.000000,0.011533,0.036537,0.177888,0.000000,0.000000,0.000000,1.000000,0.200000
1782700974.000760,-1,0.000413,inf,SAFE_STAND,0.000000,0.011552,0.036518,0.177939,0.000000,0.000000,0.000000,1.000000,0.200000
1782700974.020828,-1,0.000412,inf,SAFE_STAND,0.000000,0.011551,0.036546,0.177971,0.000000,0.000000,0.000000,1.000000,0.200000
1782700974.040905,-1,0.000421,inf,SAFE_STAND,0.000000,0.011549,0.036500,0.178023,0.000000,0.000000,0.000000,1.000000,0.200000
1782700974.061397,-1,0.000614,inf,SAFE_STAND,0.000000,0.011529,0.036489,0.178061,0.000000,0.000000,0.000000,1.000000,0.200000
1782700974.081281,-1,0.000393,inf,SAFE_STAND,0.000000,0.011521,0.036447,0.178097,0.000000,0.000000,0.000000,1.000000,0.200000
1782700974.101421,-1,0.000464,inf,SAFE_STAND,0.000000,0.011505,0.036446,0.178080,0.000000,0.000000,0.000000,1.000000,0.200000
1782700974.121415,-1,0.000386,inf,SAFE_STAND,0.000000,0.011506,0.036456,0.178098,0.000000,0.000000,0.000000,1.000000,0.200000
1782700974.141505,-1,0.000399,inf,SAFE_STAND,0.000000,0.011515,0.036443,0.178089,0.000000,0.000000,0.000000,1.000000,0.200000
1782700974.161597,-1,0.000422,inf,SAFE_STAND,0.000000,0.011506,0.036484,0.178059,0.000000,0.000000,0.000000,1.000000,0.200000
1782700974.181629,-1,0.000382,inf,SAFE_STAND,0.000000,0.011481,0.036477,0.178074,0.000000,0.000000,0.000000,1.000000,0.200000
1782700974.202193,-1,0.000518,inf,SAFE_STAND,0.000000,0.011481,0.036525,0.178113,0.000000,0.000000,0.000000,1.000000,0.200000
1782700974.222194,-1,0.000442,inf,SAFE_STAND,0.000000,0.011505,0.036550,0.178159,0.000000,0.000000,0.000000,1.000000,0.200000
1782700974.242393,-1,0.000566,722.853837,SAFE_STAND,0.000000,0.011516,0.036567,0.178153,0.000000,0.000000,0.000000,1.000000,0.200000
1782700974.262317,-1,0.000413,inf,SAFE_STAND,0.000000,0.011509,0.036621,0.178161,0.000000,0.000000,0.000000,1.000000,0.200000
1782700974.283031,-1,0.000843,inf,SAFE_STAND,0.000000,0.011514,0.036613,0.178190,0.000000,0.000000,0.000000,1.000000,0.200000
1782700974.302793,-1,0.000505,inf,SAFE_STAND,0.000000,0.011517,0.036636,0.178134,0.000000,0.000000,0.000000,1.000000,0.200000
1782700974.322856,-1,0.000492,inf,SAFE_STAND,0.000000,0.011505,0.036584,0.178143,0.000000,0.000000,0.000000,1.000000,0.200000
1782700974.342904,-1,0.000462,inf,SAFE_STAND,0.000000,0.011496,0.036583,0.178125,0.000000,0.000000,0.000000,1.000000,0.200000
1782700974.362983,-1,0.000468,inf,SAFE_STAND,0.000000,0.011468,0.036605,0.178093,0.000000,0.000000,0.000000,1.000000,0.200000
1782700974.383153,-1,0.000565,inf,SAFE_STAND,0.000000,0.011461,0.036612,0.178091,0.000000,0.000000,0.000000,1.000000,0.200000
1782700974.403596,-1,0.000926,inf,SAFE_STAND,0.000000,0.011466,0.036665,0.178108,0.000000,0.000000,0.000000,1.000000,0.200000
1782700974.423708,-1,0.000930,inf,SAFE_STAND,0.000000,0.011444,0.036660,0.178117,0.000000,0.000000,0.000000,1.000000,0.200000
1782700974.443520,-1,0.000495,inf,SAFE_STAND,0.000000,0.011444,0.036635,0.178069,0.000000,0.000000,0.000000,1.000000,0.200000
1782700974.463539,-1,0.000442,inf,SAFE_STAND,0.000000,0.011409,0.036604,0.178064,0.000000,0.000000,0.000000,1.000000,0.200000
1782700974.484147,-1,0.000750,inf,SAFE_STAND,0.000000,0.011410,0.036597,0.178111,0.000000,0.000000,0.000000,1.000000,0.200000
1782700974.504112,-1,0.000640,inf,SAFE_STAND,0.000000,0.011384,0.036608,0.178108,0.000000,0.000000,0.000000,1.000000,0.200000
1782700974.524297,-1,0.000751,inf,SAFE_STAND,0.000000,0.011400,0.036582,0.178078,0.000000,0.000000,0.000000,1.000000,0.200000
1782700974.544137,-1,0.000511,inf,SAFE_STAND,0.000000,0.011414,0.036618,0.178107,0.000000,0.000000,0.000000,1.000000,0.200000
1782700974.564276,-1,0.000485,inf,SAFE_STAND,0.000000,0.011427,0.036646,0.178088,0.000000,0.000000,0.000000,1.000000,0.200000
1782700974.584356,-1,0.000484,inf,SAFE_STAND,0.000000,0.011427,0.036675,0.178106,0.000000,0.000000,0.000000,1.000000,0.200000
1782700974.605075,-1,0.000792,inf,SAFE_STAND,0.000000,0.011419,0.036651,0.178103,0.000000,0.000000,0.000000,1.000000,0.200000
1782700974.624899,-1,0.000480,inf,SAFE_STAND,0.000000,0.011414,0.036612,0.178138,0.000000,0.000000,0.000000,1.000000,0.200000
1782700974.645126,-1,0.000491,inf,SAFE_STAND,0.000000,0.011407,0.036628,0.178163,0.000000,0.000000,0.000000,1.000000,0.200000
1782700974.665946,-1,0.000879,inf,SAFE_STAND,0.000000,0.011419,0.036599,0.178159,0.000000,0.000000,0.000000,1.000000,0.200000
1782700974.686094,-1,0.000684,inf,SAFE_STAND,0.000000,0.011423,0.036569,0.178142,0.000000,0.000000,0.000000,1.000000,0.200000
1782700974.706616,-1,0.000788,inf,SAFE_STAND,0.000000,0.011393,0.036569,0.178118,0.000000,0.000000,0.000000,1.000000,0.200000
1782700974.726756,-1,0.000835,inf,SAFE_STAND,0.000000,0.011376,0.036562,0.178138,0.000000,0.000000,0.000000,1.000000,0.200000
1782700974.746829,-1,0.000675,723.358208,SAFE_STAND,0.000000,0.011353,0.036603,0.178132,0.000000,0.000000,0.000000,1.000000,0.200000
1782700974.767123,-1,0.000887,inf,SAFE_STAND,0.000000,0.011359,0.036614,0.178124,0.000000,0.000000,0.000000,1.000000,0.200000
1782700974.786875,-1,0.000557,inf,SAFE_STAND,0.000000,0.011367,0.036590,0.178106,0.000000,0.000000,0.000000,1.000000,0.200000
1782700974.807467,-1,0.000641,inf,SAFE_STAND,0.000000,0.011356,0.036599,0.178047,0.000000,0.000000,0.000000,1.000000,0.200000
1782700974.827459,-1,0.000543,inf,SAFE_STAND,0.000000,0.011355,0.036610,0.178032,0.000000,0.000000,0.000000,1.000000,0.200000
1782700974.847453,-1,0.000445,inf,SAFE_STAND,0.000000,0.011364,0.036612,0.178009,0.000000,0.000000,0.000000,1.000000,0.200000
1782700974.867565,-1,0.000477,inf,SAFE_STAND,0.000000,0.011351,0.036630,0.178049,0.000000,0.000000,0.000000,1.000000,0.200000
1782700974.888041,-1,0.000503,inf,SAFE_STAND,0.000000,0.011348,0.036642,0.177998,0.000000,0.000000,0.000000,1.000000,0.200000
1782700974.908108,-1,0.000493,inf,SAFE_STAND,0.000000,0.011388,0.036672,0.178042,0.000000,0.000000,0.000000,1.000000,0.200000
1782700974.928151,-1,0.000460,inf,SAFE_STAND,0.000000,0.011389,0.036663,0.178071,0.000000,0.000000,0.000000,1.000000,0.200000
1782700974.948230,-1,0.000466,inf,SAFE_STAND,0.000000,0.011381,0.036668,0.178025,0.000000,0.000000,0.000000,1.000000,0.200000
1782700974.968313,-1,0.000469,inf,SAFE_STAND,0.000000,0.011381,0.036626,0.178015,0.000000,0.000000,0.000000,1.000000,0.200000
1782700974.988652,-1,0.000729,inf,SAFE_STAND,0.000000,0.011386,0.036644,0.177979,0.000000,0.000000,0.000000,1.000000,0.200000
1782700975.008761,-1,0.000753,inf,SAFE_STAND,0.000000,0.011389,0.036644,0.177975,0.000000,0.000000,0.000000,1.000000,0.200000
1782700975.028563,-1,0.000476,inf,SAFE_STAND,0.000000,0.011399,0.036628,0.177915,0.000000,0.000000,0.000000,1.000000,0.200000
1782700975.048627,-1,0.000452,inf,SAFE_STAND,0.000000,0.011396,0.036601,0.177917,0.000000,0.000000,0.000000,1.000000,0.200000
1782700975.068753,-1,0.000502,inf,SAFE_STAND,0.000000,0.011386,0.036566,0.177914,0.000000,0.000000,0.000000,1.000000,0.200000
1782700975.088793,-1,0.000467,inf,SAFE_STAND,0.000000,0.011378,0.036555,0.177883,0.000000,0.000000,0.000000,1.000000,0.200000
1782700975.108868,-1,0.000464,inf,SAFE_STAND,0.000000,0.011365,0.036547,0.177859,0.000000,0.000000,0.000000,1.000000,0.200000
1782700975.129369,-1,0.000657,inf,SAFE_STAND,0.000000,0.011342,0.036511,0.177855,0.000000,0.000000,0.000000,1.000000,0.200000
1782700975.149286,-1,0.000465,inf,SAFE_STAND,0.000000,0.011368,0.036499,0.177882,0.000000,0.000000,0.000000,1.000000,0.200000
1782700975.169340,-1,0.000445,inf,SAFE_STAND,0.000000,0.011382,0.036461,0.177887,0.000000,0.000000,0.000000,1.000000,0.200000
1782700975.189411,-1,0.000444,inf,SAFE_STAND,0.000000,0.011386,0.036457,0.177902,0.000000,0.000000,0.000000,1.000000,0.200000
1782700975.209542,-1,0.000501,inf,SAFE_STAND,0.000000,0.011387,0.036454,0.177892,0.000000,0.000000,0.000000,1.000000,0.200000
1782700975.229907,-1,0.000529,inf,SAFE_STAND,0.000000,0.011372,0.036463,0.177866,0.000000,0.000000,0.000000,1.000000,0.200000
1782700975.250179,-1,0.000637,723.861593,SAFE_STAND,0.000000,0.011369,0.036465,0.177828,0.000000,0.000000,0.000000,1.000000,0.200000
1782700975.270109,-1,0.000493,inf,SAFE_STAND,0.000000,0.011369,0.036428,0.177860,0.000000,0.000000,0.000000,1.000000,0.200000
1782700975.290269,-1,0.000575,inf,SAFE_STAND,0.000000,0.011374,0.036432,0.177870,0.000000,0.000000,0.000000,1.000000,0.200000
1782700975.310656,-1,0.000488,inf,SAFE_STAND,0.000000,0.011387,0.036422,0.177908,0.000000,0.000000,0.000000,1.000000,0.200000
1782700975.330842,-1,0.000430,inf,SAFE_STAND,0.000000,0.011384,0.036416,0.177881,0.000000,0.000000,0.000000,1.000000,0.200000
1782700975.350990,-1,0.000458,inf,SAFE_STAND,0.000000,0.011382,0.036424,0.177871,0.000000,0.000000,0.000000,1.000000,0.200000
1782700975.371093,-1,0.000433,inf,SAFE_STAND,0.000000,0.011379,0.036386,0.177921,0.000000,0.000000,0.000000,1.000000,0.200000
1782700975.391978,-1,0.000773,inf,SAFE_STAND,0.000000,0.011373,0.036426,0.177922,0.000000,0.000000,0.000000,1.000000,0.200000
1782700975.412669,-1,0.000949,inf,SAFE_STAND,0.000000,0.011374,0.036438,0.177960,0.000000,0.000000,0.000000,1.000000,0.200000
1782700975.432647,-1,0.000449,inf,SAFE_STAND,0.000000,0.011384,0.036439,0.178008,0.000000,0.000000,0.000000,1.000000,0.200000
1782700975.453020,-1,0.000695,inf,SAFE_STAND,0.000000,0.011383,0.036418,0.178057,0.000000,0.000000,0.000000,1.000000,0.200000
1782700975.473137,-1,0.000685,inf,SAFE_STAND,0.000000,0.011392,0.036400,0.178058,0.000000,0.000000,0.000000,1.000000,0.200000
1782700975.493214,-1,0.000685,inf,SAFE_STAND,0.000000,0.011407,0.036418,0.178074,0.000000,0.000000,0.000000,1.000000,0.200000
1782700975.513122,-1,0.000442,inf,SAFE_STAND,0.000000,0.011396,0.036393,0.178117,0.000000,0.000000,0.000000,1.000000,0.200000
1782700975.533197,-1,0.000438,inf,SAFE_STAND,0.000000,0.011416,0.036430,0.178127,0.000000,0.000000,0.000000,1.000000,0.200000
1782700975.553242,-1,0.000411,inf,SAFE_STAND,0.000000,0.011420,0.036438,0.178115,0.000000,0.000000,0.000000,1.000000,0.200000
1782700975.573313,-1,0.000407,inf,SAFE_STAND,0.000000,0.011395,0.036412,0.178064,0.000000,0.000000,0.000000,1.000000,0.200000
1782700975.594188,-1,0.000730,inf,SAFE_STAND,0.000000,0.011422,0.036394,0.178116,0.000000,0.000000,0.000000,1.000000,0.200000
1782700975.614801,-1,0.000935,inf,SAFE_STAND,0.000000,0.011395,0.036414,0.178118,0.000000,0.000000,0.000000,1.000000,0.200000
1782700975.634877,-1,0.000924,inf,SAFE_STAND,0.000000,0.011386,0.036472,0.178136,0.000000,0.000000,0.000000,1.000000,0.200000
1782700975.655025,-1,0.000986,inf,SAFE_STAND,0.000000,0.011377,0.036456,0.178125,0.000000,0.000000,0.000000,1.000000,0.200000
1782700975.675078,-1,0.000718,inf,SAFE_STAND,0.000000,0.011367,0.036466,0.178134,0.000000,0.000000,0.000000,1.000000,0.200000
1782700975.695626,-1,0.000929,inf,SAFE_STAND,0.000000,0.011380,0.036440,0.178135,0.000000,0.000000,0.000000,1.000000,0.200000
1782700975.715865,-1,0.001079,inf,SAFE_STAND,0.000000,0.011373,0.036436,0.178104,0.000000,0.000000,0.000000,1.000000,0.200000
1782700975.736217,-1,0.000977,inf,SAFE_STAND,0.000000,0.011380,0.036452,0.178060,0.000000,0.000000,0.000000,1.000000,0.200000
1782700975.756565,-1,0.001237,724.367425,SAFE_STAND,0.000000,0.011393,0.036484,0.178073,0.000000,0.000000,0.000000,1.000000,0.200000
1782700975.776302,-1,0.000889,inf,SAFE_STAND,0.000000,0.011390,0.036479,0.178077,0.000000,0.000000,0.000000,1.000000,0.200000
1782700975.796412,-1,0.000915,inf,SAFE_STAND,0.000000,0.011393,0.036437,0.178023,0.000000,0.000000,0.000000,1.000000,0.200000
1782700975.816534,-1,0.000723,inf,SAFE_STAND,0.000000,0.011416,0.036464,0.178032,0.000000,0.000000,0.000000,1.000000,0.200000
1782700975.836559,-1,0.000659,inf,SAFE_STAND,0.000000,0.011403,0.036471,0.178064,0.000000,0.000000,0.000000,1.000000,0.200000
1782700975.856861,-1,0.000871,inf,SAFE_STAND,0.000000,0.011403,0.036474,0.178072,0.000000,0.000000,0.000000,1.000000,0.200000
1782700975.876977,-1,0.000883,inf,SAFE_STAND,0.000000,0.011423,0.036525,0.178088,0.000000,0.000000,0.000000,1.000000,0.200000
1782700975.897049,-1,0.000872,inf,SAFE_STAND,0.000000,0.011423,0.036565,0.178047,0.000000,0.000000,0.000000,1.000000,0.200000
1782700975.917217,-1,0.000665,inf,SAFE_STAND,0.000000,0.011441,0.036564,0.178047,0.000000,0.000000,0.000000,1.000000,0.200000
1782700975.937871,-1,0.000875,inf,SAFE_STAND,0.000000,0.011437,0.036545,0.178032,0.000000,0.000000,0.000000,1.000000,0.200000
1782700975.957950,-1,0.000871,inf,SAFE_STAND,0.000000,0.011452,0.036541,0.178022,0.000000,0.000000,0.000000,1.000000,0.200000
1782700975.978044,-1,0.000652,inf,SAFE_STAND,0.000000,0.011467,0.036576,0.178022,0.000000,0.000000,0.000000,1.000000,0.200000
1782700975.998583,-1,0.000865,inf,SAFE_STAND,0.000000,0.011465,0.036573,0.178007,0.000000,0.000000,0.000000,1.000000,0.200000
1782700976.018676,-1,0.000874,inf,SAFE_STAND,0.000000,0.011449,0.036520,0.178015,0.000000,0.000000,0.000000,1.000000,0.200000
1782700976.038679,-1,0.000659,inf,SAFE_STAND,0.000000,0.011454,0.036501,0.178005,0.000000,0.000000,0.000000,1.000000,0.200000
1782700976.058794,-1,0.000692,inf,SAFE_STAND,0.000000,0.011480,0.036480,0.178022,0.000000,0.000000,0.000000,1.000000,0.200000
1782700976.079340,-1,0.000902,inf,SAFE_STAND,0.000000,0.011487,0.036427,0.178073,0.000000,0.000000,0.000000,1.000000,0.200000
1782700976.099497,-1,0.000938,inf,SAFE_STAND,0.000000,0.011482,0.036471,0.178072,0.000000,0.000000,0.000000,1.000000,0.200000
1782700976.119534,-1,0.000692,inf,SAFE_STAND,0.000000,0.011479,0.036487,0.178098,0.000000,0.000000,0.000000,1.000000,0.200000
1782700976.139903,-1,0.000927,inf,SAFE_STAND,0.000000,0.011477,0.036473,0.178123,0.000000,0.000000,0.000000,1.000000,0.200000
1782700976.160027,-1,0.000917,inf,SAFE_STAND,0.000000,0.011516,0.036431,0.178117,0.000000,0.000000,0.000000,1.000000,0.200000
1782700976.180165,-1,0.000928,inf,SAFE_STAND,0.000000,0.011539,0.036464,0.178110,0.000000,0.000000,0.000000,1.000000,0.200000
1782700976.200319,-1,0.000961,inf,SAFE_STAND,0.000000,0.011517,0.036445,0.178147,0.000000,0.000000,0.000000,1.000000,0.200000
1782700976.220439,-1,0.000691,inf,SAFE_STAND,0.000000,0.011502,0.036429,0.178080,0.000000,0.000000,0.000000,1.000000,0.200000
1782700976.241063,-1,0.000931,inf,SAFE_STAND,0.000000,0.011504,0.036431,0.178050,0.000000,0.000000,0.000000,1.000000,0.200000
1782700976.261669,-1,0.001150,724.872639,SAFE_STAND,0.000000,0.011529,0.036440,0.177996,0.000000,0.000000,0.000000,1.000000,0.200000
1782700976.281754,-1,0.001142,inf,SAFE_STAND,0.000000,0.011551,0.036426,0.178042,0.000000,0.000000,0.000000,1.000000,0.200000
1782700976.301815,-1,0.000658,inf,SAFE_STAND,0.000000,0.011557,0.036411,0.178084,0.000000,0.000000,0.000000,1.000000,0.200000
1782700976.321728,-1,0.000485,inf,SAFE_STAND,0.000000,0.011552,0.036464,0.178047,0.000000,0.000000,0.000000,1.000000,0.200000
1782700976.341776,-1,0.000456,inf,SAFE_STAND,0.000000,0.011533,0.036463,0.178055,0.000000,0.000000,0.000000,1.000000,0.200000
1782700976.362120,-1,0.000680,inf,SAFE_STAND,0.000000,0.011542,0.036480,0.178022,0.000000,0.000000,0.000000,1.000000,0.200000
1782700976.382264,-1,0.000696,inf,SAFE_STAND,0.000000,0.011560,0.036508,0.178039,0.000000,0.000000,0.000000,1.000000,0.200000
1782700976.402351,-1,0.000659,inf,SAFE_STAND,0.000000,0.011544,0.036521,0.178008,0.000000,0.000000,0.000000,1.000000,0.200000
1782700976.422467,-1,0.000625,inf,SAFE_STAND,0.000000,0.011566,0.036507,0.178013,0.000000,0.000000,0.000000,1.000000,0.200000
1782700976.442440,-1,0.000508,inf,SAFE_STAND,0.000000,0.011592,0.036509,0.178022,0.000000,0.000000,0.000000,1.000000,0.200000
1782700976.462521,-1,0.000502,inf,SAFE_STAND,0.000000,0.011613,0.036482,0.178029,0.000000,0.000000,0.000000,1.000000,0.200000
1782700976.482586,-1,0.000485,inf,SAFE_STAND,0.000000,0.011588,0.036439,0.177968,0.000000,0.000000,0.000000,1.000000,0.200000
1782700976.503118,-1,0.000935,inf,SAFE_STAND,0.000000,0.011588,0.036437,0.177972,0.000000,0.000000,0.000000,1.000000,0.200000
1782700976.522975,-1,0.000716,inf,SAFE_STAND,0.000000,0.011586,0.036502,0.177955,0.000000,0.000000,0.000000,1.000000,0.200000
1782700976.543026,-1,0.000512,inf,SAFE_STAND,0.000000,0.011614,0.036511,0.177931,0.000000,0.000000,0.000000,1.000000,0.200000
1782700976.563060,-1,0.000467,inf,SAFE_STAND,0.000000,0.011622,0.036551,0.177893,0.000000,0.000000,0.000000,1.000000,0.200000
1782700976.583202,-1,0.000534,inf,SAFE_STAND,0.000000,0.011617,0.036537,0.177886,0.000000,0.000000,0.000000,1.000000,0.200000
1782700976.603791,-1,0.000820,inf,SAFE_STAND,0.000000,0.011617,0.036558,0.177859,0.000000,0.000000,0.000000,1.000000,0.200000
1782700976.623763,-1,0.000712,inf,SAFE_STAND,0.000000,0.011639,0.036572,0.177854,0.000000,0.000000,0.000000,1.000000,0.200000
1782700976.643608,-1,0.000479,inf,SAFE_STAND,0.000000,0.011652,0.036525,0.177853,0.000000,0.000000,0.000000,1.000000,0.200000
1782700976.663709,-1,0.000456,inf,SAFE_STAND,0.000000,0.011654,0.036540,0.177852,0.000000,0.000000,0.000000,1.000000,0.200000
1782700976.683753,-1,0.000426,inf,SAFE_STAND,0.000000,0.011644,0.036540,0.177861,0.000000,0.000000,0.000000,1.000000,0.200000
1782700976.704435,-1,0.000814,inf,SAFE_STAND,0.000000,0.011651,0.036534,0.177865,0.000000,0.000000,0.000000,1.000000,0.200000
1782700976.724364,-1,0.000438,inf,SAFE_STAND,0.000000,0.011600,0.036505,0.177858,0.000000,0.000000,0.000000,1.000000,0.200000
1782700976.744540,-1,0.000542,inf,SAFE_STAND,0.000000,0.011599,0.036499,0.177840,0.000000,0.000000,0.000000,1.000000,0.200000
1782700976.765079,-1,0.000788,725.376299,SAFE_STAND,0.000000,0.011605,0.036525,0.177893,0.000000,0.000000,0.000000,1.000000,0.200000
1782700976.785139,-1,0.000730,inf,SAFE_STAND,0.000000,0.011607,0.036469,0.177900,0.000000,0.000000,0.000000,1.000000,0.200000
1782700976.805210,-1,0.000674,inf,SAFE_STAND,0.000000,0.011596,0.036457,0.177913,0.000000,0.000000,0.000000,1.000000,0.200000
1782700976.825164,-1,0.000424,inf,SAFE_STAND,0.000000,0.011590,0.036441,0.177873,0.000000,0.000000,0.000000,1.000000,0.200000
1782700976.845304,-1,0.000491,inf,SAFE_STAND,0.000000,0.011569,0.036416,0.177841,0.000000,0.000000,0.000000,1.000000,0.200000
1782700976.865823,-1,0.000929,inf,SAFE_STAND,0.000000,0.011559,0.036384,0.177796,0.000000,0.000000,0.000000,1.000000,0.200000
1782700976.885847,-1,0.000876,inf,SAFE_STAND,0.000000,0.011565,0.036345,0.177844,0.000000,0.000000,0.000000,1.000000,0.200000
1782700976.905821,-1,0.000768,inf,SAFE_STAND,0.000000,0.011583,0.036397,0.177799,0.000000,0.000000,0.000000,1.000000,0.200000
1782700976.925910,-1,0.000742,inf,SAFE_STAND,0.000000,0.011580,0.036355,0.177820,0.000000,0.000000,0.000000,1.000000,0.200000
1782700976.945867,-1,0.000591,inf,SAFE_STAND,0.000000,0.011595,0.036369,0.177783,0.000000,0.000000,0.000000,1.000000,0.200000
1782700976.965920,-1,0.000515,inf,SAFE_STAND,0.000000,0.011614,0.036391,0.177777,0.000000,0.000000,0.000000,1.000000,0.200000
1782700976.986544,-1,0.000683,inf,SAFE_STAND,0.000000,0.011615,0.036406,0.177745,0.000000,0.000000,0.000000,1.000000,0.200000
1782700977.006482,-1,0.000451,inf,SAFE_STAND,0.000000,0.011615,0.036427,0.177736,0.000000,0.000000,0.000000,1.000000,0.200000
1782700977.026556,-1,0.000439,inf,SAFE_STAND,0.000000,0.011626,0.036463,0.177723,0.000000,0.000000,0.000000,1.000000,0.200000
1782700977.046711,-1,0.000483,inf,SAFE_STAND,0.000000,0.011605,0.036490,0.177726,0.000000,0.000000,0.000000,1.000000,0.200000
1782700977.067323,-1,0.000707,inf,SAFE_STAND,0.000000,0.011623,0.036503,0.177724,0.000000,0.000000,0.000000,1.000000,0.200000
1782700977.087390,-1,0.000432,inf,SAFE_STAND,0.000000,0.011625,0.036548,0.177681,0.000000,0.000000,0.000000,1.000000,0.200000
1782700977.107509,-1,0.000426,inf,SAFE_STAND,0.000000,0.011617,0.036533,0.177685,0.000000,0.000000,0.000000,1.000000,0.200000
1782700977.127924,-1,0.000709,inf,SAFE_STAND,0.000000,0.011618,0.036498,0.177716,0.000000,0.000000,0.000000,1.000000,0.200000
1782700977.147978,-1,0.000428,inf,SAFE_STAND,0.000000,0.011616,0.036527,0.177723,0.000000,0.000000,0.000000,1.000000,0.200000
1782700977.168078,-1,0.000455,inf,SAFE_STAND,0.000000,0.011591,0.036572,0.177731,0.000000,0.000000,0.000000,1.000000,0.200000
1782700977.188209,-1,0.000461,inf,SAFE_STAND,0.000000,0.011596,0.036611,0.177716,0.000000,0.000000,0.000000,1.000000,0.200000
1782700977.208373,-1,0.000550,inf,SAFE_STAND,0.000000,0.011629,0.036665,0.177689,0.000000,0.000000,0.000000,1.000000,0.200000
1782700977.228767,-1,0.000645,inf,SAFE_STAND,0.000000,0.011635,0.036683,0.177703,0.000000,0.000000,0.000000,1.000000,0.200000
1782700977.248769,-1,0.000493,inf,SAFE_STAND,0.000000,0.011636,0.036698,0.177697,0.000000,0.000000,0.000000,1.000000,0.200000
1782700977.268934,-1,0.000582,725.880356,SAFE_STAND,0.000000,0.011639,0.036736,0.177717,0.000000,0.000000,0.000000,1.000000,0.200000
1782700977.288815,-1,0.000389,inf,SAFE_STAND,0.000000,0.011645,0.036709,0.177715,0.000000,0.000000,0.000000,1.000000,0.200000
1782700977.308949,-1,0.000452,inf,SAFE_STAND,0.000000,0.011630,0.036751,0.177686,0.000000,0.000000,0.000000,1.000000,0.200000
1782700977.329325,-1,0.000751,inf,SAFE_STAND,0.000000,0.011641,0.036744,0.177688,0.000000,0.000000,0.000000,1.000000,0.200000
1782700977.349302,-1,0.000656,inf,SAFE_STAND,0.000000,0.011644,0.036756,0.177694,0.000000,0.000000,0.000000,1.000000,0.200000
1782700977.369357,-1,0.000453,inf,SAFE_STAND,0.000000,0.011602,0.036786,0.177684,0.000000,0.000000,0.000000,1.000000,0.200000
1782700977.389437,-1,0.000459,inf,SAFE_STAND,0.000000,0.011591,0.036785,0.177678,0.000000,0.000000,0.000000,1.000000,0.200000
1782700977.409510,-1,0.000455,inf,SAFE_STAND,0.000000,0.011599,0.036813,0.177707,0.000000,0.000000,0.000000,1.000000,0.200000
1782700977.429573,-1,0.000449,inf,SAFE_STAND,0.000000,0.011582,0.036825,0.177730,0.000000,0.000000,0.000000,1.000000,0.200000
1782700977.449626,-1,0.000429,inf,SAFE_STAND,0.000000,0.011579,0.036818,0.177709,0.000000,0.000000,0.000000,1.000000,0.200000
1782700977.470088,-1,0.000414,inf,SAFE_STAND,0.000000,0.011560,0.036824,0.177749,0.000000,0.000000,0.000000,1.000000,0.200000
1782700977.490222,-1,0.000476,inf,SAFE_STAND,0.000000,0.011585,0.036781,0.177708,0.000000,0.000000,0.000000,1.000000,0.200000
1782700977.510283,-1,0.000458,inf,SAFE_STAND,0.000000,0.011579,0.036807,0.177671,0.000000,0.000000,0.000000,1.000000,0.200000
1782700977.530589,-1,0.000692,inf,SAFE_STAND,0.000000,0.011563,0.036744,0.177693,0.000000,0.000000,0.000000,1.000000,0.200000
1782700977.550414,-1,0.000443,inf,SAFE_STAND,0.000000,0.011585,0.036756,0.177679,0.000000,0.000000,0.000000,1.000000,0.200000
1782700977.570653,-1,0.000613,inf,SAFE_STAND,0.000000,0.011582,0.036736,0.177644,0.000000,0.000000,0.000000,1.000000,0.200000
1782700977.590730,-1,0.000421,inf,SAFE_STAND,0.000000,0.011574,0.036757,0.177639,0.000000,0.000000,0.000000,1.000000,0.200000
1782700977.610857,-1,0.000478,inf,SAFE_STAND,0.000000,0.011581,0.036729,0.177618,0.000000,0.000000,0.000000,1.000000,0.200000
1782700977.630875,-1,0.000425,inf,SAFE_STAND,0.000000,0.011586,0.036779,0.177586,0.000000,0.000000,0.000000,1.000000,0.200000
1782700977.650903,-1,0.000384,inf,SAFE_STAND,0.000000,0.011584,0.036786,0.177600,0.000000,0.000000,0.000000,1.000000,0.200000
1782700977.671056,-1,0.000468,inf,SAFE_STAND,0.000000,0.011615,0.036799,0.177575,0.000000,0.000000,0.000000,1.000000,0.200000
1782700977.691461,-1,0.000438,inf,SAFE_STAND,0.000000,0.011595,0.036799,0.177553,0.000000,0.000000,0.000000,1.000000,0.200000
1782700977.711561,-1,0.000468,inf,SAFE_STAND,0.000000,0.011626,0.036819,0.177579,0.000000,0.000000,0.000000,1.000000,0.200000
1782700977.731596,-1,0.000435,inf,SAFE_STAND,0.000000,0.011631,0.036818,0.177582,0.000000,0.000000,0.000000,1.000000,0.200000
1782700977.751624,-1,0.000392,inf,SAFE_STAND,0.000000,0.011625,0.036797,0.177565,0.000000,0.000000,0.000000,1.000000,0.200000
1782700977.772323,-1,0.000800,726.383745,SAFE_STAND,0.000000,0.011617,0.036771,0.177530,0.000000,0.000000,0.000000,1.000000,0.200000
1782700977.792207,-1,0.000410,inf,SAFE_STAND,0.000000,0.011604,0.036772,0.177511,0.000000,0.000000,0.000000,1.000000,0.200000
1782700977.812307,-1,0.000440,inf,SAFE_STAND,0.000000,0.011578,0.036714,0.177552,0.000000,0.000000,0.000000,1.000000,0.200000
1782700977.832587,-1,0.000647,inf,SAFE_STAND,0.000000,0.011531,0.036643,0.177536,0.000000,0.000000,0.000000,1.000000,0.200000
1782700977.852597,-1,0.000587,inf,SAFE_STAND,0.000000,0.011538,0.036670,0.177528,0.000000,0.000000,0.000000,1.000000,0.200000
1782700977.872740,-1,0.000659,inf,SAFE_STAND,0.000000,0.011521,0.036696,0.177498,0.000000,0.000000,0.000000,1.000000,0.200000
1782700977.892699,-1,0.000426,inf,SAFE_STAND,0.000000,0.011544,0.036685,0.177496,0.000000,0.000000,0.000000,1.000000,0.200000
1782700977.912753,-1,0.000410,inf,SAFE_STAND,0.000000,0.011541,0.036633,0.177523,0.000000,0.000000,0.000000,1.000000,0.200000
1782700977.933044,-1,0.000410,inf,SAFE_STAND,0.000000,0.011560,0.036595,0.177542,0.000000,0.000000,0.000000,1.000000,0.200000
1782700977.953119,-1,0.000416,inf,SAFE_STAND,0.000000,0.011572,0.036632,0.177537,0.000000,0.000000,0.000000,1.000000,0.200000
1782700977.973186,-1,0.000411,inf,SAFE_STAND,0.000000,0.011558,0.036654,0.177530,0.000000,0.000000,0.000000,1.000000,0.200000
1782700977.993626,-1,0.000451,inf,SAFE_STAND,0.000000,0.011551,0.036640,0.177504,0.000000,0.000000,0.000000,1.000000,0.200000
1782700978.013725,-1,0.000463,inf,SAFE_STAND,0.000000,0.011548,0.036615,0.177474,0.000000,0.000000,0.000000,1.000000,0.200000
1782700978.033815,-1,0.000477,inf,SAFE_STAND,0.000000,0.011534,0.036641,0.177510,0.000000,0.000000,0.000000,1.000000,0.200000
1782700978.054185,-1,0.000426,inf,SAFE_STAND,0.000000,0.011534,0.036623,0.177492,0.000000,0.000000,0.000000,1.000000,0.200000
1782700978.074462,-1,0.000448,inf,SAFE_STAND,0.000000,0.011509,0.036617,0.177480,0.000000,0.000000,0.000000,1.000000,0.200000
1782700978.094539,-1,0.000454,inf,SAFE_STAND,0.000000,0.011515,0.036617,0.177428,0.000000,0.000000,0.000000,1.000000,0.200000
1782700978.115016,-1,0.000627,inf,SAFE_STAND,0.000000,0.011485,0.036599,0.177407,0.000000,0.000000,0.000000,1.000000,0.200000
1782700978.135103,-1,0.000430,inf,SAFE_STAND,0.000000,0.011472,0.036601,0.177371,0.000000,0.000000,0.000000,1.000000,0.200000
1782700978.155293,-1,0.000545,inf,SAFE_STAND,0.000000,0.011467,0.036638,0.177374,0.000000,0.000000,0.000000,1.000000,0.200000
1782700978.175780,-1,0.000727,inf,SAFE_STAND,0.000000,0.011465,0.036608,0.177366,0.000000,0.000000,0.000000,1.000000,0.200000
1782700978.195983,-1,0.000847,inf,SAFE_STAND,0.000000,0.011481,0.036586,0.177408,0.000000,0.000000,0.000000,1.000000,0.200000
1782700978.215911,-1,0.000692,inf,SAFE_STAND,0.000000,0.011458,0.036537,0.177425,0.000000,0.000000,0.000000,1.000000,0.200000
1782700978.235866,-1,0.000430,inf,SAFE_STAND,0.000000,0.011475,0.036530,0.177432,0.000000,0.000000,0.000000,1.000000,0.200000
1782700978.255924,-1,0.000418,inf,SAFE_STAND,0.000000,0.011480,0.036528,0.177403,0.000000,0.000000,0.000000,1.000000,0.200000
1782700978.276130,-1,0.000554,726.887591,SAFE_STAND,0.000000,0.011488,0.036504,0.177412,0.000000,0.000000,0.000000,1.000000,0.200000
1782700978.296627,-1,0.000747,inf,SAFE_STAND,0.000000,0.011502,0.036514,0.177403,0.000000,0.000000,0.000000,1.000000,0.200000
1782700978.316639,-1,0.000486,inf,SAFE_STAND,0.000000,0.011518,0.036480,0.177435,0.000000,0.000000,0.000000,1.000000,0.200000
1782700978.336697,-1,0.000464,inf,SAFE_STAND,0.000000,0.011533,0.036447,0.177475,0.000000,0.000000,0.000000,1.000000,0.200000
1782700978.356786,-1,0.000479,inf,SAFE_STAND,0.000000,0.011531,0.036468,0.177460,0.000000,0.000000,0.000000,1.000000,0.200000
1782700978.377714,-1,0.001325,inf,SAFE_STAND,0.000000,0.011516,0.036452,0.177497,0.000000,0.000000,0.000000,1.000000,0.200000
1782700978.397916,-1,0.000991,inf,SAFE_STAND,0.000000,0.011525,0.036456,0.177497,0.000000,0.000000,0.000000,1.000000,0.200000
1782700978.418244,-1,0.000968,inf,SAFE_STAND,0.000000,0.011482,0.036444,0.177433,0.000000,0.000000,0.000000,1.000000,0.200000
1782700978.438172,-1,0.000807,inf,SAFE_STAND,0.000000,0.011495,0.036443,0.177415,0.000000,0.000000,0.000000,1.000000,0.200000
1782700978.458190,-1,0.000496,inf,SAFE_STAND,0.000000,0.011478,0.036395,0.177437,0.000000,0.000000,0.000000,1.000000,0.200000
1782700978.478283,-1,0.000500,inf,SAFE_STAND,0.000000,0.011462,0.036369,0.177443,0.000000,0.000000,0.000000,1.000000,0.200000
1782700978.498286,-1,0.000426,inf,SAFE_STAND,0.000000,0.011466,0.036326,0.177449,0.000000,0.000000,0.000000,1.000000,0.200000
1782700978.518448,-1,0.000515,inf,SAFE_STAND,0.000000,0.011457,0.036295,0.177451,0.000000,0.000000,0.000000,1.000000,0.200000
1782700978.538717,-1,0.000694,inf,SAFE_STAND,0.000000,0.011474,0.036273,0.177467,0.000000,0.000000,0.000000,1.000000,0.200000
1782700978.558829,-1,0.000729,inf,SAFE_STAND,0.000000,0.011440,0.036297,0.177497,0.000000,0.000000,0.000000,1.000000,0.200000
1782700978.578750,-1,0.000450,inf,SAFE_STAND,0.000000,0.011432,0.036247,0.177476,0.000000,0.000000,0.000000,1.000000,0.200000
1782700978.598869,-1,0.000495,inf,SAFE_STAND,0.000000,0.011457,0.036248,0.177513,0.000000,0.000000,0.000000,1.000000,0.200000
1782700978.618930,-1,0.000475,inf,SAFE_STAND,0.000000,0.011437,0.036234,0.177465,0.000000,0.000000,0.000000,1.000000,0.200000
1782700978.639456,-1,0.000704,inf,SAFE_STAND,0.000000,0.011451,0.036243,0.177474,0.000000,0.000000,0.000000,1.000000,0.200000
1782700978.659412,-1,0.000519,inf,SAFE_STAND,0.000000,0.011449,0.036290,0.177460,0.000000,0.000000,0.000000,1.000000,0.200000
1782700978.679503,-1,0.000479,inf,SAFE_STAND,0.000000,0.011421,0.036303,0.177483,0.000000,0.000000,0.000000,1.000000,0.200000
1782700978.699591,-1,0.000491,inf,SAFE_STAND,0.000000,0.011416,0.036290,0.177482,0.000000,0.000000,0.000000,1.000000,0.200000
1782700978.719597,-1,0.000422,inf,SAFE_STAND,0.000000,0.011396,0.036297,0.177434,0.000000,0.000000,0.000000,1.000000,0.200000
1782700978.740137,-1,0.000889,inf,SAFE_STAND,0.000000,0.011395,0.036329,0.177428,0.000000,0.000000,0.000000,1.000000,0.200000
1782700978.760076,-1,0.000739,inf,SAFE_STAND,0.000000,0.011385,0.036286,0.177417,0.000000,0.000000,0.000000,1.000000,0.200000
1782700978.780291,-1,0.000873,727.391454,SAFE_STAND,0.000000,0.011371,0.036277,0.177424,0.000000,0.000000,0.000000,1.000000,0.200000
1782700978.800329,-1,0.000536,inf,SAFE_STAND,0.000000,0.011352,0.036261,0.177471,0.000000,0.000000,0.000000,1.000000,0.200000
1782700978.820402,-1,0.000525,inf,SAFE_STAND,0.000000,0.011332,0.036220,0.177419,0.000000,0.000000,0.000000,1.000000,0.200000
1782700978.840434,-1,0.000476,inf,SAFE_STAND,0.000000,0.011347,0.036200,0.177413,0.000000,0.000000,0.000000,1.000000,0.200000
1782700978.861043,-1,0.000789,inf,SAFE_STAND,0.000000,0.011337,0.036173,0.177390,0.000000,0.000000,0.000000,1.000000,0.200000
1782700978.881109,-1,0.000724,inf,SAFE_STAND,0.000000,0.011332,0.036165,0.177379,0.000000,0.000000,0.000000,1.000000,0.200000
1782700978.901665,-1,0.000934,inf,SAFE_STAND,0.000000,0.011324,0.036140,0.177383,0.000000,0.000000,0.000000,1.000000,0.200000
1782700978.921761,-1,0.000906,inf,SAFE_STAND,0.000000,0.011330,0.036144,0.177388,0.000000,0.000000,0.000000,1.000000,0.200000
1782700978.941652,-1,0.000715,inf,SAFE_STAND,0.000000,0.011329,0.036129,0.177360,0.000000,0.000000,0.000000,1.000000,0.200000
1782700978.961596,-1,0.000449,inf,SAFE_STAND,0.000000,0.011327,0.036125,0.177375,0.000000,0.000000,0.000000,1.000000,0.200000
1782700978.981661,-1,0.000473,inf,SAFE_STAND,0.000000,0.011327,0.036075,0.177335,0.000000,0.000000,0.000000,1.000000,0.200000
1782700979.001774,-1,0.000512,inf,SAFE_STAND,0.000000,0.011344,0.036027,0.177366,0.000000,0.000000,0.000000,1.000000,0.200000
1782700979.022430,-1,0.000791,inf,SAFE_STAND,0.000000,0.011356,0.036004,0.177368,0.000000,0.000000,0.000000,1.000000,0.200000
1782700979.042353,-1,0.000457,inf,SAFE_STAND,0.000000,0.011351,0.035977,0.177383,0.000000,0.000000,0.000000,1.000000,0.200000
1782700979.062443,-1,0.000473,inf,SAFE_STAND,0.000000,0.011339,0.035970,0.177341,0.000000,0.000000,0.000000,1.000000,0.200000
1782700979.083001,-1,0.000735,inf,SAFE_STAND,0.000000,0.011328,0.035963,0.177289,0.000000,0.000000,0.000000,1.000000,0.200000
1782700979.102988,-1,0.000646,inf,SAFE_STAND,0.000000,0.011305,0.035886,0.177241,0.000000,0.000000,0.000000,1.000000,0.200000
1782700979.123070,-1,0.000655,inf,SAFE_STAND,0.000000,0.011268,0.035862,0.177225,0.000000,0.000000,0.000000,1.000000,0.200000
1782700979.143213,-1,0.000538,inf,SAFE_STAND,0.000000,0.011265,0.035807,0.177286,0.000000,0.000000,0.000000,1.000000,0.200000
1782700979.163286,-1,0.000530,inf,SAFE_STAND,0.000000,0.011252,0.035766,0.177289,0.000000,0.000000,0.000000,1.000000,0.200000
1782700979.184014,-1,0.000838,inf,SAFE_STAND,0.000000,0.011285,0.035787,0.177333,0.000000,0.000000,0.000000,1.000000,0.200000
1782700979.203963,-1,0.000516,inf,SAFE_STAND,0.000000,0.011268,0.035730,0.177312,0.000000,0.000000,0.000000,1.000000,0.200000
1782700979.224046,-1,0.000522,inf,SAFE_STAND,0.000000,0.011241,0.035674,0.177320,0.000000,0.000000,0.000000,1.000000,0.200000
1782700979.244524,-1,0.000691,inf,SAFE_STAND,0.000000,0.011245,0.035657,0.177309,0.000000,0.000000,0.000000,1.000000,0.200000
1782700979.264627,-1,0.000719,inf,SAFE_STAND,0.000000,0.011243,0.035630,0.177352,0.000000,0.000000,0.000000,1.000000,0.200000
1782700979.284762,-1,0.000611,727.896191,SAFE_STAND,0.000000,0.011251,0.035563,0.177327,0.000000,0.000000,0.000000,1.000000,0.200000
1782700979.304733,-1,0.000453,inf,SAFE_STAND,0.000000,0.011230,0.035602,0.177293,0.000000,0.000000,0.000000,1.000000,0.200000
1782700979.324793,-1,0.000439,inf,SAFE_STAND,0.000000,0.011222,0.035645,0.177314,0.000000,0.000000,0.000000,1.000000,0.200000
1782700979.345366,-1,0.000704,inf,SAFE_STAND,0.000000,0.011222,0.035648,0.177322,0.000000,0.000000,0.000000,1.000000,0.200000
1782700979.365344,-1,0.000446,inf,SAFE_STAND,0.000000,0.011224,0.035650,0.177309,0.000000,0.000000,0.000000,1.000000,0.200000
1782700979.385462,-1,0.000486,inf,SAFE_STAND,0.000000,0.011241,0.035617,0.177321,0.000000,0.000000,0.000000,1.000000,0.200000
1782700979.405500,-1,0.000449,inf,SAFE_STAND,0.000000,0.011240,0.035631,0.177282,0.000000,0.000000,0.000000,1.000000,0.200000
1782700979.425577,-1,0.000453,inf,SAFE_STAND,0.000000,0.011261,0.035608,0.177286,0.000000,0.000000,0.000000,1.000000,0.200000
1782700979.446186,-1,0.000434,inf,SAFE_STAND,0.000000,0.011263,0.035631,0.177324,0.000000,0.000000,0.000000,1.000000,0.200000
1782700979.466253,-1,0.000430,inf,SAFE_STAND,0.000000,0.011273,0.035593,0.177302,0.000000,0.000000,0.000000,1.000000,0.200000
1782700979.486329,-1,0.000433,inf,SAFE_STAND,0.000000,0.011277,0.035559,0.177339,0.000000,0.000000,0.000000,1.000000,0.200000
1782700979.506378,-1,0.000413,inf,SAFE_STAND,0.000000,0.011271,0.035578,0.177352,0.000000,0.000000,0.000000,1.000000,0.200000
1782700979.526884,-1,0.000476,inf,SAFE_STAND,0.000000,0.011288,0.035545,0.177339,0.000000,0.000000,0.000000,1.000000,0.200000
1782700979.546921,-1,0.000441,inf,SAFE_STAND,0.000000,0.011293,0.035473,0.177351,0.000000,0.000000,0.000000,1.000000,0.200000
1782700979.567024,-1,0.000471,inf,SAFE_STAND,0.000000,0.011313,0.035476,0.177312,0.000000,0.000000,0.000000,1.000000,0.200000
1782700979.587611,-1,0.000748,inf,SAFE_STAND,0.000000,0.011321,0.035469,0.177331,0.000000,0.000000,0.000000,1.000000,0.200000
1782700979.607658,-1,0.000716,inf,SAFE_STAND,0.000000,0.011322,0.035428,0.177357,0.000000,0.000000,0.000000,1.000000,0.200000
1782700979.627700,-1,0.000518,inf,SAFE_STAND,0.000000,0.011325,0.035463,0.177357,0.000000,0.000000,0.000000,1.000000,0.200000
1782700979.647754,-1,0.000458,inf,SAFE_STAND,0.000000,0.011305,0.035418,0.177398,0.000000,0.000000,0.000000,1.000000,0.200000
1782700979.667950,-1,0.000570,inf,SAFE_STAND,0.000000,0.011282,0.035439,0.177429,0.000000,0.000000,0.000000,1.000000,0.200000
1782700979.688375,-1,0.000474,inf,SAFE_STAND,0.000000,0.011284,0.035442,0.177440,0.000000,0.000000,0.000000,1.000000,0.200000
1782700979.708528,-1,0.000552,inf,SAFE_STAND,0.000000,0.011297,0.035434,0.177440,0.000000,0.000000,0.000000,1.000000,0.200000
1782700979.728992,-1,0.000708,inf,SAFE_STAND,0.000000,0.011308,0.035403,0.177439,0.000000,0.000000,0.000000,1.000000,0.200000
1782700979.749139,-1,0.000776,inf,SAFE_STAND,0.000000,0.011325,0.035379,0.177441,0.000000,0.000000,0.000000,1.000000,0.200000
1782700979.769141,-1,0.000688,inf,SAFE_STAND,0.000000,0.011339,0.035340,0.177418,0.000000,0.000000,0.000000,1.000000,0.200000
1782700979.789337,-1,0.000669,728.400717,SAFE_STAND,0.000000,0.011343,0.035271,0.177434,0.000000,0.000000,0.000000,1.000000,0.200000
1782700979.809354,-1,0.000596,inf,SAFE_STAND,0.000000,0.011347,0.035293,0.177434,0.000000,0.000000,0.000000,1.000000,0.200000
1782700979.829792,-1,0.000728,inf,SAFE_STAND,0.000000,0.011338,0.035292,0.177452,0.000000,0.000000,0.000000,1.000000,0.200000
1782700979.849686,-1,0.000431,inf,SAFE_STAND,0.000000,0.011344,0.035294,0.177432,0.000000,0.000000,0.000000,1.000000,0.200000
1782700979.869845,-1,0.000517,inf,SAFE_STAND,0.000000,0.011337,0.035285,0.177426,0.000000,0.000000,0.000000,1.000000,0.200000
1782700979.889913,-1,0.000502,inf,SAFE_STAND,0.000000,0.011339,0.035295,0.177442,0.000000,0.000000,0.000000,1.000000,0.200000
1782700979.909949,-1,0.000460,inf,SAFE_STAND,0.000000,0.011331,0.035327,0.177404,0.000000,0.000000,0.000000,1.000000,0.200000
1782700979.930061,-1,0.000496,inf,SAFE_STAND,0.000000,0.011337,0.035339,0.177374,0.000000,0.000000,0.000000,1.000000,0.200000
1782700979.950588,-1,0.000713,inf,SAFE_STAND,0.000000,0.011347,0.035352,0.177398,0.000000,0.000000,0.000000,1.000000,0.200000
1782700979.970524,-1,0.000437,inf,SAFE_STAND,0.000000,0.011364,0.035346,0.177418,0.000000,0.000000,0.000000,1.000000,0.200000
1782700979.990641,-1,0.000429,inf,SAFE_STAND,0.000000,0.011351,0.035305,0.177398,0.000000,0.000000,0.000000,1.000000,0.200000
1782700980.010844,-1,0.000506,inf,SAFE_STAND,0.000000,0.011379,0.035284,0.177431,0.000000,0.000000,0.000000,1.000000,0.200000
1782700980.031460,-1,0.000789,inf,SAFE_STAND,0.000000,0.011389,0.035290,0.177407,0.000000,0.000000,0.000000,1.000000,0.200000
1782700980.051209,-1,0.000437,inf,SAFE_STAND,0.000000,0.011378,0.035312,0.177373,0.000000,0.000000,0.000000,1.000000,0.200000
1782700980.071326,-1,0.000480,inf,SAFE_STAND,0.000000,0.011395,0.035334,0.177371,0.000000,0.000000,0.000000,1.000000,0.200000
1782700980.091336,-1,0.000414,inf,SAFE_STAND,0.000000,0.011368,0.035273,0.177368,0.000000,0.000000,0.000000,1.000000,0.200000
1782700980.111417,-1,0.000425,inf,SAFE_STAND,0.000000,0.011357,0.035333,0.177376,0.000000,0.000000,0.000000,1.000000,0.200000
1782700980.131703,-1,0.000640,inf,SAFE_STAND,0.000000,0.011349,0.035286,0.177370,0.000000,0.000000,0.000000,1.000000,0.200000
1782700980.151791,-1,0.000654,inf,SAFE_STAND,0.000000,0.011338,0.035324,0.177315,0.000000,0.000000,0.000000,1.000000,0.200000
1782700980.171823,-1,0.000444,inf,SAFE_STAND,0.000000,0.011333,0.035317,0.177297,0.000000,0.000000,0.000000,1.000000,0.200000
1782700980.192276,-1,0.000822,inf,SAFE_STAND,0.000000,0.011334,0.035287,0.177308,0.000000,0.000000,0.000000,1.000000,0.200000
1782700980.212491,-1,0.000721,inf,SAFE_STAND,0.000000,0.011349,0.035270,0.177290,0.000000,0.000000,0.000000,1.000000,0.200000
1782700980.232533,-1,0.000676,inf,SAFE_STAND,0.000000,0.011350,0.035253,0.177263,0.000000,0.000000,0.000000,1.000000,0.200000
1782700980.252529,-1,0.000419,inf,SAFE_STAND,0.000000,0.011330,0.035272,0.177280,0.000000,0.000000,0.000000,1.000000,0.200000
1782700980.272674,-1,0.000487,inf,SAFE_STAND,0.000000,0.011319,0.035302,0.177270,0.000000,0.000000,0.000000,1.000000,0.200000
1782700980.292884,-1,0.000624,728.904320,SAFE_STAND,0.000000,0.011296,0.035299,0.177258,0.000000,0.000000,0.000000,1.000000,0.200000
1782700980.312823,-1,0.000491,inf,SAFE_STAND,0.000000,0.011295,0.035299,0.177262,0.000000,0.000000,0.000000,1.000000,0.200000
1782700980.333393,-1,0.000757,inf,SAFE_STAND,0.000000,0.011303,0.035294,0.177288,0.000000,0.000000,0.000000,1.000000,0.200000
1782700980.353386,-1,0.000476,inf,SAFE_STAND,0.000000,0.011317,0.035318,0.177258,0.000000,0.000000,0.000000,1.000000,0.200000
1782700980.373480,-1,0.000440,inf,SAFE_STAND,0.000000,0.011345,0.035303,0.177266,0.000000,0.000000,0.000000,1.000000,0.200000
1782700980.393728,-1,0.000611,inf,SAFE_STAND,0.000000,0.011354,0.035282,0.177241,0.000000,0.000000,0.000000,1.000000,0.200000
1782700980.414094,-1,0.000674,inf,SAFE_STAND,0.000000,0.011361,0.035294,0.177244,0.000000,0.000000,0.000000,1.000000,0.200000
1782700980.434087,-1,0.000461,inf,SAFE_STAND,0.000000,0.011322,0.035247,0.177244,0.000000,0.000000,0.000000,1.000000,0.200000
1782700980.454227,-1,0.000528,inf,SAFE_STAND,0.000000,0.011325,0.035220,0.177214,0.000000,0.000000,0.000000,1.000000,0.200000
1782700980.474302,-1,0.000510,inf,SAFE_STAND,0.000000,0.011322,0.035160,0.177235,0.000000,0.000000,0.000000,1.000000,0.200000
1782700980.494338,-1,0.000469,inf,SAFE_STAND,0.000000,0.011331,0.035141,0.177249,0.000000,0.000000,0.000000,1.000000,0.200000
1782700980.514369,-1,0.000424,inf,SAFE_STAND,0.000000,0.011333,0.035141,0.177212,0.000000,0.000000,0.000000,1.000000,0.200000
1782700980.534893,-1,0.000469,inf,SAFE_STAND,0.000000,0.011329,0.035100,0.177256,0.000000,0.000000,0.000000,1.000000,0.200000
1782700980.554997,-1,0.000432,inf,SAFE_STAND,0.000000,0.011334,0.035056,0.177252,0.000000,0.000000,0.000000,1.000000,0.200000
1782700980.575382,-1,0.000745,inf,SAFE_STAND,0.000000,0.011338,0.035012,0.177244,0.000000,0.000000,0.000000,1.000000,0.200000
1782700980.595371,-1,0.000660,inf,SAFE_STAND,0.000000,0.011320,0.035019,0.177277,0.000000,0.000000,0.000000,1.000000,0.200000
1782700980.615450,-1,0.000664,inf,SAFE_STAND,0.000000,0.011317,0.035006,0.177270,0.000000,0.000000,0.000000,1.000000,0.200000
1782700980.635485,-1,0.000627,inf,SAFE_STAND,0.000000,0.011316,0.035007,0.177278,0.000000,0.000000,0.000000,1.000000,0.200000
1782700980.655472,-1,0.000462,inf,SAFE_STAND,0.000000,0.011320,0.035015,0.177294,0.000000,0.000000,0.000000,1.000000,0.200000
1782700980.675591,-1,0.000509,inf,SAFE_STAND,0.000000,0.011322,0.034976,0.177286,0.000000,0.000000,0.000000,1.000000,0.200000
1782700980.695608,-1,0.000452,inf,SAFE_STAND,0.000000,0.011326,0.035029,0.177305,0.000000,0.000000,0.000000,1.000000,0.200000
1782700980.715667,-1,0.000435,inf,SAFE_STAND,0.000000,0.011342,0.035057,0.177373,0.000000,0.000000,0.000000,1.000000,0.200000
1782700980.736251,-1,0.000457,inf,SAFE_STAND,0.000000,0.011311,0.035024,0.177354,0.000000,0.000000,0.000000,1.000000,0.200000
1782700980.756318,-1,0.000453,inf,SAFE_STAND,0.000000,0.011330,0.035045,0.177327,0.000000,0.000000,0.000000,1.000000,0.200000
1782700980.776309,-1,0.000372,inf,SAFE_STAND,0.000000,0.011319,0.035053,0.177309,0.000000,0.000000,0.000000,1.000000,0.200000
1782700980.796914,-1,0.000945,729.408080,SAFE_STAND,0.000000,0.011338,0.035059,0.177307,0.000000,0.000000,0.000000,1.000000,0.200000
1782700980.816513,-1,0.000462,inf,SAFE_STAND,0.000000,0.011354,0.035057,0.177346,0.000000,0.000000,0.000000,1.000000,0.200000
1782700980.836579,-1,0.000453,inf,SAFE_STAND,0.000000,0.011346,0.035035,0.177352,0.000000,0.000000,0.000000,1.000000,0.200000
1782700980.856854,-1,0.000460,inf,SAFE_STAND,0.000000,0.011344,0.035019,0.177353,0.000000,0.000000,0.000000,1.000000,0.200000
1782700980.876940,-1,0.000467,inf,SAFE_STAND,0.000000,0.011347,0.035003,0.177376,0.000000,0.000000,0.000000,1.000000,0.200000
1782700980.897315,-1,0.000760,inf,SAFE_STAND,0.000000,0.011344,0.035021,0.177344,0.000000,0.000000,0.000000,1.000000,0.200000
1782700980.917849,-1,0.000872,inf,SAFE_STAND,0.000000,0.011345,0.035051,0.177334,0.000000,0.000000,0.000000,1.000000,0.200000
1782700980.937576,-1,0.000511,inf,SAFE_STAND,0.000000,0.011349,0.035091,0.177296,0.000000,0.000000,0.000000,1.000000,0.200000
1782700980.957695,-1,0.000532,inf,SAFE_STAND,0.000000,0.011345,0.035116,0.177251,0.000000,0.000000,0.000000,1.000000,0.200000
1782700980.977728,-1,0.000475,inf,SAFE_STAND,0.000000,0.011349,0.035100,0.177269,0.000000,0.000000,0.000000,1.000000,0.200000
1782700980.997807,-1,0.000478,inf,SAFE_STAND,0.000000,0.011352,0.035081,0.177327,0.000000,0.000000,0.000000,1.000000,0.200000
1782700981.018351,-1,0.000711,inf,SAFE_STAND,0.000000,0.011352,0.035056,0.177355,0.000000,0.000000,0.000000,1.000000,0.200000
1782700981.038380,-1,0.000456,inf,SAFE_STAND,0.000000,0.011346,0.035063,0.177376,0.000000,0.000000,0.000000,1.000000,0.200000
1782700981.058438,-1,0.000439,inf,SAFE_STAND,0.000000,0.011370,0.035079,0.177347,0.000000,0.000000,0.000000,1.000000,0.200000
1782700981.078549,-1,0.000470,inf,SAFE_STAND,0.000000,0.011351,0.035053,0.177370,0.000000,0.000000,0.000000,1.000000,0.200000
1782700981.099080,-1,0.000707,inf,SAFE_STAND,0.000000,0.011385,0.035058,0.177333,0.000000,0.000000,0.000000,1.000000,0.200000
1782700981.119099,-1,0.000648,inf,SAFE_STAND,0.000000,0.011378,0.035042,0.177345,0.000000,0.000000,0.000000,1.000000,0.200000
1782700981.139037,-1,0.000503,inf,SAFE_STAND,0.000000,0.011357,0.035062,0.177329,0.000000,0.000000,0.000000,1.000000,0.200000
1782700981.159039,-1,0.000430,inf,SAFE_STAND,0.000000,0.011367,0.035108,0.177333,0.000000,0.000000,0.000000,1.000000,0.200000
1782700981.179149,-1,0.000468,inf,SAFE_STAND,0.000000,0.011356,0.035063,0.177336,0.000000,0.000000,0.000000,1.000000,0.200000
1782700981.199674,-1,0.000685,inf,SAFE_STAND,0.000000,0.011364,0.035093,0.177308,0.000000,0.000000,0.000000,1.000000,0.200000
1782700981.219743,-1,0.000677,inf,SAFE_STAND,0.000000,0.011380,0.035140,0.177338,0.000000,0.000000,0.000000,1.000000,0.200000
1782700981.239823,-1,0.000683,inf,SAFE_STAND,0.000000,0.011376,0.035140,0.177364,0.000000,0.000000,0.000000,1.000000,0.200000
1782700981.259768,-1,0.000478,inf,SAFE_STAND,0.000000,0.011358,0.035141,0.177350,0.000000,0.000000,0.000000,1.000000,0.200000
1782700981.279819,-1,0.000455,inf,SAFE_STAND,0.000000,0.011351,0.035136,0.177326,0.000000,0.000000,0.000000,1.000000,0.200000
1782700981.300240,-1,0.000803,729.911457,SAFE_STAND,0.000000,0.011337,0.035096,0.177340,0.000000,0.000000,0.000000,1.000000,0.200000
1782700981.319943,-1,0.000433,inf,SAFE_STAND,0.000000,0.011354,0.035103,0.177369,0.000000,0.000000,0.000000,1.000000,0.200000
1782700981.340314,-1,0.000728,inf,SAFE_STAND,0.000000,0.011359,0.035128,0.177350,0.000000,0.000000,0.000000,1.000000,0.200000
1782700981.360227,-1,0.000462,inf,SAFE_STAND,0.000000,0.011373,0.035119,0.177367,0.000000,0.000000,0.000000,1.000000,0.200000
1782700981.380416,-1,0.000472,inf,SAFE_STAND,0.000000,0.011349,0.035168,0.177357,0.000000,0.000000,0.000000,1.000000,0.200000
1782700981.400490,-1,0.000458,inf,SAFE_STAND,0.000000,0.011370,0.035167,0.177367,0.000000,0.000000,0.000000,1.000000,0.200000
1782700981.420547,-1,0.000439,inf,SAFE_STAND,0.000000,0.011368,0.035174,0.177343,0.000000,0.000000,0.000000,1.000000,0.200000
1782700981.441082,-1,0.000664,inf,SAFE_STAND,0.000000,0.011370,0.035196,0.177358,0.000000,0.000000,0.000000,1.000000,0.200000
1782700981.461114,-1,0.000462,inf,SAFE_STAND,0.000000,0.011379,0.035212,0.177353,0.000000,0.000000,0.000000,1.000000,0.200000
1782700981.481167,-1,0.000441,inf,SAFE_STAND,0.000000,0.011383,0.035215,0.177328,0.000000,0.000000,0.000000,1.000000,0.200000
1782700981.501250,-1,0.000447,inf,SAFE_STAND,0.000000,0.011363,0.035208,0.177320,0.000000,0.000000,0.000000,1.000000,0.200000
1782700981.521332,-1,0.000455,inf,SAFE_STAND,0.000000,0.011349,0.035219,0.177310,0.000000,0.000000,0.000000,1.000000,0.200000
1782700981.541894,-1,0.000723,inf,SAFE_STAND,0.000000,0.011358,0.035237,0.177278,0.000000,0.000000,0.000000,1.000000,0.200000
1782700981.561759,-1,0.000466,inf,SAFE_STAND,0.000000,0.011367,0.035282,0.177284,0.000000,0.000000,0.000000,1.000000,0.200000
1782700981.581800,-1,0.000433,inf,SAFE_STAND,0.000000,0.011340,0.035309,0.177229,0.000000,0.000000,0.000000,1.000000,0.200000
1782700981.601915,-1,0.000473,inf,SAFE_STAND,0.000000,0.011355,0.035328,0.177208,0.000000,0.000000,0.000000,1.000000,0.200000
1782700981.622327,-1,0.000812,inf,SAFE_STAND,0.000000,0.011351,0.035357,0.177221,0.000000,0.000000,0.000000,1.000000,0.200000
1782700981.642264,-1,0.000659,inf,SAFE_STAND,0.000000,0.011349,0.035346,0.177233,0.000000,0.000000,0.000000,1.000000,0.200000
1782700981.662301,-1,0.000662,inf,SAFE_STAND,0.000000,0.011355,0.035318,0.177267,0.000000,0.000000,0.000000,1.000000,0.200000
1782700981.682500,-1,0.000787,inf,SAFE_STAND,0.000000,0.011330,0.035301,0.177248,0.000000,0.000000,0.000000,1.000000,0.200000
1782700981.702310,-1,0.000487,inf,SAFE_STAND,0.000000,0.011334,0.035323,0.177264,0.000000,0.000000,0.000000,1.000000,0.200000
1782700981.722314,-1,0.000418,inf,SAFE_STAND,0.000000,0.011341,0.035356,0.177265,0.000000,0.000000,0.000000,1.000000,0.200000
1782700981.742482,-1,0.000459,inf,SAFE_STAND,0.000000,0.011343,0.035355,0.177229,0.000000,0.000000,0.000000,1.000000,0.200000
1782700981.762542,-1,0.000446,inf,SAFE_STAND,0.000000,0.011339,0.035350,0.177256,0.000000,0.000000,0.000000,1.000000,0.200000
1782700981.782965,-1,0.000797,inf,SAFE_STAND,0.000000,0.011333,0.035395,0.177233,0.000000,0.000000,0.000000,1.000000,0.200000
1782700981.803160,-1,0.000914,730.414256,SAFE_STAND,0.000000,0.011372,0.035452,0.177250,0.000000,0.000000,0.000000,1.000000,0.200000
1782700981.823101,-1,0.000780,inf,SAFE_STAND,0.000000,0.011343,0.035444,0.177275,0.000000,0.000000,0.000000,1.000000,0.200000
1782700981.842980,-1,0.000424,inf,SAFE_STAND,0.000000,0.011326,0.035467,0.177254,0.000000,0.000000,0.000000,1.000000,0.200000
1782700981.863089,-1,0.000461,inf,SAFE_STAND,0.000000,0.011308,0.035493,0.177262,0.000000,0.000000,0.000000,1.000000,0.200000
1782700981.883139,-1,0.000430,inf,SAFE_STAND,0.000000,0.011296,0.035466,0.177280,0.000000,0.000000,0.000000,1.000000,0.200000
1782700981.903270,-1,0.000487,inf,SAFE_STAND,0.000000,0.011287,0.035428,0.177289,0.000000,0.000000,0.000000,1.000000,0.200000
1782700981.923824,-1,0.000734,inf,SAFE_STAND,0.000000,0.011294,0.035423,0.177324,0.000000,0.000000,0.000000,1.000000,0.200000
1782700981.943879,-1,0.000496,inf,SAFE_STAND,0.000000,0.011286,0.035412,0.177313,0.000000,0.000000,0.000000,1.000000,0.200000
1782700981.963907,-1,0.000450,inf,SAFE_STAND,0.000000,0.011255,0.035367,0.177322,0.000000,0.000000,0.000000,1.000000,0.200000
1782700981.984006,-1,0.000474,inf,SAFE_STAND,0.000000,0.011298,0.035380,0.177377,0.000000,0.000000,0.000000,1.000000,0.200000
1782700982.004473,-1,0.000434,inf,SAFE_STAND,0.000000,0.011293,0.035401,0.177390,0.000000,0.000000,0.000000,1.000000,0.200000
1782700982.024540,-1,0.000426,inf,SAFE_STAND,0.000000,0.011282,0.035450,0.177353,0.000000,0.000000,0.000000,1.000000,0.200000
1782700982.044629,-1,0.000442,inf,SAFE_STAND,0.000000,0.011285,0.035469,0.177367,0.000000,0.000000,0.000000,1.000000,0.200000
1782700982.064717,-1,0.000452,inf,SAFE_STAND,0.000000,0.011264,0.035532,0.177351,0.000000,0.000000,0.000000,1.000000,0.200000
1782700982.085207,-1,0.000447,inf,SAFE_STAND,0.000000,0.011248,0.035542,0.177369,0.000000,0.000000,0.000000,1.000000,0.200000
1782700982.105266,-1,0.000434,inf,SAFE_STAND,0.000000,0.011273,0.035542,0.177379,0.000000,0.000000,0.000000,1.000000,0.200000
1782700982.125375,-1,0.000470,inf,SAFE_STAND,0.000000,0.011269,0.035579,0.177370,0.000000,0.000000,0.000000,1.000000,0.200000
1782700982.145436,-1,0.000458,inf,SAFE_STAND,0.000000,0.011256,0.035611,0.177352,0.000000,0.000000,0.000000,1.000000,0.200000
1782700982.165471,-1,0.000418,inf,SAFE_STAND,0.000000,0.011261,0.035624,0.177338,0.000000,0.000000,0.000000,1.000000,0.200000
1782700982.185835,-1,0.000708,inf,SAFE_STAND,0.000000,0.011281,0.035666,0.177316,0.000000,0.000000,0.000000,1.000000,0.200000
1782700982.205865,-1,0.000479,inf,SAFE_STAND,0.000000,0.011288,0.035678,0.177337,0.000000,0.000000,0.000000,1.000000,0.200000
1782700982.225932,-1,0.000472,inf,SAFE_STAND,0.000000,0.011260,0.035683,0.177294,0.000000,0.000000,0.000000,1.000000,0.200000
1782700982.245943,-1,0.000411,inf,SAFE_STAND,0.000000,0.011270,0.035669,0.177295,0.000000,0.000000,0.000000,1.000000,0.200000
1782700982.266037,-1,0.000435,inf,SAFE_STAND,0.000000,0.011268,0.035677,0.177290,0.000000,0.000000,0.000000,1.000000,0.200000
1782700982.286327,-1,0.000689,inf,SAFE_STAND,0.000000,0.011293,0.035680,0.177298,0.000000,0.000000,0.000000,1.000000,0.200000
1782700982.306528,-1,0.000816,730.917735,SAFE_STAND,0.000000,0.011296,0.035661,0.177284,0.000000,0.000000,0.000000,1.000000,0.200000
1782700982.326492,-1,0.000708,inf,SAFE_STAND,0.000000,0.011297,0.035665,0.177314,0.000000,0.000000,0.000000,1.000000,0.200000
1782700982.346544,-1,0.000489,inf,SAFE_STAND,0.000000,0.011346,0.035679,0.177366,0.000000,0.000000,0.000000,1.000000,0.200000
1782700982.366624,-1,0.000493,inf,SAFE_STAND,0.000000,0.011330,0.035698,0.177342,0.000000,0.000000,0.000000,1.000000,0.200000
1782700982.386687,-1,0.000471,inf,SAFE_STAND,0.000000,0.011351,0.035718,0.177364,0.000000,0.000000,0.000000,1.000000,0.200000
1782700982.407253,-1,0.000718,inf,SAFE_STAND,0.000000,0.011324,0.035777,0.177317,0.000000,0.000000,0.000000,1.000000,0.200000
1782700982.427123,-1,0.000445,inf,SAFE_STAND,0.000000,0.011338,0.035813,0.177313,0.000000,0.000000,0.000000,1.000000,0.200000
1782700982.447234,-1,0.000449,inf,SAFE_STAND,0.000000,0.011342,0.035857,0.177357,0.000000,0.000000,0.000000,1.000000,0.200000
1782700982.467394,-1,0.000534,inf,SAFE_STAND,0.000000,0.011332,0.035869,0.177300,0.000000,0.000000,0.000000,1.000000,0.200000
1782700982.487463,-1,0.000520,inf,SAFE_STAND,0.000000,0.011340,0.035896,0.177331,0.000000,0.000000,0.000000,1.000000,0.200000
1782700982.508014,-1,0.000481,inf,SAFE_STAND,0.000000,0.011343,0.035880,0.177327,0.000000,0.000000,0.000000,1.000000,0.200000
1782700982.528045,-1,0.000438,inf,SAFE_STAND,0.000000,0.011351,0.035899,0.177298,0.000000,0.000000,0.000000,1.000000,0.200000
1782700982.548148,-1,0.000467,inf,SAFE_STAND,0.000000,0.011333,0.035890,0.177272,0.000000,0.000000,0.000000,1.000000,0.200000
1782700982.568244,-1,0.000489,inf,SAFE_STAND,0.000000,0.011338,0.035917,0.177222,0.000000,0.000000,0.000000,1.000000,0.200000
1782700982.588642,-1,0.000465,inf,SAFE_STAND,0.000000,0.011326,0.035895,0.177230,0.000000,0.000000,0.000000,1.000000,0.200000
1782700982.608932,-1,0.000533,inf,SAFE_STAND,0.000000,0.011319,0.035920,0.177197,0.000000,0.000000,0.000000,1.000000,0.200000
1782700982.628947,-1,0.000471,inf,SAFE_STAND,0.000000,0.011314,0.035915,0.177175,0.000000,0.000000,0.000000,1.000000,0.200000
1782700982.649251,-1,0.000722,inf,SAFE_STAND,0.000000,0.011314,0.035919,0.177213,0.000000,0.000000,0.000000,1.000000,0.200000
1782700982.669256,-1,0.000651,inf,SAFE_STAND,0.000000,0.011354,0.035985,0.177189,0.000000,0.000000,0.000000,1.000000,0.200000
1782700982.689320,-1,0.000642,inf,SAFE_STAND,0.000000,0.011346,0.036023,0.177149,0.000000,0.000000,0.000000,1.000000,0.200000
1782700982.709357,-1,0.000483,inf,SAFE_STAND,0.000000,0.011358,0.036086,0.177159,0.000000,0.000000,0.000000,1.000000,0.200000
1782700982.729437,-1,0.000489,inf,SAFE_STAND,0.000000,0.011354,0.036119,0.177197,0.000000,0.000000,0.000000,1.000000,0.200000
1782700982.749518,-1,0.000495,inf,SAFE_STAND,0.000000,0.011360,0.036144,0.177174,0.000000,0.000000,0.000000,1.000000,0.200000
1782700982.769539,-1,0.000442,inf,SAFE_STAND,0.000000,0.011360,0.036168,0.177145,0.000000,0.000000,0.000000,1.000000,0.200000
1782700982.790073,-1,0.000675,inf,SAFE_STAND,0.000000,0.011360,0.036199,0.177126,0.000000,0.000000,0.000000,1.000000,0.200000
1782700982.810266,-1,0.000607,731.421690,SAFE_STAND,0.000000,0.011356,0.036226,0.177128,0.000000,0.000000,0.000000,1.000000,0.200000
1782700982.830175,-1,0.000444,inf,SAFE_STAND,0.000000,0.011363,0.036223,0.177099,0.000000,0.000000,0.000000,1.000000,0.200000
1782700982.850453,-1,0.000430,inf,SAFE_STAND,0.000000,0.011349,0.036202,0.177155,0.000000,0.000000,0.000000,1.000000,0.200000
1782700982.870864,-1,0.000432,inf,SAFE_STAND,0.000000,0.011349,0.036265,0.177138,0.000000,0.000000,0.000000,1.000000,0.200000
1782700982.891060,-1,0.000554,inf,SAFE_STAND,0.000000,0.011353,0.036281,0.177128,0.000000,0.000000,0.000000,1.000000,0.200000
1782700982.911354,-1,0.000538,inf,SAFE_STAND,0.000000,0.011350,0.036270,0.177172,0.000000,0.000000,0.000000,1.000000,0.200000
1782700982.931786,-1,0.000507,inf,SAFE_STAND,0.000000,0.011378,0.036256,0.177180,0.000000,0.000000,0.000000,1.000000,0.200000
1782700982.951787,-1,0.000433,inf,SAFE_STAND,0.000000,0.011379,0.036261,0.177128,0.000000,0.000000,0.000000,1.000000,0.200000
1782700982.971836,-1,0.000412,inf,SAFE_STAND,0.000000,0.011383,0.036236,0.177129,0.000000,0.000000,0.000000,1.000000,0.200000
1782700982.992815,-1,0.000735,inf,SAFE_STAND,0.000000,0.011412,0.036204,0.177146,0.000000,0.000000,0.000000,1.000000,0.200000
1782700983.013500,-1,0.001007,inf,SAFE_STAND,0.000000,0.011411,0.036223,0.177147,0.000000,0.000000,0.000000,1.000000,0.200000
1782700983.033671,-1,0.001030,inf,SAFE_STAND,0.000000,0.011434,0.036216,0.177170,0.000000,0.000000,0.000000,1.000000,0.200000
1782700983.053223,-1,0.000474,inf,SAFE_STAND,0.000000,0.011439,0.036241,0.177147,0.000000,0.000000,0.000000,1.000000,0.200000
1782700983.073256,-1,0.000435,inf,SAFE_STAND,0.000000,0.011450,0.036281,0.177154,0.000000,0.000000,0.000000,1.000000,0.200000
1782700983.093281,-1,0.000390,inf,SAFE_STAND,0.000000,0.011431,0.036260,0.177190,0.000000,0.000000,0.000000,1.000000,0.200000
1782700983.113501,-1,0.000539,inf,SAFE_STAND,0.000000,0.011426,0.036247,0.177145,0.000000,0.000000,0.000000,1.000000,0.200000
1782700983.133769,-1,0.000719,inf,SAFE_STAND,0.000000,0.011438,0.036282,0.177184,0.000000,0.000000,0.000000,1.000000,0.200000
1782700983.153800,-1,0.000673,inf,SAFE_STAND,0.000000,0.011424,0.036289,0.177184,0.000000,0.000000,0.000000,1.000000,0.200000
1782700983.173842,-1,0.000639,inf,SAFE_STAND,0.000000,0.011446,0.036311,0.177152,0.000000,0.000000,0.000000,1.000000,0.200000
1782700983.193792,-1,0.000403,inf,SAFE_STAND,0.000000,0.011462,0.036375,0.177127,0.000000,0.000000,0.000000,1.000000,0.200000
1782700983.213939,-1,0.000479,inf,SAFE_STAND,0.000000,0.011480,0.036386,0.177156,0.000000,0.000000,0.000000,1.000000,0.200000
1782700983.234062,-1,0.000527,inf,SAFE_STAND,0.000000,0.011471,0.036404,0.177149,0.000000,0.000000,0.000000,1.000000,0.200000
1782700983.254500,-1,0.000652,inf,SAFE_STAND,0.000000,0.011484,0.036427,0.177184,0.000000,0.000000,0.000000,1.000000,0.200000
1782700983.274743,-1,0.000824,inf,SAFE_STAND,0.000000,0.011481,0.036434,0.177215,0.000000,0.000000,0.000000,1.000000,0.200000
1782700983.294578,-1,0.000430,inf,SAFE_STAND,0.000000,0.011472,0.036436,0.177212,0.000000,0.000000,0.000000,1.000000,0.200000
1782700983.314808,-1,0.000590,731.926279,SAFE_STAND,0.000000,0.011492,0.036470,0.177177,0.000000,0.000000,0.000000,1.000000,0.200000
1782700983.335169,-1,0.000653,inf,SAFE_STAND,0.000000,0.011501,0.036448,0.177172,0.000000,0.000000,0.000000,1.000000,0.200000
1782700983.355201,-1,0.000456,inf,SAFE_STAND,0.000000,0.011525,0.036427,0.177181,0.000000,0.000000,0.000000,1.000000,0.200000
1782700983.375295,-1,0.000477,inf,SAFE_STAND,0.000000,0.011530,0.036441,0.177208,0.000000,0.000000,0.000000,1.000000,0.200000
1782700983.395358,-1,0.000461,inf,SAFE_STAND,0.000000,0.011551,0.036444,0.177200,0.000000,0.000000,0.000000,1.000000,0.200000
1782700983.415423,-1,0.000453,inf,SAFE_STAND,0.000000,0.011538,0.036470,0.177192,0.000000,0.000000,0.000000,1.000000,0.200000
1782700983.435487,-1,0.000444,inf,SAFE_STAND,0.000000,0.011560,0.036495,0.177200,0.000000,0.000000,0.000000,1.000000,0.200000
1782700983.455930,-1,0.000432,inf,SAFE_STAND,0.000000,0.011531,0.036491,0.177196,0.000000,0.000000,0.000000,1.000000,0.200000
1782700983.476226,-1,0.000487,inf,SAFE_STAND,0.000000,0.011556,0.036541,0.177233,0.000000,0.000000,0.000000,1.000000,0.200000
1782700983.496249,-1,0.000436,inf,SAFE_STAND,0.000000,0.011551,0.036492,0.177282,0.000000,0.000000,0.000000,1.000000,0.200000
1782700983.516583,-1,0.000695,inf,SAFE_STAND,0.000000,0.011554,0.036532,0.177309,0.000000,0.000000,0.000000,1.000000,0.200000
1782700983.536603,-1,0.000641,inf,SAFE_STAND,0.000000,0.011582,0.036523,0.177280,0.000000,0.000000,0.000000,1.000000,0.200000
1782700983.556736,-1,0.000676,inf,SAFE_STAND,0.000000,0.011592,0.036543,0.177285,0.000000,0.000000,0.000000,1.000000,0.200000
1782700983.576741,-1,0.000490,inf,SAFE_STAND,0.000000,0.011583,0.036583,0.177291,0.000000,0.000000,0.000000,1.000000,0.200000
1782700983.596753,-1,0.000429,inf,SAFE_STAND,0.000000,0.011576,0.036583,0.177271,0.000000,0.000000,0.000000,1.000000,0.200000
1782700983.616875,-1,0.000472,inf,SAFE_STAND,0.000000,0.011601,0.036552,0.177273,0.000000,0.000000,0.000000,1.000000,0.200000
1782700983.637399,-1,0.000690,inf,SAFE_STAND,0.000000,0.011598,0.036544,0.177322,0.000000,0.000000,0.000000,1.000000,0.200000
1782700983.657467,-1,0.000683,inf,SAFE_STAND,0.000000,0.011603,0.036528,0.177352,0.000000,0.000000,0.000000,1.000000,0.200000
1782700983.677496,-1,0.000472,inf,SAFE_STAND,0.000000,0.011593,0.036504,0.177400,0.000000,0.000000,0.000000,1.000000,0.200000
1782700983.697601,-1,0.000502,inf,SAFE_STAND,0.000000,0.011610,0.036550,0.177375,0.000000,0.000000,0.000000,1.000000,0.200000
1782700983.718080,-1,0.000667,inf,SAFE_STAND,0.000000,0.011609,0.036551,0.177397,0.000000,0.000000,0.000000,1.000000,0.200000
1782700983.738199,-1,0.000711,inf,SAFE_STAND,0.000000,0.011604,0.036525,0.177450,0.000000,0.000000,0.000000,1.000000,0.200000
1782700983.758206,-1,0.000446,inf,SAFE_STAND,0.000000,0.011629,0.036550,0.177462,0.000000,0.000000,0.000000,1.000000,0.200000
1782700983.778291,-1,0.000458,inf,SAFE_STAND,0.000000,0.011628,0.036544,0.177460,0.000000,0.000000,0.000000,1.000000,0.200000
1782700983.798900,-1,0.000764,inf,SAFE_STAND,0.000000,0.011646,0.036530,0.177469,0.000000,0.000000,0.000000,1.000000,0.200000
1782700983.819577,-1,0.001347,732.430649,SAFE_STAND,0.000000,0.011647,0.036510,0.177455,0.000000,0.000000,0.000000,1.000000,0.200000
1782700983.839304,-1,0.000727,inf,SAFE_STAND,0.000000,0.011645,0.036535,0.177434,0.000000,0.000000,0.000000,1.000000,0.200000
1782700983.859845,-1,0.000951,inf,SAFE_STAND,0.000000,0.011645,0.036552,0.177478,0.000000,0.000000,0.000000,1.000000,0.200000
1782700983.880041,-1,0.001060,inf,SAFE_STAND,0.000000,0.011629,0.036534,0.177478,0.000000,0.000000,0.000000,1.000000,0.200000
1782700983.900331,-1,0.000707,inf,SAFE_STAND,0.000000,0.011630,0.036543,0.177460,0.000000,0.000000,0.000000,1.000000,0.200000
1782700983.921078,-1,0.000775,inf,SAFE_STAND,0.000000,0.011647,0.036558,0.177454,0.000000,0.000000,0.000000,1.000000,0.200000
1782700983.941765,-1,0.000761,inf,SAFE_STAND,0.000000,0.011634,0.036587,0.177447,0.000000,0.000000,0.000000,1.000000,0.200000
1782700983.962654,-1,0.001147,inf,SAFE_STAND,0.000000,0.011654,0.036601,0.177474,0.000000,0.000000,0.000000,1.000000,0.200000
1782700983.982682,-1,0.000745,inf,SAFE_STAND,0.000000,0.011677,0.036621,0.177526,0.000000,0.000000,0.000000,1.000000,0.200000
1782700984.003264,-1,0.000942,inf,SAFE_STAND,0.000000,0.011685,0.036583,0.177598,0.000000,0.000000,0.000000,1.000000,0.200000
1782700984.023369,-1,0.000921,inf,SAFE_STAND,0.000000,0.011680,0.036623,0.177619,0.000000,0.000000,0.000000,1.000000,0.200000
1782700984.043359,-1,0.000688,inf,SAFE_STAND,0.000000,0.011679,0.036625,0.177629,0.000000,0.000000,0.000000,1.000000,0.200000
1782700984.064033,-1,0.000964,inf,SAFE_STAND,0.000000,0.011689,0.036629,0.177612,0.000000,0.000000,0.000000,1.000000,0.200000
1782700984.084043,-1,0.000715,inf,SAFE_STAND,0.000000,0.011703,0.036665,0.177614,0.000000,0.000000,0.000000,1.000000,0.200000
1782700984.104229,-1,0.000705,inf,SAFE_STAND,0.000000,0.011704,0.036654,0.177635,0.000000,0.000000,0.000000,1.000000,0.200000
1782700984.124361,-1,0.000713,inf,SAFE_STAND,0.000000,0.011719,0.036636,0.177673,0.000000,0.000000,0.000000,1.000000,0.200000
1782700984.144791,-1,0.001002,inf,SAFE_STAND,0.000000,0.011741,0.036586,0.177697,0.000000,0.000000,0.000000,1.000000,0.200000
1782700984.164865,-1,0.000942,inf,SAFE_STAND,0.000000,0.011748,0.036555,0.177759,0.000000,0.000000,0.000000,1.000000,0.200000
1782700984.184865,-1,0.000715,inf,SAFE_STAND,0.000000,0.011740,0.036542,0.177787,0.000000,0.000000,0.000000,1.000000,0.200000
1782700984.204932,-1,0.000559,inf,SAFE_STAND,0.000000,0.011716,0.036538,0.177776,0.000000,0.000000,0.000000,1.000000,0.200000
1782700984.224964,-1,0.000458,inf,SAFE_STAND,0.000000,0.011723,0.036595,0.177800,0.000000,0.000000,0.000000,1.000000,0.200000
1782700984.245599,-1,0.000452,inf,SAFE_STAND,0.000000,0.011719,0.036648,0.177803,0.000000,0.000000,0.000000,1.000000,0.200000
1782700984.265753,-1,0.000475,inf,SAFE_STAND,0.000000,0.011709,0.036680,0.177811,0.000000,0.000000,0.000000,1.000000,0.200000
1782700984.286145,-1,0.000745,inf,SAFE_STAND,0.000000,0.011707,0.036671,0.177823,0.000000,0.000000,0.000000,1.000000,0.200000
1782700984.306315,-1,0.000786,inf,SAFE_STAND,0.000000,0.011717,0.036668,0.177866,0.000000,0.000000,0.000000,1.000000,0.200000
1782700984.326454,-1,0.000785,732.937822,SAFE_STAND,0.000000,0.011708,0.036651,0.177921,0.000000,0.000000,0.000000,1.000000,0.200000
1782700984.346265,-1,0.000464,inf,SAFE_STAND,0.000000,0.011717,0.036624,0.177957,0.000000,0.000000,0.000000,1.000000,0.200000
1782700984.366400,-1,0.000466,inf,SAFE_STAND,0.000000,0.011726,0.036619,0.177966,0.000000,0.000000,0.000000,1.000000,0.200000
1782700984.386563,-1,0.000508,inf,SAFE_STAND,0.000000,0.011748,0.036629,0.177976,0.000000,0.000000,0.000000,1.000000,0.200000
1782700984.406949,-1,0.000741,inf,SAFE_STAND,0.000000,0.011756,0.036625,0.177993,0.000000,0.000000,0.000000,1.000000,0.200000
1782700984.427036,-1,0.000478,inf,SAFE_STAND,0.000000,0.011756,0.036626,0.178015,0.000000,0.000000,0.000000,1.000000,0.200000
1782700984.447155,-1,0.000476,inf,SAFE_STAND,0.000000,0.011758,0.036625,0.178023,0.000000,0.000000,0.000000,1.000000,0.200000
1782700984.467330,-1,0.000516,inf,SAFE_STAND,0.000000,0.011756,0.036657,0.178009,0.000000,0.000000,0.000000,1.000000,0.200000
1782700984.488076,-1,0.000908,inf,SAFE_STAND,0.000000,0.011760,0.036623,0.177987,0.000000,0.000000,0.000000,1.000000,0.200000
1782700984.507793,-1,0.000536,inf,SAFE_STAND,0.000000,0.011772,0.036614,0.178006,0.000000,0.000000,0.000000,1.000000,0.200000
1782700984.527891,-1,0.000550,inf,SAFE_STAND,0.000000,0.011780,0.036665,0.178028,0.000000,0.000000,0.000000,1.000000,0.200000
1782700984.548622,-1,0.000856,inf,SAFE_STAND,0.000000,0.011767,0.036682,0.177996,0.000000,0.000000,0.000000,1.000000,0.200000
1782700984.568573,-1,0.000535,inf,SAFE_STAND,0.000000,0.011765,0.036693,0.177976,0.000000,0.000000,0.000000,1.000000,0.200000
1782700984.588682,-1,0.000516,inf,SAFE_STAND,0.000000,0.011780,0.036739,0.177976,0.000000,0.000000,0.000000,1.000000,0.200000
1782700984.608759,-1,0.000466,inf,SAFE_STAND,0.000000,0.011796,0.036676,0.178032,0.000000,0.000000,0.000000,1.000000,0.200000
1782700984.629367,-1,0.000442,inf,SAFE_STAND,0.000000,0.011802,0.036686,0.178039,0.000000,0.000000,0.000000,1.000000,0.200000
1782700984.649509,-1,0.000457,inf,SAFE_STAND,0.000000,0.011810,0.036668,0.178069,0.000000,0.000000,0.000000,1.000000,0.200000
1782700984.670034,-1,0.000852,inf,SAFE_STAND,0.000000,0.011827,0.036693,0.178038,0.000000,0.000000,0.000000,1.000000,0.200000
1782700984.690169,-1,0.000803,inf,SAFE_STAND,0.000000,0.011819,0.036663,0.178044,0.000000,0.000000,0.000000,1.000000,0.200000
1782700984.710288,-1,0.000640,inf,SAFE_STAND,0.000000,0.011806,0.036671,0.178054,0.000000,0.000000,0.000000,1.000000,0.200000
1782700984.730305,-1,0.000570,inf,SAFE_STAND,0.000000,0.011832,0.036658,0.178064,0.000000,0.000000,0.000000,1.000000,0.200000
1782700984.750899,-1,0.000837,inf,SAFE_STAND,0.000000,0.011835,0.036601,0.178113,0.000000,0.000000,0.000000,1.000000,0.200000
1782700984.770982,-1,0.000829,inf,SAFE_STAND,0.000000,0.011818,0.036569,0.178153,0.000000,0.000000,0.000000,1.000000,0.200000
1782700984.791124,-1,0.000672,inf,SAFE_STAND,0.000000,0.011831,0.036575,0.178146,0.000000,0.000000,0.000000,1.000000,0.200000
1782700984.811070,-1,0.000528,inf,SAFE_STAND,0.000000,0.011829,0.036522,0.178167,0.000000,0.000000,0.000000,1.000000,0.200000
1782700984.831784,-1,0.000934,733.443153,SAFE_STAND,0.000000,0.011829,0.036473,0.178162,0.000000,0.000000,0.000000,1.000000,0.200000
1782700984.851740,-1,0.000574,inf,SAFE_STAND,0.000000,0.011839,0.036463,0.178132,0.000000,0.000000,0.000000,1.000000,0.200000
1782700984.871768,-1,0.000520,inf,SAFE_STAND,0.000000,0.011834,0.036501,0.178137,0.000000,0.000000,0.000000,1.000000,0.200000
1782700984.891836,-1,0.000499,inf,SAFE_STAND,0.000000,0.011831,0.036494,0.178150,0.000000,0.000000,0.000000,1.000000,0.200000
1782700984.912394,-1,0.000745,inf,SAFE_STAND,0.000000,0.011816,0.036555,0.178149,0.000000,0.000000,0.000000,1.000000,0.200000
1782700984.932482,-1,0.000601,inf,SAFE_STAND,0.000000,0.011821,0.036513,0.178105,0.000000,0.000000,0.000000,1.000000,0.200000
1782700984.952453,-1,0.000491,inf,SAFE_STAND,0.000000,0.011815,0.036451,0.178106,0.000000,0.000000,0.000000,1.000000,0.200000
1782700984.972553,-1,0.000511,inf,SAFE_STAND,0.000000,0.011798,0.036479,0.178098,0.000000,0.000000,0.000000,1.000000,0.200000
1782700984.993346,-1,0.000870,inf,SAFE_STAND,0.000000,0.011793,0.036474,0.178127,0.000000,0.000000,0.000000,1.000000,0.200000
1782700985.013172,-1,0.000532,inf,SAFE_STAND,0.000000,0.011774,0.036438,0.178126,0.000000,0.000000,0.000000,1.000000,0.200000
1782700985.033231,-1,0.000513,inf,SAFE_STAND,0.000000,0.011755,0.036469,0.178109,0.000000,0.000000,0.000000,1.000000,0.200000
1782700985.053315,-1,0.000516,inf,SAFE_STAND,0.000000,0.011747,0.036446,0.178160,0.000000,0.000000,0.000000,1.000000,0.200000
1782700985.073985,-1,0.000748,inf,SAFE_STAND,0.000000,0.011759,0.036491,0.178187,0.000000,0.000000,0.000000,1.000000,0.200000
1782700985.093940,-1,0.000542,inf,SAFE_STAND,0.000000,0.011757,0.036502,0.178179,0.000000,0.000000,0.000000,1.000000,0.200000
1782700985.113985,-1,0.000507,inf,SAFE_STAND,0.000000,0.011760,0.036508,0.178165,0.000000,0.000000,0.000000,1.000000,0.200000
1782700985.134093,-1,0.000534,inf,SAFE_STAND,0.000000,0.011758,0.036539,0.178172,0.000000,0.000000,0.000000,1.000000,0.200000
1782700985.154626,-1,0.000754,inf,SAFE_STAND,0.000000,0.011754,0.036521,0.178170,0.000000,0.000000,0.000000,1.000000,0.200000
1782700985.174504,-1,0.000537,inf,SAFE_STAND,0.000000,0.011767,0.036572,0.178186,0.000000,0.000000,0.000000,1.000000,0.200000
1782700985.194649,-1,0.000487,inf,SAFE_STAND,0.000000,0.011782,0.036559,0.178183,0.000000,0.000000,0.000000,1.000000,0.200000
1782700985.214783,-1,0.000541,inf,SAFE_STAND,0.000000,0.011808,0.036612,0.178203,0.000000,0.000000,0.000000,1.000000,0.200000
1782700985.235066,-1,0.000521,inf,SAFE_STAND,0.000000,0.011827,0.036569,0.178247,0.000000,0.000000,0.000000,1.000000,0.200000
1782700985.255393,-1,0.000510,inf,SAFE_STAND,0.000000,0.011839,0.036551,0.178245,0.000000,0.000000,0.000000,1.000000,0.200000
1782700985.275462,-1,0.000497,inf,SAFE_STAND,0.000000,0.011838,0.036563,0.178253,0.000000,0.000000,0.000000,1.000000,0.200000
1782700985.295853,-1,0.000807,inf,SAFE_STAND,0.000000,0.011836,0.036510,0.178262,0.000000,0.000000,0.000000,1.000000,0.200000
1782700985.315635,-1,0.000507,inf,SAFE_STAND,0.000000,0.011860,0.036534,0.178242,0.000000,0.000000,0.000000,1.000000,0.200000
1782700985.336125,22,0.000895,0.005249,SAFE_STAND,0.000000,0.011857,0.036571,0.178257,0.000000,0.000000,0.000000,1.000000,0.200000
1782700985.356194,23,0.000872,0.005373,SAFE_STAND,0.000000,0.011857,0.036546,0.178242,0.000000,0.000000,0.000000,1.000000,0.200000
1782700985.376366,24,0.000639,0.005501,SAFE_STAND,0.000000,0.011855,0.036531,0.178276,0.000000,0.000000,0.000000,1.000000,0.200000
1782700985.396960,25,0.000913,0.005594,SAFE_STAND,0.000000,0.011872,0.036546,0.178245,0.000000,0.000000,0.000000,1.000000,0.200000
1782700985.416926,26,0.000633,0.005825,SAFE_STAND,0.000000,0.011885,0.036549,0.178265,0.000000,0.000000,0.000000,1.000000,0.200000
1782700985.437098,27,0.000674,0.005859,SAFE_STAND,0.000000,0.011869,0.036591,0.178259,0.000000,0.000000,0.000000,1.000000,0.200000
1782700985.457146,28,0.000634,0.005869,SAFE_STAND,0.000000,0.011888,0.036539,0.178315,0.000000,0.000000,0.000000,1.000000,0.200000
1782700985.477671,29,0.000846,0.005958,SAFE_STAND,0.000000,0.011886,0.036521,0.178298,0.000000,0.000000,0.000000,1.000000,0.200000
1782700985.497715,30,0.000569,0.006392,SAFE_STAND,0.000000,0.011894,0.036515,0.178314,0.000000,0.000000,0.000000,1.000000,0.200000
1782700985.517861,31,0.000631,0.006434,SAFE_STAND,0.000000,0.011879,0.036529,0.178308,0.000000,0.000000,0.000000,1.000000,0.200000
1782700985.537934,32,0.000624,0.006434,SAFE_STAND,0.000000,0.011850,0.036521,0.178324,0.000000,0.000000,0.000000,1.000000,0.200000
1782700985.558783,33,0.001157,0.006722,SAFE_STAND,0.000000,0.011839,0.036510,0.178295,0.000000,0.000000,0.000000,1.000000,0.200000
1782700985.578772,34,0.000804,0.007014,SAFE_STAND,0.000000,0.011808,0.036504,0.178257,0.000000,0.000000,0.000000,1.000000,0.200000
1782700985.599574,35,0.001223,0.007622,SAFE_STAND,0.000000,0.011788,0.036488,0.178256,0.000000,0.000000,0.000000,1.000000,0.200000
1782700985.623448,36,0.004699,0.007688,TRACKING,0.090595,0.011740,0.036470,0.178221,0.081199,0.027401,0.355303,0.004147,0.200000
1782700985.642012,37,0.003187,0.007649,TRACKING,0.083947,0.011727,0.036430,0.178239,0.078334,0.026933,0.343112,0.021345,0.200000
1782700985.662071,38,0.003097,0.007838,TRACKING,0.085336,0.011734,0.036390,0.178223,0.078912,0.027509,0.344853,0.042113,0.200000
1782700985.682013,39,0.002911,0.008154,TRACKING,0.086050,0.011726,0.036437,0.178225,0.079978,0.028454,0.348337,0.062129,0.200000
1782700985.702006,40,0.002818,0.007868,TRACKING,0.086900,0.011750,0.036462,0.178235,0.081014,0.029605,0.353561,0.082131,0.200000
1782700985.721928,41,0.002654,0.008219,TRACKING,0.089232,0.011753,0.036480,0.178246,0.083653,0.030572,0.365754,0.102091,0.200000
1782700985.742068,42,0.002575,0.008061,TRACKING,0.089722,0.011800,0.036549,0.178273,0.084520,0.031188,0.369237,0.122208,0.200000
1782700985.762332,43,0.002421,0.008400,TRACKING,0.090200,0.011809,0.036684,0.178268,0.084380,0.030861,0.369237,0.142787,0.200000
1782700985.782954,44,0.002599,0.008836,TRACKING,0.090040,0.011836,0.036796,0.178337,0.085322,0.030794,0.369237,0.163055,0.200000
1782700985.803435,45,0.002927,0.009006,TRACKING,0.091892,0.011833,0.036947,0.178337,0.087882,0.030878,0.376204,0.183595,0.200000
1782700985.823920,46,0.003324,0.008933,TRACKING,0.093187,0.011829,0.037188,0.178205,0.087370,0.032129,0.376204,0.204030,0.200000
1782700985.843853,47,0.002610,0.008429,TRACKING,0.091865,0.011918,0.037601,0.178251,0.087790,0.033380,0.374463,0.223915,0.200000
1782700985.864349,48,0.002700,0.009176,TRACKING,0.092861,0.011949,0.037856,0.178211,0.088661,0.033741,0.375832,0.244551,0.200000
1782700985.884841,49,0.002797,0.009307,TRACKING,0.093527,0.011977,0.038041,0.178262,0.089203,0.034007,0.376910,0.265248,0.200000
1782700985.905586,50,0.003093,0.010212,TRACKING,0.092892,0.011959,0.038172,0.178352,0.088791,0.034228,0.369930,0.285690,0.200000
1782700985.925508,51,0.002923,0.009849,TRACKING,0.091985,0.011937,0.038454,0.178311,0.088258,0.034367,0.366441,0.305617,0.200000
1782700985.946113,52,0.003103,0.010098,TRACKING,0.092549,0.011922,0.038758,0.178330,0.087199,0.034353,0.366441,0.326130,0.200000
1782700985.966204,53,0.003110,0.010140,TRACKING,0.092490,0.011968,0.039020,0.178358,0.086417,0.034278,0.366441,0.346305,0.200000
1782700985.986561,54,0.003378,0.010593,TRACKING,0.093017,0.011896,0.039108,0.178279,0.085634,0.033968,0.362950,0.367036,0.200000
1782700986.006369,55,0.002867,0.010465,TRACKING,0.091549,0.011843,0.039160,0.178269,0.085156,0.033782,0.359460,0.386835,0.200000
1782700986.026706,56,0.003071,0.010534,TRACKING,0.090681,0.011821,0.039110,0.178193,0.084768,0.033602,0.355971,0.406851,0.200000
1782700986.046298,57,0.002576,0.010625,TRACKING,0.091218,0.011823,0.038987,0.178131,0.084764,0.033788,0.359461,0.426774,0.200000
1782700986.066876,58,0.003063,0.010330,TRACKING,0.091304,0.011818,0.038605,0.178041,0.084505,0.033893,0.359461,0.446937,0.200000
1782700986.086740,59,0.002834,0.010833,TRACKING,0.091298,0.011792,0.038106,0.178065,0.084314,0.034001,0.359461,0.466883,0.200000
1782700986.106855,60,0.002860,0.011053,TRACKING,0.091414,0.011803,0.037463,0.178087,0.084085,0.034040,0.359154,0.486973,0.200000
1782700986.126892,61,0.002444,0.011102,TRACKING,0.091047,0.011803,0.036652,0.178123,0.083890,0.033999,0.358962,0.507343,0.200000
1782700986.148495,62,0.003364,0.011514,TRACKING,0.091361,0.011826,0.035829,0.178125,0.083711,0.033951,0.358962,0.528042,0.200000
1782700986.169209,63,0.003944,0.011773,TRACKING,0.092839,0.011872,0.034877,0.178307,0.083587,0.033589,0.358962,0.549342,0.200000
1782700986.188260,64,0.002875,0.011899,TRACKING,0.090178,0.011880,0.033975,0.178295,0.083476,0.033295,0.355477,0.568388,0.200000
1782700986.207728,65,0.002231,0.012268,TRACKING,0.089369,0.011881,0.033010,0.178289,0.082902,0.032958,0.351992,0.588320,0.200000
1782700986.228702,66,0.002773,0.012202,TRACKING,0.087559,0.011866,0.032031,0.178295,0.081893,0.032776,0.343280,0.608804,0.200000
1782700986.248593,67,0.002224,0.012394,TRACKING,0.086105,0.011816,0.031112,0.178220,0.080955,0.032682,0.338052,0.629053,0.200000
1782700986.269563,68,0.002809,0.013059,TRACKING,0.086645,0.011892,0.030178,0.178242,0.080007,0.032551,0.336309,0.649990,0.200000
1782700986.289525,69,0.002309,0.013556,TRACKING,0.085281,0.012020,0.029367,0.178262,0.079388,0.032523,0.332824,0.669969,0.200000
1782700986.310206,70,0.002536,0.013792,TRACKING,0.083142,0.012023,0.028522,0.178298,0.078441,0.032270,0.324112,0.690313,0.200000
1782700986.330656,71,0.002893,0.013913,TRACKING,0.083493,0.011936,0.027758,0.178101,0.077315,0.032218,0.322123,0.710954,0.200000
1782700986.350317,72,0.002422,0.014347,TRACKING,0.083061,0.011910,0.026872,0.177992,0.076419,0.032136,0.321974,0.730729,0.200000
1782700986.370943,73,0.002671,0.014999,TRACKING,0.082268,0.011989,0.025748,0.178025,0.075357,0.031896,0.316751,0.751013,0.200000
1782700986.392319,74,0.003552,0.015110,TRACKING,0.082366,0.012052,0.024475,0.177990,0.074139,0.031599,0.313273,0.772065,0.200000
1782700986.411818,75,0.002563,0.014774,TRACKING,0.081799,0.012113,0.022955,0.178017,0.073108,0.031436,0.313273,0.792441,0.200000
1782700986.431786,76,0.002077,0.015346,TRACKING,0.080190,0.012212,0.021332,0.178060,0.071824,0.031554,0.308051,0.812388,0.200000
1782700986.452674,77,0.002883,0.015862,TRACKING,0.080645,0.012313,0.019712,0.177994,0.070359,0.031538,0.302828,0.833374,0.200000
1782700986.472474,78,0.002265,0.016357,TRACKING,0.077348,0.012422,0.017654,0.178033,0.068704,0.031472,0.294128,0.852770,0.200000
1782700986.493430,79,0.003141,0.015751,TRACKING,0.076634,0.012522,0.015704,0.178147,0.066870,0.031309,0.287166,0.873636,0.200000
1782700986.513273,80,0.002844,0.015949,TRACKING,0.074424,0.012648,0.013848,0.178253,0.065081,0.031052,0.280202,0.893491,0.200000
1782700986.533358,81,0.002403,0.016207,TRACKING,0.071958,0.012790,0.011817,0.178365,0.063379,0.030562,0.273240,0.913530,0.200000
1782700986.554003,82,0.002562,0.016994,TRACKING,0.070806,0.013000,0.009903,0.178476,0.062362,0.030095,0.266279,0.934234,0.200000
1782700986.574238,83,0.002468,0.017028,TRACKING,0.068325,0.013200,0.007766,0.178697,0.061188,0.029532,0.255836,0.954472,0.200000
1782700986.594330,84,0.002442,0.017123,TRACKING,0.066898,0.013320,0.005739,0.178827,0.061034,0.029074,0.248875,0.974915,0.200000
1782700986.614733,85,0.002132,0.017757,TRACKING,0.064499,0.013481,0.003556,0.179029,0.061825,0.028733,0.240172,0.994983,0.200000
1782700986.635813,86,0.003130,0.017916,TRACKING,0.064553,0.013671,0.001043,0.179023,0.062828,0.028559,0.236691,1.000000,0.200000
1782700986.656597,87,0.003819,0.017641,TRACKING,0.063971,0.013873,-0.001389,0.179010,0.060534,0.027666,0.226249,1.000000,0.200000
1782700986.675678,88,0.002809,0.017681,TRACKING,0.061940,0.014075,-0.003893,0.179335,0.057519,0.026630,0.219287,1.000000,0.200000
1782700986.696410,89,0.003401,0.018933,TRACKING,0.062964,0.014280,-0.006262,0.179244,0.054522,0.025870,0.212325,1.000000,0.200000
1782700986.716013,90,0.002749,0.018856,TRACKING,0.061558,0.014496,-0.008450,0.179221,0.051601,0.025170,0.207105,1.000000,0.200000
1782700986.736736,91,0.003378,0.018144,TRACKING,0.060820,0.014700,-0.010388,0.179079,0.048714,0.024637,0.200144,1.000000,0.200000
1782700986.756845,92,0.003023,0.018834,TRACKING,0.060617,0.014864,-0.012311,0.178937,0.046239,0.024150,0.193182,1.000000,0.200000
1782700986.777322,93,0.003055,0.018951,TRACKING,0.060008,0.015016,-0.014262,0.178799,0.045522,0.023672,0.189702,1.000000,0.200000
1782700986.797478,94,0.003124,0.019047,TRACKING,0.059161,0.015123,-0.015887,0.178675,0.044381,0.023232,0.182740,1.000000,0.200000
1782700986.816612,95,0.002149,0.018906,TRACKING,0.058639,0.015183,-0.017606,0.178461,0.043146,0.022780,0.181001,1.000000,0.200000
1782700986.836601,96,0.002001,0.019482,TRACKING,0.058568,0.015203,-0.019486,0.178263,0.042097,0.022427,0.177520,1.000000,0.200000
1782700986.857251,97,0.002359,0.019276,TRACKING,0.059191,0.015250,-0.021230,0.178090,0.042220,0.022182,0.174037,1.000000,0.200000
1782700986.878073,98,0.003057,0.019443,TRACKING,0.060110,0.015282,-0.022974,0.177832,0.042425,0.022023,0.173923,1.000000,0.200000
1782700986.897997,99,0.002857,0.019484,TRACKING,0.059853,0.015269,-0.024606,0.177526,0.043117,0.021878,0.170445,1.000000,0.200000
1782700986.917354,100,0.002077,0.019802,TRACKING,0.059465,0.015255,-0.026062,0.177324,0.042929,0.021708,0.170445,1.000000,0.200000
1782700986.938075,101,0.002406,0.019896,TRACKING,0.060643,0.015201,-0.027483,0.177172,0.043721,0.021629,0.172186,1.000000,0.200000
1782700986.958096,103,0.001957,0.000541,TRACKING,0.050735,0.015179,-0.028718,0.177077,0.043684,0.021489,0.170445,1.000000,0.200000
1782700986.977968,104,0.001566,0.000381,TRACKING,0.050912,0.015123,-0.030150,0.177052,0.043898,0.021512,0.172186,1.000000,0.200000
1782700986.998514,105,0.002032,0.000340,TRACKING,0.051195,0.015077,-0.031273,0.176969,0.042881,0.021376,0.172186,1.000000,0.200000
1782700987.018048,106,0.001485,0.000275,TRACKING,0.051053,0.015046,-0.032421,0.176881,0.042656,0.021311,0.172186,1.000000,0.200000
1782700987.038597,107,0.001953,0.000319,TRACKING,0.051760,0.015012,-0.033439,0.176806,0.042225,0.021256,0.173923,1.000000,0.200000
1782700987.058871,108,0.002151,0.000814,TRACKING,0.052760,0.014944,-0.034344,0.176553,0.042244,0.021249,0.173927,1.000000,0.200000
1782700987.079367,109,0.002158,0.000848,TRACKING,0.051886,0.014896,-0.035038,0.176202,0.041768,0.021192,0.172186,1.000000,0.200000
1782700987.100703,110,0.003366,0.001011,TRACKING,0.054223,0.014827,-0.035663,0.175911,0.040988,0.021124,0.172186,1.000000,0.200000
1782700987.120602,111,0.002576,0.001506,TRACKING,0.053050,0.014803,-0.036178,0.175719,0.040827,0.021068,0.173927,1.000000,0.200000
1782700987.141447,112,0.002979,0.002256,TRACKING,0.053608,0.014748,-0.036554,0.175658,0.040223,0.020985,0.172186,1.000000,0.200000
1782700987.161011,113,0.002092,0.002458,TRACKING,0.052594,0.014704,-0.036900,0.175624,0.040197,0.020927,0.172186,1.000000,0.200000
1782700987.182026,114,0.003018,0.002490,TRACKING,0.054075,0.014679,-0.037185,0.175551,0.040001,0.020888,0.173927,1.000000,0.200000
1782700987.202300,115,0.003203,0.002502,TRACKING,0.054374,0.014690,-0.037367,0.175553,0.040107,0.020863,0.173927,1.000000,0.200000
1782700987.222751,116,0.003188,0.002601,TRACKING,0.054350,0.014674,-0.037498,0.175544,0.040316,0.020882,0.173927,1.000000,0.200000
1782700987.242216,117,0.002586,0.003746,TRACKING,0.054104,0.014660,-0.037606,0.175544,0.040345,0.020883,0.173927,1.000000,0.200000
1782700987.262793,118,0.002708,0.003442,TRACKING,0.054045,0.014618,-0.037699,0.175513,0.040446,0.020953,0.173927,1.000000,0.200000
1782700987.282877,119,0.002703,0.003352,TRACKING,0.054540,0.014571,-0.037716,0.175526,0.040567,0.020994,0.177406,1.000000,0.200000
1782700987.303104,120,0.002481,0.003731,TRACKING,0.055097,0.014527,-0.037713,0.175454,0.040663,0.021040,0.177406,1.000000,0.200000
1782700987.322948,121,0.001718,0.004146,TRACKING,0.054590,0.014498,-0.037663,0.175454,0.040622,0.021127,0.179143,1.000000,0.200000
1782700987.343671,122,0.002307,0.004988,TRACKING,0.054986,0.014442,-0.037598,0.175445,0.040740,0.021089,0.177406,1.000000,0.200000
1782700987.364592,123,0.002405,0.005859,TRACKING,0.055838,0.014402,-0.037518,0.175447,0.041068,0.021096,0.179143,1.000000,0.200000
1782700987.385356,124,0.003090,0.006008,TRACKING,0.056692,0.014372,-0.037440,0.175391,0.041288,0.021137,0.177406,1.000000,0.200000
1782700987.405303,125,0.002954,0.005722,TRACKING,0.056880,0.014343,-0.037345,0.175390,0.041588,0.021199,0.180884,1.000000,0.200000
1782700987.425265,126,0.002837,0.005920,TRACKING,0.056802,0.014299,-0.037247,0.175408,0.041875,0.021260,0.180884,1.000000,0.200000
1782700987.445271,127,0.002594,0.005774,TRACKING,0.056844,0.014257,-0.037200,0.175405,0.042156,0.021357,0.184363,1.000000,0.200000
1782700987.465993,128,0.002829,0.006312,TRACKING,0.057600,0.014248,-0.037119,0.175380,0.042548,0.021486,0.184363,1.000000,0.200000
1782700987.486219,129,0.002654,0.006623,TRACKING,0.058465,0.014220,-0.037039,0.175362,0.042697,0.021579,0.187841,1.000000,0.200000
1782700987.506354,130,0.002602,0.006658,TRACKING,0.057204,0.014263,-0.036966,0.175386,0.042881,0.021658,0.186104,1.000000,0.200000
1782700987.526789,131,0.002586,0.007286,TRACKING,0.058098,0.014279,-0.036899,0.175329,0.043005,0.021724,0.187841,1.000000,0.200000
1782700987.546734,132,0.002352,0.007103,TRACKING,0.057536,0.014270,-0.036806,0.175287,0.042895,0.021793,0.187841,1.000000,0.200000
1782700987.566683,133,0.002213,0.007194,TRACKING,0.057389,0.014280,-0.036771,0.175263,0.042987,0.021908,0.187841,1.000000,0.200000
1782700987.587421,134,0.002863,0.007266,TRACKING,0.058335,0.014261,-0.036745,0.175297,0.042968,0.022062,0.187841,1.000000,0.200000
1782700987.607139,135,0.002494,0.007247,TRACKING,0.058223,0.014224,-0.036728,0.175303,0.042950,0.022171,0.187841,1.000000,0.200000
1782700987.627857,136,0.002673,0.007734,TRACKING,0.058134,0.014209,-0.036749,0.175291,0.043300,0.022251,0.187841,1.000000,0.200000
1782700987.648525,137,0.002900,0.008169,TRACKING,0.058306,0.014220,-0.036749,0.175254,0.043516,0.022301,0.184363,1.000000,0.200000
1782700987.668677,138,0.002959,0.008467,TRACKING,0.058087,0.014257,-0.036773,0.175215,0.044159,0.022448,0.182621,1.000000,0.200000
1782700987.688583,139,0.002539,0.008380,TRACKING,0.057510,0.014254,-0.036843,0.175188,0.044765,0.022576,0.182621,1.000000,0.200000
1782700987.709533,140,0.003046,0.008802,TRACKING,0.058557,0.014227,-0.036895,0.175143,0.045382,0.022751,0.182621,1.000000,0.200000
1782700987.730550,141,0.003590,0.009279,TRACKING,0.059650,0.014230,-0.036925,0.175098,0.046123,0.022922,0.182621,1.000000,0.200000
1782700987.750166,142,0.002723,0.009206,TRACKING,0.058848,0.014256,-0.036994,0.175038,0.046607,0.023065,0.182621,1.000000,0.200000
1782700987.770233,143,0.002498,0.009166,TRACKING,0.058071,0.014268,-0.037012,0.175041,0.046722,0.023224,0.182621,1.000000,0.200000
1782700987.790246,144,0.002416,0.009167,TRACKING,0.057955,0.014283,-0.037066,0.175025,0.046910,0.023316,0.182621,1.000000,0.200000
1782700987.810358,145,0.002441,0.009870,TRACKING,0.058281,0.014269,-0.037107,0.175025,0.046659,0.023416,0.182621,1.000000,0.200000
1782700987.830345,146,0.002338,0.009140,TRACKING,0.058452,0.014274,-0.037103,0.175021,0.047161,0.023530,0.182621,1.000000,0.200000
1782700987.851498,147,0.002936,0.010566,TRACKING,0.059592,0.014327,-0.037116,0.174997,0.047297,0.023595,0.182621,1.000000,0.200000
1782700987.871684,148,0.003042,0.010473,TRACKING,0.059053,0.014343,-0.037119,0.174998,0.047718,0.023649,0.179143,1.000000,0.200000
1782700987.891602,149,0.002839,0.009976,TRACKING,0.058140,0.014375,-0.037122,0.175021,0.048260,0.023679,0.175664,1.000000,0.200000
1782700987.911159,150,0.002276,0.010041,TRACKING,0.057730,0.014371,-0.037056,0.175116,0.048773,0.023806,0.173923,1.000000,0.200000
1782700987.931636,151,0.002351,0.010151,TRACKING,0.056675,0.014387,-0.037001,0.175166,0.049934,0.023950,0.170445,1.000000,0.200000
1782700987.951884,152,0.002520,0.010137,TRACKING,0.056968,0.014393,-0.036918,0.175180,0.050162,0.024021,0.166966,1.000000,0.200000
1782700987.972723,153,0.002571,0.010967,TRACKING,0.056915,0.014386,-0.036821,0.175207,0.050368,0.024097,0.165225,1.000000,0.200000
1782700987.993644,154,0.003399,0.011110,TRACKING,0.058073,0.014369,-0.036694,0.175208,0.050627,0.024168,0.163488,1.000000,0.200000
1782700988.013244,155,0.002356,0.011643,TRACKING,0.055660,0.014373,-0.036582,0.175242,0.050851,0.024293,0.158268,1.000000,0.200000
1782700988.034508,156,0.003117,0.012414,TRACKING,0.056397,0.014384,-0.036498,0.175182,0.051738,0.024422,0.153048,1.000000,0.200000
1782700988.054643,157,0.002762,0.012506,TRACKING,0.055528,0.014401,-0.036367,0.175167,0.052161,0.024450,0.151307,1.000000,0.200000
1782700988.080060,158,0.008083,0.012650,TRACKING,0.063161,0.014413,-0.036255,0.175153,0.052459,0.024421,0.151307,1.000000,0.200000
1782700988.096906,159,0.004285,0.013607,TRACKING,0.057525,0.014436,-0.036143,0.175110,0.052876,0.024335,0.151307,1.000000,0.200000
1782700988.115408,160,0.002680,0.013425,TRACKING,0.055822,0.014424,-0.036035,0.175128,0.053208,0.024337,0.151307,1.000000,0.200000
1782700988.136026,161,0.002844,0.013956,TRACKING,0.056739,0.014421,-0.035939,0.175096,0.053198,0.024261,0.153048,1.000000,0.200000
1782700988.155890,162,0.002276,0.014543,TRACKING,0.055213,0.014423,-0.035868,0.175138,0.052460,0.024128,0.151307,1.000000,0.200000
1782700988.178632,163,0.004931,0.013718,TRACKING,0.059164,0.014440,-0.035805,0.175162,0.051890,0.024067,0.151307,1.000000,0.200000
1782700988.195880,164,0.002102,0.013909,TRACKING,0.054947,0.014442,-0.035768,0.175129,0.051019,0.023916,0.149566,1.000000,0.200000
1782700988.216914,165,0.002586,0.014003,TRACKING,0.055819,0.014461,-0.035704,0.175108,0.050426,0.023854,0.151307,1.000000,0.200000
1782700988.236969,166,0.002515,0.014472,TRACKING,0.055364,0.014456,-0.035692,0.175102,0.050061,0.023750,0.147825,1.000000,0.200000
1782700988.257559,167,0.002972,0.014574,TRACKING,0.055497,0.014446,-0.035732,0.175136,0.049404,0.023621,0.147825,1.000000,0.200000
1782700988.277723,168,0.003003,0.014906,TRACKING,0.056319,0.014464,-0.035757,0.175147,0.050199,0.023642,0.147825,1.000000,0.200000
1782700988.297095,169,0.002255,0.014780,TRACKING,0.054606,0.014457,-0.035805,0.175186,0.050749,0.023568,0.147825,1.000000,0.200000
1782700988.317424,170,0.002399,0.014621,TRACKING,0.055548,0.014457,-0.035962,0.175174,0.051330,0.023468,0.147825,1.000000,0.200000
1782700988.336688,171,0.001590,0.014811,TRACKING,0.054600,0.014436,-0.036083,0.175157,0.050526,0.023235,0.149562,1.000000,0.200000
1782700988.358214,172,0.002758,0.015413,TRACKING,0.055614,0.014452,-0.036130,0.175096,0.048674,0.022894,0.147821,1.000000,0.200000
1782700988.378356,173,0.002686,0.015281,TRACKING,0.056427,0.014463,-0.036287,0.175064,0.047027,0.022613,0.149562,1.000000,0.200000
1782700988.398117,174,0.002315,0.015423,TRACKING,0.055211,0.014499,-0.036447,0.174964,0.045061,0.022268,0.144342,1.000000,0.200000
1782700988.419026,175,0.003148,0.015268,TRACKING,0.054514,0.014530,-0.036654,0.174883,0.043792,0.022036,0.139126,1.000000,0.200000
1782700988.438117,176,0.002100,0.015389,TRACKING,0.053525,0.014555,-0.036896,0.174755,0.043094,0.021828,0.135648,1.000000,0.200000
1782700988.458179,177,0.001639,0.015887,TRACKING,0.052739,0.014586,-0.037181,0.174686,0.042251,0.021643,0.133880,1.000000,0.200000
1782700988.479730,178,0.002704,0.016485,TRACKING,0.053790,0.014634,-0.037446,0.174585,0.041715,0.021509,0.132140,1.000000,0.200000
1782700988.499620,179,0.002257,0.016576,TRACKING,0.052855,0.014623,-0.037732,0.174542,0.041120,0.021467,0.128659,1.000000,0.200000
1782700988.521524,180,0.004004,0.016644,TRACKING,0.055172,0.014679,-0.038181,0.174447,0.040780,0.021476,0.126923,1.000000,0.200000
1782700988.540129,181,0.002512,0.016521,TRACKING,0.053085,0.014694,-0.038702,0.174315,0.040281,0.021433,0.123446,1.000000,0.200000
1782700988.560488,182,0.002279,0.017236,TRACKING,0.053581,0.014715,-0.039292,0.174123,0.040507,0.021393,0.125182,1.000000,0.200000
1782700988.580657,183,0.002352,0.017170,TRACKING,0.053745,0.014742,-0.039966,0.173872,0.041575,0.021480,0.126924,1.000000,0.200000
1782700988.601593,184,0.002471,0.018140,TRACKING,0.055077,0.014766,-0.040657,0.173517,0.042576,0.021568,0.123450,1.000000,0.200000
1782700988.622053,185,0.002520,0.019105,TRACKING,0.054944,0.014782,-0.041335,0.173283,0.043392,0.021776,0.121710,1.000000,0.200000
1782700988.642368,186,0.002461,0.019450,TRACKING,0.054953,0.014873,-0.042069,0.172978,0.043971,0.022007,0.118233,1.000000,0.200000
1782700988.662240,187,0.002249,0.018566,TRACKING,0.053438,0.014931,-0.042881,0.172665,0.046321,0.022326,0.113015,1.000000,0.200000
1782700988.682371,188,0.002254,0.018683,TRACKING,0.054065,0.015020,-0.043602,0.172317,0.050616,0.022696,0.111275,1.000000,0.200000
1782700988.702253,189,0.002006,0.018664,TRACKING,0.053546,0.014988,-0.044395,0.172052,0.055360,0.023236,0.106163,1.000000,0.200000
1782700988.722128,190,0.001589,0.018842,TRACKING,0.052517,0.014922,-0.045360,0.171634,0.059956,0.023890,0.100959,1.000000,0.200000
1782700988.742231,191,0.001615,0.018806,TRACKING,0.052595,0.014736,-0.046363,0.171076,0.064036,0.024439,0.097489,1.000000,0.200000
1782700988.762767,192,0.002073,0.018728,TRACKING,0.052307,0.014608,-0.047340,0.170423,0.067257,0.024961,0.095336,1.000000,0.200000
1782700988.783422,193,0.002591,0.019183,TRACKING,0.054699,0.014570,-0.048220,0.170264,0.069377,0.025443,0.099785,1.000000,0.200000
1782700988.804120,194,0.003199,0.019223,TRACKING,0.056409,0.014432,-0.049023,0.170337,0.070351,0.026002,0.101692,1.000000,0.200000
1782700988.824057,195,0.002724,0.020007,TRACKING,0.055840,0.014141,-0.049784,0.170869,0.070573,0.026682,0.101086,1.000000,0.200000
1782700988.844246,197,0.002513,0.000444,TRACKING,0.048648,0.013677,-0.050442,0.171530,0.069645,0.027438,0.113289,1.000000,0.200000
1782700988.864219,198,0.002219,0.000307,TRACKING,0.051837,0.012927,-0.051237,0.172253,0.068220,0.028572,0.128989,1.000000,0.200000
1782700988.884732,199,0.002580,0.000350,TRACKING,0.055589,0.011920,-0.052036,0.173029,0.064696,0.029468,0.148150,1.000000,0.200000
1782700988.905851,200,0.003290,0.001010,TRACKING,0.060386,0.010863,-0.052894,0.173583,0.071217,0.030037,0.163832,1.000000,0.200000
1782700988.925271,200,0.002264,0.021039,TRACKING,0.070565,0.009538,-0.053802,0.173772,0.075920,0.030179,0.176023,1.000000,0.200000
1782700988.947060,202,0.003581,0.001343,TRACKING,0.064391,0.008247,-0.054814,0.173134,0.077472,0.030001,0.186478,1.000000,0.200000
1782700988.966630,203,0.003064,0.001628,TRACKING,0.064867,0.007115,-0.055835,0.172652,0.078662,0.030149,0.188227,1.000000,0.200000
1782700988.986391,204,0.002740,0.001367,TRACKING,0.064319,0.005868,-0.057164,0.172306,0.080515,0.030513,0.187970,1.000000,0.200000
1782700989.006386,205,0.002633,0.001440,TRACKING,0.063432,0.004731,-0.058584,0.172079,0.082115,0.031005,0.185327,1.000000,0.200000
1782700989.026150,206,0.002307,0.001475,TRACKING,0.063076,0.003524,-0.060170,0.171878,0.083416,0.031383,0.180123,1.000000,0.200000
1782700989.047147,207,0.002590,0.002250,TRACKING,0.061602,0.002660,-0.061741,0.171727,0.083684,0.031640,0.171412,1.000000,0.200000
1782700989.066888,208,0.002243,0.002142,TRACKING,0.060848,0.001921,-0.063510,0.171855,0.082720,0.031713,0.162701,1.000000,0.200000
1782700989.087591,209,0.002451,0.002561,TRACKING,0.059124,0.001176,-0.065412,0.171990,0.081884,0.031875,0.150501,1.000000,0.200000
1782700989.107445,210,0.002193,0.002416,TRACKING,0.057450,0.000402,-0.067339,0.172051,0.080977,0.031992,0.138301,1.000000,0.200000
1782700989.127813,211,0.002475,0.002758,TRACKING,0.057379,-0.000470,-0.069426,0.172280,0.079839,0.032135,0.126102,1.000000,0.200000
1782700989.148036,212,0.002614,0.002682,TRACKING,0.057108,-0.001371,-0.071591,0.172321,0.079180,0.032358,0.117371,1.000000,0.200000
1782700989.168671,213,0.003120,0.002915,TRACKING,0.056606,-0.002292,-0.073783,0.172133,0.078621,0.032648,0.105172,1.000000,0.200000
1782700989.188450,214,0.002811,0.002690,TRACKING,0.056283,-0.003215,-0.075861,0.171951,0.078293,0.033034,0.101056,1.000000,0.200000
1782700989.208471,215,0.002754,0.002799,TRACKING,0.057968,-0.004378,-0.078124,0.172053,0.078327,0.033423,0.102327,1.000000,0.200000
1782700989.228135,216,0.002214,0.003048,TRACKING,0.058179,-0.005612,-0.080278,0.172171,0.078225,0.033802,0.103598,1.000000,0.200000
1782700989.249573,217,0.003464,0.003302,TRACKING,0.060574,-0.006450,-0.082119,0.172017,0.077600,0.034064,0.104234,1.000000,0.200000
1782700989.270557,218,0.003648,0.004107,TRACKING,0.062708,-0.007076,-0.084200,0.171883,0.076582,0.034230,0.105505,1.000000,0.200000
1782700989.290010,219,0.002980,0.003772,TRACKING,0.061586,-0.007544,-0.086103,0.171646,0.075578,0.034443,0.105505,1.000000,0.200000
1782700989.310248,220,0.003095,0.003907,TRACKING,0.062949,-0.008092,-0.088140,0.170979,0.074874,0.034695,0.106141,1.000000,0.200000
1782700989.330206,221,0.002933,0.004388,TRACKING,0.064177,-0.008682,-0.090062,0.170014,0.074048,0.034953,0.107412,1.000000,0.200000
1782700989.350232,222,0.002425,0.004403,TRACKING,0.065708,-0.009529,-0.092339,0.169207,0.074810,0.035444,0.108683,1.000000,0.200000
1782700989.370805,223,0.002446,0.004953,TRACKING,0.066930,-0.010536,-0.094551,0.168868,0.076100,0.035963,0.111225,1.000000,0.200000
1782700989.391034,224,0.002549,0.004546,TRACKING,0.069243,-0.011735,-0.096780,0.168944,0.077630,0.036482,0.113132,1.000000,0.200000
1782700989.412029,225,0.003152,0.005306,TRACKING,0.073004,-0.013055,-0.099259,0.169021,0.079853,0.037000,0.118217,1.000000,0.200000
1782700989.432044,226,0.002713,0.005438,TRACKING,0.074563,-0.014510,-0.102081,0.169043,0.082074,0.037471,0.122030,1.000000,0.200000
1782700989.453411,227,0.003576,0.006284,TRACKING,0.077617,-0.015624,-0.104872,0.168984,0.084374,0.037966,0.125208,1.000000,0.200000
1782700989.473384,228,0.003154,0.006187,TRACKING,0.077617,-0.016482,-0.107422,0.169168,0.086172,0.038405,0.125843,1.000000,0.200000
1782700989.494128,229,0.003168,0.006709,TRACKING,0.078399,-0.017024,-0.109543,0.169462,0.087389,0.038746,0.127115,1.000000,0.200000
1782700989.513708,230,0.002658,0.006738,TRACKING,0.078981,-0.017492,-0.111652,0.169514,0.088138,0.038938,0.127750,1.000000,0.200000
1782700989.534659,231,0.002994,0.007249,TRACKING,0.080092,-0.017872,-0.113545,0.169360,0.088474,0.039010,0.127115,1.000000,0.200000
1782700989.554532,232,0.002778,0.007230,TRACKING,0.080842,-0.018216,-0.115457,0.168940,0.089049,0.039318,0.129021,1.000000,0.200000
1782700989.574616,233,0.002408,0.007510,TRACKING,0.081728,-0.018668,-0.117548,0.168461,0.089923,0.039445,0.129657,1.000000,0.200000
1782700989.595255,234,0.002481,0.007895,TRACKING,0.084170,-0.019258,-0.119693,0.168017,0.091586,0.039850,0.134106,1.000000,0.200000
1782700989.615992,235,0.002844,0.008129,TRACKING,0.086284,-0.020063,-0.121933,0.167401,0.093109,0.040342,0.136013,1.000000,0.200000
1782700989.636608,236,0.002988,0.008589,TRACKING,0.088606,-0.021052,-0.124492,0.166668,0.094541,0.040837,0.137919,1.000000,0.200000
1782700989.656114,237,0.002413,0.008631,TRACKING,0.090178,-0.022145,-0.127144,0.166047,0.095969,0.041440,0.139190,1.000000,0.200000
1782700989.676264,238,0.002483,0.008491,TRACKING,0.092560,-0.023378,-0.130008,0.165407,0.097857,0.041999,0.143004,1.000000,0.200000
1782700989.696995,239,0.002632,0.008884,TRACKING,0.095251,-0.024976,-0.133118,0.164710,0.100173,0.042674,0.148088,1.000000,0.200000
1782700989.717981,240,0.003166,0.009571,TRACKING,0.097654,-0.026240,-0.135954,0.164001,0.102714,0.043218,0.152537,1.000000,0.200000
1782700989.737803,241,0.002545,0.008763,TRACKING,0.097645,-0.027222,-0.138759,0.163344,0.104442,0.043473,0.152537,1.000000,0.200000
1782700989.758376,242,0.002621,0.009596,TRACKING,0.097239,-0.027616,-0.140683,0.162553,0.105584,0.043709,0.153809,1.000000,0.200000
1782700989.778431,243,0.002306,0.009401,TRACKING,0.097796,-0.027911,-0.142444,0.161608,0.105879,0.043710,0.153809,1.000000,0.200000
1782700989.798800,244,0.002586,0.009524,TRACKING,0.099185,-0.028334,-0.144251,0.160397,0.106571,0.043864,0.154444,1.000000,0.200000
1782700989.819173,245,0.002860,0.010199,TRACKING,0.100492,-0.028663,-0.146145,0.158723,0.107258,0.044073,0.155715,1.000000,0.200000
1782700989.838654,246,0.002254,0.009850,TRACKING,0.100749,-0.029032,-0.148167,0.156648,0.108108,0.044277,0.156986,1.000000,0.200000
1782700989.859112,247,0.002626,0.010137,TRACKING,0.102066,-0.029119,-0.150146,0.154501,0.109306,0.044539,0.158893,1.000000,0.200000
1782700989.879114,248,0.002379,0.009864,TRACKING,0.102723,-0.029260,-0.152489,0.151634,0.110278,0.044683,0.160164,1.000000,0.200000
1782700989.899065,249,0.002245,0.009794,TRACKING,0.103689,-0.029243,-0.154803,0.148241,0.111686,0.044892,0.162071,1.000000,0.200000
1782700989.919252,250,0.002345,0.009981,TRACKING,0.106181,-0.029307,-0.157162,0.144397,0.113074,0.045181,0.164613,1.000000,0.200000
1782700989.939821,251,0.002766,0.010346,TRACKING,0.107667,-0.029409,-0.159565,0.139977,0.114700,0.045623,0.167156,1.000000,0.200000
1782700989.960187,252,0.002988,0.010416,TRACKING,0.109431,-0.029623,-0.161925,0.134811,0.116114,0.046075,0.168427,1.000000,0.200000
1782700989.981117,253,0.003349,0.010728,TRACKING,0.112087,-0.030103,-0.164527,0.128729,0.117546,0.046487,0.170969,1.000000,0.200000
1782700990.001882,254,0.003459,0.011118,TRACKING,0.114408,-0.031031,-0.166969,0.122298,0.118712,0.046908,0.172240,1.000000,0.200000
1782700990.021906,255,0.003342,0.011207,TRACKING,0.116456,-0.032327,-0.169677,0.114902,0.119911,0.047395,0.173511,1.000000,0.200000
1782700990.042064,256,0.002960,0.011902,TRACKING,0.119389,-0.033869,-0.172534,0.106717,0.121223,0.047895,0.176054,1.000000,0.200000
1782700990.062399,257,0.003206,0.011977,TRACKING,0.120985,-0.035152,-0.175375,0.098589,0.122775,0.048347,0.177960,1.000000,0.200000
1782700990.082392,258,0.003112,0.011856,TRACKING,0.122868,-0.036449,-0.178511,0.089395,0.124315,0.048645,0.180503,1.000000,0.200000
1782700990.102244,259,0.002876,0.011929,TRACKING,0.124396,-0.037473,-0.181923,0.079324,0.125830,0.048926,0.182409,1.000000,0.200000
1782700990.121737,260,0.002243,0.012491,TRACKING,0.124475,-0.038152,-0.184978,0.069872,0.126924,0.049177,0.181774,1.000000,0.200000
1782700990.142481,261,0.002625,0.012378,TRACKING,0.125429,-0.038514,-0.187767,0.060463,0.127825,0.049467,0.184316,1.000000,0.200000
1782700990.162349,262,0.001973,0.012820,TRACKING,0.125840,-0.038825,-0.190435,0.050750,0.128352,0.049783,0.182409,1.000000,0.200000
1782700990.182868,263,0.002083,0.013004,TRACKING,0.126301,-0.039056,-0.193271,0.039280,0.128159,0.050014,0.181774,1.000000,0.200000
1782700990.203993,264,0.003112,0.013164,TRACKING,0.128328,-0.039148,-0.195706,0.028718,0.127607,0.050180,0.179867,1.000000,0.200000
1782700990.223379,265,0.002406,0.013164,TRACKING,0.128477,-0.039170,-0.198139,0.017161,0.126676,0.050273,0.179232,1.000000,0.200000
1782700990.243933,266,0.002821,0.013290,TRACKING,0.129401,-0.039138,-0.200599,0.005458,0.126120,0.050361,0.178596,1.000000,0.200000
1782700990.263757,267,0.002370,0.013594,TRACKING,0.129598,-0.039117,-0.203207,-0.006756,0.125975,0.050627,0.178596,1.000000,0.200000
1782700990.284154,268,0.002636,0.013684,TRACKING,0.131026,-0.039073,-0.205585,-0.018309,0.125904,0.050841,0.177325,1.000000,0.200000
1782700990.304921,269,0.002965,0.014482,TRACKING,0.132606,-0.039243,-0.207693,-0.029723,0.125998,0.051068,0.177325,1.000000,0.200000
1782700990.324963,270,0.002532,0.014500,TRACKING,0.133146,-0.039575,-0.209951,-0.041660,0.125968,0.051549,0.176689,1.000000,0.200000
1782700990.345883,271,0.002975,0.015190,TRACKING,0.135563,-0.039878,-0.212154,-0.053287,0.126647,0.052144,0.179232,1.000000,0.200000
1782700990.365726,272,0.002521,0.015024,TRACKING,0.136423,-0.040153,-0.214928,-0.064950,0.127809,0.052630,0.181774,1.000000,0.200000
1782700990.386893,273,0.003197,0.015886,TRACKING,0.140848,-0.040786,-0.218256,-0.076934,0.129809,0.053147,0.186858,1.000000,0.200000
1782700990.406739,274,0.002593,0.015844,TRACKING,0.142975,-0.041657,-0.221767,-0.088583,0.132228,0.053900,0.190036,1.000000,0.200000
1782700990.427637,275,0.002775,0.016527,TRACKING,0.145311,-0.042492,-0.225259,-0.099396,0.134249,0.054632,0.195121,1.000000,0.200000
1782700990.447585,276,0.002277,0.016955,TRACKING,0.147558,-0.043527,-0.228629,-0.109894,0.136280,0.055347,0.197028,1.000000,0.200000
1782700990.468194,277,0.002433,0.017397,TRACKING,0.147906,-0.044587,-0.232141,-0.121212,0.137691,0.056108,0.197028,1.000000,0.200000
1782700990.488880,278,0.002664,0.017682,TRACKING,0.148719,-0.045497,-0.234412,-0.130514,0.138119,0.056636,0.195756,1.000000,0.200000
1782700990.509218,279,0.002595,0.018106,TRACKING,0.150014,-0.046473,-0.236464,-0.139878,0.138298,0.057072,0.196392,1.000000,0.200000
1782700990.529849,280,0.002616,0.018632,TRACKING,0.149717,-0.047461,-0.238311,-0.148205,0.137600,0.057434,0.195756,1.000000,0.200000
1782700990.550710,281,0.003222,0.018767,TRACKING,0.150912,-0.048110,-0.239920,-0.156036,0.136649,0.057847,0.194485,1.000000,0.200000
1782700990.570819,282,0.003245,0.018950,TRACKING,0.151448,-0.048652,-0.241455,-0.163920,0.135428,0.058112,0.193214,1.000000,0.200000
1782700990.590929,283,0.003260,0.019670,TRACKING,0.151272,-0.049137,-0.242710,-0.171503,0.134039,0.058346,0.190036,1.000000,0.200000
1782700990.610909,285,0.002595,0.000241,TRACKING,0.140166,-0.049226,-0.243621,-0.178799,0.132023,0.058485,0.187494,1.000000,0.200000
1782700990.631361,286,0.002954,0.000298,TRACKING,0.140085,-0.049157,-0.244286,-0.186078,0.130900,0.058471,0.184952,1.000000,0.200000
1782700990.651419,287,0.002924,0.000333,TRACKING,0.139652,-0.049135,-0.244651,-0.192561,0.131793,0.058365,0.180503,1.000000,0.200000
1782700990.672282,288,0.003699,0.000721,TRACKING,0.140627,-0.049233,-0.244862,-0.198927,0.133069,0.058460,0.180503,1.000000,0.200000
1782700990.690566,289,0.001688,0.000519,TRACKING,0.138851,-0.049281,-0.245006,-0.205122,0.135045,0.058684,0.178596,1.000000,0.200000
1782700990.712215,289,0.003014,0.020780,TRACKING,0.149638,-0.049416,-0.245163,-0.210979,0.136317,0.058767,0.176689,1.000000,0.200000
1782700990.732517,290,0.003218,0.020164,TRACKING,0.149999,-0.049625,-0.244869,-0.216105,0.137718,0.058831,0.174147,1.000000,0.200000
1782700990.752054,291,0.002673,0.020366,TRACKING,0.148929,-0.049793,-0.244330,-0.219815,0.138598,0.059016,0.173511,1.000000,0.200000
1782700990.772569,293,0.002852,0.000408,TRACKING,0.139227,-0.049936,-0.243508,-0.223286,0.139167,0.059216,0.171605,1.000000,0.200000
1782700990.793420,294,0.002946,0.001172,TRACKING,0.139032,-0.050203,-0.242428,-0.225900,0.139288,0.059541,0.171605,1.000000,0.200000
1782700990.813374,295,0.002451,0.001382,TRACKING,0.138286,-0.050594,-0.241136,-0.227259,0.139453,0.059828,0.169062,1.000000,0.200000
