timestamp,frame_id,loop_dt,redis_age,mode,risk_score,roll,pitch,yaw,max_tracking_error,rms_tracking_error,max_torque_ratio,ramp,deploy_action_scale
1782439218.087824,0,0.000782,inf,STAND_TEST,0.000000,0.000985,0.220724,-0.274227,0.000000,0.000000,0.000000,1.000000,1.000000
1782439218.107852,1,0.000755,inf,STAND_TEST,0.000000,0.000989,0.220694,-0.274197,0.000000,0.000000,0.000000,1.000000,1.000000
1782439218.127833,2,0.000681,inf,STAND_TEST,0.000000,0.000967,0.220690,-0.274197,0.000000,0.000000,0.000000,1.000000,1.000000
1782439218.147899,3,0.000692,inf,STAND_TEST,0.000000,0.000991,0.220691,-0.274205,0.000000,0.000000,0.000000,1.000000,1.000000
1782439218.167855,4,0.000456,inf,STAND_TEST,0.000000,0.000984,0.220702,-0.274215,0.000000,0.000000,0.000000,1.000000,1.000000
1782439218.187900,5,0.000445,inf,STAND_TEST,0.000000,0.001006,0.220701,-0.274214,0.000000,0.000000,0.000000,1.000000,1.000000
1782439218.208035,6,0.000523,inf,STAND_TEST,0.000000,0.001014,0.220644,-0.274215,0.000000,0.000000,0.000000,1.000000,1.000000
1782439218.228028,7,0.000460,inf,STAND_TEST,0.000000,0.001006,0.220582,-0.274227,0.000000,0.000000,0.000000,1.000000,1.000000
1782439218.248059,8,0.000435,inf,STAND_TEST,0.000000,0.001025,0.220548,-0.274235,0.000000,0.000000,0.000000,1.000000,1.000000
1782439218.268342,9,0.000663,inf,STAND_TEST,0.000000,0.001032,0.220551,-0.274227,0.000000,0.000000,0.000000,1.000000,1.000000
1782439218.288403,10,0.000669,inf,STAND_TEST,0.000000,0.001020,0.220545,-0.274258,0.000000,0.000000,0.000000,1.000000,1.000000
1782439218.308435,11,0.000647,inf,STAND_TEST,0.000000,0.001014,0.220540,-0.274293,0.000000,0.000000,0.000000,1.000000,1.000000
1782439218.328476,12,0.000632,inf,STAND_TEST,0.000000,0.001005,0.220500,-0.274257,0.000000,0.000000,0.000000,1.000000,1.000000
1782439218.348349,13,0.000450,inf,STAND_TEST,0.000000,0.001006,0.220534,-0.274284,0.000000,0.000000,0.000000,1.000000,1.000000
1782439218.368392,14,0.000437,inf,STAND_TEST,0.000000,0.001021,0.220532,-0.274270,0.000000,0.000000,0.000000,1.000000,1.000000
1782439218.388476,15,0.000466,inf,STAND_TEST,0.000000,0.001026,0.220552,-0.274262,0.000000,0.000000,0.000000,1.000000,1.000000
1782439218.408498,16,0.000434,inf,STAND_TEST,0.000000,0.001033,0.220516,-0.274223,0.000000,0.000000,0.000000,1.000000,1.000000
1782439218.428538,17,0.000420,inf,STAND_TEST,0.000000,0.001025,0.220555,-0.274270,0.000000,0.000000,0.000000,1.000000,1.000000
1782439218.448618,18,0.000446,inf,STAND_TEST,0.000000,0.001008,0.220536,-0.274275,0.000000,0.000000,0.000000,1.000000,1.000000
1782439218.468954,19,0.000726,inf,STAND_TEST,0.000000,0.000979,0.220552,-0.274251,0.000000,0.000000,0.000000,1.000000,1.000000
1782439218.488969,20,0.000686,inf,STAND_TEST,0.000000,0.000986,0.220551,-0.274246,0.000000,0.000000,0.000000,1.000000,1.000000
1782439218.508976,21,0.000638,inf,STAND_TEST,0.000000,0.000958,0.220555,-0.274247,0.000000,0.000000,0.000000,1.000000,1.000000
1782439218.528876,22,0.000433,inf,STAND_TEST,0.000000,0.000906,0.220567,-0.274302,0.000000,0.000000,0.000000,1.000000,1.000000
1782439218.548932,23,0.000433,inf,STAND_TEST,0.000000,0.000889,0.220601,-0.274284,0.000000,0.000000,0.000000,1.000000,1.000000
1782439218.569019,24,0.000464,inf,STAND_TEST,0.000000,0.000873,0.220600,-0.274244,0.000000,0.000000,0.000000,1.000000,1.000000
1782439218.589054,25,0.000445,inf,STAND_TEST,0.000000,0.000868,0.220594,-0.274266,0.000000,0.000000,0.000000,1.000000,1.000000
1782439218.609070,26,0.000407,inf,STAND_TEST,0.000000,0.000890,0.220598,-0.274268,0.000000,0.000000,0.000000,1.000000,1.000000
1782439218.629124,27,0.000406,inf,STAND_TEST,0.000000,0.000873,0.220562,-0.274286,0.000000,0.000000,0.000000,1.000000,1.000000
1782439218.649413,28,0.000640,inf,STAND_TEST,0.000000,0.000886,0.220505,-0.274265,0.000000,0.000000,0.000000,1.000000,1.000000
1782439218.669398,29,0.000431,inf,STAND_TEST,0.000000,0.000896,0.220474,-0.274282,0.000000,0.000000,0.000000,1.000000,1.000000
1782439218.689448,30,0.000426,inf,STAND_TEST,0.000000,0.000918,0.220438,-0.274272,0.000000,0.000000,0.000000,1.000000,1.000000
1782439218.709529,31,0.000419,inf,STAND_TEST,0.000000,0.000929,0.220446,-0.274283,0.000000,0.000000,0.000000,1.000000,1.000000
1782439218.729596,32,0.000432,inf,STAND_TEST,0.000000,0.000944,0.220426,-0.274275,0.000000,0.000000,0.000000,1.000000,1.000000
1782439218.749649,33,0.000430,inf,STAND_TEST,0.000000,0.000963,0.220417,-0.274286,0.000000,0.000000,0.000000,1.000000,1.000000
1782439218.769716,34,0.000442,inf,STAND_TEST,0.000000,0.000932,0.220411,-0.274267,0.000000,0.000000,0.000000,1.000000,1.000000
1782439218.789743,35,0.000415,inf,STAND_TEST,0.000000,0.000941,0.220447,-0.274236,0.000000,0.000000,0.000000,1.000000,1.000000
1782439218.810014,36,0.000632,inf,STAND_TEST,0.000000,0.000947,0.220471,-0.274220,0.000000,0.000000,0.000000,1.000000,1.000000
1782439218.830091,37,0.000655,inf,STAND_TEST,0.000000,0.000969,0.220484,-0.274211,0.000000,0.000000,0.000000,1.000000,1.000000
1782439218.850112,38,0.000658,inf,STAND_TEST,0.000000,0.000962,0.220486,-0.274210,0.000000,0.000000,0.000000,1.000000,1.000000
1782439218.869947,39,0.000434,inf,STAND_TEST,0.000000,0.000945,0.220466,-0.274217,0.000000,0.000000,0.000000,1.000000,1.000000
1782439218.890107,40,0.000447,inf,STAND_TEST,0.000000,0.000947,0.220476,-0.274211,0.000000,0.000000,0.000000,1.000000,1.000000
1782439218.910133,41,0.000418,inf,STAND_TEST,0.000000,0.000934,0.220498,-0.274245,0.000000,0.000000,0.000000,1.000000,1.000000
1782439218.930729,42,0.000938,inf,STAND_TEST,0.000000,0.000894,0.220538,-0.274304,0.000000,0.000000,0.000000,1.000000,1.000000
1782439218.950797,43,0.000902,inf,STAND_TEST,0.000000,0.000901,0.220570,-0.274298,0.000000,0.000000,0.000000,1.000000,1.000000
1782439218.970891,44,0.000898,inf,STAND_TEST,0.000000,0.000889,0.220561,-0.274289,0.000000,0.000000,0.000000,1.000000,1.000000
1782439218.991012,45,0.000922,inf,STAND_TEST,0.000000,0.000894,0.220606,-0.274298,0.000000,0.000000,0.000000,1.000000,1.000000
1782439219.011031,46,0.000667,inf,STAND_TEST,0.000000,0.000913,0.220605,-0.274262,0.000000,0.000000,0.000000,1.000000,1.000000
1782439219.031135,47,0.000665,inf,STAND_TEST,0.000000,0.000949,0.220617,-0.274238,0.000000,0.000000,0.000000,1.000000,1.000000
1782439219.051528,48,0.000958,inf,STAND_TEST,0.000000,0.000934,0.220564,-0.274219,0.000000,0.000000,0.000000,1.000000,1.000000
1782439219.071615,49,0.000943,inf,STAND_TEST,0.000000,0.000971,0.220564,-0.274196,0.000000,0.000000,0.000000,1.000000,1.000000
1782439219.091711,50,0.000724,inf,STAND_TEST,0.000000,0.000966,0.220570,-0.274216,0.000000,0.000000,0.000000,1.000000,1.000000
1782439219.111524,51,0.000480,inf,STAND_TEST,0.000000,0.000955,0.220583,-0.274207,0.000000,0.000000,0.000000,1.000000,1.000000
1782439219.131528,52,0.000425,inf,STAND_TEST,0.000000,0.000944,0.220553,-0.274195,0.000000,0.000000,0.000000,1.000000,1.000000
1782439219.151638,53,0.000479,inf,STAND_TEST,0.000000,0.000970,0.220521,-0.274149,0.000000,0.000000,0.000000,1.000000,1.000000
1782439219.171659,54,0.000445,inf,STAND_TEST,0.000000,0.000955,0.220471,-0.274191,0.000000,0.000000,0.000000,1.000000,1.000000
1782439219.191676,55,0.000403,inf,STAND_TEST,0.000000,0.000941,0.220466,-0.274180,0.000000,0.000000,0.000000,1.000000,1.000000
1782439219.211961,56,0.000633,inf,STAND_TEST,0.000000,0.000928,0.220413,-0.274186,0.000000,0.000000,0.000000,1.000000,1.000000
1782439219.232010,57,0.000621,inf,STAND_TEST,0.000000,0.000939,0.220374,-0.274170,0.000000,0.000000,0.000000,1.000000,1.000000
1782439219.252044,58,0.000602,inf,STAND_TEST,0.000000,0.000924,0.220353,-0.274172,0.000000,0.000000,0.000000,1.000000,1.000000
1782439219.272021,59,0.000382,inf,STAND_TEST,0.000000,0.000949,0.220356,-0.274119,0.000000,0.000000,0.000000,1.000000,1.000000
1782439219.292105,60,0.000407,inf,STAND_TEST,0.000000,0.000931,0.220307,-0.274117,0.000000,0.000000,0.000000,1.000000,1.000000
1782439219.312170,61,0.000414,inf,STAND_TEST,0.000000,0.000937,0.220349,-0.274102,0.000000,0.000000,0.000000,1.000000,1.000000
1782439219.332228,62,0.000413,inf,STAND_TEST,0.000000,0.000991,0.220352,-0.274020,0.000000,0.000000,0.000000,1.000000,1.000000
1782439219.352280,63,0.000404,inf,STAND_TEST,0.000000,0.000991,0.220377,-0.274005,0.000000,0.000000,0.000000,1.000000,1.000000
1782439219.372573,64,0.000641,inf,STAND_TEST,0.000000,0.000983,0.220348,-0.274001,0.000000,0.000000,0.000000,1.000000,1.000000
1782439219.392597,65,0.000605,inf,STAND_TEST,0.000000,0.000988,0.220346,-0.274015,0.000000,0.000000,0.000000,1.000000,1.000000
1782439219.412661,66,0.000610,inf,STAND_TEST,0.000000,0.000953,0.220345,-0.274042,0.000000,0.000000,0.000000,1.000000,1.000000
1782439219.432724,67,0.000407,inf,STAND_TEST,0.000000,0.000949,0.220329,-0.273991,0.000000,0.000000,0.000000,1.000000,1.000000
1782439219.452777,68,0.000400,inf,STAND_TEST,0.000000,0.000933,0.220336,-0.273987,0.000000,0.000000,0.000000,1.000000,1.000000
1782439219.472898,69,0.000465,inf,STAND_TEST,0.000000,0.000950,0.220346,-0.273965,0.000000,0.000000,0.000000,1.000000,1.000000
1782439219.493251,70,0.000757,inf,STAND_TEST,0.000000,0.000927,0.220338,-0.273980,0.000000,0.000000,0.000000,1.000000,1.000000
1782439219.513296,71,0.000744,inf,STAND_TEST,0.000000,0.000933,0.220379,-0.273979,0.000000,0.000000,0.000000,1.000000,1.000000
1782439219.533219,72,0.000607,inf,STAND_TEST,0.000000,0.000947,0.220392,-0.273962,0.000000,0.000000,0.000000,1.000000,1.000000
1782439219.553373,73,0.000497,inf,STAND_TEST,0.000000,0.000926,0.220390,-0.273964,0.000000,0.000000,0.000000,1.000000,1.000000
1782439219.573360,74,0.000426,inf,STAND_TEST,0.000000,0.000945,0.220405,-0.273981,0.000000,0.000000,0.000000,1.000000,1.000000
1782439219.593426,75,0.000431,inf,STAND_TEST,0.000000,0.000924,0.220405,-0.273997,0.000000,0.000000,0.000000,1.000000,1.000000
1782439219.613468,76,0.000414,inf,STAND_TEST,0.000000,0.000900,0.220397,-0.274012,0.000000,0.000000,0.000000,1.000000,1.000000
1782439219.633519,77,0.000392,inf,STAND_TEST,0.000000,0.000911,0.220396,-0.274036,0.000000,0.000000,0.000000,1.000000,1.000000
1782439219.653878,78,0.000691,inf,STAND_TEST,0.000000,0.000917,0.220412,-0.274023,0.000000,0.000000,0.000000,1.000000,1.000000
1782439219.673856,79,0.000610,inf,STAND_TEST,0.000000,0.000913,0.220392,-0.274035,0.000000,0.000000,0.000000,1.000000,1.000000
1782439219.693884,80,0.000377,inf,STAND_TEST,0.000000,0.000911,0.220309,-0.274030,0.000000,0.000000,0.000000,1.000000,1.000000
1782439219.713976,81,0.000409,inf,STAND_TEST,0.000000,0.000921,0.220305,-0.274011,0.000000,0.000000,0.000000,1.000000,1.000000
1782439219.734001,82,0.000375,inf,STAND_TEST,0.000000,0.000914,0.220305,-0.274024,0.000000,0.000000,0.000000,1.000000,1.000000
1782439219.754318,83,0.000630,inf,STAND_TEST,0.000000,0.000919,0.220337,-0.274047,0.000000,0.000000,0.000000,1.000000,1.000000
1782439219.774184,84,0.000434,inf,STAND_TEST,0.000000,0.000913,0.220378,-0.274084,0.000000,0.000000,0.000000,1.000000,1.000000
1782439219.794201,85,0.000390,inf,STAND_TEST,0.000000,0.000928,0.220375,-0.274114,0.000000,0.000000,0.000000,1.000000,1.000000
1782439219.814507,86,0.000637,inf,STAND_TEST,0.000000,0.000925,0.220412,-0.274133,0.000000,0.000000,0.000000,1.000000,1.000000
1782439219.834534,87,0.000604,inf,STAND_TEST,0.000000,0.000950,0.220416,-0.274118,0.000000,0.000000,0.000000,1.000000,1.000000
1782439219.854457,88,0.000403,inf,STAND_TEST,0.000000,0.000931,0.220398,-0.274146,0.000000,0.000000,0.000000,1.000000,1.000000
1782439219.874496,89,0.000381,inf,STAND_TEST,0.000000,0.000942,0.220387,-0.274128,0.000000,0.000000,0.000000,1.000000,1.000000
1782439219.894632,90,0.000456,inf,STAND_TEST,0.000000,0.000937,0.220384,-0.274106,0.000000,0.000000,0.000000,1.000000,1.000000
1782439219.914627,91,0.000390,inf,STAND_TEST,0.000000,0.000931,0.220339,-0.274108,0.000000,0.000000,0.000000,1.000000,1.000000
1782439219.934703,92,0.000405,inf,STAND_TEST,0.000000,0.000926,0.220316,-0.274129,0.000000,0.000000,0.000000,1.000000,1.000000
1782439219.954744,93,0.000387,inf,STAND_TEST,0.000000,0.000922,0.220310,-0.274131,0.000000,0.000000,0.000000,1.000000,1.000000
1782439219.974830,94,0.000413,inf,STAND_TEST,0.000000,0.000900,0.220280,-0.274147,0.000000,0.000000,0.000000,1.000000,1.000000
1782439219.994925,95,0.000382,inf,STAND_TEST,0.000000,0.000899,0.220248,-0.274145,0.000000,0.000000,0.000000,1.000000,1.000000
1782439220.015138,96,0.000412,inf,STAND_TEST,0.000000,0.000900,0.220201,-0.274122,0.000000,0.000000,0.000000,1.000000,1.000000
1782439220.035226,97,0.000396,inf,STAND_TEST,0.000000,0.000903,0.220170,-0.274097,0.000000,0.000000,0.000000,1.000000,1.000000
1782439220.055364,98,0.000474,inf,STAND_TEST,0.000000,0.000898,0.220182,-0.274130,0.000000,0.000000,0.000000,1.000000,1.000000
1782439220.075378,99,0.000434,inf,STAND_TEST,0.000000,0.000891,0.220168,-0.274090,0.000000,0.000000,0.000000,1.000000,1.000000
1782439220.095747,100,0.000739,inf,STAND_TEST,0.000000,0.000902,0.220201,-0.274071,0.000000,0.000000,0.000000,1.000000,1.000000
1782439220.115660,101,0.000420,inf,STAND_TEST,0.000000,0.000919,0.220159,-0.274058,0.000000,0.000000,0.000000,1.000000,1.000000
1782439220.135906,102,0.000423,inf,STAND_TEST,0.000000,0.000924,0.220179,-0.274080,0.000000,0.000000,0.000000,1.000000,1.000000
1782439220.156023,103,0.000478,inf,STAND_TEST,0.000000,0.000929,0.220153,-0.274092,0.000000,0.000000,0.000000,1.000000,1.000000
1782439220.176046,104,0.000440,inf,STAND_TEST,0.000000,0.000912,0.220111,-0.274097,0.000000,0.000000,0.000000,1.000000,1.000000
1782439220.196077,105,0.000410,inf,STAND_TEST,0.000000,0.000936,0.220112,-0.274063,0.000000,0.000000,0.000000,1.000000,1.000000
1782439220.216443,106,0.000713,inf,STAND_TEST,0.000000,0.000955,0.220112,-0.274051,0.000000,0.000000,0.000000,1.000000,1.000000
1782439220.236438,107,0.000648,inf,STAND_TEST,0.000000,0.000935,0.220110,-0.274085,0.000000,0.000000,0.000000,1.000000,1.000000
1782439220.256284,108,0.000433,inf,STAND_TEST,0.000000,0.000920,0.220168,-0.274094,0.000000,0.000000,0.000000,1.000000,1.000000
1782439220.276573,109,0.000662,inf,STAND_TEST,0.000000,0.000913,0.220183,-0.274113,0.000000,0.000000,0.000000,1.000000,1.000000
1782439220.296530,110,0.000415,inf,STAND_TEST,0.000000,0.000889,0.220145,-0.274108,0.000000,0.000000,0.000000,1.000000,1.000000
1782439220.316559,111,0.000384,inf,STAND_TEST,0.000000,0.000886,0.220095,-0.274088,0.000000,0.000000,0.000000,1.000000,1.000000
1782439220.336641,112,0.000406,inf,STAND_TEST,0.000000,0.000888,0.220080,-0.274070,0.000000,0.000000,0.000000,1.000000,1.000000
1782439220.356689,113,0.000394,inf,STAND_TEST,0.000000,0.000900,0.220097,-0.274046,0.000000,0.000000,0.000000,1.000000,1.000000
1782439220.376992,114,0.000638,inf,STAND_TEST,0.000000,0.000944,0.220062,-0.274034,0.000000,0.000000,0.000000,1.000000,1.000000
1782439220.397013,115,0.000600,inf,STAND_TEST,0.000000,0.000927,0.220098,-0.274029,0.000000,0.000000,0.000000,1.000000,1.000000
1782439220.417072,116,0.000599,inf,STAND_TEST,0.000000,0.000925,0.220105,-0.274009,0.000000,0.000000,0.000000,1.000000,1.000000
1782439220.436973,117,0.000381,inf,STAND_TEST,0.000000,0.000923,0.220077,-0.274032,0.000000,0.000000,0.000000,1.000000,1.000000
1782439220.457072,118,0.000422,inf,STAND_TEST,0.000000,0.000950,0.220124,-0.274026,0.000000,0.000000,0.000000,1.000000,1.000000
1782439220.477098,119,0.000388,inf,STAND_TEST,0.000000,0.000937,0.220116,-0.273992,0.000000,0.000000,0.000000,1.000000,1.000000
1782439220.497183,120,0.000414,inf,STAND_TEST,0.000000,0.000930,0.220125,-0.274025,0.000000,0.000000,0.000000,1.000000,1.000000
1782439220.517216,121,0.000386,inf,STAND_TEST,0.000000,0.000898,0.220120,-0.274033,0.000000,0.000000,0.000000,1.000000,1.000000
1782439220.537643,122,0.000749,inf,STAND_TEST,0.000000,0.000889,0.220096,-0.274038,0.000000,0.000000,0.000000,1.000000,1.000000
1782439220.557614,123,0.000660,inf,STAND_TEST,0.000000,0.000865,0.220046,-0.274040,0.000000,0.000000,0.000000,1.000000,1.000000
1782439220.577653,124,0.000644,inf,STAND_TEST,0.000000,0.000858,0.220006,-0.274042,0.000000,0.000000,0.000000,1.000000,1.000000
1782439220.597520,125,0.000431,inf,STAND_TEST,0.000000,0.000866,0.219996,-0.274057,0.000000,0.000000,0.000000,1.000000,1.000000
1782439220.617670,126,0.000415,inf,STAND_TEST,0.000000,0.000884,0.219996,-0.274024,0.000000,0.000000,0.000000,1.000000,1.000000
1782439220.637708,127,0.000394,inf,STAND_TEST,0.000000,0.000890,0.220012,-0.274021,0.000000,0.000000,0.000000,1.000000,1.000000
1782439220.657777,128,0.000403,inf,STAND_TEST,0.000000,0.000920,0.219987,-0.273972,0.000000,0.000000,0.000000,1.000000,1.000000
1782439220.677817,129,0.000388,inf,STAND_TEST,0.000000,0.000902,0.220005,-0.273989,0.000000,0.000000,0.000000,1.000000,1.000000
1782439220.698109,130,0.000620,inf,STAND_TEST,0.000000,0.000888,0.220049,-0.274025,0.000000,0.000000,0.000000,1.000000,1.000000
1782439220.718134,131,0.000586,inf,STAND_TEST,0.000000,0.000896,0.220064,-0.273999,0.000000,0.000000,0.000000,1.000000,1.000000
1782439220.738292,132,0.000481,inf,STAND_TEST,0.000000,0.000913,0.220096,-0.273970,0.000000,0.000000,0.000000,1.000000,1.000000
1782439220.758347,133,0.000472,inf,STAND_TEST,0.000000,0.000882,0.220081,-0.274009,0.000000,0.000000,0.000000,1.000000,1.000000
1782439220.778378,134,0.000451,inf,STAND_TEST,0.000000,0.000896,0.220070,-0.274024,0.000000,0.000000,0.000000,1.000000,1.000000
1782439220.798404,135,0.000417,inf,STAND_TEST,0.000000,0.000897,0.220103,-0.274028,0.000000,0.000000,0.000000,1.000000,1.000000
1782439220.818418,136,0.000370,inf,STAND_TEST,0.000000,0.000882,0.220112,-0.274049,0.000000,0.000000,0.000000,1.000000,1.000000
1782439220.838505,137,0.000398,inf,STAND_TEST,0.000000,0.000909,0.220107,-0.274045,0.000000,0.000000,0.000000,1.000000,1.000000
1782439220.858776,138,0.000610,inf,STAND_TEST,0.000000,0.000917,0.220101,-0.274087,0.000000,0.000000,0.000000,1.000000,1.000000
1782439220.878731,139,0.000396,inf,STAND_TEST,0.000000,0.000939,0.220053,-0.274068,0.000000,0.000000,0.000000,1.000000,1.000000
1782439220.898968,140,0.000405,inf,STAND_TEST,0.000000,0.000939,0.220088,-0.274089,0.000000,0.000000,0.000000,1.000000,1.000000
1782439220.919008,141,0.000384,inf,STAND_TEST,0.000000,0.000913,0.220068,-0.274104,0.000000,0.000000,0.000000,1.000000,1.000000
1782439220.939092,142,0.000408,inf,STAND_TEST,0.000000,0.000931,0.220048,-0.274120,0.000000,0.000000,0.000000,1.000000,1.000000
1782439220.959159,143,0.000415,inf,STAND_TEST,0.000000,0.000929,0.220060,-0.274100,0.000000,0.000000,0.000000,1.000000,1.000000
1782439220.979176,144,0.000377,inf,STAND_TEST,0.000000,0.000932,0.220062,-0.274147,0.000000,0.000000,0.000000,1.000000,1.000000
1782439220.999450,145,0.000592,inf,STAND_TEST,0.000000,0.000914,0.220093,-0.274219,0.000000,0.000000,0.000000,1.000000,1.000000
1782439221.019510,146,0.000592,inf,STAND_TEST,0.000000,0.000919,0.220079,-0.274198,0.000000,0.000000,0.000000,1.000000,1.000000
1782439221.039642,147,0.000453,inf,STAND_TEST,0.000000,0.000914,0.220103,-0.274175,0.000000,0.000000,0.000000,1.000000,1.000000
1782439221.059643,148,0.000394,inf,STAND_TEST,0.000000,0.000913,0.220096,-0.274142,0.000000,0.000000,0.000000,1.000000,1.000000
1782439221.079904,149,0.000601,inf,STAND_TEST,0.000000,0.000898,0.220179,-0.274171,0.000000,0.000000,0.000000,1.000000,1.000000
1782439221.099853,150,0.000486,inf,STAND_TEST,0.000000,0.000902,0.220173,-0.274176,0.000000,0.000000,0.000000,1.000000,1.000000
1782439221.119848,151,0.000420,inf,STAND_TEST,0.000000,0.000924,0.220154,-0.274140,0.000000,0.000000,0.000000,1.000000,1.000000
1782439221.140234,152,0.000746,inf,STAND_TEST,0.000000,0.000939,0.220210,-0.274140,0.000000,0.000000,0.000000,1.000000,1.000000
1782439221.160185,153,0.000637,inf,STAND_TEST,0.000000,0.000963,0.220255,-0.274089,0.000000,0.000000,0.000000,1.000000,1.000000
1782439221.180076,154,0.000408,inf,STAND_TEST,0.000000,0.000974,0.220235,-0.274049,0.000000,0.000000,0.000000,1.000000,1.000000
1782439221.200136,155,0.000408,inf,STAND_TEST,0.000000,0.000976,0.220226,-0.274059,0.000000,0.000000,0.000000,1.000000,1.000000
1782439221.220246,156,0.000388,inf,STAND_TEST,0.000000,0.001005,0.220261,-0.274025,0.000000,0.000000,0.000000,1.000000,1.000000
1782439221.240317,157,0.000400,inf,STAND_TEST,0.000000,0.001021,0.220297,-0.273995,0.000000,0.000000,0.000000,1.000000,1.000000
1782439221.260382,158,0.000404,inf,STAND_TEST,0.000000,0.001030,0.220306,-0.273972,0.000000,0.000000,0.000000,1.000000,1.000000
1782439221.280417,159,0.000385,inf,STAND_TEST,0.000000,0.001045,0.220356,-0.274000,0.000000,0.000000,0.000000,1.000000,1.000000
1782439221.300804,160,0.000713,inf,STAND_TEST,0.000000,0.001035,0.220333,-0.273996,0.000000,0.000000,0.000000,1.000000,1.000000
1782439221.320589,161,0.000395,inf,STAND_TEST,0.000000,0.001033,0.220390,-0.274025,0.000000,0.000000,0.000000,1.000000,1.000000
1782439221.340678,162,0.000425,inf,STAND_TEST,0.000000,0.001081,0.220421,-0.273998,0.000000,0.000000,0.000000,1.000000,1.000000
1782439221.360705,163,0.000391,inf,STAND_TEST,0.000000,0.001107,0.220403,-0.273997,0.000000,0.000000,0.000000,1.000000,1.000000
1782439221.380777,164,0.000408,inf,STAND_TEST,0.000000,0.001138,0.220395,-0.273974,0.000000,0.000000,0.000000,1.000000,1.000000
1782439221.400824,165,0.000395,inf,STAND_TEST,0.000000,0.001133,0.220365,-0.274035,0.000000,0.000000,0.000000,1.000000,1.000000
1782439221.420914,166,0.000426,inf,STAND_TEST,0.000000,0.001140,0.220383,-0.274020,0.000000,0.000000,0.000000,1.000000,1.000000
1782439221.440923,167,0.000376,inf,STAND_TEST,0.000000,0.001144,0.220392,-0.274016,0.000000,0.000000,0.000000,1.000000,1.000000
1782439221.460991,168,0.000384,inf,STAND_TEST,0.000000,0.001171,0.220421,-0.274027,0.000000,0.000000,0.000000,1.000000,1.000000
1782439221.481255,169,0.000594,inf,STAND_TEST,0.000000,0.001175,0.220428,-0.273997,0.000000,0.000000,0.000000,1.000000,1.000000
1782439221.501412,170,0.000387,inf,STAND_TEST,0.000000,0.001191,0.220442,-0.273991,0.000000,0.000000,0.000000,1.000000,1.000000
1782439221.521545,171,0.000459,inf,STAND_TEST,0.000000,0.001212,0.220369,-0.273897,0.000000,0.000000,0.000000,1.000000,1.000000
1782439221.541946,172,0.000801,inf,STAND_TEST,0.000000,0.001251,0.220368,-0.273822,0.000000,0.000000,0.000000,1.000000,1.000000
1782439221.561654,173,0.000449,inf,STAND_TEST,0.000000,0.001235,0.220396,-0.273857,0.000000,0.000000,0.000000,1.000000,1.000000
1782439221.581912,174,0.000652,inf,STAND_TEST,0.000000,0.001233,0.220415,-0.273878,0.000000,0.000000,0.000000,1.000000,1.000000
1782439221.601928,175,0.000609,inf,STAND_TEST,0.000000,0.001249,0.220476,-0.273868,0.000000,0.000000,0.000000,1.000000,1.000000
1782439221.622008,176,0.000629,inf,STAND_TEST,0.000000,0.001260,0.220518,-0.273884,0.000000,0.000000,0.000000,1.000000,1.000000
1782439221.642055,177,0.000620,inf,STAND_TEST,0.000000,0.001244,0.220570,-0.273921,0.000000,0.000000,0.000000,1.000000,1.000000
1782439221.661999,178,0.000420,inf,STAND_TEST,0.000000,0.001238,0.220551,-0.273913,0.000000,0.000000,0.000000,1.000000,1.000000
1782439221.682014,179,0.000381,inf,STAND_TEST,0.000000,0.001269,0.220554,-0.273877,0.000000,0.000000,0.000000,1.000000,1.000000
1782439221.702080,180,0.000388,inf,STAND_TEST,0.000000,0.001251,0.220547,-0.273903,0.000000,0.000000,0.000000,1.000000,1.000000
1782439221.722119,181,0.000368,inf,STAND_TEST,0.000000,0.001261,0.220580,-0.273897,0.000000,0.000000,0.000000,1.000000,1.000000
1782439221.742254,182,0.000442,inf,STAND_TEST,0.000000,0.001263,0.220568,-0.273864,0.000000,0.000000,0.000000,1.000000,1.000000
1782439221.762342,183,0.000468,inf,STAND_TEST,0.000000,0.001273,0.220578,-0.273829,0.000000,0.000000,0.000000,1.000000,1.000000
1782439221.782548,184,0.000621,inf,STAND_TEST,0.000000,0.001279,0.220626,-0.273874,0.000000,0.000000,0.000000,1.000000,1.000000
1782439221.802514,185,0.000406,inf,STAND_TEST,0.000000,0.001281,0.220626,-0.273854,0.000000,0.000000,0.000000,1.000000,1.000000
1782439221.822575,186,0.000394,inf,STAND_TEST,0.000000,0.001277,0.220643,-0.273858,0.000000,0.000000,0.000000,1.000000,1.000000
1782439221.842660,187,0.000420,inf,STAND_TEST,0.000000,0.001288,0.220663,-0.273881,0.000000,0.000000,0.000000,1.000000,1.000000
1782439221.862691,188,0.000391,inf,STAND_TEST,0.000000,0.001283,0.220717,-0.273903,0.000000,0.000000,0.000000,1.000000,1.000000
1782439221.882729,189,0.000376,inf,STAND_TEST,0.000000,0.001289,0.220733,-0.273885,0.000000,0.000000,0.000000,1.000000,1.000000
1782439221.902804,190,0.000390,inf,STAND_TEST,0.000000,0.001285,0.220759,-0.273898,0.000000,0.000000,0.000000,1.000000,1.000000
1782439221.923109,191,0.000636,inf,STAND_TEST,0.000000,0.001287,0.220765,-0.273925,0.000000,0.000000,0.000000,1.000000,1.000000
1782439221.942981,192,0.000407,inf,STAND_TEST,0.000000,0.001274,0.220776,-0.273884,0.000000,0.000000,0.000000,1.000000,1.000000
1782439221.963235,193,0.000432,inf,STAND_TEST,0.000000,0.001269,0.220805,-0.273905,0.000000,0.000000,0.000000,1.000000,1.000000
1782439221.983240,194,0.000383,inf,STAND_TEST,0.000000,0.001288,0.220808,-0.273883,0.000000,0.000000,0.000000,1.000000,1.000000
1782439222.003316,195,0.000399,inf,STAND_TEST,0.000000,0.001313,0.220786,-0.273878,0.000000,0.000000,0.000000,1.000000,1.000000
1782439222.023354,196,0.000377,inf,STAND_TEST,0.000000,0.001317,0.220765,-0.273860,0.000000,0.000000,0.000000,1.000000,1.000000
1782439222.043491,197,0.000459,inf,STAND_TEST,0.000000,0.001317,0.220813,-0.273850,0.000000,0.000000,0.000000,1.000000,1.000000
1782439222.063563,198,0.000471,inf,STAND_TEST,0.000000,0.001321,0.220837,-0.273849,0.000000,0.000000,0.000000,1.000000,1.000000
1782439222.083766,199,0.000620,inf,STAND_TEST,0.000000,0.001361,0.220849,-0.273843,0.000000,0.000000,0.000000,1.000000,1.000000
1782439222.103808,200,0.000602,inf,STAND_TEST,0.000000,0.001386,0.220824,-0.273811,0.000000,0.000000,0.000000,1.000000,1.000000
1782439222.123752,201,0.000442,inf,STAND_TEST,0.000000,0.001410,0.220807,-0.273804,0.000000,0.000000,0.000000,1.000000,1.000000
1782439222.143758,202,0.000388,inf,STAND_TEST,0.000000,0.001448,0.220833,-0.273756,0.000000,0.000000,0.000000,1.000000,1.000000
1782439222.163822,203,0.000392,inf,STAND_TEST,0.000000,0.001459,0.220846,-0.273785,0.000000,0.000000,0.000000,1.000000,1.000000
1782439222.183921,204,0.000436,inf,STAND_TEST,0.000000,0.001477,0.220830,-0.273742,0.000000,0.000000,0.000000,1.000000,1.000000
1782439222.204139,205,0.000594,inf,STAND_TEST,0.000000,0.001486,0.220803,-0.273764,0.000000,0.000000,0.000000,1.000000,1.000000
1782439222.224056,206,0.000451,inf,STAND_TEST,0.000000,0.001475,0.220798,-0.273819,0.000000,0.000000,0.000000,1.000000,1.000000
1782439222.244183,207,0.000515,inf,STAND_TEST,0.000000,0.001433,0.220776,-0.273839,0.000000,0.000000,0.000000,1.000000,1.000000
1782439222.264483,208,0.000756,inf,STAND_TEST,0.000000,0.001417,0.220834,-0.273881,0.000000,0.000000,0.000000,1.000000,1.000000
1782439222.284395,209,0.000416,inf,STAND_TEST,0.000000,0.001402,0.220870,-0.273902,0.000000,0.000000,0.000000,1.000000,1.000000
1782439222.304475,210,0.000436,inf,STAND_TEST,0.000000,0.001365,0.220879,-0.273911,0.000000,0.000000,0.000000,1.000000,1.000000
1782439222.324520,211,0.000420,inf,STAND_TEST,0.000000,0.001370,0.220856,-0.273886,0.000000,0.000000,0.000000,1.000000,1.000000
1782439222.344582,212,0.000421,inf,STAND_TEST,0.000000,0.001376,0.220880,-0.273867,0.000000,0.000000,0.000000,1.000000,1.000000
1782439222.364628,213,0.000407,inf,STAND_TEST,0.000000,0.001376,0.220915,-0.273849,0.000000,0.000000,0.000000,1.000000,1.000000
1782439222.384946,214,0.000670,inf,STAND_TEST,0.000000,0.001378,0.220906,-0.273793,0.000000,0.000000,0.000000,1.000000,1.000000
1782439222.404892,215,0.000404,inf,STAND_TEST,0.000000,0.001394,0.220909,-0.273763,0.000000,0.000000,0.000000,1.000000,1.000000
1782439222.425057,216,0.000447,inf,STAND_TEST,0.000000,0.001405,0.220872,-0.273796,0.000000,0.000000,0.000000,1.000000,1.000000
1782439222.445093,217,0.000422,inf,STAND_TEST,0.000000,0.001417,0.220863,-0.273793,0.000000,0.000000,0.000000,1.000000,1.000000
1782439222.465154,218,0.000422,inf,STAND_TEST,0.000000,0.001395,0.220866,-0.273822,0.000000,0.000000,0.000000,1.000000,1.000000
1782439222.485198,219,0.000411,inf,STAND_TEST,0.000000,0.001412,0.220870,-0.273814,0.000000,0.000000,0.000000,1.000000,1.000000
1782439222.505476,220,0.000629,inf,STAND_TEST,0.000000,0.001421,0.220883,-0.273810,0.000000,0.000000,0.000000,1.000000,1.000000
1782439222.525570,221,0.000663,inf,STAND_TEST,0.000000,0.001428,0.220903,-0.273792,0.000000,0.000000,0.000000,1.000000,1.000000
1782439222.545781,222,0.000812,inf,STAND_TEST,0.000000,0.001437,0.220909,-0.273793,0.000000,0.000000,0.000000,1.000000,1.000000
1782439222.565454,223,0.000413,inf,STAND_TEST,0.000000,0.001434,0.220956,-0.273795,0.000000,0.000000,0.000000,1.000000,1.000000
1782439222.585644,224,0.000466,inf,STAND_TEST,0.000000,0.001436,0.220942,-0.273800,0.000000,0.000000,0.000000,1.000000,1.000000
1782439222.605707,225,0.000422,inf,STAND_TEST,0.000000,0.001438,0.220981,-0.273783,0.000000,0.000000,0.000000,1.000000,1.000000
1782439222.625811,226,0.000420,inf,STAND_TEST,0.000000,0.001415,0.221000,-0.273786,0.000000,0.000000,0.000000,1.000000,1.000000
1782439222.645867,227,0.000413,inf,STAND_TEST,0.000000,0.001427,0.220948,-0.273734,0.000000,0.000000,0.000000,1.000000,1.000000
1782439222.666185,228,0.000661,inf,STAND_TEST,0.000000,0.001393,0.220976,-0.273775,0.000000,0.000000,0.000000,1.000000,1.000000
1782439222.686394,229,0.000815,inf,STAND_TEST,0.000000,0.001422,0.220976,-0.273773,0.000000,0.000000,0.000000,1.000000,1.000000
1782439222.706270,230,0.000636,inf,STAND_TEST,0.000000,0.001415,0.220998,-0.273789,0.000000,0.000000,0.000000,1.000000,1.000000
1782439222.726297,231,0.000449,inf,STAND_TEST,0.000000,0.001393,0.220940,-0.273801,0.000000,0.000000,0.000000,1.000000,1.000000
1782439222.746309,232,0.000406,inf,STAND_TEST,0.000000,0.001403,0.220900,-0.273804,0.000000,0.000000,0.000000,1.000000,1.000000
1782439222.766401,233,0.000444,inf,STAND_TEST,0.000000,0.001386,0.220887,-0.273810,0.000000,0.000000,0.000000,1.000000,1.000000
1782439222.786426,234,0.000415,inf,STAND_TEST,0.000000,0.001372,0.220861,-0.273790,0.000000,0.000000,0.000000,1.000000,1.000000
1782439222.806445,235,0.000381,inf,STAND_TEST,0.000000,0.001348,0.220813,-0.273810,0.000000,0.000000,0.000000,1.000000,1.000000
1782439222.826519,236,0.000402,inf,STAND_TEST,0.000000,0.001333,0.220795,-0.273784,0.000000,0.000000,0.000000,1.000000,1.000000
1782439222.846783,237,0.000611,inf,STAND_TEST,0.000000,0.001341,0.220751,-0.273772,0.000000,0.000000,0.000000,1.000000,1.000000
1782439222.866812,238,0.000383,inf,STAND_TEST,0.000000,0.001313,0.220705,-0.273762,0.000000,0.000000,0.000000,1.000000,1.000000
1782439222.886873,239,0.000391,inf,STAND_TEST,0.000000,0.001307,0.220688,-0.273762,0.000000,0.000000,0.000000,1.000000,1.000000
1782439222.906945,240,0.000408,inf,STAND_TEST,0.000000,0.001297,0.220666,-0.273739,0.000000,0.000000,0.000000,1.000000,1.000000
1782439222.927048,241,0.000456,inf,STAND_TEST,0.000000,0.001309,0.220682,-0.273723,0.000000,0.000000,0.000000,1.000000,1.000000
1782439222.947271,242,0.000626,inf,STAND_TEST,0.000000,0.001312,0.220694,-0.273768,0.000000,0.000000,0.000000,1.000000,1.000000
1782439222.967096,243,0.000398,inf,STAND_TEST,0.000000,0.001280,0.220642,-0.273794,0.000000,0.000000,0.000000,1.000000,1.000000
1782439222.987331,244,0.000579,inf,STAND_TEST,0.000000,0.001278,0.220612,-0.273767,0.000000,0.000000,0.000000,1.000000,1.000000
1782439223.007446,245,0.000401,inf,STAND_TEST,0.000000,0.001252,0.220591,-0.273774,0.000000,0.000000,0.000000,1.000000,1.000000
1782439223.027502,246,0.000404,inf,STAND_TEST,0.000000,0.001251,0.220556,-0.273805,0.000000,0.000000,0.000000,1.000000,1.000000
1782439223.047547,247,0.000395,inf,STAND_TEST,0.000000,0.001261,0.220525,-0.273801,0.000000,0.000000,0.000000,1.000000,1.000000
1782439223.067621,248,0.000416,inf,STAND_TEST,0.000000,0.001237,0.220505,-0.273775,0.000000,0.000000,0.000000,1.000000,1.000000
1782439223.087665,249,0.000407,inf,STAND_TEST,0.000000,0.001193,0.220499,-0.273776,0.000000,0.000000,0.000000,1.000000,1.000000
1782439223.107692,250,0.000380,inf,STAND_TEST,0.000000,0.001159,0.220481,-0.273765,0.000000,0.000000,0.000000,1.000000,1.000000
1782439223.128064,251,0.000688,inf,STAND_TEST,0.000000,0.001155,0.220512,-0.273768,0.000000,0.000000,0.000000,1.000000,1.000000
1782439223.148195,252,0.000763,inf,STAND_TEST,0.000000,0.001169,0.220538,-0.273769,0.000000,0.000000,0.000000,1.000000,1.000000
1782439223.168296,253,0.000808,inf,STAND_TEST,0.000000,0.001157,0.220469,-0.273789,0.000000,0.000000,0.000000,1.000000,1.000000
1782439223.187936,254,0.000394,inf,STAND_TEST,0.000000,0.001146,0.220437,-0.273774,0.000000,0.000000,0.000000,1.000000,1.000000
1782439223.208013,255,0.000417,inf,STAND_TEST,0.000000,0.001155,0.220421,-0.273804,0.000000,0.000000,0.000000,1.000000,1.000000
1782439223.228045,256,0.000438,inf,STAND_TEST,0.000000,0.001182,0.220425,-0.273747,0.000000,0.000000,0.000000,1.000000,1.000000
1782439223.248072,257,0.000411,inf,STAND_TEST,0.000000,0.001213,0.220447,-0.273722,0.000000,0.000000,0.000000,1.000000,1.000000
1782439223.268113,258,0.000399,inf,STAND_TEST,0.000000,0.001208,0.220402,-0.273722,0.000000,0.000000,0.000000,1.000000,1.000000
1782439223.288170,259,0.000401,inf,STAND_TEST,0.000000,0.001195,0.220325,-0.273721,0.000000,0.000000,0.000000,1.000000,1.000000
1782439223.308629,260,0.000806,inf,STAND_TEST,0.000000,0.001202,0.220313,-0.273776,0.000000,0.000000,0.000000,1.000000,1.000000
1782439223.328631,261,0.000754,inf,STAND_TEST,0.000000,0.001206,0.220302,-0.273748,0.000000,0.000000,0.000000,1.000000,1.000000
1782439223.348716,262,0.000784,inf,STAND_TEST,0.000000,0.001211,0.220299,-0.273753,0.000000,0.000000,0.000000,1.000000,1.000000
1782439223.368643,263,0.000374,inf,STAND_TEST,0.000000,0.001207,0.220233,-0.273785,0.000000,0.000000,0.000000,1.000000,1.000000
1782439223.388793,264,0.000415,inf,STAND_TEST,0.000000,0.001175,0.220195,-0.273797,0.000000,0.000000,0.000000,1.000000,1.000000
1782439223.409157,265,0.000668,inf,STAND_TEST,0.000000,0.001163,0.220175,-0.273803,0.000000,0.000000,0.000000,1.000000,1.000000
1782439223.429260,266,0.000673,inf,STAND_TEST,0.000000,0.001176,0.220125,-0.273784,0.000000,0.000000,0.000000,1.000000,1.000000
1782439223.449343,267,0.000658,inf,STAND_TEST,0.000000,0.001153,0.220082,-0.273788,0.000000,0.000000,0.000000,1.000000,1.000000
1782439223.469370,268,0.000411,inf,STAND_TEST,0.000000,0.001125,0.220042,-0.273801,0.000000,0.000000,0.000000,1.000000,1.000000
1782439223.489482,269,0.000416,inf,STAND_TEST,0.000000,0.001113,0.219979,-0.273801,0.000000,0.000000,0.000000,1.000000,1.000000
1782439223.509583,270,0.000419,inf,STAND_TEST,0.000000,0.001085,0.219989,-0.273795,0.000000,0.000000,0.000000,1.000000,1.000000
1782439223.530015,271,0.000796,inf,STAND_TEST,0.000000,0.001072,0.219949,-0.273806,0.000000,0.000000,0.000000,1.000000,1.000000
1782439223.550049,272,0.000776,inf,STAND_TEST,0.000000,0.001065,0.219905,-0.273816,0.000000,0.000000,0.000000,1.000000,1.000000
1782439223.570116,273,0.000789,inf,STAND_TEST,0.000000,0.001080,0.219857,-0.273759,0.000000,0.000000,0.000000,1.000000,1.000000
1782439223.590115,274,0.000439,inf,STAND_TEST,0.000000,0.001088,0.219879,-0.273809,0.000000,0.000000,0.000000,1.000000,1.000000
1782439223.610197,275,0.000409,inf,STAND_TEST,0.000000,0.001075,0.219891,-0.273821,0.000000,0.000000,0.000000,1.000000,1.000000
1782439223.630259,276,0.000413,inf,STAND_TEST,0.000000,0.001084,0.219848,-0.273819,0.000000,0.000000,0.000000,1.000000,1.000000
1782439223.650319,277,0.000416,inf,STAND_TEST,0.000000,0.001075,0.219828,-0.273827,0.000000,0.000000,0.000000,1.000000,1.000000
1782439223.670675,278,0.000660,inf,STAND_TEST,0.000000,0.001096,0.219806,-0.273816,0.000000,0.000000,0.000000,1.000000,1.000000
1782439223.690794,279,0.000672,inf,STAND_TEST,0.000000,0.001086,0.219797,-0.273831,0.000000,0.000000,0.000000,1.000000,1.000000
1782439223.710656,280,0.000419,inf,STAND_TEST,0.000000,0.001103,0.219738,-0.273825,0.000000,0.000000,0.000000,1.000000,1.000000
1782439223.730767,281,0.000425,inf,STAND_TEST,0.000000,0.001086,0.219700,-0.273784,0.000000,0.000000,0.000000,1.000000,1.000000
1782439223.750866,282,0.000413,inf,STAND_TEST,0.000000,0.001085,0.219713,-0.273778,0.000000,0.000000,0.000000,1.000000,1.000000
1782439223.770995,283,0.000426,inf,STAND_TEST,0.000000,0.001087,0.219705,-0.273756,0.000000,0.000000,0.000000,1.000000,1.000000
1782439223.791467,284,0.000792,inf,STAND_TEST,0.000000,0.001081,0.219713,-0.273749,0.000000,0.000000,0.000000,1.000000,1.000000
1782439223.811451,285,0.000670,inf,STAND_TEST,0.000000,0.001082,0.219713,-0.273737,0.000000,0.000000,0.000000,1.000000,1.000000
1782439223.831395,286,0.000505,inf,STAND_TEST,0.000000,0.001072,0.219710,-0.273741,0.000000,0.000000,0.000000,1.000000,1.000000
1782439223.851356,287,0.000409,inf,STAND_TEST,0.000000,0.001056,0.219684,-0.273745,0.000000,0.000000,0.000000,1.000000,1.000000
1782439223.871493,288,0.000435,inf,STAND_TEST,0.000000,0.001063,0.219645,-0.273749,0.000000,0.000000,0.000000,1.000000,1.000000
1782439223.891588,289,0.000423,inf,STAND_TEST,0.000000,0.001050,0.219659,-0.273720,0.000000,0.000000,0.000000,1.000000,1.000000
1782439223.911960,290,0.000682,inf,STAND_TEST,0.000000,0.001047,0.219614,-0.273686,0.000000,0.000000,0.000000,1.000000,1.000000
1782439223.932055,291,0.000666,inf,STAND_TEST,0.000000,0.001047,0.219583,-0.273667,0.000000,0.000000,0.000000,1.000000,1.000000
1782439223.952251,292,0.000806,inf,STAND_TEST,0.000000,0.001063,0.219576,-0.273691,0.000000,0.000000,0.000000,1.000000,1.000000
1782439223.972142,293,0.000413,inf,STAND_TEST,0.000000,0.001066,0.219543,-0.273690,0.000000,0.000000,0.000000,1.000000,1.000000
1782439223.992261,294,0.000417,inf,STAND_TEST,0.000000,0.001085,0.219554,-0.273663,0.000000,0.000000,0.000000,1.000000,1.000000
1782439224.012374,295,0.000419,inf,STAND_TEST,0.000000,0.001070,0.219544,-0.273676,0.000000,0.000000,0.000000,1.000000,1.000000
1782439224.032804,296,0.000794,inf,STAND_TEST,0.000000,0.001059,0.219511,-0.273655,0.000000,0.000000,0.000000,1.000000,1.000000
1782439224.052632,297,0.000446,inf,STAND_TEST,0.000000,0.001044,0.219433,-0.273659,0.000000,0.000000,0.000000,1.000000,1.000000
1782439224.072792,298,0.000421,inf,STAND_TEST,0.000000,0.001011,0.219397,-0.273687,0.000000,0.000000,0.000000,1.000000,1.000000
1782439224.092880,299,0.000410,inf,STAND_TEST,0.000000,0.000993,0.219377,-0.273699,0.000000,0.000000,0.000000,1.000000,1.000000
1782439224.112988,300,0.000416,inf,STAND_TEST,0.000000,0.001009,0.219371,-0.273690,0.000000,0.000000,0.000000,1.000000,1.000000
1782439224.133296,301,0.000619,inf,STAND_TEST,0.000000,0.001006,0.219366,-0.273688,0.000000,0.000000,0.000000,1.000000,1.000000
1782439224.153440,302,0.000663,inf,STAND_TEST,0.000000,0.000990,0.219390,-0.273701,0.000000,0.000000,0.000000,1.000000,1.000000
1782439224.173434,303,0.000419,inf,STAND_TEST,0.000000,0.001002,0.219373,-0.273681,0.000000,0.000000,0.000000,1.000000,1.000000
1782439224.193566,304,0.000426,inf,STAND_TEST,0.000000,0.000979,0.219363,-0.273677,0.000000,0.000000,0.000000,1.000000,1.000000
1782439224.213668,305,0.000416,inf,STAND_TEST,0.000000,0.000979,0.219339,-0.273682,0.000000,0.000000,0.000000,1.000000,1.000000
1782439224.233731,306,0.000423,inf,STAND_TEST,0.000000,0.001001,0.219344,-0.273659,0.000000,0.000000,0.000000,1.000000,1.000000
1782439224.254298,307,0.000929,inf,STAND_TEST,0.000000,0.000971,0.219417,-0.273682,0.000000,0.000000,0.000000,1.000000,1.000000
1782439224.274270,308,0.000847,inf,STAND_TEST,0.000000,0.000942,0.219377,-0.273659,0.000000,0.000000,0.000000,1.000000,1.000000
1782439224.294100,309,0.000643,inf,STAND_TEST,0.000000,0.000913,0.219383,-0.273702,0.000000,0.000000,0.000000,1.000000,1.000000
1782439224.313995,310,0.000457,inf,STAND_TEST,0.000000,0.000931,0.219340,-0.273732,0.000000,0.000000,0.000000,1.000000,1.000000
1782439224.334030,311,0.000397,inf,STAND_TEST,0.000000,0.000943,0.219325,-0.273726,0.000000,0.000000,0.000000,1.000000,1.000000
1782439224.354162,312,0.000474,inf,STAND_TEST,0.000000,0.000930,0.219300,-0.273702,0.000000,0.000000,0.000000,1.000000,1.000000
1782439224.374171,313,0.000430,inf,STAND_TEST,0.000000,0.000924,0.219255,-0.273694,0.000000,0.000000,0.000000,1.000000,1.000000
1782439224.394205,314,0.000406,inf,STAND_TEST,0.000000,0.000905,0.219241,-0.273717,0.000000,0.000000,0.000000,1.000000,1.000000
1782439224.414306,315,0.000454,inf,STAND_TEST,0.000000,0.000908,0.219234,-0.273715,0.000000,0.000000,0.000000,1.000000,1.000000
1782439224.434581,316,0.000674,inf,STAND_TEST,0.000000,0.000900,0.219174,-0.273695,0.000000,0.000000,0.000000,1.000000,1.000000
1782439224.454620,317,0.000659,inf,STAND_TEST,0.000000,0.000871,0.219134,-0.273716,0.000000,0.000000,0.000000,1.000000,1.000000
1782439224.474670,318,0.000656,inf,STAND_TEST,0.000000,0.000899,0.219125,-0.273707,0.000000,0.000000,0.000000,1.000000,1.000000
1782439224.494481,319,0.000411,inf,STAND_TEST,0.000000,0.000924,0.219114,-0.273689,0.000000,0.000000,0.000000,1.000000,1.000000
1782439224.514606,320,0.000393,inf,STAND_TEST,0.000000,0.000911,0.219106,-0.273690,0.000000,0.000000,0.000000,1.000000,1.000000
1782439224.534701,321,0.000435,inf,STAND_TEST,0.000000,0.000903,0.219057,-0.273681,0.000000,0.000000,0.000000,1.000000,1.000000
1782439224.554746,322,0.000425,inf,STAND_TEST,0.000000,0.000888,0.219008,-0.273670,0.000000,0.000000,0.000000,1.000000,1.000000
1782439224.574994,323,0.000619,inf,STAND_TEST,0.000000,0.000901,0.218995,-0.273664,0.000000,0.000000,0.000000,1.000000,1.000000
1782439224.594856,324,0.000424,inf,STAND_TEST,0.000000,0.000943,0.218990,-0.273598,0.000000,0.000000,0.000000,1.000000,1.000000
1782439224.615082,325,0.000399,inf,STAND_TEST,0.000000,0.000942,0.219029,-0.273635,0.000000,0.000000,0.000000,1.000000,1.000000
1782439224.635249,326,0.000434,inf,STAND_TEST,0.000000,0.000924,0.219039,-0.273615,0.000000,0.000000,0.000000,1.000000,1.000000
1782439224.655281,327,0.000411,inf,STAND_TEST,0.000000,0.000906,0.219057,-0.273630,0.000000,0.000000,0.000000,1.000000,1.000000
1782439224.675339,328,0.000415,inf,STAND_TEST,0.000000,0.000895,0.219051,-0.273657,0.000000,0.000000,0.000000,1.000000,1.000000
1782439224.695406,329,0.000424,inf,STAND_TEST,0.000000,0.000895,0.219035,-0.273666,0.000000,0.000000,0.000000,1.000000,1.000000
1782439224.715457,330,0.000418,inf,STAND_TEST,0.000000,0.000917,0.219042,-0.273689,0.000000,0.000000,0.000000,1.000000,1.000000
1782439224.735516,331,0.000422,inf,STAND_TEST,0.000000,0.000892,0.219066,-0.273743,0.000000,0.000000,0.000000,1.000000,1.000000
1782439224.755774,332,0.000626,inf,STAND_TEST,0.000000,0.000919,0.219077,-0.273746,0.000000,0.000000,0.000000,1.000000,1.000000
1782439224.775862,333,0.000658,inf,STAND_TEST,0.000000,0.000916,0.219118,-0.273750,0.000000,0.000000,0.000000,1.000000,1.000000
1782439224.795835,334,0.000424,inf,STAND_TEST,0.000000,0.000916,0.219165,-0.273740,0.000000,0.000000,0.000000,1.000000,1.000000
1782439224.815887,335,0.000420,inf,STAND_TEST,0.000000,0.000924,0.219136,-0.273768,0.000000,0.000000,0.000000,1.000000,1.000000
1782439224.836000,336,0.000473,inf,STAND_TEST,0.000000,0.000921,0.219142,-0.273744,0.000000,0.000000,0.000000,1.000000,1.000000
1782439224.855998,337,0.000412,inf,STAND_TEST,0.000000,0.000891,0.219130,-0.273745,0.000000,0.000000,0.000000,1.000000,1.000000
1782439224.876037,338,0.000391,inf,STAND_TEST,0.000000,0.000909,0.219118,-0.273722,0.000000,0.000000,0.000000,1.000000,1.000000
1782439224.896487,339,0.000785,inf,STAND_TEST,0.000000,0.000924,0.219132,-0.273726,0.000000,0.000000,0.000000,1.000000,1.000000
1782439224.916381,340,0.000620,inf,STAND_TEST,0.000000,0.000920,0.219154,-0.273735,0.000000,0.000000,0.000000,1.000000,1.000000
1782439224.936553,341,0.000737,inf,STAND_TEST,0.000000,0.000908,0.219192,-0.273776,0.000000,0.000000,0.000000,1.000000,1.000000
1782439224.956642,342,0.000565,inf,STAND_TEST,0.000000,0.000898,0.219156,-0.273834,0.000000,0.000000,0.000000,1.000000,1.000000
1782439224.976578,343,0.000446,inf,STAND_TEST,0.000000,0.000888,0.219157,-0.273888,0.000000,0.000000,0.000000,1.000000,1.000000
1782439224.996593,344,0.000407,inf,STAND_TEST,0.000000,0.000903,0.219124,-0.273912,0.000000,0.000000,0.000000,1.000000,1.000000
1782439225.016621,345,0.000375,inf,STAND_TEST,0.000000,0.000875,0.219100,-0.273958,0.000000,0.000000,0.000000,1.000000,1.000000
1782439225.036751,346,0.000442,inf,STAND_TEST,0.000000,0.000869,0.219117,-0.273960,0.000000,0.000000,0.000000,1.000000,1.000000
1782439225.057013,347,0.000648,inf,STAND_TEST,0.000000,0.000882,0.219074,-0.273938,0.000000,0.000000,0.000000,1.000000,1.000000
1782439225.077056,348,0.000632,inf,STAND_TEST,0.000000,0.000861,0.219056,-0.273958,0.000000,0.000000,0.000000,1.000000,1.000000
1782439225.097235,349,0.000749,inf,STAND_TEST,0.000000,0.000832,0.219068,-0.273994,0.000000,0.000000,0.000000,1.000000,1.000000
1782439225.117084,350,0.000484,inf,STAND_TEST,0.000000,0.000840,0.219045,-0.273978,0.000000,0.000000,0.000000,1.000000,1.000000
1782439225.137072,351,0.000416,inf,STAND_TEST,0.000000,0.000828,0.219045,-0.274005,0.000000,0.000000,0.000000,1.000000,1.000000
1782439225.157131,352,0.000413,inf,STAND_TEST,0.000000,0.000811,0.218998,-0.274060,0.000000,0.000000,0.000000,1.000000,1.000000
1782439225.177197,353,0.000418,inf,STAND_TEST,0.000000,0.000833,0.218969,-0.274043,0.000000,0.000000,0.000000,1.000000,1.000000
1782439225.197634,354,0.000794,inf,STAND_TEST,0.000000,0.000839,0.218899,-0.274016,0.000000,0.000000,0.000000,1.000000,1.000000
1782439225.217529,355,0.000629,inf,STAND_TEST,0.000000,0.000852,0.218885,-0.274043,0.000000,0.000000,0.000000,1.000000,1.000000
1782439225.237582,356,0.000454,inf,STAND_TEST,0.000000,0.000866,0.218867,-0.274022,0.000000,0.000000,0.000000,1.000000,1.000000
1782439225.258024,357,0.000835,inf,STAND_TEST,0.000000,0.000849,0.218927,-0.274029,0.000000,0.000000,0.000000,1.000000,1.000000
1782439225.277802,358,0.000413,inf,STAND_TEST,0.000000,0.000848,0.218882,-0.274011,0.000000,0.000000,0.000000,1.000000,1.000000
1782439225.297903,359,0.000412,inf,STAND_TEST,0.000000,0.000814,0.218878,-0.274009,0.000000,0.000000,0.000000,1.000000,1.000000
1782439225.318002,360,0.000450,inf,STAND_TEST,0.000000,0.000806,0.218930,-0.274027,0.000000,0.000000,0.000000,1.000000,1.000000
1782439225.338297,361,0.000688,inf,STAND_TEST,0.000000,0.000788,0.218917,-0.274074,0.000000,0.000000,0.000000,1.000000,1.000000
1782439225.358290,362,0.000627,inf,STAND_TEST,0.000000,0.000793,0.218875,-0.274099,0.000000,0.000000,0.000000,1.000000,1.000000
1782439225.378352,363,0.000431,inf,STAND_TEST,0.000000,0.000813,0.218886,-0.274098,0.000000,0.000000,0.000000,1.000000,1.000000
1782439225.398391,364,0.000412,inf,STAND_TEST,0.000000,0.000828,0.218888,-0.274069,0.000000,0.000000,0.000000,1.000000,1.000000
1782439225.418451,365,0.000413,inf,STAND_TEST,0.000000,0.000846,0.218913,-0.274116,0.000000,0.000000,0.000000,1.000000,1.000000
1782439225.438506,366,0.000413,inf,STAND_TEST,0.000000,0.000848,0.218900,-0.274134,0.000000,0.000000,0.000000,1.000000,1.000000
1782439225.458591,367,0.000443,inf,STAND_TEST,0.000000,0.000863,0.218843,-0.274111,0.000000,0.000000,0.000000,1.000000,1.000000
1782439225.478633,368,0.000430,inf,STAND_TEST,0.000000,0.000854,0.218804,-0.274116,0.000000,0.000000,0.000000,1.000000,1.000000
1782439225.498916,369,0.000655,inf,STAND_TEST,0.000000,0.000851,0.218736,-0.274103,0.000000,0.000000,0.000000,1.000000,1.000000
1782439225.518960,370,0.000641,inf,STAND_TEST,0.000000,0.000862,0.218714,-0.274104,0.000000,0.000000,0.000000,1.000000,1.000000
1782439225.538996,371,0.000416,inf,STAND_TEST,0.000000,0.000866,0.218715,-0.274074,0.000000,0.000000,0.000000,1.000000,1.000000
1782439225.559075,372,0.000441,inf,STAND_TEST,0.000000,0.000877,0.218741,-0.274090,0.000000,0.000000,0.000000,1.000000,1.000000
1782439225.579099,373,0.000410,inf,STAND_TEST,0.000000,0.000888,0.218776,-0.274078,0.000000,0.000000,0.000000,1.000000,1.000000
1782439225.599146,374,0.000401,inf,STAND_TEST,0.000000,0.000890,0.218820,-0.274090,0.000000,0.000000,0.000000,1.000000,1.000000
1782439225.619219,375,0.000414,inf,STAND_TEST,0.000000,0.000894,0.218858,-0.274092,0.000000,0.000000,0.000000,1.000000,1.000000
1782439225.639489,376,0.000630,inf,STAND_TEST,0.000000,0.000904,0.218866,-0.274081,0.000000,0.000000,0.000000,1.000000,1.000000
1782439225.659533,377,0.000620,inf,STAND_TEST,0.000000,0.000899,0.218862,-0.274125,0.000000,0.000000,0.000000,1.000000,1.000000
1782439225.679533,378,0.000398,inf,STAND_TEST,0.000000,0.000912,0.218884,-0.274118,0.000000,0.000000,0.000000,1.000000,1.000000
1782439225.699597,379,0.000404,inf,STAND_TEST,0.000000,0.000921,0.218894,-0.274124,0.000000,0.000000,0.000000,1.000000,1.000000
1782439225.719737,380,0.000485,inf,STAND_TEST,0.000000,0.000905,0.218897,-0.274140,0.000000,0.000000,0.000000,1.000000,1.000000
1782439225.739715,381,0.000408,inf,STAND_TEST,0.000000,0.000890,0.218916,-0.274120,0.000000,0.000000,0.000000,1.000000,1.000000
1782439225.759820,382,0.000452,inf,STAND_TEST,0.000000,0.000899,0.218940,-0.274106,0.000000,0.000000,0.000000,1.000000,1.000000
1782439225.780050,383,0.000622,inf,STAND_TEST,0.000000,0.000921,0.218946,-0.274121,0.000000,0.000000,0.000000,1.000000,1.000000
1782439225.799900,384,0.000413,inf,STAND_TEST,0.000000,0.000922,0.218972,-0.274120,0.000000,0.000000,0.000000,1.000000,1.000000
1782439225.820176,385,0.000628,inf,STAND_TEST,0.000000,0.000927,0.218997,-0.274123,0.000000,0.000000,0.000000,1.000000,1.000000
1782439225.840181,386,0.000402,inf,STAND_TEST,0.000000,0.000936,0.218990,-0.274110,0.000000,0.000000,0.000000,1.000000,1.000000
1782439225.860273,387,0.000434,inf,STAND_TEST,0.000000,0.000926,0.219033,-0.274129,0.000000,0.000000,0.000000,1.000000,1.000000
1782439225.880322,388,0.000423,inf,STAND_TEST,0.000000,0.000914,0.218989,-0.274135,0.000000,0.000000,0.000000,1.000000,1.000000
1782439225.900400,389,0.000445,inf,STAND_TEST,0.000000,0.000916,0.218992,-0.274125,0.000000,0.000000,0.000000,1.000000,1.000000
1782439225.920435,390,0.000422,inf,STAND_TEST,0.000000,0.000923,0.218961,-0.274120,0.000000,0.000000,0.000000,1.000000,1.000000
1782439225.940716,391,0.000648,inf,STAND_TEST,0.000000,0.000905,0.218959,-0.274150,0.000000,0.000000,0.000000,1.000000,1.000000
1782439225.960564,392,0.000441,inf,STAND_TEST,0.000000,0.000949,0.218942,-0.274140,0.000000,0.000000,0.000000,1.000000,1.000000
1782439225.980758,393,0.000576,inf,STAND_TEST,0.000000,0.000965,0.218981,-0.274175,0.000000,0.000000,0.000000,1.000000,1.000000
1782439226.000769,394,0.000413,inf,STAND_TEST,0.000000,0.000978,0.218966,-0.274171,0.000000,0.000000,0.000000,1.000000,1.000000
1782439226.020882,395,0.000414,inf,STAND_TEST,0.000000,0.000975,0.219006,-0.274150,0.000000,0.000000,0.000000,1.000000,1.000000
1782439226.040959,396,0.000426,inf,STAND_TEST,0.000000,0.000986,0.219012,-0.274138,0.000000,0.000000,0.000000,1.000000,1.000000
1782439226.061020,397,0.000425,inf,STAND_TEST,0.000000,0.001024,0.219044,-0.274129,0.000000,0.000000,0.000000,1.000000,1.000000
1782439226.081276,398,0.000625,inf,STAND_TEST,0.000000,0.001023,0.219047,-0.274167,0.000000,0.000000,0.000000,1.000000,1.000000
1782439226.101367,399,0.000656,inf,STAND_TEST,0.000000,0.001035,0.219062,-0.274180,0.000000,0.000000,0.000000,1.000000,1.000000
1782439226.121422,400,0.000651,inf,STAND_TEST,0.000000,0.001005,0.219045,-0.274205,0.000000,0.000000,0.000000,1.000000,1.000000
1782439226.141394,401,0.000398,inf,STAND_TEST,0.000000,0.001004,0.219049,-0.274206,0.000000,0.000000,0.000000,1.000000,1.000000
1782439226.161457,402,0.000401,inf,STAND_TEST,0.000000,0.000981,0.219072,-0.274233,0.000000,0.000000,0.000000,1.000000,1.000000
1782439226.181540,403,0.000425,inf,STAND_TEST,0.000000,0.000988,0.219066,-0.274199,0.000000,0.000000,0.000000,1.000000,1.000000
1782439226.201575,404,0.000400,inf,STAND_TEST,0.000000,0.001018,0.219065,-0.274218,0.000000,0.000000,0.000000,1.000000,1.000000
1782439226.221641,405,0.000407,inf,STAND_TEST,0.000000,0.001016,0.219125,-0.274224,0.000000,0.000000,0.000000,1.000000,1.000000
1782439226.241688,406,0.000392,inf,STAND_TEST,0.000000,0.001039,0.219130,-0.274228,0.000000,0.000000,0.000000,1.000000,1.000000
1782439226.262072,407,0.000715,inf,STAND_TEST,0.000000,0.001026,0.219125,-0.274218,0.000000,0.000000,0.000000,1.000000,1.000000
1782439226.282183,408,0.000761,inf,STAND_TEST,0.000000,0.001069,0.219091,-0.274167,0.000000,0.000000,0.000000,1.000000,1.000000
1782439226.301997,409,0.000455,inf,STAND_TEST,0.000000,0.001059,0.219138,-0.274202,0.000000,0.000000,0.000000,1.000000,1.000000
1782439226.322073,410,0.000470,inf,STAND_TEST,0.000000,0.001056,0.219157,-0.274237,0.000000,0.000000,0.000000,1.000000,1.000000
1782439226.342117,411,0.000461,inf,STAND_TEST,0.000000,0.001074,0.219162,-0.274241,0.000000,0.000000,0.000000,1.000000,1.000000
1782439226.362148,412,0.000438,inf,STAND_TEST,0.000000,0.001040,0.219148,-0.274288,0.000000,0.000000,0.000000,1.000000,1.000000
1782439226.382546,413,0.000782,inf,STAND_TEST,0.000000,0.001012,0.219188,-0.274335,0.000000,0.000000,0.000000,1.000000,1.000000
1782439226.402629,414,0.000806,inf,STAND_TEST,0.000000,0.000997,0.219214,-0.274334,0.000000,0.000000,0.000000,1.000000,1.000000
1782439226.422653,415,0.000771,inf,STAND_TEST,0.000000,0.000984,0.219248,-0.274341,0.000000,0.000000,0.000000,1.000000,1.000000
1782439226.442594,416,0.000650,inf,STAND_TEST,0.000000,0.000980,0.219243,-0.274326,0.000000,0.000000,0.000000,1.000000,1.000000
1782439226.462625,417,0.000426,inf,STAND_TEST,0.000000,0.000960,0.219219,-0.274363,0.000000,0.000000,0.000000,1.000000,1.000000
1782439226.482655,418,0.000402,inf,STAND_TEST,0.000000,0.000950,0.219190,-0.274390,0.000000,0.000000,0.000000,1.000000,1.000000
1782439226.502727,419,0.000414,inf,STAND_TEST,0.000000,0.000938,0.219201,-0.274407,0.000000,0.000000,0.000000,1.000000,1.000000
1782439226.522755,420,0.000383,inf,STAND_TEST,0.000000,0.000928,0.219203,-0.274395,0.000000,0.000000,0.000000,1.000000,1.000000
1782439226.542849,421,0.000422,inf,STAND_TEST,0.000000,0.000924,0.219188,-0.274393,0.000000,0.000000,0.000000,1.000000,1.000000
1782439226.563135,422,0.000654,inf,STAND_TEST,0.000000,0.000921,0.219123,-0.274403,0.000000,0.000000,0.000000,1.000000,1.000000
1782439226.583155,423,0.000619,inf,STAND_TEST,0.000000,0.000916,0.219117,-0.274406,0.000000,0.000000,0.000000,1.000000,1.000000
1782439226.603281,424,0.000685,inf,STAND_TEST,0.000000,0.000925,0.219143,-0.274411,0.000000,0.000000,0.000000,1.000000,1.000000
1782439226.623132,425,0.000409,inf,STAND_TEST,0.000000,0.000951,0.219154,-0.274393,0.000000,0.000000,0.000000,1.000000,1.000000
1782439226.643179,426,0.000396,inf,STAND_TEST,0.000000,0.000961,0.219140,-0.274408,0.000000,0.000000,0.000000,1.000000,1.000000
1782439226.663282,427,0.000438,inf,STAND_TEST,0.000000,0.000969,0.219182,-0.274404,0.000000,0.000000,0.000000,1.000000,1.000000
1782439226.683294,428,0.000390,inf,STAND_TEST,0.000000,0.000958,0.219146,-0.274437,0.000000,0.000000,0.000000,1.000000,1.000000
1782439226.703437,429,0.000473,inf,STAND_TEST,0.000000,0.000983,0.219186,-0.274421,0.000000,0.000000,0.000000,1.000000,1.000000
1782439226.723465,430,0.000441,inf,STAND_TEST,0.000000,0.000966,0.219203,-0.274402,0.000000,0.000000,0.000000,1.000000,1.000000
1782439226.743757,431,0.000675,inf,STAND_TEST,0.000000,0.000970,0.219208,-0.274405,0.000000,0.000000,0.000000,1.000000,1.000000
1782439226.763873,432,0.000736,inf,STAND_TEST,0.000000,0.000974,0.219217,-0.274376,0.000000,0.000000,0.000000,1.000000,1.000000
1782439226.783794,433,0.000394,inf,STAND_TEST,0.000000,0.000989,0.219233,-0.274355,0.000000,0.000000,0.000000,1.000000,1.000000
1782439226.803880,434,0.000421,inf,STAND_TEST,0.000000,0.000980,0.219247,-0.274369,0.000000,0.000000,0.000000,1.000000,1.000000
1782439226.823947,435,0.000427,inf,STAND_TEST,0.000000,0.000985,0.219213,-0.274368,0.000000,0.000000,0.000000,1.000000,1.000000
1782439226.843995,436,0.000414,inf,STAND_TEST,0.000000,0.001015,0.219174,-0.274335,0.000000,0.000000,0.000000,1.000000,1.000000
1782439226.864053,437,0.000413,inf,STAND_TEST,0.000000,0.001037,0.219170,-0.274337,0.000000,0.000000,0.000000,1.000000,1.000000
1782439226.884351,438,0.000437,inf,STAND_TEST,0.000000,0.001054,0.219193,-0.274360,0.000000,0.000000,0.000000,1.000000,1.000000
1782439226.904467,439,0.000443,inf,STAND_TEST,0.000000,0.001076,0.219217,-0.274340,0.000000,0.000000,0.000000,1.000000,1.000000
1782439226.924503,440,0.000424,inf,STAND_TEST,0.000000,0.001070,0.219210,-0.274309,0.000000,0.000000,0.000000,1.000000,1.000000
1782439226.944547,441,0.000413,inf,STAND_TEST,0.000000,0.001054,0.219238,-0.274331,0.000000,0.000000,0.000000,1.000000,1.000000
1782439226.964639,442,0.000449,inf,STAND_TEST,0.000000,0.001060,0.219255,-0.274317,0.000000,0.000000,0.000000,1.000000,1.000000
1782439226.984686,443,0.000441,inf,STAND_TEST,0.000000,0.001071,0.219255,-0.274314,0.000000,0.000000,0.000000,1.000000,1.000000
1782439227.004752,444,0.000451,inf,STAND_TEST,0.000000,0.001059,0.219243,-0.274343,0.000000,0.000000,0.000000,1.000000,1.000000
1782439227.025034,445,0.000677,inf,STAND_TEST,0.000000,0.001043,0.219288,-0.274325,0.000000,0.000000,0.000000,1.000000,1.000000
1782439227.045038,446,0.000626,inf,STAND_TEST,0.000000,0.001046,0.219302,-0.274318,0.000000,0.000000,0.000000,1.000000,1.000000
1782439227.065006,447,0.000407,inf,STAND_TEST,0.000000,0.001013,0.219323,-0.274316,0.000000,0.000000,0.000000,1.000000,1.000000
1782439227.085054,448,0.000395,inf,STAND_TEST,0.000000,0.001008,0.219356,-0.274363,0.000000,0.000000,0.000000,1.000000,1.000000
1782439227.105120,449,0.000402,inf,STAND_TEST,0.000000,0.000985,0.219390,-0.274385,0.000000,0.000000,0.000000,1.000000,1.000000
1782439227.125199,450,0.000421,inf,STAND_TEST,0.000000,0.000963,0.219433,-0.274420,0.000000,0.000000,0.000000,1.000000,1.000000
1782439227.145258,451,0.000423,inf,STAND_TEST,0.000000,0.000986,0.219467,-0.274375,0.000000,0.000000,0.000000,1.000000,1.000000
1782439227.165303,452,0.000409,inf,STAND_TEST,0.000000,0.000986,0.219497,-0.274350,0.000000,0.000000,0.000000,1.000000,1.000000
1782439227.185602,453,0.000648,inf,STAND_TEST,0.000000,0.000970,0.219534,-0.274341,0.000000,0.000000,0.000000,1.000000,1.000000
1782439227.205513,454,0.000433,inf,STAND_TEST,0.000000,0.000982,0.219526,-0.274355,0.000000,0.000000,0.000000,1.000000,1.000000
1782439227.225666,455,0.000388,inf,STAND_TEST,0.000000,0.000983,0.219489,-0.274398,0.000000,0.000000,0.000000,1.000000,1.000000
1782439227.245730,456,0.000393,inf,STAND_TEST,0.000000,0.000979,0.219486,-0.274371,0.000000,0.000000,0.000000,1.000000,1.000000
1782439227.265808,457,0.000412,inf,STAND_TEST,0.000000,0.001016,0.219504,-0.274330,0.000000,0.000000,0.000000,1.000000,1.000000
1782439227.285876,458,0.000419,inf,STAND_TEST,0.000000,0.001010,0.219502,-0.274319,0.000000,0.000000,0.000000,1.000000,1.000000
1782439227.305937,459,0.000420,inf,STAND_TEST,0.000000,0.001010,0.219475,-0.274307,0.000000,0.000000,0.000000,1.000000,1.000000
1782439227.326200,460,0.000622,inf,STAND_TEST,0.000000,0.001024,0.219442,-0.274255,0.000000,0.000000,0.000000,1.000000,1.000000
1782439227.346275,461,0.000641,inf,STAND_TEST,0.000000,0.001047,0.219448,-0.274245,0.000000,0.000000,0.000000,1.000000,1.000000
1782439227.366188,462,0.000412,inf,STAND_TEST,0.000000,0.001044,0.219457,-0.274215,0.000000,0.000000,0.000000,1.000000,1.000000
1782439227.386304,463,0.000395,inf,STAND_TEST,0.000000,0.001018,0.219461,-0.274226,0.000000,0.000000,0.000000,1.000000,1.000000
1782439227.406365,464,0.000395,inf,STAND_TEST,0.000000,0.001049,0.219470,-0.274204,0.000000,0.000000,0.000000,1.000000,1.000000
1782439227.426450,465,0.000425,inf,STAND_TEST,0.000000,0.001041,0.219504,-0.274217,0.000000,0.000000,0.000000,1.000000,1.000000
1782439227.446524,466,0.000439,inf,STAND_TEST,0.000000,0.001053,0.219520,-0.274224,0.000000,0.000000,0.000000,1.000000,1.000000
1782439227.466784,467,0.000645,inf,STAND_TEST,0.000000,0.001036,0.219533,-0.274218,0.000000,0.000000,0.000000,1.000000,1.000000
1782439227.486871,468,0.000677,inf,STAND_TEST,0.000000,0.001045,0.219516,-0.274199,0.000000,0.000000,0.000000,1.000000,1.000000
1782439227.506847,469,0.000395,inf,STAND_TEST,0.000000,0.001061,0.219515,-0.274150,0.000000,0.000000,0.000000,1.000000,1.000000
1782439227.526944,470,0.000432,inf,STAND_TEST,0.000000,0.001078,0.219510,-0.274172,0.000000,0.000000,0.000000,1.000000,1.000000
1782439227.547009,471,0.000439,inf,STAND_TEST,0.000000,0.001068,0.219495,-0.274164,0.000000,0.000000,0.000000,1.000000,1.000000
1782439227.567078,472,0.000452,inf,STAND_TEST,0.000000,0.001085,0.219488,-0.274098,0.000000,0.000000,0.000000,1.000000,1.000000
1782439227.587107,473,0.000427,inf,STAND_TEST,0.000000,0.001093,0.219521,-0.274088,0.000000,0.000000,0.000000,1.000000,1.000000
1782439227.607153,474,0.000413,inf,STAND_TEST,0.000000,0.001110,0.219530,-0.274046,0.000000,0.000000,0.000000,1.000000,1.000000
1782439227.627379,475,0.000409,inf,STAND_TEST,0.000000,0.001120,0.219511,-0.274042,0.000000,0.000000,0.000000,1.000000,1.000000
1782439227.647529,476,0.000412,inf,STAND_TEST,0.000000,0.001121,0.219511,-0.274065,0.000000,0.000000,0.000000,1.000000,1.000000
1782439227.667583,477,0.000406,inf,STAND_TEST,0.000000,0.001116,0.219523,-0.274042,0.000000,0.000000,0.000000,1.000000,1.000000
1782439227.687641,478,0.000408,inf,STAND_TEST,0.000000,0.001117,0.219537,-0.274037,0.000000,0.000000,0.000000,1.000000,1.000000
1782439227.707737,479,0.000444,inf,STAND_TEST,0.000000,0.001130,0.219538,-0.273987,0.000000,0.000000,0.000000,1.000000,1.000000
1782439227.727784,480,0.000431,inf,STAND_TEST,0.000000,0.001149,0.219552,-0.273962,0.000000,0.000000,0.000000,1.000000,1.000000
1782439227.747838,481,0.000427,inf,STAND_TEST,0.000000,0.001163,0.219579,-0.273971,0.000000,0.000000,0.000000,1.000000,1.000000
1782439227.768125,482,0.000658,inf,STAND_TEST,0.000000,0.001154,0.219598,-0.273961,0.000000,0.000000,0.000000,1.000000,1.000000
1782439227.788177,483,0.000651,inf,STAND_TEST,0.000000,0.001171,0.219592,-0.273942,0.000000,0.000000,0.000000,1.000000,1.000000
1782439227.808212,484,0.000415,inf,STAND_TEST,0.000000,0.001159,0.219579,-0.273915,0.000000,0.000000,0.000000,1.000000,1.000000
1782439227.828259,485,0.000402,inf,STAND_TEST,0.000000,0.001136,0.219594,-0.273961,0.000000,0.000000,0.000000,1.000000,1.000000
1782439227.848320,486,0.000404,inf,STAND_TEST,0.000000,0.001122,0.219596,-0.273952,0.000000,0.000000,0.000000,1.000000,1.000000
1782439227.868412,487,0.000436,inf,STAND_TEST,0.000000,0.001111,0.219624,-0.273952,0.000000,0.000000,0.000000,1.000000,1.000000
1782439227.888485,488,0.000449,inf,STAND_TEST,0.000000,0.001114,0.219596,-0.273930,0.000000,0.000000,0.000000,1.000000,1.000000
1782439227.908762,489,0.000668,inf,STAND_TEST,0.000000,0.001145,0.219552,-0.273900,0.000000,0.000000,0.000000,1.000000,1.000000
1782439227.928801,490,0.000646,inf,STAND_TEST,0.000000,0.001175,0.219560,-0.273854,0.000000,0.000000,0.000000,1.000000,1.000000
1782439227.948820,491,0.000405,inf,STAND_TEST,0.000000,0.001191,0.219548,-0.273821,0.000000,0.000000,0.000000,1.000000,1.000000
1782439227.968893,492,0.000417,inf,STAND_TEST,0.000000,0.001182,0.219487,-0.273817,0.000000,0.000000,0.000000,1.000000,1.000000
1782439227.988932,493,0.000397,inf,STAND_TEST,0.000000,0.001199,0.219489,-0.273778,0.000000,0.000000,0.000000,1.000000,1.000000
1782439228.008998,494,0.000404,inf,STAND_TEST,0.000000,0.001215,0.219475,-0.273715,0.000000,0.000000,0.000000,1.000000,1.000000
1782439228.029269,495,0.000617,inf,STAND_TEST,0.000000,0.001212,0.219441,-0.273695,0.000000,0.000000,0.000000,1.000000,1.000000
1782439228.049304,496,0.000592,inf,STAND_TEST,0.000000,0.001218,0.219466,-0.273716,0.000000,0.000000,0.000000,1.000000,1.000000
1782439228.069573,497,0.000471,inf,STAND_TEST,0.000000,0.001247,0.219518,-0.273702,0.000000,0.000000,0.000000,1.000000,1.000000
1782439228.089592,498,0.000430,inf,STAND_TEST,0.000000,0.001247,0.219522,-0.273674,0.000000,0.000000,0.000000,1.000000,1.000000
1782439228.109624,499,0.000408,inf,STAND_TEST,0.000000,0.001216,0.219541,-0.273698,0.000000,0.000000,0.000000,1.000000,1.000000
1782439228.129669,500,0.000394,inf,STAND_TEST,0.000000,0.001186,0.219540,-0.273734,0.000000,0.000000,0.000000,1.000000,1.000000
1782439228.149928,501,0.000594,inf,STAND_TEST,0.000000,0.001190,0.219525,-0.273662,0.000000,0.000000,0.000000,1.000000,1.000000
1782439228.170265,502,0.000869,inf,STAND_TEST,0.000000,0.001224,0.219511,-0.273622,0.000000,0.000000,0.000000,1.000000,1.000000
1782439228.190101,503,0.000381,inf,STAND_TEST,0.000000,0.001236,0.219507,-0.273618,0.000000,0.000000,0.000000,1.000000,1.000000
1782439228.210178,504,0.000398,inf,STAND_TEST,0.000000,0.001225,0.219454,-0.273600,0.000000,0.000000,0.000000,1.000000,1.000000
1782439228.230240,505,0.000401,inf,STAND_TEST,0.000000,0.001234,0.219483,-0.273607,0.000000,0.000000,0.000000,1.000000,1.000000
1782439228.250337,506,0.000413,inf,STAND_TEST,0.000000,0.001221,0.219451,-0.273538,0.000000,0.000000,0.000000,1.000000,1.000000
1782439228.270623,507,0.000640,inf,STAND_TEST,0.000000,0.001217,0.219433,-0.273541,0.000000,0.000000,0.000000,1.000000,1.000000
1782439228.290609,508,0.000561,inf,STAND_TEST,0.000000,0.001210,0.219419,-0.273561,0.000000,0.000000,0.000000,1.000000,1.000000
1782439228.310778,509,0.000514,inf,STAND_TEST,0.000000,0.001193,0.219431,-0.273529,0.000000,0.000000,0.000000,1.000000,1.000000
1782439228.330873,510,0.000457,inf,STAND_TEST,0.000000,0.001181,0.219406,-0.273530,0.000000,0.000000,0.000000,1.000000,1.000000
1782439228.350939,511,0.000464,inf,STAND_TEST,0.000000,0.001164,0.219409,-0.273542,0.000000,0.000000,0.000000,1.000000,1.000000
1782439228.370962,512,0.000427,inf,STAND_TEST,0.000000,0.001168,0.219436,-0.273542,0.000000,0.000000,0.000000,1.000000,1.000000
1782439228.390973,513,0.000384,inf,STAND_TEST,0.000000,0.001181,0.219455,-0.273509,0.000000,0.000000,0.000000,1.000000,1.000000
1782439228.411286,514,0.000642,inf,STAND_TEST,0.000000,0.001160,0.219459,-0.273547,0.000000,0.000000,0.000000,1.000000,1.000000
1782439228.431099,515,0.000401,inf,STAND_TEST,0.000000,0.001200,0.219473,-0.273542,0.000000,0.000000,0.000000,1.000000,1.000000
1782439228.451334,516,0.000579,inf,STAND_TEST,0.000000,0.001188,0.219440,-0.273537,0.000000,0.000000,0.000000,1.000000,1.000000
1782439228.471450,517,0.000496,inf,STAND_TEST,0.000000,0.001168,0.219475,-0.273535,0.000000,0.000000,0.000000,1.000000,1.000000
1782439228.491498,518,0.000489,inf,STAND_TEST,0.000000,0.001162,0.219441,-0.273517,0.000000,0.000000,0.000000,1.000000,1.000000
1782439228.511502,519,0.000437,inf,STAND_TEST,0.000000,0.001173,0.219482,-0.273500,0.000000,0.000000,0.000000,1.000000,1.000000
1782439228.531549,520,0.000427,inf,STAND_TEST,0.000000,0.001185,0.219444,-0.273478,0.000000,0.000000,0.000000,1.000000,1.000000
1782439228.551816,521,0.000636,inf,STAND_TEST,0.000000,0.001193,0.219415,-0.273458,0.000000,0.000000,0.000000,1.000000,1.000000
1782439228.571881,522,0.000645,inf,STAND_TEST,0.000000,0.001203,0.219396,-0.273442,0.000000,0.000000,0.000000,1.000000,1.000000
1782439228.591882,523,0.000593,inf,STAND_TEST,0.000000,0.001184,0.219391,-0.273444,0.000000,0.000000,0.000000,1.000000,1.000000
1782439228.611943,524,0.000598,inf,STAND_TEST,0.000000,0.001183,0.219394,-0.273451,0.000000,0.000000,0.000000,1.000000,1.000000
1782439228.632026,525,0.000409,inf,STAND_TEST,0.000000,0.001187,0.219392,-0.273472,0.000000,0.000000,0.000000,1.000000,1.000000
1782439228.652080,526,0.000404,inf,STAND_TEST,0.000000,0.001149,0.219373,-0.273494,0.000000,0.000000,0.000000,1.000000,1.000000
1782439228.672161,527,0.000427,inf,STAND_TEST,0.000000,0.001116,0.219364,-0.273531,0.000000,0.000000,0.000000,1.000000,1.000000
1782439228.692197,528,0.000407,inf,STAND_TEST,0.000000,0.001087,0.219363,-0.273512,0.000000,0.000000,0.000000,1.000000,1.000000
1782439228.712257,529,0.000413,inf,STAND_TEST,0.000000,0.001123,0.219401,-0.273481,0.000000,0.000000,0.000000,1.000000,1.000000
1782439228.732530,530,0.000628,inf,STAND_TEST,0.000000,0.001130,0.219343,-0.273471,0.000000,0.000000,0.000000,1.000000,1.000000
1782439228.752762,531,0.000802,inf,STAND_TEST,0.000000,0.001134,0.219366,-0.273505,0.000000,0.000000,0.000000,1.000000,1.000000
1782439228.772725,532,0.000456,inf,STAND_TEST,0.000000,0.001110,0.219372,-0.273514,0.000000,0.000000,0.000000,1.000000,1.000000
1782439228.792856,533,0.000529,inf,STAND_TEST,0.000000,0.001100,0.219322,-0.273500,0.000000,0.000000,0.000000,1.000000,1.000000
1782439228.812817,534,0.000434,inf,STAND_TEST,0.000000,0.001105,0.219314,-0.273510,0.000000,0.000000,0.000000,1.000000,1.000000
1782439228.832921,535,0.000479,inf,STAND_TEST,0.000000,0.001118,0.219291,-0.273508,0.000000,0.000000,0.000000,1.000000,1.000000
1782439228.852903,536,0.000402,inf,STAND_TEST,0.000000,0.001110,0.219319,-0.273496,0.000000,0.000000,0.000000,1.000000,1.000000
1782439228.873209,537,0.000647,inf,STAND_TEST,0.000000,0.001110,0.219302,-0.273498,0.000000,0.000000,0.000000,1.000000,1.000000
1782439228.893318,538,0.000699,inf,STAND_TEST,0.000000,0.001114,0.219289,-0.273456,0.000000,0.000000,0.000000,1.000000,1.000000
1782439228.913302,539,0.000519,inf,STAND_TEST,0.000000,0.001137,0.219291,-0.273491,0.000000,0.000000,0.000000,1.000000,1.000000
1782439228.933328,540,0.000488,inf,STAND_TEST,0.000000,0.001163,0.219276,-0.273468,0.000000,0.000000,0.000000,1.000000,1.000000
1782439228.953745,541,0.000843,inf,STAND_TEST,0.000000,0.001159,0.219269,-0.273446,0.000000,0.000000,0.000000,1.000000,1.000000
1782439228.973547,542,0.000538,inf,STAND_TEST,0.000000,0.001155,0.219268,-0.273423,0.000000,0.000000,0.000000,1.000000,1.000000
1782439228.993875,543,0.000757,inf,STAND_TEST,0.000000,0.001147,0.219249,-0.273420,0.000000,0.000000,0.000000,1.000000,1.000000
1782439229.013912,544,0.000731,inf,STAND_TEST,0.000000,0.001141,0.219226,-0.273433,0.000000,0.000000,0.000000,1.000000,1.000000
1782439229.034047,545,0.000510,inf,STAND_TEST,0.000000,0.001142,0.219202,-0.273398,0.000000,0.000000,0.000000,1.000000,1.000000
1782439229.054100,546,0.000462,inf,STAND_TEST,0.000000,0.001177,0.219185,-0.273361,0.000000,0.000000,0.000000,1.000000,1.000000
1782439229.074187,547,0.000429,inf,STAND_TEST,0.000000,0.001185,0.219186,-0.273338,0.000000,0.000000,0.000000,1.000000,1.000000
1782439229.094249,548,0.000434,inf,STAND_TEST,0.000000,0.001151,0.219157,-0.273360,0.000000,0.000000,0.000000,1.000000,1.000000
1782439229.114552,549,0.000679,inf,STAND_TEST,0.000000,0.001156,0.219217,-0.273409,0.000000,0.000000,0.000000,1.000000,1.000000
1782439229.134947,550,0.000973,inf,STAND_TEST,0.000000,0.001121,0.219206,-0.273490,0.000000,0.000000,0.000000,1.000000,1.000000
1782439229.154701,551,0.000426,inf,STAND_TEST,0.000000,0.001144,0.219217,-0.273465,0.000000,0.000000,0.000000,1.000000,1.000000
1782439229.174825,552,0.000452,inf,STAND_TEST,0.000000,0.001119,0.219221,-0.273489,0.000000,0.000000,0.000000,1.000000,1.000000
1782439229.194898,553,0.000415,inf,STAND_TEST,0.000000,0.001106,0.219244,-0.273490,0.000000,0.000000,0.000000,1.000000,1.000000
1782439229.215266,554,0.000675,inf,STAND_TEST,0.000000,0.001109,0.219217,-0.273492,0.000000,0.000000,0.000000,1.000000,1.000000
1782439229.235367,555,0.000448,inf,STAND_TEST,0.000000,0.001060,0.219205,-0.273524,0.000000,0.000000,0.000000,1.000000,1.000000
1782439229.255621,556,0.000427,inf,STAND_TEST,0.000000,0.001087,0.219247,-0.273533,0.000000,0.000000,0.000000,1.000000,1.000000
1782439229.275713,557,0.000418,inf,STAND_TEST,0.000000,0.001089,0.219291,-0.273523,0.000000,0.000000,0.000000,1.000000,1.000000
1782439229.296116,558,0.000711,inf,STAND_TEST,0.000000,0.001105,0.219294,-0.273519,0.000000,0.000000,0.000000,1.000000,1.000000
1782439229.316184,559,0.000669,inf,STAND_TEST,0.000000,0.001091,0.219263,-0.273520,0.000000,0.000000,0.000000,1.000000,1.000000
1782439229.336179,560,0.000419,inf,STAND_TEST,0.000000,0.001098,0.219251,-0.273513,0.000000,0.000000,0.000000,1.000000,1.000000
1782439229.356290,561,0.000428,inf,STAND_TEST,0.000000,0.001134,0.219235,-0.273469,0.000000,0.000000,0.000000,1.000000,1.000000
1782439229.376319,562,0.000401,inf,STAND_TEST,0.000000,0.001156,0.219186,-0.273463,0.000000,0.000000,0.000000,1.000000,1.000000
1782439229.396410,563,0.000437,inf,STAND_TEST,0.000000,0.001153,0.219208,-0.273434,0.000000,0.000000,0.000000,1.000000,1.000000
1782439229.416777,564,0.000750,inf,STAND_TEST,0.000000,0.001184,0.219260,-0.273432,0.000000,0.000000,0.000000,1.000000,1.000000
1782439229.436869,565,0.000782,inf,STAND_TEST,0.000000,0.001171,0.219266,-0.273414,0.000000,0.000000,0.000000,1.000000,1.000000
1782439229.456738,566,0.000425,inf,STAND_TEST,0.000000,0.001163,0.219261,-0.273450,0.000000,0.000000,0.000000,1.000000,1.000000
1782439229.476898,567,0.000442,inf,STAND_TEST,0.000000,0.001144,0.219255,-0.273451,0.000000,0.000000,0.000000,1.000000,1.000000
1782439229.496985,568,0.000472,inf,STAND_TEST,0.000000,0.001120,0.219244,-0.273437,0.000000,0.000000,0.000000,1.000000,1.000000
1782439229.517011,569,0.000442,inf,STAND_TEST,0.000000,0.001129,0.219275,-0.273464,0.000000,0.000000,0.000000,1.000000,1.000000
1782439229.537411,570,0.000784,inf,STAND_TEST,0.000000,0.001136,0.219279,-0.273437,0.000000,0.000000,0.000000,1.000000,1.000000
1782439229.557394,571,0.000710,inf,STAND_TEST,0.000000,0.001142,0.219267,-0.273427,0.000000,0.000000,0.000000,1.000000,1.000000
1782439229.577415,572,0.000677,inf,STAND_TEST,0.000000,0.001150,0.219256,-0.273423,0.000000,0.000000,0.000000,1.000000,1.000000
1782439229.597370,573,0.000576,inf,STAND_TEST,0.000000,0.001144,0.219194,-0.273373,0.000000,0.000000,0.000000,1.000000,1.000000
1782439229.617352,574,0.000399,inf,STAND_TEST,0.000000,0.001149,0.219128,-0.273348,0.000000,0.000000,0.000000,1.000000,1.000000
1782439229.637526,575,0.000517,inf,STAND_TEST,0.000000,0.001212,0.219122,-0.273330,0.000000,0.000000,0.000000,1.000000,1.000000
1782439229.657607,576,0.000541,inf,STAND_TEST,0.000000,0.001212,0.219120,-0.273321,0.000000,0.000000,0.000000,1.000000,1.000000
1782439229.677617,577,0.000494,inf,STAND_TEST,0.000000,0.001208,0.219062,-0.273324,0.000000,0.000000,0.000000,1.000000,1.000000
1782439229.697644,578,0.000465,inf,STAND_TEST,0.000000,0.001225,0.219028,-0.273313,0.000000,0.000000,0.000000,1.000000,1.000000
1782439229.717902,579,0.000668,inf,STAND_TEST,0.000000,0.001242,0.218994,-0.273289,0.000000,0.000000,0.000000,1.000000,1.000000
1782439229.738058,580,0.000768,inf,STAND_TEST,0.000000,0.001242,0.219004,-0.273328,0.000000,0.000000,0.000000,1.000000,1.000000
1782439229.757961,581,0.000617,inf,STAND_TEST,0.000000,0.001264,0.219004,-0.273318,0.000000,0.000000,0.000000,1.000000,1.000000
1782439229.777883,582,0.000478,inf,STAND_TEST,0.000000,0.001269,0.219036,-0.273304,0.000000,0.000000,0.000000,1.000000,1.000000
1782439229.797927,583,0.000472,inf,STAND_TEST,0.000000,0.001286,0.219074,-0.273294,0.000000,0.000000,0.000000,1.000000,1.000000
1782439229.817941,584,0.000431,inf,STAND_TEST,0.000000,0.001317,0.219078,-0.273272,0.000000,0.000000,0.000000,1.000000,1.000000
1782439229.838029,585,0.000464,inf,STAND_TEST,0.000000,0.001307,0.219132,-0.273335,0.000000,0.000000,0.000000,1.000000,1.000000
1782439229.858052,586,0.000432,inf,STAND_TEST,0.000000,0.001267,0.219145,-0.273340,0.000000,0.000000,0.000000,1.000000,1.000000
1782439229.878091,587,0.000417,inf,STAND_TEST,0.000000,0.001263,0.219157,-0.273385,0.000000,0.000000,0.000000,1.000000,1.000000
1782439229.898337,588,0.000609,inf,STAND_TEST,0.000000,0.001239,0.219189,-0.273440,0.000000,0.000000,0.000000,1.000000,1.000000
1782439229.918418,589,0.000636,inf,STAND_TEST,0.000000,0.001257,0.219233,-0.273468,0.000000,0.000000,0.000000,1.000000,1.000000
1782439229.938422,590,0.000390,inf,STAND_TEST,0.000000,0.001251,0.219294,-0.273506,0.000000,0.000000,0.000000,1.000000,1.000000
1782439229.958470,591,0.000384,inf,STAND_TEST,0.000000,0.001252,0.219330,-0.273512,0.000000,0.000000,0.000000,1.000000,1.000000
1782439229.978845,592,0.000629,inf,STAND_TEST,0.000000,0.001251,0.219323,-0.273517,0.000000,0.000000,0.000000,1.000000,1.000000
1782439229.998786,593,0.000459,inf,STAND_TEST,0.000000,0.001232,0.219275,-0.273475,0.000000,0.000000,0.000000,1.000000,1.000000
1782439230.019256,594,0.000863,inf,STAND_TEST,0.000000,0.001227,0.219244,-0.273477,0.000000,0.000000,0.000000,1.000000,1.000000
1782439230.039434,595,0.000975,inf,STAND_TEST,0.000000,0.001237,0.219204,-0.273490,0.000000,0.000000,0.000000,1.000000,1.000000
1782439230.059459,596,0.000890,inf,STAND_TEST,0.000000,0.001269,0.219246,-0.273509,0.000000,0.000000,0.000000,1.000000,1.000000
1782439230.079451,597,0.000815,inf,STAND_TEST,0.000000,0.001266,0.219284,-0.273603,0.000000,0.000000,0.000000,1.000000,1.000000
1782439230.099276,598,0.000524,inf,STAND_TEST,0.000000,0.001268,0.219310,-0.273592,0.000000,0.000000,0.000000,1.000000,1.000000
1782439230.119343,599,0.000486,inf,STAND_TEST,0.000000,0.001280,0.219304,-0.273573,0.000000,0.000000,0.000000,1.000000,1.000000
1782439230.139997,600,0.001080,inf,STAND_TEST,0.000000,0.001283,0.219348,-0.273589,0.000000,0.000000,0.000000,1.000000,1.000000
1782439230.159900,601,0.000863,inf,STAND_TEST,0.000000,0.001306,0.219407,-0.273578,0.000000,0.000000,0.000000,1.000000,1.000000
1782439230.180025,602,0.000883,inf,STAND_TEST,0.000000,0.001267,0.219381,-0.273602,0.000000,0.000000,0.000000,1.000000,1.000000
1782439230.199893,603,0.000688,inf,STAND_TEST,0.000000,0.001267,0.219419,-0.273643,0.000000,0.000000,0.000000,1.000000,1.000000
1782439230.220137,604,0.000742,inf,STAND_TEST,0.000000,0.001258,0.219384,-0.273638,0.000000,0.000000,0.000000,1.000000,1.000000
1782439230.240021,605,0.000562,inf,STAND_TEST,0.000000,0.001264,0.219337,-0.273673,0.000000,0.000000,0.000000,1.000000,1.000000
1782439230.260031,606,0.000509,inf,STAND_TEST,0.000000,0.001254,0.219303,-0.273632,0.000000,0.000000,0.000000,1.000000,1.000000
1782439230.280062,607,0.000478,inf,STAND_TEST,0.000000,0.001268,0.219347,-0.273614,0.000000,0.000000,0.000000,1.000000,1.000000
1782439230.300456,608,0.000806,inf,STAND_TEST,0.000000,0.001247,0.219376,-0.273628,0.000000,0.000000,0.000000,1.000000,1.000000
1782439230.320819,609,0.001106,inf,STAND_TEST,0.000000,0.001242,0.219421,-0.273616,0.000000,0.000000,0.000000,1.000000,1.000000
1782439230.340474,610,0.000705,inf,STAND_TEST,0.000000,0.001271,0.219434,-0.273588,0.000000,0.000000,0.000000,1.000000,1.000000
1782439230.360555,611,0.000505,inf,STAND_TEST,0.000000,0.001276,0.219421,-0.273560,0.000000,0.000000,0.000000,1.000000,1.000000
1782439230.380511,612,0.000400,inf,STAND_TEST,0.000000,0.001275,0.219456,-0.273560,0.000000,0.000000,0.000000,1.000000,1.000000
1782439230.400611,613,0.000442,inf,STAND_TEST,0.000000,0.001255,0.219449,-0.273566,0.000000,0.000000,0.000000,1.000000,1.000000
1782439230.421114,614,0.000879,inf,STAND_TEST,0.000000,0.001260,0.219478,-0.273567,0.000000,0.000000,0.000000,1.000000,1.000000
1782439230.440718,615,0.000428,inf,STAND_TEST,0.000000,0.001304,0.219417,-0.273576,0.000000,0.000000,0.000000,1.000000,1.000000
1782439230.460743,616,0.000397,inf,STAND_TEST,0.000000,0.001332,0.219420,-0.273578,0.000000,0.000000,0.000000,1.000000,1.000000
1782439230.481070,617,0.000666,inf,STAND_TEST,0.000000,0.001325,0.219413,-0.273611,0.000000,0.000000,0.000000,1.000000,1.000000
1782439230.501129,618,0.000448,inf,STAND_TEST,0.000000,0.001321,0.219392,-0.273639,0.000000,0.000000,0.000000,1.000000,1.000000
1782439230.521141,619,0.000401,inf,STAND_TEST,0.000000,0.001329,0.219405,-0.273617,0.000000,0.000000,0.000000,1.000000,1.000000
1782439230.541192,620,0.000397,inf,STAND_TEST,0.000000,0.001322,0.219421,-0.273633,0.000000,0.000000,0.000000,1.000000,1.000000
1782439230.561273,621,0.000423,inf,STAND_TEST,0.000000,0.001346,0.219429,-0.273600,0.000000,0.000000,0.000000,1.000000,1.000000
1782439230.581322,622,0.000417,inf,STAND_TEST,0.000000,0.001359,0.219469,-0.273590,0.000000,0.000000,0.000000,1.000000,1.000000
1782439230.601575,623,0.000615,inf,STAND_TEST,0.000000,0.001356,0.219479,-0.273589,0.000000,0.000000,0.000000,1.000000,1.000000
1782439230.621683,624,0.000658,inf,STAND_TEST,0.000000,0.001385,0.219447,-0.273588,0.000000,0.000000,0.000000,1.000000,1.000000
1782439230.641852,625,0.000769,inf,STAND_TEST,0.000000,0.001407,0.219424,-0.273583,0.000000,0.000000,0.000000,1.000000,1.000000
1782439230.661792,626,0.000421,inf,STAND_TEST,0.000000,0.001433,0.219431,-0.273581,0.000000,0.000000,0.000000,1.000000,1.000000
1782439230.681818,627,0.000388,inf,STAND_TEST,0.000000,0.001416,0.219431,-0.273605,0.000000,0.000000,0.000000,1.000000,1.000000
1782439230.701976,628,0.000484,inf,STAND_TEST,0.000000,0.001448,0.219445,-0.273596,0.000000,0.000000,0.000000,1.000000,1.000000
1782439230.722012,629,0.000459,inf,STAND_TEST,0.000000,0.001447,0.219474,-0.273606,0.000000,0.000000,0.000000,1.000000,1.000000
1782439230.742054,630,0.000447,inf,STAND_TEST,0.000000,0.001422,0.219504,-0.273651,0.000000,0.000000,0.000000,1.000000,1.000000
1782439230.762398,631,0.000735,inf,STAND_TEST,0.000000,0.001387,0.219515,-0.273660,0.000000,0.000000,0.000000,1.000000,1.000000
1782439230.782306,632,0.000444,inf,STAND_TEST,0.000000,0.001386,0.219508,-0.273652,0.000000,0.000000,0.000000,1.000000,1.000000
1782439230.802332,633,0.000410,inf,STAND_TEST,0.000000,0.001374,0.219472,-0.273622,0.000000,0.000000,0.000000,1.000000,1.000000
1782439230.822423,634,0.000444,inf,STAND_TEST,0.000000,0.001342,0.219516,-0.273629,0.000000,0.000000,0.000000,1.000000,1.000000
1782439230.842484,635,0.000452,inf,STAND_TEST,0.000000,0.001336,0.219522,-0.273609,0.000000,0.000000,0.000000,1.000000,1.000000
1782439230.862484,636,0.000398,inf,STAND_TEST,0.000000,0.001324,0.219499,-0.273616,0.000000,0.000000,0.000000,1.000000,1.000000
1782439230.882737,637,0.000594,inf,STAND_TEST,0.000000,0.001331,0.219477,-0.273595,0.000000,0.000000,0.000000,1.000000,1.000000
1782439230.902996,638,0.000796,inf,STAND_TEST,0.000000,0.001321,0.219455,-0.273565,0.000000,0.000000,0.000000,1.000000,1.000000
1782439230.923028,639,0.000773,inf,STAND_TEST,0.000000,0.001330,0.219451,-0.273605,0.000000,0.000000,0.000000,1.000000,1.000000
1782439230.943076,640,0.000768,inf,STAND_TEST,0.000000,0.001313,0.219457,-0.273643,0.000000,0.000000,0.000000,1.000000,1.000000
1782439230.962993,641,0.000440,inf,STAND_TEST,0.000000,0.001310,0.219495,-0.273678,0.000000,0.000000,0.000000,1.000000,1.000000
1782439230.983044,642,0.000434,inf,STAND_TEST,0.000000,0.001332,0.219484,-0.273635,0.000000,0.000000,0.000000,1.000000,1.000000
1782439231.003094,643,0.000427,inf,STAND_TEST,0.000000,0.001309,0.219478,-0.273644,0.000000,0.000000,0.000000,1.000000,1.000000
1782439231.023132,644,0.000408,inf,STAND_TEST,0.000000,0.001326,0.219508,-0.273656,0.000000,0.000000,0.000000,1.000000,1.000000
1782439231.043433,645,0.000655,inf,STAND_TEST,0.000000,0.001336,0.219500,-0.273628,0.000000,0.000000,0.000000,1.000000,1.000000
1782439231.063621,646,0.000789,inf,STAND_TEST,0.000000,0.001346,0.219482,-0.273596,0.000000,0.000000,0.000000,1.000000,1.000000
1782439231.083604,647,0.000715,inf,STAND_TEST,0.000000,0.001340,0.219424,-0.273579,0.000000,0.000000,0.000000,1.000000,1.000000
1782439231.103568,648,0.000490,inf,STAND_TEST,0.000000,0.001359,0.219403,-0.273550,0.000000,0.000000,0.000000,1.000000,1.000000
1782439231.123620,649,0.000410,inf,STAND_TEST,0.000000,0.001358,0.219395,-0.273545,0.000000,0.000000,0.000000,1.000000,1.000000
1782439231.143747,650,0.000420,inf,STAND_TEST,0.000000,0.001340,0.219387,-0.273592,0.000000,0.000000,0.000000,1.000000,1.000000
1782439231.163838,651,0.000409,inf,STAND_TEST,0.000000,0.001346,0.219404,-0.273597,0.000000,0.000000,0.000000,1.000000,1.000000
1782439231.184168,652,0.000679,inf,STAND_TEST,0.000000,0.001349,0.219448,-0.273611,0.000000,0.000000,0.000000,1.000000,1.000000
1782439231.204220,653,0.000676,inf,STAND_TEST,0.000000,0.001339,0.219417,-0.273593,0.000000,0.000000,0.000000,1.000000,1.000000
1782439231.224025,654,0.000425,inf,STAND_TEST,0.000000,0.001336,0.219436,-0.273572,0.000000,0.000000,0.000000,1.000000,1.000000
1782439231.244075,655,0.000419,inf,STAND_TEST,0.000000,0.001341,0.219454,-0.273563,0.000000,0.000000,0.000000,1.000000,1.000000
1782439231.264106,656,0.000391,inf,STAND_TEST,0.000000,0.001356,0.219448,-0.273545,0.000000,0.000000,0.000000,1.000000,1.000000
1782439231.284450,657,0.000614,inf,STAND_TEST,0.000000,0.001356,0.219444,-0.273542,0.000000,0.000000,0.000000,1.000000,1.000000
1782439231.304413,658,0.000466,inf,STAND_TEST,0.000000,0.001374,0.219477,-0.273508,0.000000,0.000000,0.000000,1.000000,1.000000
1782439231.324736,659,0.000681,inf,STAND_TEST,0.000000,0.001354,0.219467,-0.273545,0.000000,0.000000,0.000000,1.000000,1.000000
1782439231.344771,660,0.000658,inf,STAND_TEST,0.000000,0.001390,0.219464,-0.273530,0.000000,0.000000,0.000000,1.000000,1.000000
1782439231.364793,661,0.000617,inf,STAND_TEST,0.000000,0.001382,0.219463,-0.273539,0.000000,0.000000,0.000000,1.000000,1.000000
1782439231.384721,662,0.000478,inf,STAND_TEST,0.000000,0.001419,0.219450,-0.273511,0.000000,0.000000,0.000000,1.000000,1.000000
1782439231.404744,663,0.000441,inf,STAND_TEST,0.000000,0.001383,0.219466,-0.273563,0.000000,0.000000,0.000000,1.000000,1.000000
1782439231.424801,664,0.000419,inf,STAND_TEST,0.000000,0.001409,0.219439,-0.273548,0.000000,0.000000,0.000000,1.000000,1.000000
1782439231.444828,665,0.000389,inf,STAND_TEST,0.000000,0.001432,0.219417,-0.273520,0.000000,0.000000,0.000000,1.000000,1.000000
1782439231.464898,666,0.000399,inf,STAND_TEST,0.000000,0.001412,0.219427,-0.273530,0.000000,0.000000,0.000000,1.000000,1.000000
1782439231.485389,667,0.000826,inf,STAND_TEST,0.000000,0.001440,0.219415,-0.273519,0.000000,0.000000,0.000000,1.000000,1.000000
1782439231.505602,668,0.000978,inf,STAND_TEST,0.000000,0.001434,0.219427,-0.273500,0.000000,0.000000,0.000000,1.000000,1.000000
1782439231.525296,669,0.000614,inf,STAND_TEST,0.000000,0.001437,0.219401,-0.273518,0.000000,0.000000,0.000000,1.000000,1.000000
1782439231.545522,670,0.000436,inf,STAND_TEST,0.000000,0.001417,0.219437,-0.273509,0.000000,0.000000,0.000000,1.000000,1.000000
1782439231.565592,671,0.000448,inf,STAND_TEST,0.000000,0.001425,0.219450,-0.273520,0.000000,0.000000,0.000000,1.000000,1.000000
1782439231.585641,672,0.000440,inf,STAND_TEST,0.000000,0.001438,0.219483,-0.273507,0.000000,0.000000,0.000000,1.000000,1.000000
1782439231.605945,673,0.000686,inf,STAND_TEST,0.000000,0.001430,0.219510,-0.273501,0.000000,0.000000,0.000000,1.000000,1.000000
1782439231.625959,674,0.000639,inf,STAND_TEST,0.000000,0.001418,0.219520,-0.273486,0.000000,0.000000,0.000000,1.000000,1.000000
1782439231.646071,675,0.000688,inf,STAND_TEST,0.000000,0.001399,0.219531,-0.273535,0.000000,0.000000,0.000000,1.000000,1.000000
1782439231.666090,676,0.000645,inf,STAND_TEST,0.000000,0.001402,0.219570,-0.273565,0.000000,0.000000,0.000000,1.000000,1.000000
1782439231.686055,677,0.000426,inf,STAND_TEST,0.000000,0.001441,0.219579,-0.273585,0.000000,0.000000,0.000000,1.000000,1.000000
1782439231.706133,678,0.000444,inf,STAND_TEST,0.000000,0.001444,0.219573,-0.273587,0.000000,0.000000,0.000000,1.000000,1.000000
1782439231.726154,679,0.000410,inf,STAND_TEST,0.000000,0.001451,0.219529,-0.273579,0.000000,0.000000,0.000000,1.000000,1.000000
1782439231.746221,680,0.000420,inf,STAND_TEST,0.000000,0.001447,0.219471,-0.273546,0.000000,0.000000,0.000000,1.000000,1.000000
1782439231.766317,681,0.000462,inf,STAND_TEST,0.000000,0.001436,0.219486,-0.273554,0.000000,0.000000,0.000000,1.000000,1.000000
1782439231.786533,682,0.000619,inf,STAND_TEST,0.000000,0.001456,0.219487,-0.273563,0.000000,0.000000,0.000000,1.000000,1.000000
1782439231.806563,683,0.000589,inf,STAND_TEST,0.000000,0.001445,0.219497,-0.273572,0.000000,0.000000,0.000000,1.000000,1.000000
1782439231.826653,684,0.000420,inf,STAND_TEST,0.000000,0.001464,0.219499,-0.273566,0.000000,0.000000,0.000000,1.000000,1.000000
1782439231.846704,685,0.000414,inf,STAND_TEST,0.000000,0.001493,0.219496,-0.273548,0.000000,0.000000,0.000000,1.000000,1.000000
1782439231.866740,686,0.000392,inf,STAND_TEST,0.000000,0.001482,0.219509,-0.273515,0.000000,0.000000,0.000000,1.000000,1.000000
1782439231.886836,687,0.000427,inf,STAND_TEST,0.000000,0.001487,0.219521,-0.273538,0.000000,0.000000,0.000000,1.000000,1.000000
1782439231.906909,688,0.000440,inf,STAND_TEST,0.000000,0.001484,0.219453,-0.273544,0.000000,0.000000,0.000000,1.000000,1.000000
1782439231.927174,689,0.000644,inf,STAND_TEST,0.000000,0.001479,0.219444,-0.273546,0.000000,0.000000,0.000000,1.000000,1.000000
1782439231.947221,690,0.000442,inf,STAND_TEST,0.000000,0.001474,0.219445,-0.273554,0.000000,0.000000,0.000000,1.000000,1.000000
1782439231.967272,691,0.000432,inf,STAND_TEST,0.000000,0.001480,0.219483,-0.273569,0.000000,0.000000,0.000000,1.000000,1.000000
1782439231.987326,692,0.000425,inf,STAND_TEST,0.000000,0.001465,0.219461,-0.273560,0.000000,0.000000,0.000000,1.000000,1.000000
1782439232.007420,693,0.000459,inf,STAND_TEST,0.000000,0.001463,0.219435,-0.273521,0.000000,0.000000,0.000000,1.000000,1.000000
1782439232.027444,694,0.000422,inf,STAND_TEST,0.000000,0.001479,0.219430,-0.273540,0.000000,0.000000,0.000000,1.000000,1.000000
1782439232.047547,695,0.000463,inf,STAND_TEST,0.000000,0.001492,0.219431,-0.273518,0.000000,0.000000,0.000000,1.000000,1.000000
1782439232.067801,696,0.000657,inf,STAND_TEST,0.000000,0.001496,0.219448,-0.273514,0.000000,0.000000,0.000000,1.000000,1.000000
1782439232.087902,697,0.000697,inf,STAND_TEST,0.000000,0.001510,0.219400,-0.273472,0.000000,0.000000,0.000000,1.000000,1.000000
1782439232.108255,698,0.000985,inf,STAND_TEST,0.000000,0.001497,0.219378,-0.273518,0.000000,0.000000,0.000000,1.000000,1.000000
1782439232.128282,699,0.000663,inf,STAND_TEST,0.000000,0.001497,0.219356,-0.273538,0.000000,0.000000,0.000000,1.000000,1.000000
1782439232.148273,700,0.000593,inf,STAND_TEST,0.000000,0.001488,0.219316,-0.273538,0.000000,0.000000,0.000000,1.000000,1.000000
1782439232.168305,701,0.000561,inf,STAND_TEST,0.000000,0.001484,0.219326,-0.273528,0.000000,0.000000,0.000000,1.000000,1.000000
1782439232.188553,702,0.000753,inf,STAND_TEST,0.000000,0.001481,0.219379,-0.273564,0.000000,0.000000,0.000000,1.000000,1.000000
1782439232.208520,703,0.000661,inf,STAND_TEST,0.000000,0.001493,0.219341,-0.273528,0.000000,0.000000,0.000000,1.000000,1.000000
1782439232.228709,704,0.000792,inf,STAND_TEST,0.000000,0.001494,0.219338,-0.273539,0.000000,0.000000,0.000000,1.000000,1.000000
1782439232.248750,705,0.000478,inf,STAND_TEST,0.000000,0.001505,0.219379,-0.273542,0.000000,0.000000,0.000000,1.000000,1.000000
1782439232.268775,706,0.000443,inf,STAND_TEST,0.000000,0.001485,0.219393,-0.273542,0.000000,0.000000,0.000000,1.000000,1.000000
1782439232.288801,707,0.000409,inf,STAND_TEST,0.000000,0.001498,0.219388,-0.273544,0.000000,0.000000,0.000000,1.000000,1.000000
1782439232.309117,708,0.000665,inf,STAND_TEST,0.000000,0.001499,0.219404,-0.273552,0.000000,0.000000,0.000000,1.000000,1.000000
1782439232.329243,709,0.000726,inf,STAND_TEST,0.000000,0.001511,0.219383,-0.273559,0.000000,0.000000,0.000000,1.000000,1.000000
1782439232.349458,710,0.000882,inf,STAND_TEST,0.000000,0.001476,0.219358,-0.273612,0.000000,0.000000,0.000000,1.000000,1.000000
1782439232.369239,711,0.000463,inf,STAND_TEST,0.000000,0.001489,0.219345,-0.273586,0.000000,0.000000,0.000000,1.000000,1.000000
1782439232.389275,712,0.000444,inf,STAND_TEST,0.000000,0.001493,0.219361,-0.273605,0.000000,0.000000,0.000000,1.000000,1.000000
1782439232.409320,713,0.000433,inf,STAND_TEST,0.000000,0.001489,0.219365,-0.273621,0.000000,0.000000,0.000000,1.000000,1.000000
1782439232.429394,714,0.000451,inf,STAND_TEST,0.000000,0.001494,0.219339,-0.273602,0.000000,0.000000,0.000000,1.000000,1.000000
1782439232.449429,715,0.000431,inf,STAND_TEST,0.000000,0.001486,0.219340,-0.273602,0.000000,0.000000,0.000000,1.000000,1.000000
1782439232.469466,716,0.000413,inf,STAND_TEST,0.000000,0.001468,0.219328,-0.273604,0.000000,0.000000,0.000000,1.000000,1.000000
1782439232.489573,717,0.000463,inf,STAND_TEST,0.000000,0.001436,0.219287,-0.273574,0.000000,0.000000,0.000000,1.000000,1.000000
1782439232.509888,718,0.000722,inf,STAND_TEST,0.000000,0.001430,0.219252,-0.273568,0.000000,0.000000,0.000000,1.000000,1.000000
1782439232.529827,719,0.000454,inf,STAND_TEST,0.000000,0.001428,0.219200,-0.273546,0.000000,0.000000,0.000000,1.000000,1.000000
1782439232.549916,720,0.000488,inf,STAND_TEST,0.000000,0.001386,0.219128,-0.273560,0.000000,0.000000,0.000000,1.000000,1.000000
1782439232.569931,721,0.000474,inf,STAND_TEST,0.000000,0.001375,0.219138,-0.273572,0.000000,0.000000,0.000000,1.000000,1.000000
1782439232.589923,722,0.000413,inf,STAND_TEST,0.000000,0.001378,0.219152,-0.273550,0.000000,0.000000,0.000000,1.000000,1.000000
1782439232.609941,723,0.000378,inf,STAND_TEST,0.000000,0.001381,0.219173,-0.273564,0.000000,0.000000,0.000000,1.000000,1.000000
1782439232.630097,724,0.000477,inf,STAND_TEST,0.000000,0.001370,0.219191,-0.273552,0.000000,0.000000,0.000000,1.000000,1.000000
1782439232.650336,725,0.000661,inf,STAND_TEST,0.000000,0.001371,0.219176,-0.273529,0.000000,0.000000,0.000000,1.000000,1.000000
1782439232.670423,726,0.000693,inf,STAND_TEST,0.000000,0.001364,0.219157,-0.273511,0.000000,0.000000,0.000000,1.000000,1.000000
1782439232.690442,727,0.000483,inf,STAND_TEST,0.000000,0.001360,0.219128,-0.273465,0.000000,0.000000,0.000000,1.000000,1.000000
1782439232.710480,728,0.000465,inf,STAND_TEST,0.000000,0.001379,0.219115,-0.273451,0.000000,0.000000,0.000000,1.000000,1.000000
1782439232.730508,729,0.000438,inf,STAND_TEST,0.000000,0.001377,0.219117,-0.273430,0.000000,0.000000,0.000000,1.000000,1.000000
1782439232.750596,730,0.000471,inf,STAND_TEST,0.000000,0.001374,0.219087,-0.273438,0.000000,0.000000,0.000000,1.000000,1.000000
1782439232.770867,731,0.000684,inf,STAND_TEST,0.000000,0.001378,0.219045,-0.273411,0.000000,0.000000,0.000000,1.000000,1.000000
1782439232.790665,732,0.000428,inf,STAND_TEST,0.000000,0.001359,0.219038,-0.273414,0.000000,0.000000,0.000000,1.000000,1.000000
1782439232.810933,733,0.000640,inf,STAND_TEST,0.000000,0.001371,0.219067,-0.273407,0.000000,0.000000,0.000000,1.000000,1.000000
1782439232.830914,734,0.000441,inf,STAND_TEST,0.000000,0.001372,0.219083,-0.273422,0.000000,0.000000,0.000000,1.000000,1.000000
1782439232.851053,735,0.000431,inf,STAND_TEST,0.000000,0.001346,0.219036,-0.273444,0.000000,0.000000,0.000000,1.000000,1.000000
1782439232.871109,736,0.000432,inf,STAND_TEST,0.000000,0.001357,0.219036,-0.273476,0.000000,0.000000,0.000000,1.000000,1.000000
1782439232.891152,737,0.000420,inf,STAND_TEST,0.000000,0.001379,0.219035,-0.273460,0.000000,0.000000,0.000000,1.000000,1.000000
1782439232.911231,738,0.000442,inf,STAND_TEST,0.000000,0.001376,0.219001,-0.273492,0.000000,0.000000,0.000000,1.000000,1.000000
1782439232.931275,739,0.000430,inf,STAND_TEST,0.000000,0.001383,0.219007,-0.273480,0.000000,0.000000,0.000000,1.000000,1.000000
1782439232.951720,740,0.000819,inf,STAND_TEST,0.000000,0.001361,0.219054,-0.273493,0.000000,0.000000,0.000000,1.000000,1.000000
1782439232.971592,741,0.000633,inf,STAND_TEST,0.000000,0.001382,0.219000,-0.273457,0.000000,0.000000,0.000000,1.000000,1.000000
1782439232.991555,742,0.000413,inf,STAND_TEST,0.000000,0.001373,0.219017,-0.273501,0.000000,0.000000,0.000000,1.000000,1.000000
1782439233.011637,743,0.000436,inf,STAND_TEST,0.000000,0.001356,0.218981,-0.273494,0.000000,0.000000,0.000000,1.000000,1.000000
1782439233.031676,744,0.000416,inf,STAND_TEST,0.000000,0.001330,0.218954,-0.273522,0.000000,0.000000,0.000000,1.000000,1.000000
1782439233.051736,745,0.000417,inf,STAND_TEST,0.000000,0.001337,0.218952,-0.273500,0.000000,0.000000,0.000000,1.000000,1.000000
1782439233.071849,746,0.000470,inf,STAND_TEST,0.000000,0.001361,0.218878,-0.273474,0.000000,0.000000,0.000000,1.000000,1.000000
1782439233.091860,747,0.000420,inf,STAND_TEST,0.000000,0.001367,0.218836,-0.273494,0.000000,0.000000,0.000000,1.000000,1.000000
1782439233.112123,748,0.000625,inf,STAND_TEST,0.000000,0.001358,0.218836,-0.273466,0.000000,0.000000,0.000000,1.000000,1.000000
1782439233.132186,749,0.000629,inf,STAND_TEST,0.000000,0.001354,0.218779,-0.273524,0.000000,0.000000,0.000000,1.000000,1.000000
1782439233.152199,750,0.000409,inf,STAND_TEST,0.000000,0.001344,0.218738,-0.273531,0.000000,0.000000,0.000000,1.000000,1.000000
1782439233.172264,751,0.000416,inf,STAND_TEST,0.000000,0.001350,0.218715,-0.273539,0.000000,0.000000,0.000000,1.000000,1.000000
1782439233.192325,752,0.000417,inf,STAND_TEST,0.000000,0.001338,0.218682,-0.273533,0.000000,0.000000,0.000000,1.000000,1.000000
1782439233.212347,753,0.000381,inf,STAND_TEST,0.000000,0.001325,0.218708,-0.273549,0.000000,0.000000,0.000000,1.000000,1.000000
1782439233.232457,754,0.000432,inf,STAND_TEST,0.000000,0.001294,0.218749,-0.273564,0.000000,0.000000,0.000000,1.000000,1.000000
1782439233.252467,755,0.000383,inf,STAND_TEST,0.000000,0.001303,0.218753,-0.273595,0.000000,0.000000,0.000000,1.000000,1.000000
1782439233.272552,756,0.000409,inf,STAND_TEST,0.000000,0.001276,0.218751,-0.273611,0.000000,0.000000,0.000000,1.000000,1.000000
1782439233.292814,757,0.000616,inf,STAND_TEST,0.000000,0.001280,0.218709,-0.273630,0.000000,0.000000,0.000000,1.000000,1.000000
1782439233.312753,758,0.000397,inf,STAND_TEST,0.000000,0.001277,0.218667,-0.273589,0.000000,0.000000,0.000000,1.000000,1.000000
1782439233.332789,759,0.000377,inf,STAND_TEST,0.000000,0.001306,0.218643,-0.273557,0.000000,0.000000,0.000000,1.000000,1.000000
1782439233.352905,760,0.000433,inf,STAND_TEST,0.000000,0.001313,0.218642,-0.273554,0.000000,0.000000,0.000000,1.000000,1.000000
1782439233.372962,761,0.000432,inf,STAND_TEST,0.000000,0.001307,0.218613,-0.273543,0.000000,0.000000,0.000000,1.000000,1.000000
1782439233.392983,762,0.000399,inf,STAND_TEST,0.000000,0.001298,0.218596,-0.273556,0.000000,0.000000,0.000000,1.000000,1.000000
1782439233.413061,763,0.000422,inf,STAND_TEST,0.000000,0.001300,0.218575,-0.273516,0.000000,0.000000,0.000000,1.000000,1.000000
1782439233.433322,764,0.000626,inf,STAND_TEST,0.000000,0.001279,0.218531,-0.273539,0.000000,0.000000,0.000000,1.000000,1.000000
1782439233.453383,765,0.000632,inf,STAND_TEST,0.000000,0.001283,0.218569,-0.273530,0.000000,0.000000,0.000000,1.000000,1.000000
1782439233.473417,766,0.000608,inf,STAND_TEST,0.000000,0.001297,0.218546,-0.273524,0.000000,0.000000,0.000000,1.000000,1.000000
1782439233.493469,767,0.000431,inf,STAND_TEST,0.000000,0.001329,0.218490,-0.273512,0.000000,0.000000,0.000000,1.000000,1.000000
1782439233.513510,768,0.000418,inf,STAND_TEST,0.000000,0.001307,0.218474,-0.273561,0.000000,0.000000,0.000000,1.000000,1.000000
1782439233.533581,769,0.000431,inf,STAND_TEST,0.000000,0.001307,0.218474,-0.273576,0.000000,0.000000,0.000000,1.000000,1.000000
1782439233.553691,770,0.000482,inf,STAND_TEST,0.000000,0.001319,0.218482,-0.273570,0.000000,0.000000,0.000000,1.000000,1.000000
1782439233.573906,771,0.000641,inf,STAND_TEST,0.000000,0.001320,0.218497,-0.273582,0.000000,0.000000,0.000000,1.000000,1.000000
1782439233.593925,772,0.000605,inf,STAND_TEST,0.000000,0.001315,0.218476,-0.273602,0.000000,0.000000,0.000000,1.000000,1.000000
1782439233.614005,773,0.000448,inf,STAND_TEST,0.000000,0.001298,0.218444,-0.273578,0.000000,0.000000,0.000000,1.000000,1.000000
1782439233.634027,774,0.000412,inf,STAND_TEST,0.000000,0.001282,0.218407,-0.273644,0.000000,0.000000,0.000000,1.000000,1.000000
1782439233.654090,775,0.000418,inf,STAND_TEST,0.000000,0.001249,0.218348,-0.273655,0.000000,0.000000,0.000000,1.000000,1.000000
1782439233.674137,776,0.000412,inf,STAND_TEST,0.000000,0.001267,0.218345,-0.273655,0.000000,0.000000,0.000000,1.000000,1.000000
1782439233.694187,777,0.000408,inf,STAND_TEST,0.000000,0.001272,0.218338,-0.273638,0.000000,0.000000,0.000000,1.000000,1.000000
1782439233.714255,778,0.000420,inf,STAND_TEST,0.000000,0.001252,0.218342,-0.273670,0.000000,0.000000,0.000000,1.000000,1.000000
1782439233.734502,779,0.000610,inf,STAND_TEST,0.000000,0.001243,0.218313,-0.273668,0.000000,0.000000,0.000000,1.000000,1.000000
1782439233.754624,780,0.000673,inf,STAND_TEST,0.000000,0.001238,0.218325,-0.273712,0.000000,0.000000,0.000000,1.000000,1.000000
1782439233.774483,781,0.000434,inf,STAND_TEST,0.000000,0.001215,0.218292,-0.273720,0.000000,0.000000,0.000000,1.000000,1.000000
1782439233.794486,782,0.000383,inf,STAND_TEST,0.000000,0.001212,0.218288,-0.273783,0.000000,0.000000,0.000000,1.000000,1.000000
1782439233.814607,783,0.000447,inf,STAND_TEST,0.000000,0.001194,0.218240,-0.273803,0.000000,0.000000,0.000000,1.000000,1.000000
1782439233.834645,784,0.000431,inf,STAND_TEST,0.000000,0.001200,0.218193,-0.273856,0.000000,0.000000,0.000000,1.000000,1.000000
1782439233.854662,785,0.000389,inf,STAND_TEST,0.000000,0.001203,0.218204,-0.273827,0.000000,0.000000,0.000000,1.000000,1.000000
1782439233.874799,786,0.000473,inf,STAND_TEST,0.000000,0.001171,0.218224,-0.273819,0.000000,0.000000,0.000000,1.000000,1.000000
1782439233.894778,787,0.000398,inf,STAND_TEST,0.000000,0.001176,0.218254,-0.273760,0.000000,0.000000,0.000000,1.000000,1.000000
1782439233.915373,788,0.000935,inf,STAND_TEST,0.000000,0.001171,0.218271,-0.273788,0.000000,0.000000,0.000000,1.000000,1.000000
1782439233.935350,789,0.000855,inf,STAND_TEST,0.000000,0.001159,0.218283,-0.273782,0.000000,0.000000,0.000000,1.000000,1.000000
1782439233.955423,790,0.000871,inf,STAND_TEST,0.000000,0.001146,0.218228,-0.273807,0.000000,0.000000,0.000000,1.000000,1.000000
1782439233.975072,791,0.000435,inf,STAND_TEST,0.000000,0.001127,0.218196,-0.273816,0.000000,0.000000,0.000000,1.000000,1.000000
1782439233.995070,792,0.000378,inf,STAND_TEST,0.000000,0.001135,0.218194,-0.273791,0.000000,0.000000,0.000000,1.000000,1.000000
1782439234.015164,793,0.000417,inf,STAND_TEST,0.000000,0.001112,0.218164,-0.273819,0.000000,0.000000,0.000000,1.000000,1.000000
1782439234.035213,794,0.000411,inf,STAND_TEST,0.000000,0.001103,0.218173,-0.273836,0.000000,0.000000,0.000000,1.000000,1.000000
1782439234.055230,795,0.000374,inf,STAND_TEST,0.000000,0.001098,0.218141,-0.273828,0.000000,0.000000,0.000000,1.000000,1.000000
1782439234.075337,796,0.000426,inf,STAND_TEST,0.000000,0.001091,0.218129,-0.273843,0.000000,0.000000,0.000000,1.000000,1.000000
1782439234.095364,797,0.000398,inf,STAND_TEST,0.000000,0.001072,0.218103,-0.273852,0.000000,0.000000,0.000000,1.000000,1.000000
1782439234.115637,798,0.000617,inf,STAND_TEST,0.000000,0.001064,0.218069,-0.273846,0.000000,0.000000,0.000000,1.000000,1.000000
1782439234.135551,799,0.000408,inf,STAND_TEST,0.000000,0.001056,0.218070,-0.273850,0.000000,0.000000,0.000000,1.000000,1.000000
1782439234.155575,800,0.000378,inf,STAND_TEST,0.000000,0.001052,0.218102,-0.273836,0.000000,0.000000,0.000000,1.000000,1.000000
1782439234.175659,801,0.000407,inf,STAND_TEST,0.000000,0.001055,0.218058,-0.273820,0.000000,0.000000,0.000000,1.000000,1.000000
1782439234.195723,802,0.000416,inf,STAND_TEST,0.000000,0.001062,0.218047,-0.273807,0.000000,0.000000,0.000000,1.000000,1.000000
1782439234.215742,803,0.000381,inf,STAND_TEST,0.000000,0.001081,0.218060,-0.273808,0.000000,0.000000,0.000000,1.000000,1.000000
1782439234.236008,804,0.000593,inf,STAND_TEST,0.000000,0.001084,0.218060,-0.273816,0.000000,0.000000,0.000000,1.000000,1.000000
1782439234.255877,805,0.000409,inf,STAND_TEST,0.000000,0.001069,0.218028,-0.273811,0.000000,0.000000,0.000000,1.000000,1.000000
1782439234.276127,806,0.000606,inf,STAND_TEST,0.000000,0.001086,0.218027,-0.273826,0.000000,0.000000,0.000000,1.000000,1.000000
1782439234.296062,807,0.000402,inf,STAND_TEST,0.000000,0.001076,0.218017,-0.273849,0.000000,0.000000,0.000000,1.000000,1.000000
1782439234.316243,808,0.000400,inf,STAND_TEST,0.000000,0.001092,0.218083,-0.273864,0.000000,0.000000,0.000000,1.000000,1.000000
1782439234.336363,809,0.000464,inf,STAND_TEST,0.000000,0.001094,0.218104,-0.273875,0.000000,0.000000,0.000000,1.000000,1.000000
1782439234.356454,810,0.000499,inf,STAND_TEST,0.000000,0.001096,0.218139,-0.273875,0.000000,0.000000,0.000000,1.000000,1.000000
1782439234.376426,811,0.000414,inf,STAND_TEST,0.000000,0.001066,0.218124,-0.273893,0.000000,0.000000,0.000000,1.000000,1.000000
1782439234.396699,812,0.000633,inf,STAND_TEST,0.000000,0.001071,0.218165,-0.273928,0.000000,0.000000,0.000000,1.000000,1.000000
1782439234.416530,813,0.000410,inf,STAND_TEST,0.000000,0.001050,0.218131,-0.273947,0.000000,0.000000,0.000000,1.000000,1.000000
1782439234.436770,814,0.000596,inf,STAND_TEST,0.000000,0.001069,0.218148,-0.273971,0.000000,0.000000,0.000000,1.000000,1.000000
1782439234.456833,815,0.000606,inf,STAND_TEST,0.000000,0.001053,0.218141,-0.274033,0.000000,0.000000,0.000000,1.000000,1.000000
1782439234.476949,816,0.000686,inf,STAND_TEST,0.000000,0.001033,0.218119,-0.274033,0.000000,0.000000,0.000000,1.000000,1.000000
1782439234.496808,817,0.000430,inf,STAND_TEST,0.000000,0.001042,0.218163,-0.274025,0.000000,0.000000,0.000000,1.000000,1.000000
1782439234.516859,818,0.000423,inf,STAND_TEST,0.000000,0.001052,0.218122,-0.274022,0.000000,0.000000,0.000000,1.000000,1.000000
1782439234.536920,819,0.000430,inf,STAND_TEST,0.000000,0.001036,0.218120,-0.274040,0.000000,0.000000,0.000000,1.000000,1.000000
1782439234.556984,820,0.000439,inf,STAND_TEST,0.000000,0.001057,0.218144,-0.274024,0.000000,0.000000,0.000000,1.000000,1.000000
1782439234.577033,821,0.000432,inf,STAND_TEST,0.000000,0.001054,0.218173,-0.274032,0.000000,0.000000,0.000000,1.000000,1.000000
1782439234.597279,822,0.000621,inf,STAND_TEST,0.000000,0.001038,0.218189,-0.274064,0.000000,0.000000,0.000000,1.000000,1.000000
1782439234.617344,823,0.000628,inf,STAND_TEST,0.000000,0.001021,0.218197,-0.274074,0.000000,0.000000,0.000000,1.000000,1.000000
1782439234.637445,824,0.000671,inf,STAND_TEST,0.000000,0.001029,0.218208,-0.274036,0.000000,0.000000,0.000000,1.000000,1.000000
1782439234.657253,825,0.000420,inf,STAND_TEST,0.000000,0.001029,0.218222,-0.274075,0.000000,0.000000,0.000000,1.000000,1.000000
1782439234.677372,826,0.000448,inf,STAND_TEST,0.000000,0.001017,0.218262,-0.274097,0.000000,0.000000,0.000000,1.000000,1.000000
1782439234.697404,827,0.000426,inf,STAND_TEST,0.000000,0.001035,0.218227,-0.274084,0.000000,0.000000,0.000000,1.000000,1.000000
1782439234.717430,828,0.000398,inf,STAND_TEST,0.000000,0.001033,0.218222,-0.274090,0.000000,0.000000,0.000000,1.000000,1.000000
1782439234.737494,829,0.000408,inf,STAND_TEST,0.000000,0.001028,0.218203,-0.274090,0.000000,0.000000,0.000000,1.000000,1.000000
1782439234.757540,830,0.000401,inf,STAND_TEST,0.000000,0.001031,0.218177,-0.274099,0.000000,0.000000,0.000000,1.000000,1.000000
1782439234.777951,831,0.000755,inf,STAND_TEST,0.000000,0.001036,0.218174,-0.274078,0.000000,0.000000,0.000000,1.000000,1.000000
1782439234.797987,832,0.000738,inf,STAND_TEST,0.000000,0.001050,0.218188,-0.274073,0.000000,0.000000,0.000000,1.000000,1.000000
1782439234.818018,833,0.000715,inf,STAND_TEST,0.000000,0.001050,0.218204,-0.274070,0.000000,0.000000,0.000000,1.000000,1.000000
1782439234.838005,834,0.000391,inf,STAND_TEST,0.000000,0.001026,0.218206,-0.274054,0.000000,0.000000,0.000000,1.000000,1.000000
1782439234.858066,835,0.000399,inf,STAND_TEST,0.000000,0.001033,0.218230,-0.274041,0.000000,0.000000,0.000000,1.000000,1.000000
1782439234.878124,836,0.000403,inf,STAND_TEST,0.000000,0.001027,0.218182,-0.274010,0.000000,0.000000,0.000000,1.000000,1.000000
1782439234.898220,837,0.000444,inf,STAND_TEST,0.000000,0.001013,0.218182,-0.274042,0.000000,0.000000,0.000000,1.000000,1.000000
1782439234.918479,838,0.000649,inf,STAND_TEST,0.000000,0.000999,0.218169,-0.274037,0.000000,0.000000,0.000000,1.000000,1.000000
1782439234.938498,839,0.000416,inf,STAND_TEST,0.000000,0.001012,0.218191,-0.274041,0.000000,0.000000,0.000000,1.000000,1.000000
1782439234.958546,840,0.000410,inf,STAND_TEST,0.000000,0.001020,0.218190,-0.274058,0.000000,0.000000,0.000000,1.000000,1.000000
1782439234.978576,841,0.000386,inf,STAND_TEST,0.000000,0.001029,0.218193,-0.274074,0.000000,0.000000,0.000000,1.000000,1.000000
1782439234.998667,842,0.000445,inf,STAND_TEST,0.000000,0.001040,0.218212,-0.274089,0.000000,0.000000,0.000000,1.000000,1.000000
1782439235.018914,843,0.000635,inf,STAND_TEST,0.000000,0.001029,0.218197,-0.274090,0.000000,0.000000,0.000000,1.000000,1.000000
1782439235.038827,844,0.000493,inf,STAND_TEST,0.000000,0.001044,0.218197,-0.274086,0.000000,0.000000,0.000000,1.000000,1.000000
1782439235.058783,845,0.000395,inf,STAND_TEST,0.000000,0.001015,0.218204,-0.274155,0.000000,0.000000,0.000000,1.000000,1.000000
1782439235.079058,846,0.000610,inf,STAND_TEST,0.000000,0.001039,0.218203,-0.274163,0.000000,0.000000,0.000000,1.000000,1.000000
1782439235.099151,847,0.000644,inf,STAND_TEST,0.000000,0.001020,0.218232,-0.274206,0.000000,0.000000,0.000000,1.000000,1.000000
1782439235.119154,848,0.000402,inf,STAND_TEST,0.000000,0.001024,0.218241,-0.274191,0.000000,0.000000,0.000000,1.000000,1.000000
1782439235.139202,849,0.000396,inf,STAND_TEST,0.000000,0.001033,0.218282,-0.274201,0.000000,0.000000,0.000000,1.000000,1.000000
1782439235.159266,850,0.000400,inf,STAND_TEST,0.000000,0.001051,0.218312,-0.274227,0.000000,0.000000,0.000000,1.000000,1.000000
1782439235.179360,851,0.000439,inf,STAND_TEST,0.000000,0.001028,0.218326,-0.274219,0.000000,0.000000,0.000000,1.000000,1.000000
1782439235.199408,852,0.000430,inf,STAND_TEST,0.000000,0.001033,0.218314,-0.274158,0.000000,0.000000,0.000000,1.000000,1.000000
1782439235.220023,853,0.000982,inf,STAND_TEST,0.000000,0.001039,0.218338,-0.274174,0.000000,0.000000,0.000000,1.000000,1.000000
1782439235.239864,854,0.000767,inf,STAND_TEST,0.000000,0.001056,0.218398,-0.274187,0.000000,0.000000,0.000000,1.000000,1.000000
1782439235.259908,855,0.000752,inf,STAND_TEST,0.000000,0.001055,0.218417,-0.274201,0.000000,0.000000,0.000000,1.000000,1.000000
1782439235.279677,856,0.000400,inf,STAND_TEST,0.000000,0.001066,0.218422,-0.274165,0.000000,0.000000,0.000000,1.000000,1.000000
1782439235.299799,857,0.000462,inf,STAND_TEST,0.000000,0.001046,0.218429,-0.274172,0.000000,0.000000,0.000000,1.000000,1.000000
1782439235.319822,858,0.000425,inf,STAND_TEST,0.000000,0.001065,0.218504,-0.274181,0.000000,0.000000,0.000000,1.000000,1.000000
1782439235.339923,859,0.000418,inf,STAND_TEST,0.000000,0.001046,0.218467,-0.274218,0.000000,0.000000,0.000000,1.000000,1.000000
1782439235.360041,860,0.000427,inf,STAND_TEST,0.000000,0.001043,0.218499,-0.274180,0.000000,0.000000,0.000000,1.000000,1.000000
1782439235.380419,861,0.000703,inf,STAND_TEST,0.000000,0.001040,0.218526,-0.274178,0.000000,0.000000,0.000000,1.000000,1.000000
1782439235.400420,862,0.000429,inf,STAND_TEST,0.000000,0.001033,0.218501,-0.274164,0.000000,0.000000,0.000000,1.000000,1.000000
1782439235.420686,863,0.000630,inf,STAND_TEST,0.000000,0.001026,0.218454,-0.274168,0.000000,0.000000,0.000000,1.000000,1.000000
1782439235.440559,864,0.000446,inf,STAND_TEST,0.000000,0.001015,0.218433,-0.274174,0.000000,0.000000,0.000000,1.000000,1.000000
1782439235.460583,865,0.000414,inf,STAND_TEST,0.000000,0.001022,0.218457,-0.274209,0.000000,0.000000,0.000000,1.000000,1.000000
1782439235.480614,866,0.000391,inf,STAND_TEST,0.000000,0.001034,0.218443,-0.274181,0.000000,0.000000,0.000000,1.000000,1.000000
1782439235.500931,867,0.000650,inf,STAND_TEST,0.000000,0.001017,0.218462,-0.274179,0.000000,0.000000,0.000000,1.000000,1.000000
1782439235.520981,868,0.000639,inf,STAND_TEST,0.000000,0.001008,0.218467,-0.274183,0.000000,0.000000,0.000000,1.000000,1.000000
1782439235.541011,869,0.000614,inf,STAND_TEST,0.000000,0.001012,0.218448,-0.274205,0.000000,0.000000,0.000000,1.000000,1.000000
1782439235.561123,870,0.000670,inf,STAND_TEST,0.000000,0.001027,0.218447,-0.274232,0.000000,0.000000,0.000000,1.000000,1.000000
1782439235.580922,871,0.000415,inf,STAND_TEST,0.000000,0.001029,0.218492,-0.274257,0.000000,0.000000,0.000000,1.000000,1.000000
1782439235.600984,872,0.000390,inf,STAND_TEST,0.000000,0.001038,0.218514,-0.274249,0.000000,0.000000,0.000000,1.000000,1.000000
1782439235.621193,873,0.000419,inf,STAND_TEST,0.000000,0.001024,0.218471,-0.274258,0.000000,0.000000,0.000000,1.000000,1.000000
1782439235.641259,874,0.000431,inf,STAND_TEST,0.000000,0.001008,0.218498,-0.274269,0.000000,0.000000,0.000000,1.000000,1.000000
1782439235.661516,875,0.000628,inf,STAND_TEST,0.000000,0.001005,0.218516,-0.274296,0.000000,0.000000,0.000000,1.000000,1.000000
1782439235.681544,876,0.000598,inf,STAND_TEST,0.000000,0.001015,0.218564,-0.274334,0.000000,0.000000,0.000000,1.000000,1.000000
1782439235.701656,877,0.000649,inf,STAND_TEST,0.000000,0.001019,0.218585,-0.274346,0.000000,0.000000,0.000000,1.000000,1.000000
1782439235.721533,878,0.000377,inf,STAND_TEST,0.000000,0.001025,0.218624,-0.274346,0.000000,0.000000,0.000000,1.000000,1.000000
1782439235.741632,879,0.000417,inf,STAND_TEST,0.000000,0.001026,0.218628,-0.274338,0.000000,0.000000,0.000000,1.000000,1.000000
1782439235.761676,880,0.000400,inf,STAND_TEST,0.000000,0.001006,0.218642,-0.274384,0.000000,0.000000,0.000000,1.000000,1.000000
1782439235.781772,881,0.000440,inf,STAND_TEST,0.000000,0.001019,0.218678,-0.274326,0.000000,0.000000,0.000000,1.000000,1.000000
1782439235.801794,882,0.000403,inf,STAND_TEST,0.000000,0.001003,0.218669,-0.274348,0.000000,0.000000,0.000000,1.000000,1.000000
1782439235.821867,883,0.000409,inf,STAND_TEST,0.000000,0.001004,0.218684,-0.274372,0.000000,0.000000,0.000000,1.000000,1.000000
1782439235.842147,884,0.000635,inf,STAND_TEST,0.000000,0.001008,0.218658,-0.274369,0.000000,0.000000,0.000000,1.000000,1.000000
1782439235.862177,885,0.000607,inf,STAND_TEST,0.000000,0.001039,0.218653,-0.274311,0.000000,0.000000,0.000000,1.000000,1.000000
1782439235.882060,886,0.000399,inf,STAND_TEST,0.000000,0.001079,0.218695,-0.274264,0.000000,0.000000,0.000000,1.000000,1.000000
1782439235.902210,887,0.000495,inf,STAND_TEST,0.000000,0.001070,0.218731,-0.274271,0.000000,0.000000,0.000000,1.000000,1.000000
1782439235.922325,888,0.000499,inf,STAND_TEST,0.000000,0.001082,0.218742,-0.274265,0.000000,0.000000,0.000000,1.000000,1.000000
1782439235.942352,889,0.000470,inf,STAND_TEST,0.000000,0.001092,0.218748,-0.274273,0.000000,0.000000,0.000000,1.000000,1.000000
1782439235.962331,890,0.000397,inf,STAND_TEST,0.000000,0.001110,0.218743,-0.274248,0.000000,0.000000,0.000000,1.000000,1.000000
1782439235.982398,891,0.000410,inf,STAND_TEST,0.000000,0.001096,0.218739,-0.274304,0.000000,0.000000,0.000000,1.000000,1.000000
1782439236.002392,892,0.000346,inf,STAND_TEST,0.000000,0.001112,0.218775,-0.274317,0.000000,0.000000,0.000000,1.000000,1.000000
1782439236.022796,893,0.000424,inf,STAND_TEST,0.000000,0.001155,0.218778,-0.274267,0.000000,0.000000,0.000000,1.000000,1.000000
1782439236.042894,894,0.000423,inf,STAND_TEST,0.000000,0.001152,0.218688,-0.274278,0.000000,0.000000,0.000000,1.000000,1.000000
1782439236.062985,895,0.000406,inf,STAND_TEST,0.000000,0.001140,0.218693,-0.274289,0.000000,0.000000,0.000000,1.000000,1.000000
1782439236.083110,896,0.000417,inf,STAND_TEST,0.000000,0.001127,0.218741,-0.274317,0.000000,0.000000,0.000000,1.000000,1.000000
1782439236.103459,897,0.000666,inf,STAND_TEST,0.000000,0.001124,0.218763,-0.274304,0.000000,0.000000,0.000000,1.000000,1.000000
1782439236.123462,898,0.000435,inf,STAND_TEST,0.000000,0.001092,0.218742,-0.274307,0.000000,0.000000,0.000000,1.000000,1.000000
1782439236.143538,899,0.000413,inf,STAND_TEST,0.000000,0.001104,0.218768,-0.274284,0.000000,0.000000,0.000000,1.000000,1.000000
1782439236.163646,900,0.000416,inf,STAND_TEST,0.000000,0.001082,0.218775,-0.274296,0.000000,0.000000,0.000000,1.000000,1.000000
1782439236.183701,901,0.000417,inf,STAND_TEST,0.000000,0.001084,0.218767,-0.274321,0.000000,0.000000,0.000000,1.000000,1.000000
1782439236.203827,902,0.000454,inf,STAND_TEST,0.000000,0.001113,0.218756,-0.274299,0.000000,0.000000,0.000000,1.000000,1.000000
1782439236.224059,903,0.000625,inf,STAND_TEST,0.000000,0.001124,0.218757,-0.274279,0.000000,0.000000,0.000000,1.000000,1.000000
1782439236.244194,904,0.000705,inf,STAND_TEST,0.000000,0.001146,0.218775,-0.274253,0.000000,0.000000,0.000000,1.000000,1.000000
1782439236.264162,905,0.000614,inf,STAND_TEST,0.000000,0.001163,0.218734,-0.274200,0.000000,0.000000,0.000000,1.000000,1.000000
1782439236.284067,906,0.000430,inf,STAND_TEST,0.000000,0.001169,0.218747,-0.274189,0.000000,0.000000,0.000000,1.000000,1.000000
1782439236.304205,907,0.000450,inf,STAND_TEST,0.000000,0.001162,0.218743,-0.274223,0.000000,0.000000,0.000000,1.000000,1.000000
1782439236.324208,908,0.000394,inf,STAND_TEST,0.000000,0.001156,0.218754,-0.274212,0.000000,0.000000,0.000000,1.000000,1.000000
1782439236.344259,909,0.000391,inf,STAND_TEST,0.000000,0.001147,0.218784,-0.274205,0.000000,0.000000,0.000000,1.000000,1.000000
1782439236.364709,910,0.000777,inf,STAND_TEST,0.000000,0.001148,0.218799,-0.274183,0.000000,0.000000,0.000000,1.000000,1.000000
1782439236.384434,911,0.000441,inf,STAND_TEST,0.000000,0.001156,0.218801,-0.274157,0.000000,0.000000,0.000000,1.000000,1.000000
1782439236.404664,912,0.000613,inf,STAND_TEST,0.000000,0.001167,0.218811,-0.274158,0.000000,0.000000,0.000000,1.000000,1.000000
1782439236.424734,913,0.000621,inf,STAND_TEST,0.000000,0.001187,0.218855,-0.274146,0.000000,0.000000,0.000000,1.000000,1.000000
1782439236.444715,914,0.000408,inf,STAND_TEST,0.000000,0.001183,0.218871,-0.274174,0.000000,0.000000,0.000000,1.000000,1.000000
1782439236.464768,915,0.000406,inf,STAND_TEST,0.000000,0.001181,0.218880,-0.274177,0.000000,0.000000,0.000000,1.000000,1.000000
1782439236.485028,916,0.000603,inf,STAND_TEST,0.000000,0.001170,0.218862,-0.274174,0.000000,0.000000,0.000000,1.000000,1.000000
1782439236.504909,917,0.000424,inf,STAND_TEST,0.000000,0.001203,0.218820,-0.274121,0.000000,0.000000,0.000000,1.000000,1.000000
1782439236.524973,918,0.000428,inf,STAND_TEST,0.000000,0.001228,0.218779,-0.274121,0.000000,0.000000,0.000000,1.000000,1.000000
1782439236.545235,919,0.000422,inf,STAND_TEST,0.000000,0.001255,0.218784,-0.274106,0.000000,0.000000,0.000000,1.000000,1.000000
1782439236.565388,920,0.000441,inf,STAND_TEST,0.000000,0.001277,0.218797,-0.274080,0.000000,0.000000,0.000000,1.000000,1.000000
1782439236.585446,921,0.000441,inf,STAND_TEST,0.000000,0.001277,0.218821,-0.274065,0.000000,0.000000,0.000000,1.000000,1.000000
1782439236.605534,922,0.000470,inf,STAND_TEST,0.000000,0.001277,0.218785,-0.274052,0.000000,0.000000,0.000000,1.000000,1.000000
1782439236.625544,923,0.000418,inf,STAND_TEST,0.000000,0.001288,0.218787,-0.274020,0.000000,0.000000,0.000000,1.000000,1.000000
1782439236.645682,924,0.000498,inf,STAND_TEST,0.000000,0.001293,0.218840,-0.274068,0.000000,0.000000,0.000000,1.000000,1.000000
1782439236.665622,925,0.000378,inf,STAND_TEST,0.000000,0.001306,0.218852,-0.274087,0.000000,0.000000,0.000000,1.000000,1.000000
1782439236.686177,926,0.000868,inf,STAND_TEST,0.000000,0.001322,0.218818,-0.274088,0.000000,0.000000,0.000000,1.000000,1.000000
1782439236.706096,927,0.000724,inf,STAND_TEST,0.000000,0.001295,0.218844,-0.274138,0.000000,0.000000,0.000000,1.000000,1.000000
1782439236.725860,928,0.000433,inf,STAND_TEST,0.000000,0.001290,0.218881,-0.274133,0.000000,0.000000,0.000000,1.000000,1.000000
1782439236.745985,929,0.000455,inf,STAND_TEST,0.000000,0.001283,0.218895,-0.274173,0.000000,0.000000,0.000000,1.000000,1.000000
1782439236.766061,930,0.000443,inf,STAND_TEST,0.000000,0.001246,0.218937,-0.274192,0.000000,0.000000,0.000000,1.000000,1.000000
1782439236.786103,931,0.000432,inf,STAND_TEST,0.000000,0.001240,0.218923,-0.274213,0.000000,0.000000,0.000000,1.000000,1.000000
1782439236.806110,932,0.000384,inf,STAND_TEST,0.000000,0.001227,0.218948,-0.274225,0.000000,0.000000,0.000000,1.000000,1.000000
1782439236.826391,933,0.000610,inf,STAND_TEST,0.000000,0.001238,0.218950,-0.274238,0.000000,0.000000,0.000000,1.000000,1.000000
1782439236.846469,934,0.000634,inf,STAND_TEST,0.000000,0.001247,0.218979,-0.274217,0.000000,0.000000,0.000000,1.000000,1.000000
1782439236.866508,935,0.000619,inf,STAND_TEST,0.000000,0.001252,0.218991,-0.274201,0.000000,0.000000,0.000000,1.000000,1.000000
1782439236.886620,936,0.000463,inf,STAND_TEST,0.000000,0.001251,0.218968,-0.274184,0.000000,0.000000,0.000000,1.000000,1.000000
1782439236.906650,937,0.000435,inf,STAND_TEST,0.000000,0.001255,0.218987,-0.274217,0.000000,0.000000,0.000000,1.000000,1.000000
1782439236.926690,938,0.000415,inf,STAND_TEST,0.000000,0.001257,0.219030,-0.274187,0.000000,0.000000,0.000000,1.000000,1.000000
1782439236.946754,939,0.000421,inf,STAND_TEST,0.000000,0.001280,0.219057,-0.274146,0.000000,0.000000,0.000000,1.000000,1.000000
1782439236.966829,940,0.000441,inf,STAND_TEST,0.000000,0.001287,0.219059,-0.274189,0.000000,0.000000,0.000000,1.000000,1.000000
1782439236.986863,941,0.000421,inf,STAND_TEST,0.000000,0.001297,0.219041,-0.274171,0.000000,0.000000,0.000000,1.000000,1.000000
1782439237.007137,942,0.000637,inf,STAND_TEST,0.000000,0.001309,0.218985,-0.274133,0.000000,0.000000,0.000000,1.000000,1.000000
1782439237.027338,943,0.000776,inf,STAND_TEST,0.000000,0.001310,0.218956,-0.274103,0.000000,0.000000,0.000000,1.000000,1.000000
1782439237.047119,944,0.000422,inf,STAND_TEST,0.000000,0.001332,0.218952,-0.274069,0.000000,0.000000,0.000000,1.000000,1.000000
1782439237.067239,945,0.000485,inf,STAND_TEST,0.000000,0.001342,0.218972,-0.274069,0.000000,0.000000,0.000000,1.000000,1.000000
1782439237.087222,946,0.000413,inf,STAND_TEST,0.000000,0.001356,0.218999,-0.274079,0.000000,0.000000,0.000000,1.000000,1.000000
1782439237.107293,947,0.000425,inf,STAND_TEST,0.000000,0.001361,0.219010,-0.274092,0.000000,0.000000,0.000000,1.000000,1.000000
1782439237.127394,948,0.000464,inf,STAND_TEST,0.000000,0.001390,0.219046,-0.274100,0.000000,0.000000,0.000000,1.000000,1.000000
1782439237.147388,949,0.000401,inf,STAND_TEST,0.000000,0.001372,0.219046,-0.274105,0.000000,0.000000,0.000000,1.000000,1.000000
1782439237.167789,950,0.000688,inf,STAND_TEST,0.000000,0.001369,0.219010,-0.274080,0.000000,0.000000,0.000000,1.000000,1.000000
1782439237.187865,951,0.000657,inf,STAND_TEST,0.000000,0.001384,0.219019,-0.274040,0.000000,0.000000,0.000000,1.000000,1.000000
1782439237.207821,952,0.000421,inf,STAND_TEST,0.000000,0.001418,0.219011,-0.273964,0.000000,0.000000,0.000000,1.000000,1.000000
1782439237.227912,953,0.000415,inf,STAND_TEST,0.000000,0.001414,0.219004,-0.273982,0.000000,0.000000,0.000000,1.000000,1.000000
1782439237.248019,954,0.000416,inf,STAND_TEST,0.000000,0.001389,0.219008,-0.273993,0.000000,0.000000,0.000000,1.000000,1.000000
1782439237.268145,955,0.000430,inf,STAND_TEST,0.000000,0.001386,0.218991,-0.273993,0.000000,0.000000,0.000000,1.000000,1.000000
1782439237.288492,956,0.000677,inf,STAND_TEST,0.000000,0.001409,0.219019,-0.273947,0.000000,0.000000,0.000000,1.000000,1.000000
1782439237.308408,957,0.000413,inf,STAND_TEST,0.000000,0.001409,0.219000,-0.273942,0.000000,0.000000,0.000000,1.000000,1.000000
1782439237.328526,958,0.000424,inf,STAND_TEST,0.000000,0.001407,0.218985,-0.273923,0.000000,0.000000,0.000000,1.000000,1.000000
1782439237.348610,959,0.000420,inf,STAND_TEST,0.000000,0.001425,0.219039,-0.273927,0.000000,0.000000,0.000000,1.000000,1.000000
1782439237.368705,960,0.000408,inf,STAND_TEST,0.000000,0.001446,0.219034,-0.273908,0.000000,0.000000,0.000000,1.000000,1.000000
1782439237.389143,961,0.000740,inf,STAND_TEST,0.000000,0.001450,0.219018,-0.273880,0.000000,0.000000,0.000000,1.000000,1.000000
1782439237.409181,962,0.000670,inf,STAND_TEST,0.000000,0.001432,0.219025,-0.273898,0.000000,0.000000,0.000000,1.000000,1.000000
1782439237.429120,963,0.000425,inf,STAND_TEST,0.000000,0.001424,0.219071,-0.273897,0.000000,0.000000,0.000000,1.000000,1.000000
1782439237.449238,964,0.000431,inf,STAND_TEST,0.000000,0.001392,0.219074,-0.273919,0.000000,0.000000,0.000000,1.000000,1.000000
1782439237.469331,965,0.000421,inf,STAND_TEST,0.000000,0.001413,0.219060,-0.273917,0.000000,0.000000,0.000000,1.000000,1.000000
1782439237.489478,966,0.000429,inf,STAND_TEST,0.000000,0.001443,0.219089,-0.273913,0.000000,0.000000,0.000000,1.000000,1.000000
1782439237.509875,967,0.000702,inf,STAND_TEST,0.000000,0.001409,0.219068,-0.273944,0.000000,0.000000,0.000000,1.000000,1.000000
1782439237.530137,968,0.000708,inf,STAND_TEST,0.000000,0.001415,0.219047,-0.273924,0.000000,0.000000,0.000000,1.000000,1.000000
1782439237.549918,969,0.000417,inf,STAND_TEST,0.000000,0.001381,0.219072,-0.273962,0.000000,0.000000,0.000000,1.000000,1.000000
1782439237.569946,970,0.000417,inf,STAND_TEST,0.000000,0.001406,0.219106,-0.273932,0.000000,0.000000,0.000000,1.000000,1.000000
1782439237.589997,971,0.000410,inf,STAND_TEST,0.000000,0.001420,0.219090,-0.273889,0.000000,0.000000,0.000000,1.000000,1.000000
1782439237.610106,972,0.000418,inf,STAND_TEST,0.000000,0.001436,0.219131,-0.273862,0.000000,0.000000,0.000000,1.000000,1.000000
1782439237.630603,973,0.000809,inf,STAND_TEST,0.000000,0.001446,0.219130,-0.273804,0.000000,0.000000,0.000000,1.000000,1.000000
1782439237.650525,974,0.000669,inf,STAND_TEST,0.000000,0.001454,0.219082,-0.273771,0.000000,0.000000,0.000000,1.000000,1.000000
1782439237.670520,975,0.000415,inf,STAND_TEST,0.000000,0.001482,0.219114,-0.273750,0.000000,0.000000,0.000000,1.000000,1.000000
1782439237.690591,976,0.000431,inf,STAND_TEST,0.000000,0.001496,0.219085,-0.273719,0.000000,0.000000,0.000000,1.000000,1.000000
1782439237.710649,977,0.000429,inf,STAND_TEST,0.000000,0.001512,0.219086,-0.273715,0.000000,0.000000,0.000000,1.000000,1.000000
1782439237.730709,978,0.000430,inf,STAND_TEST,0.000000,0.001483,0.219058,-0.273772,0.000000,0.000000,0.000000,1.000000,1.000000
1782439237.750767,979,0.000430,inf,STAND_TEST,0.000000,0.001484,0.219069,-0.273763,0.000000,0.000000,0.000000,1.000000,1.000000
1782439237.771044,980,0.000651,inf,STAND_TEST,0.000000,0.001491,0.219070,-0.273730,0.000000,0.000000,0.000000,1.000000,1.000000
1782439237.791091,981,0.000643,inf,STAND_TEST,0.000000,0.001490,0.219074,-0.273748,0.000000,0.000000,0.000000,1.000000,1.000000
1782439237.811116,982,0.000608,inf,STAND_TEST,0.000000,0.001467,0.219025,-0.273750,0.000000,0.000000,0.000000,1.000000,1.000000
1782439237.831032,983,0.000432,inf,STAND_TEST,0.000000,0.001488,0.219010,-0.273692,0.000000,0.000000,0.000000,1.000000,1.000000
1782439237.851093,984,0.000433,inf,STAND_TEST,0.000000,0.001497,0.218990,-0.273671,0.000000,0.000000,0.000000,1.000000,1.000000
1782439237.871137,985,0.000421,inf,STAND_TEST,0.000000,0.001468,0.218969,-0.273681,0.000000,0.000000,0.000000,1.000000,1.000000
1782439237.891186,986,0.000416,inf,STAND_TEST,0.000000,0.001474,0.218980,-0.273651,0.000000,0.000000,0.000000,1.000000,1.000000
1782439237.911251,987,0.000422,inf,STAND_TEST,0.000000,0.001476,0.218963,-0.273643,0.000000,0.000000,0.000000,1.000000,1.000000
1782439237.931281,988,0.000392,inf,STAND_TEST,0.000000,0.001480,0.218952,-0.273639,0.000000,0.000000,0.000000,1.000000,1.000000
1782439237.951612,989,0.000665,inf,STAND_TEST,0.000000,0.001462,0.218946,-0.273657,0.000000,0.000000,0.000000,1.000000,1.000000
1782439237.971631,990,0.000625,inf,STAND_TEST,0.000000,0.001476,0.218960,-0.273636,0.000000,0.000000,0.000000,1.000000,1.000000
1782439237.991668,991,0.000413,inf,STAND_TEST,0.000000,0.001491,0.218966,-0.273647,0.000000,0.000000,0.000000,1.000000,1.000000
1782439238.011732,992,0.000419,inf,STAND_TEST,0.000000,0.001492,0.218970,-0.273631,0.000000,0.000000,0.000000,1.000000,1.000000
1782439238.031762,993,0.000390,inf,STAND_TEST,0.000000,0.001493,0.218984,-0.273576,0.000000,0.000000,0.000000,1.000000,1.000000
1782439238.051834,994,0.000404,inf,STAND_TEST,0.000000,0.001488,0.219007,-0.273576,0.000000,0.000000,0.000000,1.000000,1.000000
1782439238.072152,995,0.000662,inf,STAND_TEST,0.000000,0.001457,0.219038,-0.273595,0.000000,0.000000,0.000000,1.000000,1.000000
1782439238.092188,996,0.000643,inf,STAND_TEST,0.000000,0.001433,0.219060,-0.273651,0.000000,0.000000,0.000000,1.000000,1.000000
1782439238.112230,997,0.000626,inf,STAND_TEST,0.000000,0.001443,0.219068,-0.273651,0.000000,0.000000,0.000000,1.000000,1.000000
1782439238.132199,998,0.000414,inf,STAND_TEST,0.000000,0.001458,0.219049,-0.273614,0.000000,0.000000,0.000000,1.000000,1.000000
1782439238.152236,999,0.000392,inf,STAND_TEST,0.000000,0.001455,0.219083,-0.273652,0.000000,0.000000,0.000000,1.000000,1.000000
1782439238.172291,1000,0.000388,inf,STAND_TEST,0.000000,0.001432,0.219019,-0.273645,0.000000,0.000000,0.000000,1.000000,1.000000
1782439238.192371,1001,0.000413,inf,STAND_TEST,0.000000,0.001443,0.219043,-0.273646,0.000000,0.000000,0.000000,1.000000,1.000000
1782439238.212421,1002,0.000403,inf,STAND_TEST,0.000000,0.001442,0.219046,-0.273650,0.000000,0.000000,0.000000,1.000000,1.000000
1782439238.232471,1003,0.000393,inf,STAND_TEST,0.000000,0.001443,0.219034,-0.273626,0.000000,0.000000,0.000000,1.000000,1.000000
1782439238.252744,1004,0.000610,inf,STAND_TEST,0.000000,0.001450,0.219025,-0.273603,0.000000,0.000000,0.000000,1.000000,1.000000
1782439238.272885,1005,0.000691,inf,STAND_TEST,0.000000,0.001433,0.218967,-0.273622,0.000000,0.000000,0.000000,1.000000,1.000000
1782439238.292881,1006,0.000432,inf,STAND_TEST,0.000000,0.001419,0.218937,-0.273606,0.000000,0.000000,0.000000,1.000000,1.000000
1782439238.312922,1007,0.000413,inf,STAND_TEST,0.000000,0.001395,0.218944,-0.273632,0.000000,0.000000,0.000000,1.000000,1.000000
1782439238.332970,1008,0.000402,inf,STAND_TEST,0.000000,0.001406,0.218918,-0.273581,0.000000,0.000000,0.000000,1.000000,1.000000
1782439238.353080,1009,0.000452,inf,STAND_TEST,0.000000,0.001397,0.218905,-0.273565,0.000000,0.000000,0.000000,1.000000,1.000000
1782439238.373383,1010,0.000696,inf,STAND_TEST,0.000000,0.001399,0.218889,-0.273549,0.000000,0.000000,0.000000,1.000000,1.000000
1782439238.393599,1011,0.000854,inf,STAND_TEST,0.000000,0.001415,0.218901,-0.273525,0.000000,0.000000,0.000000,1.000000,1.000000
1782439238.413465,1012,0.000662,inf,STAND_TEST,0.000000,0.001442,0.218913,-0.273504,0.000000,0.000000,0.000000,1.000000,1.000000
1782439238.433492,1013,0.000630,inf,STAND_TEST,0.000000,0.001430,0.218931,-0.273508,0.000000,0.000000,0.000000,1.000000,1.000000
1782439238.453427,1014,0.000416,inf,STAND_TEST,0.000000,0.001436,0.218936,-0.273514,0.000000,0.000000,0.000000,1.000000,1.000000
1782439238.473468,1015,0.000402,inf,STAND_TEST,0.000000,0.001453,0.218905,-0.273464,0.000000,0.000000,0.000000,1.000000,1.000000
1782439238.493578,1016,0.000456,inf,STAND_TEST,0.000000,0.001462,0.218897,-0.273421,0.000000,0.000000,0.000000,1.000000,1.000000
1782439238.513623,1017,0.000442,inf,STAND_TEST,0.000000,0.001471,0.218874,-0.273367,0.000000,0.000000,0.000000,1.000000,1.000000
1782439238.533675,1018,0.000433,inf,STAND_TEST,0.000000,0.001493,0.218871,-0.273321,0.000000,0.000000,0.000000,1.000000,1.000000
1782439238.554012,1019,0.000712,inf,STAND_TEST,0.000000,0.001477,0.218819,-0.273345,0.000000,0.000000,0.000000,1.000000,1.000000
1782439238.574002,1020,0.000440,inf,STAND_TEST,0.000000,0.001475,0.218817,-0.273314,0.000000,0.000000,0.000000,1.000000,1.000000
1782439238.594123,1021,0.000434,inf,STAND_TEST,0.000000,0.001462,0.218787,-0.273319,0.000000,0.000000,0.000000,1.000000,1.000000
1782439238.614178,1022,0.000430,inf,STAND_TEST,0.000000,0.001439,0.218795,-0.273338,0.000000,0.000000,0.000000,1.000000,1.000000
1782439238.634259,1023,0.000450,inf,STAND_TEST,0.000000,0.001440,0.218809,-0.273350,0.000000,0.000000,0.000000,1.000000,1.000000
1782439238.654302,1024,0.000434,inf,STAND_TEST,0.000000,0.001467,0.218816,-0.273315,0.000000,0.000000,0.000000,1.000000,1.000000
1782439238.674343,1025,0.000415,inf,STAND_TEST,0.000000,0.001451,0.218816,-0.273316,0.000000,0.000000,0.000000,1.000000,1.000000
1782439238.694626,1026,0.000640,inf,STAND_TEST,0.000000,0.001432,0.218808,-0.273330,0.000000,0.000000,0.000000,1.000000,1.000000
1782439238.714682,1027,0.000637,inf,STAND_TEST,0.000000,0.001480,0.218789,-0.273285,0.000000,0.000000,0.000000,1.000000,1.000000
1782439238.734720,1028,0.000615,inf,STAND_TEST,0.000000,0.001486,0.218797,-0.273290,0.000000,0.000000,0.000000,1.000000,1.000000
1782439238.754577,1029,0.000396,inf,STAND_TEST,0.000000,0.001468,0.218788,-0.273310,0.000000,0.000000,0.000000,1.000000,1.000000
1782439238.774680,1030,0.000443,inf,STAND_TEST,0.000000,0.001450,0.218766,-0.273311,0.000000,0.000000,0.000000,1.000000,1.000000
1782439238.794712,1031,0.000416,inf,STAND_TEST,0.000000,0.001434,0.218808,-0.273309,0.000000,0.000000,0.000000,1.000000,1.000000
1782439238.814761,1032,0.000406,inf,STAND_TEST,0.000000,0.001401,0.218798,-0.273342,0.000000,0.000000,0.000000,1.000000,1.000000
1782439238.834846,1033,0.000432,inf,STAND_TEST,0.000000,0.001386,0.218782,-0.273344,0.000000,0.000000,0.000000,1.000000,1.000000
1782439238.854892,1034,0.000418,inf,STAND_TEST,0.000000,0.001389,0.218772,-0.273344,0.000000,0.000000,0.000000,1.000000,1.000000
1782439238.875156,1035,0.000622,inf,STAND_TEST,0.000000,0.001402,0.218762,-0.273339,0.000000,0.000000,0.000000,1.000000,1.000000
1782439238.895233,1036,0.000643,inf,STAND_TEST,0.000000,0.001384,0.218746,-0.273334,0.000000,0.000000,0.000000,1.000000,1.000000
1782439238.915307,1037,0.000658,inf,STAND_TEST,0.000000,0.001372,0.218778,-0.273341,0.000000,0.000000,0.000000,1.000000,1.000000
1782439238.935130,1038,0.000426,inf,STAND_TEST,0.000000,0.001372,0.218798,-0.273322,0.000000,0.000000,0.000000,1.000000,1.000000
1782439238.955176,1039,0.000419,inf,STAND_TEST,0.000000,0.001359,0.218830,-0.273354,0.000000,0.000000,0.000000,1.000000,1.000000
1782439238.975254,1040,0.000429,inf,STAND_TEST,0.000000,0.001354,0.218796,-0.273343,0.000000,0.000000,0.000000,1.000000,1.000000
1782439238.995306,1041,0.000421,inf,STAND_TEST,0.000000,0.001332,0.218826,-0.273337,0.000000,0.000000,0.000000,1.000000,1.000000
1782439239.015328,1042,0.000385,inf,STAND_TEST,0.000000,0.001347,0.218820,-0.273316,0.000000,0.000000,0.000000,1.000000,1.000000
1782439239.035445,1043,0.000448,inf,STAND_TEST,0.000000,0.001368,0.218791,-0.273300,0.000000,0.000000,0.000000,1.000000,1.000000
1782439239.055691,1044,0.000635,inf,STAND_TEST,0.000000,0.001363,0.218797,-0.273311,0.000000,0.000000,0.000000,1.000000,1.000000
1782439239.075752,1045,0.000637,inf,STAND_TEST,0.000000,0.001413,0.218793,-0.273306,0.000000,0.000000,0.000000,1.000000,1.000000
1782439239.095831,1046,0.000657,inf,STAND_TEST,0.000000,0.001405,0.218804,-0.273294,0.000000,0.000000,0.000000,1.000000,1.000000
1782439239.115690,1047,0.000425,inf,STAND_TEST,0.000000,0.001367,0.218808,-0.273304,0.000000,0.000000,0.000000,1.000000,1.000000
1782439239.135725,1048,0.000406,inf,STAND_TEST,0.000000,0.001341,0.218756,-0.273328,0.000000,0.000000,0.000000,1.000000,1.000000
1782439239.155790,1049,0.000411,inf,STAND_TEST,0.000000,0.001347,0.218720,-0.273323,0.000000,0.000000,0.000000,1.000000,1.000000
1782439239.175863,1050,0.000425,inf,STAND_TEST,0.000000,0.001363,0.218764,-0.273335,0.000000,0.000000,0.000000,1.000000,1.000000
1782439239.195916,1051,0.000419,inf,STAND_TEST,0.000000,0.001358,0.218787,-0.273353,0.000000,0.000000,0.000000,1.000000,1.000000
1782439239.216207,1052,0.000651,inf,STAND_TEST,0.000000,0.001325,0.218756,-0.273348,0.000000,0.000000,0.000000,1.000000,1.000000
1782439239.236261,1053,0.000650,inf,STAND_TEST,0.000000,0.001321,0.218769,-0.273370,0.000000,0.000000,0.000000,1.000000,1.000000
1782439239.256409,1054,0.000741,inf,STAND_TEST,0.000000,0.001322,0.218772,-0.273393,0.000000,0.000000,0.000000,1.000000,1.000000
1782439239.276173,1055,0.000400,inf,STAND_TEST,0.000000,0.001302,0.218748,-0.273409,0.000000,0.000000,0.000000,1.000000,1.000000
1782439239.296230,1056,0.000400,inf,STAND_TEST,0.000000,0.001337,0.218729,-0.273383,0.000000,0.000000,0.000000,1.000000,1.000000
1782439239.316324,1057,0.000436,inf,STAND_TEST,0.000000,0.001354,0.218704,-0.273391,0.000000,0.000000,0.000000,1.000000,1.000000
1782439239.336385,1058,0.000442,inf,STAND_TEST,0.000000,0.001358,0.218626,-0.273368,0.000000,0.000000,0.000000,1.000000,1.000000
1782439239.356531,1059,0.000528,inf,STAND_TEST,0.000000,0.001342,0.218609,-0.273347,0.000000,0.000000,0.000000,1.000000,1.000000
1782439239.376486,1060,0.000423,inf,STAND_TEST,0.000000,0.001366,0.218630,-0.273334,0.000000,0.000000,0.000000,1.000000,1.000000
1782439239.396735,1061,0.000614,inf,STAND_TEST,0.000000,0.001368,0.218589,-0.273314,0.000000,0.000000,0.000000,1.000000,1.000000
1782439239.416816,1062,0.000637,inf,STAND_TEST,0.000000,0.001370,0.218560,-0.273318,0.000000,0.000000,0.000000,1.000000,1.000000
1782439239.436743,1063,0.000440,inf,STAND_TEST,0.000000,0.001369,0.218532,-0.273327,0.000000,0.000000,0.000000,1.000000,1.000000
1782439239.456774,1064,0.000416,inf,STAND_TEST,0.000000,0.001332,0.218529,-0.273314,0.000000,0.000000,0.000000,1.000000,1.000000
1782439239.476875,1065,0.000461,inf,STAND_TEST,0.000000,0.001349,0.218563,-0.273309,0.000000,0.000000,0.000000,1.000000,1.000000
1782439239.496958,1066,0.000485,inf,STAND_TEST,0.000000,0.001343,0.218588,-0.273316,0.000000,0.000000,0.000000,1.000000,1.000000
1782439239.516956,1067,0.000424,inf,STAND_TEST,0.000000,0.001373,0.218604,-0.273330,0.000000,0.000000,0.000000,1.000000,1.000000
1782439239.537019,1068,0.000431,inf,STAND_TEST,0.000000,0.001344,0.218557,-0.273316,0.000000,0.000000,0.000000,1.000000,1.000000
1782439239.557323,1069,0.000679,inf,STAND_TEST,0.000000,0.001345,0.218549,-0.273353,0.000000,0.000000,0.000000,1.000000,1.000000
1782439239.577338,1070,0.000638,inf,STAND_TEST,0.000000,0.001294,0.218513,-0.273425,0.000000,0.000000,0.000000,1.000000,1.000000
1782439239.597175,1071,0.000417,inf,STAND_TEST,0.000000,0.001281,0.218532,-0.273437,0.000000,0.000000,0.000000,1.000000,1.000000
1782439239.617455,1072,0.000637,inf,STAND_TEST,0.000000,0.001284,0.218518,-0.273454,0.000000,0.000000,0.000000,1.000000,1.000000
1782439239.637417,1073,0.000423,inf,STAND_TEST,0.000000,0.001247,0.218486,-0.273471,0.000000,0.000000,0.000000,1.000000,1.000000
1782439239.657495,1074,0.000442,inf,STAND_TEST,0.000000,0.001235,0.218477,-0.273450,0.000000,0.000000,0.000000,1.000000,1.000000
1782439239.677553,1075,0.000442,inf,STAND_TEST,0.000000,0.001233,0.218457,-0.273431,0.000000,0.000000,0.000000,1.000000,1.000000
1782439239.697598,1076,0.000428,inf,STAND_TEST,0.000000,0.001264,0.218468,-0.273424,0.000000,0.000000,0.000000,1.000000,1.000000
1782439239.717639,1077,0.000410,inf,STAND_TEST,0.000000,0.001263,0.218441,-0.273423,0.000000,0.000000,0.000000,1.000000,1.000000
1782439239.737945,1078,0.000660,inf,STAND_TEST,0.000000,0.001293,0.218466,-0.273429,0.000000,0.000000,0.000000,1.000000,1.000000
1782439239.758005,1079,0.000661,inf,STAND_TEST,0.000000,0.001275,0.218501,-0.273487,0.000000,0.000000,0.000000,1.000000,1.000000
1782439239.777960,1080,0.000443,inf,STAND_TEST,0.000000,0.001294,0.218507,-0.273500,0.000000,0.000000,0.000000,1.000000,1.000000
1782439239.798044,1081,0.000427,inf,STAND_TEST,0.000000,0.001259,0.218494,-0.273529,0.000000,0.000000,0.000000,1.000000,1.000000
1782439239.818103,1082,0.000426,inf,STAND_TEST,0.000000,0.001271,0.218501,-0.273485,0.000000,0.000000,0.000000,1.000000,1.000000
1782439239.838150,1083,0.000419,inf,STAND_TEST,0.000000,0.001279,0.218517,-0.273527,0.000000,0.000000,0.000000,1.000000,1.000000
1782439239.858198,1084,0.000408,inf,STAND_TEST,0.000000,0.001283,0.218553,-0.273519,0.000000,0.000000,0.000000,1.000000,1.000000
1782439239.878503,1085,0.000654,inf,STAND_TEST,0.000000,0.001240,0.218501,-0.273556,0.000000,0.000000,0.000000,1.000000,1.000000
1782439239.898544,1086,0.000641,inf,STAND_TEST,0.000000,0.001262,0.218480,-0.273562,0.000000,0.000000,0.000000,1.000000,1.000000
1782439239.918585,1087,0.000409,inf,STAND_TEST,0.000000,0.001271,0.218430,-0.273559,0.000000,0.000000,0.000000,1.000000,1.000000
1782439239.938622,1088,0.000392,inf,STAND_TEST,0.000000,0.001307,0.218395,-0.273513,0.000000,0.000000,0.000000,1.000000,1.000000
1782439239.958715,1089,0.000425,inf,STAND_TEST,0.000000,0.001310,0.218398,-0.273517,0.000000,0.000000,0.000000,1.000000,1.000000
1782439239.978772,1090,0.000426,inf,STAND_TEST,0.000000,0.001314,0.218355,-0.273528,0.000000,0.000000,0.000000,1.000000,1.000000
1782439239.999018,1091,0.000617,inf,STAND_TEST,0.000000,0.001321,0.218343,-0.273505,0.000000,0.000000,0.000000,1.000000,1.000000
1782439240.018871,1092,0.000411,inf,STAND_TEST,0.000000,0.001313,0.218315,-0.273473,0.000000,0.000000,0.000000,1.000000,1.000000
1782439240.039168,1093,0.000653,inf,STAND_TEST,0.000000,0.001323,0.218290,-0.273452,0.000000,0.000000,0.000000,1.000000,1.000000
1782439240.059226,1094,0.000652,inf,STAND_TEST,0.000000,0.001327,0.218306,-0.273507,0.000000,0.000000,0.000000,1.000000,1.000000
1782439240.079255,1095,0.000429,inf,STAND_TEST,0.000000,0.001345,0.218314,-0.273539,0.000000,0.000000,0.000000,1.000000,1.000000
1782439240.099452,1096,0.000565,inf,STAND_TEST,0.000000,0.001332,0.218326,-0.273545,0.000000,0.000000,0.000000,1.000000,1.000000
1782439240.119455,1097,0.000507,inf,STAND_TEST,0.000000,0.001325,0.218351,-0.273544,0.000000,0.000000,0.000000,1.000000,1.000000
1782439240.139438,1098,0.000436,inf,STAND_TEST,0.000000,0.001359,0.218304,-0.273549,0.000000,0.000000,0.000000,1.000000,1.000000
1782439240.159499,1099,0.000440,inf,STAND_TEST,0.000000,0.001361,0.218303,-0.273578,0.000000,0.000000,0.000000,1.000000,1.000000
1782439240.179594,1100,0.000473,inf,STAND_TEST,0.000000,0.001352,0.218266,-0.273582,0.000000,0.000000,0.000000,1.000000,1.000000
1782439240.199825,1101,0.000650,inf,STAND_TEST,0.000000,0.001339,0.218235,-0.273558,0.000000,0.000000,0.000000,1.000000,1.000000
1782439240.219825,1102,0.000596,inf,STAND_TEST,0.000000,0.001327,0.218234,-0.273589,0.000000,0.000000,0.000000,1.000000,1.000000
1782439240.239830,1103,0.000502,inf,STAND_TEST,0.000000,0.001345,0.218265,-0.273597,0.000000,0.000000,0.000000,1.000000,1.000000
1782439240.259790,1104,0.000390,inf,STAND_TEST,0.000000,0.001334,0.218279,-0.273587,0.000000,0.000000,0.000000,1.000000,1.000000
1782439240.279924,1105,0.000417,inf,STAND_TEST,0.000000,0.001300,0.218257,-0.273642,0.000000,0.000000,0.000000,1.000000,1.000000
1782439240.300048,1106,0.000432,inf,STAND_TEST,0.000000,0.001317,0.218276,-0.273638,0.000000,0.000000,0.000000,1.000000,1.000000
1782439240.320544,1107,0.000820,inf,STAND_TEST,0.000000,0.001322,0.218280,-0.273646,0.000000,0.000000,0.000000,1.000000,1.000000
1782439240.340589,1108,0.000806,inf,STAND_TEST,0.000000,0.001315,0.218252,-0.273654,0.000000,0.000000,0.000000,1.000000,1.000000
1782439240.360540,1109,0.000467,inf,STAND_TEST,0.000000,0.001291,0.218202,-0.273695,0.000000,0.000000,0.000000,1.000000,1.000000
1782439240.380606,1110,0.000422,inf,STAND_TEST,0.000000,0.001300,0.218214,-0.273691,0.000000,0.000000,0.000000,1.000000,1.000000
1782439240.400820,1111,0.000523,inf,STAND_TEST,0.000000,0.001298,0.218278,-0.273703,0.000000,0.000000,0.000000,1.000000,1.000000
1782439240.420831,1112,0.000425,inf,STAND_TEST,0.000000,0.001307,0.218303,-0.273745,0.000000,0.000000,0.000000,1.000000,1.000000
1782439240.441168,1113,0.000664,inf,STAND_TEST,0.000000,0.001308,0.218318,-0.273776,0.000000,0.000000,0.000000,1.000000,1.000000
1782439240.461401,1114,0.000837,inf,STAND_TEST,0.000000,0.001343,0.218314,-0.273739,0.000000,0.000000,0.000000,1.000000,1.000000
1782439240.481092,1115,0.000434,inf,STAND_TEST,0.000000,0.001349,0.218330,-0.273774,0.000000,0.000000,0.000000,1.000000,1.000000
1782439240.501113,1116,0.000397,inf,STAND_TEST,0.000000,0.001357,0.218351,-0.273755,0.000000,0.000000,0.000000,1.000000,1.000000
1782439240.521179,1117,0.000404,inf,STAND_TEST,0.000000,0.001341,0.218325,-0.273813,0.000000,0.000000,0.000000,1.000000,1.000000
1782439240.541267,1118,0.000437,inf,STAND_TEST,0.000000,0.001313,0.218321,-0.273813,0.000000,0.000000,0.000000,1.000000,1.000000
1782439240.561306,1119,0.000419,inf,STAND_TEST,0.000000,0.001291,0.218355,-0.273851,0.000000,0.000000,0.000000,1.000000,1.000000
1782439240.581375,1120,0.000428,inf,STAND_TEST,0.000000,0.001280,0.218345,-0.273883,0.000000,0.000000,0.000000,1.000000,1.000000
1782439240.601630,1121,0.000625,inf,STAND_TEST,0.000000,0.001280,0.218337,-0.273870,0.000000,0.000000,0.000000,1.000000,1.000000
1782439240.621700,1122,0.000637,inf,STAND_TEST,0.000000,0.001261,0.218331,-0.273909,0.000000,0.000000,0.000000,1.000000,1.000000
1782439240.641742,1123,0.000624,inf,STAND_TEST,0.000000,0.001268,0.218242,-0.273935,0.000000,0.000000,0.000000,1.000000,1.000000
1782439240.661899,1124,0.000406,inf,STAND_TEST,0.000000,0.001276,0.218205,-0.273900,0.000000,0.000000,0.000000,1.000000,1.000000
1782439240.681946,1125,0.000394,inf,STAND_TEST,0.000000,0.001268,0.218182,-0.273909,0.000000,0.000000,0.000000,1.000000,1.000000
1782439240.702024,1126,0.000415,inf,STAND_TEST,0.000000,0.001242,0.218171,-0.273912,0.000000,0.000000,0.000000,1.000000,1.000000
1782439240.722392,1127,0.000724,inf,STAND_TEST,0.000000,0.001233,0.218213,-0.273932,0.000000,0.000000,0.000000,1.000000,1.000000
1782439240.742433,1128,0.000709,inf,STAND_TEST,0.000000,0.001242,0.218193,-0.273901,0.000000,0.000000,0.000000,1.000000,1.000000
1782439240.762434,1129,0.000651,inf,STAND_TEST,0.000000,0.001236,0.218224,-0.273889,0.000000,0.000000,0.000000,1.000000,1.000000
1782439240.782281,1130,0.000423,inf,STAND_TEST,0.000000,0.001235,0.218194,-0.273875,0.000000,0.000000,0.000000,1.000000,1.000000
1782439240.802322,1131,0.000404,inf,STAND_TEST,0.000000,0.001238,0.218197,-0.273875,0.000000,0.000000,0.000000,1.000000,1.000000
1782439240.822418,1132,0.000446,inf,STAND_TEST,0.000000,0.001237,0.218144,-0.273924,0.000000,0.000000,0.000000,1.000000,1.000000
1782439240.842468,1133,0.000442,inf,STAND_TEST,0.000000,0.001230,0.218145,-0.273936,0.000000,0.000000,0.000000,1.000000,1.000000
1782439240.862505,1134,0.000419,inf,STAND_TEST,0.000000,0.001249,0.218147,-0.273921,0.000000,0.000000,0.000000,1.000000,1.000000
1782439240.882809,1135,0.000665,inf,STAND_TEST,0.000000,0.001227,0.218155,-0.273965,0.000000,0.000000,0.000000,1.000000,1.000000
1782439240.902842,1136,0.000639,inf,STAND_TEST,0.000000,0.001201,0.218148,-0.273990,0.000000,0.000000,0.000000,1.000000,1.000000
1782439240.922876,1137,0.000614,inf,STAND_TEST,0.000000,0.001201,0.218174,-0.273999,0.000000,0.000000,0.000000,1.000000,1.000000
1782439240.942807,1138,0.000429,inf,STAND_TEST,0.000000,0.001195,0.218141,-0.273995,0.000000,0.000000,0.000000,1.000000,1.000000
1782439240.962938,1139,0.000425,inf,STAND_TEST,0.000000,0.001185,0.218128,-0.273966,0.000000,0.000000,0.000000,1.000000,1.000000
1782439240.983013,1140,0.000442,inf,STAND_TEST,0.000000,0.001175,0.218126,-0.273928,0.000000,0.000000,0.000000,1.000000,1.000000
1782439241.003074,1141,0.000447,inf,STAND_TEST,0.000000,0.001173,0.218094,-0.273925,0.000000,0.000000,0.000000,1.000000,1.000000
1782439241.023159,1142,0.000473,inf,STAND_TEST,0.000000,0.001153,0.218081,-0.273913,0.000000,0.000000,0.000000,1.000000,1.000000
1782439241.043401,1143,0.000660,inf,STAND_TEST,0.000000,0.001161,0.218063,-0.273885,0.000000,0.000000,0.000000,1.000000,1.000000
1782439241.063440,1144,0.000641,inf,STAND_TEST,0.000000,0.001174,0.218094,-0.273931,0.000000,0.000000,0.000000,1.000000,1.000000
1782439241.083495,1145,0.000637,inf,STAND_TEST,0.000000,0.001165,0.218103,-0.273912,0.000000,0.000000,0.000000,1.000000,1.000000
1782439241.103557,1146,0.000645,inf,STAND_TEST,0.000000,0.001147,0.218075,-0.273929,0.000000,0.000000,0.000000,1.000000,1.000000
1782439241.123498,1147,0.000462,inf,STAND_TEST,0.000000,0.001166,0.218081,-0.273928,0.000000,0.000000,0.000000,1.000000,1.000000
1782439241.143529,1148,0.000438,inf,STAND_TEST,0.000000,0.001154,0.218055,-0.273944,0.000000,0.000000,0.000000,1.000000,1.000000
1782439241.163559,1149,0.000409,inf,STAND_TEST,0.000000,0.001154,0.218060,-0.273957,0.000000,0.000000,0.000000,1.000000,1.000000
1782439241.183622,1150,0.000411,inf,STAND_TEST,0.000000,0.001146,0.218061,-0.274002,0.000000,0.000000,0.000000,1.000000,1.000000
1782439241.203917,1151,0.000648,inf,STAND_TEST,0.000000,0.001133,0.218069,-0.274018,0.000000,0.000000,0.000000,1.000000,1.000000
1782439241.223768,1152,0.000439,inf,STAND_TEST,0.000000,0.001126,0.218037,-0.274026,0.000000,0.000000,0.000000,1.000000,1.000000
1782439241.244015,1153,0.000428,inf,STAND_TEST,0.000000,0.001101,0.218009,-0.274083,0.000000,0.000000,0.000000,1.000000,1.000000
1782439241.264105,1154,0.000421,inf,STAND_TEST,0.000000,0.001090,0.218010,-0.274094,0.000000,0.000000,0.000000,1.000000,1.000000
1782439241.284145,1155,0.000403,inf,STAND_TEST,0.000000,0.001084,0.218004,-0.274093,0.000000,0.000000,0.000000,1.000000,1.000000
1782439241.304231,1156,0.000432,inf,STAND_TEST,0.000000,0.001086,0.218016,-0.274125,0.000000,0.000000,0.000000,1.000000,1.000000
1782439241.324286,1157,0.000427,inf,STAND_TEST,0.000000,0.001091,0.217970,-0.274108,0.000000,0.000000,0.000000,1.000000,1.000000
1782439241.344365,1158,0.000449,inf,STAND_TEST,0.000000,0.001067,0.217973,-0.274145,0.000000,0.000000,0.000000,1.000000,1.000000
1782439241.364411,1159,0.000436,inf,STAND_TEST,0.000000,0.001084,0.218018,-0.274144,0.000000,0.000000,0.000000,1.000000,1.000000
1782439241.384691,1160,0.000656,inf,STAND_TEST,0.000000,0.001051,0.217993,-0.274156,0.000000,0.000000,0.000000,1.000000,1.000000
1782439241.404741,1161,0.000646,inf,STAND_TEST,0.000000,0.001052,0.218017,-0.274163,0.000000,0.000000,0.000000,1.000000,1.000000
1782439241.424799,1162,0.000646,inf,STAND_TEST,0.000000,0.001056,0.218017,-0.274135,0.000000,0.000000,0.000000,1.000000,1.000000
1782439241.444643,1163,0.000418,inf,STAND_TEST,0.000000,0.001042,0.218016,-0.274141,0.000000,0.000000,0.000000,1.000000,1.000000
1782439241.464676,1164,0.000393,inf,STAND_TEST,0.000000,0.001062,0.218034,-0.274139,0.000000,0.000000,0.000000,1.000000,1.000000
1782439241.484747,1165,0.000405,inf,STAND_TEST,0.000000,0.001049,0.218007,-0.274178,0.000000,0.000000,0.000000,1.000000,1.000000
1782439241.504829,1166,0.000429,inf,STAND_TEST,0.000000,0.001035,0.217961,-0.274209,0.000000,0.000000,0.000000,1.000000,1.000000
1782439241.524894,1167,0.000433,inf,STAND_TEST,0.000000,0.001029,0.217961,-0.274197,0.000000,0.000000,0.000000,1.000000,1.000000
1782439241.545194,1168,0.000673,inf,STAND_TEST,0.000000,0.001050,0.217946,-0.274171,0.000000,0.000000,0.000000,1.000000,1.000000
1782439241.565259,1169,0.000677,inf,STAND_TEST,0.000000,0.001043,0.217988,-0.274215,0.000000,0.000000,0.000000,1.000000,1.000000
1782439241.585273,1170,0.000631,inf,STAND_TEST,0.000000,0.001061,0.217984,-0.274190,0.000000,0.000000,0.000000,1.000000,1.000000
1782439241.605277,1171,0.000407,inf,STAND_TEST,0.000000,0.001041,0.217969,-0.274210,0.000000,0.000000,0.000000,1.000000,1.000000
1782439241.625323,1172,0.000394,inf,STAND_TEST,0.000000,0.001038,0.217968,-0.274212,0.000000,0.000000,0.000000,1.000000,1.000000
1782439241.645391,1173,0.000408,inf,STAND_TEST,0.000000,0.001031,0.217954,-0.274224,0.000000,0.000000,0.000000,1.000000,1.000000
1782439241.665428,1174,0.000389,inf,STAND_TEST,0.000000,0.001028,0.217967,-0.274255,0.000000,0.000000,0.000000,1.000000,1.000000
1782439241.685740,1175,0.000645,inf,STAND_TEST,0.000000,0.001052,0.217983,-0.274239,0.000000,0.000000,0.000000,1.000000,1.000000
1782439241.705595,1176,0.000443,inf,STAND_TEST,0.000000,0.001021,0.217980,-0.274286,0.000000,0.000000,0.000000,1.000000,1.000000
1782439241.725856,1177,0.000648,inf,STAND_TEST,0.000000,0.001023,0.217999,-0.274304,0.000000,0.000000,0.000000,1.000000,1.000000
1782439241.745696,1178,0.000411,inf,STAND_TEST,0.000000,0.001015,0.217997,-0.274271,0.000000,0.000000,0.000000,1.000000,1.000000
1782439241.765960,1179,0.000410,inf,STAND_TEST,0.000000,0.001038,0.217998,-0.274231,0.000000,0.000000,0.000000,1.000000,1.000000
1782439241.786068,1180,0.000460,inf,STAND_TEST,0.000000,0.001046,0.217970,-0.274249,0.000000,0.000000,0.000000,1.000000,1.000000
1782439241.806094,1181,0.000428,inf,STAND_TEST,0.000000,0.001041,0.218004,-0.274258,0.000000,0.000000,0.000000,1.000000,1.000000
1782439241.826141,1182,0.000421,inf,STAND_TEST,0.000000,0.001033,0.217992,-0.274223,0.000000,0.000000,0.000000,1.000000,1.000000
1782439241.846422,1183,0.000647,inf,STAND_TEST,0.000000,0.001033,0.218005,-0.274224,0.000000,0.000000,0.000000,1.000000,1.000000
1782439241.866472,1184,0.000643,inf,STAND_TEST,0.000000,0.001015,0.218016,-0.274244,0.000000,0.000000,0.000000,1.000000,1.000000
1782439241.886482,1185,0.000400,inf,STAND_TEST,0.000000,0.001011,0.218009,-0.274233,0.000000,0.000000,0.000000,1.000000,1.000000
1782439241.906549,1186,0.000409,inf,STAND_TEST,0.000000,0.001010,0.218031,-0.274252,0.000000,0.000000,0.000000,1.000000,1.000000
1782439241.926593,1187,0.000398,inf,STAND_TEST,0.000000,0.001015,0.218064,-0.274262,0.000000,0.000000,0.000000,1.000000,1.000000
1782439241.946663,1188,0.000414,inf,STAND_TEST,0.000000,0.000994,0.218131,-0.274266,0.000000,0.000000,0.000000,1.000000,1.000000
1782439241.966706,1189,0.000400,inf,STAND_TEST,0.000000,0.000994,0.218158,-0.274261,0.000000,0.000000,0.000000,1.000000,1.000000
1782439241.986763,1190,0.000399,inf,STAND_TEST,0.000000,0.000975,0.218197,-0.274286,0.000000,0.000000,0.000000,1.000000,1.000000
1782439242.007120,1191,0.000699,inf,STAND_TEST,0.000000,0.000986,0.218180,-0.274266,0.000000,0.000000,0.000000,1.000000,1.000000
1782439242.027117,1192,0.000637,inf,STAND_TEST,0.000000,0.000980,0.218162,-0.274290,0.000000,0.000000,0.000000,1.000000,1.000000
1782439242.047134,1193,0.000413,inf,STAND_TEST,0.000000,0.001010,0.218144,-0.274282,0.000000,0.000000,0.000000,1.000000,1.000000
1782439242.067190,1194,0.000410,inf,STAND_TEST,0.000000,0.000996,0.218131,-0.274306,0.000000,0.000000,0.000000,1.000000,1.000000
1782439242.087314,1195,0.000474,inf,STAND_TEST,0.000000,0.001020,0.218131,-0.274294,0.000000,0.000000,0.000000,1.000000,1.000000
1782439242.107328,1196,0.000429,inf,STAND_TEST,0.000000,0.001001,0.218128,-0.274285,0.000000,0.000000,0.000000,1.000000,1.000000
1782439242.127717,1197,0.000757,inf,STAND_TEST,0.000000,0.000974,0.218129,-0.274316,0.000000,0.000000,0.000000,1.000000,1.000000
1782439242.147426,1198,0.000408,inf,STAND_TEST,0.000000,0.000988,0.218117,-0.274304,0.000000,0.000000,0.000000,1.000000,1.000000
1782439242.167742,1199,0.000666,inf,STAND_TEST,0.000000,0.001017,0.218094,-0.274249,0.000000,0.000000,0.000000,1.000000,1.000000
1782439242.187717,1200,0.000431,inf,STAND_TEST,0.000000,0.001030,0.218056,-0.274222,0.000000,0.000000,0.000000,1.000000,1.000000
1782439242.207809,1201,0.000412,inf,STAND_TEST,0.000000,0.001052,0.218054,-0.274188,0.000000,0.000000,0.000000,1.000000,1.000000
1782439242.227951,1202,0.000445,inf,STAND_TEST,0.000000,0.001038,0.218041,-0.274172,0.000000,0.000000,0.000000,1.000000,1.000000
1782439242.248215,1203,0.000649,inf,STAND_TEST,0.000000,0.001035,0.218065,-0.274186,0.000000,0.000000,0.000000,1.000000,1.000000
1782439242.268046,1204,0.000420,inf,STAND_TEST,0.000000,0.001037,0.218091,-0.274182,0.000000,0.000000,0.000000,1.000000,1.000000
1782439242.288314,1205,0.000629,inf,STAND_TEST,0.000000,0.001025,0.218130,-0.274205,0.000000,0.000000,0.000000,1.000000,1.000000
1782439242.308370,1206,0.000626,inf,STAND_TEST,0.000000,0.001035,0.218152,-0.274216,0.000000,0.000000,0.000000,1.000000,1.000000
1782439242.328343,1207,0.000414,inf,STAND_TEST,0.000000,0.001043,0.218156,-0.274174,0.000000,0.000000,0.000000,1.000000,1.000000
1782439242.348400,1208,0.000412,inf,STAND_TEST,0.000000,0.001074,0.218111,-0.274128,0.000000,0.000000,0.000000,1.000000,1.000000
1782439242.368470,1209,0.000424,inf,STAND_TEST,0.000000,0.001045,0.218122,-0.274121,0.000000,0.000000,0.000000,1.000000,1.000000
1782439242.388523,1210,0.000418,inf,STAND_TEST,0.000000,0.001046,0.218141,-0.274117,0.000000,0.000000,0.000000,1.000000,1.000000
1782439242.408656,1211,0.000491,inf,STAND_TEST,0.000000,0.001030,0.218134,-0.274147,0.000000,0.000000,0.000000,1.000000,1.000000
1782439242.428989,1212,0.000762,inf,STAND_TEST,0.000000,0.001030,0.218151,-0.274108,0.000000,0.000000,0.000000,1.000000,1.000000
1782439242.448946,1213,0.000660,inf,STAND_TEST,0.000000,0.001032,0.218193,-0.274126,0.000000,0.000000,0.000000,1.000000,1.000000
1782439242.468993,1214,0.000647,inf,STAND_TEST,0.000000,0.001043,0.218202,-0.274106,0.000000,0.000000,0.000000,1.000000,1.000000
1782439242.488888,1215,0.000433,inf,STAND_TEST,0.000000,0.001033,0.218234,-0.274133,0.000000,0.000000,0.000000,1.000000,1.000000
1782439242.508950,1216,0.000436,inf,STAND_TEST,0.000000,0.001041,0.218233,-0.274157,0.000000,0.000000,0.000000,1.000000,1.000000
1782439242.529033,1217,0.000459,inf,STAND_TEST,0.000000,0.001051,0.218225,-0.274165,0.000000,0.000000,0.000000,1.000000,1.000000
1782439242.549068,1218,0.000434,inf,STAND_TEST,0.000000,0.001055,0.218251,-0.274173,0.000000,0.000000,0.000000,1.000000,1.000000
1782439242.569143,1219,0.000448,inf,STAND_TEST,0.000000,0.001056,0.218286,-0.274190,0.000000,0.000000,0.000000,1.000000,1.000000
1782439242.589416,1220,0.000661,inf,STAND_TEST,0.000000,0.001075,0.218324,-0.274186,0.000000,0.000000,0.000000,1.000000,1.000000
1782439242.609442,1221,0.000632,inf,STAND_TEST,0.000000,0.001073,0.218318,-0.274196,0.000000,0.000000,0.000000,1.000000,1.000000
1782439242.629488,1222,0.000619,inf,STAND_TEST,0.000000,0.001064,0.218360,-0.274199,0.000000,0.000000,0.000000,1.000000,1.000000
1782439242.649495,1223,0.000408,inf,STAND_TEST,0.000000,0.001076,0.218355,-0.274178,0.000000,0.000000,0.000000,1.000000,1.000000
1782439242.669598,1224,0.000452,inf,STAND_TEST,0.000000,0.001096,0.218339,-0.274192,0.000000,0.000000,0.000000,1.000000,1.000000
1782439242.689620,1225,0.000416,inf,STAND_TEST,0.000000,0.001096,0.218301,-0.274182,0.000000,0.000000,0.000000,1.000000,1.000000
1782439242.709680,1226,0.000421,inf,STAND_TEST,0.000000,0.001098,0.218320,-0.274187,0.000000,0.000000,0.000000,1.000000,1.000000
1782439242.729971,1227,0.000657,inf,STAND_TEST,0.000000,0.001106,0.218375,-0.274161,0.000000,0.000000,0.000000,1.000000,1.000000
1782439242.749995,1228,0.000625,inf,STAND_TEST,0.000000,0.001111,0.218374,-0.274157,0.000000,0.000000,0.000000,1.000000,1.000000
1782439242.770077,1229,0.000650,inf,STAND_TEST,0.000000,0.001117,0.218383,-0.274154,0.000000,0.000000,0.000000,1.000000,1.000000
1782439242.790175,1230,0.000689,inf,STAND_TEST,0.000000,0.001121,0.218385,-0.274168,0.000000,0.000000,0.000000,1.000000,1.000000
1782439242.810145,1231,0.000409,inf,STAND_TEST,0.000000,0.001145,0.218368,-0.274142,0.000000,0.000000,0.000000,1.000000,1.000000
1782439242.830202,1232,0.000406,inf,STAND_TEST,0.000000,0.001151,0.218341,-0.274105,0.000000,0.000000,0.000000,1.000000,1.000000
1782439242.850321,1233,0.000466,inf,STAND_TEST,0.000000,0.001164,0.218309,-0.274084,0.000000,0.000000,0.000000,1.000000,1.000000
1782439242.870368,1234,0.000453,inf,STAND_TEST,0.000000,0.001189,0.218321,-0.274047,0.000000,0.000000,0.000000,1.000000,1.000000
1782439242.890456,1235,0.000481,inf,STAND_TEST,0.000000,0.001191,0.218334,-0.274051,0.000000,0.000000,0.000000,1.000000,1.000000
1782439242.910662,1236,0.000634,inf,STAND_TEST,0.000000,0.001215,0.218381,-0.274055,0.000000,0.000000,0.000000,1.000000,1.000000
1782439242.930683,1237,0.000403,inf,STAND_TEST,0.000000,0.001215,0.218397,-0.274053,0.000000,0.000000,0.000000,1.000000,1.000000
1782439242.950867,1238,0.000455,inf,STAND_TEST,0.000000,0.001186,0.218461,-0.274065,0.000000,0.000000,0.000000,1.000000,1.000000
1782439242.970877,1239,0.000406,inf,STAND_TEST,0.000000,0.001176,0.218435,-0.274060,0.000000,0.000000,0.000000,1.000000,1.000000
1782439242.990940,1240,0.000410,inf,STAND_TEST,0.000000,0.001154,0.218469,-0.274061,0.000000,0.000000,0.000000,1.000000,1.000000
1782439243.010988,1241,0.000398,inf,STAND_TEST,0.000000,0.001169,0.218490,-0.274018,0.000000,0.000000,0.000000,1.000000,1.000000
1782439243.031057,1242,0.000409,inf,STAND_TEST,0.000000,0.001179,0.218508,-0.273975,0.000000,0.000000,0.000000,1.000000,1.000000
1782439243.051340,1243,0.000635,inf,STAND_TEST,0.000000,0.001184,0.218529,-0.273940,0.000000,0.000000,0.000000,1.000000,1.000000
1782439243.071377,1244,0.000428,inf,STAND_TEST,0.000000,0.001179,0.218498,-0.273910,0.000000,0.000000,0.000000,1.000000,1.000000
1782439243.091529,1245,0.000462,inf,STAND_TEST,0.000000,0.001185,0.218523,-0.273913,0.000000,0.000000,0.000000,1.000000,1.000000
1782439243.111541,1246,0.000419,inf,STAND_TEST,0.000000,0.001212,0.218520,-0.273890,0.000000,0.000000,0.000000,1.000000,1.000000
1782439243.131605,1247,0.000427,inf,STAND_TEST,0.000000,0.001203,0.218516,-0.273895,0.000000,0.000000,0.000000,1.000000,1.000000
1782439243.151866,1248,0.000631,inf,STAND_TEST,0.000000,0.001221,0.218530,-0.273912,0.000000,0.000000,0.000000,1.000000,1.000000
1782439243.171913,1249,0.000621,inf,STAND_TEST,0.000000,0.001224,0.218581,-0.273901,0.000000,0.000000,0.000000,1.000000,1.000000
1782439243.191986,1250,0.000636,inf,STAND_TEST,0.000000,0.001238,0.218592,-0.273912,0.000000,0.000000,0.000000,1.000000,1.000000
1782439243.212005,1251,0.000395,inf,STAND_TEST,0.000000,0.001237,0.218608,-0.273897,0.000000,0.000000,0.000000,1.000000,1.000000
1782439243.232116,1252,0.000427,inf,STAND_TEST,0.000000,0.001234,0.218611,-0.273897,0.000000,0.000000,0.000000,1.000000,1.000000
1782439243.252171,1253,0.000426,inf,STAND_TEST,0.000000,0.001226,0.218625,-0.273926,0.000000,0.000000,0.000000,1.000000,1.000000
1782439243.272422,1254,0.000620,inf,STAND_TEST,0.000000,0.001247,0.218681,-0.273906,0.000000,0.000000,0.000000,1.000000,1.000000
1782439243.292265,1255,0.000405,inf,STAND_TEST,0.000000,0.001266,0.218665,-0.273877,0.000000,0.000000,0.000000,1.000000,1.000000
1782439243.312542,1256,0.000627,inf,STAND_TEST,0.000000,0.001253,0.218648,-0.273862,0.000000,0.000000,0.000000,1.000000,1.000000
1782439243.332526,1257,0.000418,inf,STAND_TEST,0.000000,0.001244,0.218607,-0.273864,0.000000,0.000000,0.000000,1.000000,1.000000
1782439243.352613,1258,0.000448,inf,STAND_TEST,0.000000,0.001255,0.218654,-0.273901,0.000000,0.000000,0.000000,1.000000,1.000000
1782439243.372656,1259,0.000432,inf,STAND_TEST,0.000000,0.001255,0.218685,-0.273887,0.000000,0.000000,0.000000,1.000000,1.000000
1782439243.392715,1260,0.000433,inf,STAND_TEST,0.000000,0.001233,0.218686,-0.273876,0.000000,0.000000,0.000000,1.000000,1.000000
1782439243.412754,1261,0.000417,inf,STAND_TEST,0.000000,0.001249,0.218658,-0.273823,0.000000,0.000000,0.000000,1.000000,1.000000
1782439243.432803,1262,0.000410,inf,STAND_TEST,0.000000,0.001234,0.218683,-0.273826,0.000000,0.000000,0.000000,1.000000,1.000000
1782439243.453079,1263,0.000630,inf,STAND_TEST,0.000000,0.001245,0.218672,-0.273801,0.000000,0.000000,0.000000,1.000000,1.000000
1782439243.472908,1264,0.000403,inf,STAND_TEST,0.000000,0.001249,0.218599,-0.273829,0.000000,0.000000,0.000000,1.000000,1.000000
1782439243.493146,1265,0.000587,inf,STAND_TEST,0.000000,0.001241,0.218613,-0.273818,0.000000,0.000000,0.000000,1.000000,1.000000
1782439243.513022,1266,0.000386,inf,STAND_TEST,0.000000,0.001226,0.218640,-0.273801,0.000000,0.000000,0.000000,1.000000,1.000000
1782439243.533122,1267,0.000430,inf,STAND_TEST,0.000000,0.001223,0.218634,-0.273809,0.000000,0.000000,0.000000,1.000000,1.000000
1782439243.553250,1268,0.000419,inf,STAND_TEST,0.000000,0.001238,0.218665,-0.273797,0.000000,0.000000,0.000000,1.000000,1.000000
1782439243.573312,1269,0.000423,inf,STAND_TEST,0.000000,0.001229,0.218679,-0.273790,0.000000,0.000000,0.000000,1.000000,1.000000
1782439243.593376,1270,0.000433,inf,STAND_TEST,0.000000,0.001255,0.218746,-0.273789,0.000000,0.000000,0.000000,1.000000,1.000000
1782439243.613399,1271,0.000401,inf,STAND_TEST,0.000000,0.001232,0.218716,-0.273829,0.000000,0.000000,0.000000,1.000000,1.000000
1782439243.633658,1272,0.000605,inf,STAND_TEST,0.000000,0.001220,0.218689,-0.273839,0.000000,0.000000,0.000000,1.000000,1.000000
1782439243.653717,1273,0.000606,inf,STAND_TEST,0.000000,0.001210,0.218683,-0.273832,0.000000,0.000000,0.000000,1.000000,1.000000
1782439243.673829,1274,0.000662,inf,STAND_TEST,0.000000,0.001189,0.218686,-0.273806,0.000000,0.000000,0.000000,1.000000,1.000000
1782439243.693647,1275,0.000424,inf,STAND_TEST,0.000000,0.001208,0.218681,-0.273810,0.000000,0.000000,0.000000,1.000000,1.000000
1782439243.713902,1276,0.000421,inf,STAND_TEST,0.000000,0.001181,0.218677,-0.273823,0.000000,0.000000,0.000000,1.000000,1.000000
1782439243.733995,1277,0.000476,inf,STAND_TEST,0.000000,0.001217,0.218718,-0.273780,0.000000,0.000000,0.000000,1.000000,1.000000
1782439243.754025,1278,0.000450,inf,STAND_TEST,0.000000,0.001195,0.218695,-0.273764,0.000000,0.000000,0.000000,1.000000,1.000000
1782439243.774323,1279,0.000695,inf,STAND_TEST,0.000000,0.001211,0.218688,-0.273756,0.000000,0.000000,0.000000,1.000000,1.000000
1782439243.794303,1280,0.000618,inf,STAND_TEST,0.000000,0.001250,0.218715,-0.273737,0.000000,0.000000,0.000000,1.000000,1.000000
1782439243.814381,1281,0.000636,inf,STAND_TEST,0.000000,0.001240,0.218753,-0.273731,0.000000,0.000000,0.000000,1.000000,1.000000
1782439243.834414,1282,0.000415,inf,STAND_TEST,0.000000,0.001232,0.218741,-0.273694,0.000000,0.000000,0.000000,1.000000,1.000000
1782439243.854485,1283,0.000428,inf,STAND_TEST,0.000000,0.001202,0.218718,-0.273719,0.000000,0.000000,0.000000,1.000000,1.000000
1782439243.874509,1284,0.000393,inf,STAND_TEST,0.000000,0.001193,0.218720,-0.273707,0.000000,0.000000,0.000000,1.000000,1.000000
1782439243.894582,1285,0.000409,inf,STAND_TEST,0.000000,0.001204,0.218727,-0.273721,0.000000,0.000000,0.000000,1.000000,1.000000
1782439243.914651,1286,0.000419,inf,STAND_TEST,0.000000,0.001219,0.218747,-0.273678,0.000000,0.000000,0.000000,1.000000,1.000000
1782439243.934667,1287,0.000381,inf,STAND_TEST,0.000000,0.001220,0.218738,-0.273684,0.000000,0.000000,0.000000,1.000000,1.000000
1782439243.955082,1288,0.000738,inf,STAND_TEST,0.000000,0.001206,0.218706,-0.273683,0.000000,0.000000,0.000000,1.000000,1.000000
1782439243.974917,1289,0.000409,inf,STAND_TEST,0.000000,0.001214,0.218711,-0.273688,0.000000,0.000000,0.000000,1.000000,1.000000
1782439243.994971,1290,0.000409,inf,STAND_TEST,0.000000,0.001190,0.218757,-0.273719,0.000000,0.000000,0.000000,1.000000,1.000000
1782439244.015012,1291,0.000392,inf,STAND_TEST,0.000000,0.001201,0.218771,-0.273734,0.000000,0.000000,0.000000,1.000000,1.000000
1782439244.035090,1292,0.000417,inf,STAND_TEST,0.000000,0.001213,0.218762,-0.273725,0.000000,0.000000,0.000000,1.000000,1.000000
1782439244.055130,1293,0.000398,inf,STAND_TEST,0.000000,0.001215,0.218737,-0.273679,0.000000,0.000000,0.000000,1.000000,1.000000
1782439244.075757,1294,0.000963,inf,STAND_TEST,0.000000,0.001216,0.218772,-0.273680,0.000000,0.000000,0.000000,1.000000,1.000000
1782439244.095854,1295,0.000995,inf,STAND_TEST,0.000000,0.001257,0.218770,-0.273674,0.000000,0.000000,0.000000,1.000000,1.000000
1782439244.115902,1296,0.000979,inf,STAND_TEST,0.000000,0.001259,0.218776,-0.273674,0.000000,0.000000,0.000000,1.000000,1.000000
1782439244.135661,1297,0.000455,inf,STAND_TEST,0.000000,0.001240,0.218790,-0.273658,0.000000,0.000000,0.000000,1.000000,1.000000
1782439244.155744,1298,0.000438,inf,STAND_TEST,0.000000,0.001269,0.218766,-0.273644,0.000000,0.000000,0.000000,1.000000,1.000000
1782439244.175835,1299,0.000422,inf,STAND_TEST,0.000000,0.001251,0.218730,-0.273633,0.000000,0.000000,0.000000,1.000000,1.000000
1782439244.195954,1300,0.000428,inf,STAND_TEST,0.000000,0.001238,0.218745,-0.273630,0.000000,0.000000,0.000000,1.000000,1.000000
1782439244.216302,1301,0.000667,inf,STAND_TEST,0.000000,0.001214,0.218752,-0.273618,0.000000,0.000000,0.000000,1.000000,1.000000
1782439244.236237,1302,0.000419,inf,STAND_TEST,0.000000,0.001216,0.218762,-0.273609,0.000000,0.000000,0.000000,1.000000,1.000000
1782439244.256346,1303,0.000416,inf,STAND_TEST,0.000000,0.001199,0.218784,-0.273603,0.000000,0.000000,0.000000,1.000000,1.000000
1782439244.276700,1304,0.000442,inf,STAND_TEST,0.000000,0.001195,0.218773,-0.273623,0.000000,0.000000,0.000000,1.000000,1.000000
1782439244.297052,1305,0.000689,inf,STAND_TEST,0.000000,0.001169,0.218787,-0.273636,0.000000,0.000000,0.000000,1.000000,1.000000
1782439244.317185,1306,0.000718,inf,STAND_TEST,0.000000,0.001154,0.218775,-0.273628,0.000000,0.000000,0.000000,1.000000,1.000000
1782439244.337208,1307,0.000469,inf,STAND_TEST,0.000000,0.001184,0.218792,-0.273609,0.000000,0.000000,0.000000,1.000000,1.000000
1782439244.357331,1308,0.000534,inf,STAND_TEST,0.000000,0.001182,0.218815,-0.273629,0.000000,0.000000,0.000000,1.000000,1.000000
1782439244.377258,1309,0.000401,inf,STAND_TEST,0.000000,0.001168,0.218802,-0.273642,0.000000,0.000000,0.000000,1.000000,1.000000
1782439244.397341,1310,0.000427,inf,STAND_TEST,0.000000,0.001152,0.218778,-0.273644,0.000000,0.000000,0.000000,1.000000,1.000000
1782439244.417577,1311,0.000604,inf,STAND_TEST,0.000000,0.001140,0.218792,-0.273655,0.000000,0.000000,0.000000,1.000000,1.000000
1782439244.437791,1312,0.000761,inf,STAND_TEST,0.000000,0.001163,0.218797,-0.273611,0.000000,0.000000,0.000000,1.000000,1.000000
1782439244.457792,1313,0.000707,inf,STAND_TEST,0.000000,0.001164,0.218799,-0.273593,0.000000,0.000000,0.000000,1.000000,1.000000
1782439244.477629,1314,0.000400,inf,STAND_TEST,0.000000,0.001162,0.218821,-0.273592,0.000000,0.000000,0.000000,1.000000,1.000000
1782439244.497758,1315,0.000440,inf,STAND_TEST,0.000000,0.001191,0.218832,-0.273556,0.000000,0.000000,0.000000,1.000000,1.000000
1782439244.517816,1316,0.000440,inf,STAND_TEST,0.000000,0.001164,0.218858,-0.273584,0.000000,0.000000,0.000000,1.000000,1.000000
1782439244.537866,1317,0.000435,inf,STAND_TEST,0.000000,0.001196,0.218874,-0.273548,0.000000,0.000000,0.000000,1.000000,1.000000
1782439244.557892,1318,0.000436,inf,STAND_TEST,0.000000,0.001219,0.218921,-0.273504,0.000000,0.000000,0.000000,1.000000,1.000000
1782439244.577920,1319,0.000415,inf,STAND_TEST,0.000000,0.001232,0.218910,-0.273471,0.000000,0.000000,0.000000,1.000000,1.000000
1782439244.598230,1320,0.000665,inf,STAND_TEST,0.000000,0.001252,0.218887,-0.273464,0.000000,0.000000,0.000000,1.000000,1.000000
1782439244.618341,1321,0.000424,inf,STAND_TEST,0.000000,0.001263,0.218866,-0.273524,0.000000,0.000000,0.000000,1.000000,1.000000
1782439244.638421,1322,0.000448,inf,STAND_TEST,0.000000,0.001282,0.218903,-0.273483,0.000000,0.000000,0.000000,1.000000,1.000000
1782439244.658523,1323,0.000496,inf,STAND_TEST,0.000000,0.001296,0.218897,-0.273481,0.000000,0.000000,0.000000,1.000000,1.000000
1782439244.678485,1324,0.000405,inf,STAND_TEST,0.000000,0.001299,0.218890,-0.273464,0.000000,0.000000,0.000000,1.000000,1.000000
1782439244.698547,1325,0.000410,inf,STAND_TEST,0.000000,0.001287,0.218833,-0.273421,0.000000,0.000000,0.000000,1.000000,1.000000
1782439244.718808,1326,0.000616,inf,STAND_TEST,0.000000,0.001274,0.218802,-0.273433,0.000000,0.000000,0.000000,1.000000,1.000000
1782439244.738853,1327,0.000606,inf,STAND_TEST,0.000000,0.001282,0.218813,-0.273457,0.000000,0.000000,0.000000,1.000000,1.000000
1782439244.758909,1328,0.000608,inf,STAND_TEST,0.000000,0.001252,0.218797,-0.273494,0.000000,0.000000,0.000000,1.000000,1.000000
1782439244.778842,1329,0.000416,inf,STAND_TEST,0.000000,0.001244,0.218791,-0.273511,0.000000,0.000000,0.000000,1.000000,1.000000
1782439244.798928,1330,0.000447,inf,STAND_TEST,0.000000,0.001240,0.218819,-0.273537,0.000000,0.000000,0.000000,1.000000,1.000000
1782439244.818938,1331,0.000401,inf,STAND_TEST,0.000000,0.001255,0.218842,-0.273509,0.000000,0.000000,0.000000,1.000000,1.000000
1782439244.838986,1332,0.000394,inf,STAND_TEST,0.000000,0.001277,0.218875,-0.273485,0.000000,0.000000,0.000000,1.000000,1.000000
1782439244.859101,1333,0.000407,inf,STAND_TEST,0.000000,0.001291,0.218872,-0.273466,0.000000,0.000000,0.000000,1.000000,1.000000
1782439244.879476,1334,0.000659,inf,STAND_TEST,0.000000,0.001305,0.218843,-0.273433,0.000000,0.000000,0.000000,1.000000,1.000000
1782439244.899605,1335,0.000682,inf,STAND_TEST,0.000000,0.001330,0.218868,-0.273454,0.000000,0.000000,0.000000,1.000000,1.000000
1782439244.919723,1336,0.000436,inf,STAND_TEST,0.000000,0.001325,0.218906,-0.273443,0.000000,0.000000,0.000000,1.000000,1.000000
1782439244.939768,1337,0.000423,inf,STAND_TEST,0.000000,0.001308,0.218922,-0.273477,0.000000,0.000000,0.000000,1.000000,1.000000
1782439244.960048,1338,0.000645,inf,STAND_TEST,0.000000,0.001291,0.218928,-0.273536,0.000000,0.000000,0.000000,1.000000,1.000000
1782439244.979879,1339,0.000421,inf,STAND_TEST,0.000000,0.001282,0.218947,-0.273541,0.000000,0.000000,0.000000,1.000000,1.000000
1782439245.000132,1340,0.000619,inf,STAND_TEST,0.000000,0.001268,0.218942,-0.273600,0.000000,0.000000,0.000000,1.000000,1.000000
1782439245.020175,1341,0.000605,inf,STAND_TEST,0.000000,0.001274,0.218906,-0.273592,0.000000,0.000000,0.000000,1.000000,1.000000
1782439245.040137,1342,0.000412,inf,STAND_TEST,0.000000,0.001239,0.218909,-0.273614,0.000000,0.000000,0.000000,1.000000,1.000000
1782439245.060229,1343,0.000408,inf,STAND_TEST,0.000000,0.001222,0.218920,-0.273651,0.000000,0.000000,0.000000,1.000000,1.000000
1782439245.080276,1344,0.000402,inf,STAND_TEST,0.000000,0.001221,0.218919,-0.273646,0.000000,0.000000,0.000000,1.000000,1.000000
1782439245.100393,1345,0.000461,inf,STAND_TEST,0.000000,0.001227,0.218906,-0.273617,0.000000,0.000000,0.000000,1.000000,1.000000
1782439245.120422,1346,0.000433,inf,STAND_TEST,0.000000,0.001214,0.218927,-0.273629,0.000000,0.000000,0.000000,1.000000,1.000000
1782439245.140729,1347,0.000684,inf,STAND_TEST,0.000000,0.001231,0.218917,-0.273619,0.000000,0.000000,0.000000,1.000000,1.000000
1782439245.160754,1348,0.000654,inf,STAND_TEST,0.000000,0.001247,0.218907,-0.273597,0.000000,0.000000,0.000000,1.000000,1.000000
1782439245.180666,1349,0.000427,inf,STAND_TEST,0.000000,0.001235,0.218895,-0.273599,0.000000,0.000000,0.000000,1.000000,1.000000
1782439245.200798,1350,0.000428,inf,STAND_TEST,0.000000,0.001260,0.218908,-0.273617,0.000000,0.000000,0.000000,1.000000,1.000000
1782439245.220838,1351,0.000410,inf,STAND_TEST,0.000000,0.001245,0.218884,-0.273623,0.000000,0.000000,0.000000,1.000000,1.000000
1782439245.240951,1352,0.000468,inf,STAND_TEST,0.000000,0.001249,0.218926,-0.273626,0.000000,0.000000,0.000000,1.000000,1.000000
1782439245.261172,1353,0.000631,inf,STAND_TEST,0.000000,0.001240,0.218984,-0.273654,0.000000,0.000000,0.000000,1.000000,1.000000
1782439245.281078,1354,0.000426,inf,STAND_TEST,0.000000,0.001222,0.219016,-0.273674,0.000000,0.000000,0.000000,1.000000,1.000000
1782439245.301360,1355,0.000649,inf,STAND_TEST,0.000000,0.001248,0.219066,-0.273630,0.000000,0.000000,0.000000,1.000000,1.000000
1782439245.321402,1356,0.000632,inf,STAND_TEST,0.000000,0.001248,0.219060,-0.273628,0.000000,0.000000,0.000000,1.000000,1.000000
1782439245.341469,1357,0.000645,inf,STAND_TEST,0.000000,0.001246,0.219045,-0.273655,0.000000,0.000000,0.000000,1.000000,1.000000
1782439245.361285,1358,0.000407,inf,STAND_TEST,0.000000,0.001249,0.219044,-0.273643,0.000000,0.000000,0.000000,1.000000,1.000000
1782439245.381326,1359,0.000389,inf,STAND_TEST,0.000000,0.001241,0.219057,-0.273660,0.000000,0.000000,0.000000,1.000000,1.000000
1782439245.401410,1360,0.000415,inf,STAND_TEST,0.000000,0.001240,0.219085,-0.273687,0.000000,0.000000,0.000000,1.000000,1.000000
1782439245.421487,1361,0.000436,inf,STAND_TEST,0.000000,0.001241,0.219053,-0.273728,0.000000,0.000000,0.000000,1.000000,1.000000
1782439245.441548,1362,0.000441,inf,STAND_TEST,0.000000,0.001231,0.219078,-0.273776,0.000000,0.000000,0.000000,1.000000,1.000000
1782439245.461825,1363,0.000663,inf,STAND_TEST,0.000000,0.001233,0.219102,-0.273782,0.000000,0.000000,0.000000,1.000000,1.000000
1782439245.481883,1364,0.000665,inf,STAND_TEST,0.000000,0.001236,0.219055,-0.273797,0.000000,0.000000,0.000000,1.000000,1.000000
1782439245.501934,1365,0.000661,inf,STAND_TEST,0.000000,0.001213,0.219041,-0.273796,0.000000,0.000000,0.000000,1.000000,1.000000
1782439245.521986,1366,0.000654,inf,STAND_TEST,0.000000,0.001166,0.219041,-0.273787,0.000000,0.000000,0.000000,1.000000,1.000000
1782439245.541920,1367,0.000460,inf,STAND_TEST,0.000000,0.001156,0.219017,-0.273797,0.000000,0.000000,0.000000,1.000000,1.000000
1782439245.561975,1368,0.000455,inf,STAND_TEST,0.000000,0.001163,0.219037,-0.273829,0.000000,0.000000,0.000000,1.000000,1.000000
1782439245.582001,1369,0.000421,inf,STAND_TEST,0.000000,0.001157,0.219044,-0.273872,0.000000,0.000000,0.000000,1.000000,1.000000
1782439245.602052,1370,0.000413,inf,STAND_TEST,0.000000,0.001147,0.219037,-0.273870,0.000000,0.000000,0.000000,1.000000,1.000000
1782439245.622109,1371,0.000412,inf,STAND_TEST,0.000000,0.001146,0.219032,-0.273904,0.000000,0.000000,0.000000,1.000000,1.000000
1782439245.642213,1372,0.000459,inf,STAND_TEST,0.000000,0.001146,0.219065,-0.273944,0.000000,0.000000,0.000000,1.000000,1.000000
1782439245.662471,1373,0.000659,inf,STAND_TEST,0.000000,0.001130,0.219074,-0.273982,0.000000,0.000000,0.000000,1.000000,1.000000
1782439245.682530,1374,0.000661,inf,STAND_TEST,0.000000,0.001105,0.219093,-0.273991,0.000000,0.000000,0.000000,1.000000,1.000000
1782439245.702535,1375,0.000419,inf,STAND_TEST,0.000000,0.001095,0.219085,-0.273994,0.000000,0.000000,0.000000,1.000000,1.000000
1782439245.722563,1376,0.000388,inf,STAND_TEST,0.000000,0.001056,0.219099,-0.273980,0.000000,0.000000,0.000000,1.000000,1.000000
1782439245.742628,1377,0.000397,inf,STAND_TEST,0.000000,0.001086,0.219067,-0.273956,0.000000,0.000000,0.000000,1.000000,1.000000
1782439245.762726,1378,0.000435,inf,STAND_TEST,0.000000,0.001066,0.219083,-0.274004,0.000000,0.000000,0.000000,1.000000,1.000000
1782439245.782800,1379,0.000454,inf,STAND_TEST,0.000000,0.001080,0.219088,-0.273981,0.000000,0.000000,0.000000,1.000000,1.000000
1782439245.803038,1380,0.000634,inf,STAND_TEST,0.000000,0.001063,0.219053,-0.273965,0.000000,0.000000,0.000000,1.000000,1.000000
1782439245.823134,1381,0.000670,inf,STAND_TEST,0.000000,0.001074,0.219013,-0.273956,0.000000,0.000000,0.000000,1.000000,1.000000
1782439245.843068,1382,0.000450,inf,STAND_TEST,0.000000,0.001060,0.218967,-0.273938,0.000000,0.000000,0.000000,1.000000,1.000000
1782439245.863216,1383,0.000392,inf,STAND_TEST,0.000000,0.001053,0.218954,-0.273973,0.000000,0.000000,0.000000,1.000000,1.000000
1782439245.883295,1384,0.000412,inf,STAND_TEST,0.000000,0.001012,0.218969,-0.274039,0.000000,0.000000,0.000000,1.000000,1.000000
1782439245.903358,1385,0.000419,inf,STAND_TEST,0.000000,0.001005,0.218976,-0.274040,0.000000,0.000000,0.000000,1.000000,1.000000
1782439245.923594,1386,0.000601,inf,STAND_TEST,0.000000,0.001015,0.219025,-0.274077,0.000000,0.000000,0.000000,1.000000,1.000000
1782439245.943462,1387,0.000415,inf,STAND_TEST,0.000000,0.001036,0.219005,-0.274074,0.000000,0.000000,0.000000,1.000000,1.000000
1782439245.963712,1388,0.000611,inf,STAND_TEST,0.000000,0.001002,0.219006,-0.274108,0.000000,0.000000,0.000000,1.000000,1.000000
1782439245.983672,1389,0.000412,inf,STAND_TEST,0.000000,0.000985,0.219018,-0.274095,0.000000,0.000000,0.000000,1.000000,1.000000
1782439246.003719,1390,0.000405,inf,STAND_TEST,0.000000,0.000981,0.219040,-0.274127,0.000000,0.000000,0.000000,1.000000,1.000000
1782439246.023767,1391,0.000398,inf,STAND_TEST,0.000000,0.000981,0.219072,-0.274138,0.000000,0.000000,0.000000,1.000000,1.000000
1782439246.043827,1392,0.000404,inf,STAND_TEST,0.000000,0.000990,0.219104,-0.274134,0.000000,0.000000,0.000000,1.000000,1.000000
1782439246.063884,1393,0.000408,inf,STAND_TEST,0.000000,0.001003,0.219152,-0.274124,0.000000,0.000000,0.000000,1.000000,1.000000
1782439246.084219,1394,0.000688,inf,STAND_TEST,0.000000,0.000999,0.219213,-0.274155,0.000000,0.000000,0.000000,1.000000,1.000000
1782439246.104403,1395,0.000816,inf,STAND_TEST,0.000000,0.001001,0.219214,-0.274200,0.000000,0.000000,0.000000,1.000000,1.000000
1782439246.124433,1396,0.000793,inf,STAND_TEST,0.000000,0.000990,0.219182,-0.274183,0.000000,0.000000,0.000000,1.000000,1.000000
1782439246.144319,1397,0.000624,inf,STAND_TEST,0.000000,0.001007,0.219176,-0.274157,0.000000,0.000000,0.000000,1.000000,1.000000
1782439246.164186,1398,0.000400,inf,STAND_TEST,0.000000,0.000971,0.219170,-0.274185,0.000000,0.000000,0.000000,1.000000,1.000000
1782439246.184243,1399,0.000404,inf,STAND_TEST,0.000000,0.000978,0.219134,-0.274162,0.000000,0.000000,0.000000,1.000000,1.000000
1782439246.204335,1400,0.000440,inf,STAND_TEST,0.000000,0.001000,0.219139,-0.274130,0.000000,0.000000,0.000000,1.000000,1.000000
1782439246.224386,1401,0.000438,inf,STAND_TEST,0.000000,0.001034,0.219157,-0.274127,0.000000,0.000000,0.000000,1.000000,1.000000
1782439246.244601,1402,0.000599,inf,STAND_TEST,0.000000,0.001041,0.219206,-0.274107,0.000000,0.000000,0.000000,1.000000,1.000000
1782439246.264417,1403,0.000355,inf,STAND_TEST,0.000000,0.001055,0.219228,-0.274129,0.000000,0.000000,0.000000,1.000000,1.000000
1782439246.284844,1404,0.000675,inf,STAND_TEST,0.000000,0.001043,0.219244,-0.274151,0.000000,0.000000,0.000000,1.000000,1.000000
1782439246.304931,1405,0.000657,inf,STAND_TEST,0.000000,0.001073,0.219231,-0.274164,0.000000,0.000000,0.000000,1.000000,1.000000
1782439246.324888,1406,0.000417,inf,STAND_TEST,0.000000,0.001049,0.219263,-0.274216,0.000000,0.000000,0.000000,1.000000,1.000000
1782439246.345010,1407,0.000431,inf,STAND_TEST,0.000000,0.001034,0.219262,-0.274237,0.000000,0.000000,0.000000,1.000000,1.000000
1782439246.365094,1408,0.000412,inf,STAND_TEST,0.000000,0.001024,0.219276,-0.274246,0.000000,0.000000,0.000000,1.000000,1.000000
1782439246.385444,1409,0.000657,inf,STAND_TEST,0.000000,0.000996,0.219256,-0.274301,0.000000,0.000000,0.000000,1.000000,1.000000
1782439246.405534,1410,0.000644,inf,STAND_TEST,0.000000,0.000981,0.219266,-0.274321,0.000000,0.000000,0.000000,1.000000,1.000000
1782439246.425411,1411,0.000414,inf,STAND_TEST,0.000000,0.001004,0.219262,-0.274327,0.000000,0.000000,0.000000,1.000000,1.000000
1782439246.445697,1412,0.000563,inf,STAND_TEST,0.000000,0.000994,0.219231,-0.274334,0.000000,0.000000,0.000000,1.000000,1.000000
1782439246.465672,1413,0.000481,inf,STAND_TEST,0.000000,0.000974,0.219250,-0.274380,0.000000,0.000000,0.000000,1.000000,1.000000
1782439246.485667,1414,0.000422,inf,STAND_TEST,0.000000,0.000944,0.219237,-0.274362,0.000000,0.000000,0.000000,1.000000,1.000000
1782439246.505741,1415,0.000441,inf,STAND_TEST,0.000000,0.000961,0.219234,-0.274324,0.000000,0.000000,0.000000,1.000000,1.000000
1782439246.525751,1416,0.000397,inf,STAND_TEST,0.000000,0.000948,0.219300,-0.274352,0.000000,0.000000,0.000000,1.000000,1.000000
1782439246.546049,1417,0.000641,inf,STAND_TEST,0.000000,0.000938,0.219289,-0.274340,0.000000,0.000000,0.000000,1.000000,1.000000
1782439246.566110,1418,0.000655,inf,STAND_TEST,0.000000,0.000945,0.219295,-0.274359,0.000000,0.000000,0.000000,1.000000,1.000000
1782439246.586109,1419,0.000601,inf,STAND_TEST,0.000000,0.000919,0.219250,-0.274366,0.000000,0.000000,0.000000,1.000000,1.000000
1782439246.606060,1420,0.000394,inf,STAND_TEST,0.000000,0.000929,0.219232,-0.274361,0.000000,0.000000,0.000000,1.000000,1.000000
1782439246.626145,1421,0.000426,inf,STAND_TEST,0.000000,0.000906,0.219236,-0.274378,0.000000,0.000000,0.000000,1.000000,1.000000
1782439246.646179,1422,0.000406,inf,STAND_TEST,0.000000,0.000885,0.219228,-0.274378,0.000000,0.000000,0.000000,1.000000,1.000000
1782439246.666246,1423,0.000419,inf,STAND_TEST,0.000000,0.000893,0.219245,-0.274399,0.000000,0.000000,0.000000,1.000000,1.000000
1782439246.686497,1424,0.000616,inf,STAND_TEST,0.000000,0.000918,0.219291,-0.274359,0.000000,0.000000,0.000000,1.000000,1.000000
1782439246.706558,1425,0.000623,inf,STAND_TEST,0.000000,0.000926,0.219306,-0.274355,0.000000,0.000000,0.000000,1.000000,1.000000
1782439246.726617,1426,0.000628,inf,STAND_TEST,0.000000,0.000959,0.219338,-0.274343,0.000000,0.000000,0.000000,1.000000,1.000000
1782439246.746666,1427,0.000623,inf,STAND_TEST,0.000000,0.000956,0.219394,-0.274369,0.000000,0.000000,0.000000,1.000000,1.000000
1782439246.766686,1428,0.000400,inf,STAND_TEST,0.000000,0.000973,0.219367,-0.274324,0.000000,0.000000,0.000000,1.000000,1.000000
1782439246.786794,1429,0.000453,inf,STAND_TEST,0.000000,0.000992,0.219384,-0.274344,0.000000,0.000000,0.000000,1.000000,1.000000
1782439246.806787,1430,0.000393,inf,STAND_TEST,0.000000,0.000981,0.219363,-0.274353,0.000000,0.000000,0.000000,1.000000,1.000000
1782439246.826863,1431,0.000414,inf,STAND_TEST,0.000000,0.000977,0.219331,-0.274369,0.000000,0.000000,0.000000,1.000000,1.000000
1782439246.846912,1432,0.000409,inf,STAND_TEST,0.000000,0.000975,0.219328,-0.274314,0.000000,0.000000,0.000000,1.000000,1.000000
1782439246.867162,1433,0.000605,inf,STAND_TEST,0.000000,0.001017,0.219335,-0.274297,0.000000,0.000000,0.000000,1.000000,1.000000
1782439246.887230,1434,0.000417,inf,STAND_TEST,0.000000,0.001068,0.219389,-0.274260,0.000000,0.000000,0.000000,1.000000,1.000000
1782439246.907268,1435,0.000401,inf,STAND_TEST,0.000000,0.001092,0.219413,-0.274272,0.000000,0.000000,0.000000,1.000000,1.000000
1782439246.927337,1436,0.000416,inf,STAND_TEST,0.000000,0.001090,0.219428,-0.274248,0.000000,0.000000,0.000000,1.000000,1.000000
1782439246.947378,1437,0.000404,inf,STAND_TEST,0.000000,0.001109,0.219391,-0.274203,0.000000,0.000000,0.000000,1.000000,1.000000
1782439246.967415,1438,0.000386,inf,STAND_TEST,0.000000,0.001102,0.219394,-0.274209,0.000000,0.000000,0.000000,1.000000,1.000000
1782439246.987992,1439,0.000923,inf,STAND_TEST,0.000000,0.001133,0.219402,-0.274193,0.000000,0.000000,0.000000,1.000000,1.000000
1782439247.007974,1440,0.000848,inf,STAND_TEST,0.000000,0.001147,0.219370,-0.274175,0.000000,0.000000,0.000000,1.000000,1.000000
1782439247.028023,1441,0.000842,inf,STAND_TEST,0.000000,0.001146,0.219351,-0.274171,0.000000,0.000000,0.000000,1.000000,1.000000
1782439247.048095,1442,0.000858,inf,STAND_TEST,0.000000,0.001140,0.219378,-0.274179,0.000000,0.000000,0.000000,1.000000,1.000000
1782439247.067915,1443,0.000420,inf,STAND_TEST,0.000000,0.001170,0.219325,-0.274143,0.000000,0.000000,0.000000,1.000000,1.000000
1782439247.087970,1444,0.000420,inf,STAND_TEST,0.000000,0.001168,0.219353,-0.274129,0.000000,0.000000,0.000000,1.000000,1.000000
1782439247.108066,1445,0.000459,inf,STAND_TEST,0.000000,0.001165,0.219344,-0.274092,0.000000,0.000000,0.000000,1.000000,1.000000
1782439247.128061,1446,0.000399,inf,STAND_TEST,0.000000,0.001155,0.219317,-0.274102,0.000000,0.000000,0.000000,1.000000,1.000000
1782439247.148141,1447,0.000422,inf,STAND_TEST,0.000000,0.001161,0.219271,-0.274094,0.000000,0.000000,0.000000,1.000000,1.000000
1782439247.168381,1448,0.000604,inf,STAND_TEST,0.000000,0.001167,0.219302,-0.274095,0.000000,0.000000,0.000000,1.000000,1.000000
1782439247.188468,1449,0.000636,inf,STAND_TEST,0.000000,0.001184,0.219311,-0.274053,0.000000,0.000000,0.000000,1.000000,1.000000
1782439247.208512,1450,0.000622,inf,STAND_TEST,0.000000,0.001194,0.219331,-0.274036,0.000000,0.000000,0.000000,1.000000,1.000000
1782439247.228378,1451,0.000386,inf,STAND_TEST,0.000000,0.001170,0.219283,-0.274034,0.000000,0.000000,0.000000,1.000000,1.000000
1782439247.248463,1452,0.000413,inf,STAND_TEST,0.000000,0.001180,0.219302,-0.274000,0.000000,0.000000,0.000000,1.000000,1.000000
1782439247.268675,1453,0.000382,inf,STAND_TEST,0.000000,0.001173,0.219316,-0.273989,0.000000,0.000000,0.000000,1.000000,1.000000
1782439247.288759,1454,0.000411,inf,STAND_TEST,0.000000,0.001192,0.219348,-0.273998,0.000000,0.000000,0.000000,1.000000,1.000000
1782439247.309016,1455,0.000611,inf,STAND_TEST,0.000000,0.001180,0.219332,-0.273999,0.000000,0.000000,0.000000,1.000000,1.000000
1782439247.329057,1456,0.000593,inf,STAND_TEST,0.000000,0.001198,0.219291,-0.273953,0.000000,0.000000,0.000000,1.000000,1.000000
1782439247.349104,1457,0.000447,inf,STAND_TEST,0.000000,0.001204,0.219249,-0.273913,0.000000,0.000000,0.000000,1.000000,1.000000
1782439247.369133,1458,0.000417,inf,STAND_TEST,0.000000,0.001219,0.219209,-0.273883,0.000000,0.000000,0.000000,1.000000,1.000000
1782439247.389170,1459,0.000400,inf,STAND_TEST,0.000000,0.001229,0.219232,-0.273900,0.000000,0.000000,0.000000,1.000000,1.000000
1782439247.409227,1460,0.000399,inf,STAND_TEST,0.000000,0.001227,0.219258,-0.273879,0.000000,0.000000,0.000000,1.000000,1.000000
1782439247.429516,1461,0.000631,inf,STAND_TEST,0.000000,0.001197,0.219258,-0.273909,0.000000,0.000000,0.000000,1.000000,1.000000
1782439247.449357,1462,0.000416,inf,STAND_TEST,0.000000,0.001193,0.219258,-0.273910,0.000000,0.000000,0.000000,1.000000,1.000000
1782439247.469634,1463,0.000639,inf,STAND_TEST,0.000000,0.001204,0.219242,-0.273908,0.000000,0.000000,0.000000,1.000000,1.000000
1782439247.489672,1464,0.000623,inf,STAND_TEST,0.000000,0.001192,0.219203,-0.273891,0.000000,0.000000,0.000000,1.000000,1.000000
1782439247.509543,1465,0.000395,inf,STAND_TEST,0.000000,0.001186,0.219146,-0.273874,0.000000,0.000000,0.000000,1.000000,1.000000
1782439247.529696,1466,0.000414,inf,STAND_TEST,0.000000,0.001212,0.219142,-0.273840,0.000000,0.000000,0.000000,1.000000,1.000000
1782439247.549753,1467,0.000413,inf,STAND_TEST,0.000000,0.001214,0.219123,-0.273840,0.000000,0.000000,0.000000,1.000000,1.000000
1782439247.569811,1468,0.000413,inf,STAND_TEST,0.000000,0.001215,0.219134,-0.273790,0.000000,0.000000,0.000000,1.000000,1.000000
1782439247.589882,1469,0.000426,inf,STAND_TEST,0.000000,0.001207,0.219093,-0.273814,0.000000,0.000000,0.000000,1.000000,1.000000
1782439247.609934,1470,0.000419,inf,STAND_TEST,0.000000,0.001212,0.219083,-0.273808,0.000000,0.000000,0.000000,1.000000,1.000000
1782439247.630199,1471,0.000627,inf,STAND_TEST,0.000000,0.001216,0.219076,-0.273757,0.000000,0.000000,0.000000,1.000000,1.000000
1782439247.650241,1472,0.000611,inf,STAND_TEST,0.000000,0.001239,0.219076,-0.273752,0.000000,0.000000,0.000000,1.000000,1.000000
1782439247.670238,1473,0.000399,inf,STAND_TEST,0.000000,0.001235,0.219106,-0.273760,0.000000,0.000000,0.000000,1.000000,1.000000
1782439247.690330,1474,0.000437,inf,STAND_TEST,0.000000,0.001224,0.219097,-0.273782,0.000000,0.000000,0.000000,1.000000,1.000000
1782439247.710333,1475,0.000382,inf,STAND_TEST,0.000000,0.001237,0.219099,-0.273777,0.000000,0.000000,0.000000,1.000000,1.000000
1782439247.730446,1476,0.000441,inf,STAND_TEST,0.000000,0.001219,0.219127,-0.273765,0.000000,0.000000,0.000000,1.000000,1.000000
1782439247.750678,1477,0.000615,inf,STAND_TEST,0.000000,0.001225,0.219108,-0.273769,0.000000,0.000000,0.000000,1.000000,1.000000
1782439247.770536,1478,0.000416,inf,STAND_TEST,0.000000,0.001219,0.219108,-0.273801,0.000000,0.000000,0.000000,1.000000,1.000000
1782439247.790823,1479,0.000647,inf,STAND_TEST,0.000000,0.001220,0.219120,-0.273800,0.000000,0.000000,0.000000,1.000000,1.000000
1782439247.810830,1480,0.000597,inf,STAND_TEST,0.000000,0.001213,0.219119,-0.273814,0.000000,0.000000,0.000000,1.000000,1.000000
1782439247.830760,1481,0.000404,inf,STAND_TEST,0.000000,0.001219,0.219142,-0.273797,0.000000,0.000000,0.000000,1.000000,1.000000
1782439247.850847,1482,0.000434,inf,STAND_TEST,0.000000,0.001203,0.219136,-0.273805,0.000000,0.000000,0.000000,1.000000,1.000000
1782439247.870893,1483,0.000421,inf,STAND_TEST,0.000000,0.001216,0.219107,-0.273804,0.000000,0.000000,0.000000,1.000000,1.000000
1782439247.890948,1484,0.000423,inf,STAND_TEST,0.000000,0.001204,0.219088,-0.273791,0.000000,0.000000,0.000000,1.000000,1.000000
1782439247.910985,1485,0.000401,inf,STAND_TEST,0.000000,0.001188,0.219073,-0.273798,0.000000,0.000000,0.000000,1.000000,1.000000
1782439247.931025,1486,0.000384,inf,STAND_TEST,0.000000,0.001201,0.219096,-0.273763,0.000000,0.000000,0.000000,1.000000,1.000000
1782439247.951317,1487,0.000618,inf,STAND_TEST,0.000000,0.001211,0.219105,-0.273794,0.000000,0.000000,0.000000,1.000000,1.000000
1782439247.971364,1488,0.000606,inf,STAND_TEST,0.000000,0.001212,0.219119,-0.273747,0.000000,0.000000,0.000000,1.000000,1.000000
1782439247.991473,1489,0.000455,inf,STAND_TEST,0.000000,0.001204,0.219104,-0.273713,0.000000,0.000000,0.000000,1.000000,1.000000
1782439248.011601,1490,0.000431,inf,STAND_TEST,0.000000,0.001222,0.219076,-0.273676,0.000000,0.000000,0.000000,1.000000,1.000000
1782439248.031641,1491,0.000413,inf,STAND_TEST,0.000000,0.001224,0.219085,-0.273660,0.000000,0.000000,0.000000,1.000000,1.000000
1782439248.051683,1492,0.000397,inf,STAND_TEST,0.000000,0.001217,0.219096,-0.273692,0.000000,0.000000,0.000000,1.000000,1.000000
1782439248.072089,1493,0.000745,inf,STAND_TEST,0.000000,0.001232,0.219113,-0.273681,0.000000,0.000000,0.000000,1.000000,1.000000
1782439248.092328,1494,0.000929,inf,STAND_TEST,0.000000,0.001234,0.219092,-0.273693,0.000000,0.000000,0.000000,1.000000,1.000000
1782439248.112050,1495,0.000596,inf,STAND_TEST,0.000000,0.001281,0.219119,-0.273664,0.000000,0.000000,0.000000,1.000000,1.000000
1782439248.132096,1496,0.000409,inf,STAND_TEST,0.000000,0.001254,0.219096,-0.273662,0.000000,0.000000,0.000000,1.000000,1.000000
1782439248.152175,1497,0.000430,inf,STAND_TEST,0.000000,0.001242,0.219029,-0.273653,0.000000,0.000000,0.000000,1.000000,1.000000
1782439248.172220,1498,0.000417,inf,STAND_TEST,0.000000,0.001239,0.218986,-0.273615,0.000000,0.000000,0.000000,1.000000,1.000000
1782439248.192291,1499,0.000429,inf,STAND_TEST,0.000000,0.001285,0.218970,-0.273586,0.000000,0.000000,0.000000,1.000000,1.000000
