timestamp,frame_id,loop_dt,redis_age,mode,risk_score,roll,pitch,yaw,max_tracking_error,rms_tracking_error,max_torque_ratio,ramp,deploy_action_scale
1782451354.392821,0,0.001145,inf,STAND_TEST,0.000000,-0.000042,0.059492,-0.493279,0.000000,0.000000,0.000000,1.000000,1.000000
1782451354.412766,1,0.001031,inf,STAND_TEST,0.000000,-0.000044,0.059500,-0.493290,0.000000,0.000000,0.000000,1.000000,1.000000
1782451354.432709,2,0.000917,inf,STAND_TEST,0.000000,-0.000031,0.059513,-0.493327,0.000000,0.000000,0.000000,1.000000,1.000000
1782451354.452728,3,0.000878,inf,STAND_TEST,0.000000,-0.000027,0.059512,-0.493332,0.000000,0.000000,0.000000,1.000000,1.000000
1782451354.472657,4,0.000657,inf,STAND_TEST,0.000000,-0.000015,0.059447,-0.493299,0.000000,0.000000,0.000000,1.000000,1.000000
1782451354.492731,5,0.000666,inf,STAND_TEST,0.000000,-0.000020,0.059389,-0.493346,0.000000,0.000000,0.000000,1.000000,1.000000
1782451354.512784,6,0.000662,inf,STAND_TEST,0.000000,-0.000035,0.059331,-0.493393,0.000000,0.000000,0.000000,1.000000,1.000000
1782451354.533030,7,0.000851,inf,STAND_TEST,0.000000,-0.000002,0.059293,-0.493338,0.000000,0.000000,0.000000,1.000000,1.000000
1782451354.553136,8,0.000901,inf,STAND_TEST,0.000000,0.000020,0.059221,-0.493324,0.000000,0.000000,0.000000,1.000000,1.000000
1782451354.573182,9,0.000889,inf,STAND_TEST,0.000000,-0.000008,0.059163,-0.493330,0.000000,0.000000,0.000000,1.000000,1.000000
1782451354.593210,10,0.000664,inf,STAND_TEST,0.000000,-0.000039,0.059104,-0.493308,0.000000,0.000000,0.000000,1.000000,1.000000
1782451354.613256,11,0.000653,inf,STAND_TEST,0.000000,-0.000036,0.059040,-0.493328,0.000000,0.000000,0.000000,1.000000,1.000000
1782451354.633333,12,0.000674,inf,STAND_TEST,0.000000,-0.000043,0.058944,-0.493343,0.000000,0.000000,0.000000,1.000000,1.000000
1782451354.653831,13,0.001039,inf,STAND_TEST,0.000000,-0.000048,0.058862,-0.493390,0.000000,0.000000,0.000000,1.000000,1.000000
1782451354.673858,14,0.000961,inf,STAND_TEST,0.000000,-0.000058,0.058804,-0.493398,0.000000,0.000000,0.000000,1.000000,1.000000
1782451354.693691,15,0.000740,inf,STAND_TEST,0.000000,-0.000041,0.058758,-0.493397,0.000000,0.000000,0.000000,1.000000,1.000000
1782451354.713699,16,0.000693,inf,STAND_TEST,0.000000,-0.000043,0.058759,-0.493428,0.000000,0.000000,0.000000,1.000000,1.000000
1782451354.733617,17,0.000458,inf,STAND_TEST,0.000000,-0.000029,0.058647,-0.493397,0.000000,0.000000,0.000000,1.000000,1.000000
1782451354.753664,18,0.000450,inf,STAND_TEST,0.000000,-0.000034,0.058567,-0.493396,0.000000,0.000000,0.000000,1.000000,1.000000
1782451354.773699,19,0.000431,inf,STAND_TEST,0.000000,-0.000036,0.058457,-0.493374,0.000000,0.000000,0.000000,1.000000,1.000000
1782451354.793839,20,0.000516,inf,STAND_TEST,0.000000,-0.000027,0.058385,-0.493400,0.000000,0.000000,0.000000,1.000000,1.000000
1782451354.813816,21,0.000438,inf,STAND_TEST,0.000000,-0.000027,0.058294,-0.493416,0.000000,0.000000,0.000000,1.000000,1.000000
1782451354.834080,22,0.000648,inf,STAND_TEST,0.000000,-0.000033,0.058217,-0.493430,0.000000,0.000000,0.000000,1.000000,1.000000
1782451354.854225,23,0.000769,inf,STAND_TEST,0.000000,-0.000016,0.058137,-0.493405,0.000000,0.000000,0.000000,1.000000,1.000000
1782451354.874101,24,0.000453,inf,STAND_TEST,0.000000,-0.000033,0.058070,-0.493412,0.000000,0.000000,0.000000,1.000000,1.000000
1782451354.894276,25,0.000460,inf,STAND_TEST,0.000000,-0.000037,0.058000,-0.493407,0.000000,0.000000,0.000000,1.000000,1.000000
1782451354.914283,26,0.000413,inf,STAND_TEST,0.000000,-0.000041,0.057966,-0.493410,0.000000,0.000000,0.000000,1.000000,1.000000
1782451354.934346,27,0.000423,inf,STAND_TEST,0.000000,-0.000017,0.057951,-0.493412,0.000000,0.000000,0.000000,1.000000,1.000000
1782451354.954377,28,0.000401,inf,STAND_TEST,0.000000,-0.000002,0.057886,-0.493410,0.000000,0.000000,0.000000,1.000000,1.000000
1782451354.974724,29,0.000694,inf,STAND_TEST,0.000000,0.000005,0.057822,-0.493461,0.000000,0.000000,0.000000,1.000000,1.000000
1782451354.994796,30,0.000712,inf,STAND_TEST,0.000000,-0.000004,0.057770,-0.493484,0.000000,0.000000,0.000000,1.000000,1.000000
1782451355.014791,31,0.000654,inf,STAND_TEST,0.000000,0.000001,0.057703,-0.493473,0.000000,0.000000,0.000000,1.000000,1.000000
1782451355.034741,32,0.000455,inf,STAND_TEST,0.000000,-0.000004,0.057645,-0.493447,0.000000,0.000000,0.000000,1.000000,1.000000
1782451355.055910,33,0.001398,inf,STAND_TEST,0.000000,0.000027,0.057644,-0.493435,0.000000,0.000000,0.000000,1.000000,1.000000
1782451355.075948,34,0.001372,inf,STAND_TEST,0.000000,0.000060,0.057634,-0.493458,0.000000,0.000000,0.000000,1.000000,1.000000
1782451355.095858,35,0.001216,inf,STAND_TEST,0.000000,0.000058,0.057629,-0.493440,0.000000,0.000000,0.000000,1.000000,1.000000
1782451355.115838,36,0.001133,inf,STAND_TEST,0.000000,0.000055,0.057618,-0.493450,0.000000,0.000000,0.000000,1.000000,1.000000
1782451355.135918,37,0.000994,inf,STAND_TEST,0.000000,0.000062,0.057567,-0.493422,0.000000,0.000000,0.000000,1.000000,1.000000
1782451355.155755,38,0.000688,inf,STAND_TEST,0.000000,0.000071,0.057612,-0.493450,0.000000,0.000000,0.000000,1.000000,1.000000
1782451355.175841,39,0.000716,inf,STAND_TEST,0.000000,0.000085,0.057602,-0.493432,0.000000,0.000000,0.000000,1.000000,1.000000
1782451355.196223,40,0.001041,inf,STAND_TEST,0.000000,0.000085,0.057575,-0.493472,0.000000,0.000000,0.000000,1.000000,1.000000
1782451355.216234,41,0.000996,inf,STAND_TEST,0.000000,0.000086,0.057541,-0.493526,0.000000,0.000000,0.000000,1.000000,1.000000
1782451355.236311,42,0.001016,inf,STAND_TEST,0.000000,0.000080,0.057541,-0.493533,0.000000,0.000000,0.000000,1.000000,1.000000
1782451355.256379,43,0.001027,inf,STAND_TEST,0.000000,0.000079,0.057544,-0.493542,0.000000,0.000000,0.000000,1.000000,1.000000
1782451355.276424,44,0.001015,inf,STAND_TEST,0.000000,0.000094,0.057525,-0.493592,0.000000,0.000000,0.000000,1.000000,1.000000
1782451355.296256,45,0.000683,inf,STAND_TEST,0.000000,0.000113,0.057548,-0.493613,0.000000,0.000000,0.000000,1.000000,1.000000
1782451355.316354,46,0.000668,inf,STAND_TEST,0.000000,0.000121,0.057525,-0.493614,0.000000,0.000000,0.000000,1.000000,1.000000
1782451355.336398,47,0.000654,inf,STAND_TEST,0.000000,0.000139,0.057520,-0.493611,0.000000,0.000000,0.000000,1.000000,1.000000
1782451355.356672,48,0.000871,inf,STAND_TEST,0.000000,0.000160,0.057547,-0.493583,0.000000,0.000000,0.000000,1.000000,1.000000
1782451355.376769,49,0.000911,inf,STAND_TEST,0.000000,0.000128,0.057516,-0.493587,0.000000,0.000000,0.000000,1.000000,1.000000
1782451355.396804,50,0.000889,inf,STAND_TEST,0.000000,0.000138,0.057486,-0.493591,0.000000,0.000000,0.000000,1.000000,1.000000
1782451355.417099,51,0.001134,inf,STAND_TEST,0.000000,0.000121,0.057435,-0.493555,0.000000,0.000000,0.000000,1.000000,1.000000
1782451355.436890,52,0.000727,inf,STAND_TEST,0.000000,0.000114,0.057402,-0.493565,0.000000,0.000000,0.000000,1.000000,1.000000
1782451355.456919,53,0.000698,inf,STAND_TEST,0.000000,0.000128,0.057364,-0.493575,0.000000,0.000000,0.000000,1.000000,1.000000
1782451355.477063,54,0.000782,inf,STAND_TEST,0.000000,0.000122,0.057378,-0.493615,0.000000,0.000000,0.000000,1.000000,1.000000
1782451355.497022,55,0.000684,inf,STAND_TEST,0.000000,0.000129,0.057355,-0.493600,0.000000,0.000000,0.000000,1.000000,1.000000
1782451355.517290,56,0.000895,inf,STAND_TEST,0.000000,0.000116,0.057348,-0.493573,0.000000,0.000000,0.000000,1.000000,1.000000
1782451355.537380,57,0.000925,inf,STAND_TEST,0.000000,0.000123,0.057304,-0.493562,0.000000,0.000000,0.000000,1.000000,1.000000
1782451355.557394,58,0.000882,inf,STAND_TEST,0.000000,0.000141,0.057263,-0.493517,0.000000,0.000000,0.000000,1.000000,1.000000
1782451355.577460,59,0.000892,inf,STAND_TEST,0.000000,0.000140,0.057277,-0.493519,0.000000,0.000000,0.000000,1.000000,1.000000
1782451355.597497,60,0.000699,inf,STAND_TEST,0.000000,0.000110,0.057236,-0.493517,0.000000,0.000000,0.000000,1.000000,1.000000
1782451355.617524,61,0.000668,inf,STAND_TEST,0.000000,0.000116,0.057233,-0.493557,0.000000,0.000000,0.000000,1.000000,1.000000
1782451355.637778,62,0.000865,inf,STAND_TEST,0.000000,0.000120,0.057234,-0.493548,0.000000,0.000000,0.000000,1.000000,1.000000
1782451355.657930,63,0.000960,inf,STAND_TEST,0.000000,0.000128,0.057229,-0.493536,0.000000,0.000000,0.000000,1.000000,1.000000
1782451355.677842,64,0.000840,inf,STAND_TEST,0.000000,0.000114,0.057186,-0.493484,0.000000,0.000000,0.000000,1.000000,1.000000
1782451355.697768,65,0.000710,inf,STAND_TEST,0.000000,0.000144,0.057203,-0.493450,0.000000,0.000000,0.000000,1.000000,1.000000
1782451355.717766,66,0.000653,inf,STAND_TEST,0.000000,0.000147,0.057217,-0.493433,0.000000,0.000000,0.000000,1.000000,1.000000
1782451355.737809,67,0.000480,inf,STAND_TEST,0.000000,0.000158,0.057244,-0.493425,0.000000,0.000000,0.000000,1.000000,1.000000
1782451355.758079,68,0.000690,inf,STAND_TEST,0.000000,0.000136,0.057248,-0.493386,0.000000,0.000000,0.000000,1.000000,1.000000
1782451355.778126,69,0.000680,inf,STAND_TEST,0.000000,0.000139,0.057201,-0.493382,0.000000,0.000000,0.000000,1.000000,1.000000
1782451355.798400,70,0.000943,inf,STAND_TEST,0.000000,0.000146,0.057212,-0.493393,0.000000,0.000000,0.000000,1.000000,1.000000
1782451355.818448,71,0.000927,inf,STAND_TEST,0.000000,0.000135,0.057171,-0.493405,0.000000,0.000000,0.000000,1.000000,1.000000
1782451355.838595,72,0.001016,inf,STAND_TEST,0.000000,0.000133,0.057155,-0.493394,0.000000,0.000000,0.000000,1.000000,1.000000
1782451355.858670,73,0.001030,inf,STAND_TEST,0.000000,0.000123,0.057182,-0.493448,0.000000,0.000000,0.000000,1.000000,1.000000
1782451355.878662,74,0.000804,inf,STAND_TEST,0.000000,0.000120,0.057214,-0.493480,0.000000,0.000000,0.000000,1.000000,1.000000
1782451355.898590,75,0.000675,inf,STAND_TEST,0.000000,0.000107,0.057194,-0.493498,0.000000,0.000000,0.000000,1.000000,1.000000
1782451355.918630,76,0.000657,inf,STAND_TEST,0.000000,0.000116,0.057233,-0.493488,0.000000,0.000000,0.000000,1.000000,1.000000
1782451355.938675,77,0.000645,inf,STAND_TEST,0.000000,0.000119,0.057284,-0.493495,0.000000,0.000000,0.000000,1.000000,1.000000
1782451355.958946,78,0.000860,inf,STAND_TEST,0.000000,0.000108,0.057279,-0.493542,0.000000,0.000000,0.000000,1.000000,1.000000
1782451355.978793,79,0.000651,inf,STAND_TEST,0.000000,0.000127,0.057300,-0.493540,0.000000,0.000000,0.000000,1.000000,1.000000
1782451355.999080,80,0.000881,inf,STAND_TEST,0.000000,0.000138,0.057343,-0.493526,0.000000,0.000000,0.000000,1.000000,1.000000
1782451356.019112,81,0.000856,inf,STAND_TEST,0.000000,0.000121,0.057351,-0.493512,0.000000,0.000000,0.000000,1.000000,1.000000
1782451356.039098,82,0.000663,inf,STAND_TEST,0.000000,0.000132,0.057319,-0.493493,0.000000,0.000000,0.000000,1.000000,1.000000
1782451356.059147,83,0.000655,inf,STAND_TEST,0.000000,0.000127,0.057267,-0.493516,0.000000,0.000000,0.000000,1.000000,1.000000
1782451356.079219,84,0.000670,inf,STAND_TEST,0.000000,0.000110,0.057266,-0.493512,0.000000,0.000000,0.000000,1.000000,1.000000
1782451356.099270,85,0.000663,inf,STAND_TEST,0.000000,0.000106,0.057228,-0.493510,0.000000,0.000000,0.000000,1.000000,1.000000
1782451356.119320,86,0.000657,inf,STAND_TEST,0.000000,0.000110,0.057239,-0.493507,0.000000,0.000000,0.000000,1.000000,1.000000
1782451356.139592,87,0.000873,inf,STAND_TEST,0.000000,0.000134,0.057230,-0.493494,0.000000,0.000000,0.000000,1.000000,1.000000
1782451356.159653,88,0.000877,inf,STAND_TEST,0.000000,0.000114,0.057211,-0.493480,0.000000,0.000000,0.000000,1.000000,1.000000
1782451356.179703,89,0.000869,inf,STAND_TEST,0.000000,0.000105,0.057189,-0.493475,0.000000,0.000000,0.000000,1.000000,1.000000
1782451356.199625,90,0.000698,inf,STAND_TEST,0.000000,0.000120,0.057142,-0.493459,0.000000,0.000000,0.000000,1.000000,1.000000
1782451356.219704,91,0.000662,inf,STAND_TEST,0.000000,0.000134,0.057131,-0.493426,0.000000,0.000000,0.000000,1.000000,1.000000
1782451356.239770,92,0.000672,inf,STAND_TEST,0.000000,0.000139,0.057141,-0.493447,0.000000,0.000000,0.000000,1.000000,1.000000
1782451356.259816,93,0.000661,inf,STAND_TEST,0.000000,0.000134,0.057200,-0.493457,0.000000,0.000000,0.000000,1.000000,1.000000
1782451356.280072,94,0.000860,inf,STAND_TEST,0.000000,0.000137,0.057235,-0.493425,0.000000,0.000000,0.000000,1.000000,1.000000
1782451356.300321,95,0.001050,inf,STAND_TEST,0.000000,0.000135,0.057256,-0.493440,0.000000,0.000000,0.000000,1.000000,1.000000
1782451356.320189,96,0.000861,inf,STAND_TEST,0.000000,0.000129,0.057240,-0.493461,0.000000,0.000000,0.000000,1.000000,1.000000
1782451356.340417,97,0.001033,inf,STAND_TEST,0.000000,0.000170,0.057219,-0.493449,0.000000,0.000000,0.000000,1.000000,1.000000
1782451356.360182,98,0.000671,inf,STAND_TEST,0.000000,0.000184,0.057163,-0.493421,0.000000,0.000000,0.000000,1.000000,1.000000
1782451356.380255,99,0.000686,inf,STAND_TEST,0.000000,0.000213,0.057139,-0.493381,0.000000,0.000000,0.000000,1.000000,1.000000
1782451356.400294,100,0.000667,inf,STAND_TEST,0.000000,0.000200,0.057135,-0.493398,0.000000,0.000000,0.000000,1.000000,1.000000
1782451356.420359,101,0.000676,inf,STAND_TEST,0.000000,0.000172,0.057069,-0.493402,0.000000,0.000000,0.000000,1.000000,1.000000
1782451356.440645,102,0.000902,inf,STAND_TEST,0.000000,0.000171,0.057106,-0.493399,0.000000,0.000000,0.000000,1.000000,1.000000
1782451356.460676,103,0.000876,inf,STAND_TEST,0.000000,0.000151,0.057061,-0.493412,0.000000,0.000000,0.000000,1.000000,1.000000
1782451356.480714,104,0.000858,inf,STAND_TEST,0.000000,0.000163,0.057060,-0.493391,0.000000,0.000000,0.000000,1.000000,1.000000
1782451356.500700,105,0.000681,inf,STAND_TEST,0.000000,0.000157,0.057069,-0.493387,0.000000,0.000000,0.000000,1.000000,1.000000
1782451356.520787,106,0.000655,inf,STAND_TEST,0.000000,0.000142,0.057096,-0.493422,0.000000,0.000000,0.000000,1.000000,1.000000
1782451356.540878,107,0.000688,inf,STAND_TEST,0.000000,0.000142,0.057116,-0.493436,0.000000,0.000000,0.000000,1.000000,1.000000
1782451356.560694,108,0.000451,inf,STAND_TEST,0.000000,0.000127,0.057076,-0.493437,0.000000,0.000000,0.000000,1.000000,1.000000
1782451356.580964,109,0.000667,inf,STAND_TEST,0.000000,0.000148,0.057116,-0.493443,0.000000,0.000000,0.000000,1.000000,1.000000
1782451356.600772,110,0.000421,inf,STAND_TEST,0.000000,0.000148,0.057111,-0.493463,0.000000,0.000000,0.000000,1.000000,1.000000
1782451356.620860,111,0.000454,inf,STAND_TEST,0.000000,0.000182,0.057131,-0.493456,0.000000,0.000000,0.000000,1.000000,1.000000
1782451356.641154,112,0.000695,inf,STAND_TEST,0.000000,0.000173,0.057102,-0.493438,0.000000,0.000000,0.000000,1.000000,1.000000
1782451356.661065,113,0.000409,inf,STAND_TEST,0.000000,0.000148,0.057108,-0.493427,0.000000,0.000000,0.000000,1.000000,1.000000
1782451356.681149,114,0.000440,inf,STAND_TEST,0.000000,0.000141,0.057046,-0.493401,0.000000,0.000000,0.000000,1.000000,1.000000
1782451356.701197,115,0.000434,inf,STAND_TEST,0.000000,0.000154,0.057025,-0.493399,0.000000,0.000000,0.000000,1.000000,1.000000
1782451356.721222,116,0.000406,inf,STAND_TEST,0.000000,0.000135,0.057019,-0.493440,0.000000,0.000000,0.000000,1.000000,1.000000
1782451356.741300,117,0.000430,inf,STAND_TEST,0.000000,0.000132,0.056988,-0.493411,0.000000,0.000000,0.000000,1.000000,1.000000
1782451356.761338,118,0.000414,inf,STAND_TEST,0.000000,0.000150,0.057004,-0.493366,0.000000,0.000000,0.000000,1.000000,1.000000
1782451356.781736,119,0.000758,inf,STAND_TEST,0.000000,0.000165,0.056970,-0.493365,0.000000,0.000000,0.000000,1.000000,1.000000
1782451356.802046,120,0.000971,inf,STAND_TEST,0.000000,0.000156,0.056927,-0.493375,0.000000,0.000000,0.000000,1.000000,1.000000
1782451356.822129,121,0.000955,inf,STAND_TEST,0.000000,0.000146,0.056892,-0.493361,0.000000,0.000000,0.000000,1.000000,1.000000
1782451356.842051,122,0.000737,inf,STAND_TEST,0.000000,0.000149,0.056841,-0.493330,0.000000,0.000000,0.000000,1.000000,1.000000
1782451356.861918,123,0.000499,inf,STAND_TEST,0.000000,0.000167,0.056848,-0.493361,0.000000,0.000000,0.000000,1.000000,1.000000
1782451356.881902,124,0.000448,inf,STAND_TEST,0.000000,0.000189,0.056820,-0.493337,0.000000,0.000000,0.000000,1.000000,1.000000
1782451356.901948,125,0.000441,inf,STAND_TEST,0.000000,0.000193,0.056808,-0.493351,0.000000,0.000000,0.000000,1.000000,1.000000
1782451356.921988,126,0.000425,inf,STAND_TEST,0.000000,0.000198,0.056792,-0.493345,0.000000,0.000000,0.000000,1.000000,1.000000
1782451356.942238,127,0.000622,inf,STAND_TEST,0.000000,0.000203,0.056815,-0.493353,0.000000,0.000000,0.000000,1.000000,1.000000
1782451356.962247,128,0.000471,inf,STAND_TEST,0.000000,0.000189,0.056800,-0.493360,0.000000,0.000000,0.000000,1.000000,1.000000
1782451356.982255,129,0.000425,inf,STAND_TEST,0.000000,0.000185,0.056737,-0.493376,0.000000,0.000000,0.000000,1.000000,1.000000
1782451357.002287,130,0.000403,inf,STAND_TEST,0.000000,0.000177,0.056746,-0.493372,0.000000,0.000000,0.000000,1.000000,1.000000
1782451357.022436,131,0.000442,inf,STAND_TEST,0.000000,0.000174,0.056742,-0.493336,0.000000,0.000000,0.000000,1.000000,1.000000
1782451357.042772,132,0.000671,inf,STAND_TEST,0.000000,0.000174,0.056765,-0.493368,0.000000,0.000000,0.000000,1.000000,1.000000
1782451357.062867,133,0.000709,inf,STAND_TEST,0.000000,0.000178,0.056782,-0.493359,0.000000,0.000000,0.000000,1.000000,1.000000
1782451357.082958,134,0.000693,inf,STAND_TEST,0.000000,0.000171,0.056800,-0.493338,0.000000,0.000000,0.000000,1.000000,1.000000
1782451357.103012,135,0.000692,inf,STAND_TEST,0.000000,0.000170,0.056773,-0.493297,0.000000,0.000000,0.000000,1.000000,1.000000
1782451357.122865,136,0.000417,inf,STAND_TEST,0.000000,0.000179,0.056765,-0.493304,0.000000,0.000000,0.000000,1.000000,1.000000
1782451357.142914,137,0.000399,inf,STAND_TEST,0.000000,0.000177,0.056765,-0.493300,0.000000,0.000000,0.000000,1.000000,1.000000
1782451357.162981,138,0.000412,inf,STAND_TEST,0.000000,0.000203,0.056761,-0.493249,0.000000,0.000000,0.000000,1.000000,1.000000
1782451357.183001,139,0.000379,inf,STAND_TEST,0.000000,0.000219,0.056745,-0.493243,0.000000,0.000000,0.000000,1.000000,1.000000
1782451357.203068,140,0.000394,inf,STAND_TEST,0.000000,0.000220,0.056711,-0.493214,0.000000,0.000000,0.000000,1.000000,1.000000
1782451357.223331,141,0.000603,inf,STAND_TEST,0.000000,0.000219,0.056739,-0.493230,0.000000,0.000000,0.000000,1.000000,1.000000
1782451357.243319,142,0.000407,inf,STAND_TEST,0.000000,0.000206,0.056750,-0.493178,0.000000,0.000000,0.000000,1.000000,1.000000
1782451357.263408,143,0.000442,inf,STAND_TEST,0.000000,0.000195,0.056742,-0.493202,0.000000,0.000000,0.000000,1.000000,1.000000
1782451357.283758,144,0.000529,inf,STAND_TEST,0.000000,0.000194,0.056708,-0.493181,0.000000,0.000000,0.000000,1.000000,1.000000
1782451357.303689,145,0.000407,inf,STAND_TEST,0.000000,0.000173,0.056706,-0.493206,0.000000,0.000000,0.000000,1.000000,1.000000
1782451357.323768,146,0.000433,inf,STAND_TEST,0.000000,0.000190,0.056729,-0.493215,0.000000,0.000000,0.000000,1.000000,1.000000
1782451357.344071,147,0.000682,inf,STAND_TEST,0.000000,0.000158,0.056708,-0.493247,0.000000,0.000000,0.000000,1.000000,1.000000
1782451357.364109,148,0.000666,inf,STAND_TEST,0.000000,0.000140,0.056692,-0.493264,0.000000,0.000000,0.000000,1.000000,1.000000
1782451357.384183,149,0.000516,inf,STAND_TEST,0.000000,0.000141,0.056677,-0.493265,0.000000,0.000000,0.000000,1.000000,1.000000
1782451357.404153,150,0.000433,inf,STAND_TEST,0.000000,0.000135,0.056651,-0.493211,0.000000,0.000000,0.000000,1.000000,1.000000
1782451357.424213,151,0.000438,inf,STAND_TEST,0.000000,0.000132,0.056668,-0.493209,0.000000,0.000000,0.000000,1.000000,1.000000
1782451357.444253,152,0.000424,inf,STAND_TEST,0.000000,0.000109,0.056689,-0.493214,0.000000,0.000000,0.000000,1.000000,1.000000
1782451357.464306,153,0.000424,inf,STAND_TEST,0.000000,0.000057,0.056689,-0.493274,0.000000,0.000000,0.000000,1.000000,1.000000
1782451357.484617,154,0.000680,inf,STAND_TEST,0.000000,0.000080,0.056688,-0.493268,0.000000,0.000000,0.000000,1.000000,1.000000
1782451357.504640,155,0.000648,inf,STAND_TEST,0.000000,0.000059,0.056713,-0.493262,0.000000,0.000000,0.000000,1.000000,1.000000
1782451357.524588,156,0.000421,inf,STAND_TEST,0.000000,0.000051,0.056705,-0.493267,0.000000,0.000000,0.000000,1.000000,1.000000
1782451357.544800,157,0.000505,inf,STAND_TEST,0.000000,0.000032,0.056714,-0.493281,0.000000,0.000000,0.000000,1.000000,1.000000
1782451357.564841,158,0.000464,inf,STAND_TEST,0.000000,0.000045,0.056700,-0.493271,0.000000,0.000000,0.000000,1.000000,1.000000
1782451357.584856,159,0.000425,inf,STAND_TEST,0.000000,0.000052,0.056712,-0.493230,0.000000,0.000000,0.000000,1.000000,1.000000
1782451357.605217,160,0.000732,inf,STAND_TEST,0.000000,0.000059,0.056755,-0.493235,0.000000,0.000000,0.000000,1.000000,1.000000
1782451357.625261,161,0.000722,inf,STAND_TEST,0.000000,0.000033,0.056775,-0.493263,0.000000,0.000000,0.000000,1.000000,1.000000
1782451357.645232,162,0.000457,inf,STAND_TEST,0.000000,0.000026,0.056750,-0.493274,0.000000,0.000000,0.000000,1.000000,1.000000
1782451357.665253,163,0.000424,inf,STAND_TEST,0.000000,0.000021,0.056670,-0.493265,0.000000,0.000000,0.000000,1.000000,1.000000
1782451357.685358,164,0.000473,inf,STAND_TEST,0.000000,-0.000000,0.056692,-0.493273,0.000000,0.000000,0.000000,1.000000,1.000000
1782451357.705371,165,0.000433,inf,STAND_TEST,0.000000,-0.000025,0.056678,-0.493281,0.000000,0.000000,0.000000,1.000000,1.000000
1782451357.725463,166,0.000471,inf,STAND_TEST,0.000000,-0.000039,0.056694,-0.493269,0.000000,0.000000,0.000000,1.000000,1.000000
1782451357.745492,167,0.000445,inf,STAND_TEST,0.000000,-0.000045,0.056679,-0.493236,0.000000,0.000000,0.000000,1.000000,1.000000
1782451357.765553,168,0.000451,inf,STAND_TEST,0.000000,-0.000048,0.056693,-0.493251,0.000000,0.000000,0.000000,1.000000,1.000000
1782451357.785814,169,0.000657,inf,STAND_TEST,0.000000,-0.000080,0.056716,-0.493252,0.000000,0.000000,0.000000,1.000000,1.000000
1782451357.805872,170,0.000659,inf,STAND_TEST,0.000000,-0.000098,0.056735,-0.493227,0.000000,0.000000,0.000000,1.000000,1.000000
1782451357.825999,171,0.000680,inf,STAND_TEST,0.000000,-0.000096,0.056706,-0.493217,0.000000,0.000000,0.000000,1.000000,1.000000
1782451357.845979,172,0.000436,inf,STAND_TEST,0.000000,-0.000099,0.056673,-0.493209,0.000000,0.000000,0.000000,1.000000,1.000000
1782451357.866025,173,0.000424,inf,STAND_TEST,0.000000,-0.000096,0.056641,-0.493163,0.000000,0.000000,0.000000,1.000000,1.000000
1782451357.886126,174,0.000470,inf,STAND_TEST,0.000000,-0.000096,0.056664,-0.493142,0.000000,0.000000,0.000000,1.000000,1.000000
1782451357.906180,175,0.000469,inf,STAND_TEST,0.000000,-0.000095,0.056655,-0.493159,0.000000,0.000000,0.000000,1.000000,1.000000
1782451357.926408,176,0.000642,inf,STAND_TEST,0.000000,-0.000100,0.056665,-0.493171,0.000000,0.000000,0.000000,1.000000,1.000000
1782451357.946488,177,0.000668,inf,STAND_TEST,0.000000,-0.000128,0.056632,-0.493181,0.000000,0.000000,0.000000,1.000000,1.000000
1782451357.966480,178,0.000438,inf,STAND_TEST,0.000000,-0.000116,0.056681,-0.493206,0.000000,0.000000,0.000000,1.000000,1.000000
1782451357.986513,179,0.000418,inf,STAND_TEST,0.000000,-0.000087,0.056682,-0.493194,0.000000,0.000000,0.000000,1.000000,1.000000
1782451358.006527,180,0.000378,inf,STAND_TEST,0.000000,-0.000098,0.056665,-0.493207,0.000000,0.000000,0.000000,1.000000,1.000000
1782451358.026609,181,0.000406,inf,STAND_TEST,0.000000,-0.000119,0.056655,-0.493200,0.000000,0.000000,0.000000,1.000000,1.000000
1782451358.046736,182,0.000480,inf,STAND_TEST,0.000000,-0.000133,0.056634,-0.493212,0.000000,0.000000,0.000000,1.000000,1.000000
1782451358.066936,183,0.000626,inf,STAND_TEST,0.000000,-0.000154,0.056596,-0.493165,0.000000,0.000000,0.000000,1.000000,1.000000
1782451358.086981,184,0.000619,inf,STAND_TEST,0.000000,-0.000130,0.056593,-0.493186,0.000000,0.000000,0.000000,1.000000,1.000000
1782451358.106961,185,0.000413,inf,STAND_TEST,0.000000,-0.000141,0.056628,-0.493183,0.000000,0.000000,0.000000,1.000000,1.000000
1782451358.127007,186,0.000405,inf,STAND_TEST,0.000000,-0.000134,0.056625,-0.493189,0.000000,0.000000,0.000000,1.000000,1.000000
1782451358.147110,187,0.000454,inf,STAND_TEST,0.000000,-0.000142,0.056626,-0.493153,0.000000,0.000000,0.000000,1.000000,1.000000
1782451358.167194,188,0.000484,inf,STAND_TEST,0.000000,-0.000138,0.056648,-0.493175,0.000000,0.000000,0.000000,1.000000,1.000000
1782451358.187195,189,0.000431,inf,STAND_TEST,0.000000,-0.000134,0.056658,-0.493127,0.000000,0.000000,0.000000,1.000000,1.000000
1782451358.207237,190,0.000420,inf,STAND_TEST,0.000000,-0.000131,0.056671,-0.493087,0.000000,0.000000,0.000000,1.000000,1.000000
1782451358.227512,191,0.000640,inf,STAND_TEST,0.000000,-0.000126,0.056605,-0.493041,0.000000,0.000000,0.000000,1.000000,1.000000
1782451358.247572,192,0.000647,inf,STAND_TEST,0.000000,-0.000121,0.056644,-0.493008,0.000000,0.000000,0.000000,1.000000,1.000000
1782451358.267529,193,0.000536,inf,STAND_TEST,0.000000,-0.000116,0.056672,-0.493032,0.000000,0.000000,0.000000,1.000000,1.000000
1782451358.287704,194,0.000464,inf,STAND_TEST,0.000000,-0.000110,0.056648,-0.493034,0.000000,0.000000,0.000000,1.000000,1.000000
1782451358.307769,195,0.000474,inf,STAND_TEST,0.000000,-0.000111,0.056638,-0.493015,0.000000,0.000000,0.000000,1.000000,1.000000
1782451358.327890,196,0.000538,inf,STAND_TEST,0.000000,-0.000126,0.056601,-0.492995,0.000000,0.000000,0.000000,1.000000,1.000000
1782451358.348225,197,0.000819,inf,STAND_TEST,0.000000,-0.000137,0.056595,-0.493000,0.000000,0.000000,0.000000,1.000000,1.000000
1782451358.368248,198,0.000788,inf,STAND_TEST,0.000000,-0.000117,0.056646,-0.493005,0.000000,0.000000,0.000000,1.000000,1.000000
1782451358.388251,199,0.000737,inf,STAND_TEST,0.000000,-0.000117,0.056648,-0.493027,0.000000,0.000000,0.000000,1.000000,1.000000
1782451358.408198,200,0.000630,inf,STAND_TEST,0.000000,-0.000130,0.056700,-0.493048,0.000000,0.000000,0.000000,1.000000,1.000000
1782451358.428216,201,0.000421,inf,STAND_TEST,0.000000,-0.000168,0.056676,-0.493097,0.000000,0.000000,0.000000,1.000000,1.000000
1782451358.448292,202,0.000442,inf,STAND_TEST,0.000000,-0.000181,0.056656,-0.493088,0.000000,0.000000,0.000000,1.000000,1.000000
1782451358.468318,203,0.000415,inf,STAND_TEST,0.000000,-0.000179,0.056691,-0.493065,0.000000,0.000000,0.000000,1.000000,1.000000
1782451358.488402,204,0.000444,inf,STAND_TEST,0.000000,-0.000195,0.056712,-0.493110,0.000000,0.000000,0.000000,1.000000,1.000000
1782451358.508711,205,0.000699,inf,STAND_TEST,0.000000,-0.000211,0.056675,-0.493069,0.000000,0.000000,0.000000,1.000000,1.000000
1782451358.528692,206,0.000627,inf,STAND_TEST,0.000000,-0.000199,0.056720,-0.493044,0.000000,0.000000,0.000000,1.000000,1.000000
1782451358.548797,207,0.000496,inf,STAND_TEST,0.000000,-0.000199,0.056689,-0.493025,0.000000,0.000000,0.000000,1.000000,1.000000
1782451358.568777,208,0.000421,inf,STAND_TEST,0.000000,-0.000205,0.056676,-0.493033,0.000000,0.000000,0.000000,1.000000,1.000000
1782451358.588809,209,0.000399,inf,STAND_TEST,0.000000,-0.000231,0.056707,-0.493070,0.000000,0.000000,0.000000,1.000000,1.000000
1782451358.608868,210,0.000406,inf,STAND_TEST,0.000000,-0.000233,0.056734,-0.493067,0.000000,0.000000,0.000000,1.000000,1.000000
1782451358.628931,211,0.000415,inf,STAND_TEST,0.000000,-0.000256,0.056767,-0.493100,0.000000,0.000000,0.000000,1.000000,1.000000
1782451358.649212,212,0.000643,inf,STAND_TEST,0.000000,-0.000256,0.056816,-0.493101,0.000000,0.000000,0.000000,1.000000,1.000000
1782451358.669228,213,0.000605,inf,STAND_TEST,0.000000,-0.000252,0.056851,-0.493082,0.000000,0.000000,0.000000,1.000000,1.000000
1782451358.689305,214,0.000628,inf,STAND_TEST,0.000000,-0.000260,0.056866,-0.493076,0.000000,0.000000,0.000000,1.000000,1.000000
1782451358.709355,215,0.000624,inf,STAND_TEST,0.000000,-0.000261,0.056912,-0.493055,0.000000,0.000000,0.000000,1.000000,1.000000
1782451358.729254,216,0.000414,inf,STAND_TEST,0.000000,-0.000279,0.056923,-0.493059,0.000000,0.000000,0.000000,1.000000,1.000000
1782451358.749418,217,0.000524,inf,STAND_TEST,0.000000,-0.000304,0.056948,-0.493105,0.000000,0.000000,0.000000,1.000000,1.000000
1782451358.769362,218,0.000414,inf,STAND_TEST,0.000000,-0.000297,0.056968,-0.493069,0.000000,0.000000,0.000000,1.000000,1.000000
1782451358.789430,219,0.000429,inf,STAND_TEST,0.000000,-0.000313,0.056982,-0.493101,0.000000,0.000000,0.000000,1.000000,1.000000
1782451358.809456,220,0.000402,inf,STAND_TEST,0.000000,-0.000320,0.057029,-0.493088,0.000000,0.000000,0.000000,1.000000,1.000000
1782451358.829751,221,0.000643,inf,STAND_TEST,0.000000,-0.000345,0.056988,-0.493081,0.000000,0.000000,0.000000,1.000000,1.000000
1782451358.849786,222,0.000625,inf,STAND_TEST,0.000000,-0.000344,0.056997,-0.493042,0.000000,0.000000,0.000000,1.000000,1.000000
1782451358.869841,223,0.000410,inf,STAND_TEST,0.000000,-0.000359,0.056964,-0.493011,0.000000,0.000000,0.000000,1.000000,1.000000
1782451358.889918,224,0.000443,inf,STAND_TEST,0.000000,-0.000336,0.056997,-0.493011,0.000000,0.000000,0.000000,1.000000,1.000000
1782451358.909995,225,0.000456,inf,STAND_TEST,0.000000,-0.000341,0.057008,-0.493029,0.000000,0.000000,0.000000,1.000000,1.000000
1782451358.930001,226,0.000408,inf,STAND_TEST,0.000000,-0.000364,0.057063,-0.493043,0.000000,0.000000,0.000000,1.000000,1.000000
1782451358.950037,227,0.000392,inf,STAND_TEST,0.000000,-0.000369,0.057115,-0.493068,0.000000,0.000000,0.000000,1.000000,1.000000
1782451358.970376,228,0.000714,inf,STAND_TEST,0.000000,-0.000346,0.057121,-0.493029,0.000000,0.000000,0.000000,1.000000,1.000000
1782451358.990129,229,0.000413,inf,STAND_TEST,0.000000,-0.000370,0.057159,-0.493069,0.000000,0.000000,0.000000,1.000000,1.000000
1782451359.010417,230,0.000647,inf,STAND_TEST,0.000000,-0.000349,0.057164,-0.493035,0.000000,0.000000,0.000000,1.000000,1.000000
1782451359.030497,231,0.000673,inf,STAND_TEST,0.000000,-0.000357,0.057129,-0.493048,0.000000,0.000000,0.000000,1.000000,1.000000
1782451359.050507,232,0.000436,inf,STAND_TEST,0.000000,-0.000364,0.057133,-0.493071,0.000000,0.000000,0.000000,1.000000,1.000000
1782451359.070566,233,0.000441,inf,STAND_TEST,0.000000,-0.000384,0.057144,-0.493050,0.000000,0.000000,0.000000,1.000000,1.000000
1782451359.090600,234,0.000421,inf,STAND_TEST,0.000000,-0.000392,0.057098,-0.493039,0.000000,0.000000,0.000000,1.000000,1.000000
1782451359.110649,235,0.000415,inf,STAND_TEST,0.000000,-0.000382,0.057112,-0.493016,0.000000,0.000000,0.000000,1.000000,1.000000
1782451359.130723,236,0.000434,inf,STAND_TEST,0.000000,-0.000392,0.057162,-0.493052,0.000000,0.000000,0.000000,1.000000,1.000000
1782451359.151023,237,0.000679,inf,STAND_TEST,0.000000,-0.000384,0.057150,-0.493074,0.000000,0.000000,0.000000,1.000000,1.000000
1782451359.171007,238,0.000468,inf,STAND_TEST,0.000000,-0.000400,0.057174,-0.493072,0.000000,0.000000,0.000000,1.000000,1.000000
1782451359.191067,239,0.000474,inf,STAND_TEST,0.000000,-0.000383,0.057169,-0.493039,0.000000,0.000000,0.000000,1.000000,1.000000
1782451359.211093,240,0.000446,inf,STAND_TEST,0.000000,-0.000384,0.057196,-0.493044,0.000000,0.000000,0.000000,1.000000,1.000000
1782451359.231146,241,0.000445,inf,STAND_TEST,0.000000,-0.000384,0.057255,-0.493052,0.000000,0.000000,0.000000,1.000000,1.000000
1782451359.251184,242,0.000429,inf,STAND_TEST,0.000000,-0.000373,0.057252,-0.492996,0.000000,0.000000,0.000000,1.000000,1.000000
1782451359.271476,243,0.000666,inf,STAND_TEST,0.000000,-0.000368,0.057306,-0.492982,0.000000,0.000000,0.000000,1.000000,1.000000
1782451359.291545,244,0.000680,inf,STAND_TEST,0.000000,-0.000379,0.057301,-0.493002,0.000000,0.000000,0.000000,1.000000,1.000000
1782451359.311569,245,0.000651,inf,STAND_TEST,0.000000,-0.000361,0.057313,-0.492956,0.000000,0.000000,0.000000,1.000000,1.000000
1782451359.331603,246,0.000631,inf,STAND_TEST,0.000000,-0.000364,0.057361,-0.492957,0.000000,0.000000,0.000000,1.000000,1.000000
1782451359.351596,247,0.000436,inf,STAND_TEST,0.000000,-0.000377,0.057404,-0.492987,0.000000,0.000000,0.000000,1.000000,1.000000
1782451359.371649,248,0.000435,inf,STAND_TEST,0.000000,-0.000383,0.057461,-0.493034,0.000000,0.000000,0.000000,1.000000,1.000000
1782451359.391693,249,0.000425,inf,STAND_TEST,0.000000,-0.000381,0.057482,-0.493055,0.000000,0.000000,0.000000,1.000000,1.000000
1782451359.411766,250,0.000444,inf,STAND_TEST,0.000000,-0.000354,0.057477,-0.493003,0.000000,0.000000,0.000000,1.000000,1.000000
1782451359.431829,251,0.000451,inf,STAND_TEST,0.000000,-0.000359,0.057500,-0.493048,0.000000,0.000000,0.000000,1.000000,1.000000
1782451359.452122,252,0.000689,inf,STAND_TEST,0.000000,-0.000353,0.057502,-0.493057,0.000000,0.000000,0.000000,1.000000,1.000000
1782451359.472094,253,0.000422,inf,STAND_TEST,0.000000,-0.000363,0.057531,-0.493064,0.000000,0.000000,0.000000,1.000000,1.000000
1782451359.492269,254,0.000458,inf,STAND_TEST,0.000000,-0.000360,0.057543,-0.493059,0.000000,0.000000,0.000000,1.000000,1.000000
1782451359.512311,255,0.000445,inf,STAND_TEST,0.000000,-0.000332,0.057548,-0.493048,0.000000,0.000000,0.000000,1.000000,1.000000
1782451359.532379,256,0.000460,inf,STAND_TEST,0.000000,-0.000345,0.057544,-0.493074,0.000000,0.000000,0.000000,1.000000,1.000000
1782451359.552387,257,0.000414,inf,STAND_TEST,0.000000,-0.000349,0.057543,-0.493083,0.000000,0.000000,0.000000,1.000000,1.000000
1782451359.572501,258,0.000473,inf,STAND_TEST,0.000000,-0.000339,0.057588,-0.493131,0.000000,0.000000,0.000000,1.000000,1.000000
1782451359.592733,259,0.000651,inf,STAND_TEST,0.000000,-0.000321,0.057624,-0.493122,0.000000,0.000000,0.000000,1.000000,1.000000
1782451359.612765,260,0.000629,inf,STAND_TEST,0.000000,-0.000323,0.057638,-0.493139,0.000000,0.000000,0.000000,1.000000,1.000000
1782451359.632722,261,0.000416,inf,STAND_TEST,0.000000,-0.000295,0.057662,-0.493119,0.000000,0.000000,0.000000,1.000000,1.000000
1782451359.652774,262,0.000414,inf,STAND_TEST,0.000000,-0.000275,0.057669,-0.493084,0.000000,0.000000,0.000000,1.000000,1.000000
1782451359.672842,263,0.000427,inf,STAND_TEST,0.000000,-0.000300,0.057691,-0.493131,0.000000,0.000000,0.000000,1.000000,1.000000
1782451359.692878,264,0.000410,inf,STAND_TEST,0.000000,-0.000307,0.057658,-0.493141,0.000000,0.000000,0.000000,1.000000,1.000000
1782451359.712990,265,0.000466,inf,STAND_TEST,0.000000,-0.000320,0.057676,-0.493183,0.000000,0.000000,0.000000,1.000000,1.000000
1782451359.733013,266,0.000435,inf,STAND_TEST,0.000000,-0.000311,0.057685,-0.493161,0.000000,0.000000,0.000000,1.000000,1.000000
1782451359.753294,267,0.000661,inf,STAND_TEST,0.000000,-0.000306,0.057696,-0.493125,0.000000,0.000000,0.000000,1.000000,1.000000
1782451359.773346,268,0.000450,inf,STAND_TEST,0.000000,-0.000328,0.057690,-0.493158,0.000000,0.000000,0.000000,1.000000,1.000000
1782451359.793388,269,0.000437,inf,STAND_TEST,0.000000,-0.000341,0.057676,-0.493161,0.000000,0.000000,0.000000,1.000000,1.000000
1782451359.813429,270,0.000424,inf,STAND_TEST,0.000000,-0.000345,0.057664,-0.493184,0.000000,0.000000,0.000000,1.000000,1.000000
1782451359.833618,271,0.000431,inf,STAND_TEST,0.000000,-0.000353,0.057649,-0.493190,0.000000,0.000000,0.000000,1.000000,1.000000
1782451359.853656,272,0.000415,inf,STAND_TEST,0.000000,-0.000344,0.057626,-0.493178,0.000000,0.000000,0.000000,1.000000,1.000000
1782451359.873946,273,0.000651,inf,STAND_TEST,0.000000,-0.000300,0.057681,-0.493169,0.000000,0.000000,0.000000,1.000000,1.000000
1782451359.894110,274,0.000462,inf,STAND_TEST,0.000000,-0.000308,0.057678,-0.493169,0.000000,0.000000,0.000000,1.000000,1.000000
1782451359.914152,275,0.000450,inf,STAND_TEST,0.000000,-0.000284,0.057740,-0.493175,0.000000,0.000000,0.000000,1.000000,1.000000
1782451359.934175,276,0.000419,inf,STAND_TEST,0.000000,-0.000283,0.057739,-0.493176,0.000000,0.000000,0.000000,1.000000,1.000000
1782451359.954240,277,0.000429,inf,STAND_TEST,0.000000,-0.000289,0.057762,-0.493198,0.000000,0.000000,0.000000,1.000000,1.000000
1782451359.974567,278,0.000701,inf,STAND_TEST,0.000000,-0.000293,0.057734,-0.493201,0.000000,0.000000,0.000000,1.000000,1.000000
1782451359.994568,279,0.000648,inf,STAND_TEST,0.000000,-0.000302,0.057754,-0.493244,0.000000,0.000000,0.000000,1.000000,1.000000
1782451360.014598,280,0.000417,inf,STAND_TEST,0.000000,-0.000304,0.057752,-0.493229,0.000000,0.000000,0.000000,1.000000,1.000000
1782451360.034662,281,0.000427,inf,STAND_TEST,0.000000,-0.000295,0.057742,-0.493254,0.000000,0.000000,0.000000,1.000000,1.000000
1782451360.054689,282,0.000400,inf,STAND_TEST,0.000000,-0.000275,0.057761,-0.493234,0.000000,0.000000,0.000000,1.000000,1.000000
1782451360.074788,283,0.000446,inf,STAND_TEST,0.000000,-0.000297,0.057823,-0.493235,0.000000,0.000000,0.000000,1.000000,1.000000
1782451360.094872,284,0.000476,inf,STAND_TEST,0.000000,-0.000262,0.057854,-0.493235,0.000000,0.000000,0.000000,1.000000,1.000000
1782451360.114834,285,0.000384,inf,STAND_TEST,0.000000,-0.000255,0.057840,-0.493268,0.000000,0.000000,0.000000,1.000000,1.000000
1782451360.135139,286,0.000636,inf,STAND_TEST,0.000000,-0.000235,0.057872,-0.493225,0.000000,0.000000,0.000000,1.000000,1.000000
1782451360.155206,287,0.000650,inf,STAND_TEST,0.000000,-0.000240,0.057925,-0.493248,0.000000,0.000000,0.000000,1.000000,1.000000
1782451360.175245,288,0.000635,inf,STAND_TEST,0.000000,-0.000231,0.057902,-0.493287,0.000000,0.000000,0.000000,1.000000,1.000000
1782451360.195218,289,0.000392,inf,STAND_TEST,0.000000,-0.000224,0.057919,-0.493255,0.000000,0.000000,0.000000,1.000000,1.000000
1782451360.215354,290,0.000475,inf,STAND_TEST,0.000000,-0.000205,0.057929,-0.493255,0.000000,0.000000,0.000000,1.000000,1.000000
1782451360.235397,291,0.000463,inf,STAND_TEST,0.000000,-0.000181,0.057918,-0.493260,0.000000,0.000000,0.000000,1.000000,1.000000
1782451360.255442,292,0.000454,inf,STAND_TEST,0.000000,-0.000185,0.057940,-0.493295,0.000000,0.000000,0.000000,1.000000,1.000000
1782451360.275476,293,0.000435,inf,STAND_TEST,0.000000,-0.000182,0.057923,-0.493269,0.000000,0.000000,0.000000,1.000000,1.000000
1782451360.295768,294,0.000672,inf,STAND_TEST,0.000000,-0.000186,0.057893,-0.493264,0.000000,0.000000,0.000000,1.000000,1.000000
1782451360.315794,295,0.000644,inf,STAND_TEST,0.000000,-0.000169,0.057939,-0.493271,0.000000,0.000000,0.000000,1.000000,1.000000
1782451360.336106,296,0.000611,inf,STAND_TEST,0.000000,-0.000178,0.057981,-0.493284,0.000000,0.000000,0.000000,1.000000,1.000000
1782451360.356038,297,0.000489,inf,STAND_TEST,0.000000,-0.000204,0.058022,-0.493283,0.000000,0.000000,0.000000,1.000000,1.000000
1782451360.376069,298,0.000466,inf,STAND_TEST,0.000000,-0.000173,0.058073,-0.493273,0.000000,0.000000,0.000000,1.000000,1.000000
1782451360.396075,299,0.000418,inf,STAND_TEST,0.000000,-0.000171,0.058079,-0.493287,0.000000,0.000000,0.000000,1.000000,1.000000
1782451360.416352,300,0.000641,inf,STAND_TEST,0.000000,-0.000160,0.058074,-0.493258,0.000000,0.000000,0.000000,1.000000,1.000000
1782451360.436460,301,0.000694,inf,STAND_TEST,0.000000,-0.000148,0.058093,-0.493239,0.000000,0.000000,0.000000,1.000000,1.000000
1782451360.456475,302,0.000654,inf,STAND_TEST,0.000000,-0.000131,0.058132,-0.493251,0.000000,0.000000,0.000000,1.000000,1.000000
1782451360.476545,303,0.000478,inf,STAND_TEST,0.000000,-0.000115,0.058118,-0.493226,0.000000,0.000000,0.000000,1.000000,1.000000
1782451360.496570,304,0.000450,inf,STAND_TEST,0.000000,-0.000104,0.058138,-0.493252,0.000000,0.000000,0.000000,1.000000,1.000000
1782451360.516616,305,0.000442,inf,STAND_TEST,0.000000,-0.000084,0.058168,-0.493260,0.000000,0.000000,0.000000,1.000000,1.000000
1782451360.536720,306,0.000491,inf,STAND_TEST,0.000000,-0.000101,0.058150,-0.493242,0.000000,0.000000,0.000000,1.000000,1.000000
1782451360.556710,307,0.000427,inf,STAND_TEST,0.000000,-0.000119,0.058120,-0.493223,0.000000,0.000000,0.000000,1.000000,1.000000
1782451360.577028,308,0.000690,inf,STAND_TEST,0.000000,-0.000157,0.058143,-0.493253,0.000000,0.000000,0.000000,1.000000,1.000000
1782451360.597000,309,0.000435,inf,STAND_TEST,0.000000,-0.000153,0.058104,-0.493256,0.000000,0.000000,0.000000,1.000000,1.000000
1782451360.617011,310,0.000392,inf,STAND_TEST,0.000000,-0.000136,0.058096,-0.493243,0.000000,0.000000,0.000000,1.000000,1.000000
1782451360.637102,311,0.000430,inf,STAND_TEST,0.000000,-0.000121,0.058124,-0.493236,0.000000,0.000000,0.000000,1.000000,1.000000
1782451360.657132,312,0.000406,inf,STAND_TEST,0.000000,-0.000103,0.058099,-0.493250,0.000000,0.000000,0.000000,1.000000,1.000000
1782451360.677203,313,0.000423,inf,STAND_TEST,0.000000,-0.000074,0.058077,-0.493215,0.000000,0.000000,0.000000,1.000000,1.000000
1782451360.697272,314,0.000439,inf,STAND_TEST,0.000000,-0.000073,0.058001,-0.493237,0.000000,0.000000,0.000000,1.000000,1.000000
1782451360.717504,315,0.000616,inf,STAND_TEST,0.000000,-0.000066,0.058005,-0.493184,0.000000,0.000000,0.000000,1.000000,1.000000
1782451360.737643,316,0.000699,inf,STAND_TEST,0.000000,-0.000064,0.058023,-0.493205,0.000000,0.000000,0.000000,1.000000,1.000000
1782451360.757641,317,0.000643,inf,STAND_TEST,0.000000,-0.000080,0.057997,-0.493190,0.000000,0.000000,0.000000,1.000000,1.000000
1782451360.777485,318,0.000433,inf,STAND_TEST,0.000000,-0.000060,0.058014,-0.493186,0.000000,0.000000,0.000000,1.000000,1.000000
1782451360.797514,319,0.000409,inf,STAND_TEST,0.000000,-0.000064,0.058043,-0.493193,0.000000,0.000000,0.000000,1.000000,1.000000
1782451360.817562,320,0.000404,inf,STAND_TEST,0.000000,-0.000063,0.058093,-0.493241,0.000000,0.000000,0.000000,1.000000,1.000000
1782451360.837842,321,0.000451,inf,STAND_TEST,0.000000,-0.000081,0.058094,-0.493238,0.000000,0.000000,0.000000,1.000000,1.000000
1782451360.858080,322,0.000634,inf,STAND_TEST,0.000000,-0.000071,0.058055,-0.493235,0.000000,0.000000,0.000000,1.000000,1.000000
1782451360.878073,323,0.000619,inf,STAND_TEST,0.000000,-0.000069,0.058040,-0.493230,0.000000,0.000000,0.000000,1.000000,1.000000
1782451360.898136,324,0.000628,inf,STAND_TEST,0.000000,-0.000053,0.058093,-0.493221,0.000000,0.000000,0.000000,1.000000,1.000000
1782451360.918160,325,0.000451,inf,STAND_TEST,0.000000,-0.000037,0.058076,-0.493218,0.000000,0.000000,0.000000,1.000000,1.000000
1782451360.938161,326,0.000398,inf,STAND_TEST,0.000000,-0.000028,0.058029,-0.493197,0.000000,0.000000,0.000000,1.000000,1.000000
1782451360.958251,327,0.000434,inf,STAND_TEST,0.000000,-0.000016,0.058055,-0.493183,0.000000,0.000000,0.000000,1.000000,1.000000
1782451360.978492,328,0.000622,inf,STAND_TEST,0.000000,-0.000004,0.058037,-0.493160,0.000000,0.000000,0.000000,1.000000,1.000000
1782451360.998317,329,0.000393,inf,STAND_TEST,0.000000,0.000006,0.058078,-0.493148,0.000000,0.000000,0.000000,1.000000,1.000000
1782451361.018621,330,0.000643,inf,STAND_TEST,0.000000,0.000006,0.058072,-0.493149,0.000000,0.000000,0.000000,1.000000,1.000000
1782451361.038676,331,0.000644,inf,STAND_TEST,0.000000,0.000008,0.058072,-0.493157,0.000000,0.000000,0.000000,1.000000,1.000000
1782451361.058648,332,0.000460,inf,STAND_TEST,0.000000,0.000035,0.058049,-0.493160,0.000000,0.000000,0.000000,1.000000,1.000000
1782451361.078676,333,0.000434,inf,STAND_TEST,0.000000,0.000055,0.058080,-0.493168,0.000000,0.000000,0.000000,1.000000,1.000000
1782451361.098759,334,0.000462,inf,STAND_TEST,0.000000,0.000054,0.058039,-0.493213,0.000000,0.000000,0.000000,1.000000,1.000000
1782451361.118776,335,0.000425,inf,STAND_TEST,0.000000,0.000035,0.058023,-0.493228,0.000000,0.000000,0.000000,1.000000,1.000000
1782451361.138807,336,0.000402,inf,STAND_TEST,0.000000,0.000074,0.058029,-0.493236,0.000000,0.000000,0.000000,1.000000,1.000000
1782451361.158921,337,0.000460,inf,STAND_TEST,0.000000,0.000068,0.058016,-0.493224,0.000000,0.000000,0.000000,1.000000,1.000000
1782451361.179333,338,0.000817,inf,STAND_TEST,0.000000,0.000043,0.057986,-0.493273,0.000000,0.000000,0.000000,1.000000,1.000000
1782451361.199324,339,0.000755,inf,STAND_TEST,0.000000,0.000050,0.057984,-0.493255,0.000000,0.000000,0.000000,1.000000,1.000000
1782451361.219373,340,0.000749,inf,STAND_TEST,0.000000,0.000047,0.057988,-0.493226,0.000000,0.000000,0.000000,1.000000,1.000000
1782451361.239443,341,0.000765,inf,STAND_TEST,0.000000,0.000039,0.058024,-0.493211,0.000000,0.000000,0.000000,1.000000,1.000000
1782451361.259218,342,0.000486,inf,STAND_TEST,0.000000,0.000043,0.058027,-0.493215,0.000000,0.000000,0.000000,1.000000,1.000000
1782451361.279211,343,0.000425,inf,STAND_TEST,0.000000,0.000079,0.058033,-0.493204,0.000000,0.000000,0.000000,1.000000,1.000000
1782451361.299267,344,0.000426,inf,STAND_TEST,0.000000,0.000083,0.058047,-0.493237,0.000000,0.000000,0.000000,1.000000,1.000000
1782451361.319355,345,0.000462,inf,STAND_TEST,0.000000,0.000096,0.058025,-0.493229,0.000000,0.000000,0.000000,1.000000,1.000000
1782451361.339388,346,0.000440,inf,STAND_TEST,0.000000,0.000103,0.057993,-0.493256,0.000000,0.000000,0.000000,1.000000,1.000000
1782451361.359643,347,0.000641,inf,STAND_TEST,0.000000,0.000100,0.057998,-0.493261,0.000000,0.000000,0.000000,1.000000,1.000000
1782451361.379682,348,0.000626,inf,STAND_TEST,0.000000,0.000071,0.057996,-0.493275,0.000000,0.000000,0.000000,1.000000,1.000000
1782451361.399738,349,0.000417,inf,STAND_TEST,0.000000,0.000048,0.057962,-0.493318,0.000000,0.000000,0.000000,1.000000,1.000000
1782451361.419778,350,0.000404,inf,STAND_TEST,0.000000,0.000017,0.057947,-0.493359,0.000000,0.000000,0.000000,1.000000,1.000000
1782451361.439866,351,0.000438,inf,STAND_TEST,0.000000,0.000020,0.057960,-0.493355,0.000000,0.000000,0.000000,1.000000,1.000000
1782451361.459887,352,0.000406,inf,STAND_TEST,0.000000,0.000015,0.058017,-0.493349,0.000000,0.000000,0.000000,1.000000,1.000000
1782451361.479975,353,0.000440,inf,STAND_TEST,0.000000,-0.000006,0.057979,-0.493359,0.000000,0.000000,0.000000,1.000000,1.000000
1782451361.500261,354,0.000672,inf,STAND_TEST,0.000000,-0.000006,0.057963,-0.493385,0.000000,0.000000,0.000000,1.000000,1.000000
1782451361.520250,355,0.000607,inf,STAND_TEST,0.000000,-0.000006,0.057921,-0.493361,0.000000,0.000000,0.000000,1.000000,1.000000
1782451361.540367,356,0.000671,inf,STAND_TEST,0.000000,-0.000039,0.057893,-0.493382,0.000000,0.000000,0.000000,1.000000,1.000000
1782451361.560508,357,0.000422,inf,STAND_TEST,0.000000,-0.000037,0.057839,-0.493377,0.000000,0.000000,0.000000,1.000000,1.000000
1782451361.580527,358,0.000388,inf,STAND_TEST,0.000000,-0.000057,0.057797,-0.493400,0.000000,0.000000,0.000000,1.000000,1.000000
1782451361.600589,359,0.000396,inf,STAND_TEST,0.000000,-0.000053,0.057780,-0.493439,0.000000,0.000000,0.000000,1.000000,1.000000
1782451361.620635,360,0.000388,inf,STAND_TEST,0.000000,-0.000056,0.057754,-0.493402,0.000000,0.000000,0.000000,1.000000,1.000000
1782451361.640923,361,0.000621,inf,STAND_TEST,0.000000,-0.000078,0.057731,-0.493443,0.000000,0.000000,0.000000,1.000000,1.000000
1782451361.660988,362,0.000436,inf,STAND_TEST,0.000000,-0.000034,0.057685,-0.493439,0.000000,0.000000,0.000000,1.000000,1.000000
1782451361.681011,363,0.000405,inf,STAND_TEST,0.000000,-0.000020,0.057676,-0.493454,0.000000,0.000000,0.000000,1.000000,1.000000
1782451361.701055,364,0.000396,inf,STAND_TEST,0.000000,-0.000029,0.057606,-0.493411,0.000000,0.000000,0.000000,1.000000,1.000000
1782451361.721134,365,0.000421,inf,STAND_TEST,0.000000,-0.000001,0.057588,-0.493366,0.000000,0.000000,0.000000,1.000000,1.000000
1782451361.741210,366,0.000443,inf,STAND_TEST,0.000000,-0.000008,0.057586,-0.493366,0.000000,0.000000,0.000000,1.000000,1.000000
1782451361.761254,367,0.000433,inf,STAND_TEST,0.000000,-0.000007,0.057558,-0.493360,0.000000,0.000000,0.000000,1.000000,1.000000
1782451361.781514,368,0.000639,inf,STAND_TEST,0.000000,-0.000008,0.057546,-0.493351,0.000000,0.000000,0.000000,1.000000,1.000000
1782451361.801566,369,0.000636,inf,STAND_TEST,0.000000,-0.000001,0.057523,-0.493349,0.000000,0.000000,0.000000,1.000000,1.000000
1782451361.821588,370,0.000606,inf,STAND_TEST,0.000000,-0.000001,0.057497,-0.493342,0.000000,0.000000,0.000000,1.000000,1.000000
1782451361.841475,371,0.000439,inf,STAND_TEST,0.000000,-0.000018,0.057500,-0.493368,0.000000,0.000000,0.000000,1.000000,1.000000
1782451361.861511,372,0.000421,inf,STAND_TEST,0.000000,-0.000015,0.057468,-0.493359,0.000000,0.000000,0.000000,1.000000,1.000000
1782451361.881573,373,0.000430,inf,STAND_TEST,0.000000,-0.000003,0.057497,-0.493392,0.000000,0.000000,0.000000,1.000000,1.000000
1782451361.901622,374,0.000424,inf,STAND_TEST,0.000000,-0.000003,0.057478,-0.493373,0.000000,0.000000,0.000000,1.000000,1.000000
1782451361.921704,375,0.000490,inf,STAND_TEST,0.000000,0.000011,0.057477,-0.493342,0.000000,0.000000,0.000000,1.000000,1.000000
1782451361.941743,376,0.000473,inf,STAND_TEST,0.000000,0.000002,0.057523,-0.493367,0.000000,0.000000,0.000000,1.000000,1.000000
1782451361.961998,377,0.000675,inf,STAND_TEST,0.000000,0.000013,0.057503,-0.493309,0.000000,0.000000,0.000000,1.000000,1.000000
1782451361.982024,378,0.000647,inf,STAND_TEST,0.000000,0.000001,0.057447,-0.493282,0.000000,0.000000,0.000000,1.000000,1.000000
1782451362.002038,379,0.000607,inf,STAND_TEST,0.000000,-0.000001,0.057435,-0.493314,0.000000,0.000000,0.000000,1.000000,1.000000
1782451362.022022,380,0.000436,inf,STAND_TEST,0.000000,0.000001,0.057406,-0.493308,0.000000,0.000000,0.000000,1.000000,1.000000
1782451362.042092,381,0.000449,inf,STAND_TEST,0.000000,-0.000007,0.057365,-0.493345,0.000000,0.000000,0.000000,1.000000,1.000000
1782451362.062149,382,0.000452,inf,STAND_TEST,0.000000,0.000005,0.057354,-0.493345,0.000000,0.000000,0.000000,1.000000,1.000000
1782451362.082206,383,0.000454,inf,STAND_TEST,0.000000,0.000015,0.057359,-0.493365,0.000000,0.000000,0.000000,1.000000,1.000000
1782451362.102245,384,0.000440,inf,STAND_TEST,0.000000,0.000001,0.057388,-0.493357,0.000000,0.000000,0.000000,1.000000,1.000000
1782451362.122301,385,0.000440,inf,STAND_TEST,0.000000,0.000002,0.057414,-0.493420,0.000000,0.000000,0.000000,1.000000,1.000000
1782451362.142861,386,0.000944,inf,STAND_TEST,0.000000,0.000012,0.057390,-0.493435,0.000000,0.000000,0.000000,1.000000,1.000000
1782451362.162646,387,0.000439,inf,STAND_TEST,0.000000,-0.000021,0.057363,-0.493422,0.000000,0.000000,0.000000,1.000000,1.000000
1782451362.182707,388,0.000445,inf,STAND_TEST,0.000000,-0.000039,0.057302,-0.493401,0.000000,0.000000,0.000000,1.000000,1.000000
1782451362.202759,389,0.000442,inf,STAND_TEST,0.000000,-0.000019,0.057275,-0.493380,0.000000,0.000000,0.000000,1.000000,1.000000
1782451362.222798,390,0.000425,inf,STAND_TEST,0.000000,-0.000024,0.057222,-0.493392,0.000000,0.000000,0.000000,1.000000,1.000000
1782451362.242894,391,0.000461,inf,STAND_TEST,0.000000,-0.000033,0.057232,-0.493400,0.000000,0.000000,0.000000,1.000000,1.000000
1782451362.263156,392,0.000668,inf,STAND_TEST,0.000000,-0.000038,0.057207,-0.493352,0.000000,0.000000,0.000000,1.000000,1.000000
1782451362.283142,393,0.000459,inf,STAND_TEST,0.000000,-0.000033,0.057208,-0.493351,0.000000,0.000000,0.000000,1.000000,1.000000
1782451362.303310,394,0.000476,inf,STAND_TEST,0.000000,0.000014,0.057224,-0.493315,0.000000,0.000000,0.000000,1.000000,1.000000
1782451362.323376,395,0.000486,inf,STAND_TEST,0.000000,0.000034,0.057208,-0.493284,0.000000,0.000000,0.000000,1.000000,1.000000
1782451362.343434,396,0.000486,inf,STAND_TEST,0.000000,0.000040,0.057188,-0.493253,0.000000,0.000000,0.000000,1.000000,1.000000
1782451362.363505,397,0.000502,inf,STAND_TEST,0.000000,0.000023,0.057177,-0.493250,0.000000,0.000000,0.000000,1.000000,1.000000
1782451362.383517,398,0.000461,inf,STAND_TEST,0.000000,0.000029,0.057168,-0.493271,0.000000,0.000000,0.000000,1.000000,1.000000
1782451362.403911,399,0.000799,inf,STAND_TEST,0.000000,0.000033,0.057137,-0.493228,0.000000,0.000000,0.000000,1.000000,1.000000
1782451362.423796,400,0.000629,inf,STAND_TEST,0.000000,0.000019,0.057124,-0.493234,0.000000,0.000000,0.000000,1.000000,1.000000
1782451362.443972,401,0.000752,inf,STAND_TEST,0.000000,0.000029,0.057129,-0.493237,0.000000,0.000000,0.000000,1.000000,1.000000
1782451362.463826,402,0.000463,inf,STAND_TEST,0.000000,0.000035,0.057071,-0.493213,0.000000,0.000000,0.000000,1.000000,1.000000
1782451362.483839,403,0.000422,inf,STAND_TEST,0.000000,0.000052,0.057089,-0.493235,0.000000,0.000000,0.000000,1.000000,1.000000
1782451362.503962,404,0.000489,inf,STAND_TEST,0.000000,0.000024,0.057037,-0.493272,0.000000,0.000000,0.000000,1.000000,1.000000
1782451362.523949,405,0.000453,inf,STAND_TEST,0.000000,0.000018,0.057060,-0.493264,0.000000,0.000000,0.000000,1.000000,1.000000
1782451362.543987,406,0.000437,inf,STAND_TEST,0.000000,0.000017,0.057014,-0.493280,0.000000,0.000000,0.000000,1.000000,1.000000
1782451362.564253,407,0.000649,inf,STAND_TEST,0.000000,0.000020,0.056968,-0.493258,0.000000,0.000000,0.000000,1.000000,1.000000
1782451362.584283,408,0.000624,inf,STAND_TEST,0.000000,0.000035,0.056944,-0.493268,0.000000,0.000000,0.000000,1.000000,1.000000
1782451362.604378,409,0.000665,inf,STAND_TEST,0.000000,0.000026,0.056902,-0.493264,0.000000,0.000000,0.000000,1.000000,1.000000
1782451362.624455,410,0.000452,inf,STAND_TEST,0.000000,0.000023,0.056913,-0.493246,0.000000,0.000000,0.000000,1.000000,1.000000
1782451362.644474,411,0.000416,inf,STAND_TEST,0.000000,0.000012,0.056900,-0.493232,0.000000,0.000000,0.000000,1.000000,1.000000
1782451362.664517,412,0.000405,inf,STAND_TEST,0.000000,-0.000006,0.056858,-0.493215,0.000000,0.000000,0.000000,1.000000,1.000000
1782451362.684862,413,0.000694,inf,STAND_TEST,0.000000,-0.000036,0.056824,-0.493255,0.000000,0.000000,0.000000,1.000000,1.000000
1782451362.704626,414,0.000404,inf,STAND_TEST,0.000000,-0.000055,0.056794,-0.493197,0.000000,0.000000,0.000000,1.000000,1.000000
1782451362.724915,415,0.000416,inf,STAND_TEST,0.000000,-0.000043,0.056791,-0.493222,0.000000,0.000000,0.000000,1.000000,1.000000
1782451362.745181,416,0.000422,inf,STAND_TEST,0.000000,-0.000040,0.056791,-0.493175,0.000000,0.000000,0.000000,1.000000,1.000000
1782451362.765193,417,0.000379,inf,STAND_TEST,0.000000,-0.000024,0.056808,-0.493146,0.000000,0.000000,0.000000,1.000000,1.000000
1782451362.785515,418,0.000648,inf,STAND_TEST,0.000000,-0.000057,0.056799,-0.493141,0.000000,0.000000,0.000000,1.000000,1.000000
1782451362.805739,419,0.000817,inf,STAND_TEST,0.000000,-0.000069,0.056746,-0.493110,0.000000,0.000000,0.000000,1.000000,1.000000
1782451362.825803,420,0.000826,inf,STAND_TEST,0.000000,-0.000079,0.056727,-0.493132,0.000000,0.000000,0.000000,1.000000,1.000000
1782451362.845778,421,0.000693,inf,STAND_TEST,0.000000,-0.000100,0.056734,-0.493140,0.000000,0.000000,0.000000,1.000000,1.000000
1782451362.865648,422,0.000428,inf,STAND_TEST,0.000000,-0.000095,0.056730,-0.493181,0.000000,0.000000,0.000000,1.000000,1.000000
1782451362.885766,423,0.000442,inf,STAND_TEST,0.000000,-0.000104,0.056767,-0.493189,0.000000,0.000000,0.000000,1.000000,1.000000
1782451362.905864,424,0.000435,inf,STAND_TEST,0.000000,-0.000106,0.056747,-0.493188,0.000000,0.000000,0.000000,1.000000,1.000000
1782451362.926009,425,0.000465,inf,STAND_TEST,0.000000,-0.000116,0.056732,-0.493166,0.000000,0.000000,0.000000,1.000000,1.000000
1782451362.946300,426,0.000702,inf,STAND_TEST,0.000000,-0.000101,0.056741,-0.493189,0.000000,0.000000,0.000000,1.000000,1.000000
1782451362.966352,427,0.000700,inf,STAND_TEST,0.000000,-0.000101,0.056735,-0.493161,0.000000,0.000000,0.000000,1.000000,1.000000
1782451362.986113,428,0.000407,inf,STAND_TEST,0.000000,-0.000112,0.056716,-0.493155,0.000000,0.000000,0.000000,1.000000,1.000000
1782451363.006243,429,0.000406,inf,STAND_TEST,0.000000,-0.000142,0.056714,-0.493178,0.000000,0.000000,0.000000,1.000000,1.000000
1782451363.026325,430,0.000434,inf,STAND_TEST,0.000000,-0.000150,0.056712,-0.493137,0.000000,0.000000,0.000000,1.000000,1.000000
1782451363.046354,431,0.000408,inf,STAND_TEST,0.000000,-0.000151,0.056717,-0.493137,0.000000,0.000000,0.000000,1.000000,1.000000
1782451363.066389,432,0.000389,inf,STAND_TEST,0.000000,-0.000155,0.056757,-0.493124,0.000000,0.000000,0.000000,1.000000,1.000000
1782451363.086469,433,0.000415,inf,STAND_TEST,0.000000,-0.000170,0.056734,-0.493089,0.000000,0.000000,0.000000,1.000000,1.000000
1782451363.106515,434,0.000408,inf,STAND_TEST,0.000000,-0.000173,0.056690,-0.493100,0.000000,0.000000,0.000000,1.000000,1.000000
1782451363.126803,435,0.000642,inf,STAND_TEST,0.000000,-0.000172,0.056680,-0.493094,0.000000,0.000000,0.000000,1.000000,1.000000
1782451363.146838,436,0.000623,inf,STAND_TEST,0.000000,-0.000184,0.056627,-0.493128,0.000000,0.000000,0.000000,1.000000,1.000000
1782451363.166854,437,0.000456,inf,STAND_TEST,0.000000,-0.000161,0.056650,-0.493111,0.000000,0.000000,0.000000,1.000000,1.000000
1782451363.186898,438,0.000445,inf,STAND_TEST,0.000000,-0.000178,0.056626,-0.493074,0.000000,0.000000,0.000000,1.000000,1.000000
1782451363.206947,439,0.000441,inf,STAND_TEST,0.000000,-0.000167,0.056608,-0.493069,0.000000,0.000000,0.000000,1.000000,1.000000
1782451363.227079,440,0.000478,inf,STAND_TEST,0.000000,-0.000180,0.056588,-0.493048,0.000000,0.000000,0.000000,1.000000,1.000000
1782451363.247456,441,0.000799,inf,STAND_TEST,0.000000,-0.000184,0.056585,-0.493071,0.000000,0.000000,0.000000,1.000000,1.000000
1782451363.267487,442,0.000776,inf,STAND_TEST,0.000000,-0.000190,0.056560,-0.493099,0.000000,0.000000,0.000000,1.000000,1.000000
1782451363.287570,443,0.000804,inf,STAND_TEST,0.000000,-0.000188,0.056576,-0.493106,0.000000,0.000000,0.000000,1.000000,1.000000
1782451363.307400,444,0.000433,inf,STAND_TEST,0.000000,-0.000209,0.056552,-0.493148,0.000000,0.000000,0.000000,1.000000,1.000000
1782451363.327469,445,0.000448,inf,STAND_TEST,0.000000,-0.000220,0.056553,-0.493130,0.000000,0.000000,0.000000,1.000000,1.000000
1782451363.347479,446,0.000404,inf,STAND_TEST,0.000000,-0.000229,0.056550,-0.493161,0.000000,0.000000,0.000000,1.000000,1.000000
1782451363.367577,447,0.000448,inf,STAND_TEST,0.000000,-0.000222,0.056544,-0.493184,0.000000,0.000000,0.000000,1.000000,1.000000
1782451363.387959,448,0.000776,inf,STAND_TEST,0.000000,-0.000222,0.056501,-0.493183,0.000000,0.000000,0.000000,1.000000,1.000000
1782451363.408024,449,0.000787,inf,STAND_TEST,0.000000,-0.000206,0.056561,-0.493163,0.000000,0.000000,0.000000,1.000000,1.000000
1782451363.427888,450,0.000597,inf,STAND_TEST,0.000000,-0.000195,0.056611,-0.493191,0.000000,0.000000,0.000000,1.000000,1.000000
1782451363.447990,451,0.000645,inf,STAND_TEST,0.000000,-0.000217,0.056635,-0.493213,0.000000,0.000000,0.000000,1.000000,1.000000
1782451363.467964,452,0.000396,inf,STAND_TEST,0.000000,-0.000244,0.056630,-0.493258,0.000000,0.000000,0.000000,1.000000,1.000000
1782451363.488040,453,0.000418,inf,STAND_TEST,0.000000,-0.000256,0.056620,-0.493290,0.000000,0.000000,0.000000,1.000000,1.000000
1782451363.508190,454,0.000511,inf,STAND_TEST,0.000000,-0.000285,0.056646,-0.493316,0.000000,0.000000,0.000000,1.000000,1.000000
1782451363.528192,455,0.000460,inf,STAND_TEST,0.000000,-0.000311,0.056658,-0.493334,0.000000,0.000000,0.000000,1.000000,1.000000
1782451363.548223,456,0.000436,inf,STAND_TEST,0.000000,-0.000341,0.056622,-0.493311,0.000000,0.000000,0.000000,1.000000,1.000000
1782451363.568507,457,0.000666,inf,STAND_TEST,0.000000,-0.000346,0.056615,-0.493309,0.000000,0.000000,0.000000,1.000000,1.000000
1782451363.588505,458,0.000609,inf,STAND_TEST,0.000000,-0.000357,0.056592,-0.493318,0.000000,0.000000,0.000000,1.000000,1.000000
1782451363.608538,459,0.000445,inf,STAND_TEST,0.000000,-0.000390,0.056561,-0.493321,0.000000,0.000000,0.000000,1.000000,1.000000
1782451363.628578,460,0.000431,inf,STAND_TEST,0.000000,-0.000406,0.056576,-0.493287,0.000000,0.000000,0.000000,1.000000,1.000000
1782451363.648590,461,0.000389,inf,STAND_TEST,0.000000,-0.000382,0.056614,-0.493320,0.000000,0.000000,0.000000,1.000000,1.000000
1782451363.668664,462,0.000410,inf,STAND_TEST,0.000000,-0.000387,0.056587,-0.493316,0.000000,0.000000,0.000000,1.000000,1.000000
1782451363.688714,463,0.000407,inf,STAND_TEST,0.000000,-0.000401,0.056550,-0.493325,0.000000,0.000000,0.000000,1.000000,1.000000
1782451363.708818,464,0.000456,inf,STAND_TEST,0.000000,-0.000378,0.056564,-0.493286,0.000000,0.000000,0.000000,1.000000,1.000000
1782451363.728861,465,0.000444,inf,STAND_TEST,0.000000,-0.000370,0.056546,-0.493301,0.000000,0.000000,0.000000,1.000000,1.000000
1782451363.748998,466,0.000422,inf,STAND_TEST,0.000000,-0.000380,0.056543,-0.493308,0.000000,0.000000,0.000000,1.000000,1.000000
1782451363.769192,467,0.000487,inf,STAND_TEST,0.000000,-0.000342,0.056532,-0.493298,0.000000,0.000000,0.000000,1.000000,1.000000
1782451363.789171,468,0.000412,inf,STAND_TEST,0.000000,-0.000364,0.056559,-0.493318,0.000000,0.000000,0.000000,1.000000,1.000000
1782451363.809218,469,0.000407,inf,STAND_TEST,0.000000,-0.000381,0.056592,-0.493273,0.000000,0.000000,0.000000,1.000000,1.000000
1782451363.829313,470,0.000446,inf,STAND_TEST,0.000000,-0.000374,0.056591,-0.493277,0.000000,0.000000,0.000000,1.000000,1.000000
1782451363.849355,471,0.000433,inf,STAND_TEST,0.000000,-0.000363,0.056647,-0.493305,0.000000,0.000000,0.000000,1.000000,1.000000
1782451363.869586,472,0.000610,inf,STAND_TEST,0.000000,-0.000379,0.056652,-0.493310,0.000000,0.000000,0.000000,1.000000,1.000000
1782451363.889650,473,0.000620,inf,STAND_TEST,0.000000,-0.000375,0.056676,-0.493363,0.000000,0.000000,0.000000,1.000000,1.000000
1782451363.909787,474,0.000702,inf,STAND_TEST,0.000000,-0.000383,0.056688,-0.493366,0.000000,0.000000,0.000000,1.000000,1.000000
1782451363.929734,475,0.000468,inf,STAND_TEST,0.000000,-0.000381,0.056718,-0.493359,0.000000,0.000000,0.000000,1.000000,1.000000
1782451363.949810,476,0.000441,inf,STAND_TEST,0.000000,-0.000377,0.056748,-0.493362,0.000000,0.000000,0.000000,1.000000,1.000000
1782451363.969901,477,0.000427,inf,STAND_TEST,0.000000,-0.000374,0.056746,-0.493371,0.000000,0.000000,0.000000,1.000000,1.000000
1782451363.989972,478,0.000442,inf,STAND_TEST,0.000000,-0.000399,0.056715,-0.493377,0.000000,0.000000,0.000000,1.000000,1.000000
1782451364.010214,479,0.000628,inf,STAND_TEST,0.000000,-0.000432,0.056738,-0.493326,0.000000,0.000000,0.000000,1.000000,1.000000
1782451364.030272,480,0.000630,inf,STAND_TEST,0.000000,-0.000468,0.056726,-0.493349,0.000000,0.000000,0.000000,1.000000,1.000000
1782451364.050304,481,0.000463,inf,STAND_TEST,0.000000,-0.000447,0.056690,-0.493324,0.000000,0.000000,0.000000,1.000000,1.000000
1782451364.070327,482,0.000430,inf,STAND_TEST,0.000000,-0.000452,0.056710,-0.493279,0.000000,0.000000,0.000000,1.000000,1.000000
1782451364.090407,483,0.000453,inf,STAND_TEST,0.000000,-0.000444,0.056681,-0.493259,0.000000,0.000000,0.000000,1.000000,1.000000
1782451364.110427,484,0.000415,inf,STAND_TEST,0.000000,-0.000460,0.056688,-0.493238,0.000000,0.000000,0.000000,1.000000,1.000000
1782451364.130502,485,0.000432,inf,STAND_TEST,0.000000,-0.000496,0.056693,-0.493268,0.000000,0.000000,0.000000,1.000000,1.000000
1782451364.150755,486,0.000631,inf,STAND_TEST,0.000000,-0.000508,0.056736,-0.493250,0.000000,0.000000,0.000000,1.000000,1.000000
1782451364.170861,487,0.000682,inf,STAND_TEST,0.000000,-0.000505,0.056758,-0.493263,0.000000,0.000000,0.000000,1.000000,1.000000
1782451364.190879,488,0.000645,inf,STAND_TEST,0.000000,-0.000513,0.056755,-0.493269,0.000000,0.000000,0.000000,1.000000,1.000000
1782451364.210887,489,0.000414,inf,STAND_TEST,0.000000,-0.000539,0.056789,-0.493258,0.000000,0.000000,0.000000,1.000000,1.000000
1782451364.231022,490,0.000494,inf,STAND_TEST,0.000000,-0.000528,0.056771,-0.493227,0.000000,0.000000,0.000000,1.000000,1.000000
1782451364.250993,491,0.000411,inf,STAND_TEST,0.000000,-0.000565,0.056757,-0.493236,0.000000,0.000000,0.000000,1.000000,1.000000
1782451364.271049,492,0.000414,inf,STAND_TEST,0.000000,-0.000589,0.056765,-0.493219,0.000000,0.000000,0.000000,1.000000,1.000000
1782451364.291156,493,0.000466,inf,STAND_TEST,0.000000,-0.000577,0.056778,-0.493214,0.000000,0.000000,0.000000,1.000000,1.000000
1782451364.311544,494,0.000799,inf,STAND_TEST,0.000000,-0.000578,0.056842,-0.493213,0.000000,0.000000,0.000000,1.000000,1.000000
1782451364.331459,495,0.000658,inf,STAND_TEST,0.000000,-0.000594,0.056810,-0.493206,0.000000,0.000000,0.000000,1.000000,1.000000
1782451364.351485,496,0.000626,inf,STAND_TEST,0.000000,-0.000578,0.056725,-0.493180,0.000000,0.000000,0.000000,1.000000,1.000000
1782451364.371717,497,0.000546,inf,STAND_TEST,0.000000,-0.000579,0.056487,-0.493157,0.000000,0.000000,0.000000,1.000000,1.000000
1782451364.391730,498,0.000504,inf,STAND_TEST,0.000000,-0.000544,0.056089,-0.493138,0.000000,0.000000,0.000000,1.000000,1.000000
1782451364.411728,499,0.000447,inf,STAND_TEST,0.000000,-0.000479,0.055421,-0.493045,0.000000,0.000000,0.000000,1.000000,1.000000
1782451364.432016,500,0.000681,inf,STAND_TEST,0.000000,-0.000381,0.054463,-0.492987,0.000000,0.000000,0.000000,1.000000,1.000000
1782451364.452048,501,0.000468,inf,STAND_TEST,0.000000,-0.000255,0.053219,-0.492952,0.000000,0.000000,0.000000,1.000000,1.000000
1782451364.472141,502,0.000451,inf,STAND_TEST,0.000000,-0.000113,0.051886,-0.492960,0.000000,0.000000,0.000000,1.000000,1.000000
1782451364.492225,503,0.000431,inf,STAND_TEST,0.000000,0.000085,0.050352,-0.492897,0.000000,0.000000,0.000000,1.000000,1.000000
1782451364.512270,504,0.000419,inf,STAND_TEST,0.000000,0.000310,0.048785,-0.492964,0.000000,0.000000,0.000000,1.000000,1.000000
1782451364.532388,505,0.000433,inf,STAND_TEST,0.000000,0.000607,0.047099,-0.492944,0.000000,0.000000,0.000000,1.000000,1.000000
1782451364.552754,506,0.000698,inf,STAND_TEST,0.000000,0.000894,0.045394,-0.492830,0.000000,0.000000,0.000000,1.000000,1.000000
1782451364.572789,507,0.000425,inf,STAND_TEST,0.000000,0.001217,0.043529,-0.492735,0.000000,0.000000,0.000000,1.000000,1.000000
1782451364.592901,508,0.000431,inf,STAND_TEST,0.000000,0.001567,0.041824,-0.492651,0.000000,0.000000,0.000000,1.000000,1.000000
1782451364.612988,509,0.000415,inf,STAND_TEST,0.000000,0.001982,0.039921,-0.492492,0.000000,0.000000,0.000000,1.000000,1.000000
1782451364.633092,510,0.000418,inf,STAND_TEST,0.000000,0.002380,0.037872,-0.492433,0.000000,0.000000,0.000000,1.000000,1.000000
1782451364.653401,511,0.000625,inf,STAND_TEST,0.000000,0.002724,0.035729,-0.492574,0.000000,0.000000,0.000000,1.000000,1.000000
1782451364.673564,512,0.000440,inf,STAND_TEST,0.000000,0.003050,0.033528,-0.492798,0.000000,0.000000,0.000000,1.000000,1.000000
1782451364.693607,513,0.000428,inf,STAND_TEST,0.000000,0.003430,0.031401,-0.492886,0.000000,0.000000,0.000000,1.000000,1.000000
1782451364.713731,514,0.000443,inf,STAND_TEST,0.000000,0.003860,0.029241,-0.492866,0.000000,0.000000,0.000000,1.000000,1.000000
1782451364.734019,515,0.000677,inf,STAND_TEST,0.000000,0.004376,0.026907,-0.493020,0.000000,0.000000,0.000000,1.000000,1.000000
1782451364.754099,516,0.000703,inf,STAND_TEST,0.000000,0.004844,0.024833,-0.493344,0.000000,0.000000,0.000000,1.000000,1.000000
1782451364.774120,517,0.000665,inf,STAND_TEST,0.000000,0.005342,0.022597,-0.493910,0.000000,0.000000,0.000000,1.000000,1.000000
1782451364.794173,518,0.000437,inf,STAND_TEST,0.000000,0.005858,0.020212,-0.494628,0.000000,0.000000,0.000000,1.000000,1.000000
1782451364.814197,519,0.000407,inf,STAND_TEST,0.000000,0.006423,0.017946,-0.495306,0.000000,0.000000,0.000000,1.000000,1.000000
1782451364.834312,520,0.000468,inf,STAND_TEST,0.000000,0.007041,0.015584,-0.495843,0.000000,0.000000,0.000000,1.000000,1.000000
1782451364.854346,521,0.000447,inf,STAND_TEST,0.000000,0.007702,0.013125,-0.496030,0.000000,0.000000,0.000000,1.000000,1.000000
1782451364.874455,522,0.000502,inf,STAND_TEST,0.000000,0.008436,0.010559,-0.496094,0.000000,0.000000,0.000000,1.000000,1.000000
1782451364.894790,523,0.000781,inf,STAND_TEST,0.000000,0.009141,0.008278,-0.495999,0.000000,0.000000,0.000000,1.000000,1.000000
1782451364.915002,524,0.000937,inf,STAND_TEST,0.000000,0.009997,0.005810,-0.495873,0.000000,0.000000,0.000000,1.000000,1.000000
1782451364.934862,525,0.000670,inf,STAND_TEST,0.000000,0.010948,0.003280,-0.495523,0.000000,0.000000,0.000000,1.000000,1.000000
1782451364.955035,526,0.000691,inf,STAND_TEST,0.000000,0.011722,0.001273,-0.495352,0.000000,0.000000,0.000000,1.000000,1.000000
1782451364.974890,527,0.000467,inf,STAND_TEST,0.000000,0.012535,-0.000821,-0.495183,0.000000,0.000000,0.000000,1.000000,1.000000
1782451364.994908,528,0.000432,inf,STAND_TEST,0.000000,0.013263,-0.002796,-0.495053,0.000000,0.000000,0.000000,1.000000,1.000000
1782451365.014947,529,0.000414,inf,STAND_TEST,0.000000,0.013983,-0.004761,-0.495018,0.000000,0.000000,0.000000,1.000000,1.000000
1782451365.035011,530,0.000421,inf,STAND_TEST,0.000000,0.014605,-0.006426,-0.495058,0.000000,0.000000,0.000000,1.000000,1.000000
1782451365.055340,531,0.000695,inf,STAND_TEST,0.000000,0.015250,-0.008210,-0.495081,0.000000,0.000000,0.000000,1.000000,1.000000
1782451365.075364,532,0.000663,inf,STAND_TEST,0.000000,0.015943,-0.010002,-0.495053,0.000000,0.000000,0.000000,1.000000,1.000000
1782451365.095231,533,0.000427,inf,STAND_TEST,0.000000,0.016586,-0.011951,-0.495108,0.000000,0.000000,0.000000,1.000000,1.000000
1782451365.115323,534,0.000417,inf,STAND_TEST,0.000000,0.017187,-0.013687,-0.495294,0.000000,0.000000,0.000000,1.000000,1.000000
1782451365.135451,535,0.000436,inf,STAND_TEST,0.000000,0.017839,-0.015414,-0.495439,0.000000,0.000000,0.000000,1.000000,1.000000
1782451365.155560,536,0.000442,inf,STAND_TEST,0.000000,0.018512,-0.017098,-0.495514,0.000000,0.000000,0.000000,1.000000,1.000000
1782451365.175897,537,0.000722,inf,STAND_TEST,0.000000,0.019138,-0.018710,-0.495507,0.000000,0.000000,0.000000,1.000000,1.000000
1782451365.195950,538,0.000676,inf,STAND_TEST,0.000000,0.019733,-0.020241,-0.495584,0.000000,0.000000,0.000000,1.000000,1.000000
1782451365.216079,539,0.000699,inf,STAND_TEST,0.000000,0.020249,-0.021674,-0.495668,0.000000,0.000000,0.000000,1.000000,1.000000
1782451365.235928,540,0.000445,inf,STAND_TEST,0.000000,0.020750,-0.023050,-0.495909,0.000000,0.000000,0.000000,1.000000,1.000000
1782451365.255962,541,0.000424,inf,STAND_TEST,0.000000,0.021173,-0.024086,-0.496003,0.000000,0.000000,0.000000,1.000000,1.000000
1782451365.276080,542,0.000486,inf,STAND_TEST,0.000000,0.021525,-0.025065,-0.496116,0.000000,0.000000,0.000000,1.000000,1.000000
1782451365.296131,543,0.000480,inf,STAND_TEST,0.000000,0.021824,-0.025962,-0.496295,0.000000,0.000000,0.000000,1.000000,1.000000
1782451365.316162,544,0.000456,inf,STAND_TEST,0.000000,0.022055,-0.026618,-0.496411,0.000000,0.000000,0.000000,1.000000,1.000000
1782451365.336582,545,0.000822,inf,STAND_TEST,0.000000,0.022213,-0.027141,-0.496420,0.000000,0.000000,0.000000,1.000000,1.000000
1782451365.356879,546,0.001028,inf,STAND_TEST,0.000000,0.022289,-0.027693,-0.496378,0.000000,0.000000,0.000000,1.000000,1.000000
1782451365.376706,547,0.000682,inf,STAND_TEST,0.000000,0.022367,-0.028137,-0.496345,0.000000,0.000000,0.000000,1.000000,1.000000
1782451365.396810,548,0.000695,inf,STAND_TEST,0.000000,0.022360,-0.028444,-0.496291,0.000000,0.000000,0.000000,1.000000,1.000000
1782451365.416826,549,0.000655,inf,STAND_TEST,0.000000,0.022351,-0.028576,-0.496217,0.000000,0.000000,0.000000,1.000000,1.000000
1782451365.437184,550,0.000921,inf,STAND_TEST,0.000000,0.022306,-0.028575,-0.496174,0.000000,0.000000,0.000000,1.000000,1.000000
1782451365.457376,551,0.001057,inf,STAND_TEST,0.000000,0.022243,-0.028480,-0.496180,0.000000,0.000000,0.000000,1.000000,1.000000
1782451365.477329,552,0.000915,inf,STAND_TEST,0.000000,0.022166,-0.028255,-0.496185,0.000000,0.000000,0.000000,1.000000,1.000000
1782451365.497638,553,0.001125,inf,STAND_TEST,0.000000,0.022066,-0.027931,-0.496145,0.000000,0.000000,0.000000,1.000000,1.000000
1782451365.517446,554,0.000697,inf,STAND_TEST,0.000000,0.021961,-0.027551,-0.496078,0.000000,0.000000,0.000000,1.000000,1.000000
1782451365.537815,555,0.000966,inf,STAND_TEST,0.000000,0.021785,-0.027098,-0.496054,0.000000,0.000000,0.000000,1.000000,1.000000
1782451365.557646,556,0.000693,inf,STAND_TEST,0.000000,0.021583,-0.026488,-0.496026,0.000000,0.000000,0.000000,1.000000,1.000000
1782451365.577880,557,0.000831,inf,STAND_TEST,0.000000,0.021398,-0.025769,-0.495912,0.000000,0.000000,0.000000,1.000000,1.000000
1782451365.597776,558,0.000674,inf,STAND_TEST,0.000000,0.021126,-0.025010,-0.495843,0.000000,0.000000,0.000000,1.000000,1.000000
1782451365.617778,559,0.000622,inf,STAND_TEST,0.000000,0.020906,-0.024189,-0.495842,0.000000,0.000000,0.000000,1.000000,1.000000
1782451365.637980,560,0.000455,inf,STAND_TEST,0.000000,0.020663,-0.023377,-0.495765,0.000000,0.000000,0.000000,1.000000,1.000000
1782451365.658000,561,0.000422,inf,STAND_TEST,0.000000,0.020420,-0.022452,-0.495613,0.000000,0.000000,0.000000,1.000000,1.000000
1782451365.678385,562,0.000753,inf,STAND_TEST,0.000000,0.020208,-0.021610,-0.495501,0.000000,0.000000,0.000000,1.000000,1.000000
1782451365.698416,563,0.000731,inf,STAND_TEST,0.000000,0.020015,-0.020758,-0.495284,0.000000,0.000000,0.000000,1.000000,1.000000
1782451365.718326,564,0.000587,inf,STAND_TEST,0.000000,0.019818,-0.019924,-0.494961,0.000000,0.000000,0.000000,1.000000,1.000000
1782451365.738551,565,0.000757,inf,STAND_TEST,0.000000,0.019537,-0.019120,-0.494671,0.000000,0.000000,0.000000,1.000000,1.000000
1782451365.758535,566,0.000405,inf,STAND_TEST,0.000000,0.019317,-0.018277,-0.494502,0.000000,0.000000,0.000000,1.000000,1.000000
1782451365.778653,567,0.000468,inf,STAND_TEST,0.000000,0.019111,-0.017552,-0.494358,0.000000,0.000000,0.000000,1.000000,1.000000
1782451365.798652,568,0.000413,inf,STAND_TEST,0.000000,0.018925,-0.016825,-0.494246,0.000000,0.000000,0.000000,1.000000,1.000000
1782451365.818708,569,0.000415,inf,STAND_TEST,0.000000,0.018717,-0.016112,-0.494161,0.000000,0.000000,0.000000,1.000000,1.000000
1782451365.839016,570,0.000668,inf,STAND_TEST,0.000000,0.018509,-0.015462,-0.494133,0.000000,0.000000,0.000000,1.000000,1.000000
1782451365.859022,571,0.000620,inf,STAND_TEST,0.000000,0.018318,-0.014974,-0.494120,0.000000,0.000000,0.000000,1.000000,1.000000
1782451365.879006,572,0.000396,inf,STAND_TEST,0.000000,0.018179,-0.014544,-0.494077,0.000000,0.000000,0.000000,1.000000,1.000000
1782451365.899096,573,0.000431,inf,STAND_TEST,0.000000,0.018053,-0.014115,-0.494002,0.000000,0.000000,0.000000,1.000000,1.000000
1782451365.919120,574,0.000402,inf,STAND_TEST,0.000000,0.017952,-0.013736,-0.493981,0.000000,0.000000,0.000000,1.000000,1.000000
1782451365.939173,575,0.000401,inf,STAND_TEST,0.000000,0.017858,-0.013370,-0.493968,0.000000,0.000000,0.000000,1.000000,1.000000
1782451365.959290,576,0.000463,inf,STAND_TEST,0.000000,0.017784,-0.013084,-0.493977,0.000000,0.000000,0.000000,1.000000,1.000000
1782451365.979538,577,0.000657,inf,STAND_TEST,0.000000,0.017704,-0.012820,-0.493943,0.000000,0.000000,0.000000,1.000000,1.000000
1782451365.999573,578,0.000638,inf,STAND_TEST,0.000000,0.017635,-0.012617,-0.493953,0.000000,0.000000,0.000000,1.000000,1.000000
1782451366.019607,579,0.000620,inf,STAND_TEST,0.000000,0.017592,-0.012442,-0.493894,0.000000,0.000000,0.000000,1.000000,1.000000
1782451366.039542,580,0.000436,inf,STAND_TEST,0.000000,0.017550,-0.012212,-0.493810,0.000000,0.000000,0.000000,1.000000,1.000000
1782451366.059589,581,0.000430,inf,STAND_TEST,0.000000,0.017486,-0.012018,-0.493777,0.000000,0.000000,0.000000,1.000000,1.000000
1782451366.079584,582,0.000372,inf,STAND_TEST,0.000000,0.017396,-0.011825,-0.493723,0.000000,0.000000,0.000000,1.000000,1.000000
1782451366.099674,583,0.000409,inf,STAND_TEST,0.000000,0.017334,-0.011622,-0.493680,0.000000,0.000000,0.000000,1.000000,1.000000
1782451366.119723,584,0.000405,inf,STAND_TEST,0.000000,0.017246,-0.011290,-0.493700,0.000000,0.000000,0.000000,1.000000,1.000000
1782451366.139795,585,0.000424,inf,STAND_TEST,0.000000,0.017155,-0.010965,-0.493684,0.000000,0.000000,0.000000,1.000000,1.000000
1782451366.160061,586,0.000635,inf,STAND_TEST,0.000000,0.016994,-0.010525,-0.493714,0.000000,0.000000,0.000000,1.000000,1.000000
1782451366.180132,587,0.000653,inf,STAND_TEST,0.000000,0.016819,-0.009970,-0.493690,0.000000,0.000000,0.000000,1.000000,1.000000
1782451366.200009,588,0.000414,inf,STAND_TEST,0.000000,0.016616,-0.009268,-0.493706,0.000000,0.000000,0.000000,1.000000,1.000000
1782451366.220037,589,0.000389,inf,STAND_TEST,0.000000,0.016425,-0.008502,-0.493639,0.000000,0.000000,0.000000,1.000000,1.000000
1782451366.240102,590,0.000400,inf,STAND_TEST,0.000000,0.016190,-0.007593,-0.493628,0.000000,0.000000,0.000000,1.000000,1.000000
1782451366.260564,591,0.000765,inf,STAND_TEST,0.000000,0.015908,-0.006557,-0.493646,0.000000,0.000000,0.000000,1.000000,1.000000
1782451366.280785,592,0.000927,inf,STAND_TEST,0.000000,0.015582,-0.005445,-0.493683,0.000000,0.000000,0.000000,1.000000,1.000000
1782451366.300413,593,0.000500,inf,STAND_TEST,0.000000,0.015286,-0.004313,-0.493689,0.000000,0.000000,0.000000,1.000000,1.000000
1782451366.320362,594,0.000394,inf,STAND_TEST,0.000000,0.014929,-0.003027,-0.493696,0.000000,0.000000,0.000000,1.000000,1.000000
1782451366.340666,595,0.000644,inf,STAND_TEST,0.000000,0.014593,-0.001766,-0.493645,0.000000,0.000000,0.000000,1.000000,1.000000
1782451366.360651,596,0.000448,inf,STAND_TEST,0.000000,0.014282,-0.000493,-0.493559,0.000000,0.000000,0.000000,1.000000,1.000000
1782451366.380779,597,0.000519,inf,STAND_TEST,0.000000,0.013982,0.000793,-0.493405,0.000000,0.000000,0.000000,1.000000,1.000000
1782451366.400831,598,0.000516,inf,STAND_TEST,0.000000,0.013704,0.002140,-0.493184,0.000000,0.000000,0.000000,1.000000,1.000000
1782451366.420797,599,0.000429,inf,STAND_TEST,0.000000,0.013458,0.003624,-0.492922,0.000000,0.000000,0.000000,1.000000,1.000000
1782451366.440887,600,0.000464,inf,STAND_TEST,0.000000,0.013171,0.004998,-0.492591,0.000000,0.000000,0.000000,1.000000,1.000000
1782451366.460882,601,0.000405,inf,STAND_TEST,0.000000,0.012848,0.006533,-0.492270,0.000000,0.000000,0.000000,1.000000,1.000000
1782451366.481283,602,0.000752,inf,STAND_TEST,0.000000,0.012519,0.008035,-0.491992,0.000000,0.000000,0.000000,1.000000,1.000000
1782451366.501196,603,0.000461,inf,STAND_TEST,0.000000,0.012155,0.009609,-0.491810,0.000000,0.000000,0.000000,1.000000,1.000000
1782451366.521208,604,0.000419,inf,STAND_TEST,0.000000,0.011833,0.011181,-0.491676,0.000000,0.000000,0.000000,1.000000,1.000000
1782451366.541422,605,0.000459,inf,STAND_TEST,0.000000,0.011524,0.012748,-0.491424,0.000000,0.000000,0.000000,1.000000,1.000000
1782451366.561512,606,0.000493,inf,STAND_TEST,0.000000,0.011170,0.014144,-0.491431,0.000000,0.000000,0.000000,1.000000,1.000000
1782451366.581777,607,0.000704,inf,STAND_TEST,0.000000,0.010809,0.015477,-0.491452,0.000000,0.000000,0.000000,1.000000,1.000000
1782451366.601820,608,0.000692,inf,STAND_TEST,0.000000,0.010465,0.016755,-0.491391,0.000000,0.000000,0.000000,1.000000,1.000000
1782451366.621800,609,0.000619,inf,STAND_TEST,0.000000,0.010215,0.017950,-0.491383,0.000000,0.000000,0.000000,1.000000,1.000000
1782451366.641906,610,0.000438,inf,STAND_TEST,0.000000,0.009955,0.018969,-0.491463,0.000000,0.000000,0.000000,1.000000,1.000000
1782451366.662048,611,0.000426,inf,STAND_TEST,0.000000,0.009695,0.020016,-0.491435,0.000000,0.000000,0.000000,1.000000,1.000000
1782451366.682074,612,0.000399,inf,STAND_TEST,0.000000,0.009491,0.020917,-0.491399,0.000000,0.000000,0.000000,1.000000,1.000000
1782451366.702125,613,0.000396,inf,STAND_TEST,0.000000,0.009334,0.021609,-0.491416,0.000000,0.000000,0.000000,1.000000,1.000000
1782451366.722756,614,0.000969,inf,STAND_TEST,0.000000,0.009211,0.022245,-0.491426,0.000000,0.000000,0.000000,1.000000,1.000000
1782451366.742925,615,0.001081,inf,STAND_TEST,0.000000,0.009108,0.022756,-0.491362,0.000000,0.000000,0.000000,1.000000,1.000000
1782451366.762743,616,0.000717,inf,STAND_TEST,0.000000,0.009068,0.023132,-0.491377,0.000000,0.000000,0.000000,1.000000,1.000000
1782451366.782905,617,0.000705,inf,STAND_TEST,0.000000,0.009054,0.023340,-0.491378,0.000000,0.000000,0.000000,1.000000,1.000000
1782451366.802995,618,0.000699,inf,STAND_TEST,0.000000,0.009063,0.023396,-0.491390,0.000000,0.000000,0.000000,1.000000,1.000000
1782451366.823327,619,0.000932,inf,STAND_TEST,0.000000,0.009078,0.023361,-0.491382,0.000000,0.000000,0.000000,1.000000,1.000000
1782451366.843439,620,0.000953,inf,STAND_TEST,0.000000,0.009115,0.023203,-0.491358,0.000000,0.000000,0.000000,1.000000,1.000000
1782451366.863425,621,0.000690,inf,STAND_TEST,0.000000,0.009198,0.022904,-0.491294,0.000000,0.000000,0.000000,1.000000,1.000000
1782451366.883530,622,0.000687,inf,STAND_TEST,0.000000,0.009269,0.022506,-0.491193,0.000000,0.000000,0.000000,1.000000,1.000000
1782451366.903643,623,0.000706,inf,STAND_TEST,0.000000,0.009374,0.022012,-0.491073,0.000000,0.000000,0.000000,1.000000,1.000000
1782451366.923960,624,0.000925,inf,STAND_TEST,0.000000,0.009523,0.021510,-0.491004,0.000000,0.000000,0.000000,1.000000,1.000000
1782451366.944062,625,0.000920,inf,STAND_TEST,0.000000,0.009642,0.020839,-0.490952,0.000000,0.000000,0.000000,1.000000,1.000000
1782451366.964195,626,0.000956,inf,STAND_TEST,0.000000,0.009810,0.020095,-0.490930,0.000000,0.000000,0.000000,1.000000,1.000000
1782451366.984274,627,0.000937,inf,STAND_TEST,0.000000,0.009966,0.019218,-0.490939,0.000000,0.000000,0.000000,1.000000,1.000000
1782451367.004207,628,0.000684,inf,STAND_TEST,0.000000,0.010138,0.018243,-0.490977,0.000000,0.000000,0.000000,1.000000,1.000000
1782451367.024260,629,0.000680,inf,STAND_TEST,0.000000,0.010345,0.017018,-0.491127,0.000000,0.000000,0.000000,1.000000,1.000000
1782451367.044102,630,0.000468,inf,STAND_TEST,0.000000,0.010574,0.015777,-0.491208,0.000000,0.000000,0.000000,1.000000,1.000000
1782451367.064106,631,0.000419,inf,STAND_TEST,0.000000,0.010791,0.014511,-0.491335,0.000000,0.000000,0.000000,1.000000,1.000000
1782451367.084130,632,0.000389,inf,STAND_TEST,0.000000,0.011062,0.013179,-0.491275,0.000000,0.000000,0.000000,1.000000,1.000000
1782451367.104439,633,0.000644,inf,STAND_TEST,0.000000,0.011366,0.011670,-0.491252,0.000000,0.000000,0.000000,1.000000,1.000000
1782451367.124476,634,0.000628,inf,STAND_TEST,0.000000,0.011679,0.010162,-0.491269,0.000000,0.000000,0.000000,1.000000,1.000000
1782451367.144577,635,0.000478,inf,STAND_TEST,0.000000,0.011989,0.008574,-0.491278,0.000000,0.000000,0.000000,1.000000,1.000000
1782451367.164596,636,0.000443,inf,STAND_TEST,0.000000,0.012356,0.006740,-0.491241,0.000000,0.000000,0.000000,1.000000,1.000000
1782451367.184612,637,0.000404,inf,STAND_TEST,0.000000,0.012710,0.004968,-0.491192,0.000000,0.000000,0.000000,1.000000,1.000000
1782451367.204658,638,0.000398,inf,STAND_TEST,0.000000,0.013081,0.003143,-0.491153,0.000000,0.000000,0.000000,1.000000,1.000000
1782451367.224729,639,0.000415,inf,STAND_TEST,0.000000,0.013477,0.001383,-0.491217,0.000000,0.000000,0.000000,1.000000,1.000000
1782451367.245018,640,0.000649,inf,STAND_TEST,0.000000,0.013896,-0.000357,-0.491309,0.000000,0.000000,0.000000,1.000000,1.000000
1782451367.265010,641,0.000413,inf,STAND_TEST,0.000000,0.014325,-0.002027,-0.491400,0.000000,0.000000,0.000000,1.000000,1.000000
1782451367.285102,642,0.000449,inf,STAND_TEST,0.000000,0.014787,-0.003844,-0.491519,0.000000,0.000000,0.000000,1.000000,1.000000
1782451367.305216,643,0.000485,inf,STAND_TEST,0.000000,0.015219,-0.005512,-0.491641,0.000000,0.000000,0.000000,1.000000,1.000000
1782451367.325185,644,0.000400,inf,STAND_TEST,0.000000,0.015665,-0.007373,-0.491753,0.000000,0.000000,0.000000,1.000000,1.000000
1782451367.345243,645,0.000405,inf,STAND_TEST,0.000000,0.016059,-0.008997,-0.491848,0.000000,0.000000,0.000000,1.000000,1.000000
1782451367.365545,646,0.000653,inf,STAND_TEST,0.000000,0.016507,-0.010660,-0.491967,0.000000,0.000000,0.000000,1.000000,1.000000
1782451367.385719,647,0.000774,inf,STAND_TEST,0.000000,0.016972,-0.012352,-0.492053,0.000000,0.000000,0.000000,1.000000,1.000000
1782451367.405599,648,0.000601,inf,STAND_TEST,0.000000,0.017414,-0.013954,-0.492178,0.000000,0.000000,0.000000,1.000000,1.000000
1782451367.425690,649,0.000638,inf,STAND_TEST,0.000000,0.017815,-0.015520,-0.492243,0.000000,0.000000,0.000000,1.000000,1.000000
1782451367.445709,650,0.000487,inf,STAND_TEST,0.000000,0.018230,-0.017074,-0.492395,0.000000,0.000000,0.000000,1.000000,1.000000
1782451367.465743,651,0.000466,inf,STAND_TEST,0.000000,0.018666,-0.018655,-0.492530,0.000000,0.000000,0.000000,1.000000,1.000000
1782451367.485842,652,0.000510,inf,STAND_TEST,0.000000,0.019129,-0.020217,-0.492613,0.000000,0.000000,0.000000,1.000000,1.000000
1782451367.505836,653,0.000451,inf,STAND_TEST,0.000000,0.019514,-0.021876,-0.492624,0.000000,0.000000,0.000000,1.000000,1.000000
1782451367.525896,654,0.000455,inf,STAND_TEST,0.000000,0.019915,-0.023682,-0.492680,0.000000,0.000000,0.000000,1.000000,1.000000
1782451367.546135,655,0.000682,inf,STAND_TEST,0.000000,0.020317,-0.025482,-0.492709,0.000000,0.000000,0.000000,1.000000,1.000000
1782451367.566160,656,0.000652,inf,STAND_TEST,0.000000,0.020718,-0.027193,-0.492670,0.000000,0.000000,0.000000,1.000000,1.000000
1782451367.586159,657,0.000597,inf,STAND_TEST,0.000000,0.021088,-0.028825,-0.492720,0.000000,0.000000,0.000000,1.000000,1.000000
1782451367.606142,658,0.000384,inf,STAND_TEST,0.000000,0.021526,-0.030639,-0.492756,0.000000,0.000000,0.000000,1.000000,1.000000
1782451367.626316,659,0.000504,inf,STAND_TEST,0.000000,0.021935,-0.032435,-0.492813,0.000000,0.000000,0.000000,1.000000,1.000000
1782451367.646281,660,0.000415,inf,STAND_TEST,0.000000,0.022362,-0.034249,-0.492859,0.000000,0.000000,0.000000,1.000000,1.000000
1782451367.666414,661,0.000494,inf,STAND_TEST,0.000000,0.022778,-0.036087,-0.492945,0.000000,0.000000,0.000000,1.000000,1.000000
1782451367.686393,662,0.000419,inf,STAND_TEST,0.000000,0.023249,-0.037779,-0.493009,0.000000,0.000000,0.000000,1.000000,1.000000
1782451367.706429,663,0.000399,inf,STAND_TEST,0.000000,0.023739,-0.039528,-0.493099,0.000000,0.000000,0.000000,1.000000,1.000000
1782451367.726827,664,0.000693,inf,STAND_TEST,0.000000,0.024225,-0.041192,-0.493149,0.000000,0.000000,0.000000,1.000000,1.000000
1782451367.746826,665,0.000442,inf,STAND_TEST,0.000000,0.024803,-0.043082,-0.493269,0.000000,0.000000,0.000000,1.000000,1.000000
1782451367.766952,666,0.000426,inf,STAND_TEST,0.000000,0.025303,-0.044859,-0.493331,0.000000,0.000000,0.000000,1.000000,1.000000
1782451367.787129,667,0.000473,inf,STAND_TEST,0.000000,0.025833,-0.046588,-0.493485,0.000000,0.000000,0.000000,1.000000,1.000000
1782451367.807453,668,0.000697,inf,STAND_TEST,0.000000,0.026370,-0.048371,-0.493652,0.000000,0.000000,0.000000,1.000000,1.000000
1782451367.827557,669,0.000686,inf,STAND_TEST,0.000000,0.026921,-0.050235,-0.493792,0.000000,0.000000,0.000000,1.000000,1.000000
1782451367.847639,670,0.000465,inf,STAND_TEST,0.000000,0.027560,-0.052222,-0.493850,0.000000,0.000000,0.000000,1.000000,1.000000
1782451367.867692,671,0.000420,inf,STAND_TEST,0.000000,0.028065,-0.053946,-0.493872,0.000000,0.000000,0.000000,1.000000,1.000000
1782451367.887797,672,0.000421,inf,STAND_TEST,0.000000,0.028633,-0.055661,-0.493882,0.000000,0.000000,0.000000,1.000000,1.000000
1782451367.908182,673,0.000707,inf,STAND_TEST,0.000000,0.029269,-0.057318,-0.493793,0.000000,0.000000,0.000000,1.000000,1.000000
1782451367.928260,674,0.000681,inf,STAND_TEST,0.000000,0.029872,-0.058892,-0.493796,0.000000,0.000000,0.000000,1.000000,1.000000
1782451367.948180,675,0.000412,inf,STAND_TEST,0.000000,0.030446,-0.060552,-0.493812,0.000000,0.000000,0.000000,1.000000,1.000000
1782451367.968326,676,0.000454,inf,STAND_TEST,0.000000,0.030942,-0.062116,-0.493822,0.000000,0.000000,0.000000,1.000000,1.000000
1782451367.988394,677,0.000423,inf,STAND_TEST,0.000000,0.031431,-0.063730,-0.493869,0.000000,0.000000,0.000000,1.000000,1.000000
1782451368.008495,678,0.000420,inf,STAND_TEST,0.000000,0.032005,-0.065443,-0.493917,0.000000,0.000000,0.000000,1.000000,1.000000
1782451368.028838,679,0.000663,inf,STAND_TEST,0.000000,0.032584,-0.067120,-0.493773,0.000000,0.000000,0.000000,1.000000,1.000000
1782451368.048789,680,0.000418,inf,STAND_TEST,0.000000,0.033214,-0.069087,-0.493595,0.000000,0.000000,0.000000,1.000000,1.000000
1782451368.068843,681,0.000417,inf,STAND_TEST,0.000000,0.033700,-0.070973,-0.493440,0.000000,0.000000,0.000000,1.000000,1.000000
1782451368.089234,682,0.000719,inf,STAND_TEST,0.000000,0.034120,-0.072676,-0.493432,0.000000,0.000000,0.000000,1.000000,1.000000
1782451368.109253,683,0.000681,inf,STAND_TEST,0.000000,0.034595,-0.074487,-0.493453,0.000000,0.000000,0.000000,1.000000,1.000000
1782451368.129348,684,0.000685,inf,STAND_TEST,0.000000,0.035074,-0.076448,-0.493368,0.000000,0.000000,0.000000,1.000000,1.000000
1782451368.149698,685,0.000944,inf,STAND_TEST,0.000000,0.035556,-0.078282,-0.493303,0.000000,0.000000,0.000000,1.000000,1.000000
1782451368.169788,686,0.000934,inf,STAND_TEST,0.000000,0.036014,-0.080009,-0.493217,0.000000,0.000000,0.000000,1.000000,1.000000
1782451368.189722,687,0.000703,inf,STAND_TEST,0.000000,0.036558,-0.081881,-0.493120,0.000000,0.000000,0.000000,1.000000,1.000000
1782451368.209704,688,0.000594,inf,STAND_TEST,0.000000,0.037148,-0.083719,-0.493140,0.000000,0.000000,0.000000,1.000000,1.000000
1782451368.229642,689,0.000478,inf,STAND_TEST,0.000000,0.037828,-0.085691,-0.493073,0.000000,0.000000,0.000000,1.000000,1.000000
1782451368.250001,690,0.000740,inf,STAND_TEST,0.000000,0.038480,-0.087515,-0.492979,0.000000,0.000000,0.000000,1.000000,1.000000
1782451368.270039,691,0.000679,inf,STAND_TEST,0.000000,0.039157,-0.089434,-0.492939,0.000000,0.000000,0.000000,1.000000,1.000000
1782451368.290294,692,0.000877,inf,STAND_TEST,0.000000,0.039917,-0.091430,-0.492882,0.000000,0.000000,0.000000,1.000000,1.000000
1782451368.310088,693,0.000635,inf,STAND_TEST,0.000000,0.040686,-0.093527,-0.492839,0.000000,0.000000,0.000000,1.000000,1.000000
1782451368.330037,694,0.000412,inf,STAND_TEST,0.000000,0.041400,-0.095647,-0.492784,0.000000,0.000000,0.000000,1.000000,1.000000
1782451368.350137,695,0.000457,inf,STAND_TEST,0.000000,0.042073,-0.097819,-0.492921,0.000000,0.000000,0.000000,1.000000,1.000000
1782451368.370171,696,0.000438,inf,STAND_TEST,0.000000,0.042582,-0.099815,-0.493077,0.000000,0.000000,0.000000,1.000000,1.000000
1782451368.390201,697,0.000413,inf,STAND_TEST,0.000000,0.042917,-0.101568,-0.493319,0.000000,0.000000,0.000000,1.000000,1.000000
1782451368.410626,698,0.000781,inf,STAND_TEST,0.000000,0.043317,-0.103404,-0.493718,0.000000,0.000000,0.000000,1.000000,1.000000
1782451368.430337,699,0.000438,inf,STAND_TEST,0.000000,0.043655,-0.105149,-0.494071,0.000000,0.000000,0.000000,1.000000,1.000000
1782451368.450610,700,0.000657,inf,STAND_TEST,0.000000,0.043998,-0.106830,-0.494362,0.000000,0.000000,0.000000,1.000000,1.000000
1782451368.470615,701,0.000608,inf,STAND_TEST,0.000000,0.044302,-0.108675,-0.494649,0.000000,0.000000,0.000000,1.000000,1.000000
1782451368.490590,702,0.000438,inf,STAND_TEST,0.000000,0.044695,-0.110730,-0.495041,0.000000,0.000000,0.000000,1.000000,1.000000
1782451368.510659,703,0.000453,inf,STAND_TEST,0.000000,0.045169,-0.112909,-0.495331,0.000000,0.000000,0.000000,1.000000,1.000000
1782451368.530657,704,0.000397,inf,STAND_TEST,0.000000,0.045648,-0.115040,-0.495558,0.000000,0.000000,0.000000,1.000000,1.000000
1782451368.550827,705,0.000511,inf,STAND_TEST,0.000000,0.046139,-0.117006,-0.495814,0.000000,0.000000,0.000000,1.000000,1.000000
1782451368.570838,706,0.000470,inf,STAND_TEST,0.000000,0.046686,-0.118769,-0.496222,0.000000,0.000000,0.000000,1.000000,1.000000
1782451368.590861,707,0.000438,inf,STAND_TEST,0.000000,0.047094,-0.120220,-0.496696,0.000000,0.000000,0.000000,1.000000,1.000000
1782451368.611084,708,0.000606,inf,STAND_TEST,0.000000,0.047404,-0.121618,-0.497283,0.000000,0.000000,0.000000,1.000000,1.000000
1782451368.631227,709,0.000440,inf,STAND_TEST,0.000000,0.047730,-0.122883,-0.497842,0.000000,0.000000,0.000000,1.000000,1.000000
1782451368.651288,710,0.000445,inf,STAND_TEST,0.000000,0.047973,-0.123969,-0.498188,0.000000,0.000000,0.000000,1.000000,1.000000
1782451368.671382,711,0.000485,inf,STAND_TEST,0.000000,0.048261,-0.124806,-0.498561,0.000000,0.000000,0.000000,1.000000,1.000000
1782451368.691392,712,0.000441,inf,STAND_TEST,0.000000,0.048498,-0.125446,-0.498843,0.000000,0.000000,0.000000,1.000000,1.000000
1782451368.711399,713,0.000393,inf,STAND_TEST,0.000000,0.048634,-0.125761,-0.499016,0.000000,0.000000,0.000000,1.000000,1.000000
1782451368.731711,714,0.000652,inf,STAND_TEST,0.000000,0.048752,-0.125633,-0.499170,0.000000,0.000000,0.000000,1.000000,1.000000
1782451368.751788,715,0.000673,inf,STAND_TEST,0.000000,0.048767,-0.125206,-0.499162,0.000000,0.000000,0.000000,1.000000,1.000000
1782451368.771783,716,0.000457,inf,STAND_TEST,0.000000,0.048773,-0.124422,-0.499051,0.000000,0.000000,0.000000,1.000000,1.000000
1782451368.791807,717,0.000423,inf,STAND_TEST,0.000000,0.048723,-0.123608,-0.498815,0.000000,0.000000,0.000000,1.000000,1.000000
1782451368.811849,718,0.000411,inf,STAND_TEST,0.000000,0.048557,-0.122608,-0.498353,0.000000,0.000000,0.000000,1.000000,1.000000
1782451368.831924,719,0.000430,inf,STAND_TEST,0.000000,0.048310,-0.121305,-0.497689,0.000000,0.000000,0.000000,1.000000,1.000000
1782451368.852180,720,0.000633,inf,STAND_TEST,0.000000,0.048036,-0.119620,-0.496954,0.000000,0.000000,0.000000,1.000000,1.000000
1782451368.872042,721,0.000440,inf,STAND_TEST,0.000000,0.047704,-0.117706,-0.496367,0.000000,0.000000,0.000000,1.000000,1.000000
1782451368.892435,722,0.000739,inf,STAND_TEST,0.000000,0.047314,-0.115657,-0.496007,0.000000,0.000000,0.000000,1.000000,1.000000
1782451368.912414,723,0.000663,inf,STAND_TEST,0.000000,0.046783,-0.113131,-0.495731,0.000000,0.000000,0.000000,1.000000,1.000000
1782451368.932304,724,0.000423,inf,STAND_TEST,0.000000,0.046118,-0.110210,-0.495461,0.000000,0.000000,0.000000,1.000000,1.000000
1782451368.952426,725,0.000433,inf,STAND_TEST,0.000000,0.045399,-0.107127,-0.495232,0.000000,0.000000,0.000000,1.000000,1.000000
1782451368.972522,726,0.000422,inf,STAND_TEST,0.000000,0.044473,-0.103741,-0.494935,0.000000,0.000000,0.000000,1.000000,1.000000
1782451368.992631,727,0.000424,inf,STAND_TEST,0.000000,0.043430,-0.100069,-0.494570,0.000000,0.000000,0.000000,1.000000,1.000000
1782451369.012988,728,0.000681,inf,STAND_TEST,0.000000,0.042238,-0.096132,-0.494232,0.000000,0.000000,0.000000,1.000000,1.000000
1782451369.033031,729,0.000425,inf,STAND_TEST,0.000000,0.040961,-0.091741,-0.493989,0.000000,0.000000,0.000000,1.000000,1.000000
1782451369.053133,730,0.000421,inf,STAND_TEST,0.000000,0.039731,-0.087325,-0.493785,0.000000,0.000000,0.000000,1.000000,1.000000
1782451369.073243,731,0.000420,inf,STAND_TEST,0.000000,0.038434,-0.082713,-0.493544,0.000000,0.000000,0.000000,1.000000,1.000000
1782451369.093585,732,0.000641,inf,STAND_TEST,0.000000,0.037063,-0.077874,-0.493056,0.000000,0.000000,0.000000,1.000000,1.000000
1782451369.113731,733,0.000682,inf,STAND_TEST,0.000000,0.035688,-0.073238,-0.492755,0.000000,0.000000,0.000000,1.000000,1.000000
1782451369.133840,734,0.000682,inf,STAND_TEST,0.000000,0.034214,-0.068091,-0.492460,0.000000,0.000000,0.000000,1.000000,1.000000
1782451369.153787,735,0.000427,inf,STAND_TEST,0.000000,0.032664,-0.062501,-0.492076,0.000000,0.000000,0.000000,1.000000,1.000000
1782451369.173917,736,0.000435,inf,STAND_TEST,0.000000,0.031346,-0.057817,-0.491703,0.000000,0.000000,0.000000,1.000000,1.000000
1782451369.193931,737,0.000421,inf,STAND_TEST,0.000000,0.029971,-0.053084,-0.491369,0.000000,0.000000,0.000000,1.000000,1.000000
1782451369.213953,738,0.000424,inf,STAND_TEST,0.000000,0.028499,-0.048328,-0.491052,0.000000,0.000000,0.000000,1.000000,1.000000
1782451369.234007,739,0.000420,inf,STAND_TEST,0.000000,0.027131,-0.043885,-0.490775,0.000000,0.000000,0.000000,1.000000,1.000000
1782451369.254399,740,0.000754,inf,STAND_TEST,0.000000,0.025880,-0.039676,-0.490476,0.000000,0.000000,0.000000,1.000000,1.000000
1782451369.274335,741,0.000419,inf,STAND_TEST,0.000000,0.024540,-0.034969,-0.490187,0.000000,0.000000,0.000000,1.000000,1.000000
1782451369.294576,742,0.000511,inf,STAND_TEST,0.000000,0.023266,-0.030495,-0.489671,0.000000,0.000000,0.000000,1.000000,1.000000
1782451369.314542,743,0.000423,inf,STAND_TEST,0.000000,0.022054,-0.026054,-0.489044,0.000000,0.000000,0.000000,1.000000,1.000000
1782451369.334698,744,0.000484,inf,STAND_TEST,0.000000,0.020985,-0.021644,-0.488759,0.000000,0.000000,0.000000,1.000000,1.000000
1782451369.354933,745,0.000664,inf,STAND_TEST,0.000000,0.019945,-0.017310,-0.488711,0.000000,0.000000,0.000000,1.000000,1.000000
1782451369.374987,746,0.000451,inf,STAND_TEST,0.000000,0.018767,-0.012821,-0.488556,0.000000,0.000000,0.000000,1.000000,1.000000
1782451369.395029,747,0.000407,inf,STAND_TEST,0.000000,0.017704,-0.008582,-0.488324,0.000000,0.000000,0.000000,1.000000,1.000000
1782451369.415078,748,0.000403,inf,STAND_TEST,0.000000,0.016503,-0.004232,-0.488127,0.000000,0.000000,0.000000,1.000000,1.000000
1782451369.435208,749,0.000478,inf,STAND_TEST,0.000000,0.015331,0.000212,-0.488111,0.000000,0.000000,0.000000,1.000000,1.000000
1782451369.455413,750,0.000630,inf,STAND_TEST,0.000000,0.014372,0.004367,-0.488025,0.000000,0.000000,0.000000,1.000000,1.000000
1782451369.475490,751,0.000653,inf,STAND_TEST,0.000000,0.013495,0.008120,-0.487969,0.000000,0.000000,0.000000,1.000000,1.000000
1782451369.495429,752,0.000532,inf,STAND_TEST,0.000000,0.012536,0.012008,-0.488004,0.000000,0.000000,0.000000,1.000000,1.000000
1782451369.515813,753,0.000814,inf,STAND_TEST,0.000000,0.011690,0.015393,-0.487979,0.000000,0.000000,0.000000,1.000000,1.000000
1782451369.535793,754,0.000737,inf,STAND_TEST,0.000000,0.010980,0.018406,-0.488018,0.000000,0.000000,0.000000,1.000000,1.000000
1782451369.555565,755,0.000455,inf,STAND_TEST,0.000000,0.010254,0.021576,-0.488177,0.000000,0.000000,0.000000,1.000000,1.000000
1782451369.575599,756,0.000435,inf,STAND_TEST,0.000000,0.009608,0.024306,-0.488184,0.000000,0.000000,0.000000,1.000000,1.000000
1782451369.595645,757,0.000426,inf,STAND_TEST,0.000000,0.008960,0.027094,-0.488324,0.000000,0.000000,0.000000,1.000000,1.000000
1782451369.615661,758,0.000389,inf,STAND_TEST,0.000000,0.008412,0.029389,-0.488491,0.000000,0.000000,0.000000,1.000000,1.000000
1782451369.635711,759,0.000384,inf,STAND_TEST,0.000000,0.007866,0.031639,-0.488641,0.000000,0.000000,0.000000,1.000000,1.000000
1782451369.655821,760,0.000440,inf,STAND_TEST,0.000000,0.007335,0.033615,-0.488785,0.000000,0.000000,0.000000,1.000000,1.000000
1782451369.676107,761,0.000672,inf,STAND_TEST,0.000000,0.006778,0.035436,-0.488935,0.000000,0.000000,0.000000,1.000000,1.000000
1782451369.696117,762,0.000627,inf,STAND_TEST,0.000000,0.006272,0.036989,-0.488961,0.000000,0.000000,0.000000,1.000000,1.000000
1782451369.716168,763,0.000624,inf,STAND_TEST,0.000000,0.005836,0.038370,-0.488999,0.000000,0.000000,0.000000,1.000000,1.000000
1782451369.736063,764,0.000443,inf,STAND_TEST,0.000000,0.005598,0.039467,-0.488890,0.000000,0.000000,0.000000,1.000000,1.000000
1782451369.756083,765,0.000410,inf,STAND_TEST,0.000000,0.005479,0.040357,-0.488603,0.000000,0.000000,0.000000,1.000000,1.000000
1782451369.776119,766,0.000392,inf,STAND_TEST,0.000000,0.005346,0.040972,-0.488438,0.000000,0.000000,0.000000,1.000000,1.000000
1782451369.796150,767,0.000367,inf,STAND_TEST,0.000000,0.005223,0.041358,-0.488329,0.000000,0.000000,0.000000,1.000000,1.000000
1782451369.816600,768,0.000712,inf,STAND_TEST,0.000000,0.005111,0.041605,-0.488167,0.000000,0.000000,0.000000,1.000000,1.000000
1782451369.836787,769,0.000800,inf,STAND_TEST,0.000000,0.004928,0.041681,-0.488049,0.000000,0.000000,0.000000,1.000000,1.000000
1782451369.856766,770,0.000666,inf,STAND_TEST,0.000000,0.004681,0.041649,-0.487991,0.000000,0.000000,0.000000,1.000000,1.000000
1782451369.876706,771,0.000420,inf,STAND_TEST,0.000000,0.004526,0.041464,-0.487886,0.000000,0.000000,0.000000,1.000000,1.000000
1782451369.896918,772,0.000447,inf,STAND_TEST,0.000000,0.004459,0.041227,-0.487812,0.000000,0.000000,0.000000,1.000000,1.000000
1782451369.917014,773,0.000435,inf,STAND_TEST,0.000000,0.004432,0.040829,-0.487720,0.000000,0.000000,0.000000,1.000000,1.000000
1782451369.937364,774,0.000687,inf,STAND_TEST,0.000000,0.004443,0.040369,-0.487651,0.000000,0.000000,0.000000,1.000000,1.000000
1782451369.957449,775,0.000415,inf,STAND_TEST,0.000000,0.004436,0.039846,-0.487570,0.000000,0.000000,0.000000,1.000000,1.000000
1782451369.977561,776,0.000424,inf,STAND_TEST,0.000000,0.004462,0.039341,-0.487452,0.000000,0.000000,0.000000,1.000000,1.000000
1782451369.997668,777,0.000428,inf,STAND_TEST,0.000000,0.004503,0.038730,-0.487381,0.000000,0.000000,0.000000,1.000000,1.000000
1782451370.017777,778,0.000429,inf,STAND_TEST,0.000000,0.004569,0.038100,-0.487234,0.000000,0.000000,0.000000,1.000000,1.000000
1782451370.038118,779,0.000672,inf,STAND_TEST,0.000000,0.004612,0.037484,-0.487119,0.000000,0.000000,0.000000,1.000000,1.000000
1782451370.058176,780,0.000672,inf,STAND_TEST,0.000000,0.004674,0.036824,-0.486969,0.000000,0.000000,0.000000,1.000000,1.000000
1782451370.077937,781,0.000414,inf,STAND_TEST,0.000000,0.004729,0.036208,-0.486861,0.000000,0.000000,0.000000,1.000000,1.000000
1782451370.098214,782,0.000452,inf,STAND_TEST,0.000000,0.004779,0.035760,-0.486779,0.000000,0.000000,0.000000,1.000000,1.000000
1782451370.118196,783,0.000381,inf,STAND_TEST,0.000000,0.004799,0.035342,-0.486733,0.000000,0.000000,0.000000,1.000000,1.000000
1782451370.138292,784,0.000423,inf,STAND_TEST,0.000000,0.004801,0.034984,-0.486703,0.000000,0.000000,0.000000,1.000000,1.000000
1782451370.158575,785,0.000650,inf,STAND_TEST,0.000000,0.004794,0.034782,-0.486648,0.000000,0.000000,0.000000,1.000000,1.000000
1782451370.178622,786,0.000642,inf,STAND_TEST,0.000000,0.004749,0.034788,-0.486625,0.000000,0.000000,0.000000,1.000000,1.000000
1782451370.198643,787,0.000610,inf,STAND_TEST,0.000000,0.004696,0.035000,-0.486602,0.000000,0.000000,0.000000,1.000000,1.000000
1782451370.218683,788,0.000416,inf,STAND_TEST,0.000000,0.004596,0.035519,-0.486536,0.000000,0.000000,0.000000,1.000000,1.000000
1782451370.238724,789,0.000403,inf,STAND_TEST,0.000000,0.004485,0.036538,-0.486501,0.000000,0.000000,0.000000,1.000000,1.000000
1782451370.258759,790,0.000385,inf,STAND_TEST,0.000000,0.004308,0.037793,-0.486490,0.000000,0.000000,0.000000,1.000000,1.000000
1782451370.278907,791,0.000477,inf,STAND_TEST,0.000000,0.004145,0.039175,-0.486539,0.000000,0.000000,0.000000,1.000000,1.000000
1782451370.298947,792,0.000463,inf,STAND_TEST,0.000000,0.003938,0.040872,-0.486638,0.000000,0.000000,0.000000,1.000000,1.000000
1782451370.318962,793,0.000453,inf,STAND_TEST,0.000000,0.003714,0.042767,-0.486801,0.000000,0.000000,0.000000,1.000000,1.000000
1782451370.339227,794,0.000664,inf,STAND_TEST,0.000000,0.003424,0.044871,-0.486854,0.000000,0.000000,0.000000,1.000000,1.000000
1782451370.359245,795,0.000628,inf,STAND_TEST,0.000000,0.003178,0.046894,-0.486944,0.000000,0.000000,0.000000,1.000000,1.000000
1782451370.379319,796,0.000647,inf,STAND_TEST,0.000000,0.002909,0.049148,-0.487028,0.000000,0.000000,0.000000,1.000000,1.000000
1782451370.399159,797,0.000408,inf,STAND_TEST,0.000000,0.002628,0.051756,-0.487090,0.000000,0.000000,0.000000,1.000000,1.000000
1782451370.419361,798,0.000545,inf,STAND_TEST,0.000000,0.002332,0.054261,-0.487254,0.000000,0.000000,0.000000,1.000000,1.000000
1782451370.439390,799,0.000518,inf,STAND_TEST,0.000000,0.001980,0.056965,-0.487555,0.000000,0.000000,0.000000,1.000000,1.000000
1782451370.459363,800,0.000437,inf,STAND_TEST,0.000000,0.001603,0.059676,-0.487780,0.000000,0.000000,0.000000,1.000000,1.000000
1782451370.479417,801,0.000437,inf,STAND_TEST,0.000000,0.001233,0.062331,-0.488000,0.000000,0.000000,0.000000,1.000000,1.000000
1782451370.499710,802,0.000676,inf,STAND_TEST,0.000000,0.000859,0.064755,-0.488253,0.000000,0.000000,0.000000,1.000000,1.000000
1782451370.519734,803,0.000646,inf,STAND_TEST,0.000000,0.000453,0.067493,-0.488419,0.000000,0.000000,0.000000,1.000000,1.000000
1782451370.539783,804,0.000641,inf,STAND_TEST,0.000000,0.000079,0.070078,-0.488494,0.000000,0.000000,0.000000,1.000000,1.000000
1782451370.559846,805,0.000650,inf,STAND_TEST,0.000000,-0.000320,0.072869,-0.488564,0.000000,0.000000,0.000000,1.000000,1.000000
1782451370.579772,806,0.000494,inf,STAND_TEST,0.000000,-0.000634,0.075812,-0.488584,0.000000,0.000000,0.000000,1.000000,1.000000
1782451370.599750,807,0.000420,inf,STAND_TEST,0.000000,-0.000959,0.078630,-0.488533,0.000000,0.000000,0.000000,1.000000,1.000000
1782451370.619789,808,0.000405,inf,STAND_TEST,0.000000,-0.001248,0.081783,-0.488494,0.000000,0.000000,0.000000,1.000000,1.000000
1782451370.639853,809,0.000415,inf,STAND_TEST,0.000000,-0.001546,0.084875,-0.488533,0.000000,0.000000,0.000000,1.000000,1.000000
1782451370.659886,810,0.000395,inf,STAND_TEST,0.000000,-0.001725,0.087797,-0.488661,0.000000,0.000000,0.000000,1.000000,1.000000
1782451370.680157,811,0.000612,inf,STAND_TEST,0.000000,-0.001909,0.090534,-0.488740,0.000000,0.000000,0.000000,1.000000,1.000000
1782451370.700251,812,0.000652,inf,STAND_TEST,0.000000,-0.002103,0.092913,-0.488803,0.000000,0.000000,0.000000,1.000000,1.000000
1782451370.720284,813,0.000631,inf,STAND_TEST,0.000000,-0.002322,0.094967,-0.489112,0.000000,0.000000,0.000000,1.000000,1.000000
1782451370.740304,814,0.000418,inf,STAND_TEST,0.000000,-0.002459,0.096869,-0.489463,0.000000,0.000000,0.000000,1.000000,1.000000
1782451370.760428,815,0.000486,inf,STAND_TEST,0.000000,-0.002662,0.098570,-0.489918,0.000000,0.000000,0.000000,1.000000,1.000000
1782451370.780426,816,0.000430,inf,STAND_TEST,0.000000,-0.002880,0.100124,-0.490437,0.000000,0.000000,0.000000,1.000000,1.000000
1782451370.800450,817,0.000400,inf,STAND_TEST,0.000000,-0.003053,0.101630,-0.490928,0.000000,0.000000,0.000000,1.000000,1.000000
1782451370.820482,818,0.000378,inf,STAND_TEST,0.000000,-0.003162,0.103041,-0.491389,0.000000,0.000000,0.000000,1.000000,1.000000
1782451370.840592,819,0.000435,inf,STAND_TEST,0.000000,-0.003326,0.104298,-0.491659,0.000000,0.000000,0.000000,1.000000,1.000000
1782451370.860804,820,0.000593,inf,STAND_TEST,0.000000,-0.003451,0.105332,-0.491799,0.000000,0.000000,0.000000,1.000000,1.000000
1782451370.880754,821,0.000388,inf,STAND_TEST,0.000000,-0.003573,0.106241,-0.491937,0.000000,0.000000,0.000000,1.000000,1.000000
1782451370.900839,822,0.000420,inf,STAND_TEST,0.000000,-0.003691,0.107055,-0.492253,0.000000,0.000000,0.000000,1.000000,1.000000
1782451370.920893,823,0.000422,inf,STAND_TEST,0.000000,-0.003818,0.107591,-0.492620,0.000000,0.000000,0.000000,1.000000,1.000000
1782451370.940928,824,0.000402,inf,STAND_TEST,0.000000,-0.003931,0.108067,-0.492805,0.000000,0.000000,0.000000,1.000000,1.000000
1782451370.960984,825,0.000405,inf,STAND_TEST,0.000000,-0.004030,0.108430,-0.492891,0.000000,0.000000,0.000000,1.000000,1.000000
1782451370.981007,826,0.000375,inf,STAND_TEST,0.000000,-0.004113,0.108654,-0.493013,0.000000,0.000000,0.000000,1.000000,1.000000
1782451371.001323,827,0.000637,inf,STAND_TEST,0.000000,-0.004139,0.108752,-0.493006,0.000000,0.000000,0.000000,1.000000,1.000000
1782451371.021359,828,0.000620,inf,STAND_TEST,0.000000,-0.004153,0.108593,-0.492975,0.000000,0.000000,0.000000,1.000000,1.000000
1782451371.041496,829,0.000703,inf,STAND_TEST,0.000000,-0.004155,0.108392,-0.492896,0.000000,0.000000,0.000000,1.000000,1.000000
1782451371.061340,830,0.000442,inf,STAND_TEST,0.000000,-0.004136,0.108015,-0.492810,0.000000,0.000000,0.000000,1.000000,1.000000
1782451371.081427,831,0.000421,inf,STAND_TEST,0.000000,-0.004093,0.107565,-0.492733,0.000000,0.000000,0.000000,1.000000,1.000000
1782451371.101533,832,0.000424,inf,STAND_TEST,0.000000,-0.003994,0.107035,-0.492609,0.000000,0.000000,0.000000,1.000000,1.000000
1782451371.121638,833,0.000430,inf,STAND_TEST,0.000000,-0.003860,0.106338,-0.492524,0.000000,0.000000,0.000000,1.000000,1.000000
1782451371.141986,834,0.000679,inf,STAND_TEST,0.000000,-0.003713,0.105539,-0.492441,0.000000,0.000000,0.000000,1.000000,1.000000
1782451371.162145,835,0.000731,inf,STAND_TEST,0.000000,-0.003560,0.104597,-0.492263,0.000000,0.000000,0.000000,1.000000,1.000000
1782451371.182094,836,0.000424,inf,STAND_TEST,0.000000,-0.003358,0.103471,-0.492042,0.000000,0.000000,0.000000,1.000000,1.000000
1782451371.202190,837,0.000415,inf,STAND_TEST,0.000000,-0.003182,0.102311,-0.491818,0.000000,0.000000,0.000000,1.000000,1.000000
1782451371.222294,838,0.000418,inf,STAND_TEST,0.000000,-0.003042,0.101060,-0.491567,0.000000,0.000000,0.000000,1.000000,1.000000
1782451371.242612,839,0.000679,inf,STAND_TEST,0.000000,-0.002909,0.099735,-0.491193,0.000000,0.000000,0.000000,1.000000,1.000000
1782451371.262782,840,0.000748,inf,STAND_TEST,0.000000,-0.002791,0.098399,-0.490733,0.000000,0.000000,0.000000,1.000000,1.000000
1782451371.282750,841,0.000459,inf,STAND_TEST,0.000000,-0.002712,0.096830,-0.490128,0.000000,0.000000,0.000000,1.000000,1.000000
1782451371.302772,842,0.000426,inf,STAND_TEST,0.000000,-0.002604,0.095326,-0.489380,0.000000,0.000000,0.000000,1.000000,1.000000
1782451371.322832,843,0.000432,inf,STAND_TEST,0.000000,-0.002519,0.093833,-0.488680,0.000000,0.000000,0.000000,1.000000,1.000000
1782451371.342911,844,0.000455,inf,STAND_TEST,0.000000,-0.002432,0.092256,-0.488205,0.000000,0.000000,0.000000,1.000000,1.000000
1782451371.363203,845,0.000691,inf,STAND_TEST,0.000000,-0.002332,0.090638,-0.488099,0.000000,0.000000,0.000000,1.000000,1.000000
1782451371.383339,846,0.000774,inf,STAND_TEST,0.000000,-0.002201,0.088837,-0.487980,0.000000,0.000000,0.000000,1.000000,1.000000
1782451371.403264,847,0.000645,inf,STAND_TEST,0.000000,-0.002054,0.087189,-0.487794,0.000000,0.000000,0.000000,1.000000,1.000000
1782451371.423354,848,0.000680,inf,STAND_TEST,0.000000,-0.001909,0.085423,-0.487712,0.000000,0.000000,0.000000,1.000000,1.000000
1782451371.443352,849,0.000458,inf,STAND_TEST,0.000000,-0.001761,0.083574,-0.487687,0.000000,0.000000,0.000000,1.000000,1.000000
1782451371.463345,850,0.000396,inf,STAND_TEST,0.000000,-0.001602,0.081545,-0.487686,0.000000,0.000000,0.000000,1.000000,1.000000
1782451371.483450,851,0.000453,inf,STAND_TEST,0.000000,-0.001407,0.079560,-0.487695,0.000000,0.000000,0.000000,1.000000,1.000000
1782451371.503852,852,0.000800,inf,STAND_TEST,0.000000,-0.001232,0.077513,-0.487770,0.000000,0.000000,0.000000,1.000000,1.000000
1782451371.523519,853,0.000414,inf,STAND_TEST,0.000000,-0.001056,0.075398,-0.487773,0.000000,0.000000,0.000000,1.000000,1.000000
1782451371.543643,854,0.000482,inf,STAND_TEST,0.000000,-0.000889,0.073413,-0.487708,0.000000,0.000000,0.000000,1.000000,1.000000
1782451371.563836,855,0.000621,inf,STAND_TEST,0.000000,-0.000737,0.071202,-0.487806,0.000000,0.000000,0.000000,1.000000,1.000000
1782451371.583775,856,0.000381,inf,STAND_TEST,0.000000,-0.000561,0.069024,-0.487725,0.000000,0.000000,0.000000,1.000000,1.000000
1782451371.603825,857,0.000376,inf,STAND_TEST,0.000000,-0.000376,0.067022,-0.487681,0.000000,0.000000,0.000000,1.000000,1.000000
1782451371.623986,858,0.000450,inf,STAND_TEST,0.000000,-0.000205,0.065245,-0.487747,0.000000,0.000000,0.000000,1.000000,1.000000
1782451371.644078,859,0.000437,inf,STAND_TEST,0.000000,0.000004,0.063386,-0.487710,0.000000,0.000000,0.000000,1.000000,1.000000
1782451371.664419,860,0.000663,inf,STAND_TEST,0.000000,0.000195,0.061405,-0.487693,0.000000,0.000000,0.000000,1.000000,1.000000
1782451371.684536,861,0.000674,inf,STAND_TEST,0.000000,0.000408,0.059737,-0.487621,0.000000,0.000000,0.000000,1.000000,1.000000
1782451371.704752,862,0.000428,inf,STAND_TEST,0.000000,0.000632,0.057849,-0.487537,0.000000,0.000000,0.000000,1.000000,1.000000
1782451371.724835,863,0.000412,inf,STAND_TEST,0.000000,0.000848,0.056120,-0.487550,0.000000,0.000000,0.000000,1.000000,1.000000
1782451371.745273,864,0.000749,inf,STAND_TEST,0.000000,0.001100,0.054514,-0.487455,0.000000,0.000000,0.000000,1.000000,1.000000
1782451371.765296,865,0.000675,inf,STAND_TEST,0.000000,0.001353,0.053002,-0.487343,0.000000,0.000000,0.000000,1.000000,1.000000
1782451371.785342,866,0.000411,inf,STAND_TEST,0.000000,0.001613,0.051561,-0.487269,0.000000,0.000000,0.000000,1.000000,1.000000
1782451371.805457,867,0.000421,inf,STAND_TEST,0.000000,0.001813,0.050294,-0.487184,0.000000,0.000000,0.000000,1.000000,1.000000
1782451371.825824,868,0.000682,inf,STAND_TEST,0.000000,0.001998,0.049100,-0.487065,0.000000,0.000000,0.000000,1.000000,1.000000
1782451371.845963,869,0.000711,inf,STAND_TEST,0.000000,0.002172,0.048003,-0.486904,0.000000,0.000000,0.000000,1.000000,1.000000
1782451371.866031,870,0.000672,inf,STAND_TEST,0.000000,0.002347,0.047066,-0.486838,0.000000,0.000000,0.000000,1.000000,1.000000
1782451371.886041,871,0.000426,inf,STAND_TEST,0.000000,0.002528,0.046164,-0.486793,0.000000,0.000000,0.000000,1.000000,1.000000
1782451371.906114,872,0.000445,inf,STAND_TEST,0.000000,0.002637,0.045445,-0.486834,0.000000,0.000000,0.000000,1.000000,1.000000
1782451371.926133,873,0.000411,inf,STAND_TEST,0.000000,0.002767,0.044808,-0.486850,0.000000,0.000000,0.000000,1.000000,1.000000
1782451371.946211,874,0.000433,inf,STAND_TEST,0.000000,0.002877,0.044267,-0.486833,0.000000,0.000000,0.000000,1.000000,1.000000
1782451371.966491,875,0.000658,inf,STAND_TEST,0.000000,0.002926,0.043928,-0.486842,0.000000,0.000000,0.000000,1.000000,1.000000
1782451371.986534,876,0.000647,inf,STAND_TEST,0.000000,0.002977,0.043693,-0.486800,0.000000,0.000000,0.000000,1.000000,1.000000
1782451372.006584,877,0.000644,inf,STAND_TEST,0.000000,0.003038,0.043564,-0.486845,0.000000,0.000000,0.000000,1.000000,1.000000
1782451372.026560,878,0.000423,inf,STAND_TEST,0.000000,0.003053,0.043525,-0.486892,0.000000,0.000000,0.000000,1.000000,1.000000
1782451372.046622,879,0.000433,inf,STAND_TEST,0.000000,0.003038,0.043497,-0.486919,0.000000,0.000000,0.000000,1.000000,1.000000
1782451372.066635,880,0.000392,inf,STAND_TEST,0.000000,0.003027,0.043549,-0.486937,0.000000,0.000000,0.000000,1.000000,1.000000
1782451372.086696,881,0.000399,inf,STAND_TEST,0.000000,0.003028,0.043622,-0.486976,0.000000,0.000000,0.000000,1.000000,1.000000
1782451372.106772,882,0.000422,inf,STAND_TEST,0.000000,0.003026,0.043739,-0.487015,0.000000,0.000000,0.000000,1.000000,1.000000
1782451372.126834,883,0.000430,inf,STAND_TEST,0.000000,0.003020,0.043838,-0.487034,0.000000,0.000000,0.000000,1.000000,1.000000
1782451372.147090,884,0.000467,inf,STAND_TEST,0.000000,0.003028,0.043958,-0.487083,0.000000,0.000000,0.000000,1.000000,1.000000
1782451372.167300,885,0.000524,inf,STAND_TEST,0.000000,0.003022,0.044072,-0.487106,0.000000,0.000000,0.000000,1.000000,1.000000
1782451372.187289,886,0.000458,inf,STAND_TEST,0.000000,0.003013,0.044174,-0.487135,0.000000,0.000000,0.000000,1.000000,1.000000
1782451372.207356,887,0.000472,inf,STAND_TEST,0.000000,0.003002,0.044237,-0.487148,0.000000,0.000000,0.000000,1.000000,1.000000
1782451372.227556,888,0.000619,inf,STAND_TEST,0.000000,0.002979,0.044292,-0.487164,0.000000,0.000000,0.000000,1.000000,1.000000
1782451372.247626,889,0.000635,inf,STAND_TEST,0.000000,0.002948,0.044335,-0.487110,0.000000,0.000000,0.000000,1.000000,1.000000
1782451372.267707,890,0.000662,inf,STAND_TEST,0.000000,0.002922,0.044352,-0.487132,0.000000,0.000000,0.000000,1.000000,1.000000
1782451372.287686,891,0.000441,inf,STAND_TEST,0.000000,0.002898,0.044320,-0.487129,0.000000,0.000000,0.000000,1.000000,1.000000
1782451372.307744,892,0.000445,inf,STAND_TEST,0.000000,0.002876,0.044294,-0.487139,0.000000,0.000000,0.000000,1.000000,1.000000
1782451372.327816,893,0.000464,inf,STAND_TEST,0.000000,0.002889,0.044245,-0.487159,0.000000,0.000000,0.000000,1.000000,1.000000
1782451372.347816,894,0.000410,inf,STAND_TEST,0.000000,0.002873,0.044192,-0.487117,0.000000,0.000000,0.000000,1.000000,1.000000
1782451372.367914,895,0.000453,inf,STAND_TEST,0.000000,0.002861,0.044140,-0.487129,0.000000,0.000000,0.000000,1.000000,1.000000
1782451372.387930,896,0.000464,inf,STAND_TEST,0.000000,0.002883,0.044070,-0.487148,0.000000,0.000000,0.000000,1.000000,1.000000
1782451372.408200,897,0.000681,inf,STAND_TEST,0.000000,0.002926,0.044004,-0.487140,0.000000,0.000000,0.000000,1.000000,1.000000
1782451372.428224,898,0.000648,inf,STAND_TEST,0.000000,0.002957,0.043906,-0.487126,0.000000,0.000000,0.000000,1.000000,1.000000
1782451372.448545,899,0.000914,inf,STAND_TEST,0.000000,0.002969,0.043772,-0.487121,0.000000,0.000000,0.000000,1.000000,1.000000
1782451372.468190,900,0.000449,inf,STAND_TEST,0.000000,0.002979,0.043619,-0.487131,0.000000,0.000000,0.000000,1.000000,1.000000
1782451372.488292,901,0.000434,inf,STAND_TEST,0.000000,0.003003,0.043454,-0.487102,0.000000,0.000000,0.000000,1.000000,1.000000
1782451372.508418,902,0.000503,inf,STAND_TEST,0.000000,0.003032,0.043289,-0.487049,0.000000,0.000000,0.000000,1.000000,1.000000
1782451372.528400,903,0.000431,inf,STAND_TEST,0.000000,0.003059,0.043159,-0.487044,0.000000,0.000000,0.000000,1.000000,1.000000
1782451372.548499,904,0.000476,inf,STAND_TEST,0.000000,0.003081,0.042974,-0.486975,0.000000,0.000000,0.000000,1.000000,1.000000
1782451372.568750,905,0.000672,inf,STAND_TEST,0.000000,0.003094,0.042853,-0.486959,0.000000,0.000000,0.000000,1.000000,1.000000
1782451372.588787,906,0.000655,inf,STAND_TEST,0.000000,0.003108,0.042663,-0.486925,0.000000,0.000000,0.000000,1.000000,1.000000
1782451372.608798,907,0.000611,inf,STAND_TEST,0.000000,0.003077,0.042573,-0.486957,0.000000,0.000000,0.000000,1.000000,1.000000
1782451372.628851,908,0.000467,inf,STAND_TEST,0.000000,0.003086,0.042498,-0.486934,0.000000,0.000000,0.000000,1.000000,1.000000
1782451372.648879,909,0.000442,inf,STAND_TEST,0.000000,0.003091,0.042412,-0.486906,0.000000,0.000000,0.000000,1.000000,1.000000
1782451372.668910,910,0.000419,inf,STAND_TEST,0.000000,0.003103,0.042357,-0.486930,0.000000,0.000000,0.000000,1.000000,1.000000
1782451372.688964,911,0.000419,inf,STAND_TEST,0.000000,0.003090,0.042268,-0.486920,0.000000,0.000000,0.000000,1.000000,1.000000
1782451372.709042,912,0.000443,inf,STAND_TEST,0.000000,0.003105,0.042251,-0.486884,0.000000,0.000000,0.000000,1.000000,1.000000
1782451372.729091,913,0.000438,inf,STAND_TEST,0.000000,0.003120,0.042211,-0.486887,0.000000,0.000000,0.000000,1.000000,1.000000
1782451372.749367,914,0.000659,inf,STAND_TEST,0.000000,0.003127,0.042254,-0.486859,0.000000,0.000000,0.000000,1.000000,1.000000
1782451372.769400,915,0.000638,inf,STAND_TEST,0.000000,0.003156,0.042265,-0.486868,0.000000,0.000000,0.000000,1.000000,1.000000
1782451372.789320,916,0.000419,inf,STAND_TEST,0.000000,0.003169,0.042208,-0.486818,0.000000,0.000000,0.000000,1.000000,1.000000
1782451372.809359,917,0.000403,inf,STAND_TEST,0.000000,0.003166,0.042212,-0.486836,0.000000,0.000000,0.000000,1.000000,1.000000
1782451372.829449,918,0.000440,inf,STAND_TEST,0.000000,0.003157,0.042212,-0.486832,0.000000,0.000000,0.000000,1.000000,1.000000
1782451372.849668,919,0.000440,inf,STAND_TEST,0.000000,0.003146,0.042261,-0.486904,0.000000,0.000000,0.000000,1.000000,1.000000
1782451372.870014,920,0.000734,inf,STAND_TEST,0.000000,0.003134,0.042308,-0.486899,0.000000,0.000000,0.000000,1.000000,1.000000
1782451372.890144,921,0.000755,inf,STAND_TEST,0.000000,0.003096,0.042322,-0.486891,0.000000,0.000000,0.000000,1.000000,1.000000
1782451372.910118,922,0.000442,inf,STAND_TEST,0.000000,0.003074,0.042299,-0.486875,0.000000,0.000000,0.000000,1.000000,1.000000
1782451372.930147,923,0.000414,inf,STAND_TEST,0.000000,0.003074,0.042277,-0.486901,0.000000,0.000000,0.000000,1.000000,1.000000
1782451372.950228,924,0.000440,inf,STAND_TEST,0.000000,0.003043,0.042291,-0.486926,0.000000,0.000000,0.000000,1.000000,1.000000
1782451372.970266,925,0.000424,inf,STAND_TEST,0.000000,0.003048,0.042294,-0.486934,0.000000,0.000000,0.000000,1.000000,1.000000
1782451372.990644,926,0.000748,inf,STAND_TEST,0.000000,0.003043,0.042287,-0.486874,0.000000,0.000000,0.000000,1.000000,1.000000
1782451373.010829,927,0.000833,inf,STAND_TEST,0.000000,0.003050,0.042296,-0.486903,0.000000,0.000000,0.000000,1.000000,1.000000
1782451373.030751,928,0.000436,inf,STAND_TEST,0.000000,0.003069,0.042295,-0.486893,0.000000,0.000000,0.000000,1.000000,1.000000
1782451373.050852,929,0.000437,inf,STAND_TEST,0.000000,0.003059,0.042288,-0.486839,0.000000,0.000000,0.000000,1.000000,1.000000
1782451373.070952,930,0.000437,inf,STAND_TEST,0.000000,0.003072,0.042253,-0.486814,0.000000,0.000000,0.000000,1.000000,1.000000
1782451373.091040,931,0.000420,inf,STAND_TEST,0.000000,0.003072,0.042275,-0.486839,0.000000,0.000000,0.000000,1.000000,1.000000
1782451373.111308,932,0.000633,inf,STAND_TEST,0.000000,0.003070,0.042265,-0.486918,0.000000,0.000000,0.000000,1.000000,1.000000
1782451373.131361,933,0.000476,inf,STAND_TEST,0.000000,0.003091,0.042236,-0.486920,0.000000,0.000000,0.000000,1.000000,1.000000
1782451373.151465,934,0.000474,inf,STAND_TEST,0.000000,0.003126,0.042230,-0.486893,0.000000,0.000000,0.000000,1.000000,1.000000
1782451373.171536,935,0.000443,inf,STAND_TEST,0.000000,0.003088,0.042238,-0.486894,0.000000,0.000000,0.000000,1.000000,1.000000
1782451373.191879,936,0.000706,inf,STAND_TEST,0.000000,0.003088,0.042197,-0.486929,0.000000,0.000000,0.000000,1.000000,1.000000
1782451373.211963,937,0.000686,inf,STAND_TEST,0.000000,0.003098,0.042209,-0.486941,0.000000,0.000000,0.000000,1.000000,1.000000
1782451373.231956,938,0.000423,inf,STAND_TEST,0.000000,0.003100,0.042163,-0.486928,0.000000,0.000000,0.000000,1.000000,1.000000
1782451373.252064,939,0.000434,inf,STAND_TEST,0.000000,0.003092,0.042121,-0.486891,0.000000,0.000000,0.000000,1.000000,1.000000
1782451373.272122,940,0.000438,inf,STAND_TEST,0.000000,0.003105,0.042167,-0.486892,0.000000,0.000000,0.000000,1.000000,1.000000
1782451373.292305,941,0.000565,inf,STAND_TEST,0.000000,0.003104,0.042128,-0.486826,0.000000,0.000000,0.000000,1.000000,1.000000
1782451373.312253,942,0.000458,inf,STAND_TEST,0.000000,0.003086,0.042124,-0.486838,0.000000,0.000000,0.000000,1.000000,1.000000
1782451373.332500,943,0.000651,inf,STAND_TEST,0.000000,0.003093,0.042168,-0.486825,0.000000,0.000000,0.000000,1.000000,1.000000
1782451373.352539,944,0.000636,inf,STAND_TEST,0.000000,0.003075,0.042156,-0.486829,0.000000,0.000000,0.000000,1.000000,1.000000
1782451373.372544,945,0.000442,inf,STAND_TEST,0.000000,0.003062,0.042139,-0.486835,0.000000,0.000000,0.000000,1.000000,1.000000
1782451373.392717,946,0.000430,inf,STAND_TEST,0.000000,0.003065,0.042143,-0.486844,0.000000,0.000000,0.000000,1.000000,1.000000
1782451373.412748,947,0.000407,inf,STAND_TEST,0.000000,0.003072,0.042092,-0.486805,0.000000,0.000000,0.000000,1.000000,1.000000
1782451373.432858,948,0.000463,inf,STAND_TEST,0.000000,0.003050,0.042042,-0.486785,0.000000,0.000000,0.000000,1.000000,1.000000
1782451373.452896,949,0.000447,inf,STAND_TEST,0.000000,0.003066,0.042033,-0.486769,0.000000,0.000000,0.000000,1.000000,1.000000
1782451373.473158,950,0.000653,inf,STAND_TEST,0.000000,0.003063,0.042025,-0.486787,0.000000,0.000000,0.000000,1.000000,1.000000
1782451373.493207,951,0.000648,inf,STAND_TEST,0.000000,0.003058,0.042050,-0.486782,0.000000,0.000000,0.000000,1.000000,1.000000
1782451373.513295,952,0.000681,inf,STAND_TEST,0.000000,0.003038,0.042040,-0.486774,0.000000,0.000000,0.000000,1.000000,1.000000
1782451373.533288,953,0.000415,inf,STAND_TEST,0.000000,0.003035,0.042042,-0.486752,0.000000,0.000000,0.000000,1.000000,1.000000
1782451373.553424,954,0.000496,inf,STAND_TEST,0.000000,0.003034,0.042036,-0.486745,0.000000,0.000000,0.000000,1.000000,1.000000
1782451373.573396,955,0.000414,inf,STAND_TEST,0.000000,0.003019,0.042020,-0.486767,0.000000,0.000000,0.000000,1.000000,1.000000
1782451373.593481,956,0.000444,inf,STAND_TEST,0.000000,0.003035,0.042037,-0.486768,0.000000,0.000000,0.000000,1.000000,1.000000
1782451373.613524,957,0.000433,inf,STAND_TEST,0.000000,0.003048,0.042040,-0.486732,0.000000,0.000000,0.000000,1.000000,1.000000
1782451373.633799,958,0.000653,inf,STAND_TEST,0.000000,0.003039,0.042034,-0.486779,0.000000,0.000000,0.000000,1.000000,1.000000
1782451373.653843,959,0.000644,inf,STAND_TEST,0.000000,0.003044,0.042033,-0.486790,0.000000,0.000000,0.000000,1.000000,1.000000
1782451373.673804,960,0.000443,inf,STAND_TEST,0.000000,0.003043,0.042021,-0.486747,0.000000,0.000000,0.000000,1.000000,1.000000
1782451373.693848,961,0.000431,inf,STAND_TEST,0.000000,0.003029,0.042013,-0.486739,0.000000,0.000000,0.000000,1.000000,1.000000
1782451373.713920,962,0.000466,inf,STAND_TEST,0.000000,0.003025,0.042022,-0.486737,0.000000,0.000000,0.000000,1.000000,1.000000
1782451373.733955,963,0.000446,inf,STAND_TEST,0.000000,0.003070,0.042041,-0.486760,0.000000,0.000000,0.000000,1.000000,1.000000
1782451373.754060,964,0.000496,inf,STAND_TEST,0.000000,0.003053,0.042106,-0.486806,0.000000,0.000000,0.000000,1.000000,1.000000
1782451373.774276,965,0.000659,inf,STAND_TEST,0.000000,0.003001,0.042104,-0.486809,0.000000,0.000000,0.000000,1.000000,1.000000
1782451373.794349,966,0.000678,inf,STAND_TEST,0.000000,0.002993,0.042090,-0.486848,0.000000,0.000000,0.000000,1.000000,1.000000
1782451373.814379,967,0.000655,inf,STAND_TEST,0.000000,0.002962,0.042061,-0.486795,0.000000,0.000000,0.000000,1.000000,1.000000
1782451373.834479,968,0.000699,inf,STAND_TEST,0.000000,0.002963,0.042083,-0.486817,0.000000,0.000000,0.000000,1.000000,1.000000
1782451373.854318,969,0.000436,inf,STAND_TEST,0.000000,0.002951,0.042100,-0.486793,0.000000,0.000000,0.000000,1.000000,1.000000
1782451373.874339,970,0.000402,inf,STAND_TEST,0.000000,0.002946,0.042101,-0.486769,0.000000,0.000000,0.000000,1.000000,1.000000
1782451373.894434,971,0.000442,inf,STAND_TEST,0.000000,0.002946,0.042071,-0.486791,0.000000,0.000000,0.000000,1.000000,1.000000
1782451373.914468,972,0.000421,inf,STAND_TEST,0.000000,0.002994,0.042096,-0.486754,0.000000,0.000000,0.000000,1.000000,1.000000
1782451373.934547,973,0.000446,inf,STAND_TEST,0.000000,0.003022,0.042086,-0.486706,0.000000,0.000000,0.000000,1.000000,1.000000
1782451373.954591,974,0.000436,inf,STAND_TEST,0.000000,0.003013,0.042054,-0.486756,0.000000,0.000000,0.000000,1.000000,1.000000
1782451373.974997,975,0.000452,inf,STAND_TEST,0.000000,0.003008,0.042064,-0.486781,0.000000,0.000000,0.000000,1.000000,1.000000
1782451373.995149,976,0.000512,inf,STAND_TEST,0.000000,0.002998,0.042057,-0.486708,0.000000,0.000000,0.000000,1.000000,1.000000
1782451374.015122,977,0.000431,inf,STAND_TEST,0.000000,0.002982,0.042071,-0.486756,0.000000,0.000000,0.000000,1.000000,1.000000
1782451374.035147,978,0.000402,inf,STAND_TEST,0.000000,0.002967,0.042081,-0.486759,0.000000,0.000000,0.000000,1.000000,1.000000
1782451374.055203,979,0.000405,inf,STAND_TEST,0.000000,0.002943,0.042055,-0.486735,0.000000,0.000000,0.000000,1.000000,1.000000
1782451374.075237,980,0.000385,inf,STAND_TEST,0.000000,0.002925,0.042045,-0.486754,0.000000,0.000000,0.000000,1.000000,1.000000
1782451374.095520,981,0.000615,inf,STAND_TEST,0.000000,0.002924,0.042062,-0.486773,0.000000,0.000000,0.000000,1.000000,1.000000
1782451374.115400,982,0.000405,inf,STAND_TEST,0.000000,0.002953,0.042067,-0.486781,0.000000,0.000000,0.000000,1.000000,1.000000
1782451374.135618,983,0.000381,inf,STAND_TEST,0.000000,0.002957,0.042075,-0.486760,0.000000,0.000000,0.000000,1.000000,1.000000
1782451374.155717,984,0.000426,inf,STAND_TEST,0.000000,0.002970,0.042098,-0.486773,0.000000,0.000000,0.000000,1.000000,1.000000
1782451374.175752,985,0.000406,inf,STAND_TEST,0.000000,0.002945,0.042099,-0.486765,0.000000,0.000000,0.000000,1.000000,1.000000
1782451374.196043,986,0.000643,inf,STAND_TEST,0.000000,0.002941,0.042073,-0.486762,0.000000,0.000000,0.000000,1.000000,1.000000
1782451374.215844,987,0.000391,inf,STAND_TEST,0.000000,0.002920,0.042111,-0.486735,0.000000,0.000000,0.000000,1.000000,1.000000
1782451374.236112,988,0.000605,inf,STAND_TEST,0.000000,0.002914,0.042114,-0.486753,0.000000,0.000000,0.000000,1.000000,1.000000
1782451374.256321,989,0.000761,inf,STAND_TEST,0.000000,0.002935,0.042131,-0.486742,0.000000,0.000000,0.000000,1.000000,1.000000
1782451374.276303,990,0.000488,inf,STAND_TEST,0.000000,0.002911,0.042183,-0.486791,0.000000,0.000000,0.000000,1.000000,1.000000
1782451374.296364,991,0.000491,inf,STAND_TEST,0.000000,0.002913,0.042177,-0.486775,0.000000,0.000000,0.000000,1.000000,1.000000
1782451374.316644,992,0.000715,inf,STAND_TEST,0.000000,0.002890,0.042187,-0.486760,0.000000,0.000000,0.000000,1.000000,1.000000
1782451374.336468,993,0.000482,inf,STAND_TEST,0.000000,0.002910,0.042163,-0.486721,0.000000,0.000000,0.000000,1.000000,1.000000
1782451374.356871,994,0.000830,inf,STAND_TEST,0.000000,0.002885,0.042150,-0.486690,0.000000,0.000000,0.000000,1.000000,1.000000
1782451374.376577,995,0.000480,inf,STAND_TEST,0.000000,0.002879,0.042168,-0.486683,0.000000,0.000000,0.000000,1.000000,1.000000
1782451374.396853,996,0.000697,inf,STAND_TEST,0.000000,0.002882,0.042200,-0.486703,0.000000,0.000000,0.000000,1.000000,1.000000
1782451374.416858,997,0.000464,inf,STAND_TEST,0.000000,0.002882,0.042233,-0.486701,0.000000,0.000000,0.000000,1.000000,1.000000
1782451374.436935,998,0.000441,inf,STAND_TEST,0.000000,0.002874,0.042260,-0.486692,0.000000,0.000000,0.000000,1.000000,1.000000
1782451374.457607,999,0.000939,inf,STAND_TEST,0.000000,0.002860,0.042288,-0.486683,0.000000,0.000000,0.000000,1.000000,1.000000
