timestamp,frame_id,loop_dt,redis_age,mode,risk_score,roll,pitch,yaw,max_tracking_error,rms_tracking_error,max_torque_ratio,ramp
1782218821.098516,228,0.005057,0.010212,SAFE_STAND,0.012348,0.000000,0.000000,0.000000,0.000000,0.000000,0.000000,1.000000
1782218821.116866,229,0.002830,0.009033,SAFE_STAND,0.008286,0.000000,0.000000,0.000000,0.000000,0.000000,0.000000,1.000000
1782218821.136585,230,0.002380,0.008991,SAFE_STAND,0.007796,0.000000,0.000000,0.000000,0.000000,0.000000,0.000000,1.000000
1782218821.155681,231,0.001391,0.008960,SAFE_STAND,0.006196,0.000000,0.000000,0.000000,0.000000,0.000000,0.000000,1.000000
1782218821.175496,232,0.001076,0.009260,SAFE_STAND,0.005915,0.000000,0.000000,0.000000,0.000000,0.000000,0.000000,1.000000
1782218821.195977,233,0.001483,0.010058,SAFE_STAND,0.006896,0.000000,0.000000,0.000000,0.000000,0.000000,0.000000,1.000000
1782218821.216001,234,0.001386,0.010005,SAFE_STAND,0.006536,0.000000,0.000000,0.000000,0.000000,0.000000,0.000000,1.000000
1782218821.237252,235,0.002481,0.010087,SAFE_STAND,0.008281,0.000000,0.000000,0.000000,0.000000,0.000000,0.000000,1.000000
1782218821.257015,236,0.002082,0.010235,SAFE_STAND,0.007726,0.000000,0.000000,0.000000,0.000000,0.000000,0.000000,1.000000
1782218821.276887,237,0.001817,0.010506,SAFE_STAND,0.007417,0.000000,0.000000,0.000000,0.000000,0.000000,0.000000,1.000000
1782218821.296909,238,0.001700,0.010495,SAFE_STAND,0.007425,0.000000,0.000000,0.000000,0.000000,0.000000,0.000000,1.000000
1782218821.316670,239,0.001353,0.010426,SAFE_STAND,0.006873,0.000000,0.000000,0.000000,0.000000,0.000000,0.000000,1.000000
1782218821.337338,240,0.001943,0.010155,SAFE_STAND,0.007679,0.000000,0.000000,0.000000,0.000000,0.000000,0.000000,1.000000
1782218821.357375,241,0.001901,0.010454,SAFE_STAND,0.007748,0.000000,0.000000,0.000000,0.000000,0.000000,0.000000,1.000000
1782218821.376942,242,0.001390,0.009721,TRACKING,0.006314,0.000000,0.000000,0.000000,0.000000,0.000000,0.000000,0.000001
1782218821.398296,243,0.002647,0.009641,TRACKING,0.008328,0.000000,0.000000,0.000000,0.000002,0.000001,0.000000,0.021375
1782218821.417841,244,0.002096,0.009594,TRACKING,0.009872,0.000000,0.000000,0.000000,0.047594,0.012651,0.000000,0.040929
1782218821.437945,245,0.002103,0.009771,TRACKING,0.012401,0.000000,0.000000,0.000000,0.093182,0.024579,0.000000,0.061108
1782218821.457354,246,0.001427,0.009839,TRACKING,0.013766,0.000000,0.000000,0.000000,0.142140,0.037114,0.000000,0.072762
1782218821.477796,247,0.001732,0.010844,TRACKING,0.016077,0.000000,0.000000,0.000000,0.170548,0.044152,0.000000,0.076850
1782218821.498064,248,0.001871,0.010021,TRACKING,0.016157,0.000000,0.000000,0.000000,0.176855,0.045536,0.000000,0.080903
1782218821.517881,249,0.001553,0.010123,TRACKING,0.015735,0.000000,0.000000,0.000000,0.176999,0.045585,0.000000,0.084868
1782218821.537768,250,0.001311,0.010197,TRACKING,0.015127,0.000000,0.000000,0.000000,0.170073,0.044265,0.000000,0.088845
1782218821.557935,251,0.001352,0.010237,TRACKING,0.014872,0.000000,0.000000,0.000000,0.158970,0.042471,0.000000,0.092878
1782218821.578271,252,0.001558,0.010367,TRACKING,0.014898,0.000000,0.000000,0.000000,0.144739,0.040366,0.000000,0.096949
1782218821.598605,253,0.001765,0.010423,TRACKING,0.014846,0.000000,0.000000,0.000000,0.129878,0.038467,0.000000,0.101012
1782218821.618634,254,0.001667,0.010507,TRACKING,0.014449,0.000000,0.000000,0.000000,0.115410,0.036960,0.000000,0.105018
1782218821.638961,255,0.001866,0.010556,TRACKING,0.014704,0.000000,0.000000,0.000000,0.110377,0.036548,0.000000,0.109083
1782218821.659050,256,0.001825,0.010621,TRACKING,0.014893,0.000000,0.000000,0.000000,0.103399,0.037727,0.000000,0.113101
1782218821.679479,257,0.002122,0.010784,TRACKING,0.015429,0.000000,0.000000,0.000000,0.092600,0.038880,0.000000,0.117169
1782218821.699706,258,0.002250,0.010588,TRACKING,0.016006,0.000000,0.000000,0.000000,0.092825,0.041303,0.000000,0.121214
1782218821.719206,259,0.001655,0.010529,TRACKING,0.015739,0.000000,0.000000,0.000000,0.095715,0.044802,0.000000,0.125117
1782218821.739950,260,0.002286,0.011553,TRACKING,0.017917,0.000000,0.000000,0.000000,0.102804,0.048578,0.000000,0.129264
1782218821.759477,261,0.001717,0.011455,TRACKING,0.017725,0.000000,0.000000,0.000000,0.110620,0.052334,0.000000,0.133173
1782218821.779621,262,0.001773,0.010639,TRACKING,0.018135,0.000000,0.000000,0.000000,0.127211,0.056098,0.000000,0.137199
1782218821.799433,263,0.001498,0.010668,TRACKING,0.018320,0.000000,0.000000,0.000000,0.143977,0.059186,0.000000,0.141165
1782218821.819575,264,0.001552,0.011576,TRACKING,0.019419,0.000000,0.000000,0.000000,0.158860,0.062206,0.000000,0.145193
1782218821.839846,265,0.001730,0.010756,TRACKING,0.019754,0.000000,0.000000,0.000000,0.171305,0.064638,0.000000,0.149244
1782218821.864438,266,0.006231,0.011002,TRACKING,0.027541,0.000000,0.000000,0.000000,0.181089,0.066896,0.000000,0.154174
1782218821.880501,267,0.002136,0.010666,TRACKING,0.020927,0.000000,0.000000,0.000000,0.187501,0.068562,0.000000,0.157350
1782218821.900662,268,0.002148,0.011230,TRACKING,0.021420,0.000000,0.000000,0.000000,0.186926,0.068803,0.000000,0.161406
1782218821.920859,269,0.002196,0.011108,TRACKING,0.021456,0.000000,0.000000,0.000000,0.183527,0.068954,0.000000,0.165445
1782218821.941128,270,0.002302,0.011397,TRACKING,0.021676,0.000000,0.000000,0.000000,0.175940,0.068700,0.000000,0.169498
1782218821.960735,271,0.001811,0.011412,TRACKING,0.020861,0.000000,0.000000,0.000000,0.165564,0.068300,0.000000,0.173420
1782218821.981270,272,0.002255,0.011388,TRACKING,0.021534,0.000000,0.000000,0.000000,0.153098,0.067924,0.000000,0.177531
1782218822.000625,273,0.001520,0.011770,TRACKING,0.020524,0.000000,0.000000,0.000000,0.144998,0.068065,0.000000,0.181397
1782218822.020909,274,0.001714,0.011593,TRACKING,0.021013,0.000000,0.000000,0.000000,0.148509,0.068340,0.000000,0.185473
1782218822.041163,275,0.001868,0.011512,TRACKING,0.021317,0.000000,0.000000,0.000000,0.151128,0.068814,0.000000,0.189524
1782218822.061075,276,0.001698,0.011564,TRACKING,0.021109,0.000000,0.000000,0.000000,0.151290,0.069128,0.000000,0.193505
1782218822.080975,277,0.001522,0.011578,TRACKING,0.020849,0.000000,0.000000,0.000000,0.150572,0.069148,0.000000,0.197486
1782218822.101190,278,0.001658,0.011520,TRACKING,0.020959,0.000000,0.000000,0.000000,0.142243,0.068748,0.000000,0.201529
1782218822.121941,279,0.002315,0.011576,TRACKING,0.021740,0.000000,0.000000,0.000000,0.136417,0.068474,0.000000,0.205662
1782218822.141853,280,0.002120,0.011376,TRACKING,0.021343,0.000000,0.000000,0.000000,0.138193,0.068445,0.000000,0.209644
1782218822.161825,281,0.001941,0.011445,TRACKING,0.021411,0.000000,0.000000,0.000000,0.143589,0.068970,0.000000,0.213656
1782218822.181873,282,0.001862,0.011902,TRACKING,0.021763,0.000000,0.000000,0.000000,0.145980,0.070402,0.000000,0.217664
1782218822.201923,283,0.001823,0.011810,TRACKING,0.022227,0.000000,0.000000,0.000000,0.153586,0.073487,0.000000,0.221673
1782218822.222193,284,0.001954,0.011716,TRACKING,0.023426,0.000000,0.000000,0.000000,0.176707,0.078549,0.000000,0.225733
1782218822.242196,285,0.001837,0.011916,TRACKING,0.024571,0.000000,0.000000,0.000000,0.210899,0.085013,0.000000,0.229734
1782218822.262094,286,0.001620,0.012012,TRACKING,0.025680,0.000000,0.000000,0.000000,0.250183,0.092530,0.000000,0.233711
1782218822.281991,287,0.001395,0.012060,TRACKING,0.026929,0.000000,0.000000,0.000000,0.289022,0.100837,0.000000,0.237690
1782218822.302291,288,0.001566,0.012141,TRACKING,0.028552,0.000000,0.000000,0.000000,0.324316,0.107823,0.000000,0.241748
1782218822.322717,289,0.001865,0.012056,TRACKING,0.029975,0.000000,0.000000,0.000000,0.351875,0.113790,0.000000,0.245821
1782218822.342600,290,0.001596,0.012311,TRACKING,0.030600,0.000000,0.000000,0.000000,0.375294,0.118936,0.000000,0.249794
1782218822.363515,291,0.002364,0.012477,TRACKING,0.032784,0.000000,0.000000,0.000000,0.397134,0.123566,0.000000,0.253978
1782218822.383589,292,0.002345,0.012436,TRACKING,0.033612,0.000000,0.000000,0.000000,0.417863,0.128014,0.000000,0.257995
1782218822.403697,293,0.002359,0.012571,TRACKING,0.034387,0.000000,0.000000,0.000000,0.436285,0.131924,0.000000,0.262013
1782218822.423741,294,0.002229,0.012624,TRACKING,0.034732,0.000000,0.000000,0.000000,0.447802,0.134720,0.000000,0.266021
1782218822.443631,295,0.001954,0.012797,TRACKING,0.034596,0.000000,0.000000,0.000000,0.450187,0.135771,0.000000,0.270000
1782218822.463536,296,0.001763,0.012835,TRACKING,0.034244,0.000000,0.000000,0.000000,0.442164,0.135313,0.000000,0.273983
1782218822.483789,297,0.001861,0.012949,TRACKING,0.034189,0.000000,0.000000,0.000000,0.427001,0.134134,0.000000,0.278029
1782218822.504041,298,0.002016,0.012822,TRACKING,0.034093,0.000000,0.000000,0.000000,0.404806,0.132626,0.000000,0.282081
1782218822.524149,299,0.001953,0.012914,TRACKING,0.033682,0.000000,0.000000,0.000000,0.373822,0.130706,0.000000,0.286104
1782218822.543975,300,0.001677,0.012865,TRACKING,0.032881,0.000000,0.000000,0.000000,0.334533,0.128885,0.000000,0.290068
1782218822.564583,301,0.002123,0.013139,TRACKING,0.033376,0.000000,0.000000,0.000000,0.304690,0.127207,0.000000,0.294191
1782218822.584777,302,0.002146,0.013293,TRACKING,0.033058,0.000000,0.000000,0.000000,0.302948,0.124924,0.000000,0.298229
1782218822.605256,303,0.002452,0.013403,TRACKING,0.033566,0.000000,0.000000,0.000000,0.301808,0.124737,0.000000,0.302325
1782218822.625192,304,0.002290,0.013360,TRACKING,0.033745,0.000000,0.000000,0.000000,0.305095,0.127213,0.000000,0.306311
1782218822.645012,305,0.001980,0.013443,TRACKING,0.033981,0.000000,0.000000,0.000000,0.315945,0.129603,0.000000,0.310293
1782218822.665264,306,0.002124,0.013620,TRACKING,0.034598,0.000000,0.000000,0.000000,0.327270,0.132442,0.000000,0.314322
1782218822.685210,307,0.001982,0.013549,TRACKING,0.034866,0.000000,0.000000,0.000000,0.337127,0.134920,0.000000,0.318316
1782218822.705495,308,0.002181,0.013472,TRACKING,0.035727,0.000000,0.000000,0.000000,0.347950,0.137794,0.000000,0.322376
1782218822.724722,309,0.001324,0.013502,TRACKING,0.034965,0.000000,0.000000,0.000000,0.361069,0.140806,0.000000,0.326223
1782218822.745531,310,0.002067,0.013519,TRACKING,0.036875,0.000000,0.000000,0.000000,0.381589,0.144662,0.000000,0.330384
1782218822.765542,311,0.001993,0.013574,TRACKING,0.037560,0.000000,0.000000,0.000000,0.404706,0.148810,0.000000,0.334384
1782218822.785108,312,0.001472,0.013623,TRACKING,0.037611,0.000000,0.000000,0.000000,0.430288,0.153327,0.000000,0.338297
1782218822.805747,313,0.002017,0.013618,TRACKING,0.039127,0.000000,0.000000,0.000000,0.451540,0.156722,0.000000,0.342427
1782218822.825876,314,0.002033,0.013689,TRACKING,0.039759,0.000000,0.000000,0.000000,0.470815,0.159697,0.000000,0.346453
1782218822.846007,315,0.002046,0.013767,TRACKING,0.040327,0.000000,0.000000,0.000000,0.486870,0.162386,0.000000,0.350478
1782218822.865607,316,0.001522,0.013870,TRACKING,0.039925,0.000000,0.000000,0.000000,0.497607,0.164370,0.000000,0.354398
1782218822.886249,317,0.002034,0.013835,TRACKING,0.040889,0.000000,0.000000,0.000000,0.498371,0.165285,0.000000,0.358526
1782218822.905956,318,0.001618,0.013978,TRACKING,0.040338,0.000000,0.000000,0.000000,0.490388,0.165502,0.000000,0.362468
1782218822.926613,319,0.002182,0.013803,TRACKING,0.041120,0.000000,0.000000,0.000000,0.473704,0.165334,0.000000,0.366600
1782218822.946730,320,0.002206,0.013788,TRACKING,0.041133,0.000000,0.000000,0.000000,0.451140,0.165257,0.000000,0.370624
1782218822.966062,321,0.001451,0.013768,TRACKING,0.039963,0.000000,0.000000,0.000000,0.423940,0.165359,0.000000,0.374490
1782218822.986209,322,0.001517,0.013952,TRACKING,0.040201,0.000000,0.000000,0.000000,0.442430,0.165514,0.000000,0.378521
1782218823.006287,323,0.001514,0.014701,TRACKING,0.040678,0.000000,0.000000,0.000000,0.457982,0.166169,0.000000,0.382537
1782218823.026441,324,0.001585,0.014951,TRACKING,0.041248,0.000000,0.000000,0.000000,0.465609,0.167967,0.000000,0.386567
1782218823.046680,325,0.001741,0.014745,TRACKING,0.041903,0.000000,0.000000,0.000000,0.450445,0.170723,0.000000,0.390613
1782218823.066774,326,0.001752,0.014762,TRACKING,0.041858,0.000000,0.000000,0.000000,0.393235,0.170271,0.000000,0.394633
1782218823.086314,327,0.001211,0.014790,TRACKING,0.039177,0.000000,0.000000,0.000000,0.366165,0.160553,0.000000,0.398542
1782218823.106755,328,0.001573,0.014787,TRACKING,0.041329,0.000000,0.000000,0.000000,0.383148,0.168899,0.000000,0.402629
1782218823.127068,329,0.001802,0.014129,TRACKING,0.041859,0.000000,0.000000,0.000000,0.392790,0.171573,0.000000,0.406691
1782218823.147022,330,0.001671,0.014211,TRACKING,0.043208,0.000000,0.000000,0.000000,0.398176,0.179541,0.000000,0.410681
1782218823.166985,331,0.001509,0.014412,TRACKING,0.044791,0.000000,0.000000,0.000000,0.404897,0.188724,0.000000,0.414672
1782218823.187612,332,0.002016,0.014389,TRACKING,0.047117,0.000000,0.000000,0.000000,0.453704,0.196833,0.000000,0.418798
1782218823.207513,333,0.001796,0.014490,TRACKING,0.048233,0.000000,0.000000,0.000000,0.495897,0.204192,0.000000,0.422779
1782218823.227616,334,0.001812,0.014435,TRACKING,0.049585,0.000000,0.000000,0.000000,0.533289,0.211440,0.000000,0.426796
1782218823.247183,335,0.001288,0.014475,TRACKING,0.050199,0.000000,0.000000,0.000000,0.565094,0.218784,0.000000,0.430714
1782218823.267373,336,0.001357,0.014605,TRACKING,0.051475,0.000000,0.000000,0.000000,0.589191,0.224554,0.000000,0.434751
1782218823.287771,337,0.001633,0.014569,TRACKING,0.053228,0.000000,0.000000,0.000000,0.609435,0.231561,0.000000,0.438830
1782218823.307745,338,0.001482,0.014463,TRACKING,0.054140,0.000000,0.000000,0.000000,0.631029,0.238005,0.000000,0.442824
1782218823.327827,339,0.001473,0.014544,TRACKING,0.054891,0.000000,0.000000,0.000000,0.642113,0.241721,0.000000,0.446841
1782218823.347861,340,0.001419,0.014606,TRACKING,0.054991,0.000000,0.000000,0.000000,0.638944,0.242426,0.000000,0.450850
1782218823.368030,341,0.001497,0.015367,TRACKING,0.055133,0.000000,0.000000,0.000000,0.625398,0.240695,0.000000,0.454883
1782218823.388507,342,0.001885,0.015352,TRACKING,0.054999,0.000000,0.000000,0.000000,0.603799,0.236824,0.000000,0.458979
1782218823.408077,343,0.001369,0.015280,TRACKING,0.053171,0.000000,0.000000,0.000000,0.573667,0.231611,0.000000,0.462894
1782218823.429009,344,0.002216,0.015358,TRACKING,0.053404,0.000000,0.000000,0.000000,0.535565,0.225599,0.000000,0.467080
1782218823.449018,345,0.002135,0.015443,TRACKING,0.052081,0.000000,0.000000,0.000000,0.493578,0.219071,0.000000,0.471081
1782218823.468876,346,0.001909,0.015493,TRACKING,0.050501,0.000000,0.000000,0.000000,0.451574,0.212590,0.000000,0.475052
1782218823.489088,347,0.002036,0.015478,TRACKING,0.049557,0.000000,0.000000,0.000000,0.412057,0.206564,0.000000,0.479096
1782218823.509033,348,0.001897,0.015533,TRACKING,0.048143,0.000000,0.000000,0.000000,0.399881,0.200204,0.000000,0.483084
1782218823.529168,349,0.001943,0.015809,TRACKING,0.047163,0.000000,0.000000,0.000000,0.390871,0.193200,0.000000,0.487124
1782218823.549135,350,0.001835,0.015660,TRACKING,0.045448,0.000000,0.000000,0.000000,0.372788,0.185405,0.000000,0.491118
1782218823.569066,351,0.001688,0.015674,TRACKING,0.043875,0.000000,0.000000,0.000000,0.375137,0.178341,0.000000,0.495104
1782218823.589108,352,0.001654,0.015528,TRACKING,0.042738,0.000000,0.000000,0.000000,0.384154,0.173009,0.000000,0.499113
1782218823.609288,353,0.001756,0.014809,TRACKING,0.042119,0.000000,0.000000,0.000000,0.398359,0.170755,0.000000,0.503148
1782218823.628946,354,0.001335,0.014828,TRACKING,0.041505,0.000000,0.000000,0.000000,0.414524,0.170941,0.000000,0.507081
1782218823.649608,355,0.001915,0.014905,TRACKING,0.043045,0.000000,0.000000,0.000000,0.434646,0.174020,0.000000,0.511213
1782218823.668942,356,0.001129,0.014892,TRACKING,0.042345,0.000000,0.000000,0.000000,0.450703,0.176968,0.000000,0.515079
1782218823.689780,357,0.001834,0.015065,TRACKING,0.044403,0.000000,0.000000,0.000000,0.482028,0.181185,0.000000,0.519251
1782218823.709428,358,0.001363,0.015052,TRACKING,0.044650,0.000000,0.000000,0.000000,0.520280,0.186701,0.000000,0.523177
1782218823.730365,359,0.002181,0.015159,TRACKING,0.046711,0.000000,0.000000,0.000000,0.557052,0.191475,0.000000,0.527347
1782218823.750559,360,0.002283,0.015244,TRACKING,0.046944,0.000000,0.000000,0.000000,0.575122,0.191630,0.000000,0.531387
1782218823.770367,361,0.001988,0.015839,TRACKING,0.046811,0.000000,0.000000,0.000000,0.589239,0.191759,0.000000,0.535350
1782218823.790321,362,0.001856,0.015085,TRACKING,0.046860,0.000000,0.000000,0.000000,0.603003,0.194898,0.000000,0.539342
1782218823.810606,363,0.002055,0.015229,TRACKING,0.047972,0.000000,0.000000,0.000000,0.615640,0.198708,0.000000,0.543398
1782218823.830814,364,0.002145,0.015350,TRACKING,0.049107,0.000000,0.000000,0.000000,0.633830,0.203737,0.000000,0.547438
1782218823.850787,365,0.002001,0.015452,TRACKING,0.050273,0.000000,0.000000,0.000000,0.654162,0.209905,0.000000,0.551451
1782218823.870731,366,0.001795,0.015353,TRACKING,0.051136,0.000000,0.000000,0.000000,0.676096,0.216552,0.000000,0.555436
1782218823.890673,367,0.001611,0.015504,TRACKING,0.052266,0.000000,0.000000,0.000000,0.703191,0.223545,0.000000,0.559425
1782218823.911237,368,0.002035,0.015524,TRACKING,0.054003,0.000000,0.000000,0.000000,0.730631,0.230034,0.000000,0.563521
1782218823.931284,369,0.001996,0.015540,TRACKING,0.054690,0.000000,0.000000,0.000000,0.752691,0.233749,0.000000,0.567534
1782218823.951242,370,0.001869,0.015611,TRACKING,0.054682,0.000000,0.000000,0.000000,0.770441,0.234652,0.000000,0.571525
1782218823.971193,371,0.001735,0.015577,TRACKING,0.054097,0.000000,0.000000,0.000000,0.780209,0.232701,0.000000,0.575517
1782218823.991488,372,0.001941,0.015614,TRACKING,0.053768,0.000000,0.000000,0.000000,0.784598,0.229116,0.000000,0.579575
1782218824.011372,373,0.001740,0.015661,TRACKING,0.052863,0.000000,0.000000,0.000000,0.782194,0.226009,0.000000,0.583551
1782218824.031452,374,0.001732,0.015711,TRACKING,0.052699,0.000000,0.000000,0.000000,0.779594,0.225211,0.000000,0.587567
1782218824.051318,375,0.001513,0.016438,TRACKING,0.053032,0.000000,0.000000,0.000000,0.770248,0.226878,0.000000,0.591539
1782218824.071713,376,0.001814,0.016562,TRACKING,0.054404,0.000000,0.000000,0.000000,0.759856,0.231359,0.000000,0.595618
1782218824.091632,377,0.001636,0.015641,TRACKING,0.054944,0.000000,0.000000,0.000000,0.748386,0.237905,0.000000,0.599604
1782218824.111594,378,0.001510,0.015702,TRACKING,0.056538,0.000000,0.000000,0.000000,0.742220,0.247101,0.000000,0.603597
1782218824.131730,379,0.001561,0.015822,TRACKING,0.058225,0.000000,0.000000,0.000000,0.736382,0.255137,0.000000,0.607625
1782218824.151676,380,0.001424,0.015846,TRACKING,0.059718,0.000000,0.000000,0.000000,0.736722,0.264053,0.000000,0.611614
1782218824.171739,381,0.001405,0.015878,TRACKING,0.061443,0.000000,0.000000,0.000000,0.744866,0.273180,0.000000,0.615627
1782218824.193079,382,0.002647,0.016117,TRACKING,0.065346,0.000000,0.000000,0.000000,0.757608,0.283235,0.000000,0.619890
1782218824.212834,383,0.002293,0.015624,TRACKING,0.066270,0.000000,0.000000,0.000000,0.756412,0.291092,0.000000,0.623857
1782218824.231758,384,0.001089,0.015752,TRACKING,0.065256,0.000000,0.000000,0.000000,0.738739,0.295449,0.000000,0.627642
1782218824.251779,385,0.000981,0.016082,TRACKING,0.065112,0.000000,0.000000,0.000000,0.721304,0.294703,0.000000,0.631647
1782218824.272391,386,0.001453,0.016301,TRACKING,0.066618,0.000000,0.000000,0.000000,0.719721,0.297919,0.000000,0.635773
1782218824.292861,387,0.001797,0.016257,TRACKING,0.068081,0.000000,0.000000,0.000000,0.748436,0.303096,0.000000,0.639863
1782218824.313090,388,0.001891,0.016458,TRACKING,0.068708,0.000000,0.000000,0.000000,0.777924,0.305048,0.000000,0.643910
1782218824.333078,389,0.001786,0.016492,TRACKING,0.068541,0.000000,0.000000,0.000000,0.806420,0.304987,0.000000,0.647907
1782218824.353448,390,0.002080,0.016503,TRACKING,0.068582,0.000000,0.000000,0.000000,0.833819,0.303765,0.000000,0.651955
1782218824.372939,391,0.001483,0.016530,TRACKING,0.067466,0.000000,0.000000,0.000000,0.854075,0.302725,0.000000,0.655863
1782218824.392886,392,0.001340,0.016472,TRACKING,0.067056,0.000000,0.000000,0.000000,0.866917,0.301081,0.000000,0.659867
1782218824.413066,393,0.001441,0.016342,TRACKING,0.066960,0.000000,0.000000,0.000000,0.872184,0.300006,0.000000,0.663904
1782218824.433330,394,0.001627,0.016456,TRACKING,0.066795,0.000000,0.000000,0.000000,0.866383,0.297283,0.000000,0.667956
1782218824.453330,395,0.001543,0.016513,TRACKING,0.066071,0.000000,0.000000,0.000000,0.848540,0.294210,0.000000,0.671955
1782218824.473707,396,0.001836,0.016304,TRACKING,0.065223,0.000000,0.000000,0.000000,0.819779,0.289115,0.000000,0.676011
1782218824.494001,397,0.002039,0.016371,TRACKING,0.064692,0.000000,0.000000,0.000000,0.780187,0.283948,0.000000,0.680076
1782218824.513943,398,0.001893,0.016574,TRACKING,0.063435,0.000000,0.000000,0.000000,0.728238,0.277959,0.000000,0.684065
1782218824.533697,399,0.001562,0.016663,TRACKING,0.061760,0.000000,0.000000,0.000000,0.666909,0.271618,0.000000,0.688018
1782218824.553928,400,0.001710,0.016699,TRACKING,0.060670,0.000000,0.000000,0.000000,0.597621,0.264594,0.000000,0.692063
1782218824.573504,401,0.001199,0.016704,TRACKING,0.058954,0.000000,0.000000,0.000000,0.598183,0.258758,0.000000,0.695996
1782218824.593987,402,0.001607,0.016659,TRACKING,0.058330,0.000000,0.000000,0.000000,0.597623,0.252669,0.000000,0.700086
1782218824.613765,403,0.001305,0.016691,TRACKING,0.056730,0.000000,0.000000,0.000000,0.592010,0.246280,0.000000,0.704048
1782218824.634163,404,0.001626,0.016661,TRACKING,0.055850,0.000000,0.000000,0.000000,0.580588,0.239243,0.000000,0.708124
1782218824.654278,405,0.001665,0.016759,TRACKING,0.054521,0.000000,0.000000,0.000000,0.563226,0.231708,0.000000,0.712147
1782218824.674641,406,0.001953,0.016778,TRACKING,0.053238,0.000000,0.000000,0.000000,0.541493,0.223681,0.000000,0.716202
1782218824.694853,407,0.002078,0.016825,TRACKING,0.052170,0.000000,0.000000,0.000000,0.517510,0.216688,0.000000,0.720247
1782218824.715101,408,0.002240,0.016889,TRACKING,0.051700,0.000000,0.000000,0.000000,0.492085,0.212657,0.000000,0.724299
1782218824.734315,409,0.001370,0.016837,TRACKING,0.050507,0.000000,0.000000,0.000000,0.472883,0.213767,0.000000,0.728140
1782218824.755123,410,0.002094,0.016884,TRACKING,0.053159,0.000000,0.000000,0.000000,0.486210,0.221562,0.000000,0.732303
1782218824.774590,411,0.001474,0.016870,TRACKING,0.054903,0.000000,0.000000,0.000000,0.544223,0.235865,0.000000,0.736196
1782218824.794584,412,0.001384,0.016921,TRACKING,0.058336,0.000000,0.000000,0.000000,0.624223,0.255052,0.000000,0.740178
1782218824.815187,413,0.001843,0.017055,TRACKING,0.063803,0.000000,0.000000,0.000000,0.704223,0.278254,0.000000,0.744328
1782218824.835112,414,0.001650,0.017049,TRACKING,0.068478,0.000000,0.000000,0.000000,0.784223,0.304398,0.000000,0.748314
1782218824.855333,415,0.001733,0.017238,TRACKING,0.073571,0.000000,0.000000,0.000000,0.864223,0.330100,0.000000,0.752357
1782218824.875067,416,0.001349,0.017195,TRACKING,0.077304,0.000000,0.000000,0.000000,0.943037,0.352889,0.000000,0.756305
1782218824.894954,417,0.001105,0.017226,TRACKING,0.079757,0.000000,0.000000,0.000000,0.986763,0.367578,0.000000,0.760286
1782218824.915409,418,0.001476,0.017448,TRACKING,0.081815,0.000000,0.000000,0.000000,0.988645,0.374737,0.000000,0.764376
1782218824.935527,419,0.001513,0.017230,TRACKING,0.082070,0.000000,0.000000,0.000000,1.018774,0.378036,0.000000,0.768374
1782218824.955622,420,0.001511,0.017289,TRACKING,0.083436,0.000000,0.000000,0.000000,1.098774,0.384432,0.000000,0.772400
1782218824.976087,421,0.001885,0.017452,TRACKING,0.086494,0.000000,0.000000,0.000000,1.178774,0.397010,0.000000,0.776493
1782218824.995864,422,0.001570,0.018037,TRACKING,0.089176,0.000000,0.000000,0.000000,1.258774,0.412129,0.000000,0.780449
1782218825.015958,423,0.001579,0.018293,TRACKING,0.091572,0.000000,0.000000,0.000000,1.338774,0.423994,0.000000,0.784468
1782218825.036782,424,0.002312,0.017489,TRACKING,0.094512,0.000000,0.000000,0.000000,1.418774,0.435566,0.000000,0.788632
1782218825.056164,425,0.001598,0.017256,TRACKING,0.095738,0.000000,0.000000,0.000000,1.498774,0.447628,0.000000,0.792522
1782218825.076598,426,0.001896,0.017350,TRACKING,0.098643,0.000000,0.000000,0.000000,1.578774,0.460025,0.000000,0.796610
1782218825.095785,427,0.000960,0.017435,TRACKING,0.099610,0.000000,0.000000,0.000000,1.658774,0.472406,0.000000,0.800451
1782218825.115955,428,0.001005,0.017626,TRACKING,0.101066,0.000000,0.000000,0.000000,1.702694,0.479173,0.000000,0.804486
1782218825.137052,429,0.001981,0.017778,TRACKING,0.101836,0.000000,0.000000,0.000000,1.674506,0.475126,0.000000,0.808700
1782218825.156383,430,0.001231,0.017749,TRACKING,0.099289,0.000000,0.000000,0.000000,1.624266,0.467694,0.000000,0.812571
1782218825.176952,431,0.001716,0.017778,TRACKING,0.097610,0.000000,0.000000,0.000000,1.544266,0.455049,0.000000,0.816681
1782218825.197061,432,0.001736,0.017897,TRACKING,0.095030,0.000000,0.000000,0.000000,1.464266,0.441002,0.000000,0.820703
1782218825.217099,433,0.001694,0.017849,TRACKING,0.091560,0.000000,0.000000,0.000000,1.384266,0.422991,0.000000,0.824715
1782218825.236739,434,0.001258,0.017871,TRACKING,0.085395,0.000000,0.000000,0.000000,1.304266,0.394460,0.000000,0.828639
1782218825.257452,435,0.001891,0.017939,TRACKING,0.082123,0.000000,0.000000,0.000000,1.224266,0.371773,0.000000,0.832782
1782218825.277459,436,0.001819,0.017976,TRACKING,0.079452,0.000000,0.000000,0.000000,1.144266,0.358307,0.000000,0.836783
1782218825.297475,437,0.001758,0.017887,TRACKING,0.078607,0.000000,0.000000,0.000000,1.064266,0.354598,0.000000,0.840786
1782218825.317554,438,0.001712,0.017918,TRACKING,0.078205,0.000000,0.000000,0.000000,0.984266,0.352780,0.000000,0.844802
1782218825.337511,439,0.001549,0.017975,TRACKING,0.078536,0.000000,0.000000,0.000000,0.904266,0.355773,0.000000,0.848793
1782218825.357489,440,0.001401,0.018066,TRACKING,0.078809,0.000000,0.000000,0.000000,0.848324,0.358229,0.000000,0.852789
1782218825.377940,441,0.001776,0.018064,TRACKING,0.078832,0.000000,0.000000,0.000000,0.880654,0.355269,0.000000,0.856878
1782218825.398174,442,0.001885,0.018946,TRACKING,0.078029,0.000000,0.000000,0.000000,0.892415,0.347616,0.000000,0.860930
1782218825.418557,443,0.002145,0.018896,TRACKING,0.076676,0.000000,0.000000,0.000000,0.853395,0.338457,0.000000,0.865006
1782218825.438167,444,0.001621,0.018953,TRACKING,0.072443,0.000000,0.000000,0.000000,0.773395,0.320686,0.000000,0.868925
1782218825.458773,445,0.002099,0.018160,TRACKING,0.069050,0.000000,0.000000,0.000000,0.693395,0.300883,0.000000,0.873046
1782218825.478260,446,0.001439,0.018168,TRACKING,0.066276,0.000000,0.000000,0.000000,0.676979,0.291777,0.000000,0.876944
1782218825.498968,447,0.002017,0.018402,TRACKING,0.067430,0.000000,0.000000,0.000000,0.698861,0.292646,0.000000,0.881083
1782218825.519123,448,0.002023,0.018391,TRACKING,0.067617,0.000000,0.000000,0.000000,0.711189,0.293431,0.000000,0.885116
1782218825.538764,449,0.001527,0.018541,TRACKING,0.066515,0.000000,0.000000,0.000000,0.716173,0.291390,0.000000,0.889044
1782218825.558742,450,0.001383,0.018586,TRACKING,0.066603,0.000000,0.000000,0.000000,0.728259,0.292989,0.000000,0.893039
1782218825.578811,451,0.001321,0.019474,TRACKING,0.067795,0.000000,0.000000,0.000000,0.738589,0.297542,0.000000,0.897053
1782218825.599122,452,0.001487,0.019516,TRACKING,0.068413,0.000000,0.000000,0.000000,0.746920,0.299454,0.000000,0.901114
1782218825.619640,453,0.001871,0.019568,TRACKING,0.068979,0.000000,0.000000,0.000000,0.757422,0.299917,0.000000,0.905202
1782218825.639812,454,0.001885,0.018748,TRACKING,0.069284,0.000000,0.000000,0.000000,0.785856,0.303562,0.000000,0.909236
1782218825.660171,455,0.002101,0.019836,TRACKING,0.071046,0.000000,0.000000,0.000000,0.832039,0.308390,0.000000,0.913307
1782218825.679635,456,0.001440,0.019138,TRACKING,0.070191,0.000000,0.000000,0.000000,0.863754,0.310867,0.000000,0.917203
1782218825.699953,457,0.001633,0.019500,TRACKING,0.071448,0.000000,0.000000,0.000000,0.899153,0.314933,0.000000,0.921267
1782218825.719970,458,0.001524,0.019594,TRACKING,0.072619,0.000000,0.000000,0.000000,0.942320,0.321738,0.000000,0.925270
1782218825.740339,459,0.001767,0.019743,TRACKING,0.074783,0.000000,0.000000,0.000000,0.989567,0.330703,0.000000,0.929343
1782218825.760256,460,0.001559,0.019972,TRACKING,0.076732,0.000000,0.000000,0.000000,1.043862,0.341241,0.000000,0.933342
1782218825.781136,461,0.002300,0.019819,TRACKING,0.079408,0.000000,0.000000,0.000000,1.093791,0.350436,0.000000,0.937503
1782218825.801112,462,0.002178,0.019686,TRACKING,0.080989,0.000000,0.000000,0.000000,1.136418,0.359942,0.000000,0.941499
1782218825.820687,463,0.001667,0.019888,TRACKING,0.081518,0.000000,0.000000,0.000000,1.163231,0.365413,0.000000,0.945433
1782218825.840529,464,0.001437,0.019818,TRACKING,0.081558,0.000000,0.000000,0.000000,1.162836,0.367673,0.000000,0.949402
1782218825.860984,465,0.001814,0.019792,TRACKING,0.082061,0.000000,0.000000,0.000000,1.140676,0.367351,0.000000,0.953491
1782218825.880862,466,0.001641,0.019586,TRACKING,0.081827,0.000000,0.000000,0.000000,1.109737,0.368384,0.000000,0.957462
1782218825.900504,467,0.001203,0.019783,TRACKING,0.082333,0.000000,0.000000,0.000000,1.088469,0.373899,0.000000,0.961394
1782218825.920429,468,0.001054,0.019814,TRACKING,0.083710,0.000000,0.000000,0.000000,1.065744,0.382316,0.000000,0.965379
1782218825.941507,469,0.002044,0.019945,TRACKING,0.085708,0.000000,0.000000,0.000000,1.016584,0.384392,0.000000,0.969594
1782218825.960919,470,0.001373,0.019680,TRACKING,0.084188,0.000000,0.000000,0.000000,0.970847,0.382830,0.000000,0.973473
1782218825.981059,471,0.001423,0.019658,TRACKING,0.085575,0.000000,0.000000,0.000000,0.945376,0.389361,0.000000,0.977506
1782218826.001537,472,0.001823,0.019549,TRACKING,0.089368,0.000000,0.000000,0.000000,0.941174,0.406241,0.000000,0.981601
1782218826.021271,473,0.001478,0.019698,TRACKING,0.092067,0.000000,0.000000,0.000000,0.963014,0.422875,0.000000,0.985549
1782218826.041808,474,0.001936,0.019851,TRACKING,0.096377,0.000000,0.000000,0.000000,1.003044,0.442630,0.000000,0.989636
1782218826.062142,475,0.002177,0.019883,TRACKING,0.099930,0.000000,0.000000,0.000000,1.066624,0.459178,0.000000,0.993703
1782218826.081621,476,0.001565,0.019865,TRACKING,0.101982,0.000000,0.000000,0.000000,1.120415,0.474863,0.000000,0.997601
1782218826.101517,477,0.001377,0.019998,TRACKING,0.103860,0.000000,0.000000,0.000000,1.156940,0.485911,0.000000,1.000000
1782218826.121880,478,0.001622,0.020124,TRACKING,0.106084,0.000000,0.000000,0.000000,1.174117,0.495275,0.000000,1.000000
1782218826.142402,479,0.002021,0.020268,TRACKING,0.107693,0.000000,0.000000,0.000000,1.176347,0.503828,0.000000,1.000000
1782218826.162279,481,0.001772,0.000196,TRACKING,0.097714,0.000000,0.000000,0.000000,1.194150,0.502836,0.000000,1.000000
1782218826.182794,482,0.002162,0.000256,TRACKING,0.097510,0.000000,0.000000,0.000000,1.211812,0.495463,0.000000,1.000000
1782218826.202597,483,0.001814,0.000338,TRACKING,0.094314,0.000000,0.000000,0.000000,1.204814,0.481384,0.000000,1.000000
1782218826.222980,483,0.002063,0.020579,TRACKING,0.101752,0.000000,0.000000,0.000000,1.190038,0.467778,0.000000,1.000000
1782218826.242877,485,0.001843,0.000498,TRACKING,0.090260,0.000000,0.000000,0.000000,1.165566,0.459451,0.000000,1.000000
1782218826.262991,486,0.001799,0.000391,TRACKING,0.087080,0.000000,0.000000,0.000000,1.151278,0.443500,0.000000,1.000000
1782218826.282782,487,0.001469,0.000437,TRACKING,0.084019,0.000000,0.000000,0.000000,1.132557,0.429939,0.000000,1.000000
1782218826.303542,488,0.002092,0.000475,TRACKING,0.082120,0.000000,0.000000,0.000000,1.105367,0.414642,0.000000,1.000000
1782218826.323714,489,0.002146,0.000516,TRACKING,0.078702,0.000000,0.000000,0.000000,1.076679,0.396158,0.000000,1.000000
1782218826.343611,490,0.001919,0.000525,TRACKING,0.074860,0.000000,0.000000,0.000000,1.035301,0.377905,0.000000,1.000000
1782218826.363526,491,0.001744,0.000484,TRACKING,0.070708,0.000000,0.000000,0.000000,0.974937,0.357635,0.000000,1.000000
1782218826.383727,492,0.001812,0.000393,TRACKING,0.066967,0.000000,0.000000,0.000000,0.894937,0.337810,0.000000,1.000000
1782218826.403731,493,0.001685,0.000466,TRACKING,0.064132,0.000000,0.000000,0.000000,0.814937,0.323697,0.000000,1.000000
1782218826.423814,494,0.001635,0.000675,TRACKING,0.062772,0.000000,0.000000,0.000000,0.760319,0.316438,0.000000,1.000000
1782218826.443804,495,0.001500,0.000632,TRACKING,0.061318,0.000000,0.000000,0.000000,0.792051,0.310053,0.000000,1.000000
1782218826.463531,496,0.001126,0.000363,TRACKING,0.060239,0.000000,0.000000,0.000000,0.831796,0.307038,0.000000,1.000000
1782218826.483717,497,0.001238,0.000426,TRACKING,0.060041,0.000000,0.000000,0.000000,0.861674,0.305022,0.000000,1.000000
1782218826.503677,498,0.001117,0.000390,TRACKING,0.059755,0.000000,0.000000,0.000000,0.894958,0.304479,0.000000,1.000000
1782218826.523878,499,0.001234,0.000456,TRACKING,0.059938,0.000000,0.000000,0.000000,0.919732,0.304603,0.000000,1.000000
1782218826.544486,500,0.001696,0.000329,TRACKING,0.060776,0.000000,0.000000,0.000000,0.940898,0.305392,0.000000,1.000000
1782218826.564673,501,0.001744,0.000499,TRACKING,0.062084,0.000000,0.000000,0.000000,0.953084,0.311192,0.000000,1.000000
1782218826.584581,502,0.001579,0.000459,TRACKING,0.063604,0.000000,0.000000,0.000000,0.950036,0.320604,0.000000,1.000000
1782218826.605197,503,0.002074,0.000648,TRACKING,0.066428,0.000000,0.000000,0.000000,0.936719,0.331134,0.000000,1.000000
1782218826.625008,504,0.001753,0.000639,TRACKING,0.068152,0.000000,0.000000,0.000000,0.922205,0.342847,0.000000,1.000000
1782218826.645360,505,0.002058,0.000365,TRACKING,0.071252,0.000000,0.000000,0.000000,0.961745,0.357473,0.000000,1.000000
1782218826.665280,506,0.001895,0.000371,TRACKING,0.074270,0.000000,0.000000,0.000000,1.041745,0.374551,0.000000,1.000000
1782218826.685580,507,0.002115,0.000406,TRACKING,0.077891,0.000000,0.000000,0.000000,1.121745,0.391561,0.000000,1.000000
1782218826.705336,508,0.001794,0.000197,TRACKING,0.080663,0.000000,0.000000,0.000000,1.201745,0.409368,0.000000,1.000000
1782218826.725548,509,0.001927,0.000255,TRACKING,0.082574,0.000000,0.000000,0.000000,1.211515,0.418132,0.000000,1.000000
1782218826.745710,509,0.002010,0.020366,TRACKING,0.093229,0.000000,0.000000,0.000000,1.181881,0.423136,0.000000,1.000000
1782218826.765368,510,0.001549,0.020321,TRACKING,0.091938,0.000000,0.000000,0.000000,1.160710,0.420277,0.000000,1.000000
1782218826.785948,511,0.001997,0.020389,TRACKING,0.093679,0.000000,0.000000,0.000000,1.136110,0.425626,0.000000,1.000000
1782218826.805469,512,0.001394,0.020379,TRACKING,0.094623,0.000000,0.000000,0.000000,1.121089,0.435514,0.000000,1.000000
1782218826.825860,514,0.001658,0.000277,TRACKING,0.087014,0.000000,0.000000,0.000000,1.110499,0.443662,0.000000,1.000000
1782218826.846198,515,0.001837,0.000442,TRACKING,0.092095,0.000000,0.000000,0.000000,1.180744,0.468456,0.000000,1.000000
1782218826.866223,516,0.001720,0.000307,TRACKING,0.094859,0.000000,0.000000,0.000000,1.219700,0.484319,0.000000,1.000000
1782218826.886019,517,0.001379,0.000462,TRACKING,0.097274,0.000000,0.000000,0.000000,1.252998,0.499320,0.000000,1.000000
1782218826.906547,518,0.001765,0.000458,TRACKING,0.098010,0.000000,0.000000,0.000000,1.283791,0.517384,0.000000,1.000000
1782218826.926503,519,0.001583,0.000490,TRACKING,0.097720,0.000000,0.000000,0.000000,1.309489,0.534030,0.000000,1.000000
1782218826.946792,520,0.001733,0.000668,TRACKING,0.098052,0.000000,0.000000,0.000000,1.326044,0.550009,0.000000,1.000000
1782218826.966992,521,0.001804,0.000800,TRACKING,0.098218,0.000000,0.000000,0.000000,1.321305,0.564666,0.000000,1.000000
1782218826.986969,522,0.001650,0.000813,TRACKING,0.098036,0.000000,0.000000,0.000000,1.389107,0.574324,0.000000,1.000000
1782218827.007529,523,0.002084,0.000762,TRACKING,0.098638,0.000000,0.000000,0.000000,1.469107,0.582814,0.000000,1.000000
1782218827.027451,524,0.001875,0.000856,TRACKING,0.098422,0.000000,0.000000,0.000000,1.549107,0.597379,0.000000,1.000000
1782218827.047308,525,0.001640,0.000768,TRACKING,0.097979,0.000000,0.000000,0.000000,1.629107,0.614116,0.000000,1.000000
1782218827.067276,526,0.001485,0.000790,TRACKING,0.097725,0.000000,0.000000,0.000000,1.709107,0.622547,0.000000,1.000000
1782218827.087098,527,0.001175,0.000747,TRACKING,0.097231,0.000000,0.000000,0.000000,1.789107,0.625283,0.000000,1.000000
1782218827.107176,528,0.001126,0.000770,TRACKING,0.097173,0.000000,0.000000,0.000000,1.805010,0.618706,0.000000,1.000000
1782218827.127216,529,0.001091,0.000481,TRACKING,0.096993,0.000000,0.000000,0.000000,1.803208,0.609792,0.000000,1.000000
1782218827.147958,530,0.001746,0.000747,TRACKING,0.097915,0.000000,0.000000,0.000000,1.792998,0.600463,0.000000,1.000000
1782218827.167809,531,0.001510,0.000730,TRACKING,0.097567,0.000000,0.000000,0.000000,1.773591,0.591234,0.000000,1.000000
1782218827.187870,532,0.001485,0.000707,TRACKING,0.097523,0.000000,0.000000,0.000000,1.734840,0.581500,0.000000,1.000000
1782218827.208009,533,0.001534,0.000686,TRACKING,0.097579,0.000000,0.000000,0.000000,1.678795,0.572210,0.000000,1.000000
1782218827.228256,534,0.001692,0.000556,TRACKING,0.097736,0.000000,0.000000,0.000000,1.611272,0.564963,0.000000,1.000000
1782218827.247993,535,0.001285,0.000579,TRACKING,0.097300,0.000000,0.000000,0.000000,1.531272,0.556697,0.000000,1.000000
1782218827.268341,536,0.001501,0.000601,TRACKING,0.097445,0.000000,0.000000,0.000000,1.451272,0.548862,0.000000,1.000000
1782218827.289094,537,0.002166,0.000703,TRACKING,0.098579,0.000000,0.000000,0.000000,1.371272,0.543036,0.000000,1.000000
1782218827.308558,538,0.001541,0.000569,TRACKING,0.097716,0.000000,0.000000,0.000000,1.310757,0.532659,0.000000,1.000000
1782218827.328505,539,0.001402,0.000686,TRACKING,0.097518,0.000000,0.000000,0.000000,1.282848,0.512629,0.000000,1.000000
1782218827.348317,540,0.001129,0.000546,TRACKING,0.095787,0.000000,0.000000,0.000000,1.265866,0.493434,0.000000,1.000000
1782218827.369367,541,0.002138,0.000574,TRACKING,0.094372,0.000000,0.000000,0.000000,1.244261,0.478522,0.000000,1.000000
1782218827.389373,542,0.002053,0.000493,TRACKING,0.090813,0.000000,0.000000,0.000000,1.181107,0.460703,0.000000,1.000000
1782218827.408962,543,0.001549,0.000483,TRACKING,0.085517,0.000000,0.000000,0.000000,1.101107,0.437109,0.000000,1.000000
1782218827.429693,544,0.002187,0.000588,TRACKING,0.081151,0.000000,0.000000,0.000000,1.021107,0.408599,0.000000,1.000000
1782218827.449080,545,0.001486,0.000533,TRACKING,0.075263,0.000000,0.000000,0.000000,0.980665,0.383579,0.000000,1.000000
1782218827.469773,546,0.002085,0.000463,TRACKING,0.072350,0.000000,0.000000,0.000000,0.986910,0.363658,0.000000,1.000000
1782218827.489333,547,0.001554,0.000184,TRACKING,0.068677,0.000000,0.000000,0.000000,1.000679,0.349320,0.000000,1.000000
1782218827.509535,548,0.001666,0.000475,TRACKING,0.066880,0.000000,0.000000,0.000000,1.011801,0.338862,0.000000,1.000000
1782218827.530304,549,0.002299,0.000569,TRACKING,0.065961,0.000000,0.000000,0.000000,0.988002,0.327973,0.000000,1.000000
1782218827.558605,549,0.010470,0.020914,TRACKING,0.085761,0.000000,0.000000,0.000000,0.924331,0.313310,0.000000,1.000000
1782218827.571002,551,0.002716,0.000553,TRACKING,0.061527,0.000000,0.000000,0.000000,0.849523,0.301730,0.000000,1.000000
1782218827.590387,552,0.001945,0.000617,TRACKING,0.058043,0.000000,0.000000,0.000000,0.769523,0.289447,0.000000,1.000000
1782218827.610038,553,0.001466,0.000679,TRACKING,0.055285,0.000000,0.000000,0.000000,0.689523,0.278586,0.000000,1.000000
1782218827.630970,554,0.002265,0.000789,TRACKING,0.057478,0.000000,0.000000,0.000000,0.621436,0.283143,0.000000,1.000000
1782218827.651090,555,0.002263,0.000872,TRACKING,0.059597,0.000000,0.000000,0.000000,0.636386,0.293926,0.000000,1.000000
1782218827.670881,556,0.001972,0.000792,TRACKING,0.063411,0.000000,0.000000,0.000000,0.696350,0.316642,0.000000,1.000000
1782218827.690441,557,0.001447,0.000880,TRACKING,0.064790,0.000000,0.000000,0.000000,0.715707,0.327946,0.000000,1.000000
1782218827.711148,558,0.002071,0.000952,TRACKING,0.070990,0.000000,0.000000,0.000000,0.762866,0.355094,0.000000,1.000000
1782218827.731293,559,0.002133,0.000963,TRACKING,0.072520,0.000000,0.000000,0.000000,0.762036,0.362611,0.000000,1.000000
1782218827.750741,560,0.001498,0.001021,TRACKING,0.075742,0.000000,0.000000,0.000000,0.799686,0.384655,0.000000,1.000000
1782218827.771388,561,0.002058,0.000999,TRACKING,0.076083,0.000000,0.000000,0.000000,0.800381,0.381831,0.000000,1.000000
1782218827.790878,562,0.001464,0.000782,TRACKING,0.077039,0.000000,0.000000,0.000000,0.851362,0.392395,0.000000,1.000000
1782218827.811533,563,0.002010,0.001044,TRACKING,0.078223,0.000000,0.000000,0.000000,0.883155,0.393315,0.000000,1.000000
1782218827.831254,564,0.001649,0.000928,TRACKING,0.078346,0.000000,0.000000,0.000000,0.912990,0.397238,0.000000,1.000000
1782218827.851560,565,0.001873,0.000902,TRACKING,0.078138,0.000000,0.000000,0.000000,0.923759,0.394396,0.000000,1.000000
1782218827.871340,566,0.001571,0.000811,TRACKING,0.078469,0.000000,0.000000,0.000000,0.944715,0.398853,0.000000,1.000000
1782218827.891600,567,0.001747,0.000858,TRACKING,0.079608,0.000000,0.000000,0.000000,0.960086,0.403359,0.000000,1.000000
1782218827.911564,568,0.001626,0.000820,TRACKING,0.081871,0.000000,0.000000,0.000000,0.985456,0.416265,0.000000,1.000000
1782218827.931643,569,0.001620,0.000688,TRACKING,0.084749,0.000000,0.000000,0.000000,1.008430,0.431752,0.000000,1.000000
1782218827.951586,570,0.001482,0.000640,TRACKING,0.088038,0.000000,0.000000,0.000000,1.030562,0.450431,0.000000,1.000000
1782218827.971737,571,0.001516,0.000647,TRACKING,0.091615,0.000000,0.000000,0.000000,1.044289,0.468877,0.000000,1.000000
1782218827.991848,572,0.001498,0.000654,TRACKING,0.095250,0.000000,0.000000,0.000000,1.046573,0.488113,0.000000,1.000000
1782218828.011955,573,0.001519,0.000663,TRACKING,0.097549,0.000000,0.000000,0.000000,1.124598,0.506548,0.000000,1.000000
1782218828.031920,574,0.001396,0.000590,TRACKING,0.097320,0.000000,0.000000,0.000000,1.204598,0.525055,0.000000,1.000000
1782218828.052619,575,0.001973,0.000606,TRACKING,0.098242,0.000000,0.000000,0.000000,1.249747,0.540218,0.000000,1.000000
1782218828.072774,576,0.001997,0.000470,TRACKING,0.098213,0.000000,0.000000,0.000000,1.249822,0.545954,0.000000,1.000000
1782218828.093339,577,0.002434,0.000598,TRACKING,0.098952,0.000000,0.000000,0.000000,1.198094,0.539324,0.000000,1.000000
1782218828.113233,578,0.002201,0.000761,TRACKING,0.098843,0.000000,0.000000,0.000000,1.126031,0.530924,0.000000,1.000000
1782218828.132927,579,0.001815,0.000552,TRACKING,0.098130,0.000000,0.000000,0.000000,1.193641,0.523662,0.000000,1.000000
1782218828.152855,580,0.001606,0.000755,TRACKING,0.097892,0.000000,0.000000,0.000000,1.130511,0.503712,0.000000,1.000000
1782218828.173017,581,0.001731,0.000855,TRACKING,0.094966,0.000000,0.000000,0.000000,1.050511,0.483262,0.000000,1.000000
1782218828.193179,582,0.001804,0.000679,TRACKING,0.091096,0.000000,0.000000,0.000000,1.038322,0.463013,0.000000,1.000000
1782218828.213113,583,0.001652,0.000695,TRACKING,0.086949,0.000000,0.000000,0.000000,1.062700,0.442104,0.000000,1.000000
1782218828.233187,584,0.001643,0.000768,TRACKING,0.083268,0.000000,0.000000,0.000000,1.088157,0.422899,0.000000,1.000000
1782218828.252884,585,0.001259,0.000817,TRACKING,0.079770,0.000000,0.000000,0.000000,1.115835,0.407572,0.000000,1.000000
1782218828.273844,586,0.002141,0.000523,TRACKING,0.078905,0.000000,0.000000,0.000000,1.143250,0.396362,0.000000,1.000000
1782218828.293993,587,0.002213,0.000761,TRACKING,0.076382,0.000000,0.000000,0.000000,1.157109,0.382954,0.000000,1.000000
1782218828.314452,588,0.002546,0.000645,TRACKING,0.073422,0.000000,0.000000,0.000000,1.148290,0.364943,0.000000,1.000000
1782218828.334216,589,0.002179,0.000744,TRACKING,0.070358,0.000000,0.000000,0.000000,1.128286,0.351490,0.000000,1.000000
1782218828.354251,590,0.002069,0.000690,TRACKING,0.068927,0.000000,0.000000,0.000000,1.085656,0.345057,0.000000,1.000000
1782218828.374231,591,0.001920,0.000770,TRACKING,0.067207,0.000000,0.000000,0.000000,1.005656,0.337089,0.000000,1.000000
1782218828.394701,592,0.002230,0.000773,TRACKING,0.066158,0.000000,0.000000,0.000000,0.925656,0.329081,0.000000,1.000000
1782218828.414712,593,0.002090,0.000766,TRACKING,0.066854,0.000000,0.000000,0.000000,0.845656,0.333906,0.000000,1.000000
1782218828.434772,594,0.002030,0.000801,TRACKING,0.068300,0.000000,0.000000,0.000000,0.778916,0.340704,0.000000,1.000000
1782218828.454098,595,0.001239,0.000856,TRACKING,0.069699,0.000000,0.000000,0.000000,0.784419,0.354562,0.000000,1.000000
1782218828.474725,596,0.001710,0.000951,TRACKING,0.073744,0.000000,0.000000,0.000000,0.795970,0.371834,0.000000,1.000000
1782218828.495005,597,0.001827,0.000879,TRACKING,0.075996,0.000000,0.000000,0.000000,0.814717,0.382885,0.000000,1.000000
1782218828.515163,598,0.001852,0.000992,TRACKING,0.076891,0.000000,0.000000,0.000000,0.835867,0.386857,0.000000,1.000000
1782218828.535477,599,0.002041,0.001262,TRACKING,0.077222,0.000000,0.000000,0.000000,0.829359,0.387778,0.000000,1.000000
1782218828.554932,600,0.001406,0.001228,TRACKING,0.076782,0.000000,0.000000,0.000000,0.856042,0.389614,0.000000,1.000000
1782218828.575530,601,0.001879,0.001282,TRACKING,0.076720,0.000000,0.000000,0.000000,0.878412,0.386680,0.000000,1.000000
1782218828.595268,602,0.001525,0.001273,TRACKING,0.075717,0.000000,0.000000,0.000000,0.894248,0.383820,0.000000,1.000000
1782218828.615554,603,0.001722,0.001369,TRACKING,0.076982,0.000000,0.000000,0.000000,0.913467,0.387450,0.000000,1.000000
1782218828.635383,604,0.001405,0.001432,TRACKING,0.077069,0.000000,0.000000,0.000000,0.924002,0.391477,0.000000,1.000000
1782218828.655764,605,0.001693,0.001536,TRACKING,0.078012,0.000000,0.000000,0.000000,0.928387,0.393831,0.000000,1.000000
1782218828.675805,606,0.001644,0.001530,TRACKING,0.077970,0.000000,0.000000,0.000000,0.928048,0.394007,0.000000,1.000000
1782218828.695936,607,0.001651,0.001669,TRACKING,0.077681,0.000000,0.000000,0.000000,0.921419,0.392191,0.000000,1.000000
1782218828.716078,608,0.001663,0.001493,TRACKING,0.077212,0.000000,0.000000,0.000000,0.909848,0.389980,0.000000,1.000000
1782218828.736028,609,0.001485,0.001695,TRACKING,0.076241,0.000000,0.000000,0.000000,0.892702,0.385862,0.000000,1.000000
1782218828.756749,610,0.002077,0.001764,TRACKING,0.076247,0.000000,0.000000,0.000000,0.870967,0.380843,0.000000,1.000000
1782218828.776442,611,0.001644,0.001753,TRACKING,0.074344,0.000000,0.000000,0.000000,0.846450,0.374453,0.000000,1.000000
1782218828.797047,612,0.002161,0.001874,TRACKING,0.073930,0.000000,0.000000,0.000000,0.822586,0.367700,0.000000,1.000000
1782218828.816782,613,0.001770,0.001728,TRACKING,0.072176,0.000000,0.000000,0.000000,0.803705,0.361155,0.000000,1.000000
1782218828.837045,614,0.001888,0.001936,TRACKING,0.071103,0.000000,0.000000,0.000000,0.791926,0.353988,0.000000,1.000000
1782218828.857646,615,0.002349,0.001989,TRACKING,0.069918,0.000000,0.000000,0.000000,0.787583,0.344957,0.000000,1.000000
1782218828.876877,616,0.001488,0.001906,TRACKING,0.066092,0.000000,0.000000,0.000000,0.786345,0.332088,0.000000,1.000000
1782218828.897648,617,0.002169,0.002013,TRACKING,0.064575,0.000000,0.000000,0.000000,0.767877,0.318172,0.000000,1.000000
1782218828.917428,618,0.001860,0.001835,TRACKING,0.060862,0.000000,0.000000,0.000000,0.694534,0.301564,0.000000,1.000000
1782218828.937861,619,0.002206,0.001887,TRACKING,0.057390,0.000000,0.000000,0.000000,0.614534,0.280544,0.000000,1.000000
1782218828.958349,620,0.002551,0.001817,TRACKING,0.055458,0.000000,0.000000,0.000000,0.547097,0.267857,0.000000,1.000000
1782218828.978047,621,0.002148,0.002021,TRACKING,0.056056,0.000000,0.000000,0.000000,0.575839,0.273771,0.000000,1.000000
1782218828.997997,622,0.002001,0.002014,TRACKING,0.058885,0.000000,0.000000,0.000000,0.642017,0.289640,0.000000,1.000000
1782218829.018315,623,0.002226,0.002063,TRACKING,0.061221,0.000000,0.000000,0.000000,0.690403,0.300053,0.000000,1.000000
1782218829.038170,624,0.001989,0.002002,TRACKING,0.060989,0.000000,0.000000,0.000000,0.697444,0.300854,0.000000,1.000000
1782218829.057923,625,0.001652,0.001817,TRACKING,0.059255,0.000000,0.000000,0.000000,0.659131,0.294219,0.000000,1.000000
1782218829.078117,626,0.001712,0.002084,TRACKING,0.057519,0.000000,0.000000,0.000000,0.620282,0.284893,0.000000,1.000000
1782218829.098125,627,0.001630,0.001985,TRACKING,0.055787,0.000000,0.000000,0.000000,0.572109,0.276534,0.000000,1.000000
1782218829.118179,628,0.001595,0.001982,TRACKING,0.054739,0.000000,0.000000,0.000000,0.542648,0.271279,0.000000,1.000000
1782218829.138912,629,0.002239,0.001865,TRACKING,0.054981,0.000000,0.000000,0.000000,0.560460,0.267503,0.000000,1.000000
1782218829.158690,630,0.001919,0.001947,TRACKING,0.054042,0.000000,0.000000,0.000000,0.593036,0.265065,0.000000,1.000000
1782218829.178686,631,0.001822,0.001868,TRACKING,0.054087,0.000000,0.000000,0.000000,0.636291,0.266481,0.000000,1.000000
1782218829.198578,632,0.001624,0.001848,TRACKING,0.055376,0.000000,0.000000,0.000000,0.695840,0.274621,0.000000,1.000000
1782218829.218928,633,0.001891,0.001860,TRACKING,0.058897,0.000000,0.000000,0.000000,0.772617,0.290911,0.000000,1.000000
1782218829.239097,634,0.001976,0.001835,TRACKING,0.063267,0.000000,0.000000,0.000000,0.852617,0.313296,0.000000,1.000000
1782218829.258695,635,0.001478,0.001817,TRACKING,0.067655,0.000000,0.000000,0.000000,0.932617,0.340567,0.000000,1.000000
1782218829.278945,636,0.001638,0.001715,TRACKING,0.073119,0.000000,0.000000,0.000000,1.012617,0.368210,0.000000,1.000000
1782218829.299403,637,0.001970,0.001919,TRACKING,0.077853,0.000000,0.000000,0.000000,1.092618,0.389776,0.000000,1.000000
1782218829.319042,638,0.001481,0.001835,TRACKING,0.080550,0.000000,0.000000,0.000000,1.172618,0.408086,0.000000,1.000000
1782218829.339281,639,0.001591,0.001858,TRACKING,0.082630,0.000000,0.000000,0.000000,1.188335,0.418088,0.000000,1.000000
1782218829.359627,640,0.001810,0.001944,TRACKING,0.083564,0.000000,0.000000,0.000000,1.164595,0.421248,0.000000,1.000000
1782218829.379703,641,0.001792,0.001845,TRACKING,0.083950,0.000000,0.000000,0.000000,1.130853,0.423463,0.000000,1.000000
1782218829.399773,642,0.001738,0.002084,TRACKING,0.085742,0.000000,0.000000,0.000000,1.133462,0.432728,0.000000,1.000000
1782218829.420066,643,0.001908,0.002062,TRACKING,0.089982,0.000000,0.000000,0.000000,1.180773,0.453676,0.000000,1.000000
1782218829.440009,644,0.001694,0.002167,TRACKING,0.093427,0.000000,0.000000,0.000000,1.237435,0.473186,0.000000,1.000000
1782218829.460302,645,0.001852,0.002236,TRACKING,0.096645,0.000000,0.000000,0.000000,1.279665,0.488532,0.000000,1.000000
1782218829.480090,646,0.001546,0.002206,TRACKING,0.098222,0.000000,0.000000,0.000000,1.296161,0.499590,0.000000,1.000000
1782218829.500634,647,0.001973,0.002210,TRACKING,0.098998,0.000000,0.000000,0.000000,1.288602,0.504877,0.000000,1.000000
1782218829.521099,648,0.002349,0.002190,TRACKING,0.099559,0.000000,0.000000,0.000000,1.264583,0.503834,0.000000,1.000000
1782218829.540677,649,0.001837,0.002245,TRACKING,0.098716,0.000000,0.000000,0.000000,1.233945,0.498678,0.000000,1.000000
1782218829.560773,650,0.001852,0.002353,TRACKING,0.097595,0.000000,0.000000,0.000000,1.196734,0.492487,0.000000,1.000000
1782218829.580600,651,0.001600,0.002401,TRACKING,0.096414,0.000000,0.000000,0.000000,1.183512,0.488176,0.000000,1.000000
1782218829.600543,652,0.001462,0.002387,TRACKING,0.095579,0.000000,0.000000,0.000000,1.191940,0.484895,0.000000,1.000000
1782218829.620844,653,0.001685,0.002481,TRACKING,0.093689,0.000000,0.000000,0.000000,1.173632,0.472924,0.000000,1.000000
1782218829.640988,654,0.001759,0.001369,TRACKING,0.089996,0.000000,0.000000,0.000000,1.162870,0.455666,0.000000,1.000000
1782218829.660614,655,0.001321,0.001564,TRACKING,0.086062,0.000000,0.000000,0.000000,1.168979,0.438183,0.000000,1.000000
1782218829.681307,656,0.001931,0.001686,TRACKING,0.083780,0.000000,0.000000,0.000000,1.181815,0.421815,0.000000,1.000000
1782218829.701595,657,0.002126,0.001721,TRACKING,0.081349,0.000000,0.000000,0.000000,1.196133,0.407249,0.000000,1.000000
1782218829.721388,658,0.001830,0.001704,TRACKING,0.078393,0.000000,0.000000,0.000000,1.207356,0.394245,0.000000,1.000000
1782218829.741486,659,0.001835,0.001618,TRACKING,0.075860,0.000000,0.000000,0.000000,1.206385,0.381198,0.000000,1.000000
1782218829.761842,660,0.002103,0.001755,TRACKING,0.073209,0.000000,0.000000,0.000000,1.174850,0.364534,0.000000,1.000000
1782218829.781185,661,0.001362,0.001867,TRACKING,0.067174,0.000000,0.000000,0.000000,1.094850,0.338692,0.000000,1.000000
1782218829.801764,662,0.001853,0.001685,TRACKING,0.063093,0.000000,0.000000,0.000000,1.014850,0.313814,0.000000,1.000000
1782218829.821321,663,0.001319,0.001887,TRACKING,0.058814,0.000000,0.000000,0.000000,0.934850,0.295064,0.000000,1.000000
1782218829.841384,664,0.001301,0.001961,TRACKING,0.056918,0.000000,0.000000,0.000000,0.854850,0.284077,0.000000,1.000000
1782218829.861737,665,0.001599,0.001774,TRACKING,0.056529,0.000000,0.000000,0.000000,0.774850,0.280372,0.000000,1.000000
1782218829.881240,666,0.000978,0.001998,TRACKING,0.055229,0.000000,0.000000,0.000000,0.694850,0.277789,0.000000,1.000000
1782218829.901994,667,0.001609,0.002070,TRACKING,0.055590,0.000000,0.000000,0.000000,0.616465,0.274496,0.000000,1.000000
1782218829.922319,668,0.001784,0.002173,TRACKING,0.057075,0.000000,0.000000,0.000000,0.590743,0.280459,0.000000,1.000000
1782218829.942028,669,0.001369,0.002212,TRACKING,0.059358,0.000000,0.000000,0.000000,0.628446,0.295974,0.000000,1.000000
1782218829.962473,670,0.001694,0.002256,TRACKING,0.063308,0.000000,0.000000,0.000000,0.651816,0.313578,0.000000,1.000000
1782218829.981946,671,0.001044,0.002326,TRACKING,0.064829,0.000000,0.000000,0.000000,0.613419,0.327237,0.000000,1.000000
1782218830.002861,672,0.001821,0.003173,TRACKING,0.067654,0.000000,0.000000,0.000000,0.672545,0.333382,0.000000,1.000000
1782218830.022289,673,0.001120,0.003218,TRACKING,0.067552,0.000000,0.000000,0.000000,0.752545,0.338408,0.000000,1.000000
1782218830.042934,674,0.001644,0.003304,TRACKING,0.070356,0.000000,0.000000,0.000000,0.832545,0.348752,0.000000,1.000000
1782218830.063169,675,0.001746,0.003438,TRACKING,0.073030,0.000000,0.000000,0.000000,0.910791,0.361576,0.000000,1.000000
1782218830.083411,676,0.001861,0.003565,TRACKING,0.075646,0.000000,0.000000,0.000000,0.965548,0.374010,0.000000,1.000000
1782218830.102927,677,0.001257,0.003596,TRACKING,0.076642,0.000000,0.000000,0.000000,1.010981,0.385072,0.000000,1.000000
1782218830.123675,678,0.001920,0.003658,TRACKING,0.079551,0.000000,0.000000,0.000000,1.049104,0.394512,0.000000,1.000000
1782218830.143574,679,0.001734,0.003710,TRACKING,0.080863,0.000000,0.000000,0.000000,1.084242,0.402876,0.000000,1.000000
1782218830.163710,680,0.001781,0.003712,TRACKING,0.082291,0.000000,0.000000,0.000000,1.117484,0.410250,0.000000,1.000000
1782218830.183567,681,0.001549,0.003746,TRACKING,0.083132,0.000000,0.000000,0.000000,1.148034,0.416318,0.000000,1.000000
1782218830.203655,682,0.001512,0.003848,TRACKING,0.083908,0.000000,0.000000,0.000000,1.175124,0.420485,0.000000,1.000000
1782218830.223788,683,0.001529,0.003886,TRACKING,0.084385,0.000000,0.000000,0.000000,1.195853,0.422794,0.000000,1.000000
1782218830.243823,684,0.001476,0.003922,TRACKING,0.084396,0.000000,0.000000,0.000000,1.205842,0.423099,0.000000,1.000000
1782218830.263909,685,0.001473,0.003978,TRACKING,0.084009,0.000000,0.000000,0.000000,1.197598,0.419934,0.000000,1.000000
1782218830.283587,686,0.001029,0.003981,TRACKING,0.081854,0.000000,0.000000,0.000000,1.169005,0.412475,0.000000,1.000000
1782218830.304259,687,0.001570,0.004085,TRACKING,0.080313,0.000000,0.000000,0.000000,1.119887,0.400651,0.000000,1.000000
1782218830.324610,688,0.001836,0.004163,TRACKING,0.078023,0.000000,0.000000,0.000000,1.052967,0.385990,0.000000,1.000000
1782218830.345034,689,0.002175,0.004165,TRACKING,0.075527,0.000000,0.000000,0.000000,0.974744,0.369938,0.000000,1.000000
1782218830.364618,690,0.001637,0.004188,TRACKING,0.071999,0.000000,0.000000,0.000000,0.894744,0.355126,0.000000,1.000000
1782218830.385011,691,0.001903,0.004390,TRACKING,0.070653,0.000000,0.000000,0.000000,0.822638,0.345274,0.000000,1.000000
1782218830.404696,692,0.001505,0.004228,TRACKING,0.069274,0.000000,0.000000,0.000000,0.830641,0.341841,0.000000,1.000000
1782218830.424548,693,0.001233,0.004343,TRACKING,0.069739,0.000000,0.000000,0.000000,0.910641,0.346234,0.000000,1.000000
1782218830.445249,694,0.001856,0.004261,TRACKING,0.072762,0.000000,0.000000,0.000000,0.990641,0.358101,0.000000,1.000000
1782218830.465619,695,0.002129,0.003764,TRACKING,0.076822,0.000000,0.000000,0.000000,1.070641,0.378611,0.000000,1.000000
1782218830.486315,696,0.002715,0.003826,TRACKING,0.083771,0.000000,0.000000,0.000000,1.150641,0.410090,0.000000,1.000000
1782218830.505778,697,0.002071,0.003958,TRACKING,0.088727,0.000000,0.000000,0.000000,1.230641,0.440865,0.000000,1.000000
1782218830.525862,698,0.002069,0.004112,TRACKING,0.087841,0.000000,0.000000,0.000000,1.188910,0.435775,0.000000,1.000000
1782218830.546114,699,0.002194,0.004284,TRACKING,0.086369,0.000000,0.000000,0.000000,1.108910,0.426563,0.000000,1.000000
1782218830.566082,700,0.002050,0.004263,TRACKING,0.085010,0.000000,0.000000,0.000000,1.028910,0.420734,0.000000,1.000000
1782218830.585536,701,0.001381,0.004327,TRACKING,0.083421,0.000000,0.000000,0.000000,1.000694,0.417801,0.000000,1.000000
1782218830.606634,702,0.002353,0.004466,TRACKING,0.083709,0.000000,0.000000,0.000000,1.004658,0.410805,0.000000,1.000000
1782218830.625770,703,0.001353,0.004498,TRACKING,0.080375,0.000000,0.000000,0.000000,1.007885,0.401550,0.000000,1.000000
1782218830.645942,704,0.001401,0.004542,TRACKING,0.079420,0.000000,0.000000,0.000000,0.999070,0.396007,0.000000,1.000000
1782218830.666171,705,0.001503,0.004585,TRACKING,0.078678,0.000000,0.000000,0.000000,0.978027,0.391165,0.000000,1.000000
1782218830.686466,706,0.001669,0.004754,TRACKING,0.078571,0.000000,0.000000,0.000000,0.957798,0.387961,0.000000,1.000000
1782218830.706950,707,0.002025,0.004835,TRACKING,0.078464,0.000000,0.000000,0.000000,0.943304,0.384266,0.000000,1.000000
1782218830.726711,708,0.001659,0.004868,TRACKING,0.076355,0.000000,0.000000,0.000000,0.928423,0.376138,0.000000,1.000000
1782218830.746868,709,0.001668,0.004756,TRACKING,0.074404,0.000000,0.000000,0.000000,0.912897,0.366158,0.000000,1.000000
1782218830.766621,710,0.001297,0.004775,TRACKING,0.072571,0.000000,0.000000,0.000000,0.901475,0.359556,0.000000,1.000000
1782218830.786875,711,0.001433,0.004904,TRACKING,0.071886,0.000000,0.000000,0.000000,0.890104,0.355325,0.000000,1.000000
1782218830.807507,712,0.001980,0.004811,TRACKING,0.072298,0.000000,0.000000,0.000000,0.878525,0.353120,0.000000,1.000000
1782218830.827390,713,0.001779,0.004761,TRACKING,0.071711,0.000000,0.000000,0.000000,0.865924,0.351778,0.000000,1.000000
1782218830.846997,714,0.001302,0.004787,TRACKING,0.070945,0.000000,0.000000,0.000000,0.853543,0.351584,0.000000,1.000000
1782218830.867625,715,0.001845,0.004707,TRACKING,0.071752,0.000000,0.000000,0.000000,0.841082,0.351599,0.000000,1.000000
1782218830.887427,716,0.001532,0.004722,TRACKING,0.071110,0.000000,0.000000,0.000000,0.827980,0.350916,0.000000,1.000000
1782218830.907562,717,0.001546,0.004753,TRACKING,0.070977,0.000000,0.000000,0.000000,0.837233,0.350002,0.000000,1.000000
1782218830.927599,718,0.001470,0.004823,TRACKING,0.070806,0.000000,0.000000,0.000000,0.870095,0.349576,0.000000,1.000000
1782218830.947917,719,0.001662,0.004713,TRACKING,0.071139,0.000000,0.000000,0.000000,0.909954,0.350106,0.000000,1.000000
1782218830.968340,720,0.001956,0.004520,TRACKING,0.071843,0.000000,0.000000,0.000000,0.956119,0.351966,0.000000,1.000000
1782218830.988219,721,0.001703,0.004666,TRACKING,0.072344,0.000000,0.000000,0.000000,1.008225,0.356160,0.000000,1.000000
1782218831.008670,722,0.002064,0.004664,TRACKING,0.074141,0.000000,0.000000,0.000000,1.059475,0.362708,0.000000,1.000000
1782218831.028235,723,0.001504,0.004713,TRACKING,0.074405,0.000000,0.000000,0.000000,1.093644,0.368610,0.000000,1.000000
1782218831.049162,724,0.002341,0.004631,TRACKING,0.076864,0.000000,0.000000,0.000000,1.117770,0.374610,0.000000,1.000000
1782218831.069351,725,0.002439,0.004583,TRACKING,0.076968,0.000000,0.000000,0.000000,1.105986,0.374632,0.000000,1.000000
1782218831.089253,726,0.002248,0.004489,TRACKING,0.075837,0.000000,0.000000,0.000000,1.068630,0.370477,0.000000,1.000000
1782218831.109226,727,0.002084,0.004565,TRACKING,0.074631,0.000000,0.000000,0.000000,1.014743,0.365831,0.000000,1.000000
1782218831.129510,728,0.002280,0.004612,TRACKING,0.074745,0.000000,0.000000,0.000000,0.957350,0.364299,0.000000,1.000000
1782218831.149694,729,0.002371,0.004499,TRACKING,0.075162,0.000000,0.000000,0.000000,0.901290,0.365876,0.000000,1.000000
1782218831.169711,730,0.002296,0.004466,TRACKING,0.074581,0.000000,0.000000,0.000000,0.852080,0.363412,0.000000,1.000000
1782218831.189457,731,0.001956,0.004451,TRACKING,0.073701,0.000000,0.000000,0.000000,0.814511,0.361677,0.000000,1.000000
1782218831.209798,732,0.002208,0.004311,TRACKING,0.074071,0.000000,0.000000,0.000000,0.795147,0.361980,0.000000,1.000000
1782218831.229820,733,0.002139,0.004374,TRACKING,0.074400,0.000000,0.000000,0.000000,0.792835,0.363937,0.000000,1.000000
1782218831.249666,734,0.001897,0.004374,TRACKING,0.074863,0.000000,0.000000,0.000000,0.815558,0.368388,0.000000,1.000000
1782218831.269771,735,0.001917,0.004319,TRACKING,0.076152,0.000000,0.000000,0.000000,0.856118,0.375103,0.000000,1.000000
1782218831.289596,736,0.001657,0.004327,TRACKING,0.077282,0.000000,0.000000,0.000000,0.909759,0.383170,0.000000,1.000000
1782218831.309921,737,0.001894,0.004400,TRACKING,0.079121,0.000000,0.000000,0.000000,0.967608,0.390671,0.000000,1.000000
1782218831.329569,738,0.001456,0.004377,TRACKING,0.079824,0.000000,0.000000,0.000000,1.022079,0.397993,0.000000,1.000000
1782218831.349838,739,0.001634,0.004380,TRACKING,0.081414,0.000000,0.000000,0.000000,1.066038,0.404926,0.000000,1.000000
1782218831.370143,740,0.001854,0.004432,TRACKING,0.082941,0.000000,0.000000,0.000000,1.094012,0.410926,0.000000,1.000000
1782218831.390558,741,0.002177,0.004452,TRACKING,0.084278,0.000000,0.000000,0.000000,1.102650,0.415339,0.000000,1.000000
1782218831.410166,742,0.001697,0.004474,TRACKING,0.083925,0.000000,0.000000,0.000000,1.091864,0.417383,0.000000,1.000000
1782218831.430230,743,0.001676,0.004579,TRACKING,0.083833,0.000000,0.000000,0.000000,1.065486,0.416838,0.000000,1.000000
1782218831.450649,744,0.002007,0.004565,TRACKING,0.083775,0.000000,0.000000,0.000000,1.028268,0.413828,0.000000,1.000000
1782218831.471110,745,0.002340,0.004586,TRACKING,0.083376,0.000000,0.000000,0.000000,0.985799,0.409095,0.000000,1.000000
1782218831.491091,746,0.002232,0.004663,TRACKING,0.082531,0.000000,0.000000,0.000000,0.945851,0.405135,0.000000,1.000000
1782218831.511007,747,0.002059,0.004695,TRACKING,0.080436,0.000000,0.000000,0.000000,0.899513,0.395644,0.000000,1.000000
1782218831.531411,748,0.002370,0.004620,TRACKING,0.079297,0.000000,0.000000,0.000000,0.860769,0.387502,0.000000,1.000000
1782218831.551271,749,0.002139,0.004687,TRACKING,0.077060,0.000000,0.000000,0.000000,0.822970,0.377185,0.000000,1.000000
1782218831.571355,750,0.002135,0.004673,TRACKING,0.074764,0.000000,0.000000,0.000000,0.786086,0.365161,0.000000,1.000000
1782218831.591330,751,0.001988,0.004665,TRACKING,0.072786,0.000000,0.000000,0.000000,0.793962,0.356004,0.000000,1.000000
1782218831.611395,752,0.001937,0.004714,TRACKING,0.071776,0.000000,0.000000,0.000000,0.837306,0.351073,0.000000,1.000000
1782218831.631514,753,0.001935,0.004630,TRACKING,0.071197,0.000000,0.000000,0.000000,0.870779,0.348217,0.000000,1.000000
1782218831.651280,754,0.001580,0.004736,TRACKING,0.070384,0.000000,0.000000,0.000000,0.866966,0.346704,0.000000,1.000000
1782218831.671398,755,0.001576,0.004730,TRACKING,0.069000,0.000000,0.000000,0.000000,0.786966,0.339390,0.000000,1.000000
1782218831.691738,756,0.001770,0.004804,TRACKING,0.067207,0.000000,0.000000,0.000000,0.706966,0.328232,0.000000,1.000000
1782218831.711612,757,0.001521,0.004840,TRACKING,0.067126,0.000000,0.000000,0.000000,0.674764,0.329821,0.000000,1.000000
1782218831.731788,758,0.001583,0.004937,TRACKING,0.067926,0.000000,0.000000,0.000000,0.754764,0.333182,0.000000,1.000000
1782218831.751848,759,0.001524,0.004822,TRACKING,0.067810,0.000000,0.000000,0.000000,0.770349,0.333359,0.000000,1.000000
1782218831.771961,760,0.001550,0.004916,TRACKING,0.066630,0.000000,0.000000,0.000000,0.749548,0.326806,0.000000,1.000000
1782218831.792195,761,0.001660,0.004876,TRACKING,0.067192,0.000000,0.000000,0.000000,0.768182,0.329065,0.000000,1.000000
1782218831.812222,762,0.001549,0.004915,TRACKING,0.065695,0.000000,0.000000,0.000000,0.755693,0.321333,0.000000,1.000000
1782218831.832341,763,0.001541,0.004851,TRACKING,0.065120,0.000000,0.000000,0.000000,0.755439,0.319229,0.000000,1.000000
1782218831.852571,764,0.001676,0.005136,TRACKING,0.065100,0.000000,0.000000,0.000000,0.746403,0.317037,0.000000,1.000000
1782218831.872684,765,0.001705,0.005102,TRACKING,0.065308,0.000000,0.000000,0.000000,0.727491,0.317183,0.000000,1.000000
1782218831.892009,766,0.000952,0.005018,TRACKING,0.063618,0.000000,0.000000,0.000000,0.710722,0.314796,0.000000,1.000000
1782218831.912760,767,0.001568,0.005163,TRACKING,0.064381,0.000000,0.000000,0.000000,0.710057,0.313239,0.000000,1.000000
1782218831.932343,768,0.001046,0.005118,TRACKING,0.062549,0.000000,0.000000,0.000000,0.693487,0.308117,0.000000,1.000000
1782218831.952780,769,0.001406,0.005116,TRACKING,0.061335,0.000000,0.000000,0.000000,0.669908,0.298748,0.000000,1.000000
1782218831.973371,770,0.001918,0.005044,TRACKING,0.060178,0.000000,0.000000,0.000000,0.675921,0.288463,0.000000,1.000000
1782218831.993243,771,0.001709,0.004817,TRACKING,0.057802,0.000000,0.000000,0.000000,0.709527,0.279044,0.000000,1.000000
1782218832.013234,772,0.001613,0.004520,TRACKING,0.055942,0.000000,0.000000,0.000000,0.738343,0.270355,0.000000,1.000000
1782218832.033441,773,0.001739,0.004971,TRACKING,0.055198,0.000000,0.000000,0.000000,0.761499,0.264178,0.000000,1.000000
1782218832.053700,774,0.001917,0.005056,TRACKING,0.055221,0.000000,0.000000,0.000000,0.779515,0.262634,0.000000,1.000000
1782218832.073537,775,0.001625,0.005090,TRACKING,0.055274,0.000000,0.000000,0.000000,0.788955,0.265168,0.000000,1.000000
1782218832.093917,776,0.001866,0.005131,TRACKING,0.056971,0.000000,0.000000,0.000000,0.793835,0.271944,0.000000,1.000000
1782218832.114056,777,0.001866,0.005067,TRACKING,0.058992,0.000000,0.000000,0.000000,0.797620,0.282748,0.000000,1.000000
1782218832.133488,778,0.001163,0.005174,TRACKING,0.060683,0.000000,0.000000,0.000000,0.803389,0.297200,0.000000,1.000000
1782218832.154201,779,0.001727,0.005230,TRACKING,0.064850,0.000000,0.000000,0.000000,0.818102,0.314220,0.000000,1.000000
1782218832.174277,780,0.001675,0.005232,TRACKING,0.068567,0.000000,0.000000,0.000000,0.840613,0.334168,0.000000,1.000000
1782218832.194437,781,0.001695,0.005229,TRACKING,0.072830,0.000000,0.000000,0.000000,0.871929,0.356416,0.000000,1.000000
1782218832.214665,782,0.001794,0.005279,TRACKING,0.076970,0.000000,0.000000,0.000000,0.913230,0.377139,0.000000,1.000000
1782218832.234203,783,0.001196,0.005292,TRACKING,0.079058,0.000000,0.000000,0.000000,0.993230,0.393105,0.000000,1.000000
1782218832.255038,784,0.001896,0.005417,TRACKING,0.082730,0.000000,0.000000,0.000000,1.073230,0.406070,0.000000,1.000000
1782218832.274549,785,0.001274,0.005562,TRACKING,0.083480,0.000000,0.000000,0.000000,1.153230,0.414978,0.000000,1.000000
1782218832.294588,786,0.001181,0.005601,TRACKING,0.083389,0.000000,0.000000,0.000000,1.160259,0.415168,0.000000,1.000000
1782218832.315050,787,0.001509,0.005709,TRACKING,0.086173,0.000000,0.000000,0.000000,1.173349,0.426609,0.000000,1.000000
1782218832.334926,788,0.001313,0.005620,TRACKING,0.089160,0.000000,0.000000,0.000000,1.189340,0.444189,0.000000,1.000000
1782218832.354895,789,0.001207,0.005621,TRACKING,0.092010,0.000000,0.000000,0.000000,1.188151,0.460226,0.000000,1.000000
1782218832.375034,790,0.001271,0.005636,TRACKING,0.095524,0.000000,0.000000,0.000000,1.179281,0.477852,0.000000,1.000000
1782218832.395099,791,0.001262,0.005711,TRACKING,0.099310,0.000000,0.000000,0.000000,1.174842,0.497621,0.000000,1.000000
1782218832.415057,792,0.001148,0.005712,TRACKING,0.099581,0.000000,0.000000,0.000000,1.211251,0.518795,0.000000,1.000000
1782218832.435349,793,0.001365,0.005695,TRACKING,0.099672,0.000000,0.000000,0.000000,1.291251,0.539042,0.000000,1.000000
1782218832.455534,794,0.001464,0.005814,TRACKING,0.099945,0.000000,0.000000,0.000000,1.371251,0.552433,0.000000,1.000000
1782218832.475608,795,0.001454,0.005804,TRACKING,0.099922,0.000000,0.000000,0.000000,1.451251,0.563635,0.000000,1.000000
1782218832.495756,796,0.001517,0.005827,TRACKING,0.100038,0.000000,0.000000,0.000000,1.531251,0.573338,0.000000,1.000000
1782218832.515864,797,0.001537,0.005810,TRACKING,0.100050,0.000000,0.000000,0.000000,1.611251,0.582290,0.000000,1.000000
1782218832.535851,798,0.001438,0.005820,TRACKING,0.099912,0.000000,0.000000,0.000000,1.691251,0.589824,0.000000,1.000000
1782218832.555909,799,0.001412,0.005838,TRACKING,0.099890,0.000000,0.000000,0.000000,1.717661,0.589138,0.000000,1.000000
1782218832.576539,800,0.001907,0.005890,TRACKING,0.100669,0.000000,0.000000,0.000000,1.637661,0.574251,0.000000,1.000000
1782218832.596547,801,0.001830,0.005960,TRACKING,0.100604,0.000000,0.000000,0.000000,1.557661,0.559939,0.000000,1.000000
1782218832.616572,802,0.001771,0.005651,TRACKING,0.100373,0.000000,0.000000,0.000000,1.477661,0.546960,0.000000,1.000000
1782218832.636894,803,0.001974,0.005952,TRACKING,0.100810,0.000000,0.000000,0.000000,1.397661,0.534814,0.000000,1.000000
1782218832.656818,804,0.001777,0.006038,TRACKING,0.100697,0.000000,0.000000,0.000000,1.317661,0.522651,0.000000,1.000000
1782218832.676873,805,0.001706,0.006155,TRACKING,0.100641,0.000000,0.000000,0.000000,1.237661,0.508746,0.000000,1.000000
1782218832.697463,806,0.002144,0.006173,TRACKING,0.099470,0.000000,0.000000,0.000000,1.182819,0.491225,0.000000,1.000000
1782218832.717721,807,0.002277,0.006241,TRACKING,0.095532,0.000000,0.000000,0.000000,1.131949,0.469104,0.000000,1.000000
1782218832.737219,808,0.001688,0.006226,TRACKING,0.089676,0.000000,0.000000,0.000000,1.063802,0.443325,0.000000,1.000000
1782218832.758077,809,0.002461,0.006213,TRACKING,0.085768,0.000000,0.000000,0.000000,0.987996,0.416612,0.000000,1.000000
1782218832.777667,810,0.001959,0.006170,TRACKING,0.080162,0.000000,0.000000,0.000000,0.913040,0.391282,0.000000,1.000000
1782218832.797376,811,0.001530,0.006285,TRACKING,0.075174,0.000000,0.000000,0.000000,0.843021,0.368276,0.000000,1.000000
1782218832.818175,812,0.002192,0.006343,TRACKING,0.072295,0.000000,0.000000,0.000000,0.776258,0.347608,0.000000,1.000000
1782218832.838360,813,0.002253,0.006392,TRACKING,0.069119,0.000000,0.000000,0.000000,0.791316,0.330241,0.000000,1.000000
1782218832.858152,814,0.001924,0.006493,TRACKING,0.065902,0.000000,0.000000,0.000000,0.811290,0.315966,0.000000,1.000000
1782218832.878487,815,0.002129,0.006484,TRACKING,0.063279,0.000000,0.000000,0.000000,0.823602,0.300378,0.000000,1.000000
1782218832.898504,816,0.002023,0.006625,TRACKING,0.059600,0.000000,0.000000,0.000000,0.813833,0.281635,0.000000,1.000000
1782218832.918534,817,0.001929,0.006754,TRACKING,0.056450,0.000000,0.000000,0.000000,0.789600,0.265483,0.000000,1.000000
1782218832.938635,818,0.001902,0.006810,TRACKING,0.054044,0.000000,0.000000,0.000000,0.753182,0.252954,0.000000,1.000000
1782218832.958969,819,0.002120,0.006849,TRACKING,0.051898,0.000000,0.000000,0.000000,0.673182,0.239889,0.000000,1.000000
1782218832.979429,820,0.002457,0.006701,TRACKING,0.050030,0.000000,0.000000,0.000000,0.593182,0.227808,0.000000,1.000000
1782218832.999260,821,0.002159,0.006850,TRACKING,0.049200,0.000000,0.000000,0.000000,0.513182,0.225407,0.000000,1.000000
1782218833.018888,822,0.001666,0.007000,TRACKING,0.052155,0.000000,0.000000,0.000000,0.541317,0.244660,0.000000,1.000000
1782218833.039304,823,0.001960,0.007116,TRACKING,0.054966,0.000000,0.000000,0.000000,0.565512,0.256563,0.000000,1.000000
1782218833.059592,824,0.002124,0.007192,TRACKING,0.058190,0.000000,0.000000,0.000000,0.613801,0.271962,0.000000,1.000000
1782218833.079455,825,0.001843,0.007262,TRACKING,0.060009,0.000000,0.000000,0.000000,0.643761,0.283662,0.000000,1.000000
1782218833.099350,826,0.001617,0.007476,TRACKING,0.061410,0.000000,0.000000,0.000000,0.675016,0.291608,0.000000,1.000000
1782218833.120337,827,0.002473,0.007259,TRACKING,0.062629,0.000000,0.000000,0.000000,0.698706,0.292527,0.000000,1.000000
1782218833.139806,828,0.001823,0.007231,TRACKING,0.063186,0.000000,0.000000,0.000000,0.731451,0.300667,0.000000,1.000000
1782218833.159622,829,0.001550,0.007332,TRACKING,0.064064,0.000000,0.000000,0.000000,0.766088,0.307111,0.000000,1.000000
1782218833.179516,830,0.001358,0.007272,TRACKING,0.066192,0.000000,0.000000,0.000000,0.825520,0.320051,0.000000,1.000000
1782218833.199820,831,0.001507,0.007368,TRACKING,0.069022,0.000000,0.000000,0.000000,0.886485,0.333480,0.000000,1.000000
1782218833.219899,832,0.001503,0.007285,TRACKING,0.072087,0.000000,0.000000,0.000000,0.944022,0.349767,0.000000,1.000000
1782218833.239879,833,0.001400,0.007260,TRACKING,0.074990,0.000000,0.000000,0.000000,0.987276,0.365819,0.000000,1.000000
1782218833.260362,834,0.001795,0.007284,TRACKING,0.078974,0.000000,0.000000,0.000000,1.033845,0.383510,0.000000,1.000000
1782218833.280378,835,0.001727,0.007215,TRACKING,0.082164,0.000000,0.000000,0.000000,1.072386,0.400853,0.000000,1.000000
1782218833.300277,836,0.001541,0.007213,TRACKING,0.084858,0.000000,0.000000,0.000000,1.104531,0.416618,0.000000,1.000000
1782218833.321019,837,0.002164,0.007255,TRACKING,0.088773,0.000000,0.000000,0.000000,1.128202,0.431974,0.000000,1.000000
1782218833.341184,838,0.002208,0.007283,TRACKING,0.091383,0.000000,0.000000,0.000000,1.142490,0.445327,0.000000,1.000000
1782218833.361252,839,0.002152,0.007451,TRACKING,0.092960,0.000000,0.000000,0.000000,1.142002,0.453609,0.000000,1.000000
1782218833.380751,840,0.001521,0.007517,TRACKING,0.092686,0.000000,0.000000,0.000000,1.129872,0.457206,0.000000,1.000000
1782218833.401118,841,0.001826,0.007360,TRACKING,0.092419,0.000000,0.000000,0.000000,1.104433,0.453770,0.000000,1.000000
1782218833.421333,842,0.001955,0.007481,TRACKING,0.090923,0.000000,0.000000,0.000000,1.095599,0.443599,0.000000,1.000000
1782218833.441274,843,0.001817,0.007543,TRACKING,0.088235,0.000000,0.000000,0.000000,1.115643,0.430458,0.000000,1.000000
1782218833.461267,844,0.001733,0.007511,TRACKING,0.085333,0.000000,0.000000,0.000000,1.127290,0.415984,0.000000,1.000000
1782218833.481539,845,0.001928,0.007528,TRACKING,0.082860,0.000000,0.000000,0.000000,1.132608,0.401411,0.000000,1.000000
1782218833.501373,846,0.001678,0.007528,TRACKING,0.079869,0.000000,0.000000,0.000000,1.133162,0.387996,0.000000,1.000000
1782218833.521530,847,0.001751,0.007356,TRACKING,0.077671,0.000000,0.000000,0.000000,1.127999,0.376089,0.000000,1.000000
1782218833.541557,848,0.001699,0.007458,TRACKING,0.075668,0.000000,0.000000,0.000000,1.116355,0.365665,0.000000,1.000000
1782218833.561605,849,0.001621,0.007539,TRACKING,0.074044,0.000000,0.000000,0.000000,1.098231,0.357607,0.000000,1.000000
1782218833.581652,850,0.001590,0.007469,TRACKING,0.072971,0.000000,0.000000,0.000000,1.075014,0.352425,0.000000,1.000000
1782218833.601438,851,0.001298,0.007488,TRACKING,0.071866,0.000000,0.000000,0.000000,1.049642,0.349011,0.000000,1.000000
1782218833.621580,852,0.001364,0.007494,TRACKING,0.071658,0.000000,0.000000,0.000000,1.023903,0.347316,0.000000,1.000000
1782218833.641532,853,0.001239,0.007526,TRACKING,0.071218,0.000000,0.000000,0.000000,0.993571,0.345967,0.000000,1.000000
1782218833.661492,854,0.001123,0.007575,TRACKING,0.069152,0.000000,0.000000,0.000000,0.924567,0.335983,0.000000,1.000000
1782218833.681499,855,0.001055,0.007623,TRACKING,0.067283,0.000000,0.000000,0.000000,0.844567,0.326600,0.000000,1.000000
1782218833.702257,856,0.001738,0.007512,TRACKING,0.067051,0.000000,0.000000,0.000000,0.806309,0.320267,0.000000,1.000000
1782218833.722144,857,0.001542,0.007530,TRACKING,0.068702,0.000000,0.000000,0.000000,0.873710,0.330262,0.000000,1.000000
1782218833.742141,858,0.001462,0.007505,TRACKING,0.068754,0.000000,0.000000,0.000000,0.904813,0.331263,0.000000,1.000000
1782218833.762012,859,0.001255,0.007536,TRACKING,0.069464,0.000000,0.000000,0.000000,0.917364,0.336841,0.000000,1.000000
1782218833.781884,860,0.001043,0.007490,TRACKING,0.069745,0.000000,0.000000,0.000000,0.919614,0.339940,0.000000,1.000000
1782218833.802576,861,0.001659,0.007546,TRACKING,0.070892,0.000000,0.000000,0.000000,0.915167,0.340703,0.000000,1.000000
1782218833.823154,862,0.002151,0.007612,TRACKING,0.071161,0.000000,0.000000,0.000000,0.908229,0.337880,0.000000,1.000000
1782218833.842959,863,0.001875,0.007356,TRACKING,0.070050,0.000000,0.000000,0.000000,0.906853,0.335163,0.000000,1.000000
1782218833.863004,864,0.001785,0.007486,TRACKING,0.069992,0.000000,0.000000,0.000000,0.912507,0.335291,0.000000,1.000000
1782218833.883198,865,0.001850,0.007705,TRACKING,0.070900,0.000000,0.000000,0.000000,0.928126,0.338822,0.000000,1.000000
1782218833.902996,866,0.001520,0.007783,TRACKING,0.071311,0.000000,0.000000,0.000000,0.943600,0.343558,0.000000,1.000000
1782218833.923240,867,0.001641,0.007830,TRACKING,0.072275,0.000000,0.000000,0.000000,0.946400,0.347472,0.000000,1.000000
1782218833.943098,868,0.001377,0.007854,TRACKING,0.072667,0.000000,0.000000,0.000000,0.952775,0.351662,0.000000,1.000000
1782218833.963192,869,0.001345,0.007877,TRACKING,0.073134,0.000000,0.000000,0.000000,0.951850,0.354360,0.000000,1.000000
1782218833.983400,870,0.001426,0.007840,TRACKING,0.073626,0.000000,0.000000,0.000000,0.953243,0.356271,0.000000,1.000000
1782218834.003391,871,0.001337,0.007735,TRACKING,0.073622,0.000000,0.000000,0.000000,0.958625,0.357161,0.000000,1.000000
1782218834.023223,872,0.001095,0.007724,TRACKING,0.073347,0.000000,0.000000,0.000000,0.970930,0.357867,0.000000,1.000000
1782218834.043780,873,0.001546,0.007877,TRACKING,0.074186,0.000000,0.000000,0.000000,0.992309,0.359093,0.000000,1.000000
1782218834.063817,874,0.001495,0.007821,TRACKING,0.074452,0.000000,0.000000,0.000000,1.014511,0.361020,0.000000,1.000000
1782218834.084274,875,0.001866,0.007865,TRACKING,0.074813,0.000000,0.000000,0.000000,1.027288,0.359806,0.000000,1.000000
1782218834.104726,876,0.002158,0.007907,TRACKING,0.073870,0.000000,0.000000,0.000000,1.007329,0.352433,0.000000,1.000000
1782218834.124575,877,0.001852,0.008019,TRACKING,0.071308,0.000000,0.000000,0.000000,0.958385,0.340329,0.000000,1.000000
1782218834.144211,878,0.001406,0.008011,TRACKING,0.069293,0.000000,0.000000,0.000000,0.911091,0.333282,0.000000,1.000000
1782218834.164036,879,0.001152,0.008025,TRACKING,0.069489,0.000000,0.000000,0.000000,0.882566,0.336393,0.000000,1.000000
1782218834.184670,880,0.001655,0.008061,TRACKING,0.071792,0.000000,0.000000,0.000000,0.863074,0.343956,0.000000,1.000000
1782218834.204950,881,0.001812,0.008350,TRACKING,0.074192,0.000000,0.000000,0.000000,0.864683,0.354842,0.000000,1.000000
1782218834.224724,882,0.001418,0.008400,TRACKING,0.075476,0.000000,0.000000,0.000000,0.879746,0.364430,0.000000,1.000000
1782218834.245434,883,0.002044,0.008076,TRACKING,0.077123,0.000000,0.000000,0.000000,0.911470,0.368971,0.000000,1.000000
1782218834.265431,884,0.001949,0.007911,TRACKING,0.076201,0.000000,0.000000,0.000000,0.933337,0.365474,0.000000,1.000000
1782218834.285305,885,0.001731,0.007628,TRACKING,0.074083,0.000000,0.000000,0.000000,0.939073,0.357009,0.000000,1.000000
1782218834.305580,886,0.001918,0.008091,TRACKING,0.072172,0.000000,0.000000,0.000000,0.927342,0.343922,0.000000,1.000000
1782218834.325294,887,0.001555,0.008188,TRACKING,0.069021,0.000000,0.000000,0.000000,0.910670,0.330167,0.000000,1.000000
1782218834.345675,888,0.001858,0.008265,TRACKING,0.066910,0.000000,0.000000,0.000000,0.879762,0.317264,0.000000,1.000000
1782218834.365403,889,0.001465,0.008191,TRACKING,0.064069,0.000000,0.000000,0.000000,0.842077,0.305802,0.000000,1.000000
1782218834.385501,890,0.001433,0.008013,TRACKING,0.062358,0.000000,0.000000,0.000000,0.813266,0.297507,0.000000,1.000000
1782218834.405675,891,0.001518,0.008231,TRACKING,0.061319,0.000000,0.000000,0.000000,0.779813,0.290855,0.000000,1.000000
1782218834.426197,892,0.001912,0.008343,TRACKING,0.061163,0.000000,0.000000,0.000000,0.748147,0.286495,0.000000,1.000000
1782218834.446475,893,0.002043,0.008446,TRACKING,0.060502,0.000000,0.000000,0.000000,0.715943,0.281646,0.000000,1.000000
1782218834.465899,894,0.001349,0.008543,TRACKING,0.058382,0.000000,0.000000,0.000000,0.689222,0.276034,0.000000,1.000000
1782218834.486776,895,0.002104,0.008590,TRACKING,0.057875,0.000000,0.000000,0.000000,0.666678,0.267137,0.000000,1.000000
1782218834.506924,896,0.002119,0.008671,TRACKING,0.056179,0.000000,0.000000,0.000000,0.645128,0.257737,0.000000,1.000000
1782218834.526953,897,0.002023,0.008772,TRACKING,0.054395,0.000000,0.000000,0.000000,0.625123,0.249006,0.000000,1.000000
1782218834.547328,898,0.002274,0.008811,TRACKING,0.053733,0.000000,0.000000,0.000000,0.616168,0.243288,0.000000,1.000000
1782218834.567224,899,0.002049,0.008961,TRACKING,0.053106,0.000000,0.000000,0.000000,0.616773,0.241476,0.000000,1.000000
1782218834.587034,900,0.001710,0.008794,TRACKING,0.052888,0.000000,0.000000,0.000000,0.626241,0.243684,0.000000,1.000000
1782218834.607600,901,0.002187,0.008919,TRACKING,0.055182,0.000000,0.000000,0.000000,0.701385,0.251511,0.000000,1.000000
1782218834.627872,902,0.002289,0.009098,TRACKING,0.058099,0.000000,0.000000,0.000000,0.781385,0.265634,0.000000,1.000000
1782218834.647751,903,0.002004,0.009212,TRACKING,0.061794,0.000000,0.000000,0.000000,0.861385,0.287034,0.000000,1.000000
1782218834.667705,904,0.001801,0.009287,TRACKING,0.067800,0.000000,0.000000,0.000000,0.941385,0.320117,0.000000,1.000000
1782218834.687606,905,0.001558,0.009457,TRACKING,0.073853,0.000000,0.000000,0.000000,1.021385,0.353676,0.000000,1.000000
1782218834.707817,906,0.001674,0.009402,TRACKING,0.077202,0.000000,0.000000,0.000000,1.084044,0.369975,0.000000,1.000000
1782218834.728792,907,0.002553,0.009612,TRACKING,0.080237,0.000000,0.000000,0.000000,1.052153,0.378461,0.000000,1.000000
1782218834.747944,908,0.001612,0.009100,TRACKING,0.081343,0.000000,0.000000,0.000000,1.022241,0.392922,0.000000,1.000000
1782218834.767854,909,0.001419,0.009414,TRACKING,0.084515,0.000000,0.000000,0.000000,1.027943,0.410446,0.000000,1.000000
1782218834.788091,910,0.001567,0.009475,TRACKING,0.087181,0.000000,0.000000,0.000000,1.058718,0.423014,0.000000,1.000000
1782218834.808393,911,0.001786,0.009497,TRACKING,0.088400,0.000000,0.000000,0.000000,1.093275,0.427775,0.000000,1.000000
1782218834.828438,912,0.001745,0.009440,TRACKING,0.089131,0.000000,0.000000,0.000000,1.111713,0.431915,0.000000,1.000000
1782218834.848567,913,0.001791,0.009532,TRACKING,0.090155,0.000000,0.000000,0.000000,1.119438,0.436579,0.000000,1.000000
1782218834.868867,914,0.002001,0.009489,TRACKING,0.092040,0.000000,0.000000,0.000000,1.126237,0.445012,0.000000,1.000000
1782218834.889200,915,0.002246,0.009379,TRACKING,0.094881,0.000000,0.000000,0.000000,1.136499,0.458058,0.000000,1.000000
1782218834.908412,916,0.001371,0.009410,TRACKING,0.096273,0.000000,0.000000,0.000000,1.143734,0.472512,0.000000,1.000000
1782218834.928754,917,0.001627,0.009700,TRACKING,0.098625,0.000000,0.000000,0.000000,1.130404,0.481965,0.000000,1.000000
1782218834.949291,918,0.002079,0.009794,TRACKING,0.098462,0.000000,0.000000,0.000000,1.109716,0.477044,0.000000,1.000000
1782218834.969146,919,0.001846,0.008909,TRACKING,0.097043,0.000000,0.000000,0.000000,1.129979,0.473829,0.000000,1.000000
1782218834.989316,920,0.001925,0.008948,TRACKING,0.097305,0.000000,0.000000,0.000000,1.167881,0.474725,0.000000,1.000000
1782218835.009413,921,0.001920,0.008734,TRACKING,0.096836,0.000000,0.000000,0.000000,1.203306,0.472900,0.000000,1.000000
1782218835.029369,922,0.001778,0.008857,TRACKING,0.095471,0.000000,0.000000,0.000000,1.224611,0.466533,0.000000,1.000000
1782218835.049889,923,0.002207,0.009343,TRACKING,0.094375,0.000000,0.000000,0.000000,1.222404,0.455835,0.000000,1.000000
1782218835.069288,924,0.001518,0.009009,TRACKING,0.089969,0.000000,0.000000,0.000000,1.212630,0.439292,0.000000,1.000000
1782218835.090062,925,0.002209,0.009800,TRACKING,0.087461,0.000000,0.000000,0.000000,1.203002,0.418276,0.000000,1.000000
1782218835.109668,926,0.001731,0.009432,TRACKING,0.082261,0.000000,0.000000,0.000000,1.178901,0.395849,0.000000,1.000000
1782218835.129687,927,0.001663,0.009079,TRACKING,0.078147,0.000000,0.000000,0.000000,1.145591,0.375773,0.000000,1.000000
1782218835.150094,928,0.001985,0.009402,TRACKING,0.075437,0.000000,0.000000,0.000000,1.099993,0.358008,0.000000,1.000000
1782218835.170354,929,0.002161,0.009139,TRACKING,0.072654,0.000000,0.000000,0.000000,1.046811,0.342598,0.000000,1.000000
1782218835.189977,930,0.001699,0.009155,TRACKING,0.069599,0.000000,0.000000,0.000000,0.993851,0.330309,0.000000,1.000000
1782218835.210199,931,0.001836,0.009020,TRACKING,0.067845,0.000000,0.000000,0.000000,0.940356,0.320301,0.000000,1.000000
1782218835.230434,932,0.001987,0.009194,TRACKING,0.066432,0.000000,0.000000,0.000000,0.886119,0.311181,0.000000,1.000000
1782218835.249807,933,0.001277,0.009240,TRACKING,0.064405,0.000000,0.000000,0.000000,0.831801,0.306374,0.000000,1.000000
1782218835.270746,934,0.002130,0.009707,TRACKING,0.067059,0.000000,0.000000,0.000000,0.777622,0.312049,0.000000,1.000000
1782218835.290785,935,0.002082,0.009251,TRACKING,0.068739,0.000000,0.000000,0.000000,0.721692,0.322565,0.000000,1.000000
1782218835.310070,936,0.001281,0.009376,TRACKING,0.068951,0.000000,0.000000,0.000000,0.675887,0.329149,0.000000,1.000000
1782218835.330628,937,0.001721,0.009506,TRACKING,0.070374,0.000000,0.000000,0.000000,0.657811,0.332614,0.000000,1.000000
1782218835.350540,938,0.001499,0.009506,TRACKING,0.071485,0.000000,0.000000,0.000000,0.660359,0.340282,0.000000,1.000000
1782218835.370718,939,0.001539,0.010326,TRACKING,0.073953,0.000000,0.000000,0.000000,0.740359,0.350772,0.000000,1.000000
1782218835.391096,940,0.001783,0.010243,TRACKING,0.076224,0.000000,0.000000,0.000000,0.820359,0.361926,0.000000,1.000000
1782218835.411419,941,0.002020,0.009625,TRACKING,0.078125,0.000000,0.000000,0.000000,0.900359,0.371516,0.000000,1.000000
1782218835.430965,942,0.001479,0.009674,TRACKING,0.079154,0.000000,0.000000,0.000000,0.980359,0.381164,0.000000,1.000000
1782218835.451663,943,0.002094,0.009644,TRACKING,0.081161,0.000000,0.000000,0.000000,1.028838,0.386551,0.000000,1.000000
1782218835.471389,944,0.001731,0.010150,TRACKING,0.080011,0.000000,0.000000,0.000000,1.002715,0.382291,0.000000,1.000000
1782218835.490937,945,0.001151,0.009680,TRACKING,0.077420,0.000000,0.000000,0.000000,0.959888,0.373958,0.000000,1.000000
1782218835.511085,946,0.001172,0.009731,TRACKING,0.075595,0.000000,0.000000,0.000000,0.910586,0.364028,0.000000,1.000000
1782218835.531171,947,0.001123,0.009783,TRACKING,0.073603,0.000000,0.000000,0.000000,0.848543,0.353689,0.000000,1.000000
1782218835.551286,948,0.001105,0.009938,TRACKING,0.071895,0.000000,0.000000,0.000000,0.787843,0.344658,0.000000,1.000000
1782218835.571367,949,0.001041,0.010003,TRACKING,0.069794,0.000000,0.000000,0.000000,0.814679,0.333744,0.000000,1.000000
1782218835.591522,950,0.001068,0.010072,TRACKING,0.069055,0.000000,0.000000,0.000000,0.852613,0.329711,0.000000,1.000000
1782218835.611650,951,0.001063,0.010151,TRACKING,0.070101,0.000000,0.000000,0.000000,0.896618,0.334804,0.000000,1.000000
1782218835.631766,952,0.001047,0.010181,TRACKING,0.072373,0.000000,0.000000,0.000000,0.941090,0.346782,0.000000,1.000000
1782218835.652332,953,0.001480,0.011194,TRACKING,0.075185,0.000000,0.000000,0.000000,0.972011,0.356756,0.000000,1.000000
1782218835.672472,954,0.001532,0.010219,TRACKING,0.076464,0.000000,0.000000,0.000000,0.994712,0.365218,0.000000,1.000000
1782218835.693133,955,0.002109,0.010327,TRACKING,0.079593,0.000000,0.000000,0.000000,1.006073,0.376506,0.000000,1.000000
1782218835.713422,956,0.002309,0.011106,TRACKING,0.082751,0.000000,0.000000,0.000000,1.010706,0.389745,0.000000,1.000000
1782218835.733353,957,0.002151,0.011070,TRACKING,0.085381,0.000000,0.000000,0.000000,0.998092,0.404658,0.000000,1.000000
1782218835.753159,958,0.001860,0.011125,TRACKING,0.087575,0.000000,0.000000,0.000000,1.018435,0.418450,0.000000,1.000000
1782218835.773478,959,0.002092,0.010368,TRACKING,0.088578,0.000000,0.000000,0.000000,1.035605,0.423684,0.000000,1.000000
1782218835.793503,960,0.002031,0.010517,TRACKING,0.089172,0.000000,0.000000,0.000000,1.043150,0.426933,0.000000,1.000000
1782218835.813258,961,0.001699,0.010460,TRACKING,0.089442,0.000000,0.000000,0.000000,1.056523,0.431318,0.000000,1.000000
1782218835.833482,962,0.001834,0.010529,TRACKING,0.090561,0.000000,0.000000,0.000000,1.078316,0.435956,0.000000,1.000000
1782218835.854014,963,0.002275,0.010161,TRACKING,0.091861,0.000000,0.000000,0.000000,1.105435,0.440257,0.000000,1.000000
1782218835.873274,964,0.001443,0.010421,TRACKING,0.091613,0.000000,0.000000,0.000000,1.132688,0.445079,0.000000,1.000000
1782218835.894135,965,0.002212,0.010607,TRACKING,0.094008,0.000000,0.000000,0.000000,1.144369,0.450774,0.000000,1.000000
1782218835.914038,966,0.002029,0.010510,TRACKING,0.094042,0.000000,0.000000,0.000000,1.128749,0.452795,0.000000,1.000000
1782218835.934105,967,0.002006,0.010638,TRACKING,0.091941,0.000000,0.000000,0.000000,1.125402,0.441527,0.000000,1.000000
1782218835.953981,968,0.001797,0.010700,TRACKING,0.089512,0.000000,0.000000,0.000000,1.148581,0.430400,0.000000,1.000000
1782218835.974216,969,0.001946,0.010701,TRACKING,0.089596,0.000000,0.000000,0.000000,1.150026,0.429536,0.000000,1.000000
1782218835.994408,970,0.002052,0.010740,TRACKING,0.090431,0.000000,0.000000,0.000000,1.122837,0.432979,0.000000,1.000000
1782218836.014477,971,0.002033,0.010790,TRACKING,0.091998,0.000000,0.000000,0.000000,1.105674,0.441268,0.000000,1.000000
1782218836.034239,972,0.001645,0.010891,TRACKING,0.092983,0.000000,0.000000,0.000000,1.097877,0.449524,0.000000,1.000000
1782218836.054754,973,0.002074,0.010840,TRACKING,0.094052,0.000000,0.000000,0.000000,1.099036,0.451608,0.000000,1.000000
1782218836.074317,974,0.001550,0.010874,TRACKING,0.093001,0.000000,0.000000,0.000000,1.104267,0.450293,0.000000,1.000000
1782218836.095056,975,0.002205,0.010975,TRACKING,0.093681,0.000000,0.000000,0.000000,1.107660,0.448215,0.000000,1.000000
1782218836.114841,976,0.001904,0.011547,TRACKING,0.092701,0.000000,0.000000,0.000000,1.096998,0.444099,0.000000,1.000000
1782218836.134368,977,0.001346,0.011831,TRACKING,0.090944,0.000000,0.000000,0.000000,1.078155,0.438657,0.000000,1.000000
1782218836.155239,978,0.002133,0.010891,TRACKING,0.091197,0.000000,0.000000,0.000000,1.067996,0.435872,0.000000,1.000000
1782218836.174563,979,0.001370,0.011064,TRACKING,0.089589,0.000000,0.000000,0.000000,1.050099,0.433365,0.000000,1.000000
1782218836.195277,980,0.002001,0.011063,TRACKING,0.090069,0.000000,0.000000,0.000000,1.052513,0.430717,0.000000,1.000000
1782218836.215343,981,0.001981,0.011125,TRACKING,0.089192,0.000000,0.000000,0.000000,1.056320,0.426102,0.000000,1.000000
1782218836.234776,982,0.001330,0.011142,TRACKING,0.087492,0.000000,0.000000,0.000000,1.057081,0.422563,0.000000,1.000000
1782218836.255531,983,0.001998,0.011194,TRACKING,0.088414,0.000000,0.000000,0.000000,1.056936,0.421667,0.000000,1.000000
1782218836.275486,984,0.001870,0.011184,TRACKING,0.088870,0.000000,0.000000,0.000000,1.075830,0.425078,0.000000,1.000000
1782218836.295371,985,0.001671,0.011292,TRACKING,0.090119,0.000000,0.000000,0.000000,1.107854,0.433043,0.000000,1.000000
1782218836.315260,986,0.001477,0.012079,TRACKING,0.092403,0.000000,0.000000,0.000000,1.140035,0.444602,0.000000,1.000000
1782218836.335179,987,0.001308,0.011253,TRACKING,0.094289,0.000000,0.000000,0.000000,1.173811,0.457268,0.000000,1.000000
1782218836.355397,988,0.001400,0.011230,TRACKING,0.096615,0.000000,0.000000,0.000000,1.218045,0.469782,0.000000,1.000000
1782218836.375718,989,0.001634,0.011311,TRACKING,0.099364,0.000000,0.000000,0.000000,1.277779,0.482015,0.000000,1.000000
1782218836.395571,990,0.001403,0.011390,TRACKING,0.100088,0.000000,0.000000,0.000000,1.323919,0.487443,0.000000,1.000000
1782218836.415726,991,0.001474,0.011400,TRACKING,0.095864,0.000000,0.000000,0.000000,1.279055,0.464532,0.000000,1.000000
1782218836.435741,992,0.001406,0.011408,TRACKING,0.090644,0.000000,0.000000,0.000000,1.199055,0.437634,0.000000,1.000000
1782218836.455780,993,0.001362,0.011423,TRACKING,0.085670,0.000000,0.000000,0.000000,1.119055,0.411833,0.000000,1.000000
1782218836.475887,994,0.001385,0.012286,TRACKING,0.084386,0.000000,0.000000,0.000000,1.046017,0.402742,0.000000,1.000000
1782218836.496092,995,0.001506,0.011341,TRACKING,0.084061,0.000000,0.000000,0.000000,1.019972,0.402394,0.000000,1.000000
1782218836.516977,996,0.002302,0.011499,TRACKING,0.086133,0.000000,0.000000,0.000000,0.942333,0.406347,0.000000,1.000000
1782218836.536598,997,0.001837,0.011241,TRACKING,0.086161,0.000000,0.000000,0.000000,0.978482,0.410953,0.000000,1.000000
1782218836.556546,998,0.001701,0.011447,TRACKING,0.087205,0.000000,0.000000,0.000000,1.022328,0.417038,0.000000,1.000000
1782218836.576844,999,0.001914,0.011517,TRACKING,0.087402,0.000000,0.000000,0.000000,1.054427,0.415399,0.000000,1.000000
1782218836.596999,1000,0.001935,0.011786,TRACKING,0.087497,0.000000,0.000000,0.000000,1.094102,0.415068,0.000000,1.000000
1782218836.617054,1001,0.001842,0.011802,TRACKING,0.087273,0.000000,0.000000,0.000000,1.112545,0.414574,0.000000,1.000000
1782218836.637003,1002,0.001702,0.011822,TRACKING,0.087077,0.000000,0.000000,0.000000,1.131036,0.414684,0.000000,1.000000
1782218836.657233,1003,0.001852,0.011862,TRACKING,0.087035,0.000000,0.000000,0.000000,1.152457,0.413222,0.000000,1.000000
1782218836.676647,1004,0.001188,0.011677,TRACKING,0.085242,0.000000,0.000000,0.000000,1.149973,0.409698,0.000000,1.000000
1782218836.697435,1005,0.001896,0.011849,TRACKING,0.085622,0.000000,0.000000,0.000000,1.128725,0.405319,0.000000,1.000000
1782218836.717569,1006,0.001951,0.011879,TRACKING,0.084692,0.000000,0.000000,0.000000,1.099033,0.400988,0.000000,1.000000
1782218836.737085,1007,0.001383,0.011868,TRACKING,0.082986,0.000000,0.000000,0.000000,1.063589,0.396545,0.000000,1.000000
1782218836.757488,1008,0.001697,0.011875,TRACKING,0.082732,0.000000,0.000000,0.000000,1.028198,0.392557,0.000000,1.000000
1782218836.777526,1009,0.001644,0.011857,TRACKING,0.082182,0.000000,0.000000,0.000000,0.993059,0.389424,0.000000,1.000000
1782218836.797795,1010,0.001831,0.012062,TRACKING,0.081986,0.000000,0.000000,0.000000,0.959890,0.386437,0.000000,1.000000
1782218836.818055,1011,0.002006,0.011901,TRACKING,0.081254,0.000000,0.000000,0.000000,0.979603,0.382503,0.000000,1.000000
1782218836.837854,1012,0.001672,0.011934,TRACKING,0.080095,0.000000,0.000000,0.000000,1.010457,0.377767,0.000000,1.000000
1782218836.857662,1013,0.001356,0.011926,TRACKING,0.078580,0.000000,0.000000,0.000000,1.040769,0.372816,0.000000,1.000000
1782218836.877903,1014,0.001460,0.012124,TRACKING,0.077789,0.000000,0.000000,0.000000,1.065925,0.367131,0.000000,1.000000
1782218836.897755,1015,0.001174,0.012293,TRACKING,0.076735,0.000000,0.000000,0.000000,1.084232,0.363569,0.000000,1.000000
1782218836.918151,1016,0.001427,0.012381,TRACKING,0.076905,0.000000,0.000000,0.000000,1.086613,0.362125,0.000000,1.000000
1782218836.938601,1017,0.001740,0.012441,TRACKING,0.077261,0.000000,0.000000,0.000000,1.076405,0.361219,0.000000,1.000000
1782218836.958401,1018,0.001463,0.012411,TRACKING,0.076665,0.000000,0.000000,0.000000,1.060179,0.360402,0.000000,1.000000
1782218836.978633,1019,0.001555,0.012446,TRACKING,0.077237,0.000000,0.000000,0.000000,1.032658,0.362437,0.000000,1.000000
1782218836.999300,1020,0.002099,0.012637,TRACKING,0.078586,0.000000,0.000000,0.000000,0.964088,0.364802,0.000000,1.000000
1782218837.018811,1021,0.001483,0.012502,TRACKING,0.077670,0.000000,0.000000,0.000000,0.890206,0.365589,0.000000,1.000000
1782218837.038604,1022,0.001130,0.012672,TRACKING,0.077440,0.000000,0.000000,0.000000,0.931885,0.366736,0.000000,1.000000
1782218837.059329,1023,0.001716,0.012832,TRACKING,0.080032,0.000000,0.000000,0.000000,0.965442,0.375080,0.000000,1.000000
1782218837.078993,1024,0.001252,0.012814,TRACKING,0.081412,0.000000,0.000000,0.000000,0.982760,0.386268,0.000000,1.000000
1782218837.099442,1025,0.001573,0.012857,TRACKING,0.085002,0.000000,0.000000,0.000000,1.015233,0.403383,0.000000,1.000000
1782218837.119559,1026,0.001559,0.013017,TRACKING,0.087746,0.000000,0.000000,0.000000,1.044514,0.417260,0.000000,1.000000
1782218837.139706,1027,0.001580,0.013107,TRACKING,0.088909,0.000000,0.000000,0.000000,1.040631,0.422976,0.000000,1.000000
1782218837.159821,1028,0.001578,0.013178,TRACKING,0.089058,0.000000,0.000000,0.000000,1.023237,0.423602,0.000000,1.000000
1782218837.179946,1029,0.001584,0.013260,TRACKING,0.087619,0.000000,0.000000,0.000000,1.004970,0.415776,0.000000,1.000000
1782218837.200691,1030,0.002206,0.013384,TRACKING,0.085732,0.000000,0.000000,0.000000,0.966553,0.400615,0.000000,1.000000
1782218837.219985,1031,0.001406,0.013297,TRACKING,0.082270,0.000000,0.000000,0.000000,0.934406,0.388992,0.000000,1.000000
1782218837.240180,1032,0.001517,0.013337,TRACKING,0.080699,0.000000,0.000000,0.000000,0.923957,0.379680,0.000000,1.000000
1782218837.260625,1033,0.001880,0.013372,TRACKING,0.079553,0.000000,0.000000,0.000000,0.911055,0.370530,0.000000,1.000000
1782218837.280314,1034,0.001484,0.013407,TRACKING,0.077159,0.000000,0.000000,0.000000,0.897550,0.360539,0.000000,1.000000
1782218837.300906,1035,0.001998,0.013384,TRACKING,0.075960,0.000000,0.000000,0.000000,0.883573,0.350854,0.000000,1.000000
1782218837.320884,1036,0.001860,0.013549,TRACKING,0.074513,0.000000,0.000000,0.000000,0.867595,0.343079,0.000000,1.000000
1782218837.340314,1037,0.001166,0.013683,TRACKING,0.072477,0.000000,0.000000,0.000000,0.848537,0.337839,0.000000,1.000000
1782218837.361140,1038,0.001835,0.013753,TRACKING,0.073102,0.000000,0.000000,0.000000,0.825852,0.335409,0.000000,1.000000
1782218837.380707,1039,0.001326,0.013741,TRACKING,0.072353,0.000000,0.000000,0.000000,0.798673,0.335456,0.000000,1.000000
1782218837.401311,1040,0.001855,0.013768,TRACKING,0.073599,0.000000,0.000000,0.000000,0.847510,0.337772,0.000000,1.000000
1782218837.421184,1041,0.001650,0.013747,TRACKING,0.073776,0.000000,0.000000,0.000000,0.894570,0.340459,0.000000,1.000000
1782218837.441340,1042,0.001728,0.013533,TRACKING,0.074520,0.000000,0.000000,0.000000,0.946781,0.345099,0.000000,1.000000
1782218837.461043,1043,0.001343,0.013795,TRACKING,0.075023,0.000000,0.000000,0.000000,0.992038,0.349474,0.000000,1.000000
1782218837.481313,1044,0.001535,0.013824,TRACKING,0.076079,0.000000,0.000000,0.000000,1.039634,0.353264,0.000000,1.000000
1782218837.501682,1045,0.001825,0.013857,TRACKING,0.077204,0.000000,0.000000,0.000000,1.086053,0.356466,0.000000,1.000000
1782218837.521656,1046,0.001721,0.013873,TRACKING,0.077879,0.000000,0.000000,0.000000,1.133158,0.360882,0.000000,1.000000
1782218837.541418,1047,0.001355,0.013815,TRACKING,0.077349,0.000000,0.000000,0.000000,1.157291,0.361504,0.000000,1.000000
1782218837.562869,1048,0.002672,0.014153,TRACKING,0.077251,0.000000,0.000000,0.000000,1.111817,0.350367,0.000000,1.000000
1782218837.582350,1049,0.001981,0.013764,TRACKING,0.073432,0.000000,0.000000,0.000000,1.031816,0.336897,0.000000,1.000000
1782218837.602354,1050,0.001859,0.013850,TRACKING,0.071719,0.000000,0.000000,0.000000,0.951816,0.328501,0.000000,1.000000
1782218837.622756,1051,0.002135,0.014188,TRACKING,0.070755,0.000000,0.000000,0.000000,0.871817,0.320348,0.000000,1.000000
1782218837.642872,1052,0.002131,0.014340,TRACKING,0.069417,0.000000,0.000000,0.000000,0.803663,0.313025,0.000000,1.000000
1782218837.662680,1053,0.001854,0.014344,TRACKING,0.069584,0.000000,0.000000,0.000000,0.828131,0.316090,0.000000,1.000000
1782218837.683048,1054,0.002101,0.014403,TRACKING,0.070711,0.000000,0.000000,0.000000,0.859389,0.319790,0.000000,1.000000
1782218837.703127,1055,0.002064,0.014494,TRACKING,0.070572,0.000000,0.000000,0.000000,0.886639,0.319126,0.000000,1.000000
1782218837.723370,1056,0.002190,0.014525,TRACKING,0.070318,0.000000,0.000000,0.000000,0.913171,0.316677,0.000000,1.000000
1782218837.743233,1057,0.001929,0.014626,TRACKING,0.069222,0.000000,0.000000,0.000000,0.936620,0.312952,0.000000,1.000000
1782218837.763435,1058,0.002001,0.014694,TRACKING,0.068595,0.000000,0.000000,0.000000,0.952397,0.308803,0.000000,1.000000
1782218837.783490,1059,0.001933,0.014716,TRACKING,0.067831,0.000000,0.000000,0.000000,0.962259,0.305324,0.000000,1.000000
1782218837.803077,1060,0.001393,0.014824,TRACKING,0.066525,0.000000,0.000000,0.000000,0.968995,0.302637,0.000000,1.000000
1782218837.823608,1061,0.001803,0.014820,TRACKING,0.067033,0.000000,0.000000,0.000000,0.976894,0.302045,0.000000,1.000000
1782218837.843568,1062,0.001647,0.014848,TRACKING,0.067340,0.000000,0.000000,0.000000,0.986147,0.304810,0.000000,1.000000
1782218837.863853,1063,0.001806,0.014994,TRACKING,0.068974,0.000000,0.000000,0.000000,0.986010,0.311758,0.000000,1.000000
1782218837.883393,1064,0.001165,0.014756,TRACKING,0.070005,0.000000,0.000000,0.000000,0.975290,0.321980,0.000000,1.000000
1782218837.903545,1065,0.001192,0.015038,TRACKING,0.072294,0.000000,0.000000,0.000000,0.953145,0.334463,0.000000,1.000000
1782218837.923949,1066,0.001509,0.015066,TRACKING,0.075260,0.000000,0.000000,0.000000,0.910527,0.346982,0.000000,1.000000
1782218837.943968,1067,0.001442,0.015102,TRACKING,0.077269,0.000000,0.000000,0.000000,0.846628,0.357957,0.000000,1.000000
1782218837.964211,1068,0.001597,0.015203,TRACKING,0.080009,0.000000,0.000000,0.000000,0.868641,0.370865,0.000000,1.000000
1782218837.984529,1069,0.001766,0.015288,TRACKING,0.083433,0.000000,0.000000,0.000000,0.948641,0.386438,0.000000,1.000000
1782218838.005080,1070,0.002233,0.015385,TRACKING,0.086059,0.000000,0.000000,0.000000,1.028641,0.396991,0.000000,1.000000
1782218838.025232,1071,0.002279,0.015235,TRACKING,0.087977,0.000000,0.000000,0.000000,1.108641,0.407250,0.000000,1.000000
1782218838.044976,1072,0.001929,0.015092,TRACKING,0.087342,0.000000,0.000000,0.000000,1.125908,0.406852,0.000000,1.000000
1782218838.064518,1073,0.001382,0.015424,TRACKING,0.086461,0.000000,0.000000,0.000000,1.140612,0.405864,0.000000,1.000000
1782218838.085064,1074,0.001838,0.015459,TRACKING,0.086402,0.000000,0.000000,0.000000,1.150248,0.401424,0.000000,1.000000
1782218838.105302,1075,0.001994,0.015281,TRACKING,0.086333,0.000000,0.000000,0.000000,1.158997,0.399659,0.000000,1.000000
1782218838.125277,1076,0.001889,0.015225,TRACKING,0.085858,0.000000,0.000000,0.000000,1.172337,0.398027,0.000000,1.000000
1782218838.145240,1077,0.001775,0.015385,TRACKING,0.085921,0.000000,0.000000,0.000000,1.182899,0.399037,0.000000,1.000000
1782218838.165146,1078,0.001605,0.015472,TRACKING,0.085817,0.000000,0.000000,0.000000,1.190913,0.400153,0.000000,1.000000
1782218838.185604,1079,0.001983,0.015535,TRACKING,0.087403,0.000000,0.000000,0.000000,1.195647,0.404560,0.000000,1.000000
1782218838.205481,1080,0.001785,0.015528,TRACKING,0.087614,0.000000,0.000000,0.000000,1.197881,0.408433,0.000000,1.000000
1782218838.226438,1081,0.002653,0.015560,TRACKING,0.089330,0.000000,0.000000,0.000000,1.192919,0.413006,0.000000,1.000000
1782218838.245680,1082,0.001809,0.015636,TRACKING,0.089077,0.000000,0.000000,0.000000,1.179760,0.415793,0.000000,1.000000
1782218838.265725,1083,0.001768,0.015686,TRACKING,0.089352,0.000000,0.000000,0.000000,1.155877,0.417306,0.000000,1.000000
1782218838.286071,1084,0.002029,0.015677,TRACKING,0.089453,0.000000,0.000000,0.000000,1.119381,0.415673,0.000000,1.000000
1782218838.306116,1085,0.001988,0.015729,TRACKING,0.088552,0.000000,0.000000,0.000000,1.068572,0.411183,0.000000,1.000000
1782218838.326169,1086,0.001956,0.015733,TRACKING,0.087050,0.000000,0.000000,0.000000,1.003475,0.403532,0.000000,1.000000
1782218838.346288,1087,0.001985,0.015793,TRACKING,0.085061,0.000000,0.000000,0.000000,0.923475,0.392737,0.000000,1.000000
1782218838.366333,1088,0.001945,0.015782,TRACKING,0.082355,0.000000,0.000000,0.000000,0.843475,0.378874,0.000000,1.000000
1782218838.386479,1089,0.002005,0.015838,TRACKING,0.079811,0.000000,0.000000,0.000000,0.763475,0.364836,0.000000,1.000000
1782218838.405718,1090,0.001160,0.015878,TRACKING,0.075166,0.000000,0.000000,0.000000,0.726255,0.346604,0.000000,1.000000
1782218838.425756,1091,0.001121,0.015661,TRACKING,0.071428,0.000000,0.000000,0.000000,0.686127,0.327802,0.000000,1.000000
1782218838.446043,1092,0.001331,0.015816,TRACKING,0.068192,0.000000,0.000000,0.000000,0.634530,0.308594,0.000000,1.000000
1782218838.466671,1093,0.001884,0.015906,TRACKING,0.065527,0.000000,0.000000,0.000000,0.578117,0.289945,0.000000,1.000000
1782218838.486609,1094,0.001686,0.016035,TRACKING,0.062432,0.000000,0.000000,0.000000,0.592525,0.274901,0.000000,1.000000
1782218838.506798,1095,0.001736,0.016136,TRACKING,0.060603,0.000000,0.000000,0.000000,0.616773,0.264612,0.000000,1.000000
1782218838.526769,1096,0.001628,0.016037,TRACKING,0.059374,0.000000,0.000000,0.000000,0.632129,0.259398,0.000000,1.000000
1782218838.547090,1097,0.001813,0.016136,TRACKING,0.059344,0.000000,0.000000,0.000000,0.640352,0.257369,0.000000,1.000000
1782218838.567198,1098,0.001789,0.016295,TRACKING,0.059934,0.000000,0.000000,0.000000,0.651924,0.260297,0.000000,1.000000
1782218838.587231,1099,0.001685,0.016388,TRACKING,0.061028,0.000000,0.000000,0.000000,0.703421,0.267001,0.000000,1.000000
1782218838.607399,1100,0.001723,0.016461,TRACKING,0.063118,0.000000,0.000000,0.000000,0.783421,0.277171,0.000000,1.000000
1782218838.627162,1101,0.001404,0.016422,TRACKING,0.065475,0.000000,0.000000,0.000000,0.863421,0.292225,0.000000,1.000000
1782218838.647166,1102,0.001284,0.016459,TRACKING,0.069450,0.000000,0.000000,0.000000,0.943421,0.314003,0.000000,1.000000
1782218838.667328,1103,0.001311,0.016523,TRACKING,0.070189,0.000000,0.000000,0.000000,0.967314,0.317560,0.000000,1.000000
1782218838.687440,1104,0.001319,0.016489,TRACKING,0.068468,0.000000,0.000000,0.000000,0.887314,0.309604,0.000000,1.000000
1782218838.707832,1105,0.001620,0.016554,TRACKING,0.069457,0.000000,0.000000,0.000000,0.813461,0.311971,0.000000,1.000000
1782218838.727798,1106,0.001459,0.016575,TRACKING,0.070333,0.000000,0.000000,0.000000,0.892583,0.317753,0.000000,1.000000
1782218838.748022,1107,0.001559,0.016705,TRACKING,0.070631,0.000000,0.000000,0.000000,0.959790,0.318206,0.000000,1.000000
1782218838.768472,1108,0.001879,0.016737,TRACKING,0.071992,0.000000,0.000000,0.000000,1.021722,0.322561,0.000000,1.000000
1782218838.788203,1109,0.001483,0.016779,TRACKING,0.072254,0.000000,0.000000,0.000000,1.079737,0.327186,0.000000,1.000000
1782218838.808827,1110,0.001978,0.016903,TRACKING,0.073836,0.000000,0.000000,0.000000,1.132250,0.331059,0.000000,1.000000
1782218838.829392,1111,0.002423,0.016967,TRACKING,0.075405,0.000000,0.000000,0.000000,1.175252,0.335443,0.000000,1.000000
1782218838.848822,1112,0.001764,0.016979,TRACKING,0.075762,0.000000,0.000000,0.000000,1.207272,0.342718,0.000000,1.000000
1782218838.868844,1113,0.001633,0.017225,TRACKING,0.077277,0.000000,0.000000,0.000000,1.216484,0.351244,0.000000,1.000000
1782218838.888932,1114,0.001626,0.017152,TRACKING,0.078885,0.000000,0.000000,0.000000,1.200253,0.358876,0.000000,1.000000
1782218838.908635,1115,0.001246,0.017186,TRACKING,0.080392,0.000000,0.000000,0.000000,1.185801,0.369943,0.000000,1.000000
1782218838.929274,1116,0.001807,0.017152,TRACKING,0.083956,0.000000,0.000000,0.000000,1.170797,0.384070,0.000000,1.000000
1782218838.949429,1117,0.001885,0.017155,TRACKING,0.086928,0.000000,0.000000,0.000000,1.158478,0.399058,0.000000,1.000000
1782218838.969707,1118,0.002086,0.017121,TRACKING,0.089723,0.000000,0.000000,0.000000,1.144680,0.411814,0.000000,1.000000
1782218838.989555,1119,0.001858,0.016942,TRACKING,0.090598,0.000000,0.000000,0.000000,1.131523,0.419047,0.000000,1.000000
1782218839.009429,1120,0.001651,0.016950,TRACKING,0.090651,0.000000,0.000000,0.000000,1.122622,0.422198,0.000000,1.000000
1782218839.030304,1121,0.002431,0.016800,TRACKING,0.092545,0.000000,0.000000,0.000000,1.113885,0.425933,0.000000,1.000000
1782218839.050073,1122,0.002108,0.016733,TRACKING,0.092690,0.000000,0.000000,0.000000,1.101345,0.429305,0.000000,1.000000
1782218839.070037,1123,0.001986,0.017042,TRACKING,0.093156,0.000000,0.000000,0.000000,1.088071,0.432021,0.000000,1.000000
1782218839.090026,1124,0.001859,0.016880,TRACKING,0.092968,0.000000,0.000000,0.000000,1.073812,0.431668,0.000000,1.000000
1782218839.109676,1125,0.001369,0.017884,TRACKING,0.092398,0.000000,0.000000,0.000000,1.056094,0.430229,0.000000,1.000000
1782218839.129332,1126,0.000952,0.017725,TRACKING,0.091169,0.000000,0.000000,0.000000,1.033954,0.427630,0.000000,1.000000
1782218839.149851,1127,0.001396,0.017794,TRACKING,0.091234,0.000000,0.000000,0.000000,1.007307,0.424048,0.000000,1.000000
1782218839.170131,1128,0.001600,0.017837,TRACKING,0.090819,0.000000,0.000000,0.000000,0.977158,0.419904,0.000000,1.000000
1782218839.190537,1129,0.001935,0.017848,TRACKING,0.090512,0.000000,0.000000,0.000000,0.946287,0.415733,0.000000,1.000000
1782218839.210630,1130,0.001951,0.017878,TRACKING,0.089585,0.000000,0.000000,0.000000,0.916740,0.411742,0.000000,1.000000
1782218839.230721,1131,0.001952,0.017337,TRACKING,0.088498,0.000000,0.000000,0.000000,0.888027,0.407158,0.000000,1.000000
1782218839.250214,1132,0.001358,0.017190,TRACKING,0.086336,0.000000,0.000000,0.000000,0.859718,0.401098,0.000000,1.000000
1782218839.271026,1133,0.002084,0.017246,TRACKING,0.085994,0.000000,0.000000,0.000000,0.832022,0.393121,0.000000,1.000000
1782218839.290600,1134,0.001571,0.017286,TRACKING,0.083149,0.000000,0.000000,0.000000,0.802801,0.382205,0.000000,1.000000
1782218839.311069,1135,0.001953,0.017336,TRACKING,0.081349,0.000000,0.000000,0.000000,0.766805,0.369461,0.000000,1.000000
1782218839.331185,1136,0.001983,0.017359,TRACKING,0.078477,0.000000,0.000000,0.000000,0.727558,0.354052,0.000000,1.000000
1782218839.351270,1137,0.001981,0.017336,TRACKING,0.075264,0.000000,0.000000,0.000000,0.700476,0.337315,0.000000,1.000000
1782218839.371365,1138,0.001992,0.017413,TRACKING,0.072148,0.000000,0.000000,0.000000,0.673362,0.320729,0.000000,1.000000
1782218839.391412,1139,0.001953,0.017459,TRACKING,0.068970,0.000000,0.000000,0.000000,0.639882,0.304240,0.000000,1.000000
1782218839.410963,1140,0.001417,0.017488,TRACKING,0.065639,0.000000,0.000000,0.000000,0.662175,0.291136,0.000000,1.000000
1782218839.430982,1141,0.001351,0.017453,TRACKING,0.063744,0.000000,0.000000,0.000000,0.694440,0.281742,0.000000,1.000000
1782218839.451395,1142,0.001680,0.017529,TRACKING,0.063212,0.000000,0.000000,0.000000,0.727970,0.276103,0.000000,1.000000
1782218839.471249,1143,0.001447,0.017535,TRACKING,0.062862,0.000000,0.000000,0.000000,0.772311,0.276163,0.000000,1.000000
1782218839.491418,1144,0.001530,0.017591,TRACKING,0.063646,0.000000,0.000000,0.000000,0.821856,0.279418,0.000000,1.000000
1782218839.511702,1145,0.001729,0.018521,TRACKING,0.065742,0.000000,0.000000,0.000000,0.877749,0.286534,0.000000,1.000000
1782218839.532274,1146,0.002205,0.017761,TRACKING,0.067953,0.000000,0.000000,0.000000,0.939015,0.296482,0.000000,1.000000
1782218839.552187,1147,0.002011,0.017330,TRACKING,0.069943,0.000000,0.000000,0.000000,1.006506,0.309440,0.000000,1.000000
1782218839.572008,1148,0.001736,0.017475,TRACKING,0.072532,0.000000,0.000000,0.000000,1.079476,0.324873,0.000000,1.000000
1782218839.591893,1149,0.001530,0.017633,TRACKING,0.075299,0.000000,0.000000,0.000000,1.147651,0.340619,0.000000,1.000000
1782218839.611961,1150,0.001510,0.017763,TRACKING,0.077355,0.000000,0.000000,0.000000,1.179920,0.351291,0.000000,1.000000
1782218839.632087,1151,0.001551,0.017833,TRACKING,0.077810,0.000000,0.000000,0.000000,1.146230,0.353415,0.000000,1.000000
1782218839.652582,1152,0.001956,0.017942,TRACKING,0.078561,0.000000,0.000000,0.000000,1.078349,0.353484,0.000000,1.000000
1782218839.671903,1153,0.001187,0.017886,TRACKING,0.077675,0.000000,0.000000,0.000000,1.005604,0.354601,0.000000,1.000000
1782218839.692471,1154,0.001624,0.017951,TRACKING,0.078589,0.000000,0.000000,0.000000,0.932611,0.355457,0.000000,1.000000
1782218839.712345,1155,0.001369,0.018031,TRACKING,0.078219,0.000000,0.000000,0.000000,0.895887,0.355217,0.000000,1.000000
1782218839.733122,1156,0.002017,0.018060,TRACKING,0.080395,0.000000,0.000000,0.000000,0.909159,0.361534,0.000000,1.000000
1782218839.753224,1157,0.001981,0.018241,TRACKING,0.081472,0.000000,0.000000,0.000000,0.935462,0.366947,0.000000,1.000000
1782218839.773118,1158,0.001824,0.018903,TRACKING,0.082119,0.000000,0.000000,0.000000,0.970428,0.369964,0.000000,1.000000
1782218839.793169,1159,0.001795,0.018231,TRACKING,0.081841,0.000000,0.000000,0.000000,1.000850,0.370418,0.000000,1.000000
1782218839.812910,1160,0.001455,0.018234,TRACKING,0.081548,0.000000,0.000000,0.000000,1.033755,0.371725,0.000000,1.000000
1782218839.832669,1161,0.001132,0.018973,TRACKING,0.081760,0.000000,0.000000,0.000000,1.057778,0.373484,0.000000,1.000000
1782218839.853733,1162,0.002118,0.019100,TRACKING,0.083789,0.000000,0.000000,0.000000,1.071472,0.376123,0.000000,1.000000
1782218839.873343,1163,0.001636,0.019125,TRACKING,0.083631,0.000000,0.000000,0.000000,1.078887,0.379060,0.000000,1.000000
1782218839.893317,1164,0.001528,0.018944,TRACKING,0.084093,0.000000,0.000000,0.000000,1.077157,0.382629,0.000000,1.000000
1782218839.913398,1165,0.001533,0.018947,TRACKING,0.084919,0.000000,0.000000,0.000000,1.068979,0.387628,0.000000,1.000000
1782218839.933855,1166,0.001899,0.019216,TRACKING,0.086636,0.000000,0.000000,0.000000,1.043630,0.393227,0.000000,1.000000
1782218839.953490,1167,0.001448,0.019206,TRACKING,0.087034,0.000000,0.000000,0.000000,1.006508,0.398970,0.000000,1.000000
1782218839.973647,1168,0.001517,0.019132,TRACKING,0.088214,0.000000,0.000000,0.000000,0.965070,0.404746,0.000000,1.000000
1782218839.994059,1169,0.001843,0.019186,TRACKING,0.089921,0.000000,0.000000,0.000000,1.000724,0.410863,0.000000,1.000000
1782218840.014767,1170,0.002462,0.019079,TRACKING,0.091986,0.000000,0.000000,0.000000,1.059767,0.416889,0.000000,1.000000
1782218840.034483,1171,0.002082,0.018295,TRACKING,0.092056,0.000000,0.000000,0.000000,1.112195,0.422499,0.000000,1.000000
1782218840.054704,1172,0.002210,0.018191,TRACKING,0.093139,0.000000,0.000000,0.000000,1.157371,0.427193,0.000000,1.000000
1782218840.074651,1173,0.002071,0.018312,TRACKING,0.093616,0.000000,0.000000,0.000000,1.195287,0.430754,0.000000,1.000000
1782218840.094916,1174,0.002243,0.018432,TRACKING,0.094576,0.000000,0.000000,0.000000,1.225265,0.434053,0.000000,1.000000
1782218840.114357,1175,0.001591,0.018258,TRACKING,0.093201,0.000000,0.000000,0.000000,1.241192,0.432536,0.000000,1.000000
1782218840.134509,1176,0.001652,0.018320,TRACKING,0.093101,0.000000,0.000000,0.000000,1.250626,0.431358,0.000000,1.000000
1782218840.154986,1177,0.002040,0.018246,TRACKING,0.092666,0.000000,0.000000,0.000000,1.243153,0.425987,0.000000,1.000000
1782218840.175245,1178,0.002214,0.018221,TRACKING,0.091393,0.000000,0.000000,0.000000,1.221115,0.417953,0.000000,1.000000
1782218840.194744,1179,0.001626,0.018311,TRACKING,0.088536,0.000000,0.000000,0.000000,1.185322,0.407497,0.000000,1.000000
1782218840.215035,1180,0.001793,0.018302,TRACKING,0.085908,0.000000,0.000000,0.000000,1.135280,0.392457,0.000000,1.000000
1782218840.235369,1181,0.002042,0.018231,TRACKING,0.083919,0.000000,0.000000,0.000000,1.081130,0.380229,0.000000,1.000000
1782218840.255511,1182,0.002097,0.018282,TRACKING,0.080888,0.000000,0.000000,0.000000,1.015241,0.363638,0.000000,1.000000
1782218840.275501,1183,0.001997,0.019149,TRACKING,0.078515,0.000000,0.000000,0.000000,0.940850,0.349740,0.000000,1.000000
1782218840.295393,1184,0.001803,0.019146,TRACKING,0.075572,0.000000,0.000000,0.000000,0.862683,0.335980,0.000000,1.000000
1782218840.315216,1185,0.001539,0.018245,TRACKING,0.073065,0.000000,0.000000,0.000000,0.783822,0.327156,0.000000,1.000000
1782218840.335253,1186,0.001477,0.018414,TRACKING,0.071845,0.000000,0.000000,0.000000,0.770234,0.320886,0.000000,1.000000
1782218840.355474,1187,0.001611,0.018407,TRACKING,0.071317,0.000000,0.000000,0.000000,0.780181,0.317026,0.000000,1.000000
1782218840.375438,1188,0.001490,0.019122,TRACKING,0.071294,0.000000,0.000000,0.000000,0.791588,0.316407,0.000000,1.000000
1782218840.395378,1189,0.001309,0.019256,TRACKING,0.070920,0.000000,0.000000,0.000000,0.793383,0.314370,0.000000,1.000000
1782218840.415260,1190,0.001114,0.019403,TRACKING,0.069973,0.000000,0.000000,0.000000,0.785632,0.310927,0.000000,1.000000
1782218840.435506,1191,0.001282,0.019166,TRACKING,0.068371,0.000000,0.000000,0.000000,0.761613,0.301713,0.000000,1.000000
1782218840.455462,1192,0.001105,0.019513,TRACKING,0.065694,0.000000,0.000000,0.000000,0.726429,0.287902,0.000000,1.000000
1782218840.475555,1193,0.001127,0.018543,TRACKING,0.061818,0.000000,0.000000,0.000000,0.676228,0.270206,0.000000,1.000000
1782218840.495632,1194,0.001161,0.018662,TRACKING,0.058709,0.000000,0.000000,0.000000,0.616091,0.252919,0.000000,1.000000
1782218840.515732,1195,0.001143,0.018666,TRACKING,0.056066,0.000000,0.000000,0.000000,0.556774,0.239256,0.000000,1.000000
1782218840.536153,1196,0.001490,0.018742,TRACKING,0.055179,0.000000,0.000000,0.000000,0.532153,0.231589,0.000000,1.000000
1782218840.556335,1197,0.001593,0.019110,TRACKING,0.055366,0.000000,0.000000,0.000000,0.528332,0.231016,0.000000,1.000000
1782218840.576405,1198,0.001536,0.019672,TRACKING,0.056925,0.000000,0.000000,0.000000,0.574080,0.238183,0.000000,1.000000
1782218840.596700,1199,0.001750,0.019295,TRACKING,0.059728,0.000000,0.000000,0.000000,0.654080,0.252026,0.000000,1.000000
1782218840.616157,1200,0.001086,0.018700,TRACKING,0.061870,0.000000,0.000000,0.000000,0.734080,0.270266,0.000000,1.000000
1782218840.637205,1201,0.002011,0.018978,TRACKING,0.067128,0.000000,0.000000,0.000000,0.814080,0.289547,0.000000,1.000000
1782218840.657120,1202,0.001829,0.019016,TRACKING,0.070794,0.000000,0.000000,0.000000,0.894080,0.309942,0.000000,1.000000
1782218840.677121,1203,0.001749,0.018667,TRACKING,0.075151,0.000000,0.000000,0.000000,0.974080,0.334456,0.000000,1.000000
1782218840.697228,1204,0.001778,0.018783,TRACKING,0.079780,0.000000,0.000000,0.000000,1.054080,0.358299,0.000000,1.000000
1782218840.716741,1205,0.001210,0.018844,TRACKING,0.083026,0.000000,0.000000,0.000000,1.134080,0.379946,0.000000,1.000000
1782218840.737184,1206,0.001575,0.018898,TRACKING,0.087913,0.000000,0.000000,0.000000,1.214080,0.402305,0.000000,1.000000
1782218840.757335,1207,0.001649,0.018794,TRACKING,0.092616,0.000000,0.000000,0.000000,1.294080,0.426601,0.000000,1.000000
1782218840.777561,1208,0.001797,0.018923,TRACKING,0.096278,0.000000,0.000000,0.000000,1.374080,0.444628,0.000000,1.000000
1782218840.797096,1209,0.001201,0.018953,TRACKING,0.098813,0.000000,0.000000,0.000000,1.454080,0.462678,0.000000,1.000000
1782218840.817768,1210,0.001743,0.019071,TRACKING,0.102819,0.000000,0.000000,0.000000,1.534080,0.478847,0.000000,1.000000
1782218840.837728,1211,0.001577,0.019168,TRACKING,0.105050,0.000000,0.000000,0.000000,1.614080,0.491697,0.000000,1.000000
1782218840.858095,1212,0.001824,0.019304,TRACKING,0.107131,0.000000,0.000000,0.000000,1.694080,0.503176,0.000000,1.000000
1782218840.878234,1213,0.001836,0.020146,TRACKING,0.107551,0.000000,0.000000,0.000000,1.774080,0.516399,0.000000,1.000000
1782218840.897913,1214,0.001386,0.020174,TRACKING,0.106781,0.000000,0.000000,0.000000,1.854080,0.532082,0.000000,1.000000
1782218840.918428,1215,0.001782,0.020033,TRACKING,0.107362,0.000000,0.000000,0.000000,1.934080,0.548355,0.000000,1.000000
1782218840.938355,1216,0.001589,0.020138,TRACKING,0.107113,0.000000,0.000000,0.000000,2.012740,0.564495,0.000000,1.000000
1782218840.958292,1217,0.001405,0.020190,TRACKING,0.106810,0.000000,0.000000,0.000000,1.942429,0.558933,0.000000,1.000000
1782218840.978887,1218,0.001867,0.020287,TRACKING,0.107600,0.000000,0.000000,0.000000,1.871136,0.553242,0.000000,1.000000
1782218840.998174,1219,0.001026,0.020098,TRACKING,0.106243,0.000000,0.000000,0.000000,1.791136,0.543982,0.000000,1.000000
1782218841.019206,1220,0.001955,0.020283,TRACKING,0.107724,0.000000,0.000000,0.000000,1.711136,0.531666,0.000000,1.000000
1782218841.044343,1221,0.006992,0.020255,TRACKING,0.115650,0.000000,0.000000,0.000000,1.631136,0.515976,0.000000,1.000000
1782218841.059889,1222,0.002428,0.019162,TRACKING,0.107675,0.000000,0.000000,0.000000,1.551136,0.498749,0.000000,1.000000
1782218841.079437,1223,0.001876,0.018783,TRACKING,0.103765,0.000000,0.000000,0.000000,1.471136,0.483445,0.000000,1.000000
1782218841.098971,1224,0.001282,0.019280,TRACKING,0.100892,0.000000,0.000000,0.000000,1.391136,0.471908,0.000000,1.000000
1782218841.119271,1226,0.001440,0.000431,TRACKING,0.090153,0.000000,0.000000,0.000000,1.311136,0.461653,0.000000,1.000000
1782218841.139363,1227,0.001396,0.000295,TRACKING,0.085378,0.000000,0.000000,0.000000,1.231136,0.436895,0.000000,1.000000
1782218841.159477,1228,0.001366,0.000498,TRACKING,0.079301,0.000000,0.000000,0.000000,1.151136,0.404752,0.000000,1.000000
1782218841.179407,1229,0.001223,0.000332,TRACKING,0.074927,0.000000,0.000000,0.000000,1.071136,0.383391,0.000000,1.000000
