timestamp,frame_id,loop_dt,redis_age,mode,risk_score,roll,pitch,yaw,max_tracking_error,rms_tracking_error,max_torque_ratio,ramp,deploy_action_scale
1782451567.092067,0,0.000568,inf,STAND_TEST,0.000000,-0.012430,0.109663,-0.500772,0.000000,0.000000,0.000000,1.000000,1.000000
1782451567.112305,1,0.000570,inf,STAND_TEST,0.000000,-0.012438,0.109606,-0.500813,0.000000,0.000000,0.000000,1.000000,1.000000
1782451567.132335,2,0.000539,inf,STAND_TEST,0.000000,-0.012417,0.109604,-0.500881,0.000000,0.000000,0.000000,1.000000,1.000000
1782451567.152269,3,0.000417,inf,STAND_TEST,0.000000,-0.012452,0.109568,-0.500901,0.000000,0.000000,0.000000,1.000000,1.000000
1782451567.172570,4,0.000663,inf,STAND_TEST,0.000000,-0.012477,0.109539,-0.500941,0.000000,0.000000,0.000000,1.000000,1.000000
1782451567.192590,5,0.000630,inf,STAND_TEST,0.000000,-0.012473,0.109467,-0.500981,0.000000,0.000000,0.000000,1.000000,1.000000
1782451567.212649,6,0.000635,inf,STAND_TEST,0.000000,-0.012474,0.109408,-0.500971,0.000000,0.000000,0.000000,1.000000,1.000000
1782451567.232715,7,0.000647,inf,STAND_TEST,0.000000,-0.012467,0.109303,-0.501014,0.000000,0.000000,0.000000,1.000000,1.000000
1782451567.252654,8,0.000449,inf,STAND_TEST,0.000000,-0.012451,0.109191,-0.500953,0.000000,0.000000,0.000000,1.000000,1.000000
1782451567.272674,9,0.000416,inf,STAND_TEST,0.000000,-0.012432,0.109000,-0.500886,0.000000,0.000000,0.000000,1.000000,1.000000
1782451567.292730,10,0.000418,inf,STAND_TEST,0.000000,-0.012444,0.108845,-0.500882,0.000000,0.000000,0.000000,1.000000,1.000000
1782451567.312782,11,0.000417,inf,STAND_TEST,0.000000,-0.012428,0.108714,-0.500890,0.000000,0.000000,0.000000,1.000000,1.000000
1782451567.332871,12,0.000453,inf,STAND_TEST,0.000000,-0.012382,0.108532,-0.500877,0.000000,0.000000,0.000000,1.000000,1.000000
1782451567.353113,13,0.000640,inf,STAND_TEST,0.000000,-0.012348,0.108370,-0.500885,0.000000,0.000000,0.000000,1.000000,1.000000
1782451567.373166,14,0.000462,inf,STAND_TEST,0.000000,-0.012327,0.108200,-0.500915,0.000000,0.000000,0.000000,1.000000,1.000000
1782451567.394535,15,0.001510,inf,STAND_TEST,0.000000,-0.012303,0.108029,-0.500919,0.000000,0.000000,0.000000,1.000000,1.000000
1782451567.414546,16,0.001419,inf,STAND_TEST,0.000000,-0.012286,0.107787,-0.500927,0.000000,0.000000,0.000000,1.000000,1.000000
1782451567.434646,17,0.001406,inf,STAND_TEST,0.000000,-0.012251,0.107622,-0.500913,0.000000,0.000000,0.000000,1.000000,1.000000
1782451567.455101,18,0.001761,inf,STAND_TEST,0.000000,-0.012199,0.107425,-0.500853,0.000000,0.000000,0.000000,1.000000,1.000000
1782451567.475166,19,0.001328,inf,STAND_TEST,0.000000,-0.012197,0.107206,-0.500860,0.000000,0.000000,0.000000,1.000000,1.000000
1782451567.494889,20,0.000992,inf,STAND_TEST,0.000000,-0.012170,0.106969,-0.500806,0.000000,0.000000,0.000000,1.000000,1.000000
1782451567.514951,21,0.000961,inf,STAND_TEST,0.000000,-0.012161,0.106696,-0.500815,0.000000,0.000000,0.000000,1.000000,1.000000
1782451567.535138,22,0.000900,inf,STAND_TEST,0.000000,-0.012160,0.106510,-0.500767,0.000000,0.000000,0.000000,1.000000,1.000000
1782451567.555183,23,0.000820,inf,STAND_TEST,0.000000,-0.012139,0.106342,-0.500767,0.000000,0.000000,0.000000,1.000000,1.000000
1782451567.575341,24,0.000853,inf,STAND_TEST,0.000000,-0.012147,0.106130,-0.500793,0.000000,0.000000,0.000000,1.000000,1.000000
1782451567.595739,25,0.001123,inf,STAND_TEST,0.000000,-0.012115,0.105943,-0.500809,0.000000,0.000000,0.000000,1.000000,1.000000
1782451567.615943,26,0.001206,inf,STAND_TEST,0.000000,-0.012100,0.105755,-0.500785,0.000000,0.000000,0.000000,1.000000,1.000000
1782451567.636016,27,0.001144,inf,STAND_TEST,0.000000,-0.012097,0.105553,-0.500763,0.000000,0.000000,0.000000,1.000000,1.000000
1782451567.655862,28,0.000860,inf,STAND_TEST,0.000000,-0.012077,0.105350,-0.500758,0.000000,0.000000,0.000000,1.000000,1.000000
1782451567.676249,29,0.001123,inf,STAND_TEST,0.000000,-0.012089,0.105142,-0.500815,0.000000,0.000000,0.000000,1.000000,1.000000
1782451567.696541,30,0.001287,inf,STAND_TEST,0.000000,-0.012101,0.104920,-0.500837,0.000000,0.000000,0.000000,1.000000,1.000000
1782451567.716623,31,0.001270,inf,STAND_TEST,0.000000,-0.012071,0.104771,-0.500867,0.000000,0.000000,0.000000,1.000000,1.000000
1782451567.736628,32,0.001139,inf,STAND_TEST,0.000000,-0.012046,0.104520,-0.500848,0.000000,0.000000,0.000000,1.000000,1.000000
1782451567.756602,33,0.000860,inf,STAND_TEST,0.000000,-0.012051,0.104288,-0.500899,0.000000,0.000000,0.000000,1.000000,1.000000
1782451567.776983,34,0.001108,inf,STAND_TEST,0.000000,-0.012035,0.104030,-0.500906,0.000000,0.000000,0.000000,1.000000,1.000000
1782451567.797115,35,0.001116,inf,STAND_TEST,0.000000,-0.012055,0.103831,-0.500944,0.000000,0.000000,0.000000,1.000000,1.000000
1782451567.817240,36,0.001142,inf,STAND_TEST,0.000000,-0.012053,0.103605,-0.500953,0.000000,0.000000,0.000000,1.000000,1.000000
1782451567.837349,37,0.001121,inf,STAND_TEST,0.000000,-0.012045,0.103385,-0.500959,0.000000,0.000000,0.000000,1.000000,1.000000
1782451567.857302,38,0.000849,inf,STAND_TEST,0.000000,-0.012002,0.103179,-0.500983,0.000000,0.000000,0.000000,1.000000,1.000000
1782451567.877426,39,0.000849,inf,STAND_TEST,0.000000,-0.011957,0.102910,-0.500942,0.000000,0.000000,0.000000,1.000000,1.000000
1782451567.897820,40,0.001120,inf,STAND_TEST,0.000000,-0.011957,0.102661,-0.500897,0.000000,0.000000,0.000000,1.000000,1.000000
1782451567.917934,41,0.001129,inf,STAND_TEST,0.000000,-0.011949,0.102390,-0.500914,0.000000,0.000000,0.000000,1.000000,1.000000
1782451567.937844,42,0.000849,inf,STAND_TEST,0.000000,-0.011922,0.102160,-0.500878,0.000000,0.000000,0.000000,1.000000,1.000000
1782451567.957979,43,0.000853,inf,STAND_TEST,0.000000,-0.011896,0.101912,-0.500814,0.000000,0.000000,0.000000,1.000000,1.000000
1782451567.978359,44,0.001108,inf,STAND_TEST,0.000000,-0.011857,0.101648,-0.500833,0.000000,0.000000,0.000000,1.000000,1.000000
1782451567.998496,45,0.001125,inf,STAND_TEST,0.000000,-0.011861,0.101433,-0.500873,0.000000,0.000000,0.000000,1.000000,1.000000
1782451568.018625,46,0.001122,inf,STAND_TEST,0.000000,-0.011805,0.101227,-0.500849,0.000000,0.000000,0.000000,1.000000,1.000000
1782451568.038652,47,0.001127,inf,STAND_TEST,0.000000,-0.011792,0.101057,-0.500858,0.000000,0.000000,0.000000,1.000000,1.000000
1782451568.058790,48,0.001139,inf,STAND_TEST,0.000000,-0.011796,0.100817,-0.500832,0.000000,0.000000,0.000000,1.000000,1.000000
1782451568.078622,49,0.000850,inf,STAND_TEST,0.000000,-0.011774,0.100569,-0.500759,0.000000,0.000000,0.000000,1.000000,1.000000
1782451568.098943,50,0.001045,inf,STAND_TEST,0.000000,-0.011773,0.100350,-0.500797,0.000000,0.000000,0.000000,1.000000,1.000000
1782451568.119128,51,0.001169,inf,STAND_TEST,0.000000,-0.011758,0.100150,-0.500771,0.000000,0.000000,0.000000,1.000000,1.000000
1782451568.139153,52,0.001129,inf,STAND_TEST,0.000000,-0.011712,0.099953,-0.500751,0.000000,0.000000,0.000000,1.000000,1.000000
1782451568.159283,53,0.001127,inf,STAND_TEST,0.000000,-0.011698,0.099778,-0.500728,0.000000,0.000000,0.000000,1.000000,1.000000
1782451568.179379,54,0.000861,inf,STAND_TEST,0.000000,-0.011691,0.099606,-0.500723,0.000000,0.000000,0.000000,1.000000,1.000000
1782451568.199761,55,0.001121,inf,STAND_TEST,0.000000,-0.011680,0.099459,-0.500717,0.000000,0.000000,0.000000,1.000000,1.000000
1782451568.219900,56,0.001130,inf,STAND_TEST,0.000000,-0.011691,0.099332,-0.500715,0.000000,0.000000,0.000000,1.000000,1.000000
1782451568.240029,57,0.001114,inf,STAND_TEST,0.000000,-0.011653,0.099223,-0.500712,0.000000,0.000000,0.000000,1.000000,1.000000
1782451568.260120,58,0.000848,inf,STAND_TEST,0.000000,-0.011665,0.099105,-0.500714,0.000000,0.000000,0.000000,1.000000,1.000000
1782451568.280253,59,0.000853,inf,STAND_TEST,0.000000,-0.011677,0.098996,-0.500730,0.000000,0.000000,0.000000,1.000000,1.000000
1782451568.300651,60,0.001124,inf,STAND_TEST,0.000000,-0.011666,0.098848,-0.500697,0.000000,0.000000,0.000000,1.000000,1.000000
1782451568.320781,61,0.001130,inf,STAND_TEST,0.000000,-0.011656,0.098737,-0.500696,0.000000,0.000000,0.000000,1.000000,1.000000
1782451568.340914,62,0.001140,inf,STAND_TEST,0.000000,-0.011652,0.098662,-0.500677,0.000000,0.000000,0.000000,1.000000,1.000000
1782451568.360751,63,0.000849,inf,STAND_TEST,0.000000,-0.011663,0.098601,-0.500679,0.000000,0.000000,0.000000,1.000000,1.000000
1782451568.380883,64,0.000863,inf,STAND_TEST,0.000000,-0.011635,0.098501,-0.500680,0.000000,0.000000,0.000000,1.000000,1.000000
1782451568.401266,65,0.001114,inf,STAND_TEST,0.000000,-0.011626,0.098452,-0.500693,0.000000,0.000000,0.000000,1.000000,1.000000
1782451568.421401,66,0.001115,inf,STAND_TEST,0.000000,-0.011601,0.098372,-0.500667,0.000000,0.000000,0.000000,1.000000,1.000000
1782451568.441147,67,0.000804,inf,STAND_TEST,0.000000,-0.011597,0.098376,-0.500724,0.000000,0.000000,0.000000,1.000000,1.000000
1782451568.461066,68,0.000480,inf,STAND_TEST,0.000000,-0.011595,0.098351,-0.500775,0.000000,0.000000,0.000000,1.000000,1.000000
1782451568.481084,69,0.000443,inf,STAND_TEST,0.000000,-0.011598,0.098353,-0.500746,0.000000,0.000000,0.000000,1.000000,1.000000
1782451568.501199,70,0.000500,inf,STAND_TEST,0.000000,-0.011583,0.098341,-0.500741,0.000000,0.000000,0.000000,1.000000,1.000000
1782451568.521230,71,0.000476,inf,STAND_TEST,0.000000,-0.011586,0.098267,-0.500761,0.000000,0.000000,0.000000,1.000000,1.000000
1782451568.541275,72,0.000465,inf,STAND_TEST,0.000000,-0.011577,0.098244,-0.500736,0.000000,0.000000,0.000000,1.000000,1.000000
1782451568.561589,73,0.000723,inf,STAND_TEST,0.000000,-0.011596,0.098274,-0.500748,0.000000,0.000000,0.000000,1.000000,1.000000
1782451568.581544,74,0.000466,inf,STAND_TEST,0.000000,-0.011653,0.098292,-0.500767,0.000000,0.000000,0.000000,1.000000,1.000000
1782451568.601714,75,0.000494,inf,STAND_TEST,0.000000,-0.011653,0.098292,-0.500784,0.000000,0.000000,0.000000,1.000000,1.000000
1782451568.621723,76,0.000447,inf,STAND_TEST,0.000000,-0.011674,0.098313,-0.500808,0.000000,0.000000,0.000000,1.000000,1.000000
1782451568.642173,77,0.000779,inf,STAND_TEST,0.000000,-0.011708,0.098315,-0.500811,0.000000,0.000000,0.000000,1.000000,1.000000
1782451568.662603,78,0.001080,inf,STAND_TEST,0.000000,-0.011692,0.098364,-0.500814,0.000000,0.000000,0.000000,1.000000,1.000000
1782451568.682657,79,0.001071,inf,STAND_TEST,0.000000,-0.011710,0.098408,-0.500822,0.000000,0.000000,0.000000,1.000000,1.000000
1782451568.702679,80,0.000821,inf,STAND_TEST,0.000000,-0.011745,0.098407,-0.500873,0.000000,0.000000,0.000000,1.000000,1.000000
1782451568.722743,81,0.000826,inf,STAND_TEST,0.000000,-0.011771,0.098371,-0.500899,0.000000,0.000000,0.000000,1.000000,1.000000
1782451568.743120,82,0.001079,inf,STAND_TEST,0.000000,-0.011785,0.098386,-0.500913,0.000000,0.000000,0.000000,1.000000,1.000000
1782451568.763261,83,0.001091,inf,STAND_TEST,0.000000,-0.011776,0.098413,-0.500887,0.000000,0.000000,0.000000,1.000000,1.000000
1782451568.783360,84,0.001093,inf,STAND_TEST,0.000000,-0.011763,0.098442,-0.500906,0.000000,0.000000,0.000000,1.000000,1.000000
1782451568.803494,85,0.001098,inf,STAND_TEST,0.000000,-0.011788,0.098439,-0.500895,0.000000,0.000000,0.000000,1.000000,1.000000
1782451568.823462,86,0.000827,inf,STAND_TEST,0.000000,-0.011789,0.098430,-0.500879,0.000000,0.000000,0.000000,1.000000,1.000000
1782451568.843580,87,0.000814,inf,STAND_TEST,0.000000,-0.011807,0.098423,-0.500886,0.000000,0.000000,0.000000,1.000000,1.000000
1782451568.863999,88,0.001106,inf,STAND_TEST,0.000000,-0.011816,0.098446,-0.500895,0.000000,0.000000,0.000000,1.000000,1.000000
1782451568.884123,89,0.001101,inf,STAND_TEST,0.000000,-0.011784,0.098478,-0.500867,0.000000,0.000000,0.000000,1.000000,1.000000
1782451568.904010,90,0.000784,inf,STAND_TEST,0.000000,-0.011758,0.098460,-0.500856,0.000000,0.000000,0.000000,1.000000,1.000000
1782451568.923795,91,0.000515,inf,STAND_TEST,0.000000,-0.011758,0.098481,-0.500843,0.000000,0.000000,0.000000,1.000000,1.000000
1782451568.943765,92,0.000432,inf,STAND_TEST,0.000000,-0.011758,0.098453,-0.500858,0.000000,0.000000,0.000000,1.000000,1.000000
1782451568.963818,93,0.000429,inf,STAND_TEST,0.000000,-0.011752,0.098480,-0.500848,0.000000,0.000000,0.000000,1.000000,1.000000
1782451568.983892,94,0.000449,inf,STAND_TEST,0.000000,-0.011755,0.098498,-0.500858,0.000000,0.000000,0.000000,1.000000,1.000000
1782451569.003932,95,0.000435,inf,STAND_TEST,0.000000,-0.011757,0.098489,-0.500875,0.000000,0.000000,0.000000,1.000000,1.000000
1782451569.024167,96,0.000616,inf,STAND_TEST,0.000000,-0.011740,0.098413,-0.500829,0.000000,0.000000,0.000000,1.000000,1.000000
1782451569.044001,97,0.000396,inf,STAND_TEST,0.000000,-0.011707,0.098338,-0.500781,0.000000,0.000000,0.000000,1.000000,1.000000
1782451569.064279,98,0.000413,inf,STAND_TEST,0.000000,-0.011729,0.098278,-0.500809,0.000000,0.000000,0.000000,1.000000,1.000000
1782451569.084300,99,0.000381,inf,STAND_TEST,0.000000,-0.011728,0.098326,-0.500810,0.000000,0.000000,0.000000,1.000000,1.000000
1782451569.104402,100,0.000429,inf,STAND_TEST,0.000000,-0.011740,0.098297,-0.500818,0.000000,0.000000,0.000000,1.000000,1.000000
1782451569.124433,101,0.000408,inf,STAND_TEST,0.000000,-0.011747,0.098261,-0.500798,0.000000,0.000000,0.000000,1.000000,1.000000
1782451569.144506,102,0.000426,inf,STAND_TEST,0.000000,-0.011733,0.098221,-0.500771,0.000000,0.000000,0.000000,1.000000,1.000000
1782451569.164845,103,0.000710,inf,STAND_TEST,0.000000,-0.011730,0.098243,-0.500772,0.000000,0.000000,0.000000,1.000000,1.000000
1782451569.184861,104,0.000669,inf,STAND_TEST,0.000000,-0.011724,0.098272,-0.500774,0.000000,0.000000,0.000000,1.000000,1.000000
1782451569.204923,105,0.000677,inf,STAND_TEST,0.000000,-0.011720,0.098285,-0.500809,0.000000,0.000000,0.000000,1.000000,1.000000
1782451569.224839,106,0.000489,inf,STAND_TEST,0.000000,-0.011728,0.098253,-0.500809,0.000000,0.000000,0.000000,1.000000,1.000000
1782451569.244878,107,0.000474,inf,STAND_TEST,0.000000,-0.011728,0.098226,-0.500844,0.000000,0.000000,0.000000,1.000000,1.000000
1782451569.264951,108,0.000443,inf,STAND_TEST,0.000000,-0.011751,0.098252,-0.500871,0.000000,0.000000,0.000000,1.000000,1.000000
1782451569.285026,109,0.000463,inf,STAND_TEST,0.000000,-0.011737,0.098231,-0.500859,0.000000,0.000000,0.000000,1.000000,1.000000
1782451569.305301,110,0.000682,inf,STAND_TEST,0.000000,-0.011739,0.098262,-0.500836,0.000000,0.000000,0.000000,1.000000,1.000000
1782451569.325287,111,0.000614,inf,STAND_TEST,0.000000,-0.011727,0.098257,-0.500815,0.000000,0.000000,0.000000,1.000000,1.000000
1782451569.345407,112,0.000680,inf,STAND_TEST,0.000000,-0.011750,0.098280,-0.500861,0.000000,0.000000,0.000000,1.000000,1.000000
1782451569.365448,113,0.000461,inf,STAND_TEST,0.000000,-0.011773,0.098281,-0.500859,0.000000,0.000000,0.000000,1.000000,1.000000
1782451569.385561,114,0.000519,inf,STAND_TEST,0.000000,-0.011813,0.098279,-0.500916,0.000000,0.000000,0.000000,1.000000,1.000000
1782451569.405582,115,0.000485,inf,STAND_TEST,0.000000,-0.011802,0.098293,-0.500906,0.000000,0.000000,0.000000,1.000000,1.000000
1782451569.425920,116,0.000764,inf,STAND_TEST,0.000000,-0.011801,0.098297,-0.500934,0.000000,0.000000,0.000000,1.000000,1.000000
1782451569.446162,117,0.000948,inf,STAND_TEST,0.000000,-0.011793,0.098305,-0.500948,0.000000,0.000000,0.000000,1.000000,1.000000
1782451569.465927,118,0.000659,inf,STAND_TEST,0.000000,-0.011781,0.098297,-0.500948,0.000000,0.000000,0.000000,1.000000,1.000000
1782451569.485978,119,0.000655,inf,STAND_TEST,0.000000,-0.011785,0.098260,-0.500945,0.000000,0.000000,0.000000,1.000000,1.000000
1782451569.506111,120,0.000734,inf,STAND_TEST,0.000000,-0.011798,0.098249,-0.500938,0.000000,0.000000,0.000000,1.000000,1.000000
1782451569.526018,121,0.000413,inf,STAND_TEST,0.000000,-0.011785,0.098283,-0.500960,0.000000,0.000000,0.000000,1.000000,1.000000
1782451569.546166,122,0.000506,inf,STAND_TEST,0.000000,-0.011800,0.098230,-0.500936,0.000000,0.000000,0.000000,1.000000,1.000000
1782451569.566214,123,0.000499,inf,STAND_TEST,0.000000,-0.011804,0.098247,-0.500948,0.000000,0.000000,0.000000,1.000000,1.000000
1782451569.586413,124,0.000644,inf,STAND_TEST,0.000000,-0.011839,0.098230,-0.500982,0.000000,0.000000,0.000000,1.000000,1.000000
1782451569.606270,125,0.000446,inf,STAND_TEST,0.000000,-0.011855,0.098199,-0.500986,0.000000,0.000000,0.000000,1.000000,1.000000
1782451569.626505,126,0.000627,inf,STAND_TEST,0.000000,-0.011834,0.098190,-0.500962,0.000000,0.000000,0.000000,1.000000,1.000000
1782451569.646609,127,0.000675,inf,STAND_TEST,0.000000,-0.011832,0.098185,-0.500987,0.000000,0.000000,0.000000,1.000000,1.000000
1782451569.666692,128,0.000479,inf,STAND_TEST,0.000000,-0.011831,0.098151,-0.500984,0.000000,0.000000,0.000000,1.000000,1.000000
1782451569.686732,129,0.000464,inf,STAND_TEST,0.000000,-0.011842,0.098107,-0.500991,0.000000,0.000000,0.000000,1.000000,1.000000
1782451569.706760,130,0.000438,inf,STAND_TEST,0.000000,-0.011840,0.098095,-0.501002,0.000000,0.000000,0.000000,1.000000,1.000000
1782451569.726832,131,0.000456,inf,STAND_TEST,0.000000,-0.011811,0.098105,-0.500974,0.000000,0.000000,0.000000,1.000000,1.000000
1782451569.747083,132,0.000654,inf,STAND_TEST,0.000000,-0.011826,0.098145,-0.500957,0.000000,0.000000,0.000000,1.000000,1.000000
1782451569.767310,133,0.000808,inf,STAND_TEST,0.000000,-0.011814,0.098105,-0.500962,0.000000,0.000000,0.000000,1.000000,1.000000
1782451569.787331,134,0.000731,inf,STAND_TEST,0.000000,-0.011839,0.098116,-0.500989,0.000000,0.000000,0.000000,1.000000,1.000000
1782451569.807230,135,0.000433,inf,STAND_TEST,0.000000,-0.011855,0.098130,-0.501019,0.000000,0.000000,0.000000,1.000000,1.000000
1782451569.827376,136,0.000479,inf,STAND_TEST,0.000000,-0.011858,0.098140,-0.501025,0.000000,0.000000,0.000000,1.000000,1.000000
1782451569.847487,137,0.000534,inf,STAND_TEST,0.000000,-0.011860,0.098164,-0.501072,0.000000,0.000000,0.000000,1.000000,1.000000
1782451569.867677,138,0.000669,inf,STAND_TEST,0.000000,-0.011867,0.098181,-0.501091,0.000000,0.000000,0.000000,1.000000,1.000000
1782451569.887869,139,0.000762,inf,STAND_TEST,0.000000,-0.011888,0.098197,-0.501107,0.000000,0.000000,0.000000,1.000000,1.000000
1782451569.907837,140,0.000675,inf,STAND_TEST,0.000000,-0.011892,0.098221,-0.501093,0.000000,0.000000,0.000000,1.000000,1.000000
1782451569.927767,141,0.000413,inf,STAND_TEST,0.000000,-0.011891,0.098202,-0.501081,0.000000,0.000000,0.000000,1.000000,1.000000
1782451569.947879,142,0.000469,inf,STAND_TEST,0.000000,-0.011908,0.098206,-0.501145,0.000000,0.000000,0.000000,1.000000,1.000000
1782451569.968005,143,0.000539,inf,STAND_TEST,0.000000,-0.011906,0.098208,-0.501138,0.000000,0.000000,0.000000,1.000000,1.000000
1782451569.988014,144,0.000446,inf,STAND_TEST,0.000000,-0.011912,0.098265,-0.501129,0.000000,0.000000,0.000000,1.000000,1.000000
1782451570.008245,145,0.000623,inf,STAND_TEST,0.000000,-0.011902,0.098319,-0.501120,0.000000,0.000000,0.000000,1.000000,1.000000
1782451570.028311,146,0.000635,inf,STAND_TEST,0.000000,-0.011911,0.098313,-0.501132,0.000000,0.000000,0.000000,1.000000,1.000000
1782451570.048337,147,0.000609,inf,STAND_TEST,0.000000,-0.011910,0.098302,-0.501183,0.000000,0.000000,0.000000,1.000000,1.000000
1782451570.068411,148,0.000630,inf,STAND_TEST,0.000000,-0.011918,0.098309,-0.501194,0.000000,0.000000,0.000000,1.000000,1.000000
1782451570.088413,149,0.000429,inf,STAND_TEST,0.000000,-0.011919,0.098338,-0.501236,0.000000,0.000000,0.000000,1.000000,1.000000
1782451570.108455,150,0.000417,inf,STAND_TEST,0.000000,-0.011913,0.098327,-0.501230,0.000000,0.000000,0.000000,1.000000,1.000000
1782451570.128529,151,0.000437,inf,STAND_TEST,0.000000,-0.011910,0.098340,-0.501234,0.000000,0.000000,0.000000,1.000000,1.000000
1782451570.148678,152,0.000528,inf,STAND_TEST,0.000000,-0.011910,0.098314,-0.501235,0.000000,0.000000,0.000000,1.000000,1.000000
1782451570.168942,153,0.000739,inf,STAND_TEST,0.000000,-0.011880,0.098313,-0.501204,0.000000,0.000000,0.000000,1.000000,1.000000
1782451570.188973,154,0.000714,inf,STAND_TEST,0.000000,-0.011892,0.098308,-0.501168,0.000000,0.000000,0.000000,1.000000,1.000000
1782451570.208950,155,0.000636,inf,STAND_TEST,0.000000,-0.011866,0.098282,-0.501152,0.000000,0.000000,0.000000,1.000000,1.000000
1782451570.229027,156,0.000659,inf,STAND_TEST,0.000000,-0.011885,0.098319,-0.501152,0.000000,0.000000,0.000000,1.000000,1.000000
1782451570.248921,157,0.000420,inf,STAND_TEST,0.000000,-0.011897,0.098313,-0.501150,0.000000,0.000000,0.000000,1.000000,1.000000
1782451570.269004,158,0.000449,inf,STAND_TEST,0.000000,-0.011899,0.098294,-0.501099,0.000000,0.000000,0.000000,1.000000,1.000000
1782451570.289022,159,0.000413,inf,STAND_TEST,0.000000,-0.011923,0.098255,-0.501095,0.000000,0.000000,0.000000,1.000000,1.000000
1782451570.309142,160,0.000478,inf,STAND_TEST,0.000000,-0.011937,0.098227,-0.501126,0.000000,0.000000,0.000000,1.000000,1.000000
1782451570.329134,161,0.000417,inf,STAND_TEST,0.000000,-0.011931,0.098218,-0.501127,0.000000,0.000000,0.000000,1.000000,1.000000
1782451570.349196,162,0.000425,inf,STAND_TEST,0.000000,-0.011930,0.098200,-0.501126,0.000000,0.000000,0.000000,1.000000,1.000000
1782451570.369494,163,0.000668,inf,STAND_TEST,0.000000,-0.011928,0.098209,-0.501153,0.000000,0.000000,0.000000,1.000000,1.000000
1782451570.389434,164,0.000475,inf,STAND_TEST,0.000000,-0.011943,0.098178,-0.501141,0.000000,0.000000,0.000000,1.000000,1.000000
1782451570.409458,165,0.000446,inf,STAND_TEST,0.000000,-0.011922,0.098203,-0.501167,0.000000,0.000000,0.000000,1.000000,1.000000
1782451570.429527,166,0.000460,inf,STAND_TEST,0.000000,-0.011921,0.098189,-0.501187,0.000000,0.000000,0.000000,1.000000,1.000000
1782451570.449637,167,0.000513,inf,STAND_TEST,0.000000,-0.011902,0.098181,-0.501150,0.000000,0.000000,0.000000,1.000000,1.000000
1782451570.469662,168,0.000439,inf,STAND_TEST,0.000000,-0.011900,0.098173,-0.501121,0.000000,0.000000,0.000000,1.000000,1.000000
1782451570.489773,169,0.000445,inf,STAND_TEST,0.000000,-0.011887,0.098179,-0.501109,0.000000,0.000000,0.000000,1.000000,1.000000
1782451570.510123,170,0.000689,inf,STAND_TEST,0.000000,-0.011890,0.098172,-0.501145,0.000000,0.000000,0.000000,1.000000,1.000000
1782451570.530238,171,0.000738,inf,STAND_TEST,0.000000,-0.011885,0.098181,-0.501171,0.000000,0.000000,0.000000,1.000000,1.000000
1782451570.550127,172,0.000499,inf,STAND_TEST,0.000000,-0.011868,0.098221,-0.501139,0.000000,0.000000,0.000000,1.000000,1.000000
1782451570.570286,173,0.000496,inf,STAND_TEST,0.000000,-0.011846,0.098209,-0.501137,0.000000,0.000000,0.000000,1.000000,1.000000
1782451570.590336,174,0.000491,inf,STAND_TEST,0.000000,-0.011863,0.098203,-0.501134,0.000000,0.000000,0.000000,1.000000,1.000000
1782451570.610347,175,0.000446,inf,STAND_TEST,0.000000,-0.011858,0.098213,-0.501129,0.000000,0.000000,0.000000,1.000000,1.000000
1782451570.630623,176,0.000667,inf,STAND_TEST,0.000000,-0.011846,0.098201,-0.501123,0.000000,0.000000,0.000000,1.000000,1.000000
1782451570.650747,177,0.000734,inf,STAND_TEST,0.000000,-0.011845,0.098258,-0.501169,0.000000,0.000000,0.000000,1.000000,1.000000
1782451570.670937,178,0.000869,inf,STAND_TEST,0.000000,-0.011852,0.098277,-0.501212,0.000000,0.000000,0.000000,1.000000,1.000000
1782451570.690930,179,0.000627,inf,STAND_TEST,0.000000,-0.011849,0.098306,-0.501256,0.000000,0.000000,0.000000,1.000000,1.000000
1782451570.710855,180,0.000462,inf,STAND_TEST,0.000000,-0.011860,0.098298,-0.501226,0.000000,0.000000,0.000000,1.000000,1.000000
1782451570.730910,181,0.000463,inf,STAND_TEST,0.000000,-0.011847,0.098325,-0.501221,0.000000,0.000000,0.000000,1.000000,1.000000
1782451570.750973,182,0.000470,inf,STAND_TEST,0.000000,-0.011851,0.098311,-0.501191,0.000000,0.000000,0.000000,1.000000,1.000000
1782451570.771034,183,0.000476,inf,STAND_TEST,0.000000,-0.011878,0.098313,-0.501200,0.000000,0.000000,0.000000,1.000000,1.000000
1782451570.791313,184,0.000699,inf,STAND_TEST,0.000000,-0.011878,0.098333,-0.501204,0.000000,0.000000,0.000000,1.000000,1.000000
1782451570.811191,185,0.000449,inf,STAND_TEST,0.000000,-0.011880,0.098341,-0.501210,0.000000,0.000000,0.000000,1.000000,1.000000
1782451570.831329,186,0.000457,inf,STAND_TEST,0.000000,-0.011910,0.098290,-0.501226,0.000000,0.000000,0.000000,1.000000,1.000000
1782451570.851367,187,0.000440,inf,STAND_TEST,0.000000,-0.011924,0.098288,-0.501279,0.000000,0.000000,0.000000,1.000000,1.000000
1782451570.871423,188,0.000442,inf,STAND_TEST,0.000000,-0.011905,0.098304,-0.501269,0.000000,0.000000,0.000000,1.000000,1.000000
1782451570.891464,189,0.000429,inf,STAND_TEST,0.000000,-0.011908,0.098305,-0.501259,0.000000,0.000000,0.000000,1.000000,1.000000
1782451570.911533,190,0.000444,inf,STAND_TEST,0.000000,-0.011905,0.098266,-0.501257,0.000000,0.000000,0.000000,1.000000,1.000000
1782451570.931573,191,0.000431,inf,STAND_TEST,0.000000,-0.011927,0.098236,-0.501259,0.000000,0.000000,0.000000,1.000000,1.000000
1782451570.951897,192,0.000700,inf,STAND_TEST,0.000000,-0.011929,0.098196,-0.501256,0.000000,0.000000,0.000000,1.000000,1.000000
1782451570.971914,193,0.000662,inf,STAND_TEST,0.000000,-0.011939,0.098230,-0.501258,0.000000,0.000000,0.000000,1.000000,1.000000
1782451570.991965,194,0.000455,inf,STAND_TEST,0.000000,-0.011934,0.098219,-0.501248,0.000000,0.000000,0.000000,1.000000,1.000000
1782451571.012021,195,0.000456,inf,STAND_TEST,0.000000,-0.011917,0.098229,-0.501247,0.000000,0.000000,0.000000,1.000000,1.000000
1782451571.032054,196,0.000435,inf,STAND_TEST,0.000000,-0.011902,0.098204,-0.501204,0.000000,0.000000,0.000000,1.000000,1.000000
1782451571.052131,197,0.000457,inf,STAND_TEST,0.000000,-0.011918,0.098211,-0.501219,0.000000,0.000000,0.000000,1.000000,1.000000
1782451571.072366,198,0.000638,inf,STAND_TEST,0.000000,-0.011915,0.098220,-0.501230,0.000000,0.000000,0.000000,1.000000,1.000000
1782451571.092549,199,0.000424,inf,STAND_TEST,0.000000,-0.011917,0.098205,-0.501198,0.000000,0.000000,0.000000,1.000000,1.000000
1782451571.112617,200,0.000439,inf,STAND_TEST,0.000000,-0.011928,0.098239,-0.501229,0.000000,0.000000,0.000000,1.000000,1.000000
1782451571.132628,201,0.000397,inf,STAND_TEST,0.000000,-0.011936,0.098241,-0.501212,0.000000,0.000000,0.000000,1.000000,1.000000
1782451571.152940,202,0.000654,inf,STAND_TEST,0.000000,-0.011923,0.098264,-0.501212,0.000000,0.000000,0.000000,1.000000,1.000000
1782451571.173038,203,0.000697,inf,STAND_TEST,0.000000,-0.011921,0.098262,-0.501220,0.000000,0.000000,0.000000,1.000000,1.000000
1782451571.193096,204,0.000700,inf,STAND_TEST,0.000000,-0.011932,0.098302,-0.501235,0.000000,0.000000,0.000000,1.000000,1.000000
1782451571.213125,205,0.000673,inf,STAND_TEST,0.000000,-0.011939,0.098289,-0.501242,0.000000,0.000000,0.000000,1.000000,1.000000
1782451571.233181,206,0.000673,inf,STAND_TEST,0.000000,-0.011927,0.098261,-0.501209,0.000000,0.000000,0.000000,1.000000,1.000000
1782451571.253094,207,0.000456,inf,STAND_TEST,0.000000,-0.011927,0.098266,-0.501199,0.000000,0.000000,0.000000,1.000000,1.000000
1782451571.273153,208,0.000460,inf,STAND_TEST,0.000000,-0.011881,0.098261,-0.501165,0.000000,0.000000,0.000000,1.000000,1.000000
1782451571.293233,209,0.000471,inf,STAND_TEST,0.000000,-0.011864,0.098278,-0.501143,0.000000,0.000000,0.000000,1.000000,1.000000
1782451571.313304,210,0.000486,inf,STAND_TEST,0.000000,-0.011880,0.098275,-0.501177,0.000000,0.000000,0.000000,1.000000,1.000000
1782451571.333336,211,0.000462,inf,STAND_TEST,0.000000,-0.011864,0.098311,-0.501189,0.000000,0.000000,0.000000,1.000000,1.000000
1782451571.353602,212,0.000674,inf,STAND_TEST,0.000000,-0.011867,0.098350,-0.501183,0.000000,0.000000,0.000000,1.000000,1.000000
1782451571.373459,213,0.000477,inf,STAND_TEST,0.000000,-0.011893,0.098403,-0.501215,0.000000,0.000000,0.000000,1.000000,1.000000
1782451571.393753,214,0.000714,inf,STAND_TEST,0.000000,-0.011877,0.098357,-0.501235,0.000000,0.000000,0.000000,1.000000,1.000000
1782451571.413595,215,0.000501,inf,STAND_TEST,0.000000,-0.011869,0.098398,-0.501252,0.000000,0.000000,0.000000,1.000000,1.000000
1782451571.433670,216,0.000519,inf,STAND_TEST,0.000000,-0.011868,0.098403,-0.501242,0.000000,0.000000,0.000000,1.000000,1.000000
1782451571.453659,217,0.000452,inf,STAND_TEST,0.000000,-0.011861,0.098378,-0.501227,0.000000,0.000000,0.000000,1.000000,1.000000
1782451571.473820,218,0.000557,inf,STAND_TEST,0.000000,-0.011895,0.098386,-0.501263,0.000000,0.000000,0.000000,1.000000,1.000000
1782451571.494161,219,0.000841,inf,STAND_TEST,0.000000,-0.011903,0.098389,-0.501276,0.000000,0.000000,0.000000,1.000000,1.000000
1782451571.513859,220,0.000484,inf,STAND_TEST,0.000000,-0.011877,0.098425,-0.501256,0.000000,0.000000,0.000000,1.000000,1.000000
1782451571.534106,221,0.000676,inf,STAND_TEST,0.000000,-0.011896,0.098434,-0.501271,0.000000,0.000000,0.000000,1.000000,1.000000
1782451571.554147,222,0.000692,inf,STAND_TEST,0.000000,-0.011906,0.098408,-0.501279,0.000000,0.000000,0.000000,1.000000,1.000000
1782451571.574210,223,0.000700,inf,STAND_TEST,0.000000,-0.011930,0.098400,-0.501318,0.000000,0.000000,0.000000,1.000000,1.000000
1782451571.594179,224,0.000432,inf,STAND_TEST,0.000000,-0.011924,0.098402,-0.501341,0.000000,0.000000,0.000000,1.000000,1.000000
1782451571.614253,225,0.000452,inf,STAND_TEST,0.000000,-0.011930,0.098438,-0.501405,0.000000,0.000000,0.000000,1.000000,1.000000
1782451571.634347,226,0.000490,inf,STAND_TEST,0.000000,-0.011946,0.098448,-0.501398,0.000000,0.000000,0.000000,1.000000,1.000000
1782451571.654605,227,0.000694,inf,STAND_TEST,0.000000,-0.011948,0.098491,-0.501396,0.000000,0.000000,0.000000,1.000000,1.000000
1782451571.674464,228,0.000496,inf,STAND_TEST,0.000000,-0.011980,0.098467,-0.501377,0.000000,0.000000,0.000000,1.000000,1.000000
1782451571.694724,229,0.000701,inf,STAND_TEST,0.000000,-0.012012,0.098455,-0.501376,0.000000,0.000000,0.000000,1.000000,1.000000
1782451571.714769,230,0.000692,inf,STAND_TEST,0.000000,-0.012003,0.098455,-0.501393,0.000000,0.000000,0.000000,1.000000,1.000000
1782451571.734776,231,0.000645,inf,STAND_TEST,0.000000,-0.011973,0.098473,-0.501394,0.000000,0.000000,0.000000,1.000000,1.000000
1782451571.754618,232,0.000433,inf,STAND_TEST,0.000000,-0.011948,0.098485,-0.501391,0.000000,0.000000,0.000000,1.000000,1.000000
1782451571.774812,233,0.000502,inf,STAND_TEST,0.000000,-0.011933,0.098494,-0.501362,0.000000,0.000000,0.000000,1.000000,1.000000
1782451571.794823,234,0.000458,inf,STAND_TEST,0.000000,-0.011936,0.098492,-0.501388,0.000000,0.000000,0.000000,1.000000,1.000000
1782451571.814897,235,0.000475,inf,STAND_TEST,0.000000,-0.011920,0.098508,-0.501416,0.000000,0.000000,0.000000,1.000000,1.000000
1782451571.834966,236,0.000490,inf,STAND_TEST,0.000000,-0.011901,0.098562,-0.501395,0.000000,0.000000,0.000000,1.000000,1.000000
1782451571.855290,237,0.000760,inf,STAND_TEST,0.000000,-0.011899,0.098580,-0.501416,0.000000,0.000000,0.000000,1.000000,1.000000
1782451571.875327,238,0.000502,inf,STAND_TEST,0.000000,-0.011889,0.098543,-0.501419,0.000000,0.000000,0.000000,1.000000,1.000000
1782451571.895436,239,0.000501,inf,STAND_TEST,0.000000,-0.011878,0.098542,-0.501445,0.000000,0.000000,0.000000,1.000000,1.000000
1782451571.915452,240,0.000418,inf,STAND_TEST,0.000000,-0.011852,0.098548,-0.501398,0.000000,0.000000,0.000000,1.000000,1.000000
1782451571.935563,241,0.000429,inf,STAND_TEST,0.000000,-0.011852,0.098495,-0.501383,0.000000,0.000000,0.000000,1.000000,1.000000
1782451571.955912,242,0.000674,inf,STAND_TEST,0.000000,-0.011850,0.098498,-0.501366,0.000000,0.000000,0.000000,1.000000,1.000000
1782451571.975968,243,0.000453,inf,STAND_TEST,0.000000,-0.011823,0.098487,-0.501338,0.000000,0.000000,0.000000,1.000000,1.000000
1782451571.996236,244,0.000433,inf,STAND_TEST,0.000000,-0.011825,0.098498,-0.501344,0.000000,0.000000,0.000000,1.000000,1.000000
1782451572.016337,245,0.000431,inf,STAND_TEST,0.000000,-0.011791,0.098494,-0.501343,0.000000,0.000000,0.000000,1.000000,1.000000
1782451572.036695,246,0.000685,inf,STAND_TEST,0.000000,-0.011761,0.098485,-0.501310,0.000000,0.000000,0.000000,1.000000,1.000000
1782451572.056793,247,0.000675,inf,STAND_TEST,0.000000,-0.011755,0.098570,-0.501360,0.000000,0.000000,0.000000,1.000000,1.000000
1782451572.076788,248,0.000468,inf,STAND_TEST,0.000000,-0.011778,0.098586,-0.501397,0.000000,0.000000,0.000000,1.000000,1.000000
1782451572.096814,249,0.000439,inf,STAND_TEST,0.000000,-0.011790,0.098578,-0.501392,0.000000,0.000000,0.000000,1.000000,1.000000
1782451572.116906,250,0.000476,inf,STAND_TEST,0.000000,-0.011814,0.098586,-0.501418,0.000000,0.000000,0.000000,1.000000,1.000000
1782451572.136950,251,0.000464,inf,STAND_TEST,0.000000,-0.011778,0.098629,-0.501381,0.000000,0.000000,0.000000,1.000000,1.000000
1782451572.157411,252,0.000869,inf,STAND_TEST,0.000000,-0.011804,0.098604,-0.501418,0.000000,0.000000,0.000000,1.000000,1.000000
1782451572.177400,253,0.000803,inf,STAND_TEST,0.000000,-0.011804,0.098597,-0.501435,0.000000,0.000000,0.000000,1.000000,1.000000
1782451572.197360,254,0.000708,inf,STAND_TEST,0.000000,-0.011787,0.098602,-0.501440,0.000000,0.000000,0.000000,1.000000,1.000000
1782451572.217473,255,0.000719,inf,STAND_TEST,0.000000,-0.011788,0.098591,-0.501456,0.000000,0.000000,0.000000,1.000000,1.000000
1782451572.237662,256,0.000721,inf,STAND_TEST,0.000000,-0.011798,0.098619,-0.501485,0.000000,0.000000,0.000000,1.000000,1.000000
1782451572.257969,257,0.000929,inf,STAND_TEST,0.000000,-0.011793,0.098664,-0.501484,0.000000,0.000000,0.000000,1.000000,1.000000
1782451572.277850,258,0.000751,inf,STAND_TEST,0.000000,-0.011800,0.098657,-0.501484,0.000000,0.000000,0.000000,1.000000,1.000000
1782451572.297821,259,0.000666,inf,STAND_TEST,0.000000,-0.011782,0.098682,-0.501443,0.000000,0.000000,0.000000,1.000000,1.000000
1782451572.317888,260,0.000678,inf,STAND_TEST,0.000000,-0.011792,0.098681,-0.501457,0.000000,0.000000,0.000000,1.000000,1.000000
1782451572.337945,261,0.000680,inf,STAND_TEST,0.000000,-0.011786,0.098712,-0.501456,0.000000,0.000000,0.000000,1.000000,1.000000
1782451572.357951,262,0.000451,inf,STAND_TEST,0.000000,-0.011799,0.098693,-0.501457,0.000000,0.000000,0.000000,1.000000,1.000000
1782451572.378076,263,0.000521,inf,STAND_TEST,0.000000,-0.011788,0.098693,-0.501478,0.000000,0.000000,0.000000,1.000000,1.000000
1782451572.398077,264,0.000465,inf,STAND_TEST,0.000000,-0.011745,0.098684,-0.501463,0.000000,0.000000,0.000000,1.000000,1.000000
1782451572.418170,265,0.000503,inf,STAND_TEST,0.000000,-0.011709,0.098701,-0.501438,0.000000,0.000000,0.000000,1.000000,1.000000
1782451572.438185,266,0.000461,inf,STAND_TEST,0.000000,-0.011715,0.098714,-0.501449,0.000000,0.000000,0.000000,1.000000,1.000000
1782451572.458445,267,0.000666,inf,STAND_TEST,0.000000,-0.011695,0.098675,-0.501462,0.000000,0.000000,0.000000,1.000000,1.000000
1782451572.478497,268,0.000662,inf,STAND_TEST,0.000000,-0.011669,0.098709,-0.501431,0.000000,0.000000,0.000000,1.000000,1.000000
1782451572.498562,269,0.000673,inf,STAND_TEST,0.000000,-0.011647,0.098734,-0.501430,0.000000,0.000000,0.000000,1.000000,1.000000
1782451572.518603,270,0.000467,inf,STAND_TEST,0.000000,-0.011663,0.098754,-0.501434,0.000000,0.000000,0.000000,1.000000,1.000000
1782451572.538675,271,0.000483,inf,STAND_TEST,0.000000,-0.011639,0.098800,-0.501417,0.000000,0.000000,0.000000,1.000000,1.000000
1782451572.559067,272,0.000821,inf,STAND_TEST,0.000000,-0.011641,0.098768,-0.501441,0.000000,0.000000,0.000000,1.000000,1.000000
1782451572.578769,273,0.000468,inf,STAND_TEST,0.000000,-0.011638,0.098700,-0.501389,0.000000,0.000000,0.000000,1.000000,1.000000
1782451572.599320,274,0.000959,inf,STAND_TEST,0.000000,-0.011594,0.098660,-0.501374,0.000000,0.000000,0.000000,1.000000,1.000000
1782451572.619056,275,0.000457,inf,STAND_TEST,0.000000,-0.011609,0.098593,-0.501401,0.000000,0.000000,0.000000,1.000000,1.000000
1782451572.639235,276,0.000485,inf,STAND_TEST,0.000000,-0.011604,0.098617,-0.501415,0.000000,0.000000,0.000000,1.000000,1.000000
1782451572.659268,277,0.000463,inf,STAND_TEST,0.000000,-0.011620,0.098616,-0.501408,0.000000,0.000000,0.000000,1.000000,1.000000
1782451572.679341,278,0.000481,inf,STAND_TEST,0.000000,-0.011593,0.098584,-0.501399,0.000000,0.000000,0.000000,1.000000,1.000000
1782451572.699974,279,0.001058,inf,STAND_TEST,0.000000,-0.011559,0.098595,-0.501407,0.000000,0.000000,0.000000,1.000000,1.000000
1782451572.719734,280,0.000762,inf,STAND_TEST,0.000000,-0.011549,0.098576,-0.501398,0.000000,0.000000,0.000000,1.000000,1.000000
1782451572.739763,281,0.000530,inf,STAND_TEST,0.000000,-0.011530,0.098548,-0.501413,0.000000,0.000000,0.000000,1.000000,1.000000
1782451572.759894,282,0.000495,inf,STAND_TEST,0.000000,-0.011523,0.098549,-0.501451,0.000000,0.000000,0.000000,1.000000,1.000000
1782451572.780028,283,0.000481,inf,STAND_TEST,0.000000,-0.011528,0.098555,-0.501484,0.000000,0.000000,0.000000,1.000000,1.000000
1782451572.800671,284,0.001035,inf,STAND_TEST,0.000000,-0.011505,0.098567,-0.501455,0.000000,0.000000,0.000000,1.000000,1.000000
1782451572.820659,285,0.000919,inf,STAND_TEST,0.000000,-0.011519,0.098567,-0.501482,0.000000,0.000000,0.000000,1.000000,1.000000
1782451572.840760,286,0.000924,inf,STAND_TEST,0.000000,-0.011472,0.098604,-0.501491,0.000000,0.000000,0.000000,1.000000,1.000000
1782451572.860836,287,0.000697,inf,STAND_TEST,0.000000,-0.011494,0.098606,-0.501520,0.000000,0.000000,0.000000,1.000000,1.000000
1782451572.880925,288,0.000694,inf,STAND_TEST,0.000000,-0.011483,0.098605,-0.501521,0.000000,0.000000,0.000000,1.000000,1.000000
1782451572.901304,289,0.000957,inf,STAND_TEST,0.000000,-0.011509,0.098620,-0.501514,0.000000,0.000000,0.000000,1.000000,1.000000
1782451572.921365,290,0.000924,inf,STAND_TEST,0.000000,-0.011531,0.098600,-0.501523,0.000000,0.000000,0.000000,1.000000,1.000000
1782451572.941455,291,0.000922,inf,STAND_TEST,0.000000,-0.011528,0.098596,-0.501448,0.000000,0.000000,0.000000,1.000000,1.000000
1782451572.961499,292,0.000697,inf,STAND_TEST,0.000000,-0.011546,0.098554,-0.501472,0.000000,0.000000,0.000000,1.000000,1.000000
1782451572.981567,293,0.000675,inf,STAND_TEST,0.000000,-0.011527,0.098532,-0.501485,0.000000,0.000000,0.000000,1.000000,1.000000
1782451573.001443,294,0.000496,inf,STAND_TEST,0.000000,-0.011503,0.098495,-0.501435,0.000000,0.000000,0.000000,1.000000,1.000000
1782451573.021407,295,0.000406,inf,STAND_TEST,0.000000,-0.011484,0.098571,-0.501448,0.000000,0.000000,0.000000,1.000000,1.000000
1782451573.041700,296,0.000645,inf,STAND_TEST,0.000000,-0.011487,0.098559,-0.501486,0.000000,0.000000,0.000000,1.000000,1.000000
1782451573.061812,297,0.000704,inf,STAND_TEST,0.000000,-0.011482,0.098508,-0.501458,0.000000,0.000000,0.000000,1.000000,1.000000
1782451573.081777,298,0.000615,inf,STAND_TEST,0.000000,-0.011496,0.098516,-0.501457,0.000000,0.000000,0.000000,1.000000,1.000000
1782451573.101722,299,0.000486,inf,STAND_TEST,0.000000,-0.011475,0.098458,-0.501427,0.000000,0.000000,0.000000,1.000000,1.000000
1782451573.121800,300,0.000421,inf,STAND_TEST,0.000000,-0.011463,0.098468,-0.501428,0.000000,0.000000,0.000000,1.000000,1.000000
1782451573.141912,301,0.000419,inf,STAND_TEST,0.000000,-0.011464,0.098449,-0.501407,0.000000,0.000000,0.000000,1.000000,1.000000
1782451573.162275,302,0.000724,inf,STAND_TEST,0.000000,-0.011472,0.098480,-0.501399,0.000000,0.000000,0.000000,1.000000,1.000000
1782451573.182555,303,0.000948,inf,STAND_TEST,0.000000,-0.011467,0.098457,-0.501401,0.000000,0.000000,0.000000,1.000000,1.000000
1782451573.202522,304,0.000859,inf,STAND_TEST,0.000000,-0.011456,0.098443,-0.501376,0.000000,0.000000,0.000000,1.000000,1.000000
1782451573.222396,305,0.000677,inf,STAND_TEST,0.000000,-0.011469,0.098412,-0.501350,0.000000,0.000000,0.000000,1.000000,1.000000
1782451573.242476,306,0.000700,inf,STAND_TEST,0.000000,-0.011438,0.098372,-0.501315,0.000000,0.000000,0.000000,1.000000,1.000000
1782451573.262355,307,0.000489,inf,STAND_TEST,0.000000,-0.011436,0.098315,-0.501289,0.000000,0.000000,0.000000,1.000000,1.000000
1782451573.282624,308,0.000702,inf,STAND_TEST,0.000000,-0.011434,0.098310,-0.501218,0.000000,0.000000,0.000000,1.000000,1.000000
1782451573.302440,309,0.000464,inf,STAND_TEST,0.000000,-0.011431,0.098285,-0.501226,0.000000,0.000000,0.000000,1.000000,1.000000
1782451573.322492,310,0.000460,inf,STAND_TEST,0.000000,-0.011435,0.098244,-0.501242,0.000000,0.000000,0.000000,1.000000,1.000000
1782451573.342977,311,0.000848,inf,STAND_TEST,0.000000,-0.011417,0.098237,-0.501251,0.000000,0.000000,0.000000,1.000000,1.000000
1782451573.362869,312,0.000686,inf,STAND_TEST,0.000000,-0.011414,0.098223,-0.501265,0.000000,0.000000,0.000000,1.000000,1.000000
1782451573.383006,313,0.000768,inf,STAND_TEST,0.000000,-0.011396,0.098228,-0.501266,0.000000,0.000000,0.000000,1.000000,1.000000
1782451573.402970,314,0.000467,inf,STAND_TEST,0.000000,-0.011407,0.098198,-0.501287,0.000000,0.000000,0.000000,1.000000,1.000000
1782451573.423034,315,0.000473,inf,STAND_TEST,0.000000,-0.011400,0.098198,-0.501289,0.000000,0.000000,0.000000,1.000000,1.000000
1782451573.443100,316,0.000483,inf,STAND_TEST,0.000000,-0.011396,0.098207,-0.501305,0.000000,0.000000,0.000000,1.000000,1.000000
1782451573.463118,317,0.000446,inf,STAND_TEST,0.000000,-0.011388,0.098152,-0.501274,0.000000,0.000000,0.000000,1.000000,1.000000
1782451573.483171,318,0.000443,inf,STAND_TEST,0.000000,-0.011390,0.098109,-0.501274,0.000000,0.000000,0.000000,1.000000,1.000000
1782451573.503280,319,0.000495,inf,STAND_TEST,0.000000,-0.011395,0.098089,-0.501317,0.000000,0.000000,0.000000,1.000000,1.000000
1782451573.523503,320,0.000663,inf,STAND_TEST,0.000000,-0.011392,0.098051,-0.501371,0.000000,0.000000,0.000000,1.000000,1.000000
1782451573.543458,321,0.000472,inf,STAND_TEST,0.000000,-0.011384,0.098035,-0.501348,0.000000,0.000000,0.000000,1.000000,1.000000
1782451573.563540,322,0.000501,inf,STAND_TEST,0.000000,-0.011388,0.098024,-0.501350,0.000000,0.000000,0.000000,1.000000,1.000000
1782451573.583575,323,0.000479,inf,STAND_TEST,0.000000,-0.011403,0.097979,-0.501335,0.000000,0.000000,0.000000,1.000000,1.000000
1782451573.603600,324,0.000450,inf,STAND_TEST,0.000000,-0.011425,0.097963,-0.501378,0.000000,0.000000,0.000000,1.000000,1.000000
1782451573.623646,325,0.000442,inf,STAND_TEST,0.000000,-0.011431,0.097987,-0.501366,0.000000,0.000000,0.000000,1.000000,1.000000
1782451573.643943,326,0.000684,inf,STAND_TEST,0.000000,-0.011450,0.097941,-0.501353,0.000000,0.000000,0.000000,1.000000,1.000000
1782451573.664020,327,0.000706,inf,STAND_TEST,0.000000,-0.011431,0.097913,-0.501317,0.000000,0.000000,0.000000,1.000000,1.000000
1782451573.684115,328,0.000743,inf,STAND_TEST,0.000000,-0.011424,0.097864,-0.501331,0.000000,0.000000,0.000000,1.000000,1.000000
1782451573.704103,329,0.000463,inf,STAND_TEST,0.000000,-0.011435,0.097787,-0.501336,0.000000,0.000000,0.000000,1.000000,1.000000
1782451573.724306,330,0.000519,inf,STAND_TEST,0.000000,-0.011449,0.097760,-0.501341,0.000000,0.000000,0.000000,1.000000,1.000000
1782451573.744269,331,0.000428,inf,STAND_TEST,0.000000,-0.011452,0.097716,-0.501297,0.000000,0.000000,0.000000,1.000000,1.000000
1782451573.764354,332,0.000458,inf,STAND_TEST,0.000000,-0.011453,0.097703,-0.501315,0.000000,0.000000,0.000000,1.000000,1.000000
1782451573.784665,333,0.000711,inf,STAND_TEST,0.000000,-0.011438,0.097686,-0.501299,0.000000,0.000000,0.000000,1.000000,1.000000
1782451573.804688,334,0.000678,inf,STAND_TEST,0.000000,-0.011450,0.097660,-0.501320,0.000000,0.000000,0.000000,1.000000,1.000000
1782451573.824737,335,0.000672,inf,STAND_TEST,0.000000,-0.011456,0.097669,-0.501277,0.000000,0.000000,0.000000,1.000000,1.000000
1782451573.844621,336,0.000491,inf,STAND_TEST,0.000000,-0.011436,0.097675,-0.501257,0.000000,0.000000,0.000000,1.000000,1.000000
1782451573.864805,337,0.000485,inf,STAND_TEST,0.000000,-0.011460,0.097662,-0.501262,0.000000,0.000000,0.000000,1.000000,1.000000
1782451573.884846,338,0.000424,inf,STAND_TEST,0.000000,-0.011477,0.097628,-0.501259,0.000000,0.000000,0.000000,1.000000,1.000000
1782451573.904984,339,0.000462,inf,STAND_TEST,0.000000,-0.011446,0.097603,-0.501248,0.000000,0.000000,0.000000,1.000000,1.000000
1782451573.925302,340,0.000678,inf,STAND_TEST,0.000000,-0.011452,0.097568,-0.501218,0.000000,0.000000,0.000000,1.000000,1.000000
1782451573.945390,341,0.000425,inf,STAND_TEST,0.000000,-0.011453,0.097567,-0.501192,0.000000,0.000000,0.000000,1.000000,1.000000
1782451573.965526,342,0.000457,inf,STAND_TEST,0.000000,-0.011434,0.097559,-0.501159,0.000000,0.000000,0.000000,1.000000,1.000000
1782451573.985595,343,0.000425,inf,STAND_TEST,0.000000,-0.011444,0.097540,-0.501138,0.000000,0.000000,0.000000,1.000000,1.000000
1782451574.005705,344,0.000425,inf,STAND_TEST,0.000000,-0.011438,0.097536,-0.501115,0.000000,0.000000,0.000000,1.000000,1.000000
1782451574.026194,345,0.000815,inf,STAND_TEST,0.000000,-0.011447,0.097544,-0.501141,0.000000,0.000000,0.000000,1.000000,1.000000
1782451574.046085,346,0.000423,inf,STAND_TEST,0.000000,-0.011447,0.097550,-0.501143,0.000000,0.000000,0.000000,1.000000,1.000000
1782451574.066147,347,0.000427,inf,STAND_TEST,0.000000,-0.011434,0.097509,-0.501101,0.000000,0.000000,0.000000,1.000000,1.000000
1782451574.086211,348,0.000436,inf,STAND_TEST,0.000000,-0.011430,0.097466,-0.501073,0.000000,0.000000,0.000000,1.000000,1.000000
1782451574.106327,349,0.000438,inf,STAND_TEST,0.000000,-0.011425,0.097457,-0.501020,0.000000,0.000000,0.000000,1.000000,1.000000
1782451574.126686,350,0.000690,inf,STAND_TEST,0.000000,-0.011403,0.097445,-0.500964,0.000000,0.000000,0.000000,1.000000,1.000000
1782451574.146747,351,0.000695,inf,STAND_TEST,0.000000,-0.011428,0.097481,-0.501036,0.000000,0.000000,0.000000,1.000000,1.000000
1782451574.166958,352,0.000512,inf,STAND_TEST,0.000000,-0.011429,0.097482,-0.501028,0.000000,0.000000,0.000000,1.000000,1.000000
1782451574.187063,353,0.000562,inf,STAND_TEST,0.000000,-0.011445,0.097434,-0.501019,0.000000,0.000000,0.000000,1.000000,1.000000
1782451574.207352,354,0.000843,inf,STAND_TEST,0.000000,-0.011454,0.097437,-0.501001,0.000000,0.000000,0.000000,1.000000,1.000000
1782451574.227014,355,0.000450,inf,STAND_TEST,0.000000,-0.011435,0.097409,-0.500997,0.000000,0.000000,0.000000,1.000000,1.000000
1782451574.247614,356,0.000993,inf,STAND_TEST,0.000000,-0.011445,0.097413,-0.500988,0.000000,0.000000,0.000000,1.000000,1.000000
1782451574.267268,357,0.000593,inf,STAND_TEST,0.000000,-0.011434,0.097424,-0.500978,0.000000,0.000000,0.000000,1.000000,1.000000
1782451574.287339,358,0.000428,inf,STAND_TEST,0.000000,-0.011428,0.097430,-0.500958,0.000000,0.000000,0.000000,1.000000,1.000000
1782451574.307428,359,0.000461,inf,STAND_TEST,0.000000,-0.011428,0.097395,-0.500926,0.000000,0.000000,0.000000,1.000000,1.000000
1782451574.327426,360,0.000407,inf,STAND_TEST,0.000000,-0.011458,0.097401,-0.500962,0.000000,0.000000,0.000000,1.000000,1.000000
1782451574.347523,361,0.000450,inf,STAND_TEST,0.000000,-0.011501,0.097371,-0.501006,0.000000,0.000000,0.000000,1.000000,1.000000
1782451574.367660,362,0.000530,inf,STAND_TEST,0.000000,-0.011502,0.097404,-0.501056,0.000000,0.000000,0.000000,1.000000,1.000000
1782451574.387917,363,0.000731,inf,STAND_TEST,0.000000,-0.011487,0.097355,-0.501045,0.000000,0.000000,0.000000,1.000000,1.000000
1782451574.407942,364,0.000702,inf,STAND_TEST,0.000000,-0.011499,0.097342,-0.501050,0.000000,0.000000,0.000000,1.000000,1.000000
1782451574.428016,365,0.000720,inf,STAND_TEST,0.000000,-0.011515,0.097350,-0.501066,0.000000,0.000000,0.000000,1.000000,1.000000
1782451574.447985,366,0.000482,inf,STAND_TEST,0.000000,-0.011532,0.097357,-0.501083,0.000000,0.000000,0.000000,1.000000,1.000000
1782451574.468069,367,0.000460,inf,STAND_TEST,0.000000,-0.011500,0.097347,-0.501023,0.000000,0.000000,0.000000,1.000000,1.000000
1782451574.488086,368,0.000423,inf,STAND_TEST,0.000000,-0.011487,0.097322,-0.500997,0.000000,0.000000,0.000000,1.000000,1.000000
1782451574.508211,369,0.000493,inf,STAND_TEST,0.000000,-0.011470,0.097353,-0.501009,0.000000,0.000000,0.000000,1.000000,1.000000
1782451574.528228,370,0.000454,inf,STAND_TEST,0.000000,-0.011482,0.097358,-0.501048,0.000000,0.000000,0.000000,1.000000,1.000000
1782451574.548505,371,0.000676,inf,STAND_TEST,0.000000,-0.011482,0.097324,-0.501036,0.000000,0.000000,0.000000,1.000000,1.000000
1782451574.568485,372,0.000485,inf,STAND_TEST,0.000000,-0.011501,0.097259,-0.501046,0.000000,0.000000,0.000000,1.000000,1.000000
1782451574.588543,373,0.000415,inf,STAND_TEST,0.000000,-0.011513,0.097269,-0.501059,0.000000,0.000000,0.000000,1.000000,1.000000
1782451574.608683,374,0.000424,inf,STAND_TEST,0.000000,-0.011516,0.097248,-0.501068,0.000000,0.000000,0.000000,1.000000,1.000000
1782451574.628747,375,0.000434,inf,STAND_TEST,0.000000,-0.011525,0.097265,-0.501048,0.000000,0.000000,0.000000,1.000000,1.000000
1782451574.648810,376,0.000444,inf,STAND_TEST,0.000000,-0.011533,0.097225,-0.501045,0.000000,0.000000,0.000000,1.000000,1.000000
1782451574.669082,377,0.000662,inf,STAND_TEST,0.000000,-0.011541,0.097236,-0.501078,0.000000,0.000000,0.000000,1.000000,1.000000
1782451574.689173,378,0.000697,inf,STAND_TEST,0.000000,-0.011527,0.097258,-0.501069,0.000000,0.000000,0.000000,1.000000,1.000000
1782451574.709193,379,0.000663,inf,STAND_TEST,0.000000,-0.011532,0.097250,-0.501027,0.000000,0.000000,0.000000,1.000000,1.000000
1782451574.729167,380,0.000408,inf,STAND_TEST,0.000000,-0.011536,0.097189,-0.501034,0.000000,0.000000,0.000000,1.000000,1.000000
1782451574.749217,381,0.000405,inf,STAND_TEST,0.000000,-0.011558,0.097175,-0.501027,0.000000,0.000000,0.000000,1.000000,1.000000
1782451574.769302,382,0.000436,inf,STAND_TEST,0.000000,-0.011582,0.097119,-0.501010,0.000000,0.000000,0.000000,1.000000,1.000000
1782451574.789315,383,0.000396,inf,STAND_TEST,0.000000,-0.011583,0.097108,-0.501001,0.000000,0.000000,0.000000,1.000000,1.000000
1782451574.809380,384,0.000407,inf,STAND_TEST,0.000000,-0.011587,0.097114,-0.500980,0.000000,0.000000,0.000000,1.000000,1.000000
1782451574.829648,385,0.000621,inf,STAND_TEST,0.000000,-0.011583,0.097121,-0.500957,0.000000,0.000000,0.000000,1.000000,1.000000
1782451574.849741,386,0.000661,inf,STAND_TEST,0.000000,-0.011591,0.097136,-0.500946,0.000000,0.000000,0.000000,1.000000,1.000000
1782451574.869785,387,0.000651,inf,STAND_TEST,0.000000,-0.011582,0.097125,-0.500931,0.000000,0.000000,0.000000,1.000000,1.000000
1782451574.889691,388,0.000438,inf,STAND_TEST,0.000000,-0.011561,0.097107,-0.500910,0.000000,0.000000,0.000000,1.000000,1.000000
1782451574.909729,389,0.000422,inf,STAND_TEST,0.000000,-0.011571,0.097097,-0.500911,0.000000,0.000000,0.000000,1.000000,1.000000
1782451574.929774,390,0.000412,inf,STAND_TEST,0.000000,-0.011609,0.097083,-0.500925,0.000000,0.000000,0.000000,1.000000,1.000000
1782451574.949839,391,0.000424,inf,STAND_TEST,0.000000,-0.011658,0.097033,-0.500958,0.000000,0.000000,0.000000,1.000000,1.000000
1782451574.969857,392,0.000403,inf,STAND_TEST,0.000000,-0.011666,0.097035,-0.500950,0.000000,0.000000,0.000000,1.000000,1.000000
1782451574.989947,393,0.000438,inf,STAND_TEST,0.000000,-0.011642,0.097071,-0.500943,0.000000,0.000000,0.000000,1.000000,1.000000
1782451575.010189,394,0.000626,inf,STAND_TEST,0.000000,-0.011632,0.097116,-0.500938,0.000000,0.000000,0.000000,1.000000,1.000000
1782451575.030231,395,0.000613,inf,STAND_TEST,0.000000,-0.011627,0.097127,-0.500950,0.000000,0.000000,0.000000,1.000000,1.000000
1782451575.050347,396,0.000457,inf,STAND_TEST,0.000000,-0.011623,0.097149,-0.500903,0.000000,0.000000,0.000000,1.000000,1.000000
1782451575.070378,397,0.000434,inf,STAND_TEST,0.000000,-0.011638,0.097153,-0.500926,0.000000,0.000000,0.000000,1.000000,1.000000
1782451575.090382,398,0.000386,inf,STAND_TEST,0.000000,-0.011656,0.097149,-0.500949,0.000000,0.000000,0.000000,1.000000,1.000000
1782451575.110479,399,0.000428,inf,STAND_TEST,0.000000,-0.011672,0.097146,-0.500957,0.000000,0.000000,0.000000,1.000000,1.000000
1782451575.130501,400,0.000398,inf,STAND_TEST,0.000000,-0.011647,0.097124,-0.500891,0.000000,0.000000,0.000000,1.000000,1.000000
1782451575.150839,401,0.000681,inf,STAND_TEST,0.000000,-0.011635,0.097174,-0.500930,0.000000,0.000000,0.000000,1.000000,1.000000
1782451575.170856,402,0.000449,inf,STAND_TEST,0.000000,-0.011637,0.097206,-0.500970,0.000000,0.000000,0.000000,1.000000,1.000000
1782451575.190900,403,0.000438,inf,STAND_TEST,0.000000,-0.011658,0.097218,-0.501001,0.000000,0.000000,0.000000,1.000000,1.000000
1782451575.210932,404,0.000416,inf,STAND_TEST,0.000000,-0.011650,0.097175,-0.501014,0.000000,0.000000,0.000000,1.000000,1.000000
1782451575.230989,405,0.000419,inf,STAND_TEST,0.000000,-0.011638,0.097215,-0.501021,0.000000,0.000000,0.000000,1.000000,1.000000
1782451575.251068,406,0.000443,inf,STAND_TEST,0.000000,-0.011640,0.097225,-0.501071,0.000000,0.000000,0.000000,1.000000,1.000000
1782451575.271079,407,0.000400,inf,STAND_TEST,0.000000,-0.011616,0.097243,-0.501032,0.000000,0.000000,0.000000,1.000000,1.000000
1782451575.291379,408,0.000645,inf,STAND_TEST,0.000000,-0.011600,0.097214,-0.501026,0.000000,0.000000,0.000000,1.000000,1.000000
1782451575.311416,409,0.000629,inf,STAND_TEST,0.000000,-0.011584,0.097221,-0.501000,0.000000,0.000000,0.000000,1.000000,1.000000
1782451575.331431,410,0.000419,inf,STAND_TEST,0.000000,-0.011583,0.097242,-0.500961,0.000000,0.000000,0.000000,1.000000,1.000000
1782451575.351585,411,0.000518,inf,STAND_TEST,0.000000,-0.011582,0.097237,-0.500948,0.000000,0.000000,0.000000,1.000000,1.000000
1782451575.371565,412,0.000444,inf,STAND_TEST,0.000000,-0.011564,0.097242,-0.500940,0.000000,0.000000,0.000000,1.000000,1.000000
1782451575.391669,413,0.000493,inf,STAND_TEST,0.000000,-0.011565,0.097299,-0.500975,0.000000,0.000000,0.000000,1.000000,1.000000
1782451575.411634,414,0.000404,inf,STAND_TEST,0.000000,-0.011546,0.097303,-0.500964,0.000000,0.000000,0.000000,1.000000,1.000000
1782451575.432024,415,0.000739,inf,STAND_TEST,0.000000,-0.011554,0.097304,-0.500933,0.000000,0.000000,0.000000,1.000000,1.000000
1782451575.451979,416,0.000641,inf,STAND_TEST,0.000000,-0.011548,0.097284,-0.500913,0.000000,0.000000,0.000000,1.000000,1.000000
1782451575.472169,417,0.000775,inf,STAND_TEST,0.000000,-0.011566,0.097279,-0.500919,0.000000,0.000000,0.000000,1.000000,1.000000
1782451575.492090,418,0.000453,inf,STAND_TEST,0.000000,-0.011574,0.097318,-0.500972,0.000000,0.000000,0.000000,1.000000,1.000000
1782451575.512110,419,0.000419,inf,STAND_TEST,0.000000,-0.011577,0.097354,-0.500979,0.000000,0.000000,0.000000,1.000000,1.000000
1782451575.532142,420,0.000398,inf,STAND_TEST,0.000000,-0.011578,0.097346,-0.500983,0.000000,0.000000,0.000000,1.000000,1.000000
1782451575.552248,421,0.000451,inf,STAND_TEST,0.000000,-0.011567,0.097340,-0.500946,0.000000,0.000000,0.000000,1.000000,1.000000
1782451575.572295,422,0.000444,inf,STAND_TEST,0.000000,-0.011580,0.097326,-0.500984,0.000000,0.000000,0.000000,1.000000,1.000000
1782451575.592562,423,0.000656,inf,STAND_TEST,0.000000,-0.011606,0.097360,-0.501052,0.000000,0.000000,0.000000,1.000000,1.000000
1782451575.612723,424,0.000764,inf,STAND_TEST,0.000000,-0.011631,0.097372,-0.501042,0.000000,0.000000,0.000000,1.000000,1.000000
1782451575.632440,425,0.000417,inf,STAND_TEST,0.000000,-0.011617,0.097418,-0.501068,0.000000,0.000000,0.000000,1.000000,1.000000
1782451575.652502,426,0.000424,inf,STAND_TEST,0.000000,-0.011612,0.097440,-0.501071,0.000000,0.000000,0.000000,1.000000,1.000000
1782451575.672626,427,0.000494,inf,STAND_TEST,0.000000,-0.011609,0.097506,-0.501083,0.000000,0.000000,0.000000,1.000000,1.000000
1782451575.692749,428,0.000548,inf,STAND_TEST,0.000000,-0.011620,0.097529,-0.501110,0.000000,0.000000,0.000000,1.000000,1.000000
1782451575.712753,429,0.000497,inf,STAND_TEST,0.000000,-0.011611,0.097561,-0.501107,0.000000,0.000000,0.000000,1.000000,1.000000
1782451575.733011,430,0.000701,inf,STAND_TEST,0.000000,-0.011621,0.097576,-0.501115,0.000000,0.000000,0.000000,1.000000,1.000000
1782451575.752803,431,0.000439,inf,STAND_TEST,0.000000,-0.011587,0.097586,-0.501079,0.000000,0.000000,0.000000,1.000000,1.000000
1782451575.773133,432,0.000713,inf,STAND_TEST,0.000000,-0.011588,0.097542,-0.501075,0.000000,0.000000,0.000000,1.000000,1.000000
1782451575.793105,433,0.000630,inf,STAND_TEST,0.000000,-0.011574,0.097600,-0.501098,0.000000,0.000000,0.000000,1.000000,1.000000
1782451575.813184,434,0.000535,inf,STAND_TEST,0.000000,-0.011573,0.097615,-0.501081,0.000000,0.000000,0.000000,1.000000,1.000000
1782451575.833169,435,0.000464,inf,STAND_TEST,0.000000,-0.011590,0.097635,-0.501097,0.000000,0.000000,0.000000,1.000000,1.000000
1782451575.853226,436,0.000466,inf,STAND_TEST,0.000000,-0.011610,0.097678,-0.501138,0.000000,0.000000,0.000000,1.000000,1.000000
1782451575.873249,437,0.000433,inf,STAND_TEST,0.000000,-0.011611,0.097694,-0.501162,0.000000,0.000000,0.000000,1.000000,1.000000
1782451575.893337,438,0.000467,inf,STAND_TEST,0.000000,-0.011604,0.097719,-0.501168,0.000000,0.000000,0.000000,1.000000,1.000000
1782451575.913364,439,0.000438,inf,STAND_TEST,0.000000,-0.011604,0.097770,-0.501172,0.000000,0.000000,0.000000,1.000000,1.000000
1782451575.933648,440,0.000667,inf,STAND_TEST,0.000000,-0.011611,0.097795,-0.501186,0.000000,0.000000,0.000000,1.000000,1.000000
1782451575.953670,441,0.000636,inf,STAND_TEST,0.000000,-0.011603,0.097834,-0.501156,0.000000,0.000000,0.000000,1.000000,1.000000
1782451575.973534,442,0.000404,inf,STAND_TEST,0.000000,-0.011585,0.097844,-0.501128,0.000000,0.000000,0.000000,1.000000,1.000000
1782451575.993760,443,0.000425,inf,STAND_TEST,0.000000,-0.011612,0.097780,-0.501137,0.000000,0.000000,0.000000,1.000000,1.000000
1782451576.013805,444,0.000417,inf,STAND_TEST,0.000000,-0.011603,0.097808,-0.501136,0.000000,0.000000,0.000000,1.000000,1.000000
1782451576.033849,445,0.000407,inf,STAND_TEST,0.000000,-0.011617,0.097847,-0.501120,0.000000,0.000000,0.000000,1.000000,1.000000
1782451576.053916,446,0.000462,inf,STAND_TEST,0.000000,-0.011591,0.097841,-0.501069,0.000000,0.000000,0.000000,1.000000,1.000000
1782451576.074135,447,0.000627,inf,STAND_TEST,0.000000,-0.011583,0.097843,-0.501074,0.000000,0.000000,0.000000,1.000000,1.000000
1782451576.094171,448,0.000610,inf,STAND_TEST,0.000000,-0.011566,0.097834,-0.501084,0.000000,0.000000,0.000000,1.000000,1.000000
1782451576.114150,449,0.000405,inf,STAND_TEST,0.000000,-0.011590,0.097825,-0.501094,0.000000,0.000000,0.000000,1.000000,1.000000
1782451576.134235,450,0.000424,inf,STAND_TEST,0.000000,-0.011604,0.097877,-0.501157,0.000000,0.000000,0.000000,1.000000,1.000000
1782451576.154272,451,0.000407,inf,STAND_TEST,0.000000,-0.011580,0.097914,-0.501115,0.000000,0.000000,0.000000,1.000000,1.000000
1782451576.174362,452,0.000444,inf,STAND_TEST,0.000000,-0.011559,0.097973,-0.501140,0.000000,0.000000,0.000000,1.000000,1.000000
1782451576.194558,453,0.000582,inf,STAND_TEST,0.000000,-0.011568,0.097958,-0.501117,0.000000,0.000000,0.000000,1.000000,1.000000
1782451576.214900,454,0.000869,inf,STAND_TEST,0.000000,-0.011554,0.097979,-0.501141,0.000000,0.000000,0.000000,1.000000,1.000000
1782451576.234771,455,0.000686,inf,STAND_TEST,0.000000,-0.011567,0.098020,-0.501169,0.000000,0.000000,0.000000,1.000000,1.000000
1782451576.254810,456,0.000672,inf,STAND_TEST,0.000000,-0.011570,0.098052,-0.501190,0.000000,0.000000,0.000000,1.000000,1.000000
1782451576.274815,457,0.000621,inf,STAND_TEST,0.000000,-0.011571,0.098060,-0.501177,0.000000,0.000000,0.000000,1.000000,1.000000
1782451576.294842,458,0.000431,inf,STAND_TEST,0.000000,-0.011560,0.098117,-0.501198,0.000000,0.000000,0.000000,1.000000,1.000000
1782451576.314899,459,0.000435,inf,STAND_TEST,0.000000,-0.011547,0.098123,-0.501162,0.000000,0.000000,0.000000,1.000000,1.000000
1782451576.334942,460,0.000422,inf,STAND_TEST,0.000000,-0.011542,0.098165,-0.501171,0.000000,0.000000,0.000000,1.000000,1.000000
1782451576.355002,461,0.000430,inf,STAND_TEST,0.000000,-0.011529,0.098182,-0.501156,0.000000,0.000000,0.000000,1.000000,1.000000
1782451576.375276,462,0.000649,inf,STAND_TEST,0.000000,-0.011532,0.098159,-0.501145,0.000000,0.000000,0.000000,1.000000,1.000000
1782451576.395368,463,0.000687,inf,STAND_TEST,0.000000,-0.011533,0.098156,-0.501165,0.000000,0.000000,0.000000,1.000000,1.000000
1782451576.415340,464,0.000605,inf,STAND_TEST,0.000000,-0.011531,0.098171,-0.501195,0.000000,0.000000,0.000000,1.000000,1.000000
1782451576.435329,465,0.000422,inf,STAND_TEST,0.000000,-0.011526,0.098156,-0.501183,0.000000,0.000000,0.000000,1.000000,1.000000
1782451576.455386,466,0.000425,inf,STAND_TEST,0.000000,-0.011514,0.098194,-0.501154,0.000000,0.000000,0.000000,1.000000,1.000000
1782451576.475418,467,0.000405,inf,STAND_TEST,0.000000,-0.011503,0.098246,-0.501164,0.000000,0.000000,0.000000,1.000000,1.000000
1782451576.495513,468,0.000445,inf,STAND_TEST,0.000000,-0.011499,0.098294,-0.501155,0.000000,0.000000,0.000000,1.000000,1.000000
1782451576.515769,469,0.000647,inf,STAND_TEST,0.000000,-0.011504,0.098307,-0.501166,0.000000,0.000000,0.000000,1.000000,1.000000
1782451576.535992,470,0.000815,inf,STAND_TEST,0.000000,-0.011495,0.098356,-0.501147,0.000000,0.000000,0.000000,1.000000,1.000000
1782451576.555841,471,0.000609,inf,STAND_TEST,0.000000,-0.011488,0.098386,-0.501110,0.000000,0.000000,0.000000,1.000000,1.000000
1782451576.575962,472,0.000674,inf,STAND_TEST,0.000000,-0.011488,0.098441,-0.501152,0.000000,0.000000,0.000000,1.000000,1.000000
1782451576.595927,473,0.000397,inf,STAND_TEST,0.000000,-0.011492,0.098456,-0.501149,0.000000,0.000000,0.000000,1.000000,1.000000
1782451576.616036,474,0.000449,inf,STAND_TEST,0.000000,-0.011486,0.098430,-0.501117,0.000000,0.000000,0.000000,1.000000,1.000000
1782451576.636097,475,0.000456,inf,STAND_TEST,0.000000,-0.011477,0.098475,-0.501094,0.000000,0.000000,0.000000,1.000000,1.000000
1782451576.656139,476,0.000441,inf,STAND_TEST,0.000000,-0.011470,0.098482,-0.501093,0.000000,0.000000,0.000000,1.000000,1.000000
1782451576.676194,477,0.000442,inf,STAND_TEST,0.000000,-0.011466,0.098502,-0.501084,0.000000,0.000000,0.000000,1.000000,1.000000
1782451576.696587,478,0.000779,inf,STAND_TEST,0.000000,-0.011463,0.098530,-0.501094,0.000000,0.000000,0.000000,1.000000,1.000000
1782451576.716535,479,0.000672,inf,STAND_TEST,0.000000,-0.011431,0.098550,-0.501074,0.000000,0.000000,0.000000,1.000000,1.000000
1782451576.736642,480,0.000724,inf,STAND_TEST,0.000000,-0.011404,0.098555,-0.501043,0.000000,0.000000,0.000000,1.000000,1.000000
1782451576.756448,481,0.000421,inf,STAND_TEST,0.000000,-0.011424,0.098590,-0.501049,0.000000,0.000000,0.000000,1.000000,1.000000
1782451576.776590,482,0.000473,inf,STAND_TEST,0.000000,-0.011402,0.098670,-0.501091,0.000000,0.000000,0.000000,1.000000,1.000000
1782451576.796639,483,0.000467,inf,STAND_TEST,0.000000,-0.011399,0.098636,-0.501099,0.000000,0.000000,0.000000,1.000000,1.000000
1782451576.816669,484,0.000444,inf,STAND_TEST,0.000000,-0.011385,0.098727,-0.501095,0.000000,0.000000,0.000000,1.000000,1.000000
1782451576.836717,485,0.000437,inf,STAND_TEST,0.000000,-0.011393,0.098695,-0.501077,0.000000,0.000000,0.000000,1.000000,1.000000
1782451576.856776,486,0.000443,inf,STAND_TEST,0.000000,-0.011383,0.098699,-0.501060,0.000000,0.000000,0.000000,1.000000,1.000000
1782451576.877033,487,0.000645,inf,STAND_TEST,0.000000,-0.011363,0.098735,-0.501062,0.000000,0.000000,0.000000,1.000000,1.000000
1782451576.897093,488,0.000651,inf,STAND_TEST,0.000000,-0.011360,0.098741,-0.501074,0.000000,0.000000,0.000000,1.000000,1.000000
1782451576.917120,489,0.000409,inf,STAND_TEST,0.000000,-0.011327,0.098749,-0.501038,0.000000,0.000000,0.000000,1.000000,1.000000
1782451576.937197,490,0.000432,inf,STAND_TEST,0.000000,-0.011319,0.098786,-0.501056,0.000000,0.000000,0.000000,1.000000,1.000000
1782451576.957290,491,0.000469,inf,STAND_TEST,0.000000,-0.011295,0.098791,-0.501016,0.000000,0.000000,0.000000,1.000000,1.000000
1782451576.977310,492,0.000436,inf,STAND_TEST,0.000000,-0.011278,0.098823,-0.500972,0.000000,0.000000,0.000000,1.000000,1.000000
1782451576.997335,493,0.000408,inf,STAND_TEST,0.000000,-0.011270,0.098776,-0.500979,0.000000,0.000000,0.000000,1.000000,1.000000
1782451577.017612,494,0.000631,inf,STAND_TEST,0.000000,-0.011254,0.098773,-0.500971,0.000000,0.000000,0.000000,1.000000,1.000000
1782451577.037792,495,0.000757,inf,STAND_TEST,0.000000,-0.011245,0.098789,-0.500976,0.000000,0.000000,0.000000,1.000000,1.000000
1782451577.057571,496,0.000483,inf,STAND_TEST,0.000000,-0.011244,0.098824,-0.500980,0.000000,0.000000,0.000000,1.000000,1.000000
1782451577.077688,497,0.000455,inf,STAND_TEST,0.000000,-0.011229,0.098825,-0.500970,0.000000,0.000000,0.000000,1.000000,1.000000
1782451577.097705,498,0.000419,inf,STAND_TEST,0.000000,-0.011230,0.098791,-0.500987,0.000000,0.000000,0.000000,1.000000,1.000000
1782451577.117736,499,0.000397,inf,STAND_TEST,0.000000,-0.011222,0.098827,-0.500971,0.000000,0.000000,0.000000,1.000000,1.000000
1782451577.137798,500,0.000406,inf,STAND_TEST,0.000000,-0.011233,0.098800,-0.500948,0.000000,0.000000,0.000000,1.000000,1.000000
1782451577.158134,501,0.000687,inf,STAND_TEST,0.000000,-0.011238,0.098833,-0.500952,0.000000,0.000000,0.000000,1.000000,1.000000
1782451577.178074,502,0.000621,inf,STAND_TEST,0.000000,-0.011214,0.098852,-0.500936,0.000000,0.000000,0.000000,1.000000,1.000000
1782451577.198125,503,0.000618,inf,STAND_TEST,0.000000,-0.011194,0.098821,-0.500913,0.000000,0.000000,0.000000,1.000000,1.000000
1782451577.218214,504,0.000449,inf,STAND_TEST,0.000000,-0.011202,0.098874,-0.500920,0.000000,0.000000,0.000000,1.000000,1.000000
1782451577.238307,505,0.000489,inf,STAND_TEST,0.000000,-0.011198,0.098894,-0.500934,0.000000,0.000000,0.000000,1.000000,1.000000
1782451577.258264,506,0.000393,inf,STAND_TEST,0.000000,-0.011197,0.098960,-0.500919,0.000000,0.000000,0.000000,1.000000,1.000000
1782451577.278361,507,0.000436,inf,STAND_TEST,0.000000,-0.011193,0.098993,-0.500949,0.000000,0.000000,0.000000,1.000000,1.000000
1782451577.298861,508,0.000882,inf,STAND_TEST,0.000000,-0.011187,0.099021,-0.500935,0.000000,0.000000,0.000000,1.000000,1.000000
1782451577.318649,509,0.000616,inf,STAND_TEST,0.000000,-0.011221,0.099036,-0.500962,0.000000,0.000000,0.000000,1.000000,1.000000
1782451577.338748,510,0.000662,inf,STAND_TEST,0.000000,-0.011227,0.099049,-0.500959,0.000000,0.000000,0.000000,1.000000,1.000000
1782451577.358611,511,0.000471,inf,STAND_TEST,0.000000,-0.011201,0.099077,-0.500946,0.000000,0.000000,0.000000,1.000000,1.000000
1782451577.378745,512,0.000439,inf,STAND_TEST,0.000000,-0.011204,0.099093,-0.500929,0.000000,0.000000,0.000000,1.000000,1.000000
1782451577.398970,513,0.000488,inf,STAND_TEST,0.000000,-0.011216,0.099110,-0.500958,0.000000,0.000000,0.000000,1.000000,1.000000
1782451577.418936,514,0.000399,inf,STAND_TEST,0.000000,-0.011207,0.099153,-0.500967,0.000000,0.000000,0.000000,1.000000,1.000000
1782451577.439065,515,0.000473,inf,STAND_TEST,0.000000,-0.011217,0.099119,-0.500939,0.000000,0.000000,0.000000,1.000000,1.000000
1782451577.459433,516,0.000786,inf,STAND_TEST,0.000000,-0.011203,0.099112,-0.500916,0.000000,0.000000,0.000000,1.000000,1.000000
1782451577.479481,517,0.000782,inf,STAND_TEST,0.000000,-0.011205,0.099106,-0.500899,0.000000,0.000000,0.000000,1.000000,1.000000
1782451577.499387,518,0.000460,inf,STAND_TEST,0.000000,-0.011186,0.099098,-0.500891,0.000000,0.000000,0.000000,1.000000,1.000000
1782451577.519389,519,0.000408,inf,STAND_TEST,0.000000,-0.011187,0.099104,-0.500881,0.000000,0.000000,0.000000,1.000000,1.000000
1782451577.539494,520,0.000458,inf,STAND_TEST,0.000000,-0.011185,0.099152,-0.500890,0.000000,0.000000,0.000000,1.000000,1.000000
1782451577.559537,521,0.000446,inf,STAND_TEST,0.000000,-0.011208,0.099189,-0.500879,0.000000,0.000000,0.000000,1.000000,1.000000
1782451577.579612,522,0.000467,inf,STAND_TEST,0.000000,-0.011183,0.099194,-0.500843,0.000000,0.000000,0.000000,1.000000,1.000000
1782451577.599855,523,0.000656,inf,STAND_TEST,0.000000,-0.011179,0.099133,-0.500815,0.000000,0.000000,0.000000,1.000000,1.000000
1782451577.619889,524,0.000636,inf,STAND_TEST,0.000000,-0.011147,0.099108,-0.500769,0.000000,0.000000,0.000000,1.000000,1.000000
1782451577.639987,525,0.000679,inf,STAND_TEST,0.000000,-0.011107,0.099109,-0.500761,0.000000,0.000000,0.000000,1.000000,1.000000
1782451577.659875,526,0.000487,inf,STAND_TEST,0.000000,-0.011138,0.099080,-0.500770,0.000000,0.000000,0.000000,1.000000,1.000000
1782451577.679860,527,0.000418,inf,STAND_TEST,0.000000,-0.011109,0.099130,-0.500776,0.000000,0.000000,0.000000,1.000000,1.000000
1782451577.700000,528,0.000485,inf,STAND_TEST,0.000000,-0.011065,0.099154,-0.500752,0.000000,0.000000,0.000000,1.000000,1.000000
1782451577.720074,529,0.000503,inf,STAND_TEST,0.000000,-0.011059,0.099145,-0.500799,0.000000,0.000000,0.000000,1.000000,1.000000
1782451577.740072,530,0.000445,inf,STAND_TEST,0.000000,-0.011050,0.099122,-0.500813,0.000000,0.000000,0.000000,1.000000,1.000000
1782451577.760388,531,0.000729,inf,STAND_TEST,0.000000,-0.011053,0.099125,-0.500833,0.000000,0.000000,0.000000,1.000000,1.000000
1782451577.780393,532,0.000679,inf,STAND_TEST,0.000000,-0.011048,0.099151,-0.500824,0.000000,0.000000,0.000000,1.000000,1.000000
1782451577.800570,533,0.000800,inf,STAND_TEST,0.000000,-0.011046,0.099208,-0.500841,0.000000,0.000000,0.000000,1.000000,1.000000
1782451577.820433,534,0.000610,inf,STAND_TEST,0.000000,-0.011052,0.099215,-0.500874,0.000000,0.000000,0.000000,1.000000,1.000000
1782451577.840680,535,0.000480,inf,STAND_TEST,0.000000,-0.011052,0.099195,-0.500827,0.000000,0.000000,0.000000,1.000000,1.000000
1782451577.860669,536,0.000416,inf,STAND_TEST,0.000000,-0.011067,0.099223,-0.500841,0.000000,0.000000,0.000000,1.000000,1.000000
1782451577.880959,537,0.000651,inf,STAND_TEST,0.000000,-0.011055,0.099239,-0.500833,0.000000,0.000000,0.000000,1.000000,1.000000
1782451577.901042,538,0.000679,inf,STAND_TEST,0.000000,-0.011048,0.099241,-0.500870,0.000000,0.000000,0.000000,1.000000,1.000000
1782451577.921057,539,0.000641,inf,STAND_TEST,0.000000,-0.011030,0.099232,-0.500886,0.000000,0.000000,0.000000,1.000000,1.000000
1782451577.940932,540,0.000410,inf,STAND_TEST,0.000000,-0.011020,0.099254,-0.500899,0.000000,0.000000,0.000000,1.000000,1.000000
1782451577.961270,541,0.000445,inf,STAND_TEST,0.000000,-0.011016,0.099278,-0.500917,0.000000,0.000000,0.000000,1.000000,1.000000
1782451577.981711,542,0.000831,inf,STAND_TEST,0.000000,-0.011001,0.099294,-0.500922,0.000000,0.000000,0.000000,1.000000,1.000000
1782451578.001354,543,0.000420,inf,STAND_TEST,0.000000,-0.011039,0.099308,-0.500966,0.000000,0.000000,0.000000,1.000000,1.000000
1782451578.021746,544,0.000759,inf,STAND_TEST,0.000000,-0.011040,0.099273,-0.500996,0.000000,0.000000,0.000000,1.000000,1.000000
1782451578.041726,545,0.000685,inf,STAND_TEST,0.000000,-0.011043,0.099295,-0.501022,0.000000,0.000000,0.000000,1.000000,1.000000
1782451578.061706,546,0.000427,inf,STAND_TEST,0.000000,-0.011018,0.099285,-0.500966,0.000000,0.000000,0.000000,1.000000,1.000000
1782451578.081759,547,0.000427,inf,STAND_TEST,0.000000,-0.011023,0.099269,-0.500951,0.000000,0.000000,0.000000,1.000000,1.000000
1782451578.101814,548,0.000427,inf,STAND_TEST,0.000000,-0.011011,0.099242,-0.500929,0.000000,0.000000,0.000000,1.000000,1.000000
1782451578.121876,549,0.000436,inf,STAND_TEST,0.000000,-0.010990,0.099224,-0.500926,0.000000,0.000000,0.000000,1.000000,1.000000
1782451578.141867,550,0.000414,inf,STAND_TEST,0.000000,-0.010980,0.099250,-0.500948,0.000000,0.000000,0.000000,1.000000,1.000000
1782451578.162211,551,0.000703,inf,STAND_TEST,0.000000,-0.010946,0.099245,-0.500867,0.000000,0.000000,0.000000,1.000000,1.000000
1782451578.182408,552,0.000845,inf,STAND_TEST,0.000000,-0.010914,0.099275,-0.500847,0.000000,0.000000,0.000000,1.000000,1.000000
1782451578.202439,553,0.000822,inf,STAND_TEST,0.000000,-0.010893,0.099279,-0.500821,0.000000,0.000000,0.000000,1.000000,1.000000
1782451578.222433,554,0.000759,inf,STAND_TEST,0.000000,-0.010885,0.099280,-0.500787,0.000000,0.000000,0.000000,1.000000,1.000000
1782451578.242402,555,0.000515,inf,STAND_TEST,0.000000,-0.010877,0.099230,-0.500815,0.000000,0.000000,0.000000,1.000000,1.000000
1782451578.262473,556,0.000530,inf,STAND_TEST,0.000000,-0.010876,0.099194,-0.500815,0.000000,0.000000,0.000000,1.000000,1.000000
1782451578.282452,557,0.000453,inf,STAND_TEST,0.000000,-0.010884,0.099164,-0.500806,0.000000,0.000000,0.000000,1.000000,1.000000
1782451578.302746,558,0.000692,inf,STAND_TEST,0.000000,-0.010897,0.099169,-0.500867,0.000000,0.000000,0.000000,1.000000,1.000000
1782451578.322748,559,0.000641,inf,STAND_TEST,0.000000,-0.010905,0.099197,-0.500897,0.000000,0.000000,0.000000,1.000000,1.000000
1782451578.342789,560,0.000628,inf,STAND_TEST,0.000000,-0.010894,0.099201,-0.500880,0.000000,0.000000,0.000000,1.000000,1.000000
1782451578.362891,561,0.000466,inf,STAND_TEST,0.000000,-0.010908,0.099197,-0.500934,0.000000,0.000000,0.000000,1.000000,1.000000
1782451578.382931,562,0.000452,inf,STAND_TEST,0.000000,-0.010912,0.099170,-0.500977,0.000000,0.000000,0.000000,1.000000,1.000000
1782451578.403005,563,0.000472,inf,STAND_TEST,0.000000,-0.010922,0.099133,-0.500969,0.000000,0.000000,0.000000,1.000000,1.000000
1782451578.423032,564,0.000444,inf,STAND_TEST,0.000000,-0.010910,0.099088,-0.500976,0.000000,0.000000,0.000000,1.000000,1.000000
1782451578.443097,565,0.000453,inf,STAND_TEST,0.000000,-0.010907,0.099112,-0.500962,0.000000,0.000000,0.000000,1.000000,1.000000
1782451578.463325,566,0.000627,inf,STAND_TEST,0.000000,-0.010887,0.099099,-0.500958,0.000000,0.000000,0.000000,1.000000,1.000000
1782451578.483403,567,0.000695,inf,STAND_TEST,0.000000,-0.010890,0.099082,-0.500950,0.000000,0.000000,0.000000,1.000000,1.000000
1782451578.503544,568,0.000782,inf,STAND_TEST,0.000000,-0.010874,0.099063,-0.500930,0.000000,0.000000,0.000000,1.000000,1.000000
1782451578.523463,569,0.000648,inf,STAND_TEST,0.000000,-0.010873,0.099040,-0.500904,0.000000,0.000000,0.000000,1.000000,1.000000
1782451578.543870,570,0.000662,inf,STAND_TEST,0.000000,-0.010869,0.099112,-0.500887,0.000000,0.000000,0.000000,1.000000,1.000000
1782451578.563894,571,0.000624,inf,STAND_TEST,0.000000,-0.010849,0.099085,-0.500902,0.000000,0.000000,0.000000,1.000000,1.000000
1782451578.583971,572,0.000639,inf,STAND_TEST,0.000000,-0.010819,0.099087,-0.500906,0.000000,0.000000,0.000000,1.000000,1.000000
1782451578.604140,573,0.000699,inf,STAND_TEST,0.000000,-0.010806,0.099080,-0.500900,0.000000,0.000000,0.000000,1.000000,1.000000
1782451578.623982,574,0.000433,inf,STAND_TEST,0.000000,-0.010788,0.099048,-0.500905,0.000000,0.000000,0.000000,1.000000,1.000000
1782451578.644271,575,0.000528,inf,STAND_TEST,0.000000,-0.010789,0.099059,-0.500948,0.000000,0.000000,0.000000,1.000000,1.000000
1782451578.664278,576,0.000479,inf,STAND_TEST,0.000000,-0.010801,0.099053,-0.500965,0.000000,0.000000,0.000000,1.000000,1.000000
1782451578.684279,577,0.000426,inf,STAND_TEST,0.000000,-0.010804,0.099054,-0.500970,0.000000,0.000000,0.000000,1.000000,1.000000
1782451578.704402,578,0.000495,inf,STAND_TEST,0.000000,-0.010799,0.099013,-0.500930,0.000000,0.000000,0.000000,1.000000,1.000000
1782451578.724641,579,0.000678,inf,STAND_TEST,0.000000,-0.010765,0.098992,-0.500916,0.000000,0.000000,0.000000,1.000000,1.000000
1782451578.744806,580,0.000790,inf,STAND_TEST,0.000000,-0.010762,0.098964,-0.500903,0.000000,0.000000,0.000000,1.000000,1.000000
1782451578.764566,581,0.000492,inf,STAND_TEST,0.000000,-0.010768,0.098974,-0.500930,0.000000,0.000000,0.000000,1.000000,1.000000
1782451578.784685,582,0.000402,inf,STAND_TEST,0.000000,-0.010777,0.098963,-0.500973,0.000000,0.000000,0.000000,1.000000,1.000000
1782451578.804814,583,0.000478,inf,STAND_TEST,0.000000,-0.010786,0.098999,-0.500976,0.000000,0.000000,0.000000,1.000000,1.000000
1782451578.824827,584,0.000436,inf,STAND_TEST,0.000000,-0.010811,0.098967,-0.500977,0.000000,0.000000,0.000000,1.000000,1.000000
1782451578.844918,585,0.000472,inf,STAND_TEST,0.000000,-0.010823,0.098958,-0.500986,0.000000,0.000000,0.000000,1.000000,1.000000
1782451578.864937,586,0.000437,inf,STAND_TEST,0.000000,-0.010852,0.098926,-0.500984,0.000000,0.000000,0.000000,1.000000,1.000000
1782451578.885333,587,0.000779,inf,STAND_TEST,0.000000,-0.010872,0.098921,-0.500997,0.000000,0.000000,0.000000,1.000000,1.000000
1782451578.905295,588,0.000686,inf,STAND_TEST,0.000000,-0.010910,0.098898,-0.500995,0.000000,0.000000,0.000000,1.000000,1.000000
1782451578.925322,589,0.000660,inf,STAND_TEST,0.000000,-0.010907,0.098890,-0.501016,0.000000,0.000000,0.000000,1.000000,1.000000
1782451578.945321,590,0.000403,inf,STAND_TEST,0.000000,-0.010911,0.098911,-0.501015,0.000000,0.000000,0.000000,1.000000,1.000000
1782451578.965464,591,0.000489,inf,STAND_TEST,0.000000,-0.010916,0.098891,-0.501018,0.000000,0.000000,0.000000,1.000000,1.000000
1782451578.986112,592,0.001079,inf,STAND_TEST,0.000000,-0.010911,0.098869,-0.500989,0.000000,0.000000,0.000000,1.000000,1.000000
1782451579.005572,593,0.000485,inf,STAND_TEST,0.000000,-0.010938,0.098884,-0.500963,0.000000,0.000000,0.000000,1.000000,1.000000
1782451579.025583,594,0.000441,inf,STAND_TEST,0.000000,-0.010928,0.098838,-0.501024,0.000000,0.000000,0.000000,1.000000,1.000000
1782451579.045906,595,0.000710,inf,STAND_TEST,0.000000,-0.010951,0.098806,-0.501039,0.000000,0.000000,0.000000,1.000000,1.000000
1782451579.065892,596,0.000641,inf,STAND_TEST,0.000000,-0.010943,0.098779,-0.501038,0.000000,0.000000,0.000000,1.000000,1.000000
1782451579.085806,597,0.000425,inf,STAND_TEST,0.000000,-0.010925,0.098735,-0.501000,0.000000,0.000000,0.000000,1.000000,1.000000
1782451579.105911,598,0.000476,inf,STAND_TEST,0.000000,-0.010949,0.098750,-0.501024,0.000000,0.000000,0.000000,1.000000,1.000000
1782451579.125840,599,0.000386,inf,STAND_TEST,0.000000,-0.010965,0.098705,-0.501031,0.000000,0.000000,0.000000,1.000000,1.000000
1782451579.145948,600,0.000441,inf,STAND_TEST,0.000000,-0.010958,0.098699,-0.501011,0.000000,0.000000,0.000000,1.000000,1.000000
1782451579.166050,601,0.000487,inf,STAND_TEST,0.000000,-0.010939,0.098687,-0.500969,0.000000,0.000000,0.000000,1.000000,1.000000
1782451579.186062,602,0.000444,inf,STAND_TEST,0.000000,-0.010951,0.098714,-0.500969,0.000000,0.000000,0.000000,1.000000,1.000000
1782451579.206341,603,0.000668,inf,STAND_TEST,0.000000,-0.010930,0.098744,-0.500951,0.000000,0.000000,0.000000,1.000000,1.000000
1782451579.226412,604,0.000685,inf,STAND_TEST,0.000000,-0.010902,0.098750,-0.500923,0.000000,0.000000,0.000000,1.000000,1.000000
1782451579.246486,605,0.000703,inf,STAND_TEST,0.000000,-0.010909,0.098783,-0.500903,0.000000,0.000000,0.000000,1.000000,1.000000
1782451579.266426,606,0.000503,inf,STAND_TEST,0.000000,-0.010901,0.098743,-0.500884,0.000000,0.000000,0.000000,1.000000,1.000000
1782451579.286358,607,0.000380,inf,STAND_TEST,0.000000,-0.010901,0.098736,-0.500881,0.000000,0.000000,0.000000,1.000000,1.000000
1782451579.306590,608,0.000489,inf,STAND_TEST,0.000000,-0.010904,0.098726,-0.500886,0.000000,0.000000,0.000000,1.000000,1.000000
1782451579.326896,609,0.000687,inf,STAND_TEST,0.000000,-0.010904,0.098741,-0.500879,0.000000,0.000000,0.000000,1.000000,1.000000
1782451579.346993,610,0.000727,inf,STAND_TEST,0.000000,-0.010916,0.098729,-0.500831,0.000000,0.000000,0.000000,1.000000,1.000000
1782451579.367146,611,0.000758,inf,STAND_TEST,0.000000,-0.010913,0.098693,-0.500802,0.000000,0.000000,0.000000,1.000000,1.000000
1782451579.387167,612,0.000448,inf,STAND_TEST,0.000000,-0.010920,0.098673,-0.500800,0.000000,0.000000,0.000000,1.000000,1.000000
1782451579.407264,613,0.000438,inf,STAND_TEST,0.000000,-0.010922,0.098662,-0.500775,0.000000,0.000000,0.000000,1.000000,1.000000
1782451579.427613,614,0.000681,inf,STAND_TEST,0.000000,-0.010921,0.098690,-0.500761,0.000000,0.000000,0.000000,1.000000,1.000000
1782451579.447717,615,0.000678,inf,STAND_TEST,0.000000,-0.010897,0.098673,-0.500714,0.000000,0.000000,0.000000,1.000000,1.000000
1782451579.467841,616,0.000696,inf,STAND_TEST,0.000000,-0.010918,0.098634,-0.500686,0.000000,0.000000,0.000000,1.000000,1.000000
1782451579.487823,617,0.000486,inf,STAND_TEST,0.000000,-0.010885,0.098649,-0.500696,0.000000,0.000000,0.000000,1.000000,1.000000
1782451579.507918,618,0.000479,inf,STAND_TEST,0.000000,-0.010898,0.098692,-0.500712,0.000000,0.000000,0.000000,1.000000,1.000000
1782451579.527998,619,0.000431,inf,STAND_TEST,0.000000,-0.010897,0.098680,-0.500737,0.000000,0.000000,0.000000,1.000000,1.000000
1782451579.548108,620,0.000440,inf,STAND_TEST,0.000000,-0.010939,0.098658,-0.500711,0.000000,0.000000,0.000000,1.000000,1.000000
1782451579.568509,621,0.000737,inf,STAND_TEST,0.000000,-0.010937,0.098638,-0.500720,0.000000,0.000000,0.000000,1.000000,1.000000
1782451579.588328,622,0.000420,inf,STAND_TEST,0.000000,-0.010953,0.098624,-0.500738,0.000000,0.000000,0.000000,1.000000,1.000000
1782451579.608383,623,0.000424,inf,STAND_TEST,0.000000,-0.010940,0.098606,-0.500733,0.000000,0.000000,0.000000,1.000000,1.000000
1782451579.628531,624,0.000517,inf,STAND_TEST,0.000000,-0.010963,0.098583,-0.500793,0.000000,0.000000,0.000000,1.000000,1.000000
1782451579.648546,625,0.000478,inf,STAND_TEST,0.000000,-0.010961,0.098558,-0.500741,0.000000,0.000000,0.000000,1.000000,1.000000
1782451579.668565,626,0.000443,inf,STAND_TEST,0.000000,-0.010966,0.098577,-0.500770,0.000000,0.000000,0.000000,1.000000,1.000000
1782451579.688964,627,0.000775,inf,STAND_TEST,0.000000,-0.010990,0.098598,-0.500797,0.000000,0.000000,0.000000,1.000000,1.000000
1782451579.709121,628,0.000874,inf,STAND_TEST,0.000000,-0.011000,0.098508,-0.500827,0.000000,0.000000,0.000000,1.000000,1.000000
1782451579.729211,629,0.000907,inf,STAND_TEST,0.000000,-0.010999,0.098502,-0.500796,0.000000,0.000000,0.000000,1.000000,1.000000
1782451579.749224,630,0.000542,inf,STAND_TEST,0.000000,-0.010981,0.098496,-0.500817,0.000000,0.000000,0.000000,1.000000,1.000000
1782451579.769202,631,0.000463,inf,STAND_TEST,0.000000,-0.011012,0.098523,-0.500847,0.000000,0.000000,0.000000,1.000000,1.000000
1782451579.789590,632,0.000797,inf,STAND_TEST,0.000000,-0.011014,0.098544,-0.500820,0.000000,0.000000,0.000000,1.000000,1.000000
1782451579.809257,633,0.000410,inf,STAND_TEST,0.000000,-0.011031,0.098519,-0.500789,0.000000,0.000000,0.000000,1.000000,1.000000
1782451579.829758,634,0.000807,inf,STAND_TEST,0.000000,-0.011025,0.098496,-0.500784,0.000000,0.000000,0.000000,1.000000,1.000000
1782451579.849789,635,0.000735,inf,STAND_TEST,0.000000,-0.011007,0.098481,-0.500798,0.000000,0.000000,0.000000,1.000000,1.000000
1782451579.869843,636,0.000426,inf,STAND_TEST,0.000000,-0.011005,0.098492,-0.500813,0.000000,0.000000,0.000000,1.000000,1.000000
1782451579.890039,637,0.000511,inf,STAND_TEST,0.000000,-0.011019,0.098494,-0.500834,0.000000,0.000000,0.000000,1.000000,1.000000
1782451579.910377,638,0.000728,inf,STAND_TEST,0.000000,-0.011028,0.098454,-0.500807,0.000000,0.000000,0.000000,1.000000,1.000000
1782451579.930438,639,0.000686,inf,STAND_TEST,0.000000,-0.011060,0.098458,-0.500771,0.000000,0.000000,0.000000,1.000000,1.000000
1782451579.950379,640,0.000428,inf,STAND_TEST,0.000000,-0.011045,0.098436,-0.500763,0.000000,0.000000,0.000000,1.000000,1.000000
1782451579.970485,641,0.000428,inf,STAND_TEST,0.000000,-0.011028,0.098474,-0.500738,0.000000,0.000000,0.000000,1.000000,1.000000
1782451579.990571,642,0.000416,inf,STAND_TEST,0.000000,-0.011028,0.098455,-0.500712,0.000000,0.000000,0.000000,1.000000,1.000000
1782451580.010697,643,0.000426,inf,STAND_TEST,0.000000,-0.011018,0.098476,-0.500690,0.000000,0.000000,0.000000,1.000000,1.000000
1782451580.031223,644,0.000851,inf,STAND_TEST,0.000000,-0.011006,0.098449,-0.500685,0.000000,0.000000,0.000000,1.000000,1.000000
1782451580.050994,645,0.000426,inf,STAND_TEST,0.000000,-0.011025,0.098455,-0.500718,0.000000,0.000000,0.000000,1.000000,1.000000
1782451580.071041,646,0.000416,inf,STAND_TEST,0.000000,-0.011011,0.098469,-0.500709,0.000000,0.000000,0.000000,1.000000,1.000000
1782451580.091178,647,0.000448,inf,STAND_TEST,0.000000,-0.011025,0.098469,-0.500699,0.000000,0.000000,0.000000,1.000000,1.000000
1782451580.111279,648,0.000422,inf,STAND_TEST,0.000000,-0.011044,0.098460,-0.500682,0.000000,0.000000,0.000000,1.000000,1.000000
1782451580.131632,649,0.000669,inf,STAND_TEST,0.000000,-0.011035,0.098472,-0.500656,0.000000,0.000000,0.000000,1.000000,1.000000
1782451580.151745,650,0.000677,inf,STAND_TEST,0.000000,-0.011028,0.098468,-0.500630,0.000000,0.000000,0.000000,1.000000,1.000000
1782451580.171743,651,0.000420,inf,STAND_TEST,0.000000,-0.011032,0.098473,-0.500657,0.000000,0.000000,0.000000,1.000000,1.000000
1782451580.191856,652,0.000426,inf,STAND_TEST,0.000000,-0.011034,0.098498,-0.500675,0.000000,0.000000,0.000000,1.000000,1.000000
1782451580.211968,653,0.000418,inf,STAND_TEST,0.000000,-0.011052,0.098493,-0.500701,0.000000,0.000000,0.000000,1.000000,1.000000
1782451580.232195,654,0.000588,inf,STAND_TEST,0.000000,-0.011031,0.098533,-0.500699,0.000000,0.000000,0.000000,1.000000,1.000000
1782451580.252415,655,0.000751,inf,STAND_TEST,0.000000,-0.011012,0.098525,-0.500683,0.000000,0.000000,0.000000,1.000000,1.000000
1782451580.272312,656,0.000421,inf,STAND_TEST,0.000000,-0.011012,0.098520,-0.500677,0.000000,0.000000,0.000000,1.000000,1.000000
1782451580.292410,657,0.000419,inf,STAND_TEST,0.000000,-0.011033,0.098510,-0.500642,0.000000,0.000000,0.000000,1.000000,1.000000
1782451580.312525,658,0.000420,inf,STAND_TEST,0.000000,-0.011004,0.098565,-0.500594,0.000000,0.000000,0.000000,1.000000,1.000000
1782451580.332716,659,0.000556,inf,STAND_TEST,0.000000,-0.010996,0.098570,-0.500593,0.000000,0.000000,0.000000,1.000000,1.000000
1782451580.353005,660,0.000789,inf,STAND_TEST,0.000000,-0.010994,0.098618,-0.500585,0.000000,0.000000,0.000000,1.000000,1.000000
1782451580.373119,661,0.000845,inf,STAND_TEST,0.000000,-0.010997,0.098610,-0.500613,0.000000,0.000000,0.000000,1.000000,1.000000
1782451580.393033,662,0.000513,inf,STAND_TEST,0.000000,-0.011001,0.098592,-0.500651,0.000000,0.000000,0.000000,1.000000,1.000000
1782451580.413119,663,0.000460,inf,STAND_TEST,0.000000,-0.011023,0.098540,-0.500707,0.000000,0.000000,0.000000,1.000000,1.000000
1782451580.433184,664,0.000468,inf,STAND_TEST,0.000000,-0.011002,0.098505,-0.500721,0.000000,0.000000,0.000000,1.000000,1.000000
1782451580.453206,665,0.000435,inf,STAND_TEST,0.000000,-0.011044,0.098468,-0.500708,0.000000,0.000000,0.000000,1.000000,1.000000
1782451580.473480,666,0.000653,inf,STAND_TEST,0.000000,-0.011042,0.098470,-0.500742,0.000000,0.000000,0.000000,1.000000,1.000000
1782451580.493563,667,0.000680,inf,STAND_TEST,0.000000,-0.011048,0.098480,-0.500725,0.000000,0.000000,0.000000,1.000000,1.000000
1782451580.513742,668,0.000756,inf,STAND_TEST,0.000000,-0.011034,0.098453,-0.500665,0.000000,0.000000,0.000000,1.000000,1.000000
1782451580.533840,669,0.000798,inf,STAND_TEST,0.000000,-0.011045,0.098415,-0.500681,0.000000,0.000000,0.000000,1.000000,1.000000
1782451580.553696,670,0.000457,inf,STAND_TEST,0.000000,-0.011065,0.098406,-0.500690,0.000000,0.000000,0.000000,1.000000,1.000000
1782451580.573794,671,0.000451,inf,STAND_TEST,0.000000,-0.011063,0.098348,-0.500658,0.000000,0.000000,0.000000,1.000000,1.000000
1782451580.593871,672,0.000430,inf,STAND_TEST,0.000000,-0.011078,0.098310,-0.500643,0.000000,0.000000,0.000000,1.000000,1.000000
1782451580.614219,673,0.000673,inf,STAND_TEST,0.000000,-0.011082,0.098290,-0.500645,0.000000,0.000000,0.000000,1.000000,1.000000
1782451580.634330,674,0.000726,inf,STAND_TEST,0.000000,-0.011101,0.098285,-0.500624,0.000000,0.000000,0.000000,1.000000,1.000000
1782451580.654392,675,0.000682,inf,STAND_TEST,0.000000,-0.011107,0.098261,-0.500638,0.000000,0.000000,0.000000,1.000000,1.000000
1782451580.674280,676,0.000463,inf,STAND_TEST,0.000000,-0.011097,0.098245,-0.500668,0.000000,0.000000,0.000000,1.000000,1.000000
1782451580.694335,677,0.000461,inf,STAND_TEST,0.000000,-0.011089,0.098239,-0.500690,0.000000,0.000000,0.000000,1.000000,1.000000
1782451580.714363,678,0.000432,inf,STAND_TEST,0.000000,-0.011083,0.098240,-0.500626,0.000000,0.000000,0.000000,1.000000,1.000000
1782451580.734410,679,0.000421,inf,STAND_TEST,0.000000,-0.011081,0.098233,-0.500659,0.000000,0.000000,0.000000,1.000000,1.000000
1782451580.754536,680,0.000442,inf,STAND_TEST,0.000000,-0.011107,0.098227,-0.500736,0.000000,0.000000,0.000000,1.000000,1.000000
1782451580.774861,681,0.000710,inf,STAND_TEST,0.000000,-0.011104,0.098203,-0.500746,0.000000,0.000000,0.000000,1.000000,1.000000
1782451580.794910,682,0.000700,inf,STAND_TEST,0.000000,-0.011094,0.098200,-0.500765,0.000000,0.000000,0.000000,1.000000,1.000000
1782451580.814939,683,0.000433,inf,STAND_TEST,0.000000,-0.011096,0.098276,-0.500786,0.000000,0.000000,0.000000,1.000000,1.000000
1782451580.835074,684,0.000463,inf,STAND_TEST,0.000000,-0.011097,0.098274,-0.500805,0.000000,0.000000,0.000000,1.000000,1.000000
1782451580.855162,685,0.000452,inf,STAND_TEST,0.000000,-0.011116,0.098302,-0.500801,0.000000,0.000000,0.000000,1.000000,1.000000
1782451580.875250,686,0.000438,inf,STAND_TEST,0.000000,-0.011085,0.098293,-0.500780,0.000000,0.000000,0.000000,1.000000,1.000000
1782451580.895590,687,0.000428,inf,STAND_TEST,0.000000,-0.011097,0.098312,-0.500830,0.000000,0.000000,0.000000,1.000000,1.000000
1782451580.915821,688,0.000432,inf,STAND_TEST,0.000000,-0.011101,0.098277,-0.500842,0.000000,0.000000,0.000000,1.000000,1.000000
1782451580.935911,689,0.000422,inf,STAND_TEST,0.000000,-0.011127,0.098229,-0.500841,0.000000,0.000000,0.000000,1.000000,1.000000
1782451580.956263,690,0.000671,inf,STAND_TEST,0.000000,-0.011116,0.098227,-0.500856,0.000000,0.000000,0.000000,1.000000,1.000000
1782451580.976419,691,0.000774,inf,STAND_TEST,0.000000,-0.011110,0.098273,-0.500876,0.000000,0.000000,0.000000,1.000000,1.000000
1782451580.996373,692,0.000673,inf,STAND_TEST,0.000000,-0.011098,0.098274,-0.500924,0.000000,0.000000,0.000000,1.000000,1.000000
1782451581.016449,693,0.000413,inf,STAND_TEST,0.000000,-0.011112,0.098219,-0.500946,0.000000,0.000000,0.000000,1.000000,1.000000
1782451581.036579,694,0.000442,inf,STAND_TEST,0.000000,-0.011083,0.098179,-0.500972,0.000000,0.000000,0.000000,1.000000,1.000000
1782451581.056661,695,0.000425,inf,STAND_TEST,0.000000,-0.011070,0.098194,-0.500997,0.000000,0.000000,0.000000,1.000000,1.000000
1782451581.077019,696,0.000676,inf,STAND_TEST,0.000000,-0.011038,0.098171,-0.500991,0.000000,0.000000,0.000000,1.000000,1.000000
1782451581.096983,697,0.000430,inf,STAND_TEST,0.000000,-0.011050,0.098177,-0.501011,0.000000,0.000000,0.000000,1.000000,1.000000
1782451581.117093,698,0.000416,inf,STAND_TEST,0.000000,-0.011033,0.098198,-0.501017,0.000000,0.000000,0.000000,1.000000,1.000000
1782451581.137210,699,0.000425,inf,STAND_TEST,0.000000,-0.011039,0.098169,-0.501032,0.000000,0.000000,0.000000,1.000000,1.000000
1782451581.157323,700,0.000438,inf,STAND_TEST,0.000000,-0.011062,0.098127,-0.501029,0.000000,0.000000,0.000000,1.000000,1.000000
1782451581.177635,701,0.000645,inf,STAND_TEST,0.000000,-0.011049,0.098108,-0.501033,0.000000,0.000000,0.000000,1.000000,1.000000
1782451581.197611,702,0.000454,inf,STAND_TEST,0.000000,-0.011080,0.098112,-0.501061,0.000000,0.000000,0.000000,1.000000,1.000000
1782451581.217724,703,0.000430,inf,STAND_TEST,0.000000,-0.011082,0.098082,-0.501088,0.000000,0.000000,0.000000,1.000000,1.000000
1782451581.237887,704,0.000476,inf,STAND_TEST,0.000000,-0.011093,0.098058,-0.501113,0.000000,0.000000,0.000000,1.000000,1.000000
1782451581.258001,705,0.000453,inf,STAND_TEST,0.000000,-0.011090,0.098047,-0.501129,0.000000,0.000000,0.000000,1.000000,1.000000
1782451581.278345,706,0.000684,inf,STAND_TEST,0.000000,-0.011098,0.097998,-0.501152,0.000000,0.000000,0.000000,1.000000,1.000000
1782451581.298408,707,0.000690,inf,STAND_TEST,0.000000,-0.011108,0.097987,-0.501182,0.000000,0.000000,0.000000,1.000000,1.000000
1782451581.318389,708,0.000427,inf,STAND_TEST,0.000000,-0.011114,0.097969,-0.501124,0.000000,0.000000,0.000000,1.000000,1.000000
1782451581.338441,709,0.000422,inf,STAND_TEST,0.000000,-0.011078,0.097986,-0.501165,0.000000,0.000000,0.000000,1.000000,1.000000
1782451581.358513,710,0.000438,inf,STAND_TEST,0.000000,-0.011086,0.097951,-0.501162,0.000000,0.000000,0.000000,1.000000,1.000000
1782451581.378596,711,0.000467,inf,STAND_TEST,0.000000,-0.011073,0.097972,-0.501154,0.000000,0.000000,0.000000,1.000000,1.000000
1782451581.398868,712,0.000683,inf,STAND_TEST,0.000000,-0.011073,0.098008,-0.501197,0.000000,0.000000,0.000000,1.000000,1.000000
1782451581.418898,713,0.000659,inf,STAND_TEST,0.000000,-0.011063,0.098000,-0.501197,0.000000,0.000000,0.000000,1.000000,1.000000
1782451581.438959,714,0.000666,inf,STAND_TEST,0.000000,-0.011062,0.097991,-0.501175,0.000000,0.000000,0.000000,1.000000,1.000000
1782451581.458965,715,0.000418,inf,STAND_TEST,0.000000,-0.011028,0.097998,-0.501167,0.000000,0.000000,0.000000,1.000000,1.000000
1782451581.479020,716,0.000419,inf,STAND_TEST,0.000000,-0.011032,0.097986,-0.501211,0.000000,0.000000,0.000000,1.000000,1.000000
1782451581.499135,717,0.000479,inf,STAND_TEST,0.000000,-0.011032,0.097965,-0.501234,0.000000,0.000000,0.000000,1.000000,1.000000
1782451581.519164,718,0.000454,inf,STAND_TEST,0.000000,-0.011019,0.097949,-0.501272,0.000000,0.000000,0.000000,1.000000,1.000000
1782451581.539233,719,0.000468,inf,STAND_TEST,0.000000,-0.011044,0.097924,-0.501316,0.000000,0.000000,0.000000,1.000000,1.000000
1782451581.559512,720,0.000692,inf,STAND_TEST,0.000000,-0.011021,0.097916,-0.501308,0.000000,0.000000,0.000000,1.000000,1.000000
1782451581.579597,721,0.000723,inf,STAND_TEST,0.000000,-0.011031,0.097891,-0.501283,0.000000,0.000000,0.000000,1.000000,1.000000
1782451581.599554,722,0.000488,inf,STAND_TEST,0.000000,-0.011027,0.097869,-0.501278,0.000000,0.000000,0.000000,1.000000,1.000000
1782451581.619599,723,0.000436,inf,STAND_TEST,0.000000,-0.011000,0.097870,-0.501276,0.000000,0.000000,0.000000,1.000000,1.000000
1782451581.639718,724,0.000451,inf,STAND_TEST,0.000000,-0.010996,0.097903,-0.501279,0.000000,0.000000,0.000000,1.000000,1.000000
1782451581.659815,725,0.000442,inf,STAND_TEST,0.000000,-0.010998,0.097916,-0.501259,0.000000,0.000000,0.000000,1.000000,1.000000
1782451581.680149,726,0.000670,inf,STAND_TEST,0.000000,-0.010997,0.097912,-0.501272,0.000000,0.000000,0.000000,1.000000,1.000000
1782451581.700310,727,0.000701,inf,STAND_TEST,0.000000,-0.010984,0.097891,-0.501291,0.000000,0.000000,0.000000,1.000000,1.000000
1782451581.720266,728,0.000464,inf,STAND_TEST,0.000000,-0.010954,0.097875,-0.501253,0.000000,0.000000,0.000000,1.000000,1.000000
1782451581.740293,729,0.000436,inf,STAND_TEST,0.000000,-0.010970,0.097902,-0.501254,0.000000,0.000000,0.000000,1.000000,1.000000
1782451581.760368,730,0.000452,inf,STAND_TEST,0.000000,-0.010994,0.097885,-0.501256,0.000000,0.000000,0.000000,1.000000,1.000000
1782451581.780422,731,0.000451,inf,STAND_TEST,0.000000,-0.010982,0.097905,-0.501259,0.000000,0.000000,0.000000,1.000000,1.000000
1782451581.800666,732,0.000638,inf,STAND_TEST,0.000000,-0.011001,0.097891,-0.501283,0.000000,0.000000,0.000000,1.000000,1.000000
1782451581.820721,733,0.000639,inf,STAND_TEST,0.000000,-0.011010,0.097907,-0.501288,0.000000,0.000000,0.000000,1.000000,1.000000
1782451581.840821,734,0.000684,inf,STAND_TEST,0.000000,-0.011026,0.097922,-0.501252,0.000000,0.000000,0.000000,1.000000,1.000000
1782451581.860835,735,0.000644,inf,STAND_TEST,0.000000,-0.011031,0.097948,-0.501262,0.000000,0.000000,0.000000,1.000000,1.000000
1782451581.880863,736,0.000437,inf,STAND_TEST,0.000000,-0.011021,0.097959,-0.501257,0.000000,0.000000,0.000000,1.000000,1.000000
1782451581.900945,737,0.000463,inf,STAND_TEST,0.000000,-0.011045,0.097944,-0.501270,0.000000,0.000000,0.000000,1.000000,1.000000
1782451581.921198,738,0.000662,inf,STAND_TEST,0.000000,-0.011027,0.097937,-0.501296,0.000000,0.000000,0.000000,1.000000,1.000000
1782451581.941038,739,0.000447,inf,STAND_TEST,0.000000,-0.011016,0.097964,-0.501315,0.000000,0.000000,0.000000,1.000000,1.000000
1782451581.961076,740,0.000429,inf,STAND_TEST,0.000000,-0.011014,0.097922,-0.501331,0.000000,0.000000,0.000000,1.000000,1.000000
1782451581.981397,741,0.000695,inf,STAND_TEST,0.000000,-0.011005,0.097971,-0.501307,0.000000,0.000000,0.000000,1.000000,1.000000
1782451582.001350,742,0.000442,inf,STAND_TEST,0.000000,-0.010987,0.097909,-0.501260,0.000000,0.000000,0.000000,1.000000,1.000000
1782451582.021374,743,0.000412,inf,STAND_TEST,0.000000,-0.011003,0.097887,-0.501262,0.000000,0.000000,0.000000,1.000000,1.000000
1782451582.041493,744,0.000475,inf,STAND_TEST,0.000000,-0.011013,0.097901,-0.501267,0.000000,0.000000,0.000000,1.000000,1.000000
1782451582.061499,745,0.000428,inf,STAND_TEST,0.000000,-0.011017,0.097933,-0.501303,0.000000,0.000000,0.000000,1.000000,1.000000
1782451582.081539,746,0.000412,inf,STAND_TEST,0.000000,-0.011002,0.097952,-0.501310,0.000000,0.000000,0.000000,1.000000,1.000000
1782451582.101899,747,0.000672,inf,STAND_TEST,0.000000,-0.011015,0.097969,-0.501312,0.000000,0.000000,0.000000,1.000000,1.000000
1782451582.122009,748,0.000680,inf,STAND_TEST,0.000000,-0.011028,0.097942,-0.501295,0.000000,0.000000,0.000000,1.000000,1.000000
1782451582.142105,749,0.000667,inf,STAND_TEST,0.000000,-0.011013,0.097949,-0.501314,0.000000,0.000000,0.000000,1.000000,1.000000
1782451582.162066,750,0.000466,inf,STAND_TEST,0.000000,-0.011003,0.097964,-0.501271,0.000000,0.000000,0.000000,1.000000,1.000000
1782451582.182211,751,0.000555,inf,STAND_TEST,0.000000,-0.010970,0.097960,-0.501237,0.000000,0.000000,0.000000,1.000000,1.000000
1782451582.202179,752,0.000419,inf,STAND_TEST,0.000000,-0.010966,0.097951,-0.501237,0.000000,0.000000,0.000000,1.000000,1.000000
1782451582.222244,753,0.000426,inf,STAND_TEST,0.000000,-0.010929,0.097995,-0.501229,0.000000,0.000000,0.000000,1.000000,1.000000
1782451582.242714,754,0.000834,inf,STAND_TEST,0.000000,-0.010937,0.097981,-0.501233,0.000000,0.000000,0.000000,1.000000,1.000000
1782451582.262817,755,0.000881,inf,STAND_TEST,0.000000,-0.010926,0.097942,-0.501192,0.000000,0.000000,0.000000,1.000000,1.000000
1782451582.282695,756,0.000482,inf,STAND_TEST,0.000000,-0.010901,0.097989,-0.501187,0.000000,0.000000,0.000000,1.000000,1.000000
1782451582.302767,757,0.000497,inf,STAND_TEST,0.000000,-0.010882,0.098017,-0.501164,0.000000,0.000000,0.000000,1.000000,1.000000
1782451582.322740,758,0.000416,inf,STAND_TEST,0.000000,-0.010848,0.098031,-0.501163,0.000000,0.000000,0.000000,1.000000,1.000000
1782451582.342849,759,0.000471,inf,STAND_TEST,0.000000,-0.010837,0.098028,-0.501186,0.000000,0.000000,0.000000,1.000000,1.000000
1782451582.362861,760,0.000427,inf,STAND_TEST,0.000000,-0.010834,0.098024,-0.501153,0.000000,0.000000,0.000000,1.000000,1.000000
1782451582.382921,761,0.000433,inf,STAND_TEST,0.000000,-0.010852,0.098049,-0.501204,0.000000,0.000000,0.000000,1.000000,1.000000
1782451582.403231,762,0.000688,inf,STAND_TEST,0.000000,-0.010828,0.098046,-0.501172,0.000000,0.000000,0.000000,1.000000,1.000000
1782451582.423285,763,0.000468,inf,STAND_TEST,0.000000,-0.010836,0.097988,-0.501167,0.000000,0.000000,0.000000,1.000000,1.000000
1782451582.443312,764,0.000441,inf,STAND_TEST,0.000000,-0.010848,0.097988,-0.501203,0.000000,0.000000,0.000000,1.000000,1.000000
1782451582.463340,765,0.000415,inf,STAND_TEST,0.000000,-0.010878,0.097994,-0.501246,0.000000,0.000000,0.000000,1.000000,1.000000
1782451582.483408,766,0.000429,inf,STAND_TEST,0.000000,-0.010882,0.098026,-0.501257,0.000000,0.000000,0.000000,1.000000,1.000000
1782451582.503475,767,0.000442,inf,STAND_TEST,0.000000,-0.010886,0.098029,-0.501266,0.000000,0.000000,0.000000,1.000000,1.000000
1782451582.523494,768,0.000407,inf,STAND_TEST,0.000000,-0.010891,0.098039,-0.501256,0.000000,0.000000,0.000000,1.000000,1.000000
1782451582.543843,769,0.000700,inf,STAND_TEST,0.000000,-0.010894,0.097990,-0.501256,0.000000,0.000000,0.000000,1.000000,1.000000
1782451582.563834,770,0.000637,inf,STAND_TEST,0.000000,-0.010885,0.098009,-0.501268,0.000000,0.000000,0.000000,1.000000,1.000000
1782451582.583890,771,0.000640,inf,STAND_TEST,0.000000,-0.010865,0.097999,-0.501275,0.000000,0.000000,0.000000,1.000000,1.000000
1782451582.603789,772,0.000421,inf,STAND_TEST,0.000000,-0.010880,0.097984,-0.501273,0.000000,0.000000,0.000000,1.000000,1.000000
1782451582.623932,773,0.000449,inf,STAND_TEST,0.000000,-0.010866,0.097983,-0.501219,0.000000,0.000000,0.000000,1.000000,1.000000
1782451582.643988,774,0.000452,inf,STAND_TEST,0.000000,-0.010876,0.097947,-0.501225,0.000000,0.000000,0.000000,1.000000,1.000000
1782451582.664090,775,0.000497,inf,STAND_TEST,0.000000,-0.010877,0.097944,-0.501226,0.000000,0.000000,0.000000,1.000000,1.000000
1782451582.684397,776,0.000750,inf,STAND_TEST,0.000000,-0.010884,0.097906,-0.501223,0.000000,0.000000,0.000000,1.000000,1.000000
1782451582.704556,777,0.000854,inf,STAND_TEST,0.000000,-0.010880,0.097918,-0.501243,0.000000,0.000000,0.000000,1.000000,1.000000
1782451582.724346,778,0.000458,inf,STAND_TEST,0.000000,-0.010899,0.097920,-0.501271,0.000000,0.000000,0.000000,1.000000,1.000000
1782451582.744582,779,0.000514,inf,STAND_TEST,0.000000,-0.010878,0.097904,-0.501227,0.000000,0.000000,0.000000,1.000000,1.000000
1782451582.764641,780,0.000471,inf,STAND_TEST,0.000000,-0.010883,0.097857,-0.501205,0.000000,0.000000,0.000000,1.000000,1.000000
1782451582.785121,781,0.000847,inf,STAND_TEST,0.000000,-0.010876,0.097769,-0.501180,0.000000,0.000000,0.000000,1.000000,1.000000
1782451582.805006,782,0.000426,inf,STAND_TEST,0.000000,-0.010845,0.097702,-0.501172,0.000000,0.000000,0.000000,1.000000,1.000000
1782451582.825178,783,0.000478,inf,STAND_TEST,0.000000,-0.010841,0.097524,-0.501154,0.000000,0.000000,0.000000,1.000000,1.000000
1782451582.845254,784,0.000447,inf,STAND_TEST,0.000000,-0.010833,0.097399,-0.501175,0.000000,0.000000,0.000000,1.000000,1.000000
1782451582.865343,785,0.000431,inf,STAND_TEST,0.000000,-0.010820,0.097235,-0.501221,0.000000,0.000000,0.000000,1.000000,1.000000
1782451582.885733,786,0.000765,inf,STAND_TEST,0.000000,-0.010797,0.097008,-0.501251,0.000000,0.000000,0.000000,1.000000,1.000000
1782451582.905674,787,0.000650,inf,STAND_TEST,0.000000,-0.010744,0.096695,-0.501276,0.000000,0.000000,0.000000,1.000000,1.000000
1782451582.925756,788,0.000677,inf,STAND_TEST,0.000000,-0.010684,0.096359,-0.501256,0.000000,0.000000,0.000000,1.000000,1.000000
1782451582.945786,789,0.000468,inf,STAND_TEST,0.000000,-0.010600,0.095945,-0.501205,0.000000,0.000000,0.000000,1.000000,1.000000
1782451582.965826,790,0.000453,inf,STAND_TEST,0.000000,-0.010534,0.095378,-0.501161,0.000000,0.000000,0.000000,1.000000,1.000000
1782451582.985854,791,0.000426,inf,STAND_TEST,0.000000,-0.010412,0.094663,-0.501118,0.000000,0.000000,0.000000,1.000000,1.000000
1782451583.005896,792,0.000442,inf,STAND_TEST,0.000000,-0.010310,0.093760,-0.501027,0.000000,0.000000,0.000000,1.000000,1.000000
1782451583.026303,793,0.000794,inf,STAND_TEST,0.000000,-0.010164,0.092757,-0.500930,0.000000,0.000000,0.000000,1.000000,1.000000
1782451583.045988,794,0.000425,inf,STAND_TEST,0.000000,-0.010036,0.091599,-0.500711,0.000000,0.000000,0.000000,1.000000,1.000000
1782451583.066268,795,0.000652,inf,STAND_TEST,0.000000,-0.009894,0.090425,-0.500711,0.000000,0.000000,0.000000,1.000000,1.000000
1782451583.086308,796,0.000637,inf,STAND_TEST,0.000000,-0.009786,0.089186,-0.500725,0.000000,0.000000,0.000000,1.000000,1.000000
1782451583.106365,797,0.000432,inf,STAND_TEST,0.000000,-0.009602,0.087738,-0.500619,0.000000,0.000000,0.000000,1.000000,1.000000
1782451583.126373,798,0.000384,inf,STAND_TEST,0.000000,-0.009378,0.086274,-0.500377,0.000000,0.000000,0.000000,1.000000,1.000000
1782451583.146511,799,0.000465,inf,STAND_TEST,0.000000,-0.009111,0.084673,-0.499748,0.000000,0.000000,0.000000,1.000000,1.000000
1782451583.166559,800,0.000455,inf,STAND_TEST,0.000000,-0.008801,0.082990,-0.499003,0.000000,0.000000,0.000000,1.000000,1.000000
1782451583.186911,801,0.000704,inf,STAND_TEST,0.000000,-0.008465,0.081253,-0.498415,0.000000,0.000000,0.000000,1.000000,1.000000
1782451583.207065,802,0.000802,inf,STAND_TEST,0.000000,-0.008044,0.079154,-0.497614,0.000000,0.000000,0.000000,1.000000,1.000000
1782451583.227135,803,0.000815,inf,STAND_TEST,0.000000,-0.007593,0.076970,-0.496502,0.000000,0.000000,0.000000,1.000000,1.000000
1782451583.246942,804,0.000445,inf,STAND_TEST,0.000000,-0.007225,0.074625,-0.495726,0.000000,0.000000,0.000000,1.000000,1.000000
1782451583.267050,805,0.000455,inf,STAND_TEST,0.000000,-0.006836,0.072236,-0.495131,0.000000,0.000000,0.000000,1.000000,1.000000
1782451583.287387,806,0.000686,inf,STAND_TEST,0.000000,-0.006335,0.069754,-0.494600,0.000000,0.000000,0.000000,1.000000,1.000000
1782451583.307261,807,0.000458,inf,STAND_TEST,0.000000,-0.005751,0.067125,-0.494236,0.000000,0.000000,0.000000,1.000000,1.000000
1782451583.327561,808,0.000475,inf,STAND_TEST,0.000000,-0.005168,0.064513,-0.494014,0.000000,0.000000,0.000000,1.000000,1.000000
1782451583.347708,809,0.000435,inf,STAND_TEST,0.000000,-0.004505,0.061939,-0.493845,0.000000,0.000000,0.000000,1.000000,1.000000
1782451583.367860,810,0.000476,inf,STAND_TEST,0.000000,-0.003707,0.059225,-0.493650,0.000000,0.000000,0.000000,1.000000,1.000000
1782451583.387913,811,0.000473,inf,STAND_TEST,0.000000,-0.002840,0.056359,-0.493420,0.000000,0.000000,0.000000,1.000000,1.000000
1782451583.408335,812,0.000841,inf,STAND_TEST,0.000000,-0.001953,0.053386,-0.493013,0.000000,0.000000,0.000000,1.000000,1.000000
1782451583.428354,813,0.000802,inf,STAND_TEST,0.000000,-0.001055,0.050330,-0.492604,0.000000,0.000000,0.000000,1.000000,1.000000
1782451583.448208,814,0.000418,inf,STAND_TEST,0.000000,-0.000050,0.047168,-0.492263,0.000000,0.000000,0.000000,1.000000,1.000000
1782451583.468350,815,0.000502,inf,STAND_TEST,0.000000,0.001049,0.043797,-0.491899,0.000000,0.000000,0.000000,1.000000,1.000000
1782451583.488436,816,0.000531,inf,STAND_TEST,0.000000,0.001960,0.040556,-0.491643,0.000000,0.000000,0.000000,1.000000,1.000000
1782451583.508522,817,0.000560,inf,STAND_TEST,0.000000,0.002940,0.037192,-0.491395,0.000000,0.000000,0.000000,1.000000,1.000000
1782451583.528486,818,0.000467,inf,STAND_TEST,0.000000,0.003877,0.033766,-0.491278,0.000000,0.000000,0.000000,1.000000,1.000000
1782451583.548934,819,0.000858,inf,STAND_TEST,0.000000,0.004859,0.030075,-0.491172,0.000000,0.000000,0.000000,1.000000,1.000000
1782451583.569109,820,0.000973,inf,STAND_TEST,0.000000,0.006001,0.026154,-0.491048,0.000000,0.000000,0.000000,1.000000,1.000000
1782451583.589098,821,0.000904,inf,STAND_TEST,0.000000,0.007170,0.022222,-0.490980,0.000000,0.000000,0.000000,1.000000,1.000000
1782451583.609128,822,0.000683,inf,STAND_TEST,0.000000,0.008199,0.018149,-0.490956,0.000000,0.000000,0.000000,1.000000,1.000000
1782451583.629212,823,0.000709,inf,STAND_TEST,0.000000,0.009208,0.013954,-0.491056,0.000000,0.000000,0.000000,1.000000,1.000000
1782451583.649389,824,0.000827,inf,STAND_TEST,0.000000,0.010322,0.009467,-0.491538,0.000000,0.000000,0.000000,1.000000,1.000000
1782451583.669535,825,0.000916,inf,STAND_TEST,0.000000,0.011320,0.005414,-0.491888,0.000000,0.000000,0.000000,1.000000,1.000000
1782451583.689364,826,0.000690,inf,STAND_TEST,0.000000,0.012357,0.001083,-0.492249,0.000000,0.000000,0.000000,1.000000,1.000000
1782451583.709526,827,0.000796,inf,STAND_TEST,0.000000,0.013395,-0.003100,-0.492630,0.000000,0.000000,0.000000,1.000000,1.000000
1782451583.729461,828,0.000674,inf,STAND_TEST,0.000000,0.014500,-0.007246,-0.492882,0.000000,0.000000,0.000000,1.000000,1.000000
1782451583.749546,829,0.000703,inf,STAND_TEST,0.000000,0.015620,-0.011339,-0.493031,0.000000,0.000000,0.000000,1.000000,1.000000
1782451583.769381,830,0.000482,inf,STAND_TEST,0.000000,0.016806,-0.015629,-0.493301,0.000000,0.000000,0.000000,1.000000,1.000000
1782451583.789448,831,0.000494,inf,STAND_TEST,0.000000,0.017905,-0.019578,-0.493659,0.000000,0.000000,0.000000,1.000000,1.000000
1782451583.809518,832,0.000507,inf,STAND_TEST,0.000000,0.018971,-0.023551,-0.493944,0.000000,0.000000,0.000000,1.000000,1.000000
1782451583.829516,833,0.000447,inf,STAND_TEST,0.000000,0.019938,-0.027611,-0.494145,0.000000,0.000000,0.000000,1.000000,1.000000
1782451583.849663,834,0.000537,inf,STAND_TEST,0.000000,0.020962,-0.031529,-0.494326,0.000000,0.000000,0.000000,1.000000,1.000000
1782451583.869859,835,0.000678,inf,STAND_TEST,0.000000,0.022016,-0.035439,-0.494513,0.000000,0.000000,0.000000,1.000000,1.000000
1782451583.890053,836,0.000816,inf,STAND_TEST,0.000000,0.023059,-0.039070,-0.494833,0.000000,0.000000,0.000000,1.000000,1.000000
1782451583.910308,837,0.000975,inf,STAND_TEST,0.000000,0.024193,-0.042993,-0.495326,0.000000,0.000000,0.000000,1.000000,1.000000
1782451583.930271,838,0.000682,inf,STAND_TEST,0.000000,0.025393,-0.046866,-0.495937,0.000000,0.000000,0.000000,1.000000,1.000000
1782451583.950335,839,0.000688,inf,STAND_TEST,0.000000,0.026457,-0.050315,-0.496375,0.000000,0.000000,0.000000,1.000000,1.000000
1782451583.970415,840,0.000708,inf,STAND_TEST,0.000000,0.027524,-0.053935,-0.496791,0.000000,0.000000,0.000000,1.000000,1.000000
1782451583.990717,841,0.000953,inf,STAND_TEST,0.000000,0.028567,-0.057578,-0.496946,0.000000,0.000000,0.000000,1.000000,1.000000
1782451584.010741,842,0.000920,inf,STAND_TEST,0.000000,0.029484,-0.060889,-0.497010,0.000000,0.000000,0.000000,1.000000,1.000000
1782451584.030810,843,0.000929,inf,STAND_TEST,0.000000,0.030388,-0.064139,-0.496966,0.000000,0.000000,0.000000,1.000000,1.000000
1782451584.051034,844,0.001093,inf,STAND_TEST,0.000000,0.031247,-0.066952,-0.497047,0.000000,0.000000,0.000000,1.000000,1.000000
1782451584.070875,845,0.000808,inf,STAND_TEST,0.000000,0.032135,-0.069670,-0.497138,0.000000,0.000000,0.000000,1.000000,1.000000
1782451584.090934,846,0.000804,inf,STAND_TEST,0.000000,0.032924,-0.071932,-0.496901,0.000000,0.000000,0.000000,1.000000,1.000000
1782451584.111364,847,0.001086,inf,STAND_TEST,0.000000,0.033620,-0.074027,-0.496527,0.000000,0.000000,0.000000,1.000000,1.000000
1782451584.131397,848,0.001060,inf,STAND_TEST,0.000000,0.034265,-0.075928,-0.496153,0.000000,0.000000,0.000000,1.000000,1.000000
1782451584.151481,849,0.001081,inf,STAND_TEST,0.000000,0.034777,-0.077799,-0.495742,0.000000,0.000000,0.000000,1.000000,1.000000
1782451584.171503,850,0.000816,inf,STAND_TEST,0.000000,0.035263,-0.079661,-0.495280,0.000000,0.000000,0.000000,1.000000,1.000000
1782451584.191613,851,0.000804,inf,STAND_TEST,0.000000,0.035586,-0.081367,-0.494911,0.000000,0.000000,0.000000,1.000000,1.000000
1782451584.211725,852,0.000808,inf,STAND_TEST,0.000000,0.035832,-0.083019,-0.494606,0.000000,0.000000,0.000000,1.000000,1.000000
1782451584.232033,853,0.001017,inf,STAND_TEST,0.000000,0.036041,-0.084498,-0.494490,0.000000,0.000000,0.000000,1.000000,1.000000
1782451584.252174,854,0.001097,inf,STAND_TEST,0.000000,0.036286,-0.086006,-0.494452,0.000000,0.000000,0.000000,1.000000,1.000000
1782451584.272473,855,0.001270,inf,STAND_TEST,0.000000,0.036418,-0.087503,-0.494493,0.000000,0.000000,0.000000,1.000000,1.000000
1782451584.292212,856,0.000763,inf,STAND_TEST,0.000000,0.036511,-0.088853,-0.494524,0.000000,0.000000,0.000000,1.000000,1.000000
1782451584.312211,857,0.000703,inf,STAND_TEST,0.000000,0.036624,-0.089777,-0.494616,0.000000,0.000000,0.000000,1.000000,1.000000
1782451584.332259,858,0.000693,inf,STAND_TEST,0.000000,0.036674,-0.090550,-0.494690,0.000000,0.000000,0.000000,1.000000,1.000000
1782451584.352284,859,0.000661,inf,STAND_TEST,0.000000,0.036722,-0.091094,-0.494701,0.000000,0.000000,0.000000,1.000000,1.000000
1782451584.372691,860,0.001011,inf,STAND_TEST,0.000000,0.036772,-0.091350,-0.494735,0.000000,0.000000,0.000000,1.000000,1.000000
1782451584.392415,861,0.000678,inf,STAND_TEST,0.000000,0.036858,-0.091455,-0.494712,0.000000,0.000000,0.000000,1.000000,1.000000
1782451584.412660,862,0.000865,inf,STAND_TEST,0.000000,0.036885,-0.091456,-0.494673,0.000000,0.000000,0.000000,1.000000,1.000000
1782451584.432747,863,0.000895,inf,STAND_TEST,0.000000,0.036895,-0.091315,-0.494653,0.000000,0.000000,0.000000,1.000000,1.000000
1782451584.452780,864,0.000870,inf,STAND_TEST,0.000000,0.036947,-0.091050,-0.494598,0.000000,0.000000,0.000000,1.000000,1.000000
1782451584.472613,865,0.000646,inf,STAND_TEST,0.000000,0.036949,-0.090654,-0.494440,0.000000,0.000000,0.000000,1.000000,1.000000
1782451584.492687,866,0.000665,inf,STAND_TEST,0.000000,0.036895,-0.090157,-0.494240,0.000000,0.000000,0.000000,1.000000,1.000000
1782451584.512617,867,0.000485,inf,STAND_TEST,0.000000,0.036825,-0.089610,-0.494102,0.000000,0.000000,0.000000,1.000000,1.000000
1782451584.532669,868,0.000480,inf,STAND_TEST,0.000000,0.036666,-0.088894,-0.493981,0.000000,0.000000,0.000000,1.000000,1.000000
1782451584.552978,869,0.000676,inf,STAND_TEST,0.000000,0.036530,-0.088041,-0.493858,0.000000,0.000000,0.000000,1.000000,1.000000
1782451584.573062,870,0.000659,inf,STAND_TEST,0.000000,0.036321,-0.087047,-0.493796,0.000000,0.000000,0.000000,1.000000,1.000000
1782451584.593169,871,0.000708,inf,STAND_TEST,0.000000,0.036139,-0.085962,-0.493733,0.000000,0.000000,0.000000,1.000000,1.000000
1782451584.613077,872,0.000455,inf,STAND_TEST,0.000000,0.035815,-0.084608,-0.493669,0.000000,0.000000,0.000000,1.000000,1.000000
1782451584.633146,873,0.000468,inf,STAND_TEST,0.000000,0.035465,-0.083219,-0.493647,0.000000,0.000000,0.000000,1.000000,1.000000
1782451584.653201,874,0.000469,inf,STAND_TEST,0.000000,0.035077,-0.081854,-0.493716,0.000000,0.000000,0.000000,1.000000,1.000000
1782451584.673217,875,0.000430,inf,STAND_TEST,0.000000,0.034594,-0.080290,-0.493734,0.000000,0.000000,0.000000,1.000000,1.000000
1782451584.693928,876,0.001024,inf,STAND_TEST,0.000000,0.034085,-0.078576,-0.493811,0.000000,0.000000,0.000000,1.000000,1.000000
1782451584.713884,877,0.000858,inf,STAND_TEST,0.000000,0.033519,-0.076670,-0.493833,0.000000,0.000000,0.000000,1.000000,1.000000
1782451584.733701,878,0.000510,inf,STAND_TEST,0.000000,0.032889,-0.074686,-0.493880,0.000000,0.000000,0.000000,1.000000,1.000000
1782451584.753761,879,0.000496,inf,STAND_TEST,0.000000,0.032241,-0.072653,-0.493935,0.000000,0.000000,0.000000,1.000000,1.000000
1782451584.773810,880,0.000490,inf,STAND_TEST,0.000000,0.031594,-0.070459,-0.493937,0.000000,0.000000,0.000000,1.000000,1.000000
1782451584.793875,881,0.000499,inf,STAND_TEST,0.000000,0.030825,-0.068215,-0.493914,0.000000,0.000000,0.000000,1.000000,1.000000
1782451584.813901,882,0.000468,inf,STAND_TEST,0.000000,0.030029,-0.065952,-0.493922,0.000000,0.000000,0.000000,1.000000,1.000000
1782451584.833930,883,0.000472,inf,STAND_TEST,0.000000,0.029266,-0.063631,-0.493931,0.000000,0.000000,0.000000,1.000000,1.000000
1782451584.854302,884,0.000788,inf,STAND_TEST,0.000000,0.028539,-0.061208,-0.493929,0.000000,0.000000,0.000000,1.000000,1.000000
1782451584.874146,885,0.000434,inf,STAND_TEST,0.000000,0.027768,-0.058900,-0.493787,0.000000,0.000000,0.000000,1.000000,1.000000
1782451584.894289,886,0.000481,inf,STAND_TEST,0.000000,0.026954,-0.056580,-0.493649,0.000000,0.000000,0.000000,1.000000,1.000000
1782451584.914339,887,0.000476,inf,STAND_TEST,0.000000,0.026038,-0.054046,-0.493449,0.000000,0.000000,0.000000,1.000000,1.000000
1782451584.934419,888,0.000500,inf,STAND_TEST,0.000000,0.025203,-0.051599,-0.493283,0.000000,0.000000,0.000000,1.000000,1.000000
1782451584.954774,889,0.000798,inf,STAND_TEST,0.000000,0.024391,-0.049236,-0.493037,0.000000,0.000000,0.000000,1.000000,1.000000
1782451584.974736,890,0.000704,inf,STAND_TEST,0.000000,0.023533,-0.046659,-0.492815,0.000000,0.000000,0.000000,1.000000,1.000000
1782451584.994564,891,0.000477,inf,STAND_TEST,0.000000,0.022774,-0.043922,-0.492561,0.000000,0.000000,0.000000,1.000000,1.000000
1782451585.014774,892,0.000634,inf,STAND_TEST,0.000000,0.022036,-0.041114,-0.492189,0.000000,0.000000,0.000000,1.000000,1.000000
1782451585.034760,893,0.000449,inf,STAND_TEST,0.000000,0.021272,-0.038484,-0.491773,0.000000,0.000000,0.000000,1.000000,1.000000
1782451585.054800,894,0.000435,inf,STAND_TEST,0.000000,0.020504,-0.035937,-0.491594,0.000000,0.000000,0.000000,1.000000,1.000000
1782451585.074808,895,0.000389,inf,STAND_TEST,0.000000,0.019853,-0.033498,-0.491512,0.000000,0.000000,0.000000,1.000000,1.000000
1782451585.094888,896,0.000413,inf,STAND_TEST,0.000000,0.019177,-0.031100,-0.491344,0.000000,0.000000,0.000000,1.000000,1.000000
1782451585.115019,897,0.000491,inf,STAND_TEST,0.000000,0.018509,-0.028656,-0.491244,0.000000,0.000000,0.000000,1.000000,1.000000
1782451585.134993,898,0.000411,inf,STAND_TEST,0.000000,0.017916,-0.026342,-0.491193,0.000000,0.000000,0.000000,1.000000,1.000000
1782451585.155041,899,0.000405,inf,STAND_TEST,0.000000,0.017442,-0.024260,-0.491062,0.000000,0.000000,0.000000,1.000000,1.000000
1782451585.175382,900,0.000691,inf,STAND_TEST,0.000000,0.017040,-0.022364,-0.491059,0.000000,0.000000,0.000000,1.000000,1.000000
1782451585.195381,901,0.000450,inf,STAND_TEST,0.000000,0.016720,-0.020466,-0.491098,0.000000,0.000000,0.000000,1.000000,1.000000
1782451585.215447,902,0.000462,inf,STAND_TEST,0.000000,0.016461,-0.018847,-0.491083,0.000000,0.000000,0.000000,1.000000,1.000000
1782451585.235531,903,0.000490,inf,STAND_TEST,0.000000,0.016330,-0.017505,-0.490938,0.000000,0.000000,0.000000,1.000000,1.000000
1782451585.255545,904,0.000449,inf,STAND_TEST,0.000000,0.016226,-0.016271,-0.490840,0.000000,0.000000,0.000000,1.000000,1.000000
1782451585.275549,905,0.000398,inf,STAND_TEST,0.000000,0.016138,-0.015326,-0.490687,0.000000,0.000000,0.000000,1.000000,1.000000
1782451585.295896,906,0.000690,inf,STAND_TEST,0.000000,0.016122,-0.014662,-0.490476,0.000000,0.000000,0.000000,1.000000,1.000000
1782451585.315944,907,0.000681,inf,STAND_TEST,0.000000,0.016132,-0.014173,-0.490275,0.000000,0.000000,0.000000,1.000000,1.000000
1782451585.335994,908,0.000676,inf,STAND_TEST,0.000000,0.016161,-0.013775,-0.490127,0.000000,0.000000,0.000000,1.000000,1.000000
1782451585.355838,909,0.000466,inf,STAND_TEST,0.000000,0.016209,-0.013664,-0.490046,0.000000,0.000000,0.000000,1.000000,1.000000
1782451585.375916,910,0.000488,inf,STAND_TEST,0.000000,0.016287,-0.013741,-0.489979,0.000000,0.000000,0.000000,1.000000,1.000000
1782451585.395964,911,0.000479,inf,STAND_TEST,0.000000,0.016403,-0.013973,-0.489955,0.000000,0.000000,0.000000,1.000000,1.000000
1782451585.416037,912,0.000495,inf,STAND_TEST,0.000000,0.016579,-0.014319,-0.489891,0.000000,0.000000,0.000000,1.000000,1.000000
1782451585.436137,913,0.000539,inf,STAND_TEST,0.000000,0.016803,-0.014862,-0.489951,0.000000,0.000000,0.000000,1.000000,1.000000
1782451585.456116,914,0.000463,inf,STAND_TEST,0.000000,0.016966,-0.015543,-0.489943,0.000000,0.000000,0.000000,1.000000,1.000000
1782451585.476899,915,0.001154,inf,STAND_TEST,0.000000,0.017247,-0.016334,-0.490020,0.000000,0.000000,0.000000,1.000000,1.000000
1782451585.497060,916,0.001184,inf,STAND_TEST,0.000000,0.017542,-0.017254,-0.490122,0.000000,0.000000,0.000000,1.000000,1.000000
1782451585.517034,917,0.000921,inf,STAND_TEST,0.000000,0.017807,-0.018398,-0.490170,0.000000,0.000000,0.000000,1.000000,1.000000
1782451585.537303,918,0.001130,inf,STAND_TEST,0.000000,0.018036,-0.019562,-0.490316,0.000000,0.000000,0.000000,1.000000,1.000000
1782451585.556944,919,0.000712,inf,STAND_TEST,0.000000,0.018303,-0.020799,-0.490410,0.000000,0.000000,0.000000,1.000000,1.000000
1782451585.577232,920,0.000943,inf,STAND_TEST,0.000000,0.018615,-0.022106,-0.490432,0.000000,0.000000,0.000000,1.000000,1.000000
1782451585.597255,921,0.000909,inf,STAND_TEST,0.000000,0.018887,-0.023397,-0.490577,0.000000,0.000000,0.000000,1.000000,1.000000
1782451585.617322,922,0.000918,inf,STAND_TEST,0.000000,0.019214,-0.024934,-0.490710,0.000000,0.000000,0.000000,1.000000,1.000000
1782451585.637376,923,0.000913,inf,STAND_TEST,0.000000,0.019583,-0.026472,-0.490809,0.000000,0.000000,0.000000,1.000000,1.000000
1782451585.657435,924,0.000914,inf,STAND_TEST,0.000000,0.019965,-0.028133,-0.490946,0.000000,0.000000,0.000000,1.000000,1.000000
1782451585.677265,925,0.000687,inf,STAND_TEST,0.000000,0.020360,-0.029782,-0.491146,0.000000,0.000000,0.000000,1.000000,1.000000
1782451585.697297,926,0.000662,inf,STAND_TEST,0.000000,0.020756,-0.031520,-0.491362,0.000000,0.000000,0.000000,1.000000,1.000000
1782451585.717404,927,0.000712,inf,STAND_TEST,0.000000,0.021168,-0.033366,-0.491634,0.000000,0.000000,0.000000,1.000000,1.000000
1782451585.737415,928,0.000665,inf,STAND_TEST,0.000000,0.021449,-0.035221,-0.491903,0.000000,0.000000,0.000000,1.000000,1.000000
1782451585.757680,929,0.000874,inf,STAND_TEST,0.000000,0.021800,-0.037229,-0.492306,0.000000,0.000000,0.000000,1.000000,1.000000
1782451585.777728,930,0.000865,inf,STAND_TEST,0.000000,0.022191,-0.039222,-0.492569,0.000000,0.000000,0.000000,1.000000,1.000000
1782451585.797805,931,0.000884,inf,STAND_TEST,0.000000,0.022629,-0.041098,-0.492693,0.000000,0.000000,0.000000,1.000000,1.000000
1782451585.817841,932,0.000865,inf,STAND_TEST,0.000000,0.023062,-0.043033,-0.492717,0.000000,0.000000,0.000000,1.000000,1.000000
1782451585.837936,933,0.000904,inf,STAND_TEST,0.000000,0.023543,-0.044969,-0.492732,0.000000,0.000000,0.000000,1.000000,1.000000
1782451585.857731,934,0.000642,inf,STAND_TEST,0.000000,0.024047,-0.046942,-0.492896,0.000000,0.000000,0.000000,1.000000,1.000000
1782451585.877801,935,0.000656,inf,STAND_TEST,0.000000,0.024561,-0.048863,-0.493068,0.000000,0.000000,0.000000,1.000000,1.000000
1782451585.898533,936,0.001269,inf,STAND_TEST,0.000000,0.025101,-0.050644,-0.493292,0.000000,0.000000,0.000000,1.000000,1.000000
1782451585.918235,937,0.000850,inf,STAND_TEST,0.000000,0.025682,-0.052338,-0.493564,0.000000,0.000000,0.000000,1.000000,1.000000
1782451585.938128,938,0.000686,inf,STAND_TEST,0.000000,0.026208,-0.053960,-0.493755,0.000000,0.000000,0.000000,1.000000,1.000000
1782451585.958129,939,0.000672,inf,STAND_TEST,0.000000,0.026850,-0.055706,-0.493961,0.000000,0.000000,0.000000,1.000000,1.000000
1782451585.978007,940,0.000435,inf,STAND_TEST,0.000000,0.027466,-0.057354,-0.494085,0.000000,0.000000,0.000000,1.000000,1.000000
1782451585.998197,941,0.000421,inf,STAND_TEST,0.000000,0.028094,-0.059042,-0.494150,0.000000,0.000000,0.000000,1.000000,1.000000
1782451586.018230,942,0.000401,inf,STAND_TEST,0.000000,0.028760,-0.060698,-0.494162,0.000000,0.000000,0.000000,1.000000,1.000000
1782451586.038313,943,0.000429,inf,STAND_TEST,0.000000,0.029452,-0.062374,-0.494063,0.000000,0.000000,0.000000,1.000000,1.000000
1782451586.058365,944,0.000427,inf,STAND_TEST,0.000000,0.030076,-0.064039,-0.493910,0.000000,0.000000,0.000000,1.000000,1.000000
1782451586.078697,945,0.000705,inf,STAND_TEST,0.000000,0.030667,-0.065664,-0.493724,0.000000,0.000000,0.000000,1.000000,1.000000
1782451586.098674,946,0.000627,inf,STAND_TEST,0.000000,0.031295,-0.067395,-0.493556,0.000000,0.000000,0.000000,1.000000,1.000000
1782451586.118500,947,0.000400,inf,STAND_TEST,0.000000,0.031955,-0.069177,-0.493430,0.000000,0.000000,0.000000,1.000000,1.000000
1782451586.138695,948,0.000395,inf,STAND_TEST,0.000000,0.032623,-0.071034,-0.493481,0.000000,0.000000,0.000000,1.000000,1.000000
1782451586.158823,949,0.000468,inf,STAND_TEST,0.000000,0.033256,-0.072794,-0.493607,0.000000,0.000000,0.000000,1.000000,1.000000
1782451586.178920,950,0.000509,inf,STAND_TEST,0.000000,0.033857,-0.074500,-0.493737,0.000000,0.000000,0.000000,1.000000,1.000000
1782451586.199313,951,0.000846,inf,STAND_TEST,0.000000,0.034418,-0.076247,-0.493746,0.000000,0.000000,0.000000,1.000000,1.000000
1782451586.218974,952,0.000453,inf,STAND_TEST,0.000000,0.035099,-0.078099,-0.493676,0.000000,0.000000,0.000000,1.000000,1.000000
1782451586.239357,953,0.000780,inf,STAND_TEST,0.000000,0.035780,-0.080053,-0.493395,0.000000,0.000000,0.000000,1.000000,1.000000
1782451586.259451,954,0.000820,inf,STAND_TEST,0.000000,0.036366,-0.081942,-0.493041,0.000000,0.000000,0.000000,1.000000,1.000000
1782451586.279589,955,0.000900,inf,STAND_TEST,0.000000,0.036870,-0.083822,-0.492706,0.000000,0.000000,0.000000,1.000000,1.000000
1782451586.299514,956,0.000558,inf,STAND_TEST,0.000000,0.037310,-0.085465,-0.492380,0.000000,0.000000,0.000000,1.000000,1.000000
1782451586.319471,957,0.000459,inf,STAND_TEST,0.000000,0.037851,-0.087299,-0.492146,0.000000,0.000000,0.000000,1.000000,1.000000
1782451586.339752,958,0.000685,inf,STAND_TEST,0.000000,0.038349,-0.088764,-0.492037,0.000000,0.000000,0.000000,1.000000,1.000000
1782451586.359772,959,0.000651,inf,STAND_TEST,0.000000,0.038796,-0.090012,-0.492093,0.000000,0.000000,0.000000,1.000000,1.000000
1782451586.379844,960,0.000667,inf,STAND_TEST,0.000000,0.039178,-0.091240,-0.492304,0.000000,0.000000,0.000000,1.000000,1.000000
1782451586.400198,961,0.000746,inf,STAND_TEST,0.000000,0.039489,-0.092366,-0.492586,0.000000,0.000000,0.000000,1.000000,1.000000
1782451586.420171,962,0.000662,inf,STAND_TEST,0.000000,0.039751,-0.093221,-0.492821,0.000000,0.000000,0.000000,1.000000,1.000000
1782451586.440245,963,0.000680,inf,STAND_TEST,0.000000,0.039965,-0.093903,-0.493004,0.000000,0.000000,0.000000,1.000000,1.000000
1782451586.460119,964,0.000498,inf,STAND_TEST,0.000000,0.040123,-0.094357,-0.493202,0.000000,0.000000,0.000000,1.000000,1.000000
1782451586.480123,965,0.000447,inf,STAND_TEST,0.000000,0.040249,-0.094622,-0.493312,0.000000,0.000000,0.000000,1.000000,1.000000
1782451586.500417,966,0.000686,inf,STAND_TEST,0.000000,0.040340,-0.094602,-0.493421,0.000000,0.000000,0.000000,1.000000,1.000000
1782451586.520476,967,0.000689,inf,STAND_TEST,0.000000,0.040360,-0.094409,-0.493371,0.000000,0.000000,0.000000,1.000000,1.000000
1782451586.540527,968,0.000685,inf,STAND_TEST,0.000000,0.040337,-0.093962,-0.493235,0.000000,0.000000,0.000000,1.000000,1.000000
1782451586.560565,969,0.000466,inf,STAND_TEST,0.000000,0.040225,-0.093277,-0.493139,0.000000,0.000000,0.000000,1.000000,1.000000
1782451586.580624,970,0.000470,inf,STAND_TEST,0.000000,0.040036,-0.092441,-0.493209,0.000000,0.000000,0.000000,1.000000,1.000000
1782451586.600672,971,0.000462,inf,STAND_TEST,0.000000,0.039809,-0.091366,-0.493178,0.000000,0.000000,0.000000,1.000000,1.000000
1782451586.620731,972,0.000466,inf,STAND_TEST,0.000000,0.039479,-0.090013,-0.493188,0.000000,0.000000,0.000000,1.000000,1.000000
1782451586.641011,973,0.000691,inf,STAND_TEST,0.000000,0.039011,-0.088494,-0.493206,0.000000,0.000000,0.000000,1.000000,1.000000
1782451586.661031,974,0.000657,inf,STAND_TEST,0.000000,0.038408,-0.086548,-0.493219,0.000000,0.000000,0.000000,1.000000,1.000000
1782451586.680984,975,0.000424,inf,STAND_TEST,0.000000,0.037672,-0.084254,-0.493184,0.000000,0.000000,0.000000,1.000000,1.000000
1782451586.701092,976,0.000476,inf,STAND_TEST,0.000000,0.036905,-0.081942,-0.493213,0.000000,0.000000,0.000000,1.000000,1.000000
1782451586.721327,977,0.000464,inf,STAND_TEST,0.000000,0.036088,-0.079375,-0.493321,0.000000,0.000000,0.000000,1.000000,1.000000
1782451586.741362,978,0.000444,inf,STAND_TEST,0.000000,0.035180,-0.076441,-0.493329,0.000000,0.000000,0.000000,1.000000,1.000000
1782451586.761648,979,0.000675,inf,STAND_TEST,0.000000,0.034276,-0.073525,-0.493204,0.000000,0.000000,0.000000,1.000000,1.000000
1782451586.781725,980,0.000698,inf,STAND_TEST,0.000000,0.033319,-0.070585,-0.493146,0.000000,0.000000,0.000000,1.000000,1.000000
1782451586.801781,981,0.000698,inf,STAND_TEST,0.000000,0.032251,-0.067332,-0.493157,0.000000,0.000000,0.000000,1.000000,1.000000
1782451586.821647,982,0.000457,inf,STAND_TEST,0.000000,0.031024,-0.063611,-0.492988,0.000000,0.000000,0.000000,1.000000,1.000000
1782451586.842054,983,0.000765,inf,STAND_TEST,0.000000,0.029915,-0.060332,-0.492804,0.000000,0.000000,0.000000,1.000000,1.000000
1782451586.862037,984,0.000691,inf,STAND_TEST,0.000000,0.028755,-0.057004,-0.492572,0.000000,0.000000,0.000000,1.000000,1.000000
1782451586.882377,985,0.000935,inf,STAND_TEST,0.000000,0.027605,-0.053818,-0.492299,0.000000,0.000000,0.000000,1.000000,1.000000
1782451586.902526,986,0.000976,inf,STAND_TEST,0.000000,0.026491,-0.050617,-0.492225,0.000000,0.000000,0.000000,1.000000,1.000000
1782451586.922594,987,0.000939,inf,STAND_TEST,0.000000,0.025347,-0.047320,-0.492059,0.000000,0.000000,0.000000,1.000000,1.000000
1782451586.942648,988,0.000934,inf,STAND_TEST,0.000000,0.024222,-0.044043,-0.491872,0.000000,0.000000,0.000000,1.000000,1.000000
1782451586.962718,989,0.000739,inf,STAND_TEST,0.000000,0.022982,-0.040416,-0.491602,0.000000,0.000000,0.000000,1.000000,1.000000
1782451586.982754,990,0.000716,inf,STAND_TEST,0.000000,0.021821,-0.036918,-0.491500,0.000000,0.000000,0.000000,1.000000,1.000000
1782451587.002831,991,0.000696,inf,STAND_TEST,0.000000,0.020781,-0.033399,-0.491412,0.000000,0.000000,0.000000,1.000000,1.000000
1782451587.023177,992,0.000921,inf,STAND_TEST,0.000000,0.019682,-0.029443,-0.491304,0.000000,0.000000,0.000000,1.000000,1.000000
1782451587.043281,993,0.000932,inf,STAND_TEST,0.000000,0.018628,-0.025465,-0.491249,0.000000,0.000000,0.000000,1.000000,1.000000
1782451587.063373,994,0.000924,inf,STAND_TEST,0.000000,0.017557,-0.021005,-0.491006,0.000000,0.000000,0.000000,1.000000,1.000000
1782451587.083224,995,0.000683,inf,STAND_TEST,0.000000,0.016503,-0.016585,-0.491029,0.000000,0.000000,0.000000,1.000000,1.000000
1782451587.103310,996,0.000680,inf,STAND_TEST,0.000000,0.015697,-0.012129,-0.490749,0.000000,0.000000,0.000000,1.000000,1.000000
1782451587.123405,997,0.000676,inf,STAND_TEST,0.000000,0.014867,-0.008007,-0.490577,0.000000,0.000000,0.000000,1.000000,1.000000
1782451587.143502,998,0.000681,inf,STAND_TEST,0.000000,0.013982,-0.004216,-0.490312,0.000000,0.000000,0.000000,1.000000,1.000000
1782451587.163840,999,0.000928,inf,STAND_TEST,0.000000,0.013143,-0.000171,-0.490174,0.000000,0.000000,0.000000,1.000000,1.000000
1782451587.183903,1000,0.000688,inf,STAND_TEST,0.000000,0.012377,0.004086,-0.490272,0.000000,0.000000,0.000000,1.000000,1.000000
1782451587.203995,1001,0.000686,inf,STAND_TEST,0.000000,0.011564,0.007985,-0.490506,0.000000,0.000000,0.000000,1.000000,1.000000
1782451587.224104,1002,0.000692,inf,STAND_TEST,0.000000,0.010483,0.011740,-0.490826,0.000000,0.000000,0.000000,1.000000,1.000000
1782451587.244435,1003,0.000926,inf,STAND_TEST,0.000000,0.009452,0.015403,-0.491328,0.000000,0.000000,0.000000,1.000000,1.000000
1782451587.264603,1004,0.000996,inf,STAND_TEST,0.000000,0.008464,0.018884,-0.491735,0.000000,0.000000,0.000000,1.000000,1.000000
1782451587.284630,1005,0.000924,inf,STAND_TEST,0.000000,0.007539,0.022220,-0.492052,0.000000,0.000000,0.000000,1.000000,1.000000
1782451587.304601,1006,0.000730,inf,STAND_TEST,0.000000,0.006696,0.025798,-0.492332,0.000000,0.000000,0.000000,1.000000,1.000000
1782451587.324791,1007,0.000821,inf,STAND_TEST,0.000000,0.006105,0.028925,-0.492584,0.000000,0.000000,0.000000,1.000000,1.000000
1782451587.345205,1008,0.001107,inf,STAND_TEST,0.000000,0.005562,0.032298,-0.492677,0.000000,0.000000,0.000000,1.000000,1.000000
1782451587.365323,1009,0.001102,inf,STAND_TEST,0.000000,0.005031,0.035359,-0.492537,0.000000,0.000000,0.000000,1.000000,1.000000
1782451587.385317,1010,0.001036,inf,STAND_TEST,0.000000,0.004378,0.038326,-0.492607,0.000000,0.000000,0.000000,1.000000,1.000000
1782451587.405362,1011,0.000766,inf,STAND_TEST,0.000000,0.003775,0.041030,-0.492752,0.000000,0.000000,0.000000,1.000000,1.000000
1782451587.425229,1012,0.000621,inf,STAND_TEST,0.000000,0.003188,0.043949,-0.492896,0.000000,0.000000,0.000000,1.000000,1.000000
1782451587.445521,1013,0.000810,inf,STAND_TEST,0.000000,0.002602,0.047121,-0.492938,0.000000,0.000000,0.000000,1.000000,1.000000
1782451587.465271,1014,0.000457,inf,STAND_TEST,0.000000,0.002027,0.050075,-0.493017,0.000000,0.000000,0.000000,1.000000,1.000000
1782451587.485345,1015,0.000432,inf,STAND_TEST,0.000000,0.001543,0.052800,-0.493195,0.000000,0.000000,0.000000,1.000000,1.000000
1782451587.505675,1016,0.000708,inf,STAND_TEST,0.000000,0.001104,0.055407,-0.493246,0.000000,0.000000,0.000000,1.000000,1.000000
1782451587.525617,1017,0.000438,inf,STAND_TEST,0.000000,0.000654,0.057857,-0.493192,0.000000,0.000000,0.000000,1.000000,1.000000
1782451587.545687,1018,0.000454,inf,STAND_TEST,0.000000,0.000231,0.060133,-0.493257,0.000000,0.000000,0.000000,1.000000,1.000000
1782451587.565783,1019,0.000495,inf,STAND_TEST,0.000000,-0.000133,0.062121,-0.493259,0.000000,0.000000,0.000000,1.000000,1.000000
1782451587.585760,1020,0.000417,inf,STAND_TEST,0.000000,-0.000479,0.063936,-0.493305,0.000000,0.000000,0.000000,1.000000,1.000000
1782451587.605810,1021,0.000454,inf,STAND_TEST,0.000000,-0.000842,0.065595,-0.493345,0.000000,0.000000,0.000000,1.000000,1.000000
1782451587.625863,1022,0.000453,inf,STAND_TEST,0.000000,-0.001198,0.067131,-0.493517,0.000000,0.000000,0.000000,1.000000,1.000000
1782451587.645889,1023,0.000435,inf,STAND_TEST,0.000000,-0.001517,0.068534,-0.493662,0.000000,0.000000,0.000000,1.000000,1.000000
1782451587.665972,1024,0.000462,inf,STAND_TEST,0.000000,-0.001884,0.070174,-0.493689,0.000000,0.000000,0.000000,1.000000,1.000000
1782451587.686246,1025,0.000682,inf,STAND_TEST,0.000000,-0.002276,0.071824,-0.493591,0.000000,0.000000,0.000000,1.000000,1.000000
1782451587.706146,1026,0.000488,inf,STAND_TEST,0.000000,-0.002634,0.073435,-0.493741,0.000000,0.000000,0.000000,1.000000,1.000000
1782451587.726322,1027,0.000431,inf,STAND_TEST,0.000000,-0.002977,0.075179,-0.493866,0.000000,0.000000,0.000000,1.000000,1.000000
1782451587.746423,1028,0.000478,inf,STAND_TEST,0.000000,-0.003345,0.076849,-0.493972,0.000000,0.000000,0.000000,1.000000,1.000000
1782451587.766510,1029,0.000507,inf,STAND_TEST,0.000000,-0.003725,0.078392,-0.494112,0.000000,0.000000,0.000000,1.000000,1.000000
1782451587.786714,1030,0.000656,inf,STAND_TEST,0.000000,-0.004040,0.079968,-0.494233,0.000000,0.000000,0.000000,1.000000,1.000000
1782451587.806743,1031,0.000632,inf,STAND_TEST,0.000000,-0.004392,0.081531,-0.494266,0.000000,0.000000,0.000000,1.000000,1.000000
1782451587.826959,1032,0.000794,inf,STAND_TEST,0.000000,-0.004720,0.082924,-0.494447,0.000000,0.000000,0.000000,1.000000,1.000000
1782451587.847001,1033,0.000781,inf,STAND_TEST,0.000000,-0.004935,0.084158,-0.494638,0.000000,0.000000,0.000000,1.000000,1.000000
1782451587.866809,1034,0.000449,inf,STAND_TEST,0.000000,-0.005172,0.085471,-0.494969,0.000000,0.000000,0.000000,1.000000,1.000000
1782451587.886835,1035,0.000421,inf,STAND_TEST,0.000000,-0.005301,0.086550,-0.495272,0.000000,0.000000,0.000000,1.000000,1.000000
1782451587.906921,1036,0.000452,inf,STAND_TEST,0.000000,-0.005474,0.087510,-0.495486,0.000000,0.000000,0.000000,1.000000,1.000000
1782451587.926922,1037,0.000398,inf,STAND_TEST,0.000000,-0.005695,0.088299,-0.495773,0.000000,0.000000,0.000000,1.000000,1.000000
1782451587.946981,1038,0.000404,inf,STAND_TEST,0.000000,-0.005872,0.089003,-0.496110,0.000000,0.000000,0.000000,1.000000,1.000000
1782451587.967341,1039,0.000709,inf,STAND_TEST,0.000000,-0.006000,0.089522,-0.496306,0.000000,0.000000,0.000000,1.000000,1.000000
1782451587.987255,1040,0.000440,inf,STAND_TEST,0.000000,-0.006112,0.089888,-0.496484,0.000000,0.000000,0.000000,1.000000,1.000000
1782451588.007322,1041,0.000408,inf,STAND_TEST,0.000000,-0.006191,0.090126,-0.496642,0.000000,0.000000,0.000000,1.000000,1.000000
1782451588.027506,1042,0.000422,inf,STAND_TEST,0.000000,-0.006219,0.090268,-0.496698,0.000000,0.000000,0.000000,1.000000,1.000000
1782451588.047583,1043,0.000445,inf,STAND_TEST,0.000000,-0.006187,0.090205,-0.496666,0.000000,0.000000,0.000000,1.000000,1.000000
1782451588.067597,1044,0.000406,inf,STAND_TEST,0.000000,-0.006119,0.089986,-0.496579,0.000000,0.000000,0.000000,1.000000,1.000000
1782451588.087891,1045,0.000645,inf,STAND_TEST,0.000000,-0.005978,0.089677,-0.496533,0.000000,0.000000,0.000000,1.000000,1.000000
1782451588.107953,1046,0.000653,inf,STAND_TEST,0.000000,-0.005753,0.089203,-0.496436,0.000000,0.000000,0.000000,1.000000,1.000000
1782451588.127979,1047,0.000625,inf,STAND_TEST,0.000000,-0.005520,0.088627,-0.496439,0.000000,0.000000,0.000000,1.000000,1.000000
1782451588.148144,1048,0.000392,inf,STAND_TEST,0.000000,-0.005253,0.087841,-0.496470,0.000000,0.000000,0.000000,1.000000,1.000000
1782451588.168278,1049,0.000471,inf,STAND_TEST,0.000000,-0.004971,0.086951,-0.496416,0.000000,0.000000,0.000000,1.000000,1.000000
1782451588.188321,1050,0.000460,inf,STAND_TEST,0.000000,-0.004631,0.085954,-0.496324,0.000000,0.000000,0.000000,1.000000,1.000000
1782451588.208545,1051,0.000629,inf,STAND_TEST,0.000000,-0.004323,0.084909,-0.496222,0.000000,0.000000,0.000000,1.000000,1.000000
1782451588.228638,1052,0.000667,inf,STAND_TEST,0.000000,-0.004002,0.083645,-0.496015,0.000000,0.000000,0.000000,1.000000,1.000000
1782451588.248687,1053,0.000456,inf,STAND_TEST,0.000000,-0.003666,0.082167,-0.495712,0.000000,0.000000,0.000000,1.000000,1.000000
1782451588.268750,1054,0.000466,inf,STAND_TEST,0.000000,-0.003341,0.080663,-0.495328,0.000000,0.000000,0.000000,1.000000,1.000000
1782451588.288826,1055,0.000485,inf,STAND_TEST,0.000000,-0.003019,0.079072,-0.494740,0.000000,0.000000,0.000000,1.000000,1.000000
1782451588.308951,1056,0.000553,inf,STAND_TEST,0.000000,-0.002681,0.077416,-0.494090,0.000000,0.000000,0.000000,1.000000,1.000000
1782451588.328875,1057,0.000423,inf,STAND_TEST,0.000000,-0.002384,0.075711,-0.493418,0.000000,0.000000,0.000000,1.000000,1.000000
1782451588.349198,1058,0.000692,inf,STAND_TEST,0.000000,-0.002126,0.073994,-0.492626,0.000000,0.000000,0.000000,1.000000,1.000000
1782451588.369382,1059,0.000819,inf,STAND_TEST,0.000000,-0.001873,0.072341,-0.491998,0.000000,0.000000,0.000000,1.000000,1.000000
1782451588.389261,1060,0.000442,inf,STAND_TEST,0.000000,-0.001533,0.070443,-0.491390,0.000000,0.000000,0.000000,1.000000,1.000000
1782451588.409403,1061,0.000434,inf,STAND_TEST,0.000000,-0.001226,0.068531,-0.491010,0.000000,0.000000,0.000000,1.000000,1.000000
1782451588.429518,1062,0.000494,inf,STAND_TEST,0.000000,-0.000937,0.066528,-0.490721,0.000000,0.000000,0.000000,1.000000,1.000000
1782451588.449520,1063,0.000441,inf,STAND_TEST,0.000000,-0.000663,0.064696,-0.490676,0.000000,0.000000,0.000000,1.000000,1.000000
1782451588.469753,1064,0.000622,inf,STAND_TEST,0.000000,-0.000418,0.062666,-0.490711,0.000000,0.000000,0.000000,1.000000,1.000000
1782451588.489848,1065,0.000662,inf,STAND_TEST,0.000000,-0.000165,0.060767,-0.490788,0.000000,0.000000,0.000000,1.000000,1.000000
1782451588.509872,1066,0.000546,inf,STAND_TEST,0.000000,0.000083,0.058896,-0.490928,0.000000,0.000000,0.000000,1.000000,1.000000
1782451588.529909,1067,0.000454,inf,STAND_TEST,0.000000,0.000275,0.057066,-0.491079,0.000000,0.000000,0.000000,1.000000,1.000000
1782451588.550010,1068,0.000499,inf,STAND_TEST,0.000000,0.000456,0.055309,-0.491220,0.000000,0.000000,0.000000,1.000000,1.000000
1782451588.570014,1069,0.000448,inf,STAND_TEST,0.000000,0.000570,0.053555,-0.491403,0.000000,0.000000,0.000000,1.000000,1.000000
1782451588.590107,1070,0.000485,inf,STAND_TEST,0.000000,0.000713,0.051991,-0.491536,0.000000,0.000000,0.000000,1.000000,1.000000
1782451588.610345,1071,0.000669,inf,STAND_TEST,0.000000,0.000862,0.050403,-0.491658,0.000000,0.000000,0.000000,1.000000,1.000000
1782451588.630164,1072,0.000432,inf,STAND_TEST,0.000000,0.000996,0.048760,-0.491767,0.000000,0.000000,0.000000,1.000000,1.000000
1782451588.650462,1073,0.000676,inf,STAND_TEST,0.000000,0.001136,0.047198,-0.491994,0.000000,0.000000,0.000000,1.000000,1.000000
1782451588.670645,1074,0.000803,inf,STAND_TEST,0.000000,0.001278,0.045589,-0.492228,0.000000,0.000000,0.000000,1.000000,1.000000
1782451588.690471,1075,0.000476,inf,STAND_TEST,0.000000,0.001458,0.043946,-0.492413,0.000000,0.000000,0.000000,1.000000,1.000000
1782451588.710498,1076,0.000448,inf,STAND_TEST,0.000000,0.001640,0.042310,-0.492523,0.000000,0.000000,0.000000,1.000000,1.000000
1782451588.730512,1077,0.000409,inf,STAND_TEST,0.000000,0.001809,0.040765,-0.492639,0.000000,0.000000,0.000000,1.000000,1.000000
1782451588.751108,1078,0.000947,inf,STAND_TEST,0.000000,0.002038,0.039093,-0.492732,0.000000,0.000000,0.000000,1.000000,1.000000
1782451588.771120,1079,0.000900,inf,STAND_TEST,0.000000,0.002250,0.037480,-0.492794,0.000000,0.000000,0.000000,1.000000,1.000000
1782451588.791186,1080,0.000908,inf,STAND_TEST,0.000000,0.002488,0.035859,-0.492876,0.000000,0.000000,0.000000,1.000000,1.000000
1782451588.811197,1081,0.000862,inf,STAND_TEST,0.000000,0.002754,0.034291,-0.492949,0.000000,0.000000,0.000000,1.000000,1.000000
1782451588.831300,1082,0.000907,inf,STAND_TEST,0.000000,0.003106,0.032636,-0.492971,0.000000,0.000000,0.000000,1.000000,1.000000
1782451588.851233,1083,0.000782,inf,STAND_TEST,0.000000,0.003373,0.031201,-0.492962,0.000000,0.000000,0.000000,1.000000,1.000000
1782451588.870987,1084,0.000480,inf,STAND_TEST,0.000000,0.003651,0.029823,-0.492864,0.000000,0.000000,0.000000,1.000000,1.000000
1782451588.890996,1085,0.000436,inf,STAND_TEST,0.000000,0.003954,0.028584,-0.492837,0.000000,0.000000,0.000000,1.000000,1.000000
1782451588.911084,1086,0.000470,inf,STAND_TEST,0.000000,0.004261,0.027392,-0.492839,0.000000,0.000000,0.000000,1.000000,1.000000
1782451588.931109,1087,0.000441,inf,STAND_TEST,0.000000,0.004570,0.026332,-0.492834,0.000000,0.000000,0.000000,1.000000,1.000000
1782451588.951145,1088,0.000424,inf,STAND_TEST,0.000000,0.004860,0.025272,-0.492860,0.000000,0.000000,0.000000,1.000000,1.000000
1782451588.971581,1089,0.000806,inf,STAND_TEST,0.000000,0.005144,0.024273,-0.492888,0.000000,0.000000,0.000000,1.000000,1.000000
1782451588.991908,1090,0.000994,inf,STAND_TEST,0.000000,0.005413,0.023270,-0.492905,0.000000,0.000000,0.000000,1.000000,1.000000
1782451589.011883,1091,0.000720,inf,STAND_TEST,0.000000,0.005671,0.022291,-0.492851,0.000000,0.000000,0.000000,1.000000,1.000000
1782451589.031940,1092,0.000717,inf,STAND_TEST,0.000000,0.005923,0.021349,-0.492759,0.000000,0.000000,0.000000,1.000000,1.000000
1782451589.052387,1093,0.001070,inf,STAND_TEST,0.000000,0.006168,0.020392,-0.492716,0.000000,0.000000,0.000000,1.000000,1.000000
1782451589.072486,1094,0.001110,inf,STAND_TEST,0.000000,0.006346,0.019475,-0.492657,0.000000,0.000000,0.000000,1.000000,1.000000
1782451589.092753,1095,0.001253,inf,STAND_TEST,0.000000,0.006514,0.018608,-0.492625,0.000000,0.000000,0.000000,1.000000,1.000000
1782451589.112509,1096,0.000810,inf,STAND_TEST,0.000000,0.006696,0.017721,-0.492634,0.000000,0.000000,0.000000,1.000000,1.000000
1782451589.132638,1097,0.000809,inf,STAND_TEST,0.000000,0.006837,0.016888,-0.492587,0.000000,0.000000,0.000000,1.000000,1.000000
1782451589.152763,1098,0.000804,inf,STAND_TEST,0.000000,0.006959,0.016022,-0.492632,0.000000,0.000000,0.000000,1.000000,1.000000
1782451589.173114,1099,0.001052,inf,STAND_TEST,0.000000,0.007063,0.015274,-0.492717,0.000000,0.000000,0.000000,1.000000,1.000000
1782451589.193081,1100,0.000922,inf,STAND_TEST,0.000000,0.007164,0.014594,-0.492775,0.000000,0.000000,0.000000,1.000000,1.000000
1782451589.213263,1101,0.001045,inf,STAND_TEST,0.000000,0.007259,0.013971,-0.492840,0.000000,0.000000,0.000000,1.000000,1.000000
1782451589.233400,1102,0.000826,inf,STAND_TEST,0.000000,0.007338,0.013323,-0.492934,0.000000,0.000000,0.000000,1.000000,1.000000
1782451589.253783,1103,0.001110,inf,STAND_TEST,0.000000,0.007436,0.012759,-0.492965,0.000000,0.000000,0.000000,1.000000,1.000000
1782451589.273827,1104,0.001034,inf,STAND_TEST,0.000000,0.007508,0.012278,-0.493097,0.000000,0.000000,0.000000,1.000000,1.000000
1782451589.293876,1105,0.001024,inf,STAND_TEST,0.000000,0.007583,0.011832,-0.493230,0.000000,0.000000,0.000000,1.000000,1.000000
1782451589.313789,1106,0.000880,inf,STAND_TEST,0.000000,0.007650,0.011420,-0.493365,0.000000,0.000000,0.000000,1.000000,1.000000
1782451589.333858,1107,0.000891,inf,STAND_TEST,0.000000,0.007709,0.011052,-0.493496,0.000000,0.000000,0.000000,1.000000,1.000000
1782451589.353886,1108,0.000696,inf,STAND_TEST,0.000000,0.007766,0.010685,-0.493533,0.000000,0.000000,0.000000,1.000000,1.000000
1782451589.373928,1109,0.000681,inf,STAND_TEST,0.000000,0.007804,0.010408,-0.493556,0.000000,0.000000,0.000000,1.000000,1.000000
1782451589.394221,1110,0.000915,inf,STAND_TEST,0.000000,0.007821,0.010129,-0.493558,0.000000,0.000000,0.000000,1.000000,1.000000
1782451589.414209,1111,0.000847,inf,STAND_TEST,0.000000,0.007862,0.009911,-0.493567,0.000000,0.000000,0.000000,1.000000,1.000000
1782451589.434336,1112,0.000916,inf,STAND_TEST,0.000000,0.007868,0.009713,-0.493604,0.000000,0.000000,0.000000,1.000000,1.000000
1782451589.454327,1113,0.000871,inf,STAND_TEST,0.000000,0.007898,0.009562,-0.493583,0.000000,0.000000,0.000000,1.000000,1.000000
1782451589.474180,1114,0.000676,inf,STAND_TEST,0.000000,0.007913,0.009408,-0.493576,0.000000,0.000000,0.000000,1.000000,1.000000
1782451589.494171,1115,0.000436,inf,STAND_TEST,0.000000,0.007932,0.009349,-0.493572,0.000000,0.000000,0.000000,1.000000,1.000000
1782451589.514218,1116,0.000427,inf,STAND_TEST,0.000000,0.007925,0.009285,-0.493598,0.000000,0.000000,0.000000,1.000000,1.000000
1782451589.534272,1117,0.000426,inf,STAND_TEST,0.000000,0.007975,0.009309,-0.493597,0.000000,0.000000,0.000000,1.000000,1.000000
1782451589.554343,1118,0.000440,inf,STAND_TEST,0.000000,0.007983,0.009321,-0.493605,0.000000,0.000000,0.000000,1.000000,1.000000
1782451589.574405,1119,0.000445,inf,STAND_TEST,0.000000,0.007970,0.009298,-0.493654,0.000000,0.000000,0.000000,1.000000,1.000000
1782451589.594676,1120,0.000660,inf,STAND_TEST,0.000000,0.007945,0.009356,-0.493616,0.000000,0.000000,0.000000,1.000000,1.000000
1782451589.614736,1121,0.000666,inf,STAND_TEST,0.000000,0.007920,0.009397,-0.493621,0.000000,0.000000,0.000000,1.000000,1.000000
1782451589.634849,1122,0.000724,inf,STAND_TEST,0.000000,0.007892,0.009465,-0.493590,0.000000,0.000000,0.000000,1.000000,1.000000
1782451589.654619,1123,0.000440,inf,STAND_TEST,0.000000,0.007881,0.009568,-0.493542,0.000000,0.000000,0.000000,1.000000,1.000000
1782451589.674705,1124,0.000472,inf,STAND_TEST,0.000000,0.007839,0.009629,-0.493522,0.000000,0.000000,0.000000,1.000000,1.000000
1782451589.694710,1125,0.000423,inf,STAND_TEST,0.000000,0.007807,0.009716,-0.493491,0.000000,0.000000,0.000000,1.000000,1.000000
1782451589.714801,1126,0.000459,inf,STAND_TEST,0.000000,0.007756,0.009816,-0.493520,0.000000,0.000000,0.000000,1.000000,1.000000
1782451589.734856,1127,0.000484,inf,STAND_TEST,0.000000,0.007724,0.009929,-0.493512,0.000000,0.000000,0.000000,1.000000,1.000000
1782451589.754852,1128,0.000426,inf,STAND_TEST,0.000000,0.007704,0.010064,-0.493516,0.000000,0.000000,0.000000,1.000000,1.000000
1782451589.775174,1129,0.000693,inf,STAND_TEST,0.000000,0.007661,0.010204,-0.493518,0.000000,0.000000,0.000000,1.000000,1.000000
1782451589.795195,1130,0.000481,inf,STAND_TEST,0.000000,0.007621,0.010251,-0.493514,0.000000,0.000000,0.000000,1.000000,1.000000
1782451589.815305,1131,0.000450,inf,STAND_TEST,0.000000,0.007622,0.010321,-0.493497,0.000000,0.000000,0.000000,1.000000,1.000000
1782451589.835396,1132,0.000504,inf,STAND_TEST,0.000000,0.007608,0.010379,-0.493466,0.000000,0.000000,0.000000,1.000000,1.000000
1782451589.855405,1133,0.000457,inf,STAND_TEST,0.000000,0.007576,0.010441,-0.493452,0.000000,0.000000,0.000000,1.000000,1.000000
1782451589.875668,1134,0.000666,inf,STAND_TEST,0.000000,0.007590,0.010481,-0.493435,0.000000,0.000000,0.000000,1.000000,1.000000
1782451589.895527,1135,0.000468,inf,STAND_TEST,0.000000,0.007564,0.010498,-0.493446,0.000000,0.000000,0.000000,1.000000,1.000000
1782451589.915786,1136,0.000672,inf,STAND_TEST,0.000000,0.007572,0.010526,-0.493414,0.000000,0.000000,0.000000,1.000000,1.000000
1782451589.935761,1137,0.000628,inf,STAND_TEST,0.000000,0.007574,0.010561,-0.493411,0.000000,0.000000,0.000000,1.000000,1.000000
1782451589.955810,1138,0.000622,inf,STAND_TEST,0.000000,0.007569,0.010501,-0.493406,0.000000,0.000000,0.000000,1.000000,1.000000
1782451589.975652,1139,0.000411,inf,STAND_TEST,0.000000,0.007564,0.010470,-0.493358,0.000000,0.000000,0.000000,1.000000,1.000000
1782451589.995781,1140,0.000484,inf,STAND_TEST,0.000000,0.007555,0.010466,-0.493407,0.000000,0.000000,0.000000,1.000000,1.000000
1782451590.015776,1141,0.000425,inf,STAND_TEST,0.000000,0.007548,0.010465,-0.493367,0.000000,0.000000,0.000000,1.000000,1.000000
1782451590.035810,1142,0.000406,inf,STAND_TEST,0.000000,0.007539,0.010375,-0.493377,0.000000,0.000000,0.000000,1.000000,1.000000
1782451590.055850,1143,0.000391,inf,STAND_TEST,0.000000,0.007535,0.010301,-0.493363,0.000000,0.000000,0.000000,1.000000,1.000000
1782451590.075932,1144,0.000419,inf,STAND_TEST,0.000000,0.007537,0.010292,-0.493362,0.000000,0.000000,0.000000,1.000000,1.000000
1782451590.096169,1145,0.000603,inf,STAND_TEST,0.000000,0.007559,0.010221,-0.493305,0.000000,0.000000,0.000000,1.000000,1.000000
1782451590.116240,1146,0.000404,inf,STAND_TEST,0.000000,0.007562,0.010133,-0.493321,0.000000,0.000000,0.000000,1.000000,1.000000
1782451590.136257,1147,0.000368,inf,STAND_TEST,0.000000,0.007573,0.010049,-0.493297,0.000000,0.000000,0.000000,1.000000,1.000000
1782451590.156395,1148,0.000452,inf,STAND_TEST,0.000000,0.007590,0.009987,-0.493318,0.000000,0.000000,0.000000,1.000000,1.000000
1782451590.176432,1149,0.000435,inf,STAND_TEST,0.000000,0.007623,0.009981,-0.493333,0.000000,0.000000,0.000000,1.000000,1.000000
1782451590.196552,1150,0.000500,inf,STAND_TEST,0.000000,0.007633,0.009906,-0.493324,0.000000,0.000000,0.000000,1.000000,1.000000
1782451590.216766,1151,0.000657,inf,STAND_TEST,0.000000,0.007615,0.009858,-0.493351,0.000000,0.000000,0.000000,1.000000,1.000000
1782451590.236797,1152,0.000634,inf,STAND_TEST,0.000000,0.007615,0.009842,-0.493320,0.000000,0.000000,0.000000,1.000000,1.000000
1782451590.256850,1153,0.000632,inf,STAND_TEST,0.000000,0.007611,0.009841,-0.493266,0.000000,0.000000,0.000000,1.000000,1.000000
1782451590.276895,1154,0.000414,inf,STAND_TEST,0.000000,0.007615,0.009871,-0.493232,0.000000,0.000000,0.000000,1.000000,1.000000
1782451590.297076,1155,0.000537,inf,STAND_TEST,0.000000,0.007614,0.009864,-0.493235,0.000000,0.000000,0.000000,1.000000,1.000000
1782451590.317208,1156,0.000588,inf,STAND_TEST,0.000000,0.007621,0.009861,-0.493253,0.000000,0.000000,0.000000,1.000000,1.000000
1782451590.337243,1157,0.000566,inf,STAND_TEST,0.000000,0.007615,0.009847,-0.493212,0.000000,0.000000,0.000000,1.000000,1.000000
1782451590.357455,1158,0.000723,inf,STAND_TEST,0.000000,0.007605,0.009853,-0.493246,0.000000,0.000000,0.000000,1.000000,1.000000
1782451590.377470,1159,0.000683,inf,STAND_TEST,0.000000,0.007590,0.009868,-0.493234,0.000000,0.000000,0.000000,1.000000,1.000000
1782451590.397528,1160,0.000686,inf,STAND_TEST,0.000000,0.007579,0.009917,-0.493222,0.000000,0.000000,0.000000,1.000000,1.000000
1782451590.417424,1161,0.000457,inf,STAND_TEST,0.000000,0.007586,0.009944,-0.493171,0.000000,0.000000,0.000000,1.000000,1.000000
1782451590.437510,1162,0.000488,inf,STAND_TEST,0.000000,0.007575,0.009975,-0.493154,0.000000,0.000000,0.000000,1.000000,1.000000
1782451590.457534,1163,0.000457,inf,STAND_TEST,0.000000,0.007560,0.010029,-0.493162,0.000000,0.000000,0.000000,1.000000,1.000000
1782451590.477599,1164,0.000468,inf,STAND_TEST,0.000000,0.007540,0.010059,-0.493190,0.000000,0.000000,0.000000,1.000000,1.000000
1782451590.497688,1165,0.000501,inf,STAND_TEST,0.000000,0.007525,0.010114,-0.493227,0.000000,0.000000,0.000000,1.000000,1.000000
1782451590.517738,1166,0.000496,inf,STAND_TEST,0.000000,0.007506,0.010161,-0.493214,0.000000,0.000000,0.000000,1.000000,1.000000
1782451590.538011,1167,0.000713,inf,STAND_TEST,0.000000,0.007483,0.010184,-0.493206,0.000000,0.000000,0.000000,1.000000,1.000000
1782451590.558058,1168,0.000703,inf,STAND_TEST,0.000000,0.007457,0.010239,-0.493195,0.000000,0.000000,0.000000,1.000000,1.000000
1782451590.578190,1169,0.000780,inf,STAND_TEST,0.000000,0.007455,0.010271,-0.493230,0.000000,0.000000,0.000000,1.000000,1.000000
1782451590.598266,1170,0.000801,inf,STAND_TEST,0.000000,0.007442,0.010265,-0.493204,0.000000,0.000000,0.000000,1.000000,1.000000
1782451590.618322,1171,0.000686,inf,STAND_TEST,0.000000,0.007427,0.010199,-0.493190,0.000000,0.000000,0.000000,1.000000,1.000000
1782451590.638417,1172,0.000720,inf,STAND_TEST,0.000000,0.007434,0.010207,-0.493177,0.000000,0.000000,0.000000,1.000000,1.000000
1782451590.658464,1173,0.000708,inf,STAND_TEST,0.000000,0.007435,0.010229,-0.493193,0.000000,0.000000,0.000000,1.000000,1.000000
1782451590.678789,1174,0.000973,inf,STAND_TEST,0.000000,0.007427,0.010224,-0.493213,0.000000,0.000000,0.000000,1.000000,1.000000
1782451590.698931,1175,0.001057,inf,STAND_TEST,0.000000,0.007424,0.010238,-0.493174,0.000000,0.000000,0.000000,1.000000,1.000000
1782451590.718864,1176,0.000701,inf,STAND_TEST,0.000000,0.007437,0.010245,-0.493191,0.000000,0.000000,0.000000,1.000000,1.000000
1782451590.738955,1177,0.000691,inf,STAND_TEST,0.000000,0.007448,0.010268,-0.493230,0.000000,0.000000,0.000000,1.000000,1.000000
1782451590.759296,1178,0.000944,inf,STAND_TEST,0.000000,0.007452,0.010271,-0.493241,0.000000,0.000000,0.000000,1.000000,1.000000
1782451590.779597,1179,0.001115,inf,STAND_TEST,0.000000,0.007459,0.010259,-0.493283,0.000000,0.000000,0.000000,1.000000,1.000000
1782451590.799673,1180,0.001095,inf,STAND_TEST,0.000000,0.007436,0.010263,-0.493275,0.000000,0.000000,0.000000,1.000000,1.000000
1782451590.819905,1181,0.001198,inf,STAND_TEST,0.000000,0.007437,0.010198,-0.493289,0.000000,0.000000,0.000000,1.000000,1.000000
1782451590.840094,1182,0.001112,inf,STAND_TEST,0.000000,0.007442,0.010172,-0.493245,0.000000,0.000000,0.000000,1.000000,1.000000
1782451590.860219,1183,0.001101,inf,STAND_TEST,0.000000,0.007446,0.010147,-0.493258,0.000000,0.000000,0.000000,1.000000,1.000000
1782451590.880345,1184,0.001103,inf,STAND_TEST,0.000000,0.007447,0.010059,-0.493253,0.000000,0.000000,0.000000,1.000000,1.000000
1782451590.900510,1185,0.001144,inf,STAND_TEST,0.000000,0.007450,0.010032,-0.493215,0.000000,0.000000,0.000000,1.000000,1.000000
1782451590.920596,1186,0.001123,inf,STAND_TEST,0.000000,0.007445,0.009971,-0.493227,0.000000,0.000000,0.000000,1.000000,1.000000
1782451590.940431,1187,0.000833,inf,STAND_TEST,0.000000,0.007430,0.009978,-0.493234,0.000000,0.000000,0.000000,1.000000,1.000000
1782451590.960860,1188,0.001115,inf,STAND_TEST,0.000000,0.007427,0.009998,-0.493219,0.000000,0.000000,0.000000,1.000000,1.000000
1782451590.980945,1189,0.001074,inf,STAND_TEST,0.000000,0.007423,0.010023,-0.493219,0.000000,0.000000,0.000000,1.000000,1.000000
1782451591.000825,1190,0.000827,inf,STAND_TEST,0.000000,0.007451,0.010048,-0.493215,0.000000,0.000000,0.000000,1.000000,1.000000
1782451591.021237,1191,0.001103,inf,STAND_TEST,0.000000,0.007443,0.010107,-0.493275,0.000000,0.000000,0.000000,1.000000,1.000000
1782451591.041260,1192,0.000834,inf,STAND_TEST,0.000000,0.007466,0.010034,-0.493239,0.000000,0.000000,0.000000,1.000000,1.000000
1782451591.061372,1193,0.000831,inf,STAND_TEST,0.000000,0.007451,0.010020,-0.493300,0.000000,0.000000,0.000000,1.000000,1.000000
1782451591.081710,1194,0.001046,inf,STAND_TEST,0.000000,0.007439,0.010025,-0.493337,0.000000,0.000000,0.000000,1.000000,1.000000
1782451591.101867,1195,0.001081,inf,STAND_TEST,0.000000,0.007430,0.010028,-0.493362,0.000000,0.000000,0.000000,1.000000,1.000000
1782451591.122015,1196,0.000839,inf,STAND_TEST,0.000000,0.007441,0.010072,-0.493368,0.000000,0.000000,0.000000,1.000000,1.000000
1782451591.142186,1197,0.000873,inf,STAND_TEST,0.000000,0.007454,0.010076,-0.493394,0.000000,0.000000,0.000000,1.000000,1.000000
1782451591.161915,1198,0.000547,inf,STAND_TEST,0.000000,0.007438,0.010093,-0.493401,0.000000,0.000000,0.000000,1.000000,1.000000
1782451591.182142,1199,0.000719,inf,STAND_TEST,0.000000,0.007422,0.010131,-0.493381,0.000000,0.000000,0.000000,1.000000,1.000000
1782451591.202145,1200,0.000691,inf,STAND_TEST,0.000000,0.007418,0.010187,-0.493368,0.000000,0.000000,0.000000,1.000000,1.000000
1782451591.222162,1201,0.000654,inf,STAND_TEST,0.000000,0.007428,0.010192,-0.493400,0.000000,0.000000,0.000000,1.000000,1.000000
1782451591.242218,1202,0.000475,inf,STAND_TEST,0.000000,0.007419,0.010181,-0.493411,0.000000,0.000000,0.000000,1.000000,1.000000
1782451591.262253,1203,0.000454,inf,STAND_TEST,0.000000,0.007418,0.010152,-0.493383,0.000000,0.000000,0.000000,1.000000,1.000000
1782451591.282302,1204,0.000449,inf,STAND_TEST,0.000000,0.007415,0.010163,-0.493375,0.000000,0.000000,0.000000,1.000000,1.000000
1782451591.302364,1205,0.000455,inf,STAND_TEST,0.000000,0.007438,0.010169,-0.493367,0.000000,0.000000,0.000000,1.000000,1.000000
1782451591.322825,1206,0.000858,inf,STAND_TEST,0.000000,0.007433,0.010174,-0.493370,0.000000,0.000000,0.000000,1.000000,1.000000
1782451591.342711,1207,0.000689,inf,STAND_TEST,0.000000,0.007414,0.010217,-0.493382,0.000000,0.000000,0.000000,1.000000,1.000000
1782451591.362789,1208,0.000711,inf,STAND_TEST,0.000000,0.007430,0.010197,-0.493389,0.000000,0.000000,0.000000,1.000000,1.000000
1782451591.382799,1209,0.000666,inf,STAND_TEST,0.000000,0.007450,0.010229,-0.493422,0.000000,0.000000,0.000000,1.000000,1.000000
1782451591.402735,1210,0.000483,inf,STAND_TEST,0.000000,0.007449,0.010236,-0.493441,0.000000,0.000000,0.000000,1.000000,1.000000
1782451591.422733,1211,0.000425,inf,STAND_TEST,0.000000,0.007434,0.010253,-0.493448,0.000000,0.000000,0.000000,1.000000,1.000000
1782451591.442828,1212,0.000466,inf,STAND_TEST,0.000000,0.007427,0.010258,-0.493447,0.000000,0.000000,0.000000,1.000000,1.000000
1782451591.462889,1213,0.000472,inf,STAND_TEST,0.000000,0.007450,0.010242,-0.493463,0.000000,0.000000,0.000000,1.000000,1.000000
1782451591.483146,1214,0.000673,inf,STAND_TEST,0.000000,0.007435,0.010220,-0.493456,0.000000,0.000000,0.000000,1.000000,1.000000
1782451591.503224,1215,0.000696,inf,STAND_TEST,0.000000,0.007415,0.010233,-0.493459,0.000000,0.000000,0.000000,1.000000,1.000000
1782451591.523239,1216,0.000657,inf,STAND_TEST,0.000000,0.007410,0.010258,-0.493421,0.000000,0.000000,0.000000,1.000000,1.000000
1782451591.543144,1217,0.000429,inf,STAND_TEST,0.000000,0.007404,0.010238,-0.493449,0.000000,0.000000,0.000000,1.000000,1.000000
1782451591.563286,1218,0.000444,inf,STAND_TEST,0.000000,0.007381,0.010246,-0.493455,0.000000,0.000000,0.000000,1.000000,1.000000
1782451591.583347,1219,0.000451,inf,STAND_TEST,0.000000,0.007362,0.010268,-0.493462,0.000000,0.000000,0.000000,1.000000,1.000000
1782451591.603381,1220,0.000430,inf,STAND_TEST,0.000000,0.007365,0.010248,-0.493436,0.000000,0.000000,0.000000,1.000000,1.000000
1782451591.623681,1221,0.000676,inf,STAND_TEST,0.000000,0.007364,0.010282,-0.493478,0.000000,0.000000,0.000000,1.000000,1.000000
1782451591.643523,1222,0.000463,inf,STAND_TEST,0.000000,0.007338,0.010274,-0.493440,0.000000,0.000000,0.000000,1.000000,1.000000
1782451591.663760,1223,0.000645,inf,STAND_TEST,0.000000,0.007349,0.010362,-0.493483,0.000000,0.000000,0.000000,1.000000,1.000000
1782451591.683830,1224,0.000481,inf,STAND_TEST,0.000000,0.007376,0.010318,-0.493431,0.000000,0.000000,0.000000,1.000000,1.000000
1782451591.704121,1225,0.000716,inf,STAND_TEST,0.000000,0.007369,0.010373,-0.493458,0.000000,0.000000,0.000000,1.000000,1.000000
1782451591.723957,1226,0.000496,inf,STAND_TEST,0.000000,0.007384,0.010419,-0.493489,0.000000,0.000000,0.000000,1.000000,1.000000
1782451591.743989,1227,0.000473,inf,STAND_TEST,0.000000,0.007407,0.010442,-0.493494,0.000000,0.000000,0.000000,1.000000,1.000000
1782451591.764047,1228,0.000476,inf,STAND_TEST,0.000000,0.007403,0.010416,-0.493499,0.000000,0.000000,0.000000,1.000000,1.000000
1782451591.784569,1229,0.000940,inf,STAND_TEST,0.000000,0.007411,0.010426,-0.493492,0.000000,0.000000,0.000000,1.000000,1.000000
1782451591.804562,1230,0.000876,inf,STAND_TEST,0.000000,0.007393,0.010436,-0.493487,0.000000,0.000000,0.000000,1.000000,1.000000
1782451591.824641,1231,0.000896,inf,STAND_TEST,0.000000,0.007394,0.010468,-0.493498,0.000000,0.000000,0.000000,1.000000,1.000000
1782451591.844731,1232,0.000929,inf,STAND_TEST,0.000000,0.007396,0.010484,-0.493488,0.000000,0.000000,0.000000,1.000000,1.000000
1782451591.864633,1233,0.000667,inf,STAND_TEST,0.000000,0.007399,0.010485,-0.493470,0.000000,0.000000,0.000000,1.000000,1.000000
1782451591.884746,1234,0.000656,inf,STAND_TEST,0.000000,0.007374,0.010449,-0.493445,0.000000,0.000000,0.000000,1.000000,1.000000
1782451591.904595,1235,0.000487,inf,STAND_TEST,0.000000,0.007378,0.010429,-0.493458,0.000000,0.000000,0.000000,1.000000,1.000000
1782451591.924622,1236,0.000459,inf,STAND_TEST,0.000000,0.007374,0.010397,-0.493465,0.000000,0.000000,0.000000,1.000000,1.000000
1782451591.944736,1237,0.000516,inf,STAND_TEST,0.000000,0.007400,0.010393,-0.493445,0.000000,0.000000,0.000000,1.000000,1.000000
1782451591.965029,1238,0.000702,inf,STAND_TEST,0.000000,0.007441,0.010423,-0.493479,0.000000,0.000000,0.000000,1.000000,1.000000
1782451591.985068,1239,0.000428,inf,STAND_TEST,0.000000,0.007428,0.010469,-0.493480,0.000000,0.000000,0.000000,1.000000,1.000000
1782451592.005541,1240,0.000715,inf,STAND_TEST,0.000000,0.007431,0.010505,-0.493485,0.000000,0.000000,0.000000,1.000000,1.000000
1782451592.025931,1241,0.000977,inf,STAND_TEST,0.000000,0.007420,0.010492,-0.493472,0.000000,0.000000,0.000000,1.000000,1.000000
1782451592.046058,1242,0.000978,inf,STAND_TEST,0.000000,0.007434,0.010503,-0.493427,0.000000,0.000000,0.000000,1.000000,1.000000
1782451592.066185,1243,0.000986,inf,STAND_TEST,0.000000,0.007428,0.010499,-0.493429,0.000000,0.000000,0.000000,1.000000,1.000000
1782451592.085869,1244,0.000518,inf,STAND_TEST,0.000000,0.007416,0.010458,-0.493438,0.000000,0.000000,0.000000,1.000000,1.000000
1782451592.105831,1245,0.000425,inf,STAND_TEST,0.000000,0.007420,0.010431,-0.493395,0.000000,0.000000,0.000000,1.000000,1.000000
1782451592.125877,1246,0.000424,inf,STAND_TEST,0.000000,0.007417,0.010431,-0.493407,0.000000,0.000000,0.000000,1.000000,1.000000
1782451592.145913,1247,0.000407,inf,STAND_TEST,0.000000,0.007408,0.010445,-0.493420,0.000000,0.000000,0.000000,1.000000,1.000000
1782451592.166009,1248,0.000443,inf,STAND_TEST,0.000000,0.007419,0.010436,-0.493423,0.000000,0.000000,0.000000,1.000000,1.000000
1782451592.186332,1249,0.000708,inf,STAND_TEST,0.000000,0.007406,0.010483,-0.493412,0.000000,0.000000,0.000000,1.000000,1.000000
1782451592.206365,1250,0.000684,inf,STAND_TEST,0.000000,0.007388,0.010504,-0.493402,0.000000,0.000000,0.000000,1.000000,1.000000
1782451592.226295,1251,0.000457,inf,STAND_TEST,0.000000,0.007367,0.010474,-0.493377,0.000000,0.000000,0.000000,1.000000,1.000000
1782451592.246302,1252,0.000410,inf,STAND_TEST,0.000000,0.007371,0.010478,-0.493367,0.000000,0.000000,0.000000,1.000000,1.000000
1782451592.266341,1253,0.000396,inf,STAND_TEST,0.000000,0.007379,0.010543,-0.493382,0.000000,0.000000,0.000000,1.000000,1.000000
1782451592.286388,1254,0.000389,inf,STAND_TEST,0.000000,0.007359,0.010531,-0.493347,0.000000,0.000000,0.000000,1.000000,1.000000
1782451592.306529,1255,0.000476,inf,STAND_TEST,0.000000,0.007386,0.010598,-0.493360,0.000000,0.000000,0.000000,1.000000,1.000000
1782451592.326967,1256,0.000857,inf,STAND_TEST,0.000000,0.007346,0.010554,-0.493347,0.000000,0.000000,0.000000,1.000000,1.000000
1782451592.346911,1257,0.000745,inf,STAND_TEST,0.000000,0.007335,0.010602,-0.493346,0.000000,0.000000,0.000000,1.000000,1.000000
1782451592.366878,1258,0.000659,inf,STAND_TEST,0.000000,0.007316,0.010586,-0.493351,0.000000,0.000000,0.000000,1.000000,1.000000
1782451592.386810,1259,0.000455,inf,STAND_TEST,0.000000,0.007320,0.010629,-0.493406,0.000000,0.000000,0.000000,1.000000,1.000000
1782451592.406987,1260,0.000471,inf,STAND_TEST,0.000000,0.007367,0.010645,-0.493368,0.000000,0.000000,0.000000,1.000000,1.000000
1782451592.426996,1261,0.000425,inf,STAND_TEST,0.000000,0.007360,0.010701,-0.493355,0.000000,0.000000,0.000000,1.000000,1.000000
1782451592.447060,1262,0.000436,inf,STAND_TEST,0.000000,0.007322,0.010705,-0.493368,0.000000,0.000000,0.000000,1.000000,1.000000
1782451592.467138,1263,0.000459,inf,STAND_TEST,0.000000,0.007318,0.010727,-0.493374,0.000000,0.000000,0.000000,1.000000,1.000000
1782451592.487165,1264,0.000432,inf,STAND_TEST,0.000000,0.007323,0.010732,-0.493377,0.000000,0.000000,0.000000,1.000000,1.000000
1782451592.507440,1265,0.000653,inf,STAND_TEST,0.000000,0.007320,0.010764,-0.493413,0.000000,0.000000,0.000000,1.000000,1.000000
1782451592.527460,1266,0.000620,inf,STAND_TEST,0.000000,0.007295,0.010753,-0.493401,0.000000,0.000000,0.000000,1.000000,1.000000
1782451592.547342,1267,0.000442,inf,STAND_TEST,0.000000,0.007308,0.010778,-0.493409,0.000000,0.000000,0.000000,1.000000,1.000000
1782451592.567514,1268,0.000494,inf,STAND_TEST,0.000000,0.007276,0.010756,-0.493365,0.000000,0.000000,0.000000,1.000000,1.000000
1782451592.587492,1269,0.000419,inf,STAND_TEST,0.000000,0.007272,0.010736,-0.493374,0.000000,0.000000,0.000000,1.000000,1.000000
1782451592.607530,1270,0.000402,inf,STAND_TEST,0.000000,0.007297,0.010724,-0.493390,0.000000,0.000000,0.000000,1.000000,1.000000
1782451592.627631,1271,0.000449,inf,STAND_TEST,0.000000,0.007313,0.010738,-0.493364,0.000000,0.000000,0.000000,1.000000,1.000000
1782451592.647910,1272,0.000673,inf,STAND_TEST,0.000000,0.007326,0.010783,-0.493411,0.000000,0.000000,0.000000,1.000000,1.000000
1782451592.667955,1273,0.000663,inf,STAND_TEST,0.000000,0.007335,0.010810,-0.493420,0.000000,0.000000,0.000000,1.000000,1.000000
1782451592.688103,1274,0.000485,inf,STAND_TEST,0.000000,0.007344,0.010820,-0.493419,0.000000,0.000000,0.000000,1.000000,1.000000
1782451592.708149,1275,0.000476,inf,STAND_TEST,0.000000,0.007329,0.010877,-0.493431,0.000000,0.000000,0.000000,1.000000,1.000000
1782451592.728164,1276,0.000434,inf,STAND_TEST,0.000000,0.007351,0.010862,-0.493401,0.000000,0.000000,0.000000,1.000000,1.000000
1782451592.748432,1277,0.000645,inf,STAND_TEST,0.000000,0.007355,0.010868,-0.493367,0.000000,0.000000,0.000000,1.000000,1.000000
1782451592.768552,1278,0.000707,inf,STAND_TEST,0.000000,0.007333,0.010891,-0.493361,0.000000,0.000000,0.000000,1.000000,1.000000
1782451592.788635,1279,0.000734,inf,STAND_TEST,0.000000,0.007329,0.010937,-0.493376,0.000000,0.000000,0.000000,1.000000,1.000000
1782451592.808636,1280,0.000679,inf,STAND_TEST,0.000000,0.007318,0.010929,-0.493405,0.000000,0.000000,0.000000,1.000000,1.000000
1782451592.828731,1281,0.000493,inf,STAND_TEST,0.000000,0.007302,0.010947,-0.493435,0.000000,0.000000,0.000000,1.000000,1.000000
1782451592.848937,1282,0.000643,inf,STAND_TEST,0.000000,0.007308,0.010929,-0.493465,0.000000,0.000000,0.000000,1.000000,1.000000
1782451592.868836,1283,0.000486,inf,STAND_TEST,0.000000,0.007310,0.010913,-0.493443,0.000000,0.000000,0.000000,1.000000,1.000000
1782451592.888862,1284,0.000457,inf,STAND_TEST,0.000000,0.007300,0.010897,-0.493458,0.000000,0.000000,0.000000,1.000000,1.000000
1782451592.908921,1285,0.000462,inf,STAND_TEST,0.000000,0.007323,0.010922,-0.493423,0.000000,0.000000,0.000000,1.000000,1.000000
1782451592.928976,1286,0.000461,inf,STAND_TEST,0.000000,0.007327,0.010970,-0.493399,0.000000,0.000000,0.000000,1.000000,1.000000
1782451592.949233,1287,0.000662,inf,STAND_TEST,0.000000,0.007327,0.010985,-0.493398,0.000000,0.000000,0.000000,1.000000,1.000000
1782451592.969310,1288,0.000684,inf,STAND_TEST,0.000000,0.007325,0.010938,-0.493409,0.000000,0.000000,0.000000,1.000000,1.000000
1782451592.989276,1289,0.000443,inf,STAND_TEST,0.000000,0.007309,0.010940,-0.493378,0.000000,0.000000,0.000000,1.000000,1.000000
1782451593.009297,1290,0.000411,inf,STAND_TEST,0.000000,0.007315,0.011010,-0.493338,0.000000,0.000000,0.000000,1.000000,1.000000
1782451593.029380,1291,0.000439,inf,STAND_TEST,0.000000,0.007319,0.011082,-0.493337,0.000000,0.000000,0.000000,1.000000,1.000000
1782451593.049420,1292,0.000426,inf,STAND_TEST,0.000000,0.007333,0.011131,-0.493329,0.000000,0.000000,0.000000,1.000000,1.000000
1782451593.069741,1293,0.000692,inf,STAND_TEST,0.000000,0.007334,0.011138,-0.493304,0.000000,0.000000,0.000000,1.000000,1.000000
1782451593.089739,1294,0.000636,inf,STAND_TEST,0.000000,0.007316,0.011130,-0.493282,0.000000,0.000000,0.000000,1.000000,1.000000
1782451593.109773,1295,0.000617,inf,STAND_TEST,0.000000,0.007363,0.011150,-0.493281,0.000000,0.000000,0.000000,1.000000,1.000000
1782451593.129660,1296,0.000432,inf,STAND_TEST,0.000000,0.007369,0.011179,-0.493244,0.000000,0.000000,0.000000,1.000000,1.000000
1782451593.149703,1297,0.000420,inf,STAND_TEST,0.000000,0.007358,0.011163,-0.493231,0.000000,0.000000,0.000000,1.000000,1.000000
1782451593.169795,1298,0.000459,inf,STAND_TEST,0.000000,0.007356,0.011170,-0.493236,0.000000,0.000000,0.000000,1.000000,1.000000
1782451593.189807,1299,0.000417,inf,STAND_TEST,0.000000,0.007363,0.011176,-0.493216,0.000000,0.000000,0.000000,1.000000,1.000000
1782451593.209913,1300,0.000469,inf,STAND_TEST,0.000000,0.007367,0.011138,-0.493253,0.000000,0.000000,0.000000,1.000000,1.000000
1782451593.230056,1301,0.000601,inf,STAND_TEST,0.000000,0.007332,0.011080,-0.493249,0.000000,0.000000,0.000000,1.000000,1.000000
1782451593.250188,1302,0.000677,inf,STAND_TEST,0.000000,0.007331,0.011054,-0.493247,0.000000,0.000000,0.000000,1.000000,1.000000
1782451593.270001,1303,0.000433,inf,STAND_TEST,0.000000,0.007321,0.011069,-0.493252,0.000000,0.000000,0.000000,1.000000,1.000000
1782451593.290326,1304,0.000704,inf,STAND_TEST,0.000000,0.007360,0.011060,-0.493253,0.000000,0.000000,0.000000,1.000000,1.000000
1782451593.310262,1305,0.000452,inf,STAND_TEST,0.000000,0.007363,0.011036,-0.493253,0.000000,0.000000,0.000000,1.000000,1.000000
1782451593.330352,1306,0.000425,inf,STAND_TEST,0.000000,0.007334,0.011029,-0.493210,0.000000,0.000000,0.000000,1.000000,1.000000
1782451593.350464,1307,0.000435,inf,STAND_TEST,0.000000,0.007323,0.011029,-0.493242,0.000000,0.000000,0.000000,1.000000,1.000000
1782451593.370590,1308,0.000464,inf,STAND_TEST,0.000000,0.007303,0.011004,-0.493260,0.000000,0.000000,0.000000,1.000000,1.000000
1782451593.390894,1309,0.000709,inf,STAND_TEST,0.000000,0.007303,0.010967,-0.493301,0.000000,0.000000,0.000000,1.000000,1.000000
1782451593.410923,1310,0.000681,inf,STAND_TEST,0.000000,0.007279,0.010972,-0.493347,0.000000,0.000000,0.000000,1.000000,1.000000
1782451593.430989,1311,0.000689,inf,STAND_TEST,0.000000,0.007261,0.010990,-0.493341,0.000000,0.000000,0.000000,1.000000,1.000000
1782451593.450941,1312,0.000457,inf,STAND_TEST,0.000000,0.007239,0.010989,-0.493369,0.000000,0.000000,0.000000,1.000000,1.000000
1782451593.470995,1313,0.000455,inf,STAND_TEST,0.000000,0.007246,0.011036,-0.493348,0.000000,0.000000,0.000000,1.000000,1.000000
1782451593.491036,1314,0.000440,inf,STAND_TEST,0.000000,0.007249,0.011085,-0.493369,0.000000,0.000000,0.000000,1.000000,1.000000
1782451593.511128,1315,0.000475,inf,STAND_TEST,0.000000,0.007260,0.011136,-0.493382,0.000000,0.000000,0.000000,1.000000,1.000000
1782451593.531137,1316,0.000428,inf,STAND_TEST,0.000000,0.007245,0.011179,-0.493408,0.000000,0.000000,0.000000,1.000000,1.000000
1782451593.551430,1317,0.000666,inf,STAND_TEST,0.000000,0.007250,0.011205,-0.493366,0.000000,0.000000,0.000000,1.000000,1.000000
1782451593.571491,1318,0.000671,inf,STAND_TEST,0.000000,0.007214,0.011224,-0.493341,0.000000,0.000000,0.000000,1.000000,1.000000
1782451593.591569,1319,0.000695,inf,STAND_TEST,0.000000,0.007227,0.011270,-0.493311,0.000000,0.000000,0.000000,1.000000,1.000000
1782451593.611417,1320,0.000489,inf,STAND_TEST,0.000000,0.007199,0.011313,-0.493364,0.000000,0.000000,0.000000,1.000000,1.000000
1782451593.631589,1321,0.000576,inf,STAND_TEST,0.000000,0.007190,0.011330,-0.493395,0.000000,0.000000,0.000000,1.000000,1.000000
1782451593.651545,1322,0.000478,inf,STAND_TEST,0.000000,0.007207,0.011316,-0.493371,0.000000,0.000000,0.000000,1.000000,1.000000
1782451593.671565,1323,0.000442,inf,STAND_TEST,0.000000,0.007221,0.011299,-0.493334,0.000000,0.000000,0.000000,1.000000,1.000000
1782451593.691867,1324,0.000690,inf,STAND_TEST,0.000000,0.007219,0.011284,-0.493307,0.000000,0.000000,0.000000,1.000000,1.000000
1782451593.711964,1325,0.000729,inf,STAND_TEST,0.000000,0.007210,0.011325,-0.493318,0.000000,0.000000,0.000000,1.000000,1.000000
1782451593.731977,1326,0.000686,inf,STAND_TEST,0.000000,0.007217,0.011328,-0.493284,0.000000,0.000000,0.000000,1.000000,1.000000
1782451593.752122,1327,0.000777,inf,STAND_TEST,0.000000,0.007265,0.011320,-0.493286,0.000000,0.000000,0.000000,1.000000,1.000000
1782451593.772078,1328,0.000675,inf,STAND_TEST,0.000000,0.007270,0.011304,-0.493293,0.000000,0.000000,0.000000,1.000000,1.000000
1782451593.791945,1329,0.000455,inf,STAND_TEST,0.000000,0.007259,0.011273,-0.493327,0.000000,0.000000,0.000000,1.000000,1.000000
1782451593.811943,1330,0.000400,inf,STAND_TEST,0.000000,0.007250,0.011297,-0.493311,0.000000,0.000000,0.000000,1.000000,1.000000
1782451593.832073,1331,0.000476,inf,STAND_TEST,0.000000,0.007288,0.011306,-0.493292,0.000000,0.000000,0.000000,1.000000,1.000000
1782451593.852103,1332,0.000451,inf,STAND_TEST,0.000000,0.007310,0.011354,-0.493277,0.000000,0.000000,0.000000,1.000000,1.000000
1782451593.872141,1333,0.000435,inf,STAND_TEST,0.000000,0.007298,0.011311,-0.493247,0.000000,0.000000,0.000000,1.000000,1.000000
1782451593.892511,1334,0.000749,inf,STAND_TEST,0.000000,0.007290,0.011312,-0.493203,0.000000,0.000000,0.000000,1.000000,1.000000
1782451593.912753,1335,0.000935,inf,STAND_TEST,0.000000,0.007289,0.011281,-0.493185,0.000000,0.000000,0.000000,1.000000,1.000000
1782451593.932647,1336,0.000659,inf,STAND_TEST,0.000000,0.007304,0.011296,-0.493173,0.000000,0.000000,0.000000,1.000000,1.000000
1782451593.952836,1337,0.000709,inf,STAND_TEST,0.000000,0.007282,0.011294,-0.493181,0.000000,0.000000,0.000000,1.000000,1.000000
1782451593.972884,1338,0.000699,inf,STAND_TEST,0.000000,0.007295,0.011236,-0.493100,0.000000,0.000000,0.000000,1.000000,1.000000
1782451593.992890,1339,0.000648,inf,STAND_TEST,0.000000,0.007300,0.011223,-0.493122,0.000000,0.000000,0.000000,1.000000,1.000000
1782451594.013048,1340,0.000668,inf,STAND_TEST,0.000000,0.007314,0.011234,-0.493087,0.000000,0.000000,0.000000,1.000000,1.000000
1782451594.033312,1341,0.000874,inf,STAND_TEST,0.000000,0.007299,0.011244,-0.493068,0.000000,0.000000,0.000000,1.000000,1.000000
1782451594.053292,1342,0.000797,inf,STAND_TEST,0.000000,0.007309,0.011267,-0.493061,0.000000,0.000000,0.000000,1.000000,1.000000
1782451594.073233,1343,0.000501,inf,STAND_TEST,0.000000,0.007322,0.011336,-0.493079,0.000000,0.000000,0.000000,1.000000,1.000000
1782451594.093222,1344,0.000437,inf,STAND_TEST,0.000000,0.007315,0.011351,-0.493050,0.000000,0.000000,0.000000,1.000000,1.000000
1782451594.113249,1345,0.000411,inf,STAND_TEST,0.000000,0.007327,0.011367,-0.493037,0.000000,0.000000,0.000000,1.000000,1.000000
1782451594.133320,1346,0.000429,inf,STAND_TEST,0.000000,0.007338,0.011408,-0.493021,0.000000,0.000000,0.000000,1.000000,1.000000
1782451594.153425,1347,0.000478,inf,STAND_TEST,0.000000,0.007348,0.011435,-0.493055,0.000000,0.000000,0.000000,1.000000,1.000000
1782451594.173472,1348,0.000468,inf,STAND_TEST,0.000000,0.007333,0.011440,-0.493034,0.000000,0.000000,0.000000,1.000000,1.000000
1782451594.193853,1349,0.000793,inf,STAND_TEST,0.000000,0.007317,0.011391,-0.493067,0.000000,0.000000,0.000000,1.000000,1.000000
1782451594.213891,1350,0.000775,inf,STAND_TEST,0.000000,0.007301,0.011400,-0.493077,0.000000,0.000000,0.000000,1.000000,1.000000
1782451594.233754,1351,0.000480,inf,STAND_TEST,0.000000,0.007312,0.011381,-0.493061,0.000000,0.000000,0.000000,1.000000,1.000000
1782451594.253806,1352,0.000476,inf,STAND_TEST,0.000000,0.007313,0.011340,-0.493088,0.000000,0.000000,0.000000,1.000000,1.000000
1782451594.273839,1353,0.000453,inf,STAND_TEST,0.000000,0.007312,0.011343,-0.493126,0.000000,0.000000,0.000000,1.000000,1.000000
1782451594.293927,1354,0.000486,inf,STAND_TEST,0.000000,0.007323,0.011280,-0.493128,0.000000,0.000000,0.000000,1.000000,1.000000
1782451594.314320,1355,0.000864,inf,STAND_TEST,0.000000,0.007320,0.011265,-0.493093,0.000000,0.000000,0.000000,1.000000,1.000000
1782451594.334352,1356,0.000834,inf,STAND_TEST,0.000000,0.007316,0.011277,-0.493128,0.000000,0.000000,0.000000,1.000000,1.000000
1782451594.354338,1357,0.000766,inf,STAND_TEST,0.000000,0.007334,0.011225,-0.493095,0.000000,0.000000,0.000000,1.000000,1.000000
1782451594.374393,1358,0.000766,inf,STAND_TEST,0.000000,0.007322,0.011215,-0.493124,0.000000,0.000000,0.000000,1.000000,1.000000
1782451594.394359,1359,0.000487,inf,STAND_TEST,0.000000,0.007325,0.011158,-0.493135,0.000000,0.000000,0.000000,1.000000,1.000000
1782451594.414356,1360,0.000430,inf,STAND_TEST,0.000000,0.007310,0.011097,-0.493135,0.000000,0.000000,0.000000,1.000000,1.000000
1782451594.434444,1361,0.000464,inf,STAND_TEST,0.000000,0.007308,0.011118,-0.493131,0.000000,0.000000,0.000000,1.000000,1.000000
1782451594.454454,1362,0.000420,inf,STAND_TEST,0.000000,0.007335,0.011130,-0.493116,0.000000,0.000000,0.000000,1.000000,1.000000
1782451594.474488,1363,0.000400,inf,STAND_TEST,0.000000,0.007331,0.011120,-0.493075,0.000000,0.000000,0.000000,1.000000,1.000000
1782451594.494792,1364,0.000458,inf,STAND_TEST,0.000000,0.007343,0.011086,-0.493027,0.000000,0.000000,0.000000,1.000000,1.000000
1782451594.514805,1365,0.000417,inf,STAND_TEST,0.000000,0.007326,0.011112,-0.493020,0.000000,0.000000,0.000000,1.000000,1.000000
1782451594.534932,1366,0.000435,inf,STAND_TEST,0.000000,0.007330,0.011103,-0.493022,0.000000,0.000000,0.000000,1.000000,1.000000
1782451594.554989,1367,0.000432,inf,STAND_TEST,0.000000,0.007343,0.011081,-0.492997,0.000000,0.000000,0.000000,1.000000,1.000000
1782451594.575053,1368,0.000442,inf,STAND_TEST,0.000000,0.007335,0.011064,-0.492967,0.000000,0.000000,0.000000,1.000000,1.000000
1782451594.595071,1369,0.000405,inf,STAND_TEST,0.000000,0.007330,0.011073,-0.492967,0.000000,0.000000,0.000000,1.000000,1.000000
1782451594.615163,1370,0.000442,inf,STAND_TEST,0.000000,0.007320,0.011049,-0.492956,0.000000,0.000000,0.000000,1.000000,1.000000
1782451594.635391,1371,0.000617,inf,STAND_TEST,0.000000,0.007300,0.011057,-0.492948,0.000000,0.000000,0.000000,1.000000,1.000000
1782451594.655448,1372,0.000620,inf,STAND_TEST,0.000000,0.007289,0.011030,-0.492901,0.000000,0.000000,0.000000,1.000000,1.000000
1782451594.675593,1373,0.000472,inf,STAND_TEST,0.000000,0.007295,0.011034,-0.492919,0.000000,0.000000,0.000000,1.000000,1.000000
1782451594.695591,1374,0.000416,inf,STAND_TEST,0.000000,0.007293,0.011003,-0.492965,0.000000,0.000000,0.000000,1.000000,1.000000
1782451594.715681,1375,0.000451,inf,STAND_TEST,0.000000,0.007270,0.011028,-0.492970,0.000000,0.000000,0.000000,1.000000,1.000000
1782451594.736080,1376,0.000796,inf,STAND_TEST,0.000000,0.007271,0.011012,-0.492933,0.000000,0.000000,0.000000,1.000000,1.000000
1782451594.756077,1377,0.000740,inf,STAND_TEST,0.000000,0.007258,0.011020,-0.492943,0.000000,0.000000,0.000000,1.000000,1.000000
1782451594.776017,1378,0.000626,inf,STAND_TEST,0.000000,0.007272,0.010993,-0.492938,0.000000,0.000000,0.000000,1.000000,1.000000
1782451594.796094,1379,0.000649,inf,STAND_TEST,0.000000,0.007282,0.010979,-0.492931,0.000000,0.000000,0.000000,1.000000,1.000000
1782451594.816067,1380,0.000421,inf,STAND_TEST,0.000000,0.007280,0.010964,-0.492917,0.000000,0.000000,0.000000,1.000000,1.000000
1782451594.836128,1381,0.000427,inf,STAND_TEST,0.000000,0.007303,0.010957,-0.492881,0.000000,0.000000,0.000000,1.000000,1.000000
1782451594.856220,1382,0.000488,inf,STAND_TEST,0.000000,0.007259,0.010907,-0.492901,0.000000,0.000000,0.000000,1.000000,1.000000
1782451594.876252,1383,0.000466,inf,STAND_TEST,0.000000,0.007269,0.010902,-0.492916,0.000000,0.000000,0.000000,1.000000,1.000000
1782451594.896645,1384,0.000805,inf,STAND_TEST,0.000000,0.007254,0.010835,-0.492912,0.000000,0.000000,0.000000,1.000000,1.000000
1782451594.916688,1385,0.000793,inf,STAND_TEST,0.000000,0.007266,0.010867,-0.492951,0.000000,0.000000,0.000000,1.000000,1.000000
1782451594.936735,1386,0.000786,inf,STAND_TEST,0.000000,0.007294,0.010811,-0.492958,0.000000,0.000000,0.000000,1.000000,1.000000
1782451594.956815,1387,0.000811,inf,STAND_TEST,0.000000,0.007293,0.010773,-0.492945,0.000000,0.000000,0.000000,1.000000,1.000000
1782451594.976693,1388,0.000437,inf,STAND_TEST,0.000000,0.007293,0.010758,-0.492903,0.000000,0.000000,0.000000,1.000000,1.000000
1782451594.996741,1389,0.000431,inf,STAND_TEST,0.000000,0.007297,0.010735,-0.492906,0.000000,0.000000,0.000000,1.000000,1.000000
1782451595.016780,1390,0.000415,inf,STAND_TEST,0.000000,0.007302,0.010688,-0.492936,0.000000,0.000000,0.000000,1.000000,1.000000
1782451595.037072,1391,0.000653,inf,STAND_TEST,0.000000,0.007309,0.010653,-0.492935,0.000000,0.000000,0.000000,1.000000,1.000000
1782451595.056904,1392,0.000476,inf,STAND_TEST,0.000000,0.007294,0.010618,-0.492943,0.000000,0.000000,0.000000,1.000000,1.000000
1782451595.077106,1393,0.000624,inf,STAND_TEST,0.000000,0.007299,0.010584,-0.493002,0.000000,0.000000,0.000000,1.000000,1.000000
1782451595.097138,1394,0.000602,inf,STAND_TEST,0.000000,0.007276,0.010574,-0.492999,0.000000,0.000000,0.000000,1.000000,1.000000
1782451595.117076,1395,0.000461,inf,STAND_TEST,0.000000,0.007252,0.010542,-0.493001,0.000000,0.000000,0.000000,1.000000,1.000000
1782451595.137116,1396,0.000432,inf,STAND_TEST,0.000000,0.007283,0.010502,-0.492992,0.000000,0.000000,0.000000,1.000000,1.000000
1782451595.157253,1397,0.000484,inf,STAND_TEST,0.000000,0.007275,0.010495,-0.492966,0.000000,0.000000,0.000000,1.000000,1.000000
1782451595.177288,1398,0.000464,inf,STAND_TEST,0.000000,0.007293,0.010510,-0.492952,0.000000,0.000000,0.000000,1.000000,1.000000
1782451595.197320,1399,0.000440,inf,STAND_TEST,0.000000,0.007297,0.010457,-0.492910,0.000000,0.000000,0.000000,1.000000,1.000000
1782451595.217397,1400,0.000463,inf,STAND_TEST,0.000000,0.007284,0.010418,-0.492930,0.000000,0.000000,0.000000,1.000000,1.000000
1782451595.237681,1401,0.000692,inf,STAND_TEST,0.000000,0.007270,0.010399,-0.492918,0.000000,0.000000,0.000000,1.000000,1.000000
1782451595.257728,1402,0.000476,inf,STAND_TEST,0.000000,0.007267,0.010426,-0.492933,0.000000,0.000000,0.000000,1.000000,1.000000
1782451595.277858,1403,0.000463,inf,STAND_TEST,0.000000,0.007270,0.010457,-0.492932,0.000000,0.000000,0.000000,1.000000,1.000000
1782451595.297915,1404,0.000460,inf,STAND_TEST,0.000000,0.007254,0.010384,-0.492886,0.000000,0.000000,0.000000,1.000000,1.000000
1782451595.317954,1405,0.000445,inf,STAND_TEST,0.000000,0.007253,0.010370,-0.492916,0.000000,0.000000,0.000000,1.000000,1.000000
1782451595.338020,1406,0.000457,inf,STAND_TEST,0.000000,0.007268,0.010346,-0.492894,0.000000,0.000000,0.000000,1.000000,1.000000
1782451595.358058,1407,0.000440,inf,STAND_TEST,0.000000,0.007264,0.010330,-0.492880,0.000000,0.000000,0.000000,1.000000,1.000000
1782451595.378393,1408,0.000715,inf,STAND_TEST,0.000000,0.007261,0.010321,-0.492860,0.000000,0.000000,0.000000,1.000000,1.000000
1782451595.398703,1409,0.000969,inf,STAND_TEST,0.000000,0.007257,0.010286,-0.492878,0.000000,0.000000,0.000000,1.000000,1.000000
1782451595.418618,1410,0.000830,inf,STAND_TEST,0.000000,0.007265,0.010268,-0.492874,0.000000,0.000000,0.000000,1.000000,1.000000
1782451595.438321,1411,0.000476,inf,STAND_TEST,0.000000,0.007253,0.010213,-0.492884,0.000000,0.000000,0.000000,1.000000,1.000000
1782451595.458390,1412,0.000491,inf,STAND_TEST,0.000000,0.007280,0.010233,-0.492849,0.000000,0.000000,0.000000,1.000000,1.000000
1782451595.478409,1413,0.000456,inf,STAND_TEST,0.000000,0.007296,0.010204,-0.492849,0.000000,0.000000,0.000000,1.000000,1.000000
1782451595.498590,1414,0.000581,inf,STAND_TEST,0.000000,0.007289,0.010181,-0.492831,0.000000,0.000000,0.000000,1.000000,1.000000
1782451595.518486,1415,0.000422,inf,STAND_TEST,0.000000,0.007300,0.010158,-0.492801,0.000000,0.000000,0.000000,1.000000,1.000000
1782451595.538589,1416,0.000470,inf,STAND_TEST,0.000000,0.007279,0.010156,-0.492771,0.000000,0.000000,0.000000,1.000000,1.000000
1782451595.558926,1417,0.000752,inf,STAND_TEST,0.000000,0.007284,0.010179,-0.492773,0.000000,0.000000,0.000000,1.000000,1.000000
1782451595.578930,1418,0.000701,inf,STAND_TEST,0.000000,0.007287,0.010137,-0.492796,0.000000,0.000000,0.000000,1.000000,1.000000
1782451595.598922,1419,0.000665,inf,STAND_TEST,0.000000,0.007296,0.010136,-0.492819,0.000000,0.000000,0.000000,1.000000,1.000000
1782451595.618804,1420,0.000436,inf,STAND_TEST,0.000000,0.007300,0.010127,-0.492788,0.000000,0.000000,0.000000,1.000000,1.000000
1782451595.638880,1421,0.000457,inf,STAND_TEST,0.000000,0.007274,0.010123,-0.492802,0.000000,0.000000,0.000000,1.000000,1.000000
1782451595.658896,1422,0.000419,inf,STAND_TEST,0.000000,0.007267,0.010148,-0.492844,0.000000,0.000000,0.000000,1.000000,1.000000
1782451595.678997,1423,0.000465,inf,STAND_TEST,0.000000,0.007271,0.010180,-0.492866,0.000000,0.000000,0.000000,1.000000,1.000000
1782451595.699252,1424,0.000665,inf,STAND_TEST,0.000000,0.007246,0.010209,-0.492857,0.000000,0.000000,0.000000,1.000000,1.000000
1782451595.719275,1425,0.000633,inf,STAND_TEST,0.000000,0.007245,0.010206,-0.492871,0.000000,0.000000,0.000000,1.000000,1.000000
1782451595.739326,1426,0.000632,inf,STAND_TEST,0.000000,0.007257,0.010217,-0.492844,0.000000,0.000000,0.000000,1.000000,1.000000
1782451595.759403,1427,0.000654,inf,STAND_TEST,0.000000,0.007274,0.010193,-0.492855,0.000000,0.000000,0.000000,1.000000,1.000000
1782451595.779426,1428,0.000430,inf,STAND_TEST,0.000000,0.007297,0.010144,-0.492825,0.000000,0.000000,0.000000,1.000000,1.000000
1782451595.799497,1429,0.000446,inf,STAND_TEST,0.000000,0.007294,0.010160,-0.492817,0.000000,0.000000,0.000000,1.000000,1.000000
1782451595.819521,1430,0.000416,inf,STAND_TEST,0.000000,0.007291,0.010157,-0.492838,0.000000,0.000000,0.000000,1.000000,1.000000
1782451595.839616,1431,0.000456,inf,STAND_TEST,0.000000,0.007300,0.010146,-0.492839,0.000000,0.000000,0.000000,1.000000,1.000000
1782451595.859851,1432,0.000637,inf,STAND_TEST,0.000000,0.007273,0.010134,-0.492820,0.000000,0.000000,0.000000,1.000000,1.000000
1782451595.879905,1433,0.000636,inf,STAND_TEST,0.000000,0.007255,0.010129,-0.492831,0.000000,0.000000,0.000000,1.000000,1.000000
1782451595.899962,1434,0.000461,inf,STAND_TEST,0.000000,0.007251,0.010161,-0.492826,0.000000,0.000000,0.000000,1.000000,1.000000
1782451595.920026,1435,0.000439,inf,STAND_TEST,0.000000,0.007240,0.010192,-0.492797,0.000000,0.000000,0.000000,1.000000,1.000000
1782451595.940054,1436,0.000413,inf,STAND_TEST,0.000000,0.007255,0.010145,-0.492827,0.000000,0.000000,0.000000,1.000000,1.000000
1782451595.960145,1437,0.000450,inf,STAND_TEST,0.000000,0.007262,0.010123,-0.492854,0.000000,0.000000,0.000000,1.000000,1.000000
1782451595.980424,1438,0.000675,inf,STAND_TEST,0.000000,0.007260,0.010129,-0.492871,0.000000,0.000000,0.000000,1.000000,1.000000
1782451596.000263,1439,0.000414,inf,STAND_TEST,0.000000,0.007250,0.010096,-0.492879,0.000000,0.000000,0.000000,1.000000,1.000000
1782451596.020524,1440,0.000621,inf,STAND_TEST,0.000000,0.007266,0.010059,-0.492837,0.000000,0.000000,0.000000,1.000000,1.000000
1782451596.040548,1441,0.000591,inf,STAND_TEST,0.000000,0.007273,0.010063,-0.492865,0.000000,0.000000,0.000000,1.000000,1.000000
1782451596.060658,1442,0.000647,inf,STAND_TEST,0.000000,0.007274,0.010064,-0.492838,0.000000,0.000000,0.000000,1.000000,1.000000
1782451596.080564,1443,0.000436,inf,STAND_TEST,0.000000,0.007272,0.010015,-0.492790,0.000000,0.000000,0.000000,1.000000,1.000000
1782451596.100750,1444,0.000565,inf,STAND_TEST,0.000000,0.007284,0.010023,-0.492794,0.000000,0.000000,0.000000,1.000000,1.000000
1782451596.120688,1445,0.000449,inf,STAND_TEST,0.000000,0.007277,0.009986,-0.492749,0.000000,0.000000,0.000000,1.000000,1.000000
1782451596.140695,1446,0.000402,inf,STAND_TEST,0.000000,0.007260,0.009980,-0.492827,0.000000,0.000000,0.000000,1.000000,1.000000
1782451596.160747,1447,0.000401,inf,STAND_TEST,0.000000,0.007280,0.010020,-0.492857,0.000000,0.000000,0.000000,1.000000,1.000000
1782451596.181004,1448,0.000604,inf,STAND_TEST,0.000000,0.007294,0.009999,-0.492850,0.000000,0.000000,0.000000,1.000000,1.000000
1782451596.201033,1449,0.000418,inf,STAND_TEST,0.000000,0.007289,0.009991,-0.492845,0.000000,0.000000,0.000000,1.000000,1.000000
1782451596.221070,1450,0.000401,inf,STAND_TEST,0.000000,0.007307,0.009999,-0.492884,0.000000,0.000000,0.000000,1.000000,1.000000
1782451596.241199,1451,0.000434,inf,STAND_TEST,0.000000,0.007308,0.010003,-0.492898,0.000000,0.000000,0.000000,1.000000,1.000000
1782451596.261225,1452,0.000408,inf,STAND_TEST,0.000000,0.007312,0.009974,-0.492887,0.000000,0.000000,0.000000,1.000000,1.000000
1782451596.281286,1453,0.000414,inf,STAND_TEST,0.000000,0.007301,0.009983,-0.492952,0.000000,0.000000,0.000000,1.000000,1.000000
1782451596.301542,1454,0.000616,inf,STAND_TEST,0.000000,0.007307,0.009971,-0.492957,0.000000,0.000000,0.000000,1.000000,1.000000
1782451596.321602,1455,0.000623,inf,STAND_TEST,0.000000,0.007330,0.009984,-0.492911,0.000000,0.000000,0.000000,1.000000,1.000000
1782451596.341655,1456,0.000623,inf,STAND_TEST,0.000000,0.007317,0.010006,-0.492969,0.000000,0.000000,0.000000,1.000000,1.000000
1782451596.361728,1457,0.000609,inf,STAND_TEST,0.000000,0.007336,0.010015,-0.492981,0.000000,0.000000,0.000000,1.000000,1.000000
1782451596.382051,1458,0.000755,inf,STAND_TEST,0.000000,0.007315,0.010018,-0.492988,0.000000,0.000000,0.000000,1.000000,1.000000
1782451596.401932,1459,0.000535,inf,STAND_TEST,0.000000,0.007306,0.010005,-0.492981,0.000000,0.000000,0.000000,1.000000,1.000000
1782451596.421959,1460,0.000442,inf,STAND_TEST,0.000000,0.007320,0.009958,-0.492993,0.000000,0.000000,0.000000,1.000000,1.000000
1782451596.442277,1461,0.000700,inf,STAND_TEST,0.000000,0.007328,0.009918,-0.493022,0.000000,0.000000,0.000000,1.000000,1.000000
1782451596.462308,1462,0.000674,inf,STAND_TEST,0.000000,0.007353,0.009941,-0.493013,0.000000,0.000000,0.000000,1.000000,1.000000
1782451596.482464,1463,0.000461,inf,STAND_TEST,0.000000,0.007339,0.009948,-0.493030,0.000000,0.000000,0.000000,1.000000,1.000000
1782451596.502572,1464,0.000461,inf,STAND_TEST,0.000000,0.007338,0.009971,-0.493070,0.000000,0.000000,0.000000,1.000000,1.000000
1782451596.522897,1465,0.000678,inf,STAND_TEST,0.000000,0.007329,0.009968,-0.493091,0.000000,0.000000,0.000000,1.000000,1.000000
1782451596.543020,1466,0.000694,inf,STAND_TEST,0.000000,0.007329,0.009987,-0.493076,0.000000,0.000000,0.000000,1.000000,1.000000
1782451596.563133,1467,0.000698,inf,STAND_TEST,0.000000,0.007348,0.010015,-0.493066,0.000000,0.000000,0.000000,1.000000,1.000000
1782451596.583133,1468,0.000490,inf,STAND_TEST,0.000000,0.007331,0.009999,-0.493048,0.000000,0.000000,0.000000,1.000000,1.000000
1782451596.603182,1469,0.000451,inf,STAND_TEST,0.000000,0.007346,0.010043,-0.493052,0.000000,0.000000,0.000000,1.000000,1.000000
1782451596.623481,1470,0.000695,inf,STAND_TEST,0.000000,0.007323,0.010036,-0.493069,0.000000,0.000000,0.000000,1.000000,1.000000
1782451596.643307,1471,0.000464,inf,STAND_TEST,0.000000,0.007332,0.010025,-0.493070,0.000000,0.000000,0.000000,1.000000,1.000000
1782451596.663380,1472,0.000480,inf,STAND_TEST,0.000000,0.007299,0.009966,-0.493069,0.000000,0.000000,0.000000,1.000000,1.000000
1782451596.683631,1473,0.000674,inf,STAND_TEST,0.000000,0.007318,0.009959,-0.493065,0.000000,0.000000,0.000000,1.000000,1.000000
1782451596.703707,1474,0.000694,inf,STAND_TEST,0.000000,0.007353,0.009943,-0.493061,0.000000,0.000000,0.000000,1.000000,1.000000
1782451596.723553,1475,0.000485,inf,STAND_TEST,0.000000,0.007356,0.009920,-0.493034,0.000000,0.000000,0.000000,1.000000,1.000000
1782451596.743760,1476,0.000573,inf,STAND_TEST,0.000000,0.007341,0.009891,-0.493022,0.000000,0.000000,0.000000,1.000000,1.000000
1782451596.763714,1477,0.000470,inf,STAND_TEST,0.000000,0.007318,0.009869,-0.493001,0.000000,0.000000,0.000000,1.000000,1.000000
1782451596.783802,1478,0.000499,inf,STAND_TEST,0.000000,0.007322,0.009895,-0.493018,0.000000,0.000000,0.000000,1.000000,1.000000
1782451596.803839,1479,0.000481,inf,STAND_TEST,0.000000,0.007308,0.009865,-0.493018,0.000000,0.000000,0.000000,1.000000,1.000000
1782451596.824082,1480,0.000664,inf,STAND_TEST,0.000000,0.007309,0.009882,-0.493051,0.000000,0.000000,0.000000,1.000000,1.000000
1782451596.844153,1481,0.000679,inf,STAND_TEST,0.000000,0.007306,0.009874,-0.493023,0.000000,0.000000,0.000000,1.000000,1.000000
1782451596.864221,1482,0.000692,inf,STAND_TEST,0.000000,0.007309,0.009875,-0.493053,0.000000,0.000000,0.000000,1.000000,1.000000
1782451596.884295,1483,0.000516,inf,STAND_TEST,0.000000,0.007304,0.009903,-0.493059,0.000000,0.000000,0.000000,1.000000,1.000000
1782451596.904330,1484,0.000496,inf,STAND_TEST,0.000000,0.007307,0.009916,-0.493084,0.000000,0.000000,0.000000,1.000000,1.000000
1782451596.924334,1485,0.000445,inf,STAND_TEST,0.000000,0.007314,0.009937,-0.493067,0.000000,0.000000,0.000000,1.000000,1.000000
1782451596.944500,1486,0.000555,inf,STAND_TEST,0.000000,0.007333,0.009939,-0.493080,0.000000,0.000000,0.000000,1.000000,1.000000
1782451596.964459,1487,0.000457,inf,STAND_TEST,0.000000,0.007337,0.009937,-0.493057,0.000000,0.000000,0.000000,1.000000,1.000000
1782451596.984699,1488,0.000643,inf,STAND_TEST,0.000000,0.007336,0.009960,-0.493070,0.000000,0.000000,0.000000,1.000000,1.000000
1782451597.004524,1489,0.000415,inf,STAND_TEST,0.000000,0.007317,0.009984,-0.493051,0.000000,0.000000,0.000000,1.000000,1.000000
1782451597.024887,1490,0.000647,inf,STAND_TEST,0.000000,0.007295,0.009982,-0.493085,0.000000,0.000000,0.000000,1.000000,1.000000
1782451597.044847,1491,0.000456,inf,STAND_TEST,0.000000,0.007291,0.009929,-0.493075,0.000000,0.000000,0.000000,1.000000,1.000000
1782451597.064897,1492,0.000450,inf,STAND_TEST,0.000000,0.007306,0.009910,-0.493095,0.000000,0.000000,0.000000,1.000000,1.000000
1782451597.084903,1493,0.000403,inf,STAND_TEST,0.000000,0.007294,0.009898,-0.493102,0.000000,0.000000,0.000000,1.000000,1.000000
1782451597.105220,1494,0.000666,inf,STAND_TEST,0.000000,0.007294,0.009911,-0.493132,0.000000,0.000000,0.000000,1.000000,1.000000
1782451597.125049,1495,0.000439,inf,STAND_TEST,0.000000,0.007281,0.009925,-0.493147,0.000000,0.000000,0.000000,1.000000,1.000000
1782451597.145337,1496,0.000672,inf,STAND_TEST,0.000000,0.007286,0.009900,-0.493167,0.000000,0.000000,0.000000,1.000000,1.000000
1782451597.165440,1497,0.000716,inf,STAND_TEST,0.000000,0.007295,0.009935,-0.493226,0.000000,0.000000,0.000000,1.000000,1.000000
1782451597.185461,1498,0.000681,inf,STAND_TEST,0.000000,0.007286,0.009933,-0.493181,0.000000,0.000000,0.000000,1.000000,1.000000
1782451597.205357,1499,0.000469,inf,STAND_TEST,0.000000,0.007304,0.009957,-0.493182,0.000000,0.000000,0.000000,1.000000,1.000000
