timestamp,frame_id,loop_dt,redis_age,mode,risk_score,roll,pitch,yaw,max_tracking_error,rms_tracking_error,max_torque_ratio,ramp,deploy_action_scale
1782457348.134814,-1,0.002050,134.591756,SAFE_STAND,0.000000,0.009014,0.011483,-0.181125,0.000000,0.000000,0.000000,1.000000,0.100000
1782457348.153862,-1,0.000795,inf,SAFE_STAND,0.000000,0.009001,0.011474,-0.181130,0.000000,0.000000,0.000000,1.000000,0.100000
1782457348.173671,-1,0.000519,inf,SAFE_STAND,0.000000,0.008970,0.011423,-0.181165,0.000000,0.000000,0.000000,1.000000,0.100000
1782457348.193705,-1,0.000475,inf,SAFE_STAND,0.000000,0.008954,0.011422,-0.181170,0.000000,0.000000,0.000000,1.000000,0.100000
1782457348.213758,-1,0.000451,inf,SAFE_STAND,0.000000,0.008955,0.011478,-0.181186,0.000000,0.000000,0.000000,1.000000,0.100000
1782457348.233827,-1,0.000448,inf,SAFE_STAND,0.000000,0.008924,0.011499,-0.181200,0.000000,0.000000,0.000000,1.000000,0.100000
1782457348.254374,-1,0.000697,inf,SAFE_STAND,0.000000,0.008928,0.011517,-0.181190,0.000000,0.000000,0.000000,1.000000,0.100000
1782457348.274395,-1,0.000449,inf,SAFE_STAND,0.000000,0.008920,0.011534,-0.181200,0.000000,0.000000,0.000000,1.000000,0.100000
1782457348.294534,-1,0.000514,inf,SAFE_STAND,0.000000,0.008909,0.011533,-0.181227,0.000000,0.000000,0.000000,1.000000,0.100000
1782457348.314581,-1,0.000486,inf,SAFE_STAND,0.000000,0.008917,0.011543,-0.181254,0.000000,0.000000,0.000000,1.000000,0.100000
1782457348.335010,-1,0.000629,inf,SAFE_STAND,0.000000,0.008918,0.011518,-0.181308,0.000000,0.000000,0.000000,1.000000,0.100000
1782457348.354977,-1,0.000439,inf,SAFE_STAND,0.000000,0.008910,0.011482,-0.181314,0.000000,0.000000,0.000000,1.000000,0.100000
1782457348.375142,-1,0.000452,inf,SAFE_STAND,0.000000,0.008906,0.011452,-0.181294,0.000000,0.000000,0.000000,1.000000,0.100000
1782457348.395195,-1,0.000428,inf,SAFE_STAND,0.000000,0.008904,0.011435,-0.181277,0.000000,0.000000,0.000000,1.000000,0.100000
1782457348.415295,-1,0.000457,inf,SAFE_STAND,0.000000,0.008897,0.011370,-0.181264,0.000000,0.000000,0.000000,1.000000,0.100000
1782457348.435328,-1,0.000414,inf,SAFE_STAND,0.000000,0.008881,0.011353,-0.181281,0.000000,0.000000,0.000000,1.000000,0.100000
1782457348.456240,-1,0.000749,inf,SAFE_STAND,0.000000,0.008858,0.011262,-0.181346,0.000000,0.000000,0.000000,1.000000,0.100000
1782457348.476636,-1,0.000782,inf,SAFE_STAND,0.000000,0.008865,0.011247,-0.181333,0.000000,0.000000,0.000000,1.000000,0.100000
1782457348.496617,-1,0.000687,inf,SAFE_STAND,0.000000,0.008867,0.011224,-0.181300,0.000000,0.000000,0.000000,1.000000,0.100000
1782457348.516680,-1,0.000671,inf,SAFE_STAND,0.000000,0.008851,0.011201,-0.181284,0.000000,0.000000,0.000000,1.000000,0.100000
1782457348.536610,-1,0.000442,inf,SAFE_STAND,0.000000,0.008838,0.011176,-0.181320,0.000000,0.000000,0.000000,1.000000,0.100000
1782457348.556745,-1,0.000505,inf,SAFE_STAND,0.000000,0.008840,0.011149,-0.181315,0.000000,0.000000,0.000000,1.000000,0.100000
1782457348.577217,-1,0.000681,inf,SAFE_STAND,0.000000,0.008841,0.011157,-0.181381,0.000000,0.000000,0.000000,1.000000,0.100000
1782457348.597277,-1,0.000663,inf,SAFE_STAND,0.000000,0.008830,0.011152,-0.181412,0.000000,0.000000,0.000000,1.000000,0.100000
1782457348.617480,-1,0.000794,inf,SAFE_STAND,0.000000,0.008834,0.011192,-0.181409,0.000000,0.000000,0.000000,1.000000,0.100000
1782457348.637551,-1,0.000597,135.094620,SAFE_STAND,0.000000,0.008860,0.011197,-0.181418,0.000000,0.000000,0.000000,1.000000,0.100000
1782457348.657453,-1,0.000424,inf,SAFE_STAND,0.000000,0.008845,0.011215,-0.181431,0.000000,0.000000,0.000000,1.000000,0.100000
1782457348.677537,-1,0.000434,inf,SAFE_STAND,0.000000,0.008824,0.011258,-0.181414,0.000000,0.000000,0.000000,1.000000,0.100000
1782457348.698104,-1,0.000706,inf,SAFE_STAND,0.000000,0.008826,0.011271,-0.181405,0.000000,0.000000,0.000000,1.000000,0.100000
1782457348.718142,-1,0.000667,inf,SAFE_STAND,0.000000,0.008825,0.011298,-0.181422,0.000000,0.000000,0.000000,1.000000,0.100000
1782457348.738314,-1,0.000764,inf,SAFE_STAND,0.000000,0.008831,0.011347,-0.181456,0.000000,0.000000,0.000000,1.000000,0.100000
1782457348.758425,-1,0.000802,inf,SAFE_STAND,0.000000,0.008803,0.011376,-0.181481,0.000000,0.000000,0.000000,1.000000,0.100000
1782457348.778244,-1,0.000431,inf,SAFE_STAND,0.000000,0.008820,0.011351,-0.181502,0.000000,0.000000,0.000000,1.000000,0.100000
1782457348.798354,-1,0.000470,inf,SAFE_STAND,0.000000,0.008830,0.011369,-0.181509,0.000000,0.000000,0.000000,1.000000,0.100000
1782457348.818981,-1,0.000793,inf,SAFE_STAND,0.000000,0.008789,0.011324,-0.181533,0.000000,0.000000,0.000000,1.000000,0.100000
1782457348.838968,-1,0.000522,inf,SAFE_STAND,0.000000,0.008808,0.011330,-0.181511,0.000000,0.000000,0.000000,1.000000,0.100000
1782457348.858973,-1,0.000444,inf,SAFE_STAND,0.000000,0.008796,0.011314,-0.181495,0.000000,0.000000,0.000000,1.000000,0.100000
1782457348.879383,-1,0.000734,inf,SAFE_STAND,0.000000,0.008799,0.011350,-0.181487,0.000000,0.000000,0.000000,1.000000,0.100000
1782457348.899933,-1,0.000835,inf,SAFE_STAND,0.000000,0.008798,0.011389,-0.181484,0.000000,0.000000,0.000000,1.000000,0.100000
1782457348.919719,-1,0.000481,inf,SAFE_STAND,0.000000,0.008783,0.011416,-0.181515,0.000000,0.000000,0.000000,1.000000,0.100000
1782457348.939792,-1,0.000456,inf,SAFE_STAND,0.000000,0.008816,0.011430,-0.181508,0.000000,0.000000,0.000000,1.000000,0.100000
1782457348.959891,-1,0.000470,inf,SAFE_STAND,0.000000,0.008796,0.011445,-0.181488,0.000000,0.000000,0.000000,1.000000,0.100000
1782457348.980803,-1,0.001003,inf,SAFE_STAND,0.000000,0.008800,0.011482,-0.181525,0.000000,0.000000,0.000000,1.000000,0.100000
1782457349.000900,-1,0.000725,inf,SAFE_STAND,0.000000,0.008805,0.011509,-0.181529,0.000000,0.000000,0.000000,1.000000,0.100000
1782457349.021547,-1,0.000995,inf,SAFE_STAND,0.000000,0.008787,0.011519,-0.181532,0.000000,0.000000,0.000000,1.000000,0.100000
1782457349.041795,-1,0.001081,inf,SAFE_STAND,0.000000,0.008769,0.011506,-0.181556,0.000000,0.000000,0.000000,1.000000,0.100000
1782457349.062235,-1,0.001079,inf,SAFE_STAND,0.000000,0.008768,0.011502,-0.181565,0.000000,0.000000,0.000000,1.000000,0.100000
1782457349.082375,-1,0.001064,inf,SAFE_STAND,0.000000,0.008786,0.011557,-0.181571,0.000000,0.000000,0.000000,1.000000,0.100000
1782457349.102575,-1,0.000739,inf,SAFE_STAND,0.000000,0.008780,0.011548,-0.181599,0.000000,0.000000,0.000000,1.000000,0.100000
1782457349.122681,-1,0.000706,inf,SAFE_STAND,0.000000,0.008776,0.011528,-0.181616,0.000000,0.000000,0.000000,1.000000,0.100000
1782457349.143485,-1,0.001177,135.600285,SAFE_STAND,0.000000,0.008791,0.011472,-0.181577,0.000000,0.000000,0.000000,1.000000,0.100000
1782457349.163377,-1,0.000736,inf,SAFE_STAND,0.000000,0.008795,0.011493,-0.181593,0.000000,0.000000,0.000000,1.000000,0.100000
1782457349.184181,-1,0.001227,inf,SAFE_STAND,0.000000,0.008791,0.011509,-0.181617,0.000000,0.000000,0.000000,1.000000,0.100000
1782457349.203933,-1,0.000864,inf,SAFE_STAND,0.000000,0.008790,0.011506,-0.181609,0.000000,0.000000,0.000000,1.000000,0.100000
1782457349.223919,-1,0.000760,inf,SAFE_STAND,0.000000,0.008801,0.011577,-0.181632,0.000000,0.000000,0.000000,1.000000,0.100000
1782457349.243921,-1,0.000502,inf,SAFE_STAND,0.000000,0.008761,0.011540,-0.181665,0.000000,0.000000,0.000000,1.000000,0.100000
1782457349.264065,-1,0.000567,inf,SAFE_STAND,0.000000,0.008760,0.011557,-0.181683,0.000000,0.000000,0.000000,1.000000,0.100000
1782457349.284126,-1,0.000546,inf,SAFE_STAND,0.000000,0.008775,0.011595,-0.181682,0.000000,0.000000,0.000000,1.000000,0.100000
1782457349.304391,-1,0.000724,inf,SAFE_STAND,0.000000,0.008793,0.011621,-0.181719,0.000000,0.000000,0.000000,1.000000,0.100000
1782457349.324384,-1,0.000656,inf,SAFE_STAND,0.000000,0.008800,0.011646,-0.181726,0.000000,0.000000,0.000000,1.000000,0.100000
1782457349.344459,-1,0.000634,inf,SAFE_STAND,0.000000,0.008823,0.011662,-0.181762,0.000000,0.000000,0.000000,1.000000,0.100000
1782457349.364640,-1,0.000737,inf,SAFE_STAND,0.000000,0.008810,0.011626,-0.181727,0.000000,0.000000,0.000000,1.000000,0.100000
1782457349.384603,-1,0.000494,inf,SAFE_STAND,0.000000,0.008797,0.011688,-0.181733,0.000000,0.000000,0.000000,1.000000,0.100000
1782457349.404625,-1,0.000435,inf,SAFE_STAND,0.000000,0.008805,0.011683,-0.181744,0.000000,0.000000,0.000000,1.000000,0.100000
1782457349.424750,-1,0.000487,inf,SAFE_STAND,0.000000,0.008804,0.011690,-0.181733,0.000000,0.000000,0.000000,1.000000,0.100000
1782457349.445306,-1,0.000557,inf,SAFE_STAND,0.000000,0.008791,0.011712,-0.181715,0.000000,0.000000,0.000000,1.000000,0.100000
1782457349.465435,-1,0.000550,inf,SAFE_STAND,0.000000,0.008790,0.011720,-0.181735,0.000000,0.000000,0.000000,1.000000,0.100000
1782457349.485499,-1,0.000536,inf,SAFE_STAND,0.000000,0.008796,0.011747,-0.181721,0.000000,0.000000,0.000000,1.000000,0.100000
1782457349.505552,-1,0.000501,inf,SAFE_STAND,0.000000,0.008789,0.011734,-0.181666,0.000000,0.000000,0.000000,1.000000,0.100000
1782457349.526073,-1,0.000719,inf,SAFE_STAND,0.000000,0.008772,0.011757,-0.181658,0.000000,0.000000,0.000000,1.000000,0.100000
1782457349.546301,-1,0.000864,inf,SAFE_STAND,0.000000,0.008759,0.011800,-0.181676,0.000000,0.000000,0.000000,1.000000,0.100000
1782457349.566853,-1,0.001077,inf,SAFE_STAND,0.000000,0.008752,0.011834,-0.181705,0.000000,0.000000,0.000000,1.000000,0.100000
1782457349.586797,-1,0.000933,inf,SAFE_STAND,0.000000,0.008761,0.011826,-0.181713,0.000000,0.000000,0.000000,1.000000,0.100000
1782457349.606987,-1,0.000996,inf,SAFE_STAND,0.000000,0.008778,0.011849,-0.181698,0.000000,0.000000,0.000000,1.000000,0.100000
1782457349.627118,-1,0.000990,inf,SAFE_STAND,0.000000,0.008782,0.011923,-0.181717,0.000000,0.000000,0.000000,1.000000,0.100000
1782457349.647695,-1,0.001447,136.104282,SAFE_STAND,0.000000,0.008797,0.011950,-0.181715,0.000000,0.000000,0.000000,1.000000,0.100000
1782457349.667201,-1,0.000703,inf,SAFE_STAND,0.000000,0.008783,0.011937,-0.181712,0.000000,0.000000,0.000000,1.000000,0.100000
1782457349.687843,-1,0.000943,inf,SAFE_STAND,0.000000,0.008764,0.011975,-0.181724,0.000000,0.000000,0.000000,1.000000,0.100000
1782457349.707866,-1,0.000721,inf,SAFE_STAND,0.000000,0.008768,0.011972,-0.181729,0.000000,0.000000,0.000000,1.000000,0.100000
1782457349.727989,-1,0.000705,inf,SAFE_STAND,0.000000,0.008772,0.011979,-0.181724,0.000000,0.000000,0.000000,1.000000,0.100000
1782457349.748783,-1,0.001123,inf,SAFE_STAND,0.000000,0.008760,0.011935,-0.181742,0.000000,0.000000,0.000000,1.000000,0.100000
1782457349.768723,-1,0.000949,inf,SAFE_STAND,0.000000,0.008742,0.011963,-0.181750,0.000000,0.000000,0.000000,1.000000,0.100000
1782457349.788789,-1,0.000928,inf,SAFE_STAND,0.000000,0.008735,0.011936,-0.181763,0.000000,0.000000,0.000000,1.000000,0.100000
1782457349.808733,-1,0.000709,inf,SAFE_STAND,0.000000,0.008744,0.012004,-0.181767,0.000000,0.000000,0.000000,1.000000,0.100000
1782457349.829505,-1,0.001078,inf,SAFE_STAND,0.000000,0.008762,0.012063,-0.181791,0.000000,0.000000,0.000000,1.000000,0.100000
1782457349.849500,-1,0.000953,inf,SAFE_STAND,0.000000,0.008773,0.012026,-0.181793,0.000000,0.000000,0.000000,1.000000,0.100000
1782457349.869627,-1,0.000713,inf,SAFE_STAND,0.000000,0.008789,0.012077,-0.181780,0.000000,0.000000,0.000000,1.000000,0.100000
1782457349.890292,-1,0.001009,inf,SAFE_STAND,0.000000,0.008801,0.012076,-0.181764,0.000000,0.000000,0.000000,1.000000,0.100000
1782457349.910051,-1,0.000540,inf,SAFE_STAND,0.000000,0.008807,0.012069,-0.181788,0.000000,0.000000,0.000000,1.000000,0.100000
1782457349.930125,-1,0.000495,inf,SAFE_STAND,0.000000,0.008838,0.012114,-0.181813,0.000000,0.000000,0.000000,1.000000,0.100000
1782457349.950398,-1,0.000534,inf,SAFE_STAND,0.000000,0.008844,0.012113,-0.181854,0.000000,0.000000,0.000000,1.000000,0.100000
1782457349.970622,-1,0.000460,inf,SAFE_STAND,0.000000,0.008840,0.012110,-0.181832,0.000000,0.000000,0.000000,1.000000,0.100000
1782457349.990983,-1,0.000522,inf,SAFE_STAND,0.000000,0.008829,0.012125,-0.181792,0.000000,0.000000,0.000000,1.000000,0.100000
1782457350.011028,-1,0.000485,inf,SAFE_STAND,0.000000,0.008836,0.012080,-0.181793,0.000000,0.000000,0.000000,1.000000,0.100000
1782457350.031111,-1,0.000489,inf,SAFE_STAND,0.000000,0.008835,0.012073,-0.181783,0.000000,0.000000,0.000000,1.000000,0.100000
1782457350.051685,-1,0.000775,inf,SAFE_STAND,0.000000,0.008844,0.012048,-0.181785,0.000000,0.000000,0.000000,1.000000,0.100000
1782457350.071799,-1,0.000470,inf,SAFE_STAND,0.000000,0.008834,0.012089,-0.181772,0.000000,0.000000,0.000000,1.000000,0.100000
1782457350.091892,-1,0.000489,inf,SAFE_STAND,0.000000,0.008851,0.012112,-0.181794,0.000000,0.000000,0.000000,1.000000,0.100000
1782457350.111945,-1,0.000467,inf,SAFE_STAND,0.000000,0.008856,0.012179,-0.181829,0.000000,0.000000,0.000000,1.000000,0.100000
1782457350.133561,-1,0.001297,inf,SAFE_STAND,0.000000,0.008849,0.012157,-0.181813,0.000000,0.000000,0.000000,1.000000,0.100000
1782457350.153659,-1,0.001289,136.610120,SAFE_STAND,0.000000,0.008831,0.012148,-0.181834,0.000000,0.000000,0.000000,1.000000,0.100000
1782457350.172939,-1,0.000481,inf,SAFE_STAND,0.000000,0.008858,0.012174,-0.181823,0.000000,0.000000,0.000000,1.000000,0.100000
1782457350.193502,-1,0.000565,inf,SAFE_STAND,0.000000,0.008867,0.012180,-0.181802,0.000000,0.000000,0.000000,1.000000,0.100000
1782457350.214121,-1,0.001095,inf,SAFE_STAND,0.000000,0.008864,0.012177,-0.181822,0.000000,0.000000,0.000000,1.000000,0.100000
1782457350.234076,-1,0.000950,inf,SAFE_STAND,0.000000,0.008879,0.012168,-0.181786,0.000000,0.000000,0.000000,1.000000,0.100000
1782457350.254120,-1,0.000906,inf,SAFE_STAND,0.000000,0.008870,0.012156,-0.181772,0.000000,0.000000,0.000000,1.000000,0.100000
1782457350.274235,-1,0.000934,inf,SAFE_STAND,0.000000,0.008900,0.012191,-0.181801,0.000000,0.000000,0.000000,1.000000,0.100000
1782457350.294468,-1,0.001068,inf,SAFE_STAND,0.000000,0.008882,0.012225,-0.181802,0.000000,0.000000,0.000000,1.000000,0.100000
1782457350.314541,-1,0.000692,inf,SAFE_STAND,0.000000,0.008858,0.012238,-0.181786,0.000000,0.000000,0.000000,1.000000,0.100000
1782457350.335075,-1,0.000907,inf,SAFE_STAND,0.000000,0.008860,0.012256,-0.181810,0.000000,0.000000,0.000000,1.000000,0.100000
1782457350.355276,-1,0.001015,inf,SAFE_STAND,0.000000,0.008868,0.012262,-0.181824,0.000000,0.000000,0.000000,1.000000,0.100000
1782457350.375837,-1,0.001134,inf,SAFE_STAND,0.000000,0.008863,0.012270,-0.181829,0.000000,0.000000,0.000000,1.000000,0.100000
1782457350.395877,-1,0.001035,inf,SAFE_STAND,0.000000,0.008863,0.012290,-0.181828,0.000000,0.000000,0.000000,1.000000,0.100000
1782457350.415431,-1,0.000506,inf,SAFE_STAND,0.000000,0.008874,0.012298,-0.181851,0.000000,0.000000,0.000000,1.000000,0.100000
1782457350.435724,-1,0.000718,inf,SAFE_STAND,0.000000,0.008891,0.012287,-0.181841,0.000000,0.000000,0.000000,1.000000,0.100000
1782457350.455804,-1,0.000503,inf,SAFE_STAND,0.000000,0.008858,0.012323,-0.181875,0.000000,0.000000,0.000000,1.000000,0.100000
1782457350.475846,-1,0.000465,inf,SAFE_STAND,0.000000,0.008880,0.012291,-0.181839,0.000000,0.000000,0.000000,1.000000,0.100000
1782457350.495949,-1,0.000492,inf,SAFE_STAND,0.000000,0.008849,0.012297,-0.181883,0.000000,0.000000,0.000000,1.000000,0.100000
1782457350.516025,-1,0.000492,inf,SAFE_STAND,0.000000,0.008850,0.012283,-0.181813,0.000000,0.000000,0.000000,1.000000,0.100000
1782457350.536561,-1,0.000723,inf,SAFE_STAND,0.000000,0.008870,0.012296,-0.181828,0.000000,0.000000,0.000000,1.000000,0.100000
1782457350.556566,-1,0.000466,inf,SAFE_STAND,0.000000,0.008856,0.012315,-0.181859,0.000000,0.000000,0.000000,1.000000,0.100000
1782457350.576611,-1,0.000435,inf,SAFE_STAND,0.000000,0.008866,0.012333,-0.181813,0.000000,0.000000,0.000000,1.000000,0.100000
1782457350.596909,-1,0.000659,inf,SAFE_STAND,0.000000,0.008865,0.012331,-0.181819,0.000000,0.000000,0.000000,1.000000,0.100000
1782457350.616782,-1,0.000455,inf,SAFE_STAND,0.000000,0.008873,0.012292,-0.181798,0.000000,0.000000,0.000000,1.000000,0.100000
1782457350.637286,-1,0.000676,inf,SAFE_STAND,0.000000,0.008864,0.012276,-0.181767,0.000000,0.000000,0.000000,1.000000,0.100000
1782457350.657501,-1,0.000631,137.114552,SAFE_STAND,0.000000,0.008852,0.012299,-0.181756,0.000000,0.000000,0.000000,1.000000,0.100000
1782457350.677467,-1,0.000514,inf,SAFE_STAND,0.000000,0.008867,0.012289,-0.181744,0.000000,0.000000,0.000000,1.000000,0.100000
1782457350.698043,-1,0.000772,inf,SAFE_STAND,0.000000,0.008869,0.012308,-0.181673,0.000000,0.000000,0.000000,1.000000,0.100000
1782457350.718122,-1,0.000760,inf,SAFE_STAND,0.000000,0.008882,0.012295,-0.181708,0.000000,0.000000,0.000000,1.000000,0.100000
1782457350.738137,-1,0.000612,inf,SAFE_STAND,0.000000,0.008888,0.012268,-0.181707,0.000000,0.000000,0.000000,1.000000,0.100000
1782457350.758146,-1,0.000533,inf,SAFE_STAND,0.000000,0.008911,0.012323,-0.181706,0.000000,0.000000,0.000000,1.000000,0.100000
1782457350.778224,-1,0.000533,inf,SAFE_STAND,0.000000,0.008889,0.012350,-0.181709,0.000000,0.000000,0.000000,1.000000,0.100000
1782457350.798270,-1,0.000494,inf,SAFE_STAND,0.000000,0.008869,0.012349,-0.181741,0.000000,0.000000,0.000000,1.000000,0.100000
1782457350.818834,-1,0.000758,inf,SAFE_STAND,0.000000,0.008888,0.012346,-0.181694,0.000000,0.000000,0.000000,1.000000,0.100000
1782457350.838897,-1,0.000577,inf,SAFE_STAND,0.000000,0.008885,0.012328,-0.181692,0.000000,0.000000,0.000000,1.000000,0.100000
1782457350.858880,-1,0.000479,inf,SAFE_STAND,0.000000,0.008897,0.012306,-0.181663,0.000000,0.000000,0.000000,1.000000,0.100000
1782457350.878988,-1,0.000509,inf,SAFE_STAND,0.000000,0.008892,0.012300,-0.181624,0.000000,0.000000,0.000000,1.000000,0.100000
1782457350.899549,-1,0.000782,inf,SAFE_STAND,0.000000,0.008876,0.012301,-0.181612,0.000000,0.000000,0.000000,1.000000,0.100000
1782457350.919540,-1,0.000686,inf,SAFE_STAND,0.000000,0.008879,0.012335,-0.181621,0.000000,0.000000,0.000000,1.000000,0.100000
1782457350.939564,-1,0.000463,inf,SAFE_STAND,0.000000,0.008878,0.012349,-0.181641,0.000000,0.000000,0.000000,1.000000,0.100000
1782457350.959633,-1,0.000458,inf,SAFE_STAND,0.000000,0.008880,0.012359,-0.181651,0.000000,0.000000,0.000000,1.000000,0.100000
1782457350.980454,-1,0.000846,inf,SAFE_STAND,0.000000,0.008899,0.012374,-0.181654,0.000000,0.000000,0.000000,1.000000,0.100000
1782457351.000523,-1,0.000839,inf,SAFE_STAND,0.000000,0.008924,0.012372,-0.181640,0.000000,0.000000,0.000000,1.000000,0.100000
1782457351.020346,-1,0.000529,inf,SAFE_STAND,0.000000,0.008923,0.012376,-0.181653,0.000000,0.000000,0.000000,1.000000,0.100000
1782457351.040450,-1,0.000581,inf,SAFE_STAND,0.000000,0.008941,0.012418,-0.181661,0.000000,0.000000,0.000000,1.000000,0.100000
1782457351.060400,-1,0.000444,inf,SAFE_STAND,0.000000,0.008951,0.012425,-0.181636,0.000000,0.000000,0.000000,1.000000,0.100000
1782457351.080586,-1,0.000557,inf,SAFE_STAND,0.000000,0.008963,0.012449,-0.181633,0.000000,0.000000,0.000000,1.000000,0.100000
1782457351.101026,-1,0.000671,inf,SAFE_STAND,0.000000,0.008956,0.012480,-0.181664,0.000000,0.000000,0.000000,1.000000,0.100000
1782457351.121064,-1,0.000455,inf,SAFE_STAND,0.000000,0.008965,0.012454,-0.181607,0.000000,0.000000,0.000000,1.000000,0.100000
1782457351.141133,-1,0.000445,inf,SAFE_STAND,0.000000,0.008963,0.012459,-0.181687,0.000000,0.000000,0.000000,1.000000,0.100000
1782457351.161578,-1,0.000815,137.618426,SAFE_STAND,0.000000,0.008975,0.012408,-0.181670,0.000000,0.000000,0.000000,1.000000,0.100000
1782457351.181487,-1,0.000649,inf,SAFE_STAND,0.000000,0.008995,0.012470,-0.181683,0.000000,0.000000,0.000000,1.000000,0.100000
1782457351.201614,-1,0.000670,inf,SAFE_STAND,0.000000,0.009004,0.012482,-0.181649,0.000000,0.000000,0.000000,1.000000,0.100000
1782457351.221684,-1,0.000645,inf,SAFE_STAND,0.000000,0.009015,0.012469,-0.181623,0.000000,0.000000,0.000000,1.000000,0.100000
1782457351.241812,-1,0.000521,inf,SAFE_STAND,0.000000,0.009012,0.012426,-0.181577,0.000000,0.000000,0.000000,1.000000,0.100000
1782457351.261855,-1,0.000486,inf,SAFE_STAND,0.000000,0.009017,0.012411,-0.181539,0.000000,0.000000,0.000000,1.000000,0.100000
1782457351.282131,-1,0.000468,inf,SAFE_STAND,0.000000,0.008996,0.012365,-0.181506,0.000000,0.000000,0.000000,1.000000,0.100000
1782457351.302639,-1,0.000452,inf,SAFE_STAND,0.000000,0.008975,0.012360,-0.181531,0.000000,0.000000,0.000000,1.000000,0.100000
1782457351.322716,-1,0.000458,inf,SAFE_STAND,0.000000,0.008997,0.012334,-0.181529,0.000000,0.000000,0.000000,1.000000,0.100000
1782457351.343196,-1,0.000630,inf,SAFE_STAND,0.000000,0.009013,0.012336,-0.181512,0.000000,0.000000,0.000000,1.000000,0.100000
1782457351.363306,-1,0.000666,inf,SAFE_STAND,0.000000,0.009012,0.012327,-0.181508,0.000000,0.000000,0.000000,1.000000,0.100000
1782457351.383270,-1,0.000456,inf,SAFE_STAND,0.000000,0.009021,0.012349,-0.181492,0.000000,0.000000,0.000000,1.000000,0.100000
1782457351.403298,-1,0.000406,inf,SAFE_STAND,0.000000,0.009033,0.012392,-0.181479,0.000000,0.000000,0.000000,1.000000,0.100000
1782457351.423409,-1,0.000445,inf,SAFE_STAND,0.000000,0.009054,0.012398,-0.181479,0.000000,0.000000,0.000000,1.000000,0.100000
1782457351.443527,-1,0.000489,inf,SAFE_STAND,0.000000,0.009044,0.012386,-0.181492,0.000000,0.000000,0.000000,1.000000,0.100000
1782457351.464139,-1,0.000793,inf,SAFE_STAND,0.000000,0.009069,0.012332,-0.181451,0.000000,0.000000,0.000000,1.000000,0.100000
1782457351.484137,-1,0.000528,inf,SAFE_STAND,0.000000,0.009073,0.012342,-0.181440,0.000000,0.000000,0.000000,1.000000,0.100000
1782457351.504206,-1,0.000521,inf,SAFE_STAND,0.000000,0.009041,0.012314,-0.181424,0.000000,0.000000,0.000000,1.000000,0.100000
1782457351.524180,-1,0.000449,inf,SAFE_STAND,0.000000,0.009028,0.012322,-0.181408,0.000000,0.000000,0.000000,1.000000,0.100000
1782457351.544607,-1,0.000806,inf,SAFE_STAND,0.000000,0.009016,0.012318,-0.181422,0.000000,0.000000,0.000000,1.000000,0.100000
1782457351.564505,-1,0.000632,inf,SAFE_STAND,0.000000,0.009019,0.012308,-0.181371,0.000000,0.000000,0.000000,1.000000,0.100000
1782457351.584610,-1,0.000664,inf,SAFE_STAND,0.000000,0.009011,0.012346,-0.181347,0.000000,0.000000,0.000000,1.000000,0.100000
1782457351.604817,-1,0.000798,inf,SAFE_STAND,0.000000,0.009007,0.012365,-0.181363,0.000000,0.000000,0.000000,1.000000,0.100000
1782457351.624753,-1,0.000435,inf,SAFE_STAND,0.000000,0.009025,0.012393,-0.181316,0.000000,0.000000,0.000000,1.000000,0.100000
1782457351.644855,-1,0.000458,inf,SAFE_STAND,0.000000,0.009033,0.012352,-0.181268,0.000000,0.000000,0.000000,1.000000,0.100000
1782457351.665526,-1,0.000826,138.122370,SAFE_STAND,0.000000,0.009010,0.012328,-0.181265,0.000000,0.000000,0.000000,1.000000,0.100000
1782457351.685599,-1,0.000826,inf,SAFE_STAND,0.000000,0.008989,0.012329,-0.181279,0.000000,0.000000,0.000000,1.000000,0.100000
1782457351.705559,-1,0.000466,inf,SAFE_STAND,0.000000,0.008992,0.012310,-0.181251,0.000000,0.000000,0.000000,1.000000,0.100000
1782457351.725592,-1,0.000427,inf,SAFE_STAND,0.000000,0.009018,0.012355,-0.181267,0.000000,0.000000,0.000000,1.000000,0.100000
1782457351.745665,-1,0.000421,inf,SAFE_STAND,0.000000,0.009005,0.012374,-0.181261,0.000000,0.000000,0.000000,1.000000,0.100000
1782457351.766012,-1,0.000472,inf,SAFE_STAND,0.000000,0.009035,0.012346,-0.181205,0.000000,0.000000,0.000000,1.000000,0.100000
1782457351.786666,-1,0.000736,inf,SAFE_STAND,0.000000,0.009033,0.012342,-0.181253,0.000000,0.000000,0.000000,1.000000,0.100000
1782457351.807231,-1,0.000933,inf,SAFE_STAND,0.000000,0.009012,0.012300,-0.181261,0.000000,0.000000,0.000000,1.000000,0.100000
1782457351.827431,-1,0.001008,inf,SAFE_STAND,0.000000,0.009017,0.012315,-0.181312,0.000000,0.000000,0.000000,1.000000,0.100000
1782457351.847496,-1,0.000722,inf,SAFE_STAND,0.000000,0.008997,0.012291,-0.181291,0.000000,0.000000,0.000000,1.000000,0.100000
1782457351.868082,-1,0.000954,inf,SAFE_STAND,0.000000,0.008991,0.012270,-0.181277,0.000000,0.000000,0.000000,1.000000,0.100000
1782457351.888176,-1,0.000922,inf,SAFE_STAND,0.000000,0.008992,0.012237,-0.181251,0.000000,0.000000,0.000000,1.000000,0.100000
1782457351.908148,-1,0.000805,inf,SAFE_STAND,0.000000,0.009013,0.012238,-0.181217,0.000000,0.000000,0.000000,1.000000,0.100000
1782457351.927904,-1,0.000447,inf,SAFE_STAND,0.000000,0.008988,0.012213,-0.181247,0.000000,0.000000,0.000000,1.000000,0.100000
1782457351.947961,-1,0.000424,inf,SAFE_STAND,0.000000,0.008990,0.012208,-0.181258,0.000000,0.000000,0.000000,1.000000,0.100000
1782457351.968062,-1,0.000448,inf,SAFE_STAND,0.000000,0.008981,0.012235,-0.181288,0.000000,0.000000,0.000000,1.000000,0.100000
1782457351.988193,-1,0.000507,inf,SAFE_STAND,0.000000,0.008981,0.012208,-0.181292,0.000000,0.000000,0.000000,1.000000,0.100000
1782457352.008610,-1,0.000636,inf,SAFE_STAND,0.000000,0.008990,0.012192,-0.181309,0.000000,0.000000,0.000000,1.000000,0.100000
1782457352.028691,-1,0.000451,inf,SAFE_STAND,0.000000,0.008985,0.012167,-0.181302,0.000000,0.000000,0.000000,1.000000,0.100000
1782457352.048752,-1,0.000440,inf,SAFE_STAND,0.000000,0.008976,0.012151,-0.181276,0.000000,0.000000,0.000000,1.000000,0.100000
1782457352.068823,-1,0.000438,inf,SAFE_STAND,0.000000,0.008994,0.012197,-0.181270,0.000000,0.000000,0.000000,1.000000,0.100000
1782457352.088953,-1,0.000493,inf,SAFE_STAND,0.000000,0.008976,0.012236,-0.181305,0.000000,0.000000,0.000000,1.000000,0.100000
1782457352.109364,-1,0.000503,inf,SAFE_STAND,0.000000,0.008971,0.012200,-0.181252,0.000000,0.000000,0.000000,1.000000,0.100000
1782457352.129466,-1,0.000458,inf,SAFE_STAND,0.000000,0.008984,0.012196,-0.181228,0.000000,0.000000,0.000000,1.000000,0.100000
1782457352.149678,-1,0.000594,inf,SAFE_STAND,0.000000,0.008988,0.012207,-0.181246,0.000000,0.000000,0.000000,1.000000,0.100000
1782457352.170089,-1,0.000917,138.626887,SAFE_STAND,0.000000,0.008970,0.012210,-0.181247,0.000000,0.000000,0.000000,1.000000,0.100000
1782457352.189744,-1,0.000493,inf,SAFE_STAND,0.000000,0.008924,0.012213,-0.181273,0.000000,0.000000,0.000000,1.000000,0.100000
1782457352.210182,-1,0.000641,inf,SAFE_STAND,0.000000,0.008904,0.012188,-0.181225,0.000000,0.000000,0.000000,1.000000,0.100000
1782457352.230279,-1,0.000572,inf,SAFE_STAND,0.000000,0.008905,0.012196,-0.181216,0.000000,0.000000,0.000000,1.000000,0.100000
1782457352.250360,-1,0.000568,inf,SAFE_STAND,0.000000,0.008911,0.012252,-0.181189,0.000000,0.000000,0.000000,1.000000,0.100000
1782457352.270840,-1,0.000719,inf,SAFE_STAND,0.000000,0.008917,0.012243,-0.181143,0.000000,0.000000,0.000000,1.000000,0.100000
1782457352.290918,-1,0.000721,inf,SAFE_STAND,0.000000,0.008922,0.012206,-0.181143,0.000000,0.000000,0.000000,1.000000,0.100000
1782457352.310933,-1,0.000449,inf,SAFE_STAND,0.000000,0.008881,0.012199,-0.181150,0.000000,0.000000,0.000000,1.000000,0.100000
1782457352.331011,-1,0.000427,inf,SAFE_STAND,0.000000,0.008876,0.012204,-0.181139,0.000000,0.000000,0.000000,1.000000,0.100000
1782457352.351143,-1,0.000487,inf,SAFE_STAND,0.000000,0.008843,0.012181,-0.181155,0.000000,0.000000,0.000000,1.000000,0.100000
1782457352.371602,-1,0.000643,inf,SAFE_STAND,0.000000,0.008853,0.012220,-0.181142,0.000000,0.000000,0.000000,1.000000,0.100000
1782457352.391677,-1,0.000648,inf,SAFE_STAND,0.000000,0.008843,0.012246,-0.181114,0.000000,0.000000,0.000000,1.000000,0.100000
1782457352.411703,-1,0.000444,inf,SAFE_STAND,0.000000,0.008848,0.012218,-0.181117,0.000000,0.000000,0.000000,1.000000,0.100000
1782457352.431788,-1,0.000456,inf,SAFE_STAND,0.000000,0.008852,0.012253,-0.181140,0.000000,0.000000,0.000000,1.000000,0.100000
1782457352.451828,-1,0.000424,inf,SAFE_STAND,0.000000,0.008816,0.012281,-0.181159,0.000000,0.000000,0.000000,1.000000,0.100000
1782457352.472350,-1,0.000654,inf,SAFE_STAND,0.000000,0.008830,0.012343,-0.181145,0.000000,0.000000,0.000000,1.000000,0.100000
1782457352.492423,-1,0.000693,inf,SAFE_STAND,0.000000,0.008825,0.012359,-0.181130,0.000000,0.000000,0.000000,1.000000,0.100000
1782457352.512449,-1,0.000646,inf,SAFE_STAND,0.000000,0.008805,0.012316,-0.181138,0.000000,0.000000,0.000000,1.000000,0.100000
1782457352.532394,-1,0.000445,inf,SAFE_STAND,0.000000,0.008828,0.012309,-0.181107,0.000000,0.000000,0.000000,1.000000,0.100000
1782457352.552459,-1,0.000440,inf,SAFE_STAND,0.000000,0.008841,0.012326,-0.181122,0.000000,0.000000,0.000000,1.000000,0.100000
1782457352.572523,-1,0.000429,inf,SAFE_STAND,0.000000,0.008824,0.012330,-0.181108,0.000000,0.000000,0.000000,1.000000,0.100000
1782457352.592614,-1,0.000449,inf,SAFE_STAND,0.000000,0.008835,0.012341,-0.181136,0.000000,0.000000,0.000000,1.000000,0.100000
1782457352.612991,-1,0.000427,inf,SAFE_STAND,0.000000,0.008833,0.012320,-0.181161,0.000000,0.000000,0.000000,1.000000,0.100000
1782457352.633078,-1,0.000436,inf,SAFE_STAND,0.000000,0.008815,0.012311,-0.181191,0.000000,0.000000,0.000000,1.000000,0.100000
1782457352.653147,-1,0.000432,inf,SAFE_STAND,0.000000,0.008833,0.012325,-0.181183,0.000000,0.000000,0.000000,1.000000,0.100000
1782457352.673752,-1,0.000963,139.130524,SAFE_STAND,0.000000,0.008829,0.012341,-0.181185,0.000000,0.000000,0.000000,1.000000,0.100000
1782457352.693327,-1,0.000456,inf,SAFE_STAND,0.000000,0.008827,0.012338,-0.181179,0.000000,0.000000,0.000000,1.000000,0.100000
1782457352.713803,-1,0.000625,inf,SAFE_STAND,0.000000,0.008848,0.012370,-0.181148,0.000000,0.000000,0.000000,1.000000,0.100000
1782457352.733797,-1,0.000403,inf,SAFE_STAND,0.000000,0.008865,0.012433,-0.181169,0.000000,0.000000,0.000000,1.000000,0.100000
1782457352.753909,-1,0.000447,inf,SAFE_STAND,0.000000,0.008859,0.012415,-0.181193,0.000000,0.000000,0.000000,1.000000,0.100000
1782457352.773965,-1,0.000430,inf,SAFE_STAND,0.000000,0.008841,0.012418,-0.181210,0.000000,0.000000,0.000000,1.000000,0.100000
1782457352.794026,-1,0.000422,inf,SAFE_STAND,0.000000,0.008852,0.012404,-0.181221,0.000000,0.000000,0.000000,1.000000,0.100000
1782457352.814120,-1,0.000443,inf,SAFE_STAND,0.000000,0.008833,0.012405,-0.181233,0.000000,0.000000,0.000000,1.000000,0.100000
1782457352.834677,-1,0.000486,inf,SAFE_STAND,0.000000,0.008852,0.012431,-0.181250,0.000000,0.000000,0.000000,1.000000,0.100000
1782457352.854717,-1,0.000449,inf,SAFE_STAND,0.000000,0.008846,0.012391,-0.181273,0.000000,0.000000,0.000000,1.000000,0.100000
1782457352.875227,-1,0.000657,inf,SAFE_STAND,0.000000,0.008847,0.012352,-0.181252,0.000000,0.000000,0.000000,1.000000,0.100000
1782457352.895343,-1,0.000677,inf,SAFE_STAND,0.000000,0.008845,0.012342,-0.181250,0.000000,0.000000,0.000000,1.000000,0.100000
1782457352.915470,-1,0.000729,inf,SAFE_STAND,0.000000,0.008842,0.012352,-0.181226,0.000000,0.000000,0.000000,1.000000,0.100000
1782457352.935363,-1,0.000466,inf,SAFE_STAND,0.000000,0.008833,0.012340,-0.181240,0.000000,0.000000,0.000000,1.000000,0.100000
1782457352.955502,-1,0.000470,inf,SAFE_STAND,0.000000,0.008827,0.012344,-0.181244,0.000000,0.000000,0.000000,1.000000,0.100000
1782457352.976320,-1,0.000889,inf,SAFE_STAND,0.000000,0.008820,0.012320,-0.181214,0.000000,0.000000,0.000000,1.000000,0.100000
1782457352.996226,-1,0.000710,inf,SAFE_STAND,0.000000,0.008812,0.012275,-0.181203,0.000000,0.000000,0.000000,1.000000,0.100000
1782457353.016157,-1,0.000539,inf,SAFE_STAND,0.000000,0.008814,0.012279,-0.181167,0.000000,0.000000,0.000000,1.000000,0.100000
1782457353.036206,-1,0.000464,inf,SAFE_STAND,0.000000,0.008826,0.012250,-0.181181,0.000000,0.000000,0.000000,1.000000,0.100000
1782457353.056274,-1,0.000458,inf,SAFE_STAND,0.000000,0.008822,0.012269,-0.181197,0.000000,0.000000,0.000000,1.000000,0.100000
1782457353.076332,-1,0.000445,inf,SAFE_STAND,0.000000,0.008851,0.012286,-0.181173,0.000000,0.000000,0.000000,1.000000,0.100000
1782457353.096458,-1,0.000499,inf,SAFE_STAND,0.000000,0.008835,0.012278,-0.181211,0.000000,0.000000,0.000000,1.000000,0.100000
1782457353.116710,-1,0.000677,inf,SAFE_STAND,0.000000,0.008870,0.012271,-0.181202,0.000000,0.000000,0.000000,1.000000,0.100000
1782457353.136722,-1,0.000414,inf,SAFE_STAND,0.000000,0.008860,0.012279,-0.181231,0.000000,0.000000,0.000000,1.000000,0.100000
1782457353.156859,-1,0.000481,inf,SAFE_STAND,0.000000,0.008845,0.012267,-0.181272,0.000000,0.000000,0.000000,1.000000,0.100000
1782457353.177077,-1,0.000624,139.634126,SAFE_STAND,0.000000,0.008831,0.012246,-0.181270,0.000000,0.000000,0.000000,1.000000,0.100000
1782457353.196961,-1,0.000432,inf,SAFE_STAND,0.000000,0.008853,0.012225,-0.181273,0.000000,0.000000,0.000000,1.000000,0.100000
1782457353.217651,-1,0.000828,inf,SAFE_STAND,0.000000,0.008827,0.012228,-0.181306,0.000000,0.000000,0.000000,1.000000,0.100000
1782457353.237707,-1,0.000620,inf,SAFE_STAND,0.000000,0.008854,0.012240,-0.181284,0.000000,0.000000,0.000000,1.000000,0.100000
1782457353.257738,-1,0.000563,inf,SAFE_STAND,0.000000,0.008854,0.012272,-0.181286,0.000000,0.000000,0.000000,1.000000,0.100000
1782457353.278482,-1,0.001216,inf,SAFE_STAND,0.000000,0.008854,0.012288,-0.181308,0.000000,0.000000,0.000000,1.000000,0.100000
1782457353.298526,-1,0.001132,inf,SAFE_STAND,0.000000,0.008853,0.012335,-0.181355,0.000000,0.000000,0.000000,1.000000,0.100000
1782457353.318582,-1,0.001100,inf,SAFE_STAND,0.000000,0.008854,0.012315,-0.181351,0.000000,0.000000,0.000000,1.000000,0.100000
1782457353.338700,-1,0.001136,inf,SAFE_STAND,0.000000,0.008836,0.012309,-0.181303,0.000000,0.000000,0.000000,1.000000,0.100000
1782457353.359313,-1,0.001233,inf,SAFE_STAND,0.000000,0.008840,0.012345,-0.181286,0.000000,0.000000,0.000000,1.000000,0.100000
1782457353.379291,-1,0.001067,inf,SAFE_STAND,0.000000,0.008832,0.012353,-0.181339,0.000000,0.000000,0.000000,1.000000,0.100000
1782457353.399391,-1,0.001021,inf,SAFE_STAND,0.000000,0.008863,0.012360,-0.181350,0.000000,0.000000,0.000000,1.000000,0.100000
1782457353.419407,-1,0.000740,inf,SAFE_STAND,0.000000,0.008843,0.012400,-0.181347,0.000000,0.000000,0.000000,1.000000,0.100000
1782457353.439970,-1,0.000951,inf,SAFE_STAND,0.000000,0.008832,0.012414,-0.181353,0.000000,0.000000,0.000000,1.000000,0.100000
1782457353.460100,-1,0.000953,inf,SAFE_STAND,0.000000,0.008858,0.012449,-0.181337,0.000000,0.000000,0.000000,1.000000,0.100000
1782457353.480225,-1,0.000714,inf,SAFE_STAND,0.000000,0.008857,0.012455,-0.181383,0.000000,0.000000,0.000000,1.000000,0.100000
1782457353.500829,-1,0.000977,inf,SAFE_STAND,0.000000,0.008857,0.012457,-0.181411,0.000000,0.000000,0.000000,1.000000,0.100000
1782457353.520908,-1,0.000966,inf,SAFE_STAND,0.000000,0.008844,0.012466,-0.181383,0.000000,0.000000,0.000000,1.000000,0.100000
1782457353.540858,-1,0.000756,inf,SAFE_STAND,0.000000,0.008833,0.012478,-0.181344,0.000000,0.000000,0.000000,1.000000,0.100000
1782457353.560916,-1,0.000714,inf,SAFE_STAND,0.000000,0.008817,0.012433,-0.181335,0.000000,0.000000,0.000000,1.000000,0.100000
1782457353.581548,-1,0.000989,inf,SAFE_STAND,0.000000,0.008817,0.012479,-0.181385,0.000000,0.000000,0.000000,1.000000,0.100000
1782457353.601648,-1,0.000964,inf,SAFE_STAND,0.000000,0.008820,0.012504,-0.181467,0.000000,0.000000,0.000000,1.000000,0.100000
1782457353.621713,-1,0.000716,inf,SAFE_STAND,0.000000,0.008836,0.012505,-0.181471,0.000000,0.000000,0.000000,1.000000,0.100000
1782457353.641841,-1,0.000720,inf,SAFE_STAND,0.000000,0.008832,0.012490,-0.181497,0.000000,0.000000,0.000000,1.000000,0.100000
1782457353.662468,-1,0.000955,inf,SAFE_STAND,0.000000,0.008841,0.012469,-0.181523,0.000000,0.000000,0.000000,1.000000,0.100000
1782457353.683093,-1,0.001450,140.139679,SAFE_STAND,0.000000,0.008833,0.012424,-0.181514,0.000000,0.000000,0.000000,1.000000,0.100000
1782457353.702663,-1,0.000754,inf,SAFE_STAND,0.000000,0.008846,0.012446,-0.181535,0.000000,0.000000,0.000000,1.000000,0.100000
1782457353.723003,-1,0.000720,inf,SAFE_STAND,0.000000,0.008882,0.012419,-0.181497,0.000000,0.000000,0.000000,1.000000,0.100000
1782457353.743433,-1,0.000753,inf,SAFE_STAND,0.000000,0.008861,0.012448,-0.181521,0.000000,0.000000,0.000000,1.000000,0.100000
1782457353.763746,-1,0.000710,inf,SAFE_STAND,0.000000,0.008880,0.012425,-0.181482,0.000000,0.000000,0.000000,1.000000,0.100000
1782457353.784160,-1,0.000647,inf,SAFE_STAND,0.000000,0.008877,0.012431,-0.181480,0.000000,0.000000,0.000000,1.000000,0.100000
1782457353.804311,-1,0.000489,inf,SAFE_STAND,0.000000,0.008896,0.012451,-0.181512,0.000000,0.000000,0.000000,1.000000,0.100000
1782457353.824822,-1,0.000538,inf,SAFE_STAND,0.000000,0.008892,0.012444,-0.181505,0.000000,0.000000,0.000000,1.000000,0.100000
1782457353.844848,-1,0.000482,inf,SAFE_STAND,0.000000,0.008915,0.012452,-0.181565,0.000000,0.000000,0.000000,1.000000,0.100000
1782457353.864922,-1,0.000479,inf,SAFE_STAND,0.000000,0.008930,0.012464,-0.181571,0.000000,0.000000,0.000000,1.000000,0.100000
1782457353.884977,-1,0.000461,inf,SAFE_STAND,0.000000,0.008931,0.012481,-0.181569,0.000000,0.000000,0.000000,1.000000,0.100000
1782457353.905071,-1,0.000480,inf,SAFE_STAND,0.000000,0.008955,0.012569,-0.181608,0.000000,0.000000,0.000000,1.000000,0.100000
1782457353.925483,-1,0.000412,inf,SAFE_STAND,0.000000,0.008950,0.012614,-0.181588,0.000000,0.000000,0.000000,1.000000,0.100000
1782457353.945556,-1,0.000414,inf,SAFE_STAND,0.000000,0.008984,0.012617,-0.181572,0.000000,0.000000,0.000000,1.000000,0.100000
1782457353.966077,-1,0.000856,inf,SAFE_STAND,0.000000,0.008984,0.012651,-0.181588,0.000000,0.000000,0.000000,1.000000,0.100000
1782457353.986547,-1,0.001224,inf,SAFE_STAND,0.000000,0.008974,0.012617,-0.181596,0.000000,0.000000,0.000000,1.000000,0.100000
1782457354.006395,-1,0.001001,inf,SAFE_STAND,0.000000,0.009008,0.012600,-0.181603,0.000000,0.000000,0.000000,1.000000,0.100000
1782457354.026704,-1,0.001149,inf,SAFE_STAND,0.000000,0.009017,0.012588,-0.181606,0.000000,0.000000,0.000000,1.000000,0.100000
1782457354.046791,-1,0.000882,inf,SAFE_STAND,0.000000,0.009035,0.012641,-0.181552,0.000000,0.000000,0.000000,1.000000,0.100000
1782457354.067028,-1,0.000706,inf,SAFE_STAND,0.000000,0.009035,0.012665,-0.181579,0.000000,0.000000,0.000000,1.000000,0.100000
1782457354.087211,-1,0.000781,inf,SAFE_STAND,0.000000,0.009054,0.012676,-0.181602,0.000000,0.000000,0.000000,1.000000,0.100000
1782457354.107497,-1,0.000840,inf,SAFE_STAND,0.000000,0.009080,0.012711,-0.181581,0.000000,0.000000,0.000000,1.000000,0.100000
1782457354.127466,-1,0.000706,inf,SAFE_STAND,0.000000,0.009084,0.012679,-0.181520,0.000000,0.000000,0.000000,1.000000,0.100000
1782457354.147926,-1,0.000862,inf,SAFE_STAND,0.000000,0.009089,0.012718,-0.181549,0.000000,0.000000,0.000000,1.000000,0.100000
1782457354.168094,-1,0.000698,inf,SAFE_STAND,0.000000,0.009095,0.012722,-0.181560,0.000000,0.000000,0.000000,1.000000,0.100000
1782457354.188214,-1,0.000717,140.645230,SAFE_STAND,0.000000,0.009090,0.012707,-0.181536,0.000000,0.000000,0.000000,1.000000,0.100000
1782457354.208957,-1,0.001135,inf,SAFE_STAND,0.000000,0.009074,0.012688,-0.181536,0.000000,0.000000,0.000000,1.000000,0.100000
1782457354.229034,-1,0.001105,inf,SAFE_STAND,0.000000,0.009058,0.012727,-0.181512,0.000000,0.000000,0.000000,1.000000,0.100000
1782457354.249681,-1,0.001645,inf,SAFE_STAND,0.000000,0.009068,0.012710,-0.181539,0.000000,0.000000,0.000000,1.000000,0.100000
1782457354.268972,-1,0.000743,inf,SAFE_STAND,0.000000,0.009050,0.012687,-0.181525,0.000000,0.000000,0.000000,1.000000,0.100000
1782457354.290089,-1,0.001357,inf,SAFE_STAND,0.000000,0.009062,0.012704,-0.181543,0.000000,0.000000,0.000000,1.000000,0.100000
1782457354.310039,-1,0.000764,inf,SAFE_STAND,0.000000,0.009054,0.012735,-0.181498,0.000000,0.000000,0.000000,1.000000,0.100000
1782457354.330841,-1,0.000708,inf,SAFE_STAND,0.000000,0.009033,0.012729,-0.181503,0.000000,0.000000,0.000000,1.000000,0.100000
1782457354.351589,-1,0.000959,inf,SAFE_STAND,0.000000,0.009033,0.012775,-0.181540,0.000000,0.000000,0.000000,1.000000,0.100000
1782457354.371469,-1,0.000717,inf,SAFE_STAND,0.000000,0.009052,0.012771,-0.181520,0.000000,0.000000,0.000000,1.000000,0.100000
1782457354.391624,-1,0.000729,inf,SAFE_STAND,0.000000,0.009061,0.012775,-0.181516,0.000000,0.000000,0.000000,1.000000,0.100000
1782457354.412242,-1,0.000955,inf,SAFE_STAND,0.000000,0.009063,0.012750,-0.181515,0.000000,0.000000,0.000000,1.000000,0.100000
1782457354.432234,-1,0.000816,inf,SAFE_STAND,0.000000,0.009088,0.012753,-0.181527,0.000000,0.000000,0.000000,1.000000,0.100000
1782457354.452195,-1,0.000574,inf,SAFE_STAND,0.000000,0.009115,0.012758,-0.181433,0.000000,0.000000,0.000000,1.000000,0.100000
1782457354.472825,-1,0.000882,inf,SAFE_STAND,0.000000,0.009142,0.012810,-0.181471,0.000000,0.000000,0.000000,1.000000,0.100000
1782457354.492995,-1,0.000890,inf,SAFE_STAND,0.000000,0.009144,0.012801,-0.181446,0.000000,0.000000,0.000000,1.000000,0.100000
1782457354.513219,-1,0.000595,inf,SAFE_STAND,0.000000,0.009173,0.012810,-0.181432,0.000000,0.000000,0.000000,1.000000,0.100000
1782457354.533279,-1,0.000507,inf,SAFE_STAND,0.000000,0.009169,0.012833,-0.181433,0.000000,0.000000,0.000000,1.000000,0.100000
1782457354.553770,-1,0.000538,inf,SAFE_STAND,0.000000,0.009172,0.012861,-0.181469,0.000000,0.000000,0.000000,1.000000,0.100000
1782457354.573776,-1,0.000459,inf,SAFE_STAND,0.000000,0.009190,0.012866,-0.181448,0.000000,0.000000,0.000000,1.000000,0.100000
1782457354.593951,-1,0.000502,inf,SAFE_STAND,0.000000,0.009223,0.012871,-0.181421,0.000000,0.000000,0.000000,1.000000,0.100000
1782457354.614033,-1,0.000501,inf,SAFE_STAND,0.000000,0.009213,0.012905,-0.181454,0.000000,0.000000,0.000000,1.000000,0.100000
1782457354.634549,-1,0.000713,inf,SAFE_STAND,0.000000,0.009204,0.012906,-0.181528,0.000000,0.000000,0.000000,1.000000,0.100000
1782457354.654432,-1,0.000501,inf,SAFE_STAND,0.000000,0.009200,0.012863,-0.181480,0.000000,0.000000,0.000000,1.000000,0.100000
1782457354.674582,-1,0.000567,inf,SAFE_STAND,0.000000,0.009175,0.012827,-0.181448,0.000000,0.000000,0.000000,1.000000,0.100000
1782457354.695091,3,0.000985,0.006859,SAFE_STAND,0.000000,0.009205,0.012870,-0.181425,0.000000,0.000000,0.000000,1.000000,0.100000
1782457354.714913,4,0.000722,0.006861,SAFE_STAND,0.000000,0.009219,0.012862,-0.181417,0.000000,0.000000,0.000000,1.000000,0.100000
1782457354.735163,5,0.000879,0.006859,SAFE_STAND,0.000000,0.009231,0.012883,-0.181431,0.000000,0.000000,0.000000,1.000000,0.100000
1782457354.755283,6,0.000909,0.007031,SAFE_STAND,0.000000,0.009257,0.012894,-0.181401,0.000000,0.000000,0.000000,1.000000,0.100000
1782457354.775369,7,0.000906,0.006823,SAFE_STAND,0.000000,0.009259,0.012827,-0.181414,0.000000,0.000000,0.000000,1.000000,0.100000
1782457354.795344,8,0.000664,0.006934,SAFE_STAND,0.000000,0.009269,0.012853,-0.181407,0.000000,0.000000,0.000000,1.000000,0.100000
1782457354.815433,9,0.000675,0.006932,SAFE_STAND,0.000000,0.009276,0.012815,-0.181433,0.000000,0.000000,0.000000,1.000000,0.100000
1782457354.835975,10,0.000925,0.007117,SAFE_STAND,0.000000,0.009275,0.012783,-0.181419,0.000000,0.000000,0.000000,1.000000,0.100000
1782457354.856059,11,0.000923,0.007167,SAFE_STAND,0.000000,0.009281,0.012800,-0.181480,0.000000,0.000000,0.000000,1.000000,0.100000
1782457354.876168,12,0.000937,0.007183,SAFE_STAND,0.000000,0.009303,0.012785,-0.181491,0.000000,0.000000,0.000000,1.000000,0.100000
1782457354.896161,13,0.000754,0.007144,SAFE_STAND,0.000000,0.009321,0.012792,-0.181473,0.000000,0.000000,0.000000,1.000000,0.100000
1782457354.916202,14,0.000712,0.007331,SAFE_STAND,0.000000,0.009331,0.012757,-0.181492,0.000000,0.000000,0.000000,1.000000,0.100000
1782457354.936687,15,0.000894,0.007765,SAFE_STAND,0.000000,0.009311,0.012764,-0.181506,0.000000,0.000000,0.000000,1.000000,0.100000
1782457354.956896,16,0.001016,0.007811,SAFE_STAND,0.000000,0.009288,0.012777,-0.181489,0.000000,0.000000,0.000000,1.000000,0.100000
1782457354.981411,17,0.005447,0.007833,TRACKING,0.059968,0.009289,0.012756,-0.181516,0.051833,0.024276,0.224687,0.003966,0.100000
1782457354.999044,18,0.002738,0.007328,TRACKING,0.054481,0.009292,0.012779,-0.181495,0.050808,0.024141,0.219457,0.021551,0.100000
1782457355.020114,19,0.003353,0.008204,TRACKING,0.057460,0.009308,0.012751,-0.181511,0.051150,0.024471,0.224687,0.043001,0.100000
1782457355.040448,20,0.003338,0.008494,TRACKING,0.057057,0.009304,0.012785,-0.181505,0.051805,0.025016,0.224687,0.062945,0.100000
1782457355.060835,21,0.003630,0.007699,TRACKING,0.057881,0.009290,0.012759,-0.181504,0.052516,0.025683,0.228170,0.083362,0.100000
1782457355.081195,22,0.003544,0.008205,TRACKING,0.059194,0.009297,0.012758,-0.181506,0.054190,0.026284,0.235137,0.103701,0.100000
1782457355.100884,23,0.002967,0.008866,TRACKING,0.059967,0.009296,0.012765,-0.181491,0.054863,0.026703,0.238621,0.123770,0.100000
1782457355.121172,24,0.003160,0.009084,TRACKING,0.059503,0.009262,0.012775,-0.181551,0.054977,0.026630,0.236884,0.143713,0.100000
1782457355.141141,25,0.003035,0.009092,TRACKING,0.059853,0.009235,0.012802,-0.181590,0.055573,0.026539,0.240367,0.163673,0.100000
1782457355.161135,26,0.002916,0.009029,TRACKING,0.060663,0.009207,0.012814,-0.181571,0.057188,0.026313,0.245597,0.183809,0.100000
1782457355.180994,27,0.002684,0.009352,TRACKING,0.059961,0.009128,0.012792,-0.181653,0.055976,0.026742,0.242105,0.203664,0.100000
1782457355.201307,28,0.002909,0.009452,TRACKING,0.059044,0.009079,0.012733,-0.181723,0.054818,0.027202,0.235137,0.223852,0.100000
1782457355.221318,29,0.002517,0.009561,TRACKING,0.059675,0.009037,0.012635,-0.181745,0.054797,0.027432,0.236884,0.244357,0.100000
1782457355.241288,30,0.002359,0.009569,TRACKING,0.059461,0.009020,0.012472,-0.181728,0.054837,0.027638,0.236884,0.264336,0.100000
1782457355.261939,31,0.002530,0.010012,TRACKING,0.058419,0.009000,0.012361,-0.181670,0.054671,0.027762,0.233391,0.284485,0.100000
1782457355.282042,32,0.002543,0.010041,TRACKING,0.058299,0.008971,0.012291,-0.181462,0.054641,0.027881,0.231654,0.304702,0.100000
1782457355.303575,33,0.003619,0.010512,TRACKING,0.059481,0.008911,0.012173,-0.181446,0.054102,0.028020,0.228170,0.326108,0.100000
1782457355.322954,34,0.002770,0.010566,TRACKING,0.057947,0.008864,0.012028,-0.181395,0.053468,0.028084,0.226433,0.345567,0.100000
1782457355.342425,35,0.002083,0.010910,TRACKING,0.057089,0.008862,0.011895,-0.181337,0.052776,0.028050,0.224687,0.365225,0.100000
1782457355.362812,36,0.002347,0.010709,TRACKING,0.057388,0.008849,0.011675,-0.181237,0.052326,0.028026,0.221030,0.385979,0.100000
1782457355.382924,37,0.001728,0.010681,TRACKING,0.055815,0.008830,0.011437,-0.181297,0.051992,0.028091,0.217549,0.406084,0.100000
1782457355.403579,38,0.002304,0.011418,TRACKING,0.056129,0.008820,0.011071,-0.181301,0.051691,0.028134,0.217549,0.426198,0.100000
1782457355.424494,39,0.003121,0.010984,TRACKING,0.056996,0.008829,0.010653,-0.181186,0.051395,0.028256,0.217549,0.447039,0.100000
1782457355.444610,40,0.003141,0.011830,TRACKING,0.057777,0.008875,0.010127,-0.181203,0.050973,0.028405,0.215807,0.467509,0.100000
1782457355.465118,41,0.003204,0.011990,TRACKING,0.056790,0.008966,0.009630,-0.181198,0.051825,0.028436,0.212245,0.487708,0.100000
1782457355.484851,42,0.002829,0.011252,TRACKING,0.055684,0.009080,0.009086,-0.181147,0.052506,0.028428,0.208766,0.507716,0.100000
1782457355.504625,43,0.002517,0.011726,TRACKING,0.055272,0.009191,0.008648,-0.181118,0.053119,0.028401,0.208766,0.527637,0.100000
1782457355.525352,44,0.002654,0.012343,TRACKING,0.054865,0.009339,0.008149,-0.181049,0.053856,0.028440,0.207031,0.547856,0.100000
1782457355.546309,45,0.003167,0.012892,TRACKING,0.054815,0.009479,0.007560,-0.180983,0.054275,0.028376,0.201806,0.568829,0.100000
1782457355.566380,46,0.003145,0.013016,TRACKING,0.055784,0.009639,0.006915,-0.181043,0.053382,0.028259,0.203551,0.589289,0.100000
1782457355.586922,47,0.003525,0.012222,TRACKING,0.054870,0.009825,0.006145,-0.181095,0.051817,0.028022,0.201806,0.609406,0.100000
1782457355.607006,48,0.003512,0.012918,TRACKING,0.055499,0.009969,0.005387,-0.181155,0.050251,0.027761,0.203541,0.629505,0.100000
1782457355.627091,49,0.003174,0.012561,TRACKING,0.053937,0.010208,0.004459,-0.181037,0.049053,0.027528,0.200062,0.649556,0.100000
1782457355.647618,50,0.003247,0.012953,TRACKING,0.054201,0.010509,0.003302,-0.180975,0.049079,0.027431,0.200062,0.670130,0.100000
1782457355.667988,51,0.003521,0.012954,TRACKING,0.054820,0.010767,0.002239,-0.180915,0.049897,0.027460,0.201806,0.690455,0.100000
1782457355.687829,52,0.002917,0.014306,TRACKING,0.054053,0.011060,0.000981,-0.180837,0.050782,0.027553,0.200062,0.710348,0.100000
1782457355.708377,53,0.003367,0.014138,TRACKING,0.054505,0.011354,-0.000460,-0.180924,0.051731,0.027624,0.198317,0.730969,0.100000
1782457355.728393,54,0.003283,0.014140,TRACKING,0.054303,0.011575,-0.001946,-0.181032,0.052309,0.027619,0.194827,0.750951,0.100000
1782457355.748538,55,0.003324,0.013399,TRACKING,0.054381,0.011812,-0.003158,-0.180980,0.052664,0.027591,0.194837,0.771068,0.100000
1782457355.768484,56,0.003135,0.013408,TRACKING,0.054385,0.012051,-0.004565,-0.180871,0.052821,0.027556,0.193092,0.791007,0.100000
1782457355.789221,57,0.003352,0.014107,TRACKING,0.054832,0.012277,-0.006066,-0.180842,0.052907,0.027419,0.189613,0.811696,0.100000
1782457355.809180,58,0.003183,0.014080,TRACKING,0.055192,0.012479,-0.007481,-0.180816,0.053084,0.027329,0.189613,0.831726,0.100000
1782457355.829080,59,0.002984,0.014115,TRACKING,0.054628,0.012679,-0.008846,-0.180831,0.052626,0.027177,0.184388,0.851715,0.100000
1782457355.849257,60,0.003030,0.014207,TRACKING,0.054513,0.012899,-0.010234,-0.180798,0.052927,0.027079,0.180909,0.871758,0.100000
1782457355.869839,61,0.003115,0.014587,TRACKING,0.054210,0.013119,-0.011582,-0.180766,0.053414,0.027061,0.175684,0.892341,0.100000
1782457355.889779,62,0.002956,0.014265,TRACKING,0.054370,0.013370,-0.012892,-0.180671,0.053877,0.026989,0.170473,0.912759,0.100000
1782457355.910072,63,0.003090,0.014683,TRACKING,0.053963,0.013545,-0.014072,-0.180618,0.053502,0.026786,0.166984,0.932801,0.100000
1782457355.930243,64,0.003125,0.014935,TRACKING,0.054256,0.013714,-0.015282,-0.180605,0.052442,0.026530,0.161759,0.953296,0.100000
1782457355.950544,65,0.002967,0.015270,TRACKING,0.053404,0.013833,-0.016560,-0.180681,0.051013,0.026201,0.158228,0.973342,0.100000
1782457355.970642,66,0.002930,0.015422,TRACKING,0.053135,0.013968,-0.017900,-0.180697,0.049490,0.025848,0.154731,0.993328,0.100000
1782457355.990705,67,0.002915,0.015344,TRACKING,0.052206,0.014086,-0.019040,-0.180633,0.048503,0.025562,0.149521,1.000000,0.100000
1782457356.010699,68,0.002816,0.016343,TRACKING,0.052238,0.014245,-0.020152,-0.180442,0.047186,0.025118,0.145958,1.000000,0.100000
1782457356.030010,69,0.001844,0.016343,TRACKING,0.050796,0.014378,-0.021300,-0.180302,0.046105,0.024701,0.140749,1.000000,0.100000
1782457356.051575,70,0.002954,0.016325,TRACKING,0.052073,0.014470,-0.022559,-0.180127,0.045592,0.024441,0.137273,1.000000,0.100000
1782457356.071637,71,0.002887,0.016387,TRACKING,0.052143,0.014553,-0.023747,-0.180048,0.045108,0.024200,0.137273,1.000000,0.100000
1782457356.092549,72,0.003345,0.016344,TRACKING,0.052596,0.014627,-0.024971,-0.179936,0.045049,0.024020,0.133797,1.000000,0.100000
1782457356.112491,73,0.002601,0.016891,TRACKING,0.052544,0.014681,-0.026199,-0.179896,0.044990,0.023864,0.133797,1.000000,0.100000
1782457356.132680,74,0.002283,0.017426,TRACKING,0.051982,0.014734,-0.027295,-0.179828,0.044627,0.023707,0.130332,1.000000,0.100000
1782457356.153023,75,0.002496,0.017743,TRACKING,0.052174,0.014831,-0.028400,-0.179726,0.044116,0.023508,0.128588,1.000000,0.100000
1782457356.173562,76,0.002660,0.017727,TRACKING,0.053077,0.014909,-0.029609,-0.179692,0.043561,0.023300,0.126844,1.000000,0.100000
1782457356.193453,77,0.002463,0.017504,TRACKING,0.052179,0.014951,-0.030958,-0.179683,0.042952,0.023132,0.125112,1.000000,0.100000
1782457356.213216,78,0.002079,0.018641,TRACKING,0.052464,0.015030,-0.032165,-0.179721,0.042175,0.023004,0.119903,1.000000,0.100000
1782457356.233820,79,0.002218,0.019319,TRACKING,0.052189,0.015107,-0.033565,-0.179717,0.041124,0.022866,0.114694,1.000000,0.100000
1782457356.254177,80,0.002432,0.019391,TRACKING,0.052721,0.015153,-0.034747,-0.179791,0.039887,0.022757,0.112950,1.000000,0.100000
1782457356.274966,81,0.003142,0.018444,TRACKING,0.051751,0.015182,-0.035765,-0.179840,0.039082,0.022649,0.106009,1.000000,0.100000
1782457356.295202,82,0.003293,0.018646,TRACKING,0.052003,0.015209,-0.036660,-0.179907,0.038926,0.022534,0.104277,1.000000,0.100000
1782457356.316087,83,0.003727,0.018852,TRACKING,0.052281,0.015215,-0.037463,-0.179983,0.038894,0.022494,0.100800,1.000000,0.100000
1782457356.336062,84,0.003208,0.019515,TRACKING,0.050935,0.015204,-0.038287,-0.180059,0.038677,0.022454,0.097324,1.000000,0.100000
1782457356.357698,86,0.004375,0.000509,TRACKING,0.043074,0.015186,-0.039010,-0.180142,0.038368,0.022410,0.093848,1.000000,0.100000
1782457356.377410,87,0.003644,0.001217,TRACKING,0.043021,0.015176,-0.039747,-0.180095,0.037449,0.022369,0.095580,1.000000,0.100000
1782457356.397658,88,0.003658,0.001195,TRACKING,0.042247,0.015186,-0.040364,-0.180038,0.037052,0.022323,0.092104,1.000000,0.100000
1782457356.417462,89,0.003003,0.000623,TRACKING,0.041273,0.015187,-0.040905,-0.180010,0.036916,0.022347,0.092104,1.000000,0.100000
1782457356.437858,90,0.003303,0.000915,TRACKING,0.042621,0.015164,-0.041368,-0.179944,0.037505,0.022412,0.092104,1.000000,0.100000
1782457356.458476,91,0.003825,0.000891,TRACKING,0.042631,0.015150,-0.041790,-0.179979,0.037937,0.022425,0.092093,1.000000,0.100000
1782457356.478553,92,0.003483,0.001830,TRACKING,0.043914,0.015122,-0.042201,-0.180014,0.038225,0.022415,0.093834,1.000000,0.100000
1782457356.499010,93,0.003338,0.002423,TRACKING,0.043659,0.015074,-0.042584,-0.180025,0.038361,0.022411,0.095567,1.000000,0.100000
1782457356.519416,94,0.003685,0.001420,TRACKING,0.043486,0.015040,-0.042938,-0.180038,0.038928,0.022441,0.093834,1.000000,0.100000
1782457356.539539,95,0.003340,0.003140,TRACKING,0.044007,0.015026,-0.043181,-0.180063,0.039646,0.022503,0.095567,1.000000,0.100000
1782457356.560692,96,0.003609,0.004137,TRACKING,0.045733,0.015006,-0.043366,-0.180096,0.040262,0.022533,0.097299,1.000000,0.100000
1782457356.580165,97,0.002741,0.003613,TRACKING,0.043396,0.015007,-0.043435,-0.180103,0.040913,0.022510,0.097299,1.000000,0.100000
1782457356.600819,98,0.003296,0.003865,TRACKING,0.044157,0.014994,-0.043432,-0.180145,0.041294,0.022458,0.095567,1.000000,0.100000
1782457356.620914,99,0.003298,0.003867,TRACKING,0.044166,0.015011,-0.043451,-0.180164,0.041628,0.022394,0.095567,1.000000,0.100000
1782457356.640865,100,0.003156,0.003840,TRACKING,0.043422,0.015016,-0.043389,-0.180141,0.042019,0.022352,0.092091,1.000000,0.100000
1782457356.661029,101,0.002776,0.004307,TRACKING,0.042963,0.015013,-0.043310,-0.180139,0.042242,0.022282,0.088614,1.000000,0.100000
1782457356.682430,102,0.004083,0.004258,TRACKING,0.044074,0.014982,-0.043198,-0.180183,0.042516,0.022225,0.086882,1.000000,0.100000
1782457356.701022,103,0.002582,0.004253,TRACKING,0.042325,0.014992,-0.043107,-0.180217,0.042826,0.022176,0.086882,1.000000,0.100000
1782457356.721837,104,0.003299,0.004750,TRACKING,0.043615,0.014985,-0.042924,-0.180163,0.043063,0.022142,0.085138,1.000000,0.100000
1782457356.741613,105,0.002683,0.004447,TRACKING,0.041828,0.014965,-0.042812,-0.180197,0.043345,0.022173,0.086871,1.000000,0.100000
1782457356.762626,106,0.003167,0.004924,TRACKING,0.043401,0.014948,-0.042687,-0.180206,0.043770,0.022249,0.088603,1.000000,0.100000
1782457356.783154,107,0.003568,0.005263,TRACKING,0.044857,0.014938,-0.042527,-0.180129,0.044029,0.022287,0.093812,1.000000,0.100000
1782457356.802249,108,0.002539,0.005077,TRACKING,0.043539,0.014896,-0.042405,-0.180046,0.044235,0.022310,0.095555,1.000000,0.100000
1782457356.823166,109,0.003261,0.005268,TRACKING,0.045490,0.014887,-0.042335,-0.180000,0.044580,0.022326,0.100764,1.000000,0.100000
1782457356.843119,110,0.003115,0.004958,TRACKING,0.045420,0.014883,-0.042263,-0.179988,0.044698,0.022323,0.104229,1.000000,0.100000
1782457356.863162,111,0.003068,0.005030,TRACKING,0.045411,0.014871,-0.042154,-0.179973,0.044896,0.022309,0.104240,1.000000,0.100000
1782457356.883088,112,0.002905,0.005593,TRACKING,0.045389,0.014853,-0.042042,-0.180058,0.044939,0.022246,0.104229,1.000000,0.100000
1782457356.903308,113,0.003036,0.005465,TRACKING,0.045571,0.014843,-0.041959,-0.180058,0.045183,0.022253,0.100764,1.000000,0.100000
1782457356.923348,114,0.002672,0.005652,TRACKING,0.043186,0.014840,-0.041904,-0.180131,0.045391,0.022291,0.093812,1.000000,0.100000
1782457356.944099,115,0.003327,0.005606,TRACKING,0.043264,0.014839,-0.041892,-0.180224,0.045531,0.022395,0.086871,1.000000,0.100000
1782457356.964117,116,0.003257,0.005358,TRACKING,0.041729,0.014828,-0.041903,-0.180279,0.045830,0.022600,0.079918,1.000000,0.100000
1782457356.984101,117,0.002795,0.006052,TRACKING,0.041617,0.014834,-0.042018,-0.180335,0.046021,0.022850,0.077500,1.000000,0.100000
1782457357.005085,118,0.003316,0.006388,TRACKING,0.042989,0.014778,-0.042213,-0.180439,0.046361,0.023139,0.077500,1.000000,0.100000
1782457357.025504,119,0.003640,0.006032,TRACKING,0.042354,0.014703,-0.042604,-0.180672,0.046643,0.023335,0.075000,1.000000,0.100000
1782457357.044797,120,0.002525,0.006673,TRACKING,0.041493,0.014602,-0.043073,-0.180896,0.046701,0.023392,0.075000,1.000000,0.100000
1782457357.065669,121,0.002950,0.007388,TRACKING,0.042988,0.014505,-0.043531,-0.181034,0.046659,0.023373,0.077500,1.000000,0.100000
1782457357.085845,122,0.002688,0.007211,TRACKING,0.043564,0.014421,-0.044018,-0.181103,0.046591,0.023355,0.080000,1.000000,0.100000
1782457357.106649,123,0.003439,0.007377,TRACKING,0.043555,0.014340,-0.044262,-0.181143,0.046648,0.023359,0.077500,1.000000,0.100000
1782457357.126685,124,0.002791,0.007968,TRACKING,0.043756,0.014293,-0.044376,-0.181174,0.046887,0.023370,0.080000,1.000000,0.100000
1782457357.147479,125,0.003147,0.008613,TRACKING,0.044132,0.014238,-0.044501,-0.181135,0.047470,0.023490,0.077500,1.000000,0.100000
1782457357.167957,126,0.003175,0.008627,TRACKING,0.044492,0.014174,-0.044593,-0.181059,0.048147,0.023673,0.082500,1.000000,0.100000
1782457357.187949,127,0.003074,0.008633,TRACKING,0.044163,0.014084,-0.044671,-0.180953,0.049096,0.023948,0.080000,1.000000,0.100000
1782457357.208266,128,0.003299,0.007804,TRACKING,0.045787,0.013968,-0.044793,-0.180830,0.049989,0.024314,0.085115,1.000000,0.100000
1782457357.228390,129,0.003339,0.007745,TRACKING,0.046379,0.013913,-0.044976,-0.180590,0.052923,0.024767,0.090335,1.000000,0.100000
1782457357.249160,130,0.003586,0.008299,TRACKING,0.046655,0.013854,-0.045177,-0.180434,0.059451,0.025194,0.090347,1.000000,0.100000
1782457357.269120,131,0.003105,0.008791,TRACKING,0.046560,0.013877,-0.045303,-0.180377,0.064491,0.025532,0.090358,1.000000,0.100000
1782457357.289623,132,0.003089,0.009111,TRACKING,0.045958,0.013985,-0.045452,-0.180324,0.067763,0.025707,0.085138,1.000000,0.100000
1782457357.309927,133,0.003261,0.009136,TRACKING,0.046466,0.014173,-0.045615,-0.180180,0.069449,0.025777,0.085138,1.000000,0.100000
1782457357.329682,134,0.002465,0.009537,TRACKING,0.045789,0.014406,-0.045733,-0.180069,0.070219,0.025845,0.085138,1.000000,0.100000
1782457357.349836,135,0.002492,0.010416,TRACKING,0.046896,0.014655,-0.045937,-0.180044,0.070850,0.025967,0.085000,1.000000,0.100000
1782457357.370829,136,0.003344,0.010433,TRACKING,0.048739,0.014939,-0.046154,-0.179950,0.071628,0.026166,0.085000,1.000000,0.100000
1782457357.390427,137,0.002806,0.010998,TRACKING,0.048033,0.015234,-0.046423,-0.179899,0.072837,0.026391,0.086914,1.000000,0.100000
1782457357.410740,138,0.002755,0.010910,TRACKING,0.048491,0.015613,-0.046834,-0.179834,0.073874,0.026581,0.088686,1.000000,0.100000
1782457357.431662,139,0.003284,0.011356,TRACKING,0.050205,0.015998,-0.047291,-0.179874,0.074766,0.026684,0.090431,1.000000,0.100000
1782457357.451269,140,0.002351,0.011711,TRACKING,0.049763,0.016457,-0.047833,-0.179843,0.075327,0.026721,0.092166,1.000000,0.100000
1782457357.472107,141,0.003099,0.011711,TRACKING,0.051314,0.016922,-0.048395,-0.179842,0.075765,0.026713,0.092166,1.000000,0.100000
1782457357.492806,142,0.003659,0.012197,TRACKING,0.053052,0.017407,-0.048993,-0.179962,0.076449,0.026679,0.093901,1.000000,0.100000
1782457357.512147,143,0.002907,0.011276,TRACKING,0.051751,0.017893,-0.049524,-0.179969,0.076862,0.026626,0.093901,1.000000,0.100000
1782457357.532400,144,0.003073,0.011938,TRACKING,0.052418,0.018309,-0.049948,-0.180014,0.077184,0.026544,0.092166,1.000000,0.100000
1782457357.553154,145,0.003307,0.012268,TRACKING,0.052051,0.018701,-0.050228,-0.179986,0.077212,0.026479,0.090421,1.000000,0.100000
1782457357.576148,146,0.005533,0.013124,TRACKING,0.055476,0.018975,-0.050418,-0.179968,0.076962,0.026460,0.090421,1.000000,0.100000
1782457357.596800,147,0.005296,0.013020,TRACKING,0.054977,0.019232,-0.050532,-0.180046,0.076748,0.026449,0.088686,1.000000,0.100000
1782457357.615781,148,0.004163,0.013358,TRACKING,0.053839,0.019454,-0.050645,-0.180070,0.076342,0.026419,0.090421,1.000000,0.100000
1782457357.635032,149,0.003315,0.013659,TRACKING,0.052987,0.019691,-0.050732,-0.180174,0.076163,0.026416,0.086941,1.000000,0.100000
1782457357.654899,150,0.002632,0.013403,TRACKING,0.052388,0.019911,-0.050859,-0.180241,0.075952,0.026430,0.088686,1.000000,0.100000
1782457357.675790,151,0.002707,0.015059,TRACKING,0.053133,0.020143,-0.051005,-0.180303,0.075803,0.026404,0.086941,1.000000,0.100000
1782457357.697294,152,0.003757,0.015000,TRACKING,0.053827,0.020355,-0.051162,-0.180327,0.075778,0.026361,0.086941,1.000000,0.100000
1782457357.716800,153,0.003172,0.014941,TRACKING,0.053644,0.020534,-0.051258,-0.180386,0.075678,0.026336,0.086941,1.000000,0.100000
1782457357.736603,154,0.002805,0.014680,TRACKING,0.052396,0.020743,-0.051404,-0.180444,0.075627,0.026268,0.086941,1.000000,0.100000
1782457357.757307,155,0.003056,0.015297,TRACKING,0.053333,0.020985,-0.051465,-0.180468,0.075492,0.026233,0.086941,1.000000,0.100000
1782457357.777140,156,0.002792,0.015447,TRACKING,0.053185,0.021211,-0.051544,-0.180503,0.075467,0.026188,0.086941,1.000000,0.100000
1782457357.796992,157,0.002555,0.015466,TRACKING,0.053351,0.021427,-0.051682,-0.180520,0.075629,0.026147,0.085196,1.000000,0.100000
1782457357.817267,158,0.002559,0.015477,TRACKING,0.053436,0.021666,-0.051837,-0.180460,0.075809,0.026129,0.085196,1.000000,0.100000
1782457357.837262,159,0.002110,0.016038,TRACKING,0.053099,0.021875,-0.052013,-0.180416,0.076146,0.026101,0.083462,1.000000,0.100000
1782457357.858230,160,0.002610,0.016337,TRACKING,0.053925,0.022091,-0.052225,-0.180387,0.076570,0.026134,0.083452,1.000000,0.100000
1782457357.878724,161,0.002709,0.016610,TRACKING,0.053565,0.022285,-0.052449,-0.180380,0.076914,0.026118,0.081717,1.000000,0.100000
1782457357.898690,162,0.002592,0.016761,TRACKING,0.053336,0.022469,-0.052636,-0.180396,0.077327,0.026106,0.079982,1.000000,0.100000
1782457357.919014,163,0.002614,0.016801,TRACKING,0.053385,0.022611,-0.052867,-0.180372,0.077680,0.026096,0.079982,1.000000,0.100000
1782457357.939582,164,0.003099,0.016733,TRACKING,0.054167,0.022776,-0.053131,-0.180384,0.078000,0.026082,0.079982,1.000000,0.100000
1782457357.959581,165,0.003011,0.016804,TRACKING,0.053726,0.022862,-0.053461,-0.180329,0.078331,0.026122,0.076502,1.000000,0.100000
1782457357.979941,166,0.003232,0.017278,TRACKING,0.054983,0.022990,-0.053818,-0.180232,0.078705,0.026111,0.076502,1.000000,0.100000
1782457358.000455,167,0.003260,0.017253,TRACKING,0.054139,0.023111,-0.054139,-0.180249,0.079147,0.026116,0.075000,1.000000,0.100000
1782457358.020218,168,0.002930,0.017125,TRACKING,0.054363,0.023202,-0.054536,-0.180266,0.079405,0.026082,0.075000,1.000000,0.100000
1782457358.040781,169,0.003401,0.017509,TRACKING,0.055255,0.023301,-0.054900,-0.180256,0.079591,0.026010,0.074767,1.000000,0.100000
1782457358.060617,170,0.003099,0.018365,TRACKING,0.055376,0.023409,-0.055269,-0.180210,0.079685,0.025966,0.074767,1.000000,0.100000
1782457358.081172,171,0.003172,0.018606,TRACKING,0.055183,0.023500,-0.055644,-0.180171,0.079848,0.025930,0.073023,1.000000,0.100000
1782457358.100642,172,0.002551,0.017629,TRACKING,0.054415,0.023622,-0.056006,-0.180137,0.080127,0.025923,0.074767,1.000000,0.100000
1782457358.121868,173,0.003210,0.018185,TRACKING,0.055128,0.023763,-0.056357,-0.180115,0.080133,0.025848,0.073033,1.000000,0.100000
1782457358.142468,174,0.003711,0.018160,TRACKING,0.055697,0.023873,-0.056713,-0.180069,0.080262,0.025824,0.071451,1.000000,0.100000
1782457358.162229,175,0.002996,0.018366,TRACKING,0.055257,0.024034,-0.057055,-0.180052,0.080395,0.025843,0.072083,1.000000,0.100000
1782457358.182802,176,0.003246,0.019056,TRACKING,0.056124,0.024211,-0.057446,-0.180012,0.080492,0.025820,0.072500,1.000000,0.100000
1782457358.202883,177,0.003229,0.019454,TRACKING,0.056323,0.024361,-0.057798,-0.180000,0.080472,0.025795,0.072500,1.000000,0.100000
1782457358.223936,178,0.004112,0.019604,TRACKING,0.058016,0.024508,-0.058097,-0.180020,0.080576,0.025800,0.075000,1.000000,0.100000
1782457358.243775,179,0.003819,0.020337,TRACKING,0.057917,0.024662,-0.058407,-0.180024,0.080510,0.025790,0.072500,1.000000,0.100000
1782457358.263681,180,0.003626,0.019226,TRACKING,0.057139,0.024790,-0.058732,-0.180004,0.080529,0.025804,0.072500,1.000000,0.100000
1782457358.283111,181,0.002782,0.019148,TRACKING,0.057092,0.024928,-0.059111,-0.179940,0.080450,0.025796,0.075000,1.000000,0.100000
1782457358.303582,182,0.003153,0.019199,TRACKING,0.057101,0.025070,-0.059501,-0.179859,0.080479,0.025841,0.075000,1.000000,0.100000
1782457358.324481,183,0.003944,0.019243,TRACKING,0.058604,0.025189,-0.059842,-0.179815,0.080353,0.025864,0.075000,1.000000,0.100000
1782457358.344655,184,0.004007,0.019223,TRACKING,0.058684,0.025307,-0.060200,-0.179791,0.080160,0.025886,0.075000,1.000000,0.100000
1782457358.364862,186,0.003754,0.000545,TRACKING,0.049444,0.025441,-0.060503,-0.179742,0.079949,0.025890,0.075000,1.000000,0.100000
1782457358.385389,187,0.003786,0.001496,TRACKING,0.050300,0.025576,-0.060822,-0.179736,0.079714,0.025916,0.075000,1.000000,0.100000
1782457358.404602,188,0.002644,0.000354,TRACKING,0.048971,0.025720,-0.061204,-0.179743,0.079297,0.025875,0.075000,1.000000,0.100000
1782457358.425316,189,0.002832,0.000660,TRACKING,0.048861,0.025825,-0.061483,-0.179762,0.079140,0.025847,0.075000,1.000000,0.100000
1782457358.445575,190,0.002819,0.001050,TRACKING,0.048887,0.025933,-0.061850,-0.179743,0.079079,0.025824,0.075000,1.000000,0.100000
1782457358.466480,191,0.003257,0.001873,TRACKING,0.050680,0.026023,-0.062178,-0.179787,0.078944,0.025773,0.075000,1.000000,0.100000
1782457358.487965,192,0.004065,0.002569,TRACKING,0.051878,0.026116,-0.062514,-0.179800,0.078724,0.025756,0.075000,1.000000,0.100000
1782457358.507838,193,0.003843,0.003191,TRACKING,0.051968,0.026206,-0.062824,-0.179809,0.078499,0.025726,0.075000,1.000000,0.100000
1782457358.527023,194,0.002936,0.003601,TRACKING,0.051157,0.026303,-0.063095,-0.179747,0.078206,0.025682,0.077500,1.000000,0.100000
1782457358.547123,195,0.002887,0.003217,TRACKING,0.051254,0.026367,-0.063332,-0.179698,0.077832,0.025654,0.075000,1.000000,0.100000
1782457358.568119,196,0.003405,0.003583,TRACKING,0.052253,0.026411,-0.063568,-0.179642,0.077363,0.025613,0.075000,1.000000,0.100000
1782457358.588177,197,0.002916,0.004086,TRACKING,0.051893,0.026479,-0.063819,-0.179642,0.077085,0.025621,0.075000,1.000000,0.100000
1782457358.609578,198,0.003869,0.004438,TRACKING,0.052951,0.026545,-0.064037,-0.179655,0.076891,0.025621,0.075000,1.000000,0.100000
1782457358.629061,199,0.003256,0.004741,TRACKING,0.052152,0.026587,-0.064261,-0.179641,0.076549,0.025605,0.075000,1.000000,0.100000
1782457358.648872,200,0.002611,0.004716,TRACKING,0.051177,0.026652,-0.064481,-0.179607,0.076235,0.025579,0.075000,1.000000,0.100000
1782457358.669354,201,0.002508,0.005222,TRACKING,0.051350,0.026691,-0.064728,-0.179636,0.075588,0.025507,0.075000,1.000000,0.100000
1782457358.689807,202,0.002868,0.005001,TRACKING,0.052405,0.026728,-0.064907,-0.179666,0.074946,0.025441,0.075000,1.000000,0.100000
1782457358.710323,203,0.002974,0.005159,TRACKING,0.052718,0.026782,-0.065121,-0.179670,0.074548,0.025414,0.074770,1.000000,0.100000
1782457358.730271,204,0.002834,0.005281,TRACKING,0.052316,0.026817,-0.065335,-0.179709,0.074064,0.025387,0.075000,1.000000,0.100000
1782457358.751007,205,0.003337,0.005635,TRACKING,0.053265,0.026826,-0.065552,-0.179788,0.073473,0.025366,0.075000,1.000000,0.100000
1782457358.770658,206,0.002823,0.005644,TRACKING,0.053109,0.026864,-0.065732,-0.179905,0.072852,0.025357,0.078166,1.000000,0.100000
1782457358.791433,207,0.003161,0.005964,TRACKING,0.053919,0.026887,-0.065889,-0.179935,0.072056,0.025343,0.076413,1.000000,0.100000
1782457358.810868,208,0.002192,0.006271,TRACKING,0.052972,0.026930,-0.066053,-0.180035,0.071254,0.025377,0.079895,1.000000,0.100000
1782457358.831767,209,0.003003,0.006090,TRACKING,0.054053,0.026989,-0.066250,-0.180115,0.070385,0.025401,0.079895,1.000000,0.100000
1782457358.852638,210,0.003786,0.006169,TRACKING,0.055420,0.027030,-0.066389,-0.180217,0.069526,0.025423,0.081623,1.000000,0.100000
1782457358.872247,211,0.003306,0.006253,TRACKING,0.055631,0.027059,-0.066499,-0.180310,0.068450,0.025424,0.083353,1.000000,0.100000
1782457358.892751,212,0.003712,0.006230,TRACKING,0.056285,0.027068,-0.066641,-0.180339,0.067256,0.025436,0.086832,1.000000,0.100000
1782457358.912424,213,0.003077,0.006367,TRACKING,0.056139,0.027108,-0.066779,-0.180428,0.066055,0.025481,0.086832,1.000000,0.100000
1782457358.932735,214,0.003296,0.006263,TRACKING,0.055576,0.027093,-0.066937,-0.180497,0.064765,0.025537,0.085084,1.000000,0.100000
1782457358.952963,215,0.003436,0.006341,TRACKING,0.056720,0.027049,-0.067045,-0.180521,0.063517,0.025602,0.090311,1.000000,0.100000
1782457358.972875,216,0.002719,0.006856,TRACKING,0.056182,0.026972,-0.067116,-0.180521,0.061856,0.025581,0.092042,1.000000,0.100000
1782457358.993398,217,0.003145,0.006782,TRACKING,0.056524,0.026822,-0.067233,-0.180589,0.059759,0.025501,0.090311,1.000000,0.100000
1782457359.012893,218,0.002548,0.006740,TRACKING,0.056161,0.026613,-0.067300,-0.180704,0.057212,0.025390,0.090293,1.000000,0.100000
1782457359.033277,219,0.002401,0.007078,TRACKING,0.055642,0.026365,-0.067313,-0.180794,0.054431,0.025263,0.090293,1.000000,0.100000
1782457359.053872,220,0.002908,0.007161,TRACKING,0.056484,0.026085,-0.067369,-0.180830,0.051242,0.025129,0.088563,1.000000,0.100000
1782457359.074180,221,0.003059,0.007190,TRACKING,0.055818,0.025791,-0.067388,-0.180966,0.047785,0.025024,0.086814,1.000000,0.100000
1782457359.094531,222,0.003289,0.007168,TRACKING,0.055831,0.025602,-0.067465,-0.181152,0.045251,0.024934,0.086814,1.000000,0.100000
1782457359.113938,223,0.002113,0.007714,TRACKING,0.054517,0.025468,-0.067356,-0.181479,0.045679,0.024921,0.086814,1.000000,0.100000
1782457359.134041,224,0.002017,0.007703,TRACKING,0.053013,0.025419,-0.067282,-0.181765,0.047042,0.025159,0.076395,1.000000,0.100000
1782457359.155190,225,0.003087,0.007828,TRACKING,0.054313,0.025173,-0.065978,-0.181756,0.054467,0.026183,0.061334,1.000000,0.100000
1782457359.175264,226,0.003076,0.008166,TRACKING,0.054305,0.024395,-0.065088,-0.182096,0.060734,0.026493,0.071456,1.000000,0.100000
1782457359.195022,227,0.002328,0.008273,TRACKING,0.055242,0.023353,-0.065528,-0.183198,0.057252,0.025027,0.083636,1.000000,0.100000
1782457359.215812,228,0.002988,0.008394,TRACKING,0.054872,0.022217,-0.066140,-0.183423,0.052395,0.024013,0.078438,1.000000,0.100000
1782457359.235986,229,0.003009,0.008724,TRACKING,0.053021,0.021623,-0.066671,-0.183766,0.049443,0.023862,0.071456,1.000000,0.100000
1782457359.256936,230,0.003495,0.008834,TRACKING,0.052796,0.021238,-0.067036,-0.183403,0.049658,0.024219,0.067964,1.000000,0.100000
1782457359.276839,231,0.003247,0.008871,TRACKING,0.052079,0.020815,-0.067547,-0.183056,0.048524,0.024653,0.062766,1.000000,0.100000
1782457359.296903,232,0.002717,0.009387,TRACKING,0.051237,0.020343,-0.067961,-0.182879,0.046270,0.025074,0.062500,1.000000,0.100000
1782457359.317772,233,0.003103,0.010164,TRACKING,0.052330,0.019869,-0.068133,-0.182658,0.044111,0.025279,0.065000,1.000000,0.100000
1782457359.338232,234,0.003115,0.010101,TRACKING,0.051607,0.019469,-0.068246,-0.182431,0.044557,0.025255,0.062500,1.000000,0.100000
1782457359.358135,235,0.002881,0.010225,TRACKING,0.051536,0.019153,-0.068320,-0.182354,0.044479,0.025158,0.062500,1.000000,0.100000
1782457359.377864,236,0.002516,0.010294,TRACKING,0.050763,0.018868,-0.068366,-0.182260,0.043428,0.025155,0.060597,1.000000,0.100000
1782457359.398955,237,0.003445,0.010281,TRACKING,0.052344,0.018545,-0.068326,-0.182086,0.046016,0.025015,0.064116,1.000000,0.100000
1782457359.418483,238,0.002752,0.009700,TRACKING,0.051345,0.018164,-0.068300,-0.181895,0.047904,0.024669,0.064143,1.000000,0.100000
1782457359.439458,239,0.003290,0.009936,TRACKING,0.051455,0.017705,-0.068278,-0.181776,0.048273,0.024217,0.064564,1.000000,0.100000
1782457359.458416,240,0.001773,0.010440,TRACKING,0.050028,0.017281,-0.068288,-0.181850,0.047171,0.023779,0.066317,1.000000,0.100000
1782457359.479924,241,0.002908,0.010845,TRACKING,0.051663,0.016892,-0.068355,-0.181823,0.045296,0.023475,0.068052,1.000000,0.100000
1782457359.499972,242,0.002875,0.010975,TRACKING,0.050926,0.016560,-0.068287,-0.181780,0.043154,0.023257,0.064564,1.000000,0.100000
1782457359.520011,243,0.002547,0.011577,TRACKING,0.050160,0.016199,-0.068118,-0.181729,0.041501,0.023171,0.062829,1.000000,0.100000
1782457359.540758,244,0.003186,0.011164,TRACKING,0.050319,0.015894,-0.067962,-0.181525,0.042103,0.023245,0.061075,1.000000,0.100000
1782457359.560911,245,0.002885,0.011841,TRACKING,0.050935,0.015620,-0.067742,-0.181290,0.042518,0.023378,0.060000,1.000000,0.100000
1782457359.580630,246,0.002398,0.011560,TRACKING,0.049115,0.015320,-0.067537,-0.181066,0.043049,0.023520,0.060000,1.000000,0.100000
1782457359.600555,247,0.002238,0.011580,TRACKING,0.048933,0.015063,-0.067232,-0.180880,0.043391,0.023610,0.060000,1.000000,0.100000
1782457359.621969,248,0.003565,0.011575,TRACKING,0.051274,0.014869,-0.066913,-0.180709,0.045307,0.023740,0.065000,1.000000,0.100000
1782457359.641953,249,0.002799,0.013222,TRACKING,0.051253,0.014753,-0.066563,-0.180345,0.051188,0.024006,0.065000,1.000000,0.100000
1782457359.663231,250,0.003615,0.013203,TRACKING,0.053023,0.014736,-0.066287,-0.180062,0.058556,0.024739,0.071451,1.000000,0.100000
1782457359.683356,251,0.003364,0.013053,TRACKING,0.054180,0.015004,-0.066484,-0.180038,0.062133,0.025552,0.078406,1.000000,0.100000
1782457359.704187,252,0.003866,0.013503,TRACKING,0.055690,0.015284,-0.066175,-0.179546,0.068966,0.025777,0.079671,1.000000,0.100000
1782457359.723705,253,0.003297,0.013974,TRACKING,0.055174,0.015688,-0.066139,-0.179299,0.068784,0.025540,0.075877,1.000000,0.100000
1782457359.743325,254,0.002717,0.013545,TRACKING,0.052807,0.016106,-0.066336,-0.179228,0.065488,0.025348,0.072715,1.000000,0.100000
1782457359.763965,255,0.002959,0.013673,TRACKING,0.052781,0.016392,-0.066496,-0.178980,0.061288,0.025190,0.070818,1.000000,0.100000
1782457359.784849,256,0.003182,0.014336,TRACKING,0.054421,0.016551,-0.066431,-0.179082,0.058105,0.024948,0.076455,1.000000,0.100000
1782457359.804836,257,0.003078,0.014278,TRACKING,0.055238,0.016728,-0.066191,-0.179287,0.055207,0.024620,0.081664,1.000000,0.100000
1782457359.825091,258,0.003244,0.014109,TRACKING,0.055950,0.016953,-0.065939,-0.179454,0.052492,0.024266,0.085140,1.000000,0.100000
1782457359.844911,259,0.002968,0.014277,TRACKING,0.055419,0.017198,-0.065699,-0.179587,0.049935,0.023950,0.085140,1.000000,0.100000
1782457359.864990,260,0.002569,0.014626,TRACKING,0.054882,0.017419,-0.065666,-0.179639,0.046752,0.023619,0.085140,1.000000,0.100000
1782457359.886132,261,0.003259,0.015259,TRACKING,0.057316,0.017555,-0.065815,-0.179658,0.043670,0.023271,0.086873,1.000000,0.100000
1782457359.905975,262,0.002800,0.015206,TRACKING,0.056916,0.017844,-0.066073,-0.180001,0.041304,0.022983,0.086901,1.000000,0.100000
1782457359.925955,263,0.002632,0.016025,TRACKING,0.056564,0.018117,-0.066295,-0.180360,0.040635,0.022692,0.085170,1.000000,0.100000
1782457359.946774,264,0.002973,0.016186,TRACKING,0.056284,0.018276,-0.066409,-0.180502,0.040527,0.022574,0.079997,1.000000,0.100000
1782457359.967384,265,0.003137,0.016063,TRACKING,0.055562,0.018292,-0.066279,-0.180139,0.041812,0.022775,0.078266,1.000000,0.100000
1782457359.987228,266,0.002897,0.016388,TRACKING,0.056629,0.018010,-0.065866,-0.179362,0.045112,0.023338,0.083515,1.000000,0.100000
1782457360.007331,267,0.002919,0.016371,TRACKING,0.059136,0.017647,-0.065757,-0.179107,0.052151,0.023598,0.099179,1.000000,0.100000
1782457360.027332,268,0.002837,0.016455,TRACKING,0.059660,0.017215,-0.065762,-0.179445,0.050504,0.022786,0.102274,1.000000,0.100000
1782457360.046722,269,0.001988,0.016325,TRACKING,0.060362,0.016533,-0.066206,-0.179866,0.047254,0.022156,0.109233,1.000000,0.100000
1782457360.067562,270,0.002308,0.016855,TRACKING,0.061897,0.016028,-0.066814,-0.180193,0.046154,0.022231,0.114446,1.000000,0.100000
1782457360.088958,271,0.003203,0.017161,TRACKING,0.063816,0.015604,-0.067704,-0.180389,0.046653,0.022681,0.120397,1.000000,0.100000
1782457360.109266,272,0.003415,0.017225,TRACKING,0.064116,0.015246,-0.068594,-0.180475,0.047805,0.023255,0.118662,1.000000,0.100000
1782457360.129349,273,0.002774,0.017843,TRACKING,0.065089,0.014938,-0.069345,-0.180540,0.048561,0.023605,0.123904,1.000000,0.100000
1782457360.149667,274,0.002993,0.017816,TRACKING,0.065194,0.014558,-0.070112,-0.180535,0.048537,0.023699,0.125658,1.000000,0.100000
1782457360.170258,275,0.003488,0.017809,TRACKING,0.066139,0.014213,-0.070855,-0.180570,0.047980,0.023658,0.122170,1.000000,0.100000
1782457360.191645,276,0.004324,0.018125,TRACKING,0.067060,0.013783,-0.071644,-0.180580,0.047635,0.023711,0.121301,1.000000,0.100000
1782457360.210732,277,0.003304,0.018155,TRACKING,0.064848,0.013349,-0.072586,-0.180658,0.047892,0.023926,0.116115,1.000000,0.100000
1782457360.229866,278,0.002333,0.019142,TRACKING,0.063828,0.012949,-0.073585,-0.180709,0.048265,0.024045,0.109188,1.000000,0.100000
1782457360.251423,279,0.003222,0.018892,TRACKING,0.064798,0.012548,-0.074729,-0.180578,0.048521,0.024159,0.107467,1.000000,0.100000
1782457360.271403,280,0.003119,0.018822,TRACKING,0.063648,0.012068,-0.075876,-0.180470,0.048591,0.024253,0.100540,1.000000,0.100000
1782457360.291311,281,0.002943,0.018773,TRACKING,0.062924,0.011645,-0.076987,-0.180477,0.048362,0.024297,0.097096,1.000000,0.100000
1782457360.311385,282,0.002875,0.019002,TRACKING,0.061749,0.011341,-0.078128,-0.180466,0.047930,0.024360,0.090723,1.000000,0.100000
1782457360.331666,283,0.002757,0.019274,TRACKING,0.062420,0.011185,-0.079281,-0.180469,0.047339,0.024402,0.088974,1.000000,0.100000
1782457360.352579,284,0.003130,0.020146,TRACKING,0.062671,0.011039,-0.080359,-0.180501,0.046836,0.024483,0.084877,1.000000,0.100000
1782457360.373231,285,0.003258,0.020298,TRACKING,0.061589,0.010946,-0.081446,-0.180741,0.046357,0.024552,0.079692,1.000000,0.100000
1782457360.393166,286,0.003086,0.020236,TRACKING,0.061761,0.010842,-0.082396,-0.181022,0.045912,0.024632,0.079692,1.000000,0.100000
1782457360.413285,288,0.002952,0.000373,TRACKING,0.051575,0.010674,-0.083411,-0.181444,0.046266,0.024757,0.076231,1.000000,0.100000
1782457360.433461,289,0.002887,0.000505,TRACKING,0.051461,0.010552,-0.084279,-0.181844,0.046867,0.024932,0.076244,1.000000,0.100000
1782457360.454173,290,0.003109,0.001150,TRACKING,0.053066,0.010428,-0.085034,-0.182147,0.047710,0.025091,0.074507,1.000000,0.100000
1782457360.474243,291,0.002669,0.001293,TRACKING,0.052339,0.010301,-0.085816,-0.182158,0.048109,0.025105,0.074507,1.000000,0.100000
1782457360.495837,292,0.003530,0.001916,TRACKING,0.053828,0.010133,-0.086636,-0.182136,0.048498,0.025211,0.074507,1.000000,0.100000
1782457360.515714,293,0.003291,0.002054,TRACKING,0.053562,0.009975,-0.087285,-0.182259,0.048653,0.025236,0.074507,1.000000,0.100000
1782457360.537057,294,0.003755,0.002833,TRACKING,0.054322,0.009826,-0.087956,-0.182580,0.048834,0.025324,0.074507,1.000000,0.100000
1782457360.557291,295,0.003533,0.003480,TRACKING,0.053727,0.009668,-0.088527,-0.182862,0.049033,0.025414,0.069310,1.000000,0.100000
1782457360.577137,296,0.003083,0.003422,TRACKING,0.053165,0.009550,-0.089046,-0.183174,0.048969,0.025433,0.067585,1.000000,0.100000
1782457360.596991,297,0.002834,0.003326,TRACKING,0.052864,0.009429,-0.089411,-0.183400,0.048919,0.025480,0.069310,1.000000,0.100000
1782457360.617673,298,0.003413,0.003456,TRACKING,0.052943,0.009368,-0.089708,-0.183550,0.048872,0.025547,0.067573,1.000000,0.100000
1782457360.637240,299,0.002505,0.003835,TRACKING,0.052180,0.009297,-0.089946,-0.183657,0.048808,0.025634,0.067573,1.000000,0.100000
1782457360.657403,300,0.002574,0.003747,TRACKING,0.051165,0.009284,-0.090060,-0.183724,0.048926,0.025708,0.064112,1.000000,0.100000
1782457360.678574,301,0.003289,0.005461,TRACKING,0.053931,0.009311,-0.090056,-0.183778,0.048878,0.025707,0.064112,1.000000,0.100000
1782457360.698274,302,0.002793,0.005170,TRACKING,0.053624,0.009333,-0.090004,-0.183795,0.048825,0.025728,0.065836,1.000000,0.100000
1782457360.718273,303,0.002661,0.005404,TRACKING,0.053608,0.009377,-0.089852,-0.183786,0.048736,0.025727,0.065836,1.000000,0.100000
1782457360.739457,304,0.003398,0.005265,TRACKING,0.053535,0.009400,-0.089651,-0.183795,0.048519,0.025716,0.065836,1.000000,0.100000
1782457360.759683,305,0.003416,0.005760,TRACKING,0.054064,0.009413,-0.089403,-0.183862,0.048411,0.025732,0.065836,1.000000,0.100000
1782457360.779496,306,0.003069,0.005801,TRACKING,0.054099,0.009425,-0.089096,-0.183876,0.048164,0.025676,0.065836,1.000000,0.100000
1782457360.799701,307,0.003186,0.005843,TRACKING,0.053921,0.009452,-0.088793,-0.183938,0.048272,0.025698,0.067500,1.000000,0.100000
1782457360.820352,308,0.003740,0.005832,TRACKING,0.054525,0.009463,-0.088488,-0.183964,0.048339,0.025696,0.067500,1.000000,0.100000
1782457360.840947,309,0.003637,0.006430,TRACKING,0.054531,0.009432,-0.088235,-0.183976,0.048331,0.025682,0.067560,1.000000,0.100000
1782457360.860936,310,0.003172,0.007095,TRACKING,0.054163,0.009373,-0.087972,-0.183971,0.048615,0.025759,0.067500,1.000000,0.100000
1782457360.881241,311,0.003034,0.007157,TRACKING,0.053893,0.009330,-0.087668,-0.183960,0.048584,0.025672,0.067500,1.000000,0.100000
1782457360.901181,312,0.002878,0.007099,TRACKING,0.053286,0.009270,-0.087387,-0.183979,0.048681,0.025624,0.065836,1.000000,0.100000
1782457360.921381,313,0.002985,0.007166,TRACKING,0.053492,0.009161,-0.087150,-0.183963,0.048789,0.025550,0.067500,1.000000,0.100000
1782457360.941548,314,0.003056,0.007547,TRACKING,0.053590,0.009053,-0.086901,-0.184017,0.048869,0.025491,0.067500,1.000000,0.100000
1782457360.961547,315,0.002956,0.007500,TRACKING,0.053854,0.008954,-0.086721,-0.183964,0.049092,0.025491,0.070000,1.000000,0.100000
1782457360.982022,316,0.002973,0.007532,TRACKING,0.053760,0.008808,-0.086521,-0.184015,0.049019,0.025359,0.070000,1.000000,0.100000
1782457361.002535,317,0.003393,0.007495,TRACKING,0.053753,0.008689,-0.086322,-0.183992,0.049154,0.025308,0.067500,1.000000,0.100000
1782457361.023056,318,0.003476,0.007833,TRACKING,0.053541,0.008571,-0.086071,-0.184005,0.049186,0.025163,0.065836,1.000000,0.100000
1782457361.043323,319,0.003288,0.008225,TRACKING,0.054053,0.008427,-0.085888,-0.183977,0.049174,0.025086,0.065836,1.000000,0.100000
1782457361.062938,320,0.002412,0.008616,TRACKING,0.052507,0.008312,-0.085710,-0.184051,0.049271,0.025080,0.067560,1.000000,0.100000
1782457361.083953,321,0.003341,0.008627,TRACKING,0.053606,0.008195,-0.085490,-0.184029,0.049105,0.024986,0.065823,1.000000,0.100000
1782457361.104166,322,0.003097,0.009049,TRACKING,0.053005,0.008109,-0.085262,-0.184077,0.049277,0.024987,0.064099,1.000000,0.100000
1782457361.124827,323,0.003308,0.008612,TRACKING,0.053445,0.008007,-0.085041,-0.184065,0.049391,0.024964,0.067560,1.000000,0.100000
1782457361.144517,324,0.002909,0.008411,TRACKING,0.052767,0.007905,-0.084844,-0.183988,0.049534,0.024953,0.067560,1.000000,0.100000
1782457361.164569,325,0.002873,0.009087,TRACKING,0.052669,0.007839,-0.084660,-0.183977,0.049785,0.024964,0.065836,1.000000,0.100000
1782457361.184181,326,0.002354,0.009423,TRACKING,0.052538,0.007764,-0.084486,-0.183920,0.049618,0.024896,0.067560,1.000000,0.100000
1782457361.204306,327,0.002245,0.008700,TRACKING,0.051712,0.007710,-0.084340,-0.183955,0.049636,0.024904,0.067560,1.000000,0.100000
1782457361.224573,328,0.002336,0.009722,TRACKING,0.052053,0.007647,-0.084274,-0.183895,0.049511,0.024911,0.067560,1.000000,0.100000
1782457361.245310,329,0.002973,0.009812,TRACKING,0.052944,0.007618,-0.084162,-0.183875,0.049628,0.024993,0.067560,1.000000,0.100000
1782457361.265721,330,0.003292,0.008992,TRACKING,0.052930,0.007618,-0.084075,-0.183837,0.049857,0.025108,0.067560,1.000000,0.100000
1782457361.286345,331,0.003456,0.009247,TRACKING,0.053217,0.007607,-0.084008,-0.183856,0.049705,0.025035,0.067560,1.000000,0.100000
1782457361.306480,332,0.003495,0.009307,TRACKING,0.053381,0.007625,-0.083970,-0.183835,0.049578,0.025011,0.067560,1.000000,0.100000
1782457361.327021,333,0.003584,0.010054,TRACKING,0.053888,0.007644,-0.083960,-0.183787,0.049238,0.024935,0.067560,1.000000,0.100000
1782457361.346120,334,0.002292,0.010984,TRACKING,0.052626,0.007676,-0.083959,-0.183772,0.049123,0.024938,0.069297,1.000000,0.100000
1782457361.366891,335,0.002976,0.010781,TRACKING,0.053577,0.007698,-0.083947,-0.183752,0.049053,0.024974,0.069284,1.000000,0.100000
1782457361.387348,336,0.003344,0.011140,TRACKING,0.054016,0.007714,-0.083953,-0.183735,0.048937,0.024944,0.067560,1.000000,0.100000
1782457361.407722,337,0.003251,0.010679,TRACKING,0.053899,0.007699,-0.083955,-0.183799,0.049027,0.024990,0.067560,1.000000,0.100000
1782457361.427686,338,0.003121,0.011239,TRACKING,0.053816,0.007716,-0.083961,-0.183819,0.048868,0.024954,0.067560,1.000000,0.100000
1782457361.447135,339,0.002484,0.011346,TRACKING,0.053553,0.007726,-0.084062,-0.183775,0.048836,0.024932,0.067560,1.000000,0.100000
1782457361.468507,340,0.003323,0.011712,TRACKING,0.054443,0.007747,-0.084127,-0.183810,0.048763,0.024923,0.067560,1.000000,0.100000
1782457361.488971,341,0.003700,0.011946,TRACKING,0.055983,0.007733,-0.084236,-0.183794,0.048537,0.024836,0.069284,1.000000,0.100000
1782457361.509425,342,0.004056,0.011878,TRACKING,0.055549,0.007742,-0.084260,-0.183843,0.048579,0.024805,0.067560,1.000000,0.100000
1782457361.528879,343,0.003416,0.011736,TRACKING,0.055124,0.007754,-0.084289,-0.183834,0.048229,0.024679,0.067560,1.000000,0.100000
1782457361.548745,344,0.002814,0.011446,TRACKING,0.053826,0.007788,-0.084351,-0.183862,0.047999,0.024617,0.069284,1.000000,0.100000
1782457361.569295,345,0.002926,0.012805,TRACKING,0.054680,0.007819,-0.084380,-0.183827,0.047860,0.024565,0.067560,1.000000,0.100000
1782457361.588779,346,0.002277,0.012195,TRACKING,0.053989,0.007820,-0.084361,-0.183798,0.047628,0.024522,0.067560,1.000000,0.100000
1782457361.609358,347,0.002769,0.012866,TRACKING,0.054057,0.007842,-0.084367,-0.183812,0.047669,0.024567,0.067560,1.000000,0.100000
1782457361.633169,348,0.006330,0.012090,TRACKING,0.059538,0.007845,-0.084390,-0.183831,0.047431,0.024491,0.069284,1.000000,0.100000
1782457361.649419,349,0.002489,0.013115,TRACKING,0.053661,0.007825,-0.084445,-0.183785,0.047289,0.024459,0.067560,1.000000,0.100000
1782457361.671235,350,0.003652,0.012887,TRACKING,0.055567,0.007830,-0.084448,-0.183782,0.047059,0.024393,0.069284,1.000000,0.100000
1782457361.691892,351,0.003672,0.013306,TRACKING,0.055945,0.007825,-0.084475,-0.183748,0.046658,0.024297,0.069284,1.000000,0.100000
1782457361.711686,352,0.003306,0.013431,TRACKING,0.055669,0.007852,-0.084455,-0.183759,0.046545,0.024305,0.071008,1.000000,0.100000
1782457361.731752,353,0.003276,0.013399,TRACKING,0.055415,0.007865,-0.084446,-0.183761,0.046148,0.024266,0.069271,1.000000,0.100000
1782457361.752262,354,0.003690,0.013424,TRACKING,0.055915,0.007882,-0.084397,-0.183694,0.045955,0.024303,0.069271,1.000000,0.100000
1782457361.772827,355,0.003445,0.014085,TRACKING,0.056121,0.007840,-0.084378,-0.183691,0.045946,0.024362,0.067547,1.000000,0.100000
1782457361.793028,356,0.003548,0.014214,TRACKING,0.055443,0.007842,-0.084412,-0.183726,0.045685,0.024336,0.065823,1.000000,0.100000
1782457361.813503,357,0.003280,0.014831,TRACKING,0.055678,0.007850,-0.084417,-0.183731,0.045515,0.024388,0.067547,1.000000,0.100000
1782457361.833459,358,0.003138,0.014838,TRACKING,0.055453,0.007840,-0.084407,-0.183760,0.045214,0.024355,0.065810,1.000000,0.100000
1782457361.853866,359,0.003396,0.014582,TRACKING,0.055664,0.007860,-0.084436,-0.183760,0.044916,0.024362,0.067534,1.000000,0.100000
1782457361.875364,360,0.004214,0.015474,TRACKING,0.057130,0.007835,-0.084451,-0.183742,0.044525,0.024310,0.065810,1.000000,0.100000
1782457361.894831,361,0.003541,0.015520,TRACKING,0.056079,0.007849,-0.084470,-0.183713,0.043930,0.024222,0.065810,1.000000,0.100000
1782457361.917615,362,0.006215,0.016518,TRACKING,0.060681,0.007826,-0.084448,-0.183665,0.043724,0.024267,0.064073,1.000000,0.100000
1782457361.934512,363,0.002746,0.016323,TRACKING,0.056003,0.007811,-0.084415,-0.183652,0.043468,0.024354,0.064073,1.000000,0.100000
1782457361.955426,364,0.003270,0.017188,TRACKING,0.056816,0.007800,-0.084387,-0.183611,0.043482,0.024476,0.065797,1.000000,0.100000
1782457361.975334,365,0.002578,0.016768,TRACKING,0.055846,0.007797,-0.084338,-0.183612,0.043432,0.024555,0.064073,1.000000,0.100000
1782457361.996314,366,0.003053,0.018202,TRACKING,0.056868,0.007804,-0.084360,-0.183569,0.043036,0.024561,0.062349,1.000000,0.100000
1782457362.017181,367,0.003429,0.018372,TRACKING,0.056665,0.007815,-0.084336,-0.183540,0.042947,0.024645,0.062349,1.000000,0.100000
1782457362.037942,368,0.003447,0.019182,TRACKING,0.057005,0.007834,-0.084289,-0.183547,0.042649,0.024614,0.062349,1.000000,0.100000
1782457362.059005,369,0.004049,0.019933,TRACKING,0.058658,0.007836,-0.084240,-0.183552,0.042292,0.024618,0.064073,1.000000,0.100000
1782457362.077615,370,0.002192,0.019801,TRACKING,0.056372,0.007836,-0.084239,-0.183555,0.042089,0.024609,0.062349,1.000000,0.100000
1782457362.103233,371,0.007670,0.020220,TRACKING,0.064490,0.007822,-0.084278,-0.183528,0.041687,0.024588,0.060612,1.000000,0.100000
1782457362.119362,372,0.003661,0.019502,TRACKING,0.057986,0.007830,-0.084236,-0.183524,0.041510,0.024630,0.062336,1.000000,0.100000
1782457362.139541,373,0.003483,0.019481,TRACKING,0.056953,0.007819,-0.084278,-0.183568,0.041110,0.024624,0.060612,1.000000,0.100000
1782457362.160315,375,0.004002,0.000499,TRACKING,0.048680,0.007840,-0.084226,-0.183583,0.040746,0.024667,0.058875,1.000000,0.100000
1782457362.180254,376,0.003855,0.000451,TRACKING,0.048481,0.007835,-0.084203,-0.183592,0.040239,0.024681,0.058875,1.000000,0.100000
1782457362.200279,377,0.003800,0.000458,TRACKING,0.048423,0.007854,-0.084213,-0.183590,0.040336,0.024823,0.058875,1.000000,0.100000
1782457362.220212,378,0.003238,0.000923,TRACKING,0.047464,0.007854,-0.084150,-0.183599,0.040037,0.024875,0.055414,1.000000,0.100000
1782457362.239742,378,0.002605,0.021132,TRACKING,0.056851,0.007879,-0.084088,-0.183641,0.040121,0.025013,0.057500,1.000000,0.100000
1782457362.260495,380,0.003222,0.001060,TRACKING,0.048549,0.007895,-0.084033,-0.183673,0.040384,0.025133,0.057500,1.000000,0.100000
1782457362.281238,381,0.003873,0.001133,TRACKING,0.048913,0.007918,-0.083955,-0.183716,0.040397,0.025270,0.060000,1.000000,0.100000
1782457362.301424,382,0.003616,0.001523,TRACKING,0.049267,0.007956,-0.083902,-0.183682,0.040457,0.025537,0.062500,1.000000,0.100000
1782457362.321538,383,0.003257,0.001937,TRACKING,0.050030,0.007990,-0.083834,-0.183727,0.040777,0.025928,0.067500,1.000000,0.100000
1782457362.341681,384,0.003082,0.002218,TRACKING,0.050717,0.008029,-0.083779,-0.183719,0.043036,0.026446,0.070000,1.000000,0.100000
1782457362.362682,385,0.003375,0.002783,TRACKING,0.052184,0.008057,-0.083682,-0.183669,0.045786,0.027061,0.075000,1.000000,0.100000
1782457362.382674,386,0.003283,0.002838,TRACKING,0.052125,0.008112,-0.083609,-0.183685,0.049228,0.027789,0.075000,1.000000,0.100000
1782457362.402777,387,0.003250,0.003127,TRACKING,0.052123,0.008163,-0.083473,-0.183702,0.052329,0.028550,0.070000,1.000000,0.100000
1782457362.422022,388,0.001757,0.003533,TRACKING,0.050199,0.008213,-0.083384,-0.183758,0.055319,0.029412,0.070000,1.000000,0.100000
1782457362.443462,389,0.003107,0.003750,TRACKING,0.052812,0.008233,-0.083288,-0.183714,0.058050,0.030318,0.075000,1.000000,0.100000
1782457362.462831,390,0.002394,0.003522,TRACKING,0.051887,0.008257,-0.083183,-0.183674,0.061271,0.031298,0.072500,1.000000,0.100000
1782457362.483040,391,0.002137,0.004069,TRACKING,0.051864,0.008275,-0.083104,-0.183711,0.064339,0.032430,0.075000,1.000000,0.100000
1782457362.504136,392,0.003102,0.004046,TRACKING,0.054025,0.008340,-0.083026,-0.183747,0.066694,0.033518,0.077500,1.000000,0.100000
1782457362.524451,393,0.003265,0.004163,TRACKING,0.055063,0.008358,-0.082877,-0.183689,0.068404,0.034504,0.082500,1.000000,0.100000
1782457362.544997,394,0.003165,0.004675,TRACKING,0.054850,0.008367,-0.082771,-0.183615,0.070578,0.035581,0.080000,1.000000,0.100000
1782457362.564797,395,0.002876,0.004561,TRACKING,0.055242,0.008433,-0.082655,-0.183611,0.074330,0.036789,0.082500,1.000000,0.100000
1782457362.584982,396,0.002946,0.004650,TRACKING,0.055851,0.008501,-0.082547,-0.183588,0.077173,0.037918,0.085000,1.000000,0.100000
1782457362.604918,397,0.002793,0.004546,TRACKING,0.056035,0.008555,-0.082363,-0.183592,0.079289,0.038892,0.087500,1.000000,0.100000
1782457362.625222,398,0.003007,0.004854,TRACKING,0.057944,0.008600,-0.082159,-0.183505,0.080713,0.040052,0.095000,1.000000,0.100000
1782457362.645496,399,0.002782,0.004768,TRACKING,0.059137,0.008613,-0.081900,-0.183465,0.080389,0.041009,0.100000,1.000000,0.100000
1782457362.665489,400,0.002655,0.005231,TRACKING,0.061233,0.008661,-0.081630,-0.183324,0.083789,0.041894,0.112500,1.000000,0.100000
1782457362.685726,401,0.002809,0.004994,TRACKING,0.061014,0.008716,-0.081365,-0.183103,0.087800,0.042672,0.110000,1.000000,0.100000
1782457362.705873,402,0.002567,0.005296,TRACKING,0.060983,0.008729,-0.081044,-0.182981,0.090829,0.043153,0.112500,1.000000,0.100000
1782457362.725962,403,0.002146,0.006190,TRACKING,0.059622,0.008715,-0.080803,-0.182949,0.092259,0.043184,0.102500,1.000000,0.100000
1782457362.747434,404,0.003170,0.006140,TRACKING,0.058359,0.008718,-0.080556,-0.182984,0.091890,0.042636,0.090000,1.000000,0.100000
1782457362.767113,405,0.002767,0.005953,TRACKING,0.057392,0.008683,-0.080345,-0.183007,0.089859,0.041653,0.087500,1.000000,0.100000
1782457362.787556,406,0.002548,0.006574,TRACKING,0.055852,0.008666,-0.080160,-0.182963,0.086159,0.040468,0.080000,1.000000,0.100000
1782457362.808078,407,0.002573,0.007181,TRACKING,0.055776,0.008651,-0.079974,-0.182965,0.082968,0.039437,0.082500,1.000000,0.100000
1782457362.828309,408,0.002491,0.007014,TRACKING,0.055300,0.008667,-0.079791,-0.182956,0.079499,0.038379,0.082500,1.000000,0.100000
1782457362.848322,409,0.002424,0.006989,TRACKING,0.056086,0.008667,-0.079607,-0.183105,0.076779,0.037568,0.090000,1.000000,0.100000
1782457362.868462,410,0.002482,0.007128,TRACKING,0.055791,0.008698,-0.079486,-0.183084,0.074732,0.036798,0.085000,1.000000,0.100000
1782457362.889077,411,0.002598,0.007517,TRACKING,0.055469,0.008748,-0.079359,-0.183164,0.072760,0.036068,0.087500,1.000000,0.100000
1782457362.909395,412,0.002785,0.007619,TRACKING,0.056666,0.008785,-0.079340,-0.183194,0.071192,0.035441,0.092500,1.000000,0.100000
1782457362.930165,413,0.003104,0.007619,TRACKING,0.057394,0.008784,-0.079362,-0.183174,0.069917,0.034803,0.095000,1.000000,0.100000
1782457362.950212,414,0.002702,0.008223,TRACKING,0.056979,0.008783,-0.079422,-0.183113,0.068461,0.034168,0.095000,1.000000,0.100000
1782457362.971233,415,0.003321,0.008738,TRACKING,0.058509,0.008802,-0.079473,-0.183033,0.067302,0.033626,0.097500,1.000000,0.100000
1782457362.991635,416,0.003524,0.008788,TRACKING,0.058682,0.008829,-0.079520,-0.182911,0.066181,0.033025,0.097500,1.000000,0.100000
1782457363.010954,417,0.002547,0.008985,TRACKING,0.057271,0.008856,-0.079617,-0.182963,0.065050,0.032443,0.097500,1.000000,0.100000
1782457363.031813,418,0.002958,0.009224,TRACKING,0.057466,0.008906,-0.079729,-0.182978,0.064319,0.031995,0.095000,1.000000,0.100000
1782457363.052357,419,0.003008,0.009564,TRACKING,0.057872,0.008971,-0.079745,-0.183031,0.063769,0.031656,0.095000,1.000000,0.100000
1782457363.073395,420,0.003919,0.009822,TRACKING,0.059425,0.009052,-0.079839,-0.183017,0.063697,0.031502,0.095000,1.000000,0.100000
1782457363.092358,421,0.002793,0.010068,TRACKING,0.057840,0.009107,-0.079928,-0.183068,0.063838,0.031475,0.095000,1.000000,0.100000
1782457363.112659,422,0.002850,0.009167,TRACKING,0.058190,0.009175,-0.080008,-0.183071,0.064077,0.031531,0.095000,1.000000,0.100000
1782457363.133145,423,0.002903,0.010250,TRACKING,0.058273,0.009239,-0.080102,-0.183036,0.064854,0.031695,0.095000,1.000000,0.100000
1782457363.152487,424,0.002159,0.010443,TRACKING,0.058655,0.009311,-0.080217,-0.182976,0.065290,0.031787,0.097500,1.000000,0.100000
1782457363.172349,425,0.001888,0.010701,TRACKING,0.058871,0.009376,-0.080327,-0.182907,0.065926,0.031920,0.100000,1.000000,0.100000
1782457363.192485,426,0.001897,0.009750,TRACKING,0.058338,0.009446,-0.080426,-0.182756,0.066443,0.031999,0.100000,1.000000,0.100000
1782457363.213247,427,0.002342,0.009812,TRACKING,0.058715,0.009534,-0.080419,-0.182564,0.066704,0.031986,0.100000,1.000000,0.100000
1782457363.233971,428,0.002937,0.010678,TRACKING,0.059678,0.009624,-0.080422,-0.182414,0.066950,0.031847,0.100000,1.000000,0.100000
1782457363.254288,429,0.003115,0.010115,TRACKING,0.059874,0.009721,-0.080407,-0.182332,0.067112,0.031682,0.100000,1.000000,0.100000
1782457363.274826,430,0.003193,0.010454,TRACKING,0.060057,0.009800,-0.080310,-0.182309,0.067452,0.031623,0.100000,1.000000,0.100000
1782457363.294165,431,0.002404,0.011395,TRACKING,0.059895,0.009865,-0.080180,-0.182318,0.067749,0.031570,0.100000,1.000000,0.100000
1782457363.314127,432,0.002282,0.010508,TRACKING,0.059266,0.009899,-0.080012,-0.182239,0.067764,0.031430,0.100000,1.000000,0.100000
1782457363.334675,433,0.002528,0.010819,TRACKING,0.059140,0.009931,-0.079838,-0.182245,0.067561,0.031234,0.100000,1.000000,0.100000
1782457363.354923,434,0.002692,0.011488,TRACKING,0.060167,0.009984,-0.079661,-0.182223,0.067603,0.031091,0.100000,1.000000,0.100000
1782457363.376518,435,0.004123,0.011034,TRACKING,0.061334,0.010030,-0.079476,-0.182206,0.067976,0.031076,0.100000,1.000000,0.100000
1782457363.396142,436,0.003649,0.010962,TRACKING,0.061251,0.010072,-0.079236,-0.182124,0.068758,0.031240,0.100000,1.000000,0.100000
1782457363.416093,437,0.003502,0.011327,TRACKING,0.061995,0.010193,-0.078899,-0.182051,0.069640,0.031502,0.105000,1.000000,0.100000
1782457363.435679,438,0.002991,0.012084,TRACKING,0.061549,0.010301,-0.078594,-0.181933,0.070787,0.031883,0.107500,1.000000,0.100000
1782457363.456536,439,0.003548,0.011365,TRACKING,0.062198,0.010509,-0.078334,-0.181896,0.071942,0.032286,0.107500,1.000000,0.100000
1782457363.476933,440,0.003606,0.011827,TRACKING,0.063270,0.010754,-0.078064,-0.181832,0.073248,0.032718,0.107500,1.000000,0.100000
1782457363.497093,441,0.003664,0.012471,TRACKING,0.063834,0.011115,-0.077832,-0.181700,0.075325,0.033285,0.110000,1.000000,0.100000
1782457363.516572,442,0.002893,0.011830,TRACKING,0.062611,0.011784,-0.077567,-0.181626,0.077521,0.033968,0.107500,1.000000,0.100000
1782457363.536798,443,0.002984,0.011596,TRACKING,0.062597,0.013064,-0.077739,-0.181854,0.081175,0.033900,0.097500,1.000000,0.100000
1782457363.556854,444,0.002944,0.012761,TRACKING,0.063911,0.014708,-0.078571,-0.182460,0.073681,0.032766,0.097500,1.000000,0.100000
1782457363.577229,445,0.003220,0.012211,TRACKING,0.065729,0.016208,-0.079265,-0.182067,0.071655,0.032122,0.100000,1.000000,0.100000
1782457363.597034,446,0.002474,0.012377,TRACKING,0.065406,0.017526,-0.079981,-0.181669,0.067329,0.032267,0.105000,1.000000,0.100000
1782457363.617615,447,0.002958,0.012410,TRACKING,0.064728,0.018396,-0.080317,-0.181514,0.068926,0.032439,0.102500,1.000000,0.100000
1782457363.638258,448,0.003514,0.012044,TRACKING,0.064328,0.018703,-0.079887,-0.181824,0.070261,0.032340,0.097500,1.000000,0.100000
1782457363.658665,449,0.003482,0.013489,TRACKING,0.064280,0.018856,-0.078930,-0.182243,0.069353,0.031708,0.092500,1.000000,0.100000
1782457363.678149,450,0.002871,0.012734,TRACKING,0.062912,0.018908,-0.077571,-0.182529,0.066178,0.030463,0.090000,1.000000,0.100000
1782457363.698666,451,0.003210,0.012821,TRACKING,0.063958,0.018701,-0.074876,-0.182705,0.058767,0.028453,0.082500,1.000000,0.100000
1782457363.719409,452,0.003859,0.013578,TRACKING,0.059770,0.018099,-0.071106,-0.182849,0.053028,0.026493,0.078287,1.000000,0.100000
1782457363.739633,453,0.003986,0.013077,TRACKING,0.061992,0.017042,-0.069573,-0.183974,0.052531,0.025224,0.092186,1.000000,0.100000
1782457363.759744,454,0.004007,0.013416,TRACKING,0.060577,0.015817,-0.067731,-0.184626,0.048994,0.024650,0.092164,1.000000,0.100000
1782457363.779577,455,0.003375,0.013408,TRACKING,0.056024,0.015262,-0.066637,-0.185114,0.049181,0.025299,0.080000,1.000000,0.100000
1782457363.799203,456,0.002619,0.013819,TRACKING,0.054516,0.015517,-0.065825,-0.185167,0.051415,0.026376,0.077500,1.000000,0.100000
1782457363.820161,457,0.003432,0.014575,TRACKING,0.056930,0.015897,-0.065107,-0.184928,0.056081,0.027805,0.085000,1.000000,0.100000
1782457363.840572,458,0.003748,0.013678,TRACKING,0.057675,0.016392,-0.064229,-0.184998,0.062869,0.029145,0.087500,1.000000,0.100000
1782457363.860903,459,0.003971,0.013811,TRACKING,0.058682,0.017488,-0.063878,-0.184881,0.068137,0.029191,0.087500,1.000000,0.100000
1782457363.879894,460,0.002870,0.013702,TRACKING,0.056747,0.018936,-0.064103,-0.184793,0.076501,0.028356,0.075877,1.000000,0.100000
1782457363.899531,461,0.002389,0.013896,TRACKING,0.057342,0.019714,-0.064264,-0.182226,0.072085,0.028094,0.077500,1.000000,0.100000
1782457363.920826,462,0.003211,0.014687,TRACKING,0.058133,0.020316,-0.065546,-0.181394,0.064304,0.029108,0.085000,1.000000,0.100000
1782457363.941078,463,0.003371,0.014171,TRACKING,0.059318,0.020426,-0.065628,-0.182063,0.062822,0.029974,0.092500,1.000000,0.100000
1782457363.961128,464,0.002981,0.014786,TRACKING,0.059216,0.020594,-0.065670,-0.183098,0.061135,0.030196,0.095000,1.000000,0.100000
1782457363.981520,465,0.002942,0.014877,TRACKING,0.059230,0.020772,-0.065326,-0.183109,0.060097,0.030125,0.092500,1.000000,0.100000
1782457364.001992,466,0.003326,0.014880,TRACKING,0.060549,0.020963,-0.064831,-0.183235,0.061410,0.029864,0.092216,1.000000,0.100000
1782457364.021816,467,0.003013,0.015359,TRACKING,0.059819,0.021095,-0.064287,-0.183499,0.060827,0.029387,0.093949,1.000000,0.100000
1782457364.041947,468,0.002712,0.015280,TRACKING,0.059981,0.021263,-0.063721,-0.183682,0.058678,0.029011,0.095682,1.000000,0.100000
1782457364.062831,469,0.003093,0.016274,TRACKING,0.060228,0.021381,-0.063264,-0.183732,0.058251,0.028909,0.092183,1.000000,0.100000
1782457364.083079,470,0.002993,0.016204,TRACKING,0.059247,0.021468,-0.062760,-0.183797,0.057222,0.028863,0.090450,1.000000,0.100000
1782457364.102573,471,0.002406,0.016057,TRACKING,0.058532,0.021517,-0.062377,-0.183817,0.055622,0.028384,0.092199,1.000000,0.100000
1782457364.123604,472,0.003108,0.016379,TRACKING,0.060056,0.021565,-0.062044,-0.183943,0.053427,0.027972,0.093949,1.000000,0.100000
1782457364.143463,473,0.002886,0.016368,TRACKING,0.058111,0.021552,-0.061771,-0.184032,0.052913,0.027825,0.090450,1.000000,0.100000
1782457364.163756,474,0.003088,0.016394,TRACKING,0.058050,0.021529,-0.061545,-0.183974,0.052335,0.027584,0.088700,1.000000,0.100000
1782457364.183649,475,0.002874,0.016397,TRACKING,0.057828,0.021486,-0.061248,-0.183965,0.052323,0.027326,0.088717,1.000000,0.100000
1782457364.204441,476,0.003559,0.016519,TRACKING,0.058012,0.021433,-0.060879,-0.183993,0.052451,0.026959,0.085234,1.000000,0.100000
1782457364.225057,477,0.003461,0.016846,TRACKING,0.057921,0.021301,-0.060034,-0.184123,0.051235,0.026457,0.083501,1.000000,0.100000
1782457364.244528,478,0.002803,0.017034,TRACKING,0.056257,0.021013,-0.058891,-0.183906,0.047401,0.025898,0.078285,1.000000,0.100000
1782457364.265006,479,0.003147,0.017192,TRACKING,0.056805,0.020632,-0.058039,-0.183931,0.047259,0.025385,0.083517,1.000000,0.100000
1782457364.285214,480,0.003071,0.018102,TRACKING,0.057707,0.019847,-0.057693,-0.184299,0.048278,0.024867,0.093981,1.000000,0.100000
1782457364.305228,481,0.002623,0.018655,TRACKING,0.058333,0.019081,-0.057716,-0.184522,0.047220,0.024386,0.099213,1.000000,0.100000
1782457364.326760,482,0.003489,0.019136,TRACKING,0.057827,0.018613,-0.058051,-0.184514,0.043918,0.024254,0.092232,1.000000,0.100000
1782457364.346677,483,0.003306,0.019395,TRACKING,0.054585,0.018393,-0.058245,-0.184356,0.041075,0.024698,0.073069,1.000000,0.100000
1782457364.366966,484,0.003497,0.018796,TRACKING,0.055186,0.018250,-0.058619,-0.184185,0.044830,0.025367,0.070000,1.000000,0.100000
1782457364.388297,485,0.004146,0.018997,TRACKING,0.055786,0.018234,-0.058875,-0.183991,0.053931,0.026446,0.072500,1.000000,0.100000
1782457364.408446,486,0.004177,0.019043,TRACKING,0.057338,0.018593,-0.059559,-0.183770,0.067269,0.026676,0.073980,1.000000,0.100000
1782457364.428473,487,0.004104,0.019872,TRACKING,0.058356,0.019134,-0.060588,-0.183519,0.074471,0.026347,0.076509,1.000000,0.100000
1782457364.448394,489,0.003505,0.000540,TRACKING,0.050417,0.019641,-0.061413,-0.181724,0.070971,0.026123,0.078301,1.000000,0.100000
1782457364.469053,490,0.003733,0.001354,TRACKING,0.050721,0.020063,-0.062808,-0.181233,0.065293,0.027085,0.077500,1.000000,0.100000
1782457364.489742,491,0.004328,0.001558,TRACKING,0.051835,0.019865,-0.064014,-0.181811,0.061191,0.027955,0.077500,1.000000,0.100000
1782457364.509245,492,0.003628,0.000744,TRACKING,0.051352,0.019778,-0.064514,-0.181745,0.060292,0.028378,0.085000,1.000000,0.100000
1782457364.529008,493,0.002943,0.001603,TRACKING,0.050325,0.019765,-0.064882,-0.181739,0.060306,0.028653,0.080000,1.000000,0.100000
1782457364.549349,494,0.003188,0.002032,TRACKING,0.051530,0.019786,-0.064970,-0.181911,0.060786,0.028624,0.082500,1.000000,0.100000
1782457364.570039,495,0.003380,0.002148,TRACKING,0.051862,0.019932,-0.065006,-0.181816,0.061827,0.028393,0.085000,1.000000,0.100000
1782457364.590682,496,0.003883,0.002174,TRACKING,0.051481,0.020119,-0.064968,-0.181882,0.061905,0.028106,0.080000,1.000000,0.100000
1782457364.610639,497,0.003742,0.002267,TRACKING,0.051780,0.020336,-0.064999,-0.181889,0.061748,0.027904,0.082500,1.000000,0.100000
1782457364.630655,498,0.003425,0.002563,TRACKING,0.052178,0.020618,-0.065061,-0.181704,0.062805,0.027802,0.085000,1.000000,0.100000
1782457364.650726,499,0.003354,0.002597,TRACKING,0.051834,0.020809,-0.065101,-0.181564,0.064160,0.027500,0.082500,1.000000,0.100000
1782457364.670605,500,0.002374,0.003467,TRACKING,0.051218,0.020997,-0.065249,-0.181575,0.064263,0.027429,0.082500,1.000000,0.100000
1782457364.691562,501,0.003243,0.003657,TRACKING,0.052916,0.021142,-0.065448,-0.181625,0.063528,0.027420,0.082500,1.000000,0.100000
1782457364.712308,502,0.003583,0.003780,TRACKING,0.053152,0.021336,-0.065735,-0.181600,0.063119,0.027393,0.085000,1.000000,0.100000
1782457364.732216,503,0.003258,0.003710,TRACKING,0.052428,0.021519,-0.065931,-0.181547,0.062753,0.027388,0.082500,1.000000,0.100000
1782457364.753179,504,0.004123,0.003419,TRACKING,0.054171,0.021702,-0.066165,-0.181526,0.062720,0.027265,0.085000,1.000000,0.100000
1782457364.772550,505,0.003399,0.003590,TRACKING,0.053193,0.021936,-0.066338,-0.181603,0.062702,0.027142,0.085000,1.000000,0.100000
1782457364.792574,506,0.003323,0.003655,TRACKING,0.053196,0.022168,-0.066488,-0.181702,0.062768,0.026970,0.085000,1.000000,0.100000
1782457364.812645,507,0.002886,0.003947,TRACKING,0.052905,0.022407,-0.066768,-0.181764,0.062940,0.026809,0.082500,1.000000,0.100000
1782457364.832460,508,0.002606,0.003998,TRACKING,0.053135,0.022632,-0.067026,-0.181741,0.062550,0.026665,0.085000,1.000000,0.100000
1782457364.852948,509,0.002762,0.004423,TRACKING,0.053022,0.022887,-0.067362,-0.181685,0.062434,0.026536,0.082500,1.000000,0.100000
1782457364.872839,510,0.002558,0.004282,TRACKING,0.052243,0.023094,-0.067662,-0.181661,0.062290,0.026424,0.080000,1.000000,0.100000
1782457364.893271,511,0.002870,0.004052,TRACKING,0.053030,0.023329,-0.068001,-0.181675,0.062188,0.026329,0.082500,1.000000,0.100000
1782457364.914629,512,0.003783,0.004349,TRACKING,0.055055,0.023582,-0.068382,-0.181682,0.062128,0.026296,0.082500,1.000000,0.100000
1782457364.934585,513,0.003646,0.004852,TRACKING,0.054831,0.023832,-0.068786,-0.181744,0.061988,0.026291,0.080000,1.000000,0.100000
1782457364.955006,514,0.003662,0.004995,TRACKING,0.056738,0.024116,-0.069137,-0.181828,0.061907,0.026250,0.085000,1.000000,0.100000
1782457364.974676,515,0.003198,0.004921,TRACKING,0.055369,0.024366,-0.069556,-0.181862,0.061818,0.026273,0.082500,1.000000,0.100000
1782457364.994654,516,0.002515,0.005524,TRACKING,0.055799,0.024624,-0.070069,-0.181865,0.061454,0.026243,0.085000,1.000000,0.100000
1782457365.014529,517,0.002303,0.005426,TRACKING,0.054989,0.024863,-0.070478,-0.181890,0.061148,0.026201,0.085000,1.000000,0.100000
1782457365.035301,518,0.002993,0.005536,TRACKING,0.056893,0.025083,-0.070954,-0.181958,0.061020,0.026220,0.087500,1.000000,0.100000
1782457365.055529,519,0.003082,0.005923,TRACKING,0.057938,0.025291,-0.071446,-0.181987,0.060757,0.026213,0.087500,1.000000,0.100000
1782457365.074945,520,0.002416,0.005738,TRACKING,0.056552,0.025471,-0.071963,-0.182045,0.060333,0.026181,0.085000,1.000000,0.100000
1782457365.095345,521,0.002629,0.005451,TRACKING,0.057487,0.025658,-0.072513,-0.182088,0.059887,0.026117,0.087500,1.000000,0.100000
1782457365.115067,522,0.002269,0.005548,TRACKING,0.056418,0.025824,-0.073006,-0.182235,0.059565,0.026065,0.087500,1.000000,0.100000
1782457365.135249,523,0.002369,0.005698,TRACKING,0.057267,0.026028,-0.073558,-0.182406,0.059259,0.026041,0.085000,1.000000,0.100000
1782457365.156989,524,0.003795,0.006122,TRACKING,0.059300,0.026222,-0.074196,-0.182548,0.059069,0.025993,0.087500,1.000000,0.100000
1782457365.176311,525,0.002823,0.006161,TRACKING,0.059399,0.026408,-0.074847,-0.182669,0.058940,0.025973,0.090000,1.000000,0.100000
1782457365.196196,526,0.002253,0.006210,TRACKING,0.058851,0.026596,-0.075427,-0.182758,0.058830,0.025937,0.090000,1.000000,0.100000
1782457365.216911,527,0.002375,0.006939,TRACKING,0.059566,0.026834,-0.076046,-0.182791,0.058657,0.025892,0.092500,1.000000,0.100000
1782457365.237171,528,0.002510,0.006859,TRACKING,0.059751,0.027021,-0.076593,-0.182839,0.058287,0.025842,0.090000,1.000000,0.100000
1782457365.258117,529,0.003379,0.007062,TRACKING,0.061084,0.027227,-0.077197,-0.182964,0.057916,0.025753,0.087500,1.000000,0.100000
1782457365.278436,530,0.003317,0.007409,TRACKING,0.061203,0.027375,-0.077793,-0.182995,0.057711,0.025711,0.090000,1.000000,0.100000
1782457365.297985,531,0.002775,0.007398,TRACKING,0.060506,0.027566,-0.078277,-0.183088,0.057405,0.025671,0.090000,1.000000,0.100000
1782457365.318843,532,0.003172,0.008253,TRACKING,0.063050,0.027773,-0.078782,-0.183196,0.057193,0.025700,0.092500,1.000000,0.100000
1782457365.338748,533,0.002729,0.008150,TRACKING,0.061283,0.027981,-0.079302,-0.183282,0.056942,0.025743,0.085000,1.000000,0.100000
1782457365.358772,534,0.002672,0.008164,TRACKING,0.061390,0.028192,-0.079708,-0.183349,0.056730,0.025777,0.085000,1.000000,0.100000
1782457365.378516,535,0.002329,0.008156,TRACKING,0.061546,0.028425,-0.080241,-0.183444,0.056566,0.025803,0.087500,1.000000,0.100000
1782457365.399055,536,0.002790,0.008067,TRACKING,0.061588,0.028665,-0.080728,-0.183451,0.056515,0.025849,0.085000,1.000000,0.100000
1782457365.419453,537,0.003106,0.008634,TRACKING,0.063474,0.028895,-0.081246,-0.183450,0.056604,0.025893,0.087500,1.000000,0.100000
1782457365.439500,538,0.002771,0.007622,TRACKING,0.062453,0.029112,-0.081619,-0.183494,0.056396,0.025941,0.087500,1.000000,0.100000
1782457365.460321,539,0.003151,0.008846,TRACKING,0.063407,0.029346,-0.082035,-0.183560,0.056058,0.026023,0.090000,1.000000,0.100000
1782457365.480084,540,0.002794,0.009099,TRACKING,0.062964,0.029524,-0.082444,-0.183571,0.055728,0.026143,0.087500,1.000000,0.100000
1782457365.500805,541,0.003310,0.008932,TRACKING,0.063802,0.029744,-0.082885,-0.183587,0.055464,0.026220,0.087500,1.000000,0.100000
1782457365.520533,542,0.002947,0.008986,TRACKING,0.063360,0.029959,-0.083320,-0.183642,0.055338,0.026278,0.087500,1.000000,0.100000
1782457365.541126,543,0.003444,0.009094,TRACKING,0.064387,0.030151,-0.083695,-0.183698,0.055336,0.026385,0.087500,1.000000,0.100000
1782457365.561594,544,0.003200,0.008890,TRACKING,0.064265,0.030376,-0.084085,-0.183798,0.055530,0.026490,0.087500,1.000000,0.100000
1782457365.582177,545,0.003684,0.008679,TRACKING,0.064359,0.030629,-0.084383,-0.183921,0.055791,0.026600,0.085000,1.000000,0.100000
1782457365.602190,546,0.002905,0.009388,TRACKING,0.064321,0.030853,-0.084733,-0.183954,0.055952,0.026660,0.085000,1.000000,0.100000
1782457365.622308,547,0.002929,0.010383,TRACKING,0.065714,0.031051,-0.085026,-0.184048,0.055912,0.026743,0.090000,1.000000,0.100000
1782457365.642773,548,0.003248,0.010436,TRACKING,0.066960,0.031224,-0.085396,-0.184057,0.055756,0.026852,0.090000,1.000000,0.100000
1782457365.662639,549,0.002984,0.010895,TRACKING,0.066617,0.031386,-0.085714,-0.183966,0.055582,0.026939,0.092500,1.000000,0.100000
1782457365.682715,550,0.002606,0.010989,TRACKING,0.065956,0.031539,-0.085981,-0.183957,0.055123,0.026998,0.087500,1.000000,0.100000
1782457365.703534,551,0.002590,0.010755,TRACKING,0.066306,0.031668,-0.086217,-0.184067,0.054704,0.027044,0.090000,1.000000,0.100000
1782457365.724190,552,0.003106,0.011853,TRACKING,0.067129,0.031756,-0.086455,-0.184087,0.054407,0.027098,0.090000,1.000000,0.100000
1782457365.744264,553,0.003052,0.012295,TRACKING,0.068076,0.031820,-0.086642,-0.184160,0.054173,0.027089,0.090000,1.000000,0.100000
1782457365.764279,554,0.002937,0.011566,TRACKING,0.067472,0.031934,-0.086754,-0.184274,0.053976,0.027058,0.090000,1.000000,0.100000
1782457365.784314,555,0.002456,0.011580,TRACKING,0.066272,0.032044,-0.086834,-0.184341,0.053510,0.026984,0.087500,1.000000,0.100000
1782457365.805709,556,0.003204,0.012201,TRACKING,0.066778,0.032163,-0.086917,-0.184561,0.053274,0.026907,0.090000,1.000000,0.100000
1782457365.826362,557,0.003744,0.012306,TRACKING,0.068066,0.032263,-0.086965,-0.184728,0.052947,0.026863,0.090000,1.000000,0.100000
1782457365.846195,558,0.002914,0.013460,TRACKING,0.067663,0.032389,-0.087024,-0.184890,0.052518,0.026744,0.087500,1.000000,0.100000
1782457365.866084,559,0.002711,0.013564,TRACKING,0.067010,0.032510,-0.087075,-0.185007,0.052264,0.026736,0.087500,1.000000,0.100000
1782457365.886999,560,0.003188,0.013207,TRACKING,0.067888,0.032615,-0.087093,-0.185138,0.052060,0.026726,0.090000,1.000000,0.100000
1782457365.908287,561,0.004006,0.014017,TRACKING,0.069179,0.032704,-0.087097,-0.185366,0.052096,0.026750,0.087500,1.000000,0.100000
1782457365.927424,562,0.003050,0.013751,TRACKING,0.067469,0.032791,-0.087078,-0.185510,0.053442,0.026825,0.085000,1.000000,0.100000
1782457365.947597,563,0.003130,0.014323,TRACKING,0.067617,0.032859,-0.087039,-0.185660,0.054514,0.026817,0.085000,1.000000,0.100000
1782457365.968277,564,0.003366,0.014778,TRACKING,0.068726,0.032957,-0.086951,-0.185809,0.055527,0.026874,0.087500,1.000000,0.100000
1782457365.988271,565,0.003237,0.013989,TRACKING,0.067599,0.033050,-0.086851,-0.185983,0.056142,0.026831,0.085000,1.000000,0.100000
1782457366.008977,566,0.003846,0.014134,TRACKING,0.068704,0.033170,-0.086800,-0.186087,0.056174,0.026720,0.085000,1.000000,0.100000
1782457366.029149,567,0.003887,0.014570,TRACKING,0.068785,0.033218,-0.086728,-0.186227,0.056319,0.026651,0.085000,1.000000,0.100000
1782457366.048527,568,0.003167,0.015143,TRACKING,0.068260,0.033296,-0.086669,-0.186374,0.056320,0.026584,0.082500,1.000000,0.100000
1782457366.068931,569,0.003086,0.014763,TRACKING,0.067368,0.033367,-0.086606,-0.186502,0.056735,0.026604,0.082500,1.000000,0.100000
1782457366.089125,570,0.003191,0.014680,TRACKING,0.067456,0.033423,-0.086503,-0.186577,0.057192,0.026644,0.082500,1.000000,0.100000
1782457366.109881,571,0.003404,0.015170,TRACKING,0.067986,0.033484,-0.086404,-0.186640,0.057474,0.026654,0.082500,1.000000,0.100000
1782457366.129386,572,0.002811,0.015209,TRACKING,0.067790,0.033574,-0.086335,-0.186697,0.057988,0.026734,0.082500,1.000000,0.100000
1782457366.150586,573,0.003878,0.015230,TRACKING,0.069253,0.033645,-0.086235,-0.186718,0.058705,0.026811,0.082500,1.000000,0.100000
1782457366.169971,574,0.003126,0.015483,TRACKING,0.067986,0.033704,-0.086134,-0.186685,0.059923,0.026964,0.082500,1.000000,0.100000
1782457366.190498,575,0.003165,0.015497,TRACKING,0.068204,0.033761,-0.085966,-0.186565,0.060847,0.027033,0.082500,1.000000,0.100000
1782457366.210068,576,0.002608,0.015618,TRACKING,0.068068,0.033870,-0.085753,-0.186479,0.061598,0.027056,0.082500,1.000000,0.100000
1782457366.230525,577,0.002937,0.016020,TRACKING,0.068145,0.033953,-0.085494,-0.186415,0.062192,0.027046,0.082500,1.000000,0.100000
1782457366.250747,578,0.002678,0.016135,TRACKING,0.067551,0.034041,-0.085230,-0.186264,0.062178,0.026963,0.077500,1.000000,0.100000
1782457366.270824,579,0.002672,0.016105,TRACKING,0.067320,0.034129,-0.085005,-0.186180,0.061931,0.026851,0.077500,1.000000,0.100000
1782457366.290641,580,0.002406,0.015977,TRACKING,0.066225,0.034197,-0.084770,-0.186096,0.060848,0.026664,0.075000,1.000000,0.100000
1782457366.311491,581,0.002602,0.016707,TRACKING,0.066669,0.034270,-0.084545,-0.185961,0.059328,0.026433,0.077500,1.000000,0.100000
1782457366.332305,582,0.002916,0.017293,TRACKING,0.067272,0.034327,-0.084324,-0.185879,0.058391,0.026283,0.075000,1.000000,0.100000
1782457366.352264,583,0.002560,0.017341,TRACKING,0.067119,0.034368,-0.084055,-0.185746,0.058154,0.026264,0.075000,1.000000,0.100000
1782457366.373251,584,0.003462,0.017343,TRACKING,0.067299,0.034384,-0.083790,-0.185655,0.058511,0.026324,0.075000,1.000000,0.100000
1782457366.393904,585,0.003385,0.017922,TRACKING,0.067421,0.034349,-0.083448,-0.185612,0.058455,0.026320,0.072500,1.000000,0.100000
1782457366.412394,586,0.001727,0.018227,TRACKING,0.065839,0.034256,-0.083042,-0.185574,0.058454,0.026310,0.075000,1.000000,0.100000
1782457366.439474,587,0.008367,0.018886,TRACKING,0.075434,0.034003,-0.082633,-0.185570,0.058945,0.026461,0.075000,1.000000,0.100000
1782457366.455959,588,0.004346,0.018583,TRACKING,0.068986,0.033398,-0.082184,-0.185490,0.059271,0.027026,0.075000,1.000000,0.100000
1782457366.475058,589,0.003296,0.018851,TRACKING,0.068664,0.032674,-0.082495,-0.184967,0.065716,0.028534,0.070967,1.000000,0.100000
1782457366.494969,590,0.002682,0.019032,TRACKING,0.074441,0.030395,-0.082084,-0.182032,0.083902,0.029743,0.082832,1.000000,0.100000
1782457366.515702,591,0.003052,0.019893,TRACKING,0.071104,0.026943,-0.079929,-0.178839,0.080626,0.028710,0.085951,1.000000,0.100000
1782457366.536037,593,0.003239,0.000632,TRACKING,0.061809,0.024339,-0.079799,-0.179669,0.078166,0.027093,0.094928,1.000000,0.100000
1782457366.557033,594,0.003954,0.000638,TRACKING,0.058812,0.022736,-0.079418,-0.181522,0.074398,0.026566,0.086281,1.000000,0.100000
1782457366.577041,595,0.003526,0.000851,TRACKING,0.057722,0.022044,-0.078778,-0.181465,0.074828,0.026892,0.086421,1.000000,0.100000
1782457366.597477,596,0.003639,0.001374,TRACKING,0.056708,0.021661,-0.078605,-0.180845,0.076908,0.027990,0.084700,1.000000,0.100000
1782457366.617262,597,0.003331,0.001313,TRACKING,0.056786,0.021154,-0.078595,-0.180512,0.078228,0.029178,0.084741,1.000000,0.100000
1782457366.637158,598,0.003140,0.000421,TRACKING,0.055244,0.020769,-0.078629,-0.180540,0.078359,0.029717,0.082979,1.000000,0.100000
1782457366.657037,599,0.002922,0.000337,TRACKING,0.055000,0.020389,-0.078796,-0.180536,0.076183,0.029565,0.083020,1.000000,0.100000
1782457366.677258,600,0.003044,0.000700,TRACKING,0.055377,0.019973,-0.078938,-0.180767,0.075205,0.028754,0.086536,1.000000,0.100000
1782457366.696900,601,0.002234,0.000871,TRACKING,0.054697,0.019536,-0.079169,-0.181184,0.074093,0.028514,0.084856,1.000000,0.100000
1782457366.718642,602,0.003878,0.000917,TRACKING,0.056545,0.019060,-0.079511,-0.181479,0.073119,0.028430,0.084845,1.000000,0.100000
1782457366.738975,603,0.004113,0.001018,TRACKING,0.055271,0.018694,-0.079820,-0.181827,0.071736,0.027924,0.077921,1.000000,0.100000
1782457366.758346,604,0.003384,0.001177,TRACKING,0.055488,0.018334,-0.080241,-0.182099,0.070368,0.027547,0.077921,1.000000,0.100000
1782457366.778252,605,0.002945,0.001148,TRACKING,0.054281,0.017972,-0.080781,-0.182347,0.068968,0.027307,0.074477,1.000000,0.100000
1782457366.798844,606,0.003401,0.001292,TRACKING,0.054512,0.017507,-0.081428,-0.182448,0.067799,0.027102,0.072754,1.000000,0.100000
1782457366.819450,607,0.003865,0.001440,TRACKING,0.054956,0.016966,-0.082177,-0.182451,0.067085,0.026951,0.069305,1.000000,0.100000
1782457366.839986,608,0.004231,0.003022,TRACKING,0.057038,0.016278,-0.083047,-0.182408,0.065724,0.026677,0.072784,1.000000,0.100000
1782457366.860499,609,0.004625,0.002782,TRACKING,0.057303,0.015627,-0.084016,-0.182435,0.064299,0.026553,0.071096,1.000000,0.100000
1782457366.880381,610,0.004222,0.002719,TRACKING,0.056516,0.014958,-0.084932,-0.182323,0.062963,0.026478,0.069374,1.000000,0.100000
1782457366.899942,611,0.003690,0.002665,TRACKING,0.054732,0.014286,-0.085834,-0.182300,0.061628,0.026375,0.065000,1.000000,0.100000
1782457366.920187,612,0.003227,0.003348,TRACKING,0.055118,0.013593,-0.086828,-0.182216,0.060814,0.026440,0.067500,1.000000,0.100000
1782457366.939567,613,0.002515,0.003257,TRACKING,0.053581,0.012929,-0.087721,-0.182080,0.059698,0.026350,0.067500,1.000000,0.100000
1782457366.961076,614,0.003581,0.003727,TRACKING,0.055013,0.012346,-0.088446,-0.181938,0.058436,0.026312,0.065000,1.000000,0.100000
1782457366.980491,615,0.002838,0.003537,TRACKING,0.054397,0.011758,-0.089187,-0.181937,0.057207,0.026265,0.065000,1.000000,0.100000
1782457367.000880,616,0.003134,0.003548,TRACKING,0.054139,0.011264,-0.089838,-0.182011,0.056004,0.026193,0.065000,1.000000,0.100000
1782457367.020538,617,0.002706,0.003475,TRACKING,0.054058,0.010773,-0.090422,-0.182064,0.055017,0.026168,0.065000,1.000000,0.100000
1782457367.040965,618,0.003045,0.003461,TRACKING,0.053070,0.010289,-0.090901,-0.182142,0.053776,0.026046,0.060000,1.000000,0.100000
1782457367.060388,619,0.002380,0.003503,TRACKING,0.052761,0.009823,-0.091392,-0.182122,0.052628,0.026039,0.062500,1.000000,0.100000
1782457367.081242,620,0.002863,0.003727,TRACKING,0.054033,0.009374,-0.091813,-0.182056,0.051363,0.026026,0.065000,1.000000,0.100000
1782457367.101749,621,0.002915,0.004266,TRACKING,0.053296,0.008970,-0.092276,-0.181985,0.049982,0.025944,0.062500,1.000000,0.100000
1782457367.122098,622,0.002833,0.004441,TRACKING,0.054468,0.008589,-0.092669,-0.181738,0.049007,0.026052,0.065000,1.000000,0.100000
1782457367.142857,623,0.003206,0.005134,TRACKING,0.054514,0.008141,-0.093009,-0.181400,0.048085,0.025999,0.060000,1.000000,0.100000
1782457367.162963,624,0.002694,0.005183,TRACKING,0.053289,0.007577,-0.093302,-0.181105,0.047258,0.026003,0.060000,1.000000,0.100000
1782457367.184348,625,0.003623,0.005815,TRACKING,0.054659,0.007028,-0.093551,-0.181051,0.046519,0.025931,0.062500,1.000000,0.100000
1782457367.204509,626,0.003690,0.005832,TRACKING,0.054114,0.006534,-0.093648,-0.180948,0.045686,0.025774,0.060000,1.000000,0.100000
1782457367.224896,627,0.003555,0.005920,TRACKING,0.054164,0.005959,-0.093730,-0.180844,0.046498,0.025690,0.059108,1.000000,0.100000
1782457367.244768,628,0.003328,0.006275,TRACKING,0.053329,0.005425,-0.093795,-0.180859,0.047004,0.025450,0.060000,1.000000,0.100000
1782457367.264452,629,0.002915,0.006046,TRACKING,0.052709,0.004872,-0.093798,-0.180908,0.047514,0.025354,0.059744,1.000000,0.100000
1782457367.284641,630,0.002675,0.006121,TRACKING,0.052638,0.004316,-0.093581,-0.181187,0.048150,0.025240,0.062500,1.000000,0.100000
1782457367.305271,631,0.002863,0.006680,TRACKING,0.052510,0.003842,-0.093298,-0.181367,0.048628,0.025046,0.060000,1.000000,0.100000
1782457367.325405,632,0.002548,0.006842,TRACKING,0.053247,0.003427,-0.092850,-0.181537,0.049129,0.024940,0.062500,1.000000,0.100000
1782457367.346112,633,0.003114,0.006374,TRACKING,0.052970,0.003037,-0.092365,-0.181762,0.049351,0.024749,0.062500,1.000000,0.100000
1782457367.365738,634,0.002255,0.007031,TRACKING,0.052450,0.002624,-0.091773,-0.182150,0.049332,0.024623,0.067500,1.000000,0.100000
1782457367.386107,635,0.002492,0.007260,TRACKING,0.053389,0.002253,-0.091096,-0.182515,0.049304,0.024501,0.067500,1.000000,0.100000
1782457367.406995,636,0.002579,0.008035,TRACKING,0.052637,0.001927,-0.090386,-0.182885,0.049212,0.024232,0.062500,1.000000,0.100000
1782457367.427037,637,0.002538,0.007934,TRACKING,0.051201,0.001694,-0.089659,-0.183297,0.049385,0.024164,0.057500,1.000000,0.100000
1782457367.447552,638,0.002929,0.007585,TRACKING,0.050722,0.001512,-0.088901,-0.183682,0.049238,0.023980,0.057500,1.000000,0.100000
1782457367.467554,639,0.002801,0.008506,TRACKING,0.050554,0.001337,-0.088194,-0.183992,0.049212,0.023934,0.055930,1.000000,0.100000
1782457367.487455,640,0.002420,0.008419,TRACKING,0.049437,0.001126,-0.087333,-0.184173,0.049250,0.023926,0.055491,1.000000,0.100000
1782457367.508221,641,0.003062,0.008453,TRACKING,0.049941,0.000915,-0.086596,-0.184199,0.049203,0.023864,0.057215,1.000000,0.100000
1782457367.528569,642,0.003313,0.008506,TRACKING,0.050317,0.000803,-0.085868,-0.184287,0.049364,0.023919,0.058952,1.000000,0.100000
1782457367.549454,643,0.003418,0.008031,TRACKING,0.050057,0.000689,-0.085154,-0.184247,0.049074,0.023706,0.060689,1.000000,0.100000
1782457367.569311,644,0.003177,0.008229,TRACKING,0.049717,0.000603,-0.084492,-0.184288,0.048949,0.023545,0.060689,1.000000,0.100000
1782457367.589327,645,0.003105,0.008249,TRACKING,0.049794,0.000520,-0.083835,-0.184223,0.048931,0.023390,0.064137,1.000000,0.100000
1782457367.608849,646,0.002185,0.008589,TRACKING,0.048228,0.000415,-0.083264,-0.184164,0.048851,0.023247,0.060676,1.000000,0.100000
1782457367.629361,647,0.002224,0.010224,TRACKING,0.049248,0.000378,-0.082767,-0.184200,0.049033,0.023271,0.062413,1.000000,0.100000
1782457367.650059,648,0.002687,0.009874,TRACKING,0.049481,0.000365,-0.082246,-0.184239,0.048916,0.023190,0.064137,1.000000,0.100000
1782457367.669995,649,0.002540,0.009959,TRACKING,0.049685,0.000379,-0.081809,-0.184289,0.048984,0.023184,0.064137,1.000000,0.100000
1782457367.690545,650,0.002719,0.010384,TRACKING,0.050117,0.000414,-0.081430,-0.184324,0.049138,0.023238,0.065861,1.000000,0.100000
1782457367.710643,651,0.002487,0.010644,TRACKING,0.048791,0.000400,-0.081248,-0.184275,0.049260,0.023311,0.064137,1.000000,0.100000
1782457367.730889,652,0.002474,0.010845,TRACKING,0.049808,0.000445,-0.081078,-0.184354,0.049742,0.023521,0.065874,1.000000,0.100000
1782457367.751687,653,0.002395,0.011624,TRACKING,0.049591,0.000457,-0.081003,-0.184322,0.049868,0.023634,0.067598,1.000000,0.100000
1782457367.772635,654,0.002849,0.012474,TRACKING,0.050552,0.000455,-0.081004,-0.184287,0.050038,0.023809,0.067598,1.000000,0.100000
1782457367.793035,655,0.002934,0.012434,TRACKING,0.051239,0.000453,-0.081143,-0.184286,0.050305,0.023988,0.067598,1.000000,0.100000
1782457367.813329,656,0.003137,0.011616,TRACKING,0.050811,0.000449,-0.081270,-0.184265,0.050336,0.024163,0.067598,1.000000,0.100000
1782457367.833179,657,0.002895,0.012308,TRACKING,0.050806,0.000471,-0.081482,-0.184253,0.050746,0.024405,0.065874,1.000000,0.100000
1782457367.853492,658,0.003112,0.011843,TRACKING,0.050732,0.000481,-0.081690,-0.184241,0.050441,0.024482,0.065874,1.000000,0.100000
1782457367.874969,659,0.004129,0.012112,TRACKING,0.052410,0.000496,-0.081926,-0.184214,0.050417,0.024659,0.064137,1.000000,0.100000
1782457367.894076,660,0.003138,0.012833,TRACKING,0.051277,0.000530,-0.082102,-0.184144,0.050453,0.024752,0.064137,1.000000,0.100000
1782457367.914181,661,0.003113,0.012167,TRACKING,0.051542,0.000518,-0.082334,-0.184144,0.050372,0.024858,0.065874,1.000000,0.100000
1782457367.934303,662,0.002637,0.013598,TRACKING,0.051966,0.000537,-0.082483,-0.184105,0.050700,0.025039,0.065874,1.000000,0.100000
1782457367.955238,663,0.003124,0.014129,TRACKING,0.052970,0.000560,-0.082607,-0.184137,0.050591,0.025079,0.065874,1.000000,0.100000
1782457367.975702,664,0.003063,0.013580,TRACKING,0.052961,0.000625,-0.082770,-0.184108,0.050706,0.025206,0.069335,1.000000,0.100000
1782457367.995781,665,0.002998,0.013819,TRACKING,0.052502,0.000674,-0.082919,-0.184084,0.050856,0.025283,0.067611,1.000000,0.100000
1782457368.015915,666,0.002991,0.013841,TRACKING,0.052837,0.000715,-0.083060,-0.184080,0.050928,0.025406,0.069335,1.000000,0.100000
1782457368.036975,667,0.003588,0.014054,TRACKING,0.053589,0.000738,-0.083140,-0.184054,0.051373,0.025597,0.069335,1.000000,0.100000
1782457368.057297,668,0.003447,0.014711,TRACKING,0.054598,0.000777,-0.083172,-0.184103,0.051506,0.025728,0.071072,1.000000,0.100000
1782457368.077264,669,0.003295,0.014424,TRACKING,0.054427,0.000781,-0.083143,-0.184148,0.051860,0.025897,0.074533,1.000000,0.100000
1782457368.097278,670,0.003162,0.014411,TRACKING,0.054553,0.000776,-0.083149,-0.184179,0.051878,0.025911,0.076257,1.000000,0.100000
1782457368.117404,671,0.003190,0.014409,TRACKING,0.054560,0.000781,-0.083124,-0.184252,0.051815,0.025986,0.076257,1.000000,0.100000
1782457368.137615,672,0.003336,0.014512,TRACKING,0.055143,0.000772,-0.083093,-0.184271,0.052153,0.026144,0.077994,1.000000,0.100000
1782457368.158151,673,0.003289,0.014799,TRACKING,0.055514,0.000725,-0.083035,-0.184273,0.052068,0.026208,0.079718,1.000000,0.100000
1782457368.178453,674,0.003499,0.014871,TRACKING,0.056267,0.000721,-0.082963,-0.184219,0.052158,0.026267,0.077994,1.000000,0.100000
1782457368.198377,675,0.003297,0.014868,TRACKING,0.055295,0.000737,-0.082914,-0.184201,0.051766,0.026164,0.077994,1.000000,0.100000
1782457368.219381,676,0.003848,0.015293,TRACKING,0.056956,0.000757,-0.082804,-0.184220,0.052406,0.026116,0.077994,1.000000,0.100000
1782457368.239274,677,0.003645,0.015212,TRACKING,0.055646,0.000823,-0.082683,-0.184323,0.052709,0.026085,0.076257,1.000000,0.100000
1782457368.259279,678,0.003194,0.015786,TRACKING,0.055949,0.000866,-0.082527,-0.184315,0.053215,0.026138,0.076257,1.000000,0.100000
1782457368.279009,679,0.002521,0.015968,TRACKING,0.055706,0.000879,-0.082422,-0.184353,0.053686,0.026237,0.079718,1.000000,0.100000
1782457368.300144,680,0.003154,0.016786,TRACKING,0.056924,0.000900,-0.082297,-0.184355,0.054136,0.026268,0.077994,1.000000,0.100000
1782457368.319589,681,0.002315,0.016576,TRACKING,0.055012,0.000974,-0.082149,-0.184368,0.054439,0.026273,0.077994,1.000000,0.100000
1782457368.339893,682,0.002459,0.016693,TRACKING,0.055403,0.001041,-0.081974,-0.184342,0.054882,0.026237,0.076257,1.000000,0.100000
1782457368.360776,683,0.002730,0.017266,TRACKING,0.055531,0.001136,-0.081835,-0.184320,0.055423,0.026218,0.076257,1.000000,0.100000
1782457368.380342,684,0.002206,0.017941,TRACKING,0.054821,0.001207,-0.081692,-0.184328,0.055730,0.026176,0.074533,1.000000,0.100000
1782457368.400675,685,0.002413,0.017457,TRACKING,0.055113,0.001320,-0.081518,-0.184315,0.055988,0.026142,0.072796,1.000000,0.100000
1782457368.422271,686,0.003572,0.017948,TRACKING,0.056258,0.001450,-0.081429,-0.184316,0.055920,0.026086,0.072796,1.000000,0.100000
1782457368.443057,687,0.004135,0.017792,TRACKING,0.056898,0.001606,-0.081256,-0.184317,0.055639,0.025963,0.071072,1.000000,0.100000
1782457368.462492,688,0.003467,0.017763,TRACKING,0.055530,0.001827,-0.081106,-0.184412,0.055093,0.025810,0.069554,1.000000,0.100000
1782457368.483112,689,0.003636,0.018354,TRACKING,0.055781,0.002087,-0.080907,-0.184477,0.054469,0.025660,0.067657,1.000000,0.100000
1782457368.503076,690,0.003374,0.018316,TRACKING,0.055427,0.002456,-0.080779,-0.184604,0.053672,0.025449,0.067025,1.000000,0.100000
1782457368.523192,691,0.003385,0.018216,TRACKING,0.055195,0.002856,-0.080541,-0.184791,0.052605,0.025246,0.064137,1.000000,0.100000
1782457368.543527,692,0.003618,0.018184,TRACKING,0.055325,0.003226,-0.080341,-0.184942,0.051982,0.025059,0.065760,1.000000,0.100000
1782457368.563820,693,0.003803,0.018581,TRACKING,0.055554,0.003521,-0.080147,-0.185035,0.051458,0.025000,0.063863,1.000000,0.100000
1782457368.583328,694,0.002980,0.018566,TRACKING,0.054564,0.003891,-0.079841,-0.185168,0.050453,0.024872,0.060701,1.000000,0.100000
1782457368.604756,695,0.003952,0.018922,TRACKING,0.055567,0.004307,-0.079517,-0.185272,0.049416,0.024681,0.060069,1.000000,0.100000
1782457368.624764,696,0.003849,0.019135,TRACKING,0.055584,0.004751,-0.079204,-0.185383,0.048534,0.024522,0.060000,1.000000,0.100000
1782457368.644667,697,0.003432,0.019061,TRACKING,0.054721,0.005225,-0.078843,-0.185568,0.047779,0.024325,0.058805,1.000000,0.100000
1782457368.664828,698,0.003486,0.019135,TRACKING,0.054954,0.005643,-0.078486,-0.185637,0.047614,0.024291,0.060069,1.000000,0.100000
1782457368.685363,699,0.003463,0.019616,TRACKING,0.055324,0.005933,-0.078079,-0.185624,0.047798,0.024292,0.060701,1.000000,0.100000
1782457368.705670,700,0.003505,0.019822,TRACKING,0.055443,0.006190,-0.077786,-0.185666,0.048258,0.024295,0.061966,1.000000,0.100000
1782457368.725708,701,0.003205,0.020273,TRACKING,0.055278,0.006503,-0.077428,-0.185671,0.048574,0.024270,0.062598,1.000000,0.100000
1782457368.745636,703,0.002668,0.000264,TRACKING,0.045216,0.006805,-0.077104,-0.185702,0.049040,0.024176,0.062598,1.000000,0.100000
1782457368.765542,704,0.002404,0.000258,TRACKING,0.045553,0.007059,-0.076857,-0.185758,0.049611,0.024261,0.063863,1.000000,0.100000
1782457368.786558,705,0.003283,0.000349,TRACKING,0.046297,0.007277,-0.076614,-0.185754,0.049908,0.024234,0.063863,1.000000,0.100000
1782457368.807325,706,0.003322,0.000642,TRACKING,0.046598,0.007523,-0.076445,-0.185745,0.050237,0.024181,0.065128,1.000000,0.100000
1782457368.828097,707,0.003404,0.001696,TRACKING,0.047373,0.007751,-0.076236,-0.185802,0.050312,0.024155,0.065760,1.000000,0.100000
1782457368.848027,708,0.003239,0.002836,TRACKING,0.048461,0.007948,-0.076130,-0.185768,0.050284,0.024221,0.066392,1.000000,0.100000
1782457368.868541,709,0.003420,0.003252,TRACKING,0.048187,0.008148,-0.075925,-0.185770,0.050154,0.024262,0.065128,1.000000,0.100000
1782457368.888899,710,0.003399,0.003291,TRACKING,0.047736,0.008320,-0.075741,-0.185751,0.049833,0.024323,0.065128,1.000000,0.100000
1782457368.908150,711,0.002556,0.003225,TRACKING,0.047343,0.008467,-0.075579,-0.185809,0.049394,0.024325,0.064495,1.000000,0.100000
1782457368.928611,712,0.002175,0.003788,TRACKING,0.046098,0.008612,-0.075442,-0.185845,0.048975,0.024289,0.063231,1.000000,0.100000
1782457368.948705,713,0.002193,0.003784,TRACKING,0.046321,0.008738,-0.075300,-0.185889,0.048652,0.024369,0.063863,1.000000,0.100000
1782457368.968850,714,0.002261,0.003718,TRACKING,0.046837,0.008886,-0.075228,-0.185955,0.048194,0.024426,0.063231,1.000000,0.100000
1782457368.988829,715,0.002158,0.004114,TRACKING,0.046336,0.009009,-0.075204,-0.186018,0.047649,0.024430,0.061966,1.000000,0.100000
1782457369.009099,716,0.002142,0.003467,TRACKING,0.046007,0.009190,-0.075213,-0.186086,0.046992,0.024433,0.062500,1.000000,0.100000
1782457369.028847,717,0.001763,0.003877,TRACKING,0.045818,0.009325,-0.075199,-0.186077,0.046523,0.024428,0.062500,1.000000,0.100000
1782457369.050245,718,0.003030,0.003992,TRACKING,0.047910,0.009428,-0.075254,-0.186092,0.046194,0.024553,0.062500,1.000000,0.100000
1782457369.070340,719,0.002996,0.003859,TRACKING,0.047150,0.009508,-0.075311,-0.186140,0.046107,0.024637,0.061966,1.000000,0.100000
1782457369.090632,720,0.003156,0.004509,TRACKING,0.048561,0.009596,-0.075377,-0.186150,0.046280,0.024679,0.062500,1.000000,0.100000
1782457369.110142,721,0.002307,0.004055,TRACKING,0.046603,0.009690,-0.075413,-0.186096,0.046348,0.024712,0.062500,1.000000,0.100000
1782457369.129626,722,0.001707,0.004305,TRACKING,0.045830,0.009793,-0.075468,-0.186078,0.046559,0.024730,0.060701,1.000000,0.100000
1782457369.151091,723,0.003087,0.004291,TRACKING,0.047761,0.009880,-0.075504,-0.186120,0.046723,0.024751,0.062500,1.000000,0.100000
1782457369.171034,724,0.002583,0.004664,TRACKING,0.047599,0.010006,-0.075627,-0.186167,0.046579,0.024743,0.060000,1.000000,0.100000
1782457369.190944,725,0.001978,0.005280,TRACKING,0.047147,0.010169,-0.075644,-0.186173,0.046411,0.024697,0.060069,1.000000,0.100000
1782457369.211948,726,0.002463,0.005090,TRACKING,0.048410,0.010363,-0.075686,-0.186260,0.046141,0.024673,0.062500,1.000000,0.100000
1782457369.232072,727,0.002453,0.005388,TRACKING,0.047714,0.010555,-0.075710,-0.186227,0.045864,0.024623,0.062500,1.000000,0.100000
1782457369.252571,728,0.002816,0.005567,TRACKING,0.047893,0.010708,-0.075661,-0.186202,0.045727,0.024609,0.059437,1.000000,0.100000
1782457369.272893,729,0.002678,0.005944,TRACKING,0.047580,0.010837,-0.075707,-0.186276,0.045610,0.024605,0.060000,1.000000,0.100000
1782457369.293414,730,0.003100,0.005983,TRACKING,0.048415,0.011002,-0.075735,-0.186255,0.045597,0.024578,0.060000,1.000000,0.100000
1782457369.313476,731,0.003069,0.005006,TRACKING,0.047974,0.011183,-0.075757,-0.186253,0.045628,0.024532,0.060000,1.000000,0.100000
1782457369.333415,732,0.002917,0.006018,TRACKING,0.048143,0.011356,-0.075819,-0.186227,0.045801,0.024475,0.058805,1.000000,0.100000
1782457369.354270,733,0.003160,0.006580,TRACKING,0.048748,0.011515,-0.075789,-0.186264,0.046094,0.024470,0.058172,1.000000,0.100000
1782457369.374034,734,0.002832,0.006621,TRACKING,0.048976,0.011717,-0.075724,-0.186224,0.046545,0.024459,0.059437,1.000000,0.100000
1782457369.394371,735,0.003028,0.006908,TRACKING,0.049471,0.011914,-0.075638,-0.186184,0.047152,0.024437,0.059437,1.000000,0.100000
1782457369.414299,736,0.002504,0.007128,TRACKING,0.048730,0.012130,-0.075537,-0.186174,0.047636,0.024399,0.060000,1.000000,0.100000
1782457369.434319,737,0.002440,0.007064,TRACKING,0.048729,0.012425,-0.075473,-0.186167,0.048027,0.024354,0.059437,1.000000,0.100000
1782457369.455049,738,0.002745,0.007704,TRACKING,0.049445,0.012689,-0.075466,-0.186163,0.048231,0.024324,0.059437,1.000000,0.100000
1782457369.474205,739,0.001704,0.007659,TRACKING,0.048794,0.013088,-0.075422,-0.186212,0.048338,0.024245,0.060000,1.000000,0.100000
1782457369.494790,740,0.002209,0.007607,TRACKING,0.049265,0.013464,-0.075356,-0.186198,0.048667,0.024214,0.060069,1.000000,0.100000
1782457369.515004,741,0.002345,0.007449,TRACKING,0.049431,0.013811,-0.075227,-0.186208,0.049292,0.024196,0.060701,1.000000,0.100000
1782457369.535969,742,0.002793,0.008029,TRACKING,0.051652,0.014110,-0.075073,-0.186200,0.050092,0.024182,0.063231,1.000000,0.100000
1782457369.556554,743,0.002878,0.008548,TRACKING,0.051787,0.014413,-0.074886,-0.186191,0.051170,0.024217,0.065760,1.000000,0.100000
1782457369.576496,744,0.002689,0.008799,TRACKING,0.051977,0.014646,-0.074717,-0.186247,0.052325,0.024274,0.067657,1.000000,0.100000
1782457369.596536,745,0.002433,0.008831,TRACKING,0.051592,0.014842,-0.074507,-0.186213,0.053222,0.024352,0.068921,1.000000,0.100000
1782457369.616526,746,0.002305,0.008787,TRACKING,0.051361,0.015033,-0.074395,-0.186257,0.053582,0.024380,0.069554,1.000000,0.100000
1782457369.637337,747,0.003021,0.008858,TRACKING,0.052194,0.015211,-0.074215,-0.186327,0.053154,0.024307,0.068921,1.000000,0.100000
1782457369.657872,748,0.003460,0.008031,TRACKING,0.052428,0.015419,-0.074069,-0.186389,0.051809,0.024166,0.068289,1.000000,0.100000
1782457369.677354,749,0.002847,0.009272,TRACKING,0.051379,0.015591,-0.073877,-0.186416,0.048965,0.023889,0.064495,1.000000,0.100000
1782457369.697050,750,0.002347,0.009015,TRACKING,0.050264,0.015764,-0.073712,-0.186565,0.043683,0.023609,0.062500,1.000000,0.100000
1782457369.717489,751,0.002633,0.009020,TRACKING,0.050144,0.015978,-0.073576,-0.186755,0.038682,0.023424,0.060000,1.000000,0.100000
1782457369.738559,752,0.003262,0.009467,TRACKING,0.051692,0.016172,-0.073505,-0.186926,0.039841,0.023520,0.062500,1.000000,0.100000
1782457369.759050,753,0.003312,0.009031,TRACKING,0.051420,0.016251,-0.073575,-0.186964,0.042217,0.023405,0.062500,1.000000,0.100000
1782457369.778361,754,0.002529,0.009780,TRACKING,0.050152,0.016191,-0.073690,-0.186923,0.042013,0.022827,0.060000,1.000000,0.100000
1782457369.798593,755,0.002223,0.010073,TRACKING,0.049948,0.016194,-0.073950,-0.186910,0.039952,0.022286,0.060000,1.000000,0.100000
1782457369.819767,756,0.003310,0.009974,TRACKING,0.051593,0.016213,-0.074139,-0.186866,0.038624,0.022204,0.060000,1.000000,0.100000
1782457369.840747,757,0.004197,0.010284,TRACKING,0.052942,0.016199,-0.074295,-0.186885,0.038384,0.022522,0.060000,1.000000,0.100000
1782457369.860909,758,0.003565,0.010985,TRACKING,0.052347,0.016170,-0.074408,-0.186896,0.037725,0.022993,0.060000,1.000000,0.100000
1782457369.881391,759,0.003313,0.010797,TRACKING,0.051547,0.016118,-0.074546,-0.186891,0.038168,0.023454,0.057500,1.000000,0.100000
1782457369.900989,760,0.002815,0.010734,TRACKING,0.051906,0.016024,-0.074708,-0.186808,0.038720,0.023758,0.060000,1.000000,0.100000
1782457369.921561,761,0.003288,0.010928,TRACKING,0.051574,0.015947,-0.074857,-0.186779,0.040306,0.023885,0.057500,1.000000,0.100000
1782457369.941842,762,0.003462,0.011042,TRACKING,0.051896,0.015854,-0.074954,-0.186733,0.040897,0.023928,0.057500,1.000000,0.100000
1782457369.961372,763,0.002471,0.012161,TRACKING,0.051308,0.015771,-0.074992,-0.186685,0.040803,0.023927,0.057500,1.000000,0.100000
1782457369.981660,764,0.002620,0.011466,TRACKING,0.051627,0.015713,-0.074982,-0.186638,0.039914,0.023893,0.057500,1.000000,0.100000
1782457370.002874,765,0.003285,0.011864,TRACKING,0.052126,0.015664,-0.074969,-0.186626,0.040258,0.023849,0.057500,1.000000,0.100000
1782457370.023322,766,0.003278,0.012535,TRACKING,0.052181,0.015616,-0.075002,-0.186633,0.040498,0.023753,0.055000,1.000000,0.100000
1782457370.043262,767,0.002819,0.012660,TRACKING,0.052569,0.015580,-0.074913,-0.186589,0.040796,0.023638,0.057500,1.000000,0.100000
1782457370.063326,768,0.002445,0.013053,TRACKING,0.052564,0.015532,-0.074860,-0.186592,0.041005,0.023525,0.060000,1.000000,0.100000
1782457370.084793,769,0.003192,0.013837,TRACKING,0.053113,0.015524,-0.074770,-0.186609,0.040995,0.023368,0.060000,1.000000,0.100000
1782457370.105054,770,0.003322,0.014066,TRACKING,0.053496,0.015516,-0.074701,-0.186587,0.040775,0.023210,0.060000,1.000000,0.100000
1782457370.124973,771,0.003150,0.015054,TRACKING,0.053483,0.015510,-0.074644,-0.186592,0.040402,0.023119,0.060000,1.000000,0.100000
1782457370.145353,772,0.003406,0.015029,TRACKING,0.054492,0.015488,-0.074611,-0.186610,0.039988,0.023115,0.060000,1.000000,0.100000
1782457370.165133,773,0.002766,0.014355,TRACKING,0.052725,0.015520,-0.074541,-0.186630,0.039814,0.023177,0.057500,1.000000,0.100000
1782457370.187236,774,0.004409,0.014956,TRACKING,0.054418,0.015563,-0.074495,-0.186615,0.039746,0.023272,0.057500,1.000000,0.100000
1782457370.207308,775,0.004082,0.014803,TRACKING,0.054542,0.015586,-0.074413,-0.186591,0.039743,0.023382,0.057500,1.000000,0.100000
1782457370.226826,776,0.003468,0.014875,TRACKING,0.054221,0.015605,-0.074300,-0.186594,0.039764,0.023473,0.057500,1.000000,0.100000
1782457370.247421,777,0.003502,0.015424,TRACKING,0.053871,0.015651,-0.074307,-0.186600,0.039708,0.023497,0.057500,1.000000,0.100000
1782457370.268089,778,0.003695,0.016087,TRACKING,0.054499,0.015678,-0.074352,-0.186545,0.039673,0.023506,0.057500,1.000000,0.100000
1782457370.288419,779,0.003602,0.016160,TRACKING,0.054426,0.015717,-0.074340,-0.186542,0.039720,0.023492,0.057500,1.000000,0.100000
1782457370.308256,780,0.003302,0.016197,TRACKING,0.054593,0.015729,-0.074348,-0.186552,0.039706,0.023466,0.055000,1.000000,0.100000
1782457370.327968,781,0.002934,0.016072,TRACKING,0.053405,0.015724,-0.074365,-0.186503,0.039596,0.023415,0.057500,1.000000,0.100000
1782457370.348330,782,0.003157,0.016466,TRACKING,0.053715,0.015717,-0.074351,-0.186534,0.039593,0.023384,0.057500,1.000000,0.100000
1782457370.368480,783,0.002858,0.017294,TRACKING,0.053845,0.015716,-0.074401,-0.186567,0.039683,0.023396,0.055000,1.000000,0.100000
1782457370.388874,784,0.003158,0.016694,TRACKING,0.054390,0.015699,-0.074433,-0.186559,0.039843,0.023407,0.060000,1.000000,0.100000
1782457370.409649,785,0.003772,0.017092,TRACKING,0.054986,0.015684,-0.074455,-0.186558,0.039954,0.023458,0.057500,1.000000,0.100000
1782457370.429080,786,0.003103,0.016910,TRACKING,0.053859,0.015679,-0.074477,-0.186502,0.039961,0.023489,0.057500,1.000000,0.100000
1782457370.449143,787,0.002703,0.017151,TRACKING,0.054017,0.015685,-0.074475,-0.186515,0.039962,0.023459,0.057500,1.000000,0.100000
1782457370.470208,788,0.003357,0.017562,TRACKING,0.055321,0.015657,-0.074488,-0.186485,0.039865,0.023471,0.057500,1.000000,0.100000
1782457370.490475,789,0.003418,0.017192,TRACKING,0.054653,0.015687,-0.074469,-0.186483,0.039716,0.023446,0.057500,1.000000,0.100000
1782457370.510157,790,0.002784,0.017433,TRACKING,0.054251,0.015690,-0.074538,-0.186500,0.039608,0.023450,0.057500,1.000000,0.100000
1782457370.529798,791,0.002343,0.017597,TRACKING,0.053899,0.015705,-0.074522,-0.186450,0.039556,0.023424,0.057500,1.000000,0.100000
1782457370.550402,792,0.002567,0.018843,TRACKING,0.054163,0.015706,-0.074541,-0.186456,0.039600,0.023407,0.057500,1.000000,0.100000
1782457370.570973,793,0.002958,0.019097,TRACKING,0.055321,0.015708,-0.074520,-0.186462,0.039668,0.023374,0.057500,1.000000,0.100000
1782457370.591649,794,0.003528,0.019334,TRACKING,0.055704,0.015696,-0.074501,-0.186480,0.039786,0.023379,0.057500,1.000000,0.100000
1782457370.612070,795,0.003353,0.018620,TRACKING,0.054730,0.015704,-0.074508,-0.186533,0.039846,0.023388,0.055000,1.000000,0.100000
1782457370.632252,796,0.003433,0.018803,TRACKING,0.055275,0.015687,-0.074514,-0.186521,0.039793,0.023395,0.057500,1.000000,0.100000
1782457370.652884,-1,0.003261,0.000428,TRACKING,0.046291,0.015688,-0.074486,-0.186546,0.039744,0.023419,0.057500,1.000000,0.100000
1782457370.673715,-1,0.003979,0.020678,TRACKING,0.056756,0.015678,-0.074527,-0.186535,0.039682,0.023325,0.057500,1.000000,0.100000
1782457370.693531,-1,0.003160,0.000289,TRACKING,0.046590,0.015675,-0.074547,-0.186534,0.039714,0.023284,0.057500,1.000000,0.100000
1782457370.712362,-1,0.001897,0.020276,TRACKING,0.053845,0.015650,-0.074553,-0.186487,0.039669,0.022994,0.055000,1.000000,0.100000
1782457370.733520,-1,0.002965,0.020043,TRACKING,0.055323,0.015652,-0.074528,-0.186467,0.039570,0.022917,0.057500,1.000000,0.100000
1782457370.753739,-1,0.003068,0.019865,TRACKING,0.055202,0.015663,-0.074514,-0.186488,0.039500,0.022720,0.057500,1.000000,0.100000
1782457370.773964,-1,0.003175,0.019709,TRACKING,0.055353,0.015633,-0.074471,-0.186497,0.039444,0.022563,0.057500,1.000000,0.100000
1782457370.793996,-1,0.002847,0.019859,TRACKING,0.055104,0.015612,-0.074475,-0.186527,0.039415,0.022401,0.055000,1.000000,0.100000
1782457370.813889,-1,0.002621,0.019743,TRACKING,0.053939,0.015626,-0.074472,-0.186532,0.039355,0.022218,0.055000,1.000000,0.100000
1782457370.834858,-1,0.003458,0.019469,TRACKING,0.056041,0.015605,-0.074489,-0.186526,0.039197,0.022071,0.057500,1.000000,0.100000
1782457370.855312,-1,0.003315,0.019631,TRACKING,0.054848,0.015592,-0.074484,-0.186510,0.039131,0.021968,0.055000,1.000000,0.100000
1782457370.874440,-1,0.002353,0.019241,TRACKING,0.053191,0.015609,-0.074445,-0.186509,0.039053,0.021841,0.055000,1.000000,0.100000
1782457370.895504,-1,0.003327,0.019028,TRACKING,0.054786,0.015602,-0.074475,-0.186519,0.038944,0.021729,0.052500,1.000000,0.100000
1782457370.914482,-1,0.002215,0.018561,TRACKING,0.053254,0.015603,-0.074471,-0.186516,0.038754,0.021616,0.055000,1.000000,0.100000
1782457370.934925,-1,0.002455,0.018215,TRACKING,0.052481,0.015615,-0.074419,-0.186530,0.038682,0.021533,0.052500,1.000000,0.100000
1782457370.955485,-1,0.002747,0.018132,TRACKING,0.053753,0.015634,-0.074393,-0.186580,0.038580,0.021419,0.055000,1.000000,0.100000
1782457370.976363,-1,0.003166,0.018662,TRACKING,0.054274,0.015602,-0.074364,-0.186567,0.038396,0.021321,0.052500,1.000000,0.100000
1782457370.996360,-1,0.002728,0.018453,TRACKING,0.053474,0.015606,-0.074297,-0.186579,0.038291,0.021221,0.052500,1.000000,0.100000
1782457371.016711,-1,0.002624,0.018831,TRACKING,0.053110,0.015611,-0.074283,-0.186567,0.038242,0.021128,0.052500,1.000000,0.100000
1782457371.036537,-1,0.002332,0.018402,TRACKING,0.052379,0.015618,-0.074286,-0.186531,0.038188,0.021032,0.052500,1.000000,0.100000
1782457371.056749,-1,0.002396,0.018255,TRACKING,0.051927,0.015653,-0.074237,-0.186560,0.039161,0.020937,0.052500,1.000000,0.100000
1782457371.076689,-1,0.002250,0.017973,TRACKING,0.052210,0.015679,-0.074169,-0.186620,0.040576,0.020849,0.054378,1.000000,0.100000
1782457371.097446,-1,0.002923,0.017802,TRACKING,0.053429,0.015684,-0.074085,-0.186608,0.042332,0.020794,0.056275,1.000000,0.100000
1782457371.116974,-1,0.002364,0.017656,TRACKING,0.053470,0.015701,-0.073985,-0.186604,0.044441,0.020750,0.058805,1.000000,0.100000
1782457371.136991,-1,0.002292,0.017874,TRACKING,0.054026,0.015759,-0.073934,-0.186584,0.047017,0.020778,0.061966,1.000000,0.100000
1782457371.156808,-1,0.001775,0.017725,TRACKING,0.053896,0.015810,-0.073849,-0.186645,0.049865,0.020900,0.065128,1.000000,0.100000
1782457371.178126,-1,0.002941,0.017614,TRACKING,0.055730,0.015848,-0.073797,-0.186621,0.052764,0.021189,0.068921,1.000000,0.100000
1782457371.197477,-1,0.002153,0.017457,TRACKING,0.055709,0.015934,-0.073747,-0.186648,0.055426,0.021605,0.072083,1.000000,0.100000
1782457371.218345,-1,0.002885,0.017794,TRACKING,0.057777,0.016047,-0.073905,-0.186677,0.057255,0.022020,0.074612,1.000000,0.100000
1782457371.238231,-1,0.002529,0.017421,TRACKING,0.057924,0.016179,-0.074292,-0.186690,0.057838,0.022275,0.075877,1.000000,0.100000
1782457371.259355,-1,0.003422,0.017260,TRACKING,0.058674,0.016375,-0.074875,-0.186669,0.057452,0.022269,0.075244,1.000000,0.100000
1782457371.279403,-1,0.003016,0.017634,TRACKING,0.058363,0.016552,-0.075597,-0.186617,0.056371,0.021965,0.074612,1.000000,0.100000
1782457371.300102,-1,0.003274,0.017629,TRACKING,0.058372,0.016712,-0.076164,-0.186435,0.054453,0.021403,0.072083,1.000000,0.100000
1782457371.319376,-1,0.002460,0.017468,TRACKING,0.056288,0.016826,-0.076388,-0.186492,0.050990,0.020649,0.067932,1.000000,0.100000
1782457371.340197,-1,0.002694,0.017770,TRACKING,0.055632,0.016966,-0.076270,-0.186651,0.044938,0.019993,0.060069,1.000000,0.100000
1782457371.360985,-1,0.002983,0.018313,TRACKING,0.055606,0.017115,-0.075732,-0.186625,0.035896,0.019869,0.055000,1.000000,0.100000
1782457371.381134,-1,0.002693,0.018070,TRACKING,0.054550,0.017356,-0.074614,-0.186704,0.038876,0.020667,0.052500,1.000000,0.100000
1782457371.401387,-1,0.002859,0.017889,TRACKING,0.054691,0.017520,-0.073911,-0.187184,0.040006,0.021150,0.055000,1.000000,0.100000
1782457371.420936,-1,0.002323,0.017979,TRACKING,0.053735,0.017503,-0.073432,-0.187289,0.039989,0.020413,0.055000,1.000000,0.100000
1782457371.441338,-1,0.002638,0.017826,TRACKING,0.052029,0.017505,-0.073387,-0.187009,0.037156,0.019439,0.050000,1.000000,0.100000
1782457371.461653,-1,0.002870,0.017576,TRACKING,0.052550,0.017501,-0.073723,-0.186964,0.034429,0.018905,0.050000,1.000000,0.100000
1782457371.481102,-1,0.001876,0.017363,TRACKING,0.051094,0.017493,-0.074087,-0.186992,0.033447,0.018829,0.047500,1.000000,0.100000
1782457371.502924,-1,0.003612,0.017179,TRACKING,0.053777,0.017479,-0.074398,-0.187000,0.038602,0.019035,0.050585,1.000000,0.100000
1782457371.522665,-1,0.003264,0.017283,TRACKING,0.055112,0.017473,-0.074527,-0.186960,0.044920,0.019494,0.057540,1.000000,0.100000
1782457371.542585,-1,0.003066,0.017044,TRACKING,0.055924,0.017467,-0.074612,-0.186836,0.051582,0.020250,0.065128,1.000000,0.100000
1782457371.562902,-1,0.002926,0.016872,TRACKING,0.056475,0.017461,-0.074683,-0.186688,0.056726,0.021430,0.072083,1.000000,0.100000
1782457371.583867,-1,0.003804,0.016705,TRACKING,0.059545,0.017569,-0.075064,-0.186594,0.059577,0.022849,0.077774,1.000000,0.100000
1782457371.603338,-1,0.003188,0.016797,TRACKING,0.060203,0.017706,-0.075798,-0.186685,0.066733,0.023724,0.078406,1.000000,0.100000
1782457371.623383,-1,0.002779,0.016629,TRACKING,0.060219,0.017889,-0.076542,-0.186445,0.068385,0.023672,0.077141,1.000000,0.100000
1782457371.644192,-1,0.002701,0.017221,TRACKING,0.059850,0.018206,-0.077466,-0.186235,0.065988,0.023046,0.074612,1.000000,0.100000
1782457371.664944,-1,0.002779,0.017573,TRACKING,0.059788,0.018397,-0.078034,-0.186505,0.061805,0.022284,0.073980,1.000000,0.100000
1782457371.684813,-1,0.002194,0.017719,TRACKING,0.058652,0.018533,-0.078183,-0.186535,0.056991,0.021598,0.073348,1.000000,0.100000
1782457371.708936,-1,0.006183,0.017530,TRACKING,0.064116,0.018700,-0.078170,-0.186568,0.054875,0.020986,0.072083,1.000000,0.100000
1782457371.725461,-1,0.002621,0.017655,TRACKING,0.057894,0.018883,-0.078228,-0.186584,0.053194,0.020379,0.072633,1.000000,0.100000
1782457371.745495,-1,0.002373,0.017449,TRACKING,0.057779,0.019104,-0.078224,-0.186568,0.049490,0.019690,0.070892,1.000000,0.100000
1782457371.766860,-1,0.002902,0.017937,TRACKING,0.056758,0.019365,-0.078290,-0.186670,0.042399,0.019158,0.062243,1.000000,0.100000
1782457371.787547,-1,0.003140,0.018489,TRACKING,0.056228,0.019603,-0.078142,-0.186592,0.040727,0.019391,0.050000,1.000000,0.100000
1782457371.808016,-1,0.003154,0.018439,TRACKING,0.055596,0.019735,-0.077453,-0.186464,0.042455,0.020330,0.050585,1.000000,0.100000
1782457371.827577,-1,0.002626,0.018270,TRACKING,0.056281,0.019895,-0.077152,-0.187078,0.040320,0.020387,0.055000,1.000000,0.100000
1782457371.848499,-1,0.003086,0.018754,TRACKING,0.055686,0.019909,-0.076958,-0.187236,0.038156,0.019392,0.050000,1.000000,0.100000
1782457371.868812,-1,0.003153,0.018513,TRACKING,0.054695,0.019985,-0.076957,-0.186902,0.037382,0.018506,0.048798,1.000000,0.100000
1782457371.888896,-1,0.003150,0.018413,TRACKING,0.054215,0.020026,-0.077244,-0.186870,0.036884,0.018178,0.045291,1.000000,0.100000
1782457371.908410,-1,0.002508,0.018410,TRACKING,0.054740,0.020034,-0.077660,-0.186915,0.036866,0.018258,0.048760,1.000000,0.100000
1782457371.928985,-1,0.002462,0.018651,TRACKING,0.055474,0.020032,-0.078000,-0.186803,0.042804,0.018702,0.055643,1.000000,0.100000
1782457371.948804,-1,0.002194,0.018501,TRACKING,0.056575,0.020044,-0.078265,-0.186750,0.049134,0.019526,0.063231,1.000000,0.100000
1782457371.969013,-1,0.002317,0.018302,TRACKING,0.058525,0.020071,-0.078601,-0.186746,0.053646,0.020614,0.068289,1.000000,0.100000
1782457371.989261,-1,0.002202,0.018392,TRACKING,0.059986,0.020189,-0.079453,-0.186774,0.056050,0.021832,0.073348,1.000000,0.100000
1782457372.009942,-1,0.002795,0.018144,TRACKING,0.061612,0.020203,-0.080293,-0.186750,0.061953,0.022629,0.075244,1.000000,0.100000
1782457372.030093,-1,0.002506,0.018655,TRACKING,0.061862,0.020335,-0.081153,-0.186684,0.063525,0.022639,0.073348,1.000000,0.100000
1782457372.050155,-1,0.002479,0.018005,TRACKING,0.060815,0.020529,-0.081866,-0.186494,0.061645,0.022208,0.072083,1.000000,0.100000
1782457372.069615,-1,0.001677,0.017995,TRACKING,0.059859,0.020719,-0.082398,-0.186442,0.058140,0.021601,0.071451,1.000000,0.100000
1782457372.090537,-1,0.002517,0.017793,TRACKING,0.060567,0.020838,-0.082580,-0.186603,0.053711,0.021006,0.070818,1.000000,0.100000
1782457372.111178,-1,0.003077,0.017552,TRACKING,0.060583,0.020949,-0.082726,-0.186579,0.052685,0.020437,0.069554,1.000000,0.100000
1782457372.130511,-1,0.002335,0.017319,TRACKING,0.059459,0.021097,-0.082798,-0.186584,0.051279,0.019839,0.068289,1.000000,0.100000
1782457372.151079,-1,0.002825,0.017509,TRACKING,0.059869,0.021221,-0.082843,-0.186625,0.048074,0.019109,0.069130,1.000000,0.100000
1782457372.171488,-1,0.003156,0.017284,TRACKING,0.059153,0.021372,-0.082851,-0.186745,0.041814,0.018499,0.060482,1.000000,0.100000
1782457372.191388,-1,0.002968,0.016995,TRACKING,0.056714,0.021484,-0.082687,-0.187004,0.040007,0.018657,0.050000,1.000000,0.100000
1782457372.211353,-1,0.002497,0.016847,TRACKING,0.056897,0.021552,-0.081917,-0.186996,0.042242,0.019456,0.050585,1.000000,0.100000
1782457372.232153,-1,0.003211,0.016573,TRACKING,0.056963,0.021550,-0.081496,-0.187187,0.040748,0.019577,0.052500,1.000000,0.100000
1782457372.252159,-1,0.002681,0.016834,TRACKING,0.056675,0.021584,-0.080982,-0.187286,0.038478,0.018729,0.050000,1.000000,0.100000
1782457372.273001,-1,0.003432,0.016306,TRACKING,0.055196,0.021626,-0.080916,-0.187093,0.036915,0.017842,0.045526,1.000000,0.100000
1782457372.292744,-1,0.002383,0.016669,TRACKING,0.053512,0.021606,-0.081054,-0.187099,0.035734,0.017485,0.044946,1.000000,0.100000
1782457372.312620,-1,0.002175,0.016332,TRACKING,0.055295,0.021543,-0.081244,-0.187006,0.037657,0.017565,0.050111,1.000000,0.100000
1782457372.333555,-1,0.002982,0.016238,TRACKING,0.056999,0.021473,-0.081404,-0.186847,0.043169,0.018146,0.058760,1.000000,0.100000
1782457372.353901,-1,0.003236,0.016167,TRACKING,0.059690,0.021401,-0.081489,-0.186711,0.048161,0.019095,0.067389,1.000000,0.100000
1782457372.373535,-1,0.002340,0.016084,TRACKING,0.058803,0.021354,-0.081716,-0.186762,0.051097,0.020099,0.072594,1.000000,0.100000
