timestamp,frame_id,loop_dt,redis_age,mode,risk_score,roll,pitch,yaw,max_tracking_error,rms_tracking_error,max_torque_ratio,ramp,deploy_action_scale
1782455191.985050,0,0.000756,inf,STAND_TEST,0.000000,-0.004699,-0.050059,-0.105680,0.000000,0.000000,0.000000,1.000000,1.000000
1782455192.005289,1,0.000938,inf,STAND_TEST,0.000000,-0.004692,-0.050046,-0.105711,0.000000,0.000000,0.000000,1.000000,1.000000
1782455192.025176,2,0.000769,inf,STAND_TEST,0.000000,-0.004694,-0.050014,-0.105682,0.000000,0.000000,0.000000,1.000000,1.000000
1782455192.045021,3,0.000475,inf,STAND_TEST,0.000000,-0.004669,-0.050039,-0.105648,0.000000,0.000000,0.000000,1.000000,1.000000
1782455192.065119,4,0.000438,inf,STAND_TEST,0.000000,-0.004677,-0.050027,-0.105679,0.000000,0.000000,0.000000,1.000000,1.000000
1782455192.085125,5,0.000391,inf,STAND_TEST,0.000000,-0.004709,-0.050027,-0.105701,0.000000,0.000000,0.000000,1.000000,1.000000
1782455192.105195,6,0.000407,inf,STAND_TEST,0.000000,-0.004681,-0.050026,-0.105705,0.000000,0.000000,0.000000,1.000000,1.000000
1782455192.125310,7,0.000468,inf,STAND_TEST,0.000000,-0.004691,-0.050030,-0.105729,0.000000,0.000000,0.000000,1.000000,1.000000
1782455192.145302,8,0.000406,inf,STAND_TEST,0.000000,-0.004682,-0.050012,-0.105717,0.000000,0.000000,0.000000,1.000000,1.000000
1782455192.165600,9,0.000650,inf,STAND_TEST,0.000000,-0.004700,-0.050035,-0.105711,0.000000,0.000000,0.000000,1.000000,1.000000
1782455192.185643,10,0.000450,inf,STAND_TEST,0.000000,-0.004688,-0.049985,-0.105722,0.000000,0.000000,0.000000,1.000000,1.000000
1782455192.205719,11,0.000471,inf,STAND_TEST,0.000000,-0.004694,-0.049987,-0.105746,0.000000,0.000000,0.000000,1.000000,1.000000
1782455192.225819,12,0.000468,inf,STAND_TEST,0.000000,-0.004676,-0.049965,-0.105785,0.000000,0.000000,0.000000,1.000000,1.000000
1782455192.245879,13,0.000473,inf,STAND_TEST,0.000000,-0.004663,-0.049961,-0.105775,0.000000,0.000000,0.000000,1.000000,1.000000
1782455192.265867,14,0.000413,inf,STAND_TEST,0.000000,-0.004648,-0.049938,-0.105790,0.000000,0.000000,0.000000,1.000000,1.000000
1782455192.285949,15,0.000440,inf,STAND_TEST,0.000000,-0.004677,-0.049924,-0.105860,0.000000,0.000000,0.000000,1.000000,1.000000
1782455192.306241,16,0.000677,inf,STAND_TEST,0.000000,-0.004672,-0.049971,-0.105850,0.000000,0.000000,0.000000,1.000000,1.000000
1782455192.326193,17,0.000576,inf,STAND_TEST,0.000000,-0.004684,-0.049949,-0.105872,0.000000,0.000000,0.000000,1.000000,1.000000
1782455192.346169,18,0.000467,inf,STAND_TEST,0.000000,-0.004681,-0.049946,-0.105808,0.000000,0.000000,0.000000,1.000000,1.000000
1782455192.366451,19,0.000494,inf,STAND_TEST,0.000000,-0.004683,-0.049941,-0.105835,0.000000,0.000000,0.000000,1.000000,1.000000
1782455192.386419,20,0.000408,inf,STAND_TEST,0.000000,-0.004674,-0.049969,-0.105822,0.000000,0.000000,0.000000,1.000000,1.000000
1782455192.406565,21,0.000499,inf,STAND_TEST,0.000000,-0.004665,-0.049961,-0.105733,0.000000,0.000000,0.000000,1.000000,1.000000
1782455192.426797,22,0.000675,inf,STAND_TEST,0.000000,-0.004671,-0.049974,-0.105769,0.000000,0.000000,0.000000,1.000000,1.000000
1782455192.446887,23,0.000710,inf,STAND_TEST,0.000000,-0.004655,-0.049935,-0.105781,0.000000,0.000000,0.000000,1.000000,1.000000
1782455192.466873,24,0.000643,inf,STAND_TEST,0.000000,-0.004674,-0.049921,-0.105771,0.000000,0.000000,0.000000,1.000000,1.000000
1782455192.486829,25,0.000504,inf,STAND_TEST,0.000000,-0.004671,-0.049904,-0.105856,0.000000,0.000000,0.000000,1.000000,1.000000
1782455192.506947,26,0.000473,inf,STAND_TEST,0.000000,-0.004685,-0.049919,-0.105877,0.000000,0.000000,0.000000,1.000000,1.000000
1782455192.527036,27,0.000508,inf,STAND_TEST,0.000000,-0.004701,-0.049907,-0.105926,0.000000,0.000000,0.000000,1.000000,1.000000
1782455192.547033,28,0.000449,inf,STAND_TEST,0.000000,-0.004679,-0.049886,-0.105955,0.000000,0.000000,0.000000,1.000000,1.000000
1782455192.567334,29,0.000695,inf,STAND_TEST,0.000000,-0.004671,-0.049850,-0.105959,0.000000,0.000000,0.000000,1.000000,1.000000
1782455192.587435,30,0.000739,inf,STAND_TEST,0.000000,-0.004631,-0.049853,-0.105950,0.000000,0.000000,0.000000,1.000000,1.000000
1782455192.607550,31,0.000465,inf,STAND_TEST,0.000000,-0.004623,-0.049830,-0.105972,0.000000,0.000000,0.000000,1.000000,1.000000
1782455192.627600,32,0.000459,inf,STAND_TEST,0.000000,-0.004625,-0.049767,-0.106014,0.000000,0.000000,0.000000,1.000000,1.000000
1782455192.647681,33,0.000485,inf,STAND_TEST,0.000000,-0.004609,-0.049787,-0.106003,0.000000,0.000000,0.000000,1.000000,1.000000
1782455192.667701,34,0.000450,inf,STAND_TEST,0.000000,-0.004590,-0.049804,-0.105981,0.000000,0.000000,0.000000,1.000000,1.000000
1782455192.687806,35,0.000498,inf,STAND_TEST,0.000000,-0.004609,-0.049817,-0.105960,0.000000,0.000000,0.000000,1.000000,1.000000
1782455192.708025,36,0.000663,inf,STAND_TEST,0.000000,-0.004592,-0.049805,-0.105970,0.000000,0.000000,0.000000,1.000000,1.000000
1782455192.728088,37,0.000673,inf,STAND_TEST,0.000000,-0.004588,-0.049824,-0.105940,0.000000,0.000000,0.000000,1.000000,1.000000
1782455192.748138,38,0.000668,inf,STAND_TEST,0.000000,-0.004567,-0.049796,-0.105932,0.000000,0.000000,0.000000,1.000000,1.000000
1782455192.768177,39,0.000452,inf,STAND_TEST,0.000000,-0.004562,-0.049810,-0.105901,0.000000,0.000000,0.000000,1.000000,1.000000
1782455192.788244,40,0.000465,inf,STAND_TEST,0.000000,-0.004523,-0.049797,-0.105902,0.000000,0.000000,0.000000,1.000000,1.000000
1782455192.808256,41,0.000423,inf,STAND_TEST,0.000000,-0.004511,-0.049825,-0.105889,0.000000,0.000000,0.000000,1.000000,1.000000
1782455192.828449,42,0.000560,inf,STAND_TEST,0.000000,-0.004520,-0.049826,-0.105851,0.000000,0.000000,0.000000,1.000000,1.000000
1782455192.848679,43,0.000733,inf,STAND_TEST,0.000000,-0.004509,-0.049858,-0.105839,0.000000,0.000000,0.000000,1.000000,1.000000
1782455192.868685,44,0.000684,inf,STAND_TEST,0.000000,-0.004517,-0.049854,-0.105869,0.000000,0.000000,0.000000,1.000000,1.000000
1782455192.888770,45,0.000713,inf,STAND_TEST,0.000000,-0.004522,-0.049825,-0.105855,0.000000,0.000000,0.000000,1.000000,1.000000
1782455192.908788,46,0.000676,inf,STAND_TEST,0.000000,-0.004498,-0.049835,-0.105855,0.000000,0.000000,0.000000,1.000000,1.000000
1782455192.928801,47,0.000435,inf,STAND_TEST,0.000000,-0.004472,-0.049838,-0.105886,0.000000,0.000000,0.000000,1.000000,1.000000
1782455192.948879,48,0.000457,inf,STAND_TEST,0.000000,-0.004488,-0.049861,-0.105902,0.000000,0.000000,0.000000,1.000000,1.000000
1782455192.968929,49,0.000451,inf,STAND_TEST,0.000000,-0.004463,-0.049883,-0.105894,0.000000,0.000000,0.000000,1.000000,1.000000
1782455192.989051,50,0.000520,inf,STAND_TEST,0.000000,-0.004452,-0.049940,-0.105841,0.000000,0.000000,0.000000,1.000000,1.000000
1782455193.009510,51,0.000923,inf,STAND_TEST,0.000000,-0.004448,-0.049920,-0.105821,0.000000,0.000000,0.000000,1.000000,1.000000
1782455193.029459,52,0.000817,inf,STAND_TEST,0.000000,-0.004422,-0.049951,-0.105826,0.000000,0.000000,0.000000,1.000000,1.000000
1782455193.049357,53,0.000506,inf,STAND_TEST,0.000000,-0.004422,-0.050000,-0.105793,0.000000,0.000000,0.000000,1.000000,1.000000
1782455193.069426,54,0.000519,inf,STAND_TEST,0.000000,-0.004424,-0.050013,-0.105801,0.000000,0.000000,0.000000,1.000000,1.000000
1782455193.089418,55,0.000456,inf,STAND_TEST,0.000000,-0.004412,-0.050011,-0.105806,0.000000,0.000000,0.000000,1.000000,1.000000
1782455193.109461,56,0.000444,inf,STAND_TEST,0.000000,-0.004414,-0.049987,-0.105794,0.000000,0.000000,0.000000,1.000000,1.000000
1782455193.129525,57,0.000452,inf,STAND_TEST,0.000000,-0.004371,-0.049931,-0.105788,0.000000,0.000000,0.000000,1.000000,1.000000
1782455193.149576,58,0.000448,inf,STAND_TEST,0.000000,-0.004364,-0.049906,-0.105839,0.000000,0.000000,0.000000,1.000000,1.000000
1782455193.169881,59,0.000698,inf,STAND_TEST,0.000000,-0.004372,-0.049899,-0.105850,0.000000,0.000000,0.000000,1.000000,1.000000
1782455193.189921,60,0.000682,inf,STAND_TEST,0.000000,-0.004373,-0.049876,-0.105850,0.000000,0.000000,0.000000,1.000000,1.000000
1782455193.210123,61,0.000578,inf,STAND_TEST,0.000000,-0.004374,-0.049840,-0.105886,0.000000,0.000000,0.000000,1.000000,1.000000
1782455193.230133,62,0.000532,inf,STAND_TEST,0.000000,-0.004350,-0.049822,-0.105883,0.000000,0.000000,0.000000,1.000000,1.000000
1782455193.250216,63,0.000558,inf,STAND_TEST,0.000000,-0.004336,-0.049808,-0.105876,0.000000,0.000000,0.000000,1.000000,1.000000
1782455193.270167,64,0.000454,inf,STAND_TEST,0.000000,-0.004326,-0.049796,-0.105841,0.000000,0.000000,0.000000,1.000000,1.000000
1782455193.290447,65,0.000678,inf,STAND_TEST,0.000000,-0.004302,-0.049768,-0.105835,0.000000,0.000000,0.000000,1.000000,1.000000
1782455193.310496,66,0.000671,inf,STAND_TEST,0.000000,-0.004297,-0.049769,-0.105834,0.000000,0.000000,0.000000,1.000000,1.000000
1782455193.330575,67,0.000696,inf,STAND_TEST,0.000000,-0.004282,-0.049734,-0.105820,0.000000,0.000000,0.000000,1.000000,1.000000
1782455193.350932,68,0.000792,inf,STAND_TEST,0.000000,-0.004276,-0.049704,-0.105843,0.000000,0.000000,0.000000,1.000000,1.000000
1782455193.370984,69,0.000704,inf,STAND_TEST,0.000000,-0.004295,-0.049704,-0.105865,0.000000,0.000000,0.000000,1.000000,1.000000
1782455193.391316,70,0.000943,inf,STAND_TEST,0.000000,-0.004303,-0.049718,-0.105849,0.000000,0.000000,0.000000,1.000000,1.000000
1782455193.411115,71,0.000684,inf,STAND_TEST,0.000000,-0.004303,-0.049734,-0.105826,0.000000,0.000000,0.000000,1.000000,1.000000
1782455193.431175,72,0.000689,inf,STAND_TEST,0.000000,-0.004311,-0.049727,-0.105803,0.000000,0.000000,0.000000,1.000000,1.000000
1782455193.451206,73,0.000453,inf,STAND_TEST,0.000000,-0.004327,-0.049754,-0.105803,0.000000,0.000000,0.000000,1.000000,1.000000
1782455193.471286,74,0.000478,inf,STAND_TEST,0.000000,-0.004312,-0.049738,-0.105754,0.000000,0.000000,0.000000,1.000000,1.000000
1782455193.491314,75,0.000452,inf,STAND_TEST,0.000000,-0.004297,-0.049776,-0.105689,0.000000,0.000000,0.000000,1.000000,1.000000
1782455193.511383,76,0.000467,inf,STAND_TEST,0.000000,-0.004293,-0.049786,-0.105681,0.000000,0.000000,0.000000,1.000000,1.000000
1782455193.531362,77,0.000392,inf,STAND_TEST,0.000000,-0.004285,-0.049786,-0.105680,0.000000,0.000000,0.000000,1.000000,1.000000
1782455193.551517,78,0.000492,inf,STAND_TEST,0.000000,-0.004264,-0.049755,-0.105697,0.000000,0.000000,0.000000,1.000000,1.000000
1782455193.571876,79,0.000796,inf,STAND_TEST,0.000000,-0.004249,-0.049755,-0.105694,0.000000,0.000000,0.000000,1.000000,1.000000
1782455193.591654,80,0.000417,inf,STAND_TEST,0.000000,-0.004281,-0.049728,-0.105683,0.000000,0.000000,0.000000,1.000000,1.000000
1782455193.612065,81,0.000739,inf,STAND_TEST,0.000000,-0.004284,-0.049755,-0.105671,0.000000,0.000000,0.000000,1.000000,1.000000
1782455193.632124,82,0.000706,inf,STAND_TEST,0.000000,-0.004276,-0.049772,-0.105617,0.000000,0.000000,0.000000,1.000000,1.000000
1782455193.652603,83,0.001087,inf,STAND_TEST,0.000000,-0.004263,-0.049760,-0.105566,0.000000,0.000000,0.000000,1.000000,1.000000
1782455193.672685,84,0.001109,inf,STAND_TEST,0.000000,-0.004262,-0.049760,-0.105535,0.000000,0.000000,0.000000,1.000000,1.000000
1782455193.692604,85,0.000942,inf,STAND_TEST,0.000000,-0.004287,-0.049755,-0.105522,0.000000,0.000000,0.000000,1.000000,1.000000
1782455193.712822,86,0.001063,inf,STAND_TEST,0.000000,-0.004276,-0.049760,-0.105519,0.000000,0.000000,0.000000,1.000000,1.000000
1782455193.732623,87,0.000701,inf,STAND_TEST,0.000000,-0.004279,-0.049757,-0.105507,0.000000,0.000000,0.000000,1.000000,1.000000
1782455193.753264,88,0.001176,inf,STAND_TEST,0.000000,-0.004320,-0.049773,-0.105483,0.000000,0.000000,0.000000,1.000000,1.000000
1782455193.772876,89,0.000727,inf,STAND_TEST,0.000000,-0.004322,-0.049754,-0.105480,0.000000,0.000000,0.000000,1.000000,1.000000
1782455193.793209,90,0.000934,inf,STAND_TEST,0.000000,-0.004307,-0.049733,-0.105468,0.000000,0.000000,0.000000,1.000000,1.000000
1782455193.813036,91,0.000704,inf,STAND_TEST,0.000000,-0.004316,-0.049708,-0.105428,0.000000,0.000000,0.000000,1.000000,1.000000
1782455193.833006,92,0.000496,inf,STAND_TEST,0.000000,-0.004304,-0.049746,-0.105435,0.000000,0.000000,0.000000,1.000000,1.000000
1782455193.853150,93,0.000482,inf,STAND_TEST,0.000000,-0.004310,-0.049724,-0.105442,0.000000,0.000000,0.000000,1.000000,1.000000
1782455193.873208,94,0.000484,inf,STAND_TEST,0.000000,-0.004298,-0.049714,-0.105415,0.000000,0.000000,0.000000,1.000000,1.000000
1782455193.893246,95,0.000467,inf,STAND_TEST,0.000000,-0.004305,-0.049697,-0.105419,0.000000,0.000000,0.000000,1.000000,1.000000
1782455193.913531,96,0.000697,inf,STAND_TEST,0.000000,-0.004316,-0.049715,-0.105421,0.000000,0.000000,0.000000,1.000000,1.000000
1782455193.933342,97,0.000452,inf,STAND_TEST,0.000000,-0.004305,-0.049712,-0.105402,0.000000,0.000000,0.000000,1.000000,1.000000
1782455193.953804,98,0.000859,inf,STAND_TEST,0.000000,-0.004307,-0.049702,-0.105396,0.000000,0.000000,0.000000,1.000000,1.000000
1782455193.973886,99,0.000849,inf,STAND_TEST,0.000000,-0.004297,-0.049692,-0.105383,0.000000,0.000000,0.000000,1.000000,1.000000
1782455193.993601,100,0.000456,inf,STAND_TEST,0.000000,-0.004275,-0.049656,-0.105369,0.000000,0.000000,0.000000,1.000000,1.000000
1782455194.013616,101,0.000417,inf,STAND_TEST,0.000000,-0.004302,-0.049684,-0.105344,0.000000,0.000000,0.000000,1.000000,1.000000
1782455194.033686,102,0.000433,inf,STAND_TEST,0.000000,-0.004304,-0.049711,-0.105318,0.000000,0.000000,0.000000,1.000000,1.000000
1782455194.053707,103,0.000401,inf,STAND_TEST,0.000000,-0.004307,-0.049722,-0.105277,0.000000,0.000000,0.000000,1.000000,1.000000
1782455194.073767,104,0.000407,inf,STAND_TEST,0.000000,-0.004323,-0.049734,-0.105290,0.000000,0.000000,0.000000,1.000000,1.000000
1782455194.094113,105,0.000699,inf,STAND_TEST,0.000000,-0.004323,-0.049746,-0.105288,0.000000,0.000000,0.000000,1.000000,1.000000
1782455194.114269,106,0.000810,inf,STAND_TEST,0.000000,-0.004309,-0.049789,-0.105256,0.000000,0.000000,0.000000,1.000000,1.000000
1782455194.134312,107,0.000799,inf,STAND_TEST,0.000000,-0.004305,-0.049818,-0.105241,0.000000,0.000000,0.000000,1.000000,1.000000
1782455194.154366,108,0.000799,inf,STAND_TEST,0.000000,-0.004322,-0.049844,-0.105202,0.000000,0.000000,0.000000,1.000000,1.000000
1782455194.174561,109,0.000723,inf,STAND_TEST,0.000000,-0.004326,-0.049824,-0.105206,0.000000,0.000000,0.000000,1.000000,1.000000
1782455194.194601,110,0.000705,inf,STAND_TEST,0.000000,-0.004337,-0.049810,-0.105177,0.000000,0.000000,0.000000,1.000000,1.000000
1782455194.214656,111,0.000701,inf,STAND_TEST,0.000000,-0.004315,-0.049745,-0.105153,0.000000,0.000000,0.000000,1.000000,1.000000
1782455194.234976,112,0.000964,inf,STAND_TEST,0.000000,-0.004309,-0.049753,-0.105175,0.000000,0.000000,0.000000,1.000000,1.000000
1782455194.255045,113,0.000974,inf,STAND_TEST,0.000000,-0.004333,-0.049726,-0.105162,0.000000,0.000000,0.000000,1.000000,1.000000
1782455194.275031,114,0.000699,inf,STAND_TEST,0.000000,-0.004334,-0.049750,-0.105132,0.000000,0.000000,0.000000,1.000000,1.000000
1782455194.295141,115,0.000711,inf,STAND_TEST,0.000000,-0.004342,-0.049763,-0.105069,0.000000,0.000000,0.000000,1.000000,1.000000
1782455194.315492,116,0.000960,inf,STAND_TEST,0.000000,-0.004320,-0.049757,-0.105092,0.000000,0.000000,0.000000,1.000000,1.000000
1782455194.335329,117,0.000703,inf,STAND_TEST,0.000000,-0.004321,-0.049763,-0.105065,0.000000,0.000000,0.000000,1.000000,1.000000
1782455194.355658,118,0.000975,inf,STAND_TEST,0.000000,-0.004296,-0.049713,-0.105019,0.000000,0.000000,0.000000,1.000000,1.000000
1782455194.375579,119,0.000840,inf,STAND_TEST,0.000000,-0.004300,-0.049695,-0.105024,0.000000,0.000000,0.000000,1.000000,1.000000
1782455194.395532,120,0.000735,inf,STAND_TEST,0.000000,-0.004327,-0.049695,-0.105023,0.000000,0.000000,0.000000,1.000000,1.000000
1782455194.415444,121,0.000489,inf,STAND_TEST,0.000000,-0.004355,-0.049684,-0.104999,0.000000,0.000000,0.000000,1.000000,1.000000
1782455194.435578,122,0.000509,inf,STAND_TEST,0.000000,-0.004341,-0.049665,-0.104968,0.000000,0.000000,0.000000,1.000000,1.000000
1782455194.455594,123,0.000471,inf,STAND_TEST,0.000000,-0.004336,-0.049662,-0.104936,0.000000,0.000000,0.000000,1.000000,1.000000
1782455194.475639,124,0.000462,inf,STAND_TEST,0.000000,-0.004331,-0.049675,-0.104951,0.000000,0.000000,0.000000,1.000000,1.000000
1782455194.495757,125,0.000523,inf,STAND_TEST,0.000000,-0.004320,-0.049635,-0.104973,0.000000,0.000000,0.000000,1.000000,1.000000
1782455194.515743,126,0.000453,inf,STAND_TEST,0.000000,-0.004314,-0.049621,-0.104936,0.000000,0.000000,0.000000,1.000000,1.000000
1782455194.536149,127,0.000803,inf,STAND_TEST,0.000000,-0.004313,-0.049573,-0.104895,0.000000,0.000000,0.000000,1.000000,1.000000
1782455194.556419,128,0.001015,inf,STAND_TEST,0.000000,-0.004300,-0.049553,-0.104856,0.000000,0.000000,0.000000,1.000000,1.000000
1782455194.576483,129,0.000988,inf,STAND_TEST,0.000000,-0.004286,-0.049586,-0.104832,0.000000,0.000000,0.000000,1.000000,1.000000
1782455194.596306,130,0.000714,inf,STAND_TEST,0.000000,-0.004260,-0.049586,-0.104835,0.000000,0.000000,0.000000,1.000000,1.000000
1782455194.616485,131,0.000732,inf,STAND_TEST,0.000000,-0.004278,-0.049556,-0.104822,0.000000,0.000000,0.000000,1.000000,1.000000
1782455194.636758,132,0.000947,inf,STAND_TEST,0.000000,-0.004290,-0.049556,-0.104799,0.000000,0.000000,0.000000,1.000000,1.000000
1782455194.656816,133,0.000947,inf,STAND_TEST,0.000000,-0.004318,-0.049595,-0.104781,0.000000,0.000000,0.000000,1.000000,1.000000
1782455194.676930,134,0.000951,inf,STAND_TEST,0.000000,-0.004345,-0.049615,-0.104793,0.000000,0.000000,0.000000,1.000000,1.000000
1782455194.697016,135,0.000948,inf,STAND_TEST,0.000000,-0.004345,-0.049665,-0.104783,0.000000,0.000000,0.000000,1.000000,1.000000
1782455194.717030,136,0.000742,inf,STAND_TEST,0.000000,-0.004331,-0.049681,-0.104771,0.000000,0.000000,0.000000,1.000000,1.000000
1782455194.737123,137,0.000775,inf,STAND_TEST,0.000000,-0.004337,-0.049671,-0.104757,0.000000,0.000000,0.000000,1.000000,1.000000
1782455194.757117,138,0.000711,inf,STAND_TEST,0.000000,-0.004353,-0.049704,-0.104756,0.000000,0.000000,0.000000,1.000000,1.000000
1782455194.776914,139,0.000452,inf,STAND_TEST,0.000000,-0.004349,-0.049716,-0.104740,0.000000,0.000000,0.000000,1.000000,1.000000
1782455194.797201,140,0.000683,inf,STAND_TEST,0.000000,-0.004367,-0.049667,-0.104725,0.000000,0.000000,0.000000,1.000000,1.000000
1782455194.817046,141,0.000472,inf,STAND_TEST,0.000000,-0.004359,-0.049674,-0.104727,0.000000,0.000000,0.000000,1.000000,1.000000
1782455194.837420,142,0.000791,inf,STAND_TEST,0.000000,-0.004383,-0.049699,-0.104742,0.000000,0.000000,0.000000,1.000000,1.000000
1782455194.857609,143,0.000761,inf,STAND_TEST,0.000000,-0.004376,-0.049700,-0.104733,0.000000,0.000000,0.000000,1.000000,1.000000
1782455194.877664,144,0.000756,inf,STAND_TEST,0.000000,-0.004369,-0.049668,-0.104792,0.000000,0.000000,0.000000,1.000000,1.000000
1782455194.897901,145,0.000934,inf,STAND_TEST,0.000000,-0.004360,-0.049637,-0.104824,0.000000,0.000000,0.000000,1.000000,1.000000
1782455194.917959,146,0.000934,inf,STAND_TEST,0.000000,-0.004373,-0.049661,-0.104816,0.000000,0.000000,0.000000,1.000000,1.000000
1782455194.938000,147,0.000916,inf,STAND_TEST,0.000000,-0.004392,-0.049641,-0.104796,0.000000,0.000000,0.000000,1.000000,1.000000
1782455194.957976,148,0.000797,inf,STAND_TEST,0.000000,-0.004395,-0.049642,-0.104765,0.000000,0.000000,0.000000,1.000000,1.000000
1782455194.977845,149,0.000525,inf,STAND_TEST,0.000000,-0.004408,-0.049671,-0.104788,0.000000,0.000000,0.000000,1.000000,1.000000
1782455194.998043,150,0.000489,inf,STAND_TEST,0.000000,-0.004418,-0.049650,-0.104785,0.000000,0.000000,0.000000,1.000000,1.000000
1782455195.018039,151,0.000429,inf,STAND_TEST,0.000000,-0.004421,-0.049645,-0.104793,0.000000,0.000000,0.000000,1.000000,1.000000
1782455195.038161,152,0.000496,inf,STAND_TEST,0.000000,-0.004421,-0.049620,-0.104785,0.000000,0.000000,0.000000,1.000000,1.000000
1782455195.058469,153,0.000748,inf,STAND_TEST,0.000000,-0.004407,-0.049582,-0.104792,0.000000,0.000000,0.000000,1.000000,1.000000
1782455195.078655,154,0.000877,inf,STAND_TEST,0.000000,-0.004402,-0.049632,-0.104755,0.000000,0.000000,0.000000,1.000000,1.000000
1782455195.098609,155,0.000776,inf,STAND_TEST,0.000000,-0.004395,-0.049621,-0.104735,0.000000,0.000000,0.000000,1.000000,1.000000
1782455195.118615,156,0.000516,inf,STAND_TEST,0.000000,-0.004391,-0.049614,-0.104730,0.000000,0.000000,0.000000,1.000000,1.000000
1782455195.138623,157,0.000468,inf,STAND_TEST,0.000000,-0.004424,-0.049614,-0.104720,0.000000,0.000000,0.000000,1.000000,1.000000
1782455195.158749,158,0.000537,inf,STAND_TEST,0.000000,-0.004432,-0.049601,-0.104696,0.000000,0.000000,0.000000,1.000000,1.000000
1782455195.178794,159,0.000526,inf,STAND_TEST,0.000000,-0.004427,-0.049599,-0.104692,0.000000,0.000000,0.000000,1.000000,1.000000
1782455195.199129,160,0.000803,inf,STAND_TEST,0.000000,-0.004431,-0.049617,-0.104671,0.000000,0.000000,0.000000,1.000000,1.000000
1782455195.219231,161,0.000847,inf,STAND_TEST,0.000000,-0.004431,-0.049652,-0.104708,0.000000,0.000000,0.000000,1.000000,1.000000
1782455195.239498,162,0.001055,inf,STAND_TEST,0.000000,-0.004427,-0.049614,-0.104711,0.000000,0.000000,0.000000,1.000000,1.000000
1782455195.259455,163,0.000953,inf,STAND_TEST,0.000000,-0.004443,-0.049636,-0.104724,0.000000,0.000000,0.000000,1.000000,1.000000
1782455195.279445,164,0.000573,inf,STAND_TEST,0.000000,-0.004432,-0.049618,-0.104732,0.000000,0.000000,0.000000,1.000000,1.000000
1782455195.299758,165,0.000828,inf,STAND_TEST,0.000000,-0.004430,-0.049637,-0.104746,0.000000,0.000000,0.000000,1.000000,1.000000
1782455195.319796,166,0.000809,inf,STAND_TEST,0.000000,-0.004440,-0.049646,-0.104799,0.000000,0.000000,0.000000,1.000000,1.000000
1782455195.339872,167,0.000825,inf,STAND_TEST,0.000000,-0.004438,-0.049645,-0.104770,0.000000,0.000000,0.000000,1.000000,1.000000
1782455195.360027,168,0.000922,inf,STAND_TEST,0.000000,-0.004413,-0.049616,-0.104768,0.000000,0.000000,0.000000,1.000000,1.000000
1782455195.379952,169,0.000600,inf,STAND_TEST,0.000000,-0.004427,-0.049643,-0.104802,0.000000,0.000000,0.000000,1.000000,1.000000
1782455195.399991,170,0.000582,inf,STAND_TEST,0.000000,-0.004441,-0.049627,-0.104807,0.000000,0.000000,0.000000,1.000000,1.000000
1782455195.420401,171,0.000935,inf,STAND_TEST,0.000000,-0.004460,-0.049699,-0.104843,0.000000,0.000000,0.000000,1.000000,1.000000
1782455195.440768,172,0.001241,inf,STAND_TEST,0.000000,-0.004467,-0.049667,-0.104849,0.000000,0.000000,0.000000,1.000000,1.000000
1782455195.460522,173,0.000937,inf,STAND_TEST,0.000000,-0.004479,-0.049686,-0.104845,0.000000,0.000000,0.000000,1.000000,1.000000
1782455195.480670,174,0.001026,inf,STAND_TEST,0.000000,-0.004485,-0.049706,-0.104859,0.000000,0.000000,0.000000,1.000000,1.000000
1782455195.500674,175,0.000972,inf,STAND_TEST,0.000000,-0.004492,-0.049747,-0.104837,0.000000,0.000000,0.000000,1.000000,1.000000
1782455195.520732,176,0.000971,inf,STAND_TEST,0.000000,-0.004503,-0.049722,-0.104862,0.000000,0.000000,0.000000,1.000000,1.000000
1782455195.540894,177,0.000869,inf,STAND_TEST,0.000000,-0.004509,-0.049710,-0.104870,0.000000,0.000000,0.000000,1.000000,1.000000
1782455195.560832,178,0.000749,inf,STAND_TEST,0.000000,-0.004533,-0.049709,-0.104861,0.000000,0.000000,0.000000,1.000000,1.000000
1782455195.581121,179,0.000952,inf,STAND_TEST,0.000000,-0.004550,-0.049734,-0.104873,0.000000,0.000000,0.000000,1.000000,1.000000
1782455195.601170,180,0.000942,inf,STAND_TEST,0.000000,-0.004541,-0.049759,-0.104875,0.000000,0.000000,0.000000,1.000000,1.000000
1782455195.621364,181,0.001042,inf,STAND_TEST,0.000000,-0.004555,-0.049776,-0.104912,0.000000,0.000000,0.000000,1.000000,1.000000
1782455195.640992,182,0.000499,inf,STAND_TEST,0.000000,-0.004554,-0.049768,-0.104895,0.000000,0.000000,0.000000,1.000000,1.000000
1782455195.661143,183,0.000520,inf,STAND_TEST,0.000000,-0.004569,-0.049763,-0.104902,0.000000,0.000000,0.000000,1.000000,1.000000
1782455195.681292,184,0.000564,inf,STAND_TEST,0.000000,-0.004576,-0.049773,-0.104869,0.000000,0.000000,0.000000,1.000000,1.000000
1782455195.701284,185,0.000500,inf,STAND_TEST,0.000000,-0.004594,-0.049768,-0.104842,0.000000,0.000000,0.000000,1.000000,1.000000
1782455195.721352,186,0.000513,inf,STAND_TEST,0.000000,-0.004587,-0.049801,-0.104786,0.000000,0.000000,0.000000,1.000000,1.000000
1782455195.741592,187,0.000698,inf,STAND_TEST,0.000000,-0.004619,-0.049796,-0.104792,0.000000,0.000000,0.000000,1.000000,1.000000
1782455195.761647,188,0.000531,inf,STAND_TEST,0.000000,-0.004608,-0.049798,-0.104825,0.000000,0.000000,0.000000,1.000000,1.000000
1782455195.781700,189,0.000528,inf,STAND_TEST,0.000000,-0.004604,-0.049819,-0.104752,0.000000,0.000000,0.000000,1.000000,1.000000
1782455195.801718,190,0.000459,inf,STAND_TEST,0.000000,-0.004608,-0.049838,-0.104716,0.000000,0.000000,0.000000,1.000000,1.000000
1782455195.822133,191,0.000504,inf,STAND_TEST,0.000000,-0.004628,-0.049799,-0.104736,0.000000,0.000000,0.000000,1.000000,1.000000
1782455195.842381,192,0.000698,inf,STAND_TEST,0.000000,-0.004599,-0.049820,-0.104735,0.000000,0.000000,0.000000,1.000000,1.000000
1782455195.862627,193,0.000889,inf,STAND_TEST,0.000000,-0.004613,-0.049853,-0.104733,0.000000,0.000000,0.000000,1.000000,1.000000
1782455195.882720,194,0.000925,inf,STAND_TEST,0.000000,-0.004588,-0.049852,-0.104708,0.000000,0.000000,0.000000,1.000000,1.000000
1782455195.902370,195,0.000519,inf,STAND_TEST,0.000000,-0.004586,-0.049814,-0.104730,0.000000,0.000000,0.000000,1.000000,1.000000
1782455195.922421,196,0.000509,inf,STAND_TEST,0.000000,-0.004594,-0.049820,-0.104698,0.000000,0.000000,0.000000,1.000000,1.000000
1782455195.942501,197,0.000533,inf,STAND_TEST,0.000000,-0.004593,-0.049875,-0.104707,0.000000,0.000000,0.000000,1.000000,1.000000
1782455195.962556,198,0.000531,inf,STAND_TEST,0.000000,-0.004599,-0.049865,-0.104741,0.000000,0.000000,0.000000,1.000000,1.000000
1782455195.982557,199,0.000477,inf,STAND_TEST,0.000000,-0.004597,-0.049890,-0.104771,0.000000,0.000000,0.000000,1.000000,1.000000
1782455196.002925,200,0.000787,inf,STAND_TEST,0.000000,-0.004614,-0.049856,-0.104751,0.000000,0.000000,0.000000,1.000000,1.000000
1782455196.023105,201,0.000664,inf,STAND_TEST,0.000000,-0.004622,-0.049827,-0.104800,0.000000,0.000000,0.000000,1.000000,1.000000
1782455196.043040,202,0.000512,inf,STAND_TEST,0.000000,-0.004618,-0.049796,-0.104804,0.000000,0.000000,0.000000,1.000000,1.000000
1782455196.063079,203,0.000494,inf,STAND_TEST,0.000000,-0.004617,-0.049805,-0.104800,0.000000,0.000000,0.000000,1.000000,1.000000
1782455196.083100,204,0.000458,inf,STAND_TEST,0.000000,-0.004601,-0.049783,-0.104802,0.000000,0.000000,0.000000,1.000000,1.000000
1782455196.103494,205,0.000799,inf,STAND_TEST,0.000000,-0.004600,-0.049779,-0.104816,0.000000,0.000000,0.000000,1.000000,1.000000
1782455196.123484,206,0.000730,inf,STAND_TEST,0.000000,-0.004605,-0.049800,-0.104811,0.000000,0.000000,0.000000,1.000000,1.000000
1782455196.143594,207,0.000716,inf,STAND_TEST,0.000000,-0.004624,-0.049824,-0.104776,0.000000,0.000000,0.000000,1.000000,1.000000
1782455196.163852,208,0.000866,inf,STAND_TEST,0.000000,-0.004639,-0.049828,-0.104740,0.000000,0.000000,0.000000,1.000000,1.000000
1782455196.183562,209,0.000476,inf,STAND_TEST,0.000000,-0.004596,-0.049827,-0.104720,0.000000,0.000000,0.000000,1.000000,1.000000
1782455196.203581,210,0.000440,inf,STAND_TEST,0.000000,-0.004581,-0.049821,-0.104756,0.000000,0.000000,0.000000,1.000000,1.000000
1782455196.223701,211,0.000505,inf,STAND_TEST,0.000000,-0.004573,-0.049787,-0.104786,0.000000,0.000000,0.000000,1.000000,1.000000
1782455196.243742,212,0.000491,inf,STAND_TEST,0.000000,-0.004575,-0.049768,-0.104804,0.000000,0.000000,0.000000,1.000000,1.000000
1782455196.263752,213,0.000447,inf,STAND_TEST,0.000000,-0.004571,-0.049755,-0.104815,0.000000,0.000000,0.000000,1.000000,1.000000
1782455196.284156,214,0.000796,inf,STAND_TEST,0.000000,-0.004573,-0.049779,-0.104800,0.000000,0.000000,0.000000,1.000000,1.000000
1782455196.304074,215,0.000661,inf,STAND_TEST,0.000000,-0.004585,-0.049823,-0.104801,0.000000,0.000000,0.000000,1.000000,1.000000
1782455196.324114,216,0.000645,inf,STAND_TEST,0.000000,-0.004578,-0.049814,-0.104809,0.000000,0.000000,0.000000,1.000000,1.000000
1782455196.344158,217,0.000494,inf,STAND_TEST,0.000000,-0.004550,-0.049779,-0.104797,0.000000,0.000000,0.000000,1.000000,1.000000
1782455196.364194,218,0.000476,inf,STAND_TEST,0.000000,-0.004552,-0.049802,-0.104807,0.000000,0.000000,0.000000,1.000000,1.000000
1782455196.384300,219,0.000527,inf,STAND_TEST,0.000000,-0.004569,-0.049791,-0.104802,0.000000,0.000000,0.000000,1.000000,1.000000
1782455196.404307,220,0.000477,inf,STAND_TEST,0.000000,-0.004569,-0.049750,-0.104820,0.000000,0.000000,0.000000,1.000000,1.000000
1782455196.424466,221,0.000577,inf,STAND_TEST,0.000000,-0.004597,-0.049739,-0.104812,0.000000,0.000000,0.000000,1.000000,1.000000
1782455196.444693,222,0.000746,inf,STAND_TEST,0.000000,-0.004602,-0.049728,-0.104844,0.000000,0.000000,0.000000,1.000000,1.000000
1782455196.464764,223,0.000761,inf,STAND_TEST,0.000000,-0.004597,-0.049729,-0.104876,0.000000,0.000000,0.000000,1.000000,1.000000
1782455196.484663,224,0.000509,inf,STAND_TEST,0.000000,-0.004634,-0.049737,-0.104885,0.000000,0.000000,0.000000,1.000000,1.000000
1782455196.504735,225,0.000442,inf,STAND_TEST,0.000000,-0.004621,-0.049733,-0.104942,0.000000,0.000000,0.000000,1.000000,1.000000
1782455196.524784,226,0.000437,inf,STAND_TEST,0.000000,-0.004605,-0.049759,-0.104914,0.000000,0.000000,0.000000,1.000000,1.000000
1782455196.544919,227,0.000518,inf,STAND_TEST,0.000000,-0.004597,-0.049746,-0.104920,0.000000,0.000000,0.000000,1.000000,1.000000
1782455196.564903,228,0.000447,inf,STAND_TEST,0.000000,-0.004606,-0.049774,-0.104894,0.000000,0.000000,0.000000,1.000000,1.000000
1782455196.584955,229,0.000446,inf,STAND_TEST,0.000000,-0.004615,-0.049793,-0.104901,0.000000,0.000000,0.000000,1.000000,1.000000
1782455196.605212,230,0.000649,inf,STAND_TEST,0.000000,-0.004601,-0.049772,-0.104916,0.000000,0.000000,0.000000,1.000000,1.000000
1782455196.625298,231,0.000681,inf,STAND_TEST,0.000000,-0.004583,-0.049765,-0.104918,0.000000,0.000000,0.000000,1.000000,1.000000
1782455196.645246,232,0.000464,inf,STAND_TEST,0.000000,-0.004589,-0.049756,-0.104908,0.000000,0.000000,0.000000,1.000000,1.000000
1782455196.665265,233,0.000428,inf,STAND_TEST,0.000000,-0.004585,-0.049718,-0.104891,0.000000,0.000000,0.000000,1.000000,1.000000
1782455196.685324,234,0.000434,inf,STAND_TEST,0.000000,-0.004578,-0.049700,-0.104828,0.000000,0.000000,0.000000,1.000000,1.000000
1782455196.705352,235,0.000408,inf,STAND_TEST,0.000000,-0.004559,-0.049717,-0.104827,0.000000,0.000000,0.000000,1.000000,1.000000
1782455196.725683,236,0.000686,inf,STAND_TEST,0.000000,-0.004558,-0.049731,-0.104836,0.000000,0.000000,0.000000,1.000000,1.000000
1782455196.745748,237,0.000697,inf,STAND_TEST,0.000000,-0.004536,-0.049720,-0.104814,0.000000,0.000000,0.000000,1.000000,1.000000
1782455196.765753,238,0.000647,inf,STAND_TEST,0.000000,-0.004537,-0.049740,-0.104836,0.000000,0.000000,0.000000,1.000000,1.000000
1782455196.785814,239,0.000654,inf,STAND_TEST,0.000000,-0.004558,-0.049719,-0.104832,0.000000,0.000000,0.000000,1.000000,1.000000
1782455196.805840,240,0.000627,inf,STAND_TEST,0.000000,-0.004571,-0.049731,-0.104797,0.000000,0.000000,0.000000,1.000000,1.000000
1782455196.825827,241,0.000465,inf,STAND_TEST,0.000000,-0.004553,-0.049769,-0.104766,0.000000,0.000000,0.000000,1.000000,1.000000
1782455196.845973,242,0.000554,inf,STAND_TEST,0.000000,-0.004528,-0.049741,-0.104797,0.000000,0.000000,0.000000,1.000000,1.000000
1782455196.865905,243,0.000451,inf,STAND_TEST,0.000000,-0.004555,-0.049699,-0.104821,0.000000,0.000000,0.000000,1.000000,1.000000
1782455196.885946,244,0.000437,inf,STAND_TEST,0.000000,-0.004550,-0.049687,-0.104822,0.000000,0.000000,0.000000,1.000000,1.000000
1782455196.906229,245,0.000666,inf,STAND_TEST,0.000000,-0.004552,-0.049679,-0.104844,0.000000,0.000000,0.000000,1.000000,1.000000
1782455196.926230,246,0.000613,inf,STAND_TEST,0.000000,-0.004527,-0.049659,-0.104814,0.000000,0.000000,0.000000,1.000000,1.000000
1782455196.946335,247,0.000664,inf,STAND_TEST,0.000000,-0.004527,-0.049641,-0.104879,0.000000,0.000000,0.000000,1.000000,1.000000
1782455196.966336,248,0.000613,inf,STAND_TEST,0.000000,-0.004507,-0.049638,-0.104877,0.000000,0.000000,0.000000,1.000000,1.000000
1782455196.986430,249,0.000652,inf,STAND_TEST,0.000000,-0.004500,-0.049677,-0.104908,0.000000,0.000000,0.000000,1.000000,1.000000
1782455197.006238,250,0.000406,inf,STAND_TEST,0.000000,-0.004519,-0.049724,-0.104880,0.000000,0.000000,0.000000,1.000000,1.000000
1782455197.026592,251,0.000584,inf,STAND_TEST,0.000000,-0.004548,-0.049724,-0.104880,0.000000,0.000000,0.000000,1.000000,1.000000
1782455197.046917,252,0.000848,inf,STAND_TEST,0.000000,-0.004547,-0.049747,-0.104853,0.000000,0.000000,0.000000,1.000000,1.000000
1782455197.067149,253,0.001020,inf,STAND_TEST,0.000000,-0.004553,-0.049767,-0.104863,0.000000,0.000000,0.000000,1.000000,1.000000
1782455197.087008,254,0.000820,inf,STAND_TEST,0.000000,-0.004557,-0.049798,-0.104842,0.000000,0.000000,0.000000,1.000000,1.000000
1782455197.106977,255,0.000733,inf,STAND_TEST,0.000000,-0.004578,-0.049808,-0.104801,0.000000,0.000000,0.000000,1.000000,1.000000
1782455197.127056,256,0.000757,inf,STAND_TEST,0.000000,-0.004578,-0.049860,-0.104809,0.000000,0.000000,0.000000,1.000000,1.000000
1782455197.146950,257,0.000500,inf,STAND_TEST,0.000000,-0.004560,-0.049847,-0.104848,0.000000,0.000000,0.000000,1.000000,1.000000
1782455197.167068,258,0.000563,inf,STAND_TEST,0.000000,-0.004572,-0.049895,-0.104822,0.000000,0.000000,0.000000,1.000000,1.000000
1782455197.187047,259,0.000485,inf,STAND_TEST,0.000000,-0.004588,-0.049894,-0.104850,0.000000,0.000000,0.000000,1.000000,1.000000
1782455197.207072,260,0.000455,inf,STAND_TEST,0.000000,-0.004574,-0.049915,-0.104807,0.000000,0.000000,0.000000,1.000000,1.000000
1782455197.227350,261,0.000676,inf,STAND_TEST,0.000000,-0.004608,-0.049887,-0.104807,0.000000,0.000000,0.000000,1.000000,1.000000
1782455197.247651,262,0.000919,inf,STAND_TEST,0.000000,-0.004567,-0.049862,-0.104827,0.000000,0.000000,0.000000,1.000000,1.000000
1782455197.267543,263,0.000753,inf,STAND_TEST,0.000000,-0.004582,-0.049828,-0.104869,0.000000,0.000000,0.000000,1.000000,1.000000
1782455197.287540,264,0.000692,inf,STAND_TEST,0.000000,-0.004622,-0.049811,-0.104869,0.000000,0.000000,0.000000,1.000000,1.000000
1782455197.307526,265,0.000455,inf,STAND_TEST,0.000000,-0.004611,-0.049799,-0.104879,0.000000,0.000000,0.000000,1.000000,1.000000
1782455197.327735,266,0.000606,inf,STAND_TEST,0.000000,-0.004603,-0.049844,-0.104849,0.000000,0.000000,0.000000,1.000000,1.000000
1782455197.347742,267,0.000555,inf,STAND_TEST,0.000000,-0.004584,-0.049832,-0.104846,0.000000,0.000000,0.000000,1.000000,1.000000
1782455197.367747,268,0.000502,inf,STAND_TEST,0.000000,-0.004573,-0.049818,-0.104810,0.000000,0.000000,0.000000,1.000000,1.000000
1782455197.388018,269,0.000719,inf,STAND_TEST,0.000000,-0.004563,-0.049795,-0.104796,0.000000,0.000000,0.000000,1.000000,1.000000
1782455197.408142,270,0.000785,inf,STAND_TEST,0.000000,-0.004561,-0.049820,-0.104798,0.000000,0.000000,0.000000,1.000000,1.000000
1782455197.428153,271,0.000738,inf,STAND_TEST,0.000000,-0.004566,-0.049824,-0.104803,0.000000,0.000000,0.000000,1.000000,1.000000
1782455197.448287,272,0.000566,inf,STAND_TEST,0.000000,-0.004566,-0.049799,-0.104831,0.000000,0.000000,0.000000,1.000000,1.000000
1782455197.468284,273,0.000508,inf,STAND_TEST,0.000000,-0.004569,-0.049813,-0.104799,0.000000,0.000000,0.000000,1.000000,1.000000
1782455197.488582,274,0.000751,inf,STAND_TEST,0.000000,-0.004537,-0.049796,-0.104788,0.000000,0.000000,0.000000,1.000000,1.000000
1782455197.508597,275,0.000707,inf,STAND_TEST,0.000000,-0.004547,-0.049785,-0.104764,0.000000,0.000000,0.000000,1.000000,1.000000
1782455197.528645,276,0.000698,inf,STAND_TEST,0.000000,-0.004539,-0.049783,-0.104788,0.000000,0.000000,0.000000,1.000000,1.000000
1782455197.548818,277,0.000816,inf,STAND_TEST,0.000000,-0.004548,-0.049796,-0.104751,0.000000,0.000000,0.000000,1.000000,1.000000
1782455197.568722,278,0.000663,inf,STAND_TEST,0.000000,-0.004524,-0.049815,-0.104724,0.000000,0.000000,0.000000,1.000000,1.000000
1782455197.588748,279,0.000494,inf,STAND_TEST,0.000000,-0.004551,-0.049787,-0.104746,0.000000,0.000000,0.000000,1.000000,1.000000
1782455197.608762,280,0.000453,inf,STAND_TEST,0.000000,-0.004559,-0.049787,-0.104742,0.000000,0.000000,0.000000,1.000000,1.000000
1782455197.628812,281,0.000447,inf,STAND_TEST,0.000000,-0.004541,-0.049751,-0.104699,0.000000,0.000000,0.000000,1.000000,1.000000
1782455197.648902,282,0.000480,inf,STAND_TEST,0.000000,-0.004534,-0.049766,-0.104744,0.000000,0.000000,0.000000,1.000000,1.000000
1782455197.669255,283,0.000707,inf,STAND_TEST,0.000000,-0.004534,-0.049731,-0.104768,0.000000,0.000000,0.000000,1.000000,1.000000
1782455197.689419,284,0.000765,inf,STAND_TEST,0.000000,-0.004563,-0.049769,-0.104781,0.000000,0.000000,0.000000,1.000000,1.000000
1782455197.709436,285,0.000519,inf,STAND_TEST,0.000000,-0.004592,-0.049786,-0.104789,0.000000,0.000000,0.000000,1.000000,1.000000
1782455197.729523,286,0.000513,inf,STAND_TEST,0.000000,-0.004579,-0.049789,-0.104822,0.000000,0.000000,0.000000,1.000000,1.000000
1782455197.749957,287,0.000846,inf,STAND_TEST,0.000000,-0.004600,-0.049818,-0.104837,0.000000,0.000000,0.000000,1.000000,1.000000
1782455197.769996,288,0.000775,inf,STAND_TEST,0.000000,-0.004591,-0.049818,-0.104854,0.000000,0.000000,0.000000,1.000000,1.000000
1782455197.790063,289,0.000780,inf,STAND_TEST,0.000000,-0.004593,-0.049829,-0.104877,0.000000,0.000000,0.000000,1.000000,1.000000
1782455197.810255,290,0.000915,inf,STAND_TEST,0.000000,-0.004600,-0.049839,-0.104838,0.000000,0.000000,0.000000,1.000000,1.000000
1782455197.830296,291,0.000899,inf,STAND_TEST,0.000000,-0.004588,-0.049822,-0.104843,0.000000,0.000000,0.000000,1.000000,1.000000
1782455197.850147,292,0.000562,inf,STAND_TEST,0.000000,-0.004578,-0.049867,-0.104855,0.000000,0.000000,0.000000,1.000000,1.000000
1782455197.870142,293,0.000500,inf,STAND_TEST,0.000000,-0.004555,-0.049865,-0.104850,0.000000,0.000000,0.000000,1.000000,1.000000
1782455197.890215,294,0.000516,inf,STAND_TEST,0.000000,-0.004560,-0.049853,-0.104865,0.000000,0.000000,0.000000,1.000000,1.000000
1782455197.910299,295,0.000543,inf,STAND_TEST,0.000000,-0.004567,-0.049799,-0.104894,0.000000,0.000000,0.000000,1.000000,1.000000
1782455197.930564,296,0.000753,inf,STAND_TEST,0.000000,-0.004553,-0.049816,-0.104867,0.000000,0.000000,0.000000,1.000000,1.000000
1782455197.950770,297,0.000904,inf,STAND_TEST,0.000000,-0.004543,-0.049807,-0.104859,0.000000,0.000000,0.000000,1.000000,1.000000
1782455197.970751,298,0.000494,inf,STAND_TEST,0.000000,-0.004569,-0.049847,-0.104840,0.000000,0.000000,0.000000,1.000000,1.000000
1782455197.990859,299,0.000543,inf,STAND_TEST,0.000000,-0.004582,-0.049866,-0.104846,0.000000,0.000000,0.000000,1.000000,1.000000
1782455198.010864,300,0.000491,inf,STAND_TEST,0.000000,-0.004595,-0.049850,-0.104883,0.000000,0.000000,0.000000,1.000000,1.000000
1782455198.030938,301,0.000506,inf,STAND_TEST,0.000000,-0.004604,-0.049869,-0.104866,0.000000,0.000000,0.000000,1.000000,1.000000
1782455198.051194,302,0.000706,inf,STAND_TEST,0.000000,-0.004625,-0.049865,-0.104897,0.000000,0.000000,0.000000,1.000000,1.000000
1782455198.071383,303,0.000839,inf,STAND_TEST,0.000000,-0.004622,-0.049851,-0.104918,0.000000,0.000000,0.000000,1.000000,1.000000
1782455198.091445,304,0.000843,inf,STAND_TEST,0.000000,-0.004627,-0.049831,-0.104938,0.000000,0.000000,0.000000,1.000000,1.000000
1782455198.111236,305,0.000522,inf,STAND_TEST,0.000000,-0.004633,-0.049858,-0.104922,0.000000,0.000000,0.000000,1.000000,1.000000
1782455198.131332,306,0.000542,inf,STAND_TEST,0.000000,-0.004626,-0.049882,-0.104898,0.000000,0.000000,0.000000,1.000000,1.000000
1782455198.151295,307,0.000449,inf,STAND_TEST,0.000000,-0.004612,-0.049923,-0.104896,0.000000,0.000000,0.000000,1.000000,1.000000
1782455198.171423,308,0.000521,inf,STAND_TEST,0.000000,-0.004576,-0.049950,-0.104871,0.000000,0.000000,0.000000,1.000000,1.000000
1782455198.191734,309,0.000774,inf,STAND_TEST,0.000000,-0.004578,-0.049956,-0.104857,0.000000,0.000000,0.000000,1.000000,1.000000
1782455198.211472,310,0.000456,inf,STAND_TEST,0.000000,-0.004565,-0.050016,-0.104857,0.000000,0.000000,0.000000,1.000000,1.000000
1782455198.231719,311,0.000648,inf,STAND_TEST,0.000000,-0.004563,-0.050019,-0.104898,0.000000,0.000000,0.000000,1.000000,1.000000
1782455198.251820,312,0.000693,inf,STAND_TEST,0.000000,-0.004546,-0.050018,-0.104909,0.000000,0.000000,0.000000,1.000000,1.000000
1782455198.271905,313,0.000522,inf,STAND_TEST,0.000000,-0.004552,-0.050009,-0.104920,0.000000,0.000000,0.000000,1.000000,1.000000
1782455198.291912,314,0.000472,inf,STAND_TEST,0.000000,-0.004567,-0.049974,-0.104935,0.000000,0.000000,0.000000,1.000000,1.000000
1782455198.311985,315,0.000490,inf,STAND_TEST,0.000000,-0.004559,-0.049937,-0.104994,0.000000,0.000000,0.000000,1.000000,1.000000
1782455198.332210,316,0.000660,inf,STAND_TEST,0.000000,-0.004549,-0.049910,-0.105016,0.000000,0.000000,0.000000,1.000000,1.000000
1782455198.352291,317,0.000684,inf,STAND_TEST,0.000000,-0.004553,-0.049945,-0.105011,0.000000,0.000000,0.000000,1.000000,1.000000
1782455198.372470,318,0.000805,inf,STAND_TEST,0.000000,-0.004547,-0.049912,-0.104999,0.000000,0.000000,0.000000,1.000000,1.000000
1782455198.392403,319,0.000683,inf,STAND_TEST,0.000000,-0.004527,-0.049897,-0.105047,0.000000,0.000000,0.000000,1.000000,1.000000
1782455198.412551,320,0.000524,inf,STAND_TEST,0.000000,-0.004557,-0.049902,-0.105083,0.000000,0.000000,0.000000,1.000000,1.000000
1782455198.432568,321,0.000485,inf,STAND_TEST,0.000000,-0.004547,-0.049902,-0.105124,0.000000,0.000000,0.000000,1.000000,1.000000
1782455198.452606,322,0.000466,inf,STAND_TEST,0.000000,-0.004563,-0.049864,-0.105122,0.000000,0.000000,0.000000,1.000000,1.000000
1782455198.472678,323,0.000482,inf,STAND_TEST,0.000000,-0.004579,-0.049861,-0.105127,0.000000,0.000000,0.000000,1.000000,1.000000
1782455198.492898,324,0.000646,inf,STAND_TEST,0.000000,-0.004554,-0.049880,-0.105108,0.000000,0.000000,0.000000,1.000000,1.000000
1782455198.512970,325,0.000664,inf,STAND_TEST,0.000000,-0.004565,-0.049905,-0.105109,0.000000,0.000000,0.000000,1.000000,1.000000
1782455198.533014,326,0.000652,inf,STAND_TEST,0.000000,-0.004567,-0.049876,-0.105125,0.000000,0.000000,0.000000,1.000000,1.000000
1782455198.553147,327,0.000600,inf,STAND_TEST,0.000000,-0.004560,-0.049874,-0.105103,0.000000,0.000000,0.000000,1.000000,1.000000
1782455198.573306,328,0.000591,inf,STAND_TEST,0.000000,-0.004556,-0.049864,-0.105095,0.000000,0.000000,0.000000,1.000000,1.000000
1782455198.593296,329,0.000525,inf,STAND_TEST,0.000000,-0.004570,-0.049846,-0.105079,0.000000,0.000000,0.000000,1.000000,1.000000
1782455198.613259,330,0.000433,inf,STAND_TEST,0.000000,-0.004563,-0.049902,-0.105058,0.000000,0.000000,0.000000,1.000000,1.000000
1782455198.633514,331,0.000635,inf,STAND_TEST,0.000000,-0.004554,-0.049927,-0.105071,0.000000,0.000000,0.000000,1.000000,1.000000
1782455198.653637,332,0.000701,inf,STAND_TEST,0.000000,-0.004579,-0.049940,-0.105030,0.000000,0.000000,0.000000,1.000000,1.000000
1782455198.673679,333,0.000518,inf,STAND_TEST,0.000000,-0.004569,-0.049937,-0.104992,0.000000,0.000000,0.000000,1.000000,1.000000
1782455198.693737,334,0.000522,inf,STAND_TEST,0.000000,-0.004565,-0.049930,-0.105001,0.000000,0.000000,0.000000,1.000000,1.000000
1782455198.713755,335,0.000484,inf,STAND_TEST,0.000000,-0.004575,-0.049897,-0.105011,0.000000,0.000000,0.000000,1.000000,1.000000
1782455198.733799,336,0.000473,inf,STAND_TEST,0.000000,-0.004586,-0.049890,-0.105024,0.000000,0.000000,0.000000,1.000000,1.000000
1782455198.754179,337,0.000796,inf,STAND_TEST,0.000000,-0.004589,-0.049922,-0.105042,0.000000,0.000000,0.000000,1.000000,1.000000
1782455198.774144,338,0.000707,inf,STAND_TEST,0.000000,-0.004578,-0.049954,-0.105054,0.000000,0.000000,0.000000,1.000000,1.000000
1782455198.794139,339,0.000683,inf,STAND_TEST,0.000000,-0.004554,-0.049985,-0.105026,0.000000,0.000000,0.000000,1.000000,1.000000
1782455198.814327,340,0.000814,inf,STAND_TEST,0.000000,-0.004554,-0.049986,-0.105024,0.000000,0.000000,0.000000,1.000000,1.000000
1782455198.834365,341,0.000506,inf,STAND_TEST,0.000000,-0.004560,-0.050001,-0.105078,0.000000,0.000000,0.000000,1.000000,1.000000
1782455198.854465,342,0.000550,inf,STAND_TEST,0.000000,-0.004551,-0.050041,-0.105104,0.000000,0.000000,0.000000,1.000000,1.000000
1782455198.875002,343,0.001027,inf,STAND_TEST,0.000000,-0.004544,-0.050036,-0.105089,0.000000,0.000000,0.000000,1.000000,1.000000
1782455198.895261,344,0.001189,inf,STAND_TEST,0.000000,-0.004534,-0.050032,-0.105065,0.000000,0.000000,0.000000,1.000000,1.000000
1782455198.915810,345,0.001635,inf,STAND_TEST,0.000000,-0.004549,-0.050057,-0.105040,0.000000,0.000000,0.000000,1.000000,1.000000
1782455198.934992,346,0.000706,inf,STAND_TEST,0.000000,-0.004545,-0.050069,-0.105035,0.000000,0.000000,0.000000,1.000000,1.000000
1782455198.955251,347,0.000712,inf,STAND_TEST,0.000000,-0.004515,-0.050040,-0.105034,0.000000,0.000000,0.000000,1.000000,1.000000
1782455198.975573,348,0.000926,inf,STAND_TEST,0.000000,-0.004535,-0.050079,-0.104992,0.000000,0.000000,0.000000,1.000000,1.000000
1782455198.995703,349,0.000961,inf,STAND_TEST,0.000000,-0.004547,-0.050101,-0.105011,0.000000,0.000000,0.000000,1.000000,1.000000
1782455199.015790,350,0.000950,inf,STAND_TEST,0.000000,-0.004531,-0.050080,-0.105013,0.000000,0.000000,0.000000,1.000000,1.000000
1782455199.035764,351,0.000714,inf,STAND_TEST,0.000000,-0.004506,-0.050080,-0.105030,0.000000,0.000000,0.000000,1.000000,1.000000
1782455199.055921,352,0.000691,inf,STAND_TEST,0.000000,-0.004517,-0.050051,-0.105063,0.000000,0.000000,0.000000,1.000000,1.000000
1782455199.076272,353,0.000938,inf,STAND_TEST,0.000000,-0.004502,-0.050011,-0.105065,0.000000,0.000000,0.000000,1.000000,1.000000
1782455199.096404,354,0.000963,inf,STAND_TEST,0.000000,-0.004507,-0.050018,-0.105060,0.000000,0.000000,0.000000,1.000000,1.000000
1782455199.116453,355,0.000917,inf,STAND_TEST,0.000000,-0.004527,-0.050011,-0.105054,0.000000,0.000000,0.000000,1.000000,1.000000
1782455199.136560,356,0.000931,inf,STAND_TEST,0.000000,-0.004520,-0.050054,-0.105032,0.000000,0.000000,0.000000,1.000000,1.000000
1782455199.156596,357,0.000713,inf,STAND_TEST,0.000000,-0.004533,-0.050030,-0.105032,0.000000,0.000000,0.000000,1.000000,1.000000
1782455199.176680,358,0.000689,inf,STAND_TEST,0.000000,-0.004540,-0.050053,-0.105032,0.000000,0.000000,0.000000,1.000000,1.000000
1782455199.197037,359,0.000948,inf,STAND_TEST,0.000000,-0.004539,-0.050046,-0.105006,0.000000,0.000000,0.000000,1.000000,1.000000
1782455199.216876,360,0.000730,inf,STAND_TEST,0.000000,-0.004520,-0.050001,-0.105014,0.000000,0.000000,0.000000,1.000000,1.000000
1782455199.237126,361,0.000920,inf,STAND_TEST,0.000000,-0.004527,-0.050025,-0.105064,0.000000,0.000000,0.000000,1.000000,1.000000
1782455199.257251,362,0.000984,inf,STAND_TEST,0.000000,-0.004553,-0.050065,-0.105065,0.000000,0.000000,0.000000,1.000000,1.000000
1782455199.277020,363,0.000695,inf,STAND_TEST,0.000000,-0.004541,-0.050088,-0.105090,0.000000,0.000000,0.000000,1.000000,1.000000
1782455199.297137,364,0.000711,inf,STAND_TEST,0.000000,-0.004549,-0.050131,-0.105070,0.000000,0.000000,0.000000,1.000000,1.000000
1782455199.317142,365,0.000662,inf,STAND_TEST,0.000000,-0.004555,-0.050114,-0.105081,0.000000,0.000000,0.000000,1.000000,1.000000
1782455199.337286,366,0.000747,inf,STAND_TEST,0.000000,-0.004562,-0.050130,-0.105087,0.000000,0.000000,0.000000,1.000000,1.000000
1782455199.357533,367,0.000936,inf,STAND_TEST,0.000000,-0.004568,-0.050148,-0.105111,0.000000,0.000000,0.000000,1.000000,1.000000
1782455199.377131,368,0.000478,inf,STAND_TEST,0.000000,-0.004554,-0.050168,-0.105106,0.000000,0.000000,0.000000,1.000000,1.000000
1782455199.397442,369,0.000732,inf,STAND_TEST,0.000000,-0.004573,-0.050163,-0.105125,0.000000,0.000000,0.000000,1.000000,1.000000
1782455199.417591,370,0.000822,inf,STAND_TEST,0.000000,-0.004596,-0.050160,-0.105131,0.000000,0.000000,0.000000,1.000000,1.000000
1782455199.437873,371,0.001045,inf,STAND_TEST,0.000000,-0.004595,-0.050192,-0.105109,0.000000,0.000000,0.000000,1.000000,1.000000
1782455199.457646,372,0.000661,inf,STAND_TEST,0.000000,-0.004608,-0.050207,-0.105080,0.000000,0.000000,0.000000,1.000000,1.000000
1782455199.477649,373,0.000606,inf,STAND_TEST,0.000000,-0.004591,-0.050193,-0.105039,0.000000,0.000000,0.000000,1.000000,1.000000
1782455199.497864,374,0.000765,inf,STAND_TEST,0.000000,-0.004599,-0.050237,-0.105044,0.000000,0.000000,0.000000,1.000000,1.000000
1782455199.517660,375,0.000506,inf,STAND_TEST,0.000000,-0.004579,-0.050185,-0.105033,0.000000,0.000000,0.000000,1.000000,1.000000
1782455199.538041,376,0.000831,inf,STAND_TEST,0.000000,-0.004591,-0.050233,-0.104967,0.000000,0.000000,0.000000,1.000000,1.000000
1782455199.558142,377,0.000876,inf,STAND_TEST,0.000000,-0.004594,-0.050239,-0.104928,0.000000,0.000000,0.000000,1.000000,1.000000
1782455199.578149,378,0.000828,inf,STAND_TEST,0.000000,-0.004594,-0.050231,-0.104896,0.000000,0.000000,0.000000,1.000000,1.000000
1782455199.598466,379,0.000872,inf,STAND_TEST,0.000000,-0.004599,-0.050233,-0.104888,0.000000,0.000000,0.000000,1.000000,1.000000
1782455199.618377,380,0.000725,inf,STAND_TEST,0.000000,-0.004582,-0.050207,-0.104897,0.000000,0.000000,0.000000,1.000000,1.000000
1782455199.638675,381,0.000965,inf,STAND_TEST,0.000000,-0.004581,-0.050205,-0.104876,0.000000,0.000000,0.000000,1.000000,1.000000
1782455199.658703,382,0.000935,inf,STAND_TEST,0.000000,-0.004560,-0.050183,-0.104904,0.000000,0.000000,0.000000,1.000000,1.000000
1782455199.678767,383,0.000943,inf,STAND_TEST,0.000000,-0.004541,-0.050206,-0.104906,0.000000,0.000000,0.000000,1.000000,1.000000
1782455199.698534,384,0.000653,inf,STAND_TEST,0.000000,-0.004537,-0.050202,-0.104926,0.000000,0.000000,0.000000,1.000000,1.000000
1782455199.718605,385,0.000669,inf,STAND_TEST,0.000000,-0.004522,-0.050212,-0.104921,0.000000,0.000000,0.000000,1.000000,1.000000
1782455199.738689,386,0.000451,inf,STAND_TEST,0.000000,-0.004563,-0.050217,-0.104929,0.000000,0.000000,0.000000,1.000000,1.000000
1782455199.758768,387,0.000473,inf,STAND_TEST,0.000000,-0.004574,-0.050197,-0.104913,0.000000,0.000000,0.000000,1.000000,1.000000
1782455199.778763,388,0.000414,inf,STAND_TEST,0.000000,-0.004589,-0.050212,-0.104879,0.000000,0.000000,0.000000,1.000000,1.000000
1782455199.798860,389,0.000456,inf,STAND_TEST,0.000000,-0.004583,-0.050161,-0.104879,0.000000,0.000000,0.000000,1.000000,1.000000
1782455199.818907,390,0.000447,inf,STAND_TEST,0.000000,-0.004579,-0.050179,-0.104868,0.000000,0.000000,0.000000,1.000000,1.000000
1782455199.839365,391,0.000849,inf,STAND_TEST,0.000000,-0.004593,-0.050198,-0.104840,0.000000,0.000000,0.000000,1.000000,1.000000
1782455199.859362,392,0.000791,inf,STAND_TEST,0.000000,-0.004594,-0.050220,-0.104839,0.000000,0.000000,0.000000,1.000000,1.000000
1782455199.879345,393,0.000498,inf,STAND_TEST,0.000000,-0.004614,-0.050219,-0.104830,0.000000,0.000000,0.000000,1.000000,1.000000
1782455199.899353,394,0.000452,inf,STAND_TEST,0.000000,-0.004631,-0.050245,-0.104840,0.000000,0.000000,0.000000,1.000000,1.000000
1782455199.919415,395,0.000459,inf,STAND_TEST,0.000000,-0.004614,-0.050238,-0.104883,0.000000,0.000000,0.000000,1.000000,1.000000
1782455199.939471,396,0.000458,inf,STAND_TEST,0.000000,-0.004618,-0.050252,-0.104906,0.000000,0.000000,0.000000,1.000000,1.000000
1782455199.959540,397,0.000472,inf,STAND_TEST,0.000000,-0.004646,-0.050247,-0.104917,0.000000,0.000000,0.000000,1.000000,1.000000
1782455199.979740,398,0.000618,inf,STAND_TEST,0.000000,-0.004671,-0.050251,-0.104937,0.000000,0.000000,0.000000,1.000000,1.000000
1782455199.999793,399,0.000616,inf,STAND_TEST,0.000000,-0.004681,-0.050241,-0.104958,0.000000,0.000000,0.000000,1.000000,1.000000
1782455200.019769,400,0.000429,inf,STAND_TEST,0.000000,-0.004633,-0.050251,-0.104928,0.000000,0.000000,0.000000,1.000000,1.000000
1782455200.039872,401,0.000478,inf,STAND_TEST,0.000000,-0.004606,-0.050216,-0.104916,0.000000,0.000000,0.000000,1.000000,1.000000
1782455200.059963,402,0.000507,inf,STAND_TEST,0.000000,-0.004596,-0.050168,-0.104909,0.000000,0.000000,0.000000,1.000000,1.000000
1782455200.079942,403,0.000430,inf,STAND_TEST,0.000000,-0.004608,-0.050231,-0.104890,0.000000,0.000000,0.000000,1.000000,1.000000
1782455200.100009,404,0.000443,inf,STAND_TEST,0.000000,-0.004626,-0.050253,-0.104902,0.000000,0.000000,0.000000,1.000000,1.000000
1782455200.120049,405,0.000428,inf,STAND_TEST,0.000000,-0.004622,-0.050284,-0.104871,0.000000,0.000000,0.000000,1.000000,1.000000
1782455200.140354,406,0.000678,inf,STAND_TEST,0.000000,-0.004621,-0.050304,-0.104855,0.000000,0.000000,0.000000,1.000000,1.000000
1782455200.160402,407,0.000669,inf,STAND_TEST,0.000000,-0.004637,-0.050273,-0.104890,0.000000,0.000000,0.000000,1.000000,1.000000
1782455200.180443,408,0.000470,inf,STAND_TEST,0.000000,-0.004641,-0.050272,-0.104848,0.000000,0.000000,0.000000,1.000000,1.000000
1782455200.200472,409,0.000444,inf,STAND_TEST,0.000000,-0.004635,-0.050241,-0.104827,0.000000,0.000000,0.000000,1.000000,1.000000
1782455200.220535,410,0.000452,inf,STAND_TEST,0.000000,-0.004631,-0.050240,-0.104821,0.000000,0.000000,0.000000,1.000000,1.000000
1782455200.240596,411,0.000458,inf,STAND_TEST,0.000000,-0.004607,-0.050241,-0.104788,0.000000,0.000000,0.000000,1.000000,1.000000
1782455200.260645,412,0.000452,inf,STAND_TEST,0.000000,-0.004605,-0.050248,-0.104767,0.000000,0.000000,0.000000,1.000000,1.000000
1782455200.280948,413,0.000701,inf,STAND_TEST,0.000000,-0.004601,-0.050230,-0.104758,0.000000,0.000000,0.000000,1.000000,1.000000
1782455200.300957,414,0.000655,inf,STAND_TEST,0.000000,-0.004606,-0.050285,-0.104742,0.000000,0.000000,0.000000,1.000000,1.000000
1782455200.321017,415,0.000659,inf,STAND_TEST,0.000000,-0.004590,-0.050274,-0.104728,0.000000,0.000000,0.000000,1.000000,1.000000
1782455200.340943,416,0.000440,inf,STAND_TEST,0.000000,-0.004590,-0.050253,-0.104762,0.000000,0.000000,0.000000,1.000000,1.000000
1782455200.361045,417,0.000487,inf,STAND_TEST,0.000000,-0.004570,-0.050273,-0.104754,0.000000,0.000000,0.000000,1.000000,1.000000
1782455200.381066,418,0.000453,inf,STAND_TEST,0.000000,-0.004598,-0.050285,-0.104775,0.000000,0.000000,0.000000,1.000000,1.000000
1782455200.401126,419,0.000457,inf,STAND_TEST,0.000000,-0.004611,-0.050243,-0.104794,0.000000,0.000000,0.000000,1.000000,1.000000
1782455200.421566,420,0.000839,inf,STAND_TEST,0.000000,-0.004630,-0.050268,-0.104831,0.000000,0.000000,0.000000,1.000000,1.000000
1782455200.441512,421,0.000730,inf,STAND_TEST,0.000000,-0.004630,-0.050224,-0.104837,0.000000,0.000000,0.000000,1.000000,1.000000
1782455200.461506,422,0.000668,inf,STAND_TEST,0.000000,-0.004630,-0.050219,-0.104824,0.000000,0.000000,0.000000,1.000000,1.000000
1782455200.481526,423,0.000634,inf,STAND_TEST,0.000000,-0.004646,-0.050239,-0.104828,0.000000,0.000000,0.000000,1.000000,1.000000
1782455200.501586,424,0.000444,inf,STAND_TEST,0.000000,-0.004661,-0.050289,-0.104817,0.000000,0.000000,0.000000,1.000000,1.000000
1782455200.521815,425,0.000615,inf,STAND_TEST,0.000000,-0.004680,-0.050291,-0.104834,0.000000,0.000000,0.000000,1.000000,1.000000
1782455200.542125,426,0.000866,inf,STAND_TEST,0.000000,-0.004676,-0.050288,-0.104893,0.000000,0.000000,0.000000,1.000000,1.000000
1782455200.562104,427,0.000789,inf,STAND_TEST,0.000000,-0.004681,-0.050300,-0.104910,0.000000,0.000000,0.000000,1.000000,1.000000
1782455200.582168,428,0.000750,inf,STAND_TEST,0.000000,-0.004716,-0.050274,-0.104926,0.000000,0.000000,0.000000,1.000000,1.000000
1782455200.602221,429,0.000765,inf,STAND_TEST,0.000000,-0.004706,-0.050262,-0.104900,0.000000,0.000000,0.000000,1.000000,1.000000
1782455200.622399,430,0.000887,inf,STAND_TEST,0.000000,-0.004721,-0.050273,-0.104917,0.000000,0.000000,0.000000,1.000000,1.000000
1782455200.642446,431,0.000549,inf,STAND_TEST,0.000000,-0.004722,-0.050271,-0.104931,0.000000,0.000000,0.000000,1.000000,1.000000
1782455200.662478,432,0.000523,inf,STAND_TEST,0.000000,-0.004704,-0.050287,-0.104921,0.000000,0.000000,0.000000,1.000000,1.000000
1782455200.682563,433,0.000548,inf,STAND_TEST,0.000000,-0.004679,-0.050294,-0.104930,0.000000,0.000000,0.000000,1.000000,1.000000
1782455200.702815,434,0.000743,inf,STAND_TEST,0.000000,-0.004705,-0.050245,-0.104921,0.000000,0.000000,0.000000,1.000000,1.000000
1782455200.722834,435,0.000707,inf,STAND_TEST,0.000000,-0.004731,-0.050234,-0.104991,0.000000,0.000000,0.000000,1.000000,1.000000
1782455200.742966,436,0.000566,inf,STAND_TEST,0.000000,-0.004759,-0.050203,-0.105023,0.000000,0.000000,0.000000,1.000000,1.000000
1782455200.763003,437,0.000547,inf,STAND_TEST,0.000000,-0.004772,-0.050207,-0.105044,0.000000,0.000000,0.000000,1.000000,1.000000
1782455200.783006,438,0.000497,inf,STAND_TEST,0.000000,-0.004766,-0.050212,-0.105042,0.000000,0.000000,0.000000,1.000000,1.000000
1782455200.803030,439,0.000466,inf,STAND_TEST,0.000000,-0.004761,-0.050197,-0.105090,0.000000,0.000000,0.000000,1.000000,1.000000
1782455200.823462,440,0.000843,inf,STAND_TEST,0.000000,-0.004781,-0.050263,-0.105128,0.000000,0.000000,0.000000,1.000000,1.000000
1782455200.843329,441,0.000654,inf,STAND_TEST,0.000000,-0.004795,-0.050256,-0.105134,0.000000,0.000000,0.000000,1.000000,1.000000
1782455200.863487,442,0.000711,inf,STAND_TEST,0.000000,-0.004791,-0.050209,-0.105119,0.000000,0.000000,0.000000,1.000000,1.000000
1782455200.883663,443,0.000473,inf,STAND_TEST,0.000000,-0.004774,-0.050253,-0.105093,0.000000,0.000000,0.000000,1.000000,1.000000
1782455200.903737,444,0.000446,inf,STAND_TEST,0.000000,-0.004768,-0.050235,-0.105093,0.000000,0.000000,0.000000,1.000000,1.000000
1782455200.924247,445,0.000848,inf,STAND_TEST,0.000000,-0.004764,-0.050246,-0.105112,0.000000,0.000000,0.000000,1.000000,1.000000
1782455200.944328,446,0.000823,inf,STAND_TEST,0.000000,-0.004764,-0.050314,-0.105091,0.000000,0.000000,0.000000,1.000000,1.000000
1782455200.964238,447,0.000434,inf,STAND_TEST,0.000000,-0.004760,-0.050306,-0.105094,0.000000,0.000000,0.000000,1.000000,1.000000
1782455200.984359,448,0.000428,inf,STAND_TEST,0.000000,-0.004740,-0.050281,-0.105076,0.000000,0.000000,0.000000,1.000000,1.000000
1782455201.004463,449,0.000423,inf,STAND_TEST,0.000000,-0.004726,-0.050276,-0.105076,0.000000,0.000000,0.000000,1.000000,1.000000
1782455201.024955,450,0.000809,inf,STAND_TEST,0.000000,-0.004715,-0.050255,-0.105067,0.000000,0.000000,0.000000,1.000000,1.000000
1782455201.044969,451,0.000482,inf,STAND_TEST,0.000000,-0.004723,-0.050239,-0.105073,0.000000,0.000000,0.000000,1.000000,1.000000
1782455201.065024,452,0.000437,inf,STAND_TEST,0.000000,-0.004689,-0.050219,-0.105124,0.000000,0.000000,0.000000,1.000000,1.000000
1782455201.085114,453,0.000429,inf,STAND_TEST,0.000000,-0.004696,-0.050216,-0.105111,0.000000,0.000000,0.000000,1.000000,1.000000
1782455201.105320,454,0.000529,inf,STAND_TEST,0.000000,-0.004663,-0.050174,-0.105104,0.000000,0.000000,0.000000,1.000000,1.000000
1782455201.125543,455,0.000653,inf,STAND_TEST,0.000000,-0.004663,-0.050137,-0.105119,0.000000,0.000000,0.000000,1.000000,1.000000
1782455201.145744,456,0.000756,inf,STAND_TEST,0.000000,-0.004649,-0.050121,-0.105128,0.000000,0.000000,0.000000,1.000000,1.000000
1782455201.165629,457,0.000484,inf,STAND_TEST,0.000000,-0.004654,-0.050093,-0.105108,0.000000,0.000000,0.000000,1.000000,1.000000
1782455201.185689,458,0.000431,inf,STAND_TEST,0.000000,-0.004628,-0.050058,-0.105137,0.000000,0.000000,0.000000,1.000000,1.000000
1782455201.205804,459,0.000448,inf,STAND_TEST,0.000000,-0.004627,-0.050085,-0.105169,0.000000,0.000000,0.000000,1.000000,1.000000
1782455201.226164,460,0.000697,inf,STAND_TEST,0.000000,-0.004632,-0.050046,-0.105228,0.000000,0.000000,0.000000,1.000000,1.000000
1782455201.246282,461,0.000772,inf,STAND_TEST,0.000000,-0.004650,-0.050013,-0.105196,0.000000,0.000000,0.000000,1.000000,1.000000
1782455201.266365,462,0.000800,inf,STAND_TEST,0.000000,-0.004661,-0.050022,-0.105190,0.000000,0.000000,0.000000,1.000000,1.000000
1782455201.287291,463,0.001363,inf,STAND_TEST,0.000000,-0.004675,-0.050035,-0.105171,0.000000,0.000000,0.000000,1.000000,1.000000
1782455201.306661,464,0.000676,inf,STAND_TEST,0.000000,-0.004677,-0.050078,-0.105206,0.000000,0.000000,0.000000,1.000000,1.000000
1782455201.326705,465,0.000662,inf,STAND_TEST,0.000000,-0.004670,-0.050056,-0.105210,0.000000,0.000000,0.000000,1.000000,1.000000
1782455201.346779,466,0.000680,inf,STAND_TEST,0.000000,-0.004672,-0.049997,-0.105208,0.000000,0.000000,0.000000,1.000000,1.000000
1782455201.367043,467,0.000888,inf,STAND_TEST,0.000000,-0.004670,-0.049964,-0.105223,0.000000,0.000000,0.000000,1.000000,1.000000
1782455201.387115,468,0.000903,inf,STAND_TEST,0.000000,-0.004659,-0.049924,-0.105198,0.000000,0.000000,0.000000,1.000000,1.000000
1782455201.407196,469,0.000924,inf,STAND_TEST,0.000000,-0.004646,-0.049916,-0.105188,0.000000,0.000000,0.000000,1.000000,1.000000
1782455201.427187,470,0.000710,inf,STAND_TEST,0.000000,-0.004640,-0.049843,-0.105193,0.000000,0.000000,0.000000,1.000000,1.000000
1782455201.447250,471,0.000714,inf,STAND_TEST,0.000000,-0.004649,-0.049806,-0.105177,0.000000,0.000000,0.000000,1.000000,1.000000
1782455201.467554,472,0.000959,inf,STAND_TEST,0.000000,-0.004665,-0.049809,-0.105193,0.000000,0.000000,0.000000,1.000000,1.000000
1782455201.487318,473,0.000664,inf,STAND_TEST,0.000000,-0.004678,-0.049826,-0.105184,0.000000,0.000000,0.000000,1.000000,1.000000
1782455201.507569,474,0.000858,inf,STAND_TEST,0.000000,-0.004698,-0.049802,-0.105206,0.000000,0.000000,0.000000,1.000000,1.000000
1782455201.527623,475,0.000855,inf,STAND_TEST,0.000000,-0.004685,-0.049812,-0.105170,0.000000,0.000000,0.000000,1.000000,1.000000
1782455201.547709,476,0.000884,inf,STAND_TEST,0.000000,-0.004684,-0.049809,-0.105188,0.000000,0.000000,0.000000,1.000000,1.000000
1782455201.567550,477,0.000498,inf,STAND_TEST,0.000000,-0.004687,-0.049775,-0.105155,0.000000,0.000000,0.000000,1.000000,1.000000
1782455201.587598,478,0.000490,inf,STAND_TEST,0.000000,-0.004695,-0.049758,-0.105134,0.000000,0.000000,0.000000,1.000000,1.000000
1782455201.607668,479,0.000505,inf,STAND_TEST,0.000000,-0.004691,-0.049741,-0.105121,0.000000,0.000000,0.000000,1.000000,1.000000
1782455201.627991,480,0.000771,inf,STAND_TEST,0.000000,-0.004681,-0.049754,-0.105104,0.000000,0.000000,0.000000,1.000000,1.000000
1782455201.647976,481,0.000700,inf,STAND_TEST,0.000000,-0.004682,-0.049770,-0.105078,0.000000,0.000000,0.000000,1.000000,1.000000
1782455201.667970,482,0.000637,inf,STAND_TEST,0.000000,-0.004691,-0.049741,-0.105103,0.000000,0.000000,0.000000,1.000000,1.000000
1782455201.688257,483,0.000870,inf,STAND_TEST,0.000000,-0.004691,-0.049749,-0.105049,0.000000,0.000000,0.000000,1.000000,1.000000
1782455201.708402,484,0.000722,inf,STAND_TEST,0.000000,-0.004713,-0.049687,-0.105054,0.000000,0.000000,0.000000,1.000000,1.000000
1782455201.728864,485,0.001058,inf,STAND_TEST,0.000000,-0.004694,-0.049708,-0.105056,0.000000,0.000000,0.000000,1.000000,1.000000
1782455201.748846,486,0.000944,inf,STAND_TEST,0.000000,-0.004677,-0.049689,-0.105049,0.000000,0.000000,0.000000,1.000000,1.000000
1782455201.768933,487,0.000929,inf,STAND_TEST,0.000000,-0.004673,-0.049668,-0.105058,0.000000,0.000000,0.000000,1.000000,1.000000
1782455201.788995,488,0.000933,inf,STAND_TEST,0.000000,-0.004692,-0.049632,-0.105061,0.000000,0.000000,0.000000,1.000000,1.000000
1782455201.809048,489,0.000695,inf,STAND_TEST,0.000000,-0.004668,-0.049635,-0.105054,0.000000,0.000000,0.000000,1.000000,1.000000
1782455201.829557,490,0.000916,inf,STAND_TEST,0.000000,-0.004666,-0.049593,-0.105082,0.000000,0.000000,0.000000,1.000000,1.000000
1782455201.849609,491,0.000911,inf,STAND_TEST,0.000000,-0.004657,-0.049589,-0.105074,0.000000,0.000000,0.000000,1.000000,1.000000
1782455201.869442,492,0.000689,inf,STAND_TEST,0.000000,-0.004631,-0.049499,-0.105096,0.000000,0.000000,0.000000,1.000000,1.000000
1782455201.889557,493,0.000748,inf,STAND_TEST,0.000000,-0.004618,-0.049463,-0.105098,0.000000,0.000000,0.000000,1.000000,1.000000
1782455201.909456,494,0.000405,inf,STAND_TEST,0.000000,-0.004590,-0.049456,-0.105132,0.000000,0.000000,0.000000,1.000000,1.000000
1782455201.929680,495,0.000492,inf,STAND_TEST,0.000000,-0.004558,-0.049427,-0.105111,0.000000,0.000000,0.000000,1.000000,1.000000
1782455201.949716,496,0.000420,inf,STAND_TEST,0.000000,-0.004539,-0.049431,-0.105123,0.000000,0.000000,0.000000,1.000000,1.000000
1782455201.970185,497,0.000834,inf,STAND_TEST,0.000000,-0.004524,-0.049445,-0.105099,0.000000,0.000000,0.000000,1.000000,1.000000
1782455201.990090,498,0.000684,inf,STAND_TEST,0.000000,-0.004533,-0.049410,-0.105095,0.000000,0.000000,0.000000,1.000000,1.000000
1782455202.010095,499,0.000641,inf,STAND_TEST,0.000000,-0.004527,-0.049350,-0.105108,0.000000,0.000000,0.000000,1.000000,1.000000
1782455202.029977,500,0.000420,inf,STAND_TEST,0.000000,-0.004493,-0.049314,-0.105080,0.000000,0.000000,0.000000,1.000000,1.000000
1782455202.050085,501,0.000425,inf,STAND_TEST,0.000000,-0.004504,-0.049293,-0.105084,0.000000,0.000000,0.000000,1.000000,1.000000
1782455202.070116,502,0.000403,inf,STAND_TEST,0.000000,-0.004495,-0.049298,-0.105068,0.000000,0.000000,0.000000,1.000000,1.000000
1782455202.090231,503,0.000462,inf,STAND_TEST,0.000000,-0.004483,-0.049274,-0.105067,0.000000,0.000000,0.000000,1.000000,1.000000
1782455202.110259,504,0.000436,inf,STAND_TEST,0.000000,-0.004487,-0.049288,-0.105096,0.000000,0.000000,0.000000,1.000000,1.000000
1782455202.130509,505,0.000632,inf,STAND_TEST,0.000000,-0.004474,-0.049266,-0.105108,0.000000,0.000000,0.000000,1.000000,1.000000
1782455202.150601,506,0.000669,inf,STAND_TEST,0.000000,-0.004468,-0.049257,-0.105072,0.000000,0.000000,0.000000,1.000000,1.000000
1782455202.170625,507,0.000458,inf,STAND_TEST,0.000000,-0.004439,-0.049281,-0.105120,0.000000,0.000000,0.000000,1.000000,1.000000
1782455202.190757,508,0.000426,inf,STAND_TEST,0.000000,-0.004439,-0.049305,-0.105124,0.000000,0.000000,0.000000,1.000000,1.000000
1782455202.210791,509,0.000407,inf,STAND_TEST,0.000000,-0.004444,-0.049297,-0.105134,0.000000,0.000000,0.000000,1.000000,1.000000
1782455202.230834,510,0.000397,inf,STAND_TEST,0.000000,-0.004441,-0.049277,-0.105171,0.000000,0.000000,0.000000,1.000000,1.000000
1782455202.250927,511,0.000436,inf,STAND_TEST,0.000000,-0.004445,-0.049279,-0.105128,0.000000,0.000000,0.000000,1.000000,1.000000
1782455202.271033,512,0.000486,inf,STAND_TEST,0.000000,-0.004446,-0.049311,-0.105103,0.000000,0.000000,0.000000,1.000000,1.000000
1782455202.291311,513,0.000709,inf,STAND_TEST,0.000000,-0.004463,-0.049313,-0.105120,0.000000,0.000000,0.000000,1.000000,1.000000
1782455202.311288,514,0.000631,inf,STAND_TEST,0.000000,-0.004475,-0.049266,-0.105146,0.000000,0.000000,0.000000,1.000000,1.000000
1782455202.331205,515,0.000485,inf,STAND_TEST,0.000000,-0.004478,-0.049262,-0.105152,0.000000,0.000000,0.000000,1.000000,1.000000
1782455202.351213,516,0.000413,inf,STAND_TEST,0.000000,-0.004482,-0.049228,-0.105158,0.000000,0.000000,0.000000,1.000000,1.000000
1782455202.371314,517,0.000459,inf,STAND_TEST,0.000000,-0.004522,-0.049234,-0.105121,0.000000,0.000000,0.000000,1.000000,1.000000
1782455202.391414,518,0.000506,inf,STAND_TEST,0.000000,-0.004533,-0.049209,-0.105140,0.000000,0.000000,0.000000,1.000000,1.000000
1782455202.411497,519,0.000533,inf,STAND_TEST,0.000000,-0.004524,-0.049169,-0.105150,0.000000,0.000000,0.000000,1.000000,1.000000
1782455202.431960,520,0.000938,inf,STAND_TEST,0.000000,-0.004511,-0.049112,-0.105162,0.000000,0.000000,0.000000,1.000000,1.000000
1782455202.451910,521,0.000834,inf,STAND_TEST,0.000000,-0.004501,-0.049127,-0.105129,0.000000,0.000000,0.000000,1.000000,1.000000
1782455202.471737,522,0.000603,inf,STAND_TEST,0.000000,-0.004484,-0.049108,-0.105156,0.000000,0.000000,0.000000,1.000000,1.000000
1782455202.492022,523,0.000828,inf,STAND_TEST,0.000000,-0.004484,-0.049143,-0.105159,0.000000,0.000000,0.000000,1.000000,1.000000
1782455202.511919,524,0.000582,inf,STAND_TEST,0.000000,-0.004503,-0.049108,-0.105119,0.000000,0.000000,0.000000,1.000000,1.000000
1782455202.531913,525,0.000521,inf,STAND_TEST,0.000000,-0.004484,-0.049061,-0.105137,0.000000,0.000000,0.000000,1.000000,1.000000
1782455202.551925,526,0.000470,inf,STAND_TEST,0.000000,-0.004504,-0.049071,-0.105184,0.000000,0.000000,0.000000,1.000000,1.000000
1782455202.572006,527,0.000496,inf,STAND_TEST,0.000000,-0.004479,-0.049072,-0.105156,0.000000,0.000000,0.000000,1.000000,1.000000
1782455202.592063,528,0.000496,inf,STAND_TEST,0.000000,-0.004459,-0.049043,-0.105151,0.000000,0.000000,0.000000,1.000000,1.000000
1782455202.612409,529,0.000787,inf,STAND_TEST,0.000000,-0.004452,-0.049012,-0.105170,0.000000,0.000000,0.000000,1.000000,1.000000
1782455202.633237,530,0.001541,inf,STAND_TEST,0.000000,-0.004439,-0.049025,-0.105128,0.000000,0.000000,0.000000,1.000000,1.000000
1782455202.652739,531,0.000665,inf,STAND_TEST,0.000000,-0.004454,-0.049001,-0.105091,0.000000,0.000000,0.000000,1.000000,1.000000
1782455202.672856,532,0.000715,inf,STAND_TEST,0.000000,-0.004419,-0.048997,-0.105090,0.000000,0.000000,0.000000,1.000000,1.000000
1782455202.693790,533,0.001581,inf,STAND_TEST,0.000000,-0.004439,-0.048955,-0.105107,0.000000,0.000000,0.000000,1.000000,1.000000
1782455202.713682,534,0.001407,inf,STAND_TEST,0.000000,-0.004431,-0.048947,-0.105111,0.000000,0.000000,0.000000,1.000000,1.000000
1782455202.733279,535,0.000945,inf,STAND_TEST,0.000000,-0.004436,-0.048905,-0.105109,0.000000,0.000000,0.000000,1.000000,1.000000
1782455202.753302,536,0.000701,inf,STAND_TEST,0.000000,-0.004465,-0.048829,-0.105158,0.000000,0.000000,0.000000,1.000000,1.000000
1782455202.773325,537,0.000667,inf,STAND_TEST,0.000000,-0.004474,-0.048836,-0.105122,0.000000,0.000000,0.000000,1.000000,1.000000
1782455202.793376,538,0.000662,inf,STAND_TEST,0.000000,-0.004471,-0.048797,-0.105113,0.000000,0.000000,0.000000,1.000000,1.000000
1782455202.813475,539,0.000703,inf,STAND_TEST,0.000000,-0.004469,-0.048767,-0.105143,0.000000,0.000000,0.000000,1.000000,1.000000
1782455202.833521,540,0.000691,inf,STAND_TEST,0.000000,-0.004467,-0.048777,-0.105126,0.000000,0.000000,0.000000,1.000000,1.000000
1782455202.853788,541,0.000900,inf,STAND_TEST,0.000000,-0.004464,-0.048765,-0.105139,0.000000,0.000000,0.000000,1.000000,1.000000
1782455202.873825,542,0.000880,inf,STAND_TEST,0.000000,-0.004456,-0.048710,-0.105179,0.000000,0.000000,0.000000,1.000000,1.000000
1782455202.893907,543,0.000904,inf,STAND_TEST,0.000000,-0.004453,-0.048703,-0.105164,0.000000,0.000000,0.000000,1.000000,1.000000
1782455202.914080,544,0.000834,inf,STAND_TEST,0.000000,-0.004469,-0.048704,-0.105154,0.000000,0.000000,0.000000,1.000000,1.000000
1782455202.933888,545,0.000544,inf,STAND_TEST,0.000000,-0.004479,-0.048688,-0.105141,0.000000,0.000000,0.000000,1.000000,1.000000
1782455202.953913,546,0.000463,inf,STAND_TEST,0.000000,-0.004462,-0.048652,-0.105098,0.000000,0.000000,0.000000,1.000000,1.000000
1782455202.973941,547,0.000437,inf,STAND_TEST,0.000000,-0.004442,-0.048666,-0.105061,0.000000,0.000000,0.000000,1.000000,1.000000
1782455202.994233,548,0.000672,inf,STAND_TEST,0.000000,-0.004435,-0.048680,-0.105079,0.000000,0.000000,0.000000,1.000000,1.000000
1782455203.014257,549,0.000446,inf,STAND_TEST,0.000000,-0.004434,-0.048707,-0.105076,0.000000,0.000000,0.000000,1.000000,1.000000
1782455203.034302,550,0.000435,inf,STAND_TEST,0.000000,-0.004431,-0.048691,-0.105075,0.000000,0.000000,0.000000,1.000000,1.000000
1782455203.054364,551,0.000443,inf,STAND_TEST,0.000000,-0.004423,-0.048703,-0.105052,0.000000,0.000000,0.000000,1.000000,1.000000
1782455203.074447,552,0.000471,inf,STAND_TEST,0.000000,-0.004451,-0.048698,-0.105051,0.000000,0.000000,0.000000,1.000000,1.000000
1782455203.094539,553,0.000439,inf,STAND_TEST,0.000000,-0.004461,-0.048727,-0.105021,0.000000,0.000000,0.000000,1.000000,1.000000
1782455203.115226,554,0.001056,inf,STAND_TEST,0.000000,-0.004447,-0.048708,-0.105008,0.000000,0.000000,0.000000,1.000000,1.000000
1782455203.135208,555,0.000931,inf,STAND_TEST,0.000000,-0.004455,-0.048719,-0.104980,0.000000,0.000000,0.000000,1.000000,1.000000
1782455203.155269,556,0.000683,inf,STAND_TEST,0.000000,-0.004431,-0.048702,-0.104946,0.000000,0.000000,0.000000,1.000000,1.000000
1782455203.175194,557,0.000549,inf,STAND_TEST,0.000000,-0.004439,-0.048710,-0.104948,0.000000,0.000000,0.000000,1.000000,1.000000
1782455203.195173,558,0.000469,inf,STAND_TEST,0.000000,-0.004467,-0.048737,-0.104931,0.000000,0.000000,0.000000,1.000000,1.000000
1782455203.215237,559,0.000479,inf,STAND_TEST,0.000000,-0.004476,-0.048713,-0.104942,0.000000,0.000000,0.000000,1.000000,1.000000
1782455203.235484,560,0.000673,inf,STAND_TEST,0.000000,-0.004509,-0.048737,-0.104954,0.000000,0.000000,0.000000,1.000000,1.000000
1782455203.255571,561,0.000705,inf,STAND_TEST,0.000000,-0.004511,-0.048693,-0.104960,0.000000,0.000000,0.000000,1.000000,1.000000
1782455203.275537,562,0.000616,inf,STAND_TEST,0.000000,-0.004530,-0.048763,-0.104963,0.000000,0.000000,0.000000,1.000000,1.000000
1782455203.295849,563,0.000627,inf,STAND_TEST,0.000000,-0.004547,-0.048808,-0.104970,0.000000,0.000000,0.000000,1.000000,1.000000
1782455203.315793,564,0.000468,inf,STAND_TEST,0.000000,-0.004558,-0.048792,-0.104930,0.000000,0.000000,0.000000,1.000000,1.000000
1782455203.335893,565,0.000441,inf,STAND_TEST,0.000000,-0.004556,-0.048755,-0.104953,0.000000,0.000000,0.000000,1.000000,1.000000
1782455203.356385,566,0.000829,inf,STAND_TEST,0.000000,-0.004566,-0.048800,-0.104951,0.000000,0.000000,0.000000,1.000000,1.000000
1782455203.376482,567,0.000824,inf,STAND_TEST,0.000000,-0.004562,-0.048860,-0.104901,0.000000,0.000000,0.000000,1.000000,1.000000
1782455203.396358,568,0.000474,inf,STAND_TEST,0.000000,-0.004576,-0.048817,-0.104899,0.000000,0.000000,0.000000,1.000000,1.000000
1782455203.416530,569,0.000497,inf,STAND_TEST,0.000000,-0.004586,-0.048809,-0.104877,0.000000,0.000000,0.000000,1.000000,1.000000
1782455203.436558,570,0.000471,inf,STAND_TEST,0.000000,-0.004596,-0.048791,-0.104894,0.000000,0.000000,0.000000,1.000000,1.000000
1782455203.456582,571,0.000440,inf,STAND_TEST,0.000000,-0.004590,-0.048779,-0.104884,0.000000,0.000000,0.000000,1.000000,1.000000
1782455203.476969,572,0.000773,inf,STAND_TEST,0.000000,-0.004583,-0.048766,-0.104921,0.000000,0.000000,0.000000,1.000000,1.000000
1782455203.497021,573,0.000771,inf,STAND_TEST,0.000000,-0.004569,-0.048779,-0.104958,0.000000,0.000000,0.000000,1.000000,1.000000
1782455203.516927,574,0.000415,inf,STAND_TEST,0.000000,-0.004557,-0.048773,-0.104964,0.000000,0.000000,0.000000,1.000000,1.000000
1782455203.537143,575,0.000484,inf,STAND_TEST,0.000000,-0.004562,-0.048741,-0.104967,0.000000,0.000000,0.000000,1.000000,1.000000
1782455203.557126,576,0.000413,inf,STAND_TEST,0.000000,-0.004558,-0.048721,-0.105004,0.000000,0.000000,0.000000,1.000000,1.000000
1782455203.577172,577,0.000405,inf,STAND_TEST,0.000000,-0.004552,-0.048749,-0.104999,0.000000,0.000000,0.000000,1.000000,1.000000
1782455203.597443,578,0.000622,inf,STAND_TEST,0.000000,-0.004543,-0.048733,-0.104977,0.000000,0.000000,0.000000,1.000000,1.000000
1782455203.617527,579,0.000653,inf,STAND_TEST,0.000000,-0.004530,-0.048728,-0.104966,0.000000,0.000000,0.000000,1.000000,1.000000
1782455203.637558,580,0.000629,inf,STAND_TEST,0.000000,-0.004522,-0.048741,-0.104975,0.000000,0.000000,0.000000,1.000000,1.000000
1782455203.657561,581,0.000408,inf,STAND_TEST,0.000000,-0.004514,-0.048709,-0.105002,0.000000,0.000000,0.000000,1.000000,1.000000
1782455203.677660,582,0.000453,inf,STAND_TEST,0.000000,-0.004547,-0.048690,-0.104999,0.000000,0.000000,0.000000,1.000000,1.000000
1782455203.697779,583,0.000516,inf,STAND_TEST,0.000000,-0.004536,-0.048690,-0.104965,0.000000,0.000000,0.000000,1.000000,1.000000
1782455203.717981,584,0.000665,inf,STAND_TEST,0.000000,-0.004538,-0.048658,-0.104947,0.000000,0.000000,0.000000,1.000000,1.000000
1782455203.738309,585,0.000936,inf,STAND_TEST,0.000000,-0.004556,-0.048661,-0.104981,0.000000,0.000000,0.000000,1.000000,1.000000
1782455203.758226,586,0.000798,inf,STAND_TEST,0.000000,-0.004543,-0.048694,-0.104968,0.000000,0.000000,0.000000,1.000000,1.000000
1782455203.778057,587,0.000404,inf,STAND_TEST,0.000000,-0.004538,-0.048762,-0.104922,0.000000,0.000000,0.000000,1.000000,1.000000
1782455203.798115,588,0.000408,inf,STAND_TEST,0.000000,-0.004534,-0.048733,-0.104870,0.000000,0.000000,0.000000,1.000000,1.000000
1782455203.818162,589,0.000401,inf,STAND_TEST,0.000000,-0.004537,-0.048716,-0.104861,0.000000,0.000000,0.000000,1.000000,1.000000
1782455203.838248,590,0.000433,inf,STAND_TEST,0.000000,-0.004565,-0.048740,-0.104897,0.000000,0.000000,0.000000,1.000000,1.000000
1782455203.858294,591,0.000425,inf,STAND_TEST,0.000000,-0.004583,-0.048731,-0.104931,0.000000,0.000000,0.000000,1.000000,1.000000
1782455203.878343,592,0.000420,inf,STAND_TEST,0.000000,-0.004627,-0.048731,-0.104912,0.000000,0.000000,0.000000,1.000000,1.000000
1782455203.898646,593,0.000669,inf,STAND_TEST,0.000000,-0.004621,-0.048712,-0.104898,0.000000,0.000000,0.000000,1.000000,1.000000
1782455203.918661,594,0.000631,inf,STAND_TEST,0.000000,-0.004626,-0.048750,-0.104902,0.000000,0.000000,0.000000,1.000000,1.000000
1782455203.938725,595,0.000640,inf,STAND_TEST,0.000000,-0.004635,-0.048765,-0.104872,0.000000,0.000000,0.000000,1.000000,1.000000
1782455203.958860,596,0.000500,inf,STAND_TEST,0.000000,-0.004653,-0.048781,-0.104860,0.000000,0.000000,0.000000,1.000000,1.000000
1782455203.978972,597,0.000555,inf,STAND_TEST,0.000000,-0.004668,-0.048795,-0.104848,0.000000,0.000000,0.000000,1.000000,1.000000
1782455203.998852,598,0.000380,inf,STAND_TEST,0.000000,-0.004696,-0.048805,-0.104831,0.000000,0.000000,0.000000,1.000000,1.000000
1782455204.019009,599,0.000433,inf,STAND_TEST,0.000000,-0.004696,-0.048841,-0.104820,0.000000,0.000000,0.000000,1.000000,1.000000
1782455204.039363,600,0.000678,inf,STAND_TEST,0.000000,-0.004684,-0.048803,-0.104795,0.000000,0.000000,0.000000,1.000000,1.000000
1782455204.059450,601,0.000629,inf,STAND_TEST,0.000000,-0.004674,-0.048832,-0.104793,0.000000,0.000000,0.000000,1.000000,1.000000
1782455204.079486,602,0.000434,inf,STAND_TEST,0.000000,-0.004682,-0.048846,-0.104822,0.000000,0.000000,0.000000,1.000000,1.000000
1782455204.099572,603,0.000416,inf,STAND_TEST,0.000000,-0.004675,-0.048851,-0.104800,0.000000,0.000000,0.000000,1.000000,1.000000
1782455204.119689,604,0.000427,inf,STAND_TEST,0.000000,-0.004644,-0.048843,-0.104793,0.000000,0.000000,0.000000,1.000000,1.000000
1782455204.140063,605,0.000695,inf,STAND_TEST,0.000000,-0.004651,-0.048843,-0.104796,0.000000,0.000000,0.000000,1.000000,1.000000
1782455204.160162,606,0.000687,inf,STAND_TEST,0.000000,-0.004642,-0.048890,-0.104803,0.000000,0.000000,0.000000,1.000000,1.000000
1782455204.180203,607,0.000470,inf,STAND_TEST,0.000000,-0.004623,-0.048842,-0.104818,0.000000,0.000000,0.000000,1.000000,1.000000
1782455204.200317,608,0.000459,inf,STAND_TEST,0.000000,-0.004625,-0.048827,-0.104818,0.000000,0.000000,0.000000,1.000000,1.000000
1782455204.220376,609,0.000459,inf,STAND_TEST,0.000000,-0.004593,-0.048860,-0.104810,0.000000,0.000000,0.000000,1.000000,1.000000
1782455204.240642,610,0.000667,inf,STAND_TEST,0.000000,-0.004601,-0.048923,-0.104785,0.000000,0.000000,0.000000,1.000000,1.000000
1782455204.260791,611,0.000759,inf,STAND_TEST,0.000000,-0.004581,-0.048983,-0.104745,0.000000,0.000000,0.000000,1.000000,1.000000
1782455204.280846,612,0.000758,inf,STAND_TEST,0.000000,-0.004571,-0.048975,-0.104762,0.000000,0.000000,0.000000,1.000000,1.000000
1782455204.300775,613,0.000541,inf,STAND_TEST,0.000000,-0.004579,-0.049006,-0.104717,0.000000,0.000000,0.000000,1.000000,1.000000
1782455204.320827,614,0.000482,inf,STAND_TEST,0.000000,-0.004601,-0.048970,-0.104714,0.000000,0.000000,0.000000,1.000000,1.000000
1782455204.340876,615,0.000477,inf,STAND_TEST,0.000000,-0.004600,-0.048974,-0.104690,0.000000,0.000000,0.000000,1.000000,1.000000
1782455204.361008,616,0.000553,inf,STAND_TEST,0.000000,-0.004594,-0.048995,-0.104679,0.000000,0.000000,0.000000,1.000000,1.000000
1782455204.381247,617,0.000734,inf,STAND_TEST,0.000000,-0.004589,-0.048996,-0.104641,0.000000,0.000000,0.000000,1.000000,1.000000
1782455204.401233,618,0.000666,inf,STAND_TEST,0.000000,-0.004622,-0.049011,-0.104624,0.000000,0.000000,0.000000,1.000000,1.000000
1782455204.421368,619,0.000745,inf,STAND_TEST,0.000000,-0.004619,-0.049020,-0.104600,0.000000,0.000000,0.000000,1.000000,1.000000
1782455204.441386,620,0.000705,inf,STAND_TEST,0.000000,-0.004617,-0.049057,-0.104607,0.000000,0.000000,0.000000,1.000000,1.000000
1782455204.461512,621,0.000796,inf,STAND_TEST,0.000000,-0.004599,-0.049119,-0.104590,0.000000,0.000000,0.000000,1.000000,1.000000
1782455204.481260,622,0.000489,inf,STAND_TEST,0.000000,-0.004608,-0.049153,-0.104586,0.000000,0.000000,0.000000,1.000000,1.000000
1782455204.501350,623,0.000523,inf,STAND_TEST,0.000000,-0.004602,-0.049207,-0.104613,0.000000,0.000000,0.000000,1.000000,1.000000
1782455204.521270,624,0.000386,inf,STAND_TEST,0.000000,-0.004610,-0.049203,-0.104577,0.000000,0.000000,0.000000,1.000000,1.000000
1782455204.541430,625,0.000441,inf,STAND_TEST,0.000000,-0.004606,-0.049180,-0.104541,0.000000,0.000000,0.000000,1.000000,1.000000
1782455204.561527,626,0.000482,inf,STAND_TEST,0.000000,-0.004626,-0.049158,-0.104532,0.000000,0.000000,0.000000,1.000000,1.000000
1782455204.581767,627,0.000668,inf,STAND_TEST,0.000000,-0.004639,-0.049164,-0.104532,0.000000,0.000000,0.000000,1.000000,1.000000
1782455204.601810,628,0.000509,inf,STAND_TEST,0.000000,-0.004655,-0.049233,-0.104504,0.000000,0.000000,0.000000,1.000000,1.000000
1782455204.621944,629,0.000488,inf,STAND_TEST,0.000000,-0.004657,-0.049228,-0.104518,0.000000,0.000000,0.000000,1.000000,1.000000
1782455204.641978,630,0.000467,inf,STAND_TEST,0.000000,-0.004647,-0.049229,-0.104515,0.000000,0.000000,0.000000,1.000000,1.000000
1782455204.662024,631,0.000458,inf,STAND_TEST,0.000000,-0.004676,-0.049274,-0.104543,0.000000,0.000000,0.000000,1.000000,1.000000
1782455204.682296,632,0.000675,inf,STAND_TEST,0.000000,-0.004672,-0.049301,-0.104500,0.000000,0.000000,0.000000,1.000000,1.000000
1782455204.702116,633,0.000441,inf,STAND_TEST,0.000000,-0.004692,-0.049334,-0.104508,0.000000,0.000000,0.000000,1.000000,1.000000
1782455204.722164,634,0.000435,inf,STAND_TEST,0.000000,-0.004700,-0.049304,-0.104483,0.000000,0.000000,0.000000,1.000000,1.000000
1782455204.742454,635,0.000670,inf,STAND_TEST,0.000000,-0.004703,-0.049273,-0.104476,0.000000,0.000000,0.000000,1.000000,1.000000
1782455204.762545,636,0.000708,inf,STAND_TEST,0.000000,-0.004689,-0.049250,-0.104455,0.000000,0.000000,0.000000,1.000000,1.000000
1782455204.782406,637,0.000439,inf,STAND_TEST,0.000000,-0.004700,-0.049303,-0.104447,0.000000,0.000000,0.000000,1.000000,1.000000
1782455204.802431,638,0.000411,inf,STAND_TEST,0.000000,-0.004703,-0.049315,-0.104435,0.000000,0.000000,0.000000,1.000000,1.000000
1782455204.822715,639,0.000640,inf,STAND_TEST,0.000000,-0.004698,-0.049283,-0.104446,0.000000,0.000000,0.000000,1.000000,1.000000
1782455204.842563,640,0.000434,inf,STAND_TEST,0.000000,-0.004688,-0.049348,-0.104459,0.000000,0.000000,0.000000,1.000000,1.000000
1782455204.862591,641,0.000404,inf,STAND_TEST,0.000000,-0.004659,-0.049339,-0.104472,0.000000,0.000000,0.000000,1.000000,1.000000
1782455204.882888,642,0.000648,inf,STAND_TEST,0.000000,-0.004676,-0.049367,-0.104465,0.000000,0.000000,0.000000,1.000000,1.000000
1782455204.902987,643,0.000692,inf,STAND_TEST,0.000000,-0.004686,-0.049432,-0.104439,0.000000,0.000000,0.000000,1.000000,1.000000
1782455204.922997,644,0.000646,inf,STAND_TEST,0.000000,-0.004695,-0.049456,-0.104437,0.000000,0.000000,0.000000,1.000000,1.000000
1782455204.943042,645,0.000439,inf,STAND_TEST,0.000000,-0.004696,-0.049479,-0.104445,0.000000,0.000000,0.000000,1.000000,1.000000
1782455204.963110,646,0.000453,inf,STAND_TEST,0.000000,-0.004681,-0.049468,-0.104437,0.000000,0.000000,0.000000,1.000000,1.000000
1782455204.983193,647,0.000483,inf,STAND_TEST,0.000000,-0.004679,-0.049510,-0.104432,0.000000,0.000000,0.000000,1.000000,1.000000
1782455205.003394,648,0.000629,inf,STAND_TEST,0.000000,-0.004669,-0.049554,-0.104418,0.000000,0.000000,0.000000,1.000000,1.000000
1782455205.023254,649,0.000436,inf,STAND_TEST,0.000000,-0.004656,-0.049534,-0.104395,0.000000,0.000000,0.000000,1.000000,1.000000
1782455205.043493,650,0.000619,inf,STAND_TEST,0.000000,-0.004652,-0.049579,-0.104394,0.000000,0.000000,0.000000,1.000000,1.000000
1782455205.063562,651,0.000636,inf,STAND_TEST,0.000000,-0.004661,-0.049599,-0.104390,0.000000,0.000000,0.000000,1.000000,1.000000
1782455205.083602,652,0.000622,inf,STAND_TEST,0.000000,-0.004672,-0.049613,-0.104385,0.000000,0.000000,0.000000,1.000000,1.000000
1782455205.103494,653,0.000413,inf,STAND_TEST,0.000000,-0.004676,-0.049635,-0.104382,0.000000,0.000000,0.000000,1.000000,1.000000
1782455205.123534,654,0.000401,inf,STAND_TEST,0.000000,-0.004664,-0.049637,-0.104400,0.000000,0.000000,0.000000,1.000000,1.000000
1782455205.143694,655,0.000506,inf,STAND_TEST,0.000000,-0.004640,-0.049617,-0.104400,0.000000,0.000000,0.000000,1.000000,1.000000
1782455205.163677,656,0.000434,inf,STAND_TEST,0.000000,-0.004660,-0.049625,-0.104415,0.000000,0.000000,0.000000,1.000000,1.000000
1782455205.183713,657,0.000417,inf,STAND_TEST,0.000000,-0.004665,-0.049623,-0.104401,0.000000,0.000000,0.000000,1.000000,1.000000
1782455205.204000,658,0.000649,inf,STAND_TEST,0.000000,-0.004649,-0.049585,-0.104382,0.000000,0.000000,0.000000,1.000000,1.000000
1782455205.224021,659,0.000438,inf,STAND_TEST,0.000000,-0.004661,-0.049584,-0.104388,0.000000,0.000000,0.000000,1.000000,1.000000
1782455205.244376,660,0.000563,inf,STAND_TEST,0.000000,-0.004682,-0.049621,-0.104404,0.000000,0.000000,0.000000,1.000000,1.000000
1782455205.264355,661,0.000487,inf,STAND_TEST,0.000000,-0.004675,-0.049649,-0.104416,0.000000,0.000000,0.000000,1.000000,1.000000
1782455205.284429,662,0.000455,inf,STAND_TEST,0.000000,-0.004672,-0.049687,-0.104438,0.000000,0.000000,0.000000,1.000000,1.000000
1782455205.304758,663,0.000724,inf,STAND_TEST,0.000000,-0.004676,-0.049702,-0.104431,0.000000,0.000000,0.000000,1.000000,1.000000
1782455205.324823,664,0.000734,inf,STAND_TEST,0.000000,-0.004695,-0.049683,-0.104441,0.000000,0.000000,0.000000,1.000000,1.000000
1782455205.344804,665,0.000661,inf,STAND_TEST,0.000000,-0.004696,-0.049716,-0.104377,0.000000,0.000000,0.000000,1.000000,1.000000
1782455205.364813,666,0.000439,inf,STAND_TEST,0.000000,-0.004693,-0.049694,-0.104352,0.000000,0.000000,0.000000,1.000000,1.000000
1782455205.384849,667,0.000422,inf,STAND_TEST,0.000000,-0.004741,-0.049659,-0.104380,0.000000,0.000000,0.000000,1.000000,1.000000
1782455205.404907,668,0.000427,inf,STAND_TEST,0.000000,-0.004747,-0.049666,-0.104345,0.000000,0.000000,0.000000,1.000000,1.000000
1782455205.424973,669,0.000477,inf,STAND_TEST,0.000000,-0.004738,-0.049658,-0.104343,0.000000,0.000000,0.000000,1.000000,1.000000
1782455205.444984,670,0.000434,inf,STAND_TEST,0.000000,-0.004745,-0.049679,-0.104367,0.000000,0.000000,0.000000,1.000000,1.000000
1782455205.465086,671,0.000480,inf,STAND_TEST,0.000000,-0.004721,-0.049662,-0.104347,0.000000,0.000000,0.000000,1.000000,1.000000
1782455205.485434,672,0.000770,inf,STAND_TEST,0.000000,-0.004715,-0.049667,-0.104330,0.000000,0.000000,0.000000,1.000000,1.000000
1782455205.505424,673,0.000705,inf,STAND_TEST,0.000000,-0.004724,-0.049610,-0.104321,0.000000,0.000000,0.000000,1.000000,1.000000
1782455205.525395,674,0.000621,inf,STAND_TEST,0.000000,-0.004733,-0.049645,-0.104316,0.000000,0.000000,0.000000,1.000000,1.000000
1782455205.545379,675,0.000520,inf,STAND_TEST,0.000000,-0.004732,-0.049665,-0.104323,0.000000,0.000000,0.000000,1.000000,1.000000
1782455205.565379,676,0.000463,inf,STAND_TEST,0.000000,-0.004739,-0.049697,-0.104309,0.000000,0.000000,0.000000,1.000000,1.000000
1782455205.585362,677,0.000392,inf,STAND_TEST,0.000000,-0.004750,-0.049697,-0.104326,0.000000,0.000000,0.000000,1.000000,1.000000
1782455205.605419,678,0.000396,inf,STAND_TEST,0.000000,-0.004747,-0.049713,-0.104325,0.000000,0.000000,0.000000,1.000000,1.000000
1782455205.625551,679,0.000474,inf,STAND_TEST,0.000000,-0.004733,-0.049739,-0.104347,0.000000,0.000000,0.000000,1.000000,1.000000
1782455205.645824,680,0.000692,inf,STAND_TEST,0.000000,-0.004745,-0.049740,-0.104364,0.000000,0.000000,0.000000,1.000000,1.000000
1782455205.665795,681,0.000610,inf,STAND_TEST,0.000000,-0.004717,-0.049735,-0.104345,0.000000,0.000000,0.000000,1.000000,1.000000
1782455205.685956,682,0.000716,inf,STAND_TEST,0.000000,-0.004702,-0.049730,-0.104365,0.000000,0.000000,0.000000,1.000000,1.000000
1782455205.706121,683,0.000827,inf,STAND_TEST,0.000000,-0.004683,-0.049750,-0.104386,0.000000,0.000000,0.000000,1.000000,1.000000
1782455205.725762,684,0.000392,inf,STAND_TEST,0.000000,-0.004685,-0.049734,-0.104448,0.000000,0.000000,0.000000,1.000000,1.000000
1782455205.745918,685,0.000485,inf,STAND_TEST,0.000000,-0.004654,-0.049746,-0.104450,0.000000,0.000000,0.000000,1.000000,1.000000
1782455205.765953,686,0.000432,inf,STAND_TEST,0.000000,-0.004660,-0.049738,-0.104453,0.000000,0.000000,0.000000,1.000000,1.000000
1782455205.785996,687,0.000418,inf,STAND_TEST,0.000000,-0.004668,-0.049735,-0.104466,0.000000,0.000000,0.000000,1.000000,1.000000
1782455205.806061,688,0.000426,inf,STAND_TEST,0.000000,-0.004674,-0.049739,-0.104469,0.000000,0.000000,0.000000,1.000000,1.000000
1782455205.826422,689,0.000676,inf,STAND_TEST,0.000000,-0.004670,-0.049763,-0.104429,0.000000,0.000000,0.000000,1.000000,1.000000
1782455205.846476,690,0.000674,inf,STAND_TEST,0.000000,-0.004644,-0.049739,-0.104434,0.000000,0.000000,0.000000,1.000000,1.000000
1782455205.866524,691,0.000436,inf,STAND_TEST,0.000000,-0.004635,-0.049700,-0.104457,0.000000,0.000000,0.000000,1.000000,1.000000
1782455205.886616,692,0.000426,inf,STAND_TEST,0.000000,-0.004641,-0.049700,-0.104490,0.000000,0.000000,0.000000,1.000000,1.000000
1782455205.906711,693,0.000420,inf,STAND_TEST,0.000000,-0.004637,-0.049696,-0.104500,0.000000,0.000000,0.000000,1.000000,1.000000
1782455205.927202,694,0.000802,inf,STAND_TEST,0.000000,-0.004630,-0.049724,-0.104510,0.000000,0.000000,0.000000,1.000000,1.000000
1782455205.947302,695,0.000802,inf,STAND_TEST,0.000000,-0.004628,-0.049736,-0.104515,0.000000,0.000000,0.000000,1.000000,1.000000
1782455205.967480,696,0.000878,inf,STAND_TEST,0.000000,-0.004635,-0.049723,-0.104499,0.000000,0.000000,0.000000,1.000000,1.000000
1782455205.987144,697,0.000432,inf,STAND_TEST,0.000000,-0.004636,-0.049784,-0.104529,0.000000,0.000000,0.000000,1.000000,1.000000
1782455206.007252,698,0.000433,inf,STAND_TEST,0.000000,-0.004626,-0.049784,-0.104570,0.000000,0.000000,0.000000,1.000000,1.000000
1782455206.027351,699,0.000428,inf,STAND_TEST,0.000000,-0.004632,-0.049786,-0.104581,0.000000,0.000000,0.000000,1.000000,1.000000
1782455206.047447,700,0.000423,inf,STAND_TEST,0.000000,-0.004629,-0.049782,-0.104552,0.000000,0.000000,0.000000,1.000000,1.000000
1782455206.067820,701,0.000686,inf,STAND_TEST,0.000000,-0.004615,-0.049788,-0.104581,0.000000,0.000000,0.000000,1.000000,1.000000
1782455206.087875,702,0.000446,inf,STAND_TEST,0.000000,-0.004599,-0.049759,-0.104618,0.000000,0.000000,0.000000,1.000000,1.000000
1782455206.107966,703,0.000432,inf,STAND_TEST,0.000000,-0.004611,-0.049772,-0.104645,0.000000,0.000000,0.000000,1.000000,1.000000
1782455206.128068,704,0.000425,inf,STAND_TEST,0.000000,-0.004628,-0.049818,-0.104658,0.000000,0.000000,0.000000,1.000000,1.000000
1782455206.148444,705,0.000694,inf,STAND_TEST,0.000000,-0.004635,-0.049826,-0.104644,0.000000,0.000000,0.000000,1.000000,1.000000
1782455206.168547,706,0.000694,inf,STAND_TEST,0.000000,-0.004656,-0.049862,-0.104637,0.000000,0.000000,0.000000,1.000000,1.000000
1782455206.188389,707,0.000435,inf,STAND_TEST,0.000000,-0.004662,-0.049885,-0.104656,0.000000,0.000000,0.000000,1.000000,1.000000
1782455206.208527,708,0.000465,inf,STAND_TEST,0.000000,-0.004647,-0.049864,-0.104667,0.000000,0.000000,0.000000,1.000000,1.000000
1782455206.228696,709,0.000500,inf,STAND_TEST,0.000000,-0.004654,-0.049840,-0.104682,0.000000,0.000000,0.000000,1.000000,1.000000
1782455206.249010,710,0.000707,inf,STAND_TEST,0.000000,-0.004642,-0.049872,-0.104629,0.000000,0.000000,0.000000,1.000000,1.000000
1782455206.269091,711,0.000679,inf,STAND_TEST,0.000000,-0.004635,-0.049864,-0.104621,0.000000,0.000000,0.000000,1.000000,1.000000
1782455206.289196,712,0.000678,inf,STAND_TEST,0.000000,-0.004630,-0.049835,-0.104602,0.000000,0.000000,0.000000,1.000000,1.000000
1782455206.309313,713,0.000687,inf,STAND_TEST,0.000000,-0.004644,-0.049838,-0.104601,0.000000,0.000000,0.000000,1.000000,1.000000
1782455206.329158,714,0.000430,inf,STAND_TEST,0.000000,-0.004615,-0.049827,-0.104575,0.000000,0.000000,0.000000,1.000000,1.000000
1782455206.349272,715,0.000438,inf,STAND_TEST,0.000000,-0.004624,-0.049799,-0.104620,0.000000,0.000000,0.000000,1.000000,1.000000
1782455206.369357,716,0.000467,inf,STAND_TEST,0.000000,-0.004639,-0.049825,-0.104646,0.000000,0.000000,0.000000,1.000000,1.000000
1782455206.389456,717,0.000464,inf,STAND_TEST,0.000000,-0.004630,-0.049792,-0.104690,0.000000,0.000000,0.000000,1.000000,1.000000
1782455206.409792,718,0.000700,inf,STAND_TEST,0.000000,-0.004604,-0.049810,-0.104749,0.000000,0.000000,0.000000,1.000000,1.000000
1782455206.429996,719,0.000847,inf,STAND_TEST,0.000000,-0.004597,-0.049764,-0.104787,0.000000,0.000000,0.000000,1.000000,1.000000
1782455206.449939,720,0.000431,inf,STAND_TEST,0.000000,-0.004606,-0.049764,-0.104720,0.000000,0.000000,0.000000,1.000000,1.000000
1782455206.470039,721,0.000476,inf,STAND_TEST,0.000000,-0.004617,-0.049792,-0.104732,0.000000,0.000000,0.000000,1.000000,1.000000
1782455206.490549,722,0.000928,inf,STAND_TEST,0.000000,-0.004590,-0.049793,-0.104719,0.000000,0.000000,0.000000,1.000000,1.000000
1782455206.510124,723,0.000450,inf,STAND_TEST,0.000000,-0.004574,-0.049782,-0.104720,0.000000,0.000000,0.000000,1.000000,1.000000
1782455206.530330,724,0.000600,inf,STAND_TEST,0.000000,-0.004552,-0.049750,-0.104740,0.000000,0.000000,0.000000,1.000000,1.000000
1782455206.550615,725,0.000783,inf,STAND_TEST,0.000000,-0.004537,-0.049723,-0.104753,0.000000,0.000000,0.000000,1.000000,1.000000
1782455206.570521,726,0.000425,inf,STAND_TEST,0.000000,-0.004545,-0.049758,-0.104804,0.000000,0.000000,0.000000,1.000000,1.000000
1782455206.590632,727,0.000427,inf,STAND_TEST,0.000000,-0.004542,-0.049762,-0.104826,0.000000,0.000000,0.000000,1.000000,1.000000
1782455206.610732,728,0.000472,inf,STAND_TEST,0.000000,-0.004546,-0.049747,-0.104862,0.000000,0.000000,0.000000,1.000000,1.000000
1782455206.630784,729,0.000469,inf,STAND_TEST,0.000000,-0.004561,-0.049754,-0.104889,0.000000,0.000000,0.000000,1.000000,1.000000
1782455206.651215,730,0.000843,inf,STAND_TEST,0.000000,-0.004576,-0.049758,-0.104933,0.000000,0.000000,0.000000,1.000000,1.000000
1782455206.671203,731,0.000776,inf,STAND_TEST,0.000000,-0.004579,-0.049787,-0.104943,0.000000,0.000000,0.000000,1.000000,1.000000
1782455206.690990,732,0.000441,inf,STAND_TEST,0.000000,-0.004566,-0.049805,-0.104932,0.000000,0.000000,0.000000,1.000000,1.000000
1782455206.711055,733,0.000451,inf,STAND_TEST,0.000000,-0.004568,-0.049807,-0.104964,0.000000,0.000000,0.000000,1.000000,1.000000
1782455206.731111,734,0.000453,inf,STAND_TEST,0.000000,-0.004569,-0.049791,-0.104979,0.000000,0.000000,0.000000,1.000000,1.000000
1782455206.751177,735,0.000463,inf,STAND_TEST,0.000000,-0.004575,-0.049798,-0.104954,0.000000,0.000000,0.000000,1.000000,1.000000
1782455206.771204,736,0.000433,inf,STAND_TEST,0.000000,-0.004565,-0.049805,-0.104948,0.000000,0.000000,0.000000,1.000000,1.000000
1782455206.791453,737,0.000626,inf,STAND_TEST,0.000000,-0.004577,-0.049840,-0.104953,0.000000,0.000000,0.000000,1.000000,1.000000
1782455206.811507,738,0.000625,inf,STAND_TEST,0.000000,-0.004583,-0.049883,-0.104967,0.000000,0.000000,0.000000,1.000000,1.000000
1782455206.831553,739,0.000616,inf,STAND_TEST,0.000000,-0.004597,-0.049860,-0.104993,0.000000,0.000000,0.000000,1.000000,1.000000
1782455206.851632,740,0.000641,inf,STAND_TEST,0.000000,-0.004591,-0.049875,-0.104972,0.000000,0.000000,0.000000,1.000000,1.000000
1782455206.871636,741,0.000434,inf,STAND_TEST,0.000000,-0.004586,-0.049831,-0.105008,0.000000,0.000000,0.000000,1.000000,1.000000
1782455206.891763,742,0.000479,inf,STAND_TEST,0.000000,-0.004585,-0.049847,-0.104946,0.000000,0.000000,0.000000,1.000000,1.000000
1782455206.911822,743,0.000428,inf,STAND_TEST,0.000000,-0.004589,-0.049812,-0.104949,0.000000,0.000000,0.000000,1.000000,1.000000
1782455206.932195,744,0.000689,inf,STAND_TEST,0.000000,-0.004566,-0.049771,-0.104938,0.000000,0.000000,0.000000,1.000000,1.000000
1782455206.952426,745,0.000811,inf,STAND_TEST,0.000000,-0.004572,-0.049763,-0.104961,0.000000,0.000000,0.000000,1.000000,1.000000
1782455206.972303,746,0.000467,inf,STAND_TEST,0.000000,-0.004555,-0.049739,-0.104978,0.000000,0.000000,0.000000,1.000000,1.000000
1782455206.992342,747,0.000448,inf,STAND_TEST,0.000000,-0.004547,-0.049683,-0.105016,0.000000,0.000000,0.000000,1.000000,1.000000
1782455207.012412,748,0.000464,inf,STAND_TEST,0.000000,-0.004548,-0.049676,-0.104999,0.000000,0.000000,0.000000,1.000000,1.000000
1782455207.032475,749,0.000472,inf,STAND_TEST,0.000000,-0.004543,-0.049643,-0.105029,0.000000,0.000000,0.000000,1.000000,1.000000
1782455207.052688,750,0.000629,inf,STAND_TEST,0.000000,-0.004544,-0.049604,-0.105006,0.000000,0.000000,0.000000,1.000000,1.000000
1782455207.072521,751,0.000406,inf,STAND_TEST,0.000000,-0.004550,-0.049601,-0.105008,0.000000,0.000000,0.000000,1.000000,1.000000
1782455207.092810,752,0.000639,inf,STAND_TEST,0.000000,-0.004555,-0.049592,-0.105034,0.000000,0.000000,0.000000,1.000000,1.000000
1782455207.112858,753,0.000631,inf,STAND_TEST,0.000000,-0.004582,-0.049604,-0.105083,0.000000,0.000000,0.000000,1.000000,1.000000
1782455207.132895,754,0.000428,inf,STAND_TEST,0.000000,-0.004561,-0.049611,-0.105096,0.000000,0.000000,0.000000,1.000000,1.000000
1782455207.152946,755,0.000423,inf,STAND_TEST,0.000000,-0.004561,-0.049618,-0.105098,0.000000,0.000000,0.000000,1.000000,1.000000
1782455207.173045,756,0.000465,inf,STAND_TEST,0.000000,-0.004571,-0.049631,-0.105110,0.000000,0.000000,0.000000,1.000000,1.000000
1782455207.193085,757,0.000449,inf,STAND_TEST,0.000000,-0.004577,-0.049594,-0.105135,0.000000,0.000000,0.000000,1.000000,1.000000
1782455207.213161,758,0.000469,inf,STAND_TEST,0.000000,-0.004600,-0.049597,-0.105172,0.000000,0.000000,0.000000,1.000000,1.000000
1782455207.233531,759,0.000782,inf,STAND_TEST,0.000000,-0.004606,-0.049581,-0.105166,0.000000,0.000000,0.000000,1.000000,1.000000
1782455207.253470,760,0.000666,inf,STAND_TEST,0.000000,-0.004606,-0.049565,-0.105187,0.000000,0.000000,0.000000,1.000000,1.000000
1782455207.273459,761,0.000599,inf,STAND_TEST,0.000000,-0.004608,-0.049564,-0.105215,0.000000,0.000000,0.000000,1.000000,1.000000
1782455207.293439,762,0.000477,inf,STAND_TEST,0.000000,-0.004615,-0.049571,-0.105227,0.000000,0.000000,0.000000,1.000000,1.000000
1782455207.313462,763,0.000445,inf,STAND_TEST,0.000000,-0.004599,-0.049549,-0.105238,0.000000,0.000000,0.000000,1.000000,1.000000
1782455207.333654,764,0.000580,inf,STAND_TEST,0.000000,-0.004630,-0.049559,-0.105242,0.000000,0.000000,0.000000,1.000000,1.000000
1782455207.353708,765,0.000578,inf,STAND_TEST,0.000000,-0.004634,-0.049586,-0.105238,0.000000,0.000000,0.000000,1.000000,1.000000
1782455207.373663,766,0.000478,inf,STAND_TEST,0.000000,-0.004612,-0.049617,-0.105237,0.000000,0.000000,0.000000,1.000000,1.000000
1782455207.393920,767,0.000677,inf,STAND_TEST,0.000000,-0.004618,-0.049624,-0.105247,0.000000,0.000000,0.000000,1.000000,1.000000
1782455207.413981,768,0.000682,inf,STAND_TEST,0.000000,-0.004618,-0.049669,-0.105266,0.000000,0.000000,0.000000,1.000000,1.000000
1782455207.434023,769,0.000559,inf,STAND_TEST,0.000000,-0.004651,-0.049665,-0.105291,0.000000,0.000000,0.000000,1.000000,1.000000
1782455207.454443,770,0.000816,inf,STAND_TEST,0.000000,-0.004663,-0.049717,-0.105297,0.000000,0.000000,0.000000,1.000000,1.000000
1782455207.474218,771,0.000533,inf,STAND_TEST,0.000000,-0.004653,-0.049703,-0.105318,0.000000,0.000000,0.000000,1.000000,1.000000
1782455207.494257,772,0.000514,inf,STAND_TEST,0.000000,-0.004639,-0.049717,-0.105330,0.000000,0.000000,0.000000,1.000000,1.000000
1782455207.514573,773,0.000771,inf,STAND_TEST,0.000000,-0.004617,-0.049708,-0.105348,0.000000,0.000000,0.000000,1.000000,1.000000
1782455207.534571,774,0.000711,inf,STAND_TEST,0.000000,-0.004620,-0.049731,-0.105340,0.000000,0.000000,0.000000,1.000000,1.000000
1782455207.554585,775,0.000666,inf,STAND_TEST,0.000000,-0.004648,-0.049714,-0.105322,0.000000,0.000000,0.000000,1.000000,1.000000
1782455207.574706,776,0.000730,inf,STAND_TEST,0.000000,-0.004622,-0.049699,-0.105350,0.000000,0.000000,0.000000,1.000000,1.000000
1782455207.594670,777,0.000562,inf,STAND_TEST,0.000000,-0.004637,-0.049674,-0.105415,0.000000,0.000000,0.000000,1.000000,1.000000
1782455207.614640,778,0.000473,inf,STAND_TEST,0.000000,-0.004623,-0.049675,-0.105420,0.000000,0.000000,0.000000,1.000000,1.000000
1782455207.634659,779,0.000434,inf,STAND_TEST,0.000000,-0.004595,-0.049623,-0.105473,0.000000,0.000000,0.000000,1.000000,1.000000
1782455207.654762,780,0.000481,inf,STAND_TEST,0.000000,-0.004582,-0.049648,-0.105436,0.000000,0.000000,0.000000,1.000000,1.000000
1782455207.674769,781,0.000434,inf,STAND_TEST,0.000000,-0.004557,-0.049624,-0.105445,0.000000,0.000000,0.000000,1.000000,1.000000
1782455207.695047,782,0.000656,inf,STAND_TEST,0.000000,-0.004551,-0.049605,-0.105458,0.000000,0.000000,0.000000,1.000000,1.000000
1782455207.715154,783,0.000709,inf,STAND_TEST,0.000000,-0.004576,-0.049576,-0.105444,0.000000,0.000000,0.000000,1.000000,1.000000
1782455207.735161,784,0.000662,inf,STAND_TEST,0.000000,-0.004581,-0.049583,-0.105474,0.000000,0.000000,0.000000,1.000000,1.000000
1782455207.755108,785,0.000504,inf,STAND_TEST,0.000000,-0.004591,-0.049567,-0.105512,0.000000,0.000000,0.000000,1.000000,1.000000
1782455207.775102,786,0.000441,inf,STAND_TEST,0.000000,-0.004590,-0.049582,-0.105481,0.000000,0.000000,0.000000,1.000000,1.000000
1782455207.795163,787,0.000447,inf,STAND_TEST,0.000000,-0.004586,-0.049613,-0.105459,0.000000,0.000000,0.000000,1.000000,1.000000
1782455207.815202,788,0.000429,inf,STAND_TEST,0.000000,-0.004543,-0.049618,-0.105424,0.000000,0.000000,0.000000,1.000000,1.000000
1782455207.835230,789,0.000400,inf,STAND_TEST,0.000000,-0.004530,-0.049637,-0.105408,0.000000,0.000000,0.000000,1.000000,1.000000
1782455207.855594,790,0.000707,inf,STAND_TEST,0.000000,-0.004501,-0.049653,-0.105380,0.000000,0.000000,0.000000,1.000000,1.000000
1782455207.876112,791,0.001165,inf,STAND_TEST,0.000000,-0.004492,-0.049626,-0.105372,0.000000,0.000000,0.000000,1.000000,1.000000
1782455207.895846,792,0.000790,inf,STAND_TEST,0.000000,-0.004493,-0.049639,-0.105337,0.000000,0.000000,0.000000,1.000000,1.000000
1782455207.915716,793,0.000442,inf,STAND_TEST,0.000000,-0.004490,-0.049642,-0.105338,0.000000,0.000000,0.000000,1.000000,1.000000
1782455207.935818,794,0.000438,inf,STAND_TEST,0.000000,-0.004460,-0.049631,-0.105310,0.000000,0.000000,0.000000,1.000000,1.000000
1782455207.955981,795,0.000543,inf,STAND_TEST,0.000000,-0.004461,-0.049649,-0.105300,0.000000,0.000000,0.000000,1.000000,1.000000
1782455207.976085,796,0.000590,inf,STAND_TEST,0.000000,-0.004493,-0.049679,-0.105303,0.000000,0.000000,0.000000,1.000000,1.000000
1782455207.996288,797,0.000737,inf,STAND_TEST,0.000000,-0.004500,-0.049659,-0.105312,0.000000,0.000000,0.000000,1.000000,1.000000
1782455208.016104,798,0.000499,inf,STAND_TEST,0.000000,-0.004490,-0.049650,-0.105308,0.000000,0.000000,0.000000,1.000000,1.000000
1782455208.036340,799,0.000679,inf,STAND_TEST,0.000000,-0.004467,-0.049658,-0.105285,0.000000,0.000000,0.000000,1.000000,1.000000
1782455208.056311,800,0.000450,inf,STAND_TEST,0.000000,-0.004472,-0.049672,-0.105282,0.000000,0.000000,0.000000,1.000000,1.000000
1782455208.076336,801,0.000419,inf,STAND_TEST,0.000000,-0.004474,-0.049685,-0.105320,0.000000,0.000000,0.000000,1.000000,1.000000
1782455208.096437,802,0.000463,inf,STAND_TEST,0.000000,-0.004497,-0.049697,-0.105337,0.000000,0.000000,0.000000,1.000000,1.000000
1782455208.116437,803,0.000408,inf,STAND_TEST,0.000000,-0.004472,-0.049654,-0.105350,0.000000,0.000000,0.000000,1.000000,1.000000
1782455208.136836,804,0.000706,inf,STAND_TEST,0.000000,-0.004490,-0.049655,-0.105353,0.000000,0.000000,0.000000,1.000000,1.000000
1782455208.157000,805,0.000812,inf,STAND_TEST,0.000000,-0.004487,-0.049645,-0.105342,0.000000,0.000000,0.000000,1.000000,1.000000
1782455208.176946,806,0.000701,inf,STAND_TEST,0.000000,-0.004474,-0.049687,-0.105337,0.000000,0.000000,0.000000,1.000000,1.000000
1782455208.196959,807,0.000658,inf,STAND_TEST,0.000000,-0.004502,-0.049733,-0.105361,0.000000,0.000000,0.000000,1.000000,1.000000
1782455208.216897,808,0.000430,inf,STAND_TEST,0.000000,-0.004493,-0.049731,-0.105381,0.000000,0.000000,0.000000,1.000000,1.000000
1782455208.236955,809,0.000431,inf,STAND_TEST,0.000000,-0.004471,-0.049756,-0.105376,0.000000,0.000000,0.000000,1.000000,1.000000
1782455208.257038,810,0.000460,inf,STAND_TEST,0.000000,-0.004478,-0.049771,-0.105387,0.000000,0.000000,0.000000,1.000000,1.000000
1782455208.277076,811,0.000440,inf,STAND_TEST,0.000000,-0.004514,-0.049780,-0.105376,0.000000,0.000000,0.000000,1.000000,1.000000
1782455208.297359,812,0.000667,inf,STAND_TEST,0.000000,-0.004526,-0.049766,-0.105377,0.000000,0.000000,0.000000,1.000000,1.000000
1782455208.317436,813,0.000688,inf,STAND_TEST,0.000000,-0.004537,-0.049789,-0.105370,0.000000,0.000000,0.000000,1.000000,1.000000
1782455208.337580,814,0.000776,inf,STAND_TEST,0.000000,-0.004511,-0.049799,-0.105331,0.000000,0.000000,0.000000,1.000000,1.000000
1782455208.357365,815,0.000427,inf,STAND_TEST,0.000000,-0.004519,-0.049755,-0.105269,0.000000,0.000000,0.000000,1.000000,1.000000
1782455208.377476,816,0.000441,inf,STAND_TEST,0.000000,-0.004506,-0.049781,-0.105259,0.000000,0.000000,0.000000,1.000000,1.000000
1782455208.397471,817,0.000381,inf,STAND_TEST,0.000000,-0.004528,-0.049774,-0.105264,0.000000,0.000000,0.000000,1.000000,1.000000
1782455208.417682,818,0.000535,inf,STAND_TEST,0.000000,-0.004538,-0.049730,-0.105262,0.000000,0.000000,0.000000,1.000000,1.000000
1782455208.438002,819,0.000799,inf,STAND_TEST,0.000000,-0.004568,-0.049775,-0.105248,0.000000,0.000000,0.000000,1.000000,1.000000
1782455208.457716,820,0.000459,inf,STAND_TEST,0.000000,-0.004577,-0.049775,-0.105237,0.000000,0.000000,0.000000,1.000000,1.000000
1782455208.478074,821,0.000424,inf,STAND_TEST,0.000000,-0.004577,-0.049755,-0.105209,0.000000,0.000000,0.000000,1.000000,1.000000
1782455208.498182,822,0.000475,inf,STAND_TEST,0.000000,-0.004559,-0.049776,-0.105185,0.000000,0.000000,0.000000,1.000000,1.000000
1782455208.518235,823,0.000428,inf,STAND_TEST,0.000000,-0.004556,-0.049760,-0.105183,0.000000,0.000000,0.000000,1.000000,1.000000
1782455208.538320,824,0.000454,inf,STAND_TEST,0.000000,-0.004539,-0.049778,-0.105159,0.000000,0.000000,0.000000,1.000000,1.000000
1782455208.558666,825,0.000688,inf,STAND_TEST,0.000000,-0.004533,-0.049765,-0.105195,0.000000,0.000000,0.000000,1.000000,1.000000
1782455208.578728,826,0.000691,inf,STAND_TEST,0.000000,-0.004532,-0.049753,-0.105191,0.000000,0.000000,0.000000,1.000000,1.000000
1782455208.598741,827,0.000649,inf,STAND_TEST,0.000000,-0.004539,-0.049759,-0.105188,0.000000,0.000000,0.000000,1.000000,1.000000
1782455208.618777,828,0.000457,inf,STAND_TEST,0.000000,-0.004528,-0.049792,-0.105221,0.000000,0.000000,0.000000,1.000000,1.000000
1782455208.638815,829,0.000438,inf,STAND_TEST,0.000000,-0.004501,-0.049741,-0.105258,0.000000,0.000000,0.000000,1.000000,1.000000
1782455208.658811,830,0.000378,inf,STAND_TEST,0.000000,-0.004498,-0.049777,-0.105281,0.000000,0.000000,0.000000,1.000000,1.000000
1782455208.679033,831,0.000482,inf,STAND_TEST,0.000000,-0.004490,-0.049796,-0.105268,0.000000,0.000000,0.000000,1.000000,1.000000
1782455208.699372,832,0.000710,inf,STAND_TEST,0.000000,-0.004480,-0.049802,-0.105286,0.000000,0.000000,0.000000,1.000000,1.000000
1782455208.719468,833,0.000684,inf,STAND_TEST,0.000000,-0.004472,-0.049762,-0.105304,0.000000,0.000000,0.000000,1.000000,1.000000
1782455208.739451,834,0.000443,inf,STAND_TEST,0.000000,-0.004473,-0.049740,-0.105284,0.000000,0.000000,0.000000,1.000000,1.000000
1782455208.759568,835,0.000449,inf,STAND_TEST,0.000000,-0.004457,-0.049729,-0.105289,0.000000,0.000000,0.000000,1.000000,1.000000
1782455208.779942,836,0.000693,inf,STAND_TEST,0.000000,-0.004482,-0.049707,-0.105275,0.000000,0.000000,0.000000,1.000000,1.000000
1782455208.800039,837,0.000686,inf,STAND_TEST,0.000000,-0.004454,-0.049702,-0.105294,0.000000,0.000000,0.000000,1.000000,1.000000
1782455208.820156,838,0.000482,inf,STAND_TEST,0.000000,-0.004447,-0.049751,-0.105295,0.000000,0.000000,0.000000,1.000000,1.000000
1782455208.840215,839,0.000437,inf,STAND_TEST,0.000000,-0.004469,-0.049755,-0.105312,0.000000,0.000000,0.000000,1.000000,1.000000
1782455208.860304,840,0.000421,inf,STAND_TEST,0.000000,-0.004452,-0.049771,-0.105358,0.000000,0.000000,0.000000,1.000000,1.000000
1782455208.880436,841,0.000443,inf,STAND_TEST,0.000000,-0.004436,-0.049752,-0.105328,0.000000,0.000000,0.000000,1.000000,1.000000
1782455208.900816,842,0.000715,inf,STAND_TEST,0.000000,-0.004443,-0.049749,-0.105342,0.000000,0.000000,0.000000,1.000000,1.000000
1782455208.920877,843,0.000670,inf,STAND_TEST,0.000000,-0.004443,-0.049754,-0.105335,0.000000,0.000000,0.000000,1.000000,1.000000
1782455208.940743,844,0.000432,inf,STAND_TEST,0.000000,-0.004430,-0.049765,-0.105320,0.000000,0.000000,0.000000,1.000000,1.000000
1782455208.960822,845,0.000452,inf,STAND_TEST,0.000000,-0.004423,-0.049801,-0.105298,0.000000,0.000000,0.000000,1.000000,1.000000
1782455208.980926,846,0.000446,inf,STAND_TEST,0.000000,-0.004424,-0.049823,-0.105305,0.000000,0.000000,0.000000,1.000000,1.000000
1782455209.001434,847,0.000896,inf,STAND_TEST,0.000000,-0.004415,-0.049835,-0.105311,0.000000,0.000000,0.000000,1.000000,1.000000
1782455209.021078,848,0.000485,inf,STAND_TEST,0.000000,-0.004423,-0.049805,-0.105319,0.000000,0.000000,0.000000,1.000000,1.000000
1782455209.041299,849,0.000650,inf,STAND_TEST,0.000000,-0.004407,-0.049757,-0.105340,0.000000,0.000000,0.000000,1.000000,1.000000
1782455209.061363,850,0.000424,inf,STAND_TEST,0.000000,-0.004410,-0.049708,-0.105323,0.000000,0.000000,0.000000,1.000000,1.000000
1782455209.081489,851,0.000434,inf,STAND_TEST,0.000000,-0.004429,-0.049714,-0.105332,0.000000,0.000000,0.000000,1.000000,1.000000
1782455209.101543,852,0.000431,inf,STAND_TEST,0.000000,-0.004425,-0.049769,-0.105320,0.000000,0.000000,0.000000,1.000000,1.000000
1782455209.121644,853,0.000476,inf,STAND_TEST,0.000000,-0.004400,-0.049784,-0.105258,0.000000,0.000000,0.000000,1.000000,1.000000
1782455209.141671,854,0.000448,inf,STAND_TEST,0.000000,-0.004388,-0.049809,-0.105216,0.000000,0.000000,0.000000,1.000000,1.000000
1782455209.161988,855,0.000709,inf,STAND_TEST,0.000000,-0.004396,-0.049788,-0.105208,0.000000,0.000000,0.000000,1.000000,1.000000
1782455209.182008,856,0.000671,inf,STAND_TEST,0.000000,-0.004403,-0.049789,-0.105200,0.000000,0.000000,0.000000,1.000000,1.000000
1782455209.201982,857,0.000426,inf,STAND_TEST,0.000000,-0.004413,-0.049787,-0.105157,0.000000,0.000000,0.000000,1.000000,1.000000
1782455209.222085,858,0.000470,inf,STAND_TEST,0.000000,-0.004400,-0.049791,-0.105140,0.000000,0.000000,0.000000,1.000000,1.000000
1782455209.242136,859,0.000464,inf,STAND_TEST,0.000000,-0.004408,-0.049773,-0.105139,0.000000,0.000000,0.000000,1.000000,1.000000
1782455209.262109,860,0.000380,inf,STAND_TEST,0.000000,-0.004406,-0.049779,-0.105162,0.000000,0.000000,0.000000,1.000000,1.000000
1782455209.282331,861,0.000491,inf,STAND_TEST,0.000000,-0.004396,-0.049731,-0.105175,0.000000,0.000000,0.000000,1.000000,1.000000
1782455209.302644,862,0.000696,inf,STAND_TEST,0.000000,-0.004414,-0.049712,-0.105120,0.000000,0.000000,0.000000,1.000000,1.000000
1782455209.322613,863,0.000436,inf,STAND_TEST,0.000000,-0.004432,-0.049699,-0.105089,0.000000,0.000000,0.000000,1.000000,1.000000
1782455209.343195,864,0.000958,inf,STAND_TEST,0.000000,-0.004432,-0.049640,-0.105094,0.000000,0.000000,0.000000,1.000000,1.000000
1782455209.362833,865,0.000536,inf,STAND_TEST,0.000000,-0.004403,-0.049629,-0.105116,0.000000,0.000000,0.000000,1.000000,1.000000
1782455209.382861,866,0.000507,inf,STAND_TEST,0.000000,-0.004411,-0.049645,-0.105121,0.000000,0.000000,0.000000,1.000000,1.000000
1782455209.402907,867,0.000448,inf,STAND_TEST,0.000000,-0.004396,-0.049629,-0.105093,0.000000,0.000000,0.000000,1.000000,1.000000
1782455209.423019,868,0.000448,inf,STAND_TEST,0.000000,-0.004406,-0.049631,-0.105052,0.000000,0.000000,0.000000,1.000000,1.000000
1782455209.443384,869,0.000697,inf,STAND_TEST,0.000000,-0.004412,-0.049629,-0.105072,0.000000,0.000000,0.000000,1.000000,1.000000
1782455209.463454,870,0.000421,inf,STAND_TEST,0.000000,-0.004428,-0.049669,-0.105089,0.000000,0.000000,0.000000,1.000000,1.000000
1782455209.483574,871,0.000433,inf,STAND_TEST,0.000000,-0.004422,-0.049648,-0.105102,0.000000,0.000000,0.000000,1.000000,1.000000
1782455209.503694,872,0.000445,inf,STAND_TEST,0.000000,-0.004401,-0.049665,-0.105093,0.000000,0.000000,0.000000,1.000000,1.000000
1782455209.524019,873,0.000429,inf,STAND_TEST,0.000000,-0.004396,-0.049683,-0.105098,0.000000,0.000000,0.000000,1.000000,1.000000
1782455209.544363,874,0.000666,inf,STAND_TEST,0.000000,-0.004386,-0.049703,-0.105104,0.000000,0.000000,0.000000,1.000000,1.000000
1782455209.564203,875,0.000447,inf,STAND_TEST,0.000000,-0.004404,-0.049741,-0.105092,0.000000,0.000000,0.000000,1.000000,1.000000
1782455209.584325,876,0.000514,inf,STAND_TEST,0.000000,-0.004442,-0.049786,-0.105070,0.000000,0.000000,0.000000,1.000000,1.000000
1782455209.604338,877,0.000456,inf,STAND_TEST,0.000000,-0.004440,-0.049775,-0.105035,0.000000,0.000000,0.000000,1.000000,1.000000
1782455209.624678,878,0.000683,inf,STAND_TEST,0.000000,-0.004500,-0.049787,-0.105022,0.000000,0.000000,0.000000,1.000000,1.000000
1782455209.644775,879,0.000445,inf,STAND_TEST,0.000000,-0.004496,-0.049783,-0.104986,0.000000,0.000000,0.000000,1.000000,1.000000
1782455209.664852,880,0.000415,inf,STAND_TEST,0.000000,-0.004469,-0.049762,-0.104994,0.000000,0.000000,0.000000,1.000000,1.000000
1782455209.684986,881,0.000426,inf,STAND_TEST,0.000000,-0.004473,-0.049757,-0.105001,0.000000,0.000000,0.000000,1.000000,1.000000
1782455209.705108,882,0.000440,inf,STAND_TEST,0.000000,-0.004464,-0.049756,-0.105012,0.000000,0.000000,0.000000,1.000000,1.000000
1782455209.725448,883,0.000675,inf,STAND_TEST,0.000000,-0.004468,-0.049735,-0.105027,0.000000,0.000000,0.000000,1.000000,1.000000
1782455209.745687,884,0.000649,inf,STAND_TEST,0.000000,-0.004478,-0.049743,-0.105049,0.000000,0.000000,0.000000,1.000000,1.000000
1782455209.765596,885,0.000452,inf,STAND_TEST,0.000000,-0.004489,-0.049750,-0.105011,0.000000,0.000000,0.000000,1.000000,1.000000
1782455209.785818,886,0.000562,inf,STAND_TEST,0.000000,-0.004497,-0.049758,-0.105043,0.000000,0.000000,0.000000,1.000000,1.000000
1782455209.806129,887,0.000765,inf,STAND_TEST,0.000000,-0.004483,-0.049788,-0.105045,0.000000,0.000000,0.000000,1.000000,1.000000
1782455209.825891,888,0.000473,inf,STAND_TEST,0.000000,-0.004487,-0.049795,-0.105051,0.000000,0.000000,0.000000,1.000000,1.000000
1782455209.846038,889,0.000450,inf,STAND_TEST,0.000000,-0.004484,-0.049789,-0.105060,0.000000,0.000000,0.000000,1.000000,1.000000
1782455209.866196,890,0.000446,inf,STAND_TEST,0.000000,-0.004481,-0.049784,-0.105023,0.000000,0.000000,0.000000,1.000000,1.000000
1782455209.886230,891,0.000426,inf,STAND_TEST,0.000000,-0.004504,-0.049803,-0.105038,0.000000,0.000000,0.000000,1.000000,1.000000
1782455209.906317,892,0.000457,inf,STAND_TEST,0.000000,-0.004526,-0.049815,-0.105073,0.000000,0.000000,0.000000,1.000000,1.000000
1782455209.926344,893,0.000429,inf,STAND_TEST,0.000000,-0.004516,-0.049816,-0.105040,0.000000,0.000000,0.000000,1.000000,1.000000
1782455209.946725,894,0.000752,inf,STAND_TEST,0.000000,-0.004503,-0.049828,-0.105019,0.000000,0.000000,0.000000,1.000000,1.000000
1782455209.966783,895,0.000753,inf,STAND_TEST,0.000000,-0.004534,-0.049820,-0.105000,0.000000,0.000000,0.000000,1.000000,1.000000
1782455209.986731,896,0.000646,inf,STAND_TEST,0.000000,-0.004508,-0.049820,-0.105009,0.000000,0.000000,0.000000,1.000000,1.000000
1782455210.006777,897,0.000423,inf,STAND_TEST,0.000000,-0.004495,-0.049815,-0.105020,0.000000,0.000000,0.000000,1.000000,1.000000
1782455210.026880,898,0.000471,inf,STAND_TEST,0.000000,-0.004499,-0.049776,-0.105039,0.000000,0.000000,0.000000,1.000000,1.000000
1782455210.046891,899,0.000425,inf,STAND_TEST,0.000000,-0.004497,-0.049779,-0.105023,0.000000,0.000000,0.000000,1.000000,1.000000
1782455210.067003,900,0.000429,inf,STAND_TEST,0.000000,-0.004529,-0.049792,-0.105044,0.000000,0.000000,0.000000,1.000000,1.000000
1782455210.087372,901,0.000692,inf,STAND_TEST,0.000000,-0.004517,-0.049757,-0.105049,0.000000,0.000000,0.000000,1.000000,1.000000
1782455210.107305,902,0.000429,inf,STAND_TEST,0.000000,-0.004529,-0.049767,-0.105063,0.000000,0.000000,0.000000,1.000000,1.000000
1782455210.127404,903,0.000417,inf,STAND_TEST,0.000000,-0.004516,-0.049718,-0.105083,0.000000,0.000000,0.000000,1.000000,1.000000
1782455210.147521,904,0.000428,inf,STAND_TEST,0.000000,-0.004556,-0.049769,-0.105069,0.000000,0.000000,0.000000,1.000000,1.000000
1782455210.167697,905,0.000496,inf,STAND_TEST,0.000000,-0.004568,-0.049789,-0.105084,0.000000,0.000000,0.000000,1.000000,1.000000
1782455210.187993,906,0.000684,inf,STAND_TEST,0.000000,-0.004567,-0.049826,-0.105088,0.000000,0.000000,0.000000,1.000000,1.000000
1782455210.208088,907,0.000680,inf,STAND_TEST,0.000000,-0.004584,-0.049821,-0.105111,0.000000,0.000000,0.000000,1.000000,1.000000
1782455210.228057,908,0.000427,inf,STAND_TEST,0.000000,-0.004619,-0.049847,-0.105151,0.000000,0.000000,0.000000,1.000000,1.000000
1782455210.248170,909,0.000434,inf,STAND_TEST,0.000000,-0.004623,-0.049839,-0.105176,0.000000,0.000000,0.000000,1.000000,1.000000
1782455210.268219,910,0.000425,inf,STAND_TEST,0.000000,-0.004639,-0.049840,-0.105182,0.000000,0.000000,0.000000,1.000000,1.000000
1782455210.288317,911,0.000420,inf,STAND_TEST,0.000000,-0.004661,-0.049821,-0.105177,0.000000,0.000000,0.000000,1.000000,1.000000
1782455210.308424,912,0.000421,inf,STAND_TEST,0.000000,-0.004681,-0.049781,-0.105185,0.000000,0.000000,0.000000,1.000000,1.000000
1782455210.328784,913,0.000672,inf,STAND_TEST,0.000000,-0.004666,-0.049777,-0.105189,0.000000,0.000000,0.000000,1.000000,1.000000
1782455210.348893,914,0.000673,inf,STAND_TEST,0.000000,-0.004646,-0.049789,-0.105139,0.000000,0.000000,0.000000,1.000000,1.000000
1782455210.368716,915,0.000439,inf,STAND_TEST,0.000000,-0.004643,-0.049808,-0.105165,0.000000,0.000000,0.000000,1.000000,1.000000
1782455210.388822,916,0.000485,inf,STAND_TEST,0.000000,-0.004638,-0.049782,-0.105149,0.000000,0.000000,0.000000,1.000000,1.000000
1782455210.408806,917,0.000414,inf,STAND_TEST,0.000000,-0.004667,-0.049797,-0.105191,0.000000,0.000000,0.000000,1.000000,1.000000
1782455210.428925,918,0.000477,inf,STAND_TEST,0.000000,-0.004680,-0.049820,-0.105224,0.000000,0.000000,0.000000,1.000000,1.000000
1782455210.448921,919,0.000420,inf,STAND_TEST,0.000000,-0.004694,-0.049827,-0.105252,0.000000,0.000000,0.000000,1.000000,1.000000
1782455210.469193,920,0.000639,inf,STAND_TEST,0.000000,-0.004719,-0.049822,-0.105271,0.000000,0.000000,0.000000,1.000000,1.000000
1782455210.489228,921,0.000620,inf,STAND_TEST,0.000000,-0.004722,-0.049819,-0.105281,0.000000,0.000000,0.000000,1.000000,1.000000
1782455210.509308,922,0.000439,inf,STAND_TEST,0.000000,-0.004734,-0.049859,-0.105233,0.000000,0.000000,0.000000,1.000000,1.000000
1782455210.529346,923,0.000423,inf,STAND_TEST,0.000000,-0.004741,-0.049841,-0.105245,0.000000,0.000000,0.000000,1.000000,1.000000
1782455210.549424,924,0.000447,inf,STAND_TEST,0.000000,-0.004752,-0.049805,-0.105293,0.000000,0.000000,0.000000,1.000000,1.000000
1782455210.569483,925,0.000451,inf,STAND_TEST,0.000000,-0.004755,-0.049833,-0.105267,0.000000,0.000000,0.000000,1.000000,1.000000
1782455210.589540,926,0.000454,inf,STAND_TEST,0.000000,-0.004773,-0.049855,-0.105285,0.000000,0.000000,0.000000,1.000000,1.000000
1782455210.609562,927,0.000422,inf,STAND_TEST,0.000000,-0.004725,-0.049861,-0.105273,0.000000,0.000000,0.000000,1.000000,1.000000
1782455210.629850,928,0.000656,inf,STAND_TEST,0.000000,-0.004746,-0.049855,-0.105301,0.000000,0.000000,0.000000,1.000000,1.000000
1782455210.649897,929,0.000650,inf,STAND_TEST,0.000000,-0.004765,-0.049868,-0.105293,0.000000,0.000000,0.000000,1.000000,1.000000
1782455210.669932,930,0.000420,inf,STAND_TEST,0.000000,-0.004747,-0.049876,-0.105314,0.000000,0.000000,0.000000,1.000000,1.000000
1782455210.689992,931,0.000425,inf,STAND_TEST,0.000000,-0.004746,-0.049866,-0.105287,0.000000,0.000000,0.000000,1.000000,1.000000
1782455210.710164,932,0.000542,inf,STAND_TEST,0.000000,-0.004764,-0.049887,-0.105294,0.000000,0.000000,0.000000,1.000000,1.000000
1782455210.730172,933,0.000496,inf,STAND_TEST,0.000000,-0.004746,-0.049900,-0.105308,0.000000,0.000000,0.000000,1.000000,1.000000
1782455210.750509,934,0.000777,inf,STAND_TEST,0.000000,-0.004731,-0.049928,-0.105281,0.000000,0.000000,0.000000,1.000000,1.000000
1782455210.770554,935,0.000767,inf,STAND_TEST,0.000000,-0.004755,-0.049926,-0.105288,0.000000,0.000000,0.000000,1.000000,1.000000
1782455210.790735,936,0.000845,inf,STAND_TEST,0.000000,-0.004773,-0.049930,-0.105315,0.000000,0.000000,0.000000,1.000000,1.000000
1782455210.810792,937,0.000648,inf,STAND_TEST,0.000000,-0.004776,-0.049914,-0.105323,0.000000,0.000000,0.000000,1.000000,1.000000
1782455210.830825,938,0.000582,inf,STAND_TEST,0.000000,-0.004757,-0.049929,-0.105305,0.000000,0.000000,0.000000,1.000000,1.000000
1782455210.851098,939,0.000799,inf,STAND_TEST,0.000000,-0.004745,-0.049886,-0.105325,0.000000,0.000000,0.000000,1.000000,1.000000
1782455210.870785,940,0.000430,inf,STAND_TEST,0.000000,-0.004744,-0.049873,-0.105362,0.000000,0.000000,0.000000,1.000000,1.000000
1782455210.891095,941,0.000683,inf,STAND_TEST,0.000000,-0.004736,-0.049835,-0.105389,0.000000,0.000000,0.000000,1.000000,1.000000
1782455210.911123,942,0.000654,inf,STAND_TEST,0.000000,-0.004732,-0.049840,-0.105419,0.000000,0.000000,0.000000,1.000000,1.000000
1782455210.931328,943,0.000804,inf,STAND_TEST,0.000000,-0.004732,-0.049863,-0.105453,0.000000,0.000000,0.000000,1.000000,1.000000
1782455210.951128,944,0.000488,inf,STAND_TEST,0.000000,-0.004710,-0.049873,-0.105442,0.000000,0.000000,0.000000,1.000000,1.000000
1782455210.971128,945,0.000430,inf,STAND_TEST,0.000000,-0.004701,-0.049841,-0.105429,0.000000,0.000000,0.000000,1.000000,1.000000
1782455210.991211,946,0.000456,inf,STAND_TEST,0.000000,-0.004715,-0.049863,-0.105398,0.000000,0.000000,0.000000,1.000000,1.000000
1782455211.011671,947,0.000859,inf,STAND_TEST,0.000000,-0.004707,-0.049830,-0.105411,0.000000,0.000000,0.000000,1.000000,1.000000
1782455211.031347,948,0.000475,inf,STAND_TEST,0.000000,-0.004728,-0.049780,-0.105425,0.000000,0.000000,0.000000,1.000000,1.000000
1782455211.051569,949,0.000642,inf,STAND_TEST,0.000000,-0.004739,-0.049787,-0.105388,0.000000,0.000000,0.000000,1.000000,1.000000
1782455211.071618,950,0.000636,inf,STAND_TEST,0.000000,-0.004729,-0.049775,-0.105343,0.000000,0.000000,0.000000,1.000000,1.000000
1782455211.091701,951,0.000661,inf,STAND_TEST,0.000000,-0.004734,-0.049785,-0.105305,0.000000,0.000000,0.000000,1.000000,1.000000
1782455211.111717,952,0.000447,inf,STAND_TEST,0.000000,-0.004735,-0.049778,-0.105312,0.000000,0.000000,0.000000,1.000000,1.000000
1782455211.131770,953,0.000443,inf,STAND_TEST,0.000000,-0.004720,-0.049767,-0.105350,0.000000,0.000000,0.000000,1.000000,1.000000
1782455211.151838,954,0.000454,inf,STAND_TEST,0.000000,-0.004738,-0.049777,-0.105345,0.000000,0.000000,0.000000,1.000000,1.000000
1782455211.171875,955,0.000435,inf,STAND_TEST,0.000000,-0.004726,-0.049771,-0.105342,0.000000,0.000000,0.000000,1.000000,1.000000
1782455211.191914,956,0.000418,inf,STAND_TEST,0.000000,-0.004729,-0.049757,-0.105314,0.000000,0.000000,0.000000,1.000000,1.000000
1782455211.212268,957,0.000711,inf,STAND_TEST,0.000000,-0.004723,-0.049772,-0.105285,0.000000,0.000000,0.000000,1.000000,1.000000
1782455211.232226,958,0.000465,inf,STAND_TEST,0.000000,-0.004718,-0.049756,-0.105268,0.000000,0.000000,0.000000,1.000000,1.000000
1782455211.252224,959,0.000407,inf,STAND_TEST,0.000000,-0.004713,-0.049761,-0.105301,0.000000,0.000000,0.000000,1.000000,1.000000
1782455211.272324,960,0.000452,inf,STAND_TEST,0.000000,-0.004708,-0.049795,-0.105277,0.000000,0.000000,0.000000,1.000000,1.000000
1782455211.292372,961,0.000441,inf,STAND_TEST,0.000000,-0.004719,-0.049801,-0.105259,0.000000,0.000000,0.000000,1.000000,1.000000
1782455211.312439,962,0.000452,inf,STAND_TEST,0.000000,-0.004706,-0.049778,-0.105251,0.000000,0.000000,0.000000,1.000000,1.000000
1782455211.332473,963,0.000430,inf,STAND_TEST,0.000000,-0.004699,-0.049792,-0.105240,0.000000,0.000000,0.000000,1.000000,1.000000
1782455211.352755,964,0.000653,inf,STAND_TEST,0.000000,-0.004701,-0.049768,-0.105294,0.000000,0.000000,0.000000,1.000000,1.000000
1782455211.373025,965,0.000865,inf,STAND_TEST,0.000000,-0.004698,-0.049764,-0.105281,0.000000,0.000000,0.000000,1.000000,1.000000
1782455211.392891,966,0.000674,inf,STAND_TEST,0.000000,-0.004704,-0.049759,-0.105344,0.000000,0.000000,0.000000,1.000000,1.000000
1782455211.412833,967,0.000559,inf,STAND_TEST,0.000000,-0.004700,-0.049760,-0.105331,0.000000,0.000000,0.000000,1.000000,1.000000
1782455211.432969,968,0.000532,inf,STAND_TEST,0.000000,-0.004666,-0.049751,-0.105335,0.000000,0.000000,0.000000,1.000000,1.000000
1782455211.452937,969,0.000444,inf,STAND_TEST,0.000000,-0.004660,-0.049723,-0.105323,0.000000,0.000000,0.000000,1.000000,1.000000
1782455211.473004,970,0.000457,inf,STAND_TEST,0.000000,-0.004682,-0.049725,-0.105332,0.000000,0.000000,0.000000,1.000000,1.000000
1782455211.493089,971,0.000486,inf,STAND_TEST,0.000000,-0.004682,-0.049713,-0.105350,0.000000,0.000000,0.000000,1.000000,1.000000
1782455211.513150,972,0.000490,inf,STAND_TEST,0.000000,-0.004665,-0.049685,-0.105361,0.000000,0.000000,0.000000,1.000000,1.000000
1782455211.533415,973,0.000700,inf,STAND_TEST,0.000000,-0.004665,-0.049672,-0.105332,0.000000,0.000000,0.000000,1.000000,1.000000
1782455211.553456,974,0.000686,inf,STAND_TEST,0.000000,-0.004663,-0.049638,-0.105372,0.000000,0.000000,0.000000,1.000000,1.000000
1782455211.573445,975,0.000490,inf,STAND_TEST,0.000000,-0.004652,-0.049604,-0.105391,0.000000,0.000000,0.000000,1.000000,1.000000
1782455211.593482,976,0.000472,inf,STAND_TEST,0.000000,-0.004642,-0.049616,-0.105398,0.000000,0.000000,0.000000,1.000000,1.000000
1782455211.613590,977,0.000524,inf,STAND_TEST,0.000000,-0.004659,-0.049615,-0.105364,0.000000,0.000000,0.000000,1.000000,1.000000
1782455211.633652,978,0.000532,inf,STAND_TEST,0.000000,-0.004633,-0.049609,-0.105362,0.000000,0.000000,0.000000,1.000000,1.000000
1782455211.653860,979,0.000683,inf,STAND_TEST,0.000000,-0.004642,-0.049621,-0.105327,0.000000,0.000000,0.000000,1.000000,1.000000
1782455211.673971,980,0.000679,inf,STAND_TEST,0.000000,-0.004613,-0.049601,-0.105304,0.000000,0.000000,0.000000,1.000000,1.000000
1782455211.693853,981,0.000435,inf,STAND_TEST,0.000000,-0.004604,-0.049539,-0.105309,0.000000,0.000000,0.000000,1.000000,1.000000
1782455211.713923,982,0.000423,inf,STAND_TEST,0.000000,-0.004606,-0.049522,-0.105298,0.000000,0.000000,0.000000,1.000000,1.000000
1782455211.734000,983,0.000438,inf,STAND_TEST,0.000000,-0.004620,-0.049521,-0.105274,0.000000,0.000000,0.000000,1.000000,1.000000
1782455211.754066,984,0.000445,inf,STAND_TEST,0.000000,-0.004597,-0.049531,-0.105276,0.000000,0.000000,0.000000,1.000000,1.000000
1782455211.774118,985,0.000437,inf,STAND_TEST,0.000000,-0.004571,-0.049489,-0.105223,0.000000,0.000000,0.000000,1.000000,1.000000
1782455211.794222,986,0.000434,inf,STAND_TEST,0.000000,-0.004575,-0.049478,-0.105209,0.000000,0.000000,0.000000,1.000000,1.000000
1782455211.814573,987,0.000667,inf,STAND_TEST,0.000000,-0.004565,-0.049497,-0.105206,0.000000,0.000000,0.000000,1.000000,1.000000
1782455211.834697,988,0.000683,inf,STAND_TEST,0.000000,-0.004570,-0.049502,-0.105212,0.000000,0.000000,0.000000,1.000000,1.000000
1782455211.854556,989,0.000438,inf,STAND_TEST,0.000000,-0.004569,-0.049558,-0.105166,0.000000,0.000000,0.000000,1.000000,1.000000
1782455211.874628,990,0.000450,inf,STAND_TEST,0.000000,-0.004587,-0.049559,-0.105151,0.000000,0.000000,0.000000,1.000000,1.000000
1782455211.894758,991,0.000524,inf,STAND_TEST,0.000000,-0.004577,-0.049545,-0.105144,0.000000,0.000000,0.000000,1.000000,1.000000
1782455211.914724,992,0.000434,inf,STAND_TEST,0.000000,-0.004603,-0.049561,-0.105151,0.000000,0.000000,0.000000,1.000000,1.000000
1782455211.934736,993,0.000389,inf,STAND_TEST,0.000000,-0.004623,-0.049574,-0.105144,0.000000,0.000000,0.000000,1.000000,1.000000
1782455211.955151,994,0.000696,inf,STAND_TEST,0.000000,-0.004604,-0.049555,-0.105121,0.000000,0.000000,0.000000,1.000000,1.000000
1782455211.975269,995,0.000714,inf,STAND_TEST,0.000000,-0.004608,-0.049582,-0.105100,0.000000,0.000000,0.000000,1.000000,1.000000
1782455211.995267,996,0.000455,inf,STAND_TEST,0.000000,-0.004604,-0.049533,-0.105105,0.000000,0.000000,0.000000,1.000000,1.000000
1782455212.015292,997,0.000422,inf,STAND_TEST,0.000000,-0.004602,-0.049524,-0.105125,0.000000,0.000000,0.000000,1.000000,1.000000
1782455212.035344,998,0.000417,inf,STAND_TEST,0.000000,-0.004603,-0.049495,-0.105158,0.000000,0.000000,0.000000,1.000000,1.000000
1782455212.055420,999,0.000437,inf,STAND_TEST,0.000000,-0.004603,-0.049512,-0.105141,0.000000,0.000000,0.000000,1.000000,1.000000
1782455212.075484,1000,0.000445,inf,STAND_TEST,0.000000,-0.004591,-0.049479,-0.105111,0.000000,0.000000,0.000000,1.000000,1.000000
1782455212.095848,1001,0.000683,inf,STAND_TEST,0.000000,-0.004584,-0.049454,-0.105118,0.000000,0.000000,0.000000,1.000000,1.000000
1782455212.115905,1002,0.000680,inf,STAND_TEST,0.000000,-0.004595,-0.049458,-0.105144,0.000000,0.000000,0.000000,1.000000,1.000000
1782455212.135757,1003,0.000473,inf,STAND_TEST,0.000000,-0.004576,-0.049410,-0.105175,0.000000,0.000000,0.000000,1.000000,1.000000
1782455212.155862,1004,0.000481,inf,STAND_TEST,0.000000,-0.004556,-0.049371,-0.105200,0.000000,0.000000,0.000000,1.000000,1.000000
1782455212.175910,1005,0.000456,inf,STAND_TEST,0.000000,-0.004559,-0.049385,-0.105196,0.000000,0.000000,0.000000,1.000000,1.000000
1782455212.196018,1006,0.000506,inf,STAND_TEST,0.000000,-0.004545,-0.049321,-0.105190,0.000000,0.000000,0.000000,1.000000,1.000000
1782455212.216021,1007,0.000449,inf,STAND_TEST,0.000000,-0.004550,-0.049324,-0.105150,0.000000,0.000000,0.000000,1.000000,1.000000
1782455212.236269,1008,0.000640,inf,STAND_TEST,0.000000,-0.004547,-0.049320,-0.105110,0.000000,0.000000,0.000000,1.000000,1.000000
1782455212.256377,1009,0.000691,inf,STAND_TEST,0.000000,-0.004547,-0.049309,-0.105084,0.000000,0.000000,0.000000,1.000000,1.000000
1782455212.276609,1010,0.000862,inf,STAND_TEST,0.000000,-0.004538,-0.049310,-0.105094,0.000000,0.000000,0.000000,1.000000,1.000000
1782455212.296433,1011,0.000433,inf,STAND_TEST,0.000000,-0.004562,-0.049322,-0.105099,0.000000,0.000000,0.000000,1.000000,1.000000
1782455212.316485,1012,0.000429,inf,STAND_TEST,0.000000,-0.004557,-0.049338,-0.105081,0.000000,0.000000,0.000000,1.000000,1.000000
1782455212.336544,1013,0.000434,inf,STAND_TEST,0.000000,-0.004561,-0.049339,-0.105125,0.000000,0.000000,0.000000,1.000000,1.000000
1782455212.356675,1014,0.000505,inf,STAND_TEST,0.000000,-0.004540,-0.049330,-0.105159,0.000000,0.000000,0.000000,1.000000,1.000000
1782455212.377093,1015,0.000863,inf,STAND_TEST,0.000000,-0.004539,-0.049332,-0.105206,0.000000,0.000000,0.000000,1.000000,1.000000
1782455212.396992,1016,0.000705,inf,STAND_TEST,0.000000,-0.004528,-0.049350,-0.105203,0.000000,0.000000,0.000000,1.000000,1.000000
1782455212.417117,1017,0.000770,inf,STAND_TEST,0.000000,-0.004521,-0.049322,-0.105187,0.000000,0.000000,0.000000,1.000000,1.000000
1782455212.437325,1018,0.000591,inf,STAND_TEST,0.000000,-0.004526,-0.049353,-0.105205,0.000000,0.000000,0.000000,1.000000,1.000000
1782455212.457269,1019,0.000477,inf,STAND_TEST,0.000000,-0.004527,-0.049370,-0.105195,0.000000,0.000000,0.000000,1.000000,1.000000
1782455212.477524,1020,0.000670,inf,STAND_TEST,0.000000,-0.004533,-0.049356,-0.105204,0.000000,0.000000,0.000000,1.000000,1.000000
1782455212.497595,1021,0.000681,inf,STAND_TEST,0.000000,-0.004541,-0.049341,-0.105202,0.000000,0.000000,0.000000,1.000000,1.000000
1782455212.517661,1022,0.000691,inf,STAND_TEST,0.000000,-0.004529,-0.049372,-0.105220,0.000000,0.000000,0.000000,1.000000,1.000000
1782455212.537730,1023,0.000516,inf,STAND_TEST,0.000000,-0.004503,-0.049360,-0.105248,0.000000,0.000000,0.000000,1.000000,1.000000
1782455212.558203,1024,0.000930,inf,STAND_TEST,0.000000,-0.004489,-0.049323,-0.105262,0.000000,0.000000,0.000000,1.000000,1.000000
1782455212.577836,1025,0.000464,inf,STAND_TEST,0.000000,-0.004501,-0.049349,-0.105264,0.000000,0.000000,0.000000,1.000000,1.000000
1782455212.597891,1026,0.000415,inf,STAND_TEST,0.000000,-0.004520,-0.049347,-0.105245,0.000000,0.000000,0.000000,1.000000,1.000000
1782455212.618282,1027,0.000677,inf,STAND_TEST,0.000000,-0.004521,-0.049323,-0.105228,0.000000,0.000000,0.000000,1.000000,1.000000
1782455212.638484,1028,0.000820,inf,STAND_TEST,0.000000,-0.004501,-0.049273,-0.105243,0.000000,0.000000,0.000000,1.000000,1.000000
1782455212.658455,1029,0.000447,inf,STAND_TEST,0.000000,-0.004478,-0.049255,-0.105233,0.000000,0.000000,0.000000,1.000000,1.000000
1782455212.678494,1030,0.000426,inf,STAND_TEST,0.000000,-0.004490,-0.049230,-0.105238,0.000000,0.000000,0.000000,1.000000,1.000000
1782455212.698567,1031,0.000440,inf,STAND_TEST,0.000000,-0.004499,-0.049250,-0.105199,0.000000,0.000000,0.000000,1.000000,1.000000
1782455212.718890,1032,0.000704,inf,STAND_TEST,0.000000,-0.004490,-0.049256,-0.105232,0.000000,0.000000,0.000000,1.000000,1.000000
1782455212.738984,1033,0.000686,inf,STAND_TEST,0.000000,-0.004451,-0.049267,-0.105244,0.000000,0.000000,0.000000,1.000000,1.000000
1782455212.759179,1034,0.000773,inf,STAND_TEST,0.000000,-0.004443,-0.049249,-0.105273,0.000000,0.000000,0.000000,1.000000,1.000000
1782455212.779187,1035,0.000418,inf,STAND_TEST,0.000000,-0.004437,-0.049249,-0.105236,0.000000,0.000000,0.000000,1.000000,1.000000
1782455212.799307,1036,0.000436,inf,STAND_TEST,0.000000,-0.004424,-0.049258,-0.105257,0.000000,0.000000,0.000000,1.000000,1.000000
1782455212.819424,1037,0.000447,inf,STAND_TEST,0.000000,-0.004424,-0.049281,-0.105247,0.000000,0.000000,0.000000,1.000000,1.000000
1782455212.839726,1038,0.000643,inf,STAND_TEST,0.000000,-0.004399,-0.049237,-0.105235,0.000000,0.000000,0.000000,1.000000,1.000000
1782455212.859680,1039,0.000439,inf,STAND_TEST,0.000000,-0.004389,-0.049245,-0.105258,0.000000,0.000000,0.000000,1.000000,1.000000
1782455212.879781,1040,0.000440,inf,STAND_TEST,0.000000,-0.004382,-0.049309,-0.105260,0.000000,0.000000,0.000000,1.000000,1.000000
1782455212.899884,1041,0.000439,inf,STAND_TEST,0.000000,-0.004401,-0.049324,-0.105261,0.000000,0.000000,0.000000,1.000000,1.000000
1782455212.920141,1042,0.000592,inf,STAND_TEST,0.000000,-0.004399,-0.049347,-0.105269,0.000000,0.000000,0.000000,1.000000,1.000000
1782455212.940333,1043,0.000657,inf,STAND_TEST,0.000000,-0.004393,-0.049331,-0.105278,0.000000,0.000000,0.000000,1.000000,1.000000
1782455212.960679,1044,0.000941,inf,STAND_TEST,0.000000,-0.004390,-0.049368,-0.105241,0.000000,0.000000,0.000000,1.000000,1.000000
1782455212.980451,1045,0.000452,inf,STAND_TEST,0.000000,-0.004391,-0.049368,-0.105241,0.000000,0.000000,0.000000,1.000000,1.000000
1782455213.000560,1046,0.000458,inf,STAND_TEST,0.000000,-0.004382,-0.049367,-0.105247,0.000000,0.000000,0.000000,1.000000,1.000000
1782455213.020649,1047,0.000444,inf,STAND_TEST,0.000000,-0.004400,-0.049358,-0.105268,0.000000,0.000000,0.000000,1.000000,1.000000
1782455213.040995,1048,0.000656,inf,STAND_TEST,0.000000,-0.004405,-0.049366,-0.105227,0.000000,0.000000,0.000000,1.000000,1.000000
1782455213.061080,1049,0.000641,inf,STAND_TEST,0.000000,-0.004380,-0.049373,-0.105218,0.000000,0.000000,0.000000,1.000000,1.000000
1782455213.081040,1050,0.000500,inf,STAND_TEST,0.000000,-0.004388,-0.049360,-0.105231,0.000000,0.000000,0.000000,1.000000,1.000000
1782455213.101077,1051,0.000428,inf,STAND_TEST,0.000000,-0.004406,-0.049338,-0.105239,0.000000,0.000000,0.000000,1.000000,1.000000
1782455213.121204,1052,0.000456,inf,STAND_TEST,0.000000,-0.004415,-0.049346,-0.105274,0.000000,0.000000,0.000000,1.000000,1.000000
1782455213.141301,1053,0.000445,inf,STAND_TEST,0.000000,-0.004399,-0.049371,-0.105277,0.000000,0.000000,0.000000,1.000000,1.000000
1782455213.161674,1054,0.000710,inf,STAND_TEST,0.000000,-0.004423,-0.049354,-0.105260,0.000000,0.000000,0.000000,1.000000,1.000000
1782455213.181842,1055,0.000436,inf,STAND_TEST,0.000000,-0.004426,-0.049331,-0.105273,0.000000,0.000000,0.000000,1.000000,1.000000
1782455213.201873,1056,0.000409,inf,STAND_TEST,0.000000,-0.004463,-0.049308,-0.105268,0.000000,0.000000,0.000000,1.000000,1.000000
1782455213.221975,1057,0.000450,inf,STAND_TEST,0.000000,-0.004457,-0.049331,-0.105301,0.000000,0.000000,0.000000,1.000000,1.000000
1782455213.242027,1058,0.000446,inf,STAND_TEST,0.000000,-0.004453,-0.049341,-0.105321,0.000000,0.000000,0.000000,1.000000,1.000000
1782455213.262304,1059,0.000666,inf,STAND_TEST,0.000000,-0.004457,-0.049325,-0.105360,0.000000,0.000000,0.000000,1.000000,1.000000
1782455213.282344,1060,0.000652,inf,STAND_TEST,0.000000,-0.004436,-0.049303,-0.105342,0.000000,0.000000,0.000000,1.000000,1.000000
1782455213.302556,1061,0.000807,inf,STAND_TEST,0.000000,-0.004422,-0.049327,-0.105333,0.000000,0.000000,0.000000,1.000000,1.000000
1782455213.322590,1062,0.000434,inf,STAND_TEST,0.000000,-0.004405,-0.049389,-0.105303,0.000000,0.000000,0.000000,1.000000,1.000000
1782455213.342694,1063,0.000436,inf,STAND_TEST,0.000000,-0.004426,-0.049394,-0.105312,0.000000,0.000000,0.000000,1.000000,1.000000
1782455213.362808,1064,0.000432,inf,STAND_TEST,0.000000,-0.004422,-0.049408,-0.105315,0.000000,0.000000,0.000000,1.000000,1.000000
1782455213.383235,1065,0.000610,inf,STAND_TEST,0.000000,-0.004429,-0.049393,-0.105323,0.000000,0.000000,0.000000,1.000000,1.000000
1782455213.403276,1066,0.000523,inf,STAND_TEST,0.000000,-0.004422,-0.049346,-0.105289,0.000000,0.000000,0.000000,1.000000,1.000000
1782455213.423263,1067,0.000453,inf,STAND_TEST,0.000000,-0.004414,-0.049368,-0.105304,0.000000,0.000000,0.000000,1.000000,1.000000
1782455213.443344,1068,0.000477,inf,STAND_TEST,0.000000,-0.004414,-0.049391,-0.105328,0.000000,0.000000,0.000000,1.000000,1.000000
1782455213.463341,1069,0.000418,inf,STAND_TEST,0.000000,-0.004414,-0.049435,-0.105262,0.000000,0.000000,0.000000,1.000000,1.000000
1782455213.483651,1070,0.000672,inf,STAND_TEST,0.000000,-0.004402,-0.049454,-0.105215,0.000000,0.000000,0.000000,1.000000,1.000000
1782455213.503685,1071,0.000651,inf,STAND_TEST,0.000000,-0.004387,-0.049471,-0.105202,0.000000,0.000000,0.000000,1.000000,1.000000
1782455213.523751,1072,0.000661,inf,STAND_TEST,0.000000,-0.004400,-0.049513,-0.105197,0.000000,0.000000,0.000000,1.000000,1.000000
1782455213.544038,1073,0.000885,inf,STAND_TEST,0.000000,-0.004388,-0.049507,-0.105193,0.000000,0.000000,0.000000,1.000000,1.000000
1782455213.564018,1074,0.000808,inf,STAND_TEST,0.000000,-0.004384,-0.049560,-0.105166,0.000000,0.000000,0.000000,1.000000,1.000000
1782455213.583754,1075,0.000434,inf,STAND_TEST,0.000000,-0.004379,-0.049532,-0.105188,0.000000,0.000000,0.000000,1.000000,1.000000
1782455213.603854,1076,0.000420,inf,STAND_TEST,0.000000,-0.004384,-0.049519,-0.105168,0.000000,0.000000,0.000000,1.000000,1.000000
1782455213.623976,1077,0.000428,inf,STAND_TEST,0.000000,-0.004382,-0.049556,-0.105159,0.000000,0.000000,0.000000,1.000000,1.000000
1782455213.644320,1078,0.000649,inf,STAND_TEST,0.000000,-0.004397,-0.049576,-0.105154,0.000000,0.000000,0.000000,1.000000,1.000000
1782455213.664562,1079,0.000772,inf,STAND_TEST,0.000000,-0.004416,-0.049573,-0.105114,0.000000,0.000000,0.000000,1.000000,1.000000
1782455213.684462,1080,0.000512,inf,STAND_TEST,0.000000,-0.004395,-0.049561,-0.105096,0.000000,0.000000,0.000000,1.000000,1.000000
1782455213.704504,1081,0.000440,inf,STAND_TEST,0.000000,-0.004378,-0.049589,-0.105073,0.000000,0.000000,0.000000,1.000000,1.000000
1782455213.724600,1082,0.000429,inf,STAND_TEST,0.000000,-0.004364,-0.049518,-0.105115,0.000000,0.000000,0.000000,1.000000,1.000000
1782455213.745062,1083,0.000788,inf,STAND_TEST,0.000000,-0.004361,-0.049529,-0.105128,0.000000,0.000000,0.000000,1.000000,1.000000
1782455213.765065,1084,0.000686,inf,STAND_TEST,0.000000,-0.004377,-0.049537,-0.105107,0.000000,0.000000,0.000000,1.000000,1.000000
1782455213.785090,1085,0.000415,inf,STAND_TEST,0.000000,-0.004372,-0.049505,-0.105143,0.000000,0.000000,0.000000,1.000000,1.000000
1782455213.805207,1086,0.000426,inf,STAND_TEST,0.000000,-0.004365,-0.049496,-0.105203,0.000000,0.000000,0.000000,1.000000,1.000000
1782455213.825332,1087,0.000444,inf,STAND_TEST,0.000000,-0.004359,-0.049507,-0.105183,0.000000,0.000000,0.000000,1.000000,1.000000
1782455213.845892,1088,0.000787,inf,STAND_TEST,0.000000,-0.004350,-0.049480,-0.105150,0.000000,0.000000,0.000000,1.000000,1.000000
1782455213.865929,1089,0.000714,inf,STAND_TEST,0.000000,-0.004352,-0.049484,-0.105147,0.000000,0.000000,0.000000,1.000000,1.000000
1782455213.885847,1090,0.000430,inf,STAND_TEST,0.000000,-0.004363,-0.049486,-0.105139,0.000000,0.000000,0.000000,1.000000,1.000000
1782455213.905956,1091,0.000427,inf,STAND_TEST,0.000000,-0.004361,-0.049448,-0.105155,0.000000,0.000000,0.000000,1.000000,1.000000
1782455213.925999,1092,0.000411,inf,STAND_TEST,0.000000,-0.004361,-0.049470,-0.105118,0.000000,0.000000,0.000000,1.000000,1.000000
1782455213.946072,1093,0.000425,inf,STAND_TEST,0.000000,-0.004350,-0.049477,-0.105097,0.000000,0.000000,0.000000,1.000000,1.000000
1782455213.966439,1094,0.000684,inf,STAND_TEST,0.000000,-0.004348,-0.049498,-0.105120,0.000000,0.000000,0.000000,1.000000,1.000000
1782455213.986528,1095,0.000421,inf,STAND_TEST,0.000000,-0.004363,-0.049541,-0.105118,0.000000,0.000000,0.000000,1.000000,1.000000
1782455214.006845,1096,0.000544,inf,STAND_TEST,0.000000,-0.004362,-0.049559,-0.105125,0.000000,0.000000,0.000000,1.000000,1.000000
1782455214.026838,1097,0.000433,inf,STAND_TEST,0.000000,-0.004364,-0.049567,-0.105129,0.000000,0.000000,0.000000,1.000000,1.000000
1782455214.047319,1098,0.000809,inf,STAND_TEST,0.000000,-0.004362,-0.049562,-0.105113,0.000000,0.000000,0.000000,1.000000,1.000000
1782455214.067500,1099,0.000518,inf,STAND_TEST,0.000000,-0.004357,-0.049580,-0.105093,0.000000,0.000000,0.000000,1.000000,1.000000
1782455214.087528,1100,0.000437,inf,STAND_TEST,0.000000,-0.004314,-0.049562,-0.105018,0.000000,0.000000,0.000000,1.000000,1.000000
1782455214.107627,1101,0.000425,inf,STAND_TEST,0.000000,-0.004326,-0.049612,-0.104993,0.000000,0.000000,0.000000,1.000000,1.000000
1782455214.128023,1102,0.000711,inf,STAND_TEST,0.000000,-0.004332,-0.049610,-0.104974,0.000000,0.000000,0.000000,1.000000,1.000000
1782455214.148010,1103,0.000432,inf,STAND_TEST,0.000000,-0.004326,-0.049645,-0.104954,0.000000,0.000000,0.000000,1.000000,1.000000
1782455214.168141,1104,0.000441,inf,STAND_TEST,0.000000,-0.004333,-0.049679,-0.104929,0.000000,0.000000,0.000000,1.000000,1.000000
1782455214.188215,1105,0.000416,inf,STAND_TEST,0.000000,-0.004348,-0.049674,-0.104928,0.000000,0.000000,0.000000,1.000000,1.000000
1782455214.208349,1106,0.000453,inf,STAND_TEST,0.000000,-0.004337,-0.049675,-0.104912,0.000000,0.000000,0.000000,1.000000,1.000000
1782455214.228628,1107,0.000466,inf,STAND_TEST,0.000000,-0.004333,-0.049645,-0.104914,0.000000,0.000000,0.000000,1.000000,1.000000
1782455214.248648,1108,0.000428,inf,STAND_TEST,0.000000,-0.004343,-0.049628,-0.104890,0.000000,0.000000,0.000000,1.000000,1.000000
1782455214.268730,1109,0.000453,inf,STAND_TEST,0.000000,-0.004359,-0.049658,-0.104899,0.000000,0.000000,0.000000,1.000000,1.000000
1782455214.288760,1110,0.000426,inf,STAND_TEST,0.000000,-0.004343,-0.049697,-0.104860,0.000000,0.000000,0.000000,1.000000,1.000000
1782455214.308792,1111,0.000402,inf,STAND_TEST,0.000000,-0.004369,-0.049645,-0.104883,0.000000,0.000000,0.000000,1.000000,1.000000
1782455214.328911,1112,0.000465,inf,STAND_TEST,0.000000,-0.004370,-0.049616,-0.104905,0.000000,0.000000,0.000000,1.000000,1.000000
1782455214.349167,1113,0.000665,inf,STAND_TEST,0.000000,-0.004365,-0.049632,-0.104907,0.000000,0.000000,0.000000,1.000000,1.000000
1782455214.369191,1114,0.000633,inf,STAND_TEST,0.000000,-0.004342,-0.049625,-0.104901,0.000000,0.000000,0.000000,1.000000,1.000000
1782455214.389292,1115,0.000678,inf,STAND_TEST,0.000000,-0.004370,-0.049663,-0.104893,0.000000,0.000000,0.000000,1.000000,1.000000
1782455214.409125,1116,0.000455,inf,STAND_TEST,0.000000,-0.004373,-0.049686,-0.104914,0.000000,0.000000,0.000000,1.000000,1.000000
1782455214.429372,1117,0.000646,inf,STAND_TEST,0.000000,-0.004373,-0.049687,-0.104915,0.000000,0.000000,0.000000,1.000000,1.000000
1782455214.449312,1118,0.000530,inf,STAND_TEST,0.000000,-0.004354,-0.049645,-0.104915,0.000000,0.000000,0.000000,1.000000,1.000000
1782455214.469241,1119,0.000405,inf,STAND_TEST,0.000000,-0.004355,-0.049675,-0.104922,0.000000,0.000000,0.000000,1.000000,1.000000
1782455214.489294,1120,0.000401,inf,STAND_TEST,0.000000,-0.004345,-0.049689,-0.104910,0.000000,0.000000,0.000000,1.000000,1.000000
1782455214.509446,1121,0.000447,inf,STAND_TEST,0.000000,-0.004334,-0.049629,-0.104935,0.000000,0.000000,0.000000,1.000000,1.000000
1782455214.529872,1122,0.000762,inf,STAND_TEST,0.000000,-0.004361,-0.049590,-0.104998,0.000000,0.000000,0.000000,1.000000,1.000000
1782455214.550077,1123,0.000862,inf,STAND_TEST,0.000000,-0.004356,-0.049591,-0.105017,0.000000,0.000000,0.000000,1.000000,1.000000
1782455214.569988,1124,0.000438,inf,STAND_TEST,0.000000,-0.004333,-0.049595,-0.105046,0.000000,0.000000,0.000000,1.000000,1.000000
1782455214.590091,1125,0.000430,inf,STAND_TEST,0.000000,-0.004325,-0.049632,-0.105046,0.000000,0.000000,0.000000,1.000000,1.000000
1782455214.610503,1126,0.000736,inf,STAND_TEST,0.000000,-0.004334,-0.049612,-0.105055,0.000000,0.000000,0.000000,1.000000,1.000000
1782455214.630553,1127,0.000682,inf,STAND_TEST,0.000000,-0.004329,-0.049610,-0.105040,0.000000,0.000000,0.000000,1.000000,1.000000
1782455214.650670,1128,0.000693,inf,STAND_TEST,0.000000,-0.004298,-0.049600,-0.105085,0.000000,0.000000,0.000000,1.000000,1.000000
1782455214.670632,1129,0.000420,inf,STAND_TEST,0.000000,-0.004299,-0.049580,-0.105048,0.000000,0.000000,0.000000,1.000000,1.000000
1782455214.690768,1130,0.000429,inf,STAND_TEST,0.000000,-0.004316,-0.049649,-0.105021,0.000000,0.000000,0.000000,1.000000,1.000000
1782455214.710907,1131,0.000465,inf,STAND_TEST,0.000000,-0.004305,-0.049649,-0.105032,0.000000,0.000000,0.000000,1.000000,1.000000
1782455214.731258,1132,0.000693,inf,STAND_TEST,0.000000,-0.004308,-0.049682,-0.105040,0.000000,0.000000,0.000000,1.000000,1.000000
1782455214.751319,1133,0.000692,inf,STAND_TEST,0.000000,-0.004344,-0.049709,-0.105053,0.000000,0.000000,0.000000,1.000000,1.000000
1782455214.771333,1134,0.000438,inf,STAND_TEST,0.000000,-0.004349,-0.049738,-0.105058,0.000000,0.000000,0.000000,1.000000,1.000000
1782455214.791434,1135,0.000427,inf,STAND_TEST,0.000000,-0.004332,-0.049772,-0.105046,0.000000,0.000000,0.000000,1.000000,1.000000
1782455214.811577,1136,0.000461,inf,STAND_TEST,0.000000,-0.004346,-0.049763,-0.105050,0.000000,0.000000,0.000000,1.000000,1.000000
1782455214.831918,1137,0.000678,inf,STAND_TEST,0.000000,-0.004339,-0.049764,-0.105040,0.000000,0.000000,0.000000,1.000000,1.000000
1782455214.852024,1138,0.000682,inf,STAND_TEST,0.000000,-0.004342,-0.049727,-0.105032,0.000000,0.000000,0.000000,1.000000,1.000000
1782455214.871956,1139,0.000429,inf,STAND_TEST,0.000000,-0.004327,-0.049718,-0.104999,0.000000,0.000000,0.000000,1.000000,1.000000
1782455214.892074,1140,0.000438,inf,STAND_TEST,0.000000,-0.004333,-0.049720,-0.105060,0.000000,0.000000,0.000000,1.000000,1.000000
1782455214.912158,1141,0.000417,inf,STAND_TEST,0.000000,-0.004314,-0.049708,-0.105065,0.000000,0.000000,0.000000,1.000000,1.000000
1782455214.932291,1142,0.000436,inf,STAND_TEST,0.000000,-0.004311,-0.049753,-0.105061,0.000000,0.000000,0.000000,1.000000,1.000000
1782455214.952714,1143,0.000754,inf,STAND_TEST,0.000000,-0.004333,-0.049761,-0.105050,0.000000,0.000000,0.000000,1.000000,1.000000
1782455214.972646,1144,0.000418,inf,STAND_TEST,0.000000,-0.004337,-0.049767,-0.105082,0.000000,0.000000,0.000000,1.000000,1.000000
1782455214.992733,1145,0.000445,inf,STAND_TEST,0.000000,-0.004340,-0.049794,-0.105087,0.000000,0.000000,0.000000,1.000000,1.000000
1782455215.012778,1146,0.000431,inf,STAND_TEST,0.000000,-0.004339,-0.049756,-0.105089,0.000000,0.000000,0.000000,1.000000,1.000000
1782455215.032879,1147,0.000472,inf,STAND_TEST,0.000000,-0.004359,-0.049764,-0.105078,0.000000,0.000000,0.000000,1.000000,1.000000
1782455215.053151,1148,0.000636,inf,STAND_TEST,0.000000,-0.004371,-0.049763,-0.105090,0.000000,0.000000,0.000000,1.000000,1.000000
1782455215.073236,1149,0.000620,inf,STAND_TEST,0.000000,-0.004371,-0.049729,-0.105068,0.000000,0.000000,0.000000,1.000000,1.000000
1782455215.093213,1150,0.000423,inf,STAND_TEST,0.000000,-0.004353,-0.049719,-0.105061,0.000000,0.000000,0.000000,1.000000,1.000000
1782455215.113295,1151,0.000438,inf,STAND_TEST,0.000000,-0.004360,-0.049733,-0.105068,0.000000,0.000000,0.000000,1.000000,1.000000
1782455215.133346,1152,0.000432,inf,STAND_TEST,0.000000,-0.004346,-0.049757,-0.105046,0.000000,0.000000,0.000000,1.000000,1.000000
1782455215.153402,1153,0.000432,inf,STAND_TEST,0.000000,-0.004324,-0.049722,-0.105037,0.000000,0.000000,0.000000,1.000000,1.000000
1782455215.173456,1154,0.000431,inf,STAND_TEST,0.000000,-0.004307,-0.049686,-0.105053,0.000000,0.000000,0.000000,1.000000,1.000000
1782455215.193534,1155,0.000452,inf,STAND_TEST,0.000000,-0.004270,-0.049703,-0.105022,0.000000,0.000000,0.000000,1.000000,1.000000
1782455215.213960,1156,0.000819,inf,STAND_TEST,0.000000,-0.004295,-0.049739,-0.104975,0.000000,0.000000,0.000000,1.000000,1.000000
1782455215.233931,1157,0.000734,inf,STAND_TEST,0.000000,-0.004316,-0.049794,-0.104934,0.000000,0.000000,0.000000,1.000000,1.000000
1782455215.253823,1158,0.000476,inf,STAND_TEST,0.000000,-0.004301,-0.049789,-0.104994,0.000000,0.000000,0.000000,1.000000,1.000000
1782455215.273876,1159,0.000418,inf,STAND_TEST,0.000000,-0.004313,-0.049783,-0.105016,0.000000,0.000000,0.000000,1.000000,1.000000
1782455215.293991,1160,0.000424,inf,STAND_TEST,0.000000,-0.004288,-0.049749,-0.105036,0.000000,0.000000,0.000000,1.000000,1.000000
1782455215.314125,1161,0.000433,inf,STAND_TEST,0.000000,-0.004289,-0.049807,-0.105061,0.000000,0.000000,0.000000,1.000000,1.000000
1782455215.334834,1162,0.001080,inf,STAND_TEST,0.000000,-0.004291,-0.049838,-0.105047,0.000000,0.000000,0.000000,1.000000,1.000000
1782455215.354485,1163,0.000443,inf,STAND_TEST,0.000000,-0.004321,-0.049891,-0.105058,0.000000,0.000000,0.000000,1.000000,1.000000
1782455215.374582,1164,0.000438,inf,STAND_TEST,0.000000,-0.004304,-0.049914,-0.105064,0.000000,0.000000,0.000000,1.000000,1.000000
1782455215.394782,1165,0.000512,inf,STAND_TEST,0.000000,-0.004329,-0.049933,-0.105065,0.000000,0.000000,0.000000,1.000000,1.000000
1782455215.415098,1166,0.000720,inf,STAND_TEST,0.000000,-0.004342,-0.049941,-0.105085,0.000000,0.000000,0.000000,1.000000,1.000000
1782455215.435230,1167,0.000796,inf,STAND_TEST,0.000000,-0.004341,-0.049960,-0.105097,0.000000,0.000000,0.000000,1.000000,1.000000
1782455215.455207,1168,0.000715,inf,STAND_TEST,0.000000,-0.004344,-0.050022,-0.105118,0.000000,0.000000,0.000000,1.000000,1.000000
1782455215.475057,1169,0.000449,inf,STAND_TEST,0.000000,-0.004331,-0.050022,-0.105107,0.000000,0.000000,0.000000,1.000000,1.000000
1782455215.495144,1170,0.000446,inf,STAND_TEST,0.000000,-0.004327,-0.050029,-0.105133,0.000000,0.000000,0.000000,1.000000,1.000000
1782455215.515181,1171,0.000429,inf,STAND_TEST,0.000000,-0.004334,-0.050005,-0.105125,0.000000,0.000000,0.000000,1.000000,1.000000
1782455215.535254,1172,0.000447,inf,STAND_TEST,0.000000,-0.004335,-0.049955,-0.105178,0.000000,0.000000,0.000000,1.000000,1.000000
1782455215.555330,1173,0.000468,inf,STAND_TEST,0.000000,-0.004352,-0.049937,-0.105207,0.000000,0.000000,0.000000,1.000000,1.000000
1782455215.575351,1174,0.000434,inf,STAND_TEST,0.000000,-0.004371,-0.049981,-0.105188,0.000000,0.000000,0.000000,1.000000,1.000000
1782455215.595373,1175,0.000402,inf,STAND_TEST,0.000000,-0.004389,-0.049994,-0.105207,0.000000,0.000000,0.000000,1.000000,1.000000
1782455215.615483,1176,0.000457,inf,STAND_TEST,0.000000,-0.004379,-0.049968,-0.105204,0.000000,0.000000,0.000000,1.000000,1.000000
1782455215.635733,1177,0.000653,inf,STAND_TEST,0.000000,-0.004376,-0.049983,-0.105229,0.000000,0.000000,0.000000,1.000000,1.000000
1782455215.655709,1178,0.000441,inf,STAND_TEST,0.000000,-0.004367,-0.049994,-0.105232,0.000000,0.000000,0.000000,1.000000,1.000000
1782455215.675805,1179,0.000475,inf,STAND_TEST,0.000000,-0.004349,-0.050032,-0.105226,0.000000,0.000000,0.000000,1.000000,1.000000
1782455215.695791,1180,0.000407,inf,STAND_TEST,0.000000,-0.004348,-0.050013,-0.105238,0.000000,0.000000,0.000000,1.000000,1.000000
1782455215.715889,1181,0.000447,inf,STAND_TEST,0.000000,-0.004335,-0.049964,-0.105254,0.000000,0.000000,0.000000,1.000000,1.000000
1782455215.735945,1182,0.000448,inf,STAND_TEST,0.000000,-0.004321,-0.049971,-0.105236,0.000000,0.000000,0.000000,1.000000,1.000000
1782455215.756196,1183,0.000643,inf,STAND_TEST,0.000000,-0.004329,-0.049989,-0.105256,0.000000,0.000000,0.000000,1.000000,1.000000
1782455215.776247,1184,0.000639,inf,STAND_TEST,0.000000,-0.004332,-0.050001,-0.105246,0.000000,0.000000,0.000000,1.000000,1.000000
1782455215.796305,1185,0.000641,inf,STAND_TEST,0.000000,-0.004320,-0.050000,-0.105264,0.000000,0.000000,0.000000,1.000000,1.000000
1782455215.816328,1186,0.000437,inf,STAND_TEST,0.000000,-0.004339,-0.049980,-0.105258,0.000000,0.000000,0.000000,1.000000,1.000000
1782455215.836408,1187,0.000442,inf,STAND_TEST,0.000000,-0.004347,-0.049972,-0.105239,0.000000,0.000000,0.000000,1.000000,1.000000
1782455215.856762,1188,0.000740,inf,STAND_TEST,0.000000,-0.004335,-0.049988,-0.105235,0.000000,0.000000,0.000000,1.000000,1.000000
1782455215.876513,1189,0.000436,inf,STAND_TEST,0.000000,-0.004340,-0.050013,-0.105244,0.000000,0.000000,0.000000,1.000000,1.000000
1782455215.896548,1190,0.000416,inf,STAND_TEST,0.000000,-0.004332,-0.050013,-0.105228,0.000000,0.000000,0.000000,1.000000,1.000000
1782455215.916790,1191,0.000601,inf,STAND_TEST,0.000000,-0.004317,-0.050015,-0.105237,0.000000,0.000000,0.000000,1.000000,1.000000
1782455215.936861,1192,0.000617,inf,STAND_TEST,0.000000,-0.004336,-0.050015,-0.105210,0.000000,0.000000,0.000000,1.000000,1.000000
1782455215.956848,1193,0.000467,inf,STAND_TEST,0.000000,-0.004340,-0.050028,-0.105206,0.000000,0.000000,0.000000,1.000000,1.000000
1782455215.976928,1194,0.000423,inf,STAND_TEST,0.000000,-0.004366,-0.050063,-0.105256,0.000000,0.000000,0.000000,1.000000,1.000000
1782455215.996965,1195,0.000404,inf,STAND_TEST,0.000000,-0.004345,-0.050051,-0.105248,0.000000,0.000000,0.000000,1.000000,1.000000
1782455216.017035,1196,0.000419,inf,STAND_TEST,0.000000,-0.004329,-0.050015,-0.105260,0.000000,0.000000,0.000000,1.000000,1.000000
1782455216.037260,1197,0.000586,inf,STAND_TEST,0.000000,-0.004331,-0.050027,-0.105268,0.000000,0.000000,0.000000,1.000000,1.000000
1782455216.057371,1198,0.000640,inf,STAND_TEST,0.000000,-0.004329,-0.049996,-0.105286,0.000000,0.000000,0.000000,1.000000,1.000000
1782455216.077568,1199,0.000777,inf,STAND_TEST,0.000000,-0.004341,-0.049994,-0.105265,0.000000,0.000000,0.000000,1.000000,1.000000
1782455216.097293,1200,0.000427,inf,STAND_TEST,0.000000,-0.004362,-0.049963,-0.105258,0.000000,0.000000,0.000000,1.000000,1.000000
1782455216.117508,1201,0.000379,inf,STAND_TEST,0.000000,-0.004367,-0.049992,-0.105215,0.000000,0.000000,0.000000,1.000000,1.000000
1782455216.137645,1202,0.000460,inf,STAND_TEST,0.000000,-0.004365,-0.050028,-0.105212,0.000000,0.000000,0.000000,1.000000,1.000000
1782455216.157789,1203,0.000485,inf,STAND_TEST,0.000000,-0.004381,-0.050016,-0.105187,0.000000,0.000000,0.000000,1.000000,1.000000
1782455216.177862,1204,0.000452,inf,STAND_TEST,0.000000,-0.004359,-0.050011,-0.105154,0.000000,0.000000,0.000000,1.000000,1.000000
1782455216.198104,1205,0.000424,inf,STAND_TEST,0.000000,-0.004352,-0.049955,-0.105169,0.000000,0.000000,0.000000,1.000000,1.000000
1782455216.218261,1206,0.000435,inf,STAND_TEST,0.000000,-0.004356,-0.049929,-0.105173,0.000000,0.000000,0.000000,1.000000,1.000000
1782455216.238319,1207,0.000436,inf,STAND_TEST,0.000000,-0.004369,-0.049919,-0.105189,0.000000,0.000000,0.000000,1.000000,1.000000
1782455216.258381,1208,0.000440,inf,STAND_TEST,0.000000,-0.004379,-0.049925,-0.105186,0.000000,0.000000,0.000000,1.000000,1.000000
1782455216.278422,1209,0.000423,inf,STAND_TEST,0.000000,-0.004377,-0.049905,-0.105200,0.000000,0.000000,0.000000,1.000000,1.000000
1782455216.298485,1210,0.000428,inf,STAND_TEST,0.000000,-0.004389,-0.049904,-0.105192,0.000000,0.000000,0.000000,1.000000,1.000000
1782455216.318860,1211,0.000696,inf,STAND_TEST,0.000000,-0.004408,-0.049951,-0.105158,0.000000,0.000000,0.000000,1.000000,1.000000
1782455216.338889,1212,0.000446,inf,STAND_TEST,0.000000,-0.004390,-0.049969,-0.105169,0.000000,0.000000,0.000000,1.000000,1.000000
1782455216.358983,1213,0.000483,inf,STAND_TEST,0.000000,-0.004393,-0.049972,-0.105199,0.000000,0.000000,0.000000,1.000000,1.000000
1782455216.378980,1214,0.000426,inf,STAND_TEST,0.000000,-0.004432,-0.050015,-0.105157,0.000000,0.000000,0.000000,1.000000,1.000000
1782455216.399083,1215,0.000474,inf,STAND_TEST,0.000000,-0.004437,-0.049980,-0.105161,0.000000,0.000000,0.000000,1.000000,1.000000
1782455216.419118,1216,0.000454,inf,STAND_TEST,0.000000,-0.004449,-0.049971,-0.105230,0.000000,0.000000,0.000000,1.000000,1.000000
1782455216.439401,1217,0.000681,inf,STAND_TEST,0.000000,-0.004441,-0.049992,-0.105210,0.000000,0.000000,0.000000,1.000000,1.000000
1782455216.459365,1218,0.000450,inf,STAND_TEST,0.000000,-0.004455,-0.050027,-0.105222,0.000000,0.000000,0.000000,1.000000,1.000000
1782455216.479780,1219,0.000539,inf,STAND_TEST,0.000000,-0.004473,-0.050023,-0.105195,0.000000,0.000000,0.000000,1.000000,1.000000
1782455216.499800,1220,0.000442,inf,STAND_TEST,0.000000,-0.004468,-0.050066,-0.105174,0.000000,0.000000,0.000000,1.000000,1.000000
1782455216.520166,1221,0.000707,inf,STAND_TEST,0.000000,-0.004481,-0.050096,-0.105163,0.000000,0.000000,0.000000,1.000000,1.000000
1782455216.540205,1222,0.000686,inf,STAND_TEST,0.000000,-0.004475,-0.050129,-0.105167,0.000000,0.000000,0.000000,1.000000,1.000000
1782455216.560426,1223,0.000846,inf,STAND_TEST,0.000000,-0.004470,-0.050112,-0.105189,0.000000,0.000000,0.000000,1.000000,1.000000
1782455216.580276,1224,0.000425,inf,STAND_TEST,0.000000,-0.004445,-0.050108,-0.105145,0.000000,0.000000,0.000000,1.000000,1.000000
1782455216.600352,1225,0.000446,inf,STAND_TEST,0.000000,-0.004456,-0.050114,-0.105147,0.000000,0.000000,0.000000,1.000000,1.000000
1782455216.620383,1226,0.000419,inf,STAND_TEST,0.000000,-0.004459,-0.050103,-0.105178,0.000000,0.000000,0.000000,1.000000,1.000000
1782455216.640465,1227,0.000444,inf,STAND_TEST,0.000000,-0.004461,-0.050118,-0.105213,0.000000,0.000000,0.000000,1.000000,1.000000
1782455216.660708,1228,0.000632,inf,STAND_TEST,0.000000,-0.004445,-0.050081,-0.105219,0.000000,0.000000,0.000000,1.000000,1.000000
1782455216.680814,1229,0.000683,inf,STAND_TEST,0.000000,-0.004426,-0.050047,-0.105252,0.000000,0.000000,0.000000,1.000000,1.000000
1782455216.700698,1230,0.000415,inf,STAND_TEST,0.000000,-0.004418,-0.050051,-0.105271,0.000000,0.000000,0.000000,1.000000,1.000000
1782455216.720751,1231,0.000412,inf,STAND_TEST,0.000000,-0.004411,-0.050049,-0.105314,0.000000,0.000000,0.000000,1.000000,1.000000
1782455216.740928,1232,0.000487,inf,STAND_TEST,0.000000,-0.004410,-0.050049,-0.105308,0.000000,0.000000,0.000000,1.000000,1.000000
1782455216.760905,1233,0.000408,inf,STAND_TEST,0.000000,-0.004401,-0.050072,-0.105308,0.000000,0.000000,0.000000,1.000000,1.000000
1782455216.780941,1234,0.000388,inf,STAND_TEST,0.000000,-0.004409,-0.050055,-0.105305,0.000000,0.000000,0.000000,1.000000,1.000000
1782455216.801060,1235,0.000449,inf,STAND_TEST,0.000000,-0.004430,-0.050057,-0.105290,0.000000,0.000000,0.000000,1.000000,1.000000
1782455216.821302,1236,0.000635,inf,STAND_TEST,0.000000,-0.004420,-0.050027,-0.105326,0.000000,0.000000,0.000000,1.000000,1.000000
1782455216.841116,1237,0.000394,inf,STAND_TEST,0.000000,-0.004428,-0.050025,-0.105332,0.000000,0.000000,0.000000,1.000000,1.000000
1782455216.861366,1238,0.000589,inf,STAND_TEST,0.000000,-0.004423,-0.049984,-0.105333,0.000000,0.000000,0.000000,1.000000,1.000000
1782455216.881258,1239,0.000426,inf,STAND_TEST,0.000000,-0.004403,-0.049979,-0.105368,0.000000,0.000000,0.000000,1.000000,1.000000
1782455216.901334,1240,0.000444,inf,STAND_TEST,0.000000,-0.004402,-0.049959,-0.105386,0.000000,0.000000,0.000000,1.000000,1.000000
1782455216.921422,1241,0.000471,inf,STAND_TEST,0.000000,-0.004375,-0.049915,-0.105376,0.000000,0.000000,0.000000,1.000000,1.000000
1782455216.941563,1242,0.000555,inf,STAND_TEST,0.000000,-0.004370,-0.049911,-0.105372,0.000000,0.000000,0.000000,1.000000,1.000000
1782455216.961567,1243,0.000501,inf,STAND_TEST,0.000000,-0.004387,-0.049925,-0.105381,0.000000,0.000000,0.000000,1.000000,1.000000
1782455216.981797,1244,0.000673,inf,STAND_TEST,0.000000,-0.004365,-0.049914,-0.105399,0.000000,0.000000,0.000000,1.000000,1.000000
1782455217.001947,1245,0.000767,inf,STAND_TEST,0.000000,-0.004337,-0.049931,-0.105397,0.000000,0.000000,0.000000,1.000000,1.000000
1782455217.021944,1246,0.000709,inf,STAND_TEST,0.000000,-0.004338,-0.049948,-0.105389,0.000000,0.000000,0.000000,1.000000,1.000000
1782455217.041764,1247,0.000460,inf,STAND_TEST,0.000000,-0.004347,-0.049969,-0.105397,0.000000,0.000000,0.000000,1.000000,1.000000
1782455217.061793,1248,0.000435,inf,STAND_TEST,0.000000,-0.004310,-0.049924,-0.105384,0.000000,0.000000,0.000000,1.000000,1.000000
1782455217.081884,1249,0.000471,inf,STAND_TEST,0.000000,-0.004313,-0.049923,-0.105377,0.000000,0.000000,0.000000,1.000000,1.000000
1782455217.101888,1250,0.000434,inf,STAND_TEST,0.000000,-0.004320,-0.049935,-0.105352,0.000000,0.000000,0.000000,1.000000,1.000000
1782455217.121938,1251,0.000431,inf,STAND_TEST,0.000000,-0.004347,-0.049963,-0.105312,0.000000,0.000000,0.000000,1.000000,1.000000
1782455217.142022,1252,0.000459,inf,STAND_TEST,0.000000,-0.004355,-0.049983,-0.105305,0.000000,0.000000,0.000000,1.000000,1.000000
1782455217.162468,1253,0.000847,inf,STAND_TEST,0.000000,-0.004356,-0.049954,-0.105352,0.000000,0.000000,0.000000,1.000000,1.000000
1782455217.182451,1254,0.000775,inf,STAND_TEST,0.000000,-0.004357,-0.049933,-0.105339,0.000000,0.000000,0.000000,1.000000,1.000000
1782455217.202238,1255,0.000429,inf,STAND_TEST,0.000000,-0.004326,-0.049876,-0.105346,0.000000,0.000000,0.000000,1.000000,1.000000
1782455217.222715,1256,0.000726,inf,STAND_TEST,0.000000,-0.004325,-0.049912,-0.105332,0.000000,0.000000,0.000000,1.000000,1.000000
1782455217.242764,1257,0.000682,inf,STAND_TEST,0.000000,-0.004311,-0.049908,-0.105350,0.000000,0.000000,0.000000,1.000000,1.000000
1782455217.263105,1258,0.000925,inf,STAND_TEST,0.000000,-0.004310,-0.049917,-0.105366,0.000000,0.000000,0.000000,1.000000,1.000000
1782455217.283229,1259,0.000957,inf,STAND_TEST,0.000000,-0.004320,-0.049908,-0.105391,0.000000,0.000000,0.000000,1.000000,1.000000
1782455217.303276,1260,0.000946,inf,STAND_TEST,0.000000,-0.004328,-0.049858,-0.105418,0.000000,0.000000,0.000000,1.000000,1.000000
1782455217.323470,1261,0.001083,inf,STAND_TEST,0.000000,-0.004309,-0.049801,-0.105427,0.000000,0.000000,0.000000,1.000000,1.000000
1782455217.343485,1262,0.000705,inf,STAND_TEST,0.000000,-0.004282,-0.049785,-0.105421,0.000000,0.000000,0.000000,1.000000,1.000000
1782455217.363528,1263,0.000690,inf,STAND_TEST,0.000000,-0.004244,-0.049742,-0.105424,0.000000,0.000000,0.000000,1.000000,1.000000
1782455217.383825,1264,0.000930,inf,STAND_TEST,0.000000,-0.004218,-0.049703,-0.105442,0.000000,0.000000,0.000000,1.000000,1.000000
1782455217.403906,1265,0.000954,inf,STAND_TEST,0.000000,-0.004218,-0.049718,-0.105442,0.000000,0.000000,0.000000,1.000000,1.000000
1782455217.423857,1266,0.000874,inf,STAND_TEST,0.000000,-0.004226,-0.049725,-0.105438,0.000000,0.000000,0.000000,1.000000,1.000000
1782455217.443957,1267,0.000714,inf,STAND_TEST,0.000000,-0.004241,-0.049722,-0.105456,0.000000,0.000000,0.000000,1.000000,1.000000
1782455217.463782,1268,0.000468,inf,STAND_TEST,0.000000,-0.004237,-0.049753,-0.105419,0.000000,0.000000,0.000000,1.000000,1.000000
1782455217.483768,1269,0.000400,inf,STAND_TEST,0.000000,-0.004222,-0.049738,-0.105398,0.000000,0.000000,0.000000,1.000000,1.000000
1782455217.503861,1270,0.000440,inf,STAND_TEST,0.000000,-0.004203,-0.049703,-0.105404,0.000000,0.000000,0.000000,1.000000,1.000000
1782455217.524271,1271,0.000796,inf,STAND_TEST,0.000000,-0.004196,-0.049672,-0.105391,0.000000,0.000000,0.000000,1.000000,1.000000
1782455217.544521,1272,0.000950,inf,STAND_TEST,0.000000,-0.004216,-0.049674,-0.105413,0.000000,0.000000,0.000000,1.000000,1.000000
1782455217.564551,1273,0.000695,inf,STAND_TEST,0.000000,-0.004226,-0.049695,-0.105428,0.000000,0.000000,0.000000,1.000000,1.000000
1782455217.584632,1274,0.000684,inf,STAND_TEST,0.000000,-0.004242,-0.049677,-0.105399,0.000000,0.000000,0.000000,1.000000,1.000000
1782455217.605030,1275,0.000980,inf,STAND_TEST,0.000000,-0.004248,-0.049666,-0.105422,0.000000,0.000000,0.000000,1.000000,1.000000
1782455217.625081,1276,0.000918,inf,STAND_TEST,0.000000,-0.004239,-0.049637,-0.105437,0.000000,0.000000,0.000000,1.000000,1.000000
1782455217.645209,1277,0.000951,inf,STAND_TEST,0.000000,-0.004230,-0.049620,-0.105444,0.000000,0.000000,0.000000,1.000000,1.000000
1782455217.665281,1278,0.000933,inf,STAND_TEST,0.000000,-0.004249,-0.049577,-0.105449,0.000000,0.000000,0.000000,1.000000,1.000000
1782455217.685339,1279,0.000686,inf,STAND_TEST,0.000000,-0.004250,-0.049586,-0.105463,0.000000,0.000000,0.000000,1.000000,1.000000
1782455217.705465,1280,0.000693,inf,STAND_TEST,0.000000,-0.004251,-0.049549,-0.105467,0.000000,0.000000,0.000000,1.000000,1.000000
1782455217.725783,1281,0.000914,inf,STAND_TEST,0.000000,-0.004249,-0.049520,-0.105517,0.000000,0.000000,0.000000,1.000000,1.000000
1782455217.745921,1282,0.000947,inf,STAND_TEST,0.000000,-0.004237,-0.049549,-0.105509,0.000000,0.000000,0.000000,1.000000,1.000000
1782455217.765827,1283,0.000605,inf,STAND_TEST,0.000000,-0.004222,-0.049603,-0.105550,0.000000,0.000000,0.000000,1.000000,1.000000
1782455217.785915,1284,0.000492,inf,STAND_TEST,0.000000,-0.004254,-0.049610,-0.105525,0.000000,0.000000,0.000000,1.000000,1.000000
1782455217.805969,1285,0.000419,inf,STAND_TEST,0.000000,-0.004258,-0.049566,-0.105564,0.000000,0.000000,0.000000,1.000000,1.000000
1782455217.826091,1286,0.000436,inf,STAND_TEST,0.000000,-0.004272,-0.049570,-0.105554,0.000000,0.000000,0.000000,1.000000,1.000000
1782455217.846431,1287,0.000672,inf,STAND_TEST,0.000000,-0.004270,-0.049504,-0.105542,0.000000,0.000000,0.000000,1.000000,1.000000
1782455217.866520,1288,0.000661,inf,STAND_TEST,0.000000,-0.004272,-0.049512,-0.105512,0.000000,0.000000,0.000000,1.000000,1.000000
1782455217.886460,1289,0.000426,inf,STAND_TEST,0.000000,-0.004275,-0.049448,-0.105522,0.000000,0.000000,0.000000,1.000000,1.000000
1782455217.906505,1290,0.000415,inf,STAND_TEST,0.000000,-0.004241,-0.049433,-0.105519,0.000000,0.000000,0.000000,1.000000,1.000000
1782455217.926634,1291,0.000421,inf,STAND_TEST,0.000000,-0.004236,-0.049414,-0.105564,0.000000,0.000000,0.000000,1.000000,1.000000
1782455217.946743,1292,0.000421,inf,STAND_TEST,0.000000,-0.004240,-0.049425,-0.105581,0.000000,0.000000,0.000000,1.000000,1.000000
1782455217.967101,1293,0.000671,inf,STAND_TEST,0.000000,-0.004227,-0.049356,-0.105579,0.000000,0.000000,0.000000,1.000000,1.000000
1782455217.987205,1294,0.000672,inf,STAND_TEST,0.000000,-0.004217,-0.049356,-0.105571,0.000000,0.000000,0.000000,1.000000,1.000000
1782455218.007065,1295,0.000421,inf,STAND_TEST,0.000000,-0.004184,-0.049287,-0.105595,0.000000,0.000000,0.000000,1.000000,1.000000
1782455218.027180,1296,0.000420,inf,STAND_TEST,0.000000,-0.004171,-0.049299,-0.105572,0.000000,0.000000,0.000000,1.000000,1.000000
1782455218.047277,1297,0.000417,inf,STAND_TEST,0.000000,-0.004190,-0.049302,-0.105532,0.000000,0.000000,0.000000,1.000000,1.000000
1782455218.067433,1298,0.000463,inf,STAND_TEST,0.000000,-0.004197,-0.049320,-0.105521,0.000000,0.000000,0.000000,1.000000,1.000000
1782455218.087831,1299,0.000805,inf,STAND_TEST,0.000000,-0.004213,-0.049305,-0.105506,0.000000,0.000000,0.000000,1.000000,1.000000
1782455218.107797,1300,0.000670,inf,STAND_TEST,0.000000,-0.004238,-0.049281,-0.105493,0.000000,0.000000,0.000000,1.000000,1.000000
1782455218.127842,1301,0.000415,inf,STAND_TEST,0.000000,-0.004244,-0.049260,-0.105463,0.000000,0.000000,0.000000,1.000000,1.000000
1782455218.148033,1302,0.000475,inf,STAND_TEST,0.000000,-0.004225,-0.049210,-0.105445,0.000000,0.000000,0.000000,1.000000,1.000000
1782455218.168243,1303,0.000632,inf,STAND_TEST,0.000000,-0.004207,-0.049175,-0.105445,0.000000,0.000000,0.000000,1.000000,1.000000
1782455218.188517,1304,0.000849,inf,STAND_TEST,0.000000,-0.004197,-0.049186,-0.105504,0.000000,0.000000,0.000000,1.000000,1.000000
1782455218.208358,1305,0.000635,inf,STAND_TEST,0.000000,-0.004202,-0.049170,-0.105456,0.000000,0.000000,0.000000,1.000000,1.000000
1782455218.228564,1306,0.000785,inf,STAND_TEST,0.000000,-0.004182,-0.049135,-0.105475,0.000000,0.000000,0.000000,1.000000,1.000000
1782455218.248451,1307,0.000435,inf,STAND_TEST,0.000000,-0.004184,-0.049144,-0.105489,0.000000,0.000000,0.000000,1.000000,1.000000
1782455218.268494,1308,0.000424,inf,STAND_TEST,0.000000,-0.004198,-0.049159,-0.105529,0.000000,0.000000,0.000000,1.000000,1.000000
1782455218.288600,1309,0.000476,inf,STAND_TEST,0.000000,-0.004191,-0.049163,-0.105553,0.000000,0.000000,0.000000,1.000000,1.000000
1782455218.308604,1310,0.000426,inf,STAND_TEST,0.000000,-0.004207,-0.049141,-0.105553,0.000000,0.000000,0.000000,1.000000,1.000000
1782455218.328626,1311,0.000395,inf,STAND_TEST,0.000000,-0.004222,-0.049148,-0.105565,0.000000,0.000000,0.000000,1.000000,1.000000
1782455218.348945,1312,0.000660,inf,STAND_TEST,0.000000,-0.004218,-0.049105,-0.105560,0.000000,0.000000,0.000000,1.000000,1.000000
1782455218.368994,1313,0.000653,inf,STAND_TEST,0.000000,-0.004218,-0.049106,-0.105604,0.000000,0.000000,0.000000,1.000000,1.000000
1782455218.389010,1314,0.000616,inf,STAND_TEST,0.000000,-0.004225,-0.049108,-0.105637,0.000000,0.000000,0.000000,1.000000,1.000000
1782455218.408953,1315,0.000443,inf,STAND_TEST,0.000000,-0.004234,-0.049132,-0.105657,0.000000,0.000000,0.000000,1.000000,1.000000
1782455218.429094,1316,0.000422,inf,STAND_TEST,0.000000,-0.004223,-0.049116,-0.105666,0.000000,0.000000,0.000000,1.000000,1.000000
1782455218.449131,1317,0.000452,inf,STAND_TEST,0.000000,-0.004228,-0.049113,-0.105645,0.000000,0.000000,0.000000,1.000000,1.000000
1782455218.469157,1318,0.000425,inf,STAND_TEST,0.000000,-0.004235,-0.049107,-0.105669,0.000000,0.000000,0.000000,1.000000,1.000000
1782455218.489448,1319,0.000661,inf,STAND_TEST,0.000000,-0.004248,-0.049072,-0.105639,0.000000,0.000000,0.000000,1.000000,1.000000
1782455218.509499,1320,0.000658,inf,STAND_TEST,0.000000,-0.004257,-0.049079,-0.105640,0.000000,0.000000,0.000000,1.000000,1.000000
1782455218.529510,1321,0.000615,inf,STAND_TEST,0.000000,-0.004267,-0.049087,-0.105621,0.000000,0.000000,0.000000,1.000000,1.000000
1782455218.549584,1322,0.000441,inf,STAND_TEST,0.000000,-0.004270,-0.049079,-0.105627,0.000000,0.000000,0.000000,1.000000,1.000000
1782455218.569680,1323,0.000482,inf,STAND_TEST,0.000000,-0.004258,-0.049058,-0.105616,0.000000,0.000000,0.000000,1.000000,1.000000
1782455218.589678,1324,0.000425,inf,STAND_TEST,0.000000,-0.004251,-0.049051,-0.105631,0.000000,0.000000,0.000000,1.000000,1.000000
1782455218.609805,1325,0.000499,inf,STAND_TEST,0.000000,-0.004225,-0.049033,-0.105615,0.000000,0.000000,0.000000,1.000000,1.000000
1782455218.629820,1326,0.000460,inf,STAND_TEST,0.000000,-0.004233,-0.049049,-0.105626,0.000000,0.000000,0.000000,1.000000,1.000000
1782455218.650528,1327,0.001143,inf,STAND_TEST,0.000000,-0.004212,-0.049031,-0.105641,0.000000,0.000000,0.000000,1.000000,1.000000
1782455218.670665,1328,0.001154,inf,STAND_TEST,0.000000,-0.004218,-0.049000,-0.105635,0.000000,0.000000,0.000000,1.000000,1.000000
1782455218.691180,1329,0.001165,inf,STAND_TEST,0.000000,-0.004223,-0.049020,-0.105615,0.000000,0.000000,0.000000,1.000000,1.000000
1782455218.711176,1330,0.001033,inf,STAND_TEST,0.000000,-0.004255,-0.049007,-0.105634,0.000000,0.000000,0.000000,1.000000,1.000000
1782455218.731287,1331,0.001020,inf,STAND_TEST,0.000000,-0.004242,-0.048986,-0.105626,0.000000,0.000000,0.000000,1.000000,1.000000
1782455218.751159,1332,0.000762,inf,STAND_TEST,0.000000,-0.004264,-0.048956,-0.105597,0.000000,0.000000,0.000000,1.000000,1.000000
1782455218.771352,1333,0.000753,inf,STAND_TEST,0.000000,-0.004272,-0.048994,-0.105559,0.000000,0.000000,0.000000,1.000000,1.000000
1782455218.791416,1334,0.000757,inf,STAND_TEST,0.000000,-0.004263,-0.049008,-0.105538,0.000000,0.000000,0.000000,1.000000,1.000000
1782455218.811819,1335,0.001039,inf,STAND_TEST,0.000000,-0.004253,-0.049021,-0.105496,0.000000,0.000000,0.000000,1.000000,1.000000
1782455218.831949,1336,0.001043,inf,STAND_TEST,0.000000,-0.004257,-0.049013,-0.105480,0.000000,0.000000,0.000000,1.000000,1.000000
1782455218.852067,1337,0.001030,inf,STAND_TEST,0.000000,-0.004274,-0.049017,-0.105436,0.000000,0.000000,0.000000,1.000000,1.000000
1782455218.871993,1338,0.000758,inf,STAND_TEST,0.000000,-0.004263,-0.049057,-0.105422,0.000000,0.000000,0.000000,1.000000,1.000000
1782455218.892372,1339,0.001016,inf,STAND_TEST,0.000000,-0.004267,-0.049032,-0.105434,0.000000,0.000000,0.000000,1.000000,1.000000
1782455218.912522,1340,0.001036,inf,STAND_TEST,0.000000,-0.004263,-0.049026,-0.105407,0.000000,0.000000,0.000000,1.000000,1.000000
1782455218.932650,1341,0.001034,inf,STAND_TEST,0.000000,-0.004283,-0.049001,-0.105395,0.000000,0.000000,0.000000,1.000000,1.000000
1782455218.952950,1342,0.000843,inf,STAND_TEST,0.000000,-0.004302,-0.048996,-0.105419,0.000000,0.000000,0.000000,1.000000,1.000000
1782455218.973268,1343,0.001028,inf,STAND_TEST,0.000000,-0.004315,-0.048936,-0.105450,0.000000,0.000000,0.000000,1.000000,1.000000
1782455218.993383,1344,0.001013,inf,STAND_TEST,0.000000,-0.004326,-0.048932,-0.105417,0.000000,0.000000,0.000000,1.000000,1.000000
1782455219.013624,1345,0.001124,inf,STAND_TEST,0.000000,-0.004346,-0.048949,-0.105430,0.000000,0.000000,0.000000,1.000000,1.000000
1782455219.033521,1346,0.000767,inf,STAND_TEST,0.000000,-0.004382,-0.048930,-0.105456,0.000000,0.000000,0.000000,1.000000,1.000000
1782455219.053939,1347,0.001053,inf,STAND_TEST,0.000000,-0.004361,-0.048928,-0.105477,0.000000,0.000000,0.000000,1.000000,1.000000
1782455219.073885,1348,0.000878,inf,STAND_TEST,0.000000,-0.004360,-0.048907,-0.105497,0.000000,0.000000,0.000000,1.000000,1.000000
1782455219.093765,1349,0.000703,inf,STAND_TEST,0.000000,-0.004346,-0.048888,-0.105461,0.000000,0.000000,0.000000,1.000000,1.000000
1782455219.113783,1350,0.000667,inf,STAND_TEST,0.000000,-0.004340,-0.048871,-0.105425,0.000000,0.000000,0.000000,1.000000,1.000000
1782455219.133725,1351,0.000440,inf,STAND_TEST,0.000000,-0.004341,-0.048889,-0.105396,0.000000,0.000000,0.000000,1.000000,1.000000
1782455219.153928,1352,0.000486,inf,STAND_TEST,0.000000,-0.004340,-0.048923,-0.105392,0.000000,0.000000,0.000000,1.000000,1.000000
1782455219.173906,1353,0.000452,inf,STAND_TEST,0.000000,-0.004332,-0.048927,-0.105366,0.000000,0.000000,0.000000,1.000000,1.000000
1782455219.193980,1354,0.000471,inf,STAND_TEST,0.000000,-0.004345,-0.048939,-0.105356,0.000000,0.000000,0.000000,1.000000,1.000000
1782455219.214103,1355,0.000537,inf,STAND_TEST,0.000000,-0.004337,-0.048864,-0.105302,0.000000,0.000000,0.000000,1.000000,1.000000
1782455219.234084,1356,0.000463,inf,STAND_TEST,0.000000,-0.004317,-0.048848,-0.105305,0.000000,0.000000,0.000000,1.000000,1.000000
1782455219.254333,1357,0.000657,inf,STAND_TEST,0.000000,-0.004358,-0.048854,-0.105274,0.000000,0.000000,0.000000,1.000000,1.000000
1782455219.274420,1358,0.000691,inf,STAND_TEST,0.000000,-0.004375,-0.048852,-0.105248,0.000000,0.000000,0.000000,1.000000,1.000000
1782455219.294251,1359,0.000439,inf,STAND_TEST,0.000000,-0.004366,-0.048866,-0.105180,0.000000,0.000000,0.000000,1.000000,1.000000
1782455219.314301,1360,0.000435,inf,STAND_TEST,0.000000,-0.004388,-0.048894,-0.105156,0.000000,0.000000,0.000000,1.000000,1.000000
1782455219.334358,1361,0.000411,inf,STAND_TEST,0.000000,-0.004387,-0.048946,-0.105154,0.000000,0.000000,0.000000,1.000000,1.000000
1782455219.354486,1362,0.000484,inf,STAND_TEST,0.000000,-0.004389,-0.048950,-0.105118,0.000000,0.000000,0.000000,1.000000,1.000000
1782455219.374500,1363,0.000444,inf,STAND_TEST,0.000000,-0.004397,-0.048954,-0.105153,0.000000,0.000000,0.000000,1.000000,1.000000
1782455219.394545,1364,0.000435,inf,STAND_TEST,0.000000,-0.004396,-0.048950,-0.105142,0.000000,0.000000,0.000000,1.000000,1.000000
1782455219.414579,1365,0.000413,inf,STAND_TEST,0.000000,-0.004403,-0.048979,-0.105146,0.000000,0.000000,0.000000,1.000000,1.000000
1782455219.434996,1366,0.000772,inf,STAND_TEST,0.000000,-0.004415,-0.048985,-0.105132,0.000000,0.000000,0.000000,1.000000,1.000000
1782455219.454982,1367,0.000701,inf,STAND_TEST,0.000000,-0.004400,-0.049026,-0.105118,0.000000,0.000000,0.000000,1.000000,1.000000
1782455219.474878,1368,0.000411,inf,STAND_TEST,0.000000,-0.004395,-0.049052,-0.105075,0.000000,0.000000,0.000000,1.000000,1.000000
1782455219.494991,1369,0.000470,inf,STAND_TEST,0.000000,-0.004402,-0.049090,-0.105086,0.000000,0.000000,0.000000,1.000000,1.000000
1782455219.515002,1370,0.000426,inf,STAND_TEST,0.000000,-0.004410,-0.049157,-0.105107,0.000000,0.000000,0.000000,1.000000,1.000000
1782455219.535065,1371,0.000435,inf,STAND_TEST,0.000000,-0.004400,-0.049136,-0.105101,0.000000,0.000000,0.000000,1.000000,1.000000
1782455219.555364,1372,0.000679,inf,STAND_TEST,0.000000,-0.004435,-0.049152,-0.105042,0.000000,0.000000,0.000000,1.000000,1.000000
1782455219.575396,1373,0.000656,inf,STAND_TEST,0.000000,-0.004433,-0.049186,-0.105008,0.000000,0.000000,0.000000,1.000000,1.000000
1782455219.595411,1374,0.000617,inf,STAND_TEST,0.000000,-0.004449,-0.049191,-0.105004,0.000000,0.000000,0.000000,1.000000,1.000000
1782455219.615500,1375,0.000653,inf,STAND_TEST,0.000000,-0.004424,-0.049197,-0.104983,0.000000,0.000000,0.000000,1.000000,1.000000
1782455219.635517,1376,0.000434,inf,STAND_TEST,0.000000,-0.004428,-0.049209,-0.104956,0.000000,0.000000,0.000000,1.000000,1.000000
1782455219.655601,1377,0.000463,inf,STAND_TEST,0.000000,-0.004439,-0.049205,-0.104946,0.000000,0.000000,0.000000,1.000000,1.000000
1782455219.675610,1378,0.000419,inf,STAND_TEST,0.000000,-0.004444,-0.049179,-0.104947,0.000000,0.000000,0.000000,1.000000,1.000000
1782455219.695661,1379,0.000415,inf,STAND_TEST,0.000000,-0.004430,-0.049187,-0.104983,0.000000,0.000000,0.000000,1.000000,1.000000
1782455219.715679,1380,0.000380,inf,STAND_TEST,0.000000,-0.004412,-0.049182,-0.105013,0.000000,0.000000,0.000000,1.000000,1.000000
1782455219.736006,1381,0.000653,inf,STAND_TEST,0.000000,-0.004442,-0.049155,-0.105022,0.000000,0.000000,0.000000,1.000000,1.000000
1782455219.756102,1382,0.000693,inf,STAND_TEST,0.000000,-0.004468,-0.049142,-0.105046,0.000000,0.000000,0.000000,1.000000,1.000000
1782455219.776036,1383,0.000431,inf,STAND_TEST,0.000000,-0.004483,-0.049182,-0.104989,0.000000,0.000000,0.000000,1.000000,1.000000
1782455219.796067,1384,0.000408,inf,STAND_TEST,0.000000,-0.004477,-0.049168,-0.104944,0.000000,0.000000,0.000000,1.000000,1.000000
1782455219.816163,1385,0.000447,inf,STAND_TEST,0.000000,-0.004479,-0.049178,-0.104967,0.000000,0.000000,0.000000,1.000000,1.000000
1782455219.836422,1386,0.000462,inf,STAND_TEST,0.000000,-0.004479,-0.049202,-0.104992,0.000000,0.000000,0.000000,1.000000,1.000000
1782455219.856634,1387,0.000619,inf,STAND_TEST,0.000000,-0.004472,-0.049224,-0.104938,0.000000,0.000000,0.000000,1.000000,1.000000
1782455219.876754,1388,0.000682,inf,STAND_TEST,0.000000,-0.004477,-0.049214,-0.104973,0.000000,0.000000,0.000000,1.000000,1.000000
1782455219.896668,1389,0.000436,inf,STAND_TEST,0.000000,-0.004473,-0.049247,-0.104959,0.000000,0.000000,0.000000,1.000000,1.000000
1782455219.916737,1390,0.000433,inf,STAND_TEST,0.000000,-0.004475,-0.049236,-0.104965,0.000000,0.000000,0.000000,1.000000,1.000000
1782455219.936825,1391,0.000416,inf,STAND_TEST,0.000000,-0.004476,-0.049258,-0.104947,0.000000,0.000000,0.000000,1.000000,1.000000
1782455219.957153,1392,0.000641,inf,STAND_TEST,0.000000,-0.004474,-0.049269,-0.104934,0.000000,0.000000,0.000000,1.000000,1.000000
1782455219.977026,1393,0.000415,inf,STAND_TEST,0.000000,-0.004485,-0.049248,-0.104936,0.000000,0.000000,0.000000,1.000000,1.000000
1782455219.997342,1394,0.000628,inf,STAND_TEST,0.000000,-0.004477,-0.049224,-0.104904,0.000000,0.000000,0.000000,1.000000,1.000000
1782455220.017402,1395,0.000430,inf,STAND_TEST,0.000000,-0.004483,-0.049219,-0.104914,0.000000,0.000000,0.000000,1.000000,1.000000
1782455220.037523,1396,0.000444,inf,STAND_TEST,0.000000,-0.004475,-0.049235,-0.104890,0.000000,0.000000,0.000000,1.000000,1.000000
1782455220.057627,1397,0.000430,inf,STAND_TEST,0.000000,-0.004487,-0.049218,-0.104862,0.000000,0.000000,0.000000,1.000000,1.000000
1782455220.077887,1398,0.000633,inf,STAND_TEST,0.000000,-0.004489,-0.049218,-0.104874,0.000000,0.000000,0.000000,1.000000,1.000000
1782455220.097948,1399,0.000641,inf,STAND_TEST,0.000000,-0.004500,-0.049267,-0.104848,0.000000,0.000000,0.000000,1.000000,1.000000
1782455220.118202,1400,0.000842,inf,STAND_TEST,0.000000,-0.004496,-0.049338,-0.104833,0.000000,0.000000,0.000000,1.000000,1.000000
1782455220.138019,1401,0.000447,inf,STAND_TEST,0.000000,-0.004522,-0.049332,-0.104807,0.000000,0.000000,0.000000,1.000000,1.000000
1782455220.158094,1402,0.000467,inf,STAND_TEST,0.000000,-0.004539,-0.049382,-0.104813,0.000000,0.000000,0.000000,1.000000,1.000000
1782455220.178147,1403,0.000464,inf,STAND_TEST,0.000000,-0.004543,-0.049403,-0.104806,0.000000,0.000000,0.000000,1.000000,1.000000
1782455220.198475,1404,0.000738,inf,STAND_TEST,0.000000,-0.004513,-0.049398,-0.104795,0.000000,0.000000,0.000000,1.000000,1.000000
1782455220.218213,1405,0.000421,inf,STAND_TEST,0.000000,-0.004530,-0.049419,-0.104783,0.000000,0.000000,0.000000,1.000000,1.000000
1782455220.238594,1406,0.000743,inf,STAND_TEST,0.000000,-0.004533,-0.049457,-0.104822,0.000000,0.000000,0.000000,1.000000,1.000000
1782455220.258698,1407,0.000792,inf,STAND_TEST,0.000000,-0.004516,-0.049467,-0.104800,0.000000,0.000000,0.000000,1.000000,1.000000
1782455220.278729,1408,0.000511,inf,STAND_TEST,0.000000,-0.004504,-0.049470,-0.104784,0.000000,0.000000,0.000000,1.000000,1.000000
1782455220.298716,1409,0.000443,inf,STAND_TEST,0.000000,-0.004495,-0.049476,-0.104749,0.000000,0.000000,0.000000,1.000000,1.000000
1782455220.318723,1410,0.000397,inf,STAND_TEST,0.000000,-0.004474,-0.049479,-0.104743,0.000000,0.000000,0.000000,1.000000,1.000000
1782455220.338824,1411,0.000444,inf,STAND_TEST,0.000000,-0.004496,-0.049463,-0.104708,0.000000,0.000000,0.000000,1.000000,1.000000
1782455220.358836,1412,0.000401,inf,STAND_TEST,0.000000,-0.004506,-0.049470,-0.104706,0.000000,0.000000,0.000000,1.000000,1.000000
1782455220.378899,1413,0.000411,inf,STAND_TEST,0.000000,-0.004508,-0.049460,-0.104684,0.000000,0.000000,0.000000,1.000000,1.000000
1782455220.399229,1414,0.000687,inf,STAND_TEST,0.000000,-0.004494,-0.049481,-0.104666,0.000000,0.000000,0.000000,1.000000,1.000000
1782455220.419428,1415,0.000831,inf,STAND_TEST,0.000000,-0.004488,-0.049450,-0.104704,0.000000,0.000000,0.000000,1.000000,1.000000
1782455220.439417,1416,0.000424,inf,STAND_TEST,0.000000,-0.004475,-0.049508,-0.104719,0.000000,0.000000,0.000000,1.000000,1.000000
1782455220.459529,1417,0.000436,inf,STAND_TEST,0.000000,-0.004480,-0.049471,-0.104717,0.000000,0.000000,0.000000,1.000000,1.000000
1782455220.480017,1418,0.000820,inf,STAND_TEST,0.000000,-0.004491,-0.049466,-0.104719,0.000000,0.000000,0.000000,1.000000,1.000000
1782455220.500006,1419,0.000699,inf,STAND_TEST,0.000000,-0.004484,-0.049500,-0.104713,0.000000,0.000000,0.000000,1.000000,1.000000
1782455220.519974,1420,0.000422,inf,STAND_TEST,0.000000,-0.004467,-0.049498,-0.104684,0.000000,0.000000,0.000000,1.000000,1.000000
1782455220.540032,1421,0.000423,inf,STAND_TEST,0.000000,-0.004465,-0.049494,-0.104697,0.000000,0.000000,0.000000,1.000000,1.000000
1782455220.560128,1422,0.000465,inf,STAND_TEST,0.000000,-0.004479,-0.049498,-0.104684,0.000000,0.000000,0.000000,1.000000,1.000000
1782455220.580144,1423,0.000427,inf,STAND_TEST,0.000000,-0.004474,-0.049545,-0.104692,0.000000,0.000000,0.000000,1.000000,1.000000
1782455220.600612,1424,0.000838,inf,STAND_TEST,0.000000,-0.004485,-0.049574,-0.104682,0.000000,0.000000,0.000000,1.000000,1.000000
1782455220.620482,1425,0.000655,inf,STAND_TEST,0.000000,-0.004496,-0.049566,-0.104685,0.000000,0.000000,0.000000,1.000000,1.000000
1782455220.640564,1426,0.000680,inf,STAND_TEST,0.000000,-0.004486,-0.049540,-0.104706,0.000000,0.000000,0.000000,1.000000,1.000000
1782455220.660522,1427,0.000452,inf,STAND_TEST,0.000000,-0.004495,-0.049542,-0.104700,0.000000,0.000000,0.000000,1.000000,1.000000
1782455220.680597,1428,0.000422,inf,STAND_TEST,0.000000,-0.004491,-0.049581,-0.104649,0.000000,0.000000,0.000000,1.000000,1.000000
1782455220.700704,1429,0.000420,inf,STAND_TEST,0.000000,-0.004491,-0.049569,-0.104718,0.000000,0.000000,0.000000,1.000000,1.000000
1782455220.720816,1430,0.000428,inf,STAND_TEST,0.000000,-0.004479,-0.049591,-0.104731,0.000000,0.000000,0.000000,1.000000,1.000000
1782455220.741197,1431,0.000699,inf,STAND_TEST,0.000000,-0.004522,-0.049614,-0.104758,0.000000,0.000000,0.000000,1.000000,1.000000
1782455220.761237,1432,0.000682,inf,STAND_TEST,0.000000,-0.004509,-0.049671,-0.104752,0.000000,0.000000,0.000000,1.000000,1.000000
1782455220.781083,1433,0.000427,inf,STAND_TEST,0.000000,-0.004515,-0.049706,-0.104768,0.000000,0.000000,0.000000,1.000000,1.000000
1782455220.801197,1434,0.000429,inf,STAND_TEST,0.000000,-0.004534,-0.049726,-0.104782,0.000000,0.000000,0.000000,1.000000,1.000000
1782455220.821347,1435,0.000467,inf,STAND_TEST,0.000000,-0.004541,-0.049701,-0.104787,0.000000,0.000000,0.000000,1.000000,1.000000
1782455220.841422,1436,0.000430,inf,STAND_TEST,0.000000,-0.004514,-0.049784,-0.104802,0.000000,0.000000,0.000000,1.000000,1.000000
1782455220.861837,1437,0.000743,inf,STAND_TEST,0.000000,-0.004503,-0.049774,-0.104792,0.000000,0.000000,0.000000,1.000000,1.000000
1782455220.881919,1438,0.000722,inf,STAND_TEST,0.000000,-0.004511,-0.049783,-0.104819,0.000000,0.000000,0.000000,1.000000,1.000000
1782455220.901810,1439,0.000445,inf,STAND_TEST,0.000000,-0.004512,-0.049800,-0.104789,0.000000,0.000000,0.000000,1.000000,1.000000
1782455220.921910,1440,0.000433,inf,STAND_TEST,0.000000,-0.004484,-0.049781,-0.104810,0.000000,0.000000,0.000000,1.000000,1.000000
1782455220.941940,1441,0.000424,inf,STAND_TEST,0.000000,-0.004487,-0.049751,-0.104808,0.000000,0.000000,0.000000,1.000000,1.000000
1782455220.962010,1442,0.000438,inf,STAND_TEST,0.000000,-0.004486,-0.049761,-0.104808,0.000000,0.000000,0.000000,1.000000,1.000000
1782455220.982037,1443,0.000411,inf,STAND_TEST,0.000000,-0.004488,-0.049758,-0.104851,0.000000,0.000000,0.000000,1.000000,1.000000
1782455221.002483,1444,0.000803,inf,STAND_TEST,0.000000,-0.004468,-0.049754,-0.104835,0.000000,0.000000,0.000000,1.000000,1.000000
1782455221.022389,1445,0.000656,inf,STAND_TEST,0.000000,-0.004461,-0.049730,-0.104776,0.000000,0.000000,0.000000,1.000000,1.000000
1782455221.042430,1446,0.000643,inf,STAND_TEST,0.000000,-0.004506,-0.049761,-0.104796,0.000000,0.000000,0.000000,1.000000,1.000000
1782455221.062468,1447,0.000627,inf,STAND_TEST,0.000000,-0.004503,-0.049721,-0.104828,0.000000,0.000000,0.000000,1.000000,1.000000
1782455221.082438,1448,0.000416,inf,STAND_TEST,0.000000,-0.004499,-0.049688,-0.104886,0.000000,0.000000,0.000000,1.000000,1.000000
1782455221.102530,1449,0.000454,inf,STAND_TEST,0.000000,-0.004482,-0.049682,-0.104914,0.000000,0.000000,0.000000,1.000000,1.000000
1782455221.122533,1450,0.000403,inf,STAND_TEST,0.000000,-0.004479,-0.049687,-0.104968,0.000000,0.000000,0.000000,1.000000,1.000000
1782455221.142725,1451,0.000540,inf,STAND_TEST,0.000000,-0.004484,-0.049696,-0.105010,0.000000,0.000000,0.000000,1.000000,1.000000
1782455221.162692,1452,0.000454,inf,STAND_TEST,0.000000,-0.004492,-0.049730,-0.105017,0.000000,0.000000,0.000000,1.000000,1.000000
1782455221.182904,1453,0.000609,inf,STAND_TEST,0.000000,-0.004497,-0.049668,-0.105044,0.000000,0.000000,0.000000,1.000000,1.000000
1782455221.202962,1454,0.000440,inf,STAND_TEST,0.000000,-0.004493,-0.049654,-0.105070,0.000000,0.000000,0.000000,1.000000,1.000000
1782455221.223022,1455,0.000446,inf,STAND_TEST,0.000000,-0.004462,-0.049649,-0.105123,0.000000,0.000000,0.000000,1.000000,1.000000
1782455221.243039,1456,0.000410,inf,STAND_TEST,0.000000,-0.004465,-0.049636,-0.105130,0.000000,0.000000,0.000000,1.000000,1.000000
1782455221.263117,1457,0.000433,inf,STAND_TEST,0.000000,-0.004457,-0.049610,-0.105132,0.000000,0.000000,0.000000,1.000000,1.000000
1782455221.283164,1458,0.000426,inf,STAND_TEST,0.000000,-0.004471,-0.049646,-0.105137,0.000000,0.000000,0.000000,1.000000,1.000000
1782455221.303198,1459,0.000407,inf,STAND_TEST,0.000000,-0.004472,-0.049640,-0.105128,0.000000,0.000000,0.000000,1.000000,1.000000
1782455221.323459,1460,0.000614,inf,STAND_TEST,0.000000,-0.004490,-0.049676,-0.105049,0.000000,0.000000,0.000000,1.000000,1.000000
1782455221.343549,1461,0.000650,inf,STAND_TEST,0.000000,-0.004495,-0.049707,-0.105022,0.000000,0.000000,0.000000,1.000000,1.000000
1782455221.363599,1462,0.000645,inf,STAND_TEST,0.000000,-0.004509,-0.049715,-0.105075,0.000000,0.000000,0.000000,1.000000,1.000000
1782455221.383712,1463,0.000704,inf,STAND_TEST,0.000000,-0.004501,-0.049717,-0.105137,0.000000,0.000000,0.000000,1.000000,1.000000
1782455221.403594,1464,0.000498,inf,STAND_TEST,0.000000,-0.004482,-0.049704,-0.105110,0.000000,0.000000,0.000000,1.000000,1.000000
1782455221.423662,1465,0.000466,inf,STAND_TEST,0.000000,-0.004478,-0.049697,-0.105127,0.000000,0.000000,0.000000,1.000000,1.000000
1782455221.443817,1466,0.000564,inf,STAND_TEST,0.000000,-0.004491,-0.049723,-0.105098,0.000000,0.000000,0.000000,1.000000,1.000000
1782455221.463885,1467,0.000573,inf,STAND_TEST,0.000000,-0.004497,-0.049702,-0.105099,0.000000,0.000000,0.000000,1.000000,1.000000
1782455221.484215,1468,0.000847,inf,STAND_TEST,0.000000,-0.004533,-0.049744,-0.105145,0.000000,0.000000,0.000000,1.000000,1.000000
1782455221.504042,1469,0.000618,inf,STAND_TEST,0.000000,-0.004539,-0.049738,-0.105162,0.000000,0.000000,0.000000,1.000000,1.000000
1782455221.524102,1470,0.000623,inf,STAND_TEST,0.000000,-0.004526,-0.049773,-0.105184,0.000000,0.000000,0.000000,1.000000,1.000000
1782455221.544295,1471,0.000491,inf,STAND_TEST,0.000000,-0.004529,-0.049827,-0.105187,0.000000,0.000000,0.000000,1.000000,1.000000
1782455221.564325,1472,0.000465,inf,STAND_TEST,0.000000,-0.004517,-0.049849,-0.105199,0.000000,0.000000,0.000000,1.000000,1.000000
1782455221.584320,1473,0.000406,inf,STAND_TEST,0.000000,-0.004503,-0.049801,-0.105210,0.000000,0.000000,0.000000,1.000000,1.000000
1782455221.604405,1474,0.000437,inf,STAND_TEST,0.000000,-0.004524,-0.049863,-0.105243,0.000000,0.000000,0.000000,1.000000,1.000000
1782455221.624629,1475,0.000605,inf,STAND_TEST,0.000000,-0.004535,-0.049898,-0.105252,0.000000,0.000000,0.000000,1.000000,1.000000
1782455221.644813,1476,0.000691,inf,STAND_TEST,0.000000,-0.004508,-0.049915,-0.105268,0.000000,0.000000,0.000000,1.000000,1.000000
1782455221.664780,1477,0.000421,inf,STAND_TEST,0.000000,-0.004517,-0.049934,-0.105240,0.000000,0.000000,0.000000,1.000000,1.000000
1782455221.684882,1478,0.000419,inf,STAND_TEST,0.000000,-0.004543,-0.049955,-0.105223,0.000000,0.000000,0.000000,1.000000,1.000000
1782455221.705242,1479,0.000679,inf,STAND_TEST,0.000000,-0.004553,-0.049928,-0.105214,0.000000,0.000000,0.000000,1.000000,1.000000
1782455221.725080,1480,0.000417,inf,STAND_TEST,0.000000,-0.004535,-0.049915,-0.105255,0.000000,0.000000,0.000000,1.000000,1.000000
1782455221.745420,1481,0.000654,inf,STAND_TEST,0.000000,-0.004519,-0.049935,-0.105240,0.000000,0.000000,0.000000,1.000000,1.000000
1782455221.765488,1482,0.000439,inf,STAND_TEST,0.000000,-0.004509,-0.049924,-0.105245,0.000000,0.000000,0.000000,1.000000,1.000000
1782455221.785592,1483,0.000422,inf,STAND_TEST,0.000000,-0.004525,-0.049917,-0.105267,0.000000,0.000000,0.000000,1.000000,1.000000
1782455221.805693,1484,0.000420,inf,STAND_TEST,0.000000,-0.004530,-0.049965,-0.105238,0.000000,0.000000,0.000000,1.000000,1.000000
1782455221.826051,1485,0.000669,inf,STAND_TEST,0.000000,-0.004551,-0.049955,-0.105311,0.000000,0.000000,0.000000,1.000000,1.000000
1782455221.846165,1486,0.000674,inf,STAND_TEST,0.000000,-0.004564,-0.049966,-0.105322,0.000000,0.000000,0.000000,1.000000,1.000000
1782455221.866182,1487,0.000670,inf,STAND_TEST,0.000000,-0.004565,-0.049960,-0.105323,0.000000,0.000000,0.000000,1.000000,1.000000
1782455221.886039,1488,0.000470,inf,STAND_TEST,0.000000,-0.004565,-0.049945,-0.105352,0.000000,0.000000,0.000000,1.000000,1.000000
1782455221.906088,1489,0.000416,inf,STAND_TEST,0.000000,-0.004565,-0.049936,-0.105363,0.000000,0.000000,0.000000,1.000000,1.000000
1782455221.926208,1490,0.000421,inf,STAND_TEST,0.000000,-0.004572,-0.049920,-0.105361,0.000000,0.000000,0.000000,1.000000,1.000000
1782455221.946258,1491,0.000414,inf,STAND_TEST,0.000000,-0.004570,-0.049930,-0.105392,0.000000,0.000000,0.000000,1.000000,1.000000
1782455221.966575,1492,0.000675,inf,STAND_TEST,0.000000,-0.004558,-0.049962,-0.105383,0.000000,0.000000,0.000000,1.000000,1.000000
1782455221.986637,1493,0.000678,inf,STAND_TEST,0.000000,-0.004534,-0.050011,-0.105401,0.000000,0.000000,0.000000,1.000000,1.000000
1782455222.006668,1494,0.000419,inf,STAND_TEST,0.000000,-0.004500,-0.050024,-0.105440,0.000000,0.000000,0.000000,1.000000,1.000000
1782455222.026791,1495,0.000434,inf,STAND_TEST,0.000000,-0.004529,-0.049976,-0.105442,0.000000,0.000000,0.000000,1.000000,1.000000
1782455222.046883,1496,0.000419,inf,STAND_TEST,0.000000,-0.004528,-0.049943,-0.105496,0.000000,0.000000,0.000000,1.000000,1.000000
1782455222.066980,1497,0.000411,inf,STAND_TEST,0.000000,-0.004553,-0.049930,-0.105520,0.000000,0.000000,0.000000,1.000000,1.000000
1782455222.087396,1498,0.000706,inf,STAND_TEST,0.000000,-0.004529,-0.049917,-0.105520,0.000000,0.000000,0.000000,1.000000,1.000000
1782455222.107473,1499,0.000671,inf,STAND_TEST,0.000000,-0.004515,-0.049866,-0.105514,0.000000,0.000000,0.000000,1.000000,1.000000
