timestamp,frame_id,loop_dt,redis_age,mode,risk_score,roll,pitch,yaw,max_tracking_error,rms_tracking_error,max_torque_ratio,ramp,deploy_action_scale
1782440906.557290,0,0.000570,inf,STAND_TEST,0.000000,-0.000811,0.036057,-0.320926,0.000000,0.000000,0.000000,1.000000,1.000000
1782440906.577586,1,0.000806,inf,STAND_TEST,0.000000,-0.000807,0.036066,-0.320920,0.000000,0.000000,0.000000,1.000000,1.000000
1782440906.597578,2,0.000737,inf,STAND_TEST,0.000000,-0.000808,0.036074,-0.320918,0.000000,0.000000,0.000000,1.000000,1.000000
1782440906.617650,3,0.000753,inf,STAND_TEST,0.000000,-0.000814,0.036069,-0.320915,0.000000,0.000000,0.000000,1.000000,1.000000
1782440906.637546,4,0.000465,inf,STAND_TEST,0.000000,-0.000795,0.036090,-0.320906,0.000000,0.000000,0.000000,1.000000,1.000000
1782440906.657580,5,0.000445,inf,STAND_TEST,0.000000,-0.000814,0.036089,-0.320921,0.000000,0.000000,0.000000,1.000000,1.000000
1782440906.677616,6,0.000427,inf,STAND_TEST,0.000000,-0.000807,0.036104,-0.320906,0.000000,0.000000,0.000000,1.000000,1.000000
1782440906.697707,7,0.000463,inf,STAND_TEST,0.000000,-0.000816,0.036089,-0.320877,0.000000,0.000000,0.000000,1.000000,1.000000
1782440906.717761,8,0.000463,inf,STAND_TEST,0.000000,-0.000797,0.036083,-0.320878,0.000000,0.000000,0.000000,1.000000,1.000000
1782440906.738329,9,0.000973,inf,STAND_TEST,0.000000,-0.000807,0.036136,-0.320883,0.000000,0.000000,0.000000,1.000000,1.000000
1782440906.758322,10,0.000908,inf,STAND_TEST,0.000000,-0.000811,0.036109,-0.320852,0.000000,0.000000,0.000000,1.000000,1.000000
1782440906.778250,11,0.000680,inf,STAND_TEST,0.000000,-0.000817,0.036135,-0.320894,0.000000,0.000000,0.000000,1.000000,1.000000
1782440906.798404,12,0.000696,inf,STAND_TEST,0.000000,-0.000853,0.036098,-0.320907,0.000000,0.000000,0.000000,1.000000,1.000000
1782440906.818472,13,0.000706,inf,STAND_TEST,0.000000,-0.000854,0.036154,-0.320938,0.000000,0.000000,0.000000,1.000000,1.000000
1782440906.838707,14,0.000883,inf,STAND_TEST,0.000000,-0.000844,0.036164,-0.320955,0.000000,0.000000,0.000000,1.000000,1.000000
1782440906.858406,15,0.000552,inf,STAND_TEST,0.000000,-0.000863,0.036209,-0.320980,0.000000,0.000000,0.000000,1.000000,1.000000
1782440906.878592,16,0.000681,inf,STAND_TEST,0.000000,-0.000866,0.036153,-0.320948,0.000000,0.000000,0.000000,1.000000,1.000000
1782440906.898632,17,0.000666,inf,STAND_TEST,0.000000,-0.000882,0.036128,-0.320975,0.000000,0.000000,0.000000,1.000000,1.000000
1782440906.918648,18,0.000456,inf,STAND_TEST,0.000000,-0.000889,0.036093,-0.321023,0.000000,0.000000,0.000000,1.000000,1.000000
1782440906.938709,19,0.000462,inf,STAND_TEST,0.000000,-0.000896,0.036133,-0.321040,0.000000,0.000000,0.000000,1.000000,1.000000
1782440906.958744,20,0.000442,inf,STAND_TEST,0.000000,-0.000933,0.036095,-0.321047,0.000000,0.000000,0.000000,1.000000,1.000000
1782440906.978750,21,0.000394,inf,STAND_TEST,0.000000,-0.000936,0.036081,-0.321040,0.000000,0.000000,0.000000,1.000000,1.000000
1782440906.998814,22,0.000404,inf,STAND_TEST,0.000000,-0.000940,0.036088,-0.321046,0.000000,0.000000,0.000000,1.000000,1.000000
1782440907.018852,23,0.000387,inf,STAND_TEST,0.000000,-0.000957,0.036147,-0.321038,0.000000,0.000000,0.000000,1.000000,1.000000
1782440907.039146,24,0.000628,inf,STAND_TEST,0.000000,-0.000966,0.036161,-0.321056,0.000000,0.000000,0.000000,1.000000,1.000000
1782440907.059209,25,0.000637,inf,STAND_TEST,0.000000,-0.000966,0.036168,-0.320985,0.000000,0.000000,0.000000,1.000000,1.000000
1782440907.079452,26,0.000825,inf,STAND_TEST,0.000000,-0.000952,0.036219,-0.321011,0.000000,0.000000,0.000000,1.000000,1.000000
1782440907.099137,27,0.000442,inf,STAND_TEST,0.000000,-0.000970,0.036241,-0.321031,0.000000,0.000000,0.000000,1.000000,1.000000
1782440907.119220,28,0.000396,inf,STAND_TEST,0.000000,-0.000994,0.036272,-0.321059,0.000000,0.000000,0.000000,1.000000,1.000000
1782440907.139282,29,0.000404,inf,STAND_TEST,0.000000,-0.001000,0.036304,-0.321014,0.000000,0.000000,0.000000,1.000000,1.000000
1782440907.159360,30,0.000430,inf,STAND_TEST,0.000000,-0.001036,0.036312,-0.321056,0.000000,0.000000,0.000000,1.000000,1.000000
1782440907.179485,31,0.000499,inf,STAND_TEST,0.000000,-0.001037,0.036344,-0.321094,0.000000,0.000000,0.000000,1.000000,1.000000
1782440907.199699,32,0.000658,inf,STAND_TEST,0.000000,-0.001035,0.036340,-0.321100,0.000000,0.000000,0.000000,1.000000,1.000000
1782440907.219798,33,0.000721,inf,STAND_TEST,0.000000,-0.001054,0.036368,-0.321099,0.000000,0.000000,0.000000,1.000000,1.000000
1782440907.239788,34,0.000437,inf,STAND_TEST,0.000000,-0.001069,0.036368,-0.321110,0.000000,0.000000,0.000000,1.000000,1.000000
1782440907.259877,35,0.000443,inf,STAND_TEST,0.000000,-0.001040,0.036387,-0.321091,0.000000,0.000000,0.000000,1.000000,1.000000
1782440907.279937,36,0.000448,inf,STAND_TEST,0.000000,-0.001032,0.036410,-0.321060,0.000000,0.000000,0.000000,1.000000,1.000000
1782440907.299980,37,0.000436,inf,STAND_TEST,0.000000,-0.001016,0.036424,-0.321059,0.000000,0.000000,0.000000,1.000000,1.000000
1782440907.320035,38,0.000437,inf,STAND_TEST,0.000000,-0.001030,0.036418,-0.321085,0.000000,0.000000,0.000000,1.000000,1.000000
1782440907.340266,39,0.000613,inf,STAND_TEST,0.000000,-0.001050,0.036381,-0.321080,0.000000,0.000000,0.000000,1.000000,1.000000
1782440907.360492,40,0.000786,inf,STAND_TEST,0.000000,-0.001072,0.036353,-0.321068,0.000000,0.000000,0.000000,1.000000,1.000000
1782440907.380443,41,0.000470,inf,STAND_TEST,0.000000,-0.001047,0.036320,-0.321070,0.000000,0.000000,0.000000,1.000000,1.000000
1782440907.400448,42,0.000422,inf,STAND_TEST,0.000000,-0.001066,0.036281,-0.321063,0.000000,0.000000,0.000000,1.000000,1.000000
1782440907.420541,43,0.000461,inf,STAND_TEST,0.000000,-0.001074,0.036252,-0.321081,0.000000,0.000000,0.000000,1.000000,1.000000
1782440907.440601,44,0.000468,inf,STAND_TEST,0.000000,-0.001096,0.036248,-0.321125,0.000000,0.000000,0.000000,1.000000,1.000000
1782440907.460651,45,0.000464,inf,STAND_TEST,0.000000,-0.001076,0.036215,-0.321100,0.000000,0.000000,0.000000,1.000000,1.000000
1782440907.480880,46,0.000667,inf,STAND_TEST,0.000000,-0.001079,0.036260,-0.321122,0.000000,0.000000,0.000000,1.000000,1.000000
1782440907.500970,47,0.000701,inf,STAND_TEST,0.000000,-0.001096,0.036312,-0.321107,0.000000,0.000000,0.000000,1.000000,1.000000
1782440907.520972,48,0.000648,inf,STAND_TEST,0.000000,-0.001123,0.036295,-0.321128,0.000000,0.000000,0.000000,1.000000,1.000000
1782440907.541030,49,0.000466,inf,STAND_TEST,0.000000,-0.001132,0.036276,-0.321142,0.000000,0.000000,0.000000,1.000000,1.000000
1782440907.561198,50,0.000477,inf,STAND_TEST,0.000000,-0.001150,0.036285,-0.321198,0.000000,0.000000,0.000000,1.000000,1.000000
1782440907.581214,51,0.000438,inf,STAND_TEST,0.000000,-0.001157,0.036334,-0.321201,0.000000,0.000000,0.000000,1.000000,1.000000
1782440907.601658,52,0.000827,inf,STAND_TEST,0.000000,-0.001179,0.036353,-0.321236,0.000000,0.000000,0.000000,1.000000,1.000000
1782440907.621550,53,0.000663,inf,STAND_TEST,0.000000,-0.001160,0.036381,-0.321215,0.000000,0.000000,0.000000,1.000000,1.000000
1782440907.641509,54,0.000468,inf,STAND_TEST,0.000000,-0.001137,0.036442,-0.321181,0.000000,0.000000,0.000000,1.000000,1.000000
1782440907.661936,55,0.000731,inf,STAND_TEST,0.000000,-0.001128,0.036448,-0.321175,0.000000,0.000000,0.000000,1.000000,1.000000
1782440907.681833,56,0.000571,inf,STAND_TEST,0.000000,-0.001159,0.036461,-0.321208,0.000000,0.000000,0.000000,1.000000,1.000000
1782440907.701765,57,0.000450,inf,STAND_TEST,0.000000,-0.001152,0.036453,-0.321161,0.000000,0.000000,0.000000,1.000000,1.000000
1782440907.722050,58,0.000677,inf,STAND_TEST,0.000000,-0.001124,0.036500,-0.321197,0.000000,0.000000,0.000000,1.000000,1.000000
1782440907.741919,59,0.000490,inf,STAND_TEST,0.000000,-0.001140,0.036550,-0.321209,0.000000,0.000000,0.000000,1.000000,1.000000
1782440907.761883,60,0.000430,inf,STAND_TEST,0.000000,-0.001155,0.036607,-0.321204,0.000000,0.000000,0.000000,1.000000,1.000000
1782440907.782257,61,0.000745,inf,STAND_TEST,0.000000,-0.001160,0.036614,-0.321208,0.000000,0.000000,0.000000,1.000000,1.000000
1782440907.802191,62,0.000626,inf,STAND_TEST,0.000000,-0.001170,0.036608,-0.321218,0.000000,0.000000,0.000000,1.000000,1.000000
1782440907.822448,63,0.000828,inf,STAND_TEST,0.000000,-0.001161,0.036614,-0.321236,0.000000,0.000000,0.000000,1.000000,1.000000
1782440907.842221,64,0.000495,inf,STAND_TEST,0.000000,-0.001178,0.036623,-0.321228,0.000000,0.000000,0.000000,1.000000,1.000000
1782440907.862203,65,0.000424,inf,STAND_TEST,0.000000,-0.001206,0.036622,-0.321240,0.000000,0.000000,0.000000,1.000000,1.000000
1782440907.882277,66,0.000444,inf,STAND_TEST,0.000000,-0.001207,0.036631,-0.321227,0.000000,0.000000,0.000000,1.000000,1.000000
1782440907.902562,67,0.000674,inf,STAND_TEST,0.000000,-0.001214,0.036651,-0.321230,0.000000,0.000000,0.000000,1.000000,1.000000
1782440907.922606,68,0.000663,inf,STAND_TEST,0.000000,-0.001196,0.036649,-0.321214,0.000000,0.000000,0.000000,1.000000,1.000000
1782440907.942823,69,0.000825,inf,STAND_TEST,0.000000,-0.001194,0.036636,-0.321231,0.000000,0.000000,0.000000,1.000000,1.000000
1782440907.962861,70,0.000809,inf,STAND_TEST,0.000000,-0.001193,0.036663,-0.321227,0.000000,0.000000,0.000000,1.000000,1.000000
1782440907.982689,71,0.000582,inf,STAND_TEST,0.000000,-0.001201,0.036670,-0.321238,0.000000,0.000000,0.000000,1.000000,1.000000
1782440908.002794,72,0.000417,inf,STAND_TEST,0.000000,-0.001201,0.036660,-0.321206,0.000000,0.000000,0.000000,1.000000,1.000000
1782440908.022907,73,0.000428,inf,STAND_TEST,0.000000,-0.001214,0.036705,-0.321213,0.000000,0.000000,0.000000,1.000000,1.000000
1782440908.043045,74,0.000462,inf,STAND_TEST,0.000000,-0.001211,0.036692,-0.321182,0.000000,0.000000,0.000000,1.000000,1.000000
1782440908.063357,75,0.000676,inf,STAND_TEST,0.000000,-0.001221,0.036692,-0.321175,0.000000,0.000000,0.000000,1.000000,1.000000
1782440908.083528,76,0.000792,inf,STAND_TEST,0.000000,-0.001224,0.036667,-0.321158,0.000000,0.000000,0.000000,1.000000,1.000000
1782440908.103559,77,0.000771,inf,STAND_TEST,0.000000,-0.001220,0.036703,-0.321161,0.000000,0.000000,0.000000,1.000000,1.000000
1782440908.123370,78,0.000429,inf,STAND_TEST,0.000000,-0.001231,0.036720,-0.321149,0.000000,0.000000,0.000000,1.000000,1.000000
1782440908.143420,79,0.000424,inf,STAND_TEST,0.000000,-0.001243,0.036764,-0.321160,0.000000,0.000000,0.000000,1.000000,1.000000
1782440908.163463,80,0.000414,inf,STAND_TEST,0.000000,-0.001241,0.036762,-0.321143,0.000000,0.000000,0.000000,1.000000,1.000000
1782440908.183520,81,0.000417,inf,STAND_TEST,0.000000,-0.001269,0.036755,-0.321126,0.000000,0.000000,0.000000,1.000000,1.000000
1782440908.203566,82,0.000410,inf,STAND_TEST,0.000000,-0.001284,0.036754,-0.321119,0.000000,0.000000,0.000000,1.000000,1.000000
1782440908.223969,83,0.000758,inf,STAND_TEST,0.000000,-0.001280,0.036811,-0.321137,0.000000,0.000000,0.000000,1.000000,1.000000
1782440908.244040,84,0.000775,inf,STAND_TEST,0.000000,-0.001274,0.036828,-0.321172,0.000000,0.000000,0.000000,1.000000,1.000000
1782440908.264032,85,0.000431,inf,STAND_TEST,0.000000,-0.001281,0.036844,-0.321215,0.000000,0.000000,0.000000,1.000000,1.000000
1782440908.284038,86,0.000383,inf,STAND_TEST,0.000000,-0.001294,0.036863,-0.321221,0.000000,0.000000,0.000000,1.000000,1.000000
1782440908.304180,87,0.000469,inf,STAND_TEST,0.000000,-0.001287,0.036846,-0.321212,0.000000,0.000000,0.000000,1.000000,1.000000
1782440908.324505,88,0.000740,inf,STAND_TEST,0.000000,-0.001307,0.036856,-0.321214,0.000000,0.000000,0.000000,1.000000,1.000000
1782440908.344508,89,0.000686,inf,STAND_TEST,0.000000,-0.001327,0.036850,-0.321201,0.000000,0.000000,0.000000,1.000000,1.000000
1782440908.364518,90,0.000641,inf,STAND_TEST,0.000000,-0.001312,0.036854,-0.321154,0.000000,0.000000,0.000000,1.000000,1.000000
1782440908.384569,91,0.000639,inf,STAND_TEST,0.000000,-0.001315,0.036879,-0.321182,0.000000,0.000000,0.000000,1.000000,1.000000
1782440908.404477,92,0.000473,inf,STAND_TEST,0.000000,-0.001347,0.036902,-0.321205,0.000000,0.000000,0.000000,1.000000,1.000000
1782440908.424645,93,0.000482,inf,STAND_TEST,0.000000,-0.001340,0.036901,-0.321204,0.000000,0.000000,0.000000,1.000000,1.000000
1782440908.444669,94,0.000441,inf,STAND_TEST,0.000000,-0.001329,0.036982,-0.321215,0.000000,0.000000,0.000000,1.000000,1.000000
1782440908.464695,95,0.000415,inf,STAND_TEST,0.000000,-0.001319,0.036989,-0.321226,0.000000,0.000000,0.000000,1.000000,1.000000
1782440908.485010,96,0.000674,inf,STAND_TEST,0.000000,-0.001333,0.036963,-0.321235,0.000000,0.000000,0.000000,1.000000,1.000000
1782440908.505002,97,0.000613,inf,STAND_TEST,0.000000,-0.001379,0.037002,-0.321252,0.000000,0.000000,0.000000,1.000000,1.000000
1782440908.525075,98,0.000632,inf,STAND_TEST,0.000000,-0.001378,0.037017,-0.321221,0.000000,0.000000,0.000000,1.000000,1.000000
1782440908.545138,99,0.000455,inf,STAND_TEST,0.000000,-0.001370,0.036997,-0.321212,0.000000,0.000000,0.000000,1.000000,1.000000
1782440908.565177,100,0.000440,inf,STAND_TEST,0.000000,-0.001388,0.036962,-0.321204,0.000000,0.000000,0.000000,1.000000,1.000000
1782440908.585221,101,0.000430,inf,STAND_TEST,0.000000,-0.001369,0.037017,-0.321198,0.000000,0.000000,0.000000,1.000000,1.000000
1782440908.605295,102,0.000451,inf,STAND_TEST,0.000000,-0.001372,0.037022,-0.321161,0.000000,0.000000,0.000000,1.000000,1.000000
1782440908.625375,103,0.000476,inf,STAND_TEST,0.000000,-0.001369,0.036996,-0.321162,0.000000,0.000000,0.000000,1.000000,1.000000
1782440908.645805,104,0.000852,inf,STAND_TEST,0.000000,-0.001364,0.037006,-0.321132,0.000000,0.000000,0.000000,1.000000,1.000000
1782440908.665701,105,0.000694,inf,STAND_TEST,0.000000,-0.001367,0.037030,-0.321124,0.000000,0.000000,0.000000,1.000000,1.000000
1782440908.685738,106,0.000676,inf,STAND_TEST,0.000000,-0.001376,0.037015,-0.321132,0.000000,0.000000,0.000000,1.000000,1.000000
1782440908.705894,107,0.000447,inf,STAND_TEST,0.000000,-0.001362,0.037035,-0.321147,0.000000,0.000000,0.000000,1.000000,1.000000
1782440908.725873,108,0.000420,inf,STAND_TEST,0.000000,-0.001359,0.037019,-0.321133,0.000000,0.000000,0.000000,1.000000,1.000000
1782440908.746300,109,0.000792,inf,STAND_TEST,0.000000,-0.001352,0.037027,-0.321128,0.000000,0.000000,0.000000,1.000000,1.000000
1782440908.765974,110,0.000414,inf,STAND_TEST,0.000000,-0.001357,0.036982,-0.321132,0.000000,0.000000,0.000000,1.000000,1.000000
1782440908.786266,111,0.000652,inf,STAND_TEST,0.000000,-0.001366,0.037068,-0.321172,0.000000,0.000000,0.000000,1.000000,1.000000
1782440908.806292,112,0.000625,inf,STAND_TEST,0.000000,-0.001330,0.037105,-0.321182,0.000000,0.000000,0.000000,1.000000,1.000000
1782440908.826586,113,0.000865,inf,STAND_TEST,0.000000,-0.001320,0.037104,-0.321205,0.000000,0.000000,0.000000,1.000000,1.000000
1782440908.846472,114,0.000512,inf,STAND_TEST,0.000000,-0.001317,0.037116,-0.321201,0.000000,0.000000,0.000000,1.000000,1.000000
1782440908.866450,115,0.000434,inf,STAND_TEST,0.000000,-0.001321,0.037138,-0.321210,0.000000,0.000000,0.000000,1.000000,1.000000
1782440908.886562,116,0.000492,inf,STAND_TEST,0.000000,-0.001288,0.037171,-0.321220,0.000000,0.000000,0.000000,1.000000,1.000000
1782440908.906805,117,0.000679,inf,STAND_TEST,0.000000,-0.001303,0.037179,-0.321241,0.000000,0.000000,0.000000,1.000000,1.000000
1782440908.927014,118,0.000832,inf,STAND_TEST,0.000000,-0.001298,0.037235,-0.321254,0.000000,0.000000,0.000000,1.000000,1.000000
1782440908.946927,119,0.000688,inf,STAND_TEST,0.000000,-0.001283,0.037241,-0.321238,0.000000,0.000000,0.000000,1.000000,1.000000
1782440908.966909,120,0.000429,inf,STAND_TEST,0.000000,-0.001279,0.037238,-0.321229,0.000000,0.000000,0.000000,1.000000,1.000000
1782440908.986940,121,0.000407,inf,STAND_TEST,0.000000,-0.001304,0.037238,-0.321271,0.000000,0.000000,0.000000,1.000000,1.000000
1782440909.007050,122,0.000422,inf,STAND_TEST,0.000000,-0.001288,0.037220,-0.321212,0.000000,0.000000,0.000000,1.000000,1.000000
1782440909.027159,123,0.000475,inf,STAND_TEST,0.000000,-0.001271,0.037215,-0.321192,0.000000,0.000000,0.000000,1.000000,1.000000
1782440909.047550,124,0.000810,inf,STAND_TEST,0.000000,-0.001264,0.037257,-0.321209,0.000000,0.000000,0.000000,1.000000,1.000000
1782440909.067454,125,0.000659,inf,STAND_TEST,0.000000,-0.001265,0.037317,-0.321196,0.000000,0.000000,0.000000,1.000000,1.000000
1782440909.087531,126,0.000474,inf,STAND_TEST,0.000000,-0.001243,0.037324,-0.321224,0.000000,0.000000,0.000000,1.000000,1.000000
1782440909.107587,127,0.000434,inf,STAND_TEST,0.000000,-0.001267,0.037306,-0.321200,0.000000,0.000000,0.000000,1.000000,1.000000
1782440909.127720,128,0.000511,inf,STAND_TEST,0.000000,-0.001222,0.037337,-0.321166,0.000000,0.000000,0.000000,1.000000,1.000000
1782440909.147782,129,0.000516,inf,STAND_TEST,0.000000,-0.001238,0.037373,-0.321175,0.000000,0.000000,0.000000,1.000000,1.000000
1782440909.168020,130,0.000700,inf,STAND_TEST,0.000000,-0.001257,0.037390,-0.321165,0.000000,0.000000,0.000000,1.000000,1.000000
1782440909.188177,131,0.000803,inf,STAND_TEST,0.000000,-0.001268,0.037388,-0.321173,0.000000,0.000000,0.000000,1.000000,1.000000
1782440909.208199,132,0.000772,inf,STAND_TEST,0.000000,-0.001277,0.037418,-0.321160,0.000000,0.000000,0.000000,1.000000,1.000000
1782440909.228166,133,0.000498,inf,STAND_TEST,0.000000,-0.001284,0.037449,-0.321143,0.000000,0.000000,0.000000,1.000000,1.000000
1782440909.248143,134,0.000422,inf,STAND_TEST,0.000000,-0.001271,0.037486,-0.321125,0.000000,0.000000,0.000000,1.000000,1.000000
1782440909.268189,135,0.000413,inf,STAND_TEST,0.000000,-0.001282,0.037504,-0.321128,0.000000,0.000000,0.000000,1.000000,1.000000
1782440909.288273,136,0.000442,inf,STAND_TEST,0.000000,-0.001276,0.037533,-0.321128,0.000000,0.000000,0.000000,1.000000,1.000000
1782440909.308313,137,0.000428,inf,STAND_TEST,0.000000,-0.001293,0.037511,-0.321144,0.000000,0.000000,0.000000,1.000000,1.000000
1782440909.328609,138,0.000670,inf,STAND_TEST,0.000000,-0.001299,0.037542,-0.321164,0.000000,0.000000,0.000000,1.000000,1.000000
1782440909.348652,139,0.000656,inf,STAND_TEST,0.000000,-0.001299,0.037621,-0.321171,0.000000,0.000000,0.000000,1.000000,1.000000
1782440909.368825,140,0.000775,inf,STAND_TEST,0.000000,-0.001298,0.037586,-0.321192,0.000000,0.000000,0.000000,1.000000,1.000000
1782440909.388860,141,0.000756,inf,STAND_TEST,0.000000,-0.001282,0.037628,-0.321223,0.000000,0.000000,0.000000,1.000000,1.000000
1782440909.408983,142,0.000511,inf,STAND_TEST,0.000000,-0.001286,0.037592,-0.321182,0.000000,0.000000,0.000000,1.000000,1.000000
1782440909.429254,143,0.000464,inf,STAND_TEST,0.000000,-0.001297,0.037601,-0.321190,0.000000,0.000000,0.000000,1.000000,1.000000
1782440909.449692,144,0.000848,inf,STAND_TEST,0.000000,-0.001284,0.037627,-0.321197,0.000000,0.000000,0.000000,1.000000,1.000000
1782440909.469646,145,0.000442,inf,STAND_TEST,0.000000,-0.001301,0.037670,-0.321222,0.000000,0.000000,0.000000,1.000000,1.000000
1782440909.489710,146,0.000452,inf,STAND_TEST,0.000000,-0.001292,0.037672,-0.321219,0.000000,0.000000,0.000000,1.000000,1.000000
1782440909.509767,147,0.000455,inf,STAND_TEST,0.000000,-0.001280,0.037717,-0.321200,0.000000,0.000000,0.000000,1.000000,1.000000
1782440909.530207,148,0.000841,inf,STAND_TEST,0.000000,-0.001262,0.037740,-0.321177,0.000000,0.000000,0.000000,1.000000,1.000000
1782440909.550121,149,0.000699,inf,STAND_TEST,0.000000,-0.001269,0.037724,-0.321176,0.000000,0.000000,0.000000,1.000000,1.000000
1782440909.570207,150,0.000752,inf,STAND_TEST,0.000000,-0.001232,0.037767,-0.321138,0.000000,0.000000,0.000000,1.000000,1.000000
1782440909.590132,151,0.000463,inf,STAND_TEST,0.000000,-0.001240,0.037796,-0.321144,0.000000,0.000000,0.000000,1.000000,1.000000
1782440909.610193,152,0.000469,inf,STAND_TEST,0.000000,-0.001254,0.037792,-0.321161,0.000000,0.000000,0.000000,1.000000,1.000000
1782440909.630234,153,0.000454,inf,STAND_TEST,0.000000,-0.001258,0.037810,-0.321197,0.000000,0.000000,0.000000,1.000000,1.000000
1782440909.650276,154,0.000441,inf,STAND_TEST,0.000000,-0.001234,0.037780,-0.321140,0.000000,0.000000,0.000000,1.000000,1.000000
1782440909.670321,155,0.000432,inf,STAND_TEST,0.000000,-0.001203,0.037748,-0.321129,0.000000,0.000000,0.000000,1.000000,1.000000
1782440909.690368,156,0.000423,inf,STAND_TEST,0.000000,-0.001207,0.037755,-0.321121,0.000000,0.000000,0.000000,1.000000,1.000000
1782440909.710689,157,0.000689,inf,STAND_TEST,0.000000,-0.001176,0.037761,-0.321060,0.000000,0.000000,0.000000,1.000000,1.000000
1782440909.730728,158,0.000673,inf,STAND_TEST,0.000000,-0.001164,0.037751,-0.321077,0.000000,0.000000,0.000000,1.000000,1.000000
1782440909.750785,159,0.000478,inf,STAND_TEST,0.000000,-0.001138,0.037756,-0.321091,0.000000,0.000000,0.000000,1.000000,1.000000
1782440909.770779,160,0.000418,inf,STAND_TEST,0.000000,-0.001122,0.037751,-0.321072,0.000000,0.000000,0.000000,1.000000,1.000000
1782440909.790828,161,0.000413,inf,STAND_TEST,0.000000,-0.001109,0.037802,-0.321103,0.000000,0.000000,0.000000,1.000000,1.000000
1782440909.810960,162,0.000489,inf,STAND_TEST,0.000000,-0.001092,0.037732,-0.321113,0.000000,0.000000,0.000000,1.000000,1.000000
1782440909.831353,163,0.000826,inf,STAND_TEST,0.000000,-0.001090,0.037701,-0.321133,0.000000,0.000000,0.000000,1.000000,1.000000
1782440909.851406,164,0.000824,inf,STAND_TEST,0.000000,-0.001129,0.037702,-0.321126,0.000000,0.000000,0.000000,1.000000,1.000000
1782440909.871249,165,0.000451,inf,STAND_TEST,0.000000,-0.001144,0.037696,-0.321154,0.000000,0.000000,0.000000,1.000000,1.000000
1782440909.891317,166,0.000463,inf,STAND_TEST,0.000000,-0.001148,0.037693,-0.321179,0.000000,0.000000,0.000000,1.000000,1.000000
1782440909.911360,167,0.000451,inf,STAND_TEST,0.000000,-0.001124,0.037697,-0.321178,0.000000,0.000000,0.000000,1.000000,1.000000
1782440909.931425,168,0.000462,inf,STAND_TEST,0.000000,-0.001141,0.037724,-0.321208,0.000000,0.000000,0.000000,1.000000,1.000000
1782440909.951508,169,0.000489,inf,STAND_TEST,0.000000,-0.001128,0.037742,-0.321149,0.000000,0.000000,0.000000,1.000000,1.000000
1782440909.971739,170,0.000625,inf,STAND_TEST,0.000000,-0.001103,0.037755,-0.321160,0.000000,0.000000,0.000000,1.000000,1.000000
1782440909.991854,171,0.000421,inf,STAND_TEST,0.000000,-0.001088,0.037786,-0.321162,0.000000,0.000000,0.000000,1.000000,1.000000
1782440910.012304,172,0.000743,inf,STAND_TEST,0.000000,-0.001090,0.037787,-0.321140,0.000000,0.000000,0.000000,1.000000,1.000000
1782440910.032296,173,0.000678,inf,STAND_TEST,0.000000,-0.001075,0.037813,-0.321166,0.000000,0.000000,0.000000,1.000000,1.000000
1782440910.052506,174,0.000831,inf,STAND_TEST,0.000000,-0.001078,0.037772,-0.321170,0.000000,0.000000,0.000000,1.000000,1.000000
1782440910.072430,175,0.000701,inf,STAND_TEST,0.000000,-0.001079,0.037758,-0.321137,0.000000,0.000000,0.000000,1.000000,1.000000
1782440910.092488,176,0.000440,inf,STAND_TEST,0.000000,-0.001027,0.037716,-0.321059,0.000000,0.000000,0.000000,1.000000,1.000000
1782440910.112652,177,0.000421,inf,STAND_TEST,0.000000,-0.001043,0.037746,-0.321086,0.000000,0.000000,0.000000,1.000000,1.000000
1782440910.132707,178,0.000422,inf,STAND_TEST,0.000000,-0.001029,0.037745,-0.321052,0.000000,0.000000,0.000000,1.000000,1.000000
1782440910.152868,179,0.000482,inf,STAND_TEST,0.000000,-0.001031,0.037703,-0.321018,0.000000,0.000000,0.000000,1.000000,1.000000
1782440910.173159,180,0.000674,inf,STAND_TEST,0.000000,-0.001035,0.037671,-0.321018,0.000000,0.000000,0.000000,1.000000,1.000000
1782440910.193261,181,0.000679,inf,STAND_TEST,0.000000,-0.001031,0.037676,-0.321030,0.000000,0.000000,0.000000,1.000000,1.000000
1782440910.213377,182,0.000692,inf,STAND_TEST,0.000000,-0.001029,0.037676,-0.321030,0.000000,0.000000,0.000000,1.000000,1.000000
1782440910.233212,183,0.000421,inf,STAND_TEST,0.000000,-0.001010,0.037662,-0.321053,0.000000,0.000000,0.000000,1.000000,1.000000
1782440910.253319,184,0.000422,inf,STAND_TEST,0.000000,-0.001008,0.037657,-0.321092,0.000000,0.000000,0.000000,1.000000,1.000000
1782440910.273434,185,0.000433,inf,STAND_TEST,0.000000,-0.001016,0.037696,-0.321110,0.000000,0.000000,0.000000,1.000000,1.000000
1782440910.293560,186,0.000452,inf,STAND_TEST,0.000000,-0.000974,0.037684,-0.321127,0.000000,0.000000,0.000000,1.000000,1.000000
1782440910.314022,187,0.000856,inf,STAND_TEST,0.000000,-0.000985,0.037633,-0.321124,0.000000,0.000000,0.000000,1.000000,1.000000
1782440910.334141,188,0.000918,inf,STAND_TEST,0.000000,-0.000954,0.037642,-0.321117,0.000000,0.000000,0.000000,1.000000,1.000000
1782440910.354176,189,0.000895,inf,STAND_TEST,0.000000,-0.000939,0.037652,-0.321114,0.000000,0.000000,0.000000,1.000000,1.000000
1782440910.374049,190,0.000500,inf,STAND_TEST,0.000000,-0.000952,0.037660,-0.321106,0.000000,0.000000,0.000000,1.000000,1.000000
1782440910.394110,191,0.000484,inf,STAND_TEST,0.000000,-0.000962,0.037657,-0.321082,0.000000,0.000000,0.000000,1.000000,1.000000
1782440910.414144,192,0.000462,inf,STAND_TEST,0.000000,-0.000949,0.037666,-0.321081,0.000000,0.000000,0.000000,1.000000,1.000000
1782440910.434222,193,0.000485,inf,STAND_TEST,0.000000,-0.000939,0.037715,-0.321066,0.000000,0.000000,0.000000,1.000000,1.000000
1782440910.454244,194,0.000451,inf,STAND_TEST,0.000000,-0.000934,0.037698,-0.321052,0.000000,0.000000,0.000000,1.000000,1.000000
1782440910.474565,195,0.000535,inf,STAND_TEST,0.000000,-0.000951,0.037689,-0.321064,0.000000,0.000000,0.000000,1.000000,1.000000
1782440910.494661,196,0.000573,inf,STAND_TEST,0.000000,-0.000945,0.037707,-0.321094,0.000000,0.000000,0.000000,1.000000,1.000000
1782440910.514622,197,0.000479,inf,STAND_TEST,0.000000,-0.000954,0.037732,-0.321114,0.000000,0.000000,0.000000,1.000000,1.000000
1782440910.534652,198,0.000453,inf,STAND_TEST,0.000000,-0.000940,0.037721,-0.321126,0.000000,0.000000,0.000000,1.000000,1.000000
1782440910.554727,199,0.000473,inf,STAND_TEST,0.000000,-0.000949,0.037778,-0.321151,0.000000,0.000000,0.000000,1.000000,1.000000
1782440910.575013,200,0.000703,inf,STAND_TEST,0.000000,-0.000930,0.037825,-0.321140,0.000000,0.000000,0.000000,1.000000,1.000000
1782440910.595040,201,0.000674,inf,STAND_TEST,0.000000,-0.000924,0.037829,-0.321151,0.000000,0.000000,0.000000,1.000000,1.000000
1782440910.615048,202,0.000454,inf,STAND_TEST,0.000000,-0.000897,0.037837,-0.321156,0.000000,0.000000,0.000000,1.000000,1.000000
1782440910.635127,203,0.000470,inf,STAND_TEST,0.000000,-0.000900,0.037828,-0.321142,0.000000,0.000000,0.000000,1.000000,1.000000
1782440910.655177,204,0.000456,inf,STAND_TEST,0.000000,-0.000914,0.037849,-0.321177,0.000000,0.000000,0.000000,1.000000,1.000000
1782440910.675366,205,0.000588,inf,STAND_TEST,0.000000,-0.000910,0.037827,-0.321119,0.000000,0.000000,0.000000,1.000000,1.000000
1782440910.695709,206,0.000874,inf,STAND_TEST,0.000000,-0.000929,0.037825,-0.321131,0.000000,0.000000,0.000000,1.000000,1.000000
1782440910.715353,207,0.000464,inf,STAND_TEST,0.000000,-0.000936,0.037814,-0.321122,0.000000,0.000000,0.000000,1.000000,1.000000
1782440910.735785,208,0.000840,inf,STAND_TEST,0.000000,-0.000942,0.037765,-0.321093,0.000000,0.000000,0.000000,1.000000,1.000000
1782440910.755962,209,0.000962,inf,STAND_TEST,0.000000,-0.000929,0.037754,-0.321070,0.000000,0.000000,0.000000,1.000000,1.000000
1782440910.775737,210,0.000681,inf,STAND_TEST,0.000000,-0.000942,0.037749,-0.321064,0.000000,0.000000,0.000000,1.000000,1.000000
1782440910.795533,211,0.000415,inf,STAND_TEST,0.000000,-0.000929,0.037682,-0.321056,0.000000,0.000000,0.000000,1.000000,1.000000
1782440910.815635,212,0.000461,inf,STAND_TEST,0.000000,-0.000935,0.037640,-0.321041,0.000000,0.000000,0.000000,1.000000,1.000000
1782440910.835723,213,0.000492,inf,STAND_TEST,0.000000,-0.000933,0.037591,-0.321008,0.000000,0.000000,0.000000,1.000000,1.000000
1782440910.855746,214,0.000459,inf,STAND_TEST,0.000000,-0.000924,0.037553,-0.320966,0.000000,0.000000,0.000000,1.000000,1.000000
1782440910.875856,215,0.000512,inf,STAND_TEST,0.000000,-0.000922,0.037548,-0.321001,0.000000,0.000000,0.000000,1.000000,1.000000
1782440910.896042,216,0.000642,inf,STAND_TEST,0.000000,-0.000912,0.037569,-0.321021,0.000000,0.000000,0.000000,1.000000,1.000000
1782440910.916127,217,0.000672,inf,STAND_TEST,0.000000,-0.000926,0.037579,-0.320994,0.000000,0.000000,0.000000,1.000000,1.000000
1782440910.936110,218,0.000458,inf,STAND_TEST,0.000000,-0.000939,0.037548,-0.321029,0.000000,0.000000,0.000000,1.000000,1.000000
1782440910.956297,219,0.000511,inf,STAND_TEST,0.000000,-0.000951,0.037505,-0.321019,0.000000,0.000000,0.000000,1.000000,1.000000
1782440910.976344,220,0.000503,inf,STAND_TEST,0.000000,-0.000949,0.037472,-0.320989,0.000000,0.000000,0.000000,1.000000,1.000000
1782440910.996333,221,0.000437,inf,STAND_TEST,0.000000,-0.000946,0.037473,-0.320964,0.000000,0.000000,0.000000,1.000000,1.000000
1782440911.016357,222,0.000407,inf,STAND_TEST,0.000000,-0.000939,0.037503,-0.320948,0.000000,0.000000,0.000000,1.000000,1.000000
1782440911.036412,223,0.000409,inf,STAND_TEST,0.000000,-0.000948,0.037493,-0.320951,0.000000,0.000000,0.000000,1.000000,1.000000
1782440911.056667,224,0.000610,inf,STAND_TEST,0.000000,-0.000956,0.037480,-0.320937,0.000000,0.000000,0.000000,1.000000,1.000000
1782440911.076704,225,0.000593,inf,STAND_TEST,0.000000,-0.000961,0.037514,-0.320915,0.000000,0.000000,0.000000,1.000000,1.000000
1782440911.096884,226,0.000720,inf,STAND_TEST,0.000000,-0.000968,0.037480,-0.320899,0.000000,0.000000,0.000000,1.000000,1.000000
1782440911.116753,227,0.000484,inf,STAND_TEST,0.000000,-0.000969,0.037480,-0.320868,0.000000,0.000000,0.000000,1.000000,1.000000
1782440911.136892,228,0.000435,inf,STAND_TEST,0.000000,-0.000986,0.037478,-0.320882,0.000000,0.000000,0.000000,1.000000,1.000000
1782440911.157002,229,0.000439,inf,STAND_TEST,0.000000,-0.001004,0.037493,-0.320872,0.000000,0.000000,0.000000,1.000000,1.000000
1782440911.177383,230,0.000686,inf,STAND_TEST,0.000000,-0.001009,0.037488,-0.320876,0.000000,0.000000,0.000000,1.000000,1.000000
1782440911.197457,231,0.000657,inf,STAND_TEST,0.000000,-0.001020,0.037530,-0.320874,0.000000,0.000000,0.000000,1.000000,1.000000
1782440911.217496,232,0.000445,inf,STAND_TEST,0.000000,-0.000990,0.037532,-0.320890,0.000000,0.000000,0.000000,1.000000,1.000000
1782440911.237596,233,0.000432,inf,STAND_TEST,0.000000,-0.000998,0.037557,-0.320878,0.000000,0.000000,0.000000,1.000000,1.000000
1782440911.257818,234,0.000554,inf,STAND_TEST,0.000000,-0.000966,0.037562,-0.320902,0.000000,0.000000,0.000000,1.000000,1.000000
1782440911.278077,235,0.000709,inf,STAND_TEST,0.000000,-0.000961,0.037559,-0.320894,0.000000,0.000000,0.000000,1.000000,1.000000
1782440911.298144,236,0.000671,inf,STAND_TEST,0.000000,-0.000976,0.037530,-0.320888,0.000000,0.000000,0.000000,1.000000,1.000000
1782440911.318136,237,0.000486,inf,STAND_TEST,0.000000,-0.000971,0.037496,-0.320877,0.000000,0.000000,0.000000,1.000000,1.000000
1782440911.338137,238,0.000430,inf,STAND_TEST,0.000000,-0.000975,0.037517,-0.320901,0.000000,0.000000,0.000000,1.000000,1.000000
1782440911.358191,239,0.000429,inf,STAND_TEST,0.000000,-0.000972,0.037494,-0.320875,0.000000,0.000000,0.000000,1.000000,1.000000
1782440911.378303,240,0.000485,inf,STAND_TEST,0.000000,-0.000974,0.037452,-0.320877,0.000000,0.000000,0.000000,1.000000,1.000000
1782440911.398331,241,0.000458,inf,STAND_TEST,0.000000,-0.000949,0.037422,-0.320843,0.000000,0.000000,0.000000,1.000000,1.000000
1782440911.418592,242,0.000665,inf,STAND_TEST,0.000000,-0.000963,0.037415,-0.320817,0.000000,0.000000,0.000000,1.000000,1.000000
1782440911.438412,243,0.000430,inf,STAND_TEST,0.000000,-0.000949,0.037387,-0.320770,0.000000,0.000000,0.000000,1.000000,1.000000
1782440911.458800,244,0.000763,inf,STAND_TEST,0.000000,-0.000953,0.037366,-0.320762,0.000000,0.000000,0.000000,1.000000,1.000000
1782440911.478766,245,0.000440,inf,STAND_TEST,0.000000,-0.000962,0.037327,-0.320757,0.000000,0.000000,0.000000,1.000000,1.000000
1782440911.498887,246,0.000434,inf,STAND_TEST,0.000000,-0.000956,0.037311,-0.320752,0.000000,0.000000,0.000000,1.000000,1.000000
1782440911.518945,247,0.000438,inf,STAND_TEST,0.000000,-0.000984,0.037286,-0.320739,0.000000,0.000000,0.000000,1.000000,1.000000
1782440911.539035,248,0.000472,inf,STAND_TEST,0.000000,-0.000982,0.037276,-0.320778,0.000000,0.000000,0.000000,1.000000,1.000000
1782440911.559393,249,0.000775,inf,STAND_TEST,0.000000,-0.000985,0.037240,-0.320772,0.000000,0.000000,0.000000,1.000000,1.000000
1782440911.579327,250,0.000655,inf,STAND_TEST,0.000000,-0.000990,0.037274,-0.320754,0.000000,0.000000,0.000000,1.000000,1.000000
1782440911.599205,251,0.000431,inf,STAND_TEST,0.000000,-0.000998,0.037261,-0.320786,0.000000,0.000000,0.000000,1.000000,1.000000
1782440911.619380,252,0.000441,inf,STAND_TEST,0.000000,-0.001029,0.037253,-0.320802,0.000000,0.000000,0.000000,1.000000,1.000000
1782440911.639389,253,0.000397,inf,STAND_TEST,0.000000,-0.001023,0.037197,-0.320853,0.000000,0.000000,0.000000,1.000000,1.000000
1782440911.659452,254,0.000407,inf,STAND_TEST,0.000000,-0.001025,0.037169,-0.320841,0.000000,0.000000,0.000000,1.000000,1.000000
1782440911.679545,255,0.000443,inf,STAND_TEST,0.000000,-0.001011,0.037140,-0.320841,0.000000,0.000000,0.000000,1.000000,1.000000
1782440911.699982,256,0.000825,inf,STAND_TEST,0.000000,-0.001025,0.037085,-0.320885,0.000000,0.000000,0.000000,1.000000,1.000000
1782440911.719759,257,0.000406,inf,STAND_TEST,0.000000,-0.001001,0.037084,-0.320875,0.000000,0.000000,0.000000,1.000000,1.000000
1782440911.739814,258,0.000407,inf,STAND_TEST,0.000000,-0.001007,0.037072,-0.320850,0.000000,0.000000,0.000000,1.000000,1.000000
1782440911.760030,259,0.000492,inf,STAND_TEST,0.000000,-0.000997,0.037082,-0.320832,0.000000,0.000000,0.000000,1.000000,1.000000
1782440911.780007,260,0.000415,inf,STAND_TEST,0.000000,-0.001020,0.037050,-0.320812,0.000000,0.000000,0.000000,1.000000,1.000000
1782440911.800024,261,0.000379,inf,STAND_TEST,0.000000,-0.001020,0.037041,-0.320782,0.000000,0.000000,0.000000,1.000000,1.000000
1782440911.820409,262,0.000709,inf,STAND_TEST,0.000000,-0.000998,0.037035,-0.320756,0.000000,0.000000,0.000000,1.000000,1.000000
1782440911.840592,263,0.000838,inf,STAND_TEST,0.000000,-0.001011,0.036991,-0.320765,0.000000,0.000000,0.000000,1.000000,1.000000
1782440911.860546,264,0.000735,inf,STAND_TEST,0.000000,-0.001023,0.036961,-0.320735,0.000000,0.000000,0.000000,1.000000,1.000000
1782440911.880572,265,0.000439,inf,STAND_TEST,0.000000,-0.001014,0.036982,-0.320742,0.000000,0.000000,0.000000,1.000000,1.000000
1782440911.900643,266,0.000456,inf,STAND_TEST,0.000000,-0.001009,0.037000,-0.320757,0.000000,0.000000,0.000000,1.000000,1.000000
1782440911.920710,267,0.000468,inf,STAND_TEST,0.000000,-0.001043,0.036992,-0.320749,0.000000,0.000000,0.000000,1.000000,1.000000
1782440911.941091,268,0.000792,inf,STAND_TEST,0.000000,-0.001035,0.036985,-0.320729,0.000000,0.000000,0.000000,1.000000,1.000000
1782440911.960830,269,0.000475,inf,STAND_TEST,0.000000,-0.001058,0.036967,-0.320732,0.000000,0.000000,0.000000,1.000000,1.000000
1782440911.981016,270,0.000607,inf,STAND_TEST,0.000000,-0.001077,0.036989,-0.320779,0.000000,0.000000,0.000000,1.000000,1.000000
1782440912.001188,271,0.000674,inf,STAND_TEST,0.000000,-0.001072,0.037002,-0.320786,0.000000,0.000000,0.000000,1.000000,1.000000
1782440912.021207,272,0.000419,inf,STAND_TEST,0.000000,-0.001097,0.036982,-0.320794,0.000000,0.000000,0.000000,1.000000,1.000000
1782440912.041324,273,0.000438,inf,STAND_TEST,0.000000,-0.001107,0.036967,-0.320727,0.000000,0.000000,0.000000,1.000000,1.000000
1782440912.061405,274,0.000421,inf,STAND_TEST,0.000000,-0.001099,0.036960,-0.320709,0.000000,0.000000,0.000000,1.000000,1.000000
1782440912.081773,275,0.000686,inf,STAND_TEST,0.000000,-0.001117,0.036923,-0.320685,0.000000,0.000000,0.000000,1.000000,1.000000
1782440912.101856,276,0.000469,inf,STAND_TEST,0.000000,-0.001130,0.036952,-0.320733,0.000000,0.000000,0.000000,1.000000,1.000000
1782440912.121925,277,0.000431,inf,STAND_TEST,0.000000,-0.001115,0.036932,-0.320736,0.000000,0.000000,0.000000,1.000000,1.000000
1782440912.141997,278,0.000446,inf,STAND_TEST,0.000000,-0.001121,0.036913,-0.320727,0.000000,0.000000,0.000000,1.000000,1.000000
1782440912.162058,279,0.000451,inf,STAND_TEST,0.000000,-0.001091,0.036882,-0.320732,0.000000,0.000000,0.000000,1.000000,1.000000
1782440912.182328,280,0.000664,inf,STAND_TEST,0.000000,-0.001114,0.036868,-0.320713,0.000000,0.000000,0.000000,1.000000,1.000000
1782440912.202389,281,0.000669,inf,STAND_TEST,0.000000,-0.001121,0.036879,-0.320728,0.000000,0.000000,0.000000,1.000000,1.000000
1782440912.222552,282,0.000778,inf,STAND_TEST,0.000000,-0.001129,0.036872,-0.320671,0.000000,0.000000,0.000000,1.000000,1.000000
1782440912.242593,283,0.000445,inf,STAND_TEST,0.000000,-0.001129,0.036918,-0.320693,0.000000,0.000000,0.000000,1.000000,1.000000
1782440912.262666,284,0.000465,inf,STAND_TEST,0.000000,-0.001135,0.036898,-0.320688,0.000000,0.000000,0.000000,1.000000,1.000000
1782440912.282919,285,0.000663,inf,STAND_TEST,0.000000,-0.001139,0.036885,-0.320687,0.000000,0.000000,0.000000,1.000000,1.000000
1782440912.302736,286,0.000425,inf,STAND_TEST,0.000000,-0.001162,0.036859,-0.320715,0.000000,0.000000,0.000000,1.000000,1.000000
1782440912.323037,287,0.000671,inf,STAND_TEST,0.000000,-0.001162,0.036840,-0.320757,0.000000,0.000000,0.000000,1.000000,1.000000
1782440912.343207,288,0.000783,inf,STAND_TEST,0.000000,-0.001162,0.036839,-0.320769,0.000000,0.000000,0.000000,1.000000,1.000000
1782440912.363181,289,0.000556,inf,STAND_TEST,0.000000,-0.001157,0.036838,-0.320798,0.000000,0.000000,0.000000,1.000000,1.000000
1782440912.383146,290,0.000464,inf,STAND_TEST,0.000000,-0.001188,0.036863,-0.320794,0.000000,0.000000,0.000000,1.000000,1.000000
1782440912.403159,291,0.000424,inf,STAND_TEST,0.000000,-0.001197,0.036898,-0.320805,0.000000,0.000000,0.000000,1.000000,1.000000
1782440912.423204,292,0.000416,inf,STAND_TEST,0.000000,-0.001240,0.036907,-0.320787,0.000000,0.000000,0.000000,1.000000,1.000000
1782440912.443286,293,0.000443,inf,STAND_TEST,0.000000,-0.001241,0.036820,-0.320793,0.000000,0.000000,0.000000,1.000000,1.000000
1782440912.463519,294,0.000622,inf,STAND_TEST,0.000000,-0.001230,0.036694,-0.320770,0.000000,0.000000,0.000000,1.000000,1.000000
1782440912.483626,295,0.000673,inf,STAND_TEST,0.000000,-0.001222,0.036376,-0.320832,0.000000,0.000000,0.000000,1.000000,1.000000
1782440912.503653,296,0.000647,inf,STAND_TEST,0.000000,-0.001163,0.035888,-0.320878,0.000000,0.000000,0.000000,1.000000,1.000000
1782440912.523710,297,0.000650,inf,STAND_TEST,0.000000,-0.001078,0.035317,-0.320895,0.000000,0.000000,0.000000,1.000000,1.000000
1782440912.543932,298,0.000525,inf,STAND_TEST,0.000000,-0.001001,0.034658,-0.320860,0.000000,0.000000,0.000000,1.000000,1.000000
1782440912.563897,299,0.000437,inf,STAND_TEST,0.000000,-0.000899,0.033739,-0.320848,0.000000,0.000000,0.000000,1.000000,1.000000
1782440912.584137,300,0.000623,inf,STAND_TEST,0.000000,-0.000830,0.032666,-0.320889,0.000000,0.000000,0.000000,1.000000,1.000000
1782440912.604198,301,0.000630,inf,STAND_TEST,0.000000,-0.000724,0.031274,-0.320968,0.000000,0.000000,0.000000,1.000000,1.000000
1782440912.624430,302,0.000808,inf,STAND_TEST,0.000000,-0.000625,0.029504,-0.321126,0.000000,0.000000,0.000000,1.000000,1.000000
1782440912.644385,303,0.000508,inf,STAND_TEST,0.000000,-0.000501,0.027321,-0.321260,0.000000,0.000000,0.000000,1.000000,1.000000
1782440912.664384,304,0.000450,inf,STAND_TEST,0.000000,-0.000275,0.025157,-0.321528,0.000000,0.000000,0.000000,1.000000,1.000000
1782440912.684457,305,0.000468,inf,STAND_TEST,0.000000,0.000074,0.022666,-0.321749,0.000000,0.000000,0.000000,1.000000,1.000000
1782440912.704498,306,0.000455,inf,STAND_TEST,0.000000,0.000459,0.020129,-0.321961,0.000000,0.000000,0.000000,1.000000,1.000000
1782440912.724541,307,0.000443,inf,STAND_TEST,0.000000,0.000872,0.017780,-0.322014,0.000000,0.000000,0.000000,1.000000,1.000000
1782440912.744845,308,0.000690,inf,STAND_TEST,0.000000,0.001388,0.015348,-0.322044,0.000000,0.000000,0.000000,1.000000,1.000000
1782440912.764911,309,0.000700,inf,STAND_TEST,0.000000,0.001960,0.013035,-0.322161,0.000000,0.000000,0.000000,1.000000,1.000000
1782440912.784991,310,0.000514,inf,STAND_TEST,0.000000,0.002506,0.009863,-0.322208,0.000000,0.000000,0.000000,1.000000,1.000000
1782440912.804988,311,0.000455,inf,STAND_TEST,0.000000,0.002997,0.006813,-0.322214,0.000000,0.000000,0.000000,1.000000,1.000000
1782440912.825055,312,0.000467,inf,STAND_TEST,0.000000,0.003533,0.003454,-0.322161,0.000000,0.000000,0.000000,1.000000,1.000000
1782440912.845148,313,0.000503,inf,STAND_TEST,0.000000,0.004158,0.000182,-0.321921,0.000000,0.000000,0.000000,1.000000,1.000000
1782440912.865201,314,0.000499,inf,STAND_TEST,0.000000,0.004831,-0.003072,-0.321591,0.000000,0.000000,0.000000,1.000000,1.000000
1782440912.885442,315,0.000684,inf,STAND_TEST,0.000000,0.005507,-0.006192,-0.321289,0.000000,0.000000,0.000000,1.000000,1.000000
1782440912.905521,316,0.000656,inf,STAND_TEST,0.000000,0.006188,-0.009352,-0.321072,0.000000,0.000000,0.000000,1.000000,1.000000
1782440912.925584,317,0.000664,inf,STAND_TEST,0.000000,0.007025,-0.012481,-0.320859,0.000000,0.000000,0.000000,1.000000,1.000000
1782440912.945441,318,0.000464,inf,STAND_TEST,0.000000,0.007976,-0.015721,-0.320449,0.000000,0.000000,0.000000,1.000000,1.000000
1782440912.965481,319,0.000450,inf,STAND_TEST,0.000000,0.008914,-0.019158,-0.319882,0.000000,0.000000,0.000000,1.000000,1.000000
1782440912.985564,320,0.000435,inf,STAND_TEST,0.000000,0.009799,-0.022365,-0.319710,0.000000,0.000000,0.000000,1.000000,1.000000
1782440913.005656,321,0.000428,inf,STAND_TEST,0.000000,0.010691,-0.025550,-0.319716,0.000000,0.000000,0.000000,1.000000,1.000000
1782440913.026025,322,0.000687,inf,STAND_TEST,0.000000,0.011523,-0.028467,-0.319866,0.000000,0.000000,0.000000,1.000000,1.000000
1782440913.046134,323,0.000686,inf,STAND_TEST,0.000000,0.012446,-0.031457,-0.319976,0.000000,0.000000,0.000000,1.000000,1.000000
1782440913.066072,324,0.000423,inf,STAND_TEST,0.000000,0.013283,-0.034359,-0.320214,0.000000,0.000000,0.000000,1.000000,1.000000
1782440913.086180,325,0.000426,inf,STAND_TEST,0.000000,0.014010,-0.036845,-0.320354,0.000000,0.000000,0.000000,1.000000,1.000000
1782440913.106285,326,0.000426,inf,STAND_TEST,0.000000,0.014772,-0.039396,-0.320440,0.000000,0.000000,0.000000,1.000000,1.000000
1782440913.126330,327,0.000463,inf,STAND_TEST,0.000000,0.015553,-0.041935,-0.320284,0.000000,0.000000,0.000000,1.000000,1.000000
1782440913.146556,328,0.000634,inf,STAND_TEST,0.000000,0.016308,-0.044135,-0.320004,0.000000,0.000000,0.000000,1.000000,1.000000
1782440913.166637,329,0.000662,inf,STAND_TEST,0.000000,0.016974,-0.045728,-0.319809,0.000000,0.000000,0.000000,1.000000,1.000000
1782440913.186805,330,0.000744,inf,STAND_TEST,0.000000,0.017734,-0.046626,-0.319875,0.000000,0.000000,0.000000,1.000000,1.000000
1782440913.206686,331,0.000426,inf,STAND_TEST,0.000000,0.018437,-0.046889,-0.319863,0.000000,0.000000,0.000000,1.000000,1.000000
1782440913.226753,332,0.000438,inf,STAND_TEST,0.000000,0.019005,-0.046511,-0.319910,0.000000,0.000000,0.000000,1.000000,1.000000
1782440913.246846,333,0.000434,inf,STAND_TEST,0.000000,0.019435,-0.046166,-0.319813,0.000000,0.000000,0.000000,1.000000,1.000000
1782440913.266944,334,0.000433,inf,STAND_TEST,0.000000,0.019684,-0.045828,-0.319605,0.000000,0.000000,0.000000,1.000000,1.000000
1782440913.287055,335,0.000433,inf,STAND_TEST,0.000000,0.019772,-0.045279,-0.319361,0.000000,0.000000,0.000000,1.000000,1.000000
1782440913.307430,336,0.000701,inf,STAND_TEST,0.000000,0.019761,-0.044490,-0.319306,0.000000,0.000000,0.000000,1.000000,1.000000
1782440913.327424,337,0.000429,inf,STAND_TEST,0.000000,0.019606,-0.043457,-0.319234,0.000000,0.000000,0.000000,1.000000,1.000000
1782440913.347540,338,0.000435,inf,STAND_TEST,0.000000,0.019379,-0.042186,-0.319163,0.000000,0.000000,0.000000,1.000000,1.000000
1782440913.367646,339,0.000441,inf,STAND_TEST,0.000000,0.019111,-0.040652,-0.319239,0.000000,0.000000,0.000000,1.000000,1.000000
1782440913.388011,340,0.000708,inf,STAND_TEST,0.000000,0.018719,-0.038748,-0.319112,0.000000,0.000000,0.000000,1.000000,1.000000
1782440913.407826,341,0.000424,inf,STAND_TEST,0.000000,0.018126,-0.036436,-0.318763,0.000000,0.000000,0.000000,1.000000,1.000000
1782440913.428220,342,0.000485,inf,STAND_TEST,0.000000,0.017479,-0.034087,-0.318485,0.000000,0.000000,0.000000,1.000000,1.000000
1782440913.448286,343,0.000440,inf,STAND_TEST,0.000000,0.016802,-0.031573,-0.318354,0.000000,0.000000,0.000000,1.000000,1.000000
1782440913.468400,344,0.000455,inf,STAND_TEST,0.000000,0.015995,-0.028718,-0.318498,0.000000,0.000000,0.000000,1.000000,1.000000
1782440913.488750,345,0.000697,inf,STAND_TEST,0.000000,0.015126,-0.025670,-0.318824,0.000000,0.000000,0.000000,1.000000,1.000000
1782440913.508804,346,0.000448,inf,STAND_TEST,0.000000,0.014270,-0.022731,-0.318805,0.000000,0.000000,0.000000,1.000000,1.000000
1782440913.528899,347,0.000440,inf,STAND_TEST,0.000000,0.013413,-0.019622,-0.318708,0.000000,0.000000,0.000000,1.000000,1.000000
1782440913.548977,348,0.000465,inf,STAND_TEST,0.000000,0.012544,-0.016413,-0.318596,0.000000,0.000000,0.000000,1.000000,1.000000
1782440913.569339,349,0.000722,inf,STAND_TEST,0.000000,0.011602,-0.012900,-0.318390,0.000000,0.000000,0.000000,1.000000,1.000000
1782440913.589375,350,0.000645,inf,STAND_TEST,0.000000,0.010592,-0.008958,-0.318169,0.000000,0.000000,0.000000,1.000000,1.000000
1782440913.609592,351,0.000448,inf,STAND_TEST,0.000000,0.009436,-0.004452,-0.317976,0.000000,0.000000,0.000000,1.000000,1.000000
1782440913.629680,352,0.000433,inf,STAND_TEST,0.000000,0.008485,-0.000288,-0.318046,0.000000,0.000000,0.000000,1.000000,1.000000
1782440913.650070,353,0.000720,inf,STAND_TEST,0.000000,0.007548,0.003737,-0.317926,0.000000,0.000000,0.000000,1.000000,1.000000
1782440913.669797,354,0.000393,inf,STAND_TEST,0.000000,0.006481,0.007778,-0.317941,0.000000,0.000000,0.000000,1.000000,1.000000
1782440913.690193,355,0.000674,inf,STAND_TEST,0.000000,0.005299,0.011709,-0.318111,0.000000,0.000000,0.000000,1.000000,1.000000
1782440913.710072,356,0.000430,inf,STAND_TEST,0.000000,0.004451,0.015174,-0.318171,0.000000,0.000000,0.000000,1.000000,1.000000
1782440913.730261,357,0.000424,inf,STAND_TEST,0.000000,0.003570,0.018456,-0.318040,0.000000,0.000000,0.000000,1.000000,1.000000
1782440913.750330,358,0.000435,inf,STAND_TEST,0.000000,0.002738,0.021706,-0.317980,0.000000,0.000000,0.000000,1.000000,1.000000
1782440913.770379,359,0.000426,inf,STAND_TEST,0.000000,0.001860,0.025075,-0.318049,0.000000,0.000000,0.000000,1.000000,1.000000
1782440913.790713,360,0.000660,inf,STAND_TEST,0.000000,0.001211,0.028035,-0.318138,0.000000,0.000000,0.000000,1.000000,1.000000
1782440913.810796,361,0.000687,inf,STAND_TEST,0.000000,0.000577,0.031153,-0.318124,0.000000,0.000000,0.000000,1.000000,1.000000
1782440913.830604,362,0.000440,inf,STAND_TEST,0.000000,0.000113,0.034167,-0.318129,0.000000,0.000000,0.000000,1.000000,1.000000
1782440913.850837,363,0.000438,inf,STAND_TEST,0.000000,-0.000386,0.037249,-0.318088,0.000000,0.000000,0.000000,1.000000,1.000000
1782440913.870864,364,0.000411,inf,STAND_TEST,0.000000,-0.000909,0.039978,-0.318046,0.000000,0.000000,0.000000,1.000000,1.000000
1782440913.890935,365,0.000428,inf,STAND_TEST,0.000000,-0.001486,0.042474,-0.318074,0.000000,0.000000,0.000000,1.000000,1.000000
1782440913.911245,366,0.000682,inf,STAND_TEST,0.000000,-0.002107,0.044727,-0.318152,0.000000,0.000000,0.000000,1.000000,1.000000
1782440913.931273,367,0.000656,inf,STAND_TEST,0.000000,-0.002654,0.046537,-0.318258,0.000000,0.000000,0.000000,1.000000,1.000000
1782440913.951331,368,0.000660,inf,STAND_TEST,0.000000,-0.003231,0.048313,-0.318408,0.000000,0.000000,0.000000,1.000000,1.000000
1782440913.971389,369,0.000664,inf,STAND_TEST,0.000000,-0.003837,0.049783,-0.318577,0.000000,0.000000,0.000000,1.000000,1.000000
1782440913.991408,370,0.000628,inf,STAND_TEST,0.000000,-0.004359,0.051102,-0.318689,0.000000,0.000000,0.000000,1.000000,1.000000
1782440914.011449,371,0.000484,inf,STAND_TEST,0.000000,-0.004831,0.052252,-0.318789,0.000000,0.000000,0.000000,1.000000,1.000000
1782440914.031523,372,0.000501,inf,STAND_TEST,0.000000,-0.005272,0.053277,-0.318873,0.000000,0.000000,0.000000,1.000000,1.000000
1782440914.051544,373,0.000468,inf,STAND_TEST,0.000000,-0.005659,0.054109,-0.319004,0.000000,0.000000,0.000000,1.000000,1.000000
1782440914.071576,374,0.000445,inf,STAND_TEST,0.000000,-0.005953,0.054739,-0.319108,0.000000,0.000000,0.000000,1.000000,1.000000
1782440914.091803,375,0.000617,inf,STAND_TEST,0.000000,-0.006179,0.055154,-0.319189,0.000000,0.000000,0.000000,1.000000,1.000000
1782440914.111897,376,0.000657,inf,STAND_TEST,0.000000,-0.006356,0.055460,-0.319262,0.000000,0.000000,0.000000,1.000000,1.000000
1782440914.131938,377,0.000643,inf,STAND_TEST,0.000000,-0.006440,0.055571,-0.319316,0.000000,0.000000,0.000000,1.000000,1.000000
1782440914.151924,378,0.000465,inf,STAND_TEST,0.000000,-0.006476,0.055529,-0.319339,0.000000,0.000000,0.000000,1.000000,1.000000
1782440914.171960,379,0.000447,inf,STAND_TEST,0.000000,-0.006412,0.055378,-0.319333,0.000000,0.000000,0.000000,1.000000,1.000000
1782440914.192049,380,0.000438,inf,STAND_TEST,0.000000,-0.006296,0.055101,-0.319350,0.000000,0.000000,0.000000,1.000000,1.000000
1782440914.212151,381,0.000482,inf,STAND_TEST,0.000000,-0.006133,0.054671,-0.319410,0.000000,0.000000,0.000000,1.000000,1.000000
1782440914.232457,382,0.000707,inf,STAND_TEST,0.000000,-0.005902,0.054096,-0.319469,0.000000,0.000000,0.000000,1.000000,1.000000
1782440914.252526,383,0.000670,inf,STAND_TEST,0.000000,-0.005679,0.053357,-0.319546,0.000000,0.000000,0.000000,1.000000,1.000000
1782440914.272641,384,0.000684,inf,STAND_TEST,0.000000,-0.005414,0.052479,-0.319571,0.000000,0.000000,0.000000,1.000000,1.000000
1782440914.292596,385,0.000433,inf,STAND_TEST,0.000000,-0.005144,0.051407,-0.319633,0.000000,0.000000,0.000000,1.000000,1.000000
1782440914.312684,386,0.000422,inf,STAND_TEST,0.000000,-0.004876,0.050289,-0.319672,0.000000,0.000000,0.000000,1.000000,1.000000
1782440914.332816,387,0.000454,inf,STAND_TEST,0.000000,-0.004558,0.049023,-0.319648,0.000000,0.000000,0.000000,1.000000,1.000000
1782440914.353312,388,0.000848,inf,STAND_TEST,0.000000,-0.004302,0.047641,-0.319586,0.000000,0.000000,0.000000,1.000000,1.000000
1782440914.373416,389,0.000847,inf,STAND_TEST,0.000000,-0.004007,0.045999,-0.319512,0.000000,0.000000,0.000000,1.000000,1.000000
1782440914.393572,390,0.000558,inf,STAND_TEST,0.000000,-0.003733,0.044431,-0.319464,0.000000,0.000000,0.000000,1.000000,1.000000
1782440914.413556,391,0.000433,inf,STAND_TEST,0.000000,-0.003474,0.042969,-0.319369,0.000000,0.000000,0.000000,1.000000,1.000000
1782440914.433673,392,0.000445,inf,STAND_TEST,0.000000,-0.003233,0.041494,-0.319337,0.000000,0.000000,0.000000,1.000000,1.000000
1782440914.454019,393,0.000680,inf,STAND_TEST,0.000000,-0.002984,0.040004,-0.319336,0.000000,0.000000,0.000000,1.000000,1.000000
1782440914.474144,394,0.000703,inf,STAND_TEST,0.000000,-0.002745,0.038544,-0.319365,0.000000,0.000000,0.000000,1.000000,1.000000
1782440914.493962,395,0.000450,inf,STAND_TEST,0.000000,-0.002533,0.037114,-0.319370,0.000000,0.000000,0.000000,1.000000,1.000000
1782440914.513996,396,0.000428,inf,STAND_TEST,0.000000,-0.002354,0.035733,-0.319360,0.000000,0.000000,0.000000,1.000000,1.000000
1782440914.534119,397,0.000444,inf,STAND_TEST,0.000000,-0.002229,0.034348,-0.319369,0.000000,0.000000,0.000000,1.000000,1.000000
1782440914.554187,398,0.000454,inf,STAND_TEST,0.000000,-0.002145,0.033212,-0.319343,0.000000,0.000000,0.000000,1.000000,1.000000
1782440914.574542,399,0.000701,inf,STAND_TEST,0.000000,-0.002072,0.032142,-0.319333,0.000000,0.000000,0.000000,1.000000,1.000000
1782440914.594589,400,0.000690,inf,STAND_TEST,0.000000,-0.001988,0.031231,-0.319359,0.000000,0.000000,0.000000,1.000000,1.000000
1782440914.614756,401,0.000800,inf,STAND_TEST,0.000000,-0.001890,0.030385,-0.319349,0.000000,0.000000,0.000000,1.000000,1.000000
1782440914.634601,402,0.000475,inf,STAND_TEST,0.000000,-0.001830,0.029635,-0.319344,0.000000,0.000000,0.000000,1.000000,1.000000
1782440914.654606,403,0.000423,inf,STAND_TEST,0.000000,-0.001781,0.029131,-0.319300,0.000000,0.000000,0.000000,1.000000,1.000000
1782440914.674654,404,0.000413,inf,STAND_TEST,0.000000,-0.001756,0.028785,-0.319268,0.000000,0.000000,0.000000,1.000000,1.000000
1782440914.694983,405,0.000686,inf,STAND_TEST,0.000000,-0.001770,0.028570,-0.319194,0.000000,0.000000,0.000000,1.000000,1.000000
1782440914.715098,406,0.000668,inf,STAND_TEST,0.000000,-0.001757,0.028510,-0.319173,0.000000,0.000000,0.000000,1.000000,1.000000
1782440914.735166,407,0.000419,inf,STAND_TEST,0.000000,-0.001756,0.028524,-0.319133,0.000000,0.000000,0.000000,1.000000,1.000000
1782440914.755343,408,0.000478,inf,STAND_TEST,0.000000,-0.001766,0.028646,-0.319075,0.000000,0.000000,0.000000,1.000000,1.000000
1782440914.775408,409,0.000434,inf,STAND_TEST,0.000000,-0.001763,0.028894,-0.319097,0.000000,0.000000,0.000000,1.000000,1.000000
1782440914.795756,410,0.000678,inf,STAND_TEST,0.000000,-0.001770,0.029196,-0.319167,0.000000,0.000000,0.000000,1.000000,1.000000
1782440914.815869,411,0.000683,inf,STAND_TEST,0.000000,-0.001814,0.029492,-0.319164,0.000000,0.000000,0.000000,1.000000,1.000000
1782440914.835805,412,0.000431,inf,STAND_TEST,0.000000,-0.001855,0.029910,-0.319116,0.000000,0.000000,0.000000,1.000000,1.000000
1782440914.855919,413,0.000439,inf,STAND_TEST,0.000000,-0.001903,0.030371,-0.319129,0.000000,0.000000,0.000000,1.000000,1.000000
1782440914.876013,414,0.000476,inf,STAND_TEST,0.000000,-0.001934,0.030883,-0.319093,0.000000,0.000000,0.000000,1.000000,1.000000
1782440914.896031,415,0.000441,inf,STAND_TEST,0.000000,-0.001991,0.031371,-0.319050,0.000000,0.000000,0.000000,1.000000,1.000000
1782440914.916425,416,0.000780,inf,STAND_TEST,0.000000,-0.002040,0.031860,-0.318946,0.000000,0.000000,0.000000,1.000000,1.000000
1782440914.936334,417,0.000635,inf,STAND_TEST,0.000000,-0.002139,0.032359,-0.318897,0.000000,0.000000,0.000000,1.000000,1.000000
1782440914.956567,418,0.000813,inf,STAND_TEST,0.000000,-0.002192,0.032848,-0.318955,0.000000,0.000000,0.000000,1.000000,1.000000
1782440914.976424,419,0.000617,inf,STAND_TEST,0.000000,-0.002248,0.033205,-0.318984,0.000000,0.000000,0.000000,1.000000,1.000000
1782440914.996489,420,0.000627,inf,STAND_TEST,0.000000,-0.002243,0.033596,-0.319004,0.000000,0.000000,0.000000,1.000000,1.000000
1782440915.016417,421,0.000447,inf,STAND_TEST,0.000000,-0.002253,0.033956,-0.319061,0.000000,0.000000,0.000000,1.000000,1.000000
1782440915.036555,422,0.000438,inf,STAND_TEST,0.000000,-0.002250,0.034177,-0.319108,0.000000,0.000000,0.000000,1.000000,1.000000
1782440915.056648,423,0.000422,inf,STAND_TEST,0.000000,-0.002236,0.034336,-0.319145,0.000000,0.000000,0.000000,1.000000,1.000000
1782440915.076773,424,0.000448,inf,STAND_TEST,0.000000,-0.002203,0.034445,-0.319184,0.000000,0.000000,0.000000,1.000000,1.000000
1782440915.097128,425,0.000701,inf,STAND_TEST,0.000000,-0.002177,0.034422,-0.319231,0.000000,0.000000,0.000000,1.000000,1.000000
1782440915.117095,426,0.000425,inf,STAND_TEST,0.000000,-0.002137,0.034354,-0.319259,0.000000,0.000000,0.000000,1.000000,1.000000
1782440915.137259,427,0.000485,inf,STAND_TEST,0.000000,-0.002081,0.034348,-0.319306,0.000000,0.000000,0.000000,1.000000,1.000000
1782440915.157342,428,0.000464,inf,STAND_TEST,0.000000,-0.002027,0.034339,-0.319322,0.000000,0.000000,0.000000,1.000000,1.000000
1782440915.177415,429,0.000427,inf,STAND_TEST,0.000000,-0.001993,0.034294,-0.319369,0.000000,0.000000,0.000000,1.000000,1.000000
1782440915.197721,430,0.000635,inf,STAND_TEST,0.000000,-0.001904,0.034247,-0.319327,0.000000,0.000000,0.000000,1.000000,1.000000
1782440915.218021,431,0.000878,inf,STAND_TEST,0.000000,-0.001829,0.034110,-0.319371,0.000000,0.000000,0.000000,1.000000,1.000000
1782440915.237793,432,0.000458,inf,STAND_TEST,0.000000,-0.001756,0.033943,-0.319414,0.000000,0.000000,0.000000,1.000000,1.000000
1782440915.257806,433,0.000417,inf,STAND_TEST,0.000000,-0.001677,0.033731,-0.319415,0.000000,0.000000,0.000000,1.000000,1.000000
1782440915.277831,434,0.000389,inf,STAND_TEST,0.000000,-0.001641,0.033480,-0.319512,0.000000,0.000000,0.000000,1.000000,1.000000
1782440915.297898,435,0.000444,inf,STAND_TEST,0.000000,-0.001569,0.033208,-0.319571,0.000000,0.000000,0.000000,1.000000,1.000000
1782440915.317924,436,0.000416,inf,STAND_TEST,0.000000,-0.001556,0.032883,-0.319416,0.000000,0.000000,0.000000,1.000000,1.000000
1782440915.338174,437,0.000611,inf,STAND_TEST,0.000000,-0.001538,0.032418,-0.319383,0.000000,0.000000,0.000000,1.000000,1.000000
1782440915.358252,438,0.000636,inf,STAND_TEST,0.000000,-0.001537,0.031846,-0.319507,0.000000,0.000000,0.000000,1.000000,1.000000
1782440915.378350,439,0.000681,inf,STAND_TEST,0.000000,-0.001533,0.031290,-0.319475,0.000000,0.000000,0.000000,1.000000,1.000000
1782440915.398386,440,0.000662,inf,STAND_TEST,0.000000,-0.001528,0.030743,-0.319486,0.000000,0.000000,0.000000,1.000000,1.000000
1782440915.418268,441,0.000434,inf,STAND_TEST,0.000000,-0.001480,0.030249,-0.319559,0.000000,0.000000,0.000000,1.000000,1.000000
1782440915.438305,442,0.000417,inf,STAND_TEST,0.000000,-0.001394,0.029809,-0.319657,0.000000,0.000000,0.000000,1.000000,1.000000
1782440915.458330,443,0.000389,inf,STAND_TEST,0.000000,-0.001345,0.029348,-0.319680,0.000000,0.000000,0.000000,1.000000,1.000000
1782440915.478430,444,0.000433,inf,STAND_TEST,0.000000,-0.001268,0.028914,-0.319558,0.000000,0.000000,0.000000,1.000000,1.000000
1782440915.498470,445,0.000420,inf,STAND_TEST,0.000000,-0.001189,0.028501,-0.319571,0.000000,0.000000,0.000000,1.000000,1.000000
1782440915.518767,446,0.000663,inf,STAND_TEST,0.000000,-0.001120,0.028085,-0.319520,0.000000,0.000000,0.000000,1.000000,1.000000
1782440915.538853,447,0.000511,inf,STAND_TEST,0.000000,-0.001080,0.027758,-0.319451,0.000000,0.000000,0.000000,1.000000,1.000000
1782440915.558940,448,0.000477,inf,STAND_TEST,0.000000,-0.001015,0.027365,-0.319503,0.000000,0.000000,0.000000,1.000000,1.000000
1782440915.578959,449,0.000442,inf,STAND_TEST,0.000000,-0.000989,0.026999,-0.319519,0.000000,0.000000,0.000000,1.000000,1.000000
1782440915.598960,450,0.000390,inf,STAND_TEST,0.000000,-0.000966,0.026715,-0.319575,0.000000,0.000000,0.000000,1.000000,1.000000
1782440915.619107,451,0.000483,inf,STAND_TEST,0.000000,-0.000953,0.026396,-0.319576,0.000000,0.000000,0.000000,1.000000,1.000000
1782440915.639072,452,0.000393,inf,STAND_TEST,0.000000,-0.000978,0.026130,-0.319630,0.000000,0.000000,0.000000,1.000000,1.000000
1782440915.659380,453,0.000648,inf,STAND_TEST,0.000000,-0.000975,0.025923,-0.319697,0.000000,0.000000,0.000000,1.000000,1.000000
1782440915.679436,454,0.000650,inf,STAND_TEST,0.000000,-0.000999,0.025717,-0.319704,0.000000,0.000000,0.000000,1.000000,1.000000
1782440915.699325,455,0.000436,inf,STAND_TEST,0.000000,-0.001013,0.025499,-0.319703,0.000000,0.000000,0.000000,1.000000,1.000000
1782440915.719347,456,0.000404,inf,STAND_TEST,0.000000,-0.001025,0.025343,-0.319694,0.000000,0.000000,0.000000,1.000000,1.000000
1782440915.739500,457,0.000502,inf,STAND_TEST,0.000000,-0.001064,0.025288,-0.319678,0.000000,0.000000,0.000000,1.000000,1.000000
1782440915.759499,458,0.000446,inf,STAND_TEST,0.000000,-0.001146,0.025246,-0.319623,0.000000,0.000000,0.000000,1.000000,1.000000
1782440915.779573,459,0.000466,inf,STAND_TEST,0.000000,-0.001212,0.025289,-0.319567,0.000000,0.000000,0.000000,1.000000,1.000000
1782440915.799640,460,0.000478,inf,STAND_TEST,0.000000,-0.001244,0.025377,-0.319491,0.000000,0.000000,0.000000,1.000000,1.000000
1782440915.819703,461,0.000486,inf,STAND_TEST,0.000000,-0.001277,0.025496,-0.319444,0.000000,0.000000,0.000000,1.000000,1.000000
1782440915.839952,462,0.000679,inf,STAND_TEST,0.000000,-0.001312,0.025618,-0.319347,0.000000,0.000000,0.000000,1.000000,1.000000
1782440915.860001,463,0.000675,inf,STAND_TEST,0.000000,-0.001345,0.025834,-0.319365,0.000000,0.000000,0.000000,1.000000,1.000000
1782440915.880008,464,0.000439,inf,STAND_TEST,0.000000,-0.001367,0.026145,-0.319367,0.000000,0.000000,0.000000,1.000000,1.000000
1782440915.900148,465,0.000525,inf,STAND_TEST,0.000000,-0.001404,0.026415,-0.319388,0.000000,0.000000,0.000000,1.000000,1.000000
1782440915.920123,466,0.000446,inf,STAND_TEST,0.000000,-0.001457,0.026800,-0.319460,0.000000,0.000000,0.000000,1.000000,1.000000
1782440915.940146,467,0.000416,inf,STAND_TEST,0.000000,-0.001502,0.027329,-0.319490,0.000000,0.000000,0.000000,1.000000,1.000000
1782440915.960237,468,0.000451,inf,STAND_TEST,0.000000,-0.001522,0.027841,-0.319473,0.000000,0.000000,0.000000,1.000000,1.000000
1782440915.980527,469,0.000687,inf,STAND_TEST,0.000000,-0.001606,0.028405,-0.319484,0.000000,0.000000,0.000000,1.000000,1.000000
1782440916.000519,470,0.000625,inf,STAND_TEST,0.000000,-0.001639,0.029047,-0.319454,0.000000,0.000000,0.000000,1.000000,1.000000
1782440916.020513,471,0.000428,inf,STAND_TEST,0.000000,-0.001702,0.029776,-0.319387,0.000000,0.000000,0.000000,1.000000,1.000000
1782440916.040570,472,0.000431,inf,STAND_TEST,0.000000,-0.001756,0.030588,-0.319403,0.000000,0.000000,0.000000,1.000000,1.000000
1782440916.060643,473,0.000451,inf,STAND_TEST,0.000000,-0.001828,0.031253,-0.319442,0.000000,0.000000,0.000000,1.000000,1.000000
1782440916.080659,474,0.000410,inf,STAND_TEST,0.000000,-0.001901,0.031825,-0.319479,0.000000,0.000000,0.000000,1.000000,1.000000
1782440916.100717,475,0.000414,inf,STAND_TEST,0.000000,-0.001960,0.032349,-0.319511,0.000000,0.000000,0.000000,1.000000,1.000000
1782440916.120997,476,0.000640,inf,STAND_TEST,0.000000,-0.002058,0.032896,-0.319541,0.000000,0.000000,0.000000,1.000000,1.000000
1782440916.141012,477,0.000601,inf,STAND_TEST,0.000000,-0.002116,0.033430,-0.319500,0.000000,0.000000,0.000000,1.000000,1.000000
1782440916.161305,478,0.000837,inf,STAND_TEST,0.000000,-0.002204,0.033942,-0.319529,0.000000,0.000000,0.000000,1.000000,1.000000
1782440916.181292,479,0.000453,inf,STAND_TEST,0.000000,-0.002253,0.034400,-0.319537,0.000000,0.000000,0.000000,1.000000,1.000000
1782440916.201270,480,0.000374,inf,STAND_TEST,0.000000,-0.002342,0.034925,-0.319528,0.000000,0.000000,0.000000,1.000000,1.000000
1782440916.221431,481,0.000431,inf,STAND_TEST,0.000000,-0.002411,0.035440,-0.319563,0.000000,0.000000,0.000000,1.000000,1.000000
1782440916.241849,482,0.000734,inf,STAND_TEST,0.000000,-0.002456,0.035936,-0.319554,0.000000,0.000000,0.000000,1.000000,1.000000
1782440916.262030,483,0.000813,inf,STAND_TEST,0.000000,-0.002510,0.036405,-0.319520,0.000000,0.000000,0.000000,1.000000,1.000000
1782440916.281751,484,0.000428,inf,STAND_TEST,0.000000,-0.002575,0.036904,-0.319579,0.000000,0.000000,0.000000,1.000000,1.000000
1782440916.301985,485,0.000435,inf,STAND_TEST,0.000000,-0.002624,0.037332,-0.319599,0.000000,0.000000,0.000000,1.000000,1.000000
1782440916.322086,486,0.000436,inf,STAND_TEST,0.000000,-0.002676,0.037722,-0.319642,0.000000,0.000000,0.000000,1.000000,1.000000
1782440916.342495,487,0.000737,inf,STAND_TEST,0.000000,-0.002753,0.038034,-0.319626,0.000000,0.000000,0.000000,1.000000,1.000000
1782440916.362498,488,0.000683,inf,STAND_TEST,0.000000,-0.002813,0.038329,-0.319681,0.000000,0.000000,0.000000,1.000000,1.000000
1782440916.382676,489,0.000560,inf,STAND_TEST,0.000000,-0.002894,0.038612,-0.319679,0.000000,0.000000,0.000000,1.000000,1.000000
1782440916.402685,490,0.000512,inf,STAND_TEST,0.000000,-0.002974,0.038849,-0.319724,0.000000,0.000000,0.000000,1.000000,1.000000
1782440916.422684,491,0.000455,inf,STAND_TEST,0.000000,-0.003049,0.039072,-0.319777,0.000000,0.000000,0.000000,1.000000,1.000000
1782440916.442696,492,0.000413,inf,STAND_TEST,0.000000,-0.003061,0.039123,-0.319688,0.000000,0.000000,0.000000,1.000000,1.000000
1782440916.462975,493,0.000638,inf,STAND_TEST,0.000000,-0.003094,0.039190,-0.319715,0.000000,0.000000,0.000000,1.000000,1.000000
1782440916.483045,494,0.000652,inf,STAND_TEST,0.000000,-0.003131,0.039167,-0.319664,0.000000,0.000000,0.000000,1.000000,1.000000
1782440916.503106,495,0.000660,inf,STAND_TEST,0.000000,-0.003151,0.039192,-0.319671,0.000000,0.000000,0.000000,1.000000,1.000000
1782440916.523070,496,0.000409,inf,STAND_TEST,0.000000,-0.003164,0.039109,-0.319666,0.000000,0.000000,0.000000,1.000000,1.000000
1782440916.543219,497,0.000501,inf,STAND_TEST,0.000000,-0.003161,0.038960,-0.319644,0.000000,0.000000,0.000000,1.000000,1.000000
1782440916.563227,498,0.000452,inf,STAND_TEST,0.000000,-0.003126,0.038752,-0.319628,0.000000,0.000000,0.000000,1.000000,1.000000
1782440916.583255,499,0.000426,inf,STAND_TEST,0.000000,-0.003109,0.038555,-0.319625,0.000000,0.000000,0.000000,1.000000,1.000000
1782440916.603322,500,0.000439,inf,STAND_TEST,0.000000,-0.003070,0.038283,-0.319585,0.000000,0.000000,0.000000,1.000000,1.000000
1782440916.623597,501,0.000658,inf,STAND_TEST,0.000000,-0.003013,0.038023,-0.319598,0.000000,0.000000,0.000000,1.000000,1.000000
1782440916.643657,502,0.000662,inf,STAND_TEST,0.000000,-0.002963,0.037764,-0.319557,0.000000,0.000000,0.000000,1.000000,1.000000
1782440916.663724,503,0.000673,inf,STAND_TEST,0.000000,-0.002895,0.037483,-0.319523,0.000000,0.000000,0.000000,1.000000,1.000000
1782440916.683715,504,0.000468,inf,STAND_TEST,0.000000,-0.002834,0.037225,-0.319503,0.000000,0.000000,0.000000,1.000000,1.000000
1782440916.703814,505,0.000466,inf,STAND_TEST,0.000000,-0.002787,0.036989,-0.319468,0.000000,0.000000,0.000000,1.000000,1.000000
1782440916.723886,506,0.000427,inf,STAND_TEST,0.000000,-0.002738,0.036730,-0.319464,0.000000,0.000000,0.000000,1.000000,1.000000
1782440916.744037,507,0.000475,inf,STAND_TEST,0.000000,-0.002728,0.036531,-0.319477,0.000000,0.000000,0.000000,1.000000,1.000000
1782440916.764475,508,0.000803,inf,STAND_TEST,0.000000,-0.002690,0.036316,-0.319463,0.000000,0.000000,0.000000,1.000000,1.000000
1782440916.784531,509,0.000430,inf,STAND_TEST,0.000000,-0.002679,0.036086,-0.319472,0.000000,0.000000,0.000000,1.000000,1.000000
1782440916.804632,510,0.000424,inf,STAND_TEST,0.000000,-0.002660,0.035889,-0.319439,0.000000,0.000000,0.000000,1.000000,1.000000
1782440916.824743,511,0.000430,inf,STAND_TEST,0.000000,-0.002640,0.035741,-0.319427,0.000000,0.000000,0.000000,1.000000,1.000000
1782440916.845248,512,0.000875,inf,STAND_TEST,0.000000,-0.002636,0.035612,-0.319398,0.000000,0.000000,0.000000,1.000000,1.000000
1782440916.865146,513,0.000469,inf,STAND_TEST,0.000000,-0.002629,0.035495,-0.319398,0.000000,0.000000,0.000000,1.000000,1.000000
1782440916.885135,514,0.000404,inf,STAND_TEST,0.000000,-0.002611,0.035387,-0.319350,0.000000,0.000000,0.000000,1.000000,1.000000
1782440916.905218,515,0.000432,inf,STAND_TEST,0.000000,-0.002623,0.035337,-0.319313,0.000000,0.000000,0.000000,1.000000,1.000000
1782440916.925274,516,0.000435,inf,STAND_TEST,0.000000,-0.002648,0.035330,-0.319330,0.000000,0.000000,0.000000,1.000000,1.000000
1782440916.945306,517,0.000414,inf,STAND_TEST,0.000000,-0.002638,0.035357,-0.319331,0.000000,0.000000,0.000000,1.000000,1.000000
1782440916.965381,518,0.000435,inf,STAND_TEST,0.000000,-0.002662,0.035386,-0.319332,0.000000,0.000000,0.000000,1.000000,1.000000
1782440916.985623,519,0.000622,inf,STAND_TEST,0.000000,-0.002676,0.035404,-0.319317,0.000000,0.000000,0.000000,1.000000,1.000000
1782440917.005656,520,0.000601,inf,STAND_TEST,0.000000,-0.002672,0.035472,-0.319312,0.000000,0.000000,0.000000,1.000000,1.000000
1782440917.025603,521,0.000429,inf,STAND_TEST,0.000000,-0.002697,0.035537,-0.319309,0.000000,0.000000,0.000000,1.000000,1.000000
1782440917.045645,522,0.000418,inf,STAND_TEST,0.000000,-0.002692,0.035610,-0.319293,0.000000,0.000000,0.000000,1.000000,1.000000
1782440917.065694,523,0.000413,inf,STAND_TEST,0.000000,-0.002711,0.035694,-0.319326,0.000000,0.000000,0.000000,1.000000,1.000000
1782440917.085797,524,0.000461,inf,STAND_TEST,0.000000,-0.002714,0.035747,-0.319267,0.000000,0.000000,0.000000,1.000000,1.000000
1782440917.105834,525,0.000444,inf,STAND_TEST,0.000000,-0.002733,0.035803,-0.319289,0.000000,0.000000,0.000000,1.000000,1.000000
1782440917.126205,526,0.000761,inf,STAND_TEST,0.000000,-0.002767,0.035817,-0.319295,0.000000,0.000000,0.000000,1.000000,1.000000
1782440917.146221,527,0.000764,inf,STAND_TEST,0.000000,-0.002772,0.035920,-0.319332,0.000000,0.000000,0.000000,1.000000,1.000000
1782440917.166298,528,0.000786,inf,STAND_TEST,0.000000,-0.002815,0.036006,-0.319363,0.000000,0.000000,0.000000,1.000000,1.000000
1782440917.186244,529,0.000677,inf,STAND_TEST,0.000000,-0.002839,0.036016,-0.319374,0.000000,0.000000,0.000000,1.000000,1.000000
1782440917.206114,530,0.000433,inf,STAND_TEST,0.000000,-0.002830,0.035997,-0.319337,0.000000,0.000000,0.000000,1.000000,1.000000
1782440917.226228,531,0.000491,inf,STAND_TEST,0.000000,-0.002842,0.035984,-0.319350,0.000000,0.000000,0.000000,1.000000,1.000000
1782440917.246207,532,0.000416,inf,STAND_TEST,0.000000,-0.002837,0.035974,-0.319354,0.000000,0.000000,0.000000,1.000000,1.000000
1782440917.266293,533,0.000445,inf,STAND_TEST,0.000000,-0.002814,0.035989,-0.319343,0.000000,0.000000,0.000000,1.000000,1.000000
1782440917.286322,534,0.000417,inf,STAND_TEST,0.000000,-0.002807,0.035954,-0.319337,0.000000,0.000000,0.000000,1.000000,1.000000
1782440917.306628,535,0.000666,inf,STAND_TEST,0.000000,-0.002782,0.035879,-0.319338,0.000000,0.000000,0.000000,1.000000,1.000000
1782440917.326693,536,0.000674,inf,STAND_TEST,0.000000,-0.002764,0.035827,-0.319356,0.000000,0.000000,0.000000,1.000000,1.000000
1782440917.346759,537,0.000684,inf,STAND_TEST,0.000000,-0.002742,0.035825,-0.319348,0.000000,0.000000,0.000000,1.000000,1.000000
1782440917.366759,538,0.000509,inf,STAND_TEST,0.000000,-0.002727,0.035793,-0.319339,0.000000,0.000000,0.000000,1.000000,1.000000
1782440917.386781,539,0.000419,inf,STAND_TEST,0.000000,-0.002720,0.035777,-0.319306,0.000000,0.000000,0.000000,1.000000,1.000000
1782440917.406909,540,0.000422,inf,STAND_TEST,0.000000,-0.002739,0.035747,-0.319312,0.000000,0.000000,0.000000,1.000000,1.000000
1782440917.427334,541,0.000743,inf,STAND_TEST,0.000000,-0.002748,0.035705,-0.319328,0.000000,0.000000,0.000000,1.000000,1.000000
1782440917.447324,542,0.000677,inf,STAND_TEST,0.000000,-0.002738,0.035695,-0.319332,0.000000,0.000000,0.000000,1.000000,1.000000
1782440917.467321,543,0.000620,inf,STAND_TEST,0.000000,-0.002707,0.035669,-0.319344,0.000000,0.000000,0.000000,1.000000,1.000000
1782440917.487494,544,0.000737,inf,STAND_TEST,0.000000,-0.002694,0.035697,-0.319349,0.000000,0.000000,0.000000,1.000000,1.000000
1782440917.507307,545,0.000457,inf,STAND_TEST,0.000000,-0.002708,0.035756,-0.319372,0.000000,0.000000,0.000000,1.000000,1.000000
1782440917.527355,546,0.000449,inf,STAND_TEST,0.000000,-0.002713,0.035735,-0.319364,0.000000,0.000000,0.000000,1.000000,1.000000
1782440917.547407,547,0.000446,inf,STAND_TEST,0.000000,-0.002727,0.035779,-0.319372,0.000000,0.000000,0.000000,1.000000,1.000000
1782440917.567496,548,0.000480,inf,STAND_TEST,0.000000,-0.002738,0.035851,-0.319393,0.000000,0.000000,0.000000,1.000000,1.000000
1782440917.587498,549,0.000428,inf,STAND_TEST,0.000000,-0.002738,0.035880,-0.319410,0.000000,0.000000,0.000000,1.000000,1.000000
1782440917.607722,550,0.000599,inf,STAND_TEST,0.000000,-0.002723,0.035874,-0.319353,0.000000,0.000000,0.000000,1.000000,1.000000
1782440917.627869,551,0.000691,inf,STAND_TEST,0.000000,-0.002725,0.035947,-0.319298,0.000000,0.000000,0.000000,1.000000,1.000000
1782440917.647797,552,0.000513,inf,STAND_TEST,0.000000,-0.002753,0.036002,-0.319267,0.000000,0.000000,0.000000,1.000000,1.000000
1782440917.667830,553,0.000410,inf,STAND_TEST,0.000000,-0.002766,0.036069,-0.319240,0.000000,0.000000,0.000000,1.000000,1.000000
1782440917.687975,554,0.000498,inf,STAND_TEST,0.000000,-0.002732,0.036064,-0.319226,0.000000,0.000000,0.000000,1.000000,1.000000
1782440917.707980,555,0.000448,inf,STAND_TEST,0.000000,-0.002729,0.036091,-0.319173,0.000000,0.000000,0.000000,1.000000,1.000000
1782440917.727995,556,0.000409,inf,STAND_TEST,0.000000,-0.002738,0.036025,-0.319138,0.000000,0.000000,0.000000,1.000000,1.000000
1782440917.748111,557,0.000469,inf,STAND_TEST,0.000000,-0.002720,0.036019,-0.319169,0.000000,0.000000,0.000000,1.000000,1.000000
1782440917.768500,558,0.000809,inf,STAND_TEST,0.000000,-0.002719,0.036003,-0.319144,0.000000,0.000000,0.000000,1.000000,1.000000
1782440917.788372,559,0.000626,inf,STAND_TEST,0.000000,-0.002724,0.035991,-0.319175,0.000000,0.000000,0.000000,1.000000,1.000000
1782440917.808542,560,0.000743,inf,STAND_TEST,0.000000,-0.002715,0.035993,-0.319209,0.000000,0.000000,0.000000,1.000000,1.000000
1782440917.828711,561,0.000755,inf,STAND_TEST,0.000000,-0.002754,0.035937,-0.319242,0.000000,0.000000,0.000000,1.000000,1.000000
1782440917.848715,562,0.000702,inf,STAND_TEST,0.000000,-0.002750,0.035886,-0.319244,0.000000,0.000000,0.000000,1.000000,1.000000
1782440917.868747,563,0.000676,inf,STAND_TEST,0.000000,-0.002738,0.035857,-0.319227,0.000000,0.000000,0.000000,1.000000,1.000000
1782440917.888825,564,0.000698,inf,STAND_TEST,0.000000,-0.002749,0.035815,-0.319232,0.000000,0.000000,0.000000,1.000000,1.000000
1782440917.909072,565,0.000887,inf,STAND_TEST,0.000000,-0.002722,0.035804,-0.319295,0.000000,0.000000,0.000000,1.000000,1.000000
1782440917.928944,566,0.000703,inf,STAND_TEST,0.000000,-0.002718,0.035800,-0.319304,0.000000,0.000000,0.000000,1.000000,1.000000
1782440917.948960,567,0.000664,inf,STAND_TEST,0.000000,-0.002732,0.035756,-0.319334,0.000000,0.000000,0.000000,1.000000,1.000000
1782440917.969014,568,0.000664,inf,STAND_TEST,0.000000,-0.002744,0.035781,-0.319323,0.000000,0.000000,0.000000,1.000000,1.000000
1782440917.988944,569,0.000419,inf,STAND_TEST,0.000000,-0.002775,0.035774,-0.319274,0.000000,0.000000,0.000000,1.000000,1.000000
1782440918.009053,570,0.000473,inf,STAND_TEST,0.000000,-0.002778,0.035748,-0.319258,0.000000,0.000000,0.000000,1.000000,1.000000
1782440918.029060,571,0.000426,inf,STAND_TEST,0.000000,-0.002776,0.035713,-0.319218,0.000000,0.000000,0.000000,1.000000,1.000000
1782440918.049111,572,0.000424,inf,STAND_TEST,0.000000,-0.002785,0.035749,-0.319228,0.000000,0.000000,0.000000,1.000000,1.000000
1782440918.069169,573,0.000428,inf,STAND_TEST,0.000000,-0.002814,0.035776,-0.319249,0.000000,0.000000,0.000000,1.000000,1.000000
1782440918.089580,574,0.000785,inf,STAND_TEST,0.000000,-0.002829,0.035778,-0.319263,0.000000,0.000000,0.000000,1.000000,1.000000
1782440918.109668,575,0.000817,inf,STAND_TEST,0.000000,-0.002835,0.035775,-0.319266,0.000000,0.000000,0.000000,1.000000,1.000000
1782440918.129680,576,0.000776,inf,STAND_TEST,0.000000,-0.002843,0.035816,-0.319275,0.000000,0.000000,0.000000,1.000000,1.000000
1782440918.149496,577,0.000457,inf,STAND_TEST,0.000000,-0.002848,0.035891,-0.319298,0.000000,0.000000,0.000000,1.000000,1.000000
1782440918.169564,578,0.000429,inf,STAND_TEST,0.000000,-0.002863,0.035891,-0.319293,0.000000,0.000000,0.000000,1.000000,1.000000
1782440918.189665,579,0.000429,inf,STAND_TEST,0.000000,-0.002885,0.035944,-0.319312,0.000000,0.000000,0.000000,1.000000,1.000000
1782440918.210124,580,0.000832,inf,STAND_TEST,0.000000,-0.002885,0.035961,-0.319290,0.000000,0.000000,0.000000,1.000000,1.000000
1782440918.230152,581,0.000805,inf,STAND_TEST,0.000000,-0.002853,0.035949,-0.319274,0.000000,0.000000,0.000000,1.000000,1.000000
1782440918.250175,582,0.000773,inf,STAND_TEST,0.000000,-0.002852,0.035897,-0.319306,0.000000,0.000000,0.000000,1.000000,1.000000
1782440918.270220,583,0.000767,inf,STAND_TEST,0.000000,-0.002847,0.035883,-0.319318,0.000000,0.000000,0.000000,1.000000,1.000000
1782440918.290210,584,0.000440,inf,STAND_TEST,0.000000,-0.002822,0.035869,-0.319305,0.000000,0.000000,0.000000,1.000000,1.000000
1782440918.310261,585,0.000435,inf,STAND_TEST,0.000000,-0.002831,0.035859,-0.319288,0.000000,0.000000,0.000000,1.000000,1.000000
1782440918.330319,586,0.000437,inf,STAND_TEST,0.000000,-0.002817,0.035848,-0.319256,0.000000,0.000000,0.000000,1.000000,1.000000
1782440918.350632,587,0.000691,inf,STAND_TEST,0.000000,-0.002836,0.035874,-0.319247,0.000000,0.000000,0.000000,1.000000,1.000000
1782440918.370692,588,0.000694,inf,STAND_TEST,0.000000,-0.002849,0.035855,-0.319210,0.000000,0.000000,0.000000,1.000000,1.000000
1782440918.390740,589,0.000684,inf,STAND_TEST,0.000000,-0.002844,0.035884,-0.319206,0.000000,0.000000,0.000000,1.000000,1.000000
1782440918.410906,590,0.000573,inf,STAND_TEST,0.000000,-0.002818,0.035909,-0.319169,0.000000,0.000000,0.000000,1.000000,1.000000
1782440918.431158,591,0.000768,inf,STAND_TEST,0.000000,-0.002816,0.035936,-0.319193,0.000000,0.000000,0.000000,1.000000,1.000000
1782440918.451081,592,0.000629,inf,STAND_TEST,0.000000,-0.002795,0.035946,-0.319189,0.000000,0.000000,0.000000,1.000000,1.000000
1782440918.471239,593,0.000732,inf,STAND_TEST,0.000000,-0.002797,0.035915,-0.319218,0.000000,0.000000,0.000000,1.000000,1.000000
1782440918.491101,594,0.000538,inf,STAND_TEST,0.000000,-0.002811,0.035921,-0.319231,0.000000,0.000000,0.000000,1.000000,1.000000
1782440918.511302,595,0.000682,inf,STAND_TEST,0.000000,-0.002808,0.035924,-0.319183,0.000000,0.000000,0.000000,1.000000,1.000000
1782440918.531326,596,0.000651,inf,STAND_TEST,0.000000,-0.002823,0.035948,-0.319224,0.000000,0.000000,0.000000,1.000000,1.000000
1782440918.551493,597,0.000456,inf,STAND_TEST,0.000000,-0.002806,0.035982,-0.319244,0.000000,0.000000,0.000000,1.000000,1.000000
1782440918.571562,598,0.000470,inf,STAND_TEST,0.000000,-0.002789,0.035992,-0.319243,0.000000,0.000000,0.000000,1.000000,1.000000
1782440918.591631,599,0.000484,inf,STAND_TEST,0.000000,-0.002796,0.036016,-0.319256,0.000000,0.000000,0.000000,1.000000,1.000000
1782440918.611953,600,0.000751,inf,STAND_TEST,0.000000,-0.002799,0.036058,-0.319290,0.000000,0.000000,0.000000,1.000000,1.000000
1782440918.632029,601,0.000772,inf,STAND_TEST,0.000000,-0.002803,0.036044,-0.319289,0.000000,0.000000,0.000000,1.000000,1.000000
1782440918.652086,602,0.000776,inf,STAND_TEST,0.000000,-0.002813,0.036064,-0.319275,0.000000,0.000000,0.000000,1.000000,1.000000
1782440918.672072,603,0.000430,inf,STAND_TEST,0.000000,-0.002840,0.036066,-0.319256,0.000000,0.000000,0.000000,1.000000,1.000000
1782440918.692129,604,0.000430,inf,STAND_TEST,0.000000,-0.002816,0.036064,-0.319231,0.000000,0.000000,0.000000,1.000000,1.000000
1782440918.712245,605,0.000491,inf,STAND_TEST,0.000000,-0.002796,0.036128,-0.319249,0.000000,0.000000,0.000000,1.000000,1.000000
1782440918.732244,606,0.000436,inf,STAND_TEST,0.000000,-0.002813,0.036165,-0.319263,0.000000,0.000000,0.000000,1.000000,1.000000
1782440918.752697,607,0.000833,inf,STAND_TEST,0.000000,-0.002809,0.036196,-0.319295,0.000000,0.000000,0.000000,1.000000,1.000000
1782440918.772750,608,0.000831,inf,STAND_TEST,0.000000,-0.002814,0.036203,-0.319259,0.000000,0.000000,0.000000,1.000000,1.000000
1782440918.792823,609,0.000492,inf,STAND_TEST,0.000000,-0.002803,0.036230,-0.319267,0.000000,0.000000,0.000000,1.000000,1.000000
1782440918.812795,610,0.000408,inf,STAND_TEST,0.000000,-0.002832,0.036224,-0.319278,0.000000,0.000000,0.000000,1.000000,1.000000
1782440918.833234,611,0.000793,inf,STAND_TEST,0.000000,-0.002842,0.036236,-0.319279,0.000000,0.000000,0.000000,1.000000,1.000000
1782440918.852908,612,0.000413,inf,STAND_TEST,0.000000,-0.002829,0.036247,-0.319244,0.000000,0.000000,0.000000,1.000000,1.000000
1782440918.872918,613,0.000369,inf,STAND_TEST,0.000000,-0.002817,0.036270,-0.319252,0.000000,0.000000,0.000000,1.000000,1.000000
1782440918.893431,614,0.000828,inf,STAND_TEST,0.000000,-0.002851,0.036277,-0.319266,0.000000,0.000000,0.000000,1.000000,1.000000
1782440918.913346,615,0.000689,inf,STAND_TEST,0.000000,-0.002831,0.036262,-0.319295,0.000000,0.000000,0.000000,1.000000,1.000000
1782440918.933259,616,0.000426,inf,STAND_TEST,0.000000,-0.002823,0.036296,-0.319335,0.000000,0.000000,0.000000,1.000000,1.000000
1782440918.953357,617,0.000423,inf,STAND_TEST,0.000000,-0.002830,0.036265,-0.319320,0.000000,0.000000,0.000000,1.000000,1.000000
1782440918.973459,618,0.000428,inf,STAND_TEST,0.000000,-0.002842,0.036257,-0.319292,0.000000,0.000000,0.000000,1.000000,1.000000
1782440918.993808,619,0.000670,inf,STAND_TEST,0.000000,-0.002861,0.036209,-0.319293,0.000000,0.000000,0.000000,1.000000,1.000000
1782440919.013932,620,0.000693,inf,STAND_TEST,0.000000,-0.002841,0.036149,-0.319285,0.000000,0.000000,0.000000,1.000000,1.000000
1782440919.033921,621,0.000417,inf,STAND_TEST,0.000000,-0.002835,0.036138,-0.319277,0.000000,0.000000,0.000000,1.000000,1.000000
1782440919.053977,622,0.000419,inf,STAND_TEST,0.000000,-0.002801,0.036091,-0.319263,0.000000,0.000000,0.000000,1.000000,1.000000
1782440919.074001,623,0.000390,inf,STAND_TEST,0.000000,-0.002789,0.036107,-0.319276,0.000000,0.000000,0.000000,1.000000,1.000000
1782440919.094122,624,0.000456,inf,STAND_TEST,0.000000,-0.002791,0.036074,-0.319285,0.000000,0.000000,0.000000,1.000000,1.000000
1782440919.114142,625,0.000422,inf,STAND_TEST,0.000000,-0.002780,0.036097,-0.319275,0.000000,0.000000,0.000000,1.000000,1.000000
1782440919.134416,626,0.000642,inf,STAND_TEST,0.000000,-0.002799,0.036124,-0.319294,0.000000,0.000000,0.000000,1.000000,1.000000
1782440919.154536,627,0.000706,inf,STAND_TEST,0.000000,-0.002811,0.036162,-0.319315,0.000000,0.000000,0.000000,1.000000,1.000000
1782440919.174677,628,0.000792,inf,STAND_TEST,0.000000,-0.002800,0.036170,-0.319346,0.000000,0.000000,0.000000,1.000000,1.000000
1782440919.194749,629,0.000709,inf,STAND_TEST,0.000000,-0.002785,0.036184,-0.319357,0.000000,0.000000,0.000000,1.000000,1.000000
1782440919.214793,630,0.000695,inf,STAND_TEST,0.000000,-0.002774,0.036212,-0.319367,0.000000,0.000000,0.000000,1.000000,1.000000
1782440919.234806,631,0.000651,inf,STAND_TEST,0.000000,-0.002756,0.036235,-0.319359,0.000000,0.000000,0.000000,1.000000,1.000000
1782440919.254861,632,0.000649,inf,STAND_TEST,0.000000,-0.002746,0.036270,-0.319330,0.000000,0.000000,0.000000,1.000000,1.000000
1782440919.274928,633,0.000659,inf,STAND_TEST,0.000000,-0.002770,0.036267,-0.319285,0.000000,0.000000,0.000000,1.000000,1.000000
1782440919.295174,634,0.000847,inf,STAND_TEST,0.000000,-0.002796,0.036238,-0.319284,0.000000,0.000000,0.000000,1.000000,1.000000
1782440919.315063,635,0.000681,inf,STAND_TEST,0.000000,-0.002803,0.036211,-0.319260,0.000000,0.000000,0.000000,1.000000,1.000000
1782440919.335093,636,0.000443,inf,STAND_TEST,0.000000,-0.002790,0.036187,-0.319223,0.000000,0.000000,0.000000,1.000000,1.000000
1782440919.355147,637,0.000441,inf,STAND_TEST,0.000000,-0.002760,0.036182,-0.319187,0.000000,0.000000,0.000000,1.000000,1.000000
1782440919.375188,638,0.000428,inf,STAND_TEST,0.000000,-0.002738,0.036229,-0.319194,0.000000,0.000000,0.000000,1.000000,1.000000
1782440919.395229,639,0.000416,inf,STAND_TEST,0.000000,-0.002737,0.036282,-0.319152,0.000000,0.000000,0.000000,1.000000,1.000000
1782440919.415316,640,0.000449,inf,STAND_TEST,0.000000,-0.002725,0.036284,-0.319116,0.000000,0.000000,0.000000,1.000000,1.000000
1782440919.435338,641,0.000417,inf,STAND_TEST,0.000000,-0.002723,0.036265,-0.319096,0.000000,0.000000,0.000000,1.000000,1.000000
1782440919.455628,642,0.000653,inf,STAND_TEST,0.000000,-0.002738,0.036244,-0.319081,0.000000,0.000000,0.000000,1.000000,1.000000
1782440919.475685,643,0.000656,inf,STAND_TEST,0.000000,-0.002764,0.036255,-0.319087,0.000000,0.000000,0.000000,1.000000,1.000000
1782440919.495591,644,0.000449,inf,STAND_TEST,0.000000,-0.002763,0.036276,-0.319038,0.000000,0.000000,0.000000,1.000000,1.000000
1782440919.515644,645,0.000447,inf,STAND_TEST,0.000000,-0.002776,0.036271,-0.319009,0.000000,0.000000,0.000000,1.000000,1.000000
1782440919.535744,646,0.000493,inf,STAND_TEST,0.000000,-0.002811,0.036282,-0.319026,0.000000,0.000000,0.000000,1.000000,1.000000
1782440919.555792,647,0.000487,inf,STAND_TEST,0.000000,-0.002855,0.036349,-0.319043,0.000000,0.000000,0.000000,1.000000,1.000000
1782440919.575781,648,0.000421,inf,STAND_TEST,0.000000,-0.002843,0.036391,-0.319042,0.000000,0.000000,0.000000,1.000000,1.000000
1782440919.596031,649,0.000618,inf,STAND_TEST,0.000000,-0.002874,0.036453,-0.319032,0.000000,0.000000,0.000000,1.000000,1.000000
1782440919.616033,650,0.000411,inf,STAND_TEST,0.000000,-0.002884,0.036504,-0.319038,0.000000,0.000000,0.000000,1.000000,1.000000
1782440919.636227,651,0.000463,inf,STAND_TEST,0.000000,-0.002921,0.036556,-0.319002,0.000000,0.000000,0.000000,1.000000,1.000000
1782440919.656252,652,0.000421,inf,STAND_TEST,0.000000,-0.002945,0.036572,-0.319009,0.000000,0.000000,0.000000,1.000000,1.000000
1782440919.676306,653,0.000419,inf,STAND_TEST,0.000000,-0.002964,0.036599,-0.319052,0.000000,0.000000,0.000000,1.000000,1.000000
1782440919.696388,654,0.000447,inf,STAND_TEST,0.000000,-0.002968,0.036598,-0.319046,0.000000,0.000000,0.000000,1.000000,1.000000
1782440919.716471,655,0.000476,inf,STAND_TEST,0.000000,-0.002954,0.036623,-0.319009,0.000000,0.000000,0.000000,1.000000,1.000000
1782440919.736796,656,0.000741,inf,STAND_TEST,0.000000,-0.002956,0.036585,-0.318993,0.000000,0.000000,0.000000,1.000000,1.000000
1782440919.756888,657,0.000779,inf,STAND_TEST,0.000000,-0.002946,0.036606,-0.319005,0.000000,0.000000,0.000000,1.000000,1.000000
1782440919.776594,658,0.000431,inf,STAND_TEST,0.000000,-0.002926,0.036633,-0.319040,0.000000,0.000000,0.000000,1.000000,1.000000
1782440919.796805,659,0.000416,inf,STAND_TEST,0.000000,-0.002931,0.036623,-0.319028,0.000000,0.000000,0.000000,1.000000,1.000000
1782440919.816861,660,0.000418,inf,STAND_TEST,0.000000,-0.002923,0.036623,-0.319020,0.000000,0.000000,0.000000,1.000000,1.000000
1782440919.836940,661,0.000442,inf,STAND_TEST,0.000000,-0.002915,0.036591,-0.319031,0.000000,0.000000,0.000000,1.000000,1.000000
1782440919.856996,662,0.000444,inf,STAND_TEST,0.000000,-0.002913,0.036559,-0.319009,0.000000,0.000000,0.000000,1.000000,1.000000
1782440919.877383,663,0.000776,inf,STAND_TEST,0.000000,-0.002894,0.036566,-0.319026,0.000000,0.000000,0.000000,1.000000,1.000000
1782440919.897389,664,0.000729,inf,STAND_TEST,0.000000,-0.002873,0.036549,-0.319037,0.000000,0.000000,0.000000,1.000000,1.000000
1782440919.917336,665,0.000623,inf,STAND_TEST,0.000000,-0.002847,0.036563,-0.319004,0.000000,0.000000,0.000000,1.000000,1.000000
1782440919.937423,666,0.000657,inf,STAND_TEST,0.000000,-0.002864,0.036536,-0.319002,0.000000,0.000000,0.000000,1.000000,1.000000
1782440919.957245,667,0.000426,inf,STAND_TEST,0.000000,-0.002906,0.036543,-0.319031,0.000000,0.000000,0.000000,1.000000,1.000000
1782440919.977274,668,0.000401,inf,STAND_TEST,0.000000,-0.002895,0.036514,-0.319007,0.000000,0.000000,0.000000,1.000000,1.000000
1782440919.997392,669,0.000449,inf,STAND_TEST,0.000000,-0.002908,0.036500,-0.319014,0.000000,0.000000,0.000000,1.000000,1.000000
1782440920.017475,670,0.000432,inf,STAND_TEST,0.000000,-0.002885,0.036545,-0.319019,0.000000,0.000000,0.000000,1.000000,1.000000
1782440920.037820,671,0.000678,inf,STAND_TEST,0.000000,-0.002882,0.036540,-0.318988,0.000000,0.000000,0.000000,1.000000,1.000000
1782440920.057948,672,0.000689,inf,STAND_TEST,0.000000,-0.002908,0.036543,-0.319008,0.000000,0.000000,0.000000,1.000000,1.000000
1782440920.077933,673,0.000429,inf,STAND_TEST,0.000000,-0.002913,0.036566,-0.319002,0.000000,0.000000,0.000000,1.000000,1.000000
1782440920.097982,674,0.000425,inf,STAND_TEST,0.000000,-0.002923,0.036565,-0.318984,0.000000,0.000000,0.000000,1.000000,1.000000
1782440920.118022,675,0.000410,inf,STAND_TEST,0.000000,-0.002911,0.036580,-0.319027,0.000000,0.000000,0.000000,1.000000,1.000000
1782440920.138102,676,0.000436,inf,STAND_TEST,0.000000,-0.002927,0.036554,-0.319001,0.000000,0.000000,0.000000,1.000000,1.000000
1782440920.158180,677,0.000458,inf,STAND_TEST,0.000000,-0.002943,0.036539,-0.318970,0.000000,0.000000,0.000000,1.000000,1.000000
1782440920.178453,678,0.000673,inf,STAND_TEST,0.000000,-0.002949,0.036550,-0.318970,0.000000,0.000000,0.000000,1.000000,1.000000
1782440920.198427,679,0.000457,inf,STAND_TEST,0.000000,-0.002952,0.036511,-0.319026,0.000000,0.000000,0.000000,1.000000,1.000000
1782440920.218587,680,0.000465,inf,STAND_TEST,0.000000,-0.002962,0.036493,-0.318998,0.000000,0.000000,0.000000,1.000000,1.000000
1782440920.238626,681,0.000450,inf,STAND_TEST,0.000000,-0.002956,0.036510,-0.319004,0.000000,0.000000,0.000000,1.000000,1.000000
1782440920.258663,682,0.000432,inf,STAND_TEST,0.000000,-0.002954,0.036518,-0.319015,0.000000,0.000000,0.000000,1.000000,1.000000
1782440920.278945,683,0.000660,inf,STAND_TEST,0.000000,-0.002975,0.036485,-0.319043,0.000000,0.000000,0.000000,1.000000,1.000000
1782440920.298794,684,0.000453,inf,STAND_TEST,0.000000,-0.002978,0.036474,-0.319061,0.000000,0.000000,0.000000,1.000000,1.000000
1782440920.319077,685,0.000468,inf,STAND_TEST,0.000000,-0.002961,0.036481,-0.319044,0.000000,0.000000,0.000000,1.000000,1.000000
1782440920.339101,686,0.000436,inf,STAND_TEST,0.000000,-0.002977,0.036405,-0.318981,0.000000,0.000000,0.000000,1.000000,1.000000
1782440920.359253,687,0.000496,inf,STAND_TEST,0.000000,-0.002944,0.036392,-0.318964,0.000000,0.000000,0.000000,1.000000,1.000000
1782440920.379274,688,0.000462,inf,STAND_TEST,0.000000,-0.002971,0.036334,-0.318991,0.000000,0.000000,0.000000,1.000000,1.000000
1782440920.399314,689,0.000448,inf,STAND_TEST,0.000000,-0.002962,0.036332,-0.318951,0.000000,0.000000,0.000000,1.000000,1.000000
1782440920.419484,690,0.000559,inf,STAND_TEST,0.000000,-0.002983,0.036292,-0.318965,0.000000,0.000000,0.000000,1.000000,1.000000
1782440920.439734,691,0.000753,inf,STAND_TEST,0.000000,-0.002956,0.036308,-0.318944,0.000000,0.000000,0.000000,1.000000,1.000000
1782440920.459853,692,0.000815,inf,STAND_TEST,0.000000,-0.002946,0.036325,-0.318959,0.000000,0.000000,0.000000,1.000000,1.000000
1782440920.479757,693,0.000664,inf,STAND_TEST,0.000000,-0.002948,0.036371,-0.318922,0.000000,0.000000,0.000000,1.000000,1.000000
1782440920.499802,694,0.000655,inf,STAND_TEST,0.000000,-0.002970,0.036355,-0.318924,0.000000,0.000000,0.000000,1.000000,1.000000
1782440920.519698,695,0.000457,inf,STAND_TEST,0.000000,-0.002946,0.036381,-0.318928,0.000000,0.000000,0.000000,1.000000,1.000000
1782440920.539781,696,0.000483,inf,STAND_TEST,0.000000,-0.002936,0.036401,-0.318935,0.000000,0.000000,0.000000,1.000000,1.000000
1782440920.559828,697,0.000475,inf,STAND_TEST,0.000000,-0.002925,0.036426,-0.318951,0.000000,0.000000,0.000000,1.000000,1.000000
1782440920.579922,698,0.000514,inf,STAND_TEST,0.000000,-0.002922,0.036482,-0.318952,0.000000,0.000000,0.000000,1.000000,1.000000
1782440920.599885,699,0.000422,inf,STAND_TEST,0.000000,-0.002944,0.036560,-0.318969,0.000000,0.000000,0.000000,1.000000,1.000000
1782440920.620203,700,0.000685,inf,STAND_TEST,0.000000,-0.002969,0.036535,-0.318968,0.000000,0.000000,0.000000,1.000000,1.000000
1782440920.640234,701,0.000661,inf,STAND_TEST,0.000000,-0.003020,0.036540,-0.318963,0.000000,0.000000,0.000000,1.000000,1.000000
1782440920.660278,702,0.000650,inf,STAND_TEST,0.000000,-0.002998,0.036552,-0.318932,0.000000,0.000000,0.000000,1.000000,1.000000
1782440920.680381,703,0.000449,inf,STAND_TEST,0.000000,-0.003009,0.036589,-0.318900,0.000000,0.000000,0.000000,1.000000,1.000000
1782440920.700434,704,0.000447,inf,STAND_TEST,0.000000,-0.003014,0.036576,-0.318894,0.000000,0.000000,0.000000,1.000000,1.000000
1782440920.720497,705,0.000455,inf,STAND_TEST,0.000000,-0.003017,0.036606,-0.318836,0.000000,0.000000,0.000000,1.000000,1.000000
1782440920.740546,706,0.000449,inf,STAND_TEST,0.000000,-0.003002,0.036553,-0.318814,0.000000,0.000000,0.000000,1.000000,1.000000
1782440920.760827,707,0.000675,inf,STAND_TEST,0.000000,-0.002990,0.036545,-0.318783,0.000000,0.000000,0.000000,1.000000,1.000000
1782440920.780874,708,0.000667,inf,STAND_TEST,0.000000,-0.002993,0.036513,-0.318758,0.000000,0.000000,0.000000,1.000000,1.000000
1782440920.800912,709,0.000651,inf,STAND_TEST,0.000000,-0.003001,0.036492,-0.318752,0.000000,0.000000,0.000000,1.000000,1.000000
1782440920.820813,710,0.000465,inf,STAND_TEST,0.000000,-0.002991,0.036476,-0.318796,0.000000,0.000000,0.000000,1.000000,1.000000
1782440920.840950,711,0.000460,inf,STAND_TEST,0.000000,-0.002982,0.036532,-0.318832,0.000000,0.000000,0.000000,1.000000,1.000000
1782440920.861017,712,0.000471,inf,STAND_TEST,0.000000,-0.002971,0.036498,-0.318774,0.000000,0.000000,0.000000,1.000000,1.000000
1782440920.881036,713,0.000436,inf,STAND_TEST,0.000000,-0.002974,0.036537,-0.318784,0.000000,0.000000,0.000000,1.000000,1.000000
1782440920.901313,714,0.000656,inf,STAND_TEST,0.000000,-0.002980,0.036510,-0.318781,0.000000,0.000000,0.000000,1.000000,1.000000
1782440920.921384,715,0.000674,inf,STAND_TEST,0.000000,-0.003025,0.036508,-0.318797,0.000000,0.000000,0.000000,1.000000,1.000000
1782440920.941437,716,0.000672,inf,STAND_TEST,0.000000,-0.003034,0.036533,-0.318847,0.000000,0.000000,0.000000,1.000000,1.000000
1782440920.961282,717,0.000410,inf,STAND_TEST,0.000000,-0.003025,0.036552,-0.318812,0.000000,0.000000,0.000000,1.000000,1.000000
1782440920.981416,718,0.000407,inf,STAND_TEST,0.000000,-0.003064,0.036616,-0.318839,0.000000,0.000000,0.000000,1.000000,1.000000
1782440921.001479,719,0.000416,inf,STAND_TEST,0.000000,-0.003051,0.036587,-0.318787,0.000000,0.000000,0.000000,1.000000,1.000000
1782440921.021525,720,0.000408,inf,STAND_TEST,0.000000,-0.003064,0.036591,-0.318816,0.000000,0.000000,0.000000,1.000000,1.000000
1782440921.041636,721,0.000465,inf,STAND_TEST,0.000000,-0.003101,0.036589,-0.318818,0.000000,0.000000,0.000000,1.000000,1.000000
1782440921.061902,722,0.000675,inf,STAND_TEST,0.000000,-0.003126,0.036563,-0.318806,0.000000,0.000000,0.000000,1.000000,1.000000
1782440921.081928,723,0.000647,inf,STAND_TEST,0.000000,-0.003133,0.036552,-0.318799,0.000000,0.000000,0.000000,1.000000,1.000000
1782440921.102167,724,0.000831,inf,STAND_TEST,0.000000,-0.003129,0.036554,-0.318824,0.000000,0.000000,0.000000,1.000000,1.000000
1782440921.121988,725,0.000439,inf,STAND_TEST,0.000000,-0.003150,0.036546,-0.318829,0.000000,0.000000,0.000000,1.000000,1.000000
1782440921.142061,726,0.000458,inf,STAND_TEST,0.000000,-0.003190,0.036487,-0.318846,0.000000,0.000000,0.000000,1.000000,1.000000
1782440921.162097,727,0.000437,inf,STAND_TEST,0.000000,-0.003208,0.036427,-0.318821,0.000000,0.000000,0.000000,1.000000,1.000000
1782440921.182177,728,0.000465,inf,STAND_TEST,0.000000,-0.003205,0.036441,-0.318804,0.000000,0.000000,0.000000,1.000000,1.000000
1782440921.202545,729,0.000779,inf,STAND_TEST,0.000000,-0.003213,0.036418,-0.318783,0.000000,0.000000,0.000000,1.000000,1.000000
1782440921.222245,730,0.000425,inf,STAND_TEST,0.000000,-0.003212,0.036456,-0.318788,0.000000,0.000000,0.000000,1.000000,1.000000
1782440921.242720,731,0.000846,inf,STAND_TEST,0.000000,-0.003199,0.036465,-0.318820,0.000000,0.000000,0.000000,1.000000,1.000000
1782440921.262558,732,0.000440,inf,STAND_TEST,0.000000,-0.003198,0.036447,-0.318832,0.000000,0.000000,0.000000,1.000000,1.000000
1782440921.282600,733,0.000428,inf,STAND_TEST,0.000000,-0.003199,0.036416,-0.318820,0.000000,0.000000,0.000000,1.000000,1.000000
1782440921.302644,734,0.000419,inf,STAND_TEST,0.000000,-0.003178,0.036368,-0.318819,0.000000,0.000000,0.000000,1.000000,1.000000
1782440921.322712,735,0.000433,inf,STAND_TEST,0.000000,-0.003190,0.036277,-0.318814,0.000000,0.000000,0.000000,1.000000,1.000000
1782440921.343071,736,0.000735,inf,STAND_TEST,0.000000,-0.003190,0.036262,-0.318793,0.000000,0.000000,0.000000,1.000000,1.000000
1782440921.363122,737,0.000730,inf,STAND_TEST,0.000000,-0.003203,0.036260,-0.318767,0.000000,0.000000,0.000000,1.000000,1.000000
1782440921.383124,738,0.000677,inf,STAND_TEST,0.000000,-0.003210,0.036205,-0.318783,0.000000,0.000000,0.000000,1.000000,1.000000
1782440921.403048,739,0.000442,inf,STAND_TEST,0.000000,-0.003200,0.036224,-0.318810,0.000000,0.000000,0.000000,1.000000,1.000000
1782440921.423227,740,0.000465,inf,STAND_TEST,0.000000,-0.003209,0.036166,-0.318773,0.000000,0.000000,0.000000,1.000000,1.000000
1782440921.443288,741,0.000469,inf,STAND_TEST,0.000000,-0.003196,0.036179,-0.318781,0.000000,0.000000,0.000000,1.000000,1.000000
1782440921.463327,742,0.000453,inf,STAND_TEST,0.000000,-0.003199,0.036193,-0.318804,0.000000,0.000000,0.000000,1.000000,1.000000
1782440921.483365,743,0.000435,inf,STAND_TEST,0.000000,-0.003195,0.036198,-0.318799,0.000000,0.000000,0.000000,1.000000,1.000000
1782440921.503485,744,0.000500,inf,STAND_TEST,0.000000,-0.003188,0.036187,-0.318770,0.000000,0.000000,0.000000,1.000000,1.000000
1782440921.523718,745,0.000676,inf,STAND_TEST,0.000000,-0.003196,0.036197,-0.318748,0.000000,0.000000,0.000000,1.000000,1.000000
1782440921.543826,746,0.000728,inf,STAND_TEST,0.000000,-0.003174,0.036210,-0.318762,0.000000,0.000000,0.000000,1.000000,1.000000
1782440921.563651,747,0.000496,inf,STAND_TEST,0.000000,-0.003171,0.036235,-0.318770,0.000000,0.000000,0.000000,1.000000,1.000000
1782440921.583734,748,0.000480,inf,STAND_TEST,0.000000,-0.003154,0.036276,-0.318761,0.000000,0.000000,0.000000,1.000000,1.000000
1782440921.603776,749,0.000416,inf,STAND_TEST,0.000000,-0.003148,0.036280,-0.318721,0.000000,0.000000,0.000000,1.000000,1.000000
1782440921.623887,750,0.000428,inf,STAND_TEST,0.000000,-0.003160,0.036222,-0.318727,0.000000,0.000000,0.000000,1.000000,1.000000
1782440921.644302,751,0.000736,inf,STAND_TEST,0.000000,-0.003180,0.036180,-0.318764,0.000000,0.000000,0.000000,1.000000,1.000000
1782440921.664353,752,0.000679,inf,STAND_TEST,0.000000,-0.003182,0.036153,-0.318786,0.000000,0.000000,0.000000,1.000000,1.000000
1782440921.684427,753,0.000424,inf,STAND_TEST,0.000000,-0.003170,0.036131,-0.318742,0.000000,0.000000,0.000000,1.000000,1.000000
1782440921.704539,754,0.000438,inf,STAND_TEST,0.000000,-0.003171,0.036112,-0.318720,0.000000,0.000000,0.000000,1.000000,1.000000
1782440921.724643,755,0.000440,inf,STAND_TEST,0.000000,-0.003151,0.036075,-0.318701,0.000000,0.000000,0.000000,1.000000,1.000000
1782440921.745042,756,0.000782,inf,STAND_TEST,0.000000,-0.003177,0.036063,-0.318707,0.000000,0.000000,0.000000,1.000000,1.000000
1782440921.765107,757,0.000793,inf,STAND_TEST,0.000000,-0.003173,0.036047,-0.318712,0.000000,0.000000,0.000000,1.000000,1.000000
1782440921.784897,758,0.000423,inf,STAND_TEST,0.000000,-0.003214,0.036042,-0.318754,0.000000,0.000000,0.000000,1.000000,1.000000
1782440921.805151,759,0.000410,inf,STAND_TEST,0.000000,-0.003205,0.035997,-0.318729,0.000000,0.000000,0.000000,1.000000,1.000000
1782440921.825247,760,0.000452,inf,STAND_TEST,0.000000,-0.003226,0.035982,-0.318735,0.000000,0.000000,0.000000,1.000000,1.000000
1782440921.845321,761,0.000470,inf,STAND_TEST,0.000000,-0.003228,0.035952,-0.318731,0.000000,0.000000,0.000000,1.000000,1.000000
1782440921.865566,762,0.000661,inf,STAND_TEST,0.000000,-0.003219,0.035992,-0.318776,0.000000,0.000000,0.000000,1.000000,1.000000
1782440921.885600,763,0.000641,inf,STAND_TEST,0.000000,-0.003240,0.035994,-0.318799,0.000000,0.000000,0.000000,1.000000,1.000000
1782440921.905501,764,0.000416,inf,STAND_TEST,0.000000,-0.003227,0.036002,-0.318765,0.000000,0.000000,0.000000,1.000000,1.000000
1782440921.925806,765,0.000667,inf,STAND_TEST,0.000000,-0.003222,0.036009,-0.318779,0.000000,0.000000,0.000000,1.000000,1.000000
1782440921.945690,766,0.000442,inf,STAND_TEST,0.000000,-0.003239,0.035969,-0.318803,0.000000,0.000000,0.000000,1.000000,1.000000
1782440921.965791,767,0.000489,inf,STAND_TEST,0.000000,-0.003249,0.035954,-0.318751,0.000000,0.000000,0.000000,1.000000,1.000000
1782440921.985810,768,0.000455,inf,STAND_TEST,0.000000,-0.003236,0.035891,-0.318741,0.000000,0.000000,0.000000,1.000000,1.000000
1782440922.005835,769,0.000427,inf,STAND_TEST,0.000000,-0.003253,0.035907,-0.318753,0.000000,0.000000,0.000000,1.000000,1.000000
1782440922.025887,770,0.000431,inf,STAND_TEST,0.000000,-0.003249,0.035890,-0.318774,0.000000,0.000000,0.000000,1.000000,1.000000
1782440922.046139,771,0.000630,inf,STAND_TEST,0.000000,-0.003259,0.035909,-0.318743,0.000000,0.000000,0.000000,1.000000,1.000000
1782440922.066201,772,0.000451,inf,STAND_TEST,0.000000,-0.003258,0.035875,-0.318770,0.000000,0.000000,0.000000,1.000000,1.000000
1782440922.086240,773,0.000435,inf,STAND_TEST,0.000000,-0.003259,0.035881,-0.318776,0.000000,0.000000,0.000000,1.000000,1.000000
1782440922.106305,774,0.000445,inf,STAND_TEST,0.000000,-0.003271,0.035888,-0.318788,0.000000,0.000000,0.000000,1.000000,1.000000
1782440922.126368,775,0.000452,inf,STAND_TEST,0.000000,-0.003261,0.035907,-0.318752,0.000000,0.000000,0.000000,1.000000,1.000000
1782440922.146399,776,0.000425,inf,STAND_TEST,0.000000,-0.003243,0.035910,-0.318727,0.000000,0.000000,0.000000,1.000000,1.000000
1782440922.166704,777,0.000675,inf,STAND_TEST,0.000000,-0.003262,0.035913,-0.318687,0.000000,0.000000,0.000000,1.000000,1.000000
1782440922.186719,778,0.000634,inf,STAND_TEST,0.000000,-0.003273,0.035919,-0.318736,0.000000,0.000000,0.000000,1.000000,1.000000
1782440922.206800,779,0.000659,inf,STAND_TEST,0.000000,-0.003274,0.035906,-0.318735,0.000000,0.000000,0.000000,1.000000,1.000000
1782440922.226696,780,0.000476,inf,STAND_TEST,0.000000,-0.003272,0.035943,-0.318744,0.000000,0.000000,0.000000,1.000000,1.000000
1782440922.246818,781,0.000456,inf,STAND_TEST,0.000000,-0.003262,0.035961,-0.318688,0.000000,0.000000,0.000000,1.000000,1.000000
1782440922.266878,782,0.000460,inf,STAND_TEST,0.000000,-0.003296,0.036139,-0.318576,0.000000,0.000000,0.000000,1.000000,1.000000
1782440922.286898,783,0.000423,inf,STAND_TEST,0.000000,-0.003316,0.036390,-0.318466,0.000000,0.000000,0.000000,1.000000,1.000000
1782440922.307179,784,0.000650,inf,STAND_TEST,0.000000,-0.003354,0.036707,-0.318393,0.000000,0.000000,0.000000,1.000000,1.000000
1782440922.326997,785,0.000414,inf,STAND_TEST,0.000000,-0.003409,0.037172,-0.318297,0.000000,0.000000,0.000000,1.000000,1.000000
1782440922.347318,786,0.000679,inf,STAND_TEST,0.000000,-0.003516,0.037720,-0.318158,0.000000,0.000000,0.000000,1.000000,1.000000
1782440922.367363,787,0.000669,inf,STAND_TEST,0.000000,-0.003599,0.038396,-0.317911,0.000000,0.000000,0.000000,1.000000,1.000000
1782440922.387437,788,0.000687,inf,STAND_TEST,0.000000,-0.003724,0.039301,-0.317619,0.000000,0.000000,0.000000,1.000000,1.000000
1782440922.407232,789,0.000426,inf,STAND_TEST,0.000000,-0.003828,0.040360,-0.317363,0.000000,0.000000,0.000000,1.000000,1.000000
1782440922.427352,790,0.000491,inf,STAND_TEST,0.000000,-0.003887,0.041567,-0.317222,0.000000,0.000000,0.000000,1.000000,1.000000
1782440922.447504,791,0.000585,inf,STAND_TEST,0.000000,-0.004007,0.042956,-0.317093,0.000000,0.000000,0.000000,1.000000,1.000000
1782440922.467452,792,0.000477,inf,STAND_TEST,0.000000,-0.004172,0.044551,-0.317002,0.000000,0.000000,0.000000,1.000000,1.000000
1782440922.487484,793,0.000453,inf,STAND_TEST,0.000000,-0.004332,0.046194,-0.316919,0.000000,0.000000,0.000000,1.000000,1.000000
1782440922.507530,794,0.000444,inf,STAND_TEST,0.000000,-0.004521,0.048227,-0.316776,0.000000,0.000000,0.000000,1.000000,1.000000
1782440922.527834,795,0.000494,inf,STAND_TEST,0.000000,-0.004737,0.050387,-0.316611,0.000000,0.000000,0.000000,1.000000,1.000000
1782440922.547973,796,0.000483,inf,STAND_TEST,0.000000,-0.004919,0.052388,-0.316561,0.000000,0.000000,0.000000,1.000000,1.000000
1782440922.568048,797,0.000502,inf,STAND_TEST,0.000000,-0.005173,0.054662,-0.316602,0.000000,0.000000,0.000000,1.000000,1.000000
1782440922.588037,798,0.000435,inf,STAND_TEST,0.000000,-0.005464,0.056901,-0.316725,0.000000,0.000000,0.000000,1.000000,1.000000
1782440922.608114,799,0.000459,inf,STAND_TEST,0.000000,-0.005756,0.059261,-0.316907,0.000000,0.000000,0.000000,1.000000,1.000000
1782440922.628154,800,0.000443,inf,STAND_TEST,0.000000,-0.006026,0.061257,-0.317020,0.000000,0.000000,0.000000,1.000000,1.000000
1782440922.648429,801,0.000663,inf,STAND_TEST,0.000000,-0.006338,0.063299,-0.317244,0.000000,0.000000,0.000000,1.000000,1.000000
1782440922.668446,802,0.000626,inf,STAND_TEST,0.000000,-0.006658,0.065161,-0.317423,0.000000,0.000000,0.000000,1.000000,1.000000
1782440922.688480,803,0.000410,inf,STAND_TEST,0.000000,-0.007117,0.066819,-0.317569,0.000000,0.000000,0.000000,1.000000,1.000000
1782440922.708569,804,0.000445,inf,STAND_TEST,0.000000,-0.007751,0.068476,-0.317890,0.000000,0.000000,0.000000,1.000000,1.000000
1782440922.728580,805,0.000402,inf,STAND_TEST,0.000000,-0.008263,0.070014,-0.318239,0.000000,0.000000,0.000000,1.000000,1.000000
1782440922.748707,806,0.000474,inf,STAND_TEST,0.000000,-0.008652,0.071366,-0.318500,0.000000,0.000000,0.000000,1.000000,1.000000
1782440922.768758,807,0.000470,inf,STAND_TEST,0.000000,-0.009212,0.072798,-0.318828,0.000000,0.000000,0.000000,1.000000,1.000000
1782440922.788973,808,0.000631,inf,STAND_TEST,0.000000,-0.009778,0.074113,-0.319222,0.000000,0.000000,0.000000,1.000000,1.000000
1782440922.809066,809,0.000423,inf,STAND_TEST,0.000000,-0.010300,0.075371,-0.319448,0.000000,0.000000,0.000000,1.000000,1.000000
1782440922.829129,810,0.000472,inf,STAND_TEST,0.000000,-0.010812,0.076533,-0.319635,0.000000,0.000000,0.000000,1.000000,1.000000
1782440922.849177,811,0.000466,inf,STAND_TEST,0.000000,-0.011393,0.077668,-0.319846,0.000000,0.000000,0.000000,1.000000,1.000000
1782440922.869186,812,0.000421,inf,STAND_TEST,0.000000,-0.011872,0.078617,-0.319940,0.000000,0.000000,0.000000,1.000000,1.000000
1782440922.889238,813,0.000418,inf,STAND_TEST,0.000000,-0.012368,0.079372,-0.320038,0.000000,0.000000,0.000000,1.000000,1.000000
1782440922.909308,814,0.000434,inf,STAND_TEST,0.000000,-0.012972,0.079966,-0.320130,0.000000,0.000000,0.000000,1.000000,1.000000
1782440922.929576,815,0.000649,inf,STAND_TEST,0.000000,-0.013546,0.080456,-0.320473,0.000000,0.000000,0.000000,1.000000,1.000000
1782440922.949655,816,0.000672,inf,STAND_TEST,0.000000,-0.013826,0.080700,-0.320963,0.000000,0.000000,0.000000,1.000000,1.000000
1782440922.969738,817,0.000495,inf,STAND_TEST,0.000000,-0.013997,0.080896,-0.321533,0.000000,0.000000,0.000000,1.000000,1.000000
1782440922.989744,818,0.000446,inf,STAND_TEST,0.000000,-0.014204,0.080935,-0.321976,0.000000,0.000000,0.000000,1.000000,1.000000
1782440923.009780,819,0.000424,inf,STAND_TEST,0.000000,-0.014424,0.080838,-0.322289,0.000000,0.000000,0.000000,1.000000,1.000000
1782440923.029876,820,0.000465,inf,STAND_TEST,0.000000,-0.014562,0.080621,-0.323001,0.000000,0.000000,0.000000,1.000000,1.000000
1782440923.049925,821,0.000467,inf,STAND_TEST,0.000000,-0.014633,0.080214,-0.323847,0.000000,0.000000,0.000000,1.000000,1.000000
1782440923.070206,822,0.000694,inf,STAND_TEST,0.000000,-0.014631,0.079752,-0.324474,0.000000,0.000000,0.000000,1.000000,1.000000
1782440923.090226,823,0.000659,inf,STAND_TEST,0.000000,-0.014576,0.079136,-0.324753,0.000000,0.000000,0.000000,1.000000,1.000000
1782440923.110272,824,0.000650,inf,STAND_TEST,0.000000,-0.014509,0.078491,-0.324713,0.000000,0.000000,0.000000,1.000000,1.000000
1782440923.130157,825,0.000435,inf,STAND_TEST,0.000000,-0.014401,0.077802,-0.324551,0.000000,0.000000,0.000000,1.000000,1.000000
1782440923.150216,826,0.000439,inf,STAND_TEST,0.000000,-0.014277,0.076963,-0.324366,0.000000,0.000000,0.000000,1.000000,1.000000
1782440923.170299,827,0.000467,inf,STAND_TEST,0.000000,-0.014139,0.076088,-0.324167,0.000000,0.000000,0.000000,1.000000,1.000000
1782440923.190301,828,0.000414,inf,STAND_TEST,0.000000,-0.014008,0.075101,-0.324035,0.000000,0.000000,0.000000,1.000000,1.000000
1782440923.210397,829,0.000455,inf,STAND_TEST,0.000000,-0.013874,0.074101,-0.323988,0.000000,0.000000,0.000000,1.000000,1.000000
1782440923.230424,830,0.000426,inf,STAND_TEST,0.000000,-0.013679,0.072973,-0.324051,0.000000,0.000000,0.000000,1.000000,1.000000
1782440923.250681,831,0.000628,inf,STAND_TEST,0.000000,-0.013458,0.071707,-0.324222,0.000000,0.000000,0.000000,1.000000,1.000000
1782440923.270770,832,0.000663,inf,STAND_TEST,0.000000,-0.013226,0.070566,-0.324363,0.000000,0.000000,0.000000,1.000000,1.000000
1782440923.290804,833,0.000642,inf,STAND_TEST,0.000000,-0.012963,0.069276,-0.324487,0.000000,0.000000,0.000000,1.000000,1.000000
1782440923.310701,834,0.000464,inf,STAND_TEST,0.000000,-0.012650,0.067798,-0.324624,0.000000,0.000000,0.000000,1.000000,1.000000
1782440923.330699,835,0.000408,inf,STAND_TEST,0.000000,-0.012345,0.066132,-0.324697,0.000000,0.000000,0.000000,1.000000,1.000000
1782440923.350771,836,0.000425,inf,STAND_TEST,0.000000,-0.012060,0.064393,-0.324714,0.000000,0.000000,0.000000,1.000000,1.000000
1782440923.370856,837,0.000455,inf,STAND_TEST,0.000000,-0.011656,0.062411,-0.324821,0.000000,0.000000,0.000000,1.000000,1.000000
1782440923.390860,838,0.000405,inf,STAND_TEST,0.000000,-0.011250,0.060212,-0.325039,0.000000,0.000000,0.000000,1.000000,1.000000
1782440923.411115,839,0.000606,inf,STAND_TEST,0.000000,-0.010816,0.057741,-0.325409,0.000000,0.000000,0.000000,1.000000,1.000000
1782440923.431229,840,0.000665,inf,STAND_TEST,0.000000,-0.010305,0.055012,-0.326017,0.000000,0.000000,0.000000,1.000000,1.000000
1782440923.451228,841,0.000611,inf,STAND_TEST,0.000000,-0.009773,0.051923,-0.326796,0.000000,0.000000,0.000000,1.000000,1.000000
1782440923.471242,842,0.000397,inf,STAND_TEST,0.000000,-0.009142,0.048185,-0.327568,0.000000,0.000000,0.000000,1.000000,1.000000
1782440923.491379,843,0.000478,inf,STAND_TEST,0.000000,-0.008619,0.044636,-0.328219,0.000000,0.000000,0.000000,1.000000,1.000000
1782440923.511381,844,0.000426,inf,STAND_TEST,0.000000,-0.008016,0.040693,-0.328881,0.000000,0.000000,0.000000,1.000000,1.000000
1782440923.531422,845,0.000413,inf,STAND_TEST,0.000000,-0.007512,0.037174,-0.329217,0.000000,0.000000,0.000000,1.000000,1.000000
1782440923.551769,846,0.000703,inf,STAND_TEST,0.000000,-0.006946,0.033833,-0.329448,0.000000,0.000000,0.000000,1.000000,1.000000
1782440923.571522,847,0.000403,inf,STAND_TEST,0.000000,-0.006144,0.030045,-0.329565,0.000000,0.000000,0.000000,1.000000,1.000000
1782440923.591801,848,0.000628,inf,STAND_TEST,0.000000,-0.005186,0.025635,-0.329608,0.000000,0.000000,0.000000,1.000000,1.000000
1782440923.611861,849,0.000635,inf,STAND_TEST,0.000000,-0.004381,0.021461,-0.329417,0.000000,0.000000,0.000000,1.000000,1.000000
1782440923.631952,850,0.000495,inf,STAND_TEST,0.000000,-0.003559,0.017295,-0.329282,0.000000,0.000000,0.000000,1.000000,1.000000
1782440923.651974,851,0.000462,inf,STAND_TEST,0.000000,-0.002619,0.012555,-0.328991,0.000000,0.000000,0.000000,1.000000,1.000000
1782440923.672002,852,0.000435,inf,STAND_TEST,0.000000,-0.001756,0.007944,-0.328749,0.000000,0.000000,0.000000,1.000000,1.000000
1782440923.692086,853,0.000464,inf,STAND_TEST,0.000000,-0.000869,0.003560,-0.328430,0.000000,0.000000,0.000000,1.000000,1.000000
1782440923.712614,854,0.000935,inf,STAND_TEST,0.000000,0.000058,-0.000693,-0.328208,0.000000,0.000000,0.000000,1.000000,1.000000
1782440923.732357,855,0.000442,inf,STAND_TEST,0.000000,0.001186,-0.004690,-0.327965,0.000000,0.000000,0.000000,1.000000,1.000000
1782440923.752407,856,0.000439,inf,STAND_TEST,0.000000,0.002449,-0.008758,-0.327443,0.000000,0.000000,0.000000,1.000000,1.000000
1782440923.772472,857,0.000424,inf,STAND_TEST,0.000000,0.003536,-0.012451,-0.327099,0.000000,0.000000,0.000000,1.000000,1.000000
1782440923.792528,858,0.000426,inf,STAND_TEST,0.000000,0.004731,-0.016516,-0.326984,0.000000,0.000000,0.000000,1.000000,1.000000
1782440923.812623,859,0.000466,inf,STAND_TEST,0.000000,0.005903,-0.020445,-0.327212,0.000000,0.000000,0.000000,1.000000,1.000000
1782440923.832858,860,0.000646,inf,STAND_TEST,0.000000,0.007113,-0.024322,-0.327211,0.000000,0.000000,0.000000,1.000000,1.000000
1782440923.852920,861,0.000654,inf,STAND_TEST,0.000000,0.008258,-0.027941,-0.326944,0.000000,0.000000,0.000000,1.000000,1.000000
1782440923.872938,862,0.000619,inf,STAND_TEST,0.000000,0.009447,-0.031799,-0.326491,0.000000,0.000000,0.000000,1.000000,1.000000
1782440923.892995,863,0.000620,inf,STAND_TEST,0.000000,0.010582,-0.035340,-0.326172,0.000000,0.000000,0.000000,1.000000,1.000000
1782440923.913005,864,0.000435,inf,STAND_TEST,0.000000,0.011687,-0.038721,-0.325902,0.000000,0.000000,0.000000,1.000000,1.000000
1782440923.933021,865,0.000396,inf,STAND_TEST,0.000000,0.012806,-0.041942,-0.325331,0.000000,0.000000,0.000000,1.000000,1.000000
1782440923.953112,866,0.000434,inf,STAND_TEST,0.000000,0.013962,-0.045320,-0.324863,0.000000,0.000000,0.000000,1.000000,1.000000
1782440923.973117,867,0.000386,inf,STAND_TEST,0.000000,0.014924,-0.048326,-0.324613,0.000000,0.000000,0.000000,1.000000,1.000000
1782440923.993151,868,0.000367,inf,STAND_TEST,0.000000,0.015864,-0.051380,-0.324412,0.000000,0.000000,0.000000,1.000000,1.000000
1782440924.013233,869,0.000394,inf,STAND_TEST,0.000000,0.016846,-0.054262,-0.324062,0.000000,0.000000,0.000000,1.000000,1.000000
1782440924.033439,870,0.000412,inf,STAND_TEST,0.000000,0.017783,-0.057116,-0.323114,0.000000,0.000000,0.000000,1.000000,1.000000
1782440924.053631,871,0.000435,inf,STAND_TEST,0.000000,0.018638,-0.059697,-0.322013,0.000000,0.000000,0.000000,1.000000,1.000000
1782440924.073672,872,0.000422,inf,STAND_TEST,0.000000,0.019466,-0.062233,-0.321043,0.000000,0.000000,0.000000,1.000000,1.000000
1782440924.093747,873,0.000441,inf,STAND_TEST,0.000000,0.020224,-0.064704,-0.320215,0.000000,0.000000,0.000000,1.000000,1.000000
1782440924.113807,874,0.000445,inf,STAND_TEST,0.000000,0.020980,-0.067123,-0.319766,0.000000,0.000000,0.000000,1.000000,1.000000
1782440924.133863,875,0.000445,inf,STAND_TEST,0.000000,0.021733,-0.069336,-0.319548,0.000000,0.000000,0.000000,1.000000,1.000000
1782440924.154252,876,0.000797,inf,STAND_TEST,0.000000,0.022492,-0.071424,-0.319286,0.000000,0.000000,0.000000,1.000000,1.000000
1782440924.174161,877,0.000651,inf,STAND_TEST,0.000000,0.023125,-0.073355,-0.319120,0.000000,0.000000,0.000000,1.000000,1.000000
1782440924.194390,878,0.000825,inf,STAND_TEST,0.000000,0.023745,-0.075121,-0.319179,0.000000,0.000000,0.000000,1.000000,1.000000
1782440924.214311,879,0.000456,inf,STAND_TEST,0.000000,0.024360,-0.076814,-0.319219,0.000000,0.000000,0.000000,1.000000,1.000000
1782440924.234369,880,0.000457,inf,STAND_TEST,0.000000,0.025016,-0.078334,-0.319066,0.000000,0.000000,0.000000,1.000000,1.000000
1782440924.254456,881,0.000416,inf,STAND_TEST,0.000000,0.025532,-0.079615,-0.318816,0.000000,0.000000,0.000000,1.000000,1.000000
1782440924.274586,882,0.000428,inf,STAND_TEST,0.000000,0.025903,-0.080678,-0.318575,0.000000,0.000000,0.000000,1.000000,1.000000
1782440924.294918,883,0.000702,inf,STAND_TEST,0.000000,0.026243,-0.081603,-0.318298,0.000000,0.000000,0.000000,1.000000,1.000000
1782440924.314907,884,0.000425,inf,STAND_TEST,0.000000,0.026564,-0.082432,-0.317927,0.000000,0.000000,0.000000,1.000000,1.000000
1782440924.334965,885,0.000428,inf,STAND_TEST,0.000000,0.026835,-0.082873,-0.317522,0.000000,0.000000,0.000000,1.000000,1.000000
1782440924.355029,886,0.000437,inf,STAND_TEST,0.000000,0.027085,-0.083174,-0.317113,0.000000,0.000000,0.000000,1.000000,1.000000
1782440924.375075,887,0.000429,inf,STAND_TEST,0.000000,0.027281,-0.083276,-0.316769,0.000000,0.000000,0.000000,1.000000,1.000000
1782440924.395125,888,0.000426,inf,STAND_TEST,0.000000,0.027427,-0.083203,-0.316442,0.000000,0.000000,0.000000,1.000000,1.000000
1782440924.415171,889,0.000456,inf,STAND_TEST,0.000000,0.027478,-0.083071,-0.316285,0.000000,0.000000,0.000000,1.000000,1.000000
1782440924.435585,890,0.000816,inf,STAND_TEST,0.000000,0.027521,-0.082769,-0.316163,0.000000,0.000000,0.000000,1.000000,1.000000
1782440924.455719,891,0.000895,inf,STAND_TEST,0.000000,0.027528,-0.082352,-0.316039,0.000000,0.000000,0.000000,1.000000,1.000000
1782440924.476012,892,0.000924,inf,STAND_TEST,0.000000,0.027513,-0.081791,-0.316041,0.000000,0.000000,0.000000,1.000000,1.000000
1782440924.495844,893,0.000699,inf,STAND_TEST,0.000000,0.027453,-0.081147,-0.315995,0.000000,0.000000,0.000000,1.000000,1.000000
1782440924.515682,894,0.000480,inf,STAND_TEST,0.000000,0.027351,-0.080403,-0.316003,0.000000,0.000000,0.000000,1.000000,1.000000
1782440924.535704,895,0.000447,inf,STAND_TEST,0.000000,0.027199,-0.079549,-0.316094,0.000000,0.000000,0.000000,1.000000,1.000000
1782440924.556121,896,0.000807,inf,STAND_TEST,0.000000,0.027019,-0.078743,-0.316198,0.000000,0.000000,0.000000,1.000000,1.000000
1782440924.576162,897,0.000455,inf,STAND_TEST,0.000000,0.026784,-0.077786,-0.316339,0.000000,0.000000,0.000000,1.000000,1.000000
1782440924.596205,898,0.000444,inf,STAND_TEST,0.000000,0.026525,-0.076879,-0.316569,0.000000,0.000000,0.000000,1.000000,1.000000
1782440924.616266,899,0.000450,inf,STAND_TEST,0.000000,0.026280,-0.075974,-0.316880,0.000000,0.000000,0.000000,1.000000,1.000000
1782440924.636310,900,0.000438,inf,STAND_TEST,0.000000,0.026027,-0.075005,-0.317329,0.000000,0.000000,0.000000,1.000000,1.000000
1782440924.656351,901,0.000424,inf,STAND_TEST,0.000000,0.025747,-0.074078,-0.317829,0.000000,0.000000,0.000000,1.000000,1.000000
1782440924.676664,902,0.000680,inf,STAND_TEST,0.000000,0.025467,-0.073272,-0.318260,0.000000,0.000000,0.000000,1.000000,1.000000
1782440924.696830,903,0.000792,inf,STAND_TEST,0.000000,0.025238,-0.072515,-0.318753,0.000000,0.000000,0.000000,1.000000,1.000000
1782440924.716870,904,0.000777,inf,STAND_TEST,0.000000,0.025013,-0.071864,-0.319208,0.000000,0.000000,0.000000,1.000000,1.000000
1782440924.736775,905,0.000476,inf,STAND_TEST,0.000000,0.024760,-0.071256,-0.319525,0.000000,0.000000,0.000000,1.000000,1.000000
1782440924.756798,906,0.000443,inf,STAND_TEST,0.000000,0.024523,-0.070709,-0.319755,0.000000,0.000000,0.000000,1.000000,1.000000
1782440924.776899,907,0.000488,inf,STAND_TEST,0.000000,0.024309,-0.070269,-0.319871,0.000000,0.000000,0.000000,1.000000,1.000000
1782440924.796991,908,0.000524,inf,STAND_TEST,0.000000,0.024104,-0.069954,-0.319943,0.000000,0.000000,0.000000,1.000000,1.000000
1782440924.817212,909,0.000690,inf,STAND_TEST,0.000000,0.023915,-0.069679,-0.320088,0.000000,0.000000,0.000000,1.000000,1.000000
1782440924.837271,910,0.000694,inf,STAND_TEST,0.000000,0.023750,-0.069418,-0.320235,0.000000,0.000000,0.000000,1.000000,1.000000
1782440924.857417,911,0.000786,inf,STAND_TEST,0.000000,0.023621,-0.069314,-0.320301,0.000000,0.000000,0.000000,1.000000,1.000000
1782440924.877411,912,0.000470,inf,STAND_TEST,0.000000,0.023535,-0.069222,-0.320360,0.000000,0.000000,0.000000,1.000000,1.000000
1782440924.897447,913,0.000451,inf,STAND_TEST,0.000000,0.023469,-0.069236,-0.320442,0.000000,0.000000,0.000000,1.000000,1.000000
1782440924.917509,914,0.000458,inf,STAND_TEST,0.000000,0.023404,-0.069333,-0.320526,0.000000,0.000000,0.000000,1.000000,1.000000
1782440924.937554,915,0.000448,inf,STAND_TEST,0.000000,0.023368,-0.069482,-0.320653,0.000000,0.000000,0.000000,1.000000,1.000000
1782440924.957832,916,0.000672,inf,STAND_TEST,0.000000,0.023361,-0.069710,-0.320769,0.000000,0.000000,0.000000,1.000000,1.000000
1782440924.977664,917,0.000450,inf,STAND_TEST,0.000000,0.023358,-0.070023,-0.320836,0.000000,0.000000,0.000000,1.000000,1.000000
1782440924.997859,918,0.000428,inf,STAND_TEST,0.000000,0.023388,-0.070366,-0.320850,0.000000,0.000000,0.000000,1.000000,1.000000
1782440925.017848,919,0.000395,inf,STAND_TEST,0.000000,0.023412,-0.070818,-0.320866,0.000000,0.000000,0.000000,1.000000,1.000000
1782440925.037924,920,0.000417,inf,STAND_TEST,0.000000,0.023478,-0.071238,-0.320922,0.000000,0.000000,0.000000,1.000000,1.000000
1782440925.058018,921,0.000457,inf,STAND_TEST,0.000000,0.023557,-0.071704,-0.320921,0.000000,0.000000,0.000000,1.000000,1.000000
1782440925.078051,922,0.000436,inf,STAND_TEST,0.000000,0.023630,-0.072230,-0.320874,0.000000,0.000000,0.000000,1.000000,1.000000
1782440925.098060,923,0.000392,inf,STAND_TEST,0.000000,0.023732,-0.072741,-0.320827,0.000000,0.000000,0.000000,1.000000,1.000000
1782440925.118376,924,0.000653,inf,STAND_TEST,0.000000,0.023848,-0.073284,-0.320820,0.000000,0.000000,0.000000,1.000000,1.000000
1782440925.138536,925,0.000759,inf,STAND_TEST,0.000000,0.023948,-0.073887,-0.320835,0.000000,0.000000,0.000000,1.000000,1.000000
1782440925.158637,926,0.000805,inf,STAND_TEST,0.000000,0.024066,-0.074523,-0.320851,0.000000,0.000000,0.000000,1.000000,1.000000
1782440925.178355,927,0.000410,inf,STAND_TEST,0.000000,0.024228,-0.075210,-0.320875,0.000000,0.000000,0.000000,1.000000,1.000000
1782440925.198447,928,0.000447,inf,STAND_TEST,0.000000,0.024406,-0.075838,-0.320914,0.000000,0.000000,0.000000,1.000000,1.000000
1782440925.218521,929,0.000466,inf,STAND_TEST,0.000000,0.024591,-0.076515,-0.320938,0.000000,0.000000,0.000000,1.000000,1.000000
1782440925.238555,930,0.000444,inf,STAND_TEST,0.000000,0.024785,-0.077116,-0.320849,0.000000,0.000000,0.000000,1.000000,1.000000
1782440925.258644,931,0.000478,inf,STAND_TEST,0.000000,0.025025,-0.077708,-0.320733,0.000000,0.000000,0.000000,1.000000,1.000000
1782440925.279043,932,0.000821,inf,STAND_TEST,0.000000,0.025234,-0.078180,-0.320663,0.000000,0.000000,0.000000,1.000000,1.000000
1782440925.299084,933,0.000807,inf,STAND_TEST,0.000000,0.025410,-0.078610,-0.320503,0.000000,0.000000,0.000000,1.000000,1.000000
1782440925.318871,934,0.000459,inf,STAND_TEST,0.000000,0.025523,-0.078968,-0.320158,0.000000,0.000000,0.000000,1.000000,1.000000
1782440925.339117,935,0.000431,inf,STAND_TEST,0.000000,0.025609,-0.079154,-0.319722,0.000000,0.000000,0.000000,1.000000,1.000000
1782440925.359389,936,0.000643,inf,STAND_TEST,0.000000,0.025679,-0.079155,-0.319190,0.000000,0.000000,0.000000,1.000000,1.000000
1782440925.379489,937,0.000688,inf,STAND_TEST,0.000000,0.025660,-0.078963,-0.318586,0.000000,0.000000,0.000000,1.000000,1.000000
1782440925.399502,938,0.000645,inf,STAND_TEST,0.000000,0.025612,-0.078554,-0.317930,0.000000,0.000000,0.000000,1.000000,1.000000
1782440925.419572,939,0.000661,inf,STAND_TEST,0.000000,0.025514,-0.077892,-0.317288,0.000000,0.000000,0.000000,1.000000,1.000000
1782440925.439637,940,0.000671,inf,STAND_TEST,0.000000,0.025338,-0.077012,-0.316416,0.000000,0.000000,0.000000,1.000000,1.000000
1782440925.459477,941,0.000440,inf,STAND_TEST,0.000000,0.025117,-0.075854,-0.315511,0.000000,0.000000,0.000000,1.000000,1.000000
1782440925.479628,942,0.000441,inf,STAND_TEST,0.000000,0.024901,-0.074543,-0.314439,0.000000,0.000000,0.000000,1.000000,1.000000
1782440925.499678,943,0.000436,inf,STAND_TEST,0.000000,0.024620,-0.073080,-0.313286,0.000000,0.000000,0.000000,1.000000,1.000000
1782440925.519750,944,0.000452,inf,STAND_TEST,0.000000,0.024280,-0.071348,-0.312245,0.000000,0.000000,0.000000,1.000000,1.000000
1782440925.539789,945,0.000436,inf,STAND_TEST,0.000000,0.023890,-0.069446,-0.311495,0.000000,0.000000,0.000000,1.000000,1.000000
1782440925.560115,946,0.000707,inf,STAND_TEST,0.000000,0.023451,-0.067323,-0.311094,0.000000,0.000000,0.000000,1.000000,1.000000
1782440925.580122,947,0.000659,inf,STAND_TEST,0.000000,0.022966,-0.065048,-0.310874,0.000000,0.000000,0.000000,1.000000,1.000000
1782440925.600149,948,0.000633,inf,STAND_TEST,0.000000,0.022573,-0.062517,-0.310817,0.000000,0.000000,0.000000,1.000000,1.000000
1782440925.620151,949,0.000456,inf,STAND_TEST,0.000000,0.022118,-0.059807,-0.311029,0.000000,0.000000,0.000000,1.000000,1.000000
1782440925.640441,950,0.000451,inf,STAND_TEST,0.000000,0.021628,-0.057330,-0.311386,0.000000,0.000000,0.000000,1.000000,1.000000
1782440925.660469,951,0.000424,inf,STAND_TEST,0.000000,0.020854,-0.054284,-0.311900,0.000000,0.000000,0.000000,1.000000,1.000000
1782440925.680754,952,0.000656,inf,STAND_TEST,0.000000,0.020048,-0.051427,-0.312314,0.000000,0.000000,0.000000,1.000000,1.000000
1782440925.700802,953,0.000650,inf,STAND_TEST,0.000000,0.019190,-0.048576,-0.312861,0.000000,0.000000,0.000000,1.000000,1.000000
1782440925.720855,954,0.000442,inf,STAND_TEST,0.000000,0.018182,-0.045194,-0.313577,0.000000,0.000000,0.000000,1.000000,1.000000
1782440925.740865,955,0.000399,inf,STAND_TEST,0.000000,0.017175,-0.041817,-0.314430,0.000000,0.000000,0.000000,1.000000,1.000000
1782440925.760953,956,0.000432,inf,STAND_TEST,0.000000,0.016252,-0.038726,-0.315082,0.000000,0.000000,0.000000,1.000000,1.000000
1782440925.780984,957,0.000408,inf,STAND_TEST,0.000000,0.015253,-0.035486,-0.315707,0.000000,0.000000,0.000000,1.000000,1.000000
1782440925.801033,958,0.000404,inf,STAND_TEST,0.000000,0.014201,-0.032222,-0.316318,0.000000,0.000000,0.000000,1.000000,1.000000
1782440925.821098,959,0.000414,inf,STAND_TEST,0.000000,0.013182,-0.029061,-0.316992,0.000000,0.000000,0.000000,1.000000,1.000000
1782440925.841376,960,0.000638,inf,STAND_TEST,0.000000,0.012196,-0.025964,-0.317623,0.000000,0.000000,0.000000,1.000000,1.000000
1782440925.861610,961,0.000817,inf,STAND_TEST,0.000000,0.011159,-0.022861,-0.318266,0.000000,0.000000,0.000000,1.000000,1.000000
1782440925.881392,962,0.000460,inf,STAND_TEST,0.000000,0.010144,-0.019657,-0.318554,0.000000,0.000000,0.000000,1.000000,1.000000
1782440925.901410,963,0.000424,inf,STAND_TEST,0.000000,0.009258,-0.016827,-0.318365,0.000000,0.000000,0.000000,1.000000,1.000000
1782440925.921432,964,0.000391,inf,STAND_TEST,0.000000,0.008374,-0.014177,-0.318310,0.000000,0.000000,0.000000,1.000000,1.000000
1782440925.941588,965,0.000494,inf,STAND_TEST,0.000000,0.007423,-0.011858,-0.318750,0.000000,0.000000,0.000000,1.000000,1.000000
1782440925.961622,966,0.000472,inf,STAND_TEST,0.000000,0.006522,-0.009655,-0.319461,0.000000,0.000000,0.000000,1.000000,1.000000
1782440925.981887,967,0.000683,inf,STAND_TEST,0.000000,0.005627,-0.007530,-0.320025,0.000000,0.000000,0.000000,1.000000,1.000000
1782440926.001957,968,0.000699,inf,STAND_TEST,0.000000,0.004767,-0.005057,-0.320373,0.000000,0.000000,0.000000,1.000000,1.000000
1782440926.021971,969,0.000418,inf,STAND_TEST,0.000000,0.003782,-0.002157,-0.320489,0.000000,0.000000,0.000000,1.000000,1.000000
1782440926.042063,970,0.000454,inf,STAND_TEST,0.000000,0.002906,0.000539,-0.320373,0.000000,0.000000,0.000000,1.000000,1.000000
1782440926.062103,971,0.000439,inf,STAND_TEST,0.000000,0.002201,0.002780,-0.320400,0.000000,0.000000,0.000000,1.000000,1.000000
1782440926.082128,972,0.000408,inf,STAND_TEST,0.000000,0.001596,0.004854,-0.320338,0.000000,0.000000,0.000000,1.000000,1.000000
1782440926.102208,973,0.000434,inf,STAND_TEST,0.000000,0.001117,0.006658,-0.320152,0.000000,0.000000,0.000000,1.000000,1.000000
1782440926.122631,974,0.000802,inf,STAND_TEST,0.000000,0.000657,0.008238,-0.320383,0.000000,0.000000,0.000000,1.000000,1.000000
1782440926.143009,975,0.001121,inf,STAND_TEST,0.000000,0.000228,0.009401,-0.320824,0.000000,0.000000,0.000000,1.000000,1.000000
1782440926.162657,976,0.000713,inf,STAND_TEST,0.000000,-0.000186,0.010404,-0.321249,0.000000,0.000000,0.000000,1.000000,1.000000
1782440926.182841,977,0.000676,inf,STAND_TEST,0.000000,-0.000665,0.011334,-0.321522,0.000000,0.000000,0.000000,1.000000,1.000000
1782440926.202881,978,0.000659,inf,STAND_TEST,0.000000,-0.001004,0.012159,-0.321523,0.000000,0.000000,0.000000,1.000000,1.000000
1782440926.222718,979,0.000442,inf,STAND_TEST,0.000000,-0.001326,0.012927,-0.321207,0.000000,0.000000,0.000000,1.000000,1.000000
1782440926.242765,980,0.000435,inf,STAND_TEST,0.000000,-0.001631,0.013653,-0.320850,0.000000,0.000000,0.000000,1.000000,1.000000
1782440926.262796,981,0.000413,inf,STAND_TEST,0.000000,-0.001912,0.014293,-0.320544,0.000000,0.000000,0.000000,1.000000,1.000000
1782440926.283191,982,0.000754,inf,STAND_TEST,0.000000,-0.002156,0.014870,-0.320136,0.000000,0.000000,0.000000,1.000000,1.000000
1782440926.303270,983,0.000779,inf,STAND_TEST,0.000000,-0.002399,0.015361,-0.319793,0.000000,0.000000,0.000000,1.000000,1.000000
1782440926.323185,984,0.000640,inf,STAND_TEST,0.000000,-0.002644,0.015765,-0.319580,0.000000,0.000000,0.000000,1.000000,1.000000
1782440926.343105,985,0.000439,inf,STAND_TEST,0.000000,-0.002871,0.016100,-0.319536,0.000000,0.000000,0.000000,1.000000,1.000000
1782440926.363132,986,0.000413,inf,STAND_TEST,0.000000,-0.003080,0.016418,-0.319505,0.000000,0.000000,0.000000,1.000000,1.000000
1782440926.383215,987,0.000442,inf,STAND_TEST,0.000000,-0.003272,0.016713,-0.319433,0.000000,0.000000,0.000000,1.000000,1.000000
1782440926.403242,988,0.000415,inf,STAND_TEST,0.000000,-0.003463,0.016977,-0.319376,0.000000,0.000000,0.000000,1.000000,1.000000
1782440926.423294,989,0.000413,inf,STAND_TEST,0.000000,-0.003597,0.017208,-0.319366,0.000000,0.000000,0.000000,1.000000,1.000000
1782440926.443355,990,0.000419,inf,STAND_TEST,0.000000,-0.003740,0.017329,-0.319365,0.000000,0.000000,0.000000,1.000000,1.000000
1782440926.463714,991,0.000721,inf,STAND_TEST,0.000000,-0.003822,0.017445,-0.319370,0.000000,0.000000,0.000000,1.000000,1.000000
1782440926.483800,992,0.000749,inf,STAND_TEST,0.000000,-0.003855,0.017483,-0.319334,0.000000,0.000000,0.000000,1.000000,1.000000
1782440926.503690,993,0.000528,inf,STAND_TEST,0.000000,-0.003871,0.017473,-0.319329,0.000000,0.000000,0.000000,1.000000,1.000000
1782440926.523726,994,0.000509,inf,STAND_TEST,0.000000,-0.003861,0.017366,-0.319334,0.000000,0.000000,0.000000,1.000000,1.000000
1782440926.543740,995,0.000467,inf,STAND_TEST,0.000000,-0.003786,0.017259,-0.319295,0.000000,0.000000,0.000000,1.000000,1.000000
1782440926.563788,996,0.000461,inf,STAND_TEST,0.000000,-0.003732,0.017147,-0.319333,0.000000,0.000000,0.000000,1.000000,1.000000
1782440926.583812,997,0.000430,inf,STAND_TEST,0.000000,-0.003634,0.016969,-0.319358,0.000000,0.000000,0.000000,1.000000,1.000000
1782440926.604086,998,0.000651,inf,STAND_TEST,0.000000,-0.003563,0.016814,-0.319378,0.000000,0.000000,0.000000,1.000000,1.000000
1782440926.624149,999,0.000659,inf,STAND_TEST,0.000000,-0.003436,0.016594,-0.319344,0.000000,0.000000,0.000000,1.000000,1.000000
1782440926.644155,1000,0.000611,inf,STAND_TEST,0.000000,-0.003322,0.016385,-0.319367,0.000000,0.000000,0.000000,1.000000,1.000000
1782440926.664188,1001,0.000408,inf,STAND_TEST,0.000000,-0.003220,0.016104,-0.319395,0.000000,0.000000,0.000000,1.000000,1.000000
1782440926.684257,1002,0.000424,inf,STAND_TEST,0.000000,-0.003102,0.015817,-0.319360,0.000000,0.000000,0.000000,1.000000,1.000000
1782440926.704293,1003,0.000406,inf,STAND_TEST,0.000000,-0.003023,0.015579,-0.319341,0.000000,0.000000,0.000000,1.000000,1.000000
1782440926.724367,1004,0.000426,inf,STAND_TEST,0.000000,-0.002948,0.015322,-0.319373,0.000000,0.000000,0.000000,1.000000,1.000000
1782440926.744423,1005,0.000428,inf,STAND_TEST,0.000000,-0.002874,0.015096,-0.319380,0.000000,0.000000,0.000000,1.000000,1.000000
1782440926.764668,1006,0.000618,inf,STAND_TEST,0.000000,-0.002783,0.014893,-0.319354,0.000000,0.000000,0.000000,1.000000,1.000000
1782440926.784727,1007,0.000624,inf,STAND_TEST,0.000000,-0.002745,0.014710,-0.319337,0.000000,0.000000,0.000000,1.000000,1.000000
1782440926.804765,1008,0.000608,inf,STAND_TEST,0.000000,-0.002701,0.014555,-0.319350,0.000000,0.000000,0.000000,1.000000,1.000000
1782440926.824786,1009,0.000467,inf,STAND_TEST,0.000000,-0.002713,0.014423,-0.319393,0.000000,0.000000,0.000000,1.000000,1.000000
1782440926.844959,1010,0.000414,inf,STAND_TEST,0.000000,-0.002708,0.014422,-0.319384,0.000000,0.000000,0.000000,1.000000,1.000000
1782440926.865099,1011,0.000498,inf,STAND_TEST,0.000000,-0.002744,0.014417,-0.319357,0.000000,0.000000,0.000000,1.000000,1.000000
1782440926.885470,1012,0.000814,inf,STAND_TEST,0.000000,-0.002777,0.014403,-0.319301,0.000000,0.000000,0.000000,1.000000,1.000000
1782440926.905493,1013,0.000464,inf,STAND_TEST,0.000000,-0.002804,0.014481,-0.319320,0.000000,0.000000,0.000000,1.000000,1.000000
1782440926.925587,1014,0.000502,inf,STAND_TEST,0.000000,-0.002833,0.014548,-0.319304,0.000000,0.000000,0.000000,1.000000,1.000000
1782440926.945595,1015,0.000454,inf,STAND_TEST,0.000000,-0.002871,0.014619,-0.319362,0.000000,0.000000,0.000000,1.000000,1.000000
1782440926.965636,1016,0.000441,inf,STAND_TEST,0.000000,-0.002916,0.014662,-0.319369,0.000000,0.000000,0.000000,1.000000,1.000000
1782440926.985690,1017,0.000441,inf,STAND_TEST,0.000000,-0.002949,0.014796,-0.319341,0.000000,0.000000,0.000000,1.000000,1.000000
1782440927.005948,1018,0.000644,inf,STAND_TEST,0.000000,-0.002972,0.014982,-0.319297,0.000000,0.000000,0.000000,1.000000,1.000000
1782440927.025923,1019,0.000421,inf,STAND_TEST,0.000000,-0.003022,0.015154,-0.319251,0.000000,0.000000,0.000000,1.000000,1.000000
1782440927.046100,1020,0.000444,inf,STAND_TEST,0.000000,-0.003069,0.015309,-0.319244,0.000000,0.000000,0.000000,1.000000,1.000000
1782440927.066194,1021,0.000480,inf,STAND_TEST,0.000000,-0.003089,0.015481,-0.319225,0.000000,0.000000,0.000000,1.000000,1.000000
1782440927.086175,1022,0.000405,inf,STAND_TEST,0.000000,-0.003116,0.015610,-0.319257,0.000000,0.000000,0.000000,1.000000,1.000000
1782440927.106289,1023,0.000465,inf,STAND_TEST,0.000000,-0.003164,0.015681,-0.319316,0.000000,0.000000,0.000000,1.000000,1.000000
1782440927.126656,1024,0.000776,inf,STAND_TEST,0.000000,-0.003182,0.015701,-0.319338,0.000000,0.000000,0.000000,1.000000,1.000000
1782440927.146706,1025,0.000771,inf,STAND_TEST,0.000000,-0.003174,0.015772,-0.319287,0.000000,0.000000,0.000000,1.000000,1.000000
1782440927.166458,1026,0.000467,inf,STAND_TEST,0.000000,-0.003168,0.015792,-0.319268,0.000000,0.000000,0.000000,1.000000,1.000000
1782440927.186701,1027,0.000655,inf,STAND_TEST,0.000000,-0.003181,0.015764,-0.319209,0.000000,0.000000,0.000000,1.000000,1.000000
1782440927.206648,1028,0.000446,inf,STAND_TEST,0.000000,-0.003195,0.015746,-0.319283,0.000000,0.000000,0.000000,1.000000,1.000000
1782440927.226695,1029,0.000438,inf,STAND_TEST,0.000000,-0.003209,0.015806,-0.319276,0.000000,0.000000,0.000000,1.000000,1.000000
1782440927.246780,1030,0.000467,inf,STAND_TEST,0.000000,-0.003244,0.015843,-0.319230,0.000000,0.000000,0.000000,1.000000,1.000000
1782440927.266801,1031,0.000433,inf,STAND_TEST,0.000000,-0.003241,0.016066,-0.319208,0.000000,0.000000,0.000000,1.000000,1.000000
1782440927.287078,1032,0.000655,inf,STAND_TEST,0.000000,-0.003224,0.016340,-0.319178,0.000000,0.000000,0.000000,1.000000,1.000000
1782440927.307119,1033,0.000641,inf,STAND_TEST,0.000000,-0.003239,0.016744,-0.319161,0.000000,0.000000,0.000000,1.000000,1.000000
1782440927.327262,1034,0.000730,inf,STAND_TEST,0.000000,-0.003281,0.017315,-0.319189,0.000000,0.000000,0.000000,1.000000,1.000000
1782440927.347197,1035,0.000431,inf,STAND_TEST,0.000000,-0.003305,0.018052,-0.319175,0.000000,0.000000,0.000000,1.000000,1.000000
1782440927.367250,1036,0.000430,inf,STAND_TEST,0.000000,-0.003336,0.019120,-0.319201,0.000000,0.000000,0.000000,1.000000,1.000000
1782440927.387267,1037,0.000393,inf,STAND_TEST,0.000000,-0.003408,0.020259,-0.319177,0.000000,0.000000,0.000000,1.000000,1.000000
1782440927.407358,1038,0.000430,inf,STAND_TEST,0.000000,-0.003447,0.021581,-0.319228,0.000000,0.000000,0.000000,1.000000,1.000000
1782440927.427474,1039,0.000491,inf,STAND_TEST,0.000000,-0.003442,0.022858,-0.319251,0.000000,0.000000,0.000000,1.000000,1.000000
1782440927.447438,1040,0.000401,inf,STAND_TEST,0.000000,-0.003490,0.024147,-0.319329,0.000000,0.000000,0.000000,1.000000,1.000000
1782440927.467723,1041,0.000632,inf,STAND_TEST,0.000000,-0.003598,0.025309,-0.319387,0.000000,0.000000,0.000000,1.000000,1.000000
1782440927.487798,1042,0.000651,inf,STAND_TEST,0.000000,-0.003695,0.026457,-0.319431,0.000000,0.000000,0.000000,1.000000,1.000000
1782440927.507850,1043,0.000443,inf,STAND_TEST,0.000000,-0.003829,0.027647,-0.319477,0.000000,0.000000,0.000000,1.000000,1.000000
1782440927.527846,1044,0.000385,inf,STAND_TEST,0.000000,-0.003954,0.028650,-0.319540,0.000000,0.000000,0.000000,1.000000,1.000000
1782440927.548181,1045,0.000664,inf,STAND_TEST,0.000000,-0.004082,0.029698,-0.319561,0.000000,0.000000,0.000000,1.000000,1.000000
1782440927.568271,1046,0.000699,inf,STAND_TEST,0.000000,-0.004220,0.030789,-0.319546,0.000000,0.000000,0.000000,1.000000,1.000000
1782440927.588008,1047,0.000382,inf,STAND_TEST,0.000000,-0.004395,0.031946,-0.319574,0.000000,0.000000,0.000000,1.000000,1.000000
1782440927.608451,1048,0.000724,inf,STAND_TEST,0.000000,-0.004590,0.033055,-0.319609,0.000000,0.000000,0.000000,1.000000,1.000000
1782440927.628376,1049,0.000460,inf,STAND_TEST,0.000000,-0.004790,0.034212,-0.319556,0.000000,0.000000,0.000000,1.000000,1.000000
1782440927.648439,1050,0.000424,inf,STAND_TEST,0.000000,-0.004997,0.035305,-0.319664,0.000000,0.000000,0.000000,1.000000,1.000000
1782440927.668552,1051,0.000433,inf,STAND_TEST,0.000000,-0.005193,0.036259,-0.319678,0.000000,0.000000,0.000000,1.000000,1.000000
1782440927.688663,1052,0.000474,inf,STAND_TEST,0.000000,-0.005421,0.037249,-0.319696,0.000000,0.000000,0.000000,1.000000,1.000000
1782440927.708748,1053,0.000504,inf,STAND_TEST,0.000000,-0.005620,0.038069,-0.319759,0.000000,0.000000,0.000000,1.000000,1.000000
1782440927.728933,1054,0.000636,inf,STAND_TEST,0.000000,-0.005828,0.038933,-0.319819,0.000000,0.000000,0.000000,1.000000,1.000000
1782440927.748937,1055,0.000459,inf,STAND_TEST,0.000000,-0.006044,0.039646,-0.319884,0.000000,0.000000,0.000000,1.000000,1.000000
1782440927.769221,1056,0.000443,inf,STAND_TEST,0.000000,-0.006321,0.040391,-0.319926,0.000000,0.000000,0.000000,1.000000,1.000000
1782440927.789259,1057,0.000428,inf,STAND_TEST,0.000000,-0.006611,0.041036,-0.319961,0.000000,0.000000,0.000000,1.000000,1.000000
1782440927.809592,1058,0.000702,inf,STAND_TEST,0.000000,-0.006874,0.041626,-0.320054,0.000000,0.000000,0.000000,1.000000,1.000000
1782440927.829740,1059,0.000797,inf,STAND_TEST,0.000000,-0.007135,0.042113,-0.320152,0.000000,0.000000,0.000000,1.000000,1.000000
1782440927.849764,1060,0.000766,inf,STAND_TEST,0.000000,-0.007366,0.042584,-0.320214,0.000000,0.000000,0.000000,1.000000,1.000000
1782440927.869744,1061,0.000495,inf,STAND_TEST,0.000000,-0.007556,0.042981,-0.320256,0.000000,0.000000,0.000000,1.000000,1.000000
1782440927.889736,1062,0.000432,inf,STAND_TEST,0.000000,-0.007771,0.043309,-0.320295,0.000000,0.000000,0.000000,1.000000,1.000000
1782440927.909781,1063,0.000423,inf,STAND_TEST,0.000000,-0.007946,0.043516,-0.320336,0.000000,0.000000,0.000000,1.000000,1.000000
1782440927.929818,1064,0.000405,inf,STAND_TEST,0.000000,-0.008051,0.043642,-0.320318,0.000000,0.000000,0.000000,1.000000,1.000000
1782440927.949890,1065,0.000436,inf,STAND_TEST,0.000000,-0.008140,0.043719,-0.320335,0.000000,0.000000,0.000000,1.000000,1.000000
1782440927.969912,1066,0.000403,inf,STAND_TEST,0.000000,-0.008220,0.043741,-0.320354,0.000000,0.000000,0.000000,1.000000,1.000000
1782440927.990163,1067,0.000599,inf,STAND_TEST,0.000000,-0.008290,0.043731,-0.320307,0.000000,0.000000,0.000000,1.000000,1.000000
1782440928.010303,1068,0.000683,inf,STAND_TEST,0.000000,-0.008318,0.043613,-0.320330,0.000000,0.000000,0.000000,1.000000,1.000000
1782440928.030144,1069,0.000449,inf,STAND_TEST,0.000000,-0.008324,0.043556,-0.320306,0.000000,0.000000,0.000000,1.000000,1.000000
1782440928.050214,1070,0.000443,inf,STAND_TEST,0.000000,-0.008332,0.043390,-0.320314,0.000000,0.000000,0.000000,1.000000,1.000000
1782440928.070264,1071,0.000440,inf,STAND_TEST,0.000000,-0.008307,0.043211,-0.320304,0.000000,0.000000,0.000000,1.000000,1.000000
1782440928.090373,1072,0.000495,inf,STAND_TEST,0.000000,-0.008290,0.043058,-0.320315,0.000000,0.000000,0.000000,1.000000,1.000000
1782440928.110364,1073,0.000431,inf,STAND_TEST,0.000000,-0.008267,0.042858,-0.320320,0.000000,0.000000,0.000000,1.000000,1.000000
1782440928.130685,1074,0.000697,inf,STAND_TEST,0.000000,-0.008189,0.042682,-0.320329,0.000000,0.000000,0.000000,1.000000,1.000000
1782440928.150697,1075,0.000653,inf,STAND_TEST,0.000000,-0.008128,0.042475,-0.320313,0.000000,0.000000,0.000000,1.000000,1.000000
1782440928.170878,1076,0.000780,inf,STAND_TEST,0.000000,-0.008050,0.042222,-0.320328,0.000000,0.000000,0.000000,1.000000,1.000000
1782440928.190624,1077,0.000472,inf,STAND_TEST,0.000000,-0.007942,0.041999,-0.320324,0.000000,0.000000,0.000000,1.000000,1.000000
1782440928.210863,1078,0.000449,inf,STAND_TEST,0.000000,-0.007862,0.041792,-0.320314,0.000000,0.000000,0.000000,1.000000,1.000000
1782440928.230944,1079,0.000474,inf,STAND_TEST,0.000000,-0.007777,0.041567,-0.320361,0.000000,0.000000,0.000000,1.000000,1.000000
1782440928.251035,1080,0.000510,inf,STAND_TEST,0.000000,-0.007717,0.041377,-0.320383,0.000000,0.000000,0.000000,1.000000,1.000000
1782440928.271075,1081,0.000495,inf,STAND_TEST,0.000000,-0.007665,0.041169,-0.320369,0.000000,0.000000,0.000000,1.000000,1.000000
1782440928.291312,1082,0.000676,inf,STAND_TEST,0.000000,-0.007607,0.040963,-0.320417,0.000000,0.000000,0.000000,1.000000,1.000000
1782440928.311338,1083,0.000647,inf,STAND_TEST,0.000000,-0.007554,0.040765,-0.320395,0.000000,0.000000,0.000000,1.000000,1.000000
1782440928.331325,1084,0.000462,inf,STAND_TEST,0.000000,-0.007546,0.040598,-0.320402,0.000000,0.000000,0.000000,1.000000,1.000000
1782440928.351501,1085,0.000463,inf,STAND_TEST,0.000000,-0.007549,0.040467,-0.320387,0.000000,0.000000,0.000000,1.000000,1.000000
1782440928.371536,1086,0.000443,inf,STAND_TEST,0.000000,-0.007552,0.040407,-0.320388,0.000000,0.000000,0.000000,1.000000,1.000000
1782440928.392137,1087,0.000989,inf,STAND_TEST,0.000000,-0.007538,0.040378,-0.320390,0.000000,0.000000,0.000000,1.000000,1.000000
1782440928.411670,1088,0.000467,inf,STAND_TEST,0.000000,-0.007591,0.040326,-0.320354,0.000000,0.000000,0.000000,1.000000,1.000000
1782440928.432065,1089,0.000807,inf,STAND_TEST,0.000000,-0.007634,0.040344,-0.320384,0.000000,0.000000,0.000000,1.000000,1.000000
1782440928.452122,1090,0.000808,inf,STAND_TEST,0.000000,-0.007664,0.040368,-0.320436,0.000000,0.000000,0.000000,1.000000,1.000000
1782440928.471907,1091,0.000424,inf,STAND_TEST,0.000000,-0.007694,0.040411,-0.320518,0.000000,0.000000,0.000000,1.000000,1.000000
1782440928.492185,1092,0.000643,inf,STAND_TEST,0.000000,-0.007718,0.040487,-0.320542,0.000000,0.000000,0.000000,1.000000,1.000000
1782440928.512161,1093,0.000561,inf,STAND_TEST,0.000000,-0.007749,0.040575,-0.320509,0.000000,0.000000,0.000000,1.000000,1.000000
1782440928.532224,1094,0.000568,inf,STAND_TEST,0.000000,-0.007787,0.040669,-0.320490,0.000000,0.000000,0.000000,1.000000,1.000000
1782440928.552306,1095,0.000593,inf,STAND_TEST,0.000000,-0.007790,0.040732,-0.320513,0.000000,0.000000,0.000000,1.000000,1.000000
1782440928.572487,1096,0.000717,inf,STAND_TEST,0.000000,-0.007822,0.040806,-0.320488,0.000000,0.000000,0.000000,1.000000,1.000000
1782440928.592690,1097,0.000861,inf,STAND_TEST,0.000000,-0.007833,0.040921,-0.320495,0.000000,0.000000,0.000000,1.000000,1.000000
1782440928.612617,1098,0.000734,inf,STAND_TEST,0.000000,-0.007835,0.040983,-0.320508,0.000000,0.000000,0.000000,1.000000,1.000000
1782440928.632420,1099,0.000480,inf,STAND_TEST,0.000000,-0.007827,0.041045,-0.320523,0.000000,0.000000,0.000000,1.000000,1.000000
1782440928.652599,1100,0.000459,inf,STAND_TEST,0.000000,-0.007836,0.041076,-0.320559,0.000000,0.000000,0.000000,1.000000,1.000000
1782440928.672696,1101,0.000500,inf,STAND_TEST,0.000000,-0.007843,0.041128,-0.320599,0.000000,0.000000,0.000000,1.000000,1.000000
1782440928.692738,1102,0.000485,inf,STAND_TEST,0.000000,-0.007849,0.041118,-0.320591,0.000000,0.000000,0.000000,1.000000,1.000000
1782440928.712759,1103,0.000450,inf,STAND_TEST,0.000000,-0.007836,0.041111,-0.320616,0.000000,0.000000,0.000000,1.000000,1.000000
1782440928.732789,1104,0.000422,inf,STAND_TEST,0.000000,-0.007817,0.041056,-0.320644,0.000000,0.000000,0.000000,1.000000,1.000000
1782440928.753258,1105,0.000494,inf,STAND_TEST,0.000000,-0.007812,0.041053,-0.320642,0.000000,0.000000,0.000000,1.000000,1.000000
1782440928.773296,1106,0.000477,inf,STAND_TEST,0.000000,-0.007793,0.041012,-0.320622,0.000000,0.000000,0.000000,1.000000,1.000000
1782440928.793341,1107,0.000467,inf,STAND_TEST,0.000000,-0.007779,0.040935,-0.320580,0.000000,0.000000,0.000000,1.000000,1.000000
1782440928.813317,1108,0.000425,inf,STAND_TEST,0.000000,-0.007803,0.040854,-0.320613,0.000000,0.000000,0.000000,1.000000,1.000000
1782440928.833723,1109,0.000777,inf,STAND_TEST,0.000000,-0.007796,0.040791,-0.320624,0.000000,0.000000,0.000000,1.000000,1.000000
1782440928.853613,1110,0.000611,inf,STAND_TEST,0.000000,-0.007731,0.040751,-0.320649,0.000000,0.000000,0.000000,1.000000,1.000000
1782440928.873741,1111,0.000685,inf,STAND_TEST,0.000000,-0.007706,0.040734,-0.320683,0.000000,0.000000,0.000000,1.000000,1.000000
1782440928.893814,1112,0.000699,inf,STAND_TEST,0.000000,-0.007654,0.040706,-0.320675,0.000000,0.000000,0.000000,1.000000,1.000000
1782440928.913838,1113,0.000669,inf,STAND_TEST,0.000000,-0.007650,0.040677,-0.320724,0.000000,0.000000,0.000000,1.000000,1.000000
1782440928.933659,1114,0.000430,inf,STAND_TEST,0.000000,-0.007629,0.040609,-0.320761,0.000000,0.000000,0.000000,1.000000,1.000000
1782440928.953706,1115,0.000420,inf,STAND_TEST,0.000000,-0.007631,0.040570,-0.320761,0.000000,0.000000,0.000000,1.000000,1.000000
1782440928.973785,1116,0.000445,inf,STAND_TEST,0.000000,-0.007611,0.040548,-0.320727,0.000000,0.000000,0.000000,1.000000,1.000000
1782440928.993884,1117,0.000428,inf,STAND_TEST,0.000000,-0.007609,0.040497,-0.320673,0.000000,0.000000,0.000000,1.000000,1.000000
1782440929.013941,1118,0.000431,inf,STAND_TEST,0.000000,-0.007595,0.040458,-0.320681,0.000000,0.000000,0.000000,1.000000,1.000000
1782440929.034428,1119,0.000798,inf,STAND_TEST,0.000000,-0.007576,0.040467,-0.320699,0.000000,0.000000,0.000000,1.000000,1.000000
1782440929.054394,1120,0.000660,inf,STAND_TEST,0.000000,-0.007552,0.040480,-0.320737,0.000000,0.000000,0.000000,1.000000,1.000000
1782440929.074350,1121,0.000423,inf,STAND_TEST,0.000000,-0.007580,0.040524,-0.320774,0.000000,0.000000,0.000000,1.000000,1.000000
1782440929.094455,1122,0.000428,inf,STAND_TEST,0.000000,-0.007601,0.040579,-0.320829,0.000000,0.000000,0.000000,1.000000,1.000000
1782440929.114582,1123,0.000421,inf,STAND_TEST,0.000000,-0.007588,0.040627,-0.320859,0.000000,0.000000,0.000000,1.000000,1.000000
1782440929.134641,1124,0.000425,inf,STAND_TEST,0.000000,-0.007580,0.040668,-0.320851,0.000000,0.000000,0.000000,1.000000,1.000000
1782440929.155051,1125,0.000781,inf,STAND_TEST,0.000000,-0.007613,0.040710,-0.320889,0.000000,0.000000,0.000000,1.000000,1.000000
1782440929.175029,1126,0.000704,inf,STAND_TEST,0.000000,-0.007608,0.040767,-0.320899,0.000000,0.000000,0.000000,1.000000,1.000000
1782440929.194897,1127,0.000380,inf,STAND_TEST,0.000000,-0.007621,0.040759,-0.320890,0.000000,0.000000,0.000000,1.000000,1.000000
1782440929.215062,1128,0.000437,inf,STAND_TEST,0.000000,-0.007661,0.040750,-0.320921,0.000000,0.000000,0.000000,1.000000,1.000000
1782440929.235146,1129,0.000420,inf,STAND_TEST,0.000000,-0.007676,0.040768,-0.320900,0.000000,0.000000,0.000000,1.000000,1.000000
1782440929.255262,1130,0.000429,inf,STAND_TEST,0.000000,-0.007701,0.040740,-0.320947,0.000000,0.000000,0.000000,1.000000,1.000000
1782440929.275594,1131,0.000704,inf,STAND_TEST,0.000000,-0.007712,0.040720,-0.320951,0.000000,0.000000,0.000000,1.000000,1.000000
1782440929.295692,1132,0.000695,inf,STAND_TEST,0.000000,-0.007706,0.040680,-0.320982,0.000000,0.000000,0.000000,1.000000,1.000000
1782440929.315534,1133,0.000418,inf,STAND_TEST,0.000000,-0.007688,0.040700,-0.320930,0.000000,0.000000,0.000000,1.000000,1.000000
1782440929.335642,1134,0.000422,inf,STAND_TEST,0.000000,-0.007713,0.040668,-0.320949,0.000000,0.000000,0.000000,1.000000,1.000000
1782440929.355705,1135,0.000428,inf,STAND_TEST,0.000000,-0.007714,0.040684,-0.320994,0.000000,0.000000,0.000000,1.000000,1.000000
1782440929.375993,1136,0.000660,inf,STAND_TEST,0.000000,-0.007680,0.040674,-0.320982,0.000000,0.000000,0.000000,1.000000,1.000000
1782440929.396052,1137,0.000663,inf,STAND_TEST,0.000000,-0.007660,0.040728,-0.321041,0.000000,0.000000,0.000000,1.000000,1.000000
1782440929.416076,1138,0.000633,inf,STAND_TEST,0.000000,-0.007648,0.040676,-0.321035,0.000000,0.000000,0.000000,1.000000,1.000000
1782440929.436147,1139,0.000649,inf,STAND_TEST,0.000000,-0.007659,0.040679,-0.321050,0.000000,0.000000,0.000000,1.000000,1.000000
1782440929.455997,1140,0.000443,inf,STAND_TEST,0.000000,-0.007646,0.040645,-0.321031,0.000000,0.000000,0.000000,1.000000,1.000000
1782440929.476536,1141,0.000755,inf,STAND_TEST,0.000000,-0.007629,0.040597,-0.321027,0.000000,0.000000,0.000000,1.000000,1.000000
1782440929.496560,1142,0.000721,inf,STAND_TEST,0.000000,-0.007619,0.040584,-0.321063,0.000000,0.000000,0.000000,1.000000,1.000000
1782440929.516549,1143,0.000654,inf,STAND_TEST,0.000000,-0.007600,0.040597,-0.321140,0.000000,0.000000,0.000000,1.000000,1.000000
1782440929.536890,1144,0.000938,inf,STAND_TEST,0.000000,-0.007605,0.040551,-0.321124,0.000000,0.000000,0.000000,1.000000,1.000000
1782440929.556777,1145,0.000748,inf,STAND_TEST,0.000000,-0.007590,0.040564,-0.321113,0.000000,0.000000,0.000000,1.000000,1.000000
1782440929.576807,1146,0.000721,inf,STAND_TEST,0.000000,-0.007573,0.040570,-0.321087,0.000000,0.000000,0.000000,1.000000,1.000000
1782440929.596829,1147,0.000436,inf,STAND_TEST,0.000000,-0.007567,0.040580,-0.321062,0.000000,0.000000,0.000000,1.000000,1.000000
1782440929.616924,1148,0.000427,inf,STAND_TEST,0.000000,-0.007556,0.040570,-0.321110,0.000000,0.000000,0.000000,1.000000,1.000000
1782440929.637043,1149,0.000446,inf,STAND_TEST,0.000000,-0.007582,0.040584,-0.321123,0.000000,0.000000,0.000000,1.000000,1.000000
1782440929.657400,1150,0.000700,inf,STAND_TEST,0.000000,-0.007618,0.040578,-0.321089,0.000000,0.000000,0.000000,1.000000,1.000000
1782440929.677524,1151,0.000719,inf,STAND_TEST,0.000000,-0.007616,0.040636,-0.321066,0.000000,0.000000,0.000000,1.000000,1.000000
1782440929.697723,1152,0.000441,inf,STAND_TEST,0.000000,-0.007604,0.040670,-0.321088,0.000000,0.000000,0.000000,1.000000,1.000000
1782440929.717818,1153,0.000433,inf,STAND_TEST,0.000000,-0.007611,0.040702,-0.321124,0.000000,0.000000,0.000000,1.000000,1.000000
1782440929.738229,1154,0.000790,inf,STAND_TEST,0.000000,-0.007639,0.040743,-0.321104,0.000000,0.000000,0.000000,1.000000,1.000000
1782440929.758228,1155,0.000668,inf,STAND_TEST,0.000000,-0.007640,0.040757,-0.321107,0.000000,0.000000,0.000000,1.000000,1.000000
1782440929.778377,1156,0.000763,inf,STAND_TEST,0.000000,-0.007641,0.040774,-0.321106,0.000000,0.000000,0.000000,1.000000,1.000000
1782440929.798300,1157,0.000437,inf,STAND_TEST,0.000000,-0.007638,0.040808,-0.321058,0.000000,0.000000,0.000000,1.000000,1.000000
1782440929.818400,1158,0.000480,inf,STAND_TEST,0.000000,-0.007634,0.040761,-0.321064,0.000000,0.000000,0.000000,1.000000,1.000000
1782440929.838444,1159,0.000467,inf,STAND_TEST,0.000000,-0.007625,0.040722,-0.321054,0.000000,0.000000,0.000000,1.000000,1.000000
1782440929.858486,1160,0.000453,inf,STAND_TEST,0.000000,-0.007642,0.040690,-0.321048,0.000000,0.000000,0.000000,1.000000,1.000000
1782440929.878739,1161,0.000651,inf,STAND_TEST,0.000000,-0.007638,0.040743,-0.321087,0.000000,0.000000,0.000000,1.000000,1.000000
1782440929.898833,1162,0.000473,inf,STAND_TEST,0.000000,-0.007638,0.040748,-0.321081,0.000000,0.000000,0.000000,1.000000,1.000000
1782440929.918866,1163,0.000450,inf,STAND_TEST,0.000000,-0.007649,0.040718,-0.321076,0.000000,0.000000,0.000000,1.000000,1.000000
1782440929.938878,1164,0.000408,inf,STAND_TEST,0.000000,-0.007650,0.040675,-0.321045,0.000000,0.000000,0.000000,1.000000,1.000000
1782440929.958991,1165,0.000465,inf,STAND_TEST,0.000000,-0.007640,0.040655,-0.321048,0.000000,0.000000,0.000000,1.000000,1.000000
1782440929.979050,1166,0.000470,inf,STAND_TEST,0.000000,-0.007644,0.040647,-0.321049,0.000000,0.000000,0.000000,1.000000,1.000000
1782440929.999400,1167,0.000766,inf,STAND_TEST,0.000000,-0.007635,0.040668,-0.321085,0.000000,0.000000,0.000000,1.000000,1.000000
1782440930.019152,1168,0.000463,inf,STAND_TEST,0.000000,-0.007634,0.040624,-0.321079,0.000000,0.000000,0.000000,1.000000,1.000000
1782440930.039501,1169,0.000758,inf,STAND_TEST,0.000000,-0.007596,0.040666,-0.321079,0.000000,0.000000,0.000000,1.000000,1.000000
1782440930.059562,1170,0.000443,inf,STAND_TEST,0.000000,-0.007601,0.040648,-0.321060,0.000000,0.000000,0.000000,1.000000,1.000000
1782440930.079582,1171,0.000409,inf,STAND_TEST,0.000000,-0.007613,0.040667,-0.321063,0.000000,0.000000,0.000000,1.000000,1.000000
1782440930.099681,1172,0.000452,inf,STAND_TEST,0.000000,-0.007590,0.040704,-0.321019,0.000000,0.000000,0.000000,1.000000,1.000000
1782440930.119759,1173,0.000475,inf,STAND_TEST,0.000000,-0.007578,0.040714,-0.321069,0.000000,0.000000,0.000000,1.000000,1.000000
1782440930.139969,1174,0.000631,inf,STAND_TEST,0.000000,-0.007546,0.040704,-0.321063,0.000000,0.000000,0.000000,1.000000,1.000000
1782440930.160096,1175,0.000703,inf,STAND_TEST,0.000000,-0.007540,0.040693,-0.321070,0.000000,0.000000,0.000000,1.000000,1.000000
1782440930.180342,1176,0.000720,inf,STAND_TEST,0.000000,-0.007532,0.040696,-0.321015,0.000000,0.000000,0.000000,1.000000,1.000000
1782440930.200397,1177,0.000717,inf,STAND_TEST,0.000000,-0.007505,0.040747,-0.320997,0.000000,0.000000,0.000000,1.000000,1.000000
1782440930.220758,1178,0.001017,inf,STAND_TEST,0.000000,-0.007506,0.040777,-0.320974,0.000000,0.000000,0.000000,1.000000,1.000000
1782440930.240258,1179,0.000501,inf,STAND_TEST,0.000000,-0.007522,0.040751,-0.320947,0.000000,0.000000,0.000000,1.000000,1.000000
1782440930.260242,1180,0.000430,inf,STAND_TEST,0.000000,-0.007525,0.040742,-0.320970,0.000000,0.000000,0.000000,1.000000,1.000000
1782440930.280255,1181,0.000388,inf,STAND_TEST,0.000000,-0.007519,0.040758,-0.320979,0.000000,0.000000,0.000000,1.000000,1.000000
1782440930.300571,1182,0.000650,inf,STAND_TEST,0.000000,-0.007537,0.040799,-0.320999,0.000000,0.000000,0.000000,1.000000,1.000000
1782440930.320630,1183,0.000655,inf,STAND_TEST,0.000000,-0.007541,0.040774,-0.320956,0.000000,0.000000,0.000000,1.000000,1.000000
1782440930.340634,1184,0.000424,inf,STAND_TEST,0.000000,-0.007543,0.040817,-0.320951,0.000000,0.000000,0.000000,1.000000,1.000000
1782440930.360713,1185,0.000448,inf,STAND_TEST,0.000000,-0.007526,0.040858,-0.320955,0.000000,0.000000,0.000000,1.000000,1.000000
1782440930.380749,1186,0.000430,inf,STAND_TEST,0.000000,-0.007533,0.040889,-0.321002,0.000000,0.000000,0.000000,1.000000,1.000000
1782440930.400905,1187,0.000529,inf,STAND_TEST,0.000000,-0.007545,0.040889,-0.320995,0.000000,0.000000,0.000000,1.000000,1.000000
1782440930.420875,1188,0.000444,inf,STAND_TEST,0.000000,-0.007538,0.040874,-0.321017,0.000000,0.000000,0.000000,1.000000,1.000000
1782440930.441139,1189,0.000654,inf,STAND_TEST,0.000000,-0.007523,0.040916,-0.321061,0.000000,0.000000,0.000000,1.000000,1.000000
1782440930.460988,1190,0.000447,inf,STAND_TEST,0.000000,-0.007538,0.040925,-0.321066,0.000000,0.000000,0.000000,1.000000,1.000000
1782440930.481243,1191,0.000648,inf,STAND_TEST,0.000000,-0.007505,0.040859,-0.321043,0.000000,0.000000,0.000000,1.000000,1.000000
1782440930.501345,1192,0.000695,inf,STAND_TEST,0.000000,-0.007540,0.040870,-0.321059,0.000000,0.000000,0.000000,1.000000,1.000000
1782440930.521269,1193,0.000560,inf,STAND_TEST,0.000000,-0.007539,0.040854,-0.321090,0.000000,0.000000,0.000000,1.000000,1.000000
1782440930.541280,1194,0.000514,inf,STAND_TEST,0.000000,-0.007517,0.040858,-0.321098,0.000000,0.000000,0.000000,1.000000,1.000000
1782440930.561304,1195,0.000484,inf,STAND_TEST,0.000000,-0.007489,0.040839,-0.321105,0.000000,0.000000,0.000000,1.000000,1.000000
1782440930.581323,1196,0.000449,inf,STAND_TEST,0.000000,-0.007495,0.040775,-0.321124,0.000000,0.000000,0.000000,1.000000,1.000000
1782440930.601492,1197,0.000508,inf,STAND_TEST,0.000000,-0.007502,0.040735,-0.321157,0.000000,0.000000,0.000000,1.000000,1.000000
1782440930.621758,1198,0.000716,inf,STAND_TEST,0.000000,-0.007469,0.040694,-0.321187,0.000000,0.000000,0.000000,1.000000,1.000000
1782440930.641665,1199,0.000453,inf,STAND_TEST,0.000000,-0.007459,0.040632,-0.321202,0.000000,0.000000,0.000000,1.000000,1.000000
1782440930.661751,1200,0.000432,inf,STAND_TEST,0.000000,-0.007449,0.040555,-0.321207,0.000000,0.000000,0.000000,1.000000,1.000000
1782440930.681868,1201,0.000440,inf,STAND_TEST,0.000000,-0.007439,0.040540,-0.321209,0.000000,0.000000,0.000000,1.000000,1.000000
1782440930.701985,1202,0.000462,inf,STAND_TEST,0.000000,-0.007437,0.040501,-0.321223,0.000000,0.000000,0.000000,1.000000,1.000000
1782440930.722007,1203,0.000429,inf,STAND_TEST,0.000000,-0.007420,0.040480,-0.321230,0.000000,0.000000,0.000000,1.000000,1.000000
1782440930.742694,1204,0.001054,inf,STAND_TEST,0.000000,-0.007413,0.040455,-0.321218,0.000000,0.000000,0.000000,1.000000,1.000000
1782440930.762583,1205,0.000887,inf,STAND_TEST,0.000000,-0.007430,0.040454,-0.321194,0.000000,0.000000,0.000000,1.000000,1.000000
1782440930.782795,1206,0.001041,inf,STAND_TEST,0.000000,-0.007432,0.040449,-0.321201,0.000000,0.000000,0.000000,1.000000,1.000000
1782440930.802670,1207,0.000684,inf,STAND_TEST,0.000000,-0.007448,0.040447,-0.321209,0.000000,0.000000,0.000000,1.000000,1.000000
1782440930.822733,1208,0.000689,inf,STAND_TEST,0.000000,-0.007452,0.040422,-0.321185,0.000000,0.000000,0.000000,1.000000,1.000000
1782440930.842999,1209,0.000896,inf,STAND_TEST,0.000000,-0.007454,0.040455,-0.321179,0.000000,0.000000,0.000000,1.000000,1.000000
1782440930.863072,1210,0.000911,inf,STAND_TEST,0.000000,-0.007448,0.040505,-0.321161,0.000000,0.000000,0.000000,1.000000,1.000000
1782440930.883174,1211,0.000958,inf,STAND_TEST,0.000000,-0.007480,0.040546,-0.321148,0.000000,0.000000,0.000000,1.000000,1.000000
1782440930.903149,1212,0.000876,inf,STAND_TEST,0.000000,-0.007476,0.040582,-0.321148,0.000000,0.000000,0.000000,1.000000,1.000000
1782440930.923206,1213,0.000877,inf,STAND_TEST,0.000000,-0.007519,0.040664,-0.321173,0.000000,0.000000,0.000000,1.000000,1.000000
1782440930.943142,1214,0.000659,inf,STAND_TEST,0.000000,-0.007521,0.040699,-0.321195,0.000000,0.000000,0.000000,1.000000,1.000000
1782440930.963013,1215,0.000458,inf,STAND_TEST,0.000000,-0.007541,0.040677,-0.321159,0.000000,0.000000,0.000000,1.000000,1.000000
1782440930.983048,1216,0.000437,inf,STAND_TEST,0.000000,-0.007539,0.040693,-0.321146,0.000000,0.000000,0.000000,1.000000,1.000000
1782440931.003078,1217,0.000408,inf,STAND_TEST,0.000000,-0.007553,0.040705,-0.321175,0.000000,0.000000,0.000000,1.000000,1.000000
1782440931.023178,1218,0.000453,inf,STAND_TEST,0.000000,-0.007561,0.040696,-0.321196,0.000000,0.000000,0.000000,1.000000,1.000000
1782440931.043254,1219,0.000415,inf,STAND_TEST,0.000000,-0.007557,0.040679,-0.321199,0.000000,0.000000,0.000000,1.000000,1.000000
1782440931.063693,1220,0.000416,inf,STAND_TEST,0.000000,-0.007599,0.040629,-0.321188,0.000000,0.000000,0.000000,1.000000,1.000000
1782440931.083804,1221,0.000423,inf,STAND_TEST,0.000000,-0.007581,0.040636,-0.321205,0.000000,0.000000,0.000000,1.000000,1.000000
1782440931.103941,1222,0.000452,inf,STAND_TEST,0.000000,-0.007570,0.040645,-0.321195,0.000000,0.000000,0.000000,1.000000,1.000000
1782440931.124223,1223,0.000676,inf,STAND_TEST,0.000000,-0.007565,0.040613,-0.321213,0.000000,0.000000,0.000000,1.000000,1.000000
1782440931.144601,1224,0.000965,inf,STAND_TEST,0.000000,-0.007568,0.040600,-0.321259,0.000000,0.000000,0.000000,1.000000,1.000000
1782440931.164562,1225,0.000700,inf,STAND_TEST,0.000000,-0.007547,0.040609,-0.321284,0.000000,0.000000,0.000000,1.000000,1.000000
1782440931.184661,1226,0.000689,inf,STAND_TEST,0.000000,-0.007546,0.040564,-0.321306,0.000000,0.000000,0.000000,1.000000,1.000000
1782440931.204762,1227,0.000690,inf,STAND_TEST,0.000000,-0.007557,0.040545,-0.321287,0.000000,0.000000,0.000000,1.000000,1.000000
1782440931.225328,1228,0.001159,inf,STAND_TEST,0.000000,-0.007517,0.040532,-0.321317,0.000000,0.000000,0.000000,1.000000,1.000000
1782440931.245163,1229,0.000938,inf,STAND_TEST,0.000000,-0.007529,0.040560,-0.321335,0.000000,0.000000,0.000000,1.000000,1.000000
1782440931.265254,1230,0.000929,inf,STAND_TEST,0.000000,-0.007542,0.040539,-0.321343,0.000000,0.000000,0.000000,1.000000,1.000000
1782440931.285185,1231,0.000705,inf,STAND_TEST,0.000000,-0.007522,0.040591,-0.321333,0.000000,0.000000,0.000000,1.000000,1.000000
1782440931.305261,1232,0.000683,inf,STAND_TEST,0.000000,-0.007539,0.040590,-0.321336,0.000000,0.000000,0.000000,1.000000,1.000000
1782440931.325622,1233,0.000949,inf,STAND_TEST,0.000000,-0.007515,0.040609,-0.321307,0.000000,0.000000,0.000000,1.000000,1.000000
1782440931.345821,1234,0.001053,inf,STAND_TEST,0.000000,-0.007529,0.040639,-0.321319,0.000000,0.000000,0.000000,1.000000,1.000000
1782440931.365654,1235,0.000830,inf,STAND_TEST,0.000000,-0.007536,0.040653,-0.321308,0.000000,0.000000,0.000000,1.000000,1.000000
1782440931.385618,1236,0.000739,inf,STAND_TEST,0.000000,-0.007540,0.040643,-0.321300,0.000000,0.000000,0.000000,1.000000,1.000000
1782440931.405668,1237,0.000736,inf,STAND_TEST,0.000000,-0.007556,0.040645,-0.321258,0.000000,0.000000,0.000000,1.000000,1.000000
1782440931.425900,1238,0.000787,inf,STAND_TEST,0.000000,-0.007552,0.040643,-0.321248,0.000000,0.000000,0.000000,1.000000,1.000000
1782440931.445735,1239,0.000565,inf,STAND_TEST,0.000000,-0.007604,0.040636,-0.321240,0.000000,0.000000,0.000000,1.000000,1.000000
1782440931.465705,1240,0.000481,inf,STAND_TEST,0.000000,-0.007621,0.040639,-0.321228,0.000000,0.000000,0.000000,1.000000,1.000000
1782440931.485691,1241,0.000413,inf,STAND_TEST,0.000000,-0.007633,0.040596,-0.321205,0.000000,0.000000,0.000000,1.000000,1.000000
1782440931.505777,1242,0.000445,inf,STAND_TEST,0.000000,-0.007608,0.040635,-0.321154,0.000000,0.000000,0.000000,1.000000,1.000000
1782440931.525777,1243,0.000391,inf,STAND_TEST,0.000000,-0.007596,0.040624,-0.321172,0.000000,0.000000,0.000000,1.000000,1.000000
1782440931.546104,1244,0.000508,inf,STAND_TEST,0.000000,-0.007564,0.040638,-0.321149,0.000000,0.000000,0.000000,1.000000,1.000000
1782440931.566115,1245,0.000465,inf,STAND_TEST,0.000000,-0.007534,0.040627,-0.321171,0.000000,0.000000,0.000000,1.000000,1.000000
1782440931.586096,1246,0.000392,inf,STAND_TEST,0.000000,-0.007522,0.040619,-0.321179,0.000000,0.000000,0.000000,1.000000,1.000000
1782440931.606197,1247,0.000439,inf,STAND_TEST,0.000000,-0.007520,0.040589,-0.321200,0.000000,0.000000,0.000000,1.000000,1.000000
1782440931.626265,1248,0.000452,inf,STAND_TEST,0.000000,-0.007524,0.040554,-0.321209,0.000000,0.000000,0.000000,1.000000,1.000000
1782440931.646504,1249,0.000637,inf,STAND_TEST,0.000000,-0.007512,0.040519,-0.321190,0.000000,0.000000,0.000000,1.000000,1.000000
1782440931.666571,1250,0.000650,inf,STAND_TEST,0.000000,-0.007509,0.040475,-0.321150,0.000000,0.000000,0.000000,1.000000,1.000000
1782440931.686617,1251,0.000641,inf,STAND_TEST,0.000000,-0.007507,0.040417,-0.321170,0.000000,0.000000,0.000000,1.000000,1.000000
1782440931.706686,1252,0.000656,inf,STAND_TEST,0.000000,-0.007477,0.040404,-0.321150,0.000000,0.000000,0.000000,1.000000,1.000000
1782440931.726664,1253,0.000393,inf,STAND_TEST,0.000000,-0.007467,0.040454,-0.321150,0.000000,0.000000,0.000000,1.000000,1.000000
1782440931.746838,1254,0.000503,inf,STAND_TEST,0.000000,-0.007457,0.040459,-0.321151,0.000000,0.000000,0.000000,1.000000,1.000000
1782440931.766881,1255,0.000489,inf,STAND_TEST,0.000000,-0.007465,0.040464,-0.321160,0.000000,0.000000,0.000000,1.000000,1.000000
1782440931.786878,1256,0.000431,inf,STAND_TEST,0.000000,-0.007465,0.040497,-0.321173,0.000000,0.000000,0.000000,1.000000,1.000000
1782440931.807294,1257,0.000792,inf,STAND_TEST,0.000000,-0.007459,0.040496,-0.321172,0.000000,0.000000,0.000000,1.000000,1.000000
1782440931.827206,1258,0.000649,inf,STAND_TEST,0.000000,-0.007444,0.040507,-0.321158,0.000000,0.000000,0.000000,1.000000,1.000000
1782440931.847264,1259,0.000478,inf,STAND_TEST,0.000000,-0.007449,0.040501,-0.321152,0.000000,0.000000,0.000000,1.000000,1.000000
1782440931.867271,1260,0.000432,inf,STAND_TEST,0.000000,-0.007441,0.040542,-0.321149,0.000000,0.000000,0.000000,1.000000,1.000000
1782440931.887311,1261,0.000417,inf,STAND_TEST,0.000000,-0.007443,0.040572,-0.321159,0.000000,0.000000,0.000000,1.000000,1.000000
1782440931.907386,1262,0.000439,inf,STAND_TEST,0.000000,-0.007449,0.040615,-0.321208,0.000000,0.000000,0.000000,1.000000,1.000000
1782440931.927414,1263,0.000414,inf,STAND_TEST,0.000000,-0.007461,0.040616,-0.321207,0.000000,0.000000,0.000000,1.000000,1.000000
1782440931.947478,1264,0.000423,inf,STAND_TEST,0.000000,-0.007479,0.040633,-0.321216,0.000000,0.000000,0.000000,1.000000,1.000000
1782440931.967745,1265,0.000637,inf,STAND_TEST,0.000000,-0.007489,0.040633,-0.321229,0.000000,0.000000,0.000000,1.000000,1.000000
1782440931.987774,1266,0.000611,inf,STAND_TEST,0.000000,-0.007496,0.040631,-0.321223,0.000000,0.000000,0.000000,1.000000,1.000000
1782440932.007808,1267,0.000591,inf,STAND_TEST,0.000000,-0.007521,0.040650,-0.321265,0.000000,0.000000,0.000000,1.000000,1.000000
1782440932.027748,1268,0.000405,inf,STAND_TEST,0.000000,-0.007504,0.040630,-0.321234,0.000000,0.000000,0.000000,1.000000,1.000000
1782440932.047812,1269,0.000414,inf,STAND_TEST,0.000000,-0.007502,0.040616,-0.321205,0.000000,0.000000,0.000000,1.000000,1.000000
1782440932.067846,1270,0.000396,inf,STAND_TEST,0.000000,-0.007496,0.040573,-0.321180,0.000000,0.000000,0.000000,1.000000,1.000000
1782440932.087920,1271,0.000416,inf,STAND_TEST,0.000000,-0.007489,0.040464,-0.321163,0.000000,0.000000,0.000000,1.000000,1.000000
1782440932.108027,1272,0.000469,inf,STAND_TEST,0.000000,-0.007457,0.040305,-0.321159,0.000000,0.000000,0.000000,1.000000,1.000000
1782440932.128305,1273,0.000692,inf,STAND_TEST,0.000000,-0.007426,0.040038,-0.321170,0.000000,0.000000,0.000000,1.000000,1.000000
1782440932.148319,1274,0.000651,inf,STAND_TEST,0.000000,-0.007357,0.039681,-0.321174,0.000000,0.000000,0.000000,1.000000,1.000000
1782440932.168388,1275,0.000666,inf,STAND_TEST,0.000000,-0.007263,0.039362,-0.321163,0.000000,0.000000,0.000000,1.000000,1.000000
1782440932.188428,1276,0.000651,inf,STAND_TEST,0.000000,-0.007167,0.039011,-0.321156,0.000000,0.000000,0.000000,1.000000,1.000000
1782440932.208482,1277,0.000414,inf,STAND_TEST,0.000000,-0.007070,0.038610,-0.321152,0.000000,0.000000,0.000000,1.000000,1.000000
1782440932.228618,1278,0.000497,inf,STAND_TEST,0.000000,-0.006944,0.038163,-0.321106,0.000000,0.000000,0.000000,1.000000,1.000000
1782440932.248609,1279,0.000433,inf,STAND_TEST,0.000000,-0.006856,0.037732,-0.321097,0.000000,0.000000,0.000000,1.000000,1.000000
1782440932.268852,1280,0.000623,inf,STAND_TEST,0.000000,-0.006782,0.037165,-0.321052,0.000000,0.000000,0.000000,1.000000,1.000000
1782440932.288901,1281,0.000618,inf,STAND_TEST,0.000000,-0.006692,0.036585,-0.321032,0.000000,0.000000,0.000000,1.000000,1.000000
1782440932.309008,1282,0.000671,inf,STAND_TEST,0.000000,-0.006616,0.036031,-0.320996,0.000000,0.000000,0.000000,1.000000,1.000000
1782440932.328859,1283,0.000425,inf,STAND_TEST,0.000000,-0.006548,0.035496,-0.320978,0.000000,0.000000,0.000000,1.000000,1.000000
1782440932.349036,1284,0.000438,inf,STAND_TEST,0.000000,-0.006511,0.034958,-0.320969,0.000000,0.000000,0.000000,1.000000,1.000000
1782440932.369102,1285,0.000449,inf,STAND_TEST,0.000000,-0.006457,0.034419,-0.320929,0.000000,0.000000,0.000000,1.000000,1.000000
1782440932.389125,1286,0.000419,inf,STAND_TEST,0.000000,-0.006446,0.033946,-0.320851,0.000000,0.000000,0.000000,1.000000,1.000000
1782440932.409566,1287,0.000805,inf,STAND_TEST,0.000000,-0.006407,0.033500,-0.320814,0.000000,0.000000,0.000000,1.000000,1.000000
1782440932.429524,1288,0.000708,inf,STAND_TEST,0.000000,-0.006395,0.033142,-0.320793,0.000000,0.000000,0.000000,1.000000,1.000000
1782440932.449779,1289,0.000954,inf,STAND_TEST,0.000000,-0.006393,0.032820,-0.320748,0.000000,0.000000,0.000000,1.000000,1.000000
1782440932.469675,1290,0.000611,inf,STAND_TEST,0.000000,-0.006381,0.032564,-0.320703,0.000000,0.000000,0.000000,1.000000,1.000000
1782440932.489602,1291,0.000483,inf,STAND_TEST,0.000000,-0.006368,0.032397,-0.320700,0.000000,0.000000,0.000000,1.000000,1.000000
1782440932.509652,1292,0.000477,inf,STAND_TEST,0.000000,-0.006371,0.032297,-0.320673,0.000000,0.000000,0.000000,1.000000,1.000000
1782440932.529855,1293,0.000621,inf,STAND_TEST,0.000000,-0.006373,0.032285,-0.320679,0.000000,0.000000,0.000000,1.000000,1.000000
1782440932.550023,1294,0.000735,inf,STAND_TEST,0.000000,-0.006386,0.032294,-0.320694,0.000000,0.000000,0.000000,1.000000,1.000000
1782440932.569787,1295,0.000444,inf,STAND_TEST,0.000000,-0.006393,0.032385,-0.320692,0.000000,0.000000,0.000000,1.000000,1.000000
1782440932.590036,1296,0.000639,inf,STAND_TEST,0.000000,-0.006429,0.032520,-0.320703,0.000000,0.000000,0.000000,1.000000,1.000000
1782440932.610268,1297,0.000814,inf,STAND_TEST,0.000000,-0.006449,0.032736,-0.320748,0.000000,0.000000,0.000000,1.000000,1.000000
1782440932.630153,1298,0.000450,inf,STAND_TEST,0.000000,-0.006496,0.032913,-0.320762,0.000000,0.000000,0.000000,1.000000,1.000000
1782440932.650218,1299,0.000460,inf,STAND_TEST,0.000000,-0.006508,0.033212,-0.320761,0.000000,0.000000,0.000000,1.000000,1.000000
1782440932.670249,1300,0.000438,inf,STAND_TEST,0.000000,-0.006547,0.033453,-0.320785,0.000000,0.000000,0.000000,1.000000,1.000000
1782440932.690297,1301,0.000433,inf,STAND_TEST,0.000000,-0.006585,0.033674,-0.320772,0.000000,0.000000,0.000000,1.000000,1.000000
1782440932.710347,1302,0.000429,inf,STAND_TEST,0.000000,-0.006599,0.033926,-0.320765,0.000000,0.000000,0.000000,1.000000,1.000000
1782440932.730536,1303,0.000408,inf,STAND_TEST,0.000000,-0.006634,0.034168,-0.320791,0.000000,0.000000,0.000000,1.000000,1.000000
1782440932.750940,1304,0.000491,inf,STAND_TEST,0.000000,-0.006726,0.034399,-0.320858,0.000000,0.000000,0.000000,1.000000,1.000000
1782440932.770918,1305,0.000415,inf,STAND_TEST,0.000000,-0.006794,0.034565,-0.320907,0.000000,0.000000,0.000000,1.000000,1.000000
1782440932.790973,1306,0.000417,inf,STAND_TEST,0.000000,-0.006844,0.034751,-0.320915,0.000000,0.000000,0.000000,1.000000,1.000000
1782440932.811063,1307,0.000451,inf,STAND_TEST,0.000000,-0.006893,0.034874,-0.320916,0.000000,0.000000,0.000000,1.000000,1.000000
1782440932.831341,1308,0.000676,inf,STAND_TEST,0.000000,-0.006920,0.034989,-0.320907,0.000000,0.000000,0.000000,1.000000,1.000000
1782440932.851378,1309,0.000438,inf,STAND_TEST,0.000000,-0.006933,0.035045,-0.320890,0.000000,0.000000,0.000000,1.000000,1.000000
1782440932.871442,1310,0.000448,inf,STAND_TEST,0.000000,-0.006917,0.035073,-0.320840,0.000000,0.000000,0.000000,1.000000,1.000000
1782440932.891482,1311,0.000433,inf,STAND_TEST,0.000000,-0.006909,0.035140,-0.320874,0.000000,0.000000,0.000000,1.000000,1.000000
1782440932.911519,1312,0.000417,inf,STAND_TEST,0.000000,-0.006904,0.035130,-0.320892,0.000000,0.000000,0.000000,1.000000,1.000000
1782440932.931554,1313,0.000398,inf,STAND_TEST,0.000000,-0.006900,0.035095,-0.320869,0.000000,0.000000,0.000000,1.000000,1.000000
1782440932.951874,1314,0.000665,inf,STAND_TEST,0.000000,-0.006863,0.035012,-0.320899,0.000000,0.000000,0.000000,1.000000,1.000000
1782440932.972001,1315,0.000738,inf,STAND_TEST,0.000000,-0.006874,0.034937,-0.320908,0.000000,0.000000,0.000000,1.000000,1.000000
1782440932.991917,1316,0.000602,inf,STAND_TEST,0.000000,-0.006853,0.034867,-0.320928,0.000000,0.000000,0.000000,1.000000,1.000000
1782440933.011963,1317,0.000408,inf,STAND_TEST,0.000000,-0.006799,0.034778,-0.320944,0.000000,0.000000,0.000000,1.000000,1.000000
1782440933.032046,1318,0.000417,inf,STAND_TEST,0.000000,-0.006784,0.034643,-0.320926,0.000000,0.000000,0.000000,1.000000,1.000000
1782440933.052137,1319,0.000455,inf,STAND_TEST,0.000000,-0.006760,0.034516,-0.320975,0.000000,0.000000,0.000000,1.000000,1.000000
1782440933.072152,1320,0.000417,inf,STAND_TEST,0.000000,-0.006722,0.034425,-0.320963,0.000000,0.000000,0.000000,1.000000,1.000000
1782440933.092220,1321,0.000431,inf,STAND_TEST,0.000000,-0.006678,0.034307,-0.320926,0.000000,0.000000,0.000000,1.000000,1.000000
1782440933.112243,1322,0.000400,inf,STAND_TEST,0.000000,-0.006670,0.034231,-0.320902,0.000000,0.000000,0.000000,1.000000,1.000000
1782440933.132576,1323,0.000679,inf,STAND_TEST,0.000000,-0.006642,0.034167,-0.320884,0.000000,0.000000,0.000000,1.000000,1.000000
1782440933.152647,1324,0.000696,inf,STAND_TEST,0.000000,-0.006632,0.034120,-0.320848,0.000000,0.000000,0.000000,1.000000,1.000000
1782440933.172490,1325,0.000441,inf,STAND_TEST,0.000000,-0.006604,0.034056,-0.320812,0.000000,0.000000,0.000000,1.000000,1.000000
1782440933.192609,1326,0.000490,inf,STAND_TEST,0.000000,-0.006617,0.034059,-0.320824,0.000000,0.000000,0.000000,1.000000,1.000000
1782440933.212609,1327,0.000436,inf,STAND_TEST,0.000000,-0.006615,0.034044,-0.320803,0.000000,0.000000,0.000000,1.000000,1.000000
1782440933.232640,1328,0.000414,inf,STAND_TEST,0.000000,-0.006657,0.034073,-0.320808,0.000000,0.000000,0.000000,1.000000,1.000000
1782440933.252995,1329,0.000714,inf,STAND_TEST,0.000000,-0.006691,0.034182,-0.320793,0.000000,0.000000,0.000000,1.000000,1.000000
1782440933.272744,1330,0.000409,inf,STAND_TEST,0.000000,-0.006712,0.034216,-0.320791,0.000000,0.000000,0.000000,1.000000,1.000000
1782440933.293042,1331,0.000653,inf,STAND_TEST,0.000000,-0.006716,0.034333,-0.320820,0.000000,0.000000,0.000000,1.000000,1.000000
1782440933.313064,1332,0.000622,inf,STAND_TEST,0.000000,-0.006745,0.034410,-0.320789,0.000000,0.000000,0.000000,1.000000,1.000000
1782440933.332927,1333,0.000389,inf,STAND_TEST,0.000000,-0.006785,0.034491,-0.320810,0.000000,0.000000,0.000000,1.000000,1.000000
1782440933.353062,1334,0.000470,inf,STAND_TEST,0.000000,-0.006812,0.034593,-0.320841,0.000000,0.000000,0.000000,1.000000,1.000000
1782440933.373068,1335,0.000421,inf,STAND_TEST,0.000000,-0.006829,0.034708,-0.320869,0.000000,0.000000,0.000000,1.000000,1.000000
1782440933.393131,1336,0.000432,inf,STAND_TEST,0.000000,-0.006842,0.034797,-0.320898,0.000000,0.000000,0.000000,1.000000,1.000000
1782440933.413184,1337,0.000431,inf,STAND_TEST,0.000000,-0.006876,0.034902,-0.320960,0.000000,0.000000,0.000000,1.000000,1.000000
1782440933.433214,1338,0.000407,inf,STAND_TEST,0.000000,-0.006881,0.034956,-0.320928,0.000000,0.000000,0.000000,1.000000,1.000000
1782440933.453495,1339,0.000633,inf,STAND_TEST,0.000000,-0.006887,0.034997,-0.320926,0.000000,0.000000,0.000000,1.000000,1.000000
1782440933.473533,1340,0.000618,inf,STAND_TEST,0.000000,-0.006887,0.035035,-0.320936,0.000000,0.000000,0.000000,1.000000,1.000000
1782440933.493647,1341,0.000677,inf,STAND_TEST,0.000000,-0.006872,0.035032,-0.320906,0.000000,0.000000,0.000000,1.000000,1.000000
1782440933.513651,1342,0.000469,inf,STAND_TEST,0.000000,-0.006882,0.034967,-0.320874,0.000000,0.000000,0.000000,1.000000,1.000000
1782440933.533646,1343,0.000409,inf,STAND_TEST,0.000000,-0.006886,0.034902,-0.320871,0.000000,0.000000,0.000000,1.000000,1.000000
1782440933.553771,1344,0.000480,inf,STAND_TEST,0.000000,-0.006888,0.034873,-0.320890,0.000000,0.000000,0.000000,1.000000,1.000000
1782440933.573775,1345,0.000429,inf,STAND_TEST,0.000000,-0.006868,0.034835,-0.320899,0.000000,0.000000,0.000000,1.000000,1.000000
1782440933.593817,1346,0.000418,inf,STAND_TEST,0.000000,-0.006879,0.034760,-0.320933,0.000000,0.000000,0.000000,1.000000,1.000000
1782440933.614111,1347,0.000451,inf,STAND_TEST,0.000000,-0.006858,0.034679,-0.320938,0.000000,0.000000,0.000000,1.000000,1.000000
1782440933.634226,1348,0.000437,inf,STAND_TEST,0.000000,-0.006849,0.034636,-0.320972,0.000000,0.000000,0.000000,1.000000,1.000000
1782440933.654243,1349,0.000400,inf,STAND_TEST,0.000000,-0.006807,0.034635,-0.320949,0.000000,0.000000,0.000000,1.000000,1.000000
1782440933.674335,1350,0.000438,inf,STAND_TEST,0.000000,-0.006805,0.034589,-0.320924,0.000000,0.000000,0.000000,1.000000,1.000000
1782440933.694379,1351,0.000428,inf,STAND_TEST,0.000000,-0.006800,0.034621,-0.320860,0.000000,0.000000,0.000000,1.000000,1.000000
1782440933.714432,1352,0.000427,inf,STAND_TEST,0.000000,-0.006787,0.034648,-0.320846,0.000000,0.000000,0.000000,1.000000,1.000000
1782440933.734497,1353,0.000437,inf,STAND_TEST,0.000000,-0.006785,0.034622,-0.320842,0.000000,0.000000,0.000000,1.000000,1.000000
1782440933.754766,1354,0.000651,inf,STAND_TEST,0.000000,-0.006794,0.034612,-0.320820,0.000000,0.000000,0.000000,1.000000,1.000000
1782440933.774991,1355,0.000821,inf,STAND_TEST,0.000000,-0.006810,0.034638,-0.320824,0.000000,0.000000,0.000000,1.000000,1.000000
1782440933.794878,1356,0.000453,inf,STAND_TEST,0.000000,-0.006822,0.034633,-0.320815,0.000000,0.000000,0.000000,1.000000,1.000000
1782440933.814919,1357,0.000440,inf,STAND_TEST,0.000000,-0.006830,0.034631,-0.320796,0.000000,0.000000,0.000000,1.000000,1.000000
1782440933.835199,1358,0.000666,inf,STAND_TEST,0.000000,-0.006837,0.034639,-0.320820,0.000000,0.000000,0.000000,1.000000,1.000000
1782440933.855037,1359,0.000450,inf,STAND_TEST,0.000000,-0.006848,0.034636,-0.320833,0.000000,0.000000,0.000000,1.000000,1.000000
1782440933.875336,1360,0.000694,inf,STAND_TEST,0.000000,-0.006891,0.034723,-0.320834,0.000000,0.000000,0.000000,1.000000,1.000000
1782440933.895361,1361,0.000665,inf,STAND_TEST,0.000000,-0.006917,0.034753,-0.320827,0.000000,0.000000,0.000000,1.000000,1.000000
1782440933.915392,1362,0.000642,inf,STAND_TEST,0.000000,-0.006934,0.034807,-0.320851,0.000000,0.000000,0.000000,1.000000,1.000000
1782440933.935351,1363,0.000416,inf,STAND_TEST,0.000000,-0.006960,0.034866,-0.320827,0.000000,0.000000,0.000000,1.000000,1.000000
1782440933.955507,1364,0.000459,inf,STAND_TEST,0.000000,-0.006940,0.034865,-0.320857,0.000000,0.000000,0.000000,1.000000,1.000000
1782440933.975524,1365,0.000423,inf,STAND_TEST,0.000000,-0.006961,0.034901,-0.320890,0.000000,0.000000,0.000000,1.000000,1.000000
1782440933.995552,1366,0.000397,inf,STAND_TEST,0.000000,-0.006985,0.034869,-0.320897,0.000000,0.000000,0.000000,1.000000,1.000000
1782440934.015848,1367,0.000640,inf,STAND_TEST,0.000000,-0.006987,0.034882,-0.320926,0.000000,0.000000,0.000000,1.000000,1.000000
1782440934.035877,1368,0.000615,inf,STAND_TEST,0.000000,-0.006968,0.034912,-0.320920,0.000000,0.000000,0.000000,1.000000,1.000000
1782440934.055929,1369,0.000614,inf,STAND_TEST,0.000000,-0.006955,0.034946,-0.320958,0.000000,0.000000,0.000000,1.000000,1.000000
1782440934.075944,1370,0.000395,inf,STAND_TEST,0.000000,-0.006993,0.034958,-0.320989,0.000000,0.000000,0.000000,1.000000,1.000000
1782440934.096017,1371,0.000414,inf,STAND_TEST,0.000000,-0.006986,0.034919,-0.321003,0.000000,0.000000,0.000000,1.000000,1.000000
1782440934.116047,1372,0.000390,inf,STAND_TEST,0.000000,-0.006975,0.034875,-0.320973,0.000000,0.000000,0.000000,1.000000,1.000000
1782440934.136184,1373,0.000472,inf,STAND_TEST,0.000000,-0.006956,0.034839,-0.320959,0.000000,0.000000,0.000000,1.000000,1.000000
1782440934.156235,1374,0.000467,inf,STAND_TEST,0.000000,-0.006948,0.034736,-0.320993,0.000000,0.000000,0.000000,1.000000,1.000000
1782440934.176263,1375,0.000440,inf,STAND_TEST,0.000000,-0.006959,0.034727,-0.320969,0.000000,0.000000,0.000000,1.000000,1.000000
1782440934.196491,1376,0.000615,inf,STAND_TEST,0.000000,-0.006953,0.034716,-0.320951,0.000000,0.000000,0.000000,1.000000,1.000000
1782440934.216595,1377,0.000665,inf,STAND_TEST,0.000000,-0.006969,0.034723,-0.320988,0.000000,0.000000,0.000000,1.000000,1.000000
1782440934.236612,1378,0.000453,inf,STAND_TEST,0.000000,-0.006962,0.034724,-0.321000,0.000000,0.000000,0.000000,1.000000,1.000000
1782440934.256631,1379,0.000417,inf,STAND_TEST,0.000000,-0.006960,0.034722,-0.321009,0.000000,0.000000,0.000000,1.000000,1.000000
1782440934.276684,1380,0.000416,inf,STAND_TEST,0.000000,-0.006929,0.034728,-0.320964,0.000000,0.000000,0.000000,1.000000,1.000000
1782440934.296794,1381,0.000472,inf,STAND_TEST,0.000000,-0.006903,0.034758,-0.320922,0.000000,0.000000,0.000000,1.000000,1.000000
1782440934.317017,1382,0.000641,inf,STAND_TEST,0.000000,-0.006899,0.034729,-0.320892,0.000000,0.000000,0.000000,1.000000,1.000000
1782440934.337051,1383,0.000621,inf,STAND_TEST,0.000000,-0.006911,0.034706,-0.320903,0.000000,0.000000,0.000000,1.000000,1.000000
1782440934.357131,1384,0.000647,inf,STAND_TEST,0.000000,-0.006904,0.034692,-0.320861,0.000000,0.000000,0.000000,1.000000,1.000000
1782440934.377155,1385,0.000469,inf,STAND_TEST,0.000000,-0.006866,0.034656,-0.320832,0.000000,0.000000,0.000000,1.000000,1.000000
1782440934.397165,1386,0.000426,inf,STAND_TEST,0.000000,-0.006882,0.034624,-0.320803,0.000000,0.000000,0.000000,1.000000,1.000000
1782440934.417214,1387,0.000421,inf,STAND_TEST,0.000000,-0.006871,0.034647,-0.320783,0.000000,0.000000,0.000000,1.000000,1.000000
1782440934.437269,1388,0.000422,inf,STAND_TEST,0.000000,-0.006894,0.034651,-0.320769,0.000000,0.000000,0.000000,1.000000,1.000000
1782440934.457546,1389,0.000645,inf,STAND_TEST,0.000000,-0.006886,0.034647,-0.320735,0.000000,0.000000,0.000000,1.000000,1.000000
1782440934.477359,1390,0.000404,inf,STAND_TEST,0.000000,-0.006887,0.034664,-0.320700,0.000000,0.000000,0.000000,1.000000,1.000000
1782440934.497695,1391,0.000685,inf,STAND_TEST,0.000000,-0.006920,0.034681,-0.320762,0.000000,0.000000,0.000000,1.000000,1.000000
1782440934.517718,1392,0.000656,inf,STAND_TEST,0.000000,-0.006958,0.034752,-0.320793,0.000000,0.000000,0.000000,1.000000,1.000000
1782440934.537785,1393,0.000509,inf,STAND_TEST,0.000000,-0.006964,0.034751,-0.320761,0.000000,0.000000,0.000000,1.000000,1.000000
1782440934.557875,1394,0.000543,inf,STAND_TEST,0.000000,-0.006967,0.034778,-0.320774,0.000000,0.000000,0.000000,1.000000,1.000000
1782440934.577863,1395,0.000498,inf,STAND_TEST,0.000000,-0.006964,0.034781,-0.320751,0.000000,0.000000,0.000000,1.000000,1.000000
1782440934.597834,1396,0.000416,inf,STAND_TEST,0.000000,-0.006951,0.034796,-0.320755,0.000000,0.000000,0.000000,1.000000,1.000000
1782440934.617952,1397,0.000435,inf,STAND_TEST,0.000000,-0.006947,0.034815,-0.320754,0.000000,0.000000,0.000000,1.000000,1.000000
1782440934.638259,1398,0.000679,inf,STAND_TEST,0.000000,-0.006955,0.034832,-0.320761,0.000000,0.000000,0.000000,1.000000,1.000000
1782440934.658352,1399,0.000720,inf,STAND_TEST,0.000000,-0.006919,0.034854,-0.320747,0.000000,0.000000,0.000000,1.000000,1.000000
1782440934.678336,1400,0.000647,inf,STAND_TEST,0.000000,-0.006900,0.034915,-0.320741,0.000000,0.000000,0.000000,1.000000,1.000000
1782440934.698426,1401,0.000450,inf,STAND_TEST,0.000000,-0.006898,0.034908,-0.320718,0.000000,0.000000,0.000000,1.000000,1.000000
1782440934.718467,1402,0.000435,inf,STAND_TEST,0.000000,-0.006892,0.034945,-0.320699,0.000000,0.000000,0.000000,1.000000,1.000000
1782440934.738782,1403,0.000692,inf,STAND_TEST,0.000000,-0.006911,0.034950,-0.320685,0.000000,0.000000,0.000000,1.000000,1.000000
1782440934.758920,1404,0.000772,inf,STAND_TEST,0.000000,-0.006932,0.034940,-0.320705,0.000000,0.000000,0.000000,1.000000,1.000000
1782440934.778627,1405,0.000422,inf,STAND_TEST,0.000000,-0.006945,0.034913,-0.320692,0.000000,0.000000,0.000000,1.000000,1.000000
1782440934.798841,1406,0.000424,inf,STAND_TEST,0.000000,-0.006950,0.034902,-0.320703,0.000000,0.000000,0.000000,1.000000,1.000000
1782440934.818940,1407,0.000419,inf,STAND_TEST,0.000000,-0.006958,0.034921,-0.320696,0.000000,0.000000,0.000000,1.000000,1.000000
1782440934.839035,1408,0.000415,inf,STAND_TEST,0.000000,-0.006946,0.034937,-0.320665,0.000000,0.000000,0.000000,1.000000,1.000000
1782440934.859126,1409,0.000449,inf,STAND_TEST,0.000000,-0.006938,0.034972,-0.320678,0.000000,0.000000,0.000000,1.000000,1.000000
1782440934.879510,1410,0.000726,inf,STAND_TEST,0.000000,-0.006927,0.034986,-0.320663,0.000000,0.000000,0.000000,1.000000,1.000000
1782440934.899589,1411,0.000706,inf,STAND_TEST,0.000000,-0.006948,0.035007,-0.320697,0.000000,0.000000,0.000000,1.000000,1.000000
1782440934.919621,1412,0.000683,inf,STAND_TEST,0.000000,-0.006934,0.035060,-0.320692,0.000000,0.000000,0.000000,1.000000,1.000000
1782440934.939520,1413,0.000441,inf,STAND_TEST,0.000000,-0.006909,0.035083,-0.320706,0.000000,0.000000,0.000000,1.000000,1.000000
1782440934.959594,1414,0.000460,inf,STAND_TEST,0.000000,-0.006907,0.035073,-0.320698,0.000000,0.000000,0.000000,1.000000,1.000000
1782440934.979661,1415,0.000472,inf,STAND_TEST,0.000000,-0.006861,0.035073,-0.320686,0.000000,0.000000,0.000000,1.000000,1.000000
1782440934.999652,1416,0.000408,inf,STAND_TEST,0.000000,-0.006888,0.035059,-0.320665,0.000000,0.000000,0.000000,1.000000,1.000000
1782440935.019779,1417,0.000480,inf,STAND_TEST,0.000000,-0.006883,0.035054,-0.320678,0.000000,0.000000,0.000000,1.000000,1.000000
1782440935.040013,1418,0.000659,inf,STAND_TEST,0.000000,-0.006882,0.035017,-0.320684,0.000000,0.000000,0.000000,1.000000,1.000000
1782440935.060023,1419,0.000615,inf,STAND_TEST,0.000000,-0.006879,0.034980,-0.320664,0.000000,0.000000,0.000000,1.000000,1.000000
1782440935.080087,1420,0.000437,inf,STAND_TEST,0.000000,-0.006890,0.034982,-0.320650,0.000000,0.000000,0.000000,1.000000,1.000000
1782440935.100106,1421,0.000403,inf,STAND_TEST,0.000000,-0.006917,0.034967,-0.320676,0.000000,0.000000,0.000000,1.000000,1.000000
1782440935.120164,1422,0.000407,inf,STAND_TEST,0.000000,-0.006922,0.034949,-0.320658,0.000000,0.000000,0.000000,1.000000,1.000000
1782440935.140240,1423,0.000428,inf,STAND_TEST,0.000000,-0.006940,0.034917,-0.320660,0.000000,0.000000,0.000000,1.000000,1.000000
1782440935.160350,1424,0.000484,inf,STAND_TEST,0.000000,-0.006920,0.034943,-0.320672,0.000000,0.000000,0.000000,1.000000,1.000000
1782440935.180362,1425,0.000441,inf,STAND_TEST,0.000000,-0.006926,0.034988,-0.320662,0.000000,0.000000,0.000000,1.000000,1.000000
1782440935.200578,1426,0.000604,inf,STAND_TEST,0.000000,-0.006914,0.035028,-0.320667,0.000000,0.000000,0.000000,1.000000,1.000000
1782440935.220646,1427,0.000618,inf,STAND_TEST,0.000000,-0.006936,0.035008,-0.320701,0.000000,0.000000,0.000000,1.000000,1.000000
1782440935.240601,1428,0.000468,inf,STAND_TEST,0.000000,-0.006936,0.034998,-0.320696,0.000000,0.000000,0.000000,1.000000,1.000000
1782440935.260833,1429,0.000516,inf,STAND_TEST,0.000000,-0.006932,0.035021,-0.320667,0.000000,0.000000,0.000000,1.000000,1.000000
1782440935.280809,1430,0.000437,inf,STAND_TEST,0.000000,-0.006959,0.035018,-0.320691,0.000000,0.000000,0.000000,1.000000,1.000000
1782440935.300892,1431,0.000465,inf,STAND_TEST,0.000000,-0.006950,0.035015,-0.320688,0.000000,0.000000,0.000000,1.000000,1.000000
1782440935.320910,1432,0.000429,inf,STAND_TEST,0.000000,-0.006919,0.035000,-0.320703,0.000000,0.000000,0.000000,1.000000,1.000000
1782440935.341355,1433,0.000819,inf,STAND_TEST,0.000000,-0.006910,0.034970,-0.320674,0.000000,0.000000,0.000000,1.000000,1.000000
1782440935.361239,1434,0.000471,inf,STAND_TEST,0.000000,-0.006893,0.034995,-0.320685,0.000000,0.000000,0.000000,1.000000,1.000000
1782440935.381288,1435,0.000464,inf,STAND_TEST,0.000000,-0.006890,0.035006,-0.320649,0.000000,0.000000,0.000000,1.000000,1.000000
1782440935.401344,1436,0.000464,inf,STAND_TEST,0.000000,-0.006914,0.035015,-0.320660,0.000000,0.000000,0.000000,1.000000,1.000000
1782440935.421369,1437,0.000434,inf,STAND_TEST,0.000000,-0.006904,0.035028,-0.320667,0.000000,0.000000,0.000000,1.000000,1.000000
1782440935.441475,1438,0.000485,inf,STAND_TEST,0.000000,-0.006915,0.035021,-0.320671,0.000000,0.000000,0.000000,1.000000,1.000000
1782440935.461702,1439,0.000658,inf,STAND_TEST,0.000000,-0.006932,0.035008,-0.320684,0.000000,0.000000,0.000000,1.000000,1.000000
1782440935.481763,1440,0.000665,inf,STAND_TEST,0.000000,-0.006913,0.034971,-0.320658,0.000000,0.000000,0.000000,1.000000,1.000000
1782440935.501853,1441,0.000700,inf,STAND_TEST,0.000000,-0.006923,0.034980,-0.320624,0.000000,0.000000,0.000000,1.000000,1.000000
1782440935.521882,1442,0.000483,inf,STAND_TEST,0.000000,-0.006871,0.034990,-0.320651,0.000000,0.000000,0.000000,1.000000,1.000000
1782440935.541900,1443,0.000445,inf,STAND_TEST,0.000000,-0.006872,0.035001,-0.320669,0.000000,0.000000,0.000000,1.000000,1.000000
1782440935.561924,1444,0.000416,inf,STAND_TEST,0.000000,-0.006845,0.034964,-0.320659,0.000000,0.000000,0.000000,1.000000,1.000000
1782440935.581968,1445,0.000405,inf,STAND_TEST,0.000000,-0.006833,0.034962,-0.320594,0.000000,0.000000,0.000000,1.000000,1.000000
1782440935.602040,1446,0.000423,inf,STAND_TEST,0.000000,-0.006830,0.034998,-0.320601,0.000000,0.000000,0.000000,1.000000,1.000000
1782440935.622105,1447,0.000433,inf,STAND_TEST,0.000000,-0.006805,0.035019,-0.320584,0.000000,0.000000,0.000000,1.000000,1.000000
1782440935.642441,1448,0.000711,inf,STAND_TEST,0.000000,-0.006806,0.035046,-0.320577,0.000000,0.000000,0.000000,1.000000,1.000000
1782440935.662421,1449,0.000636,inf,STAND_TEST,0.000000,-0.006790,0.035010,-0.320586,0.000000,0.000000,0.000000,1.000000,1.000000
1782440935.682490,1450,0.000446,inf,STAND_TEST,0.000000,-0.006782,0.035008,-0.320579,0.000000,0.000000,0.000000,1.000000,1.000000
1782440935.702497,1451,0.000400,inf,STAND_TEST,0.000000,-0.006786,0.034992,-0.320534,0.000000,0.000000,0.000000,1.000000,1.000000
1782440935.722550,1452,0.000398,inf,STAND_TEST,0.000000,-0.006780,0.034998,-0.320545,0.000000,0.000000,0.000000,1.000000,1.000000
1782440935.742949,1453,0.000740,inf,STAND_TEST,0.000000,-0.006784,0.035001,-0.320566,0.000000,0.000000,0.000000,1.000000,1.000000
1782440935.763160,1454,0.000893,inf,STAND_TEST,0.000000,-0.006786,0.035005,-0.320574,0.000000,0.000000,0.000000,1.000000,1.000000
1782440935.783256,1455,0.000933,inf,STAND_TEST,0.000000,-0.006773,0.035006,-0.320585,0.000000,0.000000,0.000000,1.000000,1.000000
1782440935.802866,1456,0.000487,inf,STAND_TEST,0.000000,-0.006736,0.035043,-0.320550,0.000000,0.000000,0.000000,1.000000,1.000000
1782440935.823000,1457,0.000479,inf,STAND_TEST,0.000000,-0.006715,0.035054,-0.320551,0.000000,0.000000,0.000000,1.000000,1.000000
1782440935.843061,1458,0.000484,inf,STAND_TEST,0.000000,-0.006710,0.035056,-0.320513,0.000000,0.000000,0.000000,1.000000,1.000000
1782440935.863097,1459,0.000466,inf,STAND_TEST,0.000000,-0.006724,0.035104,-0.320461,0.000000,0.000000,0.000000,1.000000,1.000000
1782440935.883131,1460,0.000445,inf,STAND_TEST,0.000000,-0.006720,0.035099,-0.320467,0.000000,0.000000,0.000000,1.000000,1.000000
1782440935.903168,1461,0.000428,inf,STAND_TEST,0.000000,-0.006708,0.035090,-0.320450,0.000000,0.000000,0.000000,1.000000,1.000000
1782440935.923255,1462,0.000460,inf,STAND_TEST,0.000000,-0.006709,0.035110,-0.320502,0.000000,0.000000,0.000000,1.000000,1.000000
1782440935.943515,1463,0.000663,inf,STAND_TEST,0.000000,-0.006717,0.035080,-0.320514,0.000000,0.000000,0.000000,1.000000,1.000000
1782440935.963539,1464,0.000633,inf,STAND_TEST,0.000000,-0.006723,0.035097,-0.320501,0.000000,0.000000,0.000000,1.000000,1.000000
1782440935.983558,1465,0.000410,inf,STAND_TEST,0.000000,-0.006728,0.035034,-0.320493,0.000000,0.000000,0.000000,1.000000,1.000000
1782440936.003606,1466,0.000405,inf,STAND_TEST,0.000000,-0.006710,0.035024,-0.320450,0.000000,0.000000,0.000000,1.000000,1.000000
1782440936.023660,1467,0.000405,inf,STAND_TEST,0.000000,-0.006711,0.034982,-0.320463,0.000000,0.000000,0.000000,1.000000,1.000000
1782440936.043736,1468,0.000427,inf,STAND_TEST,0.000000,-0.006721,0.034955,-0.320448,0.000000,0.000000,0.000000,1.000000,1.000000
1782440936.063758,1469,0.000394,inf,STAND_TEST,0.000000,-0.006766,0.034934,-0.320439,0.000000,0.000000,0.000000,1.000000,1.000000
1782440936.084031,1470,0.000614,inf,STAND_TEST,0.000000,-0.006772,0.034941,-0.320491,0.000000,0.000000,0.000000,1.000000,1.000000
1782440936.104100,1471,0.000630,inf,STAND_TEST,0.000000,-0.006784,0.034914,-0.320516,0.000000,0.000000,0.000000,1.000000,1.000000
1782440936.124022,1472,0.000433,inf,STAND_TEST,0.000000,-0.006793,0.034881,-0.320516,0.000000,0.000000,0.000000,1.000000,1.000000
1782440936.144156,1473,0.000501,inf,STAND_TEST,0.000000,-0.006797,0.034854,-0.320494,0.000000,0.000000,0.000000,1.000000,1.000000
1782440936.164185,1474,0.000475,inf,STAND_TEST,0.000000,-0.006781,0.034856,-0.320469,0.000000,0.000000,0.000000,1.000000,1.000000
1782440936.184187,1475,0.000424,inf,STAND_TEST,0.000000,-0.006760,0.034909,-0.320440,0.000000,0.000000,0.000000,1.000000,1.000000
1782440936.204213,1476,0.000395,inf,STAND_TEST,0.000000,-0.006746,0.034913,-0.320416,0.000000,0.000000,0.000000,1.000000,1.000000
1782440936.224277,1477,0.000405,inf,STAND_TEST,0.000000,-0.006722,0.034881,-0.320346,0.000000,0.000000,0.000000,1.000000,1.000000
1782440936.244631,1478,0.000703,inf,STAND_TEST,0.000000,-0.006732,0.034924,-0.320329,0.000000,0.000000,0.000000,1.000000,1.000000
1782440936.264643,1479,0.000660,inf,STAND_TEST,0.000000,-0.006719,0.034923,-0.320292,0.000000,0.000000,0.000000,1.000000,1.000000
1782440936.284585,1480,0.000466,inf,STAND_TEST,0.000000,-0.006731,0.034928,-0.320283,0.000000,0.000000,0.000000,1.000000,1.000000
1782440936.304720,1481,0.000455,inf,STAND_TEST,0.000000,-0.006725,0.034923,-0.320311,0.000000,0.000000,0.000000,1.000000,1.000000
1782440936.324780,1482,0.000454,inf,STAND_TEST,0.000000,-0.006725,0.034961,-0.320351,0.000000,0.000000,0.000000,1.000000,1.000000
1782440936.344886,1483,0.000505,inf,STAND_TEST,0.000000,-0.006725,0.034963,-0.320349,0.000000,0.000000,0.000000,1.000000,1.000000
1782440936.364926,1484,0.000490,inf,STAND_TEST,0.000000,-0.006718,0.034990,-0.320344,0.000000,0.000000,0.000000,1.000000,1.000000
1782440936.385165,1485,0.000673,inf,STAND_TEST,0.000000,-0.006716,0.035016,-0.320348,0.000000,0.000000,0.000000,1.000000,1.000000
1782440936.405230,1486,0.000682,inf,STAND_TEST,0.000000,-0.006722,0.035025,-0.320355,0.000000,0.000000,0.000000,1.000000,1.000000
1782440936.425312,1487,0.000708,inf,STAND_TEST,0.000000,-0.006708,0.035046,-0.320366,0.000000,0.000000,0.000000,1.000000,1.000000
1782440936.445235,1488,0.000457,inf,STAND_TEST,0.000000,-0.006685,0.035088,-0.320346,0.000000,0.000000,0.000000,1.000000,1.000000
1782440936.465305,1489,0.000470,inf,STAND_TEST,0.000000,-0.006669,0.035075,-0.320355,0.000000,0.000000,0.000000,1.000000,1.000000
1782440936.485501,1490,0.000607,inf,STAND_TEST,0.000000,-0.006672,0.035030,-0.320376,0.000000,0.000000,0.000000,1.000000,1.000000
1782440936.505540,1491,0.000590,inf,STAND_TEST,0.000000,-0.006663,0.034987,-0.320357,0.000000,0.000000,0.000000,1.000000,1.000000
1782440936.525689,1492,0.000682,inf,STAND_TEST,0.000000,-0.006669,0.034979,-0.320360,0.000000,0.000000,0.000000,1.000000,1.000000
1782440936.545755,1493,0.000694,inf,STAND_TEST,0.000000,-0.006669,0.034968,-0.320339,0.000000,0.000000,0.000000,1.000000,1.000000
1782440936.566085,1494,0.000966,inf,STAND_TEST,0.000000,-0.006651,0.034923,-0.320327,0.000000,0.000000,0.000000,1.000000,1.000000
1782440936.586043,1495,0.000870,inf,STAND_TEST,0.000000,-0.006660,0.034934,-0.320358,0.000000,0.000000,0.000000,1.000000,1.000000
1782440936.605942,1496,0.000421,inf,STAND_TEST,0.000000,-0.006676,0.034939,-0.320343,0.000000,0.000000,0.000000,1.000000,1.000000
1782440936.625992,1497,0.000417,inf,STAND_TEST,0.000000,-0.006673,0.034875,-0.320351,0.000000,0.000000,0.000000,1.000000,1.000000
1782440936.646133,1498,0.000503,inf,STAND_TEST,0.000000,-0.006688,0.034843,-0.320335,0.000000,0.000000,0.000000,1.000000,1.000000
1782440936.666326,1499,0.000641,inf,STAND_TEST,0.000000,-0.006668,0.034808,-0.320351,0.000000,0.000000,0.000000,1.000000,1.000000
