timestamp,frame_id,loop_dt,redis_age,mode,risk_score,roll,pitch,yaw,max_tracking_error,rms_tracking_error,max_torque_ratio,ramp,deploy_action_scale
1782454543.510926,0,0.000552,inf,STAND_TEST,0.000000,0.013419,0.140877,-0.243131,0.000000,0.000000,0.000000,1.000000,1.000000
1782454543.531511,1,0.001078,inf,STAND_TEST,0.000000,0.013429,0.140798,-0.243087,0.000000,0.000000,0.000000,1.000000,1.000000
1782454543.551284,2,0.000794,inf,STAND_TEST,0.000000,0.013441,0.140737,-0.243041,0.000000,0.000000,0.000000,1.000000,1.000000
1782454543.571274,3,0.000730,inf,STAND_TEST,0.000000,0.013462,0.140750,-0.243024,0.000000,0.000000,0.000000,1.000000,1.000000
1782454543.591221,4,0.000623,inf,STAND_TEST,0.000000,0.013482,0.140749,-0.242969,0.000000,0.000000,0.000000,1.000000,1.000000
1782454543.611306,5,0.000654,inf,STAND_TEST,0.000000,0.013466,0.140754,-0.242987,0.000000,0.000000,0.000000,1.000000,1.000000
1782454543.631289,6,0.000451,inf,STAND_TEST,0.000000,0.013481,0.140742,-0.242962,0.000000,0.000000,0.000000,1.000000,1.000000
1782454543.651322,7,0.000429,inf,STAND_TEST,0.000000,0.013453,0.140712,-0.242982,0.000000,0.000000,0.000000,1.000000,1.000000
1782454543.671337,8,0.000390,inf,STAND_TEST,0.000000,0.013446,0.140713,-0.242953,0.000000,0.000000,0.000000,1.000000,1.000000
1782454543.691467,9,0.000466,inf,STAND_TEST,0.000000,0.013470,0.140699,-0.242939,0.000000,0.000000,0.000000,1.000000,1.000000
1782454543.712114,10,0.001058,inf,STAND_TEST,0.000000,0.013499,0.140699,-0.242955,0.000000,0.000000,0.000000,1.000000,1.000000
1782454543.731826,11,0.000716,inf,STAND_TEST,0.000000,0.013485,0.140700,-0.242929,0.000000,0.000000,0.000000,1.000000,1.000000
1782454543.751864,12,0.000487,inf,STAND_TEST,0.000000,0.013487,0.140684,-0.242913,0.000000,0.000000,0.000000,1.000000,1.000000
1782454543.772037,13,0.000481,inf,STAND_TEST,0.000000,0.013490,0.140683,-0.242936,0.000000,0.000000,0.000000,1.000000,1.000000
1782454543.792097,14,0.000486,inf,STAND_TEST,0.000000,0.013525,0.140714,-0.242934,0.000000,0.000000,0.000000,1.000000,1.000000
1782454543.812122,15,0.000456,inf,STAND_TEST,0.000000,0.013513,0.140741,-0.242958,0.000000,0.000000,0.000000,1.000000,1.000000
1782454543.832393,16,0.000672,inf,STAND_TEST,0.000000,0.013523,0.140695,-0.242891,0.000000,0.000000,0.000000,1.000000,1.000000
1782454543.852491,17,0.000714,inf,STAND_TEST,0.000000,0.013500,0.140725,-0.242911,0.000000,0.000000,0.000000,1.000000,1.000000
1782454543.872513,18,0.000680,inf,STAND_TEST,0.000000,0.013510,0.140703,-0.242890,0.000000,0.000000,0.000000,1.000000,1.000000
1782454543.892568,19,0.000484,inf,STAND_TEST,0.000000,0.013514,0.140696,-0.242876,0.000000,0.000000,0.000000,1.000000,1.000000
1782454543.912622,20,0.000482,inf,STAND_TEST,0.000000,0.013510,0.140681,-0.242856,0.000000,0.000000,0.000000,1.000000,1.000000
1782454543.932638,21,0.000442,inf,STAND_TEST,0.000000,0.013487,0.140693,-0.242859,0.000000,0.000000,0.000000,1.000000,1.000000
1782454543.952702,22,0.000450,inf,STAND_TEST,0.000000,0.013474,0.140680,-0.242849,0.000000,0.000000,0.000000,1.000000,1.000000
1782454543.972713,23,0.000407,inf,STAND_TEST,0.000000,0.013490,0.140670,-0.242849,0.000000,0.000000,0.000000,1.000000,1.000000
1782454543.992789,24,0.000428,inf,STAND_TEST,0.000000,0.013479,0.140662,-0.242825,0.000000,0.000000,0.000000,1.000000,1.000000
1782454544.013175,25,0.000760,inf,STAND_TEST,0.000000,0.013496,0.140662,-0.242843,0.000000,0.000000,0.000000,1.000000,1.000000
1782454544.033427,26,0.000955,inf,STAND_TEST,0.000000,0.013485,0.140673,-0.242837,0.000000,0.000000,0.000000,1.000000,1.000000
1782454544.053396,27,0.000689,inf,STAND_TEST,0.000000,0.013478,0.140697,-0.242844,0.000000,0.000000,0.000000,1.000000,1.000000
1782454544.073433,28,0.000671,inf,STAND_TEST,0.000000,0.013465,0.140721,-0.242862,0.000000,0.000000,0.000000,1.000000,1.000000
1782454544.093490,29,0.000670,inf,STAND_TEST,0.000000,0.013423,0.140771,-0.242853,0.000000,0.000000,0.000000,1.000000,1.000000
1782454544.113758,30,0.000882,inf,STAND_TEST,0.000000,0.013446,0.140753,-0.242846,0.000000,0.000000,0.000000,1.000000,1.000000
1782454544.133566,31,0.000633,inf,STAND_TEST,0.000000,0.013430,0.140797,-0.242851,0.000000,0.000000,0.000000,1.000000,1.000000
1782454544.153685,32,0.000697,inf,STAND_TEST,0.000000,0.013413,0.140855,-0.242881,0.000000,0.000000,0.000000,1.000000,1.000000
1782454544.173731,33,0.000458,inf,STAND_TEST,0.000000,0.013415,0.140835,-0.242901,0.000000,0.000000,0.000000,1.000000,1.000000
1782454544.193766,34,0.000438,inf,STAND_TEST,0.000000,0.013411,0.140827,-0.242917,0.000000,0.000000,0.000000,1.000000,1.000000
1782454544.213997,35,0.000612,inf,STAND_TEST,0.000000,0.013424,0.140838,-0.242853,0.000000,0.000000,0.000000,1.000000,1.000000
1782454544.233950,36,0.000525,inf,STAND_TEST,0.000000,0.013398,0.140829,-0.242877,0.000000,0.000000,0.000000,1.000000,1.000000
1782454544.253948,37,0.000483,inf,STAND_TEST,0.000000,0.013370,0.140867,-0.242916,0.000000,0.000000,0.000000,1.000000,1.000000
1782454544.274209,38,0.000688,inf,STAND_TEST,0.000000,0.013355,0.140861,-0.242893,0.000000,0.000000,0.000000,1.000000,1.000000
1782454544.294233,39,0.000658,inf,STAND_TEST,0.000000,0.013354,0.140879,-0.242889,0.000000,0.000000,0.000000,1.000000,1.000000
1782454544.314344,40,0.000712,inf,STAND_TEST,0.000000,0.013357,0.140963,-0.242882,0.000000,0.000000,0.000000,1.000000,1.000000
1782454544.334309,41,0.000430,inf,STAND_TEST,0.000000,0.013361,0.140970,-0.242872,0.000000,0.000000,0.000000,1.000000,1.000000
1782454544.354373,42,0.000437,inf,STAND_TEST,0.000000,0.013364,0.140970,-0.242816,0.000000,0.000000,0.000000,1.000000,1.000000
1782454544.374413,43,0.000423,inf,STAND_TEST,0.000000,0.013357,0.140991,-0.242779,0.000000,0.000000,0.000000,1.000000,1.000000
1782454544.394469,44,0.000425,inf,STAND_TEST,0.000000,0.013371,0.140965,-0.242740,0.000000,0.000000,0.000000,1.000000,1.000000
1782454544.414990,45,0.000890,inf,STAND_TEST,0.000000,0.013353,0.140947,-0.242736,0.000000,0.000000,0.000000,1.000000,1.000000
1782454544.434964,46,0.000808,inf,STAND_TEST,0.000000,0.013402,0.140989,-0.242714,0.000000,0.000000,0.000000,1.000000,1.000000
1782454544.454862,47,0.000652,inf,STAND_TEST,0.000000,0.013401,0.140974,-0.242703,0.000000,0.000000,0.000000,1.000000,1.000000
1782454544.474788,48,0.000406,inf,STAND_TEST,0.000000,0.013390,0.140935,-0.242697,0.000000,0.000000,0.000000,1.000000,1.000000
1782454544.494853,49,0.000417,inf,STAND_TEST,0.000000,0.013402,0.140979,-0.242709,0.000000,0.000000,0.000000,1.000000,1.000000
1782454544.514947,50,0.000455,inf,STAND_TEST,0.000000,0.013407,0.140963,-0.242690,0.000000,0.000000,0.000000,1.000000,1.000000
1782454544.535494,51,0.000945,inf,STAND_TEST,0.000000,0.013426,0.140987,-0.242646,0.000000,0.000000,0.000000,1.000000,1.000000
1782454544.555128,52,0.000524,inf,STAND_TEST,0.000000,0.013383,0.141029,-0.242652,0.000000,0.000000,0.000000,1.000000,1.000000
1782454544.575124,53,0.000466,inf,STAND_TEST,0.000000,0.013380,0.141025,-0.242628,0.000000,0.000000,0.000000,1.000000,1.000000
1782454544.595417,54,0.000705,inf,STAND_TEST,0.000000,0.013376,0.141001,-0.242610,0.000000,0.000000,0.000000,1.000000,1.000000
1782454544.615555,55,0.000787,inf,STAND_TEST,0.000000,0.013370,0.141023,-0.242627,0.000000,0.000000,0.000000,1.000000,1.000000
1782454544.635535,56,0.000532,inf,STAND_TEST,0.000000,0.013346,0.141018,-0.242646,0.000000,0.000000,0.000000,1.000000,1.000000
1782454544.655516,57,0.000458,inf,STAND_TEST,0.000000,0.013360,0.141053,-0.242669,0.000000,0.000000,0.000000,1.000000,1.000000
1782454544.675604,58,0.000491,inf,STAND_TEST,0.000000,0.013349,0.141055,-0.242714,0.000000,0.000000,0.000000,1.000000,1.000000
1782454544.695666,59,0.000498,inf,STAND_TEST,0.000000,0.013364,0.141062,-0.242683,0.000000,0.000000,0.000000,1.000000,1.000000
1782454544.716116,60,0.000891,inf,STAND_TEST,0.000000,0.013371,0.141098,-0.242720,0.000000,0.000000,0.000000,1.000000,1.000000
1782454544.736087,61,0.000808,inf,STAND_TEST,0.000000,0.013315,0.141084,-0.242752,0.000000,0.000000,0.000000,1.000000,1.000000
1782454544.756068,62,0.000736,inf,STAND_TEST,0.000000,0.013337,0.141076,-0.242712,0.000000,0.000000,0.000000,1.000000,1.000000
1782454544.776197,63,0.000810,inf,STAND_TEST,0.000000,0.013359,0.141086,-0.242706,0.000000,0.000000,0.000000,1.000000,1.000000
1782454544.796074,64,0.000633,inf,STAND_TEST,0.000000,0.013370,0.141105,-0.242707,0.000000,0.000000,0.000000,1.000000,1.000000
1782454544.816361,65,0.000840,inf,STAND_TEST,0.000000,0.013367,0.141115,-0.242720,0.000000,0.000000,0.000000,1.000000,1.000000
1782454544.836418,66,0.000723,inf,STAND_TEST,0.000000,0.013359,0.141166,-0.242737,0.000000,0.000000,0.000000,1.000000,1.000000
1782454544.856657,67,0.000904,inf,STAND_TEST,0.000000,0.013346,0.141124,-0.242732,0.000000,0.000000,0.000000,1.000000,1.000000
1782454544.876701,68,0.000891,inf,STAND_TEST,0.000000,0.013321,0.141128,-0.242785,0.000000,0.000000,0.000000,1.000000,1.000000
1782454544.896929,69,0.001061,inf,STAND_TEST,0.000000,0.013308,0.141169,-0.242830,0.000000,0.000000,0.000000,1.000000,1.000000
1782454544.916808,70,0.000884,inf,STAND_TEST,0.000000,0.013311,0.141156,-0.242770,0.000000,0.000000,0.000000,1.000000,1.000000
1782454544.936685,71,0.000703,inf,STAND_TEST,0.000000,0.013315,0.141146,-0.242796,0.000000,0.000000,0.000000,1.000000,1.000000
1782454544.956884,72,0.000710,inf,STAND_TEST,0.000000,0.013327,0.141123,-0.242797,0.000000,0.000000,0.000000,1.000000,1.000000
1782454544.976967,73,0.000702,inf,STAND_TEST,0.000000,0.013340,0.141125,-0.242768,0.000000,0.000000,0.000000,1.000000,1.000000
1782454544.997051,74,0.000692,inf,STAND_TEST,0.000000,0.013337,0.141084,-0.242723,0.000000,0.000000,0.000000,1.000000,1.000000
1782454545.017389,75,0.000933,inf,STAND_TEST,0.000000,0.013349,0.141110,-0.242738,0.000000,0.000000,0.000000,1.000000,1.000000
1782454545.037499,76,0.000949,inf,STAND_TEST,0.000000,0.013331,0.141113,-0.242739,0.000000,0.000000,0.000000,1.000000,1.000000
1782454545.057573,77,0.000894,inf,STAND_TEST,0.000000,0.013316,0.141103,-0.242731,0.000000,0.000000,0.000000,1.000000,1.000000
1782454545.077288,78,0.000491,inf,STAND_TEST,0.000000,0.013344,0.141124,-0.242688,0.000000,0.000000,0.000000,1.000000,1.000000
1782454545.097289,79,0.000437,inf,STAND_TEST,0.000000,0.013382,0.141090,-0.242659,0.000000,0.000000,0.000000,1.000000,1.000000
1782454545.117361,80,0.000454,inf,STAND_TEST,0.000000,0.013379,0.141088,-0.242646,0.000000,0.000000,0.000000,1.000000,1.000000
1782454545.137383,81,0.000422,inf,STAND_TEST,0.000000,0.013388,0.141058,-0.242621,0.000000,0.000000,0.000000,1.000000,1.000000
1782454545.157738,82,0.000722,inf,STAND_TEST,0.000000,0.013377,0.141087,-0.242655,0.000000,0.000000,0.000000,1.000000,1.000000
1782454545.177738,83,0.000668,inf,STAND_TEST,0.000000,0.013392,0.141093,-0.242640,0.000000,0.000000,0.000000,1.000000,1.000000
1782454545.197786,84,0.000662,inf,STAND_TEST,0.000000,0.013394,0.141099,-0.242675,0.000000,0.000000,0.000000,1.000000,1.000000
1782454545.217774,85,0.000492,inf,STAND_TEST,0.000000,0.013363,0.141105,-0.242695,0.000000,0.000000,0.000000,1.000000,1.000000
1782454545.238071,86,0.000501,inf,STAND_TEST,0.000000,0.013367,0.141064,-0.242717,0.000000,0.000000,0.000000,1.000000,1.000000
1782454545.258063,87,0.000432,inf,STAND_TEST,0.000000,0.013357,0.141056,-0.242702,0.000000,0.000000,0.000000,1.000000,1.000000
1782454545.278448,88,0.000690,inf,STAND_TEST,0.000000,0.013351,0.141091,-0.242718,0.000000,0.000000,0.000000,1.000000,1.000000
1782454545.298549,89,0.000734,inf,STAND_TEST,0.000000,0.013368,0.141127,-0.242737,0.000000,0.000000,0.000000,1.000000,1.000000
1782454545.318524,90,0.000453,inf,STAND_TEST,0.000000,0.013370,0.141155,-0.242796,0.000000,0.000000,0.000000,1.000000,1.000000
1782454545.338622,91,0.000447,inf,STAND_TEST,0.000000,0.013387,0.141186,-0.242796,0.000000,0.000000,0.000000,1.000000,1.000000
1782454545.358733,92,0.000453,inf,STAND_TEST,0.000000,0.013392,0.141209,-0.242827,0.000000,0.000000,0.000000,1.000000,1.000000
1782454545.379086,93,0.000696,inf,STAND_TEST,0.000000,0.013389,0.141171,-0.242863,0.000000,0.000000,0.000000,1.000000,1.000000
1782454545.399269,94,0.000762,inf,STAND_TEST,0.000000,0.013395,0.141133,-0.242863,0.000000,0.000000,0.000000,1.000000,1.000000
1782454545.419455,95,0.000849,inf,STAND_TEST,0.000000,0.013407,0.141138,-0.242854,0.000000,0.000000,0.000000,1.000000,1.000000
1782454545.439420,96,0.000432,inf,STAND_TEST,0.000000,0.013412,0.141122,-0.242826,0.000000,0.000000,0.000000,1.000000,1.000000
1782454545.459764,97,0.000679,inf,STAND_TEST,0.000000,0.013413,0.141165,-0.242829,0.000000,0.000000,0.000000,1.000000,1.000000
1782454545.479886,98,0.000690,inf,STAND_TEST,0.000000,0.013445,0.141175,-0.242844,0.000000,0.000000,0.000000,1.000000,1.000000
1782454545.499940,99,0.000689,inf,STAND_TEST,0.000000,0.013436,0.141207,-0.242865,0.000000,0.000000,0.000000,1.000000,1.000000
1782454545.519936,100,0.000631,inf,STAND_TEST,0.000000,0.013411,0.141219,-0.242873,0.000000,0.000000,0.000000,1.000000,1.000000
1782454545.540114,101,0.000531,inf,STAND_TEST,0.000000,0.013434,0.141263,-0.242862,0.000000,0.000000,0.000000,1.000000,1.000000
1782454545.560125,102,0.000486,inf,STAND_TEST,0.000000,0.013430,0.141229,-0.242891,0.000000,0.000000,0.000000,1.000000,1.000000
1782454545.580127,103,0.000433,inf,STAND_TEST,0.000000,0.013416,0.141284,-0.242902,0.000000,0.000000,0.000000,1.000000,1.000000
1782454545.600145,104,0.000397,inf,STAND_TEST,0.000000,0.013412,0.141227,-0.242921,0.000000,0.000000,0.000000,1.000000,1.000000
1782454545.620522,105,0.000718,inf,STAND_TEST,0.000000,0.013426,0.141178,-0.242916,0.000000,0.000000,0.000000,1.000000,1.000000
1782454545.640654,106,0.000795,inf,STAND_TEST,0.000000,0.013425,0.141164,-0.242900,0.000000,0.000000,0.000000,1.000000,1.000000
1782454545.660736,107,0.000822,inf,STAND_TEST,0.000000,0.013431,0.141150,-0.242893,0.000000,0.000000,0.000000,1.000000,1.000000
1782454545.680597,108,0.000478,inf,STAND_TEST,0.000000,0.013427,0.141149,-0.242920,0.000000,0.000000,0.000000,1.000000,1.000000
1782454545.700607,109,0.000434,inf,STAND_TEST,0.000000,0.013411,0.141130,-0.242923,0.000000,0.000000,0.000000,1.000000,1.000000
1782454545.720736,110,0.000507,inf,STAND_TEST,0.000000,0.013429,0.141101,-0.242901,0.000000,0.000000,0.000000,1.000000,1.000000
1782454545.740773,111,0.000489,inf,STAND_TEST,0.000000,0.013422,0.141108,-0.242886,0.000000,0.000000,0.000000,1.000000,1.000000
1782454545.761012,112,0.000673,inf,STAND_TEST,0.000000,0.013427,0.141130,-0.242891,0.000000,0.000000,0.000000,1.000000,1.000000
1782454545.781074,113,0.000680,inf,STAND_TEST,0.000000,0.013413,0.141160,-0.242903,0.000000,0.000000,0.000000,1.000000,1.000000
1782454545.801114,114,0.000665,inf,STAND_TEST,0.000000,0.013451,0.141194,-0.242894,0.000000,0.000000,0.000000,1.000000,1.000000
1782454545.821303,115,0.000799,inf,STAND_TEST,0.000000,0.013483,0.141167,-0.242831,0.000000,0.000000,0.000000,1.000000,1.000000
1782454545.841391,116,0.000531,inf,STAND_TEST,0.000000,0.013485,0.141166,-0.242838,0.000000,0.000000,0.000000,1.000000,1.000000
1782454545.861347,117,0.000433,inf,STAND_TEST,0.000000,0.013494,0.141185,-0.242835,0.000000,0.000000,0.000000,1.000000,1.000000
1782454545.881436,118,0.000468,inf,STAND_TEST,0.000000,0.013477,0.141171,-0.242869,0.000000,0.000000,0.000000,1.000000,1.000000
1782454545.901857,119,0.000834,inf,STAND_TEST,0.000000,0.013458,0.141137,-0.242890,0.000000,0.000000,0.000000,1.000000,1.000000
1782454545.921873,120,0.000797,inf,STAND_TEST,0.000000,0.013451,0.141199,-0.242874,0.000000,0.000000,0.000000,1.000000,1.000000
1782454545.941963,121,0.000740,inf,STAND_TEST,0.000000,0.013505,0.141190,-0.242838,0.000000,0.000000,0.000000,1.000000,1.000000
1782454545.962057,122,0.000700,inf,STAND_TEST,0.000000,0.013482,0.141181,-0.242851,0.000000,0.000000,0.000000,1.000000,1.000000
1782454545.982141,123,0.000692,inf,STAND_TEST,0.000000,0.013465,0.141201,-0.242907,0.000000,0.000000,0.000000,1.000000,1.000000
1782454546.002448,124,0.000926,inf,STAND_TEST,0.000000,0.013454,0.141203,-0.242915,0.000000,0.000000,0.000000,1.000000,1.000000
1782454546.022524,125,0.000944,inf,STAND_TEST,0.000000,0.013437,0.141167,-0.242940,0.000000,0.000000,0.000000,1.000000,1.000000
1782454546.042565,126,0.000926,inf,STAND_TEST,0.000000,0.013435,0.141167,-0.242962,0.000000,0.000000,0.000000,1.000000,1.000000
1782454546.062623,127,0.000926,inf,STAND_TEST,0.000000,0.013423,0.141101,-0.242997,0.000000,0.000000,0.000000,1.000000,1.000000
1782454546.082704,128,0.000949,inf,STAND_TEST,0.000000,0.013440,0.141087,-0.242964,0.000000,0.000000,0.000000,1.000000,1.000000
1782454546.102714,129,0.000694,inf,STAND_TEST,0.000000,0.013470,0.141112,-0.243028,0.000000,0.000000,0.000000,1.000000,1.000000
1782454546.122772,130,0.000695,inf,STAND_TEST,0.000000,0.013462,0.141114,-0.243046,0.000000,0.000000,0.000000,1.000000,1.000000
1782454546.143129,131,0.000935,inf,STAND_TEST,0.000000,0.013451,0.141123,-0.243072,0.000000,0.000000,0.000000,1.000000,1.000000
1782454546.163250,132,0.000957,inf,STAND_TEST,0.000000,0.013447,0.141068,-0.243059,0.000000,0.000000,0.000000,1.000000,1.000000
1782454546.183329,133,0.000940,inf,STAND_TEST,0.000000,0.013447,0.141076,-0.243077,0.000000,0.000000,0.000000,1.000000,1.000000
1782454546.203343,134,0.000689,inf,STAND_TEST,0.000000,0.013455,0.141074,-0.243110,0.000000,0.000000,0.000000,1.000000,1.000000
1782454546.223556,135,0.000726,inf,STAND_TEST,0.000000,0.013440,0.141085,-0.243096,0.000000,0.000000,0.000000,1.000000,1.000000
1782454546.243984,136,0.001063,inf,STAND_TEST,0.000000,0.013476,0.141067,-0.243076,0.000000,0.000000,0.000000,1.000000,1.000000
1782454546.263969,137,0.000948,inf,STAND_TEST,0.000000,0.013451,0.141032,-0.243090,0.000000,0.000000,0.000000,1.000000,1.000000
1782454546.284052,138,0.000934,inf,STAND_TEST,0.000000,0.013415,0.141053,-0.243125,0.000000,0.000000,0.000000,1.000000,1.000000
1782454546.303983,139,0.000729,inf,STAND_TEST,0.000000,0.013408,0.141084,-0.243110,0.000000,0.000000,0.000000,1.000000,1.000000
1782454546.324206,140,0.000672,inf,STAND_TEST,0.000000,0.013390,0.141074,-0.243088,0.000000,0.000000,0.000000,1.000000,1.000000
1782454546.344273,141,0.000683,inf,STAND_TEST,0.000000,0.013373,0.141038,-0.243107,0.000000,0.000000,0.000000,1.000000,1.000000
1782454546.364553,142,0.000906,inf,STAND_TEST,0.000000,0.013375,0.140989,-0.243113,0.000000,0.000000,0.000000,1.000000,1.000000
1782454546.384569,143,0.000865,inf,STAND_TEST,0.000000,0.013351,0.140960,-0.243080,0.000000,0.000000,0.000000,1.000000,1.000000
1782454546.404636,144,0.000875,inf,STAND_TEST,0.000000,0.013357,0.140959,-0.243080,0.000000,0.000000,0.000000,1.000000,1.000000
1782454546.424687,145,0.000659,inf,STAND_TEST,0.000000,0.013321,0.140985,-0.243083,0.000000,0.000000,0.000000,1.000000,1.000000
1782454546.444727,146,0.000643,inf,STAND_TEST,0.000000,0.013320,0.140977,-0.243071,0.000000,0.000000,0.000000,1.000000,1.000000
1782454546.464779,147,0.000639,inf,STAND_TEST,0.000000,0.013297,0.140969,-0.243099,0.000000,0.000000,0.000000,1.000000,1.000000
1782454546.484846,148,0.000648,inf,STAND_TEST,0.000000,0.013258,0.140930,-0.243112,0.000000,0.000000,0.000000,1.000000,1.000000
1782454546.505123,149,0.000869,inf,STAND_TEST,0.000000,0.013279,0.140929,-0.243137,0.000000,0.000000,0.000000,1.000000,1.000000
1782454546.525171,150,0.000860,inf,STAND_TEST,0.000000,0.013264,0.140926,-0.243151,0.000000,0.000000,0.000000,1.000000,1.000000
1782454546.545262,151,0.000894,inf,STAND_TEST,0.000000,0.013259,0.140953,-0.243204,0.000000,0.000000,0.000000,1.000000,1.000000
1782454546.565163,152,0.000652,inf,STAND_TEST,0.000000,0.013232,0.140935,-0.243220,0.000000,0.000000,0.000000,1.000000,1.000000
1782454546.585372,153,0.000631,inf,STAND_TEST,0.000000,0.013245,0.140922,-0.243195,0.000000,0.000000,0.000000,1.000000,1.000000
1782454546.605614,154,0.000817,inf,STAND_TEST,0.000000,0.013263,0.140921,-0.243194,0.000000,0.000000,0.000000,1.000000,1.000000
1782454546.625315,155,0.000463,inf,STAND_TEST,0.000000,0.013252,0.140951,-0.243205,0.000000,0.000000,0.000000,1.000000,1.000000
1782454546.645369,156,0.000462,inf,STAND_TEST,0.000000,0.013261,0.140942,-0.243173,0.000000,0.000000,0.000000,1.000000,1.000000
1782454546.665619,157,0.000657,inf,STAND_TEST,0.000000,0.013252,0.140947,-0.243162,0.000000,0.000000,0.000000,1.000000,1.000000
1782454546.685590,158,0.000449,inf,STAND_TEST,0.000000,0.013237,0.140962,-0.243166,0.000000,0.000000,0.000000,1.000000,1.000000
1782454546.705796,159,0.000504,inf,STAND_TEST,0.000000,0.013252,0.140962,-0.243152,0.000000,0.000000,0.000000,1.000000,1.000000
1782454546.725937,160,0.000589,inf,STAND_TEST,0.000000,0.013265,0.140903,-0.243118,0.000000,0.000000,0.000000,1.000000,1.000000
1782454546.745862,161,0.000459,inf,STAND_TEST,0.000000,0.013289,0.140874,-0.243099,0.000000,0.000000,0.000000,1.000000,1.000000
1782454546.765934,162,0.000480,inf,STAND_TEST,0.000000,0.013290,0.140897,-0.243061,0.000000,0.000000,0.000000,1.000000,1.000000
1782454546.785954,163,0.000447,inf,STAND_TEST,0.000000,0.013313,0.140887,-0.243046,0.000000,0.000000,0.000000,1.000000,1.000000
1782454546.806237,164,0.000675,inf,STAND_TEST,0.000000,0.013332,0.140857,-0.243033,0.000000,0.000000,0.000000,1.000000,1.000000
1782454546.826427,165,0.000810,inf,STAND_TEST,0.000000,0.013333,0.140842,-0.243041,0.000000,0.000000,0.000000,1.000000,1.000000
1782454546.846350,166,0.000677,inf,STAND_TEST,0.000000,0.013323,0.140828,-0.243058,0.000000,0.000000,0.000000,1.000000,1.000000
1782454546.866206,167,0.000478,inf,STAND_TEST,0.000000,0.013345,0.140819,-0.243065,0.000000,0.000000,0.000000,1.000000,1.000000
1782454546.886521,168,0.000773,inf,STAND_TEST,0.000000,0.013362,0.140757,-0.243025,0.000000,0.000000,0.000000,1.000000,1.000000
1782454546.906246,169,0.000445,inf,STAND_TEST,0.000000,0.013360,0.140732,-0.242987,0.000000,0.000000,0.000000,1.000000,1.000000
1782454546.926288,170,0.000433,inf,STAND_TEST,0.000000,0.013359,0.140762,-0.243017,0.000000,0.000000,0.000000,1.000000,1.000000
1782454546.946324,171,0.000415,inf,STAND_TEST,0.000000,0.013368,0.140767,-0.243026,0.000000,0.000000,0.000000,1.000000,1.000000
1782454546.966388,172,0.000424,inf,STAND_TEST,0.000000,0.013384,0.140783,-0.243002,0.000000,0.000000,0.000000,1.000000,1.000000
1782454546.986652,173,0.000630,inf,STAND_TEST,0.000000,0.013380,0.140765,-0.243031,0.000000,0.000000,0.000000,1.000000,1.000000
1782454547.006697,174,0.000620,inf,STAND_TEST,0.000000,0.013373,0.140758,-0.243054,0.000000,0.000000,0.000000,1.000000,1.000000
1782454547.026762,175,0.000450,inf,STAND_TEST,0.000000,0.013355,0.140745,-0.243068,0.000000,0.000000,0.000000,1.000000,1.000000
1782454547.046797,176,0.000432,inf,STAND_TEST,0.000000,0.013352,0.140757,-0.243103,0.000000,0.000000,0.000000,1.000000,1.000000
1782454547.066844,177,0.000424,inf,STAND_TEST,0.000000,0.013345,0.140828,-0.243116,0.000000,0.000000,0.000000,1.000000,1.000000
1782454547.086881,178,0.000407,inf,STAND_TEST,0.000000,0.013347,0.140810,-0.243079,0.000000,0.000000,0.000000,1.000000,1.000000
1782454547.106975,179,0.000447,inf,STAND_TEST,0.000000,0.013363,0.140790,-0.243103,0.000000,0.000000,0.000000,1.000000,1.000000
1782454547.127213,180,0.000631,inf,STAND_TEST,0.000000,0.013340,0.140743,-0.243106,0.000000,0.000000,0.000000,1.000000,1.000000
1782454547.147292,181,0.000656,inf,STAND_TEST,0.000000,0.013340,0.140775,-0.243121,0.000000,0.000000,0.000000,1.000000,1.000000
1782454547.167407,182,0.000446,inf,STAND_TEST,0.000000,0.013380,0.140772,-0.243114,0.000000,0.000000,0.000000,1.000000,1.000000
1782454547.187445,183,0.000431,inf,STAND_TEST,0.000000,0.013364,0.140769,-0.243106,0.000000,0.000000,0.000000,1.000000,1.000000
1782454547.207500,184,0.000430,inf,STAND_TEST,0.000000,0.013337,0.140797,-0.243152,0.000000,0.000000,0.000000,1.000000,1.000000
1782454547.227573,185,0.000448,inf,STAND_TEST,0.000000,0.013354,0.140752,-0.243082,0.000000,0.000000,0.000000,1.000000,1.000000
1782454547.247910,186,0.000729,inf,STAND_TEST,0.000000,0.013351,0.140779,-0.243076,0.000000,0.000000,0.000000,1.000000,1.000000
1782454547.267911,187,0.000675,inf,STAND_TEST,0.000000,0.013356,0.140811,-0.243055,0.000000,0.000000,0.000000,1.000000,1.000000
1782454547.287729,188,0.000438,inf,STAND_TEST,0.000000,0.013324,0.140789,-0.243048,0.000000,0.000000,0.000000,1.000000,1.000000
1782454547.308221,189,0.000742,inf,STAND_TEST,0.000000,0.013333,0.140778,-0.243064,0.000000,0.000000,0.000000,1.000000,1.000000
1782454547.328722,190,0.001152,inf,STAND_TEST,0.000000,0.013317,0.140754,-0.243060,0.000000,0.000000,0.000000,1.000000,1.000000
1782454547.348421,191,0.000741,inf,STAND_TEST,0.000000,0.013319,0.140845,-0.243035,0.000000,0.000000,0.000000,1.000000,1.000000
1782454547.368866,192,0.001090,inf,STAND_TEST,0.000000,0.013316,0.140794,-0.243053,0.000000,0.000000,0.000000,1.000000,1.000000
1782454547.388817,193,0.000943,inf,STAND_TEST,0.000000,0.013326,0.140780,-0.242979,0.000000,0.000000,0.000000,1.000000,1.000000
1782454547.408966,194,0.000994,inf,STAND_TEST,0.000000,0.013344,0.140800,-0.242932,0.000000,0.000000,0.000000,1.000000,1.000000
1782454547.428931,195,0.000691,inf,STAND_TEST,0.000000,0.013346,0.140752,-0.242945,0.000000,0.000000,0.000000,1.000000,1.000000
1782454547.449032,196,0.000693,inf,STAND_TEST,0.000000,0.013344,0.140738,-0.242973,0.000000,0.000000,0.000000,1.000000,1.000000
1782454547.469086,197,0.000691,inf,STAND_TEST,0.000000,0.013338,0.140728,-0.242913,0.000000,0.000000,0.000000,1.000000,1.000000
1782454547.489392,198,0.000899,inf,STAND_TEST,0.000000,0.013361,0.140749,-0.242931,0.000000,0.000000,0.000000,1.000000,1.000000
1782454547.509521,199,0.000932,inf,STAND_TEST,0.000000,0.013362,0.140804,-0.242929,0.000000,0.000000,0.000000,1.000000,1.000000
1782454547.529576,200,0.000896,inf,STAND_TEST,0.000000,0.013366,0.140780,-0.242919,0.000000,0.000000,0.000000,1.000000,1.000000
1782454547.549713,201,0.000715,inf,STAND_TEST,0.000000,0.013334,0.140747,-0.242958,0.000000,0.000000,0.000000,1.000000,1.000000
1782454547.570017,202,0.000924,inf,STAND_TEST,0.000000,0.013329,0.140799,-0.242975,0.000000,0.000000,0.000000,1.000000,1.000000
1782454547.590130,203,0.000943,inf,STAND_TEST,0.000000,0.013295,0.140778,-0.243003,0.000000,0.000000,0.000000,1.000000,1.000000
1782454547.610239,204,0.000986,inf,STAND_TEST,0.000000,0.013281,0.140758,-0.243029,0.000000,0.000000,0.000000,1.000000,1.000000
1782454547.630853,205,0.001539,inf,STAND_TEST,0.000000,0.013251,0.140781,-0.243051,0.000000,0.000000,0.000000,1.000000,1.000000
1782454547.650927,206,0.001547,inf,STAND_TEST,0.000000,0.013234,0.140808,-0.243059,0.000000,0.000000,0.000000,1.000000,1.000000
1782454547.670938,207,0.001243,inf,STAND_TEST,0.000000,0.013228,0.140808,-0.243072,0.000000,0.000000,0.000000,1.000000,1.000000
1782454547.691066,208,0.001308,inf,STAND_TEST,0.000000,0.013232,0.140781,-0.243082,0.000000,0.000000,0.000000,1.000000,1.000000
1782454547.710651,209,0.000831,inf,STAND_TEST,0.000000,0.013234,0.140781,-0.243062,0.000000,0.000000,0.000000,1.000000,1.000000
1782454547.730811,210,0.000934,inf,STAND_TEST,0.000000,0.013213,0.140791,-0.243084,0.000000,0.000000,0.000000,1.000000,1.000000
1782454547.750864,211,0.000928,inf,STAND_TEST,0.000000,0.013196,0.140746,-0.243039,0.000000,0.000000,0.000000,1.000000,1.000000
1782454547.770985,212,0.000992,inf,STAND_TEST,0.000000,0.013193,0.140740,-0.243026,0.000000,0.000000,0.000000,1.000000,1.000000
1782454547.790981,213,0.000682,inf,STAND_TEST,0.000000,0.013170,0.140758,-0.243009,0.000000,0.000000,0.000000,1.000000,1.000000
1782454547.811033,214,0.000677,inf,STAND_TEST,0.000000,0.013160,0.140751,-0.242993,0.000000,0.000000,0.000000,1.000000,1.000000
1782454547.831135,215,0.000720,inf,STAND_TEST,0.000000,0.013162,0.140764,-0.242985,0.000000,0.000000,0.000000,1.000000,1.000000
1782454547.851379,216,0.000908,inf,STAND_TEST,0.000000,0.013177,0.140751,-0.242977,0.000000,0.000000,0.000000,1.000000,1.000000
1782454547.871421,217,0.000893,inf,STAND_TEST,0.000000,0.013198,0.140772,-0.242946,0.000000,0.000000,0.000000,1.000000,1.000000
1782454547.891487,218,0.000901,inf,STAND_TEST,0.000000,0.013189,0.140706,-0.242949,0.000000,0.000000,0.000000,1.000000,1.000000
1782454547.911543,219,0.000900,inf,STAND_TEST,0.000000,0.013196,0.140714,-0.242940,0.000000,0.000000,0.000000,1.000000,1.000000
1782454547.931545,220,0.000669,inf,STAND_TEST,0.000000,0.013183,0.140745,-0.242913,0.000000,0.000000,0.000000,1.000000,1.000000
1782454547.951605,221,0.000671,inf,STAND_TEST,0.000000,0.013203,0.140744,-0.242909,0.000000,0.000000,0.000000,1.000000,1.000000
1782454547.971657,222,0.000666,inf,STAND_TEST,0.000000,0.013188,0.140758,-0.242933,0.000000,0.000000,0.000000,1.000000,1.000000
1782454547.991905,223,0.000858,inf,STAND_TEST,0.000000,0.013209,0.140774,-0.242950,0.000000,0.000000,0.000000,1.000000,1.000000
1782454548.011964,224,0.000860,inf,STAND_TEST,0.000000,0.013198,0.140767,-0.242966,0.000000,0.000000,0.000000,1.000000,1.000000
1782454548.032049,225,0.000888,inf,STAND_TEST,0.000000,0.013192,0.140736,-0.242993,0.000000,0.000000,0.000000,1.000000,1.000000
1782454548.052077,226,0.000859,inf,STAND_TEST,0.000000,0.013217,0.140768,-0.242997,0.000000,0.000000,0.000000,1.000000,1.000000
1782454548.072173,227,0.000897,inf,STAND_TEST,0.000000,0.013207,0.140756,-0.242977,0.000000,0.000000,0.000000,1.000000,1.000000
1782454548.092167,228,0.000661,inf,STAND_TEST,0.000000,0.013207,0.140712,-0.242974,0.000000,0.000000,0.000000,1.000000,1.000000
1782454548.112226,229,0.000663,inf,STAND_TEST,0.000000,0.013224,0.140678,-0.242929,0.000000,0.000000,0.000000,1.000000,1.000000
1782454548.132267,230,0.000647,inf,STAND_TEST,0.000000,0.013248,0.140698,-0.242959,0.000000,0.000000,0.000000,1.000000,1.000000
1782454548.152578,231,0.000901,inf,STAND_TEST,0.000000,0.013266,0.140709,-0.242942,0.000000,0.000000,0.000000,1.000000,1.000000
1782454548.172617,232,0.000884,inf,STAND_TEST,0.000000,0.013281,0.140741,-0.242939,0.000000,0.000000,0.000000,1.000000,1.000000
1782454548.192664,233,0.000874,inf,STAND_TEST,0.000000,0.013257,0.140742,-0.242987,0.000000,0.000000,0.000000,1.000000,1.000000
1782454548.212710,234,0.000687,inf,STAND_TEST,0.000000,0.013267,0.140765,-0.243004,0.000000,0.000000,0.000000,1.000000,1.000000
1782454548.232876,235,0.000708,inf,STAND_TEST,0.000000,0.013255,0.140816,-0.243018,0.000000,0.000000,0.000000,1.000000,1.000000
1782454548.252731,236,0.000506,inf,STAND_TEST,0.000000,0.013272,0.140792,-0.242997,0.000000,0.000000,0.000000,1.000000,1.000000
1782454548.272712,237,0.000431,inf,STAND_TEST,0.000000,0.013260,0.140780,-0.243008,0.000000,0.000000,0.000000,1.000000,1.000000
1782454548.293181,238,0.000846,inf,STAND_TEST,0.000000,0.013291,0.140785,-0.242969,0.000000,0.000000,0.000000,1.000000,1.000000
1782454548.312836,239,0.000446,inf,STAND_TEST,0.000000,0.013276,0.140799,-0.242948,0.000000,0.000000,0.000000,1.000000,1.000000
1782454548.333277,240,0.000832,inf,STAND_TEST,0.000000,0.013282,0.140815,-0.242972,0.000000,0.000000,0.000000,1.000000,1.000000
1782454548.353277,241,0.000477,inf,STAND_TEST,0.000000,0.013278,0.140812,-0.242937,0.000000,0.000000,0.000000,1.000000,1.000000
1782454548.373298,242,0.000445,inf,STAND_TEST,0.000000,0.013278,0.140824,-0.242952,0.000000,0.000000,0.000000,1.000000,1.000000
1782454548.393306,243,0.000399,inf,STAND_TEST,0.000000,0.013248,0.140792,-0.242941,0.000000,0.000000,0.000000,1.000000,1.000000
1782454548.413443,244,0.000481,inf,STAND_TEST,0.000000,0.013259,0.140807,-0.242953,0.000000,0.000000,0.000000,1.000000,1.000000
1782454548.433914,245,0.000893,inf,STAND_TEST,0.000000,0.013261,0.140803,-0.242954,0.000000,0.000000,0.000000,1.000000,1.000000
1782454548.453735,246,0.000661,inf,STAND_TEST,0.000000,0.013244,0.140803,-0.242930,0.000000,0.000000,0.000000,1.000000,1.000000
1782454548.473806,247,0.000476,inf,STAND_TEST,0.000000,0.013234,0.140838,-0.242936,0.000000,0.000000,0.000000,1.000000,1.000000
1782454548.493904,248,0.000444,inf,STAND_TEST,0.000000,0.013228,0.140829,-0.242955,0.000000,0.000000,0.000000,1.000000,1.000000
1782454548.513930,249,0.000417,inf,STAND_TEST,0.000000,0.013215,0.140805,-0.242927,0.000000,0.000000,0.000000,1.000000,1.000000
1782454548.533996,250,0.000429,inf,STAND_TEST,0.000000,0.013201,0.140833,-0.242969,0.000000,0.000000,0.000000,1.000000,1.000000
1782454548.554306,251,0.000685,inf,STAND_TEST,0.000000,0.013177,0.140829,-0.242944,0.000000,0.000000,0.000000,1.000000,1.000000
1782454548.574511,252,0.000869,inf,STAND_TEST,0.000000,0.013163,0.140822,-0.242946,0.000000,0.000000,0.000000,1.000000,1.000000
1782454548.594318,253,0.000622,inf,STAND_TEST,0.000000,0.013149,0.140797,-0.242981,0.000000,0.000000,0.000000,1.000000,1.000000
1782454548.614204,254,0.000453,inf,STAND_TEST,0.000000,0.013135,0.140792,-0.242980,0.000000,0.000000,0.000000,1.000000,1.000000
1782454548.634361,255,0.000434,inf,STAND_TEST,0.000000,0.013132,0.140826,-0.243032,0.000000,0.000000,0.000000,1.000000,1.000000
1782454548.654377,256,0.000396,inf,STAND_TEST,0.000000,0.013123,0.140872,-0.243049,0.000000,0.000000,0.000000,1.000000,1.000000
1782454548.674446,257,0.000413,inf,STAND_TEST,0.000000,0.013134,0.140865,-0.243084,0.000000,0.000000,0.000000,1.000000,1.000000
1782454548.694496,258,0.000409,inf,STAND_TEST,0.000000,0.013144,0.140843,-0.243033,0.000000,0.000000,0.000000,1.000000,1.000000
1782454548.714548,259,0.000406,inf,STAND_TEST,0.000000,0.013136,0.140833,-0.243021,0.000000,0.000000,0.000000,1.000000,1.000000
1782454548.734984,260,0.000785,inf,STAND_TEST,0.000000,0.013126,0.140828,-0.243026,0.000000,0.000000,0.000000,1.000000,1.000000
1782454548.755122,261,0.000868,inf,STAND_TEST,0.000000,0.013133,0.140828,-0.243035,0.000000,0.000000,0.000000,1.000000,1.000000
1782454548.774941,262,0.000633,inf,STAND_TEST,0.000000,0.013118,0.140832,-0.243039,0.000000,0.000000,0.000000,1.000000,1.000000
1782454548.794822,263,0.000420,inf,STAND_TEST,0.000000,0.013125,0.140808,-0.243002,0.000000,0.000000,0.000000,1.000000,1.000000
1782454548.814963,264,0.000505,inf,STAND_TEST,0.000000,0.013119,0.140803,-0.242995,0.000000,0.000000,0.000000,1.000000,1.000000
1782454548.834963,265,0.000451,inf,STAND_TEST,0.000000,0.013122,0.140811,-0.242994,0.000000,0.000000,0.000000,1.000000,1.000000
1782454548.855019,266,0.000452,inf,STAND_TEST,0.000000,0.013133,0.140831,-0.243025,0.000000,0.000000,0.000000,1.000000,1.000000
1782454548.875038,267,0.000418,inf,STAND_TEST,0.000000,0.013130,0.140821,-0.243016,0.000000,0.000000,0.000000,1.000000,1.000000
1782454548.895133,268,0.000456,inf,STAND_TEST,0.000000,0.013132,0.140820,-0.243011,0.000000,0.000000,0.000000,1.000000,1.000000
1782454548.915365,269,0.000633,inf,STAND_TEST,0.000000,0.013125,0.140817,-0.243013,0.000000,0.000000,0.000000,1.000000,1.000000
1782454548.935434,270,0.000648,inf,STAND_TEST,0.000000,0.013143,0.140823,-0.243017,0.000000,0.000000,0.000000,1.000000,1.000000
1782454548.955437,271,0.000421,inf,STAND_TEST,0.000000,0.013152,0.140826,-0.243053,0.000000,0.000000,0.000000,1.000000,1.000000
1782454548.975472,272,0.000402,inf,STAND_TEST,0.000000,0.013178,0.140850,-0.242977,0.000000,0.000000,0.000000,1.000000,1.000000
1782454548.995551,273,0.000428,inf,STAND_TEST,0.000000,0.013176,0.140823,-0.242967,0.000000,0.000000,0.000000,1.000000,1.000000
1782454549.015589,274,0.000410,inf,STAND_TEST,0.000000,0.013172,0.140826,-0.242961,0.000000,0.000000,0.000000,1.000000,1.000000
1782454549.035623,275,0.000391,inf,STAND_TEST,0.000000,0.013162,0.140796,-0.242969,0.000000,0.000000,0.000000,1.000000,1.000000
1782454549.055871,276,0.000585,inf,STAND_TEST,0.000000,0.013153,0.140829,-0.243012,0.000000,0.000000,0.000000,1.000000,1.000000
1782454549.075979,277,0.000451,inf,STAND_TEST,0.000000,0.013148,0.140829,-0.243031,0.000000,0.000000,0.000000,1.000000,1.000000
1782454549.095971,278,0.000390,inf,STAND_TEST,0.000000,0.013159,0.140859,-0.243026,0.000000,0.000000,0.000000,1.000000,1.000000
1782454549.116050,279,0.000415,inf,STAND_TEST,0.000000,0.013144,0.140840,-0.242996,0.000000,0.000000,0.000000,1.000000,1.000000
1782454549.136091,280,0.000403,inf,STAND_TEST,0.000000,0.013130,0.140851,-0.242985,0.000000,0.000000,0.000000,1.000000,1.000000
1782454549.156183,281,0.000441,inf,STAND_TEST,0.000000,0.013109,0.140838,-0.242972,0.000000,0.000000,0.000000,1.000000,1.000000
1782454549.176199,282,0.000404,inf,STAND_TEST,0.000000,0.013103,0.140805,-0.242993,0.000000,0.000000,0.000000,1.000000,1.000000
1782454549.196485,283,0.000636,inf,STAND_TEST,0.000000,0.013081,0.140766,-0.242992,0.000000,0.000000,0.000000,1.000000,1.000000
1782454549.216803,284,0.000899,inf,STAND_TEST,0.000000,0.013082,0.140766,-0.243002,0.000000,0.000000,0.000000,1.000000,1.000000
1782454549.236615,285,0.000656,inf,STAND_TEST,0.000000,0.013027,0.140722,-0.243049,0.000000,0.000000,0.000000,1.000000,1.000000
1782454549.256577,286,0.000386,inf,STAND_TEST,0.000000,0.013024,0.140742,-0.243066,0.000000,0.000000,0.000000,1.000000,1.000000
1782454549.276664,287,0.000420,inf,STAND_TEST,0.000000,0.013025,0.140747,-0.243042,0.000000,0.000000,0.000000,1.000000,1.000000
1782454549.296817,288,0.000517,inf,STAND_TEST,0.000000,0.013017,0.140759,-0.243049,0.000000,0.000000,0.000000,1.000000,1.000000
1782454549.316843,289,0.000486,inf,STAND_TEST,0.000000,0.013031,0.140783,-0.243043,0.000000,0.000000,0.000000,1.000000,1.000000
1782454549.336905,290,0.000493,inf,STAND_TEST,0.000000,0.013021,0.140787,-0.243051,0.000000,0.000000,0.000000,1.000000,1.000000
1782454549.357303,291,0.000835,inf,STAND_TEST,0.000000,0.013045,0.140769,-0.243025,0.000000,0.000000,0.000000,1.000000,1.000000
1782454549.377300,292,0.000777,inf,STAND_TEST,0.000000,0.013050,0.140775,-0.242994,0.000000,0.000000,0.000000,1.000000,1.000000
1782454549.397369,293,0.000792,inf,STAND_TEST,0.000000,0.013014,0.140778,-0.243034,0.000000,0.000000,0.000000,1.000000,1.000000
1782454549.417166,294,0.000436,inf,STAND_TEST,0.000000,0.012996,0.140803,-0.243084,0.000000,0.000000,0.000000,1.000000,1.000000
1782454549.437260,295,0.000422,inf,STAND_TEST,0.000000,0.012992,0.140763,-0.243041,0.000000,0.000000,0.000000,1.000000,1.000000
1782454549.457378,296,0.000420,inf,STAND_TEST,0.000000,0.012973,0.140737,-0.243012,0.000000,0.000000,0.000000,1.000000,1.000000
1782454549.477510,297,0.000426,inf,STAND_TEST,0.000000,0.012968,0.140746,-0.243009,0.000000,0.000000,0.000000,1.000000,1.000000
1782454549.497924,298,0.000714,inf,STAND_TEST,0.000000,0.012954,0.140728,-0.243018,0.000000,0.000000,0.000000,1.000000,1.000000
1782454549.518005,299,0.000688,inf,STAND_TEST,0.000000,0.012943,0.140708,-0.242996,0.000000,0.000000,0.000000,1.000000,1.000000
1782454549.537916,300,0.000492,inf,STAND_TEST,0.000000,0.012960,0.140694,-0.242990,0.000000,0.000000,0.000000,1.000000,1.000000
1782454549.557917,301,0.000463,inf,STAND_TEST,0.000000,0.012961,0.140654,-0.242994,0.000000,0.000000,0.000000,1.000000,1.000000
1782454549.577956,302,0.000448,inf,STAND_TEST,0.000000,0.012977,0.140698,-0.243008,0.000000,0.000000,0.000000,1.000000,1.000000
1782454549.598005,303,0.000443,inf,STAND_TEST,0.000000,0.012970,0.140764,-0.242984,0.000000,0.000000,0.000000,1.000000,1.000000
1782454549.618061,304,0.000443,inf,STAND_TEST,0.000000,0.012984,0.140727,-0.242982,0.000000,0.000000,0.000000,1.000000,1.000000
1782454549.638348,305,0.000674,inf,STAND_TEST,0.000000,0.012963,0.140730,-0.243004,0.000000,0.000000,0.000000,1.000000,1.000000
1782454549.658374,306,0.000646,inf,STAND_TEST,0.000000,0.012961,0.140762,-0.243019,0.000000,0.000000,0.000000,1.000000,1.000000
1782454549.678397,307,0.000442,inf,STAND_TEST,0.000000,0.012970,0.140789,-0.243027,0.000000,0.000000,0.000000,1.000000,1.000000
1782454549.698472,308,0.000464,inf,STAND_TEST,0.000000,0.012983,0.140774,-0.243025,0.000000,0.000000,0.000000,1.000000,1.000000
1782454549.718540,309,0.000475,inf,STAND_TEST,0.000000,0.013002,0.140794,-0.243028,0.000000,0.000000,0.000000,1.000000,1.000000
1782454549.738550,310,0.000429,inf,STAND_TEST,0.000000,0.012991,0.140846,-0.243014,0.000000,0.000000,0.000000,1.000000,1.000000
1782454549.758606,311,0.000429,inf,STAND_TEST,0.000000,0.013008,0.140830,-0.242997,0.000000,0.000000,0.000000,1.000000,1.000000
1782454549.778673,312,0.000442,inf,STAND_TEST,0.000000,0.012988,0.140802,-0.243021,0.000000,0.000000,0.000000,1.000000,1.000000
1782454549.798966,313,0.000681,inf,STAND_TEST,0.000000,0.012969,0.140765,-0.243056,0.000000,0.000000,0.000000,1.000000,1.000000
1782454549.819008,314,0.000669,inf,STAND_TEST,0.000000,0.012964,0.140817,-0.243073,0.000000,0.000000,0.000000,1.000000,1.000000
1782454549.839072,315,0.000678,inf,STAND_TEST,0.000000,0.012956,0.140855,-0.243105,0.000000,0.000000,0.000000,1.000000,1.000000
1782454549.859260,316,0.000743,inf,STAND_TEST,0.000000,0.012956,0.140873,-0.243135,0.000000,0.000000,0.000000,1.000000,1.000000
1782454549.879025,317,0.000453,inf,STAND_TEST,0.000000,0.012932,0.140880,-0.243126,0.000000,0.000000,0.000000,1.000000,1.000000
1782454549.899681,318,0.001048,inf,STAND_TEST,0.000000,0.012938,0.140899,-0.243108,0.000000,0.000000,0.000000,1.000000,1.000000
1782454549.919397,319,0.000706,inf,STAND_TEST,0.000000,0.012934,0.140868,-0.243068,0.000000,0.000000,0.000000,1.000000,1.000000
1782454549.939675,320,0.000925,inf,STAND_TEST,0.000000,0.012930,0.140861,-0.243056,0.000000,0.000000,0.000000,1.000000,1.000000
1782454549.959715,321,0.000907,inf,STAND_TEST,0.000000,0.012946,0.140859,-0.243057,0.000000,0.000000,0.000000,1.000000,1.000000
1782454549.979511,322,0.000691,inf,STAND_TEST,0.000000,0.012940,0.140844,-0.243085,0.000000,0.000000,0.000000,1.000000,1.000000
1782454549.999521,323,0.000647,inf,STAND_TEST,0.000000,0.012947,0.140851,-0.243060,0.000000,0.000000,0.000000,1.000000,1.000000
1782454550.019599,324,0.000670,inf,STAND_TEST,0.000000,0.012930,0.140861,-0.243050,0.000000,0.000000,0.000000,1.000000,1.000000
1782454550.039468,325,0.000445,inf,STAND_TEST,0.000000,0.012925,0.140898,-0.243024,0.000000,0.000000,0.000000,1.000000,1.000000
1782454550.059589,326,0.000478,inf,STAND_TEST,0.000000,0.012939,0.140973,-0.243040,0.000000,0.000000,0.000000,1.000000,1.000000
1782454550.079629,327,0.000462,inf,STAND_TEST,0.000000,0.012931,0.140968,-0.243005,0.000000,0.000000,0.000000,1.000000,1.000000
1782454550.099655,328,0.000435,inf,STAND_TEST,0.000000,0.012927,0.140961,-0.242994,0.000000,0.000000,0.000000,1.000000,1.000000
1782454550.119736,329,0.000460,inf,STAND_TEST,0.000000,0.012942,0.140988,-0.242961,0.000000,0.000000,0.000000,1.000000,1.000000
1782454550.140291,330,0.000962,inf,STAND_TEST,0.000000,0.012956,0.140950,-0.242932,0.000000,0.000000,0.000000,1.000000,1.000000
1782454550.160302,331,0.000765,inf,STAND_TEST,0.000000,0.012949,0.140939,-0.242888,0.000000,0.000000,0.000000,1.000000,1.000000
1782454550.180432,332,0.000720,inf,STAND_TEST,0.000000,0.012955,0.140923,-0.242861,0.000000,0.000000,0.000000,1.000000,1.000000
1782454550.200526,333,0.000702,inf,STAND_TEST,0.000000,0.012965,0.140911,-0.242859,0.000000,0.000000,0.000000,1.000000,1.000000
1782454550.220886,334,0.000966,inf,STAND_TEST,0.000000,0.012954,0.140868,-0.242848,0.000000,0.000000,0.000000,1.000000,1.000000
1782454550.240741,335,0.000710,inf,STAND_TEST,0.000000,0.012980,0.140852,-0.242833,0.000000,0.000000,0.000000,1.000000,1.000000
1782454550.261083,336,0.000955,inf,STAND_TEST,0.000000,0.012978,0.140781,-0.242827,0.000000,0.000000,0.000000,1.000000,1.000000
1782454550.281077,337,0.000487,inf,STAND_TEST,0.000000,0.012979,0.140789,-0.242831,0.000000,0.000000,0.000000,1.000000,1.000000
1782454550.301459,338,0.000812,inf,STAND_TEST,0.000000,0.012987,0.140812,-0.242848,0.000000,0.000000,0.000000,1.000000,1.000000
1782454550.321343,339,0.000638,inf,STAND_TEST,0.000000,0.013014,0.140838,-0.242815,0.000000,0.000000,0.000000,1.000000,1.000000
1782454550.341568,340,0.000806,inf,STAND_TEST,0.000000,0.013026,0.140837,-0.242832,0.000000,0.000000,0.000000,1.000000,1.000000
1782454550.362010,341,0.001186,inf,STAND_TEST,0.000000,0.013016,0.140819,-0.242862,0.000000,0.000000,0.000000,1.000000,1.000000
1782454550.381574,342,0.000544,inf,STAND_TEST,0.000000,0.013018,0.140814,-0.242859,0.000000,0.000000,0.000000,1.000000,1.000000
1782454550.401552,343,0.000467,inf,STAND_TEST,0.000000,0.012987,0.140799,-0.242827,0.000000,0.000000,0.000000,1.000000,1.000000
1782454550.421572,344,0.000432,inf,STAND_TEST,0.000000,0.013001,0.140790,-0.242808,0.000000,0.000000,0.000000,1.000000,1.000000
1782454550.441629,345,0.000435,inf,STAND_TEST,0.000000,0.012983,0.140805,-0.242821,0.000000,0.000000,0.000000,1.000000,1.000000
1782454550.461909,346,0.000659,inf,STAND_TEST,0.000000,0.012963,0.140815,-0.242816,0.000000,0.000000,0.000000,1.000000,1.000000
1782454550.482273,347,0.000931,inf,STAND_TEST,0.000000,0.012965,0.140844,-0.242859,0.000000,0.000000,0.000000,1.000000,1.000000
1782454550.502286,348,0.000889,inf,STAND_TEST,0.000000,0.012981,0.140847,-0.242864,0.000000,0.000000,0.000000,1.000000,1.000000
1782454550.522276,349,0.000422,inf,STAND_TEST,0.000000,0.012994,0.140843,-0.242838,0.000000,0.000000,0.000000,1.000000,1.000000
1782454550.542388,350,0.000480,inf,STAND_TEST,0.000000,0.013004,0.140859,-0.242808,0.000000,0.000000,0.000000,1.000000,1.000000
1782454550.562399,351,0.000474,inf,STAND_TEST,0.000000,0.013029,0.140869,-0.242795,0.000000,0.000000,0.000000,1.000000,1.000000
1782454550.582633,352,0.000653,inf,STAND_TEST,0.000000,0.013021,0.140836,-0.242792,0.000000,0.000000,0.000000,1.000000,1.000000
1782454550.602660,353,0.000626,inf,STAND_TEST,0.000000,0.013031,0.140866,-0.242770,0.000000,0.000000,0.000000,1.000000,1.000000
1782454550.622740,354,0.000652,inf,STAND_TEST,0.000000,0.013038,0.140899,-0.242777,0.000000,0.000000,0.000000,1.000000,1.000000
1782454550.642950,355,0.000501,inf,STAND_TEST,0.000000,0.013028,0.140906,-0.242779,0.000000,0.000000,0.000000,1.000000,1.000000
1782454550.662951,356,0.000446,inf,STAND_TEST,0.000000,0.013022,0.140937,-0.242810,0.000000,0.000000,0.000000,1.000000,1.000000
1782454550.683248,357,0.000689,inf,STAND_TEST,0.000000,0.013026,0.140937,-0.242826,0.000000,0.000000,0.000000,1.000000,1.000000
1782454550.703281,358,0.000667,inf,STAND_TEST,0.000000,0.013031,0.140965,-0.242844,0.000000,0.000000,0.000000,1.000000,1.000000
1782454550.723382,359,0.000710,inf,STAND_TEST,0.000000,0.013028,0.140948,-0.242856,0.000000,0.000000,0.000000,1.000000,1.000000
1782454550.743402,360,0.000676,inf,STAND_TEST,0.000000,0.013022,0.140958,-0.242890,0.000000,0.000000,0.000000,1.000000,1.000000
1782454550.763538,361,0.000608,inf,STAND_TEST,0.000000,0.013019,0.140982,-0.242869,0.000000,0.000000,0.000000,1.000000,1.000000
1782454550.783498,362,0.000513,inf,STAND_TEST,0.000000,0.013006,0.140956,-0.242877,0.000000,0.000000,0.000000,1.000000,1.000000
1782454550.803467,363,0.000428,inf,STAND_TEST,0.000000,0.012999,0.140930,-0.242869,0.000000,0.000000,0.000000,1.000000,1.000000
1782454550.823562,364,0.000466,inf,STAND_TEST,0.000000,0.012980,0.140906,-0.242878,0.000000,0.000000,0.000000,1.000000,1.000000
1782454550.843887,365,0.000736,inf,STAND_TEST,0.000000,0.013015,0.140914,-0.242870,0.000000,0.000000,0.000000,1.000000,1.000000
1782454550.863879,366,0.000673,inf,STAND_TEST,0.000000,0.013036,0.140869,-0.242828,0.000000,0.000000,0.000000,1.000000,1.000000
1782454550.883973,367,0.000711,inf,STAND_TEST,0.000000,0.013023,0.140839,-0.242812,0.000000,0.000000,0.000000,1.000000,1.000000
1782454550.903965,368,0.000528,inf,STAND_TEST,0.000000,0.013038,0.140858,-0.242784,0.000000,0.000000,0.000000,1.000000,1.000000
1782454550.924111,369,0.000540,inf,STAND_TEST,0.000000,0.013015,0.140870,-0.242832,0.000000,0.000000,0.000000,1.000000,1.000000
1782454550.944069,370,0.000443,inf,STAND_TEST,0.000000,0.013022,0.140895,-0.242842,0.000000,0.000000,0.000000,1.000000,1.000000
1782454550.964163,371,0.000482,inf,STAND_TEST,0.000000,0.013005,0.140911,-0.242847,0.000000,0.000000,0.000000,1.000000,1.000000
1782454550.984384,372,0.000647,inf,STAND_TEST,0.000000,0.013003,0.140921,-0.242853,0.000000,0.000000,0.000000,1.000000,1.000000
1782454551.004205,373,0.000414,inf,STAND_TEST,0.000000,0.012977,0.140914,-0.242855,0.000000,0.000000,0.000000,1.000000,1.000000
1782454551.024488,374,0.000643,inf,STAND_TEST,0.000000,0.012972,0.140943,-0.242880,0.000000,0.000000,0.000000,1.000000,1.000000
1782454551.044537,375,0.000455,inf,STAND_TEST,0.000000,0.012983,0.140969,-0.242925,0.000000,0.000000,0.000000,1.000000,1.000000
1782454551.064581,376,0.000443,inf,STAND_TEST,0.000000,0.012988,0.140962,-0.242910,0.000000,0.000000,0.000000,1.000000,1.000000
1782454551.084612,377,0.000419,inf,STAND_TEST,0.000000,0.012989,0.140986,-0.242888,0.000000,0.000000,0.000000,1.000000,1.000000
1782454551.104684,378,0.000437,inf,STAND_TEST,0.000000,0.013024,0.140973,-0.242854,0.000000,0.000000,0.000000,1.000000,1.000000
1782454551.124736,379,0.000434,inf,STAND_TEST,0.000000,0.013047,0.141001,-0.242863,0.000000,0.000000,0.000000,1.000000,1.000000
1782454551.144823,380,0.000466,inf,STAND_TEST,0.000000,0.013047,0.141031,-0.242844,0.000000,0.000000,0.000000,1.000000,1.000000
1782454551.165142,381,0.000728,inf,STAND_TEST,0.000000,0.013061,0.141034,-0.242836,0.000000,0.000000,0.000000,1.000000,1.000000
1782454551.185187,382,0.000717,inf,STAND_TEST,0.000000,0.013048,0.141030,-0.242850,0.000000,0.000000,0.000000,1.000000,1.000000
1782454551.205202,383,0.000678,inf,STAND_TEST,0.000000,0.013055,0.140988,-0.242807,0.000000,0.000000,0.000000,1.000000,1.000000
1782454551.225207,384,0.000492,inf,STAND_TEST,0.000000,0.013028,0.140996,-0.242818,0.000000,0.000000,0.000000,1.000000,1.000000
1782454551.245217,385,0.000447,inf,STAND_TEST,0.000000,0.013032,0.140995,-0.242792,0.000000,0.000000,0.000000,1.000000,1.000000
1782454551.265265,386,0.000442,inf,STAND_TEST,0.000000,0.013050,0.141009,-0.242812,0.000000,0.000000,0.000000,1.000000,1.000000
1782454551.285302,387,0.000423,inf,STAND_TEST,0.000000,0.013055,0.141033,-0.242823,0.000000,0.000000,0.000000,1.000000,1.000000
1782454551.305373,388,0.000440,inf,STAND_TEST,0.000000,0.013041,0.141038,-0.242858,0.000000,0.000000,0.000000,1.000000,1.000000
1782454551.325412,389,0.000426,inf,STAND_TEST,0.000000,0.013048,0.141033,-0.242861,0.000000,0.000000,0.000000,1.000000,1.000000
1782454551.345678,390,0.000637,inf,STAND_TEST,0.000000,0.013049,0.141050,-0.242913,0.000000,0.000000,0.000000,1.000000,1.000000
1782454551.365785,391,0.000689,inf,STAND_TEST,0.000000,0.013056,0.141078,-0.242917,0.000000,0.000000,0.000000,1.000000,1.000000
1782454551.385748,392,0.000484,inf,STAND_TEST,0.000000,0.013050,0.141095,-0.242983,0.000000,0.000000,0.000000,1.000000,1.000000
1782454551.405735,393,0.000419,inf,STAND_TEST,0.000000,0.013050,0.141080,-0.242959,0.000000,0.000000,0.000000,1.000000,1.000000
1782454551.425828,394,0.000457,inf,STAND_TEST,0.000000,0.013070,0.141091,-0.242952,0.000000,0.000000,0.000000,1.000000,1.000000
1782454551.445884,395,0.000459,inf,STAND_TEST,0.000000,0.013043,0.141089,-0.242965,0.000000,0.000000,0.000000,1.000000,1.000000
1782454551.465868,396,0.000415,inf,STAND_TEST,0.000000,0.013027,0.141078,-0.242953,0.000000,0.000000,0.000000,1.000000,1.000000
1782454551.486318,397,0.000809,inf,STAND_TEST,0.000000,0.013061,0.141086,-0.242926,0.000000,0.000000,0.000000,1.000000,1.000000
1782454551.506387,398,0.000823,inf,STAND_TEST,0.000000,0.013060,0.141083,-0.242963,0.000000,0.000000,0.000000,1.000000,1.000000
1782454551.526503,399,0.000774,inf,STAND_TEST,0.000000,0.013029,0.141069,-0.242954,0.000000,0.000000,0.000000,1.000000,1.000000
1782454551.546605,400,0.000736,inf,STAND_TEST,0.000000,0.013033,0.141078,-0.242969,0.000000,0.000000,0.000000,1.000000,1.000000
1782454551.566644,401,0.000717,inf,STAND_TEST,0.000000,0.013027,0.141112,-0.242986,0.000000,0.000000,0.000000,1.000000,1.000000
1782454551.586667,402,0.000682,inf,STAND_TEST,0.000000,0.013049,0.141153,-0.242948,0.000000,0.000000,0.000000,1.000000,1.000000
1782454551.606941,403,0.000899,inf,STAND_TEST,0.000000,0.013038,0.141153,-0.242961,0.000000,0.000000,0.000000,1.000000,1.000000
1782454551.627007,404,0.000907,inf,STAND_TEST,0.000000,0.013042,0.141206,-0.242946,0.000000,0.000000,0.000000,1.000000,1.000000
1782454551.647058,405,0.000900,inf,STAND_TEST,0.000000,0.013022,0.141203,-0.242976,0.000000,0.000000,0.000000,1.000000,1.000000
1782454551.667099,406,0.000931,inf,STAND_TEST,0.000000,0.013040,0.141199,-0.242954,0.000000,0.000000,0.000000,1.000000,1.000000
1782454551.687052,407,0.000688,inf,STAND_TEST,0.000000,0.013047,0.141246,-0.242966,0.000000,0.000000,0.000000,1.000000,1.000000
1782454551.707098,408,0.000678,inf,STAND_TEST,0.000000,0.013046,0.141250,-0.242980,0.000000,0.000000,0.000000,1.000000,1.000000
1782454551.727196,409,0.000717,inf,STAND_TEST,0.000000,0.013056,0.141264,-0.242982,0.000000,0.000000,0.000000,1.000000,1.000000
1782454551.747262,410,0.000724,inf,STAND_TEST,0.000000,0.013052,0.141235,-0.242976,0.000000,0.000000,0.000000,1.000000,1.000000
1782454551.767572,411,0.000939,inf,STAND_TEST,0.000000,0.013033,0.141262,-0.242958,0.000000,0.000000,0.000000,1.000000,1.000000
1782454551.787665,412,0.000936,inf,STAND_TEST,0.000000,0.013052,0.141305,-0.242949,0.000000,0.000000,0.000000,1.000000,1.000000
1782454551.807808,413,0.000974,inf,STAND_TEST,0.000000,0.013037,0.141275,-0.242983,0.000000,0.000000,0.000000,1.000000,1.000000
1782454551.827815,414,0.000922,inf,STAND_TEST,0.000000,0.013020,0.141251,-0.242982,0.000000,0.000000,0.000000,1.000000,1.000000
1782454551.847788,415,0.000723,inf,STAND_TEST,0.000000,0.013036,0.141243,-0.242983,0.000000,0.000000,0.000000,1.000000,1.000000
1782454551.867784,416,0.000662,inf,STAND_TEST,0.000000,0.013031,0.141262,-0.243018,0.000000,0.000000,0.000000,1.000000,1.000000
1782454551.887852,417,0.000671,inf,STAND_TEST,0.000000,0.013032,0.141254,-0.243007,0.000000,0.000000,0.000000,1.000000,1.000000
1782454551.908367,418,0.001091,inf,STAND_TEST,0.000000,0.013010,0.141244,-0.242943,0.000000,0.000000,0.000000,1.000000,1.000000
1782454551.928307,419,0.000930,inf,STAND_TEST,0.000000,0.013024,0.141280,-0.242939,0.000000,0.000000,0.000000,1.000000,1.000000
1782454551.948390,420,0.000910,inf,STAND_TEST,0.000000,0.013032,0.141320,-0.242946,0.000000,0.000000,0.000000,1.000000,1.000000
1782454551.968453,421,0.000916,inf,STAND_TEST,0.000000,0.013026,0.141327,-0.242978,0.000000,0.000000,0.000000,1.000000,1.000000
1782454551.988322,422,0.000657,inf,STAND_TEST,0.000000,0.013017,0.141291,-0.242967,0.000000,0.000000,0.000000,1.000000,1.000000
1782454552.008422,423,0.000701,inf,STAND_TEST,0.000000,0.013008,0.141300,-0.242945,0.000000,0.000000,0.000000,1.000000,1.000000
1782454552.028662,424,0.000883,inf,STAND_TEST,0.000000,0.012999,0.141311,-0.242887,0.000000,0.000000,0.000000,1.000000,1.000000
1782454552.048735,425,0.000903,inf,STAND_TEST,0.000000,0.012994,0.141333,-0.242898,0.000000,0.000000,0.000000,1.000000,1.000000
1782454552.068750,426,0.000860,inf,STAND_TEST,0.000000,0.012986,0.141324,-0.242891,0.000000,0.000000,0.000000,1.000000,1.000000
1782454552.088827,427,0.000657,inf,STAND_TEST,0.000000,0.012996,0.141365,-0.242923,0.000000,0.000000,0.000000,1.000000,1.000000
1782454552.109013,428,0.000685,inf,STAND_TEST,0.000000,0.012990,0.141378,-0.242935,0.000000,0.000000,0.000000,1.000000,1.000000
1782454552.129301,429,0.000884,inf,STAND_TEST,0.000000,0.012976,0.141394,-0.242915,0.000000,0.000000,0.000000,1.000000,1.000000
1782454552.149173,430,0.000698,inf,STAND_TEST,0.000000,0.012971,0.141417,-0.242964,0.000000,0.000000,0.000000,1.000000,1.000000
1782454552.169468,431,0.000935,inf,STAND_TEST,0.000000,0.012964,0.141426,-0.242972,0.000000,0.000000,0.000000,1.000000,1.000000
1782454552.189479,432,0.000889,inf,STAND_TEST,0.000000,0.012968,0.141384,-0.242990,0.000000,0.000000,0.000000,1.000000,1.000000
1782454552.209538,433,0.000892,inf,STAND_TEST,0.000000,0.012937,0.141391,-0.243016,0.000000,0.000000,0.000000,1.000000,1.000000
1782454552.229614,434,0.000910,inf,STAND_TEST,0.000000,0.012957,0.141414,-0.243029,0.000000,0.000000,0.000000,1.000000,1.000000
1782454552.249653,435,0.000892,inf,STAND_TEST,0.000000,0.012935,0.141371,-0.243031,0.000000,0.000000,0.000000,1.000000,1.000000
1782454552.269465,436,0.000648,inf,STAND_TEST,0.000000,0.012919,0.141373,-0.243003,0.000000,0.000000,0.000000,1.000000,1.000000
1782454552.289755,437,0.000881,inf,STAND_TEST,0.000000,0.012912,0.141342,-0.242989,0.000000,0.000000,0.000000,1.000000,1.000000
1782454552.309812,438,0.000881,inf,STAND_TEST,0.000000,0.012952,0.141354,-0.242971,0.000000,0.000000,0.000000,1.000000,1.000000
1782454552.329603,439,0.000641,inf,STAND_TEST,0.000000,0.012949,0.141381,-0.243013,0.000000,0.000000,0.000000,1.000000,1.000000
1782454552.349522,440,0.000505,inf,STAND_TEST,0.000000,0.012968,0.141409,-0.243032,0.000000,0.000000,0.000000,1.000000,1.000000
1782454552.369753,441,0.000682,inf,STAND_TEST,0.000000,0.012960,0.141404,-0.243030,0.000000,0.000000,0.000000,1.000000,1.000000
1782454552.389760,442,0.000635,inf,STAND_TEST,0.000000,0.012948,0.141391,-0.243013,0.000000,0.000000,0.000000,1.000000,1.000000
1782454552.409825,443,0.000646,inf,STAND_TEST,0.000000,0.012938,0.141355,-0.243054,0.000000,0.000000,0.000000,1.000000,1.000000
1782454552.429874,444,0.000462,inf,STAND_TEST,0.000000,0.012944,0.141359,-0.243028,0.000000,0.000000,0.000000,1.000000,1.000000
1782454552.449899,445,0.000445,inf,STAND_TEST,0.000000,0.012959,0.141344,-0.243018,0.000000,0.000000,0.000000,1.000000,1.000000
1782454552.469940,446,0.000432,inf,STAND_TEST,0.000000,0.012951,0.141327,-0.243015,0.000000,0.000000,0.000000,1.000000,1.000000
1782454552.489972,447,0.000411,inf,STAND_TEST,0.000000,0.012955,0.141339,-0.243011,0.000000,0.000000,0.000000,1.000000,1.000000
1782454552.510053,448,0.000438,inf,STAND_TEST,0.000000,0.012946,0.141376,-0.243067,0.000000,0.000000,0.000000,1.000000,1.000000
1782454552.530306,449,0.000638,inf,STAND_TEST,0.000000,0.012973,0.141325,-0.243014,0.000000,0.000000,0.000000,1.000000,1.000000
1782454552.550495,450,0.000772,inf,STAND_TEST,0.000000,0.012955,0.141314,-0.242966,0.000000,0.000000,0.000000,1.000000,1.000000
1782454552.570420,451,0.000642,inf,STAND_TEST,0.000000,0.012962,0.141297,-0.242986,0.000000,0.000000,0.000000,1.000000,1.000000
1782454552.590427,452,0.000473,inf,STAND_TEST,0.000000,0.012956,0.141305,-0.242989,0.000000,0.000000,0.000000,1.000000,1.000000
1782454552.610476,453,0.000468,inf,STAND_TEST,0.000000,0.012961,0.141340,-0.242926,0.000000,0.000000,0.000000,1.000000,1.000000
1782454552.630524,454,0.000460,inf,STAND_TEST,0.000000,0.012977,0.141339,-0.242888,0.000000,0.000000,0.000000,1.000000,1.000000
1782454552.650573,455,0.000454,inf,STAND_TEST,0.000000,0.012972,0.141371,-0.242880,0.000000,0.000000,0.000000,1.000000,1.000000
1782454552.670778,456,0.000606,inf,STAND_TEST,0.000000,0.012986,0.141399,-0.242894,0.000000,0.000000,0.000000,1.000000,1.000000
1782454552.690973,457,0.000745,inf,STAND_TEST,0.000000,0.012973,0.141396,-0.242882,0.000000,0.000000,0.000000,1.000000,1.000000
1782454552.710900,458,0.000463,inf,STAND_TEST,0.000000,0.012949,0.141360,-0.242910,0.000000,0.000000,0.000000,1.000000,1.000000
1782454552.731111,459,0.000510,inf,STAND_TEST,0.000000,0.012964,0.141372,-0.242900,0.000000,0.000000,0.000000,1.000000,1.000000
1782454552.751127,460,0.000472,inf,STAND_TEST,0.000000,0.012960,0.141348,-0.242915,0.000000,0.000000,0.000000,1.000000,1.000000
1782454552.771270,461,0.000557,inf,STAND_TEST,0.000000,0.012951,0.141366,-0.242932,0.000000,0.000000,0.000000,1.000000,1.000000
1782454552.791678,462,0.000908,inf,STAND_TEST,0.000000,0.012961,0.141425,-0.242916,0.000000,0.000000,0.000000,1.000000,1.000000
1782454552.811515,463,0.000690,inf,STAND_TEST,0.000000,0.012965,0.141410,-0.242915,0.000000,0.000000,0.000000,1.000000,1.000000
1782454552.831581,464,0.000699,inf,STAND_TEST,0.000000,0.012970,0.141435,-0.242910,0.000000,0.000000,0.000000,1.000000,1.000000
1782454552.851617,465,0.000679,inf,STAND_TEST,0.000000,0.012974,0.141470,-0.242927,0.000000,0.000000,0.000000,1.000000,1.000000
1782454552.871877,466,0.000771,inf,STAND_TEST,0.000000,0.012969,0.141476,-0.242892,0.000000,0.000000,0.000000,1.000000,1.000000
1782454552.891821,467,0.000658,inf,STAND_TEST,0.000000,0.012978,0.141489,-0.242912,0.000000,0.000000,0.000000,1.000000,1.000000
1782454552.911881,468,0.000660,inf,STAND_TEST,0.000000,0.012976,0.141477,-0.242879,0.000000,0.000000,0.000000,1.000000,1.000000
1782454552.931956,469,0.000678,inf,STAND_TEST,0.000000,0.012968,0.141480,-0.242886,0.000000,0.000000,0.000000,1.000000,1.000000
1782454552.952258,470,0.000921,inf,STAND_TEST,0.000000,0.012951,0.141522,-0.242879,0.000000,0.000000,0.000000,1.000000,1.000000
1782454552.972494,471,0.001038,inf,STAND_TEST,0.000000,0.012972,0.141502,-0.242858,0.000000,0.000000,0.000000,1.000000,1.000000
1782454552.992566,472,0.000840,inf,STAND_TEST,0.000000,0.012981,0.141514,-0.242870,0.000000,0.000000,0.000000,1.000000,1.000000
1782454553.012683,473,0.000834,inf,STAND_TEST,0.000000,0.012970,0.141518,-0.242868,0.000000,0.000000,0.000000,1.000000,1.000000
1782454553.033029,474,0.001084,inf,STAND_TEST,0.000000,0.012953,0.141475,-0.242866,0.000000,0.000000,0.000000,1.000000,1.000000
1782454553.053112,475,0.001066,inf,STAND_TEST,0.000000,0.012943,0.141401,-0.242879,0.000000,0.000000,0.000000,1.000000,1.000000
1782454553.073240,476,0.001083,inf,STAND_TEST,0.000000,0.012951,0.141363,-0.242833,0.000000,0.000000,0.000000,1.000000,1.000000
1782454553.093174,477,0.000916,inf,STAND_TEST,0.000000,0.012966,0.141347,-0.242792,0.000000,0.000000,0.000000,1.000000,1.000000
1782454553.113173,478,0.000672,inf,STAND_TEST,0.000000,0.012949,0.141312,-0.242780,0.000000,0.000000,0.000000,1.000000,1.000000
1782454553.133280,479,0.000686,inf,STAND_TEST,0.000000,0.012946,0.141322,-0.242784,0.000000,0.000000,0.000000,1.000000,1.000000
1782454553.153371,480,0.000682,inf,STAND_TEST,0.000000,0.012961,0.141320,-0.242795,0.000000,0.000000,0.000000,1.000000,1.000000
1782454553.173687,481,0.000904,inf,STAND_TEST,0.000000,0.012939,0.141292,-0.242813,0.000000,0.000000,0.000000,1.000000,1.000000
1782454553.193796,482,0.000922,inf,STAND_TEST,0.000000,0.012903,0.141254,-0.242823,0.000000,0.000000,0.000000,1.000000,1.000000
1782454553.213887,483,0.000916,inf,STAND_TEST,0.000000,0.012888,0.141262,-0.242782,0.000000,0.000000,0.000000,1.000000,1.000000
1782454553.233922,484,0.000727,inf,STAND_TEST,0.000000,0.012861,0.141260,-0.242817,0.000000,0.000000,0.000000,1.000000,1.000000
1782454553.253903,485,0.000599,inf,STAND_TEST,0.000000,0.012847,0.141300,-0.242848,0.000000,0.000000,0.000000,1.000000,1.000000
1782454553.273813,486,0.000455,inf,STAND_TEST,0.000000,0.012870,0.141293,-0.242827,0.000000,0.000000,0.000000,1.000000,1.000000
1782454553.293857,487,0.000445,inf,STAND_TEST,0.000000,0.012883,0.141306,-0.242836,0.000000,0.000000,0.000000,1.000000,1.000000
1782454553.314121,488,0.000667,inf,STAND_TEST,0.000000,0.012873,0.141324,-0.242830,0.000000,0.000000,0.000000,1.000000,1.000000
1782454553.334158,489,0.000650,inf,STAND_TEST,0.000000,0.012893,0.141338,-0.242784,0.000000,0.000000,0.000000,1.000000,1.000000
1782454553.354382,490,0.000820,inf,STAND_TEST,0.000000,0.012903,0.141302,-0.242773,0.000000,0.000000,0.000000,1.000000,1.000000
1782454553.374309,491,0.000555,inf,STAND_TEST,0.000000,0.012904,0.141364,-0.242790,0.000000,0.000000,0.000000,1.000000,1.000000
1782454553.394290,492,0.000479,inf,STAND_TEST,0.000000,0.012898,0.141343,-0.242826,0.000000,0.000000,0.000000,1.000000,1.000000
1782454553.414342,493,0.000475,inf,STAND_TEST,0.000000,0.012885,0.141377,-0.242810,0.000000,0.000000,0.000000,1.000000,1.000000
1782454553.434421,494,0.000497,inf,STAND_TEST,0.000000,0.012870,0.141389,-0.242814,0.000000,0.000000,0.000000,1.000000,1.000000
1782454553.454640,495,0.000660,inf,STAND_TEST,0.000000,0.012852,0.141396,-0.242833,0.000000,0.000000,0.000000,1.000000,1.000000
1782454553.474726,496,0.000691,inf,STAND_TEST,0.000000,0.012866,0.141342,-0.242885,0.000000,0.000000,0.000000,1.000000,1.000000
1782454553.494896,497,0.000480,inf,STAND_TEST,0.000000,0.012868,0.141360,-0.242854,0.000000,0.000000,0.000000,1.000000,1.000000
1782454553.515081,498,0.000481,inf,STAND_TEST,0.000000,0.012863,0.141306,-0.242850,0.000000,0.000000,0.000000,1.000000,1.000000
1782454553.535564,499,0.000906,inf,STAND_TEST,0.000000,0.012890,0.141342,-0.242842,0.000000,0.000000,0.000000,1.000000,1.000000
1782454553.555194,500,0.000481,inf,STAND_TEST,0.000000,0.012888,0.141298,-0.242790,0.000000,0.000000,0.000000,1.000000,1.000000
1782454553.575567,501,0.000800,inf,STAND_TEST,0.000000,0.012881,0.141307,-0.242809,0.000000,0.000000,0.000000,1.000000,1.000000
1782454553.595457,502,0.000447,inf,STAND_TEST,0.000000,0.012846,0.141266,-0.242798,0.000000,0.000000,0.000000,1.000000,1.000000
1782454553.615721,503,0.000484,inf,STAND_TEST,0.000000,0.012821,0.141254,-0.242820,0.000000,0.000000,0.000000,1.000000,1.000000
1782454553.635756,504,0.000465,inf,STAND_TEST,0.000000,0.012842,0.141249,-0.242807,0.000000,0.000000,0.000000,1.000000,1.000000
1782454553.655798,505,0.000450,inf,STAND_TEST,0.000000,0.012835,0.141183,-0.242779,0.000000,0.000000,0.000000,1.000000,1.000000
1782454553.676085,506,0.000682,inf,STAND_TEST,0.000000,0.012836,0.141180,-0.242739,0.000000,0.000000,0.000000,1.000000,1.000000
1782454553.696253,507,0.000794,inf,STAND_TEST,0.000000,0.012843,0.141171,-0.242737,0.000000,0.000000,0.000000,1.000000,1.000000
1782454553.716194,508,0.000679,inf,STAND_TEST,0.000000,0.012844,0.141114,-0.242708,0.000000,0.000000,0.000000,1.000000,1.000000
1782454553.736467,509,0.000685,inf,STAND_TEST,0.000000,0.012831,0.141086,-0.242731,0.000000,0.000000,0.000000,1.000000,1.000000
1782454553.756313,510,0.000476,inf,STAND_TEST,0.000000,0.012832,0.141108,-0.242752,0.000000,0.000000,0.000000,1.000000,1.000000
1782454553.776363,511,0.000469,inf,STAND_TEST,0.000000,0.012854,0.141106,-0.242767,0.000000,0.000000,0.000000,1.000000,1.000000
1782454553.796619,512,0.000668,inf,STAND_TEST,0.000000,0.012834,0.141112,-0.242756,0.000000,0.000000,0.000000,1.000000,1.000000
1782454553.816488,513,0.000480,inf,STAND_TEST,0.000000,0.012804,0.141105,-0.242786,0.000000,0.000000,0.000000,1.000000,1.000000
1782454553.836719,514,0.000656,inf,STAND_TEST,0.000000,0.012777,0.141077,-0.242839,0.000000,0.000000,0.000000,1.000000,1.000000
1782454553.856783,515,0.000664,inf,STAND_TEST,0.000000,0.012776,0.141021,-0.242815,0.000000,0.000000,0.000000,1.000000,1.000000
1782454553.876829,516,0.000655,inf,STAND_TEST,0.000000,0.012780,0.140991,-0.242829,0.000000,0.000000,0.000000,1.000000,1.000000
1782454553.896713,517,0.000483,inf,STAND_TEST,0.000000,0.012777,0.141003,-0.242807,0.000000,0.000000,0.000000,1.000000,1.000000
1782454553.916880,518,0.000495,inf,STAND_TEST,0.000000,0.012764,0.140965,-0.242829,0.000000,0.000000,0.000000,1.000000,1.000000
1782454553.936914,519,0.000475,inf,STAND_TEST,0.000000,0.012759,0.140941,-0.242808,0.000000,0.000000,0.000000,1.000000,1.000000
1782454553.956938,520,0.000444,inf,STAND_TEST,0.000000,0.012771,0.140894,-0.242780,0.000000,0.000000,0.000000,1.000000,1.000000
1782454553.977210,521,0.000660,inf,STAND_TEST,0.000000,0.012789,0.140907,-0.242775,0.000000,0.000000,0.000000,1.000000,1.000000
1782454553.997231,522,0.000628,inf,STAND_TEST,0.000000,0.012786,0.140914,-0.242777,0.000000,0.000000,0.000000,1.000000,1.000000
1782454554.017194,523,0.000414,inf,STAND_TEST,0.000000,0.012815,0.140936,-0.242785,0.000000,0.000000,0.000000,1.000000,1.000000
1782454554.037360,524,0.000445,inf,STAND_TEST,0.000000,0.012825,0.140942,-0.242772,0.000000,0.000000,0.000000,1.000000,1.000000
1782454554.057463,525,0.000492,inf,STAND_TEST,0.000000,0.012827,0.140913,-0.242770,0.000000,0.000000,0.000000,1.000000,1.000000
1782454554.077476,526,0.000450,inf,STAND_TEST,0.000000,0.012855,0.140922,-0.242739,0.000000,0.000000,0.000000,1.000000,1.000000
1782454554.097521,527,0.000441,inf,STAND_TEST,0.000000,0.012831,0.140933,-0.242724,0.000000,0.000000,0.000000,1.000000,1.000000
1782454554.117592,528,0.000456,inf,STAND_TEST,0.000000,0.012861,0.140940,-0.242723,0.000000,0.000000,0.000000,1.000000,1.000000
1782454554.137632,529,0.000441,inf,STAND_TEST,0.000000,0.012890,0.140954,-0.242700,0.000000,0.000000,0.000000,1.000000,1.000000
1782454554.157883,530,0.000482,inf,STAND_TEST,0.000000,0.012888,0.140906,-0.242655,0.000000,0.000000,0.000000,1.000000,1.000000
1782454554.177911,531,0.000455,inf,STAND_TEST,0.000000,0.012898,0.140910,-0.242673,0.000000,0.000000,0.000000,1.000000,1.000000
1782454554.197953,532,0.000442,inf,STAND_TEST,0.000000,0.012909,0.140851,-0.242717,0.000000,0.000000,0.000000,1.000000,1.000000
1782454554.218047,533,0.000481,inf,STAND_TEST,0.000000,0.012932,0.140863,-0.242697,0.000000,0.000000,0.000000,1.000000,1.000000
1782454554.238097,534,0.000474,inf,STAND_TEST,0.000000,0.012936,0.140840,-0.242710,0.000000,0.000000,0.000000,1.000000,1.000000
1782454554.258127,535,0.000449,inf,STAND_TEST,0.000000,0.012933,0.140809,-0.242705,0.000000,0.000000,0.000000,1.000000,1.000000
1782454554.278406,536,0.000673,inf,STAND_TEST,0.000000,0.012944,0.140767,-0.242676,0.000000,0.000000,0.000000,1.000000,1.000000
1782454554.298485,537,0.000696,inf,STAND_TEST,0.000000,0.012929,0.140750,-0.242706,0.000000,0.000000,0.000000,1.000000,1.000000
1782454554.318329,538,0.000484,inf,STAND_TEST,0.000000,0.012938,0.140715,-0.242708,0.000000,0.000000,0.000000,1.000000,1.000000
1782454554.338544,539,0.000463,inf,STAND_TEST,0.000000,0.012930,0.140686,-0.242725,0.000000,0.000000,0.000000,1.000000,1.000000
1782454554.358628,540,0.000491,inf,STAND_TEST,0.000000,0.012913,0.140638,-0.242724,0.000000,0.000000,0.000000,1.000000,1.000000
1782454554.378631,541,0.000439,inf,STAND_TEST,0.000000,0.012911,0.140585,-0.242721,0.000000,0.000000,0.000000,1.000000,1.000000
1782454554.398723,542,0.000474,inf,STAND_TEST,0.000000,0.012919,0.140587,-0.242784,0.000000,0.000000,0.000000,1.000000,1.000000
1782454554.419122,543,0.000816,inf,STAND_TEST,0.000000,0.012943,0.140571,-0.242728,0.000000,0.000000,0.000000,1.000000,1.000000
1782454554.439187,544,0.000825,inf,STAND_TEST,0.000000,0.012933,0.140576,-0.242753,0.000000,0.000000,0.000000,1.000000,1.000000
1782454554.459200,545,0.000783,inf,STAND_TEST,0.000000,0.012945,0.140564,-0.242696,0.000000,0.000000,0.000000,1.000000,1.000000
1782454554.479330,546,0.000857,inf,STAND_TEST,0.000000,0.012947,0.140576,-0.242715,0.000000,0.000000,0.000000,1.000000,1.000000
1782454554.499224,547,0.000502,inf,STAND_TEST,0.000000,0.012921,0.140588,-0.242771,0.000000,0.000000,0.000000,1.000000,1.000000
1782454554.519224,548,0.000447,inf,STAND_TEST,0.000000,0.012885,0.140535,-0.242760,0.000000,0.000000,0.000000,1.000000,1.000000
1782454554.539293,549,0.000462,inf,STAND_TEST,0.000000,0.012890,0.140497,-0.242764,0.000000,0.000000,0.000000,1.000000,1.000000
1782454554.559696,550,0.000809,inf,STAND_TEST,0.000000,0.012901,0.140513,-0.242814,0.000000,0.000000,0.000000,1.000000,1.000000
1782454554.579393,551,0.000451,inf,STAND_TEST,0.000000,0.012850,0.140486,-0.242864,0.000000,0.000000,0.000000,1.000000,1.000000
1782454554.599669,552,0.000670,inf,STAND_TEST,0.000000,0.012820,0.140447,-0.242849,0.000000,0.000000,0.000000,1.000000,1.000000
1782454554.619704,553,0.000651,inf,STAND_TEST,0.000000,0.012803,0.140429,-0.242902,0.000000,0.000000,0.000000,1.000000,1.000000
1782454554.639693,554,0.000478,inf,STAND_TEST,0.000000,0.012800,0.140427,-0.242885,0.000000,0.000000,0.000000,1.000000,1.000000
1782454554.659703,555,0.000433,inf,STAND_TEST,0.000000,0.012839,0.140429,-0.242897,0.000000,0.000000,0.000000,1.000000,1.000000
1782454554.679901,556,0.000538,inf,STAND_TEST,0.000000,0.012840,0.140404,-0.242902,0.000000,0.000000,0.000000,1.000000,1.000000
1782454554.699892,557,0.000472,inf,STAND_TEST,0.000000,0.012837,0.140397,-0.242931,0.000000,0.000000,0.000000,1.000000,1.000000
1782454554.719892,558,0.000417,inf,STAND_TEST,0.000000,0.012835,0.140407,-0.242905,0.000000,0.000000,0.000000,1.000000,1.000000
1782454554.740371,559,0.000841,inf,STAND_TEST,0.000000,0.012853,0.140384,-0.242904,0.000000,0.000000,0.000000,1.000000,1.000000
1782454554.760287,560,0.000700,inf,STAND_TEST,0.000000,0.012871,0.140377,-0.242870,0.000000,0.000000,0.000000,1.000000,1.000000
1782454554.780316,561,0.000564,inf,STAND_TEST,0.000000,0.012864,0.140371,-0.242826,0.000000,0.000000,0.000000,1.000000,1.000000
1782454554.800365,562,0.000514,inf,STAND_TEST,0.000000,0.012874,0.140312,-0.242782,0.000000,0.000000,0.000000,1.000000,1.000000
1782454554.820364,563,0.000458,inf,STAND_TEST,0.000000,0.012868,0.140313,-0.242810,0.000000,0.000000,0.000000,1.000000,1.000000
1782454554.840374,564,0.000415,inf,STAND_TEST,0.000000,0.012844,0.140289,-0.242812,0.000000,0.000000,0.000000,1.000000,1.000000
1782454554.860475,565,0.000460,inf,STAND_TEST,0.000000,0.012844,0.140283,-0.242823,0.000000,0.000000,0.000000,1.000000,1.000000
1782454554.880522,566,0.000452,inf,STAND_TEST,0.000000,0.012839,0.140259,-0.242814,0.000000,0.000000,0.000000,1.000000,1.000000
1782454554.900785,567,0.000660,inf,STAND_TEST,0.000000,0.012828,0.140244,-0.242829,0.000000,0.000000,0.000000,1.000000,1.000000
1782454554.920817,568,0.000637,inf,STAND_TEST,0.000000,0.012822,0.140192,-0.242844,0.000000,0.000000,0.000000,1.000000,1.000000
1782454554.940921,569,0.000687,inf,STAND_TEST,0.000000,0.012814,0.140201,-0.242880,0.000000,0.000000,0.000000,1.000000,1.000000
1782454554.961001,570,0.000499,inf,STAND_TEST,0.000000,0.012804,0.140190,-0.242894,0.000000,0.000000,0.000000,1.000000,1.000000
1782454554.980988,571,0.000432,inf,STAND_TEST,0.000000,0.012828,0.140221,-0.242913,0.000000,0.000000,0.000000,1.000000,1.000000
1782454555.001022,572,0.000411,inf,STAND_TEST,0.000000,0.012813,0.140196,-0.242938,0.000000,0.000000,0.000000,1.000000,1.000000
1782454555.021318,573,0.000653,inf,STAND_TEST,0.000000,0.012820,0.140185,-0.242922,0.000000,0.000000,0.000000,1.000000,1.000000
1782454555.041123,574,0.000405,inf,STAND_TEST,0.000000,0.012829,0.140203,-0.242923,0.000000,0.000000,0.000000,1.000000,1.000000
1782454555.061412,575,0.000437,inf,STAND_TEST,0.000000,0.012865,0.140161,-0.242949,0.000000,0.000000,0.000000,1.000000,1.000000
1782454555.081457,576,0.000429,inf,STAND_TEST,0.000000,0.012873,0.140140,-0.242952,0.000000,0.000000,0.000000,1.000000,1.000000
1782454555.101549,577,0.000465,inf,STAND_TEST,0.000000,0.012866,0.140164,-0.242932,0.000000,0.000000,0.000000,1.000000,1.000000
1782454555.121573,578,0.000435,inf,STAND_TEST,0.000000,0.012893,0.140220,-0.242943,0.000000,0.000000,0.000000,1.000000,1.000000
1782454555.141617,579,0.000425,inf,STAND_TEST,0.000000,0.012891,0.140247,-0.242977,0.000000,0.000000,0.000000,1.000000,1.000000
1782454555.161997,580,0.000750,inf,STAND_TEST,0.000000,0.012875,0.140249,-0.242975,0.000000,0.000000,0.000000,1.000000,1.000000
1782454555.182003,581,0.000700,inf,STAND_TEST,0.000000,0.012878,0.140227,-0.242973,0.000000,0.000000,0.000000,1.000000,1.000000
1782454555.201993,582,0.000636,inf,STAND_TEST,0.000000,0.012889,0.140240,-0.242970,0.000000,0.000000,0.000000,1.000000,1.000000
1782454555.222148,583,0.000502,inf,STAND_TEST,0.000000,0.012868,0.140239,-0.242999,0.000000,0.000000,0.000000,1.000000,1.000000
1782454555.242203,584,0.000462,inf,STAND_TEST,0.000000,0.012858,0.140211,-0.243010,0.000000,0.000000,0.000000,1.000000,1.000000
1782454555.262233,585,0.000437,inf,STAND_TEST,0.000000,0.012871,0.140195,-0.243019,0.000000,0.000000,0.000000,1.000000,1.000000
1782454555.282284,586,0.000435,inf,STAND_TEST,0.000000,0.012873,0.140158,-0.243030,0.000000,0.000000,0.000000,1.000000,1.000000
1782454555.302574,587,0.000668,inf,STAND_TEST,0.000000,0.012903,0.140151,-0.243054,0.000000,0.000000,0.000000,1.000000,1.000000
1782454555.322635,588,0.000676,inf,STAND_TEST,0.000000,0.012881,0.140068,-0.242999,0.000000,0.000000,0.000000,1.000000,1.000000
1782454555.342702,589,0.000687,inf,STAND_TEST,0.000000,0.012872,0.140041,-0.243026,0.000000,0.000000,0.000000,1.000000,1.000000
1782454555.362638,590,0.000501,inf,STAND_TEST,0.000000,0.012848,0.140015,-0.243057,0.000000,0.000000,0.000000,1.000000,1.000000
1782454555.383085,591,0.000782,inf,STAND_TEST,0.000000,0.012857,0.140006,-0.243054,0.000000,0.000000,0.000000,1.000000,1.000000
1782454555.403403,592,0.001038,inf,STAND_TEST,0.000000,0.012852,0.139977,-0.243048,0.000000,0.000000,0.000000,1.000000,1.000000
1782454555.423311,593,0.000888,inf,STAND_TEST,0.000000,0.012860,0.139928,-0.243055,0.000000,0.000000,0.000000,1.000000,1.000000
1782454555.443489,594,0.001009,inf,STAND_TEST,0.000000,0.012866,0.139927,-0.243065,0.000000,0.000000,0.000000,1.000000,1.000000
1782454555.463539,595,0.001002,inf,STAND_TEST,0.000000,0.012856,0.139908,-0.243071,0.000000,0.000000,0.000000,1.000000,1.000000
1782454555.483500,596,0.000905,inf,STAND_TEST,0.000000,0.012855,0.139928,-0.243057,0.000000,0.000000,0.000000,1.000000,1.000000
1782454555.503534,597,0.000883,inf,STAND_TEST,0.000000,0.012878,0.139962,-0.243046,0.000000,0.000000,0.000000,1.000000,1.000000
1782454555.523451,598,0.000683,inf,STAND_TEST,0.000000,0.012884,0.139981,-0.243026,0.000000,0.000000,0.000000,1.000000,1.000000
1782454555.543400,599,0.000490,inf,STAND_TEST,0.000000,0.012884,0.139992,-0.243025,0.000000,0.000000,0.000000,1.000000,1.000000
1782454555.563469,600,0.000503,inf,STAND_TEST,0.000000,0.012877,0.139981,-0.243061,0.000000,0.000000,0.000000,1.000000,1.000000
1782454555.583689,601,0.000668,inf,STAND_TEST,0.000000,0.012887,0.140026,-0.243084,0.000000,0.000000,0.000000,1.000000,1.000000
1782454555.603753,602,0.000677,inf,STAND_TEST,0.000000,0.012866,0.140035,-0.243070,0.000000,0.000000,0.000000,1.000000,1.000000
1782454555.623776,603,0.000646,inf,STAND_TEST,0.000000,0.012874,0.140085,-0.243072,0.000000,0.000000,0.000000,1.000000,1.000000
1782454555.643831,604,0.000645,inf,STAND_TEST,0.000000,0.012893,0.140110,-0.243054,0.000000,0.000000,0.000000,1.000000,1.000000
1782454555.663744,605,0.000458,inf,STAND_TEST,0.000000,0.012886,0.140136,-0.243058,0.000000,0.000000,0.000000,1.000000,1.000000
1782454555.683921,606,0.000499,inf,STAND_TEST,0.000000,0.012899,0.140146,-0.243035,0.000000,0.000000,0.000000,1.000000,1.000000
1782454555.703963,607,0.000485,inf,STAND_TEST,0.000000,0.012898,0.140134,-0.243043,0.000000,0.000000,0.000000,1.000000,1.000000
1782454555.724015,608,0.000481,inf,STAND_TEST,0.000000,0.012899,0.140130,-0.243017,0.000000,0.000000,0.000000,1.000000,1.000000
1782454555.744082,609,0.000491,inf,STAND_TEST,0.000000,0.012886,0.140098,-0.242996,0.000000,0.000000,0.000000,1.000000,1.000000
1782454555.764139,610,0.000493,inf,STAND_TEST,0.000000,0.012906,0.140081,-0.242984,0.000000,0.000000,0.000000,1.000000,1.000000
1782454555.784348,611,0.000646,inf,STAND_TEST,0.000000,0.012906,0.140120,-0.242995,0.000000,0.000000,0.000000,1.000000,1.000000
1782454555.804433,612,0.000677,inf,STAND_TEST,0.000000,0.012889,0.140147,-0.243021,0.000000,0.000000,0.000000,1.000000,1.000000
1782454555.824513,613,0.000703,inf,STAND_TEST,0.000000,0.012897,0.140200,-0.243040,0.000000,0.000000,0.000000,1.000000,1.000000
1782454555.844431,614,0.000483,inf,STAND_TEST,0.000000,0.012895,0.140175,-0.243055,0.000000,0.000000,0.000000,1.000000,1.000000
1782454555.864471,615,0.000467,inf,STAND_TEST,0.000000,0.012921,0.140201,-0.243038,0.000000,0.000000,0.000000,1.000000,1.000000
1782454555.884523,616,0.000463,inf,STAND_TEST,0.000000,0.012920,0.140195,-0.243032,0.000000,0.000000,0.000000,1.000000,1.000000
1782454555.904595,617,0.000481,inf,STAND_TEST,0.000000,0.012887,0.140244,-0.243060,0.000000,0.000000,0.000000,1.000000,1.000000
1782454555.924846,618,0.000677,inf,STAND_TEST,0.000000,0.012903,0.140254,-0.243082,0.000000,0.000000,0.000000,1.000000,1.000000
1782454555.944898,619,0.000674,inf,STAND_TEST,0.000000,0.012919,0.140232,-0.243059,0.000000,0.000000,0.000000,1.000000,1.000000
1782454555.964940,620,0.000490,inf,STAND_TEST,0.000000,0.012914,0.140191,-0.243044,0.000000,0.000000,0.000000,1.000000,1.000000
1782454555.984946,621,0.000441,inf,STAND_TEST,0.000000,0.012915,0.140224,-0.243074,0.000000,0.000000,0.000000,1.000000,1.000000
1782454556.004992,622,0.000429,inf,STAND_TEST,0.000000,0.012891,0.140225,-0.243054,0.000000,0.000000,0.000000,1.000000,1.000000
1782454556.025069,623,0.000450,inf,STAND_TEST,0.000000,0.012894,0.140191,-0.243097,0.000000,0.000000,0.000000,1.000000,1.000000
1782454556.045106,624,0.000432,inf,STAND_TEST,0.000000,0.012876,0.140162,-0.243117,0.000000,0.000000,0.000000,1.000000,1.000000
1782454556.065157,625,0.000427,inf,STAND_TEST,0.000000,0.012860,0.140130,-0.243108,0.000000,0.000000,0.000000,1.000000,1.000000
1782454556.085209,626,0.000425,inf,STAND_TEST,0.000000,0.012855,0.140123,-0.243124,0.000000,0.000000,0.000000,1.000000,1.000000
1782454556.105525,627,0.000685,inf,STAND_TEST,0.000000,0.012841,0.140141,-0.243157,0.000000,0.000000,0.000000,1.000000,1.000000
1782454556.125558,628,0.000663,inf,STAND_TEST,0.000000,0.012864,0.140144,-0.243145,0.000000,0.000000,0.000000,1.000000,1.000000
1782454556.145655,629,0.000705,inf,STAND_TEST,0.000000,0.012874,0.140196,-0.243172,0.000000,0.000000,0.000000,1.000000,1.000000
1782454556.165465,630,0.000457,inf,STAND_TEST,0.000000,0.012880,0.140140,-0.243176,0.000000,0.000000,0.000000,1.000000,1.000000
1782454556.185525,631,0.000453,inf,STAND_TEST,0.000000,0.012862,0.140172,-0.243175,0.000000,0.000000,0.000000,1.000000,1.000000
1782454556.205576,632,0.000449,inf,STAND_TEST,0.000000,0.012883,0.140187,-0.243173,0.000000,0.000000,0.000000,1.000000,1.000000
1782454556.225886,633,0.000703,inf,STAND_TEST,0.000000,0.012866,0.140208,-0.243147,0.000000,0.000000,0.000000,1.000000,1.000000
1782454556.245947,634,0.000709,inf,STAND_TEST,0.000000,0.012889,0.140236,-0.243150,0.000000,0.000000,0.000000,1.000000,1.000000
1782454556.265754,635,0.000461,inf,STAND_TEST,0.000000,0.012878,0.140300,-0.243153,0.000000,0.000000,0.000000,1.000000,1.000000
1782454556.286026,636,0.000677,inf,STAND_TEST,0.000000,0.012839,0.140288,-0.243165,0.000000,0.000000,0.000000,1.000000,1.000000
1782454556.305988,637,0.000461,inf,STAND_TEST,0.000000,0.012847,0.140315,-0.243168,0.000000,0.000000,0.000000,1.000000,1.000000
1782454556.326113,638,0.000440,inf,STAND_TEST,0.000000,0.012858,0.140336,-0.243170,0.000000,0.000000,0.000000,1.000000,1.000000
1782454556.346188,639,0.000461,inf,STAND_TEST,0.000000,0.012857,0.140330,-0.243161,0.000000,0.000000,0.000000,1.000000,1.000000
1782454556.366203,640,0.000421,inf,STAND_TEST,0.000000,0.012834,0.140356,-0.243160,0.000000,0.000000,0.000000,1.000000,1.000000
1782454556.386269,641,0.000433,inf,STAND_TEST,0.000000,0.012815,0.140399,-0.243203,0.000000,0.000000,0.000000,1.000000,1.000000
1782454556.406541,642,0.000651,inf,STAND_TEST,0.000000,0.012828,0.140361,-0.243171,0.000000,0.000000,0.000000,1.000000,1.000000
1782454556.426658,643,0.000711,inf,STAND_TEST,0.000000,0.012870,0.140379,-0.243185,0.000000,0.000000,0.000000,1.000000,1.000000
1782454556.446967,644,0.000727,inf,STAND_TEST,0.000000,0.012842,0.140416,-0.243185,0.000000,0.000000,0.000000,1.000000,1.000000
1782454556.467031,645,0.000691,inf,STAND_TEST,0.000000,0.012853,0.140406,-0.243177,0.000000,0.000000,0.000000,1.000000,1.000000
1782454556.487097,646,0.000699,inf,STAND_TEST,0.000000,0.012858,0.140417,-0.243174,0.000000,0.000000,0.000000,1.000000,1.000000
1782454556.507142,647,0.000688,inf,STAND_TEST,0.000000,0.012854,0.140388,-0.243173,0.000000,0.000000,0.000000,1.000000,1.000000
1782454556.526945,648,0.000436,inf,STAND_TEST,0.000000,0.012859,0.140390,-0.243185,0.000000,0.000000,0.000000,1.000000,1.000000
1782454556.547431,649,0.000864,inf,STAND_TEST,0.000000,0.012871,0.140407,-0.243217,0.000000,0.000000,0.000000,1.000000,1.000000
1782454556.567294,650,0.000673,inf,STAND_TEST,0.000000,0.012881,0.140441,-0.243206,0.000000,0.000000,0.000000,1.000000,1.000000
1782454556.587308,651,0.000418,inf,STAND_TEST,0.000000,0.012897,0.140449,-0.243176,0.000000,0.000000,0.000000,1.000000,1.000000
1782454556.607338,652,0.000396,inf,STAND_TEST,0.000000,0.012881,0.140410,-0.243193,0.000000,0.000000,0.000000,1.000000,1.000000
1782454556.627446,653,0.000448,inf,STAND_TEST,0.000000,0.012872,0.140407,-0.243207,0.000000,0.000000,0.000000,1.000000,1.000000
1782454556.647527,654,0.000474,inf,STAND_TEST,0.000000,0.012869,0.140409,-0.243210,0.000000,0.000000,0.000000,1.000000,1.000000
1782454556.667752,655,0.000644,inf,STAND_TEST,0.000000,0.012878,0.140414,-0.243204,0.000000,0.000000,0.000000,1.000000,1.000000
1782454556.687592,656,0.000430,inf,STAND_TEST,0.000000,0.012894,0.140432,-0.243208,0.000000,0.000000,0.000000,1.000000,1.000000
1782454556.707919,657,0.000703,inf,STAND_TEST,0.000000,0.012881,0.140415,-0.243204,0.000000,0.000000,0.000000,1.000000,1.000000
1782454556.727982,658,0.000710,inf,STAND_TEST,0.000000,0.012884,0.140380,-0.243181,0.000000,0.000000,0.000000,1.000000,1.000000
1782454556.748100,659,0.000466,inf,STAND_TEST,0.000000,0.012897,0.140394,-0.243191,0.000000,0.000000,0.000000,1.000000,1.000000
1782454556.768142,660,0.000453,inf,STAND_TEST,0.000000,0.012897,0.140397,-0.243182,0.000000,0.000000,0.000000,1.000000,1.000000
1782454556.788789,661,0.001008,inf,STAND_TEST,0.000000,0.012915,0.140433,-0.243166,0.000000,0.000000,0.000000,1.000000,1.000000
1782454556.808903,662,0.001015,inf,STAND_TEST,0.000000,0.012923,0.140390,-0.243164,0.000000,0.000000,0.000000,1.000000,1.000000
1782454556.828963,663,0.000978,inf,STAND_TEST,0.000000,0.012930,0.140407,-0.243197,0.000000,0.000000,0.000000,1.000000,1.000000
1782454556.848859,664,0.000696,inf,STAND_TEST,0.000000,0.012925,0.140466,-0.243230,0.000000,0.000000,0.000000,1.000000,1.000000
1782454556.868947,665,0.000688,inf,STAND_TEST,0.000000,0.012946,0.140472,-0.243231,0.000000,0.000000,0.000000,1.000000,1.000000
1782454556.889053,666,0.000692,inf,STAND_TEST,0.000000,0.012966,0.140479,-0.243228,0.000000,0.000000,0.000000,1.000000,1.000000
1782454556.909384,667,0.000931,inf,STAND_TEST,0.000000,0.012966,0.140470,-0.243206,0.000000,0.000000,0.000000,1.000000,1.000000
1782454556.929484,668,0.000935,inf,STAND_TEST,0.000000,0.012998,0.140490,-0.243187,0.000000,0.000000,0.000000,1.000000,1.000000
1782454556.949577,669,0.000674,inf,STAND_TEST,0.000000,0.012991,0.140516,-0.243191,0.000000,0.000000,0.000000,1.000000,1.000000
1782454556.969486,670,0.000486,inf,STAND_TEST,0.000000,0.013002,0.140549,-0.243180,0.000000,0.000000,0.000000,1.000000,1.000000
1782454556.989527,671,0.000472,inf,STAND_TEST,0.000000,0.012984,0.140531,-0.243197,0.000000,0.000000,0.000000,1.000000,1.000000
1782454557.009528,672,0.000419,inf,STAND_TEST,0.000000,0.012984,0.140565,-0.243226,0.000000,0.000000,0.000000,1.000000,1.000000
1782454557.029560,673,0.000397,inf,STAND_TEST,0.000000,0.012975,0.140600,-0.243265,0.000000,0.000000,0.000000,1.000000,1.000000
1782454557.049850,674,0.000633,inf,STAND_TEST,0.000000,0.013007,0.140586,-0.243225,0.000000,0.000000,0.000000,1.000000,1.000000
1782454557.069894,675,0.000624,inf,STAND_TEST,0.000000,0.012993,0.140570,-0.243206,0.000000,0.000000,0.000000,1.000000,1.000000
1782454557.089908,676,0.000393,inf,STAND_TEST,0.000000,0.012994,0.140571,-0.243200,0.000000,0.000000,0.000000,1.000000,1.000000
1782454557.109971,677,0.000402,inf,STAND_TEST,0.000000,0.013000,0.140606,-0.243216,0.000000,0.000000,0.000000,1.000000,1.000000
1782454557.130056,678,0.000433,inf,STAND_TEST,0.000000,0.013012,0.140606,-0.243213,0.000000,0.000000,0.000000,1.000000,1.000000
1782454557.150107,679,0.000430,inf,STAND_TEST,0.000000,0.013022,0.140595,-0.243196,0.000000,0.000000,0.000000,1.000000,1.000000
1782454557.170142,680,0.000411,inf,STAND_TEST,0.000000,0.013028,0.140570,-0.243175,0.000000,0.000000,0.000000,1.000000,1.000000
1782454557.190413,681,0.000628,inf,STAND_TEST,0.000000,0.013035,0.140615,-0.243230,0.000000,0.000000,0.000000,1.000000,1.000000
1782454557.210447,682,0.000608,inf,STAND_TEST,0.000000,0.013021,0.140616,-0.243239,0.000000,0.000000,0.000000,1.000000,1.000000
1782454557.230658,683,0.000763,inf,STAND_TEST,0.000000,0.013009,0.140597,-0.243214,0.000000,0.000000,0.000000,1.000000,1.000000
1782454557.250516,684,0.000468,inf,STAND_TEST,0.000000,0.012995,0.140622,-0.243244,0.000000,0.000000,0.000000,1.000000,1.000000
1782454557.270528,685,0.000421,inf,STAND_TEST,0.000000,0.012999,0.140611,-0.243247,0.000000,0.000000,0.000000,1.000000,1.000000
1782454557.290597,686,0.000434,inf,STAND_TEST,0.000000,0.012998,0.140600,-0.243271,0.000000,0.000000,0.000000,1.000000,1.000000
1782454557.310707,687,0.000437,inf,STAND_TEST,0.000000,0.012986,0.140590,-0.243299,0.000000,0.000000,0.000000,1.000000,1.000000
1782454557.331072,688,0.000694,inf,STAND_TEST,0.000000,0.012975,0.140590,-0.243334,0.000000,0.000000,0.000000,1.000000,1.000000
1782454557.351259,689,0.000822,inf,STAND_TEST,0.000000,0.012949,0.140592,-0.243366,0.000000,0.000000,0.000000,1.000000,1.000000
1782454557.371119,690,0.000429,inf,STAND_TEST,0.000000,0.012957,0.140662,-0.243398,0.000000,0.000000,0.000000,1.000000,1.000000
1782454557.391239,691,0.000433,inf,STAND_TEST,0.000000,0.012940,0.140693,-0.243407,0.000000,0.000000,0.000000,1.000000,1.000000
1782454557.411357,692,0.000423,inf,STAND_TEST,0.000000,0.012946,0.140644,-0.243360,0.000000,0.000000,0.000000,1.000000,1.000000
1782454557.431774,693,0.000729,inf,STAND_TEST,0.000000,0.012979,0.140671,-0.243324,0.000000,0.000000,0.000000,1.000000,1.000000
1782454557.451750,694,0.000419,inf,STAND_TEST,0.000000,0.012955,0.140631,-0.243313,0.000000,0.000000,0.000000,1.000000,1.000000
1782454557.471859,695,0.000421,inf,STAND_TEST,0.000000,0.012985,0.140665,-0.243306,0.000000,0.000000,0.000000,1.000000,1.000000
1782454557.492056,696,0.000438,inf,STAND_TEST,0.000000,0.012961,0.140639,-0.243320,0.000000,0.000000,0.000000,1.000000,1.000000
1782454557.512157,697,0.000423,inf,STAND_TEST,0.000000,0.012916,0.140657,-0.243352,0.000000,0.000000,0.000000,1.000000,1.000000
1782454557.532258,698,0.000422,inf,STAND_TEST,0.000000,0.012869,0.140678,-0.243333,0.000000,0.000000,0.000000,1.000000,1.000000
1782454557.552719,699,0.000826,inf,STAND_TEST,0.000000,0.012858,0.140616,-0.243323,0.000000,0.000000,0.000000,1.000000,1.000000
1782454557.572740,700,0.000793,inf,STAND_TEST,0.000000,0.012848,0.140585,-0.243308,0.000000,0.000000,0.000000,1.000000,1.000000
1782454557.592487,701,0.000394,inf,STAND_TEST,0.000000,0.012871,0.140597,-0.243299,0.000000,0.000000,0.000000,1.000000,1.000000
1782454557.612598,702,0.000452,inf,STAND_TEST,0.000000,0.012879,0.140575,-0.243274,0.000000,0.000000,0.000000,1.000000,1.000000
1782454557.632630,703,0.000430,inf,STAND_TEST,0.000000,0.012874,0.140563,-0.243297,0.000000,0.000000,0.000000,1.000000,1.000000
1782454557.652717,704,0.000463,inf,STAND_TEST,0.000000,0.012863,0.140584,-0.243329,0.000000,0.000000,0.000000,1.000000,1.000000
1782454557.673170,705,0.000859,inf,STAND_TEST,0.000000,0.012884,0.140621,-0.243338,0.000000,0.000000,0.000000,1.000000,1.000000
1782454557.693186,706,0.000819,inf,STAND_TEST,0.000000,0.012894,0.140601,-0.243332,0.000000,0.000000,0.000000,1.000000,1.000000
1782454557.713099,707,0.000676,inf,STAND_TEST,0.000000,0.012879,0.140552,-0.243333,0.000000,0.000000,0.000000,1.000000,1.000000
1782454557.733038,708,0.000488,inf,STAND_TEST,0.000000,0.012871,0.140561,-0.243326,0.000000,0.000000,0.000000,1.000000,1.000000
1782454557.753275,709,0.000493,inf,STAND_TEST,0.000000,0.012876,0.140525,-0.243305,0.000000,0.000000,0.000000,1.000000,1.000000
1782454557.773336,710,0.000499,inf,STAND_TEST,0.000000,0.012878,0.140521,-0.243310,0.000000,0.000000,0.000000,1.000000,1.000000
1782454557.793347,711,0.000455,inf,STAND_TEST,0.000000,0.012879,0.140530,-0.243291,0.000000,0.000000,0.000000,1.000000,1.000000
1782454557.813650,712,0.000702,inf,STAND_TEST,0.000000,0.012893,0.140505,-0.243276,0.000000,0.000000,0.000000,1.000000,1.000000
1782454557.833711,713,0.000707,inf,STAND_TEST,0.000000,0.012922,0.140543,-0.243301,0.000000,0.000000,0.000000,1.000000,1.000000
1782454557.853637,714,0.000470,inf,STAND_TEST,0.000000,0.012909,0.140541,-0.243298,0.000000,0.000000,0.000000,1.000000,1.000000
1782454557.873780,715,0.000457,inf,STAND_TEST,0.000000,0.012916,0.140537,-0.243299,0.000000,0.000000,0.000000,1.000000,1.000000
1782454557.893877,716,0.000498,inf,STAND_TEST,0.000000,0.012881,0.140593,-0.243292,0.000000,0.000000,0.000000,1.000000,1.000000
1782454557.913945,717,0.000512,inf,STAND_TEST,0.000000,0.012887,0.140625,-0.243344,0.000000,0.000000,0.000000,1.000000,1.000000
1782454557.933959,718,0.000496,inf,STAND_TEST,0.000000,0.012886,0.140605,-0.243343,0.000000,0.000000,0.000000,1.000000,1.000000
1782454557.954014,719,0.000495,inf,STAND_TEST,0.000000,0.012886,0.140576,-0.243343,0.000000,0.000000,0.000000,1.000000,1.000000
1782454557.974206,720,0.000632,inf,STAND_TEST,0.000000,0.012885,0.140587,-0.243353,0.000000,0.000000,0.000000,1.000000,1.000000
1782454557.994260,721,0.000631,inf,STAND_TEST,0.000000,0.012873,0.140564,-0.243392,0.000000,0.000000,0.000000,1.000000,1.000000
1782454558.014581,722,0.000739,inf,STAND_TEST,0.000000,0.012882,0.140571,-0.243435,0.000000,0.000000,0.000000,1.000000,1.000000
1782454558.034602,723,0.000699,inf,STAND_TEST,0.000000,0.012901,0.140570,-0.243399,0.000000,0.000000,0.000000,1.000000,1.000000
1782454558.054704,724,0.000701,inf,STAND_TEST,0.000000,0.012896,0.140562,-0.243408,0.000000,0.000000,0.000000,1.000000,1.000000
1782454558.075021,725,0.000922,inf,STAND_TEST,0.000000,0.012916,0.140537,-0.243371,0.000000,0.000000,0.000000,1.000000,1.000000
1782454558.095066,726,0.000909,inf,STAND_TEST,0.000000,0.012919,0.140500,-0.243361,0.000000,0.000000,0.000000,1.000000,1.000000
1782454558.115142,727,0.000926,inf,STAND_TEST,0.000000,0.012935,0.140498,-0.243339,0.000000,0.000000,0.000000,1.000000,1.000000
1782454558.135178,728,0.000904,inf,STAND_TEST,0.000000,0.012931,0.140487,-0.243341,0.000000,0.000000,0.000000,1.000000,1.000000
1782454558.155338,729,0.000721,inf,STAND_TEST,0.000000,0.012942,0.140507,-0.243391,0.000000,0.000000,0.000000,1.000000,1.000000
1782454558.175359,730,0.000685,inf,STAND_TEST,0.000000,0.012945,0.140485,-0.243347,0.000000,0.000000,0.000000,1.000000,1.000000
1782454558.195762,731,0.001030,inf,STAND_TEST,0.000000,0.012961,0.140465,-0.243332,0.000000,0.000000,0.000000,1.000000,1.000000
1782454558.215995,732,0.001139,inf,STAND_TEST,0.000000,0.012952,0.140438,-0.243342,0.000000,0.000000,0.000000,1.000000,1.000000
1782454558.235935,733,0.001019,inf,STAND_TEST,0.000000,0.012925,0.140382,-0.243312,0.000000,0.000000,0.000000,1.000000,1.000000
1782454558.255973,734,0.000933,inf,STAND_TEST,0.000000,0.012935,0.140397,-0.243313,0.000000,0.000000,0.000000,1.000000,1.000000
1782454558.276060,735,0.000786,inf,STAND_TEST,0.000000,0.012932,0.140411,-0.243330,0.000000,0.000000,0.000000,1.000000,1.000000
1782454558.296079,736,0.000708,inf,STAND_TEST,0.000000,0.012945,0.140436,-0.243343,0.000000,0.000000,0.000000,1.000000,1.000000
1782454558.316394,737,0.000932,inf,STAND_TEST,0.000000,0.012964,0.140453,-0.243312,0.000000,0.000000,0.000000,1.000000,1.000000
1782454558.336299,738,0.000737,inf,STAND_TEST,0.000000,0.012953,0.140428,-0.243319,0.000000,0.000000,0.000000,1.000000,1.000000
1782454558.356418,739,0.000800,inf,STAND_TEST,0.000000,0.012918,0.140407,-0.243302,0.000000,0.000000,0.000000,1.000000,1.000000
1782454558.376464,740,0.000792,inf,STAND_TEST,0.000000,0.012931,0.140383,-0.243254,0.000000,0.000000,0.000000,1.000000,1.000000
1782454558.396291,741,0.000447,inf,STAND_TEST,0.000000,0.012970,0.140369,-0.243227,0.000000,0.000000,0.000000,1.000000,1.000000
1782454558.416356,742,0.000457,inf,STAND_TEST,0.000000,0.012996,0.140366,-0.243201,0.000000,0.000000,0.000000,1.000000,1.000000
1782454558.436421,743,0.000467,inf,STAND_TEST,0.000000,0.013009,0.140365,-0.243161,0.000000,0.000000,0.000000,1.000000,1.000000
1782454558.456473,744,0.000465,inf,STAND_TEST,0.000000,0.013011,0.140362,-0.243139,0.000000,0.000000,0.000000,1.000000,1.000000
1782454558.476535,745,0.000472,inf,STAND_TEST,0.000000,0.013025,0.140378,-0.243108,0.000000,0.000000,0.000000,1.000000,1.000000
1782454558.496796,746,0.000679,inf,STAND_TEST,0.000000,0.013033,0.140382,-0.243094,0.000000,0.000000,0.000000,1.000000,1.000000
1782454558.516809,747,0.000637,inf,STAND_TEST,0.000000,0.013016,0.140375,-0.243104,0.000000,0.000000,0.000000,1.000000,1.000000
1782454558.536922,748,0.000695,inf,STAND_TEST,0.000000,0.013008,0.140381,-0.243108,0.000000,0.000000,0.000000,1.000000,1.000000
1782454558.556865,749,0.000496,inf,STAND_TEST,0.000000,0.013034,0.140402,-0.243088,0.000000,0.000000,0.000000,1.000000,1.000000
1782454558.576847,750,0.000422,inf,STAND_TEST,0.000000,0.013062,0.140362,-0.243065,0.000000,0.000000,0.000000,1.000000,1.000000
1782454558.596928,751,0.000449,inf,STAND_TEST,0.000000,0.013068,0.140404,-0.243022,0.000000,0.000000,0.000000,1.000000,1.000000
1782454558.616943,752,0.000410,inf,STAND_TEST,0.000000,0.013081,0.140463,-0.243008,0.000000,0.000000,0.000000,1.000000,1.000000
1782454558.637025,753,0.000437,inf,STAND_TEST,0.000000,0.013098,0.140469,-0.243004,0.000000,0.000000,0.000000,1.000000,1.000000
1782454558.657269,754,0.000627,inf,STAND_TEST,0.000000,0.013095,0.140517,-0.243017,0.000000,0.000000,0.000000,1.000000,1.000000
1782454558.677507,755,0.000802,inf,STAND_TEST,0.000000,0.013099,0.140498,-0.243003,0.000000,0.000000,0.000000,1.000000,1.000000
1782454558.697437,756,0.000676,inf,STAND_TEST,0.000000,0.013070,0.140500,-0.243026,0.000000,0.000000,0.000000,1.000000,1.000000
1782454558.717495,757,0.000496,inf,STAND_TEST,0.000000,0.013098,0.140486,-0.243010,0.000000,0.000000,0.000000,1.000000,1.000000
1782454558.737535,758,0.000481,inf,STAND_TEST,0.000000,0.013098,0.140501,-0.242999,0.000000,0.000000,0.000000,1.000000,1.000000
1782454558.757556,759,0.000445,inf,STAND_TEST,0.000000,0.013103,0.140513,-0.242963,0.000000,0.000000,0.000000,1.000000,1.000000
1782454558.777621,760,0.000452,inf,STAND_TEST,0.000000,0.013125,0.140514,-0.242962,0.000000,0.000000,0.000000,1.000000,1.000000
1782454558.797682,761,0.000456,inf,STAND_TEST,0.000000,0.013118,0.140540,-0.242953,0.000000,0.000000,0.000000,1.000000,1.000000
1782454558.818254,762,0.000972,inf,STAND_TEST,0.000000,0.013118,0.140530,-0.242943,0.000000,0.000000,0.000000,1.000000,1.000000
1782454558.838071,763,0.000734,inf,STAND_TEST,0.000000,0.013132,0.140515,-0.242922,0.000000,0.000000,0.000000,1.000000,1.000000
1782454558.858095,764,0.000514,inf,STAND_TEST,0.000000,0.013084,0.140532,-0.242951,0.000000,0.000000,0.000000,1.000000,1.000000
1782454558.878043,765,0.000407,inf,STAND_TEST,0.000000,0.013087,0.140485,-0.242927,0.000000,0.000000,0.000000,1.000000,1.000000
1782454558.898194,766,0.000501,inf,STAND_TEST,0.000000,0.013080,0.140504,-0.242919,0.000000,0.000000,0.000000,1.000000,1.000000
1782454558.918175,767,0.000427,inf,STAND_TEST,0.000000,0.013080,0.140532,-0.242921,0.000000,0.000000,0.000000,1.000000,1.000000
1782454558.938281,768,0.000476,inf,STAND_TEST,0.000000,0.013089,0.140559,-0.242929,0.000000,0.000000,0.000000,1.000000,1.000000
1782454558.958597,769,0.000735,inf,STAND_TEST,0.000000,0.013065,0.140577,-0.242901,0.000000,0.000000,0.000000,1.000000,1.000000
1782454558.978556,770,0.000640,inf,STAND_TEST,0.000000,0.013078,0.140567,-0.242904,0.000000,0.000000,0.000000,1.000000,1.000000
1782454558.998622,771,0.000427,inf,STAND_TEST,0.000000,0.013090,0.140593,-0.242903,0.000000,0.000000,0.000000,1.000000,1.000000
1782454559.018664,772,0.000414,inf,STAND_TEST,0.000000,0.013103,0.140555,-0.242896,0.000000,0.000000,0.000000,1.000000,1.000000
1782454559.038753,773,0.000449,inf,STAND_TEST,0.000000,0.013081,0.140478,-0.242878,0.000000,0.000000,0.000000,1.000000,1.000000
1782454559.058787,774,0.000428,inf,STAND_TEST,0.000000,0.013103,0.140477,-0.242855,0.000000,0.000000,0.000000,1.000000,1.000000
1782454559.078843,775,0.000431,inf,STAND_TEST,0.000000,0.013090,0.140513,-0.242829,0.000000,0.000000,0.000000,1.000000,1.000000
1782454559.099104,776,0.000638,inf,STAND_TEST,0.000000,0.013091,0.140500,-0.242846,0.000000,0.000000,0.000000,1.000000,1.000000
1782454559.119086,777,0.000428,inf,STAND_TEST,0.000000,0.013136,0.140500,-0.242790,0.000000,0.000000,0.000000,1.000000,1.000000
1782454559.139223,778,0.000444,inf,STAND_TEST,0.000000,0.013118,0.140475,-0.242795,0.000000,0.000000,0.000000,1.000000,1.000000
1782454559.159320,779,0.000484,inf,STAND_TEST,0.000000,0.013144,0.140487,-0.242802,0.000000,0.000000,0.000000,1.000000,1.000000
1782454559.179360,780,0.000468,inf,STAND_TEST,0.000000,0.013153,0.140498,-0.242826,0.000000,0.000000,0.000000,1.000000,1.000000
1782454559.199405,781,0.000459,inf,STAND_TEST,0.000000,0.013138,0.140469,-0.242831,0.000000,0.000000,0.000000,1.000000,1.000000
1782454559.219649,782,0.000648,inf,STAND_TEST,0.000000,0.013145,0.140486,-0.242822,0.000000,0.000000,0.000000,1.000000,1.000000
1782454559.239720,783,0.000665,inf,STAND_TEST,0.000000,0.013125,0.140456,-0.242832,0.000000,0.000000,0.000000,1.000000,1.000000
1782454559.259741,784,0.000631,inf,STAND_TEST,0.000000,0.013129,0.140494,-0.242811,0.000000,0.000000,0.000000,1.000000,1.000000
1782454559.279913,785,0.000746,inf,STAND_TEST,0.000000,0.013146,0.140512,-0.242810,0.000000,0.000000,0.000000,1.000000,1.000000
1782454559.299697,786,0.000449,inf,STAND_TEST,0.000000,0.013157,0.140532,-0.242810,0.000000,0.000000,0.000000,1.000000,1.000000
1782454559.319960,787,0.000658,inf,STAND_TEST,0.000000,0.013152,0.140527,-0.242803,0.000000,0.000000,0.000000,1.000000,1.000000
1782454559.339789,788,0.000432,inf,STAND_TEST,0.000000,0.013149,0.140536,-0.242815,0.000000,0.000000,0.000000,1.000000,1.000000
1782454559.359878,789,0.000466,inf,STAND_TEST,0.000000,0.013134,0.140524,-0.242816,0.000000,0.000000,0.000000,1.000000,1.000000
1782454559.379886,790,0.000420,inf,STAND_TEST,0.000000,0.013154,0.140583,-0.242815,0.000000,0.000000,0.000000,1.000000,1.000000
1782454559.400193,791,0.000671,inf,STAND_TEST,0.000000,0.013154,0.140571,-0.242836,0.000000,0.000000,0.000000,1.000000,1.000000
1782454559.420211,792,0.000635,inf,STAND_TEST,0.000000,0.013161,0.140568,-0.242840,0.000000,0.000000,0.000000,1.000000,1.000000
1782454559.440346,793,0.000712,inf,STAND_TEST,0.000000,0.013164,0.140540,-0.242789,0.000000,0.000000,0.000000,1.000000,1.000000
1782454559.460353,794,0.000663,inf,STAND_TEST,0.000000,0.013161,0.140544,-0.242770,0.000000,0.000000,0.000000,1.000000,1.000000
1782454559.480232,795,0.000422,inf,STAND_TEST,0.000000,0.013120,0.140537,-0.242776,0.000000,0.000000,0.000000,1.000000,1.000000
1782454559.500315,796,0.000451,inf,STAND_TEST,0.000000,0.013123,0.140582,-0.242781,0.000000,0.000000,0.000000,1.000000,1.000000
1782454559.520334,797,0.000416,inf,STAND_TEST,0.000000,0.013131,0.140577,-0.242784,0.000000,0.000000,0.000000,1.000000,1.000000
1782454559.540451,798,0.000476,inf,STAND_TEST,0.000000,0.013145,0.140623,-0.242764,0.000000,0.000000,0.000000,1.000000,1.000000
1782454559.560484,799,0.000454,inf,STAND_TEST,0.000000,0.013124,0.140624,-0.242745,0.000000,0.000000,0.000000,1.000000,1.000000
1782454559.580796,800,0.000710,inf,STAND_TEST,0.000000,0.013129,0.140680,-0.242737,0.000000,0.000000,0.000000,1.000000,1.000000
1782454559.600804,801,0.000664,inf,STAND_TEST,0.000000,0.013138,0.140683,-0.242710,0.000000,0.000000,0.000000,1.000000,1.000000
1782454559.620935,802,0.000739,inf,STAND_TEST,0.000000,0.013164,0.140674,-0.242692,0.000000,0.000000,0.000000,1.000000,1.000000
1782454559.640896,803,0.000645,inf,STAND_TEST,0.000000,0.013172,0.140680,-0.242686,0.000000,0.000000,0.000000,1.000000,1.000000
1782454559.660729,804,0.000424,inf,STAND_TEST,0.000000,0.013135,0.140658,-0.242723,0.000000,0.000000,0.000000,1.000000,1.000000
1782454559.680857,805,0.000496,inf,STAND_TEST,0.000000,0.013142,0.140666,-0.242681,0.000000,0.000000,0.000000,1.000000,1.000000
1782454559.700906,806,0.000490,inf,STAND_TEST,0.000000,0.013148,0.140623,-0.242635,0.000000,0.000000,0.000000,1.000000,1.000000
1782454559.720947,807,0.000476,inf,STAND_TEST,0.000000,0.013127,0.140639,-0.242656,0.000000,0.000000,0.000000,1.000000,1.000000
1782454559.741254,808,0.000728,inf,STAND_TEST,0.000000,0.013141,0.140683,-0.242647,0.000000,0.000000,0.000000,1.000000,1.000000
1782454559.761278,809,0.000694,inf,STAND_TEST,0.000000,0.013133,0.140692,-0.242610,0.000000,0.000000,0.000000,1.000000,1.000000
1782454559.781312,810,0.000671,inf,STAND_TEST,0.000000,0.013134,0.140671,-0.242616,0.000000,0.000000,0.000000,1.000000,1.000000
1782454559.801288,811,0.000478,inf,STAND_TEST,0.000000,0.013109,0.140701,-0.242615,0.000000,0.000000,0.000000,1.000000,1.000000
1782454559.821432,812,0.000470,inf,STAND_TEST,0.000000,0.013123,0.140718,-0.242612,0.000000,0.000000,0.000000,1.000000,1.000000
1782454559.841512,813,0.000494,inf,STAND_TEST,0.000000,0.013129,0.140723,-0.242587,0.000000,0.000000,0.000000,1.000000,1.000000
1782454559.861548,814,0.000474,inf,STAND_TEST,0.000000,0.013135,0.140728,-0.242582,0.000000,0.000000,0.000000,1.000000,1.000000
1782454559.881624,815,0.000492,inf,STAND_TEST,0.000000,0.013130,0.140726,-0.242593,0.000000,0.000000,0.000000,1.000000,1.000000
1782454559.901880,816,0.000692,inf,STAND_TEST,0.000000,0.013123,0.140746,-0.242579,0.000000,0.000000,0.000000,1.000000,1.000000
1782454559.921908,817,0.000663,inf,STAND_TEST,0.000000,0.013113,0.140758,-0.242555,0.000000,0.000000,0.000000,1.000000,1.000000
1782454559.942239,818,0.000934,inf,STAND_TEST,0.000000,0.013125,0.140747,-0.242546,0.000000,0.000000,0.000000,1.000000,1.000000
1782454559.962134,819,0.000726,inf,STAND_TEST,0.000000,0.013116,0.140761,-0.242531,0.000000,0.000000,0.000000,1.000000,1.000000
1782454559.981894,820,0.000440,inf,STAND_TEST,0.000000,0.013091,0.140787,-0.242545,0.000000,0.000000,0.000000,1.000000,1.000000
1782454560.002249,821,0.000728,inf,STAND_TEST,0.000000,0.013092,0.140805,-0.242545,0.000000,0.000000,0.000000,1.000000,1.000000
1782454560.022275,822,0.000695,inf,STAND_TEST,0.000000,0.013096,0.140853,-0.242558,0.000000,0.000000,0.000000,1.000000,1.000000
1782454560.042606,823,0.000964,inf,STAND_TEST,0.000000,0.013090,0.140864,-0.242535,0.000000,0.000000,0.000000,1.000000,1.000000
1782454560.062694,824,0.000992,inf,STAND_TEST,0.000000,0.013081,0.140824,-0.242600,0.000000,0.000000,0.000000,1.000000,1.000000
1782454560.082789,825,0.001026,inf,STAND_TEST,0.000000,0.013068,0.140832,-0.242554,0.000000,0.000000,0.000000,1.000000,1.000000
1782454560.102750,826,0.000759,inf,STAND_TEST,0.000000,0.013045,0.140838,-0.242558,0.000000,0.000000,0.000000,1.000000,1.000000
1782454560.122870,827,0.000753,inf,STAND_TEST,0.000000,0.013031,0.140800,-0.242544,0.000000,0.000000,0.000000,1.000000,1.000000
1782454560.143000,828,0.000754,inf,STAND_TEST,0.000000,0.013022,0.140864,-0.242570,0.000000,0.000000,0.000000,1.000000,1.000000
1782454560.163509,829,0.001140,inf,STAND_TEST,0.000000,0.013044,0.140842,-0.242557,0.000000,0.000000,0.000000,1.000000,1.000000
1782454560.183470,830,0.001006,inf,STAND_TEST,0.000000,0.013019,0.140853,-0.242588,0.000000,0.000000,0.000000,1.000000,1.000000
1782454560.203621,831,0.001039,inf,STAND_TEST,0.000000,0.013012,0.140904,-0.242619,0.000000,0.000000,0.000000,1.000000,1.000000
1782454560.223674,832,0.000769,inf,STAND_TEST,0.000000,0.013016,0.140892,-0.242621,0.000000,0.000000,0.000000,1.000000,1.000000
1782454560.243815,833,0.000782,inf,STAND_TEST,0.000000,0.013029,0.140866,-0.242589,0.000000,0.000000,0.000000,1.000000,1.000000
1782454560.263850,834,0.000758,inf,STAND_TEST,0.000000,0.013016,0.140875,-0.242583,0.000000,0.000000,0.000000,1.000000,1.000000
1782454560.283780,835,0.000634,inf,STAND_TEST,0.000000,0.013030,0.140933,-0.242604,0.000000,0.000000,0.000000,1.000000,1.000000
1782454560.303855,836,0.000654,inf,STAND_TEST,0.000000,0.013044,0.140945,-0.242602,0.000000,0.000000,0.000000,1.000000,1.000000
1782454560.323666,837,0.000410,inf,STAND_TEST,0.000000,0.013053,0.140927,-0.242619,0.000000,0.000000,0.000000,1.000000,1.000000
1782454560.343909,838,0.000428,inf,STAND_TEST,0.000000,0.013022,0.140919,-0.242666,0.000000,0.000000,0.000000,1.000000,1.000000
1782454560.364016,839,0.000479,inf,STAND_TEST,0.000000,0.013026,0.140934,-0.242693,0.000000,0.000000,0.000000,1.000000,1.000000
1782454560.384038,840,0.000446,inf,STAND_TEST,0.000000,0.013063,0.140901,-0.242639,0.000000,0.000000,0.000000,1.000000,1.000000
1782454560.404059,841,0.000412,inf,STAND_TEST,0.000000,0.013080,0.140918,-0.242613,0.000000,0.000000,0.000000,1.000000,1.000000
1782454560.424372,842,0.000670,inf,STAND_TEST,0.000000,0.013076,0.140917,-0.242621,0.000000,0.000000,0.000000,1.000000,1.000000
1782454560.444941,843,0.001199,inf,STAND_TEST,0.000000,0.013067,0.140909,-0.242622,0.000000,0.000000,0.000000,1.000000,1.000000
1782454560.464706,844,0.000703,inf,STAND_TEST,0.000000,0.013082,0.140888,-0.242599,0.000000,0.000000,0.000000,1.000000,1.000000
1782454560.484836,845,0.000698,inf,STAND_TEST,0.000000,0.013107,0.140867,-0.242506,0.000000,0.000000,0.000000,1.000000,1.000000
1782454560.504901,846,0.000705,inf,STAND_TEST,0.000000,0.013104,0.140863,-0.242487,0.000000,0.000000,0.000000,1.000000,1.000000
1782454560.524651,847,0.000438,inf,STAND_TEST,0.000000,0.013089,0.140848,-0.242534,0.000000,0.000000,0.000000,1.000000,1.000000
1782454560.544739,848,0.000471,inf,STAND_TEST,0.000000,0.013107,0.140855,-0.242502,0.000000,0.000000,0.000000,1.000000,1.000000
1782454560.564755,849,0.000431,inf,STAND_TEST,0.000000,0.013100,0.140853,-0.242463,0.000000,0.000000,0.000000,1.000000,1.000000
1782454560.585032,850,0.000653,inf,STAND_TEST,0.000000,0.013077,0.140824,-0.242448,0.000000,0.000000,0.000000,1.000000,1.000000
1782454560.605078,851,0.000645,inf,STAND_TEST,0.000000,0.013087,0.140809,-0.242467,0.000000,0.000000,0.000000,1.000000,1.000000
1782454560.625154,852,0.000667,inf,STAND_TEST,0.000000,0.013080,0.140816,-0.242484,0.000000,0.000000,0.000000,1.000000,1.000000
1782454560.645094,853,0.000461,inf,STAND_TEST,0.000000,0.013037,0.140795,-0.242498,0.000000,0.000000,0.000000,1.000000,1.000000
1782454560.665124,854,0.000437,inf,STAND_TEST,0.000000,0.013044,0.140817,-0.242508,0.000000,0.000000,0.000000,1.000000,1.000000
1782454560.685174,855,0.000432,inf,STAND_TEST,0.000000,0.013028,0.140824,-0.242498,0.000000,0.000000,0.000000,1.000000,1.000000
1782454560.705439,856,0.000643,inf,STAND_TEST,0.000000,0.013023,0.140848,-0.242520,0.000000,0.000000,0.000000,1.000000,1.000000
1782454560.725312,857,0.000461,inf,STAND_TEST,0.000000,0.013004,0.140860,-0.242593,0.000000,0.000000,0.000000,1.000000,1.000000
1782454560.745783,858,0.000878,inf,STAND_TEST,0.000000,0.012987,0.140832,-0.242627,0.000000,0.000000,0.000000,1.000000,1.000000
1782454560.765604,859,0.000644,inf,STAND_TEST,0.000000,0.012987,0.140861,-0.242618,0.000000,0.000000,0.000000,1.000000,1.000000
1782454560.785651,860,0.000637,inf,STAND_TEST,0.000000,0.012957,0.140903,-0.242638,0.000000,0.000000,0.000000,1.000000,1.000000
1782454560.805553,861,0.000427,inf,STAND_TEST,0.000000,0.012956,0.140934,-0.242652,0.000000,0.000000,0.000000,1.000000,1.000000
1782454560.825641,862,0.000460,inf,STAND_TEST,0.000000,0.012935,0.140944,-0.242690,0.000000,0.000000,0.000000,1.000000,1.000000
1782454560.845911,863,0.000674,inf,STAND_TEST,0.000000,0.012934,0.140991,-0.242717,0.000000,0.000000,0.000000,1.000000,1.000000
1782454560.865806,864,0.000513,inf,STAND_TEST,0.000000,0.012918,0.141043,-0.242726,0.000000,0.000000,0.000000,1.000000,1.000000
1782454560.885800,865,0.000450,inf,STAND_TEST,0.000000,0.012918,0.141032,-0.242701,0.000000,0.000000,0.000000,1.000000,1.000000
1782454560.906106,866,0.000701,inf,STAND_TEST,0.000000,0.012905,0.140983,-0.242677,0.000000,0.000000,0.000000,1.000000,1.000000
1782454560.926117,867,0.000662,inf,STAND_TEST,0.000000,0.012918,0.140996,-0.242665,0.000000,0.000000,0.000000,1.000000,1.000000
1782454560.946573,868,0.001061,inf,STAND_TEST,0.000000,0.012908,0.141048,-0.242668,0.000000,0.000000,0.000000,1.000000,1.000000
1782454560.966478,869,0.000953,inf,STAND_TEST,0.000000,0.012913,0.141068,-0.242659,0.000000,0.000000,0.000000,1.000000,1.000000
1782454560.986257,870,0.000674,inf,STAND_TEST,0.000000,0.012901,0.141066,-0.242663,0.000000,0.000000,0.000000,1.000000,1.000000
1782454561.006317,871,0.000677,inf,STAND_TEST,0.000000,0.012908,0.141080,-0.242684,0.000000,0.000000,0.000000,1.000000,1.000000
1782454561.026394,872,0.000697,inf,STAND_TEST,0.000000,0.012908,0.141079,-0.242687,0.000000,0.000000,0.000000,1.000000,1.000000
1782454561.046462,873,0.000706,inf,STAND_TEST,0.000000,0.012905,0.141112,-0.242687,0.000000,0.000000,0.000000,1.000000,1.000000
1782454561.066762,874,0.000947,inf,STAND_TEST,0.000000,0.012886,0.141093,-0.242696,0.000000,0.000000,0.000000,1.000000,1.000000
1782454561.086785,875,0.000911,inf,STAND_TEST,0.000000,0.012892,0.141102,-0.242708,0.000000,0.000000,0.000000,1.000000,1.000000
1782454561.106833,876,0.000901,inf,STAND_TEST,0.000000,0.012866,0.141107,-0.242726,0.000000,0.000000,0.000000,1.000000,1.000000
1782454561.126969,877,0.000938,inf,STAND_TEST,0.000000,0.012872,0.141056,-0.242724,0.000000,0.000000,0.000000,1.000000,1.000000
1782454561.147103,878,0.000721,inf,STAND_TEST,0.000000,0.012880,0.141083,-0.242693,0.000000,0.000000,0.000000,1.000000,1.000000
1782454561.167391,879,0.000918,inf,STAND_TEST,0.000000,0.012867,0.141096,-0.242685,0.000000,0.000000,0.000000,1.000000,1.000000
1782454561.187490,880,0.000919,inf,STAND_TEST,0.000000,0.012867,0.141055,-0.242659,0.000000,0.000000,0.000000,1.000000,1.000000
1782454561.207624,881,0.000953,inf,STAND_TEST,0.000000,0.012833,0.141050,-0.242640,0.000000,0.000000,0.000000,1.000000,1.000000
1782454561.227691,882,0.000962,inf,STAND_TEST,0.000000,0.012830,0.141000,-0.242625,0.000000,0.000000,0.000000,1.000000,1.000000
1782454561.247800,883,0.000714,inf,STAND_TEST,0.000000,0.012798,0.140998,-0.242615,0.000000,0.000000,0.000000,1.000000,1.000000
1782454561.267842,884,0.000698,inf,STAND_TEST,0.000000,0.012797,0.140991,-0.242657,0.000000,0.000000,0.000000,1.000000,1.000000
1782454561.288187,885,0.000944,inf,STAND_TEST,0.000000,0.012769,0.141012,-0.242650,0.000000,0.000000,0.000000,1.000000,1.000000
1782454561.308274,886,0.000939,inf,STAND_TEST,0.000000,0.012796,0.141023,-0.242643,0.000000,0.000000,0.000000,1.000000,1.000000
1782454561.328409,887,0.000982,inf,STAND_TEST,0.000000,0.012810,0.141003,-0.242594,0.000000,0.000000,0.000000,1.000000,1.000000
1782454561.348468,888,0.000756,inf,STAND_TEST,0.000000,0.012793,0.141036,-0.242619,0.000000,0.000000,0.000000,1.000000,1.000000
1782454561.368738,889,0.000935,inf,STAND_TEST,0.000000,0.012774,0.141061,-0.242651,0.000000,0.000000,0.000000,1.000000,1.000000
1782454561.388607,890,0.000705,inf,STAND_TEST,0.000000,0.012737,0.141067,-0.242671,0.000000,0.000000,0.000000,1.000000,1.000000
1782454561.408973,891,0.000972,inf,STAND_TEST,0.000000,0.012732,0.141074,-0.242691,0.000000,0.000000,0.000000,1.000000,1.000000
1782454561.429048,892,0.000954,inf,STAND_TEST,0.000000,0.012744,0.141130,-0.242702,0.000000,0.000000,0.000000,1.000000,1.000000
1782454561.449044,893,0.000710,inf,STAND_TEST,0.000000,0.012737,0.141130,-0.242719,0.000000,0.000000,0.000000,1.000000,1.000000
1782454561.469117,894,0.000684,inf,STAND_TEST,0.000000,0.012736,0.141155,-0.242716,0.000000,0.000000,0.000000,1.000000,1.000000
1782454561.489438,895,0.000947,inf,STAND_TEST,0.000000,0.012736,0.141156,-0.242717,0.000000,0.000000,0.000000,1.000000,1.000000
1782454561.509498,896,0.000948,inf,STAND_TEST,0.000000,0.012748,0.141168,-0.242695,0.000000,0.000000,0.000000,1.000000,1.000000
1782454561.529542,897,0.000895,inf,STAND_TEST,0.000000,0.012763,0.141141,-0.242738,0.000000,0.000000,0.000000,1.000000,1.000000
1782454561.549635,898,0.000929,inf,STAND_TEST,0.000000,0.012762,0.141138,-0.242734,0.000000,0.000000,0.000000,1.000000,1.000000
1782454561.569736,899,0.000936,inf,STAND_TEST,0.000000,0.012790,0.141131,-0.242704,0.000000,0.000000,0.000000,1.000000,1.000000
1782454561.589656,900,0.000687,inf,STAND_TEST,0.000000,0.012787,0.141176,-0.242708,0.000000,0.000000,0.000000,1.000000,1.000000
1782454561.609746,901,0.000682,inf,STAND_TEST,0.000000,0.012773,0.141214,-0.242757,0.000000,0.000000,0.000000,1.000000,1.000000
1782454561.629873,902,0.000710,inf,STAND_TEST,0.000000,0.012785,0.141236,-0.242756,0.000000,0.000000,0.000000,1.000000,1.000000
1782454561.650088,903,0.000832,inf,STAND_TEST,0.000000,0.012778,0.141246,-0.242775,0.000000,0.000000,0.000000,1.000000,1.000000
1782454561.669959,904,0.000649,inf,STAND_TEST,0.000000,0.012828,0.141222,-0.242770,0.000000,0.000000,0.000000,1.000000,1.000000
1782454561.690042,905,0.000677,inf,STAND_TEST,0.000000,0.012831,0.141187,-0.242765,0.000000,0.000000,0.000000,1.000000,1.000000
1782454561.710058,906,0.000641,inf,STAND_TEST,0.000000,0.012840,0.141205,-0.242762,0.000000,0.000000,0.000000,1.000000,1.000000
1782454561.729922,907,0.000467,inf,STAND_TEST,0.000000,0.012826,0.141177,-0.242783,0.000000,0.000000,0.000000,1.000000,1.000000
1782454561.749995,908,0.000486,inf,STAND_TEST,0.000000,0.012811,0.141176,-0.242802,0.000000,0.000000,0.000000,1.000000,1.000000
1782454561.769994,909,0.000431,inf,STAND_TEST,0.000000,0.012822,0.141164,-0.242829,0.000000,0.000000,0.000000,1.000000,1.000000
1782454561.790018,910,0.000401,inf,STAND_TEST,0.000000,0.012813,0.141153,-0.242835,0.000000,0.000000,0.000000,1.000000,1.000000
1782454561.810089,911,0.000419,inf,STAND_TEST,0.000000,0.012803,0.141171,-0.242875,0.000000,0.000000,0.000000,1.000000,1.000000
1782454561.830143,912,0.000419,inf,STAND_TEST,0.000000,0.012802,0.141127,-0.242870,0.000000,0.000000,0.000000,1.000000,1.000000
1782454561.850487,913,0.000709,inf,STAND_TEST,0.000000,0.012798,0.141125,-0.242861,0.000000,0.000000,0.000000,1.000000,1.000000
1782454561.870475,914,0.000643,inf,STAND_TEST,0.000000,0.012783,0.141063,-0.242823,0.000000,0.000000,0.000000,1.000000,1.000000
1782454561.890509,915,0.000623,inf,STAND_TEST,0.000000,0.012779,0.141043,-0.242827,0.000000,0.000000,0.000000,1.000000,1.000000
1782454561.910551,916,0.000463,inf,STAND_TEST,0.000000,0.012765,0.141125,-0.242846,0.000000,0.000000,0.000000,1.000000,1.000000
1782454561.930587,917,0.000446,inf,STAND_TEST,0.000000,0.012759,0.141098,-0.242831,0.000000,0.000000,0.000000,1.000000,1.000000
1782454561.950625,918,0.000430,inf,STAND_TEST,0.000000,0.012800,0.141114,-0.242842,0.000000,0.000000,0.000000,1.000000,1.000000
1782454561.970671,919,0.000422,inf,STAND_TEST,0.000000,0.012818,0.141061,-0.242811,0.000000,0.000000,0.000000,1.000000,1.000000
1782454561.991002,920,0.000699,inf,STAND_TEST,0.000000,0.012839,0.141057,-0.242787,0.000000,0.000000,0.000000,1.000000,1.000000
1782454562.010738,921,0.000383,inf,STAND_TEST,0.000000,0.012843,0.141113,-0.242837,0.000000,0.000000,0.000000,1.000000,1.000000
1782454562.031029,922,0.000620,inf,STAND_TEST,0.000000,0.012831,0.141136,-0.242908,0.000000,0.000000,0.000000,1.000000,1.000000
1782454562.051462,923,0.000985,inf,STAND_TEST,0.000000,0.012853,0.141142,-0.242881,0.000000,0.000000,0.000000,1.000000,1.000000
1782454562.071460,924,0.000896,inf,STAND_TEST,0.000000,0.012858,0.141182,-0.242905,0.000000,0.000000,0.000000,1.000000,1.000000
1782454562.091357,925,0.000684,inf,STAND_TEST,0.000000,0.012867,0.141150,-0.242858,0.000000,0.000000,0.000000,1.000000,1.000000
1782454562.111466,926,0.000687,inf,STAND_TEST,0.000000,0.012883,0.141194,-0.242868,0.000000,0.000000,0.000000,1.000000,1.000000
1782454562.131557,927,0.000687,inf,STAND_TEST,0.000000,0.012868,0.141184,-0.242878,0.000000,0.000000,0.000000,1.000000,1.000000
1782454562.151969,928,0.000996,inf,STAND_TEST,0.000000,0.012891,0.141159,-0.242910,0.000000,0.000000,0.000000,1.000000,1.000000
1782454562.172011,929,0.000941,inf,STAND_TEST,0.000000,0.012889,0.141176,-0.242925,0.000000,0.000000,0.000000,1.000000,1.000000
1782454562.192076,930,0.000682,inf,STAND_TEST,0.000000,0.012910,0.141159,-0.242933,0.000000,0.000000,0.000000,1.000000,1.000000
1782454562.212179,931,0.000693,inf,STAND_TEST,0.000000,0.012903,0.141106,-0.242952,0.000000,0.000000,0.000000,1.000000,1.000000
1782454562.232620,932,0.001007,inf,STAND_TEST,0.000000,0.012915,0.141095,-0.242942,0.000000,0.000000,0.000000,1.000000,1.000000
1782454562.252783,933,0.001063,inf,STAND_TEST,0.000000,0.012916,0.141140,-0.242956,0.000000,0.000000,0.000000,1.000000,1.000000
1782454562.272880,934,0.001060,inf,STAND_TEST,0.000000,0.012927,0.141187,-0.242966,0.000000,0.000000,0.000000,1.000000,1.000000
1782454562.292804,935,0.000798,inf,STAND_TEST,0.000000,0.012919,0.141242,-0.242987,0.000000,0.000000,0.000000,1.000000,1.000000
1782454562.312769,936,0.000705,inf,STAND_TEST,0.000000,0.012922,0.141232,-0.242948,0.000000,0.000000,0.000000,1.000000,1.000000
1782454562.332875,937,0.000684,inf,STAND_TEST,0.000000,0.012927,0.141223,-0.242921,0.000000,0.000000,0.000000,1.000000,1.000000
1782454562.353229,938,0.000946,inf,STAND_TEST,0.000000,0.012946,0.141225,-0.242943,0.000000,0.000000,0.000000,1.000000,1.000000
1782454562.373348,939,0.000971,inf,STAND_TEST,0.000000,0.012968,0.141231,-0.242926,0.000000,0.000000,0.000000,1.000000,1.000000
1782454562.393415,940,0.000947,inf,STAND_TEST,0.000000,0.012955,0.141279,-0.242931,0.000000,0.000000,0.000000,1.000000,1.000000
1782454562.413501,941,0.000705,inf,STAND_TEST,0.000000,0.012969,0.141286,-0.242980,0.000000,0.000000,0.000000,1.000000,1.000000
1782454562.433563,942,0.000674,inf,STAND_TEST,0.000000,0.012967,0.141282,-0.243022,0.000000,0.000000,0.000000,1.000000,1.000000
1782454562.453788,943,0.000844,inf,STAND_TEST,0.000000,0.012986,0.141285,-0.243016,0.000000,0.000000,0.000000,1.000000,1.000000
1782454562.473423,944,0.000425,inf,STAND_TEST,0.000000,0.012994,0.141300,-0.243029,0.000000,0.000000,0.000000,1.000000,1.000000
1782454562.493885,945,0.000831,inf,STAND_TEST,0.000000,0.012991,0.141346,-0.243047,0.000000,0.000000,0.000000,1.000000,1.000000
1782454562.513794,946,0.000685,inf,STAND_TEST,0.000000,0.012988,0.141287,-0.243048,0.000000,0.000000,0.000000,1.000000,1.000000
1782454562.533838,947,0.000446,inf,STAND_TEST,0.000000,0.012971,0.141302,-0.243073,0.000000,0.000000,0.000000,1.000000,1.000000
1782454562.553934,948,0.000485,inf,STAND_TEST,0.000000,0.012998,0.141318,-0.243062,0.000000,0.000000,0.000000,1.000000,1.000000
1782454562.573900,949,0.000447,inf,STAND_TEST,0.000000,0.013009,0.141288,-0.243073,0.000000,0.000000,0.000000,1.000000,1.000000
1782454562.593898,950,0.000391,inf,STAND_TEST,0.000000,0.013009,0.141263,-0.243066,0.000000,0.000000,0.000000,1.000000,1.000000
1782454562.613988,951,0.000427,inf,STAND_TEST,0.000000,0.012981,0.141225,-0.243087,0.000000,0.000000,0.000000,1.000000,1.000000
1782454562.634250,952,0.000635,inf,STAND_TEST,0.000000,0.013003,0.141218,-0.243089,0.000000,0.000000,0.000000,1.000000,1.000000
1782454562.654316,953,0.000646,inf,STAND_TEST,0.000000,0.013013,0.141230,-0.243048,0.000000,0.000000,0.000000,1.000000,1.000000
1782454562.674331,954,0.000607,inf,STAND_TEST,0.000000,0.012991,0.141243,-0.243051,0.000000,0.000000,0.000000,1.000000,1.000000
1782454562.694211,955,0.000434,inf,STAND_TEST,0.000000,0.012990,0.141255,-0.243032,0.000000,0.000000,0.000000,1.000000,1.000000
1782454562.714275,956,0.000443,inf,STAND_TEST,0.000000,0.013011,0.141263,-0.243007,0.000000,0.000000,0.000000,1.000000,1.000000
1782454562.734364,957,0.000478,inf,STAND_TEST,0.000000,0.013013,0.141269,-0.243006,0.000000,0.000000,0.000000,1.000000,1.000000
1782454562.754380,958,0.000439,inf,STAND_TEST,0.000000,0.013034,0.141238,-0.242997,0.000000,0.000000,0.000000,1.000000,1.000000
1782454562.774442,959,0.000447,inf,STAND_TEST,0.000000,0.013037,0.141256,-0.242971,0.000000,0.000000,0.000000,1.000000,1.000000
1782454562.794467,960,0.000418,inf,STAND_TEST,0.000000,0.013021,0.141246,-0.242984,0.000000,0.000000,0.000000,1.000000,1.000000
1782454562.814751,961,0.000647,inf,STAND_TEST,0.000000,0.013016,0.141265,-0.242999,0.000000,0.000000,0.000000,1.000000,1.000000
1782454562.834799,962,0.000641,inf,STAND_TEST,0.000000,0.013034,0.141254,-0.242994,0.000000,0.000000,0.000000,1.000000,1.000000
1782454562.854936,963,0.000577,inf,STAND_TEST,0.000000,0.013023,0.141240,-0.243043,0.000000,0.000000,0.000000,1.000000,1.000000
1782454562.874906,964,0.000474,inf,STAND_TEST,0.000000,0.013031,0.141192,-0.243004,0.000000,0.000000,0.000000,1.000000,1.000000
1782454562.894906,965,0.000420,inf,STAND_TEST,0.000000,0.013023,0.141173,-0.243013,0.000000,0.000000,0.000000,1.000000,1.000000
1782454562.914981,966,0.000441,inf,STAND_TEST,0.000000,0.013015,0.141168,-0.243003,0.000000,0.000000,0.000000,1.000000,1.000000
1782454562.935004,967,0.000411,inf,STAND_TEST,0.000000,0.013020,0.141181,-0.243005,0.000000,0.000000,0.000000,1.000000,1.000000
1782454562.955116,968,0.000468,inf,STAND_TEST,0.000000,0.013021,0.141168,-0.243006,0.000000,0.000000,0.000000,1.000000,1.000000
1782454562.975136,969,0.000433,inf,STAND_TEST,0.000000,0.012994,0.141122,-0.243025,0.000000,0.000000,0.000000,1.000000,1.000000
1782454562.995389,970,0.000632,inf,STAND_TEST,0.000000,0.013001,0.141139,-0.243026,0.000000,0.000000,0.000000,1.000000,1.000000
1782454563.015386,971,0.000427,inf,STAND_TEST,0.000000,0.013006,0.141097,-0.243011,0.000000,0.000000,0.000000,1.000000,1.000000
1782454563.035469,972,0.000392,inf,STAND_TEST,0.000000,0.012988,0.141069,-0.243032,0.000000,0.000000,0.000000,1.000000,1.000000
1782454563.055538,973,0.000404,inf,STAND_TEST,0.000000,0.012979,0.141082,-0.243058,0.000000,0.000000,0.000000,1.000000,1.000000
1782454563.075620,974,0.000431,inf,STAND_TEST,0.000000,0.012972,0.141098,-0.243059,0.000000,0.000000,0.000000,1.000000,1.000000
1782454563.095639,975,0.000392,inf,STAND_TEST,0.000000,0.012987,0.141111,-0.243037,0.000000,0.000000,0.000000,1.000000,1.000000
1782454563.115727,976,0.000426,inf,STAND_TEST,0.000000,0.013018,0.141138,-0.243034,0.000000,0.000000,0.000000,1.000000,1.000000
1782454563.135957,977,0.000602,inf,STAND_TEST,0.000000,0.013031,0.141165,-0.243023,0.000000,0.000000,0.000000,1.000000,1.000000
1782454563.156089,978,0.000679,inf,STAND_TEST,0.000000,0.013026,0.141164,-0.243066,0.000000,0.000000,0.000000,1.000000,1.000000
1782454563.175989,979,0.000427,inf,STAND_TEST,0.000000,0.013018,0.141219,-0.243035,0.000000,0.000000,0.000000,1.000000,1.000000
1782454563.196090,980,0.000425,inf,STAND_TEST,0.000000,0.013061,0.141187,-0.242985,0.000000,0.000000,0.000000,1.000000,1.000000
1782454563.216141,981,0.000423,inf,STAND_TEST,0.000000,0.013046,0.141213,-0.242990,0.000000,0.000000,0.000000,1.000000,1.000000
1782454563.236248,982,0.000475,inf,STAND_TEST,0.000000,0.013064,0.141174,-0.242923,0.000000,0.000000,0.000000,1.000000,1.000000
1782454563.256276,983,0.000447,inf,STAND_TEST,0.000000,0.013083,0.141193,-0.242918,0.000000,0.000000,0.000000,1.000000,1.000000
1782454563.276516,984,0.000635,inf,STAND_TEST,0.000000,0.013099,0.141195,-0.242917,0.000000,0.000000,0.000000,1.000000,1.000000
1782454563.296566,985,0.000630,inf,STAND_TEST,0.000000,0.013105,0.141196,-0.242910,0.000000,0.000000,0.000000,1.000000,1.000000
1782454563.316617,986,0.000627,inf,STAND_TEST,0.000000,0.013138,0.141197,-0.242916,0.000000,0.000000,0.000000,1.000000,1.000000
1782454563.336611,987,0.000411,inf,STAND_TEST,0.000000,0.013116,0.141150,-0.242905,0.000000,0.000000,0.000000,1.000000,1.000000
1782454563.356709,988,0.000454,inf,STAND_TEST,0.000000,0.013114,0.141116,-0.242877,0.000000,0.000000,0.000000,1.000000,1.000000
1782454563.376741,989,0.000433,inf,STAND_TEST,0.000000,0.013129,0.141078,-0.242869,0.000000,0.000000,0.000000,1.000000,1.000000
1782454563.396785,990,0.000423,inf,STAND_TEST,0.000000,0.013132,0.141051,-0.242842,0.000000,0.000000,0.000000,1.000000,1.000000
1782454563.416867,991,0.000450,inf,STAND_TEST,0.000000,0.013146,0.141022,-0.242866,0.000000,0.000000,0.000000,1.000000,1.000000
1782454563.437119,992,0.000648,inf,STAND_TEST,0.000000,0.013137,0.140998,-0.242885,0.000000,0.000000,0.000000,1.000000,1.000000
1782454563.457307,993,0.000782,inf,STAND_TEST,0.000000,0.013114,0.140996,-0.242901,0.000000,0.000000,0.000000,1.000000,1.000000
1782454563.477293,994,0.000444,inf,STAND_TEST,0.000000,0.013092,0.141026,-0.242919,0.000000,0.000000,0.000000,1.000000,1.000000
1782454563.497342,995,0.000439,inf,STAND_TEST,0.000000,0.013073,0.141017,-0.242934,0.000000,0.000000,0.000000,1.000000,1.000000
1782454563.517583,996,0.000627,inf,STAND_TEST,0.000000,0.013091,0.140993,-0.242924,0.000000,0.000000,0.000000,1.000000,1.000000
1782454563.537756,997,0.000752,inf,STAND_TEST,0.000000,0.013062,0.141013,-0.242892,0.000000,0.000000,0.000000,1.000000,1.000000
1782454563.557795,998,0.000735,inf,STAND_TEST,0.000000,0.013030,0.140958,-0.242859,0.000000,0.000000,0.000000,1.000000,1.000000
1782454563.577762,999,0.000646,inf,STAND_TEST,0.000000,0.013031,0.140971,-0.242828,0.000000,0.000000,0.000000,1.000000,1.000000
1782454563.597846,1000,0.000549,inf,STAND_TEST,0.000000,0.013026,0.140911,-0.242816,0.000000,0.000000,0.000000,1.000000,1.000000
1782454563.617878,1001,0.000529,inf,STAND_TEST,0.000000,0.013020,0.140904,-0.242812,0.000000,0.000000,0.000000,1.000000,1.000000
1782454563.637873,1002,0.000469,inf,STAND_TEST,0.000000,0.013047,0.140909,-0.242769,0.000000,0.000000,0.000000,1.000000,1.000000
1782454563.657918,1003,0.000462,inf,STAND_TEST,0.000000,0.013031,0.140919,-0.242809,0.000000,0.000000,0.000000,1.000000,1.000000
1782454563.677981,1004,0.000471,inf,STAND_TEST,0.000000,0.012976,0.140915,-0.242819,0.000000,0.000000,0.000000,1.000000,1.000000
1782454563.698274,1005,0.000701,inf,STAND_TEST,0.000000,0.012975,0.140911,-0.242826,0.000000,0.000000,0.000000,1.000000,1.000000
1782454563.718301,1006,0.000672,inf,STAND_TEST,0.000000,0.012973,0.140935,-0.242817,0.000000,0.000000,0.000000,1.000000,1.000000
1782454563.738460,1007,0.000777,inf,STAND_TEST,0.000000,0.012962,0.140922,-0.242816,0.000000,0.000000,0.000000,1.000000,1.000000
1782454563.758523,1008,0.000785,inf,STAND_TEST,0.000000,0.012987,0.140936,-0.242837,0.000000,0.000000,0.000000,1.000000,1.000000
1782454563.778414,1009,0.000428,inf,STAND_TEST,0.000000,0.012986,0.140944,-0.242835,0.000000,0.000000,0.000000,1.000000,1.000000
1782454563.798447,1010,0.000407,inf,STAND_TEST,0.000000,0.012987,0.140938,-0.242820,0.000000,0.000000,0.000000,1.000000,1.000000
1782454563.818547,1011,0.000451,inf,STAND_TEST,0.000000,0.012968,0.140942,-0.242801,0.000000,0.000000,0.000000,1.000000,1.000000
1782454563.838589,1012,0.000441,inf,STAND_TEST,0.000000,0.012966,0.140927,-0.242796,0.000000,0.000000,0.000000,1.000000,1.000000
1782454563.858928,1013,0.000725,inf,STAND_TEST,0.000000,0.012948,0.140901,-0.242785,0.000000,0.000000,0.000000,1.000000,1.000000
1782454563.878881,1014,0.000622,inf,STAND_TEST,0.000000,0.012936,0.140870,-0.242765,0.000000,0.000000,0.000000,1.000000,1.000000
1782454563.898993,1015,0.000679,inf,STAND_TEST,0.000000,0.012922,0.140854,-0.242807,0.000000,0.000000,0.000000,1.000000,1.000000
1782454563.918958,1016,0.000432,inf,STAND_TEST,0.000000,0.012918,0.140853,-0.242784,0.000000,0.000000,0.000000,1.000000,1.000000
1782454563.938970,1017,0.000391,inf,STAND_TEST,0.000000,0.012917,0.140819,-0.242780,0.000000,0.000000,0.000000,1.000000,1.000000
1782454563.959096,1018,0.000462,inf,STAND_TEST,0.000000,0.012903,0.140812,-0.242766,0.000000,0.000000,0.000000,1.000000,1.000000
1782454563.979132,1019,0.000445,inf,STAND_TEST,0.000000,0.012900,0.140786,-0.242765,0.000000,0.000000,0.000000,1.000000,1.000000
1782454563.999146,1020,0.000405,inf,STAND_TEST,0.000000,0.012934,0.140728,-0.242727,0.000000,0.000000,0.000000,1.000000,1.000000
1782454564.019392,1021,0.000597,inf,STAND_TEST,0.000000,0.012907,0.140774,-0.242733,0.000000,0.000000,0.000000,1.000000,1.000000
1782454564.039448,1022,0.000599,inf,STAND_TEST,0.000000,0.012907,0.140763,-0.242733,0.000000,0.000000,0.000000,1.000000,1.000000
1782454564.059544,1023,0.000642,inf,STAND_TEST,0.000000,0.012927,0.140748,-0.242670,0.000000,0.000000,0.000000,1.000000,1.000000
1782454564.079612,1024,0.000655,inf,STAND_TEST,0.000000,0.012878,0.140708,-0.242716,0.000000,0.000000,0.000000,1.000000,1.000000
1782454564.099543,1025,0.000415,inf,STAND_TEST,0.000000,0.012881,0.140729,-0.242720,0.000000,0.000000,0.000000,1.000000,1.000000
1782454564.119606,1026,0.000424,inf,STAND_TEST,0.000000,0.012885,0.140735,-0.242711,0.000000,0.000000,0.000000,1.000000,1.000000
1782454564.139698,1027,0.000462,inf,STAND_TEST,0.000000,0.012905,0.140764,-0.242716,0.000000,0.000000,0.000000,1.000000,1.000000
1782454564.159737,1028,0.000446,inf,STAND_TEST,0.000000,0.012882,0.140744,-0.242760,0.000000,0.000000,0.000000,1.000000,1.000000
1782454564.179823,1029,0.000477,inf,STAND_TEST,0.000000,0.012864,0.140690,-0.242726,0.000000,0.000000,0.000000,1.000000,1.000000
1782454564.200209,1030,0.000807,inf,STAND_TEST,0.000000,0.012862,0.140651,-0.242677,0.000000,0.000000,0.000000,1.000000,1.000000
1782454564.220270,1031,0.000813,inf,STAND_TEST,0.000000,0.012866,0.140595,-0.242663,0.000000,0.000000,0.000000,1.000000,1.000000
1782454564.240235,1032,0.000451,inf,STAND_TEST,0.000000,0.012863,0.140615,-0.242670,0.000000,0.000000,0.000000,1.000000,1.000000
1782454564.260322,1033,0.000482,inf,STAND_TEST,0.000000,0.012839,0.140569,-0.242692,0.000000,0.000000,0.000000,1.000000,1.000000
1782454564.280358,1034,0.000458,inf,STAND_TEST,0.000000,0.012850,0.140555,-0.242679,0.000000,0.000000,0.000000,1.000000,1.000000
1782454564.300416,1035,0.000459,inf,STAND_TEST,0.000000,0.012845,0.140574,-0.242660,0.000000,0.000000,0.000000,1.000000,1.000000
1782454564.320447,1036,0.000435,inf,STAND_TEST,0.000000,0.012841,0.140608,-0.242686,0.000000,0.000000,0.000000,1.000000,1.000000
1782454564.340732,1037,0.000664,inf,STAND_TEST,0.000000,0.012867,0.140630,-0.242683,0.000000,0.000000,0.000000,1.000000,1.000000
1782454564.360871,1038,0.000748,inf,STAND_TEST,0.000000,0.012884,0.140606,-0.242632,0.000000,0.000000,0.000000,1.000000,1.000000
1782454564.380810,1039,0.000450,inf,STAND_TEST,0.000000,0.012879,0.140589,-0.242636,0.000000,0.000000,0.000000,1.000000,1.000000
1782454564.400871,1040,0.000455,inf,STAND_TEST,0.000000,0.012887,0.140560,-0.242618,0.000000,0.000000,0.000000,1.000000,1.000000
1782454564.420922,1041,0.000450,inf,STAND_TEST,0.000000,0.012872,0.140602,-0.242574,0.000000,0.000000,0.000000,1.000000,1.000000
1782454564.440990,1042,0.000462,inf,STAND_TEST,0.000000,0.012877,0.140616,-0.242572,0.000000,0.000000,0.000000,1.000000,1.000000
1782454564.461250,1043,0.000667,inf,STAND_TEST,0.000000,0.012860,0.140663,-0.242553,0.000000,0.000000,0.000000,1.000000,1.000000
1782454564.481347,1044,0.000706,inf,STAND_TEST,0.000000,0.012869,0.140626,-0.242519,0.000000,0.000000,0.000000,1.000000,1.000000
1782454564.501388,1045,0.000691,inf,STAND_TEST,0.000000,0.012854,0.140584,-0.242489,0.000000,0.000000,0.000000,1.000000,1.000000
1782454564.521203,1046,0.000451,inf,STAND_TEST,0.000000,0.012864,0.140559,-0.242488,0.000000,0.000000,0.000000,1.000000,1.000000
1782454564.541466,1047,0.000452,inf,STAND_TEST,0.000000,0.012866,0.140563,-0.242509,0.000000,0.000000,0.000000,1.000000,1.000000
1782454564.561541,1048,0.000471,inf,STAND_TEST,0.000000,0.012842,0.140598,-0.242518,0.000000,0.000000,0.000000,1.000000,1.000000
1782454564.581585,1049,0.000459,inf,STAND_TEST,0.000000,0.012846,0.140640,-0.242513,0.000000,0.000000,0.000000,1.000000,1.000000
1782454564.601853,1050,0.000671,inf,STAND_TEST,0.000000,0.012860,0.140600,-0.242482,0.000000,0.000000,0.000000,1.000000,1.000000
1782454564.621917,1051,0.000679,inf,STAND_TEST,0.000000,0.012860,0.140625,-0.242516,0.000000,0.000000,0.000000,1.000000,1.000000
1782454564.641963,1052,0.000669,inf,STAND_TEST,0.000000,0.012846,0.140631,-0.242541,0.000000,0.000000,0.000000,1.000000,1.000000
1782454564.661846,1053,0.000459,inf,STAND_TEST,0.000000,0.012850,0.140647,-0.242500,0.000000,0.000000,0.000000,1.000000,1.000000
1782454564.681911,1054,0.000468,inf,STAND_TEST,0.000000,0.012838,0.140638,-0.242520,0.000000,0.000000,0.000000,1.000000,1.000000
1782454564.701961,1055,0.000506,inf,STAND_TEST,0.000000,0.012815,0.140571,-0.242509,0.000000,0.000000,0.000000,1.000000,1.000000
1782454564.721980,1056,0.000469,inf,STAND_TEST,0.000000,0.012810,0.140606,-0.242517,0.000000,0.000000,0.000000,1.000000,1.000000
1782454564.742057,1057,0.000488,inf,STAND_TEST,0.000000,0.012808,0.140600,-0.242522,0.000000,0.000000,0.000000,1.000000,1.000000
1782454564.762108,1058,0.000483,inf,STAND_TEST,0.000000,0.012792,0.140582,-0.242563,0.000000,0.000000,0.000000,1.000000,1.000000
1782454564.782362,1059,0.000681,inf,STAND_TEST,0.000000,0.012823,0.140586,-0.242523,0.000000,0.000000,0.000000,1.000000,1.000000
1782454564.802378,1060,0.000642,inf,STAND_TEST,0.000000,0.012812,0.140621,-0.242553,0.000000,0.000000,0.000000,1.000000,1.000000
1782454564.822399,1061,0.000455,inf,STAND_TEST,0.000000,0.012808,0.140595,-0.242592,0.000000,0.000000,0.000000,1.000000,1.000000
1782454564.842669,1062,0.000479,inf,STAND_TEST,0.000000,0.012796,0.140548,-0.242638,0.000000,0.000000,0.000000,1.000000,1.000000
1782454564.862737,1063,0.000492,inf,STAND_TEST,0.000000,0.012795,0.140498,-0.242610,0.000000,0.000000,0.000000,1.000000,1.000000
1782454564.882862,1064,0.000560,inf,STAND_TEST,0.000000,0.012786,0.140474,-0.242618,0.000000,0.000000,0.000000,1.000000,1.000000
1782454564.902860,1065,0.000502,inf,STAND_TEST,0.000000,0.012770,0.140484,-0.242656,0.000000,0.000000,0.000000,1.000000,1.000000
1782454564.923026,1066,0.000615,inf,STAND_TEST,0.000000,0.012781,0.140478,-0.242632,0.000000,0.000000,0.000000,1.000000,1.000000
1782454564.943110,1067,0.000645,inf,STAND_TEST,0.000000,0.012768,0.140448,-0.242654,0.000000,0.000000,0.000000,1.000000,1.000000
1782454564.963122,1068,0.000440,inf,STAND_TEST,0.000000,0.012784,0.140449,-0.242645,0.000000,0.000000,0.000000,1.000000,1.000000
1782454564.983149,1069,0.000413,inf,STAND_TEST,0.000000,0.012775,0.140425,-0.242667,0.000000,0.000000,0.000000,1.000000,1.000000
1782454565.003219,1070,0.000430,inf,STAND_TEST,0.000000,0.012805,0.140392,-0.242639,0.000000,0.000000,0.000000,1.000000,1.000000
1782454565.023318,1071,0.000474,inf,STAND_TEST,0.000000,0.012812,0.140386,-0.242607,0.000000,0.000000,0.000000,1.000000,1.000000
1782454565.043314,1072,0.000417,inf,STAND_TEST,0.000000,0.012809,0.140367,-0.242611,0.000000,0.000000,0.000000,1.000000,1.000000
1782454565.063555,1073,0.000604,inf,STAND_TEST,0.000000,0.012781,0.140384,-0.242605,0.000000,0.000000,0.000000,1.000000,1.000000
1782454565.083631,1074,0.000626,inf,STAND_TEST,0.000000,0.012741,0.140410,-0.242613,0.000000,0.000000,0.000000,1.000000,1.000000
1782454565.103734,1075,0.000673,inf,STAND_TEST,0.000000,0.012735,0.140444,-0.242627,0.000000,0.000000,0.000000,1.000000,1.000000
1782454565.123662,1076,0.000432,inf,STAND_TEST,0.000000,0.012690,0.140463,-0.242622,0.000000,0.000000,0.000000,1.000000,1.000000
1782454565.143738,1077,0.000453,inf,STAND_TEST,0.000000,0.012694,0.140484,-0.242591,0.000000,0.000000,0.000000,1.000000,1.000000
1782454565.163880,1078,0.000482,inf,STAND_TEST,0.000000,0.012710,0.140513,-0.242598,0.000000,0.000000,0.000000,1.000000,1.000000
1782454565.183910,1079,0.000456,inf,STAND_TEST,0.000000,0.012701,0.140542,-0.242586,0.000000,0.000000,0.000000,1.000000,1.000000
1782454565.204145,1080,0.000636,inf,STAND_TEST,0.000000,0.012717,0.140606,-0.242592,0.000000,0.000000,0.000000,1.000000,1.000000
1782454565.224227,1081,0.000661,inf,STAND_TEST,0.000000,0.012693,0.140622,-0.242648,0.000000,0.000000,0.000000,1.000000,1.000000
1782454565.244301,1082,0.000679,inf,STAND_TEST,0.000000,0.012664,0.140600,-0.242670,0.000000,0.000000,0.000000,1.000000,1.000000
1782454565.264313,1083,0.000453,inf,STAND_TEST,0.000000,0.012676,0.140583,-0.242663,0.000000,0.000000,0.000000,1.000000,1.000000
1782454565.284380,1084,0.000465,inf,STAND_TEST,0.000000,0.012696,0.140613,-0.242663,0.000000,0.000000,0.000000,1.000000,1.000000
1782454565.304434,1085,0.000463,inf,STAND_TEST,0.000000,0.012690,0.140600,-0.242676,0.000000,0.000000,0.000000,1.000000,1.000000
1782454565.324503,1086,0.000476,inf,STAND_TEST,0.000000,0.012691,0.140609,-0.242683,0.000000,0.000000,0.000000,1.000000,1.000000
1782454565.344523,1087,0.000440,inf,STAND_TEST,0.000000,0.012707,0.140589,-0.242655,0.000000,0.000000,0.000000,1.000000,1.000000
1782454565.364852,1088,0.000712,inf,STAND_TEST,0.000000,0.012707,0.140642,-0.242647,0.000000,0.000000,0.000000,1.000000,1.000000
1782454565.384847,1089,0.000650,inf,STAND_TEST,0.000000,0.012739,0.140623,-0.242633,0.000000,0.000000,0.000000,1.000000,1.000000
1782454565.404980,1090,0.000726,inf,STAND_TEST,0.000000,0.012745,0.140587,-0.242621,0.000000,0.000000,0.000000,1.000000,1.000000
1782454565.424937,1091,0.000453,inf,STAND_TEST,0.000000,0.012734,0.140569,-0.242605,0.000000,0.000000,0.000000,1.000000,1.000000
1782454565.445006,1092,0.000465,inf,STAND_TEST,0.000000,0.012748,0.140577,-0.242591,0.000000,0.000000,0.000000,1.000000,1.000000
1782454565.465080,1093,0.000481,inf,STAND_TEST,0.000000,0.012733,0.140616,-0.242613,0.000000,0.000000,0.000000,1.000000,1.000000
1782454565.485193,1094,0.000535,inf,STAND_TEST,0.000000,0.012719,0.140613,-0.242671,0.000000,0.000000,0.000000,1.000000,1.000000
1782454565.505540,1095,0.000824,inf,STAND_TEST,0.000000,0.012721,0.140616,-0.242681,0.000000,0.000000,0.000000,1.000000,1.000000
1782454565.525691,1096,0.000915,inf,STAND_TEST,0.000000,0.012719,0.140609,-0.242712,0.000000,0.000000,0.000000,1.000000,1.000000
1782454565.545917,1097,0.001036,inf,STAND_TEST,0.000000,0.012697,0.140591,-0.242714,0.000000,0.000000,0.000000,1.000000,1.000000
1782454565.565648,1098,0.000674,inf,STAND_TEST,0.000000,0.012717,0.140597,-0.242663,0.000000,0.000000,0.000000,1.000000,1.000000
1782454565.585555,1099,0.000525,inf,STAND_TEST,0.000000,0.012697,0.140616,-0.242648,0.000000,0.000000,0.000000,1.000000,1.000000
1782454565.605572,1100,0.000486,inf,STAND_TEST,0.000000,0.012696,0.140599,-0.242662,0.000000,0.000000,0.000000,1.000000,1.000000
1782454565.625620,1101,0.000481,inf,STAND_TEST,0.000000,0.012710,0.140612,-0.242647,0.000000,0.000000,0.000000,1.000000,1.000000
1782454565.645701,1102,0.000506,inf,STAND_TEST,0.000000,0.012719,0.140579,-0.242576,0.000000,0.000000,0.000000,1.000000,1.000000
1782454565.666102,1103,0.000851,inf,STAND_TEST,0.000000,0.012743,0.140606,-0.242596,0.000000,0.000000,0.000000,1.000000,1.000000
1782454565.686115,1104,0.000807,inf,STAND_TEST,0.000000,0.012765,0.140619,-0.242611,0.000000,0.000000,0.000000,1.000000,1.000000
1782454565.706160,1105,0.000481,inf,STAND_TEST,0.000000,0.012763,0.140624,-0.242594,0.000000,0.000000,0.000000,1.000000,1.000000
1782454565.726208,1106,0.000426,inf,STAND_TEST,0.000000,0.012760,0.140616,-0.242579,0.000000,0.000000,0.000000,1.000000,1.000000
1782454565.746384,1107,0.000544,inf,STAND_TEST,0.000000,0.012774,0.140626,-0.242581,0.000000,0.000000,0.000000,1.000000,1.000000
1782454565.766600,1108,0.000704,inf,STAND_TEST,0.000000,0.012792,0.140587,-0.242570,0.000000,0.000000,0.000000,1.000000,1.000000
1782454565.786644,1109,0.000694,inf,STAND_TEST,0.000000,0.012797,0.140555,-0.242591,0.000000,0.000000,0.000000,1.000000,1.000000
1782454565.806694,1110,0.000689,inf,STAND_TEST,0.000000,0.012802,0.140545,-0.242599,0.000000,0.000000,0.000000,1.000000,1.000000
1782454565.826715,1111,0.000433,inf,STAND_TEST,0.000000,0.012792,0.140602,-0.242649,0.000000,0.000000,0.000000,1.000000,1.000000
1782454565.846914,1112,0.000518,inf,STAND_TEST,0.000000,0.012820,0.140560,-0.242654,0.000000,0.000000,0.000000,1.000000,1.000000
1782454565.866904,1113,0.000451,inf,STAND_TEST,0.000000,0.012830,0.140587,-0.242638,0.000000,0.000000,0.000000,1.000000,1.000000
1782454565.887234,1114,0.000672,inf,STAND_TEST,0.000000,0.012828,0.140622,-0.242674,0.000000,0.000000,0.000000,1.000000,1.000000
1782454565.907360,1115,0.000698,inf,STAND_TEST,0.000000,0.012855,0.140627,-0.242660,0.000000,0.000000,0.000000,1.000000,1.000000
1782454565.927587,1116,0.000815,inf,STAND_TEST,0.000000,0.012846,0.140610,-0.242633,0.000000,0.000000,0.000000,1.000000,1.000000
1782454565.947487,1117,0.000481,inf,STAND_TEST,0.000000,0.012867,0.140652,-0.242681,0.000000,0.000000,0.000000,1.000000,1.000000
1782454565.967512,1118,0.000451,inf,STAND_TEST,0.000000,0.012902,0.140700,-0.242673,0.000000,0.000000,0.000000,1.000000,1.000000
1782454565.987516,1119,0.000401,inf,STAND_TEST,0.000000,0.012896,0.140743,-0.242694,0.000000,0.000000,0.000000,1.000000,1.000000
1782454566.007854,1120,0.000686,inf,STAND_TEST,0.000000,0.012894,0.140752,-0.242691,0.000000,0.000000,0.000000,1.000000,1.000000
1782454566.027666,1121,0.000441,inf,STAND_TEST,0.000000,0.012912,0.140752,-0.242672,0.000000,0.000000,0.000000,1.000000,1.000000
1782454566.048042,1122,0.000712,inf,STAND_TEST,0.000000,0.012889,0.140722,-0.242654,0.000000,0.000000,0.000000,1.000000,1.000000
1782454566.068255,1123,0.000827,inf,STAND_TEST,0.000000,0.012877,0.140734,-0.242664,0.000000,0.000000,0.000000,1.000000,1.000000
1782454566.088135,1124,0.000419,inf,STAND_TEST,0.000000,0.012896,0.140734,-0.242651,0.000000,0.000000,0.000000,1.000000,1.000000
1782454566.108226,1125,0.000413,inf,STAND_TEST,0.000000,0.012905,0.140770,-0.242666,0.000000,0.000000,0.000000,1.000000,1.000000
1782454566.128330,1126,0.000415,inf,STAND_TEST,0.000000,0.012912,0.140792,-0.242675,0.000000,0.000000,0.000000,1.000000,1.000000
1782454566.148870,1127,0.000896,inf,STAND_TEST,0.000000,0.012905,0.140794,-0.242691,0.000000,0.000000,0.000000,1.000000,1.000000
1782454566.168703,1128,0.000672,inf,STAND_TEST,0.000000,0.012901,0.140792,-0.242691,0.000000,0.000000,0.000000,1.000000,1.000000
1782454566.188760,1129,0.000458,inf,STAND_TEST,0.000000,0.012906,0.140860,-0.242703,0.000000,0.000000,0.000000,1.000000,1.000000
1782454566.208841,1130,0.000421,inf,STAND_TEST,0.000000,0.012892,0.140896,-0.242656,0.000000,0.000000,0.000000,1.000000,1.000000
1782454566.228912,1131,0.000436,inf,STAND_TEST,0.000000,0.012883,0.140920,-0.242661,0.000000,0.000000,0.000000,1.000000,1.000000
1782454566.249319,1132,0.000736,inf,STAND_TEST,0.000000,0.012876,0.140927,-0.242644,0.000000,0.000000,0.000000,1.000000,1.000000
1782454566.269355,1133,0.000672,inf,STAND_TEST,0.000000,0.012882,0.140948,-0.242644,0.000000,0.000000,0.000000,1.000000,1.000000
1782454566.289483,1134,0.000434,inf,STAND_TEST,0.000000,0.012856,0.140963,-0.242623,0.000000,0.000000,0.000000,1.000000,1.000000
1782454566.309571,1135,0.000423,inf,STAND_TEST,0.000000,0.012852,0.141010,-0.242624,0.000000,0.000000,0.000000,1.000000,1.000000
1782454566.330265,1136,0.000831,inf,STAND_TEST,0.000000,0.012846,0.141043,-0.242641,0.000000,0.000000,0.000000,1.000000,1.000000
1782454566.350188,1137,0.000679,inf,STAND_TEST,0.000000,0.012822,0.141035,-0.242623,0.000000,0.000000,0.000000,1.000000,1.000000
1782454566.370250,1138,0.000682,inf,STAND_TEST,0.000000,0.012829,0.141016,-0.242635,0.000000,0.000000,0.000000,1.000000,1.000000
1782454566.390253,1139,0.000420,inf,STAND_TEST,0.000000,0.012830,0.140965,-0.242622,0.000000,0.000000,0.000000,1.000000,1.000000
1782454566.410332,1140,0.000443,inf,STAND_TEST,0.000000,0.012811,0.140916,-0.242671,0.000000,0.000000,0.000000,1.000000,1.000000
1782454566.430447,1141,0.000501,inf,STAND_TEST,0.000000,0.012822,0.140914,-0.242675,0.000000,0.000000,0.000000,1.000000,1.000000
1782454566.450467,1142,0.000427,inf,STAND_TEST,0.000000,0.012850,0.140900,-0.242660,0.000000,0.000000,0.000000,1.000000,1.000000
1782454566.470820,1143,0.000677,inf,STAND_TEST,0.000000,0.012854,0.140927,-0.242681,0.000000,0.000000,0.000000,1.000000,1.000000
1782454566.491087,1144,0.000846,inf,STAND_TEST,0.000000,0.012876,0.140914,-0.242663,0.000000,0.000000,0.000000,1.000000,1.000000
1782454566.510836,1145,0.000490,inf,STAND_TEST,0.000000,0.012857,0.140905,-0.242637,0.000000,0.000000,0.000000,1.000000,1.000000
1782454566.530879,1146,0.000423,inf,STAND_TEST,0.000000,0.012866,0.140960,-0.242631,0.000000,0.000000,0.000000,1.000000,1.000000
1782454566.550952,1147,0.000442,inf,STAND_TEST,0.000000,0.012864,0.140974,-0.242619,0.000000,0.000000,0.000000,1.000000,1.000000
1782454566.571052,1148,0.000437,inf,STAND_TEST,0.000000,0.012863,0.140982,-0.242659,0.000000,0.000000,0.000000,1.000000,1.000000
1782454566.591397,1149,0.000682,inf,STAND_TEST,0.000000,0.012880,0.141017,-0.242661,0.000000,0.000000,0.000000,1.000000,1.000000
1782454566.611515,1150,0.000696,inf,STAND_TEST,0.000000,0.012896,0.141029,-0.242635,0.000000,0.000000,0.000000,1.000000,1.000000
1782454566.631552,1151,0.000461,inf,STAND_TEST,0.000000,0.012878,0.141054,-0.242687,0.000000,0.000000,0.000000,1.000000,1.000000
1782454566.651636,1152,0.000436,inf,STAND_TEST,0.000000,0.012912,0.141129,-0.242668,0.000000,0.000000,0.000000,1.000000,1.000000
1782454566.671964,1153,0.000662,inf,STAND_TEST,0.000000,0.012911,0.141113,-0.242684,0.000000,0.000000,0.000000,1.000000,1.000000
1782454566.692114,1154,0.000709,inf,STAND_TEST,0.000000,0.012909,0.141085,-0.242709,0.000000,0.000000,0.000000,1.000000,1.000000
1782454566.712027,1155,0.000428,inf,STAND_TEST,0.000000,0.012881,0.141073,-0.242754,0.000000,0.000000,0.000000,1.000000,1.000000
1782454566.732151,1156,0.000445,inf,STAND_TEST,0.000000,0.012899,0.141063,-0.242706,0.000000,0.000000,0.000000,1.000000,1.000000
1782454566.752314,1157,0.000498,inf,STAND_TEST,0.000000,0.012917,0.141059,-0.242720,0.000000,0.000000,0.000000,1.000000,1.000000
1782454566.772349,1158,0.000434,inf,STAND_TEST,0.000000,0.012923,0.141061,-0.242756,0.000000,0.000000,0.000000,1.000000,1.000000
1782454566.792439,1159,0.000423,inf,STAND_TEST,0.000000,0.012930,0.141118,-0.242769,0.000000,0.000000,0.000000,1.000000,1.000000
1782454566.812771,1160,0.000698,inf,STAND_TEST,0.000000,0.012930,0.141117,-0.242753,0.000000,0.000000,0.000000,1.000000,1.000000
1782454566.832755,1161,0.000446,inf,STAND_TEST,0.000000,0.012933,0.141150,-0.242729,0.000000,0.000000,0.000000,1.000000,1.000000
1782454566.852803,1162,0.000439,inf,STAND_TEST,0.000000,0.012935,0.141118,-0.242731,0.000000,0.000000,0.000000,1.000000,1.000000
1782454566.872851,1163,0.000434,inf,STAND_TEST,0.000000,0.012905,0.141178,-0.242758,0.000000,0.000000,0.000000,1.000000,1.000000
1782454566.893025,1164,0.000552,inf,STAND_TEST,0.000000,0.012916,0.141196,-0.242765,0.000000,0.000000,0.000000,1.000000,1.000000
1782454566.913001,1165,0.000474,inf,STAND_TEST,0.000000,0.012933,0.141189,-0.242738,0.000000,0.000000,0.000000,1.000000,1.000000
1782454566.933002,1166,0.000422,inf,STAND_TEST,0.000000,0.012888,0.141166,-0.242725,0.000000,0.000000,0.000000,1.000000,1.000000
1782454566.953294,1167,0.000673,inf,STAND_TEST,0.000000,0.012904,0.141182,-0.242713,0.000000,0.000000,0.000000,1.000000,1.000000
1782454566.973367,1168,0.000691,inf,STAND_TEST,0.000000,0.012886,0.141229,-0.242721,0.000000,0.000000,0.000000,1.000000,1.000000
1782454566.993196,1169,0.000382,inf,STAND_TEST,0.000000,0.012876,0.141234,-0.242721,0.000000,0.000000,0.000000,1.000000,1.000000
1782454567.013352,1170,0.000481,inf,STAND_TEST,0.000000,0.012879,0.141209,-0.242675,0.000000,0.000000,0.000000,1.000000,1.000000
1782454567.033357,1171,0.000432,inf,STAND_TEST,0.000000,0.012863,0.141193,-0.242689,0.000000,0.000000,0.000000,1.000000,1.000000
1782454567.053425,1172,0.000469,inf,STAND_TEST,0.000000,0.012842,0.141213,-0.242725,0.000000,0.000000,0.000000,1.000000,1.000000
1782454567.073486,1173,0.000422,inf,STAND_TEST,0.000000,0.012841,0.141250,-0.242779,0.000000,0.000000,0.000000,1.000000,1.000000
1782454567.093611,1174,0.000437,inf,STAND_TEST,0.000000,0.012826,0.141175,-0.242783,0.000000,0.000000,0.000000,1.000000,1.000000
1782454567.113947,1175,0.000673,inf,STAND_TEST,0.000000,0.012834,0.141193,-0.242813,0.000000,0.000000,0.000000,1.000000,1.000000
1782454567.134047,1176,0.000671,inf,STAND_TEST,0.000000,0.012828,0.141191,-0.242794,0.000000,0.000000,0.000000,1.000000,1.000000
1782454567.154050,1177,0.000431,inf,STAND_TEST,0.000000,0.012829,0.141208,-0.242816,0.000000,0.000000,0.000000,1.000000,1.000000
1782454567.174090,1178,0.000416,inf,STAND_TEST,0.000000,0.012871,0.141163,-0.242807,0.000000,0.000000,0.000000,1.000000,1.000000
1782454567.194441,1179,0.000659,inf,STAND_TEST,0.000000,0.012869,0.141185,-0.242816,0.000000,0.000000,0.000000,1.000000,1.000000
1782454567.214474,1180,0.000635,inf,STAND_TEST,0.000000,0.012899,0.141238,-0.242779,0.000000,0.000000,0.000000,1.000000,1.000000
1782454567.234513,1181,0.000620,inf,STAND_TEST,0.000000,0.012940,0.141281,-0.242756,0.000000,0.000000,0.000000,1.000000,1.000000
1782454567.254493,1182,0.000419,inf,STAND_TEST,0.000000,0.012922,0.141283,-0.242768,0.000000,0.000000,0.000000,1.000000,1.000000
1782454567.274708,1183,0.000445,inf,STAND_TEST,0.000000,0.012920,0.141299,-0.242787,0.000000,0.000000,0.000000,1.000000,1.000000
1782454567.294730,1184,0.000413,inf,STAND_TEST,0.000000,0.012940,0.141327,-0.242766,0.000000,0.000000,0.000000,1.000000,1.000000
1782454567.314808,1185,0.000438,inf,STAND_TEST,0.000000,0.012908,0.141328,-0.242803,0.000000,0.000000,0.000000,1.000000,1.000000
1782454567.335493,1186,0.000994,inf,STAND_TEST,0.000000,0.012921,0.141365,-0.242815,0.000000,0.000000,0.000000,1.000000,1.000000
1782454567.355592,1187,0.000991,inf,STAND_TEST,0.000000,0.012908,0.141366,-0.242824,0.000000,0.000000,0.000000,1.000000,1.000000
1782454567.375402,1188,0.000532,inf,STAND_TEST,0.000000,0.012900,0.141326,-0.242829,0.000000,0.000000,0.000000,1.000000,1.000000
1782454567.395349,1189,0.000425,inf,STAND_TEST,0.000000,0.012916,0.141323,-0.242791,0.000000,0.000000,0.000000,1.000000,1.000000
1782454567.415452,1190,0.000472,inf,STAND_TEST,0.000000,0.012940,0.141350,-0.242783,0.000000,0.000000,0.000000,1.000000,1.000000
1782454567.435506,1191,0.000470,inf,STAND_TEST,0.000000,0.012959,0.141393,-0.242753,0.000000,0.000000,0.000000,1.000000,1.000000
1782454567.455526,1192,0.000435,inf,STAND_TEST,0.000000,0.012964,0.141441,-0.242748,0.000000,0.000000,0.000000,1.000000,1.000000
1782454567.475856,1193,0.000711,inf,STAND_TEST,0.000000,0.012958,0.141432,-0.242733,0.000000,0.000000,0.000000,1.000000,1.000000
1782454567.496013,1194,0.000812,inf,STAND_TEST,0.000000,0.012954,0.141398,-0.242727,0.000000,0.000000,0.000000,1.000000,1.000000
1782454567.516337,1195,0.001012,inf,STAND_TEST,0.000000,0.012969,0.141455,-0.242768,0.000000,0.000000,0.000000,1.000000,1.000000
1782454567.536277,1196,0.000746,inf,STAND_TEST,0.000000,0.012978,0.141427,-0.242730,0.000000,0.000000,0.000000,1.000000,1.000000
1782454567.556688,1197,0.001033,inf,STAND_TEST,0.000000,0.012951,0.141423,-0.242780,0.000000,0.000000,0.000000,1.000000,1.000000
1782454567.576755,1198,0.001038,inf,STAND_TEST,0.000000,0.012918,0.141443,-0.242806,0.000000,0.000000,0.000000,1.000000,1.000000
1782454567.596809,1199,0.000998,inf,STAND_TEST,0.000000,0.012932,0.141502,-0.242768,0.000000,0.000000,0.000000,1.000000,1.000000
1782454567.616883,1200,0.001013,inf,STAND_TEST,0.000000,0.012929,0.141501,-0.242782,0.000000,0.000000,0.000000,1.000000,1.000000
1782454567.636902,1201,0.000754,inf,STAND_TEST,0.000000,0.012916,0.141553,-0.242806,0.000000,0.000000,0.000000,1.000000,1.000000
1782454567.657004,1202,0.000754,inf,STAND_TEST,0.000000,0.012935,0.141594,-0.242830,0.000000,0.000000,0.000000,1.000000,1.000000
1782454567.677036,1203,0.000693,inf,STAND_TEST,0.000000,0.012915,0.141581,-0.242871,0.000000,0.000000,0.000000,1.000000,1.000000
1782454567.697376,1204,0.000973,inf,STAND_TEST,0.000000,0.012904,0.141575,-0.242886,0.000000,0.000000,0.000000,1.000000,1.000000
1782454567.717443,1205,0.000951,inf,STAND_TEST,0.000000,0.012894,0.141606,-0.242957,0.000000,0.000000,0.000000,1.000000,1.000000
1782454567.737665,1206,0.001040,inf,STAND_TEST,0.000000,0.012892,0.141614,-0.242938,0.000000,0.000000,0.000000,1.000000,1.000000
1782454567.757559,1207,0.000805,inf,STAND_TEST,0.000000,0.012938,0.141650,-0.242888,0.000000,0.000000,0.000000,1.000000,1.000000
1782454567.777327,1208,0.000518,inf,STAND_TEST,0.000000,0.012955,0.141605,-0.242842,0.000000,0.000000,0.000000,1.000000,1.000000
1782454567.797285,1209,0.000422,inf,STAND_TEST,0.000000,0.012970,0.141654,-0.242808,0.000000,0.000000,0.000000,1.000000,1.000000
1782454567.817380,1210,0.000462,inf,STAND_TEST,0.000000,0.012979,0.141652,-0.242801,0.000000,0.000000,0.000000,1.000000,1.000000
1782454567.837412,1211,0.000439,inf,STAND_TEST,0.000000,0.012988,0.141668,-0.242800,0.000000,0.000000,0.000000,1.000000,1.000000
1782454567.857711,1212,0.000684,inf,STAND_TEST,0.000000,0.012997,0.141675,-0.242785,0.000000,0.000000,0.000000,1.000000,1.000000
1782454567.877748,1213,0.000667,inf,STAND_TEST,0.000000,0.012994,0.141696,-0.242802,0.000000,0.000000,0.000000,1.000000,1.000000
1782454567.897690,1214,0.000432,inf,STAND_TEST,0.000000,0.013007,0.141709,-0.242793,0.000000,0.000000,0.000000,1.000000,1.000000
1782454567.917731,1215,0.000419,inf,STAND_TEST,0.000000,0.013045,0.141753,-0.242762,0.000000,0.000000,0.000000,1.000000,1.000000
1782454567.937804,1216,0.000439,inf,STAND_TEST,0.000000,0.013027,0.141774,-0.242757,0.000000,0.000000,0.000000,1.000000,1.000000
1782454567.957855,1217,0.000435,inf,STAND_TEST,0.000000,0.013025,0.141768,-0.242733,0.000000,0.000000,0.000000,1.000000,1.000000
1782454567.977849,1218,0.000396,inf,STAND_TEST,0.000000,0.012996,0.141776,-0.242732,0.000000,0.000000,0.000000,1.000000,1.000000
1782454567.997918,1219,0.000411,inf,STAND_TEST,0.000000,0.012980,0.141798,-0.242722,0.000000,0.000000,0.000000,1.000000,1.000000
1782454568.018212,1220,0.000650,inf,STAND_TEST,0.000000,0.012992,0.141783,-0.242691,0.000000,0.000000,0.000000,1.000000,1.000000
1782454568.038257,1221,0.000640,inf,STAND_TEST,0.000000,0.013014,0.141752,-0.242674,0.000000,0.000000,0.000000,1.000000,1.000000
1782454568.058322,1222,0.000652,inf,STAND_TEST,0.000000,0.013022,0.141733,-0.242655,0.000000,0.000000,0.000000,1.000000,1.000000
1782454568.078354,1223,0.000630,inf,STAND_TEST,0.000000,0.013025,0.141737,-0.242599,0.000000,0.000000,0.000000,1.000000,1.000000
1782454568.098321,1224,0.000420,inf,STAND_TEST,0.000000,0.013083,0.141770,-0.242569,0.000000,0.000000,0.000000,1.000000,1.000000
1782454568.118364,1225,0.000410,inf,STAND_TEST,0.000000,0.013091,0.141789,-0.242545,0.000000,0.000000,0.000000,1.000000,1.000000
1782454568.138411,1226,0.000403,inf,STAND_TEST,0.000000,0.013098,0.141764,-0.242505,0.000000,0.000000,0.000000,1.000000,1.000000
1782454568.158567,1227,0.000505,inf,STAND_TEST,0.000000,0.013116,0.141824,-0.242532,0.000000,0.000000,0.000000,1.000000,1.000000
1782454568.178531,1228,0.000415,inf,STAND_TEST,0.000000,0.013125,0.141810,-0.242506,0.000000,0.000000,0.000000,1.000000,1.000000
1782454568.198576,1229,0.000406,inf,STAND_TEST,0.000000,0.013143,0.141840,-0.242488,0.000000,0.000000,0.000000,1.000000,1.000000
1782454568.218663,1230,0.000439,inf,STAND_TEST,0.000000,0.013137,0.141864,-0.242480,0.000000,0.000000,0.000000,1.000000,1.000000
1782454568.238903,1231,0.000624,inf,STAND_TEST,0.000000,0.013148,0.141899,-0.242477,0.000000,0.000000,0.000000,1.000000,1.000000
1782454568.258876,1232,0.000469,inf,STAND_TEST,0.000000,0.013167,0.141914,-0.242473,0.000000,0.000000,0.000000,1.000000,1.000000
1782454568.278893,1233,0.000431,inf,STAND_TEST,0.000000,0.013191,0.141921,-0.242450,0.000000,0.000000,0.000000,1.000000,1.000000
1782454568.298951,1234,0.000436,inf,STAND_TEST,0.000000,0.013162,0.141920,-0.242434,0.000000,0.000000,0.000000,1.000000,1.000000
1782454568.319006,1235,0.000437,inf,STAND_TEST,0.000000,0.013167,0.141911,-0.242469,0.000000,0.000000,0.000000,1.000000,1.000000
1782454568.339067,1236,0.000444,inf,STAND_TEST,0.000000,0.013173,0.141927,-0.242490,0.000000,0.000000,0.000000,1.000000,1.000000
1782454568.359114,1237,0.000436,inf,STAND_TEST,0.000000,0.013185,0.141981,-0.242460,0.000000,0.000000,0.000000,1.000000,1.000000
1782454568.379384,1238,0.000651,inf,STAND_TEST,0.000000,0.013173,0.141987,-0.242456,0.000000,0.000000,0.000000,1.000000,1.000000
1782454568.399321,1239,0.000450,inf,STAND_TEST,0.000000,0.013160,0.141975,-0.242442,0.000000,0.000000,0.000000,1.000000,1.000000
1782454568.419365,1240,0.000431,inf,STAND_TEST,0.000000,0.013174,0.141979,-0.242491,0.000000,0.000000,0.000000,1.000000,1.000000
1782454568.439426,1241,0.000438,inf,STAND_TEST,0.000000,0.013191,0.141949,-0.242545,0.000000,0.000000,0.000000,1.000000,1.000000
1782454568.459489,1242,0.000447,inf,STAND_TEST,0.000000,0.013196,0.141939,-0.242514,0.000000,0.000000,0.000000,1.000000,1.000000
1782454568.479531,1243,0.000436,inf,STAND_TEST,0.000000,0.013213,0.141931,-0.242479,0.000000,0.000000,0.000000,1.000000,1.000000
1782454568.499893,1244,0.000741,inf,STAND_TEST,0.000000,0.013199,0.141895,-0.242472,0.000000,0.000000,0.000000,1.000000,1.000000
1782454568.519665,1245,0.000459,inf,STAND_TEST,0.000000,0.013199,0.141866,-0.242459,0.000000,0.000000,0.000000,1.000000,1.000000
1782454568.539947,1246,0.000685,inf,STAND_TEST,0.000000,0.013183,0.141875,-0.242481,0.000000,0.000000,0.000000,1.000000,1.000000
1782454568.559994,1247,0.000679,inf,STAND_TEST,0.000000,0.013169,0.141844,-0.242462,0.000000,0.000000,0.000000,1.000000,1.000000
1782454568.579880,1248,0.000449,inf,STAND_TEST,0.000000,0.013156,0.141859,-0.242440,0.000000,0.000000,0.000000,1.000000,1.000000
1782454568.599984,1249,0.000431,inf,STAND_TEST,0.000000,0.013169,0.141855,-0.242415,0.000000,0.000000,0.000000,1.000000,1.000000
1782454568.620050,1250,0.000444,inf,STAND_TEST,0.000000,0.013157,0.141896,-0.242407,0.000000,0.000000,0.000000,1.000000,1.000000
1782454568.640081,1251,0.000421,inf,STAND_TEST,0.000000,0.013139,0.141920,-0.242445,0.000000,0.000000,0.000000,1.000000,1.000000
1782454568.660340,1252,0.000626,inf,STAND_TEST,0.000000,0.013146,0.141934,-0.242477,0.000000,0.000000,0.000000,1.000000,1.000000
1782454568.680206,1253,0.000438,inf,STAND_TEST,0.000000,0.013150,0.141916,-0.242501,0.000000,0.000000,0.000000,1.000000,1.000000
1782454568.700474,1254,0.000651,inf,STAND_TEST,0.000000,0.013146,0.141838,-0.242518,0.000000,0.000000,0.000000,1.000000,1.000000
1782454568.720510,1255,0.000632,inf,STAND_TEST,0.000000,0.013144,0.141808,-0.242500,0.000000,0.000000,0.000000,1.000000,1.000000
1782454568.740773,1256,0.000839,inf,STAND_TEST,0.000000,0.013157,0.141805,-0.242482,0.000000,0.000000,0.000000,1.000000,1.000000
1782454568.760667,1257,0.000466,inf,STAND_TEST,0.000000,0.013183,0.141783,-0.242477,0.000000,0.000000,0.000000,1.000000,1.000000
1782454568.780672,1258,0.000417,inf,STAND_TEST,0.000000,0.013181,0.141761,-0.242476,0.000000,0.000000,0.000000,1.000000,1.000000
1782454568.800699,1259,0.000391,inf,STAND_TEST,0.000000,0.013200,0.141787,-0.242449,0.000000,0.000000,0.000000,1.000000,1.000000
1782454568.820999,1260,0.000637,inf,STAND_TEST,0.000000,0.013209,0.141774,-0.242405,0.000000,0.000000,0.000000,1.000000,1.000000
1782454568.841082,1261,0.000666,inf,STAND_TEST,0.000000,0.013214,0.141788,-0.242411,0.000000,0.000000,0.000000,1.000000,1.000000
1782454568.861231,1262,0.000758,inf,STAND_TEST,0.000000,0.013188,0.141798,-0.242441,0.000000,0.000000,0.000000,1.000000,1.000000
1782454568.881206,1263,0.000611,inf,STAND_TEST,0.000000,0.013173,0.141838,-0.242440,0.000000,0.000000,0.000000,1.000000,1.000000
1782454568.901184,1264,0.000482,inf,STAND_TEST,0.000000,0.013190,0.141851,-0.242384,0.000000,0.000000,0.000000,1.000000,1.000000
1782454568.921328,1265,0.000570,inf,STAND_TEST,0.000000,0.013188,0.141840,-0.242393,0.000000,0.000000,0.000000,1.000000,1.000000
1782454568.941209,1266,0.000395,inf,STAND_TEST,0.000000,0.013193,0.141874,-0.242406,0.000000,0.000000,0.000000,1.000000,1.000000
1782454568.961315,1267,0.000448,inf,STAND_TEST,0.000000,0.013203,0.141862,-0.242403,0.000000,0.000000,0.000000,1.000000,1.000000
1782454568.981353,1268,0.000431,inf,STAND_TEST,0.000000,0.013217,0.141898,-0.242451,0.000000,0.000000,0.000000,1.000000,1.000000
1782454569.001367,1269,0.000391,inf,STAND_TEST,0.000000,0.013229,0.141917,-0.242448,0.000000,0.000000,0.000000,1.000000,1.000000
1782454569.021652,1270,0.000437,inf,STAND_TEST,0.000000,0.013217,0.141899,-0.242449,0.000000,0.000000,0.000000,1.000000,1.000000
1782454569.041791,1271,0.000445,inf,STAND_TEST,0.000000,0.013216,0.141876,-0.242435,0.000000,0.000000,0.000000,1.000000,1.000000
1782454569.061834,1272,0.000434,inf,STAND_TEST,0.000000,0.013217,0.141891,-0.242445,0.000000,0.000000,0.000000,1.000000,1.000000
1782454569.081893,1273,0.000438,inf,STAND_TEST,0.000000,0.013218,0.141890,-0.242438,0.000000,0.000000,0.000000,1.000000,1.000000
1782454569.101913,1274,0.000405,inf,STAND_TEST,0.000000,0.013239,0.141911,-0.242440,0.000000,0.000000,0.000000,1.000000,1.000000
1782454569.121991,1275,0.000429,inf,STAND_TEST,0.000000,0.013235,0.141874,-0.242440,0.000000,0.000000,0.000000,1.000000,1.000000
1782454569.142249,1276,0.000633,inf,STAND_TEST,0.000000,0.013234,0.141824,-0.242453,0.000000,0.000000,0.000000,1.000000,1.000000
1782454569.162378,1277,0.000707,inf,STAND_TEST,0.000000,0.013235,0.141752,-0.242449,0.000000,0.000000,0.000000,1.000000,1.000000
1782454569.182370,1278,0.000646,inf,STAND_TEST,0.000000,0.013246,0.141720,-0.242440,0.000000,0.000000,0.000000,1.000000,1.000000
1782454569.202355,1279,0.000410,inf,STAND_TEST,0.000000,0.013254,0.141710,-0.242459,0.000000,0.000000,0.000000,1.000000,1.000000
1782454569.222465,1280,0.000464,inf,STAND_TEST,0.000000,0.013267,0.141673,-0.242403,0.000000,0.000000,0.000000,1.000000,1.000000
1782454569.242498,1281,0.000442,inf,STAND_TEST,0.000000,0.013267,0.141638,-0.242408,0.000000,0.000000,0.000000,1.000000,1.000000
1782454569.262594,1282,0.000481,inf,STAND_TEST,0.000000,0.013285,0.141669,-0.242397,0.000000,0.000000,0.000000,1.000000,1.000000
1782454569.282804,1283,0.000637,inf,STAND_TEST,0.000000,0.013286,0.141646,-0.242384,0.000000,0.000000,0.000000,1.000000,1.000000
1782454569.302895,1284,0.000673,inf,STAND_TEST,0.000000,0.013331,0.141654,-0.242324,0.000000,0.000000,0.000000,1.000000,1.000000
1782454569.322912,1285,0.000635,inf,STAND_TEST,0.000000,0.013335,0.141696,-0.242307,0.000000,0.000000,0.000000,1.000000,1.000000
1782454569.342945,1286,0.000440,inf,STAND_TEST,0.000000,0.013364,0.141692,-0.242275,0.000000,0.000000,0.000000,1.000000,1.000000
1782454569.363045,1287,0.000484,inf,STAND_TEST,0.000000,0.013367,0.141644,-0.242232,0.000000,0.000000,0.000000,1.000000,1.000000
1782454569.383030,1288,0.000416,inf,STAND_TEST,0.000000,0.013339,0.141598,-0.242205,0.000000,0.000000,0.000000,1.000000,1.000000
1782454569.403068,1289,0.000400,inf,STAND_TEST,0.000000,0.013319,0.141604,-0.242191,0.000000,0.000000,0.000000,1.000000,1.000000
1782454569.423162,1290,0.000439,inf,STAND_TEST,0.000000,0.013304,0.141588,-0.242188,0.000000,0.000000,0.000000,1.000000,1.000000
1782454569.443410,1291,0.000633,inf,STAND_TEST,0.000000,0.013317,0.141603,-0.242174,0.000000,0.000000,0.000000,1.000000,1.000000
1782454569.463523,1292,0.000518,inf,STAND_TEST,0.000000,0.013296,0.141563,-0.242184,0.000000,0.000000,0.000000,1.000000,1.000000
1782454569.483658,1293,0.000540,inf,STAND_TEST,0.000000,0.013282,0.141558,-0.242204,0.000000,0.000000,0.000000,1.000000,1.000000
1782454569.503589,1294,0.000417,inf,STAND_TEST,0.000000,0.013257,0.141573,-0.242208,0.000000,0.000000,0.000000,1.000000,1.000000
1782454569.523672,1295,0.000446,inf,STAND_TEST,0.000000,0.013254,0.141577,-0.242197,0.000000,0.000000,0.000000,1.000000,1.000000
1782454569.543740,1296,0.000459,inf,STAND_TEST,0.000000,0.013238,0.141559,-0.242206,0.000000,0.000000,0.000000,1.000000,1.000000
1782454569.563772,1297,0.000436,inf,STAND_TEST,0.000000,0.013243,0.141560,-0.242138,0.000000,0.000000,0.000000,1.000000,1.000000
1782454569.584008,1298,0.000619,inf,STAND_TEST,0.000000,0.013274,0.141566,-0.242099,0.000000,0.000000,0.000000,1.000000,1.000000
1782454569.604056,1299,0.000612,inf,STAND_TEST,0.000000,0.013283,0.141542,-0.242127,0.000000,0.000000,0.000000,1.000000,1.000000
1782454569.624191,1300,0.000440,inf,STAND_TEST,0.000000,0.013314,0.141516,-0.242154,0.000000,0.000000,0.000000,1.000000,1.000000
1782454569.644250,1301,0.000444,inf,STAND_TEST,0.000000,0.013323,0.141468,-0.242125,0.000000,0.000000,0.000000,1.000000,1.000000
1782454569.664319,1302,0.000460,inf,STAND_TEST,0.000000,0.013299,0.141450,-0.242151,0.000000,0.000000,0.000000,1.000000,1.000000
1782454569.684595,1303,0.000681,inf,STAND_TEST,0.000000,0.013289,0.141432,-0.242113,0.000000,0.000000,0.000000,1.000000,1.000000
1782454569.704692,1304,0.000722,inf,STAND_TEST,0.000000,0.013301,0.141394,-0.242125,0.000000,0.000000,0.000000,1.000000,1.000000
1782454569.724804,1305,0.000780,inf,STAND_TEST,0.000000,0.013299,0.141404,-0.242114,0.000000,0.000000,0.000000,1.000000,1.000000
1782454569.744758,1306,0.000678,inf,STAND_TEST,0.000000,0.013314,0.141387,-0.242128,0.000000,0.000000,0.000000,1.000000,1.000000
1782454569.764716,1307,0.000463,inf,STAND_TEST,0.000000,0.013307,0.141377,-0.242088,0.000000,0.000000,0.000000,1.000000,1.000000
1782454569.784763,1308,0.000456,inf,STAND_TEST,0.000000,0.013329,0.141364,-0.242094,0.000000,0.000000,0.000000,1.000000,1.000000
1782454569.804777,1309,0.000415,inf,STAND_TEST,0.000000,0.013342,0.141367,-0.242111,0.000000,0.000000,0.000000,1.000000,1.000000
1782454569.824874,1310,0.000458,inf,STAND_TEST,0.000000,0.013346,0.141356,-0.242123,0.000000,0.000000,0.000000,1.000000,1.000000
1782454569.844936,1311,0.000464,inf,STAND_TEST,0.000000,0.013321,0.141306,-0.242094,0.000000,0.000000,0.000000,1.000000,1.000000
1782454569.865236,1312,0.000709,inf,STAND_TEST,0.000000,0.013298,0.141277,-0.242085,0.000000,0.000000,0.000000,1.000000,1.000000
1782454569.885233,1313,0.000649,inf,STAND_TEST,0.000000,0.013300,0.141261,-0.242109,0.000000,0.000000,0.000000,1.000000,1.000000
1782454569.905308,1314,0.000670,inf,STAND_TEST,0.000000,0.013279,0.141232,-0.242141,0.000000,0.000000,0.000000,1.000000,1.000000
1782454569.925331,1315,0.000639,inf,STAND_TEST,0.000000,0.013272,0.141199,-0.242131,0.000000,0.000000,0.000000,1.000000,1.000000
1782454569.945215,1316,0.000445,inf,STAND_TEST,0.000000,0.013246,0.141163,-0.242118,0.000000,0.000000,0.000000,1.000000,1.000000
1782454569.965268,1317,0.000444,inf,STAND_TEST,0.000000,0.013253,0.141149,-0.242141,0.000000,0.000000,0.000000,1.000000,1.000000
1782454569.985319,1318,0.000441,inf,STAND_TEST,0.000000,0.013246,0.141131,-0.242145,0.000000,0.000000,0.000000,1.000000,1.000000
1782454570.005353,1319,0.000421,inf,STAND_TEST,0.000000,0.013245,0.141077,-0.242154,0.000000,0.000000,0.000000,1.000000,1.000000
1782454570.025427,1320,0.000441,inf,STAND_TEST,0.000000,0.013244,0.141018,-0.242147,0.000000,0.000000,0.000000,1.000000,1.000000
1782454570.045487,1321,0.000445,inf,STAND_TEST,0.000000,0.013230,0.141024,-0.242157,0.000000,0.000000,0.000000,1.000000,1.000000
1782454570.065526,1322,0.000429,inf,STAND_TEST,0.000000,0.013256,0.141025,-0.242165,0.000000,0.000000,0.000000,1.000000,1.000000
1782454570.085775,1323,0.000624,inf,STAND_TEST,0.000000,0.013260,0.141047,-0.242174,0.000000,0.000000,0.000000,1.000000,1.000000
1782454570.105684,1324,0.000401,inf,STAND_TEST,0.000000,0.013256,0.141013,-0.242144,0.000000,0.000000,0.000000,1.000000,1.000000
1782454570.125769,1325,0.000433,inf,STAND_TEST,0.000000,0.013221,0.140996,-0.242165,0.000000,0.000000,0.000000,1.000000,1.000000
1782454570.145854,1326,0.000452,inf,STAND_TEST,0.000000,0.013227,0.141002,-0.242174,0.000000,0.000000,0.000000,1.000000,1.000000
1782454570.165970,1327,0.000516,inf,STAND_TEST,0.000000,0.013227,0.140991,-0.242146,0.000000,0.000000,0.000000,1.000000,1.000000
1782454570.185953,1328,0.000445,inf,STAND_TEST,0.000000,0.013215,0.141013,-0.242157,0.000000,0.000000,0.000000,1.000000,1.000000
1782454570.205981,1329,0.000415,inf,STAND_TEST,0.000000,0.013223,0.140969,-0.242156,0.000000,0.000000,0.000000,1.000000,1.000000
1782454570.226458,1330,0.000835,inf,STAND_TEST,0.000000,0.013213,0.140889,-0.242138,0.000000,0.000000,0.000000,1.000000,1.000000
1782454570.246534,1331,0.000857,inf,STAND_TEST,0.000000,0.013200,0.140862,-0.242113,0.000000,0.000000,0.000000,1.000000,1.000000
1782454570.266386,1332,0.000443,inf,STAND_TEST,0.000000,0.013167,0.140858,-0.242078,0.000000,0.000000,0.000000,1.000000,1.000000
1782454570.286470,1333,0.000471,inf,STAND_TEST,0.000000,0.013187,0.140816,-0.242071,0.000000,0.000000,0.000000,1.000000,1.000000
1782454570.306488,1334,0.000434,inf,STAND_TEST,0.000000,0.013160,0.140802,-0.242096,0.000000,0.000000,0.000000,1.000000,1.000000
1782454570.326505,1335,0.000397,inf,STAND_TEST,0.000000,0.013184,0.140790,-0.242082,0.000000,0.000000,0.000000,1.000000,1.000000
1782454570.347275,1336,0.001025,inf,STAND_TEST,0.000000,0.013174,0.140744,-0.242116,0.000000,0.000000,0.000000,1.000000,1.000000
1782454570.367414,1337,0.001037,inf,STAND_TEST,0.000000,0.013191,0.140759,-0.242091,0.000000,0.000000,0.000000,1.000000,1.000000
1782454570.387343,1338,0.000759,inf,STAND_TEST,0.000000,0.013185,0.140712,-0.242099,0.000000,0.000000,0.000000,1.000000,1.000000
1782454570.407592,1339,0.000850,inf,STAND_TEST,0.000000,0.013186,0.140672,-0.242163,0.000000,0.000000,0.000000,1.000000,1.000000
1782454570.427907,1340,0.001043,inf,STAND_TEST,0.000000,0.013177,0.140648,-0.242170,0.000000,0.000000,0.000000,1.000000,1.000000
1782454570.448049,1341,0.001061,inf,STAND_TEST,0.000000,0.013159,0.140643,-0.242173,0.000000,0.000000,0.000000,1.000000,1.000000
1782454570.467988,1342,0.000776,inf,STAND_TEST,0.000000,0.013121,0.140694,-0.242187,0.000000,0.000000,0.000000,1.000000,1.000000
1782454570.488114,1343,0.000784,inf,STAND_TEST,0.000000,0.013134,0.140758,-0.242189,0.000000,0.000000,0.000000,1.000000,1.000000
1782454570.508235,1344,0.000776,inf,STAND_TEST,0.000000,0.013134,0.140760,-0.242186,0.000000,0.000000,0.000000,1.000000,1.000000
1782454570.528353,1345,0.000777,inf,STAND_TEST,0.000000,0.013153,0.140787,-0.242202,0.000000,0.000000,0.000000,1.000000,1.000000
1782454570.548720,1346,0.001082,inf,STAND_TEST,0.000000,0.013146,0.140777,-0.242168,0.000000,0.000000,0.000000,1.000000,1.000000
1782454570.568862,1347,0.001098,inf,STAND_TEST,0.000000,0.013164,0.140773,-0.242164,0.000000,0.000000,0.000000,1.000000,1.000000
1782454570.588761,1348,0.000796,inf,STAND_TEST,0.000000,0.013153,0.140689,-0.242118,0.000000,0.000000,0.000000,1.000000,1.000000
1782454570.608877,1349,0.000789,inf,STAND_TEST,0.000000,0.013168,0.140691,-0.242103,0.000000,0.000000,0.000000,1.000000,1.000000
1782454570.629223,1350,0.001072,inf,STAND_TEST,0.000000,0.013146,0.140709,-0.242106,0.000000,0.000000,0.000000,1.000000,1.000000
1782454570.649511,1351,0.001228,inf,STAND_TEST,0.000000,0.013139,0.140668,-0.242117,0.000000,0.000000,0.000000,1.000000,1.000000
1782454570.669188,1352,0.000851,inf,STAND_TEST,0.000000,0.013123,0.140644,-0.242123,0.000000,0.000000,0.000000,1.000000,1.000000
1782454570.689277,1353,0.000885,inf,STAND_TEST,0.000000,0.013121,0.140639,-0.242119,0.000000,0.000000,0.000000,1.000000,1.000000
1782454570.709238,1354,0.000492,inf,STAND_TEST,0.000000,0.013097,0.140619,-0.242126,0.000000,0.000000,0.000000,1.000000,1.000000
1782454570.729235,1355,0.000435,inf,STAND_TEST,0.000000,0.013107,0.140616,-0.242108,0.000000,0.000000,0.000000,1.000000,1.000000
1782454570.749325,1356,0.000467,inf,STAND_TEST,0.000000,0.013094,0.140595,-0.242115,0.000000,0.000000,0.000000,1.000000,1.000000
1782454570.769386,1357,0.000472,inf,STAND_TEST,0.000000,0.013102,0.140564,-0.242119,0.000000,0.000000,0.000000,1.000000,1.000000
1782454570.789679,1358,0.000709,inf,STAND_TEST,0.000000,0.013098,0.140543,-0.242109,0.000000,0.000000,0.000000,1.000000,1.000000
1782454570.809689,1359,0.000665,inf,STAND_TEST,0.000000,0.013078,0.140532,-0.242115,0.000000,0.000000,0.000000,1.000000,1.000000
1782454570.829928,1360,0.000849,inf,STAND_TEST,0.000000,0.013087,0.140505,-0.242093,0.000000,0.000000,0.000000,1.000000,1.000000
1782454570.849997,1361,0.000860,inf,STAND_TEST,0.000000,0.013081,0.140526,-0.242058,0.000000,0.000000,0.000000,1.000000,1.000000
1782454570.869674,1362,0.000479,inf,STAND_TEST,0.000000,0.013069,0.140472,-0.242066,0.000000,0.000000,0.000000,1.000000,1.000000
1782454570.889708,1363,0.000458,inf,STAND_TEST,0.000000,0.013054,0.140485,-0.242089,0.000000,0.000000,0.000000,1.000000,1.000000
1782454570.909795,1364,0.000489,inf,STAND_TEST,0.000000,0.013062,0.140464,-0.242102,0.000000,0.000000,0.000000,1.000000,1.000000
1782454570.930690,1365,0.001321,inf,STAND_TEST,0.000000,0.013057,0.140435,-0.242120,0.000000,0.000000,0.000000,1.000000,1.000000
1782454570.950743,1366,0.001244,inf,STAND_TEST,0.000000,0.013027,0.140461,-0.242162,0.000000,0.000000,0.000000,1.000000,1.000000
1782454570.970645,1367,0.001085,inf,STAND_TEST,0.000000,0.013020,0.140461,-0.242139,0.000000,0.000000,0.000000,1.000000,1.000000
1782454570.990798,1368,0.001102,inf,STAND_TEST,0.000000,0.013024,0.140494,-0.242137,0.000000,0.000000,0.000000,1.000000,1.000000
1782454571.010704,1369,0.000825,inf,STAND_TEST,0.000000,0.013027,0.140492,-0.242154,0.000000,0.000000,0.000000,1.000000,1.000000
1782454571.030998,1370,0.001055,inf,STAND_TEST,0.000000,0.013013,0.140499,-0.242157,0.000000,0.000000,0.000000,1.000000,1.000000
1782454571.051095,1371,0.001029,inf,STAND_TEST,0.000000,0.012981,0.140502,-0.242180,0.000000,0.000000,0.000000,1.000000,1.000000
1782454571.071246,1372,0.001058,inf,STAND_TEST,0.000000,0.012977,0.140498,-0.242145,0.000000,0.000000,0.000000,1.000000,1.000000
1782454571.091322,1373,0.000798,inf,STAND_TEST,0.000000,0.012941,0.140507,-0.242162,0.000000,0.000000,0.000000,1.000000,1.000000
1782454571.111735,1374,0.001092,inf,STAND_TEST,0.000000,0.012937,0.140530,-0.242195,0.000000,0.000000,0.000000,1.000000,1.000000
1782454571.131849,1375,0.001086,inf,STAND_TEST,0.000000,0.012935,0.140544,-0.242205,0.000000,0.000000,0.000000,1.000000,1.000000
1782454571.152003,1376,0.001111,inf,STAND_TEST,0.000000,0.012912,0.140559,-0.242225,0.000000,0.000000,0.000000,1.000000,1.000000
1782454571.172120,1377,0.001102,inf,STAND_TEST,0.000000,0.012908,0.140590,-0.242247,0.000000,0.000000,0.000000,1.000000,1.000000
1782454571.192171,1378,0.001093,inf,STAND_TEST,0.000000,0.012911,0.140619,-0.242238,0.000000,0.000000,0.000000,1.000000,1.000000
1782454571.212109,1379,0.000828,inf,STAND_TEST,0.000000,0.012897,0.140603,-0.242240,0.000000,0.000000,0.000000,1.000000,1.000000
1782454571.232414,1380,0.001008,inf,STAND_TEST,0.000000,0.012872,0.140562,-0.242245,0.000000,0.000000,0.000000,1.000000,1.000000
1782454571.252607,1381,0.001082,inf,STAND_TEST,0.000000,0.012878,0.140550,-0.242260,0.000000,0.000000,0.000000,1.000000,1.000000
1782454571.272755,1382,0.001093,inf,STAND_TEST,0.000000,0.012857,0.140513,-0.242275,0.000000,0.000000,0.000000,1.000000,1.000000
1782454571.292737,1383,0.000818,inf,STAND_TEST,0.000000,0.012836,0.140482,-0.242285,0.000000,0.000000,0.000000,1.000000,1.000000
1782454571.312867,1384,0.000823,inf,STAND_TEST,0.000000,0.012830,0.140494,-0.242348,0.000000,0.000000,0.000000,1.000000,1.000000
1782454571.332923,1385,0.000755,inf,STAND_TEST,0.000000,0.012843,0.140494,-0.242327,0.000000,0.000000,0.000000,1.000000,1.000000
1782454571.353517,1386,0.001218,inf,STAND_TEST,0.000000,0.012837,0.140477,-0.242328,0.000000,0.000000,0.000000,1.000000,1.000000
1782454571.373642,1387,0.001221,inf,STAND_TEST,0.000000,0.012863,0.140470,-0.242314,0.000000,0.000000,0.000000,1.000000,1.000000
1782454571.393631,1388,0.000816,inf,STAND_TEST,0.000000,0.012811,0.140432,-0.242367,0.000000,0.000000,0.000000,1.000000,1.000000
1782454571.413876,1389,0.000956,inf,STAND_TEST,0.000000,0.012805,0.140433,-0.242385,0.000000,0.000000,0.000000,1.000000,1.000000
1782454571.433526,1390,0.000551,inf,STAND_TEST,0.000000,0.012819,0.140418,-0.242326,0.000000,0.000000,0.000000,1.000000,1.000000
1782454571.453701,1391,0.000670,inf,STAND_TEST,0.000000,0.012812,0.140397,-0.242300,0.000000,0.000000,0.000000,1.000000,1.000000
1782454571.473855,1392,0.000769,inf,STAND_TEST,0.000000,0.012795,0.140392,-0.242326,0.000000,0.000000,0.000000,1.000000,1.000000
1782454571.493788,1393,0.000647,inf,STAND_TEST,0.000000,0.012799,0.140393,-0.242351,0.000000,0.000000,0.000000,1.000000,1.000000
1782454571.513865,1394,0.000482,inf,STAND_TEST,0.000000,0.012775,0.140374,-0.242352,0.000000,0.000000,0.000000,1.000000,1.000000
1782454571.533862,1395,0.000425,inf,STAND_TEST,0.000000,0.012799,0.140335,-0.242320,0.000000,0.000000,0.000000,1.000000,1.000000
1782454571.553930,1396,0.000475,inf,STAND_TEST,0.000000,0.012824,0.140308,-0.242299,0.000000,0.000000,0.000000,1.000000,1.000000
1782454571.573929,1397,0.000420,inf,STAND_TEST,0.000000,0.012795,0.140311,-0.242342,0.000000,0.000000,0.000000,1.000000,1.000000
1782454571.593996,1398,0.000428,inf,STAND_TEST,0.000000,0.012796,0.140343,-0.242347,0.000000,0.000000,0.000000,1.000000,1.000000
1782454571.614239,1399,0.000616,inf,STAND_TEST,0.000000,0.012802,0.140336,-0.242355,0.000000,0.000000,0.000000,1.000000,1.000000
1782454571.634349,1400,0.000671,inf,STAND_TEST,0.000000,0.012804,0.140375,-0.242373,0.000000,0.000000,0.000000,1.000000,1.000000
1782454571.654385,1401,0.000652,inf,STAND_TEST,0.000000,0.012775,0.140344,-0.242345,0.000000,0.000000,0.000000,1.000000,1.000000
1782454571.674338,1402,0.000437,inf,STAND_TEST,0.000000,0.012799,0.140358,-0.242335,0.000000,0.000000,0.000000,1.000000,1.000000
1782454571.694395,1403,0.000439,inf,STAND_TEST,0.000000,0.012822,0.140360,-0.242366,0.000000,0.000000,0.000000,1.000000,1.000000
1782454571.714485,1404,0.000473,inf,STAND_TEST,0.000000,0.012811,0.140384,-0.242364,0.000000,0.000000,0.000000,1.000000,1.000000
1782454571.734541,1405,0.000472,inf,STAND_TEST,0.000000,0.012787,0.140397,-0.242378,0.000000,0.000000,0.000000,1.000000,1.000000
1782454571.754576,1406,0.000452,inf,STAND_TEST,0.000000,0.012778,0.140417,-0.242446,0.000000,0.000000,0.000000,1.000000,1.000000
1782454571.774591,1407,0.000412,inf,STAND_TEST,0.000000,0.012786,0.140414,-0.242465,0.000000,0.000000,0.000000,1.000000,1.000000
1782454571.794854,1408,0.000621,inf,STAND_TEST,0.000000,0.012779,0.140447,-0.242523,0.000000,0.000000,0.000000,1.000000,1.000000
1782454571.814888,1409,0.000601,inf,STAND_TEST,0.000000,0.012731,0.140415,-0.242549,0.000000,0.000000,0.000000,1.000000,1.000000
1782454571.834975,1410,0.000442,inf,STAND_TEST,0.000000,0.012723,0.140391,-0.242556,0.000000,0.000000,0.000000,1.000000,1.000000
1782454571.855043,1411,0.000457,inf,STAND_TEST,0.000000,0.012736,0.140398,-0.242538,0.000000,0.000000,0.000000,1.000000,1.000000
1782454571.875085,1412,0.000443,inf,STAND_TEST,0.000000,0.012743,0.140359,-0.242546,0.000000,0.000000,0.000000,1.000000,1.000000
1782454571.895152,1413,0.000455,inf,STAND_TEST,0.000000,0.012735,0.140356,-0.242547,0.000000,0.000000,0.000000,1.000000,1.000000
1782454571.915192,1414,0.000441,inf,STAND_TEST,0.000000,0.012777,0.140380,-0.242524,0.000000,0.000000,0.000000,1.000000,1.000000
1782454571.935493,1415,0.000686,inf,STAND_TEST,0.000000,0.012782,0.140394,-0.242567,0.000000,0.000000,0.000000,1.000000,1.000000
1782454571.955515,1416,0.000653,inf,STAND_TEST,0.000000,0.012801,0.140421,-0.242584,0.000000,0.000000,0.000000,1.000000,1.000000
1782454571.975476,1417,0.000436,inf,STAND_TEST,0.000000,0.012785,0.140411,-0.242629,0.000000,0.000000,0.000000,1.000000,1.000000
1782454571.995488,1418,0.000394,inf,STAND_TEST,0.000000,0.012814,0.140425,-0.242633,0.000000,0.000000,0.000000,1.000000,1.000000
1782454572.015571,1419,0.000423,inf,STAND_TEST,0.000000,0.012815,0.140400,-0.242656,0.000000,0.000000,0.000000,1.000000,1.000000
1782454572.035601,1420,0.000400,inf,STAND_TEST,0.000000,0.012794,0.140413,-0.242699,0.000000,0.000000,0.000000,1.000000,1.000000
1782454572.055706,1421,0.000450,inf,STAND_TEST,0.000000,0.012799,0.140394,-0.242661,0.000000,0.000000,0.000000,1.000000,1.000000
1782454572.075729,1422,0.000419,inf,STAND_TEST,0.000000,0.012797,0.140393,-0.242648,0.000000,0.000000,0.000000,1.000000,1.000000
1782454572.096001,1423,0.000637,inf,STAND_TEST,0.000000,0.012792,0.140381,-0.242679,0.000000,0.000000,0.000000,1.000000,1.000000
1782454572.116049,1424,0.000631,inf,STAND_TEST,0.000000,0.012798,0.140411,-0.242689,0.000000,0.000000,0.000000,1.000000,1.000000
1782454572.136075,1425,0.000428,inf,STAND_TEST,0.000000,0.012813,0.140424,-0.242701,0.000000,0.000000,0.000000,1.000000,1.000000
1782454572.156228,1426,0.000496,inf,STAND_TEST,0.000000,0.012812,0.140410,-0.242682,0.000000,0.000000,0.000000,1.000000,1.000000
1782454572.176267,1427,0.000480,inf,STAND_TEST,0.000000,0.012823,0.140422,-0.242726,0.000000,0.000000,0.000000,1.000000,1.000000
1782454572.196318,1428,0.000476,inf,STAND_TEST,0.000000,0.012812,0.140406,-0.242734,0.000000,0.000000,0.000000,1.000000,1.000000
1782454572.216317,1429,0.000420,inf,STAND_TEST,0.000000,0.012795,0.140396,-0.242772,0.000000,0.000000,0.000000,1.000000,1.000000
1782454572.236613,1430,0.000661,inf,STAND_TEST,0.000000,0.012797,0.140441,-0.242794,0.000000,0.000000,0.000000,1.000000,1.000000
1782454572.256704,1431,0.000695,inf,STAND_TEST,0.000000,0.012790,0.140426,-0.242791,0.000000,0.000000,0.000000,1.000000,1.000000
1782454572.276742,1432,0.000679,inf,STAND_TEST,0.000000,0.012777,0.140466,-0.242832,0.000000,0.000000,0.000000,1.000000,1.000000
1782454572.296687,1433,0.000483,inf,STAND_TEST,0.000000,0.012768,0.140420,-0.242876,0.000000,0.000000,0.000000,1.000000,1.000000
1782454572.316715,1434,0.000456,inf,STAND_TEST,0.000000,0.012771,0.140438,-0.242887,0.000000,0.000000,0.000000,1.000000,1.000000
1782454572.336760,1435,0.000446,inf,STAND_TEST,0.000000,0.012757,0.140436,-0.242931,0.000000,0.000000,0.000000,1.000000,1.000000
1782454572.356824,1436,0.000454,inf,STAND_TEST,0.000000,0.012736,0.140433,-0.242997,0.000000,0.000000,0.000000,1.000000,1.000000
1782454572.377096,1437,0.000671,inf,STAND_TEST,0.000000,0.012744,0.140427,-0.242984,0.000000,0.000000,0.000000,1.000000,1.000000
1782454572.397171,1438,0.000689,inf,STAND_TEST,0.000000,0.012763,0.140398,-0.243023,0.000000,0.000000,0.000000,1.000000,1.000000
1782454572.417196,1439,0.000659,inf,STAND_TEST,0.000000,0.012754,0.140371,-0.243006,0.000000,0.000000,0.000000,1.000000,1.000000
1782454572.437290,1440,0.000698,inf,STAND_TEST,0.000000,0.012763,0.140380,-0.243031,0.000000,0.000000,0.000000,1.000000,1.000000
1782454572.457306,1441,0.000659,inf,STAND_TEST,0.000000,0.012752,0.140381,-0.243048,0.000000,0.000000,0.000000,1.000000,1.000000
1782454572.477149,1442,0.000447,inf,STAND_TEST,0.000000,0.012760,0.140407,-0.243029,0.000000,0.000000,0.000000,1.000000,1.000000
1782454572.497259,1443,0.000475,inf,STAND_TEST,0.000000,0.012766,0.140375,-0.243032,0.000000,0.000000,0.000000,1.000000,1.000000
1782454572.517261,1444,0.000423,inf,STAND_TEST,0.000000,0.012761,0.140392,-0.243053,0.000000,0.000000,0.000000,1.000000,1.000000
1782454572.537343,1445,0.000450,inf,STAND_TEST,0.000000,0.012773,0.140394,-0.243066,0.000000,0.000000,0.000000,1.000000,1.000000
1782454572.557655,1446,0.000705,inf,STAND_TEST,0.000000,0.012772,0.140358,-0.243052,0.000000,0.000000,0.000000,1.000000,1.000000
1782454572.577403,1447,0.000399,inf,STAND_TEST,0.000000,0.012771,0.140360,-0.243042,0.000000,0.000000,0.000000,1.000000,1.000000
1782454572.597912,1448,0.000851,inf,STAND_TEST,0.000000,0.012791,0.140363,-0.243062,0.000000,0.000000,0.000000,1.000000,1.000000
1782454572.618350,1449,0.000744,inf,STAND_TEST,0.000000,0.012796,0.140376,-0.243048,0.000000,0.000000,0.000000,1.000000,1.000000
1782454572.638738,1450,0.000994,inf,STAND_TEST,0.000000,0.012785,0.140367,-0.243037,0.000000,0.000000,0.000000,1.000000,1.000000
1782454572.658951,1451,0.001080,inf,STAND_TEST,0.000000,0.012803,0.140354,-0.242978,0.000000,0.000000,0.000000,1.000000,1.000000
1782454572.678834,1452,0.000904,inf,STAND_TEST,0.000000,0.012799,0.140370,-0.243003,0.000000,0.000000,0.000000,1.000000,1.000000
1782454572.698556,1453,0.000452,inf,STAND_TEST,0.000000,0.012788,0.140376,-0.243011,0.000000,0.000000,0.000000,1.000000,1.000000
1782454572.718562,1454,0.000404,inf,STAND_TEST,0.000000,0.012766,0.140351,-0.243009,0.000000,0.000000,0.000000,1.000000,1.000000
1782454572.738637,1455,0.000425,inf,STAND_TEST,0.000000,0.012781,0.140361,-0.243004,0.000000,0.000000,0.000000,1.000000,1.000000
1782454572.758769,1456,0.000502,inf,STAND_TEST,0.000000,0.012771,0.140352,-0.243026,0.000000,0.000000,0.000000,1.000000,1.000000
1782454572.778750,1457,0.000428,inf,STAND_TEST,0.000000,0.012760,0.140379,-0.243027,0.000000,0.000000,0.000000,1.000000,1.000000
1782454572.798792,1458,0.000416,inf,STAND_TEST,0.000000,0.012758,0.140392,-0.243011,0.000000,0.000000,0.000000,1.000000,1.000000
1782454572.819228,1459,0.000797,inf,STAND_TEST,0.000000,0.012762,0.140439,-0.243023,0.000000,0.000000,0.000000,1.000000,1.000000
1782454572.839308,1460,0.000823,inf,STAND_TEST,0.000000,0.012757,0.140440,-0.242988,0.000000,0.000000,0.000000,1.000000,1.000000
1782454572.859364,1461,0.000472,inf,STAND_TEST,0.000000,0.012751,0.140500,-0.243031,0.000000,0.000000,0.000000,1.000000,1.000000
1782454572.879402,1462,0.000456,inf,STAND_TEST,0.000000,0.012759,0.140542,-0.243015,0.000000,0.000000,0.000000,1.000000,1.000000
1782454572.899650,1463,0.000650,inf,STAND_TEST,0.000000,0.012753,0.140535,-0.243021,0.000000,0.000000,0.000000,1.000000,1.000000
1782454572.919698,1464,0.000644,inf,STAND_TEST,0.000000,0.012740,0.140512,-0.242994,0.000000,0.000000,0.000000,1.000000,1.000000
1782454572.939855,1465,0.000744,inf,STAND_TEST,0.000000,0.012749,0.140552,-0.242986,0.000000,0.000000,0.000000,1.000000,1.000000
1782454572.959984,1466,0.000817,inf,STAND_TEST,0.000000,0.012800,0.140552,-0.242965,0.000000,0.000000,0.000000,1.000000,1.000000
1782454572.979850,1467,0.000466,inf,STAND_TEST,0.000000,0.012796,0.140550,-0.242949,0.000000,0.000000,0.000000,1.000000,1.000000
1782454572.999873,1468,0.000430,inf,STAND_TEST,0.000000,0.012802,0.140569,-0.242976,0.000000,0.000000,0.000000,1.000000,1.000000
1782454573.019899,1469,0.000404,inf,STAND_TEST,0.000000,0.012833,0.140552,-0.242932,0.000000,0.000000,0.000000,1.000000,1.000000
1782454573.039959,1470,0.000410,inf,STAND_TEST,0.000000,0.012832,0.140574,-0.242900,0.000000,0.000000,0.000000,1.000000,1.000000
1782454573.060033,1471,0.000430,inf,STAND_TEST,0.000000,0.012825,0.140512,-0.242882,0.000000,0.000000,0.000000,1.000000,1.000000
1782454573.080302,1472,0.000645,inf,STAND_TEST,0.000000,0.012839,0.140559,-0.242830,0.000000,0.000000,0.000000,1.000000,1.000000
1782454573.100350,1473,0.000640,inf,STAND_TEST,0.000000,0.012861,0.140539,-0.242792,0.000000,0.000000,0.000000,1.000000,1.000000
1782454573.120355,1474,0.000592,inf,STAND_TEST,0.000000,0.012850,0.140557,-0.242785,0.000000,0.000000,0.000000,1.000000,1.000000
1782454573.140282,1475,0.000430,inf,STAND_TEST,0.000000,0.012862,0.140560,-0.242780,0.000000,0.000000,0.000000,1.000000,1.000000
1782454573.160717,1476,0.000760,inf,STAND_TEST,0.000000,0.012853,0.140601,-0.242797,0.000000,0.000000,0.000000,1.000000,1.000000
1782454573.180786,1477,0.000767,inf,STAND_TEST,0.000000,0.012827,0.140620,-0.242835,0.000000,0.000000,0.000000,1.000000,1.000000
1782454573.201175,1478,0.001036,inf,STAND_TEST,0.000000,0.012833,0.140588,-0.242812,0.000000,0.000000,0.000000,1.000000,1.000000
1782454573.221222,1479,0.001024,inf,STAND_TEST,0.000000,0.012865,0.140590,-0.242769,0.000000,0.000000,0.000000,1.000000,1.000000
1782454573.241371,1480,0.001047,inf,STAND_TEST,0.000000,0.012872,0.140591,-0.242763,0.000000,0.000000,0.000000,1.000000,1.000000
1782454573.261280,1481,0.000762,inf,STAND_TEST,0.000000,0.012876,0.140624,-0.242761,0.000000,0.000000,0.000000,1.000000,1.000000
1782454573.281408,1482,0.000770,inf,STAND_TEST,0.000000,0.012908,0.140591,-0.242764,0.000000,0.000000,0.000000,1.000000,1.000000
1782454573.301249,1483,0.000544,inf,STAND_TEST,0.000000,0.012911,0.140567,-0.242717,0.000000,0.000000,0.000000,1.000000,1.000000
1782454573.321196,1484,0.000436,inf,STAND_TEST,0.000000,0.012913,0.140622,-0.242718,0.000000,0.000000,0.000000,1.000000,1.000000
1782454573.341483,1485,0.000669,inf,STAND_TEST,0.000000,0.012921,0.140630,-0.242726,0.000000,0.000000,0.000000,1.000000,1.000000
1782454573.361530,1486,0.000661,inf,STAND_TEST,0.000000,0.012894,0.140609,-0.242757,0.000000,0.000000,0.000000,1.000000,1.000000
1782454573.381616,1487,0.000692,inf,STAND_TEST,0.000000,0.012927,0.140617,-0.242771,0.000000,0.000000,0.000000,1.000000,1.000000
1782454573.401675,1488,0.000515,inf,STAND_TEST,0.000000,0.012938,0.140650,-0.242804,0.000000,0.000000,0.000000,1.000000,1.000000
1782454573.421648,1489,0.000434,inf,STAND_TEST,0.000000,0.012948,0.140657,-0.242780,0.000000,0.000000,0.000000,1.000000,1.000000
1782454573.441703,1490,0.000435,inf,STAND_TEST,0.000000,0.012939,0.140650,-0.242767,0.000000,0.000000,0.000000,1.000000,1.000000
1782454573.461770,1491,0.000447,inf,STAND_TEST,0.000000,0.012914,0.140708,-0.242758,0.000000,0.000000,0.000000,1.000000,1.000000
1782454573.482253,1492,0.000876,inf,STAND_TEST,0.000000,0.012887,0.140748,-0.242788,0.000000,0.000000,0.000000,1.000000,1.000000
1782454573.502193,1493,0.000759,inf,STAND_TEST,0.000000,0.012890,0.140774,-0.242810,0.000000,0.000000,0.000000,1.000000,1.000000
1782454573.522116,1494,0.000660,inf,STAND_TEST,0.000000,0.012905,0.140797,-0.242753,0.000000,0.000000,0.000000,1.000000,1.000000
1782454573.542183,1495,0.000671,inf,STAND_TEST,0.000000,0.012916,0.140786,-0.242743,0.000000,0.000000,0.000000,1.000000,1.000000
1782454573.562269,1496,0.000506,inf,STAND_TEST,0.000000,0.012894,0.140798,-0.242753,0.000000,0.000000,0.000000,1.000000,1.000000
1782454573.582293,1497,0.000474,inf,STAND_TEST,0.000000,0.012879,0.140788,-0.242776,0.000000,0.000000,0.000000,1.000000,1.000000
1782454573.602379,1498,0.000504,inf,STAND_TEST,0.000000,0.012886,0.140831,-0.242795,0.000000,0.000000,0.000000,1.000000,1.000000
1782454573.622372,1499,0.000441,inf,STAND_TEST,0.000000,0.012861,0.140876,-0.242842,0.000000,0.000000,0.000000,1.000000,1.000000
