timestamp,frame_id,loop_dt,redis_age,mode,risk_score,roll,pitch,yaw,max_tracking_error,rms_tracking_error,max_torque_ratio,ramp,deploy_action_scale
1782456506.817680,-1,0.003972,161.254126,SAFE_STAND,0.000000,0.024438,-0.055586,-1.718106,0.000000,0.000000,0.000000,1.000000,1.000000
1782456506.835326,-1,0.001079,inf,SAFE_STAND,0.000000,0.024413,-0.055582,-1.718118,0.000000,0.000000,0.000000,1.000000,1.000000
1782456506.855361,-1,0.000970,inf,SAFE_STAND,0.000000,0.024423,-0.055546,-1.718111,0.000000,0.000000,0.000000,1.000000,1.000000
1782456506.875476,-1,0.000957,inf,SAFE_STAND,0.000000,0.024393,-0.055539,-1.718154,0.000000,0.000000,0.000000,1.000000,1.000000
1782456506.895522,-1,0.000853,inf,SAFE_STAND,0.000000,0.024357,-0.055501,-1.718141,0.000000,0.000000,0.000000,1.000000,1.000000
1782456506.916171,-1,0.001109,inf,SAFE_STAND,0.000000,0.024336,-0.055468,-1.718113,0.000000,0.000000,0.000000,1.000000,1.000000
1782456506.936291,-1,0.001111,inf,SAFE_STAND,0.000000,0.024326,-0.055438,-1.718118,0.000000,0.000000,0.000000,1.000000,1.000000
1782456506.956479,-1,0.001131,inf,SAFE_STAND,0.000000,0.024327,-0.055354,-1.718092,0.000000,0.000000,0.000000,1.000000,1.000000
1782456506.976369,-1,0.000844,inf,SAFE_STAND,0.000000,0.024325,-0.055298,-1.718071,0.000000,0.000000,0.000000,1.000000,1.000000
1782456506.997077,-1,0.001091,inf,SAFE_STAND,0.000000,0.024306,-0.055309,-1.718097,0.000000,0.000000,0.000000,1.000000,1.000000
1782456507.017277,-1,0.001109,inf,SAFE_STAND,0.000000,0.024291,-0.055271,-1.718094,0.000000,0.000000,0.000000,1.000000,1.000000
1782456507.037200,-1,0.000841,inf,SAFE_STAND,0.000000,0.024277,-0.055248,-1.718097,0.000000,0.000000,0.000000,1.000000,1.000000
1782456507.057833,-1,0.001102,inf,SAFE_STAND,0.000000,0.024299,-0.055233,-1.718077,0.000000,0.000000,0.000000,1.000000,1.000000
1782456507.078061,-1,0.001161,inf,SAFE_STAND,0.000000,0.024312,-0.055210,-1.718124,0.000000,0.000000,0.000000,1.000000,1.000000
1782456507.098001,-1,0.000648,inf,SAFE_STAND,0.000000,0.024315,-0.055181,-1.718094,0.000000,0.000000,0.000000,1.000000,1.000000
1782456507.117908,-1,0.000462,inf,SAFE_STAND,0.000000,0.024301,-0.055148,-1.718096,0.000000,0.000000,0.000000,1.000000,1.000000
1782456507.138458,-1,0.000450,inf,SAFE_STAND,0.000000,0.024310,-0.055118,-1.718108,0.000000,0.000000,0.000000,1.000000,1.000000
1782456507.158525,-1,0.000444,inf,SAFE_STAND,0.000000,0.024331,-0.055122,-1.718085,0.000000,0.000000,0.000000,1.000000,1.000000
1782456507.179046,-1,0.000888,inf,SAFE_STAND,0.000000,0.024325,-0.055100,-1.718083,0.000000,0.000000,0.000000,1.000000,1.000000
1782456507.199040,-1,0.000782,inf,SAFE_STAND,0.000000,0.024314,-0.055104,-1.718084,0.000000,0.000000,0.000000,1.000000,1.000000
1782456507.219112,-1,0.000734,inf,SAFE_STAND,0.000000,0.024322,-0.055104,-1.718069,0.000000,0.000000,0.000000,1.000000,1.000000
1782456507.239157,-1,0.000688,inf,SAFE_STAND,0.000000,0.024328,-0.055117,-1.718067,0.000000,0.000000,0.000000,1.000000,1.000000
1782456507.259109,-1,0.000451,inf,SAFE_STAND,0.000000,0.024316,-0.055092,-1.718058,0.000000,0.000000,0.000000,1.000000,1.000000
1782456507.279174,-1,0.000440,inf,SAFE_STAND,0.000000,0.024343,-0.055110,-1.718047,0.000000,0.000000,0.000000,1.000000,1.000000
1782456507.299237,-1,0.000429,inf,SAFE_STAND,0.000000,0.024344,-0.055106,-1.718069,0.000000,0.000000,0.000000,1.000000,1.000000
1782456507.319650,-1,0.000770,161.756634,SAFE_STAND,0.000000,0.024342,-0.055146,-1.718081,0.000000,0.000000,0.000000,1.000000,1.000000
1782456507.339410,-1,0.000451,inf,SAFE_STAND,0.000000,0.024333,-0.055141,-1.718081,0.000000,0.000000,0.000000,1.000000,1.000000
1782456507.359793,-1,0.000425,inf,SAFE_STAND,0.000000,0.024312,-0.055182,-1.718037,0.000000,0.000000,0.000000,1.000000,1.000000
1782456507.379879,-1,0.000439,inf,SAFE_STAND,0.000000,0.024310,-0.055115,-1.718035,0.000000,0.000000,0.000000,1.000000,1.000000
1782456507.399929,-1,0.000413,inf,SAFE_STAND,0.000000,0.024313,-0.055152,-1.718055,0.000000,0.000000,0.000000,1.000000,1.000000
1782456507.420048,-1,0.000456,inf,SAFE_STAND,0.000000,0.024331,-0.055157,-1.718095,0.000000,0.000000,0.000000,1.000000,1.000000
1782456507.440538,-1,0.000647,inf,SAFE_STAND,0.000000,0.024326,-0.055168,-1.718038,0.000000,0.000000,0.000000,1.000000,1.000000
1782456507.460397,-1,0.000432,inf,SAFE_STAND,0.000000,0.024310,-0.055149,-1.718075,0.000000,0.000000,0.000000,1.000000,1.000000
1782456507.480560,-1,0.000515,inf,SAFE_STAND,0.000000,0.024347,-0.055116,-1.718092,0.000000,0.000000,0.000000,1.000000,1.000000
1782456507.500817,-1,0.000474,inf,SAFE_STAND,0.000000,0.024355,-0.055065,-1.718090,0.000000,0.000000,0.000000,1.000000,1.000000
1782456507.521044,-1,0.000618,inf,SAFE_STAND,0.000000,0.024384,-0.055071,-1.718047,0.000000,0.000000,0.000000,1.000000,1.000000
1782456507.541289,-1,0.000782,inf,SAFE_STAND,0.000000,0.024403,-0.055030,-1.718058,0.000000,0.000000,0.000000,1.000000,1.000000
1782456507.561327,-1,0.000438,inf,SAFE_STAND,0.000000,0.024421,-0.055022,-1.718063,0.000000,0.000000,0.000000,1.000000,1.000000
1782456507.581430,-1,0.000449,inf,SAFE_STAND,0.000000,0.024396,-0.054982,-1.718078,0.000000,0.000000,0.000000,1.000000,1.000000
1782456507.602462,-1,0.000764,inf,SAFE_STAND,0.000000,0.024396,-0.054955,-1.718069,0.000000,0.000000,0.000000,1.000000,1.000000
1782456507.623025,-1,0.000940,inf,SAFE_STAND,0.000000,0.024394,-0.054922,-1.718043,0.000000,0.000000,0.000000,1.000000,1.000000
1782456507.643102,-1,0.000712,inf,SAFE_STAND,0.000000,0.024416,-0.054929,-1.718095,0.000000,0.000000,0.000000,1.000000,1.000000
1782456507.663230,-1,0.000703,inf,SAFE_STAND,0.000000,0.024407,-0.054892,-1.718102,0.000000,0.000000,0.000000,1.000000,1.000000
1782456507.683837,-1,0.000948,inf,SAFE_STAND,0.000000,0.024407,-0.054906,-1.718102,0.000000,0.000000,0.000000,1.000000,1.000000
1782456507.704114,-1,0.000813,inf,SAFE_STAND,0.000000,0.024387,-0.054935,-1.718077,0.000000,0.000000,0.000000,1.000000,1.000000
1782456507.724880,-1,0.001098,inf,SAFE_STAND,0.000000,0.024397,-0.054911,-1.718080,0.000000,0.000000,0.000000,1.000000,1.000000
1782456507.745032,-1,0.001112,inf,SAFE_STAND,0.000000,0.024410,-0.054908,-1.718063,0.000000,0.000000,0.000000,1.000000,1.000000
1782456507.765445,-1,0.001108,inf,SAFE_STAND,0.000000,0.024439,-0.054874,-1.718050,0.000000,0.000000,0.000000,1.000000,1.000000
1782456507.785551,-1,0.001032,inf,SAFE_STAND,0.000000,0.024454,-0.054857,-1.718004,0.000000,0.000000,0.000000,1.000000,1.000000
1782456507.805368,-1,0.000752,inf,SAFE_STAND,0.000000,0.024478,-0.054872,-1.717975,0.000000,0.000000,0.000000,1.000000,1.000000
1782456507.825689,-1,0.000817,162.262764,SAFE_STAND,0.000000,0.024489,-0.054878,-1.718054,0.000000,0.000000,0.000000,1.000000,1.000000
1782456507.846088,-1,0.000764,inf,SAFE_STAND,0.000000,0.024487,-0.054881,-1.718082,0.000000,0.000000,0.000000,1.000000,1.000000
1782456507.865935,-1,0.000474,inf,SAFE_STAND,0.000000,0.024489,-0.054854,-1.718096,0.000000,0.000000,0.000000,1.000000,1.000000
1782456507.886171,-1,0.000567,inf,SAFE_STAND,0.000000,0.024477,-0.054820,-1.718132,0.000000,0.000000,0.000000,1.000000,1.000000
1782456507.906124,-1,0.000447,inf,SAFE_STAND,0.000000,0.024481,-0.054768,-1.718157,0.000000,0.000000,0.000000,1.000000,1.000000
1782456507.926610,-1,0.000633,inf,SAFE_STAND,0.000000,0.024460,-0.054774,-1.718127,0.000000,0.000000,0.000000,1.000000,1.000000
1782456507.946683,-1,0.000635,inf,SAFE_STAND,0.000000,0.024455,-0.054766,-1.718107,0.000000,0.000000,0.000000,1.000000,1.000000
1782456507.966810,-1,0.000687,inf,SAFE_STAND,0.000000,0.024457,-0.054771,-1.718120,0.000000,0.000000,0.000000,1.000000,1.000000
1782456507.986630,-1,0.000412,inf,SAFE_STAND,0.000000,0.024444,-0.054780,-1.718139,0.000000,0.000000,0.000000,1.000000,1.000000
1782456508.006814,-1,0.000445,inf,SAFE_STAND,0.000000,0.024421,-0.054803,-1.718148,0.000000,0.000000,0.000000,1.000000,1.000000
1782456508.026871,-1,0.000432,inf,SAFE_STAND,0.000000,0.024423,-0.054765,-1.718166,0.000000,0.000000,0.000000,1.000000,1.000000
1782456508.046943,-1,0.000430,inf,SAFE_STAND,0.000000,0.024400,-0.054792,-1.718169,0.000000,0.000000,0.000000,1.000000,1.000000
1782456508.067451,-1,0.000643,inf,SAFE_STAND,0.000000,0.024394,-0.054789,-1.718144,0.000000,0.000000,0.000000,1.000000,1.000000
1782456508.087459,-1,0.000474,inf,SAFE_STAND,0.000000,0.024393,-0.054809,-1.718128,0.000000,0.000000,0.000000,1.000000,1.000000
1782456508.107549,-1,0.000451,inf,SAFE_STAND,0.000000,0.024394,-0.054813,-1.718142,0.000000,0.000000,0.000000,1.000000,1.000000
1782456508.127604,-1,0.000434,inf,SAFE_STAND,0.000000,0.024404,-0.054811,-1.718107,0.000000,0.000000,0.000000,1.000000,1.000000
1782456508.147730,-1,0.000487,inf,SAFE_STAND,0.000000,0.024415,-0.054781,-1.718104,0.000000,0.000000,0.000000,1.000000,1.000000
1782456508.168181,-1,0.000458,inf,SAFE_STAND,0.000000,0.024429,-0.054793,-1.718099,0.000000,0.000000,0.000000,1.000000,1.000000
1782456508.188338,-1,0.000508,inf,SAFE_STAND,0.000000,0.024427,-0.054785,-1.718102,0.000000,0.000000,0.000000,1.000000,1.000000
1782456508.208336,-1,0.000432,inf,SAFE_STAND,0.000000,0.024404,-0.054842,-1.718105,0.000000,0.000000,0.000000,1.000000,1.000000
1782456508.228431,-1,0.000447,inf,SAFE_STAND,0.000000,0.024424,-0.054843,-1.718060,0.000000,0.000000,0.000000,1.000000,1.000000
1782456508.248905,-1,0.000430,inf,SAFE_STAND,0.000000,0.024410,-0.054833,-1.718052,0.000000,0.000000,0.000000,1.000000,1.000000
1782456508.269032,-1,0.000429,inf,SAFE_STAND,0.000000,0.024405,-0.054901,-1.718036,0.000000,0.000000,0.000000,1.000000,1.000000
1782456508.289503,-1,0.000822,inf,SAFE_STAND,0.000000,0.024391,-0.054914,-1.718013,0.000000,0.000000,0.000000,1.000000,1.000000
1782456508.309189,-1,0.000423,inf,SAFE_STAND,0.000000,0.024390,-0.054881,-1.718033,0.000000,0.000000,0.000000,1.000000,1.000000
1782456508.329819,-1,0.000933,162.766725,SAFE_STAND,0.000000,0.024388,-0.054876,-1.718009,0.000000,0.000000,0.000000,1.000000,1.000000
1782456508.349682,-1,0.000444,inf,SAFE_STAND,0.000000,0.024399,-0.054915,-1.718009,0.000000,0.000000,0.000000,1.000000,1.000000
1782456508.369742,-1,0.000431,inf,SAFE_STAND,0.000000,0.024396,-0.054917,-1.718017,0.000000,0.000000,0.000000,1.000000,1.000000
1782456508.389849,-1,0.000465,inf,SAFE_STAND,0.000000,0.024389,-0.054918,-1.718011,0.000000,0.000000,0.000000,1.000000,1.000000
1782456508.409885,-1,0.000429,inf,SAFE_STAND,0.000000,0.024394,-0.054873,-1.718006,0.000000,0.000000,0.000000,1.000000,1.000000
1782456508.430214,-1,0.000682,inf,SAFE_STAND,0.000000,0.024410,-0.054860,-1.718039,0.000000,0.000000,0.000000,1.000000,1.000000
1782456508.450398,-1,0.000795,inf,SAFE_STAND,0.000000,0.024400,-0.054899,-1.718031,0.000000,0.000000,0.000000,1.000000,1.000000
1782456508.470703,-1,0.000734,inf,SAFE_STAND,0.000000,0.024417,-0.054823,-1.718034,0.000000,0.000000,0.000000,1.000000,1.000000
1782456508.491442,-1,0.000730,inf,SAFE_STAND,0.000000,0.024412,-0.054851,-1.718003,0.000000,0.000000,0.000000,1.000000,1.000000
1782456508.512269,-1,0.001047,inf,SAFE_STAND,0.000000,0.024433,-0.054867,-1.718033,0.000000,0.000000,0.000000,1.000000,1.000000
1782456508.532221,-1,0.000721,inf,SAFE_STAND,0.000000,0.024419,-0.054814,-1.718009,0.000000,0.000000,0.000000,1.000000,1.000000
1782456508.552543,-1,0.000686,inf,SAFE_STAND,0.000000,0.024391,-0.054783,-1.718021,0.000000,0.000000,0.000000,1.000000,1.000000
1782456508.572617,-1,0.000686,inf,SAFE_STAND,0.000000,0.024396,-0.054755,-1.717973,0.000000,0.000000,0.000000,1.000000,1.000000
1782456508.592660,-1,0.000654,inf,SAFE_STAND,0.000000,0.024412,-0.054744,-1.717979,0.000000,0.000000,0.000000,1.000000,1.000000
1782456508.612768,-1,0.000639,inf,SAFE_STAND,0.000000,0.024415,-0.054723,-1.717992,0.000000,0.000000,0.000000,1.000000,1.000000
1782456508.633066,-1,0.000726,inf,SAFE_STAND,0.000000,0.024390,-0.054727,-1.717986,0.000000,0.000000,0.000000,1.000000,1.000000
1782456508.653163,-1,0.000732,inf,SAFE_STAND,0.000000,0.024394,-0.054724,-1.717986,0.000000,0.000000,0.000000,1.000000,1.000000
1782456508.673627,-1,0.001037,inf,SAFE_STAND,0.000000,0.024403,-0.054739,-1.717959,0.000000,0.000000,0.000000,1.000000,1.000000
1782456508.693495,-1,0.000823,inf,SAFE_STAND,0.000000,0.024400,-0.054756,-1.717940,0.000000,0.000000,0.000000,1.000000,1.000000
1782456508.713403,-1,0.000659,inf,SAFE_STAND,0.000000,0.024417,-0.054812,-1.717884,0.000000,0.000000,0.000000,1.000000,1.000000
1782456508.733359,-1,0.000437,inf,SAFE_STAND,0.000000,0.024427,-0.054868,-1.717867,0.000000,0.000000,0.000000,1.000000,1.000000
1782456508.753523,-1,0.000520,inf,SAFE_STAND,0.000000,0.024437,-0.054889,-1.717854,0.000000,0.000000,0.000000,1.000000,1.000000
1782456508.773560,-1,0.000475,inf,SAFE_STAND,0.000000,0.024457,-0.054936,-1.717898,0.000000,0.000000,0.000000,1.000000,1.000000
1782456508.793629,-1,0.000463,inf,SAFE_STAND,0.000000,0.024482,-0.054948,-1.717898,0.000000,0.000000,0.000000,1.000000,1.000000
1782456508.813696,-1,0.000454,inf,SAFE_STAND,0.000000,0.024499,-0.055023,-1.717876,0.000000,0.000000,0.000000,1.000000,1.000000
1782456508.834338,-1,0.000805,163.271297,SAFE_STAND,0.000000,0.024514,-0.055061,-1.717832,0.000000,0.000000,0.000000,1.000000,1.000000
1782456508.854155,-1,0.000536,inf,SAFE_STAND,0.000000,0.024534,-0.055115,-1.717791,0.000000,0.000000,0.000000,1.000000,1.000000
1782456508.874229,-1,0.000533,inf,SAFE_STAND,0.000000,0.024537,-0.055168,-1.717755,0.000000,0.000000,0.000000,1.000000,1.000000
1782456508.894229,-1,0.000451,inf,SAFE_STAND,0.000000,0.024534,-0.055176,-1.717750,0.000000,0.000000,0.000000,1.000000,1.000000
1782456508.914516,-1,0.000434,inf,SAFE_STAND,0.000000,0.024569,-0.055187,-1.717721,0.000000,0.000000,0.000000,1.000000,1.000000
1782456508.934827,-1,0.000449,inf,SAFE_STAND,0.000000,0.024592,-0.055149,-1.717726,0.000000,0.000000,0.000000,1.000000,1.000000
1782456508.954899,-1,0.000448,inf,SAFE_STAND,0.000000,0.024631,-0.055144,-1.717746,0.000000,0.000000,0.000000,1.000000,1.000000
1782456508.974941,-1,0.000413,inf,SAFE_STAND,0.000000,0.024645,-0.055150,-1.717779,0.000000,0.000000,0.000000,1.000000,1.000000
1782456508.995425,-1,0.000605,inf,SAFE_STAND,0.000000,0.024645,-0.055170,-1.717786,0.000000,0.000000,0.000000,1.000000,1.000000
1782456509.015488,-1,0.000431,inf,SAFE_STAND,0.000000,0.024637,-0.055210,-1.717759,0.000000,0.000000,0.000000,1.000000,1.000000
1782456509.035561,-1,0.000432,inf,SAFE_STAND,0.000000,0.024632,-0.055266,-1.717716,0.000000,0.000000,0.000000,1.000000,1.000000
1782456509.055611,-1,0.000411,inf,SAFE_STAND,0.000000,0.024648,-0.055244,-1.717744,0.000000,0.000000,0.000000,1.000000,1.000000
1782456509.076146,-1,0.000647,inf,SAFE_STAND,0.000000,0.024672,-0.055269,-1.717762,0.000000,0.000000,0.000000,1.000000,1.000000
1782456509.096208,-1,0.000637,inf,SAFE_STAND,0.000000,0.024643,-0.055284,-1.717780,0.000000,0.000000,0.000000,1.000000,1.000000
1782456509.116210,-1,0.000420,inf,SAFE_STAND,0.000000,0.024654,-0.055289,-1.717744,0.000000,0.000000,0.000000,1.000000,1.000000
1782456509.136276,-1,0.000416,inf,SAFE_STAND,0.000000,0.024660,-0.055286,-1.717735,0.000000,0.000000,0.000000,1.000000,1.000000
1782456509.156366,-1,0.000436,inf,SAFE_STAND,0.000000,0.024657,-0.055270,-1.717740,0.000000,0.000000,0.000000,1.000000,1.000000
1782456509.176780,-1,0.000778,inf,SAFE_STAND,0.000000,0.024639,-0.055252,-1.717749,0.000000,0.000000,0.000000,1.000000,1.000000
1782456509.196878,-1,0.000777,inf,SAFE_STAND,0.000000,0.024646,-0.055249,-1.717725,0.000000,0.000000,0.000000,1.000000,1.000000
1782456509.216952,-1,0.000776,inf,SAFE_STAND,0.000000,0.024656,-0.055287,-1.717719,0.000000,0.000000,0.000000,1.000000,1.000000
1782456509.236848,-1,0.000466,inf,SAFE_STAND,0.000000,0.024669,-0.055280,-1.717745,0.000000,0.000000,0.000000,1.000000,1.000000
1782456509.256853,-1,0.000395,inf,SAFE_STAND,0.000000,0.024712,-0.055280,-1.717739,0.000000,0.000000,0.000000,1.000000,1.000000
1782456509.276962,-1,0.000434,inf,SAFE_STAND,0.000000,0.024755,-0.055280,-1.717676,0.000000,0.000000,0.000000,1.000000,1.000000
1782456509.297049,-1,0.000447,inf,SAFE_STAND,0.000000,0.024801,-0.055303,-1.717658,0.000000,0.000000,0.000000,1.000000,1.000000
1782456509.317080,-1,0.000404,inf,SAFE_STAND,0.000000,0.024802,-0.055361,-1.717685,0.000000,0.000000,0.000000,1.000000,1.000000
1782456509.337537,-1,0.000786,163.774507,SAFE_STAND,0.000000,0.024818,-0.055411,-1.717688,0.000000,0.000000,0.000000,1.000000,1.000000
1782456509.357489,-1,0.000463,inf,SAFE_STAND,0.000000,0.024816,-0.055471,-1.717740,0.000000,0.000000,0.000000,1.000000,1.000000
1782456509.377553,-1,0.000453,inf,SAFE_STAND,0.000000,0.024804,-0.055495,-1.717787,0.000000,0.000000,0.000000,1.000000,1.000000
1782456509.397601,-1,0.000428,inf,SAFE_STAND,0.000000,0.024817,-0.055508,-1.717826,0.000000,0.000000,0.000000,1.000000,1.000000
1782456509.417683,-1,0.000439,inf,SAFE_STAND,0.000000,0.024818,-0.055565,-1.717858,0.000000,0.000000,0.000000,1.000000,1.000000
1782456509.438699,-1,0.000750,inf,SAFE_STAND,0.000000,0.024813,-0.055570,-1.717859,0.000000,0.000000,0.000000,1.000000,1.000000
1782456509.459528,-1,0.001005,inf,SAFE_STAND,0.000000,0.024823,-0.055617,-1.717824,0.000000,0.000000,0.000000,1.000000,1.000000
1782456509.479432,-1,0.000745,inf,SAFE_STAND,0.000000,0.024810,-0.055647,-1.717804,0.000000,0.000000,0.000000,1.000000,1.000000
1782456509.499851,-1,0.001008,inf,SAFE_STAND,0.000000,0.024792,-0.055629,-1.717854,0.000000,0.000000,0.000000,1.000000,1.000000
1782456509.520076,-1,0.001137,inf,SAFE_STAND,0.000000,0.024773,-0.055644,-1.717830,0.000000,0.000000,0.000000,1.000000,1.000000
1782456509.540082,-1,0.001008,inf,SAFE_STAND,0.000000,0.024777,-0.055634,-1.717806,0.000000,0.000000,0.000000,1.000000,1.000000
1782456509.560183,-1,0.000768,inf,SAFE_STAND,0.000000,0.024765,-0.055593,-1.717829,0.000000,0.000000,0.000000,1.000000,1.000000
1782456509.580623,-1,0.001049,inf,SAFE_STAND,0.000000,0.024776,-0.055566,-1.717865,0.000000,0.000000,0.000000,1.000000,1.000000
1782456509.600739,-1,0.001018,inf,SAFE_STAND,0.000000,0.024807,-0.055539,-1.717872,0.000000,0.000000,0.000000,1.000000,1.000000
1782456509.620802,-1,0.000789,inf,SAFE_STAND,0.000000,0.024802,-0.055525,-1.717875,0.000000,0.000000,0.000000,1.000000,1.000000
1782456509.641615,-1,0.001201,inf,SAFE_STAND,0.000000,0.024795,-0.055527,-1.717886,0.000000,0.000000,0.000000,1.000000,1.000000
1782456509.661674,-1,0.000804,inf,SAFE_STAND,0.000000,0.024801,-0.055551,-1.717855,0.000000,0.000000,0.000000,1.000000,1.000000
1782456509.682544,-1,0.001213,inf,SAFE_STAND,0.000000,0.024763,-0.055599,-1.717904,0.000000,0.000000,0.000000,1.000000,1.000000
1782456509.702694,-1,0.000752,inf,SAFE_STAND,0.000000,0.024748,-0.055662,-1.717901,0.000000,0.000000,0.000000,1.000000,1.000000
1782456509.723079,-1,0.000783,inf,SAFE_STAND,0.000000,0.024736,-0.055690,-1.717922,0.000000,0.000000,0.000000,1.000000,1.000000
1782456509.743123,-1,0.000762,inf,SAFE_STAND,0.000000,0.024707,-0.055674,-1.717942,0.000000,0.000000,0.000000,1.000000,1.000000
1782456509.763094,-1,0.000520,inf,SAFE_STAND,0.000000,0.024670,-0.055680,-1.717923,0.000000,0.000000,0.000000,1.000000,1.000000
1782456509.783134,-1,0.000481,inf,SAFE_STAND,0.000000,0.024651,-0.055687,-1.717899,0.000000,0.000000,0.000000,1.000000,1.000000
1782456509.803198,-1,0.000466,inf,SAFE_STAND,0.000000,0.024666,-0.055691,-1.717902,0.000000,0.000000,0.000000,1.000000,1.000000
1782456509.823302,-1,0.000491,inf,SAFE_STAND,0.000000,0.024675,-0.055683,-1.717860,0.000000,0.000000,0.000000,1.000000,1.000000
1782456509.844210,-1,0.000955,164.281378,SAFE_STAND,0.000000,0.024686,-0.055686,-1.717846,0.000000,0.000000,0.000000,1.000000,1.000000
1782456509.863883,-1,0.000512,inf,SAFE_STAND,0.000000,0.024706,-0.055682,-1.717815,0.000000,0.000000,0.000000,1.000000,1.000000
1782456509.883916,-1,0.000464,inf,SAFE_STAND,0.000000,0.024700,-0.055642,-1.717757,0.000000,0.000000,0.000000,1.000000,1.000000
1782456509.904050,-1,0.000522,inf,SAFE_STAND,0.000000,0.024711,-0.055683,-1.717747,0.000000,0.000000,0.000000,1.000000,1.000000
1782456509.924556,-1,0.000720,inf,SAFE_STAND,0.000000,0.024708,-0.055682,-1.717795,0.000000,0.000000,0.000000,1.000000,1.000000
1782456509.944621,-1,0.000522,inf,SAFE_STAND,0.000000,0.024712,-0.055723,-1.717798,0.000000,0.000000,0.000000,1.000000,1.000000
1782456509.964711,-1,0.000532,inf,SAFE_STAND,0.000000,0.024709,-0.055758,-1.717762,0.000000,0.000000,0.000000,1.000000,1.000000
1782456509.985187,-1,0.000706,inf,SAFE_STAND,0.000000,0.024666,-0.055752,-1.717770,0.000000,0.000000,0.000000,1.000000,1.000000
1782456510.005316,-1,0.000750,inf,SAFE_STAND,0.000000,0.024642,-0.055804,-1.717753,0.000000,0.000000,0.000000,1.000000,1.000000
1782456510.025380,-1,0.000737,inf,SAFE_STAND,0.000000,0.024630,-0.055752,-1.717796,0.000000,0.000000,0.000000,1.000000,1.000000
1782456510.045319,-1,0.000487,inf,SAFE_STAND,0.000000,0.024626,-0.055772,-1.717799,0.000000,0.000000,0.000000,1.000000,1.000000
1782456510.065328,-1,0.000419,inf,SAFE_STAND,0.000000,0.024640,-0.055815,-1.717755,0.000000,0.000000,0.000000,1.000000,1.000000
1782456510.085531,-1,0.000549,inf,SAFE_STAND,0.000000,0.024651,-0.055836,-1.717737,0.000000,0.000000,0.000000,1.000000,1.000000
1782456510.105510,-1,0.000448,inf,SAFE_STAND,0.000000,0.024667,-0.055839,-1.717736,0.000000,0.000000,0.000000,1.000000,1.000000
1782456510.125797,-1,0.000444,inf,SAFE_STAND,0.000000,0.024662,-0.055897,-1.717768,0.000000,0.000000,0.000000,1.000000,1.000000
1782456510.145935,-1,0.000487,inf,SAFE_STAND,0.000000,0.024658,-0.055933,-1.717789,0.000000,0.000000,0.000000,1.000000,1.000000
1782456510.165968,-1,0.000448,inf,SAFE_STAND,0.000000,0.024672,-0.055929,-1.717799,0.000000,0.000000,0.000000,1.000000,1.000000
1782456510.186124,-1,0.000530,inf,SAFE_STAND,0.000000,0.024671,-0.055896,-1.717832,0.000000,0.000000,0.000000,1.000000,1.000000
1782456510.206674,-1,0.000782,inf,SAFE_STAND,0.000000,0.024658,-0.055918,-1.717829,0.000000,0.000000,0.000000,1.000000,1.000000
1782456510.226804,-1,0.000826,inf,SAFE_STAND,0.000000,0.024645,-0.055929,-1.717877,0.000000,0.000000,0.000000,1.000000,1.000000
1782456510.246687,-1,0.000490,inf,SAFE_STAND,0.000000,0.024647,-0.055966,-1.717836,0.000000,0.000000,0.000000,1.000000,1.000000
1782456510.266734,-1,0.000461,inf,SAFE_STAND,0.000000,0.024639,-0.056010,-1.717837,0.000000,0.000000,0.000000,1.000000,1.000000
1782456510.286846,-1,0.000497,inf,SAFE_STAND,0.000000,0.024629,-0.055995,-1.717842,0.000000,0.000000,0.000000,1.000000,1.000000
1782456510.307368,-1,0.000723,inf,SAFE_STAND,0.000000,0.024605,-0.056008,-1.717819,0.000000,0.000000,0.000000,1.000000,1.000000
1782456510.327401,-1,0.000677,inf,SAFE_STAND,0.000000,0.024618,-0.056035,-1.717850,0.000000,0.000000,0.000000,1.000000,1.000000
1782456510.347543,-1,0.000620,164.784714,SAFE_STAND,0.000000,0.024591,-0.056059,-1.717860,0.000000,0.000000,0.000000,1.000000,1.000000
1782456510.367452,-1,0.000456,inf,SAFE_STAND,0.000000,0.024575,-0.056100,-1.717860,0.000000,0.000000,0.000000,1.000000,1.000000
1782456510.388345,-1,0.001264,inf,SAFE_STAND,0.000000,0.024576,-0.056140,-1.717902,0.000000,0.000000,0.000000,1.000000,1.000000
1782456510.408288,-1,0.001093,inf,SAFE_STAND,0.000000,0.024562,-0.056225,-1.717883,0.000000,0.000000,0.000000,1.000000,1.000000
1782456510.428274,-1,0.000973,inf,SAFE_STAND,0.000000,0.024575,-0.056246,-1.717881,0.000000,0.000000,0.000000,1.000000,1.000000
1782456510.448493,-1,0.001097,inf,SAFE_STAND,0.000000,0.024594,-0.056226,-1.717870,0.000000,0.000000,0.000000,1.000000,1.000000
1782456510.468706,-1,0.000848,inf,SAFE_STAND,0.000000,0.024590,-0.056247,-1.717829,0.000000,0.000000,0.000000,1.000000,1.000000
1782456510.488925,-1,0.000971,inf,SAFE_STAND,0.000000,0.024582,-0.056260,-1.717844,0.000000,0.000000,0.000000,1.000000,1.000000
1782456510.508882,-1,0.000820,inf,SAFE_STAND,0.000000,0.024576,-0.056294,-1.717857,0.000000,0.000000,0.000000,1.000000,1.000000
1782456510.528736,-1,0.000460,inf,SAFE_STAND,0.000000,0.024569,-0.056274,-1.717845,0.000000,0.000000,0.000000,1.000000,1.000000
1782456510.548895,-1,0.000544,inf,SAFE_STAND,0.000000,0.024550,-0.056309,-1.717828,0.000000,0.000000,0.000000,1.000000,1.000000
1782456510.568916,-1,0.000480,inf,SAFE_STAND,0.000000,0.024532,-0.056271,-1.717830,0.000000,0.000000,0.000000,1.000000,1.000000
1782456510.588972,-1,0.000459,inf,SAFE_STAND,0.000000,0.024532,-0.056287,-1.717837,0.000000,0.000000,0.000000,1.000000,1.000000
1782456510.609435,-1,0.000840,inf,SAFE_STAND,0.000000,0.024504,-0.056284,-1.717839,0.000000,0.000000,0.000000,1.000000,1.000000
1782456510.629557,-1,0.000833,inf,SAFE_STAND,0.000000,0.024488,-0.056268,-1.717832,0.000000,0.000000,0.000000,1.000000,1.000000
1782456510.649419,-1,0.000430,inf,SAFE_STAND,0.000000,0.024453,-0.056267,-1.717856,0.000000,0.000000,0.000000,1.000000,1.000000
1782456510.669555,-1,0.000491,inf,SAFE_STAND,0.000000,0.024442,-0.056243,-1.717855,0.000000,0.000000,0.000000,1.000000,1.000000
1782456510.689837,-1,0.000698,inf,SAFE_STAND,0.000000,0.024442,-0.056228,-1.717894,0.000000,0.000000,0.000000,1.000000,1.000000
1782456510.709687,-1,0.000471,inf,SAFE_STAND,0.000000,0.024442,-0.056221,-1.717901,0.000000,0.000000,0.000000,1.000000,1.000000
1782456510.730078,-1,0.000785,inf,SAFE_STAND,0.000000,0.024455,-0.056247,-1.717918,0.000000,0.000000,0.000000,1.000000,1.000000
1782456510.750098,-1,0.000710,inf,SAFE_STAND,0.000000,0.024460,-0.056256,-1.717976,0.000000,0.000000,0.000000,1.000000,1.000000
1782456510.770165,-1,0.000504,inf,SAFE_STAND,0.000000,0.024470,-0.056232,-1.718008,0.000000,0.000000,0.000000,1.000000,1.000000
1782456510.790279,-1,0.000537,inf,SAFE_STAND,0.000000,0.024471,-0.056192,-1.718030,0.000000,0.000000,0.000000,1.000000,1.000000
1782456510.810915,-1,0.000748,inf,SAFE_STAND,0.000000,0.024448,-0.056184,-1.718081,0.000000,0.000000,0.000000,1.000000,1.000000
1782456510.830950,-1,0.000571,inf,SAFE_STAND,0.000000,0.024463,-0.056215,-1.718072,0.000000,0.000000,0.000000,1.000000,1.000000
1782456510.851430,-1,0.000966,165.288265,SAFE_STAND,0.000000,0.024453,-0.056218,-1.718104,0.000000,0.000000,0.000000,1.000000,1.000000
1782456510.871441,-1,0.000895,inf,SAFE_STAND,0.000000,0.024459,-0.056219,-1.718088,0.000000,0.000000,0.000000,1.000000,1.000000
1782456510.891351,-1,0.000718,inf,SAFE_STAND,0.000000,0.024497,-0.056249,-1.718054,0.000000,0.000000,0.000000,1.000000,1.000000
1782456510.911536,-1,0.000822,inf,SAFE_STAND,0.000000,0.024495,-0.056264,-1.718102,0.000000,0.000000,0.000000,1.000000,1.000000
1782456510.931566,-1,0.000760,inf,SAFE_STAND,0.000000,0.024497,-0.056243,-1.718132,0.000000,0.000000,0.000000,1.000000,1.000000
1782456510.951615,-1,0.000712,inf,SAFE_STAND,0.000000,0.024464,-0.056260,-1.718149,0.000000,0.000000,0.000000,1.000000,1.000000
1782456510.971612,-1,0.000457,inf,SAFE_STAND,0.000000,0.024469,-0.056276,-1.718192,0.000000,0.000000,0.000000,1.000000,1.000000
1782456510.991694,-1,0.000466,inf,SAFE_STAND,0.000000,0.024464,-0.056287,-1.718203,0.000000,0.000000,0.000000,1.000000,1.000000
1782456511.012262,-1,0.000733,inf,SAFE_STAND,0.000000,0.024457,-0.056278,-1.718200,0.000000,0.000000,0.000000,1.000000,1.000000
1782456511.032281,-1,0.000677,inf,SAFE_STAND,0.000000,0.024478,-0.056225,-1.718224,0.000000,0.000000,0.000000,1.000000,1.000000
1782456511.052102,-1,0.000422,inf,SAFE_STAND,0.000000,0.024478,-0.056216,-1.718202,0.000000,0.000000,0.000000,1.000000,1.000000
1782456511.072223,-1,0.000471,inf,SAFE_STAND,0.000000,0.024467,-0.056219,-1.718212,0.000000,0.000000,0.000000,1.000000,1.000000
1782456511.092285,-1,0.000460,inf,SAFE_STAND,0.000000,0.024474,-0.056237,-1.718206,0.000000,0.000000,0.000000,1.000000,1.000000
1782456511.112356,-1,0.000455,inf,SAFE_STAND,0.000000,0.024468,-0.056241,-1.718214,0.000000,0.000000,0.000000,1.000000,1.000000
1782456511.133108,-1,0.000471,inf,SAFE_STAND,0.000000,0.024471,-0.056279,-1.718217,0.000000,0.000000,0.000000,1.000000,1.000000
1782456511.153467,-1,0.000753,inf,SAFE_STAND,0.000000,0.024460,-0.056231,-1.718227,0.000000,0.000000,0.000000,1.000000,1.000000
1782456511.173554,-1,0.000748,inf,SAFE_STAND,0.000000,0.024431,-0.056253,-1.718211,0.000000,0.000000,0.000000,1.000000,1.000000
1782456511.193701,-1,0.000804,inf,SAFE_STAND,0.000000,0.024431,-0.056241,-1.718199,0.000000,0.000000,0.000000,1.000000,1.000000
1782456511.213763,-1,0.000780,inf,SAFE_STAND,0.000000,0.024448,-0.056223,-1.718157,0.000000,0.000000,0.000000,1.000000,1.000000
1782456511.233832,-1,0.000547,inf,SAFE_STAND,0.000000,0.024451,-0.056219,-1.718137,0.000000,0.000000,0.000000,1.000000,1.000000
1782456511.253840,-1,0.000474,inf,SAFE_STAND,0.000000,0.024417,-0.056235,-1.718168,0.000000,0.000000,0.000000,1.000000,1.000000
1782456511.274354,-1,0.000897,inf,SAFE_STAND,0.000000,0.024428,-0.056212,-1.718191,0.000000,0.000000,0.000000,1.000000,1.000000
1782456511.294277,-1,0.000743,inf,SAFE_STAND,0.000000,0.024425,-0.056164,-1.718188,0.000000,0.000000,0.000000,1.000000,1.000000
1782456511.314351,-1,0.000517,inf,SAFE_STAND,0.000000,0.024419,-0.056188,-1.718175,0.000000,0.000000,0.000000,1.000000,1.000000
1782456511.334414,-1,0.000494,inf,SAFE_STAND,0.000000,0.024412,-0.056189,-1.718207,0.000000,0.000000,0.000000,1.000000,1.000000
1782456511.354886,-1,0.000882,165.791818,SAFE_STAND,0.000000,0.024407,-0.056192,-1.718253,0.000000,0.000000,0.000000,1.000000,1.000000
1782456511.374573,-1,0.000489,inf,SAFE_STAND,0.000000,0.024379,-0.056228,-1.718255,0.000000,0.000000,0.000000,1.000000,1.000000
1782456511.394870,-1,0.000482,inf,SAFE_STAND,0.000000,0.024387,-0.056216,-1.718305,0.000000,0.000000,0.000000,1.000000,1.000000
1782456511.415088,-1,0.000498,inf,SAFE_STAND,0.000000,0.024369,-0.056245,-1.718340,0.000000,0.000000,0.000000,1.000000,1.000000
1782456511.435210,-1,0.000539,inf,SAFE_STAND,0.000000,0.024370,-0.056210,-1.718346,0.000000,0.000000,0.000000,1.000000,1.000000
1782456511.455444,-1,0.000474,inf,SAFE_STAND,0.000000,0.024355,-0.056170,-1.718394,0.000000,0.000000,0.000000,1.000000,1.000000
1782456511.475810,-1,0.000498,inf,SAFE_STAND,0.000000,0.024332,-0.056148,-1.718408,0.000000,0.000000,0.000000,1.000000,1.000000
1782456511.495850,-1,0.000463,inf,SAFE_STAND,0.000000,0.024337,-0.056163,-1.718421,0.000000,0.000000,0.000000,1.000000,1.000000
1782456511.515930,-1,0.000467,inf,SAFE_STAND,0.000000,0.024355,-0.056178,-1.718400,0.000000,0.000000,0.000000,1.000000,1.000000
1782456511.536499,-1,0.000730,inf,SAFE_STAND,0.000000,0.024405,-0.056188,-1.718422,0.000000,0.000000,0.000000,1.000000,1.000000
1782456511.556563,-1,0.000515,inf,SAFE_STAND,0.000000,0.024413,-0.056182,-1.718421,0.000000,0.000000,0.000000,1.000000,1.000000
1782456511.576643,-1,0.000516,inf,SAFE_STAND,0.000000,0.024435,-0.056123,-1.718426,0.000000,0.000000,0.000000,1.000000,1.000000
1782456511.596665,-1,0.000453,inf,SAFE_STAND,0.000000,0.024425,-0.056111,-1.718484,0.000000,0.000000,0.000000,1.000000,1.000000
1782456511.617503,-1,0.000873,inf,SAFE_STAND,0.000000,0.024446,-0.056084,-1.718492,0.000000,0.000000,0.000000,1.000000,1.000000
1782456511.637423,-1,0.000509,inf,SAFE_STAND,0.000000,0.024453,-0.056073,-1.718487,0.000000,0.000000,0.000000,1.000000,1.000000
1782456511.657459,-1,0.000459,inf,SAFE_STAND,0.000000,0.024464,-0.056055,-1.718499,0.000000,0.000000,0.000000,1.000000,1.000000
1782456511.677552,-1,0.000479,inf,SAFE_STAND,0.000000,0.024471,-0.056006,-1.718465,0.000000,0.000000,0.000000,1.000000,1.000000
1782456511.698072,-1,0.000700,inf,SAFE_STAND,0.000000,0.024468,-0.055986,-1.718491,0.000000,0.000000,0.000000,1.000000,1.000000
1782456511.718005,-1,0.000474,inf,SAFE_STAND,0.000000,0.024458,-0.055980,-1.718502,0.000000,0.000000,0.000000,1.000000,1.000000
1782456511.738107,-1,0.000493,inf,SAFE_STAND,0.000000,0.024468,-0.055986,-1.718526,0.000000,0.000000,0.000000,1.000000,1.000000
1782456511.758185,-1,0.000494,inf,SAFE_STAND,0.000000,0.024466,-0.055996,-1.718518,0.000000,0.000000,0.000000,1.000000,1.000000
1782456511.778697,-1,0.000695,inf,SAFE_STAND,0.000000,0.024446,-0.056006,-1.718483,0.000000,0.000000,0.000000,1.000000,1.000000
1782456511.798556,-1,0.000463,inf,SAFE_STAND,0.000000,0.024454,-0.055988,-1.718492,0.000000,0.000000,0.000000,1.000000,1.000000
1782456511.818803,-1,0.000503,inf,SAFE_STAND,0.000000,0.024469,-0.055989,-1.718471,0.000000,0.000000,0.000000,1.000000,1.000000
1782456511.838834,-1,0.000460,inf,SAFE_STAND,0.000000,0.024489,-0.055970,-1.718477,0.000000,0.000000,0.000000,1.000000,1.000000
1782456511.859066,-1,0.000614,166.296234,SAFE_STAND,0.000000,0.024509,-0.055958,-1.718451,0.000000,0.000000,0.000000,1.000000,1.000000
1782456511.879577,-1,0.000833,inf,SAFE_STAND,0.000000,0.024516,-0.055945,-1.718434,0.000000,0.000000,0.000000,1.000000,1.000000
1782456511.899652,-1,0.000554,inf,SAFE_STAND,0.000000,0.024514,-0.055917,-1.718472,0.000000,0.000000,0.000000,1.000000,1.000000
1782456511.920417,-1,0.000888,inf,SAFE_STAND,0.000000,0.024551,-0.055928,-1.718452,0.000000,0.000000,0.000000,1.000000,1.000000
1782456511.940335,-1,0.000709,inf,SAFE_STAND,0.000000,0.024579,-0.055911,-1.718471,0.000000,0.000000,0.000000,1.000000,1.000000
1782456511.960128,-1,0.000426,inf,SAFE_STAND,0.000000,0.024567,-0.055959,-1.718430,0.000000,0.000000,0.000000,1.000000,1.000000
1782456511.980187,-1,0.000414,inf,SAFE_STAND,0.000000,0.024588,-0.055955,-1.718437,0.000000,0.000000,0.000000,1.000000,1.000000
1782456512.000279,-1,0.000436,inf,SAFE_STAND,0.000000,0.024585,-0.055938,-1.718475,0.000000,0.000000,0.000000,1.000000,1.000000
1782456512.020356,-1,0.000440,inf,SAFE_STAND,0.000000,0.024578,-0.055913,-1.718497,0.000000,0.000000,0.000000,1.000000,1.000000
1782456512.040460,-1,0.000471,inf,SAFE_STAND,0.000000,0.024598,-0.055878,-1.718477,0.000000,0.000000,0.000000,1.000000,1.000000
1782456512.060879,-1,0.000416,inf,SAFE_STAND,0.000000,0.024595,-0.055840,-1.718477,0.000000,0.000000,0.000000,1.000000,1.000000
1782456512.080977,-1,0.000440,inf,SAFE_STAND,0.000000,0.024618,-0.055821,-1.718509,0.000000,0.000000,0.000000,1.000000,1.000000
1782456512.101060,-1,0.000453,inf,SAFE_STAND,0.000000,0.024631,-0.055770,-1.718513,0.000000,0.000000,0.000000,1.000000,1.000000
1782456512.121299,-1,0.000617,inf,SAFE_STAND,0.000000,0.024662,-0.055758,-1.718510,0.000000,0.000000,0.000000,1.000000,1.000000
1782456512.141497,-1,0.000700,inf,SAFE_STAND,0.000000,0.024661,-0.055746,-1.718524,0.000000,0.000000,0.000000,1.000000,1.000000
1782456512.161592,-1,0.000709,inf,SAFE_STAND,0.000000,0.024673,-0.055758,-1.718505,0.000000,0.000000,0.000000,1.000000,1.000000
1782456512.181932,-1,0.000750,inf,SAFE_STAND,0.000000,0.024689,-0.055787,-1.718527,0.000000,0.000000,0.000000,1.000000,1.000000
1782456512.202351,-1,0.000896,inf,SAFE_STAND,0.000000,0.024694,-0.055804,-1.718497,0.000000,0.000000,0.000000,1.000000,1.000000
1782456512.222581,-1,0.001041,inf,SAFE_STAND,0.000000,0.024716,-0.055818,-1.718495,0.000000,0.000000,0.000000,1.000000,1.000000
1782456512.242766,-1,0.000673,inf,SAFE_STAND,0.000000,0.024711,-0.055753,-1.718528,0.000000,0.000000,0.000000,1.000000,1.000000
1782456512.263100,-1,0.000907,inf,SAFE_STAND,0.000000,0.024716,-0.055725,-1.718513,0.000000,0.000000,0.000000,1.000000,1.000000
1782456512.283170,-1,0.000893,inf,SAFE_STAND,0.000000,0.024723,-0.055706,-1.718560,0.000000,0.000000,0.000000,1.000000,1.000000
1782456512.303255,-1,0.000892,inf,SAFE_STAND,0.000000,0.024718,-0.055702,-1.718573,0.000000,0.000000,0.000000,1.000000,1.000000
1782456512.323326,-1,0.000879,inf,SAFE_STAND,0.000000,0.024729,-0.055661,-1.718584,0.000000,0.000000,0.000000,1.000000,1.000000
1782456512.343309,-1,0.000726,inf,SAFE_STAND,0.000000,0.024744,-0.055645,-1.718608,0.000000,0.000000,0.000000,1.000000,1.000000
1782456512.363544,-1,0.000874,166.800508,SAFE_STAND,0.000000,0.024745,-0.055631,-1.718598,0.000000,0.000000,0.000000,1.000000,1.000000
1782456512.383946,-1,0.000965,inf,SAFE_STAND,0.000000,0.024753,-0.055623,-1.718560,0.000000,0.000000,0.000000,1.000000,1.000000
1782456512.403975,-1,0.000909,inf,SAFE_STAND,0.000000,0.024745,-0.055645,-1.718571,0.000000,0.000000,0.000000,1.000000,1.000000
1782456512.424016,-1,0.000698,inf,SAFE_STAND,0.000000,0.024773,-0.055658,-1.718568,0.000000,0.000000,0.000000,1.000000,1.000000
1782456512.444088,-1,0.000686,inf,SAFE_STAND,0.000000,0.024799,-0.055642,-1.718574,0.000000,0.000000,0.000000,1.000000,1.000000
1782456512.464621,-1,0.000908,inf,SAFE_STAND,0.000000,0.024791,-0.055664,-1.718565,0.000000,0.000000,0.000000,1.000000,1.000000
1782456512.484603,-1,0.000807,inf,SAFE_STAND,0.000000,0.024781,-0.055633,-1.718579,0.000000,0.000000,0.000000,1.000000,1.000000
1782456512.504488,-1,0.000465,inf,SAFE_STAND,0.000000,0.024780,-0.055671,-1.718533,0.000000,0.000000,0.000000,1.000000,1.000000
1782456512.524561,-1,0.000462,inf,SAFE_STAND,0.000000,0.024761,-0.055683,-1.718564,0.000000,0.000000,0.000000,1.000000,1.000000
1782456512.544652,-1,0.000479,inf,SAFE_STAND,0.000000,0.024768,-0.055614,-1.718602,0.000000,0.000000,0.000000,1.000000,1.000000
1782456512.564741,-1,0.000491,inf,SAFE_STAND,0.000000,0.024781,-0.055628,-1.718581,0.000000,0.000000,0.000000,1.000000,1.000000
1782456512.585208,-1,0.000641,inf,SAFE_STAND,0.000000,0.024788,-0.055587,-1.718612,0.000000,0.000000,0.000000,1.000000,1.000000
1782456512.605609,-1,0.000735,inf,SAFE_STAND,0.000000,0.024811,-0.055605,-1.718594,0.000000,0.000000,0.000000,1.000000,1.000000
1782456512.626106,-1,0.000845,inf,SAFE_STAND,0.000000,0.024800,-0.055610,-1.718570,0.000000,0.000000,0.000000,1.000000,1.000000
1782456512.646037,-1,0.000669,inf,SAFE_STAND,0.000000,0.024798,-0.055618,-1.718562,0.000000,0.000000,0.000000,1.000000,1.000000
1782456512.665873,-1,0.000418,inf,SAFE_STAND,0.000000,0.024784,-0.055595,-1.718565,0.000000,0.000000,0.000000,1.000000,1.000000
1782456512.686036,-1,0.000472,inf,SAFE_STAND,0.000000,0.024781,-0.055591,-1.718593,0.000000,0.000000,0.000000,1.000000,1.000000
1782456512.706079,-1,0.000437,inf,SAFE_STAND,0.000000,0.024810,-0.055552,-1.718606,0.000000,0.000000,0.000000,1.000000,1.000000
1782456512.726143,-1,0.000425,inf,SAFE_STAND,0.000000,0.024815,-0.055541,-1.718586,0.000000,0.000000,0.000000,1.000000,1.000000
1782456512.746599,-1,0.000805,inf,SAFE_STAND,0.000000,0.024832,-0.055511,-1.718585,0.000000,0.000000,0.000000,1.000000,1.000000
1782456512.766797,-1,0.000555,inf,SAFE_STAND,0.000000,0.024816,-0.055547,-1.718585,0.000000,0.000000,0.000000,1.000000,1.000000
1782456512.786849,-1,0.000527,inf,SAFE_STAND,0.000000,0.024848,-0.055504,-1.718576,0.000000,0.000000,0.000000,1.000000,1.000000
1782456512.807144,-1,0.000739,inf,SAFE_STAND,0.000000,0.024847,-0.055524,-1.718528,0.000000,0.000000,0.000000,1.000000,1.000000
1782456512.827549,-1,0.001051,inf,SAFE_STAND,0.000000,0.024846,-0.055533,-1.718542,0.000000,0.000000,0.000000,1.000000,1.000000
1782456512.847742,-1,0.001130,inf,SAFE_STAND,0.000000,0.024819,-0.055561,-1.718546,0.000000,0.000000,0.000000,1.000000,1.000000
1782456512.868444,-1,0.001385,167.304918,SAFE_STAND,0.000000,0.024835,-0.055616,-1.718516,0.000000,0.000000,0.000000,1.000000,1.000000
1782456512.888032,-1,0.000822,inf,SAFE_STAND,0.000000,0.024834,-0.055569,-1.718505,0.000000,0.000000,0.000000,1.000000,1.000000
1782456512.908264,-1,0.000962,inf,SAFE_STAND,0.000000,0.024838,-0.055559,-1.718502,0.000000,0.000000,0.000000,1.000000,1.000000
1782456512.928245,-1,0.000537,inf,SAFE_STAND,0.000000,0.024847,-0.055513,-1.718546,0.000000,0.000000,0.000000,1.000000,1.000000
1782456512.948318,-1,0.000527,inf,SAFE_STAND,0.000000,0.024842,-0.055479,-1.718532,0.000000,0.000000,0.000000,1.000000,1.000000
1782456512.968325,-1,0.000455,inf,SAFE_STAND,0.000000,0.024811,-0.055452,-1.718509,0.000000,0.000000,0.000000,1.000000,1.000000
1782456512.988752,-1,0.000809,inf,SAFE_STAND,0.000000,0.024812,-0.055397,-1.718555,0.000000,0.000000,0.000000,1.000000,1.000000
1782456513.008693,-1,0.000676,inf,SAFE_STAND,0.000000,0.024835,-0.055365,-1.718544,0.000000,0.000000,0.000000,1.000000,1.000000
1782456513.028784,-1,0.000693,inf,SAFE_STAND,0.000000,0.024816,-0.055347,-1.718531,0.000000,0.000000,0.000000,1.000000,1.000000
1782456513.048901,-1,0.000538,inf,SAFE_STAND,0.000000,0.024865,-0.055309,-1.718501,0.000000,0.000000,0.000000,1.000000,1.000000
1782456513.068948,-1,0.000484,inf,SAFE_STAND,0.000000,0.024854,-0.055297,-1.718495,0.000000,0.000000,0.000000,1.000000,1.000000
1782456513.089060,-1,0.000513,inf,SAFE_STAND,0.000000,0.024873,-0.055276,-1.718479,0.000000,0.000000,0.000000,1.000000,1.000000
1782456513.109558,-1,0.000493,inf,SAFE_STAND,0.000000,0.024886,-0.055242,-1.718510,0.000000,0.000000,0.000000,1.000000,1.000000
1782456513.129571,-1,0.000431,inf,SAFE_STAND,0.000000,0.024880,-0.055264,-1.718515,0.000000,0.000000,0.000000,1.000000,1.000000
1782456513.149688,-1,0.000472,inf,SAFE_STAND,0.000000,0.024869,-0.055282,-1.718527,0.000000,0.000000,0.000000,1.000000,1.000000
1782456513.169771,-1,0.000470,inf,SAFE_STAND,0.000000,0.024854,-0.055238,-1.718527,0.000000,0.000000,0.000000,1.000000,1.000000
1782456513.190097,-1,0.000714,inf,SAFE_STAND,0.000000,0.024874,-0.055175,-1.718555,0.000000,0.000000,0.000000,1.000000,1.000000
1782456513.210152,-1,0.000697,inf,SAFE_STAND,0.000000,0.024881,-0.055147,-1.718600,0.000000,0.000000,0.000000,1.000000,1.000000
1782456513.230212,-1,0.000679,inf,SAFE_STAND,0.000000,0.024891,-0.055139,-1.718566,0.000000,0.000000,0.000000,1.000000,1.000000
1782456513.250400,-1,0.000548,inf,SAFE_STAND,0.000000,0.024881,-0.055139,-1.718568,0.000000,0.000000,0.000000,1.000000,1.000000
1782456513.270636,-1,0.000707,inf,SAFE_STAND,0.000000,0.024868,-0.055111,-1.718602,0.000000,0.000000,0.000000,1.000000,1.000000
1782456513.290697,-1,0.000673,inf,SAFE_STAND,0.000000,0.024876,-0.055115,-1.718577,0.000000,0.000000,0.000000,1.000000,1.000000
1782456513.310766,-1,0.000664,inf,SAFE_STAND,0.000000,0.024893,-0.055088,-1.718605,0.000000,0.000000,0.000000,1.000000,1.000000
1782456513.330832,-1,0.000654,inf,SAFE_STAND,0.000000,0.024879,-0.055074,-1.718606,0.000000,0.000000,0.000000,1.000000,1.000000
1782456513.350888,-1,0.000461,inf,SAFE_STAND,0.000000,0.024888,-0.055089,-1.718575,0.000000,0.000000,0.000000,1.000000,1.000000
1782456513.371147,-1,0.000640,167.808289,SAFE_STAND,0.000000,0.024890,-0.055100,-1.718548,0.000000,0.000000,0.000000,1.000000,1.000000
1782456513.391503,-1,0.000693,inf,SAFE_STAND,0.000000,0.024879,-0.055108,-1.718540,0.000000,0.000000,0.000000,1.000000,1.000000
1782456513.411594,-1,0.000706,inf,SAFE_STAND,0.000000,0.024882,-0.055109,-1.718525,0.000000,0.000000,0.000000,1.000000,1.000000
1782456513.431493,-1,0.000472,inf,SAFE_STAND,0.000000,0.024863,-0.055131,-1.718510,0.000000,0.000000,0.000000,1.000000,1.000000
1782456513.451533,-1,0.000435,inf,SAFE_STAND,0.000000,0.024844,-0.055132,-1.718550,0.000000,0.000000,0.000000,1.000000,1.000000
1782456513.472585,-1,0.001406,inf,SAFE_STAND,0.000000,0.024867,-0.055115,-1.718559,0.000000,0.000000,0.000000,1.000000,1.000000
1782456513.493401,-1,0.001307,inf,SAFE_STAND,0.000000,0.024858,-0.055089,-1.718567,0.000000,0.000000,0.000000,1.000000,1.000000
1782456513.513282,-1,0.001049,inf,SAFE_STAND,0.000000,0.024885,-0.055090,-1.718541,0.000000,0.000000,0.000000,1.000000,1.000000
1782456513.533211,-1,0.000851,inf,SAFE_STAND,0.000000,0.024910,-0.055077,-1.718534,0.000000,0.000000,0.000000,1.000000,1.000000
1782456513.553201,-1,0.000539,inf,SAFE_STAND,0.000000,0.024919,-0.055079,-1.718515,0.000000,0.000000,0.000000,1.000000,1.000000
1782456513.573357,-1,0.000560,inf,SAFE_STAND,0.000000,0.024913,-0.054995,-1.718512,0.000000,0.000000,0.000000,1.000000,1.000000
1782456513.593883,-1,0.000516,inf,SAFE_STAND,0.000000,0.024933,-0.054973,-1.718464,0.000000,0.000000,0.000000,1.000000,1.000000
1782456513.614306,-1,0.000789,inf,SAFE_STAND,0.000000,0.024935,-0.054973,-1.718465,0.000000,0.000000,0.000000,1.000000,1.000000
1782456513.634788,-1,0.000932,inf,SAFE_STAND,0.000000,0.024950,-0.054931,-1.718483,0.000000,0.000000,0.000000,1.000000,1.000000
1782456513.655203,-1,0.001250,inf,SAFE_STAND,0.000000,0.024969,-0.054894,-1.718489,0.000000,0.000000,0.000000,1.000000,1.000000
1782456513.675241,-1,0.000812,inf,SAFE_STAND,0.000000,0.024929,-0.054877,-1.718504,0.000000,0.000000,0.000000,1.000000,1.000000
1782456513.695888,-1,0.000936,inf,SAFE_STAND,0.000000,0.024930,-0.054840,-1.718513,0.000000,0.000000,0.000000,1.000000,1.000000
1782456513.715889,-1,0.000734,inf,SAFE_STAND,0.000000,0.024923,-0.054833,-1.718506,0.000000,0.000000,0.000000,1.000000,1.000000
1782456513.736016,-1,0.000736,inf,SAFE_STAND,0.000000,0.024898,-0.054878,-1.718525,0.000000,0.000000,0.000000,1.000000,1.000000
1782456513.756621,-1,0.000970,inf,SAFE_STAND,0.000000,0.024892,-0.054858,-1.718544,0.000000,0.000000,0.000000,1.000000,1.000000
1782456513.776714,-1,0.000721,inf,SAFE_STAND,0.000000,0.024899,-0.054802,-1.718553,0.000000,0.000000,0.000000,1.000000,1.000000
1782456513.796995,-1,0.000664,inf,SAFE_STAND,0.000000,0.024870,-0.054790,-1.718569,0.000000,0.000000,0.000000,1.000000,1.000000
1782456513.817313,-1,0.000581,inf,SAFE_STAND,0.000000,0.024877,-0.054762,-1.718604,0.000000,0.000000,0.000000,1.000000,1.000000
1782456513.837408,-1,0.000547,inf,SAFE_STAND,0.000000,0.024878,-0.054756,-1.718570,0.000000,0.000000,0.000000,1.000000,1.000000
1782456513.857443,-1,0.000499,inf,SAFE_STAND,0.000000,0.024879,-0.054746,-1.718613,0.000000,0.000000,0.000000,1.000000,1.000000
1782456513.877849,-1,0.000822,168.314804,SAFE_STAND,0.000000,0.024867,-0.054774,-1.718561,0.000000,0.000000,0.000000,1.000000,1.000000
1782456513.897991,-1,0.000815,inf,SAFE_STAND,0.000000,0.024885,-0.054777,-1.718605,0.000000,0.000000,0.000000,1.000000,1.000000
1782456513.918142,-1,0.000566,inf,SAFE_STAND,0.000000,0.024874,-0.054760,-1.718601,0.000000,0.000000,0.000000,1.000000,1.000000
1782456513.938180,-1,0.000510,inf,SAFE_STAND,0.000000,0.024887,-0.054730,-1.718585,0.000000,0.000000,0.000000,1.000000,1.000000
1782456513.958809,-1,0.000581,inf,SAFE_STAND,0.000000,0.024916,-0.054712,-1.718593,0.000000,0.000000,0.000000,1.000000,1.000000
1782456513.979162,-1,0.000570,inf,SAFE_STAND,0.000000,0.024914,-0.054727,-1.718598,0.000000,0.000000,0.000000,1.000000,1.000000
1782456513.999736,-1,0.000563,inf,SAFE_STAND,0.000000,0.024904,-0.054784,-1.718595,0.000000,0.000000,0.000000,1.000000,1.000000
1782456514.019837,-1,0.000576,inf,SAFE_STAND,0.000000,0.024884,-0.054822,-1.718575,0.000000,0.000000,0.000000,1.000000,1.000000
1782456514.040181,-1,0.000784,inf,SAFE_STAND,0.000000,0.024893,-0.054863,-1.718558,0.000000,0.000000,0.000000,1.000000,1.000000
1782456514.060366,-1,0.000832,inf,SAFE_STAND,0.000000,0.024879,-0.054912,-1.718556,0.000000,0.000000,0.000000,1.000000,1.000000
1782456514.080538,-1,0.000864,inf,SAFE_STAND,0.000000,0.024880,-0.054896,-1.718558,0.000000,0.000000,0.000000,1.000000,1.000000
1782456514.100451,-1,0.000494,inf,SAFE_STAND,0.000000,0.024880,-0.054847,-1.718539,0.000000,0.000000,0.000000,1.000000,1.000000
1782456514.120581,-1,0.000495,inf,SAFE_STAND,0.000000,0.024884,-0.054800,-1.718541,0.000000,0.000000,0.000000,1.000000,1.000000
1782456514.141182,-1,0.000487,inf,SAFE_STAND,0.000000,0.024881,-0.054800,-1.718539,0.000000,0.000000,0.000000,1.000000,1.000000
1782456514.161330,-1,0.000506,inf,SAFE_STAND,0.000000,0.024876,-0.054812,-1.718567,0.000000,0.000000,0.000000,1.000000,1.000000
1782456514.182188,-1,0.000955,inf,SAFE_STAND,0.000000,0.024880,-0.054838,-1.718597,0.000000,0.000000,0.000000,1.000000,1.000000
1782456514.202173,-1,0.000594,inf,SAFE_STAND,0.000000,0.024895,-0.054821,-1.718560,0.000000,0.000000,0.000000,1.000000,1.000000
1782456514.222334,-1,0.000657,inf,SAFE_STAND,0.000000,0.024917,-0.054788,-1.718562,0.000000,0.000000,0.000000,1.000000,1.000000
1782456514.242574,-1,0.000804,inf,SAFE_STAND,0.000000,0.024940,-0.054789,-1.718527,0.000000,0.000000,0.000000,1.000000,1.000000
1782456514.262648,-1,0.000786,inf,SAFE_STAND,0.000000,0.024930,-0.054771,-1.718554,0.000000,0.000000,0.000000,1.000000,1.000000
1782456514.282764,-1,0.000812,inf,SAFE_STAND,0.000000,0.024933,-0.054752,-1.718583,0.000000,0.000000,0.000000,1.000000,1.000000
1782456514.303107,-1,0.000907,inf,SAFE_STAND,0.000000,0.024918,-0.054747,-1.718588,0.000000,0.000000,0.000000,1.000000,1.000000
1782456514.323583,-1,0.001036,inf,SAFE_STAND,0.000000,0.024943,-0.054711,-1.718602,0.000000,0.000000,0.000000,1.000000,1.000000
1782456514.343495,-1,0.000856,inf,SAFE_STAND,0.000000,0.024951,-0.054702,-1.718632,0.000000,0.000000,0.000000,1.000000,1.000000
1782456514.363654,-1,0.000777,inf,SAFE_STAND,0.000000,0.024951,-0.054707,-1.718664,0.000000,0.000000,0.000000,1.000000,1.000000
1782456514.384377,12,0.001177,0.004169,SAFE_STAND,0.000000,0.024948,-0.054727,-1.718665,0.000000,0.000000,0.000000,1.000000,1.000000
1782456514.404649,13,0.001354,0.004264,SAFE_STAND,0.000000,0.024964,-0.054684,-1.718702,0.000000,0.000000,0.000000,1.000000,1.000000
1782456514.424903,14,0.001139,0.004158,SAFE_STAND,0.000000,0.024978,-0.054631,-1.718731,0.000000,0.000000,0.000000,1.000000,1.000000
1782456514.444774,15,0.000904,0.004625,SAFE_STAND,0.000000,0.024995,-0.054566,-1.718758,0.000000,0.000000,0.000000,1.000000,1.000000
1782456514.465306,16,0.001114,0.004875,SAFE_STAND,0.000000,0.025007,-0.054531,-1.718753,0.000000,0.000000,0.000000,1.000000,1.000000
1782456514.485843,17,0.001250,0.004967,SAFE_STAND,0.000000,0.025038,-0.054561,-1.718726,0.000000,0.000000,0.000000,1.000000,1.000000
1782456514.505767,18,0.001083,0.005265,SAFE_STAND,0.000000,0.025042,-0.054545,-1.718761,0.000000,0.000000,0.000000,1.000000,1.000000
1782456514.525922,19,0.001152,0.005198,SAFE_STAND,0.000000,0.025051,-0.054577,-1.718749,0.000000,0.000000,0.000000,1.000000,1.000000
1782456514.546145,20,0.001280,0.005342,SAFE_STAND,0.000000,0.025054,-0.054533,-1.718758,0.000000,0.000000,0.000000,1.000000,1.000000
1782456514.566188,21,0.000889,0.005747,SAFE_STAND,0.000000,0.025026,-0.054536,-1.718693,0.000000,0.000000,0.000000,1.000000,1.000000
1782456514.586494,22,0.001100,0.005656,SAFE_STAND,0.000000,0.025005,-0.054560,-1.718693,0.000000,0.000000,0.000000,1.000000,1.000000
1782456514.606579,23,0.001119,0.005850,SAFE_STAND,0.000000,0.025006,-0.054619,-1.718675,0.000000,0.000000,0.000000,1.000000,1.000000
1782456514.626654,24,0.001105,0.005759,SAFE_STAND,0.000000,0.024983,-0.054621,-1.718643,0.000000,0.000000,0.000000,1.000000,1.000000
1782456514.646899,25,0.001257,0.006196,SAFE_STAND,0.000000,0.024964,-0.054646,-1.718626,0.000000,0.000000,0.000000,1.000000,1.000000
1782456514.672441,26,0.006474,0.006203,TRACKING,0.051792,0.024947,-0.054637,-1.718653,0.045719,0.017932,0.065000,0.005692,1.000000
1782456514.688542,27,0.002486,0.005830,TRACKING,0.045579,0.024941,-0.054669,-1.718622,0.045556,0.018850,0.065000,0.021832,1.000000
1782456514.708565,28,0.002423,0.006150,TRACKING,0.048325,0.024943,-0.054813,-1.718632,0.050309,0.022824,0.075000,0.041839,1.000000
1782456514.729083,29,0.002277,0.006659,TRACKING,0.051141,0.024919,-0.055047,-1.718551,0.059241,0.029034,0.087500,0.062009,1.000000
1782456514.749326,30,0.002383,0.006752,TRACKING,0.054228,0.024794,-0.055365,-1.718288,0.073310,0.036148,0.095000,0.082247,1.000000
1782456514.769188,31,0.002103,0.006762,TRACKING,0.057401,0.024531,-0.055509,-1.717618,0.086443,0.040400,0.107500,0.102564,1.000000
1782456514.789573,32,0.002403,0.006697,TRACKING,0.057749,0.024210,-0.055625,-1.717234,0.108003,0.045031,0.105753,0.122749,1.000000
1782456514.810868,33,0.003418,0.007085,TRACKING,0.056972,0.024077,-0.056370,-1.717445,0.105444,0.044036,0.088415,0.143663,1.000000
1782456514.830843,34,0.003275,0.007072,TRACKING,0.057242,0.023811,-0.057322,-1.717587,0.130570,0.046299,0.085237,0.163618,1.000000
1782456514.850613,35,0.002937,0.007077,TRACKING,0.058669,0.023668,-0.058412,-1.717791,0.149933,0.049185,0.089838,0.183464,1.000000
1782456514.870762,36,0.002994,0.007384,TRACKING,0.058261,0.023659,-0.060218,-1.718749,0.184535,0.059473,0.066566,0.203594,1.000000
1782456514.890794,37,0.002930,0.007296,TRACKING,0.064798,0.023817,-0.062593,-1.718873,0.177897,0.063094,0.094598,0.223533,1.000000
1782456514.910363,38,0.002208,0.007170,TRACKING,0.064498,0.023920,-0.065333,-1.718274,0.183356,0.063351,0.093002,0.243494,1.000000
1782456514.930672,39,0.002424,0.007295,TRACKING,0.061958,0.024158,-0.067479,-1.718172,0.187485,0.064157,0.067500,0.263451,1.000000
1782456514.951573,40,0.002883,0.007951,TRACKING,0.059238,0.024389,-0.069327,-1.717523,0.186741,0.064796,0.061966,0.284327,1.000000
1782456514.972682,41,0.003428,0.008168,TRACKING,0.068820,0.024224,-0.069821,-1.713842,0.190653,0.066125,0.085994,0.305965,1.000000
1782456514.991809,42,0.002109,0.008888,TRACKING,0.072438,0.023814,-0.072738,-1.709866,0.190008,0.068431,0.104234,0.325107,1.000000
1782456515.012566,43,0.002420,0.008943,TRACKING,0.077996,0.023293,-0.076645,-1.708289,0.175945,0.067936,0.127750,0.345807,1.000000
1782456515.033043,44,0.002396,0.009206,TRACKING,0.082286,0.023226,-0.080313,-1.707977,0.169732,0.068177,0.146182,0.365965,1.000000
1782456515.054063,45,0.003338,0.008832,TRACKING,0.087263,0.023464,-0.084757,-1.706255,0.162103,0.068126,0.158893,0.386821,1.000000
1782456515.073684,46,0.002869,0.009238,TRACKING,0.090586,0.023918,-0.088568,-1.704080,0.156926,0.069694,0.172876,0.406732,1.000000
1782456515.093877,47,0.002924,0.009336,TRACKING,0.094894,0.024397,-0.092289,-1.701578,0.154214,0.071614,0.188130,0.426794,1.000000
1782456515.114229,48,0.003131,0.008692,TRACKING,0.100408,0.024623,-0.096255,-1.698580,0.153923,0.074411,0.204654,0.447503,1.000000
1782456515.133873,49,0.002491,0.008659,TRACKING,0.101501,0.024723,-0.099624,-1.694237,0.155803,0.077146,0.217366,0.466987,1.000000
1782456515.154711,50,0.003154,0.009681,TRACKING,0.102038,0.024551,-0.102026,-1.688266,0.157816,0.078766,0.217366,0.487497,1.000000
1782456515.175144,51,0.003458,0.008690,TRACKING,0.103783,0.024497,-0.103391,-1.682475,0.161564,0.080327,0.224993,0.507807,1.000000
1782456515.196527,52,0.004395,0.009403,TRACKING,0.105264,0.024363,-0.104500,-1.676609,0.159779,0.081402,0.226264,0.529236,1.000000
1782456515.215699,53,0.003407,0.009191,TRACKING,0.104612,0.024077,-0.105481,-1.670397,0.160300,0.081772,0.228806,0.548568,1.000000
1782456515.235811,54,0.003058,0.009636,TRACKING,0.104640,0.023725,-0.106284,-1.663374,0.158721,0.080971,0.228806,0.569079,1.000000
1782456515.255634,55,0.002477,0.010842,TRACKING,0.101831,0.022964,-0.107113,-1.654335,0.163963,0.079296,0.216095,0.588903,1.000000
1782456515.276658,56,0.003113,0.010596,TRACKING,0.098088,0.022143,-0.107676,-1.645426,0.168873,0.076758,0.192579,0.609925,1.000000
1782456515.296544,57,0.002548,0.011710,TRACKING,0.095589,0.021960,-0.107842,-1.636050,0.165059,0.073019,0.183143,0.629815,1.000000
1782456515.317602,58,0.003515,0.010877,TRACKING,0.091834,0.022211,-0.107889,-1.625996,0.152324,0.071552,0.155536,0.650735,1.000000
1782456515.338445,59,0.003717,0.011410,TRACKING,0.107430,0.023173,-0.108990,-1.615587,0.225704,0.077597,0.213087,0.671561,1.000000
1782456515.358358,60,0.003175,0.012074,TRACKING,0.117369,0.023240,-0.111330,-1.605361,0.304604,0.089126,0.285803,0.691191,1.000000
1782456515.378295,61,0.002672,0.013028,TRACKING,0.124501,0.022734,-0.112636,-1.597951,0.332305,0.090062,0.311095,0.711497,1.000000
1782456515.399093,62,0.002989,0.012882,TRACKING,0.121412,0.022211,-0.115824,-1.594348,0.296627,0.081362,0.280744,0.732266,1.000000
1782456515.419492,63,0.002929,0.012933,TRACKING,0.118550,0.022452,-0.120781,-1.591013,0.264101,0.075591,0.247864,0.752785,1.000000
1782456515.439856,64,0.003144,0.013770,TRACKING,0.117876,0.023194,-0.126084,-1.587502,0.251921,0.075914,0.236483,0.773157,1.000000
1782456515.459922,65,0.003063,0.013411,TRACKING,0.121056,0.023124,-0.130112,-1.584838,0.264150,0.080630,0.247864,0.793193,1.000000
1782456515.479662,66,0.002461,0.014029,TRACKING,0.126254,0.022526,-0.134636,-1.583384,0.286299,0.086205,0.268098,0.812563,1.000000
1782456515.500586,67,0.003253,0.014313,TRACKING,0.130754,0.021824,-0.140000,-1.581069,0.292629,0.085814,0.273156,0.833492,1.000000
1782456515.520815,68,0.002664,0.014237,TRACKING,0.130078,0.021379,-0.144677,-1.579408,0.292883,0.084756,0.272524,0.854093,1.000000
1782456515.541254,69,0.003017,0.014457,TRACKING,0.127512,0.020945,-0.148202,-1.577989,0.286592,0.083269,0.261143,0.874131,1.000000
1782456515.561522,70,0.003141,0.014680,TRACKING,0.128233,0.020869,-0.150724,-1.578115,0.288305,0.084891,0.260510,0.894798,1.000000
1782456515.582431,71,0.003531,0.014793,TRACKING,0.132297,0.021233,-0.153216,-1.579116,0.295904,0.087720,0.269363,0.915731,1.000000
1782456515.602866,72,0.003440,0.016317,TRACKING,0.134591,0.021668,-0.155930,-1.578164,0.302365,0.089726,0.278847,0.935614,1.000000
1782456515.622480,73,0.002895,0.015404,TRACKING,0.140121,0.022192,-0.159128,-1.576004,0.308343,0.091614,0.298256,0.955591,1.000000
1782456515.642923,74,0.003243,0.015439,TRACKING,0.142546,0.024047,-0.162324,-1.574156,0.306119,0.091704,0.293084,0.975638,1.000000
1782456515.662929,75,0.003147,0.015459,TRACKING,0.142358,0.025089,-0.166166,-1.571729,0.303953,0.090938,0.288494,0.995664,1.000000
1782456515.683168,76,0.003274,0.015870,TRACKING,0.144617,0.026359,-0.170059,-1.569571,0.317280,0.092979,0.290381,1.000000,1.000000
1782456515.702971,77,0.002601,0.015860,TRACKING,0.142511,0.028821,-0.172514,-1.568909,0.314339,0.090370,0.274421,1.000000,1.000000
1782456515.723129,78,0.002199,0.017561,TRACKING,0.142505,0.030697,-0.174978,-1.567964,0.306525,0.087477,0.264936,1.000000,1.000000
1782456515.743992,79,0.002862,0.016179,TRACKING,0.141681,0.033453,-0.177370,-1.566820,0.293427,0.084130,0.250393,1.000000,1.000000
1782456515.764715,80,0.003455,0.016631,TRACKING,0.139414,0.035619,-0.177868,-1.564596,0.269547,0.080143,0.243639,1.000000,1.000000
1782456515.784693,81,0.003036,0.017059,TRACKING,0.138366,0.037199,-0.178028,-1.561700,0.261922,0.079011,0.239554,1.000000,1.000000
1782456515.805394,82,0.003364,0.017015,TRACKING,0.137613,0.039405,-0.177515,-1.557049,0.237117,0.077186,0.224735,1.000000,1.000000
1782456515.824615,83,0.002505,0.017054,TRACKING,0.138315,0.041302,-0.176452,-1.550025,0.211385,0.076660,0.219155,1.000000,1.000000
1782456515.845374,84,0.003179,0.017014,TRACKING,0.136983,0.044100,-0.175088,-1.544361,0.170596,0.074873,0.209118,1.000000,1.000000
1782456515.866163,85,0.003248,0.017528,TRACKING,0.136097,0.046357,-0.173659,-1.538026,0.154298,0.074053,0.211628,1.000000,1.000000
1782456515.885979,86,0.002932,0.017518,TRACKING,0.131833,0.045920,-0.171689,-1.529901,0.162504,0.073822,0.211646,1.000000,1.000000
1782456515.906595,87,0.003395,0.017406,TRACKING,0.145150,0.044222,-0.169589,-1.521658,0.170308,0.078950,0.277622,1.000000,1.000000
1782456515.926479,88,0.002880,0.017904,TRACKING,0.161945,0.061491,-0.167489,-1.502853,0.198148,0.083049,0.214884,1.000000,1.000000
1782456515.947012,89,0.002943,0.018481,TRACKING,0.154605,0.066187,-0.164708,-1.490677,0.284931,0.091066,0.268098,1.000000,1.000000
1782456515.967500,90,0.003330,0.018464,TRACKING,0.158966,0.060534,-0.163970,-1.485740,0.273199,0.089504,0.264673,1.000000,1.000000
1782456515.987568,91,0.003128,0.018420,TRACKING,0.168559,0.048868,-0.168667,-1.484602,0.221056,0.081877,0.331465,1.000000,1.000000
1782456516.007031,92,0.002462,0.018356,TRACKING,0.181551,0.040467,-0.173085,-1.475546,0.190054,0.078044,0.445806,1.000000,1.000000
1782456516.028331,93,0.003257,0.018800,TRACKING,0.198496,0.031776,-0.170932,-1.461405,0.212288,0.076154,0.569464,1.000000,1.000000
1782456516.048889,94,0.003680,0.018898,TRACKING,0.213052,0.018522,-0.168878,-1.449806,0.220588,0.085692,0.644039,1.000000,1.000000
1782456516.069695,96,0.004032,0.000188,TRACKING,0.215297,0.003063,-0.170330,-1.443142,0.209259,0.089247,0.688328,1.000000,1.000000
1782456516.089675,97,0.003543,0.000308,TRACKING,0.221861,-0.018889,-0.174895,-1.441779,0.208905,0.096501,0.646485,1.000000,1.000000
1782456516.110292,98,0.003705,0.001425,TRACKING,0.168789,-0.046920,-0.175350,-1.440104,0.183565,0.081939,0.226848,1.000000,1.000000
1782456516.130194,99,0.003287,0.001258,TRACKING,0.185573,-0.079705,-0.170609,-1.430978,0.204668,0.083856,0.287889,1.000000,1.000000
1782456516.150965,100,0.003970,0.001227,TRACKING,0.169633,-0.096663,-0.159453,-1.413885,0.210089,0.087066,0.338426,1.000000,1.000000
1782456516.171158,101,0.004067,0.001641,TRACKING,0.156998,-0.101035,-0.148646,-1.392434,0.177263,0.081350,0.283659,1.000000,1.000000
1782456516.190992,102,0.003808,0.001609,TRACKING,0.160479,-0.106152,-0.142326,-1.380633,0.183413,0.082902,0.300507,1.000000,1.000000
1782456516.210942,103,0.003667,0.000536,TRACKING,0.164947,-0.107509,-0.137695,-1.380293,0.182154,0.082550,0.380733,1.000000,1.000000
1782456516.230910,104,0.003353,0.001432,TRACKING,0.162482,-0.107664,-0.134423,-1.381467,0.175895,0.083299,0.366947,1.000000,1.000000
1782456516.250677,105,0.003026,0.001591,TRACKING,0.181545,-0.108143,-0.130230,-1.377025,0.242203,0.093361,0.481603,1.000000,1.000000
1782456516.270565,106,0.002828,0.000640,TRACKING,0.188928,-0.108415,-0.129342,-1.370228,0.261119,0.093974,0.542125,1.000000,1.000000
1782456516.291502,107,0.003653,0.000516,TRACKING,0.184548,-0.109134,-0.126824,-1.361089,0.263547,0.090748,0.507610,1.000000,1.000000
1782456516.311038,108,0.002902,0.000811,TRACKING,0.171622,-0.111451,-0.123828,-1.351501,0.263623,0.092190,0.439148,1.000000,1.000000
1782456516.331454,109,0.002847,0.001215,TRACKING,0.160700,-0.113287,-0.121069,-1.343488,0.264999,0.087973,0.377165,1.000000,1.000000
1782456516.351399,110,0.002542,0.001332,TRACKING,0.160422,-0.115246,-0.118502,-1.331048,0.270605,0.081239,0.398842,1.000000,1.000000
1782456516.372042,111,0.003023,0.001438,TRACKING,0.157165,-0.115719,-0.118355,-1.315284,0.266364,0.076354,0.362472,1.000000,1.000000
1782456516.392379,112,0.003269,0.002496,TRACKING,0.161760,-0.115345,-0.118240,-1.298746,0.266295,0.074727,0.369232,1.000000,1.000000
1782456516.412409,113,0.003213,0.002668,TRACKING,0.159348,-0.113476,-0.117847,-1.284855,0.276833,0.074674,0.364511,1.000000,1.000000
1782456516.432378,114,0.003051,0.003131,TRACKING,0.161888,-0.112519,-0.117287,-1.270718,0.281283,0.075396,0.372615,1.000000,1.000000
1782456516.452580,115,0.002768,0.002974,TRACKING,0.168883,-0.110551,-0.118074,-1.255426,0.280526,0.075393,0.421132,1.000000,1.000000
1782456516.473944,116,0.003443,0.003708,TRACKING,0.179138,-0.108431,-0.119513,-1.242374,0.281498,0.075030,0.469535,1.000000,1.000000
1782456516.493953,117,0.003315,0.003691,TRACKING,0.181533,-0.106146,-0.121244,-1.229809,0.283185,0.075205,0.485330,1.000000,1.000000
1782456516.513924,118,0.003159,0.003748,TRACKING,0.190885,-0.103751,-0.122768,-1.216633,0.278453,0.075584,0.543663,1.000000,1.000000
1782456516.534771,119,0.003863,0.003855,TRACKING,0.195222,-0.101763,-0.124121,-1.202349,0.271947,0.077192,0.567159,1.000000,1.000000
1782456516.554433,120,0.003419,0.003684,TRACKING,0.198771,-0.099551,-0.124448,-1.188462,0.278227,0.080414,0.597949,1.000000,1.000000
1782456516.574740,121,0.003458,0.003957,TRACKING,0.203251,-0.097475,-0.123445,-1.172620,0.281836,0.084168,0.639156,1.000000,1.000000
1782456516.595651,122,0.004225,0.002937,TRACKING,0.217511,-0.095789,-0.121021,-1.155702,0.278177,0.087135,0.729322,1.000000,1.000000
1782456516.614272,123,0.002710,0.003984,TRACKING,0.229359,-0.094493,-0.118864,-1.139486,0.277096,0.091381,0.801778,1.000000,1.000000
1782456516.634166,124,0.002473,0.004282,TRACKING,0.237661,-0.092302,-0.117309,-1.121922,0.269226,0.094965,0.893244,1.000000,1.000000
1782456516.654788,125,0.002708,0.004371,TRACKING,0.238751,-0.089213,-0.116823,-1.106198,0.265890,0.098822,0.959449,1.000000,1.000000
1782456516.676182,126,0.003651,0.004972,TRACKING,0.240623,-0.085451,-0.117068,-1.094379,0.250201,0.102155,1.006218,1.000000,1.000000
1782456516.695504,127,0.002582,0.004892,TRACKING,0.241037,-0.079426,-0.117667,-1.083121,0.233118,0.105669,1.059331,1.000000,1.000000
1782456516.716310,128,0.002955,0.005429,TRACKING,0.244733,-0.071175,-0.118863,-1.071514,0.244199,0.113049,1.076750,1.000000,1.000000
1782456516.736537,129,0.002637,0.005896,TRACKING,0.248844,-0.060182,-0.121277,-1.063971,0.266212,0.119932,1.110499,1.000000,1.000000
1782456516.756447,130,0.001909,0.006233,TRACKING,0.246476,-0.042688,-0.124297,-1.062703,0.288526,0.120387,1.164911,1.000000,1.000000
1782456516.776858,131,0.002183,0.006130,TRACKING,0.243598,-0.024593,-0.127595,-1.074794,0.307491,0.117179,1.171800,1.000000,1.000000
1782456516.798088,132,0.003283,0.006272,TRACKING,0.240301,-0.009974,-0.134149,-1.091323,0.295538,0.111562,1.163238,1.000000,1.000000
1782456516.818626,133,0.003406,0.006587,TRACKING,0.252158,0.007380,-0.143299,-1.098737,0.260389,0.101674,0.978346,1.000000,1.000000
1782456516.838092,134,0.002779,0.006607,TRACKING,0.255189,0.031074,-0.157271,-1.100229,0.264405,0.088419,0.761306,1.000000,1.000000
1782456516.858169,135,0.002733,0.006642,TRACKING,0.199246,0.055594,-0.165614,-1.102592,0.237905,0.071045,0.435799,1.000000,1.000000
1782456516.878696,136,0.002716,0.006924,TRACKING,0.141897,0.075880,-0.168452,-1.106631,0.198655,0.059430,0.117039,1.000000,1.000000
1782456516.898797,137,0.002508,0.007234,TRACKING,0.148995,0.094163,-0.167826,-1.110222,0.160402,0.063368,0.157938,1.000000,1.000000
1782456516.918710,138,0.002284,0.007277,TRACKING,0.158141,0.098434,-0.169770,-1.112867,0.159702,0.063264,0.184634,1.000000,1.000000
1782456516.938705,139,0.002203,0.007224,TRACKING,0.152185,0.087638,-0.170475,-1.110769,0.237008,0.072321,0.246600,1.000000,1.000000
1782456516.959153,140,0.002574,0.007431,TRACKING,0.144242,0.083176,-0.169814,-1.103119,0.245860,0.079385,0.245967,1.000000,1.000000
1782456516.979324,141,0.002342,0.007406,TRACKING,0.147897,0.084705,-0.170545,-1.090644,0.231219,0.080803,0.222572,1.000000,1.000000
1782456517.000642,142,0.003548,0.007774,TRACKING,0.150565,0.090916,-0.171749,-1.082300,0.210713,0.084880,0.203603,1.000000,1.000000
1782456517.021211,143,0.003387,0.008065,TRACKING,0.150407,0.097246,-0.172993,-1.082551,0.196641,0.082388,0.197820,1.000000,1.000000
1782456517.040469,144,0.002554,0.006752,TRACKING,0.160137,0.101792,-0.175012,-1.084942,0.179769,0.077022,0.268063,1.000000,1.000000
1782456517.060313,145,0.002309,0.007866,TRACKING,0.158062,0.101835,-0.178093,-1.089823,0.187804,0.072291,0.245400,1.000000,1.000000
1782456517.081043,146,0.002443,0.008740,TRACKING,0.148342,0.100706,-0.183268,-1.089730,0.203015,0.065862,0.197912,1.000000,1.000000
1782456517.100943,147,0.002262,0.008696,TRACKING,0.153091,0.100260,-0.189377,-1.087356,0.221370,0.064394,0.213087,1.000000,1.000000
1782456517.121118,148,0.002355,0.008784,TRACKING,0.153146,0.101684,-0.193845,-1.087848,0.217725,0.063533,0.206132,1.000000,1.000000
1782456517.141674,149,0.002493,0.008807,TRACKING,0.154925,0.104105,-0.199865,-1.092142,0.203496,0.059365,0.193486,1.000000,1.000000
1782456517.161940,150,0.002662,0.009148,TRACKING,0.153525,0.105851,-0.204817,-1.095952,0.192936,0.056512,0.184001,1.000000,1.000000
1782456517.182937,151,0.003140,0.009912,TRACKING,0.157900,0.106960,-0.210920,-1.101244,0.196902,0.054745,0.187163,1.000000,1.000000
1782456517.203388,152,0.003077,0.008967,TRACKING,0.160274,0.107567,-0.216767,-1.107308,0.199708,0.055121,0.189060,1.000000,1.000000
1782456517.224100,153,0.003656,0.009510,TRACKING,0.164039,0.107184,-0.220968,-1.116117,0.203927,0.055131,0.193486,1.000000,1.000000
1782456517.244124,154,0.003312,0.009573,TRACKING,0.162028,0.107497,-0.224099,-1.125785,0.205989,0.055843,0.195383,1.000000,1.000000
1782456517.263736,155,0.002824,0.009570,TRACKING,0.169632,0.108451,-0.225716,-1.138607,0.202322,0.055420,0.245836,1.000000,1.000000
1782456517.285498,156,0.003825,0.010173,TRACKING,0.183424,0.109627,-0.224822,-1.151764,0.195229,0.056520,0.331229,1.000000,1.000000
1782456517.304638,157,0.002857,0.011120,TRACKING,0.209990,0.110343,-0.222940,-1.166783,0.187276,0.059567,0.475473,1.000000,1.000000
1782456517.324618,158,0.002742,0.011047,TRACKING,0.230678,0.110473,-0.220467,-1.181617,0.196038,0.066357,0.588868,1.000000,1.000000
1782456517.344917,159,0.002949,0.011135,TRACKING,0.243349,0.108714,-0.218174,-1.195777,0.200666,0.071525,0.658583,1.000000,1.000000
1782456517.364785,160,0.002723,0.011201,TRACKING,0.255251,0.107077,-0.214263,-1.208748,0.222936,0.078876,0.726732,1.000000,1.000000
1782456517.384659,161,0.002510,0.011365,TRACKING,0.272552,0.106316,-0.209546,-1.220616,0.224810,0.084026,0.834869,1.000000,1.000000
1782456517.405654,162,0.003417,0.011119,TRACKING,0.274601,0.105257,-0.205017,-1.233219,0.236742,0.089558,0.922025,1.000000,1.000000
1782456517.425176,163,0.002848,0.011222,TRACKING,0.273387,0.104027,-0.199946,-1.245688,0.245572,0.093743,0.993561,1.000000,1.000000
1782456517.446451,164,0.003658,0.012041,TRACKING,0.275021,0.100892,-0.196039,-1.256783,0.243753,0.095841,1.034644,1.000000,1.000000
1782456517.466415,165,0.003496,0.011127,TRACKING,0.273388,0.096085,-0.192743,-1.268340,0.246608,0.096049,1.035327,1.000000,1.000000
1782456517.486305,166,0.003289,0.010984,TRACKING,0.270505,0.089323,-0.189930,-1.280884,0.245292,0.092288,1.012046,1.000000,1.000000
1782456517.505922,167,0.002758,0.011790,TRACKING,0.272361,0.077976,-0.188239,-1.289907,0.234359,0.087492,0.947746,1.000000,1.000000
1782456517.526363,168,0.002753,0.012521,TRACKING,0.271603,0.060918,-0.186172,-1.294098,0.219588,0.083662,0.903422,1.000000,1.000000
1782456517.547390,169,0.003384,0.011748,TRACKING,0.268551,0.035321,-0.183363,-1.285144,0.237745,0.085923,0.927819,1.000000,1.000000
1782456517.567577,170,0.003061,0.012324,TRACKING,0.263780,0.006734,-0.182531,-1.272841,0.251065,0.088830,1.011423,1.000000,1.000000
1782456517.588945,171,0.004074,0.012483,TRACKING,0.269954,-0.022000,-0.184469,-1.269374,0.263496,0.091005,0.977060,1.000000,1.000000
1782456517.607833,172,0.002835,0.012378,TRACKING,0.252750,-0.043548,-0.189968,-1.270989,0.264280,0.087824,0.726970,1.000000,1.000000
1782456517.628924,173,0.003792,0.013133,TRACKING,0.211896,-0.068341,-0.193675,-1.273235,0.244545,0.088413,0.394525,1.000000,1.000000
1782456517.649052,174,0.003398,0.013130,TRACKING,0.185414,-0.093013,-0.197487,-1.269666,0.232907,0.092608,0.197280,1.000000,1.000000
1782456517.669955,175,0.003760,0.013435,TRACKING,0.180465,-0.111540,-0.201992,-1.260430,0.213714,0.083181,0.211190,1.000000,1.000000
1782456517.690005,176,0.003557,0.014358,TRACKING,0.174314,-0.116058,-0.210534,-1.255838,0.222307,0.079982,0.228895,1.000000,1.000000
1782456517.710562,177,0.003414,0.014224,TRACKING,0.185354,-0.113117,-0.217000,-1.258083,0.260108,0.088129,0.260510,1.000000,1.000000
1782456517.730778,178,0.003536,0.014295,TRACKING,0.191512,-0.111978,-0.223958,-1.263264,0.284923,0.098206,0.283273,1.000000,1.000000
1782456517.750701,179,0.003320,0.014432,TRACKING,0.195169,-0.115125,-0.227817,-1.265421,0.296714,0.101228,0.280744,1.000000,1.000000
1782456517.771376,180,0.003425,0.014843,TRACKING,0.195530,-0.123023,-0.228226,-1.260870,0.295965,0.101907,0.273156,1.000000,1.000000
1782456517.791434,181,0.003372,0.014981,TRACKING,0.196224,-0.131797,-0.227702,-1.249923,0.286054,0.097473,0.263672,1.000000,1.000000
1782456517.811328,182,0.003123,0.015031,TRACKING,0.188204,-0.139274,-0.227066,-1.239187,0.254927,0.088772,0.234586,1.000000,1.000000
1782456517.831337,183,0.003003,0.014716,TRACKING,0.183643,-0.145384,-0.223888,-1.225617,0.229265,0.082442,0.213087,1.000000,1.000000
1782456517.851318,184,0.002854,0.015343,TRACKING,0.186264,-0.150495,-0.219204,-1.210799,0.221319,0.078188,0.228916,1.000000,1.000000
1782456517.872617,185,0.003781,0.015415,TRACKING,0.204018,-0.157023,-0.214119,-1.195877,0.205892,0.073213,0.320953,1.000000,1.000000
1782456517.892877,186,0.003592,0.016809,TRACKING,0.208097,-0.162931,-0.207574,-1.182492,0.190521,0.069814,0.337564,1.000000,1.000000
1782456517.912454,187,0.002845,0.016097,TRACKING,0.210761,-0.166788,-0.200025,-1.168646,0.193082,0.071209,0.385899,1.000000,1.000000
1782456517.932634,188,0.002920,0.016000,TRACKING,0.216788,-0.169630,-0.192434,-1.154167,0.195422,0.070249,0.416964,1.000000,1.000000
1782456517.953866,189,0.004053,0.016128,TRACKING,0.223115,-0.171462,-0.183975,-1.139166,0.193154,0.067376,0.458073,1.000000,1.000000
1782456517.973043,190,0.003101,0.016911,TRACKING,0.233153,-0.172478,-0.175513,-1.123487,0.195645,0.066057,0.533369,1.000000,1.000000
1782456517.993044,191,0.002652,0.016693,TRACKING,0.237787,-0.171872,-0.166774,-1.107951,0.216667,0.067298,0.570947,1.000000,1.000000
1782456518.014695,192,0.003806,0.017466,TRACKING,0.247058,-0.170781,-0.158860,-1.090838,0.230369,0.069058,0.644293,1.000000,1.000000
1782456518.034529,193,0.003360,0.017173,TRACKING,0.255546,-0.169014,-0.152530,-1.072514,0.241535,0.071229,0.708368,1.000000,1.000000
1782456518.054971,194,0.003697,0.017217,TRACKING,0.263725,-0.166762,-0.146082,-1.053454,0.254026,0.074038,0.773383,1.000000,1.000000
1782456518.074750,195,0.003386,0.017226,TRACKING,0.267535,-0.164554,-0.140629,-1.035179,0.272422,0.078176,0.812237,1.000000,1.000000
1782456518.094568,196,0.002691,0.017415,TRACKING,0.273644,-0.161782,-0.133255,-1.011122,0.281390,0.082211,0.887996,1.000000,1.000000
1782456518.115495,197,0.003189,0.018422,TRACKING,0.271651,-0.159097,-0.125072,-0.987493,0.291897,0.087929,0.969039,1.000000,1.000000
1782456518.137326,198,0.004376,0.018562,TRACKING,0.270582,-0.156621,-0.117279,-0.963682,0.284480,0.092305,1.051969,1.000000,1.000000
1782456518.156954,200,0.003188,0.000213,TRACKING,0.257964,-0.153783,-0.109522,-0.939166,0.271856,0.095727,1.132059,1.000000,1.000000
1782456518.177850,201,0.003979,0.000205,TRACKING,0.260771,-0.150875,-0.102761,-0.917037,0.290895,0.108309,1.238431,1.000000,1.000000
1782456518.197902,202,0.003941,0.000591,TRACKING,0.257757,-0.145578,-0.097772,-0.901634,0.329224,0.120262,1.235069,1.000000,1.000000
1782456518.218092,202,0.004002,0.020632,TRACKING,0.268443,-0.137130,-0.095794,-0.889568,0.350376,0.128324,1.234648,1.000000,1.000000
1782456518.238045,204,0.003537,0.000628,TRACKING,0.261454,-0.122623,-0.095854,-0.877644,0.310283,0.122794,1.226296,1.000000,1.000000
1782456518.258574,205,0.003586,0.001349,TRACKING,0.264504,-0.101834,-0.097003,-0.863279,0.333328,0.134472,1.254244,1.000000,1.000000
1782456518.279424,206,0.004227,0.000802,TRACKING,0.263534,-0.075918,-0.098631,-0.843994,0.284466,0.127691,0.951538,1.000000,1.000000
1782456518.298891,207,0.003603,0.001238,TRACKING,0.194741,-0.051299,-0.099250,-0.839875,0.300249,0.119664,0.540341,1.000000,1.000000
1782456518.319532,208,0.003789,0.002081,TRACKING,0.175840,-0.037981,-0.102042,-0.831897,0.310663,0.115250,0.545698,1.000000,1.000000
1782456518.339356,209,0.003265,0.000952,TRACKING,0.169306,-0.037308,-0.092670,-0.806438,0.277042,0.110059,0.568502,1.000000,1.000000
1782456518.360291,210,0.004094,0.000973,TRACKING,0.139454,-0.040771,-0.082406,-0.771677,0.316184,0.102114,0.417012,1.000000,1.000000
1782456518.380228,211,0.003924,0.001399,TRACKING,0.150712,-0.038697,-0.072646,-0.729045,0.266906,0.094128,0.466471,1.000000,1.000000
1782456518.400560,212,0.004152,0.002557,TRACKING,0.157474,-0.034576,-0.064190,-0.685209,0.239058,0.094631,0.542552,1.000000,1.000000
1782456518.420519,213,0.003595,0.002671,TRACKING,0.173419,-0.031106,-0.059487,-0.647278,0.239743,0.100430,0.686134,1.000000,1.000000
1782456518.440389,214,0.003345,0.002760,TRACKING,0.181953,-0.030829,-0.057391,-0.618831,0.268286,0.104326,0.751261,1.000000,1.000000
1782456518.460279,215,0.003085,0.003263,TRACKING,0.169036,-0.029917,-0.052297,-0.599806,0.278051,0.106554,0.663013,1.000000,1.000000
1782456518.480957,216,0.003353,0.003112,TRACKING,0.158128,-0.027786,-0.047740,-0.569951,0.310399,0.106125,0.612059,1.000000,1.000000
1782456518.500051,217,0.002362,0.003176,TRACKING,0.127033,-0.020544,-0.046569,-0.531583,0.293296,0.095374,0.435280,1.000000,1.000000
1782456518.520864,218,0.003092,0.003356,TRACKING,0.114531,-0.010260,-0.046793,-0.490526,0.238476,0.091887,0.339977,1.000000,1.000000
1782456518.540869,219,0.002701,0.003414,TRACKING,0.102129,0.000062,-0.054362,-0.452679,0.222666,0.094628,0.252460,1.000000,1.000000
1782456518.561243,220,0.002942,0.003334,TRACKING,0.112090,0.005386,-0.061880,-0.424188,0.205342,0.096674,0.313337,1.000000,1.000000
1782456518.581567,221,0.003135,0.003512,TRACKING,0.127871,0.007558,-0.070663,-0.412247,0.274321,0.103703,0.387699,1.000000,1.000000
1782456518.602020,222,0.003448,0.003639,TRACKING,0.167556,0.010690,-0.082688,-0.405085,0.292263,0.111618,0.443630,1.000000,1.000000
1782456518.623403,223,0.004221,0.004151,TRACKING,0.215359,0.040053,-0.094753,-0.391233,0.227204,0.111611,0.643247,1.000000,1.000000
1782456518.642683,224,0.003407,0.004077,TRACKING,0.225709,0.060897,-0.093767,-0.362836,0.258120,0.111868,0.792404,1.000000,1.000000
1782456518.662333,225,0.002480,0.004474,TRACKING,0.224554,0.064256,-0.094631,-0.318477,0.261413,0.114078,0.846140,1.000000,1.000000
1782456518.682689,226,0.002759,0.004374,TRACKING,0.158169,0.064984,-0.094657,-0.267425,0.187640,0.088638,0.447732,1.000000,1.000000
1782456518.703845,227,0.003466,0.005263,TRACKING,0.131521,0.060396,-0.098013,-0.227349,0.151380,0.070727,0.272795,1.000000,1.000000
1782456518.722473,228,0.001859,0.005009,TRACKING,0.150543,0.050669,-0.105972,-0.201238,0.181568,0.067734,0.438338,1.000000,1.000000
1782456518.743503,229,0.002803,0.004754,TRACKING,0.195755,0.040666,-0.108868,-0.184234,0.221208,0.070249,0.661641,1.000000,1.000000
1782456518.764052,230,0.003210,0.004884,TRACKING,0.223425,0.033933,-0.109255,-0.164641,0.278912,0.097968,1.166870,1.000000,1.000000
1782456518.784158,231,0.002762,0.005477,TRACKING,0.218643,0.028591,-0.106000,-0.139492,0.298743,0.122500,1.187112,1.000000,1.000000
1782456518.805140,232,0.003349,0.005541,TRACKING,0.223783,0.026473,-0.106233,-0.129582,0.377038,0.128429,1.101406,1.000000,1.000000
1782456518.825050,233,0.003168,0.006140,TRACKING,0.223683,0.031931,-0.110662,-0.131431,0.293067,0.107325,0.923802,1.000000,1.000000
1782456518.844937,234,0.002574,0.006200,TRACKING,0.210559,0.038973,-0.112356,-0.133157,0.241687,0.095644,0.765879,1.000000,1.000000
1782456518.865758,235,0.002642,0.006879,TRACKING,0.231109,0.050205,-0.113141,-0.136656,0.208458,0.083062,0.843792,1.000000,1.000000
1782456518.886357,236,0.003117,0.006772,TRACKING,0.231838,0.059595,-0.117065,-0.137770,0.226729,0.073729,0.895345,1.000000,1.000000
1782456518.906322,237,0.002949,0.007101,TRACKING,0.229907,0.060994,-0.122653,-0.130713,0.235956,0.075985,0.913830,1.000000,1.000000
1782456518.926292,238,0.002765,0.007044,TRACKING,0.227268,0.055095,-0.124579,-0.116240,0.219399,0.078612,0.829155,1.000000,1.000000
1782456518.947166,239,0.003247,0.007257,TRACKING,0.230807,0.044211,-0.125041,-0.096619,0.213404,0.083624,0.877194,1.000000,1.000000
1782456518.966694,240,0.002678,0.007231,TRACKING,0.241543,0.029600,-0.128570,-0.066138,0.218479,0.082309,0.856794,1.000000,1.000000
1782456518.987106,241,0.002998,0.007253,TRACKING,0.237893,0.006545,-0.131893,-0.035039,0.220913,0.082731,0.852492,1.000000,1.000000
1782456519.007149,242,0.002954,0.007252,TRACKING,0.238684,-0.021036,-0.135500,-0.018406,0.232898,0.081753,0.778263,1.000000,1.000000
1782456519.028161,243,0.003318,0.007733,TRACKING,0.219917,-0.050265,-0.140263,-0.007735,0.225487,0.078923,0.563415,1.000000,1.000000
1782456519.048153,244,0.003225,0.007749,TRACKING,0.181267,-0.077009,-0.146898,0.005117,0.203204,0.081494,0.326813,1.000000,1.000000
1782456519.067904,245,0.002468,0.007821,TRACKING,0.167382,-0.087365,-0.154013,0.016690,0.190458,0.086271,0.318956,1.000000,1.000000
1782456519.088305,246,0.002775,0.008211,TRACKING,0.154126,-0.086014,-0.157463,0.023727,0.239824,0.088346,0.295982,1.000000,1.000000
1782456519.109423,247,0.003158,0.008809,TRACKING,0.155531,-0.083773,-0.160381,0.027333,0.245274,0.085983,0.249631,1.000000,1.000000
1782456519.129526,248,0.003106,0.008871,TRACKING,0.154273,-0.078767,-0.164370,0.024795,0.251340,0.088026,0.251658,1.000000,1.000000
1782456519.149809,249,0.003261,0.008944,TRACKING,0.150808,-0.074415,-0.168192,0.022251,0.257707,0.092524,0.253555,1.000000,1.000000
1782456519.170530,250,0.003487,0.009338,TRACKING,0.156217,-0.072083,-0.171079,0.022840,0.274265,0.097236,0.274802,1.000000,1.000000
1782456519.190464,251,0.003302,0.008607,TRACKING,0.158141,-0.072097,-0.174014,0.028574,0.258537,0.090963,0.305422,1.000000,1.000000
1782456519.210743,252,0.003451,0.008735,TRACKING,0.162047,-0.074755,-0.175369,0.039903,0.238860,0.084215,0.329112,1.000000,1.000000
1782456519.230648,253,0.002677,0.010017,TRACKING,0.150886,-0.078759,-0.175940,0.055279,0.212276,0.076458,0.265999,1.000000,1.000000
1782456519.251245,254,0.002397,0.010942,TRACKING,0.152165,-0.083222,-0.176115,0.069926,0.194079,0.068377,0.276013,1.000000,1.000000
1782456519.271184,255,0.002196,0.010857,TRACKING,0.151253,-0.087239,-0.174518,0.082561,0.185111,0.063924,0.263987,1.000000,1.000000
1782456519.292777,256,0.003633,0.010489,TRACKING,0.161744,-0.090927,-0.173239,0.092722,0.180400,0.062450,0.325720,1.000000,1.000000
1782456519.312004,257,0.002536,0.010641,TRACKING,0.163241,-0.094313,-0.172378,0.104122,0.181330,0.061569,0.344804,1.000000,1.000000
1782456519.333087,258,0.003436,0.010653,TRACKING,0.163305,-0.096991,-0.170700,0.116744,0.182931,0.059755,0.336322,1.000000,1.000000
1782456519.353118,259,0.002829,0.011203,TRACKING,0.173579,-0.099103,-0.168672,0.130629,0.194624,0.060728,0.394993,1.000000,1.000000
1782456519.373056,260,0.002617,0.011936,TRACKING,0.176030,-0.100459,-0.167373,0.142480,0.205668,0.060259,0.414445,1.000000,1.000000
1782456519.393532,261,0.002660,0.012383,TRACKING,0.179617,-0.102663,-0.165030,0.155220,0.215264,0.060534,0.437842,1.000000,1.000000
1782456519.414566,262,0.003323,0.012763,TRACKING,0.190880,-0.103914,-0.162694,0.169621,0.219170,0.061524,0.496458,1.000000,1.000000
1782456519.434898,263,0.003558,0.012536,TRACKING,0.196708,-0.104144,-0.160921,0.183035,0.227668,0.063350,0.525089,1.000000,1.000000
1782456519.455803,264,0.003626,0.012789,TRACKING,0.202137,-0.104649,-0.157213,0.200012,0.236821,0.065708,0.550031,1.000000,1.000000
1782456519.475535,265,0.002585,0.013427,TRACKING,0.207981,-0.104567,-0.152936,0.217731,0.250809,0.069153,0.584060,1.000000,1.000000
1782456519.495516,266,0.002121,0.015002,TRACKING,0.214557,-0.104067,-0.147651,0.237359,0.267908,0.073541,0.623316,1.000000,1.000000
1782456519.516566,267,0.002837,0.014919,TRACKING,0.217564,-0.103808,-0.143080,0.258576,0.283718,0.078860,0.653658,1.000000,1.000000
1782456519.538082,268,0.003892,0.015515,TRACKING,0.217105,-0.103541,-0.140605,0.281810,0.293525,0.081784,0.643548,1.000000,1.000000
1782456519.557931,269,0.003642,0.014952,TRACKING,0.219671,-0.103142,-0.137445,0.305501,0.307535,0.086363,0.667498,1.000000,1.000000
1782456519.577868,270,0.003285,0.015490,TRACKING,0.224536,-0.103346,-0.134499,0.328915,0.308415,0.088900,0.700966,1.000000,1.000000
1782456519.598661,271,0.003984,0.014697,TRACKING,0.232783,-0.103478,-0.131898,0.353375,0.302768,0.090446,0.741079,1.000000,1.000000
1782456519.618358,272,0.003583,0.014852,TRACKING,0.237187,-0.103798,-0.130535,0.375233,0.302217,0.093336,0.773804,1.000000,1.000000
1782456519.638207,273,0.002948,0.015217,TRACKING,0.246543,-0.104246,-0.129776,0.396535,0.282080,0.092925,0.820097,1.000000,1.000000
1782456519.658462,274,0.002742,0.015748,TRACKING,0.246234,-0.104307,-0.130968,0.413143,0.262020,0.092572,0.811854,1.000000,1.000000
1782456519.678695,275,0.002885,0.016590,TRACKING,0.249627,-0.103780,-0.132714,0.428141,0.217443,0.091003,0.826442,1.000000,1.000000
1782456519.698704,276,0.002586,0.015698,TRACKING,0.260182,-0.099666,-0.136441,0.440618,0.189971,0.091807,0.854333,1.000000,1.000000
1782456519.720363,277,0.003774,0.016461,TRACKING,0.265555,-0.093396,-0.141389,0.449058,0.201100,0.093062,0.886117,1.000000,1.000000
1782456519.739503,278,0.002589,0.016433,TRACKING,0.267743,-0.083462,-0.148050,0.455737,0.217829,0.092578,0.931600,1.000000,1.000000
1782456519.760524,279,0.003112,0.016995,TRACKING,0.269501,-0.069828,-0.155182,0.459025,0.233058,0.090327,0.994094,1.000000,1.000000
1782456519.780463,280,0.002590,0.017356,TRACKING,0.269917,-0.053143,-0.162900,0.456831,0.243755,0.087725,1.039443,1.000000,1.000000
1782456519.800352,281,0.002396,0.017331,TRACKING,0.267322,-0.035317,-0.172683,0.449585,0.246662,0.088091,1.057807,1.000000,1.000000
1782456519.821444,282,0.003408,0.017304,TRACKING,0.267151,-0.016557,-0.181986,0.441228,0.253958,0.087669,1.021252,1.000000,1.000000
1782456519.841838,283,0.003672,0.017647,TRACKING,0.268116,0.004649,-0.190629,0.432237,0.257191,0.083687,0.873752,1.000000,1.000000
1782456519.861169,284,0.002907,0.017489,TRACKING,0.229321,0.027335,-0.197032,0.423302,0.240363,0.075207,0.571833,1.000000,1.000000
1782456519.881775,285,0.003378,0.018351,TRACKING,0.175851,0.050625,-0.204212,0.415863,0.202800,0.067450,0.236494,1.000000,1.000000
1782456519.901653,286,0.003151,0.018156,TRACKING,0.155609,0.065681,-0.206410,0.411103,0.174131,0.068804,0.158709,1.000000,1.000000
1782456519.921930,287,0.003323,0.018456,TRACKING,0.155541,0.074207,-0.208237,0.404461,0.197697,0.068925,0.195383,1.000000,1.000000
1782456519.942085,288,0.002872,0.018937,TRACKING,0.158945,0.071675,-0.211861,0.400341,0.204695,0.068658,0.204235,1.000000,1.000000
1782456519.963280,289,0.003581,0.019173,TRACKING,0.164146,0.068137,-0.215354,0.400569,0.225692,0.073424,0.225733,1.000000,1.000000
1782456519.982601,290,0.002802,0.019692,TRACKING,0.164541,0.065248,-0.221144,0.408887,0.241417,0.077525,0.232689,1.000000,1.000000
1782456520.002609,291,0.002716,0.019115,TRACKING,0.170660,0.064760,-0.229953,0.419963,0.236116,0.074859,0.222572,1.000000,1.000000
1782456520.023943,292,0.003570,0.019692,TRACKING,0.176591,0.066595,-0.240873,0.429272,0.218279,0.072004,0.207450,1.000000,1.000000
1782456520.044803,294,0.003618,0.000271,TRACKING,0.176372,0.068721,-0.252259,0.438711,0.198856,0.066381,0.243944,1.000000,1.000000
1782456520.065068,295,0.003792,0.000472,TRACKING,0.184461,0.068309,-0.263521,0.450585,0.210526,0.076973,0.285339,1.000000,1.000000
1782456520.084525,296,0.002727,0.000970,TRACKING,0.195544,0.064587,-0.276273,0.467734,0.222317,0.073987,0.338547,1.000000,1.000000
1782456520.105601,297,0.003710,0.000759,TRACKING,0.203635,0.061352,-0.288173,0.481272,0.230932,0.072073,0.350930,1.000000,1.000000
1782456520.125314,298,0.003342,0.000917,TRACKING,0.207934,0.057783,-0.297759,0.493351,0.221572,0.070897,0.394327,1.000000,1.000000
1782456520.145696,299,0.003642,0.001097,TRACKING,0.214810,0.052760,-0.304571,0.506975,0.238115,0.072795,0.434362,1.000000,1.000000
1782456520.165296,300,0.003163,0.001068,TRACKING,0.208759,0.045478,-0.309387,0.527467,0.268254,0.079109,0.429110,1.000000,1.000000
1782456520.185927,301,0.003442,0.001077,TRACKING,0.211932,0.037407,-0.310550,0.555219,0.312920,0.090513,0.457076,1.000000,1.000000
1782456520.206531,302,0.003927,0.000757,TRACKING,0.215317,0.028904,-0.309909,0.580000,0.335537,0.096512,0.477683,1.000000,1.000000
1782456520.225668,303,0.002983,0.001258,TRACKING,0.210262,0.019909,-0.310674,0.604258,0.345619,0.100073,0.469446,1.000000,1.000000
1782456520.246524,304,0.003751,0.001234,TRACKING,0.203314,0.011862,-0.311087,0.627914,0.335105,0.097959,0.447516,1.000000,1.000000
1782456520.266762,305,0.003493,0.001369,TRACKING,0.199971,0.003981,-0.311652,0.650317,0.344022,0.099603,0.434565,1.000000,1.000000
1782456520.287833,306,0.003862,0.002159,TRACKING,0.199795,-0.002500,-0.312329,0.669531,0.353159,0.099752,0.429453,1.000000,1.000000
1782456520.308417,307,0.003971,0.002903,TRACKING,0.201822,-0.009884,-0.313452,0.688955,0.349485,0.097688,0.410779,1.000000,1.000000
1782456520.328458,308,0.003488,0.002999,TRACKING,0.206128,-0.017710,-0.314914,0.705721,0.351177,0.095865,0.422541,1.000000,1.000000
1782456520.348603,309,0.003223,0.003609,TRACKING,0.209757,-0.025980,-0.317118,0.722476,0.346261,0.092630,0.413035,1.000000,1.000000
1782456520.368304,-1,0.002475,0.003991,TRACKING,0.210604,-0.034718,-0.320774,0.742048,0.337904,0.089150,0.393873,1.000000,1.000000
1782456520.389289,-1,0.003362,0.003839,TRACKING,0.216877,-0.043208,-0.324605,0.762418,0.332986,0.088752,0.421509,1.000000,1.000000
1782456520.408756,-1,0.002420,0.004010,TRACKING,0.220187,-0.052123,-0.328331,0.783283,0.326041,0.088737,0.415234,1.000000,1.000000
1782456520.428180,-1,0.001625,0.003901,TRACKING,0.217247,-0.058837,-0.331339,0.800936,0.305511,0.090172,0.404200,1.000000,1.000000
1782456520.449054,-1,0.002013,0.004441,TRACKING,0.219527,-0.064993,-0.332301,0.818055,0.287728,0.092324,0.392605,1.000000,1.000000
1782456520.469346,-1,0.001816,0.004326,TRACKING,0.213262,-0.069828,-0.333176,0.831950,0.235298,0.090920,0.369102,1.000000,1.000000
1782456520.489855,-1,0.002208,0.004131,TRACKING,0.210479,-0.076128,-0.333339,0.844548,0.213089,0.086785,0.308946,1.000000,1.000000
1782456520.509702,-1,0.001670,0.004185,TRACKING,0.195648,-0.084807,-0.332831,0.856484,0.241060,0.082475,0.185204,1.000000,1.000000
1782456520.530218,-1,0.001939,0.004103,TRACKING,0.217000,-0.099263,-0.332318,0.870034,0.282135,0.093322,0.212991,1.000000,1.000000
1782456520.550491,-1,0.002134,0.003861,TRACKING,0.263920,-0.131127,-0.322289,0.888150,0.326266,0.111144,0.240882,1.000000,1.000000
1782456520.570453,-1,0.001581,0.004166,TRACKING,0.286441,-0.180503,-0.309018,0.915427,0.300710,0.106027,0.303804,1.000000,1.000000
1782456520.590553,-1,0.001564,0.004049,TRACKING,0.273293,-0.213724,-0.308921,0.941961,0.243303,0.119329,0.350000,1.000000,1.000000
1782456520.612936,-1,0.003476,0.004951,TRACKING,0.268338,-0.206274,-0.322892,0.928053,0.300583,0.137782,0.355921,1.000000,1.000000
1782456520.631931,-1,0.002195,0.004513,TRACKING,0.278203,-0.198366,-0.331196,0.918846,0.352307,0.143926,0.394055,1.000000,1.000000
1782456520.652489,-1,0.002295,0.004916,TRACKING,0.289452,-0.196840,-0.335715,0.928115,0.365754,0.155325,0.429647,1.000000,1.000000
1782456520.672551,-1,0.001920,0.004812,TRACKING,0.284205,-0.200033,-0.335236,0.949501,0.310918,0.134750,0.460790,1.000000,1.000000
1782456520.694644,-1,0.003568,0.005460,TRACKING,0.279212,-0.205837,-0.327748,0.972703,0.301499,0.118314,0.415665,1.000000,1.000000
1782456520.714827,-1,0.003478,0.005061,TRACKING,0.299059,-0.198740,-0.314423,0.980848,0.307215,0.113053,0.420792,1.000000,1.000000
1782456520.734643,-1,0.003194,0.004770,TRACKING,0.286066,-0.182711,-0.285426,1.003500,0.262222,0.127002,0.343212,1.000000,1.000000
1782456520.754198,-1,0.002654,0.004472,TRACKING,0.284611,-0.168077,-0.250978,1.046619,0.281907,0.140894,0.305000,1.000000,1.000000
1782456520.774383,-1,0.002750,0.004157,TRACKING,0.276245,-0.147512,-0.204477,1.091831,0.361745,0.145085,0.324373,1.000000,1.000000
1782456520.794444,-1,0.002726,0.003819,TRACKING,0.321803,-0.128980,-0.163961,1.128754,0.415855,0.148908,1.161752,1.000000,1.000000
1782456520.814704,-1,0.002734,0.003656,TRACKING,0.282893,-0.133333,-0.134660,1.153870,0.483742,0.148640,1.086229,1.000000,1.000000
1782456520.834774,-1,0.002356,0.003676,TRACKING,0.290478,-0.130301,-0.117702,1.162899,0.427893,0.138049,1.251626,1.000000,1.000000
1782456520.855057,-1,0.002552,0.003685,TRACKING,0.272141,-0.116477,-0.102858,1.153800,0.314264,0.110404,0.954545,1.000000,1.000000
1782456520.875326,-1,0.002394,0.003672,TRACKING,0.252089,-0.093810,-0.097193,1.126635,0.199603,0.090164,0.772798,1.000000,1.000000
1782456520.895986,-1,0.002963,0.003266,TRACKING,0.224236,-0.064180,-0.092366,1.097053,0.148333,0.075229,0.633640,1.000000,1.000000
1782456520.915490,-1,0.002382,0.002751,TRACKING,0.194041,-0.033635,-0.084135,1.074879,0.178109,0.088463,0.533370,1.000000,1.000000
1782456520.935396,-1,0.002200,0.002745,TRACKING,0.187309,-0.007286,-0.069972,1.077213,0.179627,0.105809,0.556499,1.000000,1.000000
1782456520.956286,-1,0.003003,0.002251,TRACKING,0.195002,0.013554,-0.056315,1.086982,0.269396,0.118777,0.694992,1.000000,1.000000
1782456520.976748,-1,0.003021,0.001907,TRACKING,0.196143,0.026044,-0.051797,1.091990,0.360875,0.118544,0.786323,1.000000,1.000000
1782456520.996997,-1,0.003185,0.001502,TRACKING,0.144751,0.028455,-0.060294,1.097067,0.282607,0.084353,0.536474,1.000000,1.000000
1782456521.017084,-1,0.002833,0.001536,TRACKING,0.102833,0.025372,-0.067517,1.119277,0.155412,0.048325,0.277613,1.000000,1.000000
1782456521.036095,-1,0.001755,0.001276,TRACKING,0.092027,0.019232,-0.074441,1.142677,0.127437,0.043956,0.230838,1.000000,1.000000
1782456521.057562,-1,0.002902,0.001319,TRACKING,0.142978,0.017951,-0.079572,1.158532,0.189317,0.071681,0.490422,1.000000,1.000000
1782456521.077921,-1,0.003194,0.000909,TRACKING,0.195321,0.006558,-0.081620,1.153148,0.248440,0.102901,0.693994,1.000000,1.000000
1782456521.097708,-1,0.002534,0.001050,TRACKING,0.225032,-0.017010,-0.081614,1.148297,0.250508,0.120166,0.814185,1.000000,1.000000
1782456521.118272,-1,0.002415,0.001343,TRACKING,0.200974,-0.042711,-0.079329,1.153728,0.339763,0.106288,0.655470,1.000000,1.000000
1782456521.138462,-1,0.002520,0.001045,TRACKING,0.158276,-0.050330,-0.071080,1.157214,0.413695,0.113510,0.503468,1.000000,1.000000
1782456521.158507,-1,0.002482,0.000767,TRACKING,0.148751,-0.045849,-0.063869,1.153394,0.430526,0.107102,0.434144,1.000000,1.000000
1782456521.178717,-1,0.002099,0.001001,TRACKING,0.141457,-0.030130,-0.061088,1.137735,0.325087,0.081484,0.403830,1.000000,1.000000
1782456521.198608,-1,0.001904,0.000710,TRACKING,0.119280,-0.009696,-0.067109,1.118588,0.217731,0.065678,0.330233,1.000000,1.000000
1782456521.220820,-1,0.003669,0.000801,TRACKING,0.118685,0.007747,-0.073015,1.099736,0.121076,0.069854,0.309081,1.000000,1.000000
1782456521.239784,-1,0.002197,0.000781,TRACKING,0.104241,0.020138,-0.079098,1.083456,0.183344,0.083825,0.244695,1.000000,1.000000
1782456521.260770,-1,0.003097,0.000551,TRACKING,0.169422,0.027836,-0.082031,1.082159,0.227152,0.105001,0.580956,1.000000,1.000000
1782456521.281143,-1,0.003385,0.020605,TRACKING,0.198404,0.039252,-0.082743,1.097672,0.248695,0.105199,0.592483,1.000000,1.000000
1782456521.301368,-1,0.003090,0.020686,TRACKING,0.138204,0.048704,-0.090124,1.113060,0.260357,0.090692,0.333989,1.000000,1.000000
1782456521.321851,-1,0.003439,0.020367,TRACKING,0.120833,0.041944,-0.093506,1.117593,0.270616,0.075691,0.211190,1.000000,1.000000
1782456521.341279,-1,0.002269,0.020334,TRACKING,0.105986,0.028897,-0.098356,1.125515,0.163328,0.052869,0.167352,1.000000,1.000000
1782456521.362637,-1,0.003058,0.020609,TRACKING,0.145800,0.031277,-0.106664,1.130587,0.117694,0.053517,0.363733,1.000000,1.000000
1782456521.382591,-1,0.002514,0.020514,TRACKING,0.110168,0.031637,-0.114314,1.114704,0.117170,0.051950,0.203143,1.000000,1.000000
1782456521.402759,-1,0.002234,0.020514,TRACKING,0.123718,0.032657,-0.116591,1.101123,0.186877,0.067448,0.275000,1.000000,1.000000
1782456521.423668,-1,0.002685,0.020315,TRACKING,0.127449,0.031834,-0.122861,1.097850,0.158949,0.063440,0.231348,1.000000,1.000000
1782456521.444460,-1,0.003393,0.020126,TRACKING,0.131738,0.027801,-0.130129,1.097498,0.179553,0.069003,0.268212,1.000000,1.000000
1782456521.464947,-1,0.003146,0.000398,TRACKING,0.119901,0.026666,-0.135579,1.091161,0.172412,0.067704,0.257407,1.000000,1.000000
1782456521.485881,-1,0.003987,0.020734,TRACKING,0.132805,0.023907,-0.140672,1.082715,0.179022,0.064768,0.265034,1.000000,1.000000
1782456521.504739,-1,0.002751,0.020096,TRACKING,0.133498,0.021132,-0.145688,1.072072,0.174954,0.065800,0.265034,1.000000,1.000000
1782456521.525213,-1,0.003139,0.019727,TRACKING,0.134096,0.016853,-0.151406,1.061844,0.167164,0.064316,0.251051,1.000000,1.000000
1782456521.545038,-1,0.002709,0.019766,TRACKING,0.131848,0.012491,-0.156906,1.048952,0.165620,0.062202,0.247873,1.000000,1.000000
1782456521.564228,-1,0.001810,0.019399,TRACKING,0.133469,0.009001,-0.162951,1.033206,0.177268,0.062609,0.263763,1.000000,1.000000
1782456521.585977,-1,0.003232,0.019468,TRACKING,0.137633,0.008068,-0.168933,1.016064,0.195958,0.067041,0.275839,1.000000,1.000000
1782456521.605800,-1,0.002720,0.019570,TRACKING,0.135791,0.008431,-0.175094,1.000149,0.185512,0.068681,0.263763,1.000000,1.000000
1782456521.626812,-1,0.003275,0.020159,TRACKING,0.127850,0.009973,-0.180465,0.987669,0.162781,0.067163,0.209739,1.000000,1.000000
1782456521.646331,-1,0.002349,0.020053,TRACKING,0.138249,0.012268,-0.186084,0.978537,0.184263,0.065277,0.256151,1.000000,1.000000
1782456521.666711,-1,0.002625,0.020036,TRACKING,0.143830,0.015386,-0.191857,0.968019,0.178762,0.063588,0.263151,1.000000,1.000000
1782456521.687002,-1,0.002459,0.000261,TRACKING,0.131506,0.019525,-0.198564,0.952924,0.157937,0.060499,0.237525,1.000000,1.000000
1782456521.706610,-1,0.001783,0.020273,TRACKING,0.139111,0.023974,-0.203932,0.939106,0.129551,0.060371,0.208329,1.000000,1.000000
1782456521.727574,-1,0.002613,0.020121,TRACKING,0.142852,0.028030,-0.208430,0.924712,0.150708,0.060690,0.222450,1.000000,1.000000
1782456521.748422,-1,0.002737,0.000521,TRACKING,0.143480,0.029704,-0.210812,0.912642,0.185738,0.065557,0.278381,1.000000,1.000000
1782456521.768288,-1,0.001875,0.000942,TRACKING,0.154342,0.030899,-0.213956,0.898316,0.218921,0.073664,0.323507,1.000000,1.000000
1782456521.789973,-1,0.003113,0.001166,TRACKING,0.161985,0.030473,-0.218021,0.884241,0.229373,0.075236,0.338125,1.000000,1.000000
1782456521.810004,-1,0.002682,0.001425,TRACKING,0.163120,0.029089,-0.221213,0.870411,0.231531,0.074507,0.341303,1.000000,1.000000
1782456521.829956,-1,0.002546,0.001272,TRACKING,0.160370,0.028169,-0.224510,0.854640,0.221420,0.070879,0.329227,1.000000,1.000000
1782456521.850820,-1,0.002966,0.001840,TRACKING,0.155529,0.027155,-0.227859,0.838593,0.198963,0.066698,0.292999,1.000000,1.000000
1782456521.870854,-1,0.002538,0.001729,TRACKING,0.145110,0.026418,-0.231647,0.820946,0.162996,0.061462,0.240882,1.000000,1.000000
1782456521.891920,-1,0.003147,0.002305,TRACKING,0.147839,0.027087,-0.235563,0.803879,0.161654,0.058276,0.252101,1.000000,1.000000
1782456521.912302,-1,0.003069,0.002125,TRACKING,0.149435,0.029406,-0.238132,0.788062,0.170874,0.058244,0.277695,1.000000,1.000000
1782456521.931709,-1,0.002393,0.001973,TRACKING,0.151811,0.032804,-0.240628,0.774696,0.175618,0.058080,0.271892,1.000000,1.000000
1782456521.952156,-1,0.002255,0.002354,TRACKING,0.153702,0.035804,-0.243294,0.761569,0.163300,0.058103,0.284124,1.000000,1.000000
1782456521.972592,-1,0.002603,0.002191,TRACKING,0.141314,0.038335,-0.244883,0.748755,0.146621,0.059907,0.200906,1.000000,1.000000
1782456521.993491,-1,0.002724,0.002773,TRACKING,0.148342,0.040298,-0.246093,0.735295,0.151815,0.063191,0.224993,1.000000,1.000000
1782456522.014171,-1,0.002953,0.003037,TRACKING,0.156326,0.041566,-0.246790,0.723315,0.182887,0.065714,0.267576,1.000000,1.000000
1782456522.034329,-1,0.002657,0.003256,TRACKING,0.162228,0.041520,-0.247374,0.709033,0.195582,0.065969,0.288550,1.000000,1.000000
1782456522.054631,-1,0.002495,0.003610,TRACKING,0.162638,0.040676,-0.248242,0.696011,0.194996,0.064010,0.288550,1.000000,1.000000
1782456522.074699,-1,0.002222,0.003333,TRACKING,0.158279,0.039938,-0.249852,0.682419,0.183088,0.061150,0.272025,1.000000,1.000000
1782456522.094788,-1,0.002228,0.003184,TRACKING,0.151988,0.039536,-0.250833,0.670806,0.168749,0.058817,0.247238,1.000000,1.000000
1782456522.114909,-1,0.002265,0.002871,TRACKING,0.146664,0.039956,-0.251237,0.660019,0.151565,0.056248,0.221815,1.000000,1.000000
1782456522.135665,-1,0.002537,0.003095,TRACKING,0.143545,0.041198,-0.250662,0.650817,0.137554,0.055499,0.200841,1.000000,1.000000
1782456522.154944,-1,0.001692,0.002666,TRACKING,0.141210,0.042390,-0.249415,0.642980,0.134066,0.054887,0.195756,1.000000,1.000000
1782456522.176367,-1,0.002983,0.002563,TRACKING,0.144698,0.043457,-0.247838,0.635646,0.142224,0.056833,0.205926,1.000000,1.000000
1782456522.195793,-1,0.002248,0.002512,TRACKING,0.148809,0.044072,-0.245681,0.628088,0.154951,0.060055,0.223722,1.000000,1.000000
1782456522.216505,-1,0.002503,0.002346,TRACKING,0.153999,0.043974,-0.242834,0.619326,0.169193,0.062507,0.241518,1.000000,1.000000
1782456522.237334,-1,0.003248,0.001776,TRACKING,0.156605,0.042918,-0.239673,0.610042,0.177426,0.063718,0.256771,1.000000,1.000000
1782456522.257667,-1,0.002817,0.002057,TRACKING,0.156476,0.041388,-0.236541,0.601398,0.181611,0.064314,0.265669,1.000000,1.000000
1782456522.278358,-1,0.002716,0.002589,TRACKING,0.154589,0.039650,-0.232993,0.592461,0.182163,0.063966,0.265034,1.000000,1.000000
1782456522.298101,-1,0.002365,0.002037,TRACKING,0.151157,0.038853,-0.229071,0.585105,0.181644,0.063148,0.261220,1.000000,1.000000
1782456522.318952,-1,0.002406,0.002460,TRACKING,0.149592,0.038094,-0.224379,0.578450,0.180355,0.063700,0.257407,1.000000,1.000000
1782456522.338548,-1,0.001917,0.002077,TRACKING,0.148604,0.037435,-0.219083,0.573542,0.182685,0.064998,0.266135,1.000000,1.000000
1782456522.360324,-1,0.003629,0.001737,TRACKING,0.152746,0.036859,-0.214191,0.569789,0.187299,0.065995,0.288647,1.000000,1.000000
1782456522.379713,-1,0.002932,0.001623,TRACKING,0.152175,0.036234,-0.209480,0.565306,0.193883,0.067317,0.297355,1.000000,1.000000
1782456522.399529,-1,0.002403,0.001274,TRACKING,0.153240,0.035472,-0.204863,0.559407,0.198307,0.068213,0.321477,1.000000,1.000000
1782456522.420004,-1,0.002802,0.021348,TRACKING,0.164150,0.034844,-0.200476,0.552739,0.201800,0.069377,0.335387,1.000000,1.000000
1782456522.441479,-1,0.003778,0.042454,TRACKING,0.173199,0.034208,-0.195920,0.545828,0.194406,0.067088,0.331095,1.000000,1.000000
1782456522.461402,-1,0.003411,0.062363,TRACKING,0.180100,0.033265,-0.191281,0.538145,0.183051,0.064453,0.329354,1.000000,1.000000
1782456522.496259,-1,0.018119,0.082609,TRACKING,0.211373,0.032569,-0.186434,0.529108,0.173729,0.063681,0.333921,1.000000,1.000000
1782456522.508196,-1,0.009287,0.103283,TRACKING,0.200258,0.031788,-0.182741,0.521091,0.169798,0.063063,0.320437,1.000000,1.000000
1782456522.522530,-1,0.002813,0.124040,TRACKING,0.187750,0.031422,-0.179561,0.511765,0.166158,0.062293,0.313473,1.000000,1.000000
1782456522.543841,-1,0.003216,0.144956,TRACKING,0.178765,0.031461,-0.176514,0.503801,0.163921,0.061710,0.276640,1.000000,1.000000
1782456522.564162,-1,0.003397,0.165137,TRACKING,0.175441,0.031511,-0.174525,0.498689,0.164952,0.061829,0.262810,1.000000,1.000000
1782456522.584707,-1,0.003780,0.185492,TRACKING,0.170902,0.031622,-0.173328,0.495189,0.169114,0.062361,0.240882,1.000000,1.000000
1782456522.604593,-1,0.003568,0.205696,RECOVERY,0.171081,0.031658,-0.172866,0.491898,0.173584,0.062833,0.249145,1.000000,1.000000
1782456522.624618,-1,0.003307,0.225675,RECOVERY,0.185400,0.031592,-0.169614,0.488300,0.230336,0.074712,0.244060,1.000000,1.000000
1782456522.644578,-1,0.003168,0.245876,RECOVERY,0.190333,0.029489,-0.143404,0.489984,0.231600,0.080156,0.212281,1.000000,1.000000
1782456522.663720,-1,0.002199,0.265764,RECOVERY,0.179226,0.027436,-0.118021,0.492207,0.179306,0.064267,0.243158,1.000000,1.000000
1782456522.685256,-1,0.003193,0.286481,RECOVERY,0.174025,0.022197,-0.099918,0.487330,0.133322,0.049156,0.300899,1.000000,1.000000
1782456522.704771,-1,0.002622,0.306415,RECOVERY,0.163502,0.020364,-0.084524,0.483188,0.103696,0.040671,0.308035,1.000000,1.000000
1782456522.725345,-1,0.003065,0.326575,RECOVERY,0.147137,0.019467,-0.069593,0.483614,0.085197,0.035411,0.278686,1.000000,1.000000
1782456522.745319,-1,0.002911,0.346842,RECOVERY,0.134099,0.018362,-0.061341,0.485347,0.073973,0.032307,0.262997,1.000000,1.000000
1782456522.765273,-1,0.002612,0.366917,RECOVERY,0.128583,0.018323,-0.056138,0.486039,0.065552,0.030142,0.250818,1.000000,1.000000
1782456522.786275,-1,0.003126,0.387416,RECOVERY,0.122678,0.018751,-0.051773,0.486200,0.057354,0.028369,0.233219,1.000000,1.000000
1782456522.806476,-1,0.003233,0.407467,RECOVERY,0.117576,0.018905,-0.049239,0.485345,0.053287,0.027084,0.219296,1.000000,1.000000
1782456522.825832,-1,0.002478,0.427596,RECOVERY,0.110539,0.019033,-0.048722,0.484297,0.051021,0.026195,0.200152,1.000000,1.000000
1782456522.846362,-1,0.002870,0.447762,RECOVERY,0.111362,0.019250,-0.049435,0.484050,0.051898,0.025756,0.189710,1.000000,1.000000
1782456522.866162,-1,0.002179,0.468241,RECOVERY,0.111195,0.019348,-0.051799,0.484162,0.051794,0.025527,0.184490,1.000000,1.000000
1782456522.887064,-1,0.002553,0.488754,RECOVERY,0.113393,0.019287,-0.055413,0.484532,0.051601,0.025492,0.181007,1.000000,1.000000
1782456522.906852,-1,0.001769,0.509277,RECOVERY,0.113223,0.019069,-0.059689,0.484657,0.051202,0.025665,0.172306,1.000000,1.000000
1782456522.927485,-1,0.002261,0.529440,RECOVERY,0.113387,0.018627,-0.063602,0.484624,0.050810,0.025913,0.163608,1.000000,1.000000
1782456522.947726,-1,0.002415,0.549582,RECOVERY,0.112582,0.018286,-0.067698,0.484339,0.050697,0.026093,0.153167,1.000000,1.000000
1782456522.967779,-1,0.002380,0.569742,RECOVERY,0.113315,0.018230,-0.071454,0.484153,0.050955,0.026174,0.147950,1.000000,1.000000
1782456522.987673,-1,0.002138,0.590045,RECOVERY,0.112126,0.018593,-0.074853,0.484215,0.051955,0.026221,0.137373,1.000000,1.000000
1782456523.009053,-1,0.003439,0.610374,RECOVERY,0.113818,0.018961,-0.077761,0.484513,0.052736,0.026223,0.133215,1.000000,1.000000
1782456523.028341,-1,0.002368,0.630210,RECOVERY,0.113379,0.019205,-0.081009,0.484714,0.053302,0.026227,0.134965,1.000000,1.000000
1782456523.048331,-1,0.002282,0.650286,RECOVERY,0.114573,0.019272,-0.084148,0.484736,0.053592,0.026226,0.136715,1.000000,1.000000
1782456523.069103,-1,0.002975,0.670373,RECOVERY,0.117105,0.019240,-0.087406,0.484676,0.053620,0.026223,0.138464,1.000000,1.000000
1782456523.088366,-1,0.002161,0.690461,RECOVERY,0.117974,0.019215,-0.091033,0.484595,0.053807,0.026287,0.138470,1.000000,1.000000
1782456523.109819,-1,0.003101,0.711003,RECOVERY,0.120913,0.019235,-0.095030,0.484432,0.053783,0.026362,0.143725,1.000000,1.000000
1782456523.129155,-1,0.002344,0.731045,RECOVERY,0.120613,0.019360,-0.098674,0.484255,0.053604,0.026465,0.143725,1.000000,1.000000
1782456523.150252,-1,0.002795,0.751721,RECOVERY,0.123294,0.019442,-0.102077,0.484035,0.053488,0.026546,0.145475,1.000000,1.000000
1782456523.170638,-1,0.002772,0.772072,RECOVERY,0.124370,0.019501,-0.105957,0.483750,0.053351,0.026643,0.147231,1.000000,1.000000
1782456523.190159,-1,0.002206,0.792162,RECOVERY,0.125766,0.019595,-0.109835,0.483495,0.053186,0.026760,0.148980,1.000000,1.000000
1782456523.210629,-1,0.002364,0.812482,RECOVERY,0.126963,0.019634,-0.113659,0.483208,0.053333,0.026875,0.150736,1.000000,1.000000
1782456523.230766,-1,0.002415,0.832586,RECOVERY,0.128450,0.019660,-0.117604,0.482952,0.053520,0.026987,0.150730,1.000000,1.000000
1782456523.251508,-1,0.002503,0.853194,RECOVERY,0.130463,0.019795,-0.121901,0.482860,0.053516,0.027137,0.150730,1.000000,1.000000
1782456523.270799,-1,0.001665,0.873288,RECOVERY,0.131234,0.019885,-0.125705,0.482778,0.053622,0.027287,0.152486,1.000000,1.000000
1782456523.291994,-1,0.002737,0.893416,RECOVERY,0.133700,0.020011,-0.129607,0.482656,0.053560,0.027384,0.152486,1.000000,1.000000
1782456523.312097,-1,0.002502,0.913754,RECOVERY,0.133933,0.020187,-0.133569,0.482469,0.053559,0.027449,0.150730,1.000000,1.000000
1782456523.332058,-1,0.002216,0.934079,RECOVERY,0.134686,0.020432,-0.137190,0.482180,0.053455,0.027480,0.150736,1.000000,1.000000
1782456523.352412,-1,0.002485,0.954187,RECOVERY,0.136406,0.020748,-0.140732,0.481982,0.053227,0.027470,0.147231,1.000000,1.000000
1782456523.372242,-1,0.002234,0.974251,RECOVERY,0.137226,0.021156,-0.144165,0.481638,0.052928,0.027447,0.147231,1.000000,1.000000
1782456523.392347,-1,0.001788,0.994806,RECOVERY,0.137730,0.021718,-0.147560,0.481384,0.052777,0.027366,0.145475,1.000000,1.000000
1782456523.413046,-1,0.002364,1.014922,RECOVERY,0.139948,0.022356,-0.150983,0.481210,0.052871,0.027267,0.145475,1.000000,1.000000
1782456523.433715,-1,0.002292,1.035661,RECOVERY,0.140342,0.023087,-0.154725,0.481064,0.052879,0.027168,0.143719,1.000000,1.000000
1782456523.454109,-1,0.002591,1.055723,RECOVERY,0.142750,0.023735,-0.158157,0.480837,0.052922,0.027104,0.145475,1.000000,1.000000
1782456523.474505,-1,0.002902,1.075791,RECOVERY,0.144437,0.024378,-0.161497,0.480536,0.052956,0.027066,0.147231,1.000000,1.000000
1782456523.493928,-1,0.002242,1.096082,RECOVERY,0.144860,0.025068,-0.164947,0.480341,0.053041,0.027047,0.145475,1.000000,1.000000
1782456523.514793,-1,0.002724,1.116306,SAFE_STAND,0.146929,0.025830,-0.168753,0.480141,0.053092,0.027037,0.145475,1.000000,1.000000
1782456523.533559,-1,0.001048,inf,SAFE_STAND,0.000000,0.026498,-0.172016,0.479918,0.000000,0.000000,0.000000,1.000000,1.000000
1782456523.553416,-1,0.000728,inf,SAFE_STAND,0.000000,0.027151,-0.175028,0.479513,0.000000,0.000000,0.000000,1.000000,1.000000
1782456523.573577,-1,0.000650,inf,SAFE_STAND,0.000000,0.027665,-0.178113,0.479171,0.000000,0.000000,0.000000,1.000000,1.000000
1782456523.593489,-1,0.000477,inf,SAFE_STAND,0.000000,0.028222,-0.181191,0.478601,0.000000,0.000000,0.000000,1.000000,1.000000
1782456523.613931,-1,0.000841,inf,SAFE_STAND,0.000000,0.028667,-0.183795,0.478117,0.000000,0.000000,0.000000,1.000000,1.000000
1782456523.634065,-1,0.000871,inf,SAFE_STAND,0.000000,0.029064,-0.186267,0.477575,0.000000,0.000000,0.000000,1.000000,1.000000
1782456523.654081,-1,0.000807,inf,SAFE_STAND,0.000000,0.029389,-0.188421,0.477096,0.000000,0.000000,0.000000,1.000000,1.000000
1782456523.674093,-1,0.000594,inf,SAFE_STAND,0.000000,0.029815,-0.190180,0.476521,0.000000,0.000000,0.000000,1.000000,1.000000
1782456523.694043,-1,0.000470,inf,SAFE_STAND,0.000000,0.030310,-0.191769,0.475911,0.000000,0.000000,0.000000,1.000000,1.000000
1782456523.714036,-1,0.000391,inf,SAFE_STAND,0.000000,0.030891,-0.192990,0.475296,0.000000,0.000000,0.000000,1.000000,1.000000
1782456523.734161,-1,0.000441,inf,SAFE_STAND,0.000000,0.031543,-0.194241,0.474514,0.000000,0.000000,0.000000,1.000000,1.000000
1782456523.754702,-1,0.000904,inf,SAFE_STAND,0.000000,0.032187,-0.195251,0.473655,0.000000,0.000000,0.000000,1.000000,1.000000
1782456523.774619,-1,0.000530,inf,SAFE_STAND,0.000000,0.032930,-0.195770,0.472713,0.000000,0.000000,0.000000,1.000000,1.000000
1782456523.794643,-1,0.000474,inf,SAFE_STAND,0.000000,0.033681,-0.196386,0.471607,0.000000,0.000000,0.000000,1.000000,1.000000
1782456523.814715,-1,0.000466,inf,SAFE_STAND,0.000000,0.034289,-0.197318,0.470673,0.000000,0.000000,0.000000,1.000000,1.000000
1782456523.834760,-1,0.000431,inf,SAFE_STAND,0.000000,0.034479,-0.198354,0.469999,0.000000,0.000000,0.000000,1.000000,1.000000
1782456523.855237,-1,0.000613,inf,SAFE_STAND,0.000000,0.034659,-0.199257,0.469269,0.000000,0.000000,0.000000,1.000000,1.000000
1782456523.875333,-1,0.000532,inf,SAFE_STAND,0.000000,0.034881,-0.200226,0.468698,0.000000,0.000000,0.000000,1.000000,1.000000
1782456523.895440,-1,0.000488,inf,SAFE_STAND,0.000000,0.035172,-0.201140,0.468244,0.000000,0.000000,0.000000,1.000000,1.000000
1782456523.915510,-1,0.000433,inf,SAFE_STAND,0.000000,0.035591,-0.202326,0.468088,0.000000,0.000000,0.000000,1.000000,1.000000
1782456523.935984,-1,0.000756,inf,SAFE_STAND,0.000000,0.036008,-0.203497,0.468058,0.000000,0.000000,0.000000,1.000000,1.000000
1782456523.955888,-1,0.000451,inf,SAFE_STAND,0.000000,0.036487,-0.204530,0.467897,0.000000,0.000000,0.000000,1.000000,1.000000
1782456523.975997,-1,0.000440,inf,SAFE_STAND,0.000000,0.036735,-0.205420,0.467959,0.000000,0.000000,0.000000,1.000000,1.000000
1782456523.996108,-1,0.000472,inf,SAFE_STAND,0.000000,0.036880,-0.206087,0.468108,0.000000,0.000000,0.000000,1.000000,1.000000
1782456524.016606,-1,0.000895,1.619989,SAFE_STAND,0.000000,0.036967,-0.206640,0.468416,0.000000,0.000000,0.000000,1.000000,1.000000
1782456524.036465,-1,0.000672,inf,SAFE_STAND,0.000000,0.037093,-0.207134,0.468745,0.000000,0.000000,0.000000,1.000000,1.000000
1782456524.056724,-1,0.000882,inf,SAFE_STAND,0.000000,0.037186,-0.207646,0.469126,0.000000,0.000000,0.000000,1.000000,1.000000
1782456524.076652,-1,0.000682,inf,SAFE_STAND,0.000000,0.037309,-0.208270,0.469352,0.000000,0.000000,0.000000,1.000000,1.000000
1782456524.096614,-1,0.000516,inf,SAFE_STAND,0.000000,0.037403,-0.208962,0.469432,0.000000,0.000000,0.000000,1.000000,1.000000
1782456524.116662,-1,0.000427,inf,SAFE_STAND,0.000000,0.037507,-0.209759,0.469439,0.000000,0.000000,0.000000,1.000000,1.000000
1782456524.136803,-1,0.000450,inf,SAFE_STAND,0.000000,0.037674,-0.210634,0.469405,0.000000,0.000000,0.000000,1.000000,1.000000
1782456524.157419,-1,0.000684,inf,SAFE_STAND,0.000000,0.037972,-0.211750,0.469331,0.000000,0.000000,0.000000,1.000000,1.000000
1782456524.177301,-1,0.000425,inf,SAFE_STAND,0.000000,0.038286,-0.213039,0.469212,0.000000,0.000000,0.000000,1.000000,1.000000
1782456524.197422,-1,0.000426,inf,SAFE_STAND,0.000000,0.038583,-0.214654,0.469085,0.000000,0.000000,0.000000,1.000000,1.000000
1782456524.217568,-1,0.000454,inf,SAFE_STAND,0.000000,0.038690,-0.216455,0.468975,0.000000,0.000000,0.000000,1.000000,1.000000
1782456524.238157,-1,0.000701,inf,SAFE_STAND,0.000000,0.038849,-0.218213,0.468688,0.000000,0.000000,0.000000,1.000000,1.000000
1782456524.258312,-1,0.000715,inf,SAFE_STAND,0.000000,0.038976,-0.219770,0.468518,0.000000,0.000000,0.000000,1.000000,1.000000
1782456524.278391,-1,0.000674,inf,SAFE_STAND,0.000000,0.039004,-0.221200,0.468447,0.000000,0.000000,0.000000,1.000000,1.000000
1782456524.298871,-1,0.000841,inf,SAFE_STAND,0.000000,0.039020,-0.222594,0.468368,0.000000,0.000000,0.000000,1.000000,1.000000
1782456524.318877,-1,0.000716,inf,SAFE_STAND,0.000000,0.039028,-0.223970,0.468187,0.000000,0.000000,0.000000,1.000000,1.000000
1782456524.338748,-1,0.000456,inf,SAFE_STAND,0.000000,0.039027,-0.225597,0.467907,0.000000,0.000000,0.000000,1.000000,1.000000
1782456524.358869,-1,0.000448,inf,SAFE_STAND,0.000000,0.039007,-0.227231,0.467665,0.000000,0.000000,0.000000,1.000000,1.000000
1782456524.378971,-1,0.000426,inf,SAFE_STAND,0.000000,0.039017,-0.228942,0.467384,0.000000,0.000000,0.000000,1.000000,1.000000
1782456524.399592,-1,0.000691,inf,SAFE_STAND,0.000000,0.039017,-0.230569,0.467051,0.000000,0.000000,0.000000,1.000000,1.000000
1782456524.419566,-1,0.000450,inf,SAFE_STAND,0.000000,0.039021,-0.232429,0.466569,0.000000,0.000000,0.000000,1.000000,1.000000
1782456524.439966,-1,0.000691,inf,SAFE_STAND,0.000000,0.038986,-0.234164,0.466036,0.000000,0.000000,0.000000,1.000000,1.000000
1782456524.460026,-1,0.000670,inf,SAFE_STAND,0.000000,0.038917,-0.235810,0.465445,0.000000,0.000000,0.000000,1.000000,1.000000
1782456524.480147,-1,0.000658,inf,SAFE_STAND,0.000000,0.038834,-0.237719,0.464763,0.000000,0.000000,0.000000,1.000000,1.000000
1782456524.500222,-1,0.000434,inf,SAFE_STAND,0.000000,0.038736,-0.239802,0.463907,0.000000,0.000000,0.000000,1.000000,1.000000
1782456524.520877,-1,0.000961,2.124275,SAFE_STAND,0.000000,0.038612,-0.241569,0.463110,0.000000,0.000000,0.000000,1.000000,1.000000
1782456524.540755,-1,0.000708,inf,SAFE_STAND,0.000000,0.038486,-0.243340,0.462182,0.000000,0.000000,0.000000,1.000000,1.000000
1782456524.560852,-1,0.000665,inf,SAFE_STAND,0.000000,0.038346,-0.245014,0.461202,0.000000,0.000000,0.000000,1.000000,1.000000
1782456524.580924,-1,0.000436,inf,SAFE_STAND,0.000000,0.038242,-0.246565,0.459953,0.000000,0.000000,0.000000,1.000000,1.000000
1782456524.601038,-1,0.000425,inf,SAFE_STAND,0.000000,0.038225,-0.247880,0.458536,0.000000,0.000000,0.000000,1.000000,1.000000
1782456524.621750,-1,0.000760,inf,SAFE_STAND,0.000000,0.038061,-0.249134,0.457104,0.000000,0.000000,0.000000,1.000000,1.000000
1782456524.642667,-1,0.001120,inf,SAFE_STAND,0.000000,0.037917,-0.250230,0.455325,0.000000,0.000000,0.000000,1.000000,1.000000
1782456524.662572,-1,0.000934,inf,SAFE_STAND,0.000000,0.037738,-0.251446,0.453255,0.000000,0.000000,0.000000,1.000000,1.000000
1782456524.682677,-1,0.000952,inf,SAFE_STAND,0.000000,0.037602,-0.252514,0.451014,0.000000,0.000000,0.000000,1.000000,1.000000
1782456524.702673,-1,0.000709,inf,SAFE_STAND,0.000000,0.037567,-0.253890,0.448391,0.000000,0.000000,0.000000,1.000000,1.000000
1782456524.722796,-1,0.000715,inf,SAFE_STAND,0.000000,0.037547,-0.255228,0.445856,0.000000,0.000000,0.000000,1.000000,1.000000
1782456524.742953,-1,0.000747,inf,SAFE_STAND,0.000000,0.037569,-0.256551,0.442870,0.000000,0.000000,0.000000,1.000000,1.000000
1782456524.763512,-1,0.000741,inf,SAFE_STAND,0.000000,0.037572,-0.257900,0.439785,0.000000,0.000000,0.000000,1.000000,1.000000
1782456524.783831,-1,0.000698,inf,SAFE_STAND,0.000000,0.037641,-0.259276,0.436880,0.000000,0.000000,0.000000,1.000000,1.000000
1782456524.804414,-1,0.000740,inf,SAFE_STAND,0.000000,0.037820,-0.261046,0.433432,0.000000,0.000000,0.000000,1.000000,1.000000
1782456524.824255,-1,0.000449,inf,SAFE_STAND,0.000000,0.037999,-0.262914,0.429771,0.000000,0.000000,0.000000,1.000000,1.000000
1782456524.844390,-1,0.000463,inf,SAFE_STAND,0.000000,0.038214,-0.264728,0.426382,0.000000,0.000000,0.000000,1.000000,1.000000
1782456524.864501,-1,0.000451,inf,SAFE_STAND,0.000000,0.038501,-0.266366,0.422627,0.000000,0.000000,0.000000,1.000000,1.000000
1782456524.885135,-1,0.001007,inf,SAFE_STAND,0.000000,0.038825,-0.267615,0.418805,0.000000,0.000000,0.000000,1.000000,1.000000
1782456524.905104,-1,0.000690,inf,SAFE_STAND,0.000000,0.039196,-0.268944,0.414738,0.000000,0.000000,0.000000,1.000000,1.000000
1782456524.925604,-1,0.000844,inf,SAFE_STAND,0.000000,0.039584,-0.270029,0.410943,0.000000,0.000000,0.000000,1.000000,1.000000
1782456524.945598,-1,0.000758,inf,SAFE_STAND,0.000000,0.040002,-0.270912,0.407102,0.000000,0.000000,0.000000,1.000000,1.000000
1782456524.965417,-1,0.000437,inf,SAFE_STAND,0.000000,0.040522,-0.271886,0.403087,0.000000,0.000000,0.000000,1.000000,1.000000
1782456524.985532,-1,0.000428,inf,SAFE_STAND,0.000000,0.041208,-0.272780,0.399369,0.000000,0.000000,0.000000,1.000000,1.000000
1782456525.005845,-1,0.000664,inf,SAFE_STAND,0.000000,0.041963,-0.273857,0.395497,0.000000,0.000000,0.000000,1.000000,1.000000
1782456525.026479,-1,0.000948,2.629855,SAFE_STAND,0.000000,0.042675,-0.274951,0.392013,0.000000,0.000000,0.000000,1.000000,1.000000
1782456525.046288,-1,0.000678,inf,SAFE_STAND,0.000000,0.043294,-0.275982,0.388668,0.000000,0.000000,0.000000,1.000000,1.000000
1782456525.066384,-1,0.000695,inf,SAFE_STAND,0.000000,0.043912,-0.276861,0.385635,0.000000,0.000000,0.000000,1.000000,1.000000
1782456525.086243,-1,0.000435,inf,SAFE_STAND,0.000000,0.044587,-0.277667,0.382450,0.000000,0.000000,0.000000,1.000000,1.000000
1782456525.106310,-1,0.000426,inf,SAFE_STAND,0.000000,0.045245,-0.278021,0.379763,0.000000,0.000000,0.000000,1.000000,1.000000
1782456525.126422,-1,0.000427,inf,SAFE_STAND,0.000000,0.045877,-0.278025,0.377386,0.000000,0.000000,0.000000,1.000000,1.000000
1782456525.146485,-1,0.000416,inf,SAFE_STAND,0.000000,0.046457,-0.277811,0.375068,0.000000,0.000000,0.000000,1.000000,1.000000
1782456525.166940,-1,0.000793,inf,SAFE_STAND,0.000000,0.046990,-0.277332,0.372795,0.000000,0.000000,0.000000,1.000000,1.000000
1782456525.186882,-1,0.000411,inf,SAFE_STAND,0.000000,0.047680,-0.276680,0.370377,0.000000,0.000000,0.000000,1.000000,1.000000
1782456525.206981,-1,0.000435,inf,SAFE_STAND,0.000000,0.048271,-0.276084,0.368084,0.000000,0.000000,0.000000,1.000000,1.000000
1782456525.227111,-1,0.000438,inf,SAFE_STAND,0.000000,0.048855,-0.275549,0.365811,0.000000,0.000000,0.000000,1.000000,1.000000
1782456525.247736,-1,0.000680,inf,SAFE_STAND,0.000000,0.049310,-0.275164,0.363813,0.000000,0.000000,0.000000,1.000000,1.000000
1782456525.267618,-1,0.000427,inf,SAFE_STAND,0.000000,0.049688,-0.275142,0.361762,0.000000,0.000000,0.000000,1.000000,1.000000
1782456525.287731,-1,0.000413,inf,SAFE_STAND,0.000000,0.050152,-0.275375,0.359781,0.000000,0.000000,0.000000,1.000000,1.000000
1782456525.307847,-1,0.000410,inf,SAFE_STAND,0.000000,0.050606,-0.275751,0.357961,0.000000,0.000000,0.000000,1.000000,1.000000
1782456525.328329,-1,0.000408,inf,SAFE_STAND,0.000000,0.051001,-0.276086,0.356406,0.000000,0.000000,0.000000,1.000000,1.000000
1782456525.348595,-1,0.000560,inf,SAFE_STAND,0.000000,0.051387,-0.276411,0.354930,0.000000,0.000000,0.000000,1.000000,1.000000
1782456525.368637,-1,0.000452,inf,SAFE_STAND,0.000000,0.051686,-0.276692,0.353743,0.000000,0.000000,0.000000,1.000000,1.000000
1782456525.389212,-1,0.000446,inf,SAFE_STAND,0.000000,0.051993,-0.276868,0.352642,0.000000,0.000000,0.000000,1.000000,1.000000
1782456525.409321,-1,0.000439,inf,SAFE_STAND,0.000000,0.052215,-0.277014,0.351856,0.000000,0.000000,0.000000,1.000000,1.000000
1782456525.430001,-1,0.000438,inf,SAFE_STAND,0.000000,0.052429,-0.277200,0.351286,0.000000,0.000000,0.000000,1.000000,1.000000
1782456525.450060,-1,0.000422,inf,SAFE_STAND,0.000000,0.052599,-0.277462,0.350934,0.000000,0.000000,0.000000,1.000000,1.000000
1782456525.470618,-1,0.000857,inf,SAFE_STAND,0.000000,0.052691,-0.277706,0.350734,0.000000,0.000000,0.000000,1.000000,1.000000
1782456525.490522,-1,0.000678,inf,SAFE_STAND,0.000000,0.052702,-0.277963,0.350675,0.000000,0.000000,0.000000,1.000000,1.000000
1782456525.510604,-1,0.000680,inf,SAFE_STAND,0.000000,0.052703,-0.278166,0.350725,0.000000,0.000000,0.000000,1.000000,1.000000
1782456525.531093,-1,0.001095,3.134716,SAFE_STAND,0.000000,0.052637,-0.278495,0.350906,0.000000,0.000000,0.000000,1.000000,1.000000
1782456525.550980,-1,0.000457,inf,SAFE_STAND,0.000000,0.052526,-0.278853,0.351205,0.000000,0.000000,0.000000,1.000000,1.000000
1782456525.571647,-1,0.000423,inf,SAFE_STAND,0.000000,0.052388,-0.279278,0.351552,0.000000,0.000000,0.000000,1.000000,1.000000
1782456525.591764,-1,0.000422,inf,SAFE_STAND,0.000000,0.052305,-0.279669,0.351814,0.000000,0.000000,0.000000,1.000000,1.000000
1782456525.612517,-1,0.000425,inf,SAFE_STAND,0.000000,0.052204,-0.280163,0.352104,0.000000,0.000000,0.000000,1.000000,1.000000
1782456525.632646,-1,0.000443,inf,SAFE_STAND,0.000000,0.052131,-0.280536,0.352357,0.000000,0.000000,0.000000,1.000000,1.000000
1782456525.653256,-1,0.000442,inf,SAFE_STAND,0.000000,0.052064,-0.280980,0.352514,0.000000,0.000000,0.000000,1.000000,1.000000
1782456525.673357,-1,0.000468,inf,SAFE_STAND,0.000000,0.052044,-0.281407,0.352615,0.000000,0.000000,0.000000,1.000000,1.000000
1782456525.693440,-1,0.000420,inf,SAFE_STAND,0.000000,0.051947,-0.281781,0.352659,0.000000,0.000000,0.000000,1.000000,1.000000
1782456525.713841,-1,0.000689,inf,SAFE_STAND,0.000000,0.051884,-0.282165,0.352553,0.000000,0.000000,0.000000,1.000000,1.000000
1782456525.733960,-1,0.000681,inf,SAFE_STAND,0.000000,0.051778,-0.282537,0.352342,0.000000,0.000000,0.000000,1.000000,1.000000
1782456525.753882,-1,0.000469,inf,SAFE_STAND,0.000000,0.051704,-0.282890,0.351979,0.000000,0.000000,0.000000,1.000000,1.000000
1782456525.773973,-1,0.000431,inf,SAFE_STAND,0.000000,0.051624,-0.283185,0.351456,0.000000,0.000000,0.000000,1.000000,1.000000
1782456525.794343,-1,0.000667,inf,SAFE_STAND,0.000000,0.051594,-0.283532,0.350793,0.000000,0.000000,0.000000,1.000000,1.000000
1782456525.814495,-1,0.000694,inf,SAFE_STAND,0.000000,0.051548,-0.283854,0.350098,0.000000,0.000000,0.000000,1.000000,1.000000
1782456525.834693,-1,0.000426,inf,SAFE_STAND,0.000000,0.051507,-0.284141,0.349294,0.000000,0.000000,0.000000,1.000000,1.000000
1782456525.854823,-1,0.000432,inf,SAFE_STAND,0.000000,0.051512,-0.284384,0.348390,0.000000,0.000000,0.000000,1.000000,1.000000
1782456525.875573,-1,0.000434,inf,SAFE_STAND,0.000000,0.051549,-0.284595,0.347317,0.000000,0.000000,0.000000,1.000000,1.000000
1782456525.895646,-1,0.000432,inf,SAFE_STAND,0.000000,0.051530,-0.284790,0.346309,0.000000,0.000000,0.000000,1.000000,1.000000
1782456525.916017,-1,0.000671,inf,SAFE_STAND,0.000000,0.051508,-0.284872,0.345277,0.000000,0.000000,0.000000,1.000000,1.000000
1782456525.936143,-1,0.000421,inf,SAFE_STAND,0.000000,0.051521,-0.284903,0.344121,0.000000,0.000000,0.000000,1.000000,1.000000
1782456525.956306,-1,0.000460,inf,SAFE_STAND,0.000000,0.051495,-0.284929,0.343132,0.000000,0.000000,0.000000,1.000000,1.000000
1782456525.976400,-1,0.000432,inf,SAFE_STAND,0.000000,0.051484,-0.284835,0.341958,0.000000,0.000000,0.000000,1.000000,1.000000
1782456525.996816,-1,0.000728,inf,SAFE_STAND,0.000000,0.051486,-0.284700,0.340823,0.000000,0.000000,0.000000,1.000000,1.000000
1782456526.016918,-1,0.000701,inf,SAFE_STAND,0.000000,0.051455,-0.284634,0.339762,0.000000,0.000000,0.000000,1.000000,1.000000
1782456526.037235,-1,0.000681,3.640871,SAFE_STAND,0.000000,0.051461,-0.284542,0.338707,0.000000,0.000000,0.000000,1.000000,1.000000
1782456526.057105,-1,0.000430,inf,SAFE_STAND,0.000000,0.051545,-0.284414,0.337601,0.000000,0.000000,0.000000,1.000000,1.000000
1782456526.077437,-1,0.000646,inf,SAFE_STAND,0.000000,0.051579,-0.284167,0.336660,0.000000,0.000000,0.000000,1.000000,1.000000
1782456526.097427,-1,0.000433,inf,SAFE_STAND,0.000000,0.051551,-0.283827,0.335768,0.000000,0.000000,0.000000,1.000000,1.000000
1782456526.117653,-1,0.000433,inf,SAFE_STAND,0.000000,0.051462,-0.283328,0.334900,0.000000,0.000000,0.000000,1.000000,1.000000
1782456526.137961,-1,0.000668,inf,SAFE_STAND,0.000000,0.051306,-0.282748,0.334117,0.000000,0.000000,0.000000,1.000000,1.000000
1782456526.158575,-1,0.000941,inf,SAFE_STAND,0.000000,0.051128,-0.282009,0.333384,0.000000,0.000000,0.000000,1.000000,1.000000
1782456526.178582,-1,0.000711,inf,SAFE_STAND,0.000000,0.050942,-0.281157,0.332610,0.000000,0.000000,0.000000,1.000000,1.000000
1782456526.198657,-1,0.000701,inf,SAFE_STAND,0.000000,0.050793,-0.280245,0.331856,0.000000,0.000000,0.000000,1.000000,1.000000
1782456526.219126,-1,0.001079,inf,SAFE_STAND,0.000000,0.050658,-0.279273,0.331165,0.000000,0.000000,0.000000,1.000000,1.000000
1782456526.239011,-1,0.000876,inf,SAFE_STAND,0.000000,0.050489,-0.278230,0.330457,0.000000,0.000000,0.000000,1.000000,1.000000
1782456526.259224,-1,0.001005,inf,SAFE_STAND,0.000000,0.050369,-0.277205,0.329653,0.000000,0.000000,0.000000,1.000000,1.000000
1782456526.279365,-1,0.001028,inf,SAFE_STAND,0.000000,0.050266,-0.276129,0.328877,0.000000,0.000000,0.000000,1.000000,1.000000
1782456526.299427,-1,0.000656,inf,SAFE_STAND,0.000000,0.050167,-0.275046,0.328133,0.000000,0.000000,0.000000,1.000000,1.000000
1782456526.319940,-1,0.000660,inf,SAFE_STAND,0.000000,0.050106,-0.273786,0.327468,0.000000,0.000000,0.000000,1.000000,1.000000
1782456526.340066,-1,0.000663,inf,SAFE_STAND,0.000000,0.050024,-0.272550,0.326949,0.000000,0.000000,0.000000,1.000000,1.000000
1782456526.360155,-1,0.000671,inf,SAFE_STAND,0.000000,0.049979,-0.271337,0.326463,0.000000,0.000000,0.000000,1.000000,1.000000
1782456526.380420,-1,0.000852,inf,SAFE_STAND,0.000000,0.049890,-0.270222,0.326096,0.000000,0.000000,0.000000,1.000000,1.000000
1782456526.400636,-1,0.000987,inf,SAFE_STAND,0.000000,0.049770,-0.269087,0.325815,0.000000,0.000000,0.000000,1.000000,1.000000
1782456526.420744,-1,0.000986,inf,SAFE_STAND,0.000000,0.049604,-0.267987,0.325637,0.000000,0.000000,0.000000,1.000000,1.000000
1782456526.440817,-1,0.000642,inf,SAFE_STAND,0.000000,0.049411,-0.266988,0.325512,0.000000,0.000000,0.000000,1.000000,1.000000
1782456526.461613,-1,0.001000,inf,SAFE_STAND,0.000000,0.049207,-0.265997,0.325470,0.000000,0.000000,0.000000,1.000000,1.000000
1782456526.481577,-1,0.000868,inf,SAFE_STAND,0.000000,0.049051,-0.265071,0.325423,0.000000,0.000000,0.000000,1.000000,1.000000
1782456526.501553,-1,0.000699,inf,SAFE_STAND,0.000000,0.048917,-0.264227,0.325383,0.000000,0.000000,0.000000,1.000000,1.000000
1782456526.521670,-1,0.000695,inf,SAFE_STAND,0.000000,0.048787,-0.263640,0.325403,0.000000,0.000000,0.000000,1.000000,1.000000
1782456526.542513,-1,0.001145,4.146106,SAFE_STAND,0.000000,0.048581,-0.263477,0.325540,0.000000,0.000000,0.000000,1.000000,1.000000
1782456526.562079,-1,0.000432,inf,SAFE_STAND,0.000000,0.048379,-0.263388,0.325696,0.000000,0.000000,0.000000,1.000000,1.000000
1782456526.582215,-1,0.000431,inf,SAFE_STAND,0.000000,0.048238,-0.263404,0.325880,0.000000,0.000000,0.000000,1.000000,1.000000
1782456526.602347,-1,0.000440,inf,SAFE_STAND,0.000000,0.048091,-0.263567,0.326072,0.000000,0.000000,0.000000,1.000000,1.000000
1782456526.622818,-1,0.000441,inf,SAFE_STAND,0.000000,0.047955,-0.263739,0.326278,0.000000,0.000000,0.000000,1.000000,1.000000
1782456526.642931,-1,0.000429,inf,SAFE_STAND,0.000000,0.047833,-0.263745,0.326453,0.000000,0.000000,0.000000,1.000000,1.000000
1782456526.663069,-1,0.000434,inf,SAFE_STAND,0.000000,0.047787,-0.263499,0.326586,0.000000,0.000000,0.000000,1.000000,1.000000
1782456526.683693,-1,0.000437,inf,SAFE_STAND,0.000000,0.047699,-0.263007,0.326768,0.000000,0.000000,0.000000,1.000000,1.000000
1782456526.703812,-1,0.000433,inf,SAFE_STAND,0.000000,0.047680,-0.262470,0.326906,0.000000,0.000000,0.000000,1.000000,1.000000
1782456526.724197,-1,0.000684,inf,SAFE_STAND,0.000000,0.047662,-0.261944,0.326982,0.000000,0.000000,0.000000,1.000000,1.000000
1782456526.744443,-1,0.000465,inf,SAFE_STAND,0.000000,0.047689,-0.261271,0.326967,0.000000,0.000000,0.000000,1.000000,1.000000
1782456526.764551,-1,0.000446,inf,SAFE_STAND,0.000000,0.047781,-0.260504,0.326928,0.000000,0.000000,0.000000,1.000000,1.000000
1782456526.784693,-1,0.000443,inf,SAFE_STAND,0.000000,0.047927,-0.259574,0.326722,0.000000,0.000000,0.000000,1.000000,1.000000
1782456526.805315,-1,0.000453,inf,SAFE_STAND,0.000000,0.048060,-0.258693,0.326521,0.000000,0.000000,0.000000,1.000000,1.000000
1782456526.825428,-1,0.000447,inf,SAFE_STAND,0.000000,0.048177,-0.257640,0.326171,0.000000,0.000000,0.000000,1.000000,1.000000
1782456526.845818,-1,0.000699,inf,SAFE_STAND,0.000000,0.048345,-0.256630,0.325689,0.000000,0.000000,0.000000,1.000000,1.000000
1782456526.865960,-1,0.000682,inf,SAFE_STAND,0.000000,0.048531,-0.255603,0.325191,0.000000,0.000000,0.000000,1.000000,1.000000
1782456526.885920,-1,0.000503,inf,SAFE_STAND,0.000000,0.048706,-0.254345,0.324632,0.000000,0.000000,0.000000,1.000000,1.000000
1782456526.906001,-1,0.000438,inf,SAFE_STAND,0.000000,0.048819,-0.253032,0.324066,0.000000,0.000000,0.000000,1.000000,1.000000
1782456526.926114,-1,0.000435,inf,SAFE_STAND,0.000000,0.048999,-0.251571,0.323368,0.000000,0.000000,0.000000,1.000000,1.000000
1782456526.946719,-1,0.000703,inf,SAFE_STAND,0.000000,0.049076,-0.250119,0.322710,0.000000,0.000000,0.000000,1.000000,1.000000
1782456526.966532,-1,0.000426,inf,SAFE_STAND,0.000000,0.049217,-0.248465,0.321968,0.000000,0.000000,0.000000,1.000000,1.000000
1782456526.986650,-1,0.000425,inf,SAFE_STAND,0.000000,0.049320,-0.246745,0.321170,0.000000,0.000000,0.000000,1.000000,1.000000
1782456527.006726,-1,0.000424,inf,SAFE_STAND,0.000000,0.049367,-0.244960,0.320377,0.000000,0.000000,0.000000,1.000000,1.000000
1782456527.026859,-1,0.000433,inf,SAFE_STAND,0.000000,0.049349,-0.243291,0.319650,0.000000,0.000000,0.000000,1.000000,1.000000
1782456527.047549,-1,0.000638,4.651181,SAFE_STAND,0.000000,0.049321,-0.241640,0.318956,0.000000,0.000000,0.000000,1.000000,1.000000
1782456527.067458,-1,0.000424,inf,SAFE_STAND,0.000000,0.049260,-0.239824,0.318345,0.000000,0.000000,0.000000,1.000000,1.000000
1782456527.087574,-1,0.000422,inf,SAFE_STAND,0.000000,0.049123,-0.237728,0.317884,0.000000,0.000000,0.000000,1.000000,1.000000
1782456527.108123,-1,0.000423,inf,SAFE_STAND,0.000000,0.048932,-0.235610,0.317555,0.000000,0.000000,0.000000,1.000000,1.000000
1782456527.128247,-1,0.000430,inf,SAFE_STAND,0.000000,0.048703,-0.233378,0.317286,0.000000,0.000000,0.000000,1.000000,1.000000
1782456527.148361,-1,0.000425,inf,SAFE_STAND,0.000000,0.048459,-0.231019,0.317077,0.000000,0.000000,0.000000,1.000000,1.000000
1782456527.168927,-1,0.000468,inf,SAFE_STAND,0.000000,0.048198,-0.228748,0.317022,0.000000,0.000000,0.000000,1.000000,1.000000
1782456527.189016,-1,0.000433,inf,SAFE_STAND,0.000000,0.047876,-0.226049,0.317096,0.000000,0.000000,0.000000,1.000000,1.000000
1782456527.209136,-1,0.000426,inf,SAFE_STAND,0.000000,0.047558,-0.223582,0.317164,0.000000,0.000000,0.000000,1.000000,1.000000
1782456527.229749,-1,0.000710,inf,SAFE_STAND,0.000000,0.047200,-0.221071,0.317288,0.000000,0.000000,0.000000,1.000000,1.000000
1782456527.249587,-1,0.000431,inf,SAFE_STAND,0.000000,0.046795,-0.218527,0.317469,0.000000,0.000000,0.000000,1.000000,1.000000
1782456527.269712,-1,0.000439,inf,SAFE_STAND,0.000000,0.046362,-0.215760,0.317716,0.000000,0.000000,0.000000,1.000000,1.000000
1782456527.289849,-1,0.000447,inf,SAFE_STAND,0.000000,0.045949,-0.213160,0.318018,0.000000,0.000000,0.000000,1.000000,1.000000
1782456527.310455,-1,0.000429,inf,SAFE_STAND,0.000000,0.045546,-0.210600,0.318271,0.000000,0.000000,0.000000,1.000000,1.000000
1782456527.330577,-1,0.000431,inf,SAFE_STAND,0.000000,0.045129,-0.208091,0.318525,0.000000,0.000000,0.000000,1.000000,1.000000
1782456527.350995,-1,0.000713,inf,SAFE_STAND,0.000000,0.044698,-0.205657,0.318865,0.000000,0.000000,0.000000,1.000000,1.000000
1782456527.371154,-1,0.000789,inf,SAFE_STAND,0.000000,0.044259,-0.203290,0.319146,0.000000,0.000000,0.000000,1.000000,1.000000
1782456527.391226,-1,0.000721,inf,SAFE_STAND,0.000000,0.043861,-0.201175,0.319410,0.000000,0.000000,0.000000,1.000000,1.000000
1782456527.411101,-1,0.000439,inf,SAFE_STAND,0.000000,0.043447,-0.198577,0.319696,0.000000,0.000000,0.000000,1.000000,1.000000
1782456527.431296,-1,0.000507,inf,SAFE_STAND,0.000000,0.043074,-0.195990,0.319758,0.000000,0.000000,0.000000,1.000000,1.000000
1782456527.451848,-1,0.000676,inf,SAFE_STAND,0.000000,0.042675,-0.193246,0.319792,0.000000,0.000000,0.000000,1.000000,1.000000
1782456527.471920,-1,0.000446,inf,SAFE_STAND,0.000000,0.042327,-0.190135,0.319662,0.000000,0.000000,0.000000,1.000000,1.000000
1782456527.492035,-1,0.000438,inf,SAFE_STAND,0.000000,0.041978,-0.187188,0.319478,0.000000,0.000000,0.000000,1.000000,1.000000
1782456527.512524,-1,0.000808,inf,SAFE_STAND,0.000000,0.041668,-0.184256,0.319234,0.000000,0.000000,0.000000,1.000000,1.000000
1782456527.532597,-1,0.000800,inf,SAFE_STAND,0.000000,0.041366,-0.181494,0.318944,0.000000,0.000000,0.000000,1.000000,1.000000
1782456527.552955,-1,0.001086,5.156541,SAFE_STAND,0.000000,0.041075,-0.178263,0.318506,0.000000,0.000000,0.000000,1.000000,1.000000
1782456527.572829,-1,0.000441,inf,SAFE_STAND,0.000000,0.040785,-0.174879,0.318042,0.000000,0.000000,0.000000,1.000000,1.000000
1782456527.593479,-1,0.000440,inf,SAFE_STAND,0.000000,0.040509,-0.171666,0.317548,0.000000,0.000000,0.000000,1.000000,1.000000
1782456527.613626,-1,0.000464,inf,SAFE_STAND,0.000000,0.040239,-0.168338,0.316953,0.000000,0.000000,0.000000,1.000000,1.000000
1782456527.633980,-1,0.000692,inf,SAFE_STAND,0.000000,0.039988,-0.165241,0.316313,0.000000,0.000000,0.000000,1.000000,1.000000
1782456527.654105,-1,0.000688,inf,SAFE_STAND,0.000000,0.039797,-0.162589,0.315593,0.000000,0.000000,0.000000,1.000000,1.000000
1782456527.674114,-1,0.000437,inf,SAFE_STAND,0.000000,0.039587,-0.159787,0.314797,0.000000,0.000000,0.000000,1.000000,1.000000
1782456527.694187,-1,0.000431,inf,SAFE_STAND,0.000000,0.039407,-0.157130,0.314071,0.000000,0.000000,0.000000,1.000000,1.000000
1782456527.714267,-1,0.000434,inf,SAFE_STAND,0.000000,0.039264,-0.154416,0.313398,0.000000,0.000000,0.000000,1.000000,1.000000
1782456527.734641,-1,0.000678,inf,SAFE_STAND,0.000000,0.039115,-0.151590,0.312692,0.000000,0.000000,0.000000,1.000000,1.000000
1782456527.754773,-1,0.000726,inf,SAFE_STAND,0.000000,0.038969,-0.148948,0.311934,0.000000,0.000000,0.000000,1.000000,1.000000
1782456527.774832,-1,0.000437,inf,SAFE_STAND,0.000000,0.038794,-0.146275,0.311063,0.000000,0.000000,0.000000,1.000000,1.000000
1782456527.794980,-1,0.000456,inf,SAFE_STAND,0.000000,0.038668,-0.143921,0.310120,0.000000,0.000000,0.000000,1.000000,1.000000
1782456527.815096,-1,0.000446,inf,SAFE_STAND,0.000000,0.038576,-0.141678,0.309182,0.000000,0.000000,0.000000,1.000000,1.000000
1782456527.835603,-1,0.000472,inf,SAFE_STAND,0.000000,0.038440,-0.139344,0.308277,0.000000,0.000000,0.000000,1.000000,1.000000
1782456527.855693,-1,0.000435,inf,SAFE_STAND,0.000000,0.038399,-0.137330,0.307415,0.000000,0.000000,0.000000,1.000000,1.000000
1782456527.875819,-1,0.000435,inf,SAFE_STAND,0.000000,0.038323,-0.135062,0.306636,0.000000,0.000000,0.000000,1.000000,1.000000
1782456527.896205,-1,0.000688,inf,SAFE_STAND,0.000000,0.038160,-0.132943,0.305948,0.000000,0.000000,0.000000,1.000000,1.000000
1782456527.916179,-1,0.000431,inf,SAFE_STAND,0.000000,0.038014,-0.131075,0.304975,0.000000,0.000000,0.000000,1.000000,1.000000
1782456527.936297,-1,0.000422,inf,SAFE_STAND,0.000000,0.037944,-0.129529,0.304014,0.000000,0.000000,0.000000,1.000000,1.000000
1782456527.956452,-1,0.000454,inf,SAFE_STAND,0.000000,0.037854,-0.128165,0.302875,0.000000,0.000000,0.000000,1.000000,1.000000
1782456527.977043,-1,0.000668,inf,SAFE_STAND,0.000000,0.037705,-0.127036,0.301765,0.000000,0.000000,0.000000,1.000000,1.000000
1782456527.996937,-1,0.000438,inf,SAFE_STAND,0.000000,0.037562,-0.126018,0.300711,0.000000,0.000000,0.000000,1.000000,1.000000
1782456528.017048,-1,0.000430,inf,SAFE_STAND,0.000000,0.037456,-0.125092,0.299467,0.000000,0.000000,0.000000,1.000000,1.000000
1782456528.037173,-1,0.000436,inf,SAFE_STAND,0.000000,0.037491,-0.124197,0.298050,0.000000,0.000000,0.000000,1.000000,1.000000
1782456528.057936,-1,0.000824,5.661315,SAFE_STAND,0.000000,0.037533,-0.123093,0.296866,0.000000,0.000000,0.000000,1.000000,1.000000
1782456528.077678,-1,0.000422,inf,SAFE_STAND,0.000000,0.037610,-0.121816,0.295618,0.000000,0.000000,0.000000,1.000000,1.000000
1782456528.097820,-1,0.000441,inf,SAFE_STAND,0.000000,0.037697,-0.120436,0.294170,0.000000,0.000000,0.000000,1.000000,1.000000
1782456528.118175,-1,0.000669,inf,SAFE_STAND,0.000000,0.037876,-0.118825,0.292508,0.000000,0.000000,0.000000,1.000000,1.000000
1782456528.138018,-1,0.000430,inf,SAFE_STAND,0.000000,0.038143,-0.117006,0.290486,0.000000,0.000000,0.000000,1.000000,1.000000
1782456528.158420,-1,0.000706,inf,SAFE_STAND,0.000000,0.038417,-0.114976,0.288009,0.000000,0.000000,0.000000,1.000000,1.000000
1782456528.178494,-1,0.000462,inf,SAFE_STAND,0.000000,0.038877,-0.112639,0.284628,0.000000,0.000000,0.000000,1.000000,1.000000
1782456528.198539,-1,0.000429,inf,SAFE_STAND,0.000000,0.038978,-0.110117,0.280233,0.000000,0.000000,0.000000,1.000000,1.000000
1782456528.218954,-1,0.000716,inf,SAFE_STAND,0.000000,0.038496,-0.106243,0.274685,0.000000,0.000000,0.000000,1.000000,1.000000
1782456528.239132,-1,0.000441,inf,SAFE_STAND,0.000000,0.037850,-0.100909,0.268419,0.000000,0.000000,0.000000,1.000000,1.000000
1782456528.259240,-1,0.000427,inf,SAFE_STAND,0.000000,0.037152,-0.095626,0.262809,0.000000,0.000000,0.000000,1.000000,1.000000
1782456528.279375,-1,0.000443,inf,SAFE_STAND,0.000000,0.036432,-0.089552,0.256385,0.000000,0.000000,0.000000,1.000000,1.000000
1782456528.299873,-1,0.000440,inf,SAFE_STAND,0.000000,0.035688,-0.082483,0.248823,0.000000,0.000000,0.000000,1.000000,1.000000
1782456528.319984,-1,0.000433,inf,SAFE_STAND,0.000000,0.034880,-0.076043,0.241852,0.000000,0.000000,0.000000,1.000000,1.000000
1782456528.340119,-1,0.000443,inf,SAFE_STAND,0.000000,0.033755,-0.068883,0.234414,0.000000,0.000000,0.000000,1.000000,1.000000
1782456528.360508,-1,0.000707,inf,SAFE_STAND,0.000000,0.032131,-0.060502,0.227791,0.000000,0.000000,0.000000,1.000000,1.000000
1782456528.380622,-1,0.000691,inf,SAFE_STAND,0.000000,0.030091,-0.051811,0.221878,0.000000,0.000000,0.000000,1.000000,1.000000
1782456528.400616,-1,0.000440,inf,SAFE_STAND,0.000000,0.027814,-0.042503,0.216173,0.000000,0.000000,0.000000,1.000000,1.000000
1782456528.420747,-1,0.000449,inf,SAFE_STAND,0.000000,0.025491,-0.033498,0.211327,0.000000,0.000000,0.000000,1.000000,1.000000
1782456528.440850,-1,0.000433,inf,SAFE_STAND,0.000000,0.023114,-0.024337,0.207128,0.000000,0.000000,0.000000,1.000000,1.000000
1782456528.461308,-1,0.000434,inf,SAFE_STAND,0.000000,0.020653,-0.015452,0.203412,0.000000,0.000000,0.000000,1.000000,1.000000
1782456528.481459,-1,0.000464,inf,SAFE_STAND,0.000000,0.017954,-0.006665,0.199683,0.000000,0.000000,0.000000,1.000000,1.000000
1782456528.501577,-1,0.000456,inf,SAFE_STAND,0.000000,0.015359,0.000921,0.196260,0.000000,0.000000,0.000000,1.000000,1.000000
1782456528.521976,-1,0.000736,inf,SAFE_STAND,0.000000,0.012871,0.007749,0.192053,0.000000,0.000000,0.000000,1.000000,1.000000
1782456528.542116,-1,0.000494,inf,SAFE_STAND,0.000000,0.010871,0.013037,0.187249,0.000000,0.000000,0.000000,1.000000,1.000000
1782456528.562366,-1,0.000663,6.165991,SAFE_STAND,0.000000,0.009414,0.017124,0.184189,0.000000,0.000000,0.000000,1.000000,1.000000
1782456528.582476,-1,0.000431,inf,SAFE_STAND,0.000000,0.008152,0.020565,0.182308,0.000000,0.000000,0.000000,1.000000,1.000000
1782456528.602851,-1,0.000438,inf,SAFE_STAND,0.000000,0.007144,0.022853,0.181033,0.000000,0.000000,0.000000,1.000000,1.000000
1782456528.623133,-1,0.000643,inf,SAFE_STAND,0.000000,0.006432,0.024042,0.179675,0.000000,0.000000,0.000000,1.000000,1.000000
1782456528.643097,-1,0.000499,inf,SAFE_STAND,0.000000,0.005921,0.024189,0.178693,0.000000,0.000000,0.000000,1.000000,1.000000
1782456528.663341,-1,0.000447,inf,SAFE_STAND,0.000000,0.005764,0.023224,0.178503,0.000000,0.000000,0.000000,1.000000,1.000000
1782456528.683772,-1,0.000476,inf,SAFE_STAND,0.000000,0.005732,0.021312,0.179456,0.000000,0.000000,0.000000,1.000000,1.000000
1782456528.703912,-1,0.000481,inf,SAFE_STAND,0.000000,0.005988,0.019291,0.181268,0.000000,0.000000,0.000000,1.000000,1.000000
1782456528.723984,-1,0.000433,inf,SAFE_STAND,0.000000,0.005999,0.017509,0.182896,0.000000,0.000000,0.000000,1.000000,1.000000
1782456528.744766,-1,0.000600,inf,SAFE_STAND,0.000000,0.005941,0.016167,0.184246,0.000000,0.000000,0.000000,1.000000,1.000000
1782456528.764779,-1,0.000453,inf,SAFE_STAND,0.000000,0.006054,0.015066,0.186085,0.000000,0.000000,0.000000,1.000000,1.000000
1782456528.785229,-1,0.000440,inf,SAFE_STAND,0.000000,0.006264,0.014285,0.188391,0.000000,0.000000,0.000000,1.000000,1.000000
1782456528.805575,-1,0.000540,inf,SAFE_STAND,0.000000,0.006580,0.013982,0.190429,0.000000,0.000000,0.000000,1.000000,1.000000
1782456528.825961,-1,0.000795,inf,SAFE_STAND,0.000000,0.006882,0.014319,0.192233,0.000000,0.000000,0.000000,1.000000,1.000000
1782456528.846090,-1,0.000807,inf,SAFE_STAND,0.000000,0.007121,0.015355,0.193802,0.000000,0.000000,0.000000,1.000000,1.000000
1782456528.866045,-1,0.000435,inf,SAFE_STAND,0.000000,0.007233,0.016951,0.195219,0.000000,0.000000,0.000000,1.000000,1.000000
1782456528.886152,-1,0.000463,inf,SAFE_STAND,0.000000,0.007099,0.019405,0.196480,0.000000,0.000000,0.000000,1.000000,1.000000
1782456528.906212,-1,0.000441,inf,SAFE_STAND,0.000000,0.006841,0.022284,0.197616,0.000000,0.000000,0.000000,1.000000,1.000000
1782456528.926788,-1,0.000677,inf,SAFE_STAND,0.000000,0.006308,0.025500,0.198439,0.000000,0.000000,0.000000,1.000000,1.000000
1782456528.946844,-1,0.000602,inf,SAFE_STAND,0.000000,0.005669,0.029231,0.198923,0.000000,0.000000,0.000000,1.000000,1.000000
1782456528.966807,-1,0.000432,inf,SAFE_STAND,0.000000,0.004904,0.033530,0.198907,0.000000,0.000000,0.000000,1.000000,1.000000
1782456528.986924,-1,0.000428,inf,SAFE_STAND,0.000000,0.003963,0.037608,0.199088,0.000000,0.000000,0.000000,1.000000,1.000000
1782456529.007512,-1,0.000676,inf,SAFE_STAND,0.000000,0.003095,0.041262,0.200272,0.000000,0.000000,0.000000,1.000000,1.000000
1782456529.027402,-1,0.000435,inf,SAFE_STAND,0.000000,0.002318,0.044936,0.203178,0.000000,0.000000,0.000000,1.000000,1.000000
1782456529.047523,-1,0.000423,inf,SAFE_STAND,0.000000,0.001895,0.048022,0.208648,0.000000,0.000000,0.000000,1.000000,1.000000
1782456529.068144,-1,0.000925,6.671543,SAFE_STAND,0.000000,0.001684,0.050749,0.216638,0.000000,0.000000,0.000000,1.000000,1.000000
1782456529.087808,-1,0.000458,inf,SAFE_STAND,0.000000,0.001534,0.052381,0.223597,0.000000,0.000000,0.000000,1.000000,1.000000
1782456529.108175,-1,0.000430,inf,SAFE_STAND,0.000000,0.001446,0.053052,0.230318,0.000000,0.000000,0.000000,1.000000,1.000000
1782456529.128296,-1,0.000433,inf,SAFE_STAND,0.000000,0.001145,0.052637,0.235748,0.000000,0.000000,0.000000,1.000000,1.000000
1782456529.148711,-1,0.000722,inf,SAFE_STAND,0.000000,0.000686,0.051055,0.241108,0.000000,0.000000,0.000000,1.000000,1.000000
1782456529.168552,-1,0.000482,inf,SAFE_STAND,0.000000,0.000294,0.049117,0.245655,0.000000,0.000000,0.000000,1.000000,1.000000
1782456529.188934,-1,0.000455,inf,SAFE_STAND,0.000000,-0.000212,0.047426,0.250305,0.000000,0.000000,0.000000,1.000000,1.000000
1782456529.209007,-1,0.000450,inf,SAFE_STAND,0.000000,-0.000746,0.046053,0.255572,0.000000,0.000000,0.000000,1.000000,1.000000
1782456529.229042,-1,0.000409,inf,SAFE_STAND,0.000000,-0.001238,0.045740,0.260899,0.000000,0.000000,0.000000,1.000000,1.000000
1782456529.249116,-1,0.000408,inf,SAFE_STAND,0.000000,-0.001976,0.046254,0.266056,0.000000,0.000000,0.000000,1.000000,1.000000
1782456529.269525,-1,0.000435,inf,SAFE_STAND,0.000000,-0.002576,0.047254,0.270489,0.000000,0.000000,0.000000,1.000000,1.000000
1782456529.289616,-1,0.000454,inf,SAFE_STAND,0.000000,-0.003309,0.048850,0.274738,0.000000,0.000000,0.000000,1.000000,1.000000
1782456529.309706,-1,0.000471,inf,SAFE_STAND,0.000000,-0.003956,0.050567,0.278050,0.000000,0.000000,0.000000,1.000000,1.000000
1782456529.329763,-1,0.000458,inf,SAFE_STAND,0.000000,-0.004614,0.052352,0.280740,0.000000,0.000000,0.000000,1.000000,1.000000
1782456529.350162,-1,0.000568,inf,SAFE_STAND,0.000000,-0.005399,0.054136,0.283350,0.000000,0.000000,0.000000,1.000000,1.000000
1782456529.370518,-1,0.000508,inf,SAFE_STAND,0.000000,-0.006118,0.056163,0.286507,0.000000,0.000000,0.000000,1.000000,1.000000
1782456529.390633,-1,0.000540,inf,SAFE_STAND,0.000000,-0.006822,0.058310,0.289638,0.000000,0.000000,0.000000,1.000000,1.000000
1782456529.411170,-1,0.000485,inf,SAFE_STAND,0.000000,-0.007595,0.060729,0.292484,0.000000,0.000000,0.000000,1.000000,1.000000
1782456529.431250,-1,0.000438,inf,SAFE_STAND,0.000000,-0.008319,0.063283,0.294706,0.000000,0.000000,0.000000,1.000000,1.000000
1782456529.451391,-1,0.000464,inf,SAFE_STAND,0.000000,-0.008975,0.065976,0.296456,0.000000,0.000000,0.000000,1.000000,1.000000
1782456529.471955,-1,0.000425,inf,SAFE_STAND,0.000000,-0.009675,0.068577,0.297557,0.000000,0.000000,0.000000,1.000000,1.000000
1782456529.492123,-1,0.000452,inf,SAFE_STAND,0.000000,-0.010455,0.071226,0.297784,0.000000,0.000000,0.000000,1.000000,1.000000
1782456529.512220,-1,0.000430,inf,SAFE_STAND,0.000000,-0.011093,0.073583,0.297215,0.000000,0.000000,0.000000,1.000000,1.000000
1782456529.532746,-1,0.000443,inf,SAFE_STAND,0.000000,-0.011639,0.075913,0.296087,0.000000,0.000000,0.000000,1.000000,1.000000
1782456529.552945,-1,0.000517,inf,SAFE_STAND,0.000000,-0.012245,0.078190,0.294405,0.000000,0.000000,0.000000,1.000000,1.000000
1782456529.573663,-1,0.000884,7.177266,SAFE_STAND,0.000000,-0.012859,0.080331,0.292143,0.000000,0.000000,0.000000,1.000000,1.000000
1782456529.593556,-1,0.000649,inf,SAFE_STAND,0.000000,-0.013340,0.082125,0.289714,0.000000,0.000000,0.000000,1.000000,1.000000
1782456529.613534,-1,0.000506,inf,SAFE_STAND,0.000000,-0.013826,0.083831,0.286697,0.000000,0.000000,0.000000,1.000000,1.000000
1782456529.633561,-1,0.000448,inf,SAFE_STAND,0.000000,-0.014244,0.085195,0.283352,0.000000,0.000000,0.000000,1.000000,1.000000
1782456529.654076,-1,0.000839,inf,SAFE_STAND,0.000000,-0.014557,0.086441,0.279634,0.000000,0.000000,0.000000,1.000000,1.000000
1782456529.674021,-1,0.000704,inf,SAFE_STAND,0.000000,-0.014775,0.087533,0.275594,0.000000,0.000000,0.000000,1.000000,1.000000
1782456529.693979,-1,0.000418,inf,SAFE_STAND,0.000000,-0.014941,0.088438,0.271060,0.000000,0.000000,0.000000,1.000000,1.000000
1782456529.714027,-1,0.000395,inf,SAFE_STAND,0.000000,-0.015060,0.089168,0.266547,0.000000,0.000000,0.000000,1.000000,1.000000
1782456529.734151,-1,0.000449,inf,SAFE_STAND,0.000000,-0.015199,0.089815,0.262113,0.000000,0.000000,0.000000,1.000000,1.000000
1782456529.754263,-1,0.000487,inf,SAFE_STAND,0.000000,-0.015289,0.090199,0.257891,0.000000,0.000000,0.000000,1.000000,1.000000
1782456529.774283,-1,0.000430,inf,SAFE_STAND,0.000000,-0.015295,0.090457,0.253937,0.000000,0.000000,0.000000,1.000000,1.000000
1782456529.794549,-1,0.000385,inf,SAFE_STAND,0.000000,-0.015286,0.090535,0.250315,0.000000,0.000000,0.000000,1.000000,1.000000
1782456529.814694,-1,0.000409,inf,SAFE_STAND,0.000000,-0.015181,0.090462,0.246949,0.000000,0.000000,0.000000,1.000000,1.000000
1782456529.834833,-1,0.000472,inf,SAFE_STAND,0.000000,-0.015082,0.090244,0.244118,0.000000,0.000000,0.000000,1.000000,1.000000
1782456529.854877,-1,0.000446,inf,SAFE_STAND,0.000000,-0.014964,0.089906,0.241390,0.000000,0.000000,0.000000,1.000000,1.000000
1782456529.874928,-1,0.000424,inf,SAFE_STAND,0.000000,-0.014795,0.089527,0.238103,0.000000,0.000000,0.000000,1.000000,1.000000
1782456529.895525,-1,0.000458,inf,SAFE_STAND,0.000000,-0.014460,0.088877,0.234126,0.000000,0.000000,0.000000,1.000000,1.000000
1782456529.915582,-1,0.000435,inf,SAFE_STAND,0.000000,-0.014091,0.088172,0.230761,0.000000,0.000000,0.000000,1.000000,1.000000
1782456529.935711,-1,0.000437,inf,SAFE_STAND,0.000000,-0.013703,0.087287,0.227498,0.000000,0.000000,0.000000,1.000000,1.000000
1782456529.956218,-1,0.000449,inf,SAFE_STAND,0.000000,-0.013238,0.086211,0.224600,0.000000,0.000000,0.000000,1.000000,1.000000
1782456529.976322,-1,0.000429,inf,SAFE_STAND,0.000000,-0.012808,0.085098,0.222153,0.000000,0.000000,0.000000,1.000000,1.000000
1782456529.996812,-1,0.000842,inf,SAFE_STAND,0.000000,-0.012321,0.083899,0.220067,0.000000,0.000000,0.000000,1.000000,1.000000
1782456530.016509,-1,0.000460,inf,SAFE_STAND,0.000000,-0.011836,0.082521,0.218411,0.000000,0.000000,0.000000,1.000000,1.000000
1782456530.036919,-1,0.000423,inf,SAFE_STAND,0.000000,-0.011275,0.081011,0.217098,0.000000,0.000000,0.000000,1.000000,1.000000
1782456530.057007,-1,0.000440,inf,SAFE_STAND,0.000000,-0.010787,0.079588,0.216295,0.000000,0.000000,0.000000,1.000000,1.000000
1782456530.077244,-1,0.000607,7.680836,SAFE_STAND,0.000000,-0.010204,0.077967,0.215968,0.000000,0.000000,0.000000,1.000000,1.000000
1782456530.097148,-1,0.000437,inf,SAFE_STAND,0.000000,-0.009592,0.076203,0.215982,0.000000,0.000000,0.000000,1.000000,1.000000
1782456530.117573,-1,0.000430,inf,SAFE_STAND,0.000000,-0.009017,0.074477,0.216322,0.000000,0.000000,0.000000,1.000000,1.000000
1782456530.137612,-1,0.000399,inf,SAFE_STAND,0.000000,-0.008501,0.072785,0.217046,0.000000,0.000000,0.000000,1.000000,1.000000
1782456530.157678,-1,0.000397,inf,SAFE_STAND,0.000000,-0.007879,0.070828,0.218128,0.000000,0.000000,0.000000,1.000000,1.000000
1782456530.178110,-1,0.000690,inf,SAFE_STAND,0.000000,-0.007311,0.069217,0.219476,0.000000,0.000000,0.000000,1.000000,1.000000
1782456530.198274,-1,0.000713,inf,SAFE_STAND,0.000000,-0.006799,0.067689,0.220984,0.000000,0.000000,0.000000,1.000000,1.000000
1782456530.218269,-1,0.000452,inf,SAFE_STAND,0.000000,-0.006286,0.066079,0.222813,0.000000,0.000000,0.000000,1.000000,1.000000
1782456530.238382,-1,0.000441,inf,SAFE_STAND,0.000000,-0.005927,0.064711,0.224741,0.000000,0.000000,0.000000,1.000000,1.000000
1782456530.258513,-1,0.000450,inf,SAFE_STAND,0.000000,-0.005678,0.063403,0.227038,0.000000,0.000000,0.000000,1.000000,1.000000
1782456530.278900,-1,0.000717,inf,SAFE_STAND,0.000000,-0.005445,0.062017,0.229506,0.000000,0.000000,0.000000,1.000000,1.000000
1782456530.298983,-1,0.000671,inf,SAFE_STAND,0.000000,-0.005247,0.060672,0.231892,0.000000,0.000000,0.000000,1.000000,1.000000
1782456530.318967,-1,0.000433,inf,SAFE_STAND,0.000000,-0.005043,0.059251,0.234427,0.000000,0.000000,0.000000,1.000000,1.000000
1782456530.339100,-1,0.000441,inf,SAFE_STAND,0.000000,-0.004837,0.057940,0.236914,0.000000,0.000000,0.000000,1.000000,1.000000
1782456530.359225,-1,0.000439,inf,SAFE_STAND,0.000000,-0.004687,0.056874,0.239405,0.000000,0.000000,0.000000,1.000000,1.000000
1782456530.379721,-1,0.000427,inf,SAFE_STAND,0.000000,-0.004527,0.055935,0.242021,0.000000,0.000000,0.000000,1.000000,1.000000
1782456530.399848,-1,0.000432,inf,SAFE_STAND,0.000000,-0.004430,0.055295,0.244478,0.000000,0.000000,0.000000,1.000000,1.000000
1782456530.419986,-1,0.000444,inf,SAFE_STAND,0.000000,-0.004425,0.054942,0.246745,0.000000,0.000000,0.000000,1.000000,1.000000
1782456530.440539,-1,0.000430,inf,SAFE_STAND,0.000000,-0.004451,0.054873,0.249273,0.000000,0.000000,0.000000,1.000000,1.000000
1782456530.460648,-1,0.000424,inf,SAFE_STAND,0.000000,-0.004537,0.055107,0.251454,0.000000,0.000000,0.000000,1.000000,1.000000
1782456530.480767,-1,0.000426,inf,SAFE_STAND,0.000000,-0.004657,0.055539,0.253438,0.000000,0.000000,0.000000,1.000000,1.000000
1782456530.501403,-1,0.000426,inf,SAFE_STAND,0.000000,-0.004823,0.056156,0.255540,0.000000,0.000000,0.000000,1.000000,1.000000
1782456530.521484,-1,0.000431,inf,SAFE_STAND,0.000000,-0.005057,0.056957,0.257450,0.000000,0.000000,0.000000,1.000000,1.000000
1782456530.541636,-1,0.000455,inf,SAFE_STAND,0.000000,-0.005299,0.057796,0.258901,0.000000,0.000000,0.000000,1.000000,1.000000
1782456530.562009,-1,0.000677,inf,SAFE_STAND,0.000000,-0.005566,0.058806,0.260124,0.000000,0.000000,0.000000,1.000000,1.000000
1782456530.582720,-1,0.000951,8.186108,SAFE_STAND,0.000000,-0.005878,0.059955,0.260984,0.000000,0.000000,0.000000,1.000000,1.000000
1782456530.602318,-1,0.000430,inf,SAFE_STAND,0.000000,-0.006158,0.061066,0.261355,0.000000,0.000000,0.000000,1.000000,1.000000
1782456530.622714,-1,0.000471,inf,SAFE_STAND,0.000000,-0.006452,0.062415,0.261464,0.000000,0.000000,0.000000,1.000000,1.000000
1782456530.642791,-1,0.000436,inf,SAFE_STAND,0.000000,-0.006686,0.063856,0.261237,0.000000,0.000000,0.000000,1.000000,1.000000
1782456530.662945,-1,0.000435,inf,SAFE_STAND,0.000000,-0.006920,0.065223,0.260989,0.000000,0.000000,0.000000,1.000000,1.000000
1782456530.683065,-1,0.000432,inf,SAFE_STAND,0.000000,-0.007257,0.066921,0.260858,0.000000,0.000000,0.000000,1.000000,1.000000
1782456530.703578,-1,0.000432,inf,SAFE_STAND,0.000000,-0.007627,0.068579,0.260665,0.000000,0.000000,0.000000,1.000000,1.000000
1782456530.723701,-1,0.000434,inf,SAFE_STAND,0.000000,-0.007996,0.070099,0.260211,0.000000,0.000000,0.000000,1.000000,1.000000
1782456530.743826,-1,0.000442,inf,SAFE_STAND,0.000000,-0.008340,0.071473,0.259438,0.000000,0.000000,0.000000,1.000000,1.000000
1782456530.764372,-1,0.000637,inf,SAFE_STAND,0.000000,-0.008734,0.072885,0.258298,0.000000,0.000000,0.000000,1.000000,1.000000
1782456530.784329,-1,0.000467,inf,SAFE_STAND,0.000000,-0.009159,0.074159,0.256906,0.000000,0.000000,0.000000,1.000000,1.000000
1782456530.804471,-1,0.000478,inf,SAFE_STAND,0.000000,-0.009505,0.075344,0.255600,0.000000,0.000000,0.000000,1.000000,1.000000
1782456530.824557,-1,0.000441,inf,SAFE_STAND,0.000000,-0.009822,0.076525,0.254140,0.000000,0.000000,0.000000,1.000000,1.000000
1782456530.844937,-1,0.000694,inf,SAFE_STAND,0.000000,-0.010068,0.077527,0.252769,0.000000,0.000000,0.000000,1.000000,1.000000
1782456530.864904,-1,0.000439,inf,SAFE_STAND,0.000000,-0.010320,0.078579,0.251250,0.000000,0.000000,0.000000,1.000000,1.000000
1782456530.885071,-1,0.000461,inf,SAFE_STAND,0.000000,-0.010472,0.079509,0.249791,0.000000,0.000000,0.000000,1.000000,1.000000
1782456530.905179,-1,0.000449,inf,SAFE_STAND,0.000000,-0.010588,0.080355,0.248296,0.000000,0.000000,0.000000,1.000000,1.000000
1782456530.925289,-1,0.000432,inf,SAFE_STAND,0.000000,-0.010733,0.081143,0.246754,0.000000,0.000000,0.000000,1.000000,1.000000
1782456530.945675,-1,0.000744,inf,SAFE_STAND,0.000000,-0.010926,0.081816,0.245071,0.000000,0.000000,0.000000,1.000000,1.000000
1782456530.965731,-1,0.000727,inf,SAFE_STAND,0.000000,-0.011098,0.082345,0.243439,0.000000,0.000000,0.000000,1.000000,1.000000
1782456530.985716,-1,0.000430,inf,SAFE_STAND,0.000000,-0.011375,0.082645,0.241867,0.000000,0.000000,0.000000,1.000000,1.000000
1782456531.005851,-1,0.000436,inf,SAFE_STAND,0.000000,-0.011625,0.082859,0.240595,0.000000,0.000000,0.000000,1.000000,1.000000
1782456531.026212,-1,0.000686,inf,SAFE_STAND,0.000000,-0.011869,0.082980,0.239199,0.000000,0.000000,0.000000,1.000000,1.000000
1782456531.046283,-1,0.000679,inf,SAFE_STAND,0.000000,-0.012062,0.082985,0.237768,0.000000,0.000000,0.000000,1.000000,1.000000
1782456531.066419,-1,0.000684,inf,SAFE_STAND,0.000000,-0.012229,0.082861,0.236210,0.000000,0.000000,0.000000,1.000000,1.000000
1782456531.086574,-1,0.000686,8.690147,SAFE_STAND,0.000000,-0.012290,0.082571,0.234725,0.000000,0.000000,0.000000,1.000000,1.000000
1782456531.106434,-1,0.000429,inf,SAFE_STAND,0.000000,-0.012250,0.082241,0.233587,0.000000,0.000000,0.000000,1.000000,1.000000
1782456531.126797,-1,0.000676,inf,SAFE_STAND,0.000000,-0.012195,0.081834,0.232691,0.000000,0.000000,0.000000,1.000000,1.000000
1782456531.146953,-1,0.000710,inf,SAFE_STAND,0.000000,-0.012083,0.081245,0.231986,0.000000,0.000000,0.000000,1.000000,1.000000
1782456531.166995,-1,0.000427,inf,SAFE_STAND,0.000000,-0.011952,0.080642,0.231544,0.000000,0.000000,0.000000,1.000000,1.000000
1782456531.187152,-1,0.000451,inf,SAFE_STAND,0.000000,-0.011818,0.079983,0.231321,0.000000,0.000000,0.000000,1.000000,1.000000
1782456531.207216,-1,0.000440,inf,SAFE_STAND,0.000000,-0.011655,0.079199,0.231247,0.000000,0.000000,0.000000,1.000000,1.000000
1782456531.227332,-1,0.000434,inf,SAFE_STAND,0.000000,-0.011461,0.078243,0.231412,0.000000,0.000000,0.000000,1.000000,1.000000
1782456531.247710,-1,0.000422,inf,SAFE_STAND,0.000000,-0.011189,0.077260,0.231782,0.000000,0.000000,0.000000,1.000000,1.000000
1782456531.267838,-1,0.000425,inf,SAFE_STAND,0.000000,-0.010940,0.076133,0.232260,0.000000,0.000000,0.000000,1.000000,1.000000
1782456531.287970,-1,0.000432,inf,SAFE_STAND,0.000000,-0.010621,0.075042,0.232870,0.000000,0.000000,0.000000,1.000000,1.000000
1782456531.308096,-1,0.000439,inf,SAFE_STAND,0.000000,-0.010302,0.073899,0.233572,0.000000,0.000000,0.000000,1.000000,1.000000
1782456531.328548,-1,0.000437,inf,SAFE_STAND,0.000000,-0.009954,0.072731,0.234350,0.000000,0.000000,0.000000,1.000000,1.000000
1782456531.348719,-1,0.000484,inf,SAFE_STAND,0.000000,-0.009618,0.071565,0.235107,0.000000,0.000000,0.000000,1.000000,1.000000
1782456531.368780,-1,0.000429,inf,SAFE_STAND,0.000000,-0.009272,0.070427,0.235909,0.000000,0.000000,0.000000,1.000000,1.000000
1782456531.389353,-1,0.000450,inf,SAFE_STAND,0.000000,-0.008904,0.069191,0.236729,0.000000,0.000000,0.000000,1.000000,1.000000
1782456531.409541,-1,0.000560,inf,SAFE_STAND,0.000000,-0.008556,0.068067,0.237519,0.000000,0.000000,0.000000,1.000000,1.000000
1782456531.429566,-1,0.000508,inf,SAFE_STAND,0.000000,-0.008232,0.067086,0.238303,0.000000,0.000000,0.000000,1.000000,1.000000
1782456531.449997,-1,0.000571,inf,SAFE_STAND,0.000000,-0.007954,0.066050,0.239179,0.000000,0.000000,0.000000,1.000000,1.000000
1782456531.470044,-1,0.000440,inf,SAFE_STAND,0.000000,-0.007707,0.065086,0.240083,0.000000,0.000000,0.000000,1.000000,1.000000
1782456531.490132,-1,0.000451,inf,SAFE_STAND,0.000000,-0.007424,0.064026,0.241014,0.000000,0.000000,0.000000,1.000000,1.000000
1782456531.510209,-1,0.000455,inf,SAFE_STAND,0.000000,-0.007230,0.063142,0.241869,0.000000,0.000000,0.000000,1.000000,1.000000
1782456531.530683,-1,0.000646,inf,SAFE_STAND,0.000000,-0.007023,0.062244,0.242700,0.000000,0.000000,0.000000,1.000000,1.000000
1782456531.550776,-1,0.000666,inf,SAFE_STAND,0.000000,-0.006810,0.061374,0.243518,0.000000,0.000000,0.000000,1.000000,1.000000
1782456531.570611,-1,0.000427,inf,SAFE_STAND,0.000000,-0.006605,0.060654,0.244319,0.000000,0.000000,0.000000,1.000000,1.000000
1782456531.590893,-1,0.000588,9.194524,SAFE_STAND,0.000000,-0.006436,0.060096,0.244994,0.000000,0.000000,0.000000,1.000000,1.000000
1782456531.610890,-1,0.000451,inf,SAFE_STAND,0.000000,-0.006293,0.059683,0.245636,0.000000,0.000000,0.000000,1.000000,1.000000
1782456531.631510,-1,0.000692,inf,SAFE_STAND,0.000000,-0.006182,0.059394,0.246217,0.000000,0.000000,0.000000,1.000000,1.000000
1782456531.651410,-1,0.000436,inf,SAFE_STAND,0.000000,-0.006084,0.059213,0.246780,0.000000,0.000000,0.000000,1.000000,1.000000
1782456531.671519,-1,0.000422,inf,SAFE_STAND,0.000000,-0.006003,0.059187,0.247226,0.000000,0.000000,0.000000,1.000000,1.000000
1782456531.691665,-1,0.000443,inf,SAFE_STAND,0.000000,-0.005947,0.059276,0.247608,0.000000,0.000000,0.000000,1.000000,1.000000
1782456531.712027,-1,0.000688,inf,SAFE_STAND,0.000000,-0.005973,0.059475,0.247939,0.000000,0.000000,0.000000,1.000000,1.000000
1782456531.732067,-1,0.000431,inf,SAFE_STAND,0.000000,-0.006012,0.059828,0.248151,0.000000,0.000000,0.000000,1.000000,1.000000
1782456531.752180,-1,0.000432,inf,SAFE_STAND,0.000000,-0.006093,0.060287,0.248358,0.000000,0.000000,0.000000,1.000000,1.000000
1782456531.772281,-1,0.000463,inf,SAFE_STAND,0.000000,-0.006198,0.060779,0.248554,0.000000,0.000000,0.000000,1.000000,1.000000
1782456531.792899,-1,0.000795,inf,SAFE_STAND,0.000000,-0.006308,0.061369,0.248656,0.000000,0.000000,0.000000,1.000000,1.000000
1782456531.812847,-1,0.000462,inf,SAFE_STAND,0.000000,-0.006454,0.062111,0.248701,0.000000,0.000000,0.000000,1.000000,1.000000
1782456531.832966,-1,0.000458,inf,SAFE_STAND,0.000000,-0.006597,0.062984,0.248623,0.000000,0.000000,0.000000,1.000000,1.000000
1782456531.853071,-1,0.000438,inf,SAFE_STAND,0.000000,-0.006834,0.063938,0.248420,0.000000,0.000000,0.000000,1.000000,1.000000
1782456531.873460,-1,0.000697,inf,SAFE_STAND,0.000000,-0.007064,0.064898,0.248232,0.000000,0.000000,0.000000,1.000000,1.000000
1782456531.893550,-1,0.000438,inf,SAFE_STAND,0.000000,-0.007346,0.065943,0.247985,0.000000,0.000000,0.000000,1.000000,1.000000
1782456531.913692,-1,0.000458,inf,SAFE_STAND,0.000000,-0.007604,0.066918,0.247629,0.000000,0.000000,0.000000,1.000000,1.000000
1782456531.934215,-1,0.000697,inf,SAFE_STAND,0.000000,-0.007870,0.067976,0.247213,0.000000,0.000000,0.000000,1.000000,1.000000
1782456531.954334,-1,0.000732,inf,SAFE_STAND,0.000000,-0.008155,0.069033,0.246771,0.000000,0.000000,0.000000,1.000000,1.000000
1782456531.974398,-1,0.000712,inf,SAFE_STAND,0.000000,-0.008449,0.070071,0.246305,0.000000,0.000000,0.000000,1.000000,1.000000
1782456531.994241,-1,0.000453,inf,SAFE_STAND,0.000000,-0.008677,0.071076,0.245867,0.000000,0.000000,0.000000,1.000000,1.000000
1782456532.014297,-1,0.000432,inf,SAFE_STAND,0.000000,-0.008932,0.072123,0.245366,0.000000,0.000000,0.000000,1.000000,1.000000
1782456532.034374,-1,0.000429,inf,SAFE_STAND,0.000000,-0.009130,0.073052,0.244882,0.000000,0.000000,0.000000,1.000000,1.000000
1782456532.054450,-1,0.000427,inf,SAFE_STAND,0.000000,-0.009348,0.073952,0.244379,0.000000,0.000000,0.000000,1.000000,1.000000
1782456532.074976,-1,0.000465,inf,SAFE_STAND,0.000000,-0.009539,0.074781,0.243812,0.000000,0.000000,0.000000,1.000000,1.000000
1782456532.095134,-1,0.000550,9.698770,SAFE_STAND,0.000000,-0.009718,0.075602,0.243204,0.000000,0.000000,0.000000,1.000000,1.000000
1782456532.115292,-1,0.000423,inf,SAFE_STAND,0.000000,-0.009934,0.076343,0.242577,0.000000,0.000000,0.000000,1.000000,1.000000
1782456532.135741,-1,0.000593,inf,SAFE_STAND,0.000000,-0.010138,0.076978,0.241963,0.000000,0.000000,0.000000,1.000000,1.000000
1782456532.155615,-1,0.000398,inf,SAFE_STAND,0.000000,-0.010344,0.077478,0.241378,0.000000,0.000000,0.000000,1.000000,1.000000
1782456532.175720,-1,0.000435,inf,SAFE_STAND,0.000000,-0.010545,0.077947,0.240787,0.000000,0.000000,0.000000,1.000000,1.000000
1782456532.195763,-1,0.000408,inf,SAFE_STAND,0.000000,-0.010775,0.078256,0.240129,0.000000,0.000000,0.000000,1.000000,1.000000
1782456532.216064,-1,0.000638,inf,SAFE_STAND,0.000000,-0.010962,0.078468,0.239640,0.000000,0.000000,0.000000,1.000000,1.000000
1782456532.236090,-1,0.000596,inf,SAFE_STAND,0.000000,-0.011106,0.078679,0.239097,0.000000,0.000000,0.000000,1.000000,1.000000
1782456532.256240,-1,0.000677,inf,SAFE_STAND,0.000000,-0.011229,0.078822,0.238609,0.000000,0.000000,0.000000,1.000000,1.000000
1782456532.276196,-1,0.000506,inf,SAFE_STAND,0.000000,-0.011293,0.078878,0.238174,0.000000,0.000000,0.000000,1.000000,1.000000
1782456532.296240,-1,0.000427,inf,SAFE_STAND,0.000000,-0.011290,0.078808,0.237877,0.000000,0.000000,0.000000,1.000000,1.000000
1782456532.316396,-1,0.000434,inf,SAFE_STAND,0.000000,-0.011293,0.078639,0.237665,0.000000,0.000000,0.000000,1.000000,1.000000
1782456532.336535,-1,0.000441,inf,SAFE_STAND,0.000000,-0.011285,0.078420,0.237586,0.000000,0.000000,0.000000,1.000000,1.000000
1782456532.356914,-1,0.000696,inf,SAFE_STAND,0.000000,-0.011259,0.078010,0.237519,0.000000,0.000000,0.000000,1.000000,1.000000
1782456532.376968,-1,0.000427,inf,SAFE_STAND,0.000000,-0.011172,0.077497,0.237537,0.000000,0.000000,0.000000,1.000000,1.000000
1782456532.397089,-1,0.000428,inf,SAFE_STAND,0.000000,-0.011054,0.076952,0.237681,0.000000,0.000000,0.000000,1.000000,1.000000
1782456532.417165,-1,0.000427,inf,SAFE_STAND,0.000000,-0.010885,0.076336,0.237891,0.000000,0.000000,0.000000,1.000000,1.000000
1782456532.437719,-1,0.000684,inf,SAFE_STAND,0.000000,-0.010722,0.075721,0.238164,0.000000,0.000000,0.000000,1.000000,1.000000
1782456532.457823,-1,0.000488,inf,SAFE_STAND,0.000000,-0.010497,0.075104,0.238402,0.000000,0.000000,0.000000,1.000000,1.000000
1782456532.478459,-1,0.000837,inf,SAFE_STAND,0.000000,-0.010263,0.074419,0.238651,0.000000,0.000000,0.000000,1.000000,1.000000
1782456532.498411,-1,0.000707,inf,SAFE_STAND,0.000000,-0.010010,0.073653,0.238902,0.000000,0.000000,0.000000,1.000000,1.000000
1782456532.518473,-1,0.000443,inf,SAFE_STAND,0.000000,-0.009687,0.072740,0.239181,0.000000,0.000000,0.000000,1.000000,1.000000
1782456532.538602,-1,0.000444,inf,SAFE_STAND,0.000000,-0.009422,0.071901,0.239391,0.000000,0.000000,0.000000,1.000000,1.000000
1782456532.558739,-1,0.000455,inf,SAFE_STAND,0.000000,-0.009176,0.071000,0.239606,0.000000,0.000000,0.000000,1.000000,1.000000
1782456532.579075,-1,0.000664,inf,SAFE_STAND,0.000000,-0.008905,0.069979,0.239892,0.000000,0.000000,0.000000,1.000000,1.000000
1782456532.599363,-1,0.000634,10.203004,SAFE_STAND,0.000000,-0.008620,0.068903,0.240203,0.000000,0.000000,0.000000,1.000000,1.000000
1782456532.619273,-1,0.000430,inf,SAFE_STAND,0.000000,-0.008368,0.067894,0.240549,0.000000,0.000000,0.000000,1.000000,1.000000
1782456532.639442,-1,0.000475,inf,SAFE_STAND,0.000000,-0.008119,0.066967,0.240873,0.000000,0.000000,0.000000,1.000000,1.000000
1782456532.659823,-1,0.000475,inf,SAFE_STAND,0.000000,-0.007876,0.066141,0.241176,0.000000,0.000000,0.000000,1.000000,1.000000
1782456532.679906,-1,0.000432,inf,SAFE_STAND,0.000000,-0.007669,0.065203,0.241551,0.000000,0.000000,0.000000,1.000000,1.000000
1782456532.700065,-1,0.000435,inf,SAFE_STAND,0.000000,-0.007430,0.064416,0.242069,0.000000,0.000000,0.000000,1.000000,1.000000
1782456532.720196,-1,0.000446,inf,SAFE_STAND,0.000000,-0.007127,0.063721,0.242591,0.000000,0.000000,0.000000,1.000000,1.000000
1782456532.740710,-1,0.000457,inf,SAFE_STAND,0.000000,-0.006792,0.063072,0.243163,0.000000,0.000000,0.000000,1.000000,1.000000
1782456532.760808,-1,0.000435,inf,SAFE_STAND,0.000000,-0.006452,0.062475,0.243813,0.000000,0.000000,0.000000,1.000000,1.000000
1782456532.781194,-1,0.000695,inf,SAFE_STAND,0.000000,-0.006104,0.062003,0.244466,0.000000,0.000000,0.000000,1.000000,1.000000
1782456532.801336,-1,0.000678,inf,SAFE_STAND,0.000000,-0.005827,0.061657,0.245044,0.000000,0.000000,0.000000,1.000000,1.000000
1782456532.821325,-1,0.000435,inf,SAFE_STAND,0.000000,-0.005618,0.061412,0.245709,0.000000,0.000000,0.000000,1.000000,1.000000
1782456532.841446,-1,0.000437,inf,SAFE_STAND,0.000000,-0.005471,0.061272,0.246437,0.000000,0.000000,0.000000,1.000000,1.000000
1782456532.861570,-1,0.000429,inf,SAFE_STAND,0.000000,-0.005357,0.061202,0.247149,0.000000,0.000000,0.000000,1.000000,1.000000
1782456532.881957,-1,0.000693,inf,SAFE_STAND,0.000000,-0.005257,0.061188,0.247886,0.000000,0.000000,0.000000,1.000000,1.000000
1782456532.902017,-1,0.000463,inf,SAFE_STAND,0.000000,-0.005226,0.061322,0.248686,0.000000,0.000000,0.000000,1.000000,1.000000
1782456532.922065,-1,0.000432,inf,SAFE_STAND,0.000000,-0.005223,0.061556,0.249484,0.000000,0.000000,0.000000,1.000000,1.000000
1782456532.942160,-1,0.000450,inf,SAFE_STAND,0.000000,-0.005209,0.061973,0.250343,0.000000,0.000000,0.000000,1.000000,1.000000
1782456532.962219,-1,0.000432,inf,SAFE_STAND,0.000000,-0.005205,0.062548,0.251235,0.000000,0.000000,0.000000,1.000000,1.000000
1782456532.982772,-1,0.000433,inf,SAFE_STAND,0.000000,-0.005207,0.063170,0.252223,0.000000,0.000000,0.000000,1.000000,1.000000
1782456533.002843,-1,0.000428,inf,SAFE_STAND,0.000000,-0.005259,0.063826,0.253035,0.000000,0.000000,0.000000,1.000000,1.000000
1782456533.023094,-1,0.000494,inf,SAFE_STAND,0.000000,-0.005269,0.064502,0.254066,0.000000,0.000000,0.000000,1.000000,1.000000
1782456533.043650,-1,0.000673,inf,SAFE_STAND,0.000000,-0.005272,0.065037,0.254997,0.000000,0.000000,0.000000,1.000000,1.000000
1782456533.063540,-1,0.000429,inf,SAFE_STAND,0.000000,-0.005253,0.065559,0.256055,0.000000,0.000000,0.000000,1.000000,1.000000
1782456533.083708,-1,0.000469,inf,SAFE_STAND,0.000000,-0.005259,0.065904,0.256980,0.000000,0.000000,0.000000,1.000000,1.000000
1782456533.104442,-1,0.000676,10.708074,SAFE_STAND,0.000000,-0.005313,0.066341,0.257998,0.000000,0.000000,0.000000,1.000000,1.000000
1782456533.124407,-1,0.000436,inf,SAFE_STAND,0.000000,-0.005425,0.066820,0.259097,0.000000,0.000000,0.000000,1.000000,1.000000
1782456533.144531,-1,0.000485,inf,SAFE_STAND,0.000000,-0.005566,0.067038,0.259969,0.000000,0.000000,0.000000,1.000000,1.000000
1782456533.164611,-1,0.000448,inf,SAFE_STAND,0.000000,-0.005722,0.067112,0.260565,0.000000,0.000000,0.000000,1.000000,1.000000
1782456533.185011,-1,0.000459,inf,SAFE_STAND,0.000000,-0.005967,0.067238,0.260835,0.000000,0.000000,0.000000,1.000000,1.000000
1782456533.205108,-1,0.000429,inf,SAFE_STAND,0.000000,-0.006236,0.067316,0.260877,0.000000,0.000000,0.000000,1.000000,1.000000
1782456533.225272,-1,0.000443,inf,SAFE_STAND,0.000000,-0.006520,0.067247,0.260589,0.000000,0.000000,0.000000,1.000000,1.000000
1782456533.245932,-1,0.000701,inf,SAFE_STAND,0.000000,-0.006790,0.067151,0.259740,0.000000,0.000000,0.000000,1.000000,1.000000
1782456533.265796,-1,0.000439,inf,SAFE_STAND,0.000000,-0.007168,0.066877,0.258257,0.000000,0.000000,0.000000,1.000000,1.000000
1782456533.285999,-1,0.000518,inf,SAFE_STAND,0.000000,-0.007525,0.066540,0.256461,0.000000,0.000000,0.000000,1.000000,1.000000
1782456533.306564,-1,0.000688,inf,SAFE_STAND,0.000000,-0.007899,0.066057,0.254193,0.000000,0.000000,0.000000,1.000000,1.000000
1782456533.326651,-1,0.000430,inf,SAFE_STAND,0.000000,-0.008255,0.065276,0.251726,0.000000,0.000000,0.000000,1.000000,1.000000
1782456533.346810,-1,0.000463,inf,SAFE_STAND,0.000000,-0.008555,0.064248,0.249179,0.000000,0.000000,0.000000,1.000000,1.000000
1782456533.367195,-1,0.000719,inf,SAFE_STAND,0.000000,-0.008798,0.063036,0.246403,0.000000,0.000000,0.000000,1.000000,1.000000
1782456533.387323,-1,0.000724,inf,SAFE_STAND,0.000000,-0.008892,0.061719,0.243592,0.000000,0.000000,0.000000,1.000000,1.000000
1782456533.407572,-1,0.000572,inf,SAFE_STAND,0.000000,-0.008852,0.060317,0.240111,0.000000,0.000000,0.000000,1.000000,1.000000
1782456533.427625,-1,0.000546,inf,SAFE_STAND,0.000000,-0.008710,0.058694,0.235991,0.000000,0.000000,0.000000,1.000000,1.000000
1782456533.448173,-1,0.000504,inf,SAFE_STAND,0.000000,-0.008396,0.057009,0.231002,0.000000,0.000000,0.000000,1.000000,1.000000
1782456533.468225,-1,0.000436,inf,SAFE_STAND,0.000000,-0.007958,0.055465,0.225571,0.000000,0.000000,0.000000,1.000000,1.000000
1782456533.488303,-1,0.000443,inf,SAFE_STAND,0.000000,-0.007338,0.053989,0.219358,0.000000,0.000000,0.000000,1.000000,1.000000
1782456533.508932,-1,0.000653,inf,SAFE_STAND,0.000000,-0.006505,0.052482,0.212429,0.000000,0.000000,0.000000,1.000000,1.000000
1782456533.528837,-1,0.000430,inf,SAFE_STAND,0.000000,-0.005500,0.050862,0.204253,0.000000,0.000000,0.000000,1.000000,1.000000
1782456533.548976,-1,0.000444,inf,SAFE_STAND,0.000000,-0.004410,0.049239,0.195504,0.000000,0.000000,0.000000,1.000000,1.000000
1782456533.569053,-1,0.000443,inf,SAFE_STAND,0.000000,-0.003325,0.047676,0.186202,0.000000,0.000000,0.000000,1.000000,1.000000
1782456533.589109,-1,0.000426,inf,SAFE_STAND,0.000000,-0.002295,0.046234,0.176259,0.000000,0.000000,0.000000,1.000000,1.000000
1782456533.609706,-1,0.000577,11.213338,SAFE_STAND,0.000000,-0.001198,0.044809,0.165339,0.000000,0.000000,0.000000,1.000000,1.000000
1782456533.629643,-1,0.000439,inf,SAFE_STAND,0.000000,-0.000060,0.043392,0.152939,0.000000,0.000000,0.000000,1.000000,1.000000
1782456533.649762,-1,0.000430,inf,SAFE_STAND,0.000000,0.001031,0.042293,0.140437,0.000000,0.000000,0.000000,1.000000,1.000000
1782456533.670504,-1,0.000447,inf,SAFE_STAND,0.000000,0.002030,0.041283,0.127602,0.000000,0.000000,0.000000,1.000000,1.000000
1782456533.690629,-1,0.000442,inf,SAFE_STAND,0.000000,0.003011,0.040393,0.114392,0.000000,0.000000,0.000000,1.000000,1.000000
1782456533.711251,-1,0.000671,inf,SAFE_STAND,0.000000,0.003927,0.039628,0.100149,0.000000,0.000000,0.000000,1.000000,1.000000
1782456533.731133,-1,0.000431,inf,SAFE_STAND,0.000000,0.004722,0.038835,0.086264,0.000000,0.000000,0.000000,1.000000,1.000000
1782456533.751279,-1,0.000441,inf,SAFE_STAND,0.000000,0.005373,0.038057,0.071977,0.000000,0.000000,0.000000,1.000000,1.000000
1782456533.771390,-1,0.000429,inf,SAFE_STAND,0.000000,0.005977,0.037261,0.057475,0.000000,0.000000,0.000000,1.000000,1.000000
1782456533.791985,-1,0.000424,inf,SAFE_STAND,0.000000,0.006536,0.036480,0.041447,0.000000,0.000000,0.000000,1.000000,1.000000
1782456533.812298,-1,0.000661,inf,SAFE_STAND,0.000000,0.007059,0.035786,0.027177,0.000000,0.000000,0.000000,1.000000,1.000000
1782456533.832735,-1,0.000692,inf,SAFE_STAND,0.000000,0.007505,0.034956,0.011964,0.000000,0.000000,0.000000,1.000000,1.000000
1782456533.852726,-1,0.000437,inf,SAFE_STAND,0.000000,0.007940,0.033847,-0.003520,0.000000,0.000000,0.000000,1.000000,1.000000
1782456533.872897,-1,0.000488,inf,SAFE_STAND,0.000000,0.008400,0.032713,-0.017188,0.000000,0.000000,0.000000,1.000000,1.000000
1782456533.893036,-1,0.000472,inf,SAFE_STAND,0.000000,0.008874,0.031316,-0.031736,0.000000,0.000000,0.000000,1.000000,1.000000
1782456533.913474,-1,0.000446,inf,SAFE_STAND,0.000000,0.009316,0.029822,-0.045739,0.000000,0.000000,0.000000,1.000000,1.000000
1782456533.933594,-1,0.000451,inf,SAFE_STAND,0.000000,0.009691,0.028240,-0.058619,0.000000,0.000000,0.000000,1.000000,1.000000
1782456533.954005,-1,0.000746,inf,SAFE_STAND,0.000000,0.009989,0.026695,-0.071024,0.000000,0.000000,0.000000,1.000000,1.000000
1782456533.974100,-1,0.000709,inf,SAFE_STAND,0.000000,0.010190,0.025062,-0.085626,0.000000,0.000000,0.000000,1.000000,1.000000
1782456533.994129,-1,0.000672,inf,SAFE_STAND,0.000000,0.010384,0.023526,-0.099803,0.000000,0.000000,0.000000,1.000000,1.000000
1782456534.014192,-1,0.000671,inf,SAFE_STAND,0.000000,0.010589,0.022126,-0.113185,0.000000,0.000000,0.000000,1.000000,1.000000
1782456534.034172,-1,0.000430,inf,SAFE_STAND,0.000000,0.010811,0.020700,-0.127932,0.000000,0.000000,0.000000,1.000000,1.000000
1782456534.054246,-1,0.000427,inf,SAFE_STAND,0.000000,0.011099,0.019390,-0.142548,0.000000,0.000000,0.000000,1.000000,1.000000
1782456534.074325,-1,0.000433,inf,SAFE_STAND,0.000000,0.011436,0.018279,-0.156470,0.000000,0.000000,0.000000,1.000000,1.000000
1782456534.094700,-1,0.000421,inf,SAFE_STAND,0.000000,0.011860,0.017277,-0.170464,0.000000,0.000000,0.000000,1.000000,1.000000
1782456534.115322,-1,0.000931,11.718704,SAFE_STAND,0.000000,0.012371,0.016391,-0.184470,0.000000,0.000000,0.000000,1.000000,1.000000
1782456534.134895,-1,0.000428,inf,SAFE_STAND,0.000000,0.012896,0.015731,-0.198436,0.000000,0.000000,0.000000,1.000000,1.000000
1782456534.155023,-1,0.000431,inf,SAFE_STAND,0.000000,0.013474,0.015197,-0.212320,0.000000,0.000000,0.000000,1.000000,1.000000
1782456534.175599,-1,0.000426,inf,SAFE_STAND,0.000000,0.014082,0.014803,-0.226816,0.000000,0.000000,0.000000,1.000000,1.000000
1782456534.195720,-1,0.000428,inf,SAFE_STAND,0.000000,0.014705,0.014597,-0.240658,0.000000,0.000000,0.000000,1.000000,1.000000
1782456534.215846,-1,0.000439,inf,SAFE_STAND,0.000000,0.015371,0.014549,-0.254512,0.000000,0.000000,0.000000,1.000000,1.000000
1782456534.236239,-1,0.000441,inf,SAFE_STAND,0.000000,0.016074,0.014598,-0.268947,0.000000,0.000000,0.000000,1.000000,1.000000
1782456534.256359,-1,0.000436,inf,SAFE_STAND,0.000000,0.016796,0.014710,-0.282711,0.000000,0.000000,0.000000,1.000000,1.000000
1782456534.276469,-1,0.000429,inf,SAFE_STAND,0.000000,0.017480,0.014915,-0.295852,0.000000,0.000000,0.000000,1.000000,1.000000
1782456534.296850,-1,0.000687,inf,SAFE_STAND,0.000000,0.018250,0.015234,-0.310335,0.000000,0.000000,0.000000,1.000000,1.000000
1782456534.316922,-1,0.000439,inf,SAFE_STAND,0.000000,0.019014,0.015556,-0.324742,0.000000,0.000000,0.000000,1.000000,1.000000
1782456534.337040,-1,0.000429,inf,SAFE_STAND,0.000000,0.019688,0.015851,-0.337810,0.000000,0.000000,0.000000,1.000000,1.000000
1782456534.357178,-1,0.000431,inf,SAFE_STAND,0.000000,0.020404,0.016149,-0.351564,0.000000,0.000000,0.000000,1.000000,1.000000
1782456534.377314,-1,0.000445,inf,SAFE_STAND,0.000000,0.021099,0.016412,-0.365244,0.000000,0.000000,0.000000,1.000000,1.000000
1782456534.397747,-1,0.000447,inf,SAFE_STAND,0.000000,0.021855,0.016683,-0.380296,0.000000,0.000000,0.000000,1.000000,1.000000
1782456534.417820,-1,0.000447,inf,SAFE_STAND,0.000000,0.022423,0.016856,-0.393314,0.000000,0.000000,0.000000,1.000000,1.000000
1782456534.437962,-1,0.000431,inf,SAFE_STAND,0.000000,0.023021,0.016955,-0.406956,0.000000,0.000000,0.000000,1.000000,1.000000
1782456534.458588,-1,0.000677,inf,SAFE_STAND,0.000000,0.023605,0.016971,-0.420602,0.000000,0.000000,0.000000,1.000000,1.000000
1782456534.478464,-1,0.000430,inf,SAFE_STAND,0.000000,0.024151,0.016863,-0.434972,0.000000,0.000000,0.000000,1.000000,1.000000
1782456534.498585,-1,0.000431,inf,SAFE_STAND,0.000000,0.024681,0.016638,-0.448536,0.000000,0.000000,0.000000,1.000000,1.000000
1782456534.518708,-1,0.000426,inf,SAFE_STAND,0.000000,0.025127,0.016299,-0.462080,0.000000,0.000000,0.000000,1.000000,1.000000
1782456534.539313,-1,0.000686,inf,SAFE_STAND,0.000000,0.025510,0.015874,-0.475657,0.000000,0.000000,0.000000,1.000000,1.000000
1782456534.559186,-1,0.000426,inf,SAFE_STAND,0.000000,0.025858,0.015391,-0.489185,0.000000,0.000000,0.000000,1.000000,1.000000
1782456534.579318,-1,0.000426,inf,SAFE_STAND,0.000000,0.026151,0.014794,-0.503326,0.000000,0.000000,0.000000,1.000000,1.000000
1782456534.599440,-1,0.000425,inf,SAFE_STAND,0.000000,0.026368,0.014188,-0.516829,0.000000,0.000000,0.000000,1.000000,1.000000
1782456534.620193,-1,0.000614,12.223823,SAFE_STAND,0.000000,0.026490,0.013512,-0.530318,0.000000,0.000000,0.000000,1.000000,1.000000
1782456534.640083,-1,0.000433,inf,SAFE_STAND,0.000000,0.026586,0.012849,-0.543712,0.000000,0.000000,0.000000,1.000000,1.000000
1782456534.660144,-1,0.000423,inf,SAFE_STAND,0.000000,0.026613,0.012096,-0.557779,0.000000,0.000000,0.000000,1.000000,1.000000
1782456534.680271,-1,0.000479,inf,SAFE_STAND,0.000000,0.026574,0.011451,-0.571163,0.000000,0.000000,0.000000,1.000000,1.000000
1782456534.700751,-1,0.000429,inf,SAFE_STAND,0.000000,0.026477,0.010863,-0.583799,0.000000,0.000000,0.000000,1.000000,1.000000
1782456534.720771,-1,0.000383,inf,SAFE_STAND,0.000000,0.026288,0.010289,-0.597765,0.000000,0.000000,0.000000,1.000000,1.000000
1782456534.740955,-1,0.000448,inf,SAFE_STAND,0.000000,0.026033,0.009857,-0.610972,0.000000,0.000000,0.000000,1.000000,1.000000
1782456534.761241,-1,0.000611,inf,SAFE_STAND,0.000000,0.025748,0.009542,-0.624172,0.000000,0.000000,0.000000,1.000000,1.000000
1782456534.781432,-1,0.000644,inf,SAFE_STAND,0.000000,0.025407,0.009380,-0.637333,0.000000,0.000000,0.000000,1.000000,1.000000
1782456534.801378,-1,0.000424,inf,SAFE_STAND,0.000000,0.024959,0.009282,-0.651136,0.000000,0.000000,0.000000,1.000000,1.000000
1782456534.821548,-1,0.000478,inf,SAFE_STAND,0.000000,0.024493,0.009293,-0.664214,0.000000,0.000000,0.000000,1.000000,1.000000
1782456534.841642,-1,0.000439,inf,SAFE_STAND,0.000000,0.023995,0.009447,-0.677224,0.000000,0.000000,0.000000,1.000000,1.000000
1782456534.861774,-1,0.000430,inf,SAFE_STAND,0.000000,0.023410,0.009818,-0.690209,0.000000,0.000000,0.000000,1.000000,1.000000
1782456534.882110,-1,0.000434,inf,SAFE_STAND,0.000000,0.022790,0.010352,-0.703740,0.000000,0.000000,0.000000,1.000000,1.000000
1782456534.902194,-1,0.000442,inf,SAFE_STAND,0.000000,0.022175,0.010888,-0.715931,0.000000,0.000000,0.000000,1.000000,1.000000
1782456534.922548,-1,0.000717,inf,SAFE_STAND,0.000000,0.021469,0.011608,-0.728690,0.000000,0.000000,0.000000,1.000000,1.000000
1782456534.942393,-1,0.000481,inf,SAFE_STAND,0.000000,0.020722,0.012470,-0.742141,0.000000,0.000000,0.000000,1.000000,1.000000
1782456534.962814,-1,0.000431,inf,SAFE_STAND,0.000000,0.019941,0.013423,-0.754917,0.000000,0.000000,0.000000,1.000000,1.000000
1782456534.982949,-1,0.000440,inf,SAFE_STAND,0.000000,0.019148,0.014424,-0.767650,0.000000,0.000000,0.000000,1.000000,1.000000
1782456535.003273,-1,0.000690,inf,SAFE_STAND,0.000000,0.018346,0.015489,-0.780349,0.000000,0.000000,0.000000,1.000000,1.000000
1782456535.023127,-1,0.000449,inf,SAFE_STAND,0.000000,0.017426,0.016607,-0.793596,0.000000,0.000000,0.000000,1.000000,1.000000
1782456535.043507,-1,0.000457,inf,SAFE_STAND,0.000000,0.016506,0.017630,-0.806164,0.000000,0.000000,0.000000,1.000000,1.000000
1782456535.063540,-1,0.000418,inf,SAFE_STAND,0.000000,0.015567,0.018596,-0.818771,0.000000,0.000000,0.000000,1.000000,1.000000
1782456535.083638,-1,0.000447,inf,SAFE_STAND,0.000000,0.014601,0.019432,-0.831342,0.000000,0.000000,0.000000,1.000000,1.000000
1782456535.103697,-1,0.000432,inf,SAFE_STAND,0.000000,0.013623,0.020163,-0.843834,0.000000,0.000000,0.000000,1.000000,1.000000
1782456535.124140,-1,0.000798,12.727569,SAFE_STAND,0.000000,0.012638,0.020677,-0.856291,0.000000,0.000000,0.000000,1.000000,1.000000
1782456535.144047,-1,0.000634,inf,SAFE_STAND,0.000000,0.011661,0.021022,-0.868687,0.000000,0.000000,0.000000,1.000000,1.000000
1782456535.164141,-1,0.000658,inf,SAFE_STAND,0.000000,0.010689,0.021151,-0.881076,0.000000,0.000000,0.000000,1.000000,1.000000
1782456535.184105,-1,0.000475,inf,SAFE_STAND,0.000000,0.009722,0.021097,-0.893466,0.000000,0.000000,0.000000,1.000000,1.000000
1782456535.204126,-1,0.000424,inf,SAFE_STAND,0.000000,0.008709,0.020912,-0.906456,0.000000,0.000000,0.000000,1.000000,1.000000
1782456535.224215,-1,0.000443,inf,SAFE_STAND,0.000000,0.007748,0.020487,-0.918749,0.000000,0.000000,0.000000,1.000000,1.000000
1782456535.244327,-1,0.000483,inf,SAFE_STAND,0.000000,0.006796,0.019914,-0.930934,0.000000,0.000000,0.000000,1.000000,1.000000
1782456535.264682,-1,0.000471,inf,SAFE_STAND,0.000000,0.005874,0.019247,-0.943095,0.000000,0.000000,0.000000,1.000000,1.000000
1782456535.284790,-1,0.000444,inf,SAFE_STAND,0.000000,0.004977,0.018553,-0.955233,0.000000,0.000000,0.000000,1.000000,1.000000
1782456535.304890,-1,0.000474,inf,SAFE_STAND,0.000000,0.004084,0.017787,-0.967947,0.000000,0.000000,0.000000,1.000000,1.000000
1782456535.324980,-1,0.000481,inf,SAFE_STAND,0.000000,0.003304,0.017087,-0.980026,0.000000,0.000000,0.000000,1.000000,1.000000
1782456535.345023,-1,0.000450,inf,SAFE_STAND,0.000000,0.002606,0.016499,-0.991379,0.000000,0.000000,0.000000,1.000000,1.000000
1782456535.365595,-1,0.000747,inf,SAFE_STAND,0.000000,0.001893,0.015981,-1.003281,0.000000,0.000000,0.000000,1.000000,1.000000
1782456535.385432,-1,0.000491,inf,SAFE_STAND,0.000000,0.001166,0.015507,-1.015723,0.000000,0.000000,0.000000,1.000000,1.000000
1782456535.405474,-1,0.000445,inf,SAFE_STAND,0.000000,0.000394,0.015125,-1.027564,0.000000,0.000000,0.000000,1.000000,1.000000
1782456535.425613,-1,0.000483,inf,SAFE_STAND,0.000000,-0.000434,0.014782,-1.039353,0.000000,0.000000,0.000000,1.000000,1.000000
1782456535.446382,-1,0.000814,inf,SAFE_STAND,0.000000,-0.001346,0.014466,-1.051086,0.000000,0.000000,0.000000,1.000000,1.000000
1782456535.466143,-1,0.000490,inf,SAFE_STAND,0.000000,-0.002363,0.014172,-1.063337,0.000000,0.000000,0.000000,1.000000,1.000000
1782456535.486169,-1,0.000435,inf,SAFE_STAND,0.000000,-0.003377,0.013947,-1.074880,0.000000,0.000000,0.000000,1.000000,1.000000
1782456535.506269,-1,0.000463,inf,SAFE_STAND,0.000000,-0.004366,0.013836,-1.086405,0.000000,0.000000,0.000000,1.000000,1.000000
1782456535.526804,-1,0.000694,inf,SAFE_STAND,0.000000,-0.005292,0.013858,-1.097881,0.000000,0.000000,0.000000,1.000000,1.000000
1782456535.546832,-1,0.000650,inf,SAFE_STAND,0.000000,-0.006249,0.014021,-1.109304,0.000000,0.000000,0.000000,1.000000,1.000000
1782456535.566803,-1,0.000433,inf,SAFE_STAND,0.000000,-0.007255,0.014392,-1.121237,0.000000,0.000000,0.000000,1.000000,1.000000
1782456535.586862,-1,0.000423,inf,SAFE_STAND,0.000000,-0.008193,0.014895,-1.132486,0.000000,0.000000,0.000000,1.000000,1.000000
1782456535.606956,-1,0.000446,inf,SAFE_STAND,0.000000,-0.009178,0.015521,-1.143721,0.000000,0.000000,0.000000,1.000000,1.000000
1782456535.627344,-1,0.000766,13.230770,SAFE_STAND,0.000000,-0.010044,0.016217,-1.154351,0.000000,0.000000,0.000000,1.000000,1.000000
1782456535.647308,-1,0.000661,inf,SAFE_STAND,0.000000,-0.010944,0.016987,-1.165440,0.000000,0.000000,0.000000,1.000000,1.000000
1782456535.667357,-1,0.000641,inf,SAFE_STAND,0.000000,-0.011829,0.017748,-1.177131,0.000000,0.000000,0.000000,1.000000,1.000000
1782456535.687378,-1,0.000417,inf,SAFE_STAND,0.000000,-0.012600,0.018406,-1.188196,0.000000,0.000000,0.000000,1.000000,1.000000
1782456535.707458,-1,0.000427,inf,SAFE_STAND,0.000000,-0.013292,0.019040,-1.199208,0.000000,0.000000,0.000000,1.000000,1.000000
1782456535.727516,-1,0.000418,inf,SAFE_STAND,0.000000,-0.013888,0.019570,-1.210137,0.000000,0.000000,0.000000,1.000000,1.000000
1782456535.747600,-1,0.000431,inf,SAFE_STAND,0.000000,-0.014336,0.020028,-1.220980,0.000000,0.000000,0.000000,1.000000,1.000000
1782456535.768240,-1,0.000424,inf,SAFE_STAND,0.000000,-0.014684,0.020303,-1.231746,0.000000,0.000000,0.000000,1.000000,1.000000
1782456535.788370,-1,0.000471,inf,SAFE_STAND,0.000000,-0.014889,0.020556,-1.243005,0.000000,0.000000,0.000000,1.000000,1.000000
1782456535.808975,-1,0.000434,inf,SAFE_STAND,0.000000,-0.014958,0.020735,-1.254180,0.000000,0.000000,0.000000,1.000000,1.000000
1782456535.829032,-1,0.000422,inf,SAFE_STAND,0.000000,-0.014962,0.020847,-1.264795,0.000000,0.000000,0.000000,1.000000,1.000000
1782456535.849180,-1,0.000499,inf,SAFE_STAND,0.000000,-0.014861,0.020917,-1.275329,0.000000,0.000000,0.000000,1.000000,1.000000
1782456535.869618,-1,0.000631,inf,SAFE_STAND,0.000000,-0.014696,0.020868,-1.285820,0.000000,0.000000,0.000000,1.000000,1.000000
1782456535.889812,-1,0.000547,inf,SAFE_STAND,0.000000,-0.014387,0.020767,-1.296782,0.000000,0.000000,0.000000,1.000000,1.000000
1782456535.909867,-1,0.000522,inf,SAFE_STAND,0.000000,-0.014014,0.020594,-1.306644,0.000000,0.000000,0.000000,1.000000,1.000000
1782456535.930454,-1,0.000646,inf,SAFE_STAND,0.000000,-0.013485,0.020282,-1.317470,0.000000,0.000000,0.000000,1.000000,1.000000
1782456535.950665,-1,0.000536,inf,SAFE_STAND,0.000000,-0.012827,0.019913,-1.328235,0.000000,0.000000,0.000000,1.000000,1.000000
1782456535.970637,-1,0.000433,inf,SAFE_STAND,0.000000,-0.012184,0.019422,-1.337893,0.000000,0.000000,0.000000,1.000000,1.000000
1782456535.991069,-1,0.000795,inf,SAFE_STAND,0.000000,-0.011363,0.018824,-1.348437,0.000000,0.000000,0.000000,1.000000,1.000000
1782456536.010756,-1,0.000415,inf,SAFE_STAND,0.000000,-0.010539,0.018287,-1.358432,0.000000,0.000000,0.000000,1.000000,1.000000
1782456536.031173,-1,0.000407,inf,SAFE_STAND,0.000000,-0.009731,0.017744,-1.368418,0.000000,0.000000,0.000000,1.000000,1.000000
1782456536.051317,-1,0.000462,inf,SAFE_STAND,0.000000,-0.008929,0.017225,-1.378345,0.000000,0.000000,0.000000,1.000000,1.000000
1782456536.071329,-1,0.000401,inf,SAFE_STAND,0.000000,-0.008127,0.016810,-1.388116,0.000000,0.000000,0.000000,1.000000,1.000000
1782456536.091411,-1,0.000415,inf,SAFE_STAND,0.000000,-0.007363,0.016517,-1.397864,0.000000,0.000000,0.000000,1.000000,1.000000
1782456536.111685,-1,0.000615,inf,SAFE_STAND,0.000000,-0.006677,0.016330,-1.407565,0.000000,0.000000,0.000000,1.000000,1.000000
1782456536.131879,-1,0.000738,13.735504,SAFE_STAND,0.000000,-0.006047,0.016231,-1.417188,0.000000,0.000000,0.000000,1.000000,1.000000
1782456536.151682,-1,0.000468,inf,SAFE_STAND,0.000000,-0.005453,0.016210,-1.427167,0.000000,0.000000,0.000000,1.000000,1.000000
1782456536.171704,-1,0.000416,inf,SAFE_STAND,0.000000,-0.004887,0.016310,-1.436684,0.000000,0.000000,0.000000,1.000000,1.000000
1782456536.191789,-1,0.000431,inf,SAFE_STAND,0.000000,-0.004374,0.016428,-1.446122,0.000000,0.000000,0.000000,1.000000,1.000000
1782456536.211899,-1,0.000468,inf,SAFE_STAND,0.000000,-0.003824,0.016590,-1.455426,0.000000,0.000000,0.000000,1.000000,1.000000
1782456536.232155,-1,0.000651,inf,SAFE_STAND,0.000000,-0.003278,0.016753,-1.464195,0.000000,0.000000,0.000000,1.000000,1.000000
1782456536.252286,-1,0.000710,inf,SAFE_STAND,0.000000,-0.002625,0.016974,-1.473791,0.000000,0.000000,0.000000,1.000000,1.000000
1782456536.272283,-1,0.000629,inf,SAFE_STAND,0.000000,-0.001971,0.017242,-1.482852,0.000000,0.000000,0.000000,1.000000,1.000000
1782456536.292319,-1,0.000450,inf,SAFE_STAND,0.000000,-0.001279,0.017529,-1.491861,0.000000,0.000000,0.000000,1.000000,1.000000
1782456536.312444,-1,0.000501,inf,SAFE_STAND,0.000000,-0.000560,0.017849,-1.500764,0.000000,0.000000,0.000000,1.000000,1.000000
1782456536.332483,-1,0.000468,inf,SAFE_STAND,0.000000,0.000207,0.018177,-1.510031,0.000000,0.000000,0.000000,1.000000,1.000000
1782456536.352935,-1,0.000846,inf,SAFE_STAND,0.000000,0.000950,0.018557,-1.518347,0.000000,0.000000,0.000000,1.000000,1.000000
1782456536.372943,-1,0.000781,inf,SAFE_STAND,0.000000,0.001782,0.018989,-1.527037,0.000000,0.000000,0.000000,1.000000,1.000000
1782456536.392989,-1,0.000748,inf,SAFE_STAND,0.000000,0.002646,0.019432,-1.535691,0.000000,0.000000,0.000000,1.000000,1.000000
1782456536.413104,-1,0.000438,inf,SAFE_STAND,0.000000,0.003590,0.019837,-1.544682,0.000000,0.000000,0.000000,1.000000,1.000000
1782456536.433233,-1,0.000434,inf,SAFE_STAND,0.000000,0.004527,0.020213,-1.553170,0.000000,0.000000,0.000000,1.000000,1.000000
1782456536.454004,-1,0.000715,inf,SAFE_STAND,0.000000,0.005562,0.020619,-1.562026,0.000000,0.000000,0.000000,1.000000,1.000000
1782456536.474308,-1,0.000692,inf,SAFE_STAND,0.000000,0.006596,0.020865,-1.570408,0.000000,0.000000,0.000000,1.000000,1.000000
1782456536.494819,-1,0.000692,inf,SAFE_STAND,0.000000,0.007683,0.021101,-1.579094,0.000000,0.000000,0.000000,1.000000,1.000000
1782456536.514928,-1,0.000685,inf,SAFE_STAND,0.000000,0.008737,0.021210,-1.587274,0.000000,0.000000,0.000000,1.000000,1.000000
1782456536.535707,-1,0.001092,inf,SAFE_STAND,0.000000,0.009768,0.021194,-1.595369,0.000000,0.000000,0.000000,1.000000,1.000000
1782456536.555688,-1,0.000940,inf,SAFE_STAND,0.000000,0.010700,0.021136,-1.602998,0.000000,0.000000,0.000000,1.000000,1.000000
1782456536.575588,-1,0.000711,inf,SAFE_STAND,0.000000,0.011666,0.020970,-1.611337,0.000000,0.000000,0.000000,1.000000,1.000000
1782456536.595754,-1,0.000677,inf,SAFE_STAND,0.000000,0.012531,0.020691,-1.619652,0.000000,0.000000,0.000000,1.000000,1.000000
1782456536.616378,-1,0.000921,inf,SAFE_STAND,0.000000,0.013244,0.020358,-1.627138,0.000000,0.000000,0.000000,1.000000,1.000000
1782456536.636906,-1,0.001160,14.240048,SAFE_STAND,0.000000,0.013975,0.019964,-1.635261,0.000000,0.000000,0.000000,1.000000,1.000000
1782456536.656583,-1,0.000691,inf,SAFE_STAND,0.000000,0.014631,0.019542,-1.642910,0.000000,0.000000,0.000000,1.000000,1.000000
1782456536.676707,-1,0.000696,inf,SAFE_STAND,0.000000,0.015272,0.019074,-1.650464,0.000000,0.000000,0.000000,1.000000,1.000000
1782456536.697047,-1,0.000911,inf,SAFE_STAND,0.000000,0.015923,0.018583,-1.657949,0.000000,0.000000,0.000000,1.000000,1.000000
1782456536.717190,-1,0.000936,inf,SAFE_STAND,0.000000,0.016602,0.018047,-1.665336,0.000000,0.000000,0.000000,1.000000,1.000000
1782456536.737737,-1,0.001108,inf,SAFE_STAND,0.000000,0.017334,0.017614,-1.673053,0.000000,0.000000,0.000000,1.000000,1.000000
1782456536.757679,-1,0.000929,inf,SAFE_STAND,0.000000,0.018017,0.017221,-1.680260,0.000000,0.000000,0.000000,1.000000,1.000000
1782456536.777745,-1,0.000912,inf,SAFE_STAND,0.000000,0.018664,0.016827,-1.687420,0.000000,0.000000,0.000000,1.000000,1.000000
1782456536.797852,-1,0.000935,inf,SAFE_STAND,0.000000,0.019271,0.016473,-1.694481,0.000000,0.000000,0.000000,1.000000,1.000000
1782456536.817947,-1,0.000692,inf,SAFE_STAND,0.000000,0.019983,0.016322,-1.701789,0.000000,0.000000,0.000000,1.000000,1.000000
1782456536.838555,-1,0.000961,inf,SAFE_STAND,0.000000,0.020733,0.016268,-1.708685,0.000000,0.000000,0.000000,1.000000,1.000000
1782456536.858644,-1,0.000704,inf,SAFE_STAND,0.000000,0.021639,0.016293,-1.715777,0.000000,0.000000,0.000000,1.000000,1.000000
1782456536.878756,-1,0.000703,inf,SAFE_STAND,0.000000,0.022485,0.016423,-1.722132,0.000000,0.000000,0.000000,1.000000,1.000000
1782456536.899498,-1,0.000913,inf,SAFE_STAND,0.000000,0.023475,0.016640,-1.728727,0.000000,0.000000,0.000000,1.000000,1.000000
1782456536.919703,-1,0.000721,inf,SAFE_STAND,0.000000,0.024644,0.016912,-1.735873,0.000000,0.000000,0.000000,1.000000,1.000000
1782456536.940088,-1,0.000732,inf,SAFE_STAND,0.000000,0.025785,0.017165,-1.742260,0.000000,0.000000,0.000000,1.000000,1.000000
1782456536.960164,-1,0.000688,inf,SAFE_STAND,0.000000,0.026999,0.017440,-1.748582,0.000000,0.000000,0.000000,1.000000,1.000000
1782456536.980290,-1,0.000685,inf,SAFE_STAND,0.000000,0.028324,0.017710,-1.754810,0.000000,0.000000,0.000000,1.000000,1.000000
1782456537.000902,-1,0.000929,inf,SAFE_STAND,0.000000,0.029831,0.017934,-1.761264,0.000000,0.000000,0.000000,1.000000,1.000000
1782456537.021046,-1,0.000951,inf,SAFE_STAND,0.000000,0.031301,0.018126,-1.766981,0.000000,0.000000,0.000000,1.000000,1.000000
1782456537.040900,-1,0.000680,inf,SAFE_STAND,0.000000,0.032975,0.018226,-1.773241,0.000000,0.000000,0.000000,1.000000,1.000000
1782456537.061559,-1,0.000930,inf,SAFE_STAND,0.000000,0.034634,0.018256,-1.779168,0.000000,0.000000,0.000000,1.000000,1.000000
1782456537.081827,-1,0.000852,inf,SAFE_STAND,0.000000,0.036275,0.018248,-1.785195,0.000000,0.000000,0.000000,1.000000,1.000000
1782456537.102263,-1,0.000831,inf,SAFE_STAND,0.000000,0.037753,0.018206,-1.790837,0.000000,0.000000,0.000000,1.000000,1.000000
1782456537.122189,-1,0.000675,inf,SAFE_STAND,0.000000,0.039180,0.018099,-1.796442,0.000000,0.000000,0.000000,1.000000,1.000000
1782456537.142441,-1,0.000610,14.746016,SAFE_STAND,0.000000,0.040430,0.018010,-1.802198,0.000000,0.000000,0.000000,1.000000,1.000000
1782456537.162378,-1,0.000465,inf,SAFE_STAND,0.000000,0.041288,0.017904,-1.807322,0.000000,0.000000,0.000000,1.000000,1.000000
1782456537.182436,-1,0.000452,inf,SAFE_STAND,0.000000,0.041903,0.017834,-1.812888,0.000000,0.000000,0.000000,1.000000,1.000000
1782456537.202706,-1,0.000648,inf,SAFE_STAND,0.000000,0.042122,0.017929,-1.818003,0.000000,0.000000,0.000000,1.000000,1.000000
1782456537.222819,-1,0.000686,inf,SAFE_STAND,0.000000,0.042004,0.018062,-1.823038,0.000000,0.000000,0.000000,1.000000,1.000000
1782456537.242853,-1,0.000649,inf,SAFE_STAND,0.000000,0.041612,0.018235,-1.827727,0.000000,0.000000,0.000000,1.000000,1.000000
1782456537.262922,-1,0.000648,inf,SAFE_STAND,0.000000,0.040899,0.018511,-1.832664,0.000000,0.000000,0.000000,1.000000,1.000000
1782456537.282790,-1,0.000435,inf,SAFE_STAND,0.000000,0.039684,0.019046,-1.837863,0.000000,0.000000,0.000000,1.000000,1.000000
1782456537.302846,-1,0.000421,inf,SAFE_STAND,0.000000,0.038215,0.019650,-1.842248,0.000000,0.000000,0.000000,1.000000,1.000000
1782456537.322871,-1,0.000379,inf,SAFE_STAND,0.000000,0.036182,0.020518,-1.846727,0.000000,0.000000,0.000000,1.000000,1.000000
1782456537.343421,-1,0.000643,inf,SAFE_STAND,0.000000,0.033653,0.021643,-1.851131,0.000000,0.000000,0.000000,1.000000,1.000000
1782456537.363711,-1,0.000774,inf,SAFE_STAND,0.000000,0.030504,0.023032,-1.855618,0.000000,0.000000,0.000000,1.000000,1.000000
1782456537.383988,-1,0.000690,inf,SAFE_STAND,0.000000,0.027097,0.024588,-1.859868,0.000000,0.000000,0.000000,1.000000,1.000000
1782456537.404697,-1,0.000691,inf,SAFE_STAND,0.000000,0.023134,0.026389,-1.864266,0.000000,0.000000,0.000000,1.000000,1.000000
1782456537.425512,-1,0.000962,inf,SAFE_STAND,0.000000,0.019113,0.028278,-1.868450,0.000000,0.000000,0.000000,1.000000,1.000000
1782456537.445298,-1,0.000502,inf,SAFE_STAND,0.000000,0.014656,0.030347,-1.872787,0.000000,0.000000,0.000000,1.000000,1.000000
1782456537.465489,-1,0.000612,inf,SAFE_STAND,0.000000,0.010454,0.032245,-1.876915,0.000000,0.000000,0.000000,1.000000,1.000000
1782456537.485473,-1,0.000514,inf,SAFE_STAND,0.000000,0.006550,0.034122,-1.881134,0.000000,0.000000,0.000000,1.000000,1.000000
1782456537.505481,-1,0.000437,inf,SAFE_STAND,0.000000,0.003068,0.035810,-1.885077,0.000000,0.000000,0.000000,1.000000,1.000000
1782456537.525792,-1,0.000432,inf,SAFE_STAND,0.000000,-0.000464,0.037702,-1.889120,0.000000,0.000000,0.000000,1.000000,1.000000
1782456537.546213,-1,0.000782,inf,SAFE_STAND,0.000000,-0.003974,0.039426,-1.892846,0.000000,0.000000,0.000000,1.000000,1.000000
1782456537.566410,-1,0.000676,inf,SAFE_STAND,0.000000,-0.007561,0.040896,-1.896187,0.000000,0.000000,0.000000,1.000000,1.000000
1782456537.586909,-1,0.000662,inf,SAFE_STAND,0.000000,-0.010867,0.042241,-1.899569,0.000000,0.000000,0.000000,1.000000,1.000000
1782456537.606997,-1,0.000666,inf,SAFE_STAND,0.000000,-0.013734,0.043478,-1.902928,0.000000,0.000000,0.000000,1.000000,1.000000
1782456537.627532,-1,0.000877,inf,SAFE_STAND,0.000000,-0.016335,0.044506,-1.906394,0.000000,0.000000,0.000000,1.000000,1.000000
1782456537.647768,-1,0.001029,15.251183,SAFE_STAND,0.000000,-0.018342,0.045201,-1.909399,0.000000,0.000000,0.000000,1.000000,1.000000
1782456537.667739,-1,0.000677,inf,SAFE_STAND,0.000000,-0.020204,0.045683,-1.912633,0.000000,0.000000,0.000000,1.000000,1.000000
1782456537.687807,-1,0.000662,inf,SAFE_STAND,0.000000,-0.021590,0.045953,-1.915630,0.000000,0.000000,0.000000,1.000000,1.000000
1782456537.708334,-1,0.000882,inf,SAFE_STAND,0.000000,-0.022564,0.045970,-1.918471,0.000000,0.000000,0.000000,1.000000,1.000000
1782456537.728343,-1,0.000652,inf,SAFE_STAND,0.000000,-0.023314,0.045733,-1.921562,0.000000,0.000000,0.000000,1.000000,1.000000
1782456537.748451,-1,0.000678,inf,SAFE_STAND,0.000000,-0.023676,0.045265,-1.924281,0.000000,0.000000,0.000000,1.000000,1.000000
1782456537.768563,-1,0.000693,inf,SAFE_STAND,0.000000,-0.023802,0.044505,-1.926885,0.000000,0.000000,0.000000,1.000000,1.000000
1782456537.789044,-1,0.000878,inf,SAFE_STAND,0.000000,-0.023729,0.043565,-1.929249,0.000000,0.000000,0.000000,1.000000,1.000000
1782456537.808902,-1,0.000654,inf,SAFE_STAND,0.000000,-0.023467,0.042293,-1.931912,0.000000,0.000000,0.000000,1.000000,1.000000
1782456537.829042,-1,0.000651,inf,SAFE_STAND,0.000000,-0.023169,0.040957,-1.934203,0.000000,0.000000,0.000000,1.000000,1.000000
1782456537.849153,-1,0.000681,inf,SAFE_STAND,0.000000,-0.022821,0.039550,-1.936256,0.000000,0.000000,0.000000,1.000000,1.000000
1782456537.869429,-1,0.000656,inf,SAFE_STAND,0.000000,-0.022462,0.038023,-1.938364,0.000000,0.000000,0.000000,1.000000,1.000000
1782456537.889808,-1,0.000949,inf,SAFE_STAND,0.000000,-0.022032,0.036262,-1.940518,0.000000,0.000000,0.000000,1.000000,1.000000
1782456537.909853,-1,0.000710,inf,SAFE_STAND,0.000000,-0.021485,0.034512,-1.942451,0.000000,0.000000,0.000000,1.000000,1.000000
1782456537.929782,-1,0.000500,inf,SAFE_STAND,0.000000,-0.021110,0.032770,-1.944203,0.000000,0.000000,0.000000,1.000000,1.000000
1782456537.950350,-1,0.000735,inf,SAFE_STAND,0.000000,-0.020948,0.031045,-1.945785,0.000000,0.000000,0.000000,1.000000,1.000000
1782456537.970490,-1,0.000795,inf,SAFE_STAND,0.000000,-0.021026,0.029367,-1.947322,0.000000,0.000000,0.000000,1.000000,1.000000
1782456537.990328,-1,0.000475,inf,SAFE_STAND,0.000000,-0.021345,0.027715,-1.948909,0.000000,0.000000,0.000000,1.000000,1.000000
1782456538.010390,-1,0.000463,inf,SAFE_STAND,0.000000,-0.021851,0.026226,-1.950369,0.000000,0.000000,0.000000,1.000000,1.000000
1782456538.030473,-1,0.000465,inf,SAFE_STAND,0.000000,-0.022543,0.024854,-1.951745,0.000000,0.000000,0.000000,1.000000,1.000000
1782456538.050969,-1,0.000672,inf,SAFE_STAND,0.000000,-0.023328,0.023601,-1.953142,0.000000,0.000000,0.000000,1.000000,1.000000
1782456538.070993,-1,0.000448,inf,SAFE_STAND,0.000000,-0.024285,0.022454,-1.954503,0.000000,0.000000,0.000000,1.000000,1.000000
1782456538.091088,-1,0.000468,inf,SAFE_STAND,0.000000,-0.025204,0.021453,-1.955619,0.000000,0.000000,0.000000,1.000000,1.000000
1782456538.111365,-1,0.000449,inf,SAFE_STAND,0.000000,-0.026130,0.020605,-1.956646,0.000000,0.000000,0.000000,1.000000,1.000000
1782456538.131908,-1,0.000703,inf,SAFE_STAND,0.000000,-0.026946,0.019964,-1.957544,0.000000,0.000000,0.000000,1.000000,1.000000
1782456538.151909,-1,0.000625,15.755524,SAFE_STAND,0.000000,-0.027896,0.019331,-1.958493,0.000000,0.000000,0.000000,1.000000,1.000000
1782456538.171838,-1,0.000477,inf,SAFE_STAND,0.000000,-0.028582,0.018920,-1.959270,0.000000,0.000000,0.000000,1.000000,1.000000
1782456538.191881,-1,0.000443,inf,SAFE_STAND,0.000000,-0.028986,0.018587,-1.959918,0.000000,0.000000,0.000000,1.000000,1.000000
1782456538.211982,-1,0.000466,inf,SAFE_STAND,0.000000,-0.029087,0.018314,-1.960534,0.000000,0.000000,0.000000,1.000000,1.000000
1782456538.232275,-1,0.000680,inf,SAFE_STAND,0.000000,-0.028819,0.018116,-1.961090,0.000000,0.000000,0.000000,1.000000,1.000000
1782456538.252349,-1,0.000675,inf,SAFE_STAND,0.000000,-0.028474,0.017947,-1.961511,0.000000,0.000000,0.000000,1.000000,1.000000
1782456538.272324,-1,0.000458,inf,SAFE_STAND,0.000000,-0.028265,0.017787,-1.961787,0.000000,0.000000,0.000000,1.000000,1.000000
1782456538.292446,-1,0.000503,inf,SAFE_STAND,0.000000,-0.027751,0.017596,-1.962018,0.000000,0.000000,0.000000,1.000000,1.000000
1782456538.312742,-1,0.000723,inf,SAFE_STAND,0.000000,-0.026798,0.017388,-1.962165,0.000000,0.000000,0.000000,1.000000,1.000000
1782456538.332601,-1,0.000504,inf,SAFE_STAND,0.000000,-0.025432,0.017067,-1.962199,0.000000,0.000000,0.000000,1.000000,1.000000
1782456538.353107,-1,0.000515,inf,SAFE_STAND,0.000000,-0.023635,0.016648,-1.962105,0.000000,0.000000,0.000000,1.000000,1.000000
1782456538.373158,-1,0.000482,inf,SAFE_STAND,0.000000,-0.021711,0.016138,-1.961899,0.000000,0.000000,0.000000,1.000000,1.000000
1782456538.393212,-1,0.000460,inf,SAFE_STAND,0.000000,-0.019525,0.015560,-1.961600,0.000000,0.000000,0.000000,1.000000,1.000000
1782456538.413312,-1,0.000482,inf,SAFE_STAND,0.000000,-0.017139,0.014842,-1.961185,0.000000,0.000000,0.000000,1.000000,1.000000
1782456538.433853,-1,0.000497,inf,SAFE_STAND,0.000000,-0.014460,0.013952,-1.960694,0.000000,0.000000,0.000000,1.000000,1.000000
1782456538.453915,-1,0.000435,inf,SAFE_STAND,0.000000,-0.011772,0.012973,-1.960136,0.000000,0.000000,0.000000,1.000000,1.000000
1782456538.474063,-1,0.000429,inf,SAFE_STAND,0.000000,-0.009122,0.011939,-1.959569,0.000000,0.000000,0.000000,1.000000,1.000000
1782456538.494462,-1,0.000695,inf,SAFE_STAND,0.000000,-0.006160,0.010622,-1.958824,0.000000,0.000000,0.000000,1.000000,1.000000
1782456538.514542,-1,0.000424,inf,SAFE_STAND,0.000000,-0.003159,0.009184,-1.957968,0.000000,0.000000,0.000000,1.000000,1.000000
1782456538.534604,-1,0.000417,inf,SAFE_STAND,0.000000,-0.000415,0.007811,-1.957042,0.000000,0.000000,0.000000,1.000000,1.000000
1782456538.554716,-1,0.000453,inf,SAFE_STAND,0.000000,0.002473,0.006268,-1.956015,0.000000,0.000000,0.000000,1.000000,1.000000
1782456538.574809,-1,0.000424,inf,SAFE_STAND,0.000000,0.005407,0.004610,-1.954867,0.000000,0.000000,0.000000,1.000000,1.000000
1782456538.595206,-1,0.000686,inf,SAFE_STAND,0.000000,0.007916,0.003093,-1.953690,0.000000,0.000000,0.000000,1.000000,1.000000
1782456538.615190,-1,0.000432,inf,SAFE_STAND,0.000000,0.010411,0.001477,-1.952294,0.000000,0.000000,0.000000,1.000000,1.000000
1782456538.635259,-1,0.000431,inf,SAFE_STAND,0.000000,0.012533,0.000003,-1.950857,0.000000,0.000000,0.000000,1.000000,1.000000
1782456538.656141,-1,0.000919,16.259521,SAFE_STAND,0.000000,0.014439,-0.001451,-1.949381,0.000000,0.000000,0.000000,1.000000,1.000000
1782456538.676041,-1,0.000432,inf,SAFE_STAND,0.000000,0.016204,-0.002876,-1.947698,0.000000,0.000000,0.000000,1.000000,1.000000
1782456538.696194,-1,0.000447,inf,SAFE_STAND,0.000000,0.017641,-0.004052,-1.946021,0.000000,0.000000,0.000000,1.000000,1.000000
1782456538.716548,-1,0.000673,inf,SAFE_STAND,0.000000,0.018909,-0.005078,-1.944222,0.000000,0.000000,0.000000,1.000000,1.000000
1782456538.736671,-1,0.000679,inf,SAFE_STAND,0.000000,0.020083,-0.005935,-1.942321,0.000000,0.000000,0.000000,1.000000,1.000000
1782456538.756670,-1,0.000432,inf,SAFE_STAND,0.000000,0.021191,-0.006557,-1.940229,0.000000,0.000000,0.000000,1.000000,1.000000
1782456538.776783,-1,0.000431,inf,SAFE_STAND,0.000000,0.022161,-0.007000,-1.938197,0.000000,0.000000,0.000000,1.000000,1.000000
1782456538.796904,-1,0.000431,inf,SAFE_STAND,0.000000,0.023014,-0.007182,-1.936188,0.000000,0.000000,0.000000,1.000000,1.000000
1782456538.817271,-1,0.000686,inf,SAFE_STAND,0.000000,0.023836,-0.007214,-1.933926,0.000000,0.000000,0.000000,1.000000,1.000000
1782456538.837358,-1,0.000697,inf,SAFE_STAND,0.000000,0.024701,-0.007015,-1.931401,0.000000,0.000000,0.000000,1.000000,1.000000
1782456538.857523,-1,0.000499,inf,SAFE_STAND,0.000000,0.025537,-0.006579,-1.928908,0.000000,0.000000,0.000000,1.000000,1.000000
1782456538.877613,-1,0.000474,inf,SAFE_STAND,0.000000,0.026404,-0.005993,-1.926358,0.000000,0.000000,0.000000,1.000000,1.000000
1782456538.897704,-1,0.000435,inf,SAFE_STAND,0.000000,0.027356,-0.005293,-1.923704,0.000000,0.000000,0.000000,1.000000,1.000000
1782456538.918210,-1,0.000475,inf,SAFE_STAND,0.000000,0.028470,-0.004356,-1.920715,0.000000,0.000000,0.000000,1.000000,1.000000
1782456538.939019,-1,0.001168,inf,SAFE_STAND,0.000000,0.029508,-0.003415,-1.918002,0.000000,0.000000,0.000000,1.000000,1.000000
1782456538.958863,-1,0.000910,inf,SAFE_STAND,0.000000,0.030662,-0.002376,-1.915070,0.000000,0.000000,0.000000,1.000000,1.000000
1782456538.979000,-1,0.000929,inf,SAFE_STAND,0.000000,0.031871,-0.001293,-1.912059,0.000000,0.000000,0.000000,1.000000,1.000000
1782456538.999126,-1,0.000725,inf,SAFE_STAND,0.000000,0.033144,-0.000233,-1.908951,0.000000,0.000000,0.000000,1.000000,1.000000
1782456539.019227,-1,0.000708,inf,SAFE_STAND,0.000000,0.034429,0.000825,-1.905597,0.000000,0.000000,0.000000,1.000000,1.000000
1782456539.039800,-1,0.000914,inf,SAFE_STAND,0.000000,0.035736,0.001730,-1.902368,0.000000,0.000000,0.000000,1.000000,1.000000
1782456539.059983,-1,0.000684,inf,SAFE_STAND,0.000000,0.037062,0.002617,-1.899016,0.000000,0.000000,0.000000,1.000000,1.000000
1782456539.080683,-1,0.000930,inf,SAFE_STAND,0.000000,0.038356,0.003410,-1.895505,0.000000,0.000000,0.000000,1.000000,1.000000
1782456539.100964,-1,0.000866,inf,SAFE_STAND,0.000000,0.039729,0.004200,-1.891534,0.000000,0.000000,0.000000,1.000000,1.000000
1782456539.120915,-1,0.000686,inf,SAFE_STAND,0.000000,0.040925,0.004873,-1.887929,0.000000,0.000000,0.000000,1.000000,1.000000
1782456539.141501,-1,0.000691,inf,SAFE_STAND,0.000000,0.042022,0.005381,-1.884220,0.000000,0.000000,0.000000,1.000000,1.000000
1782456539.162152,-1,0.001224,16.765221,SAFE_STAND,0.000000,0.043065,0.005818,-1.880209,0.000000,0.000000,0.000000,1.000000,1.000000
1782456539.181668,-1,0.000653,inf,SAFE_STAND,0.000000,0.043954,0.006194,-1.876271,0.000000,0.000000,0.000000,1.000000,1.000000
1782456539.202184,-1,0.000519,inf,SAFE_STAND,0.000000,0.044690,0.006494,-1.872273,0.000000,0.000000,0.000000,1.000000,1.000000
1782456539.222197,-1,0.000455,inf,SAFE_STAND,0.000000,0.045213,0.006812,-1.868143,0.000000,0.000000,0.000000,1.000000,1.000000
1782456539.242296,-1,0.000437,inf,SAFE_STAND,0.000000,0.045532,0.007142,-1.863897,0.000000,0.000000,0.000000,1.000000,1.000000
1782456539.262634,-1,0.000667,inf,SAFE_STAND,0.000000,0.045696,0.007557,-1.859582,0.000000,0.000000,0.000000,1.000000,1.000000
1782456539.282719,-1,0.000670,inf,SAFE_STAND,0.000000,0.045613,0.007950,-1.855185,0.000000,0.000000,0.000000,1.000000,1.000000
1782456539.302638,-1,0.000436,inf,SAFE_STAND,0.000000,0.045390,0.008446,-1.850403,0.000000,0.000000,0.000000,1.000000,1.000000
1782456539.322692,-1,0.000427,inf,SAFE_STAND,0.000000,0.044948,0.008968,-1.845811,0.000000,0.000000,0.000000,1.000000,1.000000
1782456539.342767,-1,0.000429,inf,SAFE_STAND,0.000000,0.044420,0.009573,-1.841454,0.000000,0.000000,0.000000,1.000000,1.000000
1782456539.362860,-1,0.000449,inf,SAFE_STAND,0.000000,0.043653,0.010332,-1.836525,0.000000,0.000000,0.000000,1.000000,1.000000
1782456539.383326,-1,0.000627,inf,SAFE_STAND,0.000000,0.042781,0.011160,-1.831744,0.000000,0.000000,0.000000,1.000000,1.000000
1782456539.403697,-1,0.000726,inf,SAFE_STAND,0.000000,0.041697,0.012136,-1.826620,0.000000,0.000000,0.000000,1.000000,1.000000
1782456539.424018,-1,0.000926,inf,SAFE_STAND,0.000000,0.040633,0.013091,-1.821914,0.000000,0.000000,0.000000,1.000000,1.000000
1782456539.444141,-1,0.000927,inf,SAFE_STAND,0.000000,0.039319,0.014304,-1.816715,0.000000,0.000000,0.000000,1.000000,1.000000
1782456539.464357,-1,0.001016,inf,SAFE_STAND,0.000000,0.037960,0.015559,-1.811596,0.000000,0.000000,0.000000,1.000000,1.000000
1782456539.484604,-1,0.000857,inf,SAFE_STAND,0.000000,0.036526,0.016898,-1.806420,0.000000,0.000000,0.000000,1.000000,1.000000
1782456539.505081,-1,0.000928,inf,SAFE_STAND,0.000000,0.035047,0.018290,-1.801203,0.000000,0.000000,0.000000,1.000000,1.000000
1782456539.525179,-1,0.000692,inf,SAFE_STAND,0.000000,0.033477,0.019909,-1.795637,0.000000,0.000000,0.000000,1.000000,1.000000
1782456539.545572,-1,0.000926,inf,SAFE_STAND,0.000000,0.032018,0.021488,-1.790249,0.000000,0.000000,0.000000,1.000000,1.000000
1782456539.565459,-1,0.000690,inf,SAFE_STAND,0.000000,0.030581,0.023103,-1.784844,0.000000,0.000000,0.000000,1.000000,1.000000
1782456539.585882,-1,0.000632,inf,SAFE_STAND,0.000000,0.029152,0.024756,-1.779102,0.000000,0.000000,0.000000,1.000000,1.000000
1782456539.605780,-1,0.000452,inf,SAFE_STAND,0.000000,0.027843,0.026304,-1.773618,0.000000,0.000000,0.000000,1.000000,1.000000
1782456539.625844,-1,0.000446,inf,SAFE_STAND,0.000000,0.026607,0.027811,-1.768042,0.000000,0.000000,0.000000,1.000000,1.000000
1782456539.646364,-1,0.000671,inf,SAFE_STAND,0.000000,0.025480,0.029224,-1.762320,0.000000,0.000000,0.000000,1.000000,1.000000
1782456539.666508,-1,0.000740,17.270140,SAFE_STAND,0.000000,0.024384,0.030523,-1.756594,0.000000,0.000000,0.000000,1.000000,1.000000
1782456539.686447,-1,0.000502,inf,SAFE_STAND,0.000000,0.023316,0.031728,-1.750744,0.000000,0.000000,0.000000,1.000000,1.000000
1782456539.706396,-1,0.000381,inf,SAFE_STAND,0.000000,0.022204,0.032896,-1.744563,0.000000,0.000000,0.000000,1.000000,1.000000
1782456539.726577,-1,0.000445,inf,SAFE_STAND,0.000000,0.021168,0.033880,-1.738627,0.000000,0.000000,0.000000,1.000000,1.000000
1782456539.747179,-1,0.000678,inf,SAFE_STAND,0.000000,0.020148,0.034665,-1.732669,0.000000,0.000000,0.000000,1.000000,1.000000
1782456539.767093,-1,0.000455,inf,SAFE_STAND,0.000000,0.019138,0.035311,-1.726640,0.000000,0.000000,0.000000,1.000000,1.000000
1782456539.787181,-1,0.000428,inf,SAFE_STAND,0.000000,0.018154,0.035700,-1.720517,0.000000,0.000000,0.000000,1.000000,1.000000
1782456539.807306,-1,0.000422,inf,SAFE_STAND,0.000000,0.017042,0.035880,-1.714046,0.000000,0.000000,0.000000,1.000000,1.000000
1782456539.827697,-1,0.000682,inf,SAFE_STAND,0.000000,0.015932,0.035866,-1.707745,0.000000,0.000000,0.000000,1.000000,1.000000
1782456539.847701,-1,0.000425,inf,SAFE_STAND,0.000000,0.014745,0.035770,-1.701390,0.000000,0.000000,0.000000,1.000000,1.000000
1782456539.867851,-1,0.000432,inf,SAFE_STAND,0.000000,0.013437,0.035632,-1.695009,0.000000,0.000000,0.000000,1.000000,1.000000
1782456539.887996,-1,0.000431,inf,SAFE_STAND,0.000000,0.012033,0.035597,-1.688550,0.000000,0.000000,0.000000,1.000000,1.000000
1782456539.908074,-1,0.000441,inf,SAFE_STAND,0.000000,0.010579,0.035666,-1.682065,0.000000,0.000000,0.000000,1.000000,1.000000
1782456539.928457,-1,0.000685,inf,SAFE_STAND,0.000000,0.009017,0.035862,-1.675434,0.000000,0.000000,0.000000,1.000000,1.000000
1782456539.948534,-1,0.000440,inf,SAFE_STAND,0.000000,0.007319,0.036183,-1.668486,0.000000,0.000000,0.000000,1.000000,1.000000
1782456539.968685,-1,0.000449,inf,SAFE_STAND,0.000000,0.005628,0.036603,-1.661817,0.000000,0.000000,0.000000,1.000000,1.000000
1782456539.989054,-1,0.000691,inf,SAFE_STAND,0.000000,0.003902,0.037180,-1.655039,0.000000,0.000000,0.000000,1.000000,1.000000
1782456540.009171,-1,0.000460,inf,SAFE_STAND,0.000000,0.002080,0.037925,-1.647886,0.000000,0.000000,0.000000,1.000000,1.000000
1782456540.029262,-1,0.000430,inf,SAFE_STAND,0.000000,0.000434,0.038764,-1.641340,0.000000,0.000000,0.000000,1.000000,1.000000
1782456540.049375,-1,0.000424,inf,SAFE_STAND,0.000000,-0.001390,0.039790,-1.634100,0.000000,0.000000,0.000000,1.000000,1.000000
1782456540.069808,-1,0.000731,inf,SAFE_STAND,0.000000,-0.003074,0.040800,-1.627183,0.000000,0.000000,0.000000,1.000000,1.000000
1782456540.089857,-1,0.000649,inf,SAFE_STAND,0.000000,-0.004657,0.041961,-1.620055,0.000000,0.000000,0.000000,1.000000,1.000000
1782456540.109964,-1,0.000682,inf,SAFE_STAND,0.000000,-0.006092,0.043049,-1.613329,0.000000,0.000000,0.000000,1.000000,1.000000
1782456540.129777,-1,0.000411,inf,SAFE_STAND,0.000000,-0.007554,0.044288,-1.605788,0.000000,0.000000,0.000000,1.000000,1.000000
1782456540.149924,-1,0.000489,inf,SAFE_STAND,0.000000,-0.008891,0.045597,-1.598284,0.000000,0.000000,0.000000,1.000000,1.000000
1782456540.170366,-1,0.000859,17.773748,SAFE_STAND,0.000000,-0.009992,0.046691,-1.591408,0.000000,0.000000,0.000000,1.000000,1.000000
1782456540.190042,-1,0.000463,inf,SAFE_STAND,0.000000,-0.011026,0.047752,-1.584143,0.000000,0.000000,0.000000,1.000000,1.000000
1782456540.210541,-1,0.000671,inf,SAFE_STAND,0.000000,-0.011961,0.048752,-1.576868,0.000000,0.000000,0.000000,1.000000,1.000000
1782456540.230401,-1,0.000436,inf,SAFE_STAND,0.000000,-0.012860,0.049637,-1.569152,0.000000,0.000000,0.000000,1.000000,1.000000
1782456540.250484,-1,0.000446,inf,SAFE_STAND,0.000000,-0.013617,0.050264,-1.561777,0.000000,0.000000,0.000000,1.000000,1.000000
1782456540.270558,-1,0.000450,inf,SAFE_STAND,0.000000,-0.014273,0.050659,-1.554347,0.000000,0.000000,0.000000,1.000000,1.000000
1782456540.290616,-1,0.000437,inf,SAFE_STAND,0.000000,-0.014833,0.050689,-1.546929,0.000000,0.000000,0.000000,1.000000,1.000000
1782456540.310674,-1,0.000425,inf,SAFE_STAND,0.000000,-0.015334,0.050385,-1.539520,0.000000,0.000000,0.000000,1.000000,1.000000
1782456540.331106,-1,0.000428,inf,SAFE_STAND,0.000000,-0.015740,0.049683,-1.531708,0.000000,0.000000,0.000000,1.000000,1.000000
1782456540.351189,-1,0.000437,inf,SAFE_STAND,0.000000,-0.016048,0.048764,-1.524155,0.000000,0.000000,0.000000,1.000000,1.000000
1782456540.371293,-1,0.000469,inf,SAFE_STAND,0.000000,-0.016289,0.047639,-1.516810,0.000000,0.000000,0.000000,1.000000,1.000000
1782456540.391325,-1,0.000429,inf,SAFE_STAND,0.000000,-0.016478,0.046215,-1.508953,0.000000,0.000000,0.000000,1.000000,1.000000
1782456540.411648,-1,0.000679,inf,SAFE_STAND,0.000000,-0.016627,0.044570,-1.500748,0.000000,0.000000,0.000000,1.000000,1.000000
1782456540.431663,-1,0.000620,inf,SAFE_STAND,0.000000,-0.016718,0.042869,-1.492959,0.000000,0.000000,0.000000,1.000000,1.000000
1782456540.451739,-1,0.000444,inf,SAFE_STAND,0.000000,-0.016784,0.041090,-1.485154,0.000000,0.000000,0.000000,1.000000,1.000000
1782456540.471804,-1,0.000436,inf,SAFE_STAND,0.000000,-0.016847,0.039264,-1.477304,0.000000,0.000000,0.000000,1.000000,1.000000
1782456540.491860,-1,0.000420,inf,SAFE_STAND,0.000000,-0.016854,0.037395,-1.469320,0.000000,0.000000,0.000000,1.000000,1.000000
1782456540.511946,-1,0.000436,inf,SAFE_STAND,0.000000,-0.016843,0.035522,-1.460840,0.000000,0.000000,0.000000,1.000000,1.000000
1782456540.532508,-1,0.000696,inf,SAFE_STAND,0.000000,-0.016808,0.033860,-1.453137,0.000000,0.000000,0.000000,1.000000,1.000000
1782456540.552489,-1,0.000479,inf,SAFE_STAND,0.000000,-0.016723,0.032081,-1.444663,0.000000,0.000000,0.000000,1.000000,1.000000
1782456540.572536,-1,0.000450,inf,SAFE_STAND,0.000000,-0.016671,0.030435,-1.436591,0.000000,0.000000,0.000000,1.000000,1.000000
1782456540.592589,-1,0.000429,inf,SAFE_STAND,0.000000,-0.016566,0.028839,-1.428477,0.000000,0.000000,0.000000,1.000000,1.000000
1782456540.612887,-1,0.000656,inf,SAFE_STAND,0.000000,-0.016432,0.027375,-1.420287,0.000000,0.000000,0.000000,1.000000,1.000000
1782456540.632995,-1,0.000688,inf,SAFE_STAND,0.000000,-0.016230,0.025922,-1.412026,0.000000,0.000000,0.000000,1.000000,1.000000
1782456540.653010,-1,0.000630,inf,SAFE_STAND,0.000000,-0.015925,0.024700,-1.403769,0.000000,0.000000,0.000000,1.000000,1.000000
1782456540.673179,-1,0.000597,18.276780,SAFE_STAND,0.000000,-0.015523,0.023492,-1.395029,0.000000,0.000000,0.000000,1.000000,1.000000
1782456540.693086,-1,0.000431,inf,SAFE_STAND,0.000000,-0.015066,0.022467,-1.386704,0.000000,0.000000,0.000000,1.000000,1.000000
1782456540.713219,-1,0.000499,inf,SAFE_STAND,0.000000,-0.014511,0.021522,-1.378303,0.000000,0.000000,0.000000,1.000000,1.000000
1782456540.733680,-1,0.000668,inf,SAFE_STAND,0.000000,-0.013884,0.020675,-1.369868,0.000000,0.000000,0.000000,1.000000,1.000000
1782456540.753582,-1,0.000449,inf,SAFE_STAND,0.000000,-0.013166,0.019916,-1.361423,0.000000,0.000000,0.000000,1.000000,1.000000
1782456540.773813,-1,0.000447,inf,SAFE_STAND,0.000000,-0.012335,0.019138,-1.352470,0.000000,0.000000,0.000000,1.000000,1.000000
1782456540.793849,-1,0.000416,inf,SAFE_STAND,0.000000,-0.011480,0.018425,-1.343898,0.000000,0.000000,0.000000,1.000000,1.000000
1782456540.813986,-1,0.000480,inf,SAFE_STAND,0.000000,-0.010571,0.017750,-1.335727,0.000000,0.000000,0.000000,1.000000,1.000000
1782456540.834235,-1,0.000657,inf,SAFE_STAND,0.000000,-0.009594,0.016940,-1.327113,0.000000,0.000000,0.000000,1.000000,1.000000
1782456540.854261,-1,0.000617,inf,SAFE_STAND,0.000000,-0.008497,0.016027,-1.318061,0.000000,0.000000,0.000000,1.000000,1.000000
1782456540.874328,-1,0.000455,inf,SAFE_STAND,0.000000,-0.007466,0.015077,-1.309382,0.000000,0.000000,0.000000,1.000000,1.000000
1782456540.894381,-1,0.000432,inf,SAFE_STAND,0.000000,-0.006415,0.013987,-1.300694,0.000000,0.000000,0.000000,1.000000,1.000000
1782456540.914502,-1,0.000479,inf,SAFE_STAND,0.000000,-0.005364,0.012842,-1.291982,0.000000,0.000000,0.000000,1.000000,1.000000
1782456540.934939,-1,0.000619,inf,SAFE_STAND,0.000000,-0.004349,0.011521,-1.283192,0.000000,0.000000,0.000000,1.000000,1.000000
1782456540.955088,-1,0.000518,inf,SAFE_STAND,0.000000,-0.003312,0.009974,-1.273927,0.000000,0.000000,0.000000,1.000000,1.000000
1782456540.975096,-1,0.000447,inf,SAFE_STAND,0.000000,-0.002333,0.008337,-1.265139,0.000000,0.000000,0.000000,1.000000,1.000000
1782456540.995121,-1,0.000408,inf,SAFE_STAND,0.000000,-0.001379,0.006588,-1.256316,0.000000,0.000000,0.000000,1.000000,1.000000
1782456541.015465,-1,0.000680,inf,SAFE_STAND,0.000000,-0.000512,0.004894,-1.247871,0.000000,0.000000,0.000000,1.000000,1.000000
1782456541.035522,-1,0.000666,inf,SAFE_STAND,0.000000,0.000382,0.002844,-1.238584,0.000000,0.000000,0.000000,1.000000,1.000000
1782456541.055570,-1,0.000643,inf,SAFE_STAND,0.000000,0.001170,0.000790,-1.229652,0.000000,0.000000,0.000000,1.000000,1.000000
1782456541.075539,-1,0.000416,inf,SAFE_STAND,0.000000,0.001913,-0.001338,-1.220746,0.000000,0.000000,0.000000,1.000000,1.000000
1782456541.095603,-1,0.000410,inf,SAFE_STAND,0.000000,0.002665,-0.003624,-1.211407,0.000000,0.000000,0.000000,1.000000,1.000000
1782456541.115690,-1,0.000432,inf,SAFE_STAND,0.000000,0.003335,-0.005839,-1.202524,0.000000,0.000000,0.000000,1.000000,1.000000
1782456541.135741,-1,0.000414,inf,SAFE_STAND,0.000000,0.004022,-0.008040,-1.193566,0.000000,0.000000,0.000000,1.000000,1.000000
1782456541.156102,-1,0.000698,inf,SAFE_STAND,0.000000,0.004603,-0.010144,-1.185066,0.000000,0.000000,0.000000,1.000000,1.000000
1782456541.176241,-1,0.000763,18.779666,SAFE_STAND,0.000000,0.005252,-0.012277,-1.176037,0.000000,0.000000,0.000000,1.000000,1.000000
1782456541.196165,-1,0.000616,inf,SAFE_STAND,0.000000,0.005920,-0.014478,-1.166538,0.000000,0.000000,0.000000,1.000000,1.000000
1782456541.216194,-1,0.000460,inf,SAFE_STAND,0.000000,0.006567,-0.016458,-1.157451,0.000000,0.000000,0.000000,1.000000,1.000000
1782456541.236259,-1,0.000455,inf,SAFE_STAND,0.000000,0.007197,-0.018276,-1.148334,0.000000,0.000000,0.000000,1.000000,1.000000
1782456541.256292,-1,0.000417,inf,SAFE_STAND,0.000000,0.007882,-0.019962,-1.139227,0.000000,0.000000,0.000000,1.000000,1.000000
1782456541.276376,-1,0.000428,inf,SAFE_STAND,0.000000,0.008597,-0.021451,-1.130115,0.000000,0.000000,0.000000,1.000000,1.000000
1782456541.296850,-1,0.000619,inf,SAFE_STAND,0.000000,0.009296,-0.022812,-1.120947,0.000000,0.000000,0.000000,1.000000,1.000000
1782456541.316745,-1,0.000446,inf,SAFE_STAND,0.000000,0.010070,-0.024066,-1.111279,0.000000,0.000000,0.000000,1.000000,1.000000
1782456541.336804,-1,0.000433,inf,SAFE_STAND,0.000000,0.010789,-0.025026,-1.102120,0.000000,0.000000,0.000000,1.000000,1.000000
1782456541.356831,-1,0.000396,inf,SAFE_STAND,0.000000,0.011524,-0.025749,-1.092965,0.000000,0.000000,0.000000,1.000000,1.000000
1782456541.376937,-1,0.000439,inf,SAFE_STAND,0.000000,0.012210,-0.026293,-1.084218,0.000000,0.000000,0.000000,1.000000,1.000000
1782456541.397008,-1,0.000440,inf,SAFE_STAND,0.000000,0.012965,-0.026715,-1.074552,0.000000,0.000000,0.000000,1.000000,1.000000
1782456541.417543,-1,0.000673,inf,SAFE_STAND,0.000000,0.013732,-0.026908,-1.065410,0.000000,0.000000,0.000000,1.000000,1.000000
1782456541.437435,-1,0.000417,inf,SAFE_STAND,0.000000,0.014466,-0.026933,-1.056229,0.000000,0.000000,0.000000,1.000000,1.000000
1782456541.457488,-1,0.000398,inf,SAFE_STAND,0.000000,0.015183,-0.026890,-1.047004,0.000000,0.000000,0.000000,1.000000,1.000000
1782456541.477587,-1,0.000435,inf,SAFE_STAND,0.000000,0.015838,-0.026776,-1.037312,0.000000,0.000000,0.000000,1.000000,1.000000
1782456541.497782,-1,0.000554,inf,SAFE_STAND,0.000000,0.016403,-0.026627,-1.028068,0.000000,0.000000,0.000000,1.000000,1.000000
1782456541.518023,-1,0.000713,inf,SAFE_STAND,0.000000,0.016898,-0.026416,-1.019250,0.000000,0.000000,0.000000,1.000000,1.000000
1782456541.538108,-1,0.000727,inf,SAFE_STAND,0.000000,0.017271,-0.026146,-1.009922,0.000000,0.000000,0.000000,1.000000,1.000000
1782456541.558083,-1,0.000466,inf,SAFE_STAND,0.000000,0.017461,-0.025919,-1.000132,0.000000,0.000000,0.000000,1.000000,1.000000
1782456541.578180,-1,0.000483,inf,SAFE_STAND,0.000000,0.017443,-0.025680,-0.990822,0.000000,0.000000,0.000000,1.000000,1.000000
1782456541.598274,-1,0.000504,inf,SAFE_STAND,0.000000,0.017185,-0.025562,-0.981558,0.000000,0.000000,0.000000,1.000000,1.000000
1782456541.618748,-1,0.000687,inf,SAFE_STAND,0.000000,0.016718,-0.025500,-0.972276,0.000000,0.000000,0.000000,1.000000,1.000000
1782456541.638613,-1,0.000446,inf,SAFE_STAND,0.000000,0.015981,-0.025503,-0.962527,0.000000,0.000000,0.000000,1.000000,1.000000
1782456541.658734,-1,0.000437,inf,SAFE_STAND,0.000000,0.015104,-0.025709,-0.953256,0.000000,0.000000,0.000000,1.000000,1.000000
1782456541.678991,-1,0.000621,19.282585,SAFE_STAND,0.000000,0.014095,-0.026080,-0.943955,0.000000,0.000000,0.000000,1.000000,1.000000
1782456541.699335,-1,0.000692,inf,SAFE_STAND,0.000000,0.013018,-0.026595,-0.934621,0.000000,0.000000,0.000000,1.000000,1.000000
1782456541.719354,-1,0.000461,inf,SAFE_STAND,0.000000,0.011874,-0.027324,-0.925246,0.000000,0.000000,0.000000,1.000000,1.000000
1782456541.739442,-1,0.000471,inf,SAFE_STAND,0.000000,0.010673,-0.028181,-0.915910,0.000000,0.000000,0.000000,1.000000,1.000000
1782456541.759569,-1,0.000472,inf,SAFE_STAND,0.000000,0.009406,-0.029201,-0.906099,0.000000,0.000000,0.000000,1.000000,1.000000
1782456541.779638,-1,0.000427,inf,SAFE_STAND,0.000000,0.008253,-0.030339,-0.896745,0.000000,0.000000,0.000000,1.000000,1.000000
1782456541.799779,-1,0.000456,inf,SAFE_STAND,0.000000,0.007245,-0.031439,-0.887864,0.000000,0.000000,0.000000,1.000000,1.000000
1782456541.820153,-1,0.000708,inf,SAFE_STAND,0.000000,0.006264,-0.032543,-0.878408,0.000000,0.000000,0.000000,1.000000,1.000000
1782456541.840187,-1,0.000436,inf,SAFE_STAND,0.000000,0.005173,-0.033532,-0.867867,0.000000,0.000000,0.000000,1.000000,1.000000
1782456541.860314,-1,0.000438,inf,SAFE_STAND,0.000000,0.004326,-0.034116,-0.858720,0.000000,0.000000,0.000000,1.000000,1.000000
1782456541.880695,-1,0.000692,inf,SAFE_STAND,0.000000,0.003564,-0.034472,-0.849044,0.000000,0.000000,0.000000,1.000000,1.000000
1782456541.900783,-1,0.000699,inf,SAFE_STAND,0.000000,0.002825,-0.034426,-0.839478,0.000000,0.000000,0.000000,1.000000,1.000000
1782456541.920881,-1,0.000677,inf,SAFE_STAND,0.000000,0.002209,-0.033954,-0.829914,0.000000,0.000000,0.000000,1.000000,1.000000
1782456541.940802,-1,0.000476,inf,SAFE_STAND,0.000000,0.001850,-0.033047,-0.819999,0.000000,0.000000,0.000000,1.000000,1.000000
1782456541.960873,-1,0.000473,inf,SAFE_STAND,0.000000,0.001805,-0.031786,-0.810584,0.000000,0.000000,0.000000,1.000000,1.000000
1782456541.980912,-1,0.000439,inf,SAFE_STAND,0.000000,0.002014,-0.030194,-0.801201,0.000000,0.000000,0.000000,1.000000,1.000000
1782456542.000986,-1,0.000448,inf,SAFE_STAND,0.000000,0.002316,-0.028315,-0.791731,0.000000,0.000000,0.000000,1.000000,1.000000
1782456542.021566,-1,0.000513,inf,SAFE_STAND,0.000000,0.002763,-0.026026,-0.781728,0.000000,0.000000,0.000000,1.000000,1.000000
1782456542.041652,-1,0.000524,inf,SAFE_STAND,0.000000,0.003388,-0.023578,-0.772071,0.000000,0.000000,0.000000,1.000000,1.000000
1782456542.061720,-1,0.000517,inf,SAFE_STAND,0.000000,0.004137,-0.020819,-0.762319,0.000000,0.000000,0.000000,1.000000,1.000000
1782456542.082157,-1,0.000656,inf,SAFE_STAND,0.000000,0.004952,-0.017914,-0.753016,0.000000,0.000000,0.000000,1.000000,1.000000
1782456542.102179,-1,0.000428,inf,SAFE_STAND,0.000000,0.005934,-0.014345,-0.742221,0.000000,0.000000,0.000000,1.000000,1.000000
1782456542.122226,-1,0.000410,inf,SAFE_STAND,0.000000,0.006914,-0.010769,-0.732265,0.000000,0.000000,0.000000,1.000000,1.000000
1782456542.142281,-1,0.000400,inf,SAFE_STAND,0.000000,0.007903,-0.007213,-0.722822,0.000000,0.000000,0.000000,1.000000,1.000000
1782456542.162858,-1,0.000681,inf,SAFE_STAND,0.000000,0.008895,-0.003405,-0.712903,0.000000,0.000000,0.000000,1.000000,1.000000
1782456542.183136,-1,0.000878,19.786734,SAFE_STAND,0.000000,0.009832,0.000671,-0.702583,0.000000,0.000000,0.000000,1.000000,1.000000
1782456542.203059,-1,0.000496,inf,SAFE_STAND,0.000000,0.010620,0.004437,-0.692847,0.000000,0.000000,0.000000,1.000000,1.000000
1782456542.223102,-1,0.000459,inf,SAFE_STAND,0.000000,0.011364,0.008146,-0.683196,0.000000,0.000000,0.000000,1.000000,1.000000
1782456542.243603,-1,0.000660,inf,SAFE_STAND,0.000000,0.012117,0.011865,-0.673426,0.000000,0.000000,0.000000,1.000000,1.000000
1782456542.263469,-1,0.000442,inf,SAFE_STAND,0.000000,0.012888,0.015636,-0.662952,0.000000,0.000000,0.000000,1.000000,1.000000
1782456542.283731,-1,0.000446,inf,SAFE_STAND,0.000000,0.013574,0.018951,-0.652916,0.000000,0.000000,0.000000,1.000000,1.000000
1782456542.303813,-1,0.000455,inf,SAFE_STAND,0.000000,0.014336,0.022237,-0.642951,0.000000,0.000000,0.000000,1.000000,1.000000
1782456542.323878,-1,0.000452,inf,SAFE_STAND,0.000000,0.015133,0.025544,-0.632935,0.000000,0.000000,0.000000,1.000000,1.000000
1782456542.344279,-1,0.000450,inf,SAFE_STAND,0.000000,0.016099,0.028883,-0.622410,0.000000,0.000000,0.000000,1.000000,1.000000
1782456542.364341,-1,0.000448,inf,SAFE_STAND,0.000000,0.017195,0.031932,-0.612325,0.000000,0.000000,0.000000,1.000000,1.000000
1782456542.384430,-1,0.000467,inf,SAFE_STAND,0.000000,0.018393,0.034920,-0.602303,0.000000,0.000000,0.000000,1.000000,1.000000
1782456542.404501,-1,0.000462,inf,SAFE_STAND,0.000000,0.019690,0.037657,-0.592784,0.000000,0.000000,0.000000,1.000000,1.000000
1782456542.424556,-1,0.000451,inf,SAFE_STAND,0.000000,0.021238,0.040527,-0.582279,0.000000,0.000000,0.000000,1.000000,1.000000
1782456542.445100,-1,0.000696,inf,SAFE_STAND,0.000000,0.022820,0.043106,-0.572257,0.000000,0.000000,0.000000,1.000000,1.000000
1782456542.464910,-1,0.000400,inf,SAFE_STAND,0.000000,0.024616,0.045469,-0.562243,0.000000,0.000000,0.000000,1.000000,1.000000
1782456542.485057,-1,0.000478,inf,SAFE_STAND,0.000000,0.026573,0.047628,-0.552153,0.000000,0.000000,0.000000,1.000000,1.000000
1782456542.505066,-1,0.000418,inf,SAFE_STAND,0.000000,0.028704,0.049511,-0.542072,0.000000,0.000000,0.000000,1.000000,1.000000
1782456542.525172,-1,0.000460,inf,SAFE_STAND,0.000000,0.031151,0.051282,-0.531466,0.000000,0.000000,0.000000,1.000000,1.000000
1782456542.545681,-1,0.000470,inf,SAFE_STAND,0.000000,0.033635,0.052804,-0.521362,0.000000,0.000000,0.000000,1.000000,1.000000
1782456542.565714,-1,0.000430,inf,SAFE_STAND,0.000000,0.036187,0.054125,-0.511310,0.000000,0.000000,0.000000,1.000000,1.000000
1782456542.585846,-1,0.000497,inf,SAFE_STAND,0.000000,0.038776,0.055268,-0.501240,0.000000,0.000000,0.000000,1.000000,1.000000
1782456542.605852,-1,0.000431,inf,SAFE_STAND,0.000000,0.041359,0.056262,-0.491159,0.000000,0.000000,0.000000,1.000000,1.000000
1782456542.626203,-1,0.000712,inf,SAFE_STAND,0.000000,0.043897,0.057099,-0.481048,0.000000,0.000000,0.000000,1.000000,1.000000
1782456542.646274,-1,0.000696,inf,SAFE_STAND,0.000000,0.046319,0.057781,-0.470929,0.000000,0.000000,0.000000,1.000000,1.000000
1782456542.666293,-1,0.000642,inf,SAFE_STAND,0.000000,0.048534,0.058219,-0.460844,0.000000,0.000000,0.000000,1.000000,1.000000
1782456542.686359,-1,0.000577,20.289987,SAFE_STAND,0.000000,0.050401,0.058494,-0.450814,0.000000,0.000000,0.000000,1.000000,1.000000
1782456542.706274,-1,0.000419,inf,SAFE_STAND,0.000000,0.051926,0.058592,-0.440211,0.000000,0.000000,0.000000,1.000000,1.000000
1782456542.726380,-1,0.000453,inf,SAFE_STAND,0.000000,0.052908,0.058522,-0.430085,0.000000,0.000000,0.000000,1.000000,1.000000
1782456542.746448,-1,0.000451,inf,SAFE_STAND,0.000000,0.053474,0.058310,-0.419933,0.000000,0.000000,0.000000,1.000000,1.000000
1782456542.766722,-1,0.000651,inf,SAFE_STAND,0.000000,0.053684,0.057996,-0.410362,0.000000,0.000000,0.000000,1.000000,1.000000
1782456542.786794,-1,0.000652,inf,SAFE_STAND,0.000000,0.053486,0.057484,-0.400444,0.000000,0.000000,0.000000,1.000000,1.000000
1782456542.807183,-1,0.000762,inf,SAFE_STAND,0.000000,0.052608,0.056638,-0.389451,0.000000,0.000000,0.000000,1.000000,1.000000
1782456542.827757,-1,0.000955,inf,SAFE_STAND,0.000000,0.051289,0.055756,-0.379402,0.000000,0.000000,0.000000,1.000000,1.000000
1782456542.847992,-1,0.001035,inf,SAFE_STAND,0.000000,0.049553,0.054736,-0.369934,0.000000,0.000000,0.000000,1.000000,1.000000
1782456542.868012,-1,0.000757,inf,SAFE_STAND,0.000000,0.046989,0.053641,-0.359562,0.000000,0.000000,0.000000,1.000000,1.000000
1782456542.888659,-1,0.001036,inf,SAFE_STAND,0.000000,0.044068,0.052559,-0.349710,0.000000,0.000000,0.000000,1.000000,1.000000
1782456542.908822,-1,0.001066,inf,SAFE_STAND,0.000000,0.040697,0.051394,-0.339932,0.000000,0.000000,0.000000,1.000000,1.000000
1782456542.929263,-1,0.001053,inf,SAFE_STAND,0.000000,0.036829,0.050125,-0.329834,0.000000,0.000000,0.000000,1.000000,1.000000
1782456542.949413,-1,0.001041,inf,SAFE_STAND,0.000000,0.032911,0.048721,-0.320230,0.000000,0.000000,0.000000,1.000000,1.000000
1782456542.969593,-1,0.001045,inf,SAFE_STAND,0.000000,0.028847,0.047253,-0.310554,0.000000,0.000000,0.000000,1.000000,1.000000
1782456542.990019,-1,0.001034,inf,SAFE_STAND,0.000000,0.024485,0.045517,-0.300393,0.000000,0.000000,0.000000,1.000000,1.000000
1782456543.010223,-1,0.001073,inf,SAFE_STAND,0.000000,0.020377,0.043726,-0.290651,0.000000,0.000000,0.000000,1.000000,1.000000
1782456543.030380,-1,0.000779,inf,SAFE_STAND,0.000000,0.016139,0.041819,-0.280417,0.000000,0.000000,0.000000,1.000000,1.000000
1782456543.051095,-1,0.000775,inf,SAFE_STAND,0.000000,0.012294,0.039896,-0.270665,0.000000,0.000000,0.000000,1.000000,1.000000
1782456543.071243,-1,0.000773,inf,SAFE_STAND,0.000000,0.008419,0.037824,-0.260446,0.000000,0.000000,0.000000,1.000000,1.000000
1782456543.091934,-1,0.001031,inf,SAFE_STAND,0.000000,0.004766,0.035897,-0.250699,0.000000,0.000000,0.000000,1.000000,1.000000
1782456543.111910,-1,0.000766,inf,SAFE_STAND,0.000000,0.001260,0.033920,-0.240956,0.000000,0.000000,0.000000,1.000000,1.000000
1782456543.132632,-1,0.001053,inf,SAFE_STAND,0.000000,-0.001949,0.031924,-0.231295,0.000000,0.000000,0.000000,1.000000,1.000000
1782456543.152796,-1,0.001067,inf,SAFE_STAND,0.000000,-0.004871,0.029813,-0.221161,0.000000,0.000000,0.000000,1.000000,1.000000
1782456543.172656,-1,0.000768,inf,SAFE_STAND,0.000000,-0.007221,0.027801,-0.211494,0.000000,0.000000,0.000000,1.000000,1.000000
1782456543.193044,-1,0.000991,20.796381,SAFE_STAND,0.000000,-0.009113,0.025745,-0.201739,0.000000,0.000000,0.000000,1.000000,1.000000
1782456543.213462,-1,0.001038,inf,SAFE_STAND,0.000000,-0.010718,0.023640,-0.192033,0.000000,0.000000,0.000000,1.000000,1.000000
1782456543.233575,-1,0.000989,inf,SAFE_STAND,0.000000,-0.012084,0.021579,-0.182288,0.000000,0.000000,0.000000,1.000000,1.000000
1782456543.253934,-1,0.000957,inf,SAFE_STAND,0.000000,-0.013283,0.019401,-0.172049,0.000000,0.000000,0.000000,1.000000,1.000000
1782456543.273560,-1,0.000496,inf,SAFE_STAND,0.000000,-0.014204,0.017294,-0.162303,0.000000,0.000000,0.000000,1.000000,1.000000
1782456543.294129,-1,0.000781,inf,SAFE_STAND,0.000000,-0.014896,0.015184,-0.152695,0.000000,0.000000,0.000000,1.000000,1.000000
1782456543.314035,-1,0.000485,inf,SAFE_STAND,0.000000,-0.015405,0.013068,-0.142688,0.000000,0.000000,0.000000,1.000000,1.000000
1782456543.334080,-1,0.000455,inf,SAFE_STAND,0.000000,-0.015618,0.011119,-0.133041,0.000000,0.000000,0.000000,1.000000,1.000000
1782456543.354195,-1,0.000491,inf,SAFE_STAND,0.000000,-0.015622,0.009290,-0.123413,0.000000,0.000000,0.000000,1.000000,1.000000
1782456543.374636,-1,0.000650,inf,SAFE_STAND,0.000000,-0.015441,0.007621,-0.114317,0.000000,0.000000,0.000000,1.000000,1.000000
1782456543.394724,-1,0.000465,inf,SAFE_STAND,0.000000,-0.015162,0.005886,-0.104283,0.000000,0.000000,0.000000,1.000000,1.000000
1782456543.414782,-1,0.000449,inf,SAFE_STAND,0.000000,-0.014797,0.004332,-0.094143,0.000000,0.000000,0.000000,1.000000,1.000000
1782456543.434878,-1,0.000471,inf,SAFE_STAND,0.000000,-0.014421,0.002942,-0.084533,0.000000,0.000000,0.000000,1.000000,1.000000
1782456543.455256,-1,0.000723,inf,SAFE_STAND,0.000000,-0.014066,0.001710,-0.075501,0.000000,0.000000,0.000000,1.000000,1.000000
1782456543.475358,-1,0.000745,inf,SAFE_STAND,0.000000,-0.013770,0.000541,-0.066134,0.000000,0.000000,0.000000,1.000000,1.000000
1782456543.495362,-1,0.000511,inf,SAFE_STAND,0.000000,-0.013558,-0.000579,-0.056318,0.000000,0.000000,0.000000,1.000000,1.000000
1782456543.515496,-1,0.000511,inf,SAFE_STAND,0.000000,-0.013421,-0.001476,-0.047048,0.000000,0.000000,0.000000,1.000000,1.000000
1782456543.536025,-1,0.000881,inf,SAFE_STAND,0.000000,-0.013328,-0.002176,-0.037876,0.000000,0.000000,0.000000,1.000000,1.000000
1782456543.556326,-1,0.001021,inf,SAFE_STAND,0.000000,-0.013259,-0.002664,-0.028780,0.000000,0.000000,0.000000,1.000000,1.000000
1782456543.576373,-1,0.000795,inf,SAFE_STAND,0.000000,-0.013060,-0.003031,-0.019256,0.000000,0.000000,0.000000,1.000000,1.000000
1782456543.597069,-1,0.001048,inf,SAFE_STAND,0.000000,-0.012746,-0.003250,-0.010283,0.000000,0.000000,0.000000,1.000000,1.000000
1782456543.617108,-1,0.000811,inf,SAFE_STAND,0.000000,-0.012300,-0.003261,-0.000955,0.000000,0.000000,0.000000,1.000000,1.000000
1782456543.637659,-1,0.000977,inf,SAFE_STAND,0.000000,-0.011755,-0.003123,0.007865,0.000000,0.000000,0.000000,1.000000,1.000000
1782456543.657561,-1,0.000736,inf,SAFE_STAND,0.000000,-0.011112,-0.002966,0.016240,0.000000,0.000000,0.000000,1.000000,1.000000
1782456543.677615,-1,0.000438,inf,SAFE_STAND,0.000000,-0.010230,-0.002742,0.025798,0.000000,0.000000,0.000000,1.000000,1.000000
1782456543.698019,-1,0.000722,21.301619,SAFE_STAND,0.000000,-0.009365,-0.002521,0.034384,0.000000,0.000000,0.000000,1.000000,1.000000
1782456543.717819,-1,0.000444,inf,SAFE_STAND,0.000000,-0.008423,-0.002297,0.042398,0.000000,0.000000,0.000000,1.000000,1.000000
1782456543.738782,-1,0.000737,inf,SAFE_STAND,0.000000,-0.007187,-0.002088,0.051142,0.000000,0.000000,0.000000,1.000000,1.000000
1782456543.759256,-1,0.000996,inf,SAFE_STAND,0.000000,-0.005853,-0.001958,0.059288,0.000000,0.000000,0.000000,1.000000,1.000000
1782456543.779420,-1,0.001010,inf,SAFE_STAND,0.000000,-0.004286,-0.001816,0.067396,0.000000,0.000000,0.000000,1.000000,1.000000
1782456543.799504,-1,0.000735,inf,SAFE_STAND,0.000000,-0.002366,-0.001735,0.075822,0.000000,0.000000,0.000000,1.000000,1.000000
1782456543.819664,-1,0.000741,inf,SAFE_STAND,0.000000,-0.000240,-0.001735,0.083769,0.000000,0.000000,0.000000,1.000000,1.000000
1782456543.840094,-1,0.001014,inf,SAFE_STAND,0.000000,0.002149,-0.001872,0.091686,0.000000,0.000000,0.000000,1.000000,1.000000
1782456543.860249,-1,0.001015,inf,SAFE_STAND,0.000000,0.004695,-0.002058,0.099575,0.000000,0.000000,0.000000,1.000000,1.000000
1782456543.880193,-1,0.000739,inf,SAFE_STAND,0.000000,0.007353,-0.002390,0.107798,0.000000,0.000000,0.000000,1.000000,1.000000
1782456543.900374,-1,0.000766,inf,SAFE_STAND,0.000000,0.009864,-0.002800,0.115623,0.000000,0.000000,0.000000,1.000000,1.000000
1782456543.921151,-1,0.001105,inf,SAFE_STAND,0.000000,0.012321,-0.003407,0.123332,0.000000,0.000000,0.000000,1.000000,1.000000
1782456543.941633,-1,0.001042,inf,SAFE_STAND,0.000000,0.014894,-0.004175,0.131347,0.000000,0.000000,0.000000,1.000000,1.000000
1782456543.961463,-1,0.000728,inf,SAFE_STAND,0.000000,0.017258,-0.005004,0.138910,0.000000,0.000000,0.000000,1.000000,1.000000
1782456543.981554,-1,0.000675,inf,SAFE_STAND,0.000000,0.019330,-0.005991,0.146404,0.000000,0.000000,0.000000,1.000000,1.000000
1782456544.001554,-1,0.000433,inf,SAFE_STAND,0.000000,0.021045,-0.007076,0.153733,0.000000,0.000000,0.000000,1.000000,1.000000
1782456544.021681,-1,0.000486,inf,SAFE_STAND,0.000000,0.022483,-0.008300,0.161404,0.000000,0.000000,0.000000,1.000000,1.000000
1782456544.041786,-1,0.000467,inf,SAFE_STAND,0.000000,0.023559,-0.009480,0.168698,0.000000,0.000000,0.000000,1.000000,1.000000
1782456544.062339,-1,0.000446,inf,SAFE_STAND,0.000000,0.024308,-0.010594,0.175917,0.000000,0.000000,0.000000,1.000000,1.000000
1782456544.082403,-1,0.000435,inf,SAFE_STAND,0.000000,0.024813,-0.011561,0.183496,0.000000,0.000000,0.000000,1.000000,1.000000
1782456544.103031,-1,0.000676,inf,SAFE_STAND,0.000000,0.025038,-0.012314,0.190384,0.000000,0.000000,0.000000,1.000000,1.000000
1782456544.123133,-1,0.000425,inf,SAFE_STAND,0.000000,0.025071,-0.012972,0.197964,0.000000,0.000000,0.000000,1.000000,1.000000
1782456544.143263,-1,0.000432,inf,SAFE_STAND,0.000000,0.024892,-0.013359,0.205099,0.000000,0.000000,0.000000,1.000000,1.000000
1782456544.163436,-1,0.000485,inf,SAFE_STAND,0.000000,0.024500,-0.013496,0.212198,0.000000,0.000000,0.000000,1.000000,1.000000
1782456544.184073,-1,0.000714,inf,SAFE_STAND,0.000000,0.023763,-0.013488,0.219616,0.000000,0.000000,0.000000,1.000000,1.000000
1782456544.204767,-1,0.001258,21.807835,SAFE_STAND,0.000000,0.022929,-0.013256,0.226587,0.000000,0.000000,0.000000,1.000000,1.000000
1782456544.224755,-1,0.001082,inf,SAFE_STAND,0.000000,0.021925,-0.012845,0.233499,0.000000,0.000000,0.000000,1.000000,1.000000
1782456544.244863,-1,0.000811,inf,SAFE_STAND,0.000000,0.020845,-0.012251,0.240436,0.000000,0.000000,0.000000,1.000000,1.000000
1782456544.265597,-1,0.001102,inf,SAFE_STAND,0.000000,0.019679,-0.011379,0.247668,0.000000,0.000000,0.000000,1.000000,1.000000
1782456544.285893,-1,0.001225,inf,SAFE_STAND,0.000000,0.018660,-0.010275,0.254490,0.000000,0.000000,0.000000,1.000000,1.000000
1782456544.306584,-1,0.001230,inf,SAFE_STAND,0.000000,0.017631,-0.008961,0.261258,0.000000,0.000000,0.000000,1.000000,1.000000
1782456544.327235,-1,0.001213,inf,SAFE_STAND,0.000000,0.016761,-0.007362,0.268274,0.000000,0.000000,0.000000,1.000000,1.000000
1782456544.347282,-1,0.001079,inf,SAFE_STAND,0.000000,0.016036,-0.005625,0.275227,0.000000,0.000000,0.000000,1.000000,1.000000
1782456544.367474,-1,0.001097,inf,SAFE_STAND,0.000000,0.015452,-0.003898,0.281587,0.000000,0.000000,0.000000,1.000000,1.000000
1782456544.387923,-1,0.001080,inf,SAFE_STAND,0.000000,0.014803,-0.001857,0.288607,0.000000,0.000000,0.000000,1.000000,1.000000
1782456544.407985,-1,0.001033,inf,SAFE_STAND,0.000000,0.014308,0.000110,0.295142,0.000000,0.000000,0.000000,1.000000,1.000000
1782456544.428198,-1,0.001092,inf,SAFE_STAND,0.000000,0.013979,0.002141,0.301540,0.000000,0.000000,0.000000,1.000000,1.000000
1782456544.448360,-1,0.000817,inf,SAFE_STAND,0.000000,0.013803,0.004063,0.308163,0.000000,0.000000,0.000000,1.000000,1.000000
1782456544.468779,-1,0.001084,inf,SAFE_STAND,0.000000,0.013672,0.005846,0.314521,0.000000,0.000000,0.000000,1.000000,1.000000
1782456544.488951,-1,0.001093,inf,SAFE_STAND,0.000000,0.013613,0.007507,0.320881,0.000000,0.000000,0.000000,1.000000,1.000000
1782456544.509045,-1,0.000813,inf,SAFE_STAND,0.000000,0.013718,0.009167,0.327513,0.000000,0.000000,0.000000,1.000000,1.000000
1782456544.529492,-1,0.001074,inf,SAFE_STAND,0.000000,0.013918,0.010561,0.333713,0.000000,0.000000,0.000000,1.000000,1.000000
1782456544.549605,-1,0.001041,inf,SAFE_STAND,0.000000,0.014181,0.011810,0.339899,0.000000,0.000000,0.000000,1.000000,1.000000
1782456544.569784,-1,0.000821,inf,SAFE_STAND,0.000000,0.014586,0.012978,0.346373,0.000000,0.000000,0.000000,1.000000,1.000000
1782456544.590486,-1,0.001086,inf,SAFE_STAND,0.000000,0.015045,0.013873,0.352144,0.000000,0.000000,0.000000,1.000000,1.000000
1782456544.610637,-1,0.001089,inf,SAFE_STAND,0.000000,0.015638,0.014740,0.358425,0.000000,0.000000,0.000000,1.000000,1.000000
1782456544.631089,-1,0.001152,inf,SAFE_STAND,0.000000,0.016326,0.015449,0.364659,0.000000,0.000000,0.000000,1.000000,1.000000
1782456544.651215,-1,0.001165,inf,SAFE_STAND,0.000000,0.017009,0.016024,0.370269,0.000000,0.000000,0.000000,1.000000,1.000000
1782456544.671343,-1,0.001119,inf,SAFE_STAND,0.000000,0.017717,0.016540,0.376102,0.000000,0.000000,0.000000,1.000000,1.000000
1782456544.691760,-1,0.001098,inf,SAFE_STAND,0.000000,0.018436,0.016924,0.382226,0.000000,0.000000,0.000000,1.000000,1.000000
1782456544.712168,-1,0.001340,22.315185,SAFE_STAND,0.000000,0.019099,0.017193,0.387921,0.000000,0.000000,0.000000,1.000000,1.000000
1782456544.732126,-1,0.001112,inf,SAFE_STAND,0.000000,0.019691,0.017409,0.393591,0.000000,0.000000,0.000000,1.000000,1.000000
1782456544.752575,-1,0.001100,inf,SAFE_STAND,0.000000,0.020191,0.017621,0.399546,0.000000,0.000000,0.000000,1.000000,1.000000
1782456544.772762,-1,0.001107,inf,SAFE_STAND,0.000000,0.020532,0.017837,0.405180,0.000000,0.000000,0.000000,1.000000,1.000000
1782456544.792954,-1,0.001117,inf,SAFE_STAND,0.000000,0.020687,0.018109,0.410452,0.000000,0.000000,0.000000,1.000000,1.000000
1782456544.813091,-1,0.000829,inf,SAFE_STAND,0.000000,0.020732,0.018472,0.416551,0.000000,0.000000,0.000000,1.000000,1.000000
1782456544.833704,-1,0.001058,inf,SAFE_STAND,0.000000,0.020535,0.018874,0.422013,0.000000,0.000000,0.000000,1.000000,1.000000
1782456544.853799,-1,0.000699,inf,SAFE_STAND,0.000000,0.020171,0.019417,0.427459,0.000000,0.000000,0.000000,1.000000,1.000000
1782456544.874139,-1,0.000732,inf,SAFE_STAND,0.000000,0.019645,0.020165,0.432831,0.000000,0.000000,0.000000,1.000000,1.000000
1782456544.894141,-1,0.000453,inf,SAFE_STAND,0.000000,0.018840,0.021147,0.438675,0.000000,0.000000,0.000000,1.000000,1.000000
1782456544.914281,-1,0.000515,inf,SAFE_STAND,0.000000,0.017991,0.022171,0.443940,0.000000,0.000000,0.000000,1.000000,1.000000
1782456544.934380,-1,0.000535,inf,SAFE_STAND,0.000000,0.017091,0.023397,0.448905,0.000000,0.000000,0.000000,1.000000,1.000000
1782456544.954986,-1,0.000846,inf,SAFE_STAND,0.000000,0.016033,0.024770,0.454199,0.000000,0.000000,0.000000,1.000000,1.000000
1782456544.974949,-1,0.000471,inf,SAFE_STAND,0.000000,0.014881,0.026254,0.459347,0.000000,0.000000,0.000000,1.000000,1.000000
1782456544.994935,-1,0.000391,inf,SAFE_STAND,0.000000,0.013594,0.028022,0.464675,0.000000,0.000000,0.000000,1.000000,1.000000
1782456545.015085,-1,0.000469,inf,SAFE_STAND,0.000000,0.012383,0.029742,0.469707,0.000000,0.000000,0.000000,1.000000,1.000000
1782456545.035742,-1,0.000991,inf,SAFE_STAND,0.000000,0.011108,0.031456,0.474739,0.000000,0.000000,0.000000,1.000000,1.000000
1782456545.055936,-1,0.000787,inf,SAFE_STAND,0.000000,0.009741,0.033282,0.479834,0.000000,0.000000,0.000000,1.000000,1.000000
1782456545.076762,-1,0.001184,inf,SAFE_STAND,0.000000,0.008492,0.035060,0.484546,0.000000,0.000000,0.000000,1.000000,1.000000
1782456545.096903,-1,0.000799,inf,SAFE_STAND,0.000000,0.007341,0.036847,0.489537,0.000000,0.000000,0.000000,1.000000,1.000000
1782456545.117788,-1,0.000816,inf,SAFE_STAND,0.000000,0.006382,0.038468,0.494144,0.000000,0.000000,0.000000,1.000000,1.000000
1782456545.138191,-1,0.000812,inf,SAFE_STAND,0.000000,0.005335,0.040186,0.499343,0.000000,0.000000,0.000000,1.000000,1.000000
1782456545.158139,-1,0.000683,inf,SAFE_STAND,0.000000,0.004433,0.041578,0.503959,0.000000,0.000000,0.000000,1.000000,1.000000
1782456545.178137,-1,0.000466,inf,SAFE_STAND,0.000000,0.003551,0.042824,0.508739,0.000000,0.000000,0.000000,1.000000,1.000000
1782456545.198222,-1,0.000476,inf,SAFE_STAND,0.000000,0.002743,0.043818,0.513054,0.000000,0.000000,0.000000,1.000000,1.000000
1782456545.218640,-1,0.000820,22.822015,SAFE_STAND,0.000000,0.001880,0.044669,0.517743,0.000000,0.000000,0.000000,1.000000,1.000000
1782456545.238586,-1,0.000678,inf,SAFE_STAND,0.000000,0.001019,0.045196,0.522151,0.000000,0.000000,0.000000,1.000000,1.000000
1782456545.258654,-1,0.000670,inf,SAFE_STAND,0.000000,0.000260,0.045445,0.526262,0.000000,0.000000,0.000000,1.000000,1.000000
1782456545.278918,-1,0.000754,inf,SAFE_STAND,0.000000,-0.000530,0.045575,0.530818,0.000000,0.000000,0.000000,1.000000,1.000000
1782456545.299616,-1,0.000991,inf,SAFE_STAND,0.000000,-0.001254,0.045441,0.535158,0.000000,0.000000,0.000000,1.000000,1.000000
1782456545.319758,-1,0.000980,inf,SAFE_STAND,0.000000,-0.001933,0.045030,0.539358,0.000000,0.000000,0.000000,1.000000,1.000000
1782456545.339895,-1,0.000771,inf,SAFE_STAND,0.000000,-0.002533,0.044425,0.543647,0.000000,0.000000,0.000000,1.000000,1.000000
1782456545.360807,-1,0.001152,inf,SAFE_STAND,0.000000,-0.003023,0.043581,0.547712,0.000000,0.000000,0.000000,1.000000,1.000000
1782456545.380719,-1,0.000735,inf,SAFE_STAND,0.000000,-0.003407,0.042459,0.551979,0.000000,0.000000,0.000000,1.000000,1.000000
1782456545.401431,-1,0.001025,inf,SAFE_STAND,0.000000,-0.003721,0.041085,0.555975,0.000000,0.000000,0.000000,1.000000,1.000000
1782456545.421321,-1,0.000818,inf,SAFE_STAND,0.000000,-0.003892,0.039486,0.559895,0.000000,0.000000,0.000000,1.000000,1.000000
1782456545.441273,-1,0.000431,inf,SAFE_STAND,0.000000,-0.003914,0.037788,0.563835,0.000000,0.000000,0.000000,1.000000,1.000000
1782456545.461390,-1,0.000429,inf,SAFE_STAND,0.000000,-0.003847,0.035890,0.567730,0.000000,0.000000,0.000000,1.000000,1.000000
1782456545.481680,-1,0.000429,inf,SAFE_STAND,0.000000,-0.003667,0.033791,0.571738,0.000000,0.000000,0.000000,1.000000,1.000000
1782456545.501856,-1,0.000428,inf,SAFE_STAND,0.000000,-0.003346,0.031684,0.575727,0.000000,0.000000,0.000000,1.000000,1.000000
1782456545.522027,-1,0.000531,inf,SAFE_STAND,0.000000,-0.002929,0.029848,0.579258,0.000000,0.000000,0.000000,1.000000,1.000000
1782456545.542110,-1,0.000528,inf,SAFE_STAND,0.000000,-0.002344,0.027765,0.582994,0.000000,0.000000,0.000000,1.000000,1.000000
1782456545.562585,-1,0.000699,inf,SAFE_STAND,0.000000,-0.001599,0.025649,0.586562,0.000000,0.000000,0.000000,1.000000,1.000000
1782456545.582546,-1,0.000425,inf,SAFE_STAND,0.000000,-0.000589,0.023504,0.590166,0.000000,0.000000,0.000000,1.000000,1.000000
1782456545.602606,-1,0.000423,inf,SAFE_STAND,0.000000,0.000562,0.021557,0.593762,0.000000,0.000000,0.000000,1.000000,1.000000
1782456545.622733,-1,0.000472,inf,SAFE_STAND,0.000000,0.001939,0.019694,0.597446,0.000000,0.000000,0.000000,1.000000,1.000000
1782456545.642781,-1,0.000449,inf,SAFE_STAND,0.000000,0.003486,0.017992,0.601029,0.000000,0.000000,0.000000,1.000000,1.000000
1782456545.663047,-1,0.000635,inf,SAFE_STAND,0.000000,0.005167,0.016400,0.604515,0.000000,0.000000,0.000000,1.000000,1.000000
1782456545.683181,-1,0.000698,inf,SAFE_STAND,0.000000,0.006888,0.014922,0.607986,0.000000,0.000000,0.000000,1.000000,1.000000
1782456545.703199,-1,0.000471,inf,SAFE_STAND,0.000000,0.008704,0.013471,0.611555,0.000000,0.000000,0.000000,1.000000,1.000000
1782456545.723493,-1,0.000633,23.327134,SAFE_STAND,0.000000,0.010544,0.012165,0.614769,0.000000,0.000000,0.000000,1.000000,1.000000
1782456545.743410,-1,0.000428,inf,SAFE_STAND,0.000000,0.012403,0.010980,0.617985,0.000000,0.000000,0.000000,1.000000,1.000000
1782456545.763926,-1,0.000830,inf,SAFE_STAND,0.000000,0.014280,0.009881,0.621195,0.000000,0.000000,0.000000,1.000000,1.000000
1782456545.783958,-1,0.000786,inf,SAFE_STAND,0.000000,0.016162,0.008846,0.624344,0.000000,0.000000,0.000000,1.000000,1.000000
1782456545.803972,-1,0.000435,inf,SAFE_STAND,0.000000,0.017980,0.007870,0.627308,0.000000,0.000000,0.000000,1.000000,1.000000
1782456545.824030,-1,0.000424,inf,SAFE_STAND,0.000000,0.020089,0.006794,0.630597,0.000000,0.000000,0.000000,1.000000,1.000000
1782456545.844101,-1,0.000426,inf,SAFE_STAND,0.000000,0.022045,0.005873,0.633594,0.000000,0.000000,0.000000,1.000000,1.000000
1782456545.864184,-1,0.000435,inf,SAFE_STAND,0.000000,0.023949,0.004935,0.636557,0.000000,0.000000,0.000000,1.000000,1.000000
1782456545.884490,-1,0.000670,inf,SAFE_STAND,0.000000,0.025693,0.004022,0.639305,0.000000,0.000000,0.000000,1.000000,1.000000
1782456545.904503,-1,0.000534,inf,SAFE_STAND,0.000000,0.027490,0.003069,0.642236,0.000000,0.000000,0.000000,1.000000,1.000000
1782456545.924572,-1,0.000479,inf,SAFE_STAND,0.000000,0.029327,0.001965,0.645323,0.000000,0.000000,0.000000,1.000000,1.000000
1782456545.944683,-1,0.000457,inf,SAFE_STAND,0.000000,0.030768,0.000986,0.647965,0.000000,0.000000,0.000000,1.000000,1.000000
1782456545.964804,-1,0.000449,inf,SAFE_STAND,0.000000,0.032216,-0.000149,0.650635,0.000000,0.000000,0.000000,1.000000,1.000000
1782456545.985159,-1,0.000677,inf,SAFE_STAND,0.000000,0.033480,-0.001400,0.653222,0.000000,0.000000,0.000000,1.000000,1.000000
1782456546.005189,-1,0.000447,inf,SAFE_STAND,0.000000,0.034675,-0.002823,0.655959,0.000000,0.000000,0.000000,1.000000,1.000000
1782456546.025321,-1,0.000457,inf,SAFE_STAND,0.000000,0.035641,-0.004212,0.658446,0.000000,0.000000,0.000000,1.000000,1.000000
1782456546.045446,-1,0.000469,inf,SAFE_STAND,0.000000,0.036422,-0.005752,0.660850,0.000000,0.000000,0.000000,1.000000,1.000000
1782456546.065822,-1,0.000724,inf,SAFE_STAND,0.000000,0.037116,-0.007271,0.663255,0.000000,0.000000,0.000000,1.000000,1.000000
1782456546.085947,-1,0.000532,inf,SAFE_STAND,0.000000,0.037643,-0.008780,0.665476,0.000000,0.000000,0.000000,1.000000,1.000000
1782456546.105943,-1,0.000423,inf,SAFE_STAND,0.000000,0.038065,-0.010619,0.667987,0.000000,0.000000,0.000000,1.000000,1.000000
1782456546.126034,-1,0.000439,inf,SAFE_STAND,0.000000,0.038308,-0.012244,0.670203,0.000000,0.000000,0.000000,1.000000,1.000000
1782456546.146098,-1,0.000436,inf,SAFE_STAND,0.000000,0.038385,-0.013890,0.672406,0.000000,0.000000,0.000000,1.000000,1.000000
1782456546.166370,-1,0.000429,inf,SAFE_STAND,0.000000,0.038333,-0.015295,0.674529,0.000000,0.000000,0.000000,1.000000,1.000000
1782456546.186597,-1,0.000434,inf,SAFE_STAND,0.000000,0.038036,-0.016896,0.676930,0.000000,0.000000,0.000000,1.000000,1.000000
1782456546.206677,-1,0.000437,inf,SAFE_STAND,0.000000,0.037621,-0.018150,0.678946,0.000000,0.000000,0.000000,1.000000,1.000000
1782456546.227314,-1,0.000937,23.830670,SAFE_STAND,0.000000,0.037010,-0.019299,0.681028,0.000000,0.000000,0.000000,1.000000,1.000000
1782456546.247174,-1,0.000674,inf,SAFE_STAND,0.000000,0.036251,-0.020256,0.683050,0.000000,0.000000,0.000000,1.000000,1.000000
1782456546.267265,-1,0.000687,inf,SAFE_STAND,0.000000,0.035272,-0.020995,0.685122,0.000000,0.000000,0.000000,1.000000,1.000000
1782456546.287321,-1,0.000437,inf,SAFE_STAND,0.000000,0.034237,-0.021479,0.687038,0.000000,0.000000,0.000000,1.000000,1.000000
1782456546.307443,-1,0.000425,inf,SAFE_STAND,0.000000,0.033122,-0.021687,0.688971,0.000000,0.000000,0.000000,1.000000,1.000000
1782456546.327824,-1,0.000680,inf,SAFE_STAND,0.000000,0.031920,-0.021597,0.690899,0.000000,0.000000,0.000000,1.000000,1.000000
1782456546.347953,-1,0.000683,inf,SAFE_STAND,0.000000,0.030626,-0.021229,0.692850,0.000000,0.000000,0.000000,1.000000,1.000000
1782456546.367902,-1,0.000423,inf,SAFE_STAND,0.000000,0.029189,-0.020560,0.694808,0.000000,0.000000,0.000000,1.000000,1.000000
1782456546.388032,-1,0.000428,inf,SAFE_STAND,0.000000,0.027766,-0.019665,0.696576,0.000000,0.000000,0.000000,1.000000,1.000000
1782456546.408149,-1,0.000426,inf,SAFE_STAND,0.000000,0.026329,-0.018440,0.698289,0.000000,0.000000,0.000000,1.000000,1.000000
1782456546.428763,-1,0.000448,inf,SAFE_STAND,0.000000,0.024809,-0.016882,0.700057,0.000000,0.000000,0.000000,1.000000,1.000000
1782456546.448864,-1,0.000432,inf,SAFE_STAND,0.000000,0.023346,-0.015164,0.701748,0.000000,0.000000,0.000000,1.000000,1.000000
1782456546.469002,-1,0.000449,inf,SAFE_STAND,0.000000,0.021866,-0.013119,0.703431,0.000000,0.000000,0.000000,1.000000,1.000000
1782456546.489495,-1,0.000429,inf,SAFE_STAND,0.000000,0.020378,-0.010829,0.705094,0.000000,0.000000,0.000000,1.000000,1.000000
1782456546.509620,-1,0.000431,inf,SAFE_STAND,0.000000,0.018872,-0.008356,0.706643,0.000000,0.000000,0.000000,1.000000,1.000000
1782456546.529770,-1,0.000464,inf,SAFE_STAND,0.000000,0.017286,-0.005581,0.708180,0.000000,0.000000,0.000000,1.000000,1.000000
1782456546.549888,-1,0.000460,inf,SAFE_STAND,0.000000,0.015798,-0.003060,0.709588,0.000000,0.000000,0.000000,1.000000,1.000000
1782456546.570298,-1,0.000429,inf,SAFE_STAND,0.000000,0.014109,-0.000153,0.711223,0.000000,0.000000,0.000000,1.000000,1.000000
1782456546.590374,-1,0.000429,inf,SAFE_STAND,0.000000,0.012427,0.002664,0.712730,0.000000,0.000000,0.000000,1.000000,1.000000
1782456546.611053,-1,0.000736,inf,SAFE_STAND,0.000000,0.010678,0.005352,0.713922,0.000000,0.000000,0.000000,1.000000,1.000000
1782456546.630870,-1,0.000420,inf,SAFE_STAND,0.000000,0.008780,0.008132,0.715008,0.000000,0.000000,0.000000,1.000000,1.000000
1782456546.650964,-1,0.000440,inf,SAFE_STAND,0.000000,0.007049,0.010670,0.716074,0.000000,0.000000,0.000000,1.000000,1.000000
1782456546.671106,-1,0.000456,inf,SAFE_STAND,0.000000,0.005395,0.013187,0.717218,0.000000,0.000000,0.000000,1.000000,1.000000
1782456546.691718,-1,0.000694,inf,SAFE_STAND,0.000000,0.003788,0.015604,0.718390,0.000000,0.000000,0.000000,1.000000,1.000000
1782456546.711747,-1,0.000422,inf,SAFE_STAND,0.000000,0.002159,0.018063,0.719465,0.000000,0.000000,0.000000,1.000000,1.000000
1782456546.732105,-1,0.000655,24.335737,SAFE_STAND,0.000000,0.000692,0.020131,0.720398,0.000000,0.000000,0.000000,1.000000,1.000000
1782456546.752510,-1,0.000688,inf,SAFE_STAND,0.000000,-0.000595,0.021876,0.721174,0.000000,0.000000,0.000000,1.000000,1.000000
1782456546.772513,-1,0.000432,inf,SAFE_STAND,0.000000,-0.001955,0.023786,0.721938,0.000000,0.000000,0.000000,1.000000,1.000000
1782456546.792634,-1,0.000430,inf,SAFE_STAND,0.000000,-0.003127,0.025288,0.722631,0.000000,0.000000,0.000000,1.000000,1.000000
1782456546.812745,-1,0.000429,inf,SAFE_STAND,0.000000,-0.004082,0.026366,0.723242,0.000000,0.000000,0.000000,1.000000,1.000000
1782456546.833243,-1,0.000442,inf,SAFE_STAND,0.000000,-0.005044,0.027295,0.723875,0.000000,0.000000,0.000000,1.000000,1.000000
1782456546.853354,-1,0.000429,inf,SAFE_STAND,0.000000,-0.005798,0.027993,0.724463,0.000000,0.000000,0.000000,1.000000,1.000000
1782456546.873483,-1,0.000428,inf,SAFE_STAND,0.000000,-0.006357,0.028493,0.724971,0.000000,0.000000,0.000000,1.000000,1.000000
1782456546.894065,-1,0.000431,inf,SAFE_STAND,0.000000,-0.006889,0.028895,0.725516,0.000000,0.000000,0.000000,1.000000,1.000000
1782456546.914185,-1,0.000433,inf,SAFE_STAND,0.000000,-0.007136,0.029141,0.725863,0.000000,0.000000,0.000000,1.000000,1.000000
1782456546.934306,-1,0.000479,inf,SAFE_STAND,0.000000,-0.007092,0.029255,0.726098,0.000000,0.000000,0.000000,1.000000,1.000000
1782456546.954817,-1,0.000466,inf,SAFE_STAND,0.000000,-0.006715,0.029124,0.726287,0.000000,0.000000,0.000000,1.000000,1.000000
1782456546.974924,-1,0.000436,inf,SAFE_STAND,0.000000,-0.005931,0.028860,0.726433,0.000000,0.000000,0.000000,1.000000,1.000000
1782456546.995039,-1,0.000428,inf,SAFE_STAND,0.000000,-0.004683,0.028162,0.726437,0.000000,0.000000,0.000000,1.000000,1.000000
1782456547.015413,-1,0.000684,inf,SAFE_STAND,0.000000,-0.003072,0.027006,0.726343,0.000000,0.000000,0.000000,1.000000,1.000000
1782456547.035388,-1,0.000442,inf,SAFE_STAND,0.000000,-0.000728,0.025210,0.726211,0.000000,0.000000,0.000000,1.000000,1.000000
1782456547.055496,-1,0.000433,inf,SAFE_STAND,0.000000,0.001845,0.023151,0.725984,0.000000,0.000000,0.000000,1.000000,1.000000
1782456547.075632,-1,0.000445,inf,SAFE_STAND,0.000000,0.004620,0.020908,0.725798,0.000000,0.000000,0.000000,1.000000,1.000000
1782456547.095726,-1,0.000425,inf,SAFE_STAND,0.000000,0.007798,0.018422,0.725684,0.000000,0.000000,0.000000,1.000000,1.000000
1782456547.116094,-1,0.000674,inf,SAFE_STAND,0.000000,0.011260,0.016009,0.725594,0.000000,0.000000,0.000000,1.000000,1.000000
1782456547.135973,-1,0.000426,inf,SAFE_STAND,0.000000,0.014574,0.013615,0.725493,0.000000,0.000000,0.000000,1.000000,1.000000
1782456547.156365,-1,0.000441,inf,SAFE_STAND,0.000000,0.017697,0.011272,0.725304,0.000000,0.000000,0.000000,1.000000,1.000000
1782456547.176447,-1,0.000453,inf,SAFE_STAND,0.000000,0.020490,0.009057,0.724957,0.000000,0.000000,0.000000,1.000000,1.000000
1782456547.196953,-1,0.000674,inf,SAFE_STAND,0.000000,0.023425,0.006862,0.724575,0.000000,0.000000,0.000000,1.000000,1.000000
1782456547.216910,-1,0.000427,inf,SAFE_STAND,0.000000,0.026563,0.005042,0.723813,0.000000,0.000000,0.000000,1.000000,1.000000
1782456547.237346,-1,0.000800,24.840746,SAFE_STAND,0.000000,0.029763,0.003465,0.723059,0.000000,0.000000,0.000000,1.000000,1.000000
1782456547.257039,-1,0.000427,inf,SAFE_STAND,0.000000,0.032601,0.002088,0.722281,0.000000,0.000000,0.000000,1.000000,1.000000
1782456547.277550,-1,0.000662,inf,SAFE_STAND,0.000000,0.035065,0.001030,0.721423,0.000000,0.000000,0.000000,1.000000,1.000000
1782456547.297669,-1,0.000715,inf,SAFE_STAND,0.000000,0.037259,0.000326,0.720552,0.000000,0.000000,0.000000,1.000000,1.000000
1782456547.317544,-1,0.000409,inf,SAFE_STAND,0.000000,0.039186,-0.000063,0.719660,0.000000,0.000000,0.000000,1.000000,1.000000
1782456547.337834,-1,0.000447,inf,SAFE_STAND,0.000000,0.040649,-0.000082,0.718889,0.000000,0.000000,0.000000,1.000000,1.000000
1782456547.357893,-1,0.000440,inf,SAFE_STAND,0.000000,0.041926,0.000296,0.717945,0.000000,0.000000,0.000000,1.000000,1.000000
1782456547.378388,-1,0.000646,inf,SAFE_STAND,0.000000,0.042747,0.000874,0.716921,0.000000,0.000000,0.000000,1.000000,1.000000
1782456547.398268,-1,0.000458,inf,SAFE_STAND,0.000000,0.043186,0.001818,0.715815,0.000000,0.000000,0.000000,1.000000,1.000000
1782456547.418253,-1,0.000381,inf,SAFE_STAND,0.000000,0.043196,0.002908,0.714778,0.000000,0.000000,0.000000,1.000000,1.000000
1782456547.438416,-1,0.000481,inf,SAFE_STAND,0.000000,0.042772,0.004354,0.713516,0.000000,0.000000,0.000000,1.000000,1.000000
1782456547.458456,-1,0.000456,inf,SAFE_STAND,0.000000,0.041971,0.005764,0.712274,0.000000,0.000000,0.000000,1.000000,1.000000
1782456547.479059,-1,0.000508,inf,SAFE_STAND,0.000000,0.040886,0.007322,0.710931,0.000000,0.000000,0.000000,1.000000,1.000000
1782456547.499046,-1,0.000420,inf,SAFE_STAND,0.000000,0.039552,0.008966,0.709500,0.000000,0.000000,0.000000,1.000000,1.000000
1782456547.519093,-1,0.000398,inf,SAFE_STAND,0.000000,0.038130,0.010607,0.708132,0.000000,0.000000,0.000000,1.000000,1.000000
1782456547.539696,-1,0.000928,inf,SAFE_STAND,0.000000,0.036731,0.012248,0.706736,0.000000,0.000000,0.000000,1.000000,1.000000
1782456547.559687,-1,0.000819,inf,SAFE_STAND,0.000000,0.035498,0.013706,0.705554,0.000000,0.000000,0.000000,1.000000,1.000000
1782456547.579748,-1,0.000793,inf,SAFE_STAND,0.000000,0.034157,0.015075,0.704186,0.000000,0.000000,0.000000,1.000000,1.000000
1782456547.599586,-1,0.000404,inf,SAFE_STAND,0.000000,0.032785,0.016339,0.702679,0.000000,0.000000,0.000000,1.000000,1.000000
1782456547.619748,-1,0.000495,inf,SAFE_STAND,0.000000,0.031531,0.017323,0.701255,0.000000,0.000000,0.000000,1.000000,1.000000
1782456547.639792,-1,0.000466,inf,SAFE_STAND,0.000000,0.030364,0.018045,0.699755,0.000000,0.000000,0.000000,1.000000,1.000000
1782456547.660239,-1,0.000634,inf,SAFE_STAND,0.000000,0.029303,0.018530,0.698216,0.000000,0.000000,0.000000,1.000000,1.000000
1782456547.680382,-1,0.000716,inf,SAFE_STAND,0.000000,0.028326,0.018789,0.696641,0.000000,0.000000,0.000000,1.000000,1.000000
1782456547.700254,-1,0.000468,inf,SAFE_STAND,0.000000,0.027438,0.018881,0.695005,0.000000,0.000000,0.000000,1.000000,1.000000
1782456547.720290,-1,0.000442,inf,SAFE_STAND,0.000000,0.026673,0.018788,0.693160,0.000000,0.000000,0.000000,1.000000,1.000000
1782456547.740642,-1,0.000729,25.344190,SAFE_STAND,0.000000,0.026171,0.018472,0.691278,0.000000,0.000000,0.000000,1.000000,1.000000
1782456547.760851,-1,0.000648,inf,SAFE_STAND,0.000000,0.025929,0.017943,0.689351,0.000000,0.000000,0.000000,1.000000,1.000000
1782456547.780914,-1,0.000647,inf,SAFE_STAND,0.000000,0.026014,0.017327,0.687498,0.000000,0.000000,0.000000,1.000000,1.000000
1782456547.800923,-1,0.000421,inf,SAFE_STAND,0.000000,0.026399,0.016501,0.685321,0.000000,0.000000,0.000000,1.000000,1.000000
1782456547.821046,-1,0.000482,inf,SAFE_STAND,0.000000,0.026991,0.015529,0.683351,0.000000,0.000000,0.000000,1.000000,1.000000
1782456547.841076,-1,0.000441,inf,SAFE_STAND,0.000000,0.027681,0.014596,0.681454,0.000000,0.000000,0.000000,1.000000,1.000000
1782456547.861318,-1,0.000622,inf,SAFE_STAND,0.000000,0.028375,0.013554,0.679471,0.000000,0.000000,0.000000,1.000000,1.000000
1782456547.881190,-1,0.000432,inf,SAFE_STAND,0.000000,0.029139,0.012551,0.677486,0.000000,0.000000,0.000000,1.000000,1.000000
1782456547.901525,-1,0.000473,inf,SAFE_STAND,0.000000,0.029779,0.011513,0.675302,0.000000,0.000000,0.000000,1.000000,1.000000
1782456547.921658,-1,0.000544,inf,SAFE_STAND,0.000000,0.030393,0.010585,0.673084,0.000000,0.000000,0.000000,1.000000,1.000000
1782456547.941776,-1,0.000584,inf,SAFE_STAND,0.000000,0.031167,0.009765,0.670907,0.000000,0.000000,0.000000,1.000000,1.000000
1782456547.962173,-1,0.000681,inf,SAFE_STAND,0.000000,0.031726,0.009028,0.668752,0.000000,0.000000,0.000000,1.000000,1.000000
1782456547.982225,-1,0.000662,inf,SAFE_STAND,0.000000,0.031948,0.008404,0.666538,0.000000,0.000000,0.000000,1.000000,1.000000
1782456548.002181,-1,0.000415,inf,SAFE_STAND,0.000000,0.031832,0.007965,0.664115,0.000000,0.000000,0.000000,1.000000,1.000000
1782456548.022296,-1,0.000447,inf,SAFE_STAND,0.000000,0.031362,0.007686,0.661771,0.000000,0.000000,0.000000,1.000000,1.000000
1782456548.042361,-1,0.000447,inf,SAFE_STAND,0.000000,0.030659,0.007581,0.659502,0.000000,0.000000,0.000000,1.000000,1.000000
1782456548.062796,-1,0.000597,inf,SAFE_STAND,0.000000,0.029548,0.007729,0.656952,0.000000,0.000000,0.000000,1.000000,1.000000
1782456548.082993,-1,0.000478,inf,SAFE_STAND,0.000000,0.028175,0.008001,0.654167,0.000000,0.000000,0.000000,1.000000,1.000000
1782456548.103072,-1,0.000425,inf,SAFE_STAND,0.000000,0.026740,0.008367,0.651681,0.000000,0.000000,0.000000,1.000000,1.000000
1782456548.123226,-1,0.000448,inf,SAFE_STAND,0.000000,0.025039,0.008810,0.648945,0.000000,0.000000,0.000000,1.000000,1.000000
1782456548.143627,-1,0.000470,inf,SAFE_STAND,0.000000,0.022962,0.009409,0.645830,0.000000,0.000000,0.000000,1.000000,1.000000
1782456548.163730,-1,0.000451,inf,SAFE_STAND,0.000000,0.021237,0.009982,0.643004,0.000000,0.000000,0.000000,1.000000,1.000000
1782456548.183807,-1,0.000452,inf,SAFE_STAND,0.000000,0.019444,0.010716,0.640056,0.000000,0.000000,0.000000,1.000000,1.000000
1782456548.204296,-1,0.000651,inf,SAFE_STAND,0.000000,0.017746,0.011523,0.636995,0.000000,0.000000,0.000000,1.000000,1.000000
1782456548.224427,-1,0.000717,inf,SAFE_STAND,0.000000,0.016123,0.012478,0.633708,0.000000,0.000000,0.000000,1.000000,1.000000
1782456548.244349,-1,0.000572,25.847975,SAFE_STAND,0.000000,0.014801,0.013390,0.630440,0.000000,0.000000,0.000000,1.000000,1.000000
1782456548.264512,-1,0.000455,inf,SAFE_STAND,0.000000,0.013561,0.014285,0.627142,0.000000,0.000000,0.000000,1.000000,1.000000
1782456548.284626,-1,0.000505,inf,SAFE_STAND,0.000000,0.012185,0.015195,0.623841,0.000000,0.000000,0.000000,1.000000,1.000000
1782456548.305124,-1,0.000479,inf,SAFE_STAND,0.000000,0.010817,0.016098,0.620273,0.000000,0.000000,0.000000,1.000000,1.000000
1782456548.325131,-1,0.000417,inf,SAFE_STAND,0.000000,0.009795,0.016763,0.616558,0.000000,0.000000,0.000000,1.000000,1.000000
1782456548.345307,-1,0.000526,inf,SAFE_STAND,0.000000,0.008950,0.017393,0.612892,0.000000,0.000000,0.000000,1.000000,1.000000
1782456548.365745,-1,0.000663,inf,SAFE_STAND,0.000000,0.008128,0.017919,0.609420,0.000000,0.000000,0.000000,1.000000,1.000000
1782456548.385719,-1,0.000478,inf,SAFE_STAND,0.000000,0.007141,0.018435,0.605284,0.000000,0.000000,0.000000,1.000000,1.000000
1782456548.405812,-1,0.000432,inf,SAFE_STAND,0.000000,0.006231,0.018723,0.601180,0.000000,0.000000,0.000000,1.000000,1.000000
1782456548.425979,-1,0.000454,inf,SAFE_STAND,0.000000,0.005382,0.018912,0.597143,0.000000,0.000000,0.000000,1.000000,1.000000
1782456548.446077,-1,0.000439,inf,SAFE_STAND,0.000000,0.004541,0.019019,0.592821,0.000000,0.000000,0.000000,1.000000,1.000000
1782456548.466537,-1,0.000422,inf,SAFE_STAND,0.000000,0.003623,0.018953,0.588056,0.000000,0.000000,0.000000,1.000000,1.000000
1782456548.486671,-1,0.000437,inf,SAFE_STAND,0.000000,0.002769,0.018802,0.583423,0.000000,0.000000,0.000000,1.000000,1.000000
1782456548.506847,-1,0.000432,inf,SAFE_STAND,0.000000,0.001973,0.018522,0.578979,0.000000,0.000000,0.000000,1.000000,1.000000
1782456548.527255,-1,0.000715,inf,SAFE_STAND,0.000000,0.001102,0.018132,0.574342,0.000000,0.000000,0.000000,1.000000,1.000000
1782456548.547408,-1,0.000489,inf,SAFE_STAND,0.000000,0.000117,0.017646,0.569249,0.000000,0.000000,0.000000,1.000000,1.000000
1782456548.567436,-1,0.000448,inf,SAFE_STAND,0.000000,-0.000898,0.017100,0.564214,0.000000,0.000000,0.000000,1.000000,1.000000
1782456548.587737,-1,0.000681,inf,SAFE_STAND,0.000000,-0.001933,0.016466,0.559084,0.000000,0.000000,0.000000,1.000000,1.000000
1782456548.607609,-1,0.000487,inf,SAFE_STAND,0.000000,-0.003013,0.015806,0.553892,0.000000,0.000000,0.000000,1.000000,1.000000
1782456548.627922,-1,0.000425,inf,SAFE_STAND,0.000000,-0.004136,0.015118,0.548285,0.000000,0.000000,0.000000,1.000000,1.000000
1782456548.647993,-1,0.000425,inf,SAFE_STAND,0.000000,-0.005195,0.014433,0.542806,0.000000,0.000000,0.000000,1.000000,1.000000
1782456548.668168,-1,0.000438,inf,SAFE_STAND,0.000000,-0.006185,0.013803,0.537240,0.000000,0.000000,0.000000,1.000000,1.000000
1782456548.688302,-1,0.000439,inf,SAFE_STAND,0.000000,-0.007146,0.013275,0.531611,0.000000,0.000000,0.000000,1.000000,1.000000
1782456548.708759,-1,0.000433,inf,SAFE_STAND,0.000000,-0.008014,0.012759,0.525914,0.000000,0.000000,0.000000,1.000000,1.000000
1782456548.728980,-1,0.000529,inf,SAFE_STAND,0.000000,-0.008771,0.012390,0.519764,0.000000,0.000000,0.000000,1.000000,1.000000
1782456548.749541,-1,0.000966,26.353068,SAFE_STAND,0.000000,-0.009344,0.012093,0.513927,0.000000,0.000000,0.000000,1.000000,1.000000
1782456548.769395,-1,0.000709,inf,SAFE_STAND,0.000000,-0.009779,0.012005,0.508290,0.000000,0.000000,0.000000,1.000000,1.000000
1782456548.789281,-1,0.000438,inf,SAFE_STAND,0.000000,-0.010088,0.011994,0.501951,0.000000,0.000000,0.000000,1.000000,1.000000
1782456548.809426,-1,0.000459,inf,SAFE_STAND,0.000000,-0.010321,0.012213,0.495485,0.000000,0.000000,0.000000,1.000000,1.000000
1782456548.829518,-1,0.000438,inf,SAFE_STAND,0.000000,-0.010492,0.012469,0.489618,0.000000,0.000000,0.000000,1.000000,1.000000
1782456548.849617,-1,0.000429,inf,SAFE_STAND,0.000000,-0.010691,0.012888,0.483296,0.000000,0.000000,0.000000,1.000000,1.000000
1782456548.870195,-1,0.000674,inf,SAFE_STAND,0.000000,-0.010920,0.013484,0.476783,0.000000,0.000000,0.000000,1.000000,1.000000
1782456548.890165,-1,0.000438,inf,SAFE_STAND,0.000000,-0.011143,0.014272,0.469881,0.000000,0.000000,0.000000,1.000000,1.000000
1782456548.910275,-1,0.000435,inf,SAFE_STAND,0.000000,-0.011348,0.015151,0.463245,0.000000,0.000000,0.000000,1.000000,1.000000
1782456548.931073,-1,0.000850,inf,SAFE_STAND,0.000000,-0.011472,0.016026,0.456503,0.000000,0.000000,0.000000,1.000000,1.000000
1782456548.950915,-1,0.000473,inf,SAFE_STAND,0.000000,-0.011549,0.017028,0.449394,0.000000,0.000000,0.000000,1.000000,1.000000
1782456548.971006,-1,0.000444,inf,SAFE_STAND,0.000000,-0.011605,0.018042,0.442567,0.000000,0.000000,0.000000,1.000000,1.000000
1782456548.991110,-1,0.000426,inf,SAFE_STAND,0.000000,-0.011630,0.019061,0.435734,0.000000,0.000000,0.000000,1.000000,1.000000
1782456549.011491,-1,0.000690,inf,SAFE_STAND,0.000000,-0.011741,0.020159,0.428791,0.000000,0.000000,0.000000,1.000000,1.000000
1782456549.031459,-1,0.000425,inf,SAFE_STAND,0.000000,-0.011921,0.021218,0.421678,0.000000,0.000000,0.000000,1.000000,1.000000
1782456549.051597,-1,0.000438,inf,SAFE_STAND,0.000000,-0.012246,0.022183,0.414430,0.000000,0.000000,0.000000,1.000000,1.000000
1782456549.071797,-1,0.000426,inf,SAFE_STAND,0.000000,-0.012705,0.023122,0.406783,0.000000,0.000000,0.000000,1.000000,1.000000
1782456549.092449,-1,0.000446,inf,SAFE_STAND,0.000000,-0.013288,0.023886,0.398994,0.000000,0.000000,0.000000,1.000000,1.000000
1782456549.112624,-1,0.000510,inf,SAFE_STAND,0.000000,-0.013863,0.024401,0.391836,0.000000,0.000000,0.000000,1.000000,1.000000
1782456549.133177,-1,0.000663,inf,SAFE_STAND,0.000000,-0.014481,0.024771,0.384209,0.000000,0.000000,0.000000,1.000000,1.000000
1782456549.153235,-1,0.000517,inf,SAFE_STAND,0.000000,-0.015129,0.024895,0.375852,0.000000,0.000000,0.000000,1.000000,1.000000
1782456549.173380,-1,0.000529,inf,SAFE_STAND,0.000000,-0.015642,0.024767,0.368584,0.000000,0.000000,0.000000,1.000000,1.000000
1782456549.194027,-1,0.000756,inf,SAFE_STAND,0.000000,-0.016157,0.024375,0.360843,0.000000,0.000000,0.000000,1.000000,1.000000
1782456549.214200,-1,0.000478,inf,SAFE_STAND,0.000000,-0.016586,0.023772,0.353108,0.000000,0.000000,0.000000,1.000000,1.000000
1782456549.234528,-1,0.000731,inf,SAFE_STAND,0.000000,-0.017002,0.022860,0.344974,0.000000,0.000000,0.000000,1.000000,1.000000
1782456549.254735,-1,0.000816,26.858365,SAFE_STAND,0.000000,-0.017371,0.021752,0.337165,0.000000,0.000000,0.000000,1.000000,1.000000
1782456549.274716,-1,0.000678,inf,SAFE_STAND,0.000000,-0.017672,0.020470,0.329237,0.000000,0.000000,0.000000,1.000000,1.000000
1782456549.294825,-1,0.000674,inf,SAFE_STAND,0.000000,-0.017851,0.019035,0.321251,0.000000,0.000000,0.000000,1.000000,1.000000
1782456549.314701,-1,0.000425,inf,SAFE_STAND,0.000000,-0.017889,0.017425,0.312779,0.000000,0.000000,0.000000,1.000000,1.000000
1782456549.334822,-1,0.000429,inf,SAFE_STAND,0.000000,-0.017793,0.015811,0.304749,0.000000,0.000000,0.000000,1.000000,1.000000
1782456549.355231,-1,0.000677,inf,SAFE_STAND,0.000000,-0.017470,0.014120,0.296760,0.000000,0.000000,0.000000,1.000000,1.000000
1782456549.375339,-1,0.000668,inf,SAFE_STAND,0.000000,-0.016940,0.012547,0.289153,0.000000,0.000000,0.000000,1.000000,1.000000
1782456549.395288,-1,0.000428,inf,SAFE_STAND,0.000000,-0.016142,0.010835,0.280353,0.000000,0.000000,0.000000,1.000000,1.000000
1782456549.415422,-1,0.000432,inf,SAFE_STAND,0.000000,-0.015278,0.009406,0.272357,0.000000,0.000000,0.000000,1.000000,1.000000
1782456549.435550,-1,0.000443,inf,SAFE_STAND,0.000000,-0.014329,0.008144,0.264777,0.000000,0.000000,0.000000,1.000000,1.000000
1782456549.455867,-1,0.000643,inf,SAFE_STAND,0.000000,-0.013256,0.006980,0.256700,0.000000,0.000000,0.000000,1.000000,1.000000
1782456549.476173,-1,0.000461,inf,SAFE_STAND,0.000000,-0.012068,0.005922,0.248247,0.000000,0.000000,0.000000,1.000000,1.000000
1782456549.496229,-1,0.000452,inf,SAFE_STAND,0.000000,-0.010904,0.005121,0.240195,0.000000,0.000000,0.000000,1.000000,1.000000
1782456549.516934,-1,0.000429,inf,SAFE_STAND,0.000000,-0.009734,0.004529,0.232113,0.000000,0.000000,0.000000,1.000000,1.000000
1782456549.537051,-1,0.000477,inf,SAFE_STAND,0.000000,-0.008479,0.004172,0.223537,0.000000,0.000000,0.000000,1.000000,1.000000
1782456549.557596,-1,0.000948,inf,SAFE_STAND,0.000000,-0.007283,0.004080,0.215406,0.000000,0.000000,0.000000,1.000000,1.000000
1782456549.577445,-1,0.000711,inf,SAFE_STAND,0.000000,-0.006140,0.004189,0.207196,0.000000,0.000000,0.000000,1.000000,1.000000
1782456549.597533,-1,0.000716,inf,SAFE_STAND,0.000000,-0.005065,0.004562,0.199029,0.000000,0.000000,0.000000,1.000000,1.000000
1782456549.617589,-1,0.000698,inf,SAFE_STAND,0.000000,-0.003955,0.005225,0.190836,0.000000,0.000000,0.000000,1.000000,1.000000
1782456549.637441,-1,0.000446,inf,SAFE_STAND,0.000000,-0.002832,0.006035,0.182295,0.000000,0.000000,0.000000,1.000000,1.000000
1782456549.657634,-1,0.000563,inf,SAFE_STAND,0.000000,-0.001792,0.006999,0.174121,0.000000,0.000000,0.000000,1.000000,1.000000
1782456549.678154,-1,0.000798,inf,SAFE_STAND,0.000000,-0.000776,0.008186,0.165973,0.000000,0.000000,0.000000,1.000000,1.000000
1782456549.698158,-1,0.000719,inf,SAFE_STAND,0.000000,0.000203,0.009393,0.158240,0.000000,0.000000,0.000000,1.000000,1.000000
1782456549.718212,-1,0.000708,inf,SAFE_STAND,0.000000,0.001177,0.010749,0.150052,0.000000,0.000000,0.000000,1.000000,1.000000
1782456549.738243,-1,0.000499,inf,SAFE_STAND,0.000000,0.002243,0.012275,0.140998,0.000000,0.000000,0.000000,1.000000,1.000000
1782456549.758397,-1,0.000586,27.362015,SAFE_STAND,0.000000,0.003154,0.013543,0.133117,0.000000,0.000000,0.000000,1.000000,1.000000
1782456549.778753,-1,0.000665,inf,SAFE_STAND,0.000000,0.004114,0.014911,0.124877,0.000000,0.000000,0.000000,1.000000,1.000000
1782456549.798833,-1,0.000680,inf,SAFE_STAND,0.000000,0.005048,0.016206,0.116253,0.000000,0.000000,0.000000,1.000000,1.000000
1782456549.818873,-1,0.000471,inf,SAFE_STAND,0.000000,0.005868,0.017305,0.108074,0.000000,0.000000,0.000000,1.000000,1.000000
1782456549.838935,-1,0.000462,inf,SAFE_STAND,0.000000,0.006617,0.018364,0.099809,0.000000,0.000000,0.000000,1.000000,1.000000
1782456549.858994,-1,0.000455,inf,SAFE_STAND,0.000000,0.007292,0.019172,0.091540,0.000000,0.000000,0.000000,1.000000,1.000000
1782456549.879086,-1,0.000480,inf,SAFE_STAND,0.000000,0.007866,0.019836,0.083324,0.000000,0.000000,0.000000,1.000000,1.000000
1782456549.899590,-1,0.000448,inf,SAFE_STAND,0.000000,0.008393,0.020277,0.074652,0.000000,0.000000,0.000000,1.000000,1.000000
1782456549.919620,-1,0.000413,inf,SAFE_STAND,0.000000,0.008837,0.020518,0.066339,0.000000,0.000000,0.000000,1.000000,1.000000
1782456549.939796,-1,0.000509,inf,SAFE_STAND,0.000000,0.009223,0.020476,0.058060,0.000000,0.000000,0.000000,1.000000,1.000000
1782456549.960371,-1,0.000788,inf,SAFE_STAND,0.000000,0.009593,0.020225,0.049773,0.000000,0.000000,0.000000,1.000000,1.000000
1782456549.980294,-1,0.000439,inf,SAFE_STAND,0.000000,0.010023,0.019736,0.041108,0.000000,0.000000,0.000000,1.000000,1.000000
1782456550.000370,-1,0.000453,inf,SAFE_STAND,0.000000,0.010431,0.019083,0.032820,0.000000,0.000000,0.000000,1.000000,1.000000
1782456550.020441,-1,0.000458,inf,SAFE_STAND,0.000000,0.010841,0.018288,0.024946,0.000000,0.000000,0.000000,1.000000,1.000000
1782456550.040492,-1,0.000441,inf,SAFE_STAND,0.000000,0.011337,0.017388,0.016623,0.000000,0.000000,0.000000,1.000000,1.000000
1782456550.060973,-1,0.000630,inf,SAFE_STAND,0.000000,0.011962,0.016405,0.007965,0.000000,0.000000,0.000000,1.000000,1.000000
1782456550.080981,-1,0.000444,inf,SAFE_STAND,0.000000,0.012685,0.015509,-0.000305,0.000000,0.000000,0.000000,1.000000,1.000000
1782456550.101044,-1,0.000442,inf,SAFE_STAND,0.000000,0.013498,0.014652,-0.008593,0.000000,0.000000,0.000000,1.000000,1.000000
1782456550.121131,-1,0.000462,inf,SAFE_STAND,0.000000,0.014450,0.013858,-0.016840,0.000000,0.000000,0.000000,1.000000,1.000000
1782456550.141608,-1,0.000654,inf,SAFE_STAND,0.000000,0.015579,0.013143,-0.025372,0.000000,0.000000,0.000000,1.000000,1.000000
1782456550.161561,-1,0.000454,inf,SAFE_STAND,0.000000,0.016792,0.012694,-0.033551,0.000000,0.000000,0.000000,1.000000,1.000000
1782456550.181687,-1,0.000508,inf,SAFE_STAND,0.000000,0.018152,0.012415,-0.041709,0.000000,0.000000,0.000000,1.000000,1.000000
1782456550.201778,-1,0.000518,inf,SAFE_STAND,0.000000,0.019628,0.012356,-0.049818,0.000000,0.000000,0.000000,1.000000,1.000000
1782456550.221822,-1,0.000488,inf,SAFE_STAND,0.000000,0.021184,0.012597,-0.057958,0.000000,0.000000,0.000000,1.000000,1.000000
1782456550.242285,-1,0.000659,inf,SAFE_STAND,0.000000,0.022768,0.013075,-0.066138,0.000000,0.000000,0.000000,1.000000,1.000000
1782456550.262468,-1,0.000776,27.866066,SAFE_STAND,0.000000,0.024361,0.013916,-0.074191,0.000000,0.000000,0.000000,1.000000,1.000000
1782456550.282316,-1,0.000462,inf,SAFE_STAND,0.000000,0.025919,0.014882,-0.082202,0.000000,0.000000,0.000000,1.000000,1.000000
1782456550.302414,-1,0.000482,inf,SAFE_STAND,0.000000,0.027485,0.016152,-0.090561,0.000000,0.000000,0.000000,1.000000,1.000000
1782456550.322462,-1,0.000451,inf,SAFE_STAND,0.000000,0.028824,0.017586,-0.098482,0.000000,0.000000,0.000000,1.000000,1.000000
1782456550.342543,-1,0.000450,inf,SAFE_STAND,0.000000,0.030024,0.019227,-0.106370,0.000000,0.000000,0.000000,1.000000,1.000000
1782456550.362834,-1,0.000670,inf,SAFE_STAND,0.000000,0.030977,0.020985,-0.113877,0.000000,0.000000,0.000000,1.000000,1.000000
1782456550.382845,-1,0.000414,inf,SAFE_STAND,0.000000,0.031909,0.023145,-0.122628,0.000000,0.000000,0.000000,1.000000,1.000000
1782456550.402922,-1,0.000428,inf,SAFE_STAND,0.000000,0.032638,0.025242,-0.130483,0.000000,0.000000,0.000000,1.000000,1.000000
1782456550.422982,-1,0.000424,inf,SAFE_STAND,0.000000,0.033211,0.027283,-0.137936,0.000000,0.000000,0.000000,1.000000,1.000000
1782456550.443054,-1,0.000431,inf,SAFE_STAND,0.000000,0.033675,0.029433,-0.145783,0.000000,0.000000,0.000000,1.000000,1.000000
1782456550.463584,-1,0.000658,inf,SAFE_STAND,0.000000,0.034008,0.031543,-0.153655,0.000000,0.000000,0.000000,1.000000,1.000000
1782456550.483652,-1,0.000659,inf,SAFE_STAND,0.000000,0.034185,0.033727,-0.161863,0.000000,0.000000,0.000000,1.000000,1.000000
1782456550.503509,-1,0.000436,inf,SAFE_STAND,0.000000,0.034183,0.035678,-0.169636,0.000000,0.000000,0.000000,1.000000,1.000000
1782456550.523594,-1,0.000455,inf,SAFE_STAND,0.000000,0.033994,0.037382,-0.177512,0.000000,0.000000,0.000000,1.000000,1.000000
1782456550.543676,-1,0.000467,inf,SAFE_STAND,0.000000,0.033673,0.038918,-0.185368,0.000000,0.000000,0.000000,1.000000,1.000000
1782456550.564189,-1,0.000683,inf,SAFE_STAND,0.000000,0.033260,0.040227,-0.193161,0.000000,0.000000,0.000000,1.000000,1.000000
1782456550.584155,-1,0.000425,inf,SAFE_STAND,0.000000,0.032637,0.041284,-0.201390,0.000000,0.000000,0.000000,1.000000,1.000000
1782456550.604216,-1,0.000420,inf,SAFE_STAND,0.000000,0.031988,0.041941,-0.209244,0.000000,0.000000,0.000000,1.000000,1.000000
1782456550.624298,-1,0.000433,inf,SAFE_STAND,0.000000,0.031253,0.042289,-0.217116,0.000000,0.000000,0.000000,1.000000,1.000000
1782456550.644346,-1,0.000411,inf,SAFE_STAND,0.000000,0.030563,0.042341,-0.224622,0.000000,0.000000,0.000000,1.000000,1.000000
1782456550.664704,-1,0.000705,inf,SAFE_STAND,0.000000,0.029807,0.042061,-0.232730,0.000000,0.000000,0.000000,1.000000,1.000000
1782456550.684741,-1,0.000670,inf,SAFE_STAND,0.000000,0.029107,0.041621,-0.240426,0.000000,0.000000,0.000000,1.000000,1.000000
1782456550.704798,-1,0.000653,inf,SAFE_STAND,0.000000,0.028421,0.040882,-0.248105,0.000000,0.000000,0.000000,1.000000,1.000000
1782456550.724769,-1,0.000475,inf,SAFE_STAND,0.000000,0.027731,0.039945,-0.255792,0.000000,0.000000,0.000000,1.000000,1.000000
1782456550.744958,-1,0.000588,inf,SAFE_STAND,0.000000,0.027027,0.038785,-0.263904,0.000000,0.000000,0.000000,1.000000,1.000000
1782456550.765642,-1,0.000967,28.368917,SAFE_STAND,0.000000,0.026389,0.037502,-0.271560,0.000000,0.000000,0.000000,1.000000,1.000000
1782456550.785468,-1,0.000704,inf,SAFE_STAND,0.000000,0.025785,0.036140,-0.278840,0.000000,0.000000,0.000000,1.000000,1.000000
1782456550.805481,-1,0.000474,inf,SAFE_STAND,0.000000,0.025145,0.034627,-0.286849,0.000000,0.000000,0.000000,1.000000,1.000000
1782456550.825528,-1,0.000446,inf,SAFE_STAND,0.000000,0.024554,0.033141,-0.294407,0.000000,0.000000,0.000000,1.000000,1.000000
1782456550.845650,-1,0.000496,inf,SAFE_STAND,0.000000,0.023963,0.031605,-0.301934,0.000000,0.000000,0.000000,1.000000,1.000000
1782456550.865718,-1,0.000499,inf,SAFE_STAND,0.000000,0.023409,0.030097,-0.309384,0.000000,0.000000,0.000000,1.000000,1.000000
1782456550.886185,-1,0.000677,inf,SAFE_STAND,0.000000,0.022813,0.028706,-0.316766,0.000000,0.000000,0.000000,1.000000,1.000000
1782456550.906178,-1,0.000455,inf,SAFE_STAND,0.000000,0.022221,0.027354,-0.324122,0.000000,0.000000,0.000000,1.000000,1.000000
1782456550.926232,-1,0.000437,inf,SAFE_STAND,0.000000,0.021474,0.026114,-0.331791,0.000000,0.000000,0.000000,1.000000,1.000000
1782456550.946629,-1,0.000757,inf,SAFE_STAND,0.000000,0.020724,0.025070,-0.339064,0.000000,0.000000,0.000000,1.000000,1.000000
1782456550.966642,-1,0.000691,inf,SAFE_STAND,0.000000,0.019853,0.024128,-0.346313,0.000000,0.000000,0.000000,1.000000,1.000000
1782456550.986627,-1,0.000606,inf,SAFE_STAND,0.000000,0.018900,0.023276,-0.353567,0.000000,0.000000,0.000000,1.000000,1.000000
1782456551.006655,-1,0.000571,inf,SAFE_STAND,0.000000,0.017920,0.022676,-0.360403,0.000000,0.000000,0.000000,1.000000,1.000000
1782456551.026753,-1,0.000429,inf,SAFE_STAND,0.000000,0.016689,0.022070,-0.368345,0.000000,0.000000,0.000000,1.000000,1.000000
1782456551.046871,-1,0.000424,inf,SAFE_STAND,0.000000,0.015498,0.021695,-0.375469,0.000000,0.000000,0.000000,1.000000,1.000000
1782456551.067587,-1,0.000758,inf,SAFE_STAND,0.000000,0.014304,0.021423,-0.382117,0.000000,0.000000,0.000000,1.000000,1.000000
1782456551.087642,-1,0.000488,inf,SAFE_STAND,0.000000,0.012862,0.021259,-0.389452,0.000000,0.000000,0.000000,1.000000,1.000000
1782456551.107693,-1,0.000422,inf,SAFE_STAND,0.000000,0.011390,0.021158,-0.396772,0.000000,0.000000,0.000000,1.000000,1.000000
1782456551.128067,-1,0.000665,inf,SAFE_STAND,0.000000,0.009985,0.021104,-0.403381,0.000000,0.000000,0.000000,1.000000,1.000000
1782456551.148235,-1,0.000712,inf,SAFE_STAND,0.000000,0.008482,0.021034,-0.410334,0.000000,0.000000,0.000000,1.000000,1.000000
1782456551.168238,-1,0.000429,inf,SAFE_STAND,0.000000,0.006916,0.020973,-0.417578,0.000000,0.000000,0.000000,1.000000,1.000000
1782456551.188374,-1,0.000429,inf,SAFE_STAND,0.000000,0.005487,0.020838,-0.424420,0.000000,0.000000,0.000000,1.000000,1.000000
1782456551.208498,-1,0.000430,inf,SAFE_STAND,0.000000,0.004129,0.020593,-0.431242,0.000000,0.000000,0.000000,1.000000,1.000000
1782456551.228954,-1,0.000753,inf,SAFE_STAND,0.000000,0.002784,0.020317,-0.438071,0.000000,0.000000,0.000000,1.000000,1.000000
1782456551.248766,-1,0.000440,inf,SAFE_STAND,0.000000,0.001468,0.019859,-0.445174,0.000000,0.000000,0.000000,1.000000,1.000000
1782456551.269103,-1,0.000661,28.872747,SAFE_STAND,0.000000,0.000279,0.019312,-0.451852,0.000000,0.000000,0.000000,1.000000,1.000000
1782456551.288990,-1,0.000426,inf,SAFE_STAND,0.000000,-0.000794,0.018614,-0.458476,0.000000,0.000000,0.000000,1.000000,1.000000
1782456551.309112,-1,0.000428,inf,SAFE_STAND,0.000000,-0.001792,0.017693,-0.465044,0.000000,0.000000,0.000000,1.000000,1.000000
1782456551.329653,-1,0.000433,inf,SAFE_STAND,0.000000,-0.002685,0.016661,-0.471620,0.000000,0.000000,0.000000,1.000000,1.000000
1782456551.349785,-1,0.000449,inf,SAFE_STAND,0.000000,-0.003496,0.015336,-0.478470,0.000000,0.000000,0.000000,1.000000,1.000000
1782456551.369885,-1,0.000429,inf,SAFE_STAND,0.000000,-0.004118,0.013891,-0.484944,0.000000,0.000000,0.000000,1.000000,1.000000
1782456551.390476,-1,0.000428,inf,SAFE_STAND,0.000000,-0.004599,0.012336,-0.491369,0.000000,0.000000,0.000000,1.000000,1.000000
1782456551.410632,-1,0.000459,inf,SAFE_STAND,0.000000,-0.004973,0.010550,-0.498097,0.000000,0.000000,0.000000,1.000000,1.000000
1782456551.430727,-1,0.000430,inf,SAFE_STAND,0.000000,-0.005193,0.008849,-0.504175,0.000000,0.000000,0.000000,1.000000,1.000000
1782456551.451165,-1,0.000443,inf,SAFE_STAND,0.000000,-0.005292,0.006927,-0.510833,0.000000,0.000000,0.000000,1.000000,1.000000
1782456551.471524,-1,0.000671,inf,SAFE_STAND,0.000000,-0.005291,0.005152,-0.516795,0.000000,0.000000,0.000000,1.000000,1.000000
1782456551.491407,-1,0.000430,inf,SAFE_STAND,0.000000,-0.005202,0.003248,-0.523322,0.000000,0.000000,0.000000,1.000000,1.000000
1782456551.512009,-1,0.000661,inf,SAFE_STAND,0.000000,-0.005071,0.001436,-0.529451,0.000000,0.000000,0.000000,1.000000,1.000000
1782456551.531915,-1,0.000446,inf,SAFE_STAND,0.000000,-0.004887,-0.000405,-0.535875,0.000000,0.000000,0.000000,1.000000,1.000000
1782456551.552073,-1,0.000483,inf,SAFE_STAND,0.000000,-0.004721,-0.002172,-0.541917,0.000000,0.000000,0.000000,1.000000,1.000000
1782456551.572233,-1,0.000523,inf,SAFE_STAND,0.000000,-0.004589,-0.003800,-0.547939,0.000000,0.000000,0.000000,1.000000,1.000000
1782456551.592802,-1,0.000446,inf,SAFE_STAND,0.000000,-0.004489,-0.005307,-0.553869,0.000000,0.000000,0.000000,1.000000,1.000000
1782456551.612907,-1,0.000440,inf,SAFE_STAND,0.000000,-0.004439,-0.006846,-0.560096,0.000000,0.000000,0.000000,1.000000,1.000000
1782456551.633279,-1,0.000683,inf,SAFE_STAND,0.000000,-0.004399,-0.008218,-0.565968,0.000000,0.000000,0.000000,1.000000,1.000000
1782456551.653338,-1,0.000421,inf,SAFE_STAND,0.000000,-0.004435,-0.009456,-0.572071,0.000000,0.000000,0.000000,1.000000,1.000000
1782456551.673484,-1,0.000493,inf,SAFE_STAND,0.000000,-0.004502,-0.010421,-0.577534,0.000000,0.000000,0.000000,1.000000,1.000000
1782456551.693603,-1,0.000496,inf,SAFE_STAND,0.000000,-0.004624,-0.011216,-0.583429,0.000000,0.000000,0.000000,1.000000,1.000000
1782456551.714177,-1,0.000694,inf,SAFE_STAND,0.000000,-0.004809,-0.011889,-0.589017,0.000000,0.000000,0.000000,1.000000,1.000000
1782456551.734349,-1,0.000701,inf,SAFE_STAND,0.000000,-0.005020,-0.012265,-0.594377,0.000000,0.000000,0.000000,1.000000,1.000000
1782456551.754309,-1,0.000450,inf,SAFE_STAND,0.000000,-0.005243,-0.012571,-0.600574,0.000000,0.000000,0.000000,1.000000,1.000000
1782456551.774525,-1,0.000600,29.378125,SAFE_STAND,0.000000,-0.005424,-0.012638,-0.605831,0.000000,0.000000,0.000000,1.000000,1.000000
1782456551.794847,-1,0.000645,inf,SAFE_STAND,0.000000,-0.005602,-0.012602,-0.611301,0.000000,0.000000,0.000000,1.000000,1.000000
1782456551.814879,-1,0.000400,inf,SAFE_STAND,0.000000,-0.005753,-0.012407,-0.616928,0.000000,0.000000,0.000000,1.000000,1.000000
1782456551.835013,-1,0.000469,inf,SAFE_STAND,0.000000,-0.005855,-0.012072,-0.622259,0.000000,0.000000,0.000000,1.000000,1.000000
1782456551.855042,-1,0.000427,inf,SAFE_STAND,0.000000,-0.005900,-0.011649,-0.627571,0.000000,0.000000,0.000000,1.000000,1.000000
1782456551.875115,-1,0.000436,inf,SAFE_STAND,0.000000,-0.005847,-0.011091,-0.632766,0.000000,0.000000,0.000000,1.000000,1.000000
1782456551.895610,-1,0.000635,inf,SAFE_STAND,0.000000,-0.005707,-0.010471,-0.637966,0.000000,0.000000,0.000000,1.000000,1.000000
1782456551.915691,-1,0.000652,inf,SAFE_STAND,0.000000,-0.005510,-0.009806,-0.642861,0.000000,0.000000,0.000000,1.000000,1.000000
1782456551.935574,-1,0.000463,inf,SAFE_STAND,0.000000,-0.005068,-0.008906,-0.648550,0.000000,0.000000,0.000000,1.000000,1.000000
1782456551.955655,-1,0.000477,inf,SAFE_STAND,0.000000,-0.004500,-0.008004,-0.653643,0.000000,0.000000,0.000000,1.000000,1.000000
1782456551.975889,-1,0.000420,inf,SAFE_STAND,0.000000,-0.003799,-0.007040,-0.658366,0.000000,0.000000,0.000000,1.000000,1.000000
1782456551.996192,-1,0.000652,inf,SAFE_STAND,0.000000,-0.002889,-0.005940,-0.663520,0.000000,0.000000,0.000000,1.000000,1.000000
1782456552.016225,-1,0.000445,inf,SAFE_STAND,0.000000,-0.001845,-0.004789,-0.668641,0.000000,0.000000,0.000000,1.000000,1.000000
1782456552.036292,-1,0.000438,inf,SAFE_STAND,0.000000,-0.000871,-0.003657,-0.673221,0.000000,0.000000,0.000000,1.000000,1.000000
1782456552.056353,-1,0.000435,inf,SAFE_STAND,0.000000,0.000253,-0.002460,-0.678032,0.000000,0.000000,0.000000,1.000000,1.000000
1782456552.076837,-1,0.000612,inf,SAFE_STAND,0.000000,0.001500,-0.001118,-0.682978,0.000000,0.000000,0.000000,1.000000,1.000000
1782456552.096786,-1,0.000436,inf,SAFE_STAND,0.000000,0.002737,0.000134,-0.687669,0.000000,0.000000,0.000000,1.000000,1.000000
1782456552.116975,-1,0.000429,inf,SAFE_STAND,0.000000,0.003953,0.001443,-0.692281,0.000000,0.000000,0.000000,1.000000,1.000000
1782456552.137091,-1,0.000474,inf,SAFE_STAND,0.000000,0.005176,0.002755,-0.696820,0.000000,0.000000,0.000000,1.000000,1.000000
1782456552.157148,-1,0.000456,inf,SAFE_STAND,0.000000,0.006401,0.004078,-0.701313,0.000000,0.000000,0.000000,1.000000,1.000000
1782456552.177661,-1,0.000452,inf,SAFE_STAND,0.000000,0.007675,0.005530,-0.705954,0.000000,0.000000,0.000000,1.000000,1.000000
1782456552.197789,-1,0.000507,inf,SAFE_STAND,0.000000,0.008879,0.006941,-0.710310,0.000000,0.000000,0.000000,1.000000,1.000000
1782456552.217846,-1,0.000495,inf,SAFE_STAND,0.000000,0.010064,0.008467,-0.714601,0.000000,0.000000,0.000000,1.000000,1.000000
1782456552.238313,-1,0.000668,inf,SAFE_STAND,0.000000,0.011199,0.010027,-0.718876,0.000000,0.000000,0.000000,1.000000,1.000000
1782456552.258354,-1,0.000434,inf,SAFE_STAND,0.000000,0.012311,0.011662,-0.723285,0.000000,0.000000,0.000000,1.000000,1.000000
1782456552.278569,-1,0.000582,29.882181,SAFE_STAND,0.000000,0.013218,0.013213,-0.727182,0.000000,0.000000,0.000000,1.000000,1.000000
1782456552.298506,-1,0.000451,inf,SAFE_STAND,0.000000,0.014089,0.014981,-0.731428,0.000000,0.000000,0.000000,1.000000,1.000000
1782456552.318554,-1,0.000434,inf,SAFE_STAND,0.000000,0.014788,0.016706,-0.735410,0.000000,0.000000,0.000000,1.000000,1.000000
1782456552.338867,-1,0.000668,inf,SAFE_STAND,0.000000,0.015322,0.018392,-0.739126,0.000000,0.000000,0.000000,1.000000,1.000000
1782456552.358927,-1,0.000644,inf,SAFE_STAND,0.000000,0.015781,0.020116,-0.743029,0.000000,0.000000,0.000000,1.000000,1.000000
1782456552.378801,-1,0.000428,inf,SAFE_STAND,0.000000,0.016155,0.022033,-0.747307,0.000000,0.000000,0.000000,1.000000,1.000000
1782456552.398915,-1,0.000429,inf,SAFE_STAND,0.000000,0.016462,0.023683,-0.750918,0.000000,0.000000,0.000000,1.000000,1.000000
1782456552.418977,-1,0.000429,inf,SAFE_STAND,0.000000,0.016760,0.025321,-0.754582,0.000000,0.000000,0.000000,1.000000,1.000000
1782456552.439082,-1,0.000464,inf,SAFE_STAND,0.000000,0.017005,0.027020,-0.758402,0.000000,0.000000,0.000000,1.000000,1.000000
1782456552.459145,-1,0.000461,inf,SAFE_STAND,0.000000,0.017227,0.028541,-0.761843,0.000000,0.000000,0.000000,1.000000,1.000000
1782456552.479625,-1,0.000436,inf,SAFE_STAND,0.000000,0.017435,0.030074,-0.765365,0.000000,0.000000,0.000000,1.000000,1.000000
1782456552.499687,-1,0.000432,inf,SAFE_STAND,0.000000,0.017614,0.031618,-0.769020,0.000000,0.000000,0.000000,1.000000,1.000000
1782456552.519777,-1,0.000458,inf,SAFE_STAND,0.000000,0.017757,0.033018,-0.772500,0.000000,0.000000,0.000000,1.000000,1.000000
1782456552.539878,-1,0.000484,inf,SAFE_STAND,0.000000,0.017904,0.034391,-0.775889,0.000000,0.000000,0.000000,1.000000,1.000000
1782456552.560221,-1,0.000429,inf,SAFE_STAND,0.000000,0.018037,0.035771,-0.779383,0.000000,0.000000,0.000000,1.000000,1.000000
1782456552.580391,-1,0.000473,inf,SAFE_STAND,0.000000,0.018213,0.036970,-0.782631,0.000000,0.000000,0.000000,1.000000,1.000000
1782456552.600441,-1,0.000455,inf,SAFE_STAND,0.000000,0.018406,0.038044,-0.785764,0.000000,0.000000,0.000000,1.000000,1.000000
1782456552.620529,-1,0.000477,inf,SAFE_STAND,0.000000,0.018644,0.039068,-0.789121,0.000000,0.000000,0.000000,1.000000,1.000000
1782456552.641041,-1,0.000692,inf,SAFE_STAND,0.000000,0.018879,0.039950,-0.792234,0.000000,0.000000,0.000000,1.000000,1.000000
1782456552.661120,-1,0.000690,inf,SAFE_STAND,0.000000,0.019128,0.040718,-0.795323,0.000000,0.000000,0.000000,1.000000,1.000000
1782456552.680956,-1,0.000425,inf,SAFE_STAND,0.000000,0.019377,0.041387,-0.798343,0.000000,0.000000,0.000000,1.000000,1.000000
1782456552.701062,-1,0.000466,inf,SAFE_STAND,0.000000,0.019615,0.042042,-0.801470,0.000000,0.000000,0.000000,1.000000,1.000000
1782456552.721107,-1,0.000440,inf,SAFE_STAND,0.000000,0.019846,0.042561,-0.804394,0.000000,0.000000,0.000000,1.000000,1.000000
1782456552.741389,-1,0.000650,inf,SAFE_STAND,0.000000,0.020043,0.042968,-0.807130,0.000000,0.000000,0.000000,1.000000,1.000000
1782456552.761514,-1,0.000697,inf,SAFE_STAND,0.000000,0.020221,0.043286,-0.809977,0.000000,0.000000,0.000000,1.000000,1.000000
1782456552.781719,-1,0.000829,30.385316,SAFE_STAND,0.000000,0.020419,0.043482,-0.812737,0.000000,0.000000,0.000000,1.000000,1.000000
1782456552.801507,-1,0.000427,inf,SAFE_STAND,0.000000,0.020594,0.043606,-0.815572,0.000000,0.000000,0.000000,1.000000,1.000000
1782456552.821691,-1,0.000540,inf,SAFE_STAND,0.000000,0.020706,0.043645,-0.818224,0.000000,0.000000,0.000000,1.000000,1.000000
1782456552.841692,-1,0.000464,inf,SAFE_STAND,0.000000,0.020773,0.043569,-0.820796,0.000000,0.000000,0.000000,1.000000,1.000000
1782456552.861949,-1,0.000420,inf,SAFE_STAND,0.000000,0.020763,0.043528,-0.823290,0.000000,0.000000,0.000000,1.000000,1.000000
1782456552.882248,-1,0.000423,inf,SAFE_STAND,0.000000,0.020645,0.043455,-0.825868,0.000000,0.000000,0.000000,1.000000,1.000000
1782456552.902313,-1,0.000425,inf,SAFE_STAND,0.000000,0.020480,0.043343,-0.828313,0.000000,0.000000,0.000000,1.000000,1.000000
1782456552.922391,-1,0.000435,inf,SAFE_STAND,0.000000,0.020279,0.043237,-0.830657,0.000000,0.000000,0.000000,1.000000,1.000000
1782456552.942535,-1,0.000501,inf,SAFE_STAND,0.000000,0.020049,0.043057,-0.832964,0.000000,0.000000,0.000000,1.000000,1.000000
1782456552.962857,-1,0.000481,inf,SAFE_STAND,0.000000,0.019747,0.042836,-0.835362,0.000000,0.000000,0.000000,1.000000,1.000000
1782456552.982917,-1,0.000423,inf,SAFE_STAND,0.000000,0.019454,0.042620,-0.837512,0.000000,0.000000,0.000000,1.000000,1.000000
1782456553.003037,-1,0.000478,inf,SAFE_STAND,0.000000,0.019096,0.042361,-0.839559,0.000000,0.000000,0.000000,1.000000,1.000000
1782456553.023085,-1,0.000453,inf,SAFE_STAND,0.000000,0.018654,0.042045,-0.841758,0.000000,0.000000,0.000000,1.000000,1.000000
1782456553.043138,-1,0.000442,inf,SAFE_STAND,0.000000,0.018159,0.041736,-0.843765,0.000000,0.000000,0.000000,1.000000,1.000000
1782456553.063678,-1,0.000660,inf,SAFE_STAND,0.000000,0.017620,0.041353,-0.845573,0.000000,0.000000,0.000000,1.000000,1.000000
1782456553.083621,-1,0.000398,inf,SAFE_STAND,0.000000,0.016998,0.040868,-0.847595,0.000000,0.000000,0.000000,1.000000,1.000000
1782456553.103718,-1,0.000431,inf,SAFE_STAND,0.000000,0.016360,0.040306,-0.849511,0.000000,0.000000,0.000000,1.000000,1.000000
1782456553.123805,-1,0.000454,inf,SAFE_STAND,0.000000,0.015664,0.039601,-0.851318,0.000000,0.000000,0.000000,1.000000,1.000000
1782456553.144359,-1,0.000709,inf,SAFE_STAND,0.000000,0.015015,0.038717,-0.853072,0.000000,0.000000,0.000000,1.000000,1.000000
1782456553.164408,-1,0.000682,inf,SAFE_STAND,0.000000,0.014367,0.037620,-0.854787,0.000000,0.000000,0.000000,1.000000,1.000000
1782456553.184289,-1,0.000478,inf,SAFE_STAND,0.000000,0.013685,0.036300,-0.856519,0.000000,0.000000,0.000000,1.000000,1.000000
1782456553.204354,-1,0.000467,inf,SAFE_STAND,0.000000,0.013018,0.034902,-0.858143,0.000000,0.000000,0.000000,1.000000,1.000000
1782456553.224407,-1,0.000449,inf,SAFE_STAND,0.000000,0.012366,0.033354,-0.859630,0.000000,0.000000,0.000000,1.000000,1.000000
1782456553.244486,-1,0.000462,inf,SAFE_STAND,0.000000,0.011632,0.031499,-0.861300,0.000000,0.000000,0.000000,1.000000,1.000000
1782456553.265005,-1,0.000677,inf,SAFE_STAND,0.000000,0.010909,0.029568,-0.862673,0.000000,0.000000,0.000000,1.000000,1.000000
1782456553.285200,-1,0.000697,30.888771,SAFE_STAND,0.000000,0.010212,0.027550,-0.864031,0.000000,0.000000,0.000000,1.000000,1.000000
1782456553.305275,-1,0.000460,inf,SAFE_STAND,0.000000,0.009486,0.025463,-0.865423,0.000000,0.000000,0.000000,1.000000,1.000000
1782456553.325881,-1,0.000751,inf,SAFE_STAND,0.000000,0.008724,0.023164,-0.866782,0.000000,0.000000,0.000000,1.000000,1.000000
1782456553.345830,-1,0.000495,inf,SAFE_STAND,0.000000,0.008031,0.020945,-0.868037,0.000000,0.000000,0.000000,1.000000,1.000000
1782456553.365858,-1,0.000453,inf,SAFE_STAND,0.000000,0.007391,0.018728,-0.869188,0.000000,0.000000,0.000000,1.000000,1.000000
1782456553.385849,-1,0.000381,inf,SAFE_STAND,0.000000,0.006718,0.016364,-0.870337,0.000000,0.000000,0.000000,1.000000,1.000000
1782456553.406276,-1,0.000679,inf,SAFE_STAND,0.000000,0.006143,0.014285,-0.871328,0.000000,0.000000,0.000000,1.000000,1.000000
1782456553.426470,-1,0.000745,inf,SAFE_STAND,0.000000,0.005555,0.012073,-0.872321,0.000000,0.000000,0.000000,1.000000,1.000000
1782456553.446445,-1,0.000441,inf,SAFE_STAND,0.000000,0.005021,0.009803,-0.873334,0.000000,0.000000,0.000000,1.000000,1.000000
1782456553.466556,-1,0.000434,inf,SAFE_STAND,0.000000,0.004531,0.007679,-0.874190,0.000000,0.000000,0.000000,1.000000,1.000000
1782456553.487201,-1,0.000704,inf,SAFE_STAND,0.000000,0.004133,0.005657,-0.874997,0.000000,0.000000,0.000000,1.000000,1.000000
1782456553.507047,-1,0.000427,inf,SAFE_STAND,0.000000,0.003845,0.003555,-0.875786,0.000000,0.000000,0.000000,1.000000,1.000000
1782456553.527166,-1,0.000424,inf,SAFE_STAND,0.000000,0.003649,0.001662,-0.876494,0.000000,0.000000,0.000000,1.000000,1.000000
1782456553.547810,-1,0.000695,inf,SAFE_STAND,0.000000,0.003555,-0.000114,-0.877186,0.000000,0.000000,0.000000,1.000000,1.000000
1782456553.567837,-1,0.000421,inf,SAFE_STAND,0.000000,0.003588,-0.002012,-0.877854,0.000000,0.000000,0.000000,1.000000,1.000000
1782456553.588029,-1,0.000496,inf,SAFE_STAND,0.000000,0.003647,-0.003858,-0.878427,0.000000,0.000000,0.000000,1.000000,1.000000
1782456553.608117,-1,0.000501,inf,SAFE_STAND,0.000000,0.003779,-0.005591,-0.878892,0.000000,0.000000,0.000000,1.000000,1.000000
1782456553.628662,-1,0.000448,inf,SAFE_STAND,0.000000,0.003914,-0.007685,-0.879347,0.000000,0.000000,0.000000,1.000000,1.000000
1782456553.648755,-1,0.000468,inf,SAFE_STAND,0.000000,0.003935,-0.009550,-0.879731,0.000000,0.000000,0.000000,1.000000,1.000000
1782456553.668888,-1,0.000524,inf,SAFE_STAND,0.000000,0.003805,-0.011464,-0.880061,0.000000,0.000000,0.000000,1.000000,1.000000
1782456553.689399,-1,0.000727,inf,SAFE_STAND,0.000000,0.003609,-0.013538,-0.880353,0.000000,0.000000,0.000000,1.000000,1.000000
1782456553.709402,-1,0.000438,inf,SAFE_STAND,0.000000,0.003263,-0.015727,-0.880578,0.000000,0.000000,0.000000,1.000000,1.000000
1782456553.729522,-1,0.000475,inf,SAFE_STAND,0.000000,0.002746,-0.017990,-0.880769,0.000000,0.000000,0.000000,1.000000,1.000000
1782456553.749689,-1,0.000567,inf,SAFE_STAND,0.000000,0.002113,-0.020027,-0.881012,0.000000,0.000000,0.000000,1.000000,1.000000
1782456553.769924,-1,0.000507,inf,SAFE_STAND,0.000000,0.001309,-0.022260,-0.881153,0.000000,0.000000,0.000000,1.000000,1.000000
1782456553.790408,-1,0.000611,31.394003,SAFE_STAND,0.000000,0.000266,-0.024575,-0.881180,0.000000,0.000000,0.000000,1.000000,1.000000
1782456553.810883,-1,0.000463,inf,SAFE_STAND,0.000000,-0.000947,-0.026836,-0.881052,0.000000,0.000000,0.000000,1.000000,1.000000
1782456553.831049,-1,0.000505,inf,SAFE_STAND,0.000000,-0.002342,-0.028994,-0.880963,0.000000,0.000000,0.000000,1.000000,1.000000
1782456553.851314,-1,0.000472,inf,SAFE_STAND,0.000000,-0.003886,-0.030961,-0.880807,0.000000,0.000000,0.000000,1.000000,1.000000
1782456553.872037,-1,0.000828,inf,SAFE_STAND,0.000000,-0.005644,-0.032848,-0.880570,0.000000,0.000000,0.000000,1.000000,1.000000
1782456553.891778,-1,0.000453,inf,SAFE_STAND,0.000000,-0.007575,-0.034528,-0.880207,0.000000,0.000000,0.000000,1.000000,1.000000
1782456553.911873,-1,0.000430,inf,SAFE_STAND,0.000000,-0.009526,-0.036049,-0.879853,0.000000,0.000000,0.000000,1.000000,1.000000
1782456553.931984,-1,0.000427,inf,SAFE_STAND,0.000000,-0.011526,-0.037303,-0.879556,0.000000,0.000000,0.000000,1.000000,1.000000
1782456553.952588,-1,0.000547,inf,SAFE_STAND,0.000000,-0.013402,-0.038245,-0.879265,0.000000,0.000000,0.000000,1.000000,1.000000
1782456553.972606,-1,0.000446,inf,SAFE_STAND,0.000000,-0.015171,-0.038880,-0.878861,0.000000,0.000000,0.000000,1.000000,1.000000
1782456553.992751,-1,0.000474,inf,SAFE_STAND,0.000000,-0.016514,-0.039281,-0.878574,0.000000,0.000000,0.000000,1.000000,1.000000
1782456554.013431,-1,0.000453,inf,SAFE_STAND,0.000000,-0.017502,-0.039283,-0.878272,0.000000,0.000000,0.000000,1.000000,1.000000
1782456554.033559,-1,0.000460,inf,SAFE_STAND,0.000000,-0.018433,-0.038904,-0.877778,0.000000,0.000000,0.000000,1.000000,1.000000
1782456554.054185,-1,0.000689,inf,SAFE_STAND,0.000000,-0.019634,-0.038049,-0.877046,0.000000,0.000000,0.000000,1.000000,1.000000
1782456554.074177,-1,0.000424,inf,SAFE_STAND,0.000000,-0.020489,-0.036985,-0.876379,0.000000,0.000000,0.000000,1.000000,1.000000
1782456554.094552,-1,0.000429,inf,SAFE_STAND,0.000000,-0.021037,-0.035579,-0.875805,0.000000,0.000000,0.000000,1.000000,1.000000
1782456554.114866,-1,0.000436,inf,SAFE_STAND,0.000000,-0.021281,-0.033776,-0.875215,0.000000,0.000000,0.000000,1.000000,1.000000
1782456554.135030,-1,0.000454,inf,SAFE_STAND,0.000000,-0.021163,-0.031694,-0.874665,0.000000,0.000000,0.000000,1.000000,1.000000
1782456554.155666,-1,0.000701,inf,SAFE_STAND,0.000000,-0.020622,-0.029395,-0.874192,0.000000,0.000000,0.000000,1.000000,1.000000
1782456554.175690,-1,0.000486,inf,SAFE_STAND,0.000000,-0.019664,-0.026695,-0.873722,0.000000,0.000000,0.000000,1.000000,1.000000
1782456554.195785,-1,0.000421,inf,SAFE_STAND,0.000000,-0.018400,-0.023963,-0.873134,0.000000,0.000000,0.000000,1.000000,1.000000
1782456554.215928,-1,0.000443,inf,SAFE_STAND,0.000000,-0.016608,-0.020710,-0.872277,0.000000,0.000000,0.000000,1.000000,1.000000
1782456554.236486,-1,0.000447,inf,SAFE_STAND,0.000000,-0.014574,-0.017280,-0.871316,0.000000,0.000000,0.000000,1.000000,1.000000
1782456554.256592,-1,0.000438,inf,SAFE_STAND,0.000000,-0.012665,-0.014024,-0.870364,0.000000,0.000000,0.000000,1.000000,1.000000
1782456554.277212,-1,0.000653,inf,SAFE_STAND,0.000000,-0.010697,-0.010438,-0.869280,0.000000,0.000000,0.000000,1.000000,1.000000
1782456554.297291,-1,0.000586,31.900906,SAFE_STAND,0.000000,-0.008594,-0.006295,-0.868057,0.000000,0.000000,0.000000,1.000000,1.000000
1782456554.317226,-1,0.000413,inf,SAFE_STAND,0.000000,-0.006688,-0.002777,-0.867127,0.000000,0.000000,0.000000,1.000000,1.000000
1782456554.337342,-1,0.000463,inf,SAFE_STAND,0.000000,-0.004513,0.001001,-0.866386,0.000000,0.000000,0.000000,1.000000,1.000000
1782456554.357416,-1,0.000469,inf,SAFE_STAND,0.000000,-0.002013,0.005064,-0.865726,0.000000,0.000000,0.000000,1.000000,1.000000
1782456554.377891,-1,0.000476,inf,SAFE_STAND,0.000000,0.000494,0.009043,-0.864677,0.000000,0.000000,0.000000,1.000000,1.000000
1782456554.397948,-1,0.000491,inf,SAFE_STAND,0.000000,0.002886,0.013091,-0.863314,0.000000,0.000000,0.000000,1.000000,1.000000
1782456554.418009,-1,0.000472,inf,SAFE_STAND,0.000000,0.005255,0.017144,-0.861951,0.000000,0.000000,0.000000,1.000000,1.000000
1782456554.438713,-1,0.000862,inf,SAFE_STAND,0.000000,0.007562,0.021228,-0.860659,0.000000,0.000000,0.000000,1.000000,1.000000
1782456554.458496,-1,0.000428,inf,SAFE_STAND,0.000000,0.009931,0.025531,-0.859326,0.000000,0.000000,0.000000,1.000000,1.000000
1782456554.478573,-1,0.000435,inf,SAFE_STAND,0.000000,0.012098,0.029679,-0.857951,0.000000,0.000000,0.000000,1.000000,1.000000
1782456554.498666,-1,0.000460,inf,SAFE_STAND,0.000000,0.014180,0.033723,-0.856580,0.000000,0.000000,0.000000,1.000000,1.000000
1782456554.518749,-1,0.000475,inf,SAFE_STAND,0.000000,0.016160,0.037698,-0.855190,0.000000,0.000000,0.000000,1.000000,1.000000
1782456554.538843,-1,0.000492,inf,SAFE_STAND,0.000000,0.018125,0.041581,-0.853815,0.000000,0.000000,0.000000,1.000000,1.000000
1782456554.559250,-1,0.000611,inf,SAFE_STAND,0.000000,0.019984,0.045224,-0.852521,0.000000,0.000000,0.000000,1.000000,1.000000
1782456554.579360,-1,0.000659,inf,SAFE_STAND,0.000000,0.021885,0.048985,-0.851044,0.000000,0.000000,0.000000,1.000000,1.000000
1782456554.599243,-1,0.000432,inf,SAFE_STAND,0.000000,0.023973,0.052992,-0.849227,0.000000,0.000000,0.000000,1.000000,1.000000
1782456554.619423,-1,0.000493,inf,SAFE_STAND,0.000000,0.025811,0.056532,-0.847509,0.000000,0.000000,0.000000,1.000000,1.000000
1782456554.640051,-1,0.000758,inf,SAFE_STAND,0.000000,0.027547,0.059791,-0.845837,0.000000,0.000000,0.000000,1.000000,1.000000
1782456554.659848,-1,0.000438,inf,SAFE_STAND,0.000000,0.029348,0.063240,-0.843980,0.000000,0.000000,0.000000,1.000000,1.000000
1782456554.680041,-1,0.000431,inf,SAFE_STAND,0.000000,0.031092,0.066499,-0.842162,0.000000,0.000000,0.000000,1.000000,1.000000
1782456554.700186,-1,0.000444,inf,SAFE_STAND,0.000000,0.032628,0.069300,-0.840516,0.000000,0.000000,0.000000,1.000000,1.000000
1782456554.720549,-1,0.000685,inf,SAFE_STAND,0.000000,0.034194,0.072062,-0.838748,0.000000,0.000000,0.000000,1.000000,1.000000
1782456554.740660,-1,0.000673,inf,SAFE_STAND,0.000000,0.035748,0.074677,-0.836961,0.000000,0.000000,0.000000,1.000000,1.000000
1782456554.760538,-1,0.000438,inf,SAFE_STAND,0.000000,0.037340,0.077225,-0.835042,0.000000,0.000000,0.000000,1.000000,1.000000
1782456554.780640,-1,0.000429,inf,SAFE_STAND,0.000000,0.038865,0.079460,-0.833235,0.000000,0.000000,0.000000,1.000000,1.000000
1782456554.801233,-1,0.000911,32.404608,SAFE_STAND,0.000000,0.040279,0.081521,-0.831345,0.000000,0.000000,0.000000,1.000000,1.000000
1782456554.820878,-1,0.000431,inf,SAFE_STAND,0.000000,0.041676,0.083394,-0.829313,0.000000,0.000000,0.000000,1.000000,1.000000
1782456554.841359,-1,0.000434,inf,SAFE_STAND,0.000000,0.043106,0.085165,-0.827216,0.000000,0.000000,0.000000,1.000000,1.000000
1782456554.861475,-1,0.000431,inf,SAFE_STAND,0.000000,0.044407,0.086708,-0.825189,0.000000,0.000000,0.000000,1.000000,1.000000
1782456554.881620,-1,0.000438,inf,SAFE_STAND,0.000000,0.045647,0.087925,-0.823157,0.000000,0.000000,0.000000,1.000000,1.000000
1782456554.901734,-1,0.000429,inf,SAFE_STAND,0.000000,0.046797,0.088864,-0.821201,0.000000,0.000000,0.000000,1.000000,1.000000
1782456554.922116,-1,0.000425,inf,SAFE_STAND,0.000000,0.048038,0.089770,-0.818956,0.000000,0.000000,0.000000,1.000000,1.000000
1782456554.942274,-1,0.000508,inf,SAFE_STAND,0.000000,0.049086,0.090357,-0.816832,0.000000,0.000000,0.000000,1.000000,1.000000
1782456554.962324,-1,0.000477,inf,SAFE_STAND,0.000000,0.049952,0.090696,-0.814824,0.000000,0.000000,0.000000,1.000000,1.000000
1782456554.982469,-1,0.000501,inf,SAFE_STAND,0.000000,0.050706,0.090837,-0.812721,0.000000,0.000000,0.000000,1.000000,1.000000
1782456555.002757,-1,0.000421,inf,SAFE_STAND,0.000000,0.051372,0.090682,-0.810644,0.000000,0.000000,0.000000,1.000000,1.000000
1782456555.022904,-1,0.000448,inf,SAFE_STAND,0.000000,0.051906,0.090310,-0.808490,0.000000,0.000000,0.000000,1.000000,1.000000
1782456555.043000,-1,0.000429,inf,SAFE_STAND,0.000000,0.052272,0.089726,-0.806524,0.000000,0.000000,0.000000,1.000000,1.000000
1782456555.063455,-1,0.000431,inf,SAFE_STAND,0.000000,0.052499,0.088863,-0.804383,0.000000,0.000000,0.000000,1.000000,1.000000
1782456555.083602,-1,0.000466,inf,SAFE_STAND,0.000000,0.052571,0.087868,-0.802355,0.000000,0.000000,0.000000,1.000000,1.000000
1782456555.103670,-1,0.000427,inf,SAFE_STAND,0.000000,0.052528,0.086710,-0.800259,0.000000,0.000000,0.000000,1.000000,1.000000
1782456555.123791,-1,0.000427,inf,SAFE_STAND,0.000000,0.052317,0.085345,-0.798190,0.000000,0.000000,0.000000,1.000000,1.000000
1782456555.144116,-1,0.000426,inf,SAFE_STAND,0.000000,0.051954,0.083826,-0.796057,0.000000,0.000000,0.000000,1.000000,1.000000
1782456555.164502,-1,0.000437,inf,SAFE_STAND,0.000000,0.051376,0.082071,-0.793973,0.000000,0.000000,0.000000,1.000000,1.000000
1782456555.185045,-1,0.000433,inf,SAFE_STAND,0.000000,0.050581,0.079980,-0.791639,0.000000,0.000000,0.000000,1.000000,1.000000
1782456555.205160,-1,0.000428,inf,SAFE_STAND,0.000000,0.049670,0.077907,-0.789552,0.000000,0.000000,0.000000,1.000000,1.000000
1782456555.225281,-1,0.000435,inf,SAFE_STAND,0.000000,0.048645,0.075671,-0.787402,0.000000,0.000000,0.000000,1.000000,1.000000
1782456555.245624,-1,0.000654,inf,SAFE_STAND,0.000000,0.047555,0.073359,-0.785365,0.000000,0.000000,0.000000,1.000000,1.000000
1782456555.265974,-1,0.000887,inf,SAFE_STAND,0.000000,0.046280,0.070845,-0.783204,0.000000,0.000000,0.000000,1.000000,1.000000
1782456555.286086,-1,0.000626,inf,SAFE_STAND,0.000000,0.044810,0.067976,-0.780897,0.000000,0.000000,0.000000,1.000000,1.000000
1782456555.306533,-1,0.000940,32.909907,SAFE_STAND,0.000000,0.043298,0.065130,-0.778694,0.000000,0.000000,0.000000,1.000000,1.000000
1782456555.326433,-1,0.000708,inf,SAFE_STAND,0.000000,0.041715,0.062198,-0.776461,0.000000,0.000000,0.000000,1.000000,1.000000
1782456555.346541,-1,0.000490,inf,SAFE_STAND,0.000000,0.039932,0.059063,-0.774052,0.000000,0.000000,0.000000,1.000000,1.000000
1782456555.366667,-1,0.000542,inf,SAFE_STAND,0.000000,0.038155,0.056002,-0.771696,0.000000,0.000000,0.000000,1.000000,1.000000
1782456555.386659,-1,0.000417,inf,SAFE_STAND,0.000000,0.036295,0.052871,-0.769418,0.000000,0.000000,0.000000,1.000000,1.000000
1782456555.406826,-1,0.000458,inf,SAFE_STAND,0.000000,0.034366,0.049632,-0.767161,0.000000,0.000000,0.000000,1.000000,1.000000
1782456555.427196,-1,0.000447,inf,SAFE_STAND,0.000000,0.032281,0.046177,-0.764739,0.000000,0.000000,0.000000,1.000000,1.000000
1782456555.447355,-1,0.000495,inf,SAFE_STAND,0.000000,0.030361,0.042981,-0.762413,0.000000,0.000000,0.000000,1.000000,1.000000
1782456555.467360,-1,0.000422,inf,SAFE_STAND,0.000000,0.028180,0.039222,-0.759841,0.000000,0.000000,0.000000,1.000000,1.000000
1782456555.487488,-1,0.000430,inf,SAFE_STAND,0.000000,0.026067,0.035624,-0.757354,0.000000,0.000000,0.000000,1.000000,1.000000
1782456555.507876,-1,0.000436,inf,SAFE_STAND,0.000000,0.023907,0.031978,-0.754783,0.000000,0.000000,0.000000,1.000000,1.000000
1782456555.528018,-1,0.000464,inf,SAFE_STAND,0.000000,0.021704,0.028245,-0.752229,0.000000,0.000000,0.000000,1.000000,1.000000
1782456555.548112,-1,0.000449,inf,SAFE_STAND,0.000000,0.019378,0.024230,-0.749491,0.000000,0.000000,0.000000,1.000000,1.000000
1782456555.568200,-1,0.000424,inf,SAFE_STAND,0.000000,0.017111,0.020417,-0.746881,0.000000,0.000000,0.000000,1.000000,1.000000
1782456555.588650,-1,0.000434,inf,SAFE_STAND,0.000000,0.014870,0.016613,-0.744170,0.000000,0.000000,0.000000,1.000000,1.000000
1782456555.608969,-1,0.000681,inf,SAFE_STAND,0.000000,0.012606,0.012853,-0.741449,0.000000,0.000000,0.000000,1.000000,1.000000
1782456555.629334,-1,0.000745,inf,SAFE_STAND,0.000000,0.010212,0.008906,-0.738520,0.000000,0.000000,0.000000,1.000000,1.000000
1782456555.649522,-1,0.000855,inf,SAFE_STAND,0.000000,0.007996,0.005359,-0.735858,0.000000,0.000000,0.000000,1.000000,1.000000
1782456555.669353,-1,0.000446,inf,SAFE_STAND,0.000000,0.005571,0.001466,-0.732831,0.000000,0.000000,0.000000,1.000000,1.000000
1782456555.689466,-1,0.000440,inf,SAFE_STAND,0.000000,0.003172,-0.002179,-0.729922,0.000000,0.000000,0.000000,1.000000,1.000000
1782456555.709631,-1,0.000477,inf,SAFE_STAND,0.000000,0.000759,-0.005676,-0.726905,0.000000,0.000000,0.000000,1.000000,1.000000
1782456555.730226,-1,0.000684,inf,SAFE_STAND,0.000000,-0.001687,-0.009163,-0.723873,0.000000,0.000000,0.000000,1.000000,1.000000
1782456555.750170,-1,0.000456,inf,SAFE_STAND,0.000000,-0.004283,-0.012712,-0.720708,0.000000,0.000000,0.000000,1.000000,1.000000
1782456555.770220,-1,0.000430,inf,SAFE_STAND,0.000000,-0.006776,-0.016013,-0.717650,0.000000,0.000000,0.000000,1.000000,1.000000
1782456555.790341,-1,0.000429,inf,SAFE_STAND,0.000000,-0.009282,-0.019193,-0.714494,0.000000,0.000000,0.000000,1.000000,1.000000
1782456555.811108,-1,0.000628,33.414746,SAFE_STAND,0.000000,-0.011922,-0.022401,-0.711203,0.000000,0.000000,0.000000,1.000000,1.000000
1782456555.831028,-1,0.000431,inf,SAFE_STAND,0.000000,-0.014427,-0.025315,-0.708068,0.000000,0.000000,0.000000,1.000000,1.000000
1782456555.851398,-1,0.000688,inf,SAFE_STAND,0.000000,-0.016756,-0.027901,-0.705063,0.000000,0.000000,0.000000,1.000000,1.000000
1782456555.871635,-1,0.000850,inf,SAFE_STAND,0.000000,-0.019276,-0.030624,-0.701694,0.000000,0.000000,0.000000,1.000000,1.000000
1782456555.891606,-1,0.000687,inf,SAFE_STAND,0.000000,-0.021604,-0.033029,-0.698470,0.000000,0.000000,0.000000,1.000000,1.000000
1782456555.911472,-1,0.000430,inf,SAFE_STAND,0.000000,-0.023813,-0.035215,-0.695239,0.000000,0.000000,0.000000,1.000000,1.000000
1782456555.931612,-1,0.000430,inf,SAFE_STAND,0.000000,-0.025914,-0.037253,-0.691985,0.000000,0.000000,0.000000,1.000000,1.000000
1782456555.952021,-1,0.000723,inf,SAFE_STAND,0.000000,-0.027963,-0.039247,-0.688509,0.000000,0.000000,0.000000,1.000000,1.000000
1782456555.972128,-1,0.000669,inf,SAFE_STAND,0.000000,-0.029689,-0.040847,-0.685340,0.000000,0.000000,0.000000,1.000000,1.000000
1782456555.992244,-1,0.000431,inf,SAFE_STAND,0.000000,-0.031431,-0.042444,-0.681812,0.000000,0.000000,0.000000,1.000000,1.000000
1782456556.012385,-1,0.000433,inf,SAFE_STAND,0.000000,-0.033017,-0.043788,-0.678494,0.000000,0.000000,0.000000,1.000000,1.000000
1782456556.032917,-1,0.000430,inf,SAFE_STAND,0.000000,-0.034608,-0.045020,-0.674975,0.000000,0.000000,0.000000,1.000000,1.000000
1782456556.053025,-1,0.000429,inf,SAFE_STAND,0.000000,-0.035984,-0.045973,-0.671631,0.000000,0.000000,0.000000,1.000000,1.000000
1782456556.073222,-1,0.000557,inf,SAFE_STAND,0.000000,-0.037206,-0.046681,-0.668245,0.000000,0.000000,0.000000,1.000000,1.000000
1782456556.093235,-1,0.000429,inf,SAFE_STAND,0.000000,-0.038358,-0.047195,-0.664741,0.000000,0.000000,0.000000,1.000000,1.000000
1782456556.113757,-1,0.000435,inf,SAFE_STAND,0.000000,-0.039479,-0.047563,-0.660944,0.000000,0.000000,0.000000,1.000000,1.000000
1782456556.133867,-1,0.000428,inf,SAFE_STAND,0.000000,-0.040436,-0.047766,-0.657429,0.000000,0.000000,0.000000,1.000000,1.000000
1782456556.153959,-1,0.000431,inf,SAFE_STAND,0.000000,-0.041118,-0.047902,-0.654353,0.000000,0.000000,0.000000,1.000000,1.000000
1782456556.174353,-1,0.000705,inf,SAFE_STAND,0.000000,-0.041495,-0.048068,-0.651788,0.000000,0.000000,0.000000,1.000000,1.000000
1782456556.194350,-1,0.000437,inf,SAFE_STAND,0.000000,-0.041380,-0.048476,-0.650450,0.000000,0.000000,0.000000,1.000000,1.000000
1782456556.214477,-1,0.000440,inf,SAFE_STAND,0.000000,-0.040794,-0.048863,-0.650743,0.000000,0.000000,0.000000,1.000000,1.000000
1782456556.234579,-1,0.000428,inf,SAFE_STAND,0.000000,-0.039800,-0.049215,-0.652424,0.000000,0.000000,0.000000,1.000000,1.000000
1782456556.254708,-1,0.000428,inf,SAFE_STAND,0.000000,-0.038472,-0.049249,-0.655560,0.000000,0.000000,0.000000,1.000000,1.000000
1782456556.274827,-1,0.000431,inf,SAFE_STAND,0.000000,-0.036938,-0.049258,-0.660588,0.000000,0.000000,0.000000,1.000000,1.000000
1782456556.295186,-1,0.000665,inf,SAFE_STAND,0.000000,-0.035408,-0.049320,-0.666191,0.000000,0.000000,0.000000,1.000000,1.000000
1782456556.315407,-1,0.000651,33.919043,SAFE_STAND,0.000000,-0.033614,-0.049387,-0.672960,0.000000,0.000000,0.000000,1.000000,1.000000
1782456556.335853,-1,0.000671,inf,SAFE_STAND,0.000000,-0.031754,-0.049446,-0.679898,0.000000,0.000000,0.000000,1.000000,1.000000
1782456556.355978,-1,0.000439,inf,SAFE_STAND,0.000000,-0.029520,-0.049326,-0.687677,0.000000,0.000000,0.000000,1.000000,1.000000
1782456556.376080,-1,0.000420,inf,SAFE_STAND,0.000000,-0.027087,-0.049031,-0.695517,0.000000,0.000000,0.000000,1.000000,1.000000
1782456556.396206,-1,0.000432,inf,SAFE_STAND,0.000000,-0.024514,-0.048320,-0.704008,0.000000,0.000000,0.000000,1.000000,1.000000
1782456556.416326,-1,0.000429,inf,SAFE_STAND,0.000000,-0.021867,-0.047240,-0.712581,0.000000,0.000000,0.000000,1.000000,1.000000
1782456556.436734,-1,0.000431,inf,SAFE_STAND,0.000000,-0.018653,-0.045390,-0.723020,0.000000,0.000000,0.000000,1.000000,1.000000
1782456556.456850,-1,0.000428,inf,SAFE_STAND,0.000000,-0.015617,-0.043145,-0.732678,0.000000,0.000000,0.000000,1.000000,1.000000
1782456556.477473,-1,0.000673,inf,SAFE_STAND,0.000000,-0.012768,-0.040524,-0.741907,0.000000,0.000000,0.000000,1.000000,1.000000
1782456556.497505,-1,0.000440,inf,SAFE_STAND,0.000000,-0.009562,-0.036851,-0.752581,0.000000,0.000000,0.000000,1.000000,1.000000
1782456556.517612,-1,0.000428,inf,SAFE_STAND,0.000000,-0.006798,-0.033053,-0.762344,0.000000,0.000000,0.000000,1.000000,1.000000
1782456556.537766,-1,0.000514,inf,SAFE_STAND,0.000000,-0.004406,-0.029046,-0.771618,0.000000,0.000000,0.000000,1.000000,1.000000
1782456556.558157,-1,0.000440,inf,SAFE_STAND,0.000000,-0.002074,-0.024061,-0.781807,0.000000,0.000000,0.000000,1.000000,1.000000
1782456556.578220,-1,0.000436,inf,SAFE_STAND,0.000000,-0.000119,-0.018590,-0.791969,0.000000,0.000000,0.000000,1.000000,1.000000
1782456556.598281,-1,0.000433,inf,SAFE_STAND,0.000000,0.001277,-0.013339,-0.801065,0.000000,0.000000,0.000000,1.000000,1.000000
1782456556.618340,-1,0.000429,inf,SAFE_STAND,0.000000,0.002408,-0.007610,-0.810455,0.000000,0.000000,0.000000,1.000000,1.000000
1782456556.638849,-1,0.000636,inf,SAFE_STAND,0.000000,0.003166,-0.001605,-0.819572,0.000000,0.000000,0.000000,1.000000,1.000000
1782456556.658908,-1,0.000436,inf,SAFE_STAND,0.000000,0.003656,0.004884,-0.828657,0.000000,0.000000,0.000000,1.000000,1.000000
1782456556.679047,-1,0.000499,inf,SAFE_STAND,0.000000,0.003849,0.011032,-0.836150,0.000000,0.000000,0.000000,1.000000,1.000000
1782456556.699085,-1,0.000470,inf,SAFE_STAND,0.000000,0.003792,0.016995,-0.842627,0.000000,0.000000,0.000000,1.000000,1.000000
1782456556.719564,-1,0.000677,inf,SAFE_STAND,0.000000,0.003494,0.022811,-0.849047,0.000000,0.000000,0.000000,1.000000,1.000000
1782456556.739767,-1,0.000809,inf,SAFE_STAND,0.000000,0.002985,0.028298,-0.855626,0.000000,0.000000,0.000000,1.000000,1.000000
1782456556.759526,-1,0.000469,inf,SAFE_STAND,0.000000,0.002053,0.034503,-0.863602,0.000000,0.000000,0.000000,1.000000,1.000000
1782456556.779568,-1,0.000439,inf,SAFE_STAND,0.000000,0.001061,0.039935,-0.871162,0.000000,0.000000,0.000000,1.000000,1.000000
1782456556.799637,-1,0.000445,inf,SAFE_STAND,0.000000,0.000097,0.044889,-0.878530,0.000000,0.000000,0.000000,1.000000,1.000000
1782456556.819857,-1,0.000595,34.423470,SAFE_STAND,0.000000,-0.000959,0.049763,-0.886363,0.000000,0.000000,0.000000,1.000000,1.000000
1782456556.840079,-1,0.000476,inf,SAFE_STAND,0.000000,-0.002098,0.054757,-0.894954,0.000000,0.000000,0.000000,1.000000,1.000000
1782456556.860289,-1,0.000435,inf,SAFE_STAND,0.000000,-0.002989,0.058916,-0.902566,0.000000,0.000000,0.000000,1.000000,1.000000
1782456556.880404,-1,0.000484,inf,SAFE_STAND,0.000000,-0.003528,0.062503,-0.909743,0.000000,0.000000,0.000000,1.000000,1.000000
1782456556.901006,-1,0.000400,inf,SAFE_STAND,0.000000,-0.003954,0.065901,-0.917352,0.000000,0.000000,0.000000,1.000000,1.000000
1782456556.921157,-1,0.000433,inf,SAFE_STAND,0.000000,-0.004278,0.069054,-0.925275,0.000000,0.000000,0.000000,1.000000,1.000000
1782456556.941876,-1,0.001009,inf,SAFE_STAND,0.000000,-0.004225,0.071631,-0.932814,0.000000,0.000000,0.000000,1.000000,1.000000
1782456556.962077,-1,0.001050,inf,SAFE_STAND,0.000000,-0.003706,0.073895,-0.940382,0.000000,0.000000,0.000000,1.000000,1.000000
1782456556.981995,-1,0.000656,inf,SAFE_STAND,0.000000,-0.002629,0.076014,-0.948212,0.000000,0.000000,0.000000,1.000000,1.000000
1782456557.001895,-1,0.000477,inf,SAFE_STAND,0.000000,-0.001130,0.077886,-0.955547,0.000000,0.000000,0.000000,1.000000,1.000000
1782456557.021907,-1,0.000453,inf,SAFE_STAND,0.000000,0.000710,0.079564,-0.962745,0.000000,0.000000,0.000000,1.000000,1.000000
1782456557.042538,-1,0.000474,inf,SAFE_STAND,0.000000,0.002954,0.081133,-0.970180,0.000000,0.000000,0.000000,1.000000,1.000000
1782456557.062561,-1,0.000449,inf,SAFE_STAND,0.000000,0.005261,0.082373,-0.976733,0.000000,0.000000,0.000000,1.000000,1.000000
1782456557.082605,-1,0.000422,inf,SAFE_STAND,0.000000,0.008062,0.083598,-0.983799,0.000000,0.000000,0.000000,1.000000,1.000000
1782456557.103139,-1,0.000653,inf,SAFE_STAND,0.000000,0.010766,0.084756,-0.990276,0.000000,0.000000,0.000000,1.000000,1.000000
1782456557.123154,-1,0.000430,inf,SAFE_STAND,0.000000,0.013404,0.085859,-0.996578,0.000000,0.000000,0.000000,1.000000,1.000000
1782456557.143311,-1,0.000438,inf,SAFE_STAND,0.000000,0.015945,0.086864,-1.002708,0.000000,0.000000,0.000000,1.000000,1.000000
1782456557.163904,-1,0.000607,inf,SAFE_STAND,0.000000,0.018497,0.087866,-1.009131,0.000000,0.000000,0.000000,1.000000,1.000000
1782456557.183940,-1,0.000437,inf,SAFE_STAND,0.000000,0.020960,0.088692,-1.015477,0.000000,0.000000,0.000000,1.000000,1.000000
1782456557.203979,-1,0.000406,inf,SAFE_STAND,0.000000,0.023430,0.089480,-1.021754,0.000000,0.000000,0.000000,1.000000,1.000000
1782456557.224059,-1,0.000419,inf,SAFE_STAND,0.000000,0.025515,0.090292,-1.028278,0.000000,0.000000,0.000000,1.000000,1.000000
1782456557.244140,-1,0.000432,inf,SAFE_STAND,0.000000,0.026979,0.091020,-1.034277,0.000000,0.000000,0.000000,1.000000,1.000000
1782456557.264653,-1,0.000637,inf,SAFE_STAND,0.000000,0.028032,0.091775,-1.040693,0.000000,0.000000,0.000000,1.000000,1.000000
1782456557.284643,-1,0.000452,inf,SAFE_STAND,0.000000,0.028753,0.092543,-1.047622,0.000000,0.000000,0.000000,1.000000,1.000000
1782456557.304656,-1,0.000392,inf,SAFE_STAND,0.000000,0.029151,0.093282,-1.054291,0.000000,0.000000,0.000000,1.000000,1.000000
1782456557.324893,-1,0.000562,34.928528,SAFE_STAND,0.000000,0.029320,0.093888,-1.061154,0.000000,0.000000,0.000000,1.000000,1.000000
1782456557.345310,-1,0.000679,inf,SAFE_STAND,0.000000,0.029270,0.094514,-1.068100,0.000000,0.000000,0.000000,1.000000,1.000000
1782456557.365335,-1,0.000414,inf,SAFE_STAND,0.000000,0.029000,0.094952,-1.075065,0.000000,0.000000,0.000000,1.000000,1.000000
1782456557.385401,-1,0.000413,inf,SAFE_STAND,0.000000,0.028580,0.095279,-1.082312,0.000000,0.000000,0.000000,1.000000,1.000000
1782456557.405475,-1,0.000421,inf,SAFE_STAND,0.000000,0.027959,0.095387,-1.089199,0.000000,0.000000,0.000000,1.000000,1.000000
1782456557.425576,-1,0.000457,inf,SAFE_STAND,0.000000,0.027183,0.095307,-1.096169,0.000000,0.000000,0.000000,1.000000,1.000000
1782456557.445850,-1,0.000663,inf,SAFE_STAND,0.000000,0.026417,0.095032,-1.102687,0.000000,0.000000,0.000000,1.000000,1.000000
1782456557.465923,-1,0.000671,inf,SAFE_STAND,0.000000,0.025479,0.094487,-1.109724,0.000000,0.000000,0.000000,1.000000,1.000000
1782456557.485831,-1,0.000481,inf,SAFE_STAND,0.000000,0.024515,0.093657,-1.116738,0.000000,0.000000,0.000000,1.000000,1.000000
1782456557.506011,-1,0.000414,inf,SAFE_STAND,0.000000,0.023682,0.092605,-1.123097,0.000000,0.000000,0.000000,1.000000,1.000000
1782456557.526081,-1,0.000421,inf,SAFE_STAND,0.000000,0.022849,0.091203,-1.129822,0.000000,0.000000,0.000000,1.000000,1.000000
1782456557.546661,-1,0.000689,inf,SAFE_STAND,0.000000,0.022095,0.089512,-1.136466,0.000000,0.000000,0.000000,1.000000,1.000000
1782456557.566640,-1,0.000439,inf,SAFE_STAND,0.000000,0.021406,0.087325,-1.143512,0.000000,0.000000,0.000000,1.000000,1.000000
1782456557.586692,-1,0.000427,inf,SAFE_STAND,0.000000,0.020697,0.084757,-1.150773,0.000000,0.000000,0.000000,1.000000,1.000000
1782456557.606730,-1,0.000402,inf,SAFE_STAND,0.000000,0.020033,0.081739,-1.158732,0.000000,0.000000,0.000000,1.000000,1.000000
1782456557.627014,-1,0.000619,inf,SAFE_STAND,0.000000,0.019496,0.078281,-1.167390,0.000000,0.000000,0.000000,1.000000,1.000000
1782456557.647209,-1,0.000720,inf,SAFE_STAND,0.000000,0.019169,0.074347,-1.176839,0.000000,0.000000,0.000000,1.000000,1.000000
1782456557.667233,-1,0.000673,inf,SAFE_STAND,0.000000,0.019123,0.070088,-1.187172,0.000000,0.000000,0.000000,1.000000,1.000000
1782456557.687274,-1,0.000640,inf,SAFE_STAND,0.000000,0.019260,0.065587,-1.198401,0.000000,0.000000,0.000000,1.000000,1.000000
1782456557.707128,-1,0.000426,inf,SAFE_STAND,0.000000,0.019596,0.060523,-1.211067,0.000000,0.000000,0.000000,1.000000,1.000000
1782456557.727216,-1,0.000448,inf,SAFE_STAND,0.000000,0.020159,0.055710,-1.223352,0.000000,0.000000,0.000000,1.000000,1.000000
1782456557.747344,-1,0.000497,inf,SAFE_STAND,0.000000,0.020936,0.050246,-1.237937,0.000000,0.000000,0.000000,1.000000,1.000000
1782456557.767784,-1,0.000628,inf,SAFE_STAND,0.000000,0.021874,0.044979,-1.252733,0.000000,0.000000,0.000000,1.000000,1.000000
1782456557.787916,-1,0.000692,inf,SAFE_STAND,0.000000,0.023040,0.039700,-1.268776,0.000000,0.000000,0.000000,1.000000,1.000000
1782456557.807945,-1,0.000652,inf,SAFE_STAND,0.000000,0.024340,0.034904,-1.285311,0.000000,0.000000,0.000000,1.000000,1.000000
1782456557.827951,-1,0.000583,35.431569,SAFE_STAND,0.000000,0.025915,0.029813,-1.304529,0.000000,0.000000,0.000000,1.000000,1.000000
1782456557.847868,-1,0.000432,inf,SAFE_STAND,0.000000,0.027645,0.025017,-1.324341,0.000000,0.000000,0.000000,1.000000,1.000000
1782456557.867910,-1,0.000406,inf,SAFE_STAND,0.000000,0.029419,0.020897,-1.342746,0.000000,0.000000,0.000000,1.000000,1.000000
1782456557.888008,-1,0.000437,inf,SAFE_STAND,0.000000,0.031359,0.016859,-1.362473,0.000000,0.000000,0.000000,1.000000,1.000000
1782456557.908272,-1,0.000634,inf,SAFE_STAND,0.000000,0.033276,0.013043,-1.382604,0.000000,0.000000,0.000000,1.000000,1.000000
1782456557.928386,-1,0.000669,inf,SAFE_STAND,0.000000,0.035308,0.009340,-1.404087,0.000000,0.000000,0.000000,1.000000,1.000000
1782456557.948281,-1,0.000488,inf,SAFE_STAND,0.000000,0.037148,0.006197,-1.424636,0.000000,0.000000,0.000000,1.000000,1.000000
1782456557.968401,-1,0.000471,inf,SAFE_STAND,0.000000,0.038857,0.003462,-1.445341,0.000000,0.000000,0.000000,1.000000,1.000000
1782456557.988426,-1,0.000425,inf,SAFE_STAND,0.000000,0.040399,0.001154,-1.466384,0.000000,0.000000,0.000000,1.000000,1.000000
1782456558.008567,-1,0.000497,inf,SAFE_STAND,0.000000,0.041732,-0.000705,-1.487741,0.000000,0.000000,0.000000,1.000000,1.000000
1782456558.028590,-1,0.000441,inf,SAFE_STAND,0.000000,0.042834,-0.002198,-1.509232,0.000000,0.000000,0.000000,1.000000,1.000000
1782456558.048681,-1,0.000461,inf,SAFE_STAND,0.000000,0.043653,-0.003391,-1.530767,0.000000,0.000000,0.000000,1.000000,1.000000
1782456558.069059,-1,0.000426,inf,SAFE_STAND,0.000000,0.044189,-0.004313,-1.553505,0.000000,0.000000,0.000000,1.000000,1.000000
1782456558.089111,-1,0.000413,inf,SAFE_STAND,0.000000,0.044457,-0.004972,-1.575248,0.000000,0.000000,0.000000,1.000000,1.000000
1782456558.109226,-1,0.000464,inf,SAFE_STAND,0.000000,0.044539,-0.005418,-1.596950,0.000000,0.000000,0.000000,1.000000,1.000000
1782456558.129714,-1,0.000650,inf,SAFE_STAND,0.000000,0.044481,-0.005699,-1.618616,0.000000,0.000000,0.000000,1.000000,1.000000
1782456558.149676,-1,0.000478,inf,SAFE_STAND,0.000000,0.044324,-0.005944,-1.640200,0.000000,0.000000,0.000000,1.000000,1.000000
1782456558.169710,-1,0.000441,inf,SAFE_STAND,0.000000,0.044100,-0.006183,-1.661716,0.000000,0.000000,0.000000,1.000000,1.000000
1782456558.189804,-1,0.000464,inf,SAFE_STAND,0.000000,0.043926,-0.006667,-1.683995,0.000000,0.000000,0.000000,1.000000,1.000000
1782456558.209835,-1,0.000424,inf,SAFE_STAND,0.000000,0.043899,-0.007364,-1.703770,0.000000,0.000000,0.000000,1.000000,1.000000
1782456558.229934,-1,0.000452,inf,SAFE_STAND,0.000000,0.044119,-0.008293,-1.724067,0.000000,0.000000,0.000000,1.000000,1.000000
1782456558.250317,-1,0.000408,inf,SAFE_STAND,0.000000,0.044596,-0.009717,-1.743548,0.000000,0.000000,0.000000,1.000000,1.000000
1782456558.270394,-1,0.000422,inf,SAFE_STAND,0.000000,0.045256,-0.011261,-1.759458,0.000000,0.000000,0.000000,1.000000,1.000000
1782456558.290468,-1,0.000431,inf,SAFE_STAND,0.000000,0.045953,-0.012956,-1.772620,0.000000,0.000000,0.000000,1.000000,1.000000
1782456558.310535,-1,0.000434,inf,SAFE_STAND,0.000000,0.046650,-0.014717,-1.783147,0.000000,0.000000,0.000000,1.000000,1.000000
1782456558.330919,-1,0.000753,35.934565,SAFE_STAND,0.000000,0.047255,-0.016457,-1.791859,0.000000,0.000000,0.000000,1.000000,1.000000
1782456558.350917,-1,0.000680,inf,SAFE_STAND,0.000000,0.047825,-0.018359,-1.799649,0.000000,0.000000,0.000000,1.000000,1.000000
1782456558.370942,-1,0.000635,inf,SAFE_STAND,0.000000,0.048411,-0.020233,-1.806393,0.000000,0.000000,0.000000,1.000000,1.000000
1782456558.390798,-1,0.000423,inf,SAFE_STAND,0.000000,0.048933,-0.022247,-1.811556,0.000000,0.000000,0.000000,1.000000,1.000000
1782456558.410879,-1,0.000437,inf,SAFE_STAND,0.000000,0.049279,-0.024197,-1.814834,0.000000,0.000000,0.000000,1.000000,1.000000
1782456558.430942,-1,0.000430,inf,SAFE_STAND,0.000000,0.049604,-0.026452,-1.817386,0.000000,0.000000,0.000000,1.000000,1.000000
1782456558.451265,-1,0.000690,inf,SAFE_STAND,0.000000,0.049760,-0.028547,-1.819165,0.000000,0.000000,0.000000,1.000000,1.000000
1782456558.471087,-1,0.000440,inf,SAFE_STAND,0.000000,0.049684,-0.030478,-1.820220,0.000000,0.000000,0.000000,1.000000,1.000000
1782456558.491589,-1,0.000645,inf,SAFE_STAND,0.000000,0.049382,-0.032053,-1.820343,0.000000,0.000000,0.000000,1.000000,1.000000
1782456558.511615,-1,0.000443,inf,SAFE_STAND,0.000000,0.048844,-0.033526,-1.819405,0.000000,0.000000,0.000000,1.000000,1.000000
1782456558.531647,-1,0.000406,inf,SAFE_STAND,0.000000,0.048259,-0.034373,-1.817871,0.000000,0.000000,0.000000,1.000000,1.000000
1782456558.551817,-1,0.000505,inf,SAFE_STAND,0.000000,0.047509,-0.034882,-1.815578,0.000000,0.000000,0.000000,1.000000,1.000000
1782456558.572262,-1,0.000653,inf,SAFE_STAND,0.000000,0.046554,-0.035042,-1.812322,0.000000,0.000000,0.000000,1.000000,1.000000
1782456558.592219,-1,0.000431,inf,SAFE_STAND,0.000000,0.045509,-0.034742,-1.808293,0.000000,0.000000,0.000000,1.000000,1.000000
1782456558.612353,-1,0.000498,inf,SAFE_STAND,0.000000,0.044305,-0.034095,-1.803518,0.000000,0.000000,0.000000,1.000000,1.000000
1782456558.632357,-1,0.000425,inf,SAFE_STAND,0.000000,0.042897,-0.032992,-1.798145,0.000000,0.000000,0.000000,1.000000,1.000000
1782456558.652818,-1,0.000456,inf,SAFE_STAND,0.000000,0.041171,-0.031365,-1.792060,0.000000,0.000000,0.000000,1.000000,1.000000
1782456558.672962,-1,0.000465,inf,SAFE_STAND,0.000000,0.039375,-0.029442,-1.785957,0.000000,0.000000,0.000000,1.000000,1.000000
1782456558.693003,-1,0.000442,inf,SAFE_STAND,0.000000,0.037595,-0.027187,-1.779933,0.000000,0.000000,0.000000,1.000000,1.000000
1782456558.713065,-1,0.000438,inf,SAFE_STAND,0.000000,0.035556,-0.024251,-1.773059,0.000000,0.000000,0.000000,1.000000,1.000000
1782456558.733140,-1,0.000447,inf,SAFE_STAND,0.000000,0.033565,-0.021175,-1.766551,0.000000,0.000000,0.000000,1.000000,1.000000
1782456558.753498,-1,0.000718,inf,SAFE_STAND,0.000000,0.031582,-0.017786,-1.759923,0.000000,0.000000,0.000000,1.000000,1.000000
1782456558.773514,-1,0.000664,inf,SAFE_STAND,0.000000,0.029707,-0.014312,-1.753432,0.000000,0.000000,0.000000,1.000000,1.000000
1782456558.793543,-1,0.000468,inf,SAFE_STAND,0.000000,0.027611,-0.010258,-1.745975,0.000000,0.000000,0.000000,1.000000,1.000000
1782456558.813638,-1,0.000497,inf,SAFE_STAND,0.000000,0.025484,-0.006126,-1.738968,0.000000,0.000000,0.000000,1.000000,1.000000
1782456558.834088,-1,0.000822,36.437459,SAFE_STAND,0.000000,0.023423,-0.002225,-1.732704,0.000000,0.000000,0.000000,1.000000,1.000000
1782456558.853844,-1,0.000512,inf,SAFE_STAND,0.000000,0.021444,0.001474,-1.726601,0.000000,0.000000,0.000000,1.000000,1.000000
1782456558.874070,-1,0.000660,inf,SAFE_STAND,0.000000,0.019302,0.005270,-1.720032,0.000000,0.000000,0.000000,1.000000,1.000000
1782456558.894151,-1,0.000673,inf,SAFE_STAND,0.000000,0.017130,0.009161,-1.713114,0.000000,0.000000,0.000000,1.000000,1.000000
1782456558.914190,-1,0.000647,inf,SAFE_STAND,0.000000,0.015090,0.012436,-1.707030,0.000000,0.000000,0.000000,1.000000,1.000000
1782456558.934031,-1,0.000422,inf,SAFE_STAND,0.000000,0.012828,0.015813,-1.700486,0.000000,0.000000,0.000000,1.000000,1.000000
1782456558.954189,-1,0.000508,inf,SAFE_STAND,0.000000,0.010700,0.018665,-1.694553,0.000000,0.000000,0.000000,1.000000,1.000000
1782456558.974181,-1,0.000429,inf,SAFE_STAND,0.000000,0.008680,0.021119,-1.689072,0.000000,0.000000,0.000000,1.000000,1.000000
1782456558.994234,-1,0.000416,inf,SAFE_STAND,0.000000,0.006727,0.023111,-1.684228,0.000000,0.000000,0.000000,1.000000,1.000000
1782456559.014360,-1,0.000477,inf,SAFE_STAND,0.000000,0.004866,0.024580,-1.680045,0.000000,0.000000,0.000000,1.000000,1.000000
1782456559.034729,-1,0.000780,inf,SAFE_STAND,0.000000,0.003195,0.025591,-1.676645,0.000000,0.000000,0.000000,1.000000,1.000000
1782456559.054784,-1,0.000769,inf,SAFE_STAND,0.000000,0.001657,0.026116,-1.674249,0.000000,0.000000,0.000000,1.000000,1.000000
1782456559.074798,-1,0.000442,inf,SAFE_STAND,0.000000,0.000279,0.026251,-1.672746,0.000000,0.000000,0.000000,1.000000,1.000000
1782456559.094819,-1,0.000402,inf,SAFE_STAND,0.000000,-0.001091,0.026246,-1.672025,0.000000,0.000000,0.000000,1.000000,1.000000
1782456559.114921,-1,0.000439,inf,SAFE_STAND,0.000000,-0.002283,0.026096,-1.672040,0.000000,0.000000,0.000000,1.000000,1.000000
1782456559.135356,-1,0.000438,inf,SAFE_STAND,0.000000,-0.003579,0.025685,-1.673078,0.000000,0.000000,0.000000,1.000000,1.000000
1782456559.155422,-1,0.000434,inf,SAFE_STAND,0.000000,-0.004735,0.025181,-1.674998,0.000000,0.000000,0.000000,1.000000,1.000000
1782456559.175489,-1,0.000435,inf,SAFE_STAND,0.000000,-0.005713,0.024684,-1.677359,0.000000,0.000000,0.000000,1.000000,1.000000
1782456559.195609,-1,0.000479,inf,SAFE_STAND,0.000000,-0.006501,0.024221,-1.680005,0.000000,0.000000,0.000000,1.000000,1.000000
1782456559.216100,-1,0.000457,inf,SAFE_STAND,0.000000,-0.007255,0.023946,-1.683424,0.000000,0.000000,0.000000,1.000000,1.000000
1782456559.236199,-1,0.000483,inf,SAFE_STAND,0.000000,-0.007891,0.023948,-1.687296,0.000000,0.000000,0.000000,1.000000,1.000000
1782456559.256242,-1,0.000458,inf,SAFE_STAND,0.000000,-0.008410,0.024143,-1.691185,0.000000,0.000000,0.000000,1.000000,1.000000
1782456559.276301,-1,0.000451,inf,SAFE_STAND,0.000000,-0.008952,0.024711,-1.695574,0.000000,0.000000,0.000000,1.000000,1.000000
1782456559.296596,-1,0.000676,inf,SAFE_STAND,0.000000,-0.009510,0.025718,-1.700157,0.000000,0.000000,0.000000,1.000000,1.000000
1782456559.316703,-1,0.000714,inf,SAFE_STAND,0.000000,-0.010119,0.026915,-1.704881,0.000000,0.000000,0.000000,1.000000,1.000000
1782456559.337157,-1,0.001081,36.940634,SAFE_STAND,0.000000,-0.010741,0.028462,-1.709740,0.000000,0.000000,0.000000,1.000000,1.000000
1782456559.357031,-1,0.000495,inf,SAFE_STAND,0.000000,-0.011539,0.030523,-1.715138,0.000000,0.000000,0.000000,1.000000,1.000000
1782456559.376979,-1,0.000375,inf,SAFE_STAND,0.000000,-0.012472,0.032881,-1.720536,0.000000,0.000000,0.000000,1.000000,1.000000
1782456559.397864,-1,0.000537,inf,SAFE_STAND,0.000000,-0.013493,0.035446,-1.725781,0.000000,0.000000,0.000000,1.000000,1.000000
1782456559.417881,-1,0.000438,inf,SAFE_STAND,0.000000,-0.014841,0.038755,-1.731842,0.000000,0.000000,0.000000,1.000000,1.000000
1782456559.438377,-1,0.000796,inf,SAFE_STAND,0.000000,-0.016188,0.042007,-1.737231,0.000000,0.000000,0.000000,1.000000,1.000000
1782456559.458257,-1,0.000435,inf,SAFE_STAND,0.000000,-0.017699,0.045601,-1.742681,0.000000,0.000000,0.000000,1.000000,1.000000
1782456559.478406,-1,0.000510,inf,SAFE_STAND,0.000000,-0.019157,0.048928,-1.747358,0.000000,0.000000,0.000000,1.000000,1.000000
1782456559.498375,-1,0.000408,inf,SAFE_STAND,0.000000,-0.020746,0.052429,-1.752097,0.000000,0.000000,0.000000,1.000000,1.000000
1782456559.518465,-1,0.000429,inf,SAFE_STAND,0.000000,-0.022485,0.056062,-1.756881,0.000000,0.000000,0.000000,1.000000,1.000000
1782456559.539166,-1,0.000498,inf,SAFE_STAND,0.000000,-0.024028,0.059236,-1.761125,0.000000,0.000000,0.000000,1.000000,1.000000
1782456559.559179,-1,0.000436,inf,SAFE_STAND,0.000000,-0.025727,0.062542,-1.765767,0.000000,0.000000,0.000000,1.000000,1.000000
1782456559.579288,-1,0.000473,inf,SAFE_STAND,0.000000,-0.027270,0.065411,-1.770254,0.000000,0.000000,0.000000,1.000000,1.000000
1782456559.599794,-1,0.000427,inf,SAFE_STAND,0.000000,-0.028884,0.068236,-1.775344,0.000000,0.000000,0.000000,1.000000,1.000000
1782456559.619869,-1,0.000431,inf,SAFE_STAND,0.000000,-0.030193,0.070307,-1.779713,0.000000,0.000000,0.000000,1.000000,1.000000
1782456559.639974,-1,0.000466,inf,SAFE_STAND,0.000000,-0.031335,0.071973,-1.783933,0.000000,0.000000,0.000000,1.000000,1.000000
1782456559.660298,-1,0.000713,inf,SAFE_STAND,0.000000,-0.032310,0.073340,-1.787715,0.000000,0.000000,0.000000,1.000000,1.000000
1782456559.680314,-1,0.000652,inf,SAFE_STAND,0.000000,-0.033031,0.074192,-1.791099,0.000000,0.000000,0.000000,1.000000,1.000000
1782456559.700311,-1,0.000410,inf,SAFE_STAND,0.000000,-0.033384,0.074656,-1.794201,0.000000,0.000000,0.000000,1.000000,1.000000
1782456559.720445,-1,0.000417,inf,SAFE_STAND,0.000000,-0.033385,0.074579,-1.796874,0.000000,0.000000,0.000000,1.000000,1.000000
1782456559.740529,-1,0.000432,inf,SAFE_STAND,0.000000,-0.032957,0.073954,-1.799479,0.000000,0.000000,0.000000,1.000000,1.000000
1782456559.760581,-1,0.000416,inf,SAFE_STAND,0.000000,-0.032283,0.072899,-1.801782,0.000000,0.000000,0.000000,1.000000,1.000000
1782456559.780851,-1,0.000618,inf,SAFE_STAND,0.000000,-0.031194,0.071232,-1.804196,0.000000,0.000000,0.000000,1.000000,1.000000
1782456559.800888,-1,0.000585,inf,SAFE_STAND,0.000000,-0.029882,0.069290,-1.806311,0.000000,0.000000,0.000000,1.000000,1.000000
1782456559.821124,-1,0.000711,inf,SAFE_STAND,0.000000,-0.028417,0.067095,-1.807984,0.000000,0.000000,0.000000,1.000000,1.000000
1782456559.841053,-1,0.000547,37.444686,SAFE_STAND,0.000000,-0.026617,0.064410,-1.809735,0.000000,0.000000,0.000000,1.000000,1.000000
1782456559.861044,-1,0.000467,inf,SAFE_STAND,0.000000,-0.024621,0.061597,-1.811304,0.000000,0.000000,0.000000,1.000000,1.000000
1782456559.881058,-1,0.000403,inf,SAFE_STAND,0.000000,-0.022576,0.058728,-1.812779,0.000000,0.000000,0.000000,1.000000,1.000000
1782456559.901154,-1,0.000431,inf,SAFE_STAND,0.000000,-0.020572,0.055951,-1.814030,0.000000,0.000000,0.000000,1.000000,1.000000
1782456559.921651,-1,0.000648,inf,SAFE_STAND,0.000000,-0.018446,0.053110,-1.815119,0.000000,0.000000,0.000000,1.000000,1.000000
1782456559.941663,-1,0.000448,inf,SAFE_STAND,0.000000,-0.016155,0.050214,-1.816097,0.000000,0.000000,0.000000,1.000000,1.000000
1782456559.961762,-1,0.000469,inf,SAFE_STAND,0.000000,-0.014009,0.047690,-1.816826,0.000000,0.000000,0.000000,1.000000,1.000000
1782456559.981792,-1,0.000428,inf,SAFE_STAND,0.000000,-0.011967,0.045500,-1.817379,0.000000,0.000000,0.000000,1.000000,1.000000
1782456560.001818,-1,0.000384,inf,SAFE_STAND,0.000000,-0.010087,0.043587,-1.817779,0.000000,0.000000,0.000000,1.000000,1.000000
1782456560.022382,-1,0.000670,inf,SAFE_STAND,0.000000,-0.008382,0.041972,-1.818144,0.000000,0.000000,0.000000,1.000000,1.000000
1782456560.042217,-1,0.000436,inf,SAFE_STAND,0.000000,-0.006811,0.040573,-1.818503,0.000000,0.000000,0.000000,1.000000,1.000000
1782456560.062251,-1,0.000407,inf,SAFE_STAND,0.000000,-0.005372,0.039432,-1.818760,0.000000,0.000000,0.000000,1.000000,1.000000
1782456560.082305,-1,0.000400,inf,SAFE_STAND,0.000000,-0.004105,0.038621,-1.818956,0.000000,0.000000,0.000000,1.000000,1.000000
1782456560.102390,-1,0.000414,inf,SAFE_STAND,0.000000,-0.002890,0.038156,-1.819062,0.000000,0.000000,0.000000,1.000000,1.000000
1782456560.122456,-1,0.000419,inf,SAFE_STAND,0.000000,-0.001749,0.037878,-1.818990,0.000000,0.000000,0.000000,1.000000,1.000000
1782456560.142780,-1,0.000411,inf,SAFE_STAND,0.000000,-0.000482,0.037714,-1.818743,0.000000,0.000000,0.000000,1.000000,1.000000
1782456560.162962,-1,0.000458,inf,SAFE_STAND,0.000000,0.000610,0.037776,-1.818487,0.000000,0.000000,0.000000,1.000000,1.000000
1782456560.182986,-1,0.000418,inf,SAFE_STAND,0.000000,0.001609,0.037814,-1.818188,0.000000,0.000000,0.000000,1.000000,1.000000
1782456560.203020,-1,0.000390,inf,SAFE_STAND,0.000000,0.002721,0.037851,-1.817795,0.000000,0.000000,0.000000,1.000000,1.000000
1782456560.223639,-1,0.000428,inf,SAFE_STAND,0.000000,0.003907,0.037869,-1.817432,0.000000,0.000000,0.000000,1.000000,1.000000
1782456560.243740,-1,0.000458,inf,SAFE_STAND,0.000000,0.005179,0.037739,-1.817120,0.000000,0.000000,0.000000,1.000000,1.000000
1782456560.264133,-1,0.000461,inf,SAFE_STAND,0.000000,0.006452,0.037420,-1.816944,0.000000,0.000000,0.000000,1.000000,1.000000
1782456560.284467,-1,0.000440,inf,SAFE_STAND,0.000000,0.007971,0.036893,-1.816703,0.000000,0.000000,0.000000,1.000000,1.000000
1782456560.304581,-1,0.000428,inf,SAFE_STAND,0.000000,0.009463,0.036085,-1.816285,0.000000,0.000000,0.000000,1.000000,1.000000
1782456560.324686,-1,0.000420,inf,SAFE_STAND,0.000000,0.011115,0.035021,-1.815611,0.000000,0.000000,0.000000,1.000000,1.000000
1782456560.345398,-1,0.000584,37.949042,SAFE_STAND,0.000000,0.012993,0.033564,-1.814762,0.000000,0.000000,0.000000,1.000000,1.000000
1782456560.365373,-1,0.000427,inf,SAFE_STAND,0.000000,0.014847,0.031803,-1.813848,0.000000,0.000000,0.000000,1.000000,1.000000
1782456560.385528,-1,0.000457,inf,SAFE_STAND,0.000000,0.016789,0.029721,-1.812773,0.000000,0.000000,0.000000,1.000000,1.000000
1782456560.406124,-1,0.000433,inf,SAFE_STAND,0.000000,0.019184,0.026931,-1.811450,0.000000,0.000000,0.000000,1.000000,1.000000
1782456560.426472,-1,0.000705,inf,SAFE_STAND,0.000000,0.021472,0.023999,-1.810264,0.000000,0.000000,0.000000,1.000000,1.000000
1782456560.446357,-1,0.000441,inf,SAFE_STAND,0.000000,0.023809,0.020676,-1.809017,0.000000,0.000000,0.000000,1.000000,1.000000
1782456560.466811,-1,0.000818,inf,SAFE_STAND,0.000000,0.025947,0.017265,-1.807736,0.000000,0.000000,0.000000,1.000000,1.000000
1782456560.486865,-1,0.000429,inf,SAFE_STAND,0.000000,0.028371,0.013079,-1.806210,0.000000,0.000000,0.000000,1.000000,1.000000
1782456560.507015,-1,0.000426,inf,SAFE_STAND,0.000000,0.030457,0.009234,-1.804848,0.000000,0.000000,0.000000,1.000000,1.000000
1782456560.527650,-1,0.000436,inf,SAFE_STAND,0.000000,0.032714,0.004858,-1.803267,0.000000,0.000000,0.000000,1.000000,1.000000
1782456560.547781,-1,0.000495,inf,SAFE_STAND,0.000000,0.034778,0.000643,-1.801633,0.000000,0.000000,0.000000,1.000000,1.000000
1782456560.568462,-1,0.000758,inf,SAFE_STAND,0.000000,0.036768,-0.003520,-1.799847,0.000000,0.000000,0.000000,1.000000,1.000000
1782456560.588280,-1,0.000462,inf,SAFE_STAND,0.000000,0.038754,-0.007828,-1.797866,0.000000,0.000000,0.000000,1.000000,1.000000
1782456560.608321,-1,0.000440,inf,SAFE_STAND,0.000000,0.040542,-0.011854,-1.795802,0.000000,0.000000,0.000000,1.000000,1.000000
1782456560.628366,-1,0.000416,inf,SAFE_STAND,0.000000,0.042165,-0.015668,-1.793589,0.000000,0.000000,0.000000,1.000000,1.000000
1782456560.648480,-1,0.000460,inf,SAFE_STAND,0.000000,0.043632,-0.019179,-1.791271,0.000000,0.000000,0.000000,1.000000,1.000000
1782456560.668708,-1,0.000613,inf,SAFE_STAND,0.000000,0.044883,-0.022359,-1.788958,0.000000,0.000000,0.000000,1.000000,1.000000
1782456560.688757,-1,0.000600,inf,SAFE_STAND,0.000000,0.045957,-0.025194,-1.786602,0.000000,0.000000,0.000000,1.000000,1.000000
1782456560.708956,-1,0.000732,inf,SAFE_STAND,0.000000,0.046716,-0.027546,-1.784276,0.000000,0.000000,0.000000,1.000000,1.000000
1782456560.728784,-1,0.000407,inf,SAFE_STAND,0.000000,0.047329,-0.029835,-1.781509,0.000000,0.000000,0.000000,1.000000,1.000000
1782456560.748884,-1,0.000438,inf,SAFE_STAND,0.000000,0.047669,-0.031505,-1.778859,0.000000,0.000000,0.000000,1.000000,1.000000
1782456560.768910,-1,0.000401,inf,SAFE_STAND,0.000000,0.047807,-0.032725,-1.776215,0.000000,0.000000,0.000000,1.000000,1.000000
1782456560.788960,-1,0.000388,inf,SAFE_STAND,0.000000,0.047807,-0.033712,-1.773166,0.000000,0.000000,0.000000,1.000000,1.000000
1782456560.809036,-1,0.000397,inf,SAFE_STAND,0.000000,0.047684,-0.034247,-1.770038,0.000000,0.000000,0.000000,1.000000,1.000000
1782456560.829606,-1,0.000517,inf,SAFE_STAND,0.000000,0.047431,-0.034418,-1.766779,0.000000,0.000000,0.000000,1.000000,1.000000
1782456560.849768,-1,0.000605,38.453351,SAFE_STAND,0.000000,0.047121,-0.034202,-1.763394,0.000000,0.000000,0.000000,1.000000,1.000000
1782456560.870138,-1,0.000684,inf,SAFE_STAND,0.000000,0.046718,-0.033693,-1.760006,0.000000,0.000000,0.000000,1.000000,1.000000
1782456560.890224,-1,0.000694,inf,SAFE_STAND,0.000000,0.046220,-0.032893,-1.756684,0.000000,0.000000,0.000000,1.000000,1.000000
1782456560.910247,-1,0.000646,inf,SAFE_STAND,0.000000,0.045647,-0.031887,-1.753357,0.000000,0.000000,0.000000,1.000000,1.000000
1782456560.930086,-1,0.000414,inf,SAFE_STAND,0.000000,0.044978,-0.030614,-1.749688,0.000000,0.000000,0.000000,1.000000,1.000000
1782456560.950240,-1,0.000495,inf,SAFE_STAND,0.000000,0.044244,-0.029333,-1.745967,0.000000,0.000000,0.000000,1.000000,1.000000
1782456560.970261,-1,0.000439,inf,SAFE_STAND,0.000000,0.043493,-0.027871,-1.742112,0.000000,0.000000,0.000000,1.000000,1.000000
1782456560.990328,-1,0.000428,inf,SAFE_STAND,0.000000,0.042665,-0.026467,-1.738076,0.000000,0.000000,0.000000,1.000000,1.000000
1782456561.010993,-1,0.000803,inf,SAFE_STAND,0.000000,0.041823,-0.025011,-1.733869,0.000000,0.000000,0.000000,1.000000,1.000000
1782456561.030813,-1,0.000429,inf,SAFE_STAND,0.000000,0.040891,-0.023530,-1.729560,0.000000,0.000000,0.000000,1.000000,1.000000
1782456561.050876,-1,0.000420,inf,SAFE_STAND,0.000000,0.039930,-0.022203,-1.725323,0.000000,0.000000,0.000000,1.000000,1.000000
1782456561.070910,-1,0.000381,inf,SAFE_STAND,0.000000,0.038920,-0.020882,-1.721041,0.000000,0.000000,0.000000,1.000000,1.000000
1782456561.091006,-1,0.000412,inf,SAFE_STAND,0.000000,0.037877,-0.019667,-1.716811,0.000000,0.000000,0.000000,1.000000,1.000000
1782456561.111456,-1,0.000587,inf,SAFE_STAND,0.000000,0.036770,-0.018539,-1.712406,0.000000,0.000000,0.000000,1.000000,1.000000
1782456561.131532,-1,0.000453,inf,SAFE_STAND,0.000000,0.035612,-0.017445,-1.707758,0.000000,0.000000,0.000000,1.000000,1.000000
1782456561.151598,-1,0.000448,inf,SAFE_STAND,0.000000,0.034421,-0.016518,-1.702917,0.000000,0.000000,0.000000,1.000000,1.000000
1782456561.172043,-1,0.000603,inf,SAFE_STAND,0.000000,0.033129,-0.015587,-1.697782,0.000000,0.000000,0.000000,1.000000,1.000000
1782456561.192156,-1,0.000651,inf,SAFE_STAND,0.000000,0.031804,-0.014747,-1.692891,0.000000,0.000000,0.000000,1.000000,1.000000
1782456561.212311,-1,0.000741,inf,SAFE_STAND,0.000000,0.030481,-0.014071,-1.688229,0.000000,0.000000,0.000000,1.000000,1.000000
1782456561.232241,-1,0.000440,inf,SAFE_STAND,0.000000,0.028913,-0.013372,-1.682954,0.000000,0.000000,0.000000,1.000000,1.000000
1782456561.252350,-1,0.000485,inf,SAFE_STAND,0.000000,0.027292,-0.012684,-1.677651,0.000000,0.000000,0.000000,1.000000,1.000000
1782456561.272891,-1,0.000625,inf,SAFE_STAND,0.000000,0.025734,-0.012010,-1.672719,0.000000,0.000000,0.000000,1.000000,1.000000
1782456561.292934,-1,0.000605,inf,SAFE_STAND,0.000000,0.024016,-0.011289,-1.667433,0.000000,0.000000,0.000000,1.000000,1.000000
1782456561.312810,-1,0.000420,inf,SAFE_STAND,0.000000,0.022190,-0.010431,-1.661784,0.000000,0.000000,0.000000,1.000000,1.000000
1782456561.332901,-1,0.000442,inf,SAFE_STAND,0.000000,0.020470,-0.009498,-1.656555,0.000000,0.000000,0.000000,1.000000,1.000000
1782456561.353112,-1,0.000586,38.956710,SAFE_STAND,0.000000,0.018506,-0.008305,-1.650742,0.000000,0.000000,0.000000,1.000000,1.000000
1782456561.373046,-1,0.000450,inf,SAFE_STAND,0.000000,0.016631,-0.006942,-1.645069,0.000000,0.000000,0.000000,1.000000,1.000000
1782456561.393508,-1,0.000638,inf,SAFE_STAND,0.000000,0.014775,-0.005438,-1.639356,0.000000,0.000000,0.000000,1.000000,1.000000
1782456561.413748,-1,0.000806,inf,SAFE_STAND,0.000000,0.013011,-0.003747,-1.633865,0.000000,0.000000,0.000000,1.000000,1.000000
1782456561.433503,-1,0.000414,inf,SAFE_STAND,0.000000,0.011228,-0.001697,-1.628037,0.000000,0.000000,0.000000,1.000000,1.000000
1782456561.453568,-1,0.000410,inf,SAFE_STAND,0.000000,0.009294,0.000882,-1.621537,0.000000,0.000000,0.000000,1.000000,1.000000
1782456561.473661,-1,0.000443,inf,SAFE_STAND,0.000000,0.007630,0.003478,-1.615569,0.000000,0.000000,0.000000,1.000000,1.000000
1782456561.494131,-1,0.000433,inf,SAFE_STAND,0.000000,0.006062,0.006297,-1.609555,0.000000,0.000000,0.000000,1.000000,1.000000
1782456561.514238,-1,0.000432,inf,SAFE_STAND,0.000000,0.004593,0.009425,-1.603439,0.000000,0.000000,0.000000,1.000000,1.000000
1782456561.534350,-1,0.000432,inf,SAFE_STAND,0.000000,0.003168,0.012930,-1.596979,0.000000,0.000000,0.000000,1.000000,1.000000
1782456561.554707,-1,0.000677,inf,SAFE_STAND,0.000000,0.001984,0.016348,-1.591077,0.000000,0.000000,0.000000,1.000000,1.000000
1782456561.574782,-1,0.000674,inf,SAFE_STAND,0.000000,0.000829,0.020025,-1.584836,0.000000,0.000000,0.000000,1.000000,1.000000
1782456561.594740,-1,0.000428,inf,SAFE_STAND,0.000000,-0.000255,0.024008,-1.578184,0.000000,0.000000,0.000000,1.000000,1.000000
1782456561.614856,-1,0.000431,inf,SAFE_STAND,0.000000,-0.001192,0.027933,-1.571823,0.000000,0.000000,0.000000,1.000000,1.000000
1782456561.634979,-1,0.000423,inf,SAFE_STAND,0.000000,-0.002039,0.031759,-1.565325,0.000000,0.000000,0.000000,1.000000,1.000000
1782456561.655193,-1,0.000519,inf,SAFE_STAND,0.000000,-0.002777,0.035615,-1.558781,0.000000,0.000000,0.000000,1.000000,1.000000
1782456561.675581,-1,0.000772,inf,SAFE_STAND,0.000000,-0.003449,0.039349,-1.552228,0.000000,0.000000,0.000000,1.000000,1.000000
1782456561.695450,-1,0.000434,inf,SAFE_STAND,0.000000,-0.004063,0.043139,-1.545268,0.000000,0.000000,0.000000,1.000000,1.000000
1782456561.715558,-1,0.000434,inf,SAFE_STAND,0.000000,-0.004558,0.046683,-1.538623,0.000000,0.000000,0.000000,1.000000,1.000000
1782456561.735689,-1,0.000429,inf,SAFE_STAND,0.000000,-0.005027,0.050093,-1.531947,0.000000,0.000000,0.000000,1.000000,1.000000
1782456561.756346,-1,0.000437,inf,SAFE_STAND,0.000000,-0.005413,0.053275,-1.525153,0.000000,0.000000,0.000000,1.000000,1.000000
1782456561.776468,-1,0.000437,inf,SAFE_STAND,0.000000,-0.005813,0.056367,-1.517958,0.000000,0.000000,0.000000,1.000000,1.000000
1782456561.796584,-1,0.000440,inf,SAFE_STAND,0.000000,-0.006111,0.059042,-1.511097,0.000000,0.000000,0.000000,1.000000,1.000000
1782456561.817165,-1,0.000443,inf,SAFE_STAND,0.000000,-0.006395,0.061439,-1.504200,0.000000,0.000000,0.000000,1.000000,1.000000
1782456561.837256,-1,0.000425,inf,SAFE_STAND,0.000000,-0.006649,0.063543,-1.497276,0.000000,0.000000,0.000000,1.000000,1.000000
1782456561.857839,-1,0.000887,39.461225,SAFE_STAND,0.000000,-0.006905,0.065459,-1.489987,0.000000,0.000000,0.000000,1.000000,1.000000
1782456561.877697,-1,0.000654,inf,SAFE_STAND,0.000000,-0.007101,0.066975,-1.483291,0.000000,0.000000,0.000000,1.000000,1.000000
1782456561.897723,-1,0.000616,inf,SAFE_STAND,0.000000,-0.007314,0.068288,-1.476168,0.000000,0.000000,0.000000,1.000000,1.000000
1782456561.917764,-1,0.000510,inf,SAFE_STAND,0.000000,-0.007513,0.069373,-1.468673,0.000000,0.000000,0.000000,1.000000,1.000000
1782456561.937792,-1,0.000474,inf,SAFE_STAND,0.000000,-0.007671,0.070097,-1.461404,0.000000,0.000000,0.000000,1.000000,1.000000
1782456561.958462,-1,0.000856,inf,SAFE_STAND,0.000000,-0.007790,0.070516,-1.454166,0.000000,0.000000,0.000000,1.000000,1.000000
1782456561.978294,-1,0.000615,inf,SAFE_STAND,0.000000,-0.007822,0.070737,-1.446887,0.000000,0.000000,0.000000,1.000000,1.000000
1782456561.998363,-1,0.000621,inf,SAFE_STAND,0.000000,-0.007795,0.070785,-1.439531,0.000000,0.000000,0.000000,1.000000,1.000000
1782456562.018402,-1,0.000437,inf,SAFE_STAND,0.000000,-0.007670,0.070624,-1.431787,0.000000,0.000000,0.000000,1.000000,1.000000
1782456562.038489,-1,0.000448,inf,SAFE_STAND,0.000000,-0.007495,0.070311,-1.424315,0.000000,0.000000,0.000000,1.000000,1.000000
1782456562.059132,-1,0.000743,inf,SAFE_STAND,0.000000,-0.007188,0.069907,-1.416783,0.000000,0.000000,0.000000,1.000000,1.000000
1782456562.079141,-1,0.000672,inf,SAFE_STAND,0.000000,-0.006802,0.069440,-1.409633,0.000000,0.000000,0.000000,1.000000,1.000000
1782456562.099133,-1,0.000435,inf,SAFE_STAND,0.000000,-0.006254,0.068879,-1.401253,0.000000,0.000000,0.000000,1.000000,1.000000
1782456562.119189,-1,0.000419,inf,SAFE_STAND,0.000000,-0.005625,0.068275,-1.393574,0.000000,0.000000,0.000000,1.000000,1.000000
1782456562.139282,-1,0.000442,inf,SAFE_STAND,0.000000,-0.004943,0.067686,-1.386254,0.000000,0.000000,0.000000,1.000000,1.000000
1782456562.159573,-1,0.000664,inf,SAFE_STAND,0.000000,-0.004085,0.067054,-1.378485,0.000000,0.000000,0.000000,1.000000,1.000000
1782456562.179665,-1,0.000682,inf,SAFE_STAND,0.000000,-0.003104,0.066441,-1.370699,0.000000,0.000000,0.000000,1.000000,1.000000
1782456562.199911,-1,0.000850,inf,SAFE_STAND,0.000000,-0.001951,0.065754,-1.362440,0.000000,0.000000,0.000000,1.000000,1.000000
1782456562.220159,-1,0.000747,inf,SAFE_STAND,0.000000,-0.000743,0.065127,-1.354521,0.000000,0.000000,0.000000,1.000000,1.000000
1782456562.240912,-1,0.001068,inf,SAFE_STAND,0.000000,0.000498,0.064467,-1.346596,0.000000,0.000000,0.000000,1.000000,1.000000
1782456562.261061,-1,0.000789,inf,SAFE_STAND,0.000000,0.001954,0.063793,-1.338194,0.000000,0.000000,0.000000,1.000000,1.000000
1782456562.281829,-1,0.001185,inf,SAFE_STAND,0.000000,0.003304,0.063084,-1.330224,0.000000,0.000000,0.000000,1.000000,1.000000
1782456562.302426,-1,0.001195,inf,SAFE_STAND,0.000000,0.004801,0.062280,-1.321782,0.000000,0.000000,0.000000,1.000000,1.000000
1782456562.322164,-1,0.000768,inf,SAFE_STAND,0.000000,0.006138,0.061474,-1.314127,0.000000,0.000000,0.000000,1.000000,1.000000
1782456562.342106,-1,0.000650,inf,SAFE_STAND,0.000000,0.007578,0.060466,-1.305606,0.000000,0.000000,0.000000,1.000000,1.000000
1782456562.362164,-1,0.000608,39.965757,SAFE_STAND,0.000000,0.008994,0.059337,-1.297053,0.000000,0.000000,0.000000,1.000000,1.000000
1782456562.382137,-1,0.000434,inf,SAFE_STAND,0.000000,0.010208,0.058178,-1.289305,0.000000,0.000000,0.000000,1.000000,1.000000
1782456562.402217,-1,0.000442,inf,SAFE_STAND,0.000000,0.011414,0.056831,-1.281103,0.000000,0.000000,0.000000,1.000000,1.000000
1782456562.422305,-1,0.000459,inf,SAFE_STAND,0.000000,0.012574,0.055207,-1.272514,0.000000,0.000000,0.000000,1.000000,1.000000
1782456562.442365,-1,0.000444,inf,SAFE_STAND,0.000000,0.013530,0.053443,-1.264249,0.000000,0.000000,0.000000,1.000000,1.000000
1782456562.462812,-1,0.000605,inf,SAFE_STAND,0.000000,0.014315,0.051552,-1.256410,0.000000,0.000000,0.000000,1.000000,1.000000
1782456562.482907,-1,0.000483,inf,SAFE_STAND,0.000000,0.015043,0.049324,-1.248024,0.000000,0.000000,0.000000,1.000000,1.000000
1782456562.502910,-1,0.000416,inf,SAFE_STAND,0.000000,0.015682,0.046715,-1.239237,0.000000,0.000000,0.000000,1.000000,1.000000
1782456562.522988,-1,0.000424,inf,SAFE_STAND,0.000000,0.016144,0.043817,-1.230429,0.000000,0.000000,0.000000,1.000000,1.000000
1782456562.543517,-1,0.000670,inf,SAFE_STAND,0.000000,0.016488,0.041056,-1.222433,0.000000,0.000000,0.000000,1.000000,1.000000
1782456562.563390,-1,0.000450,inf,SAFE_STAND,0.000000,0.016662,0.037792,-1.213583,0.000000,0.000000,0.000000,1.000000,1.000000
1782456562.583505,-1,0.000490,inf,SAFE_STAND,0.000000,0.016715,0.034421,-1.205138,0.000000,0.000000,0.000000,1.000000,1.000000
1782456562.603531,-1,0.000443,inf,SAFE_STAND,0.000000,0.016661,0.030888,-1.196698,0.000000,0.000000,0.000000,1.000000,1.000000
1782456562.623642,-1,0.000481,inf,SAFE_STAND,0.000000,0.016539,0.027227,-1.188192,0.000000,0.000000,0.000000,1.000000,1.000000
1782456562.643903,-1,0.000659,inf,SAFE_STAND,0.000000,0.016348,0.023503,-1.179606,0.000000,0.000000,0.000000,1.000000,1.000000
1782456562.663964,-1,0.000645,inf,SAFE_STAND,0.000000,0.016084,0.019704,-1.171062,0.000000,0.000000,0.000000,1.000000,1.000000
1782456562.684086,-1,0.000693,inf,SAFE_STAND,0.000000,0.015774,0.015847,-1.162471,0.000000,0.000000,0.000000,1.000000,1.000000
1782456562.704006,-1,0.000461,inf,SAFE_STAND,0.000000,0.015455,0.011833,-1.153376,0.000000,0.000000,0.000000,1.000000,1.000000
1782456562.724076,-1,0.000458,inf,SAFE_STAND,0.000000,0.015120,0.008229,-1.145042,0.000000,0.000000,0.000000,1.000000,1.000000
1782456562.744194,-1,0.000502,inf,SAFE_STAND,0.000000,0.014781,0.004413,-1.136258,0.000000,0.000000,0.000000,1.000000,1.000000
1782456562.764664,-1,0.000680,inf,SAFE_STAND,0.000000,0.014431,0.000553,-1.126977,0.000000,0.000000,0.000000,1.000000,1.000000
1782456562.784741,-1,0.000486,inf,SAFE_STAND,0.000000,0.014097,-0.003196,-1.117617,0.000000,0.000000,0.000000,1.000000,1.000000
1782456562.804786,-1,0.000458,inf,SAFE_STAND,0.000000,0.013794,-0.006523,-1.109136,0.000000,0.000000,0.000000,1.000000,1.000000
1782456562.825330,-1,0.000712,inf,SAFE_STAND,0.000000,0.013543,-0.009807,-1.100126,0.000000,0.000000,0.000000,1.000000,1.000000
1782456562.845373,-1,0.000677,inf,SAFE_STAND,0.000000,0.013337,-0.013110,-1.090610,0.000000,0.000000,0.000000,1.000000,1.000000
1782456562.865396,-1,0.000565,40.469020,SAFE_STAND,0.000000,0.013164,-0.016105,-1.081555,0.000000,0.000000,0.000000,1.000000,1.000000
1782456562.885456,-1,0.000495,inf,SAFE_STAND,0.000000,0.012988,-0.018862,-1.072558,0.000000,0.000000,0.000000,1.000000,1.000000
1782456562.905502,-1,0.000468,inf,SAFE_STAND,0.000000,0.012834,-0.021458,-1.063513,0.000000,0.000000,0.000000,1.000000,1.000000
1782456562.925559,-1,0.000452,inf,SAFE_STAND,0.000000,0.012669,-0.023799,-1.054405,0.000000,0.000000,0.000000,1.000000,1.000000
1782456562.945895,-1,0.000711,inf,SAFE_STAND,0.000000,0.012499,-0.025951,-1.045258,0.000000,0.000000,0.000000,1.000000,1.000000
1782456562.966061,-1,0.000801,inf,SAFE_STAND,0.000000,0.012300,-0.027935,-1.036076,0.000000,0.000000,0.000000,1.000000,1.000000
1782456562.986013,-1,0.000678,inf,SAFE_STAND,0.000000,0.012006,-0.029709,-1.026877,0.000000,0.000000,0.000000,1.000000,1.000000
1782456563.006016,-1,0.000452,inf,SAFE_STAND,0.000000,0.011697,-0.031342,-1.017124,0.000000,0.000000,0.000000,1.000000,1.000000
1782456563.026090,-1,0.000453,inf,SAFE_STAND,0.000000,0.011273,-0.032714,-1.007828,0.000000,0.000000,0.000000,1.000000,1.000000
1782456563.046175,-1,0.000465,inf,SAFE_STAND,0.000000,0.010803,-0.033911,-0.998442,0.000000,0.000000,0.000000,1.000000,1.000000
1782456563.066742,-1,0.000738,inf,SAFE_STAND,0.000000,0.010218,-0.034884,-0.989534,0.000000,0.000000,0.000000,1.000000,1.000000
1782456563.086711,-1,0.000462,inf,SAFE_STAND,0.000000,0.009470,-0.035786,-0.979665,0.000000,0.000000,0.000000,1.000000,1.000000
1782456563.106739,-1,0.000418,inf,SAFE_STAND,0.000000,0.008629,-0.036519,-0.969735,0.000000,0.000000,0.000000,1.000000,1.000000
1782456563.126810,-1,0.000420,inf,SAFE_STAND,0.000000,0.007690,-0.037081,-0.960225,0.000000,0.000000,0.000000,1.000000,1.000000
1782456563.147093,-1,0.000633,inf,SAFE_STAND,0.000000,0.006688,-0.037522,-0.951153,0.000000,0.000000,0.000000,1.000000,1.000000
1782456563.167189,-1,0.000656,inf,SAFE_STAND,0.000000,0.005573,-0.037888,-0.941602,0.000000,0.000000,0.000000,1.000000,1.000000
1782456563.187350,-1,0.000746,inf,SAFE_STAND,0.000000,0.004396,-0.038113,-0.931976,0.000000,0.000000,0.000000,1.000000,1.000000
1782456563.207262,-1,0.000446,inf,SAFE_STAND,0.000000,0.003145,-0.038216,-0.922275,0.000000,0.000000,0.000000,1.000000,1.000000
1782456563.227381,-1,0.000491,inf,SAFE_STAND,0.000000,0.001796,-0.038204,-0.912144,0.000000,0.000000,0.000000,1.000000,1.000000
1782456563.247385,-1,0.000422,inf,SAFE_STAND,0.000000,0.000502,-0.038130,-0.902491,0.000000,0.000000,0.000000,1.000000,1.000000
1782456563.267922,-1,0.000675,inf,SAFE_STAND,0.000000,-0.000786,-0.037970,-0.892790,0.000000,0.000000,0.000000,1.000000,1.000000
1782456563.287995,-1,0.000672,inf,SAFE_STAND,0.000000,-0.002037,-0.037766,-0.883017,0.000000,0.000000,0.000000,1.000000,1.000000
1782456563.308006,-1,0.000447,inf,SAFE_STAND,0.000000,-0.003271,-0.037420,-0.872754,0.000000,0.000000,0.000000,1.000000,1.000000
1782456563.328125,-1,0.000493,inf,SAFE_STAND,0.000000,-0.004424,-0.037044,-0.863015,0.000000,0.000000,0.000000,1.000000,1.000000
1782456563.348200,-1,0.000494,inf,SAFE_STAND,0.000000,-0.005426,-0.036603,-0.853709,0.000000,0.000000,0.000000,1.000000,1.000000
1782456563.368574,-1,0.000794,40.971963,SAFE_STAND,0.000000,-0.006400,-0.036005,-0.843425,0.000000,0.000000,0.000000,1.000000,1.000000
1782456563.388442,-1,0.000594,inf,SAFE_STAND,0.000000,-0.007191,-0.035360,-0.833556,0.000000,0.000000,0.000000,1.000000,1.000000
1782456563.408596,-1,0.000676,inf,SAFE_STAND,0.000000,-0.007801,-0.034532,-0.823653,0.000000,0.000000,0.000000,1.000000,1.000000
1782456563.428605,-1,0.000483,inf,SAFE_STAND,0.000000,-0.008243,-0.033657,-0.814319,0.000000,0.000000,0.000000,1.000000,1.000000
1782456563.448603,-1,0.000414,inf,SAFE_STAND,0.000000,-0.008556,-0.032509,-0.803420,0.000000,0.000000,0.000000,1.000000,1.000000
1782456563.468659,-1,0.000402,inf,SAFE_STAND,0.000000,-0.008659,-0.031251,-0.793521,0.000000,0.000000,0.000000,1.000000,1.000000
1782456563.488816,-1,0.000489,inf,SAFE_STAND,0.000000,-0.008525,-0.029957,-0.784044,0.000000,0.000000,0.000000,1.000000,1.000000
1782456563.509036,-1,0.000631,inf,SAFE_STAND,0.000000,-0.008281,-0.028438,-0.774066,0.000000,0.000000,0.000000,1.000000,1.000000
1782456563.529098,-1,0.000620,inf,SAFE_STAND,0.000000,-0.007865,-0.026707,-0.764101,0.000000,0.000000,0.000000,1.000000,1.000000
1782456563.549260,-1,0.000543,inf,SAFE_STAND,0.000000,-0.007289,-0.024890,-0.754054,0.000000,0.000000,0.000000,1.000000,1.000000
1782456563.569235,-1,0.000437,inf,SAFE_STAND,0.000000,-0.006543,-0.022870,-0.744037,0.000000,0.000000,0.000000,1.000000,1.000000
1782456563.589262,-1,0.000398,inf,SAFE_STAND,0.000000,-0.005684,-0.020592,-0.733460,0.000000,0.000000,0.000000,1.000000,1.000000
1782456563.609474,-1,0.000513,inf,SAFE_STAND,0.000000,-0.004739,-0.018211,-0.723386,0.000000,0.000000,0.000000,1.000000,1.000000
1782456563.629887,-1,0.000447,inf,SAFE_STAND,0.000000,-0.003651,-0.015573,-0.712820,0.000000,0.000000,0.000000,1.000000,1.000000
1782456563.649955,-1,0.000442,inf,SAFE_STAND,0.000000,-0.002564,-0.012911,-0.702751,0.000000,0.000000,0.000000,1.000000,1.000000
1782456563.670101,-1,0.000550,inf,SAFE_STAND,0.000000,-0.001481,-0.010294,-0.693121,0.000000,0.000000,0.000000,1.000000,1.000000
1782456563.690629,-1,0.000775,inf,SAFE_STAND,0.000000,-0.000235,-0.007197,-0.682431,0.000000,0.000000,0.000000,1.000000,1.000000
1782456563.710621,-1,0.000687,inf,SAFE_STAND,0.000000,0.001005,-0.004219,-0.672230,0.000000,0.000000,0.000000,1.000000,1.000000
1782456563.730641,-1,0.000464,inf,SAFE_STAND,0.000000,0.002240,-0.001083,-0.662066,0.000000,0.000000,0.000000,1.000000,1.000000
1782456563.750787,-1,0.000530,inf,SAFE_STAND,0.000000,0.003484,0.002073,-0.651846,0.000000,0.000000,0.000000,1.000000,1.000000
1782456563.770822,-1,0.000487,inf,SAFE_STAND,0.000000,0.004755,0.005389,-0.641041,0.000000,0.000000,0.000000,1.000000,1.000000
1782456563.791068,-1,0.000659,inf,SAFE_STAND,0.000000,0.005923,0.008375,-0.631290,0.000000,0.000000,0.000000,1.000000,1.000000
1782456563.811306,-1,0.000824,inf,SAFE_STAND,0.000000,0.007108,0.011519,-0.621039,0.000000,0.000000,0.000000,1.000000,1.000000
1782456563.831417,-1,0.000516,inf,SAFE_STAND,0.000000,0.008296,0.014696,-0.610748,0.000000,0.000000,0.000000,1.000000,1.000000
1782456563.851521,-1,0.000541,inf,SAFE_STAND,0.000000,0.009557,0.017960,-0.599926,0.000000,0.000000,0.000000,1.000000,1.000000
1782456563.871973,-1,0.000911,41.475358,SAFE_STAND,0.000000,0.010779,0.021039,-0.589625,0.000000,0.000000,0.000000,1.000000,1.000000
1782456563.891830,-1,0.000691,inf,SAFE_STAND,0.000000,0.012018,0.024024,-0.579366,0.000000,0.000000,0.000000,1.000000,1.000000
1782456563.911929,-1,0.000709,inf,SAFE_STAND,0.000000,0.013271,0.026901,-0.569069,0.000000,0.000000,0.000000,1.000000,1.000000
1782456563.932017,-1,0.000532,inf,SAFE_STAND,0.000000,0.014619,0.029802,-0.558179,0.000000,0.000000,0.000000,1.000000,1.000000
1782456563.952085,-1,0.000519,inf,SAFE_STAND,0.000000,0.015971,0.032399,-0.547749,0.000000,0.000000,0.000000,1.000000,1.000000
1782456563.972152,-1,0.000507,inf,SAFE_STAND,0.000000,0.017357,0.034874,-0.537439,0.000000,0.000000,0.000000,1.000000,1.000000
1782456563.992418,-1,0.000694,inf,SAFE_STAND,0.000000,0.018793,0.037225,-0.527088,0.000000,0.000000,0.000000,1.000000,1.000000
1782456564.012490,-1,0.000683,inf,SAFE_STAND,0.000000,0.020235,0.039302,-0.517187,0.000000,0.000000,0.000000,1.000000,1.000000
1782456564.032522,-1,0.000633,inf,SAFE_STAND,0.000000,0.021936,0.041379,-0.506259,0.000000,0.000000,0.000000,1.000000,1.000000
1782456564.052710,-1,0.000726,inf,SAFE_STAND,0.000000,0.023611,0.043161,-0.495866,0.000000,0.000000,0.000000,1.000000,1.000000
1782456564.072632,-1,0.000492,inf,SAFE_STAND,0.000000,0.025320,0.044786,-0.485482,0.000000,0.000000,0.000000,1.000000,1.000000
1782456564.092727,-1,0.000511,inf,SAFE_STAND,0.000000,0.027143,0.046196,-0.475095,0.000000,0.000000,0.000000,1.000000,1.000000
1782456564.112846,-1,0.000548,inf,SAFE_STAND,0.000000,0.029107,0.047551,-0.464210,0.000000,0.000000,0.000000,1.000000,1.000000
1782456564.133655,-1,0.001015,inf,SAFE_STAND,0.000000,0.031016,0.048641,-0.453811,0.000000,0.000000,0.000000,1.000000,1.000000
1782456564.153679,-1,0.000742,inf,SAFE_STAND,0.000000,0.032970,0.049584,-0.443474,0.000000,0.000000,0.000000,1.000000,1.000000
1782456564.174131,-1,0.000457,inf,SAFE_STAND,0.000000,0.035026,0.050458,-0.432601,0.000000,0.000000,0.000000,1.000000,1.000000
1782456564.194232,-1,0.000429,inf,SAFE_STAND,0.000000,0.037094,0.051095,-0.421676,0.000000,0.000000,0.000000,1.000000,1.000000
1782456564.214305,-1,0.000417,inf,SAFE_STAND,0.000000,0.038966,0.051567,-0.411786,0.000000,0.000000,0.000000,1.000000,1.000000
1782456564.234472,-1,0.000509,inf,SAFE_STAND,0.000000,0.040860,0.051919,-0.401464,0.000000,0.000000,0.000000,1.000000,1.000000
1782456564.255106,-1,0.000465,inf,SAFE_STAND,0.000000,0.042792,0.052176,-0.390586,0.000000,0.000000,0.000000,1.000000,1.000000
1782456564.275296,-1,0.000577,inf,SAFE_STAND,0.000000,0.044576,0.052406,-0.380203,0.000000,0.000000,0.000000,1.000000,1.000000
1782456564.295390,-1,0.000585,inf,SAFE_STAND,0.000000,0.046225,0.052521,-0.369856,0.000000,0.000000,0.000000,1.000000,1.000000
1782456564.315644,-1,0.000753,inf,SAFE_STAND,0.000000,0.047791,0.052538,-0.359514,0.000000,0.000000,0.000000,1.000000,1.000000
1782456564.335700,-1,0.000725,inf,SAFE_STAND,0.000000,0.049209,0.052513,-0.349141,0.000000,0.000000,0.000000,1.000000,1.000000
1782456564.355805,-1,0.000748,inf,SAFE_STAND,0.000000,0.050455,0.052417,-0.338775,0.000000,0.000000,0.000000,1.000000,1.000000
1782456564.375992,-1,0.000706,41.979543,SAFE_STAND,0.000000,0.051513,0.052287,-0.328449,0.000000,0.000000,0.000000,1.000000,1.000000
1782456564.395831,-1,0.000460,inf,SAFE_STAND,0.000000,0.052467,0.052056,-0.317634,0.000000,0.000000,0.000000,1.000000,1.000000
1782456564.415942,-1,0.000495,inf,SAFE_STAND,0.000000,0.053155,0.051817,-0.307300,0.000000,0.000000,0.000000,1.000000,1.000000
1782456564.436001,-1,0.000479,inf,SAFE_STAND,0.000000,0.053690,0.051507,-0.296994,0.000000,0.000000,0.000000,1.000000,1.000000
1782456564.456522,-1,0.000708,inf,SAFE_STAND,0.000000,0.054028,0.051173,-0.287250,0.000000,0.000000,0.000000,1.000000,1.000000
1782456564.476589,-1,0.000698,inf,SAFE_STAND,0.000000,0.054218,0.050745,-0.276971,0.000000,0.000000,0.000000,1.000000,1.000000
1782456564.496450,-1,0.000465,inf,SAFE_STAND,0.000000,0.054214,0.050232,-0.266167,0.000000,0.000000,0.000000,1.000000,1.000000
1782456564.516501,-1,0.000439,inf,SAFE_STAND,0.000000,0.054058,0.049713,-0.255911,0.000000,0.000000,0.000000,1.000000,1.000000
1782456564.536649,-1,0.000506,inf,SAFE_STAND,0.000000,0.053729,0.049110,-0.245668,0.000000,0.000000,0.000000,1.000000,1.000000
1782456564.557477,-1,0.000899,inf,SAFE_STAND,0.000000,0.053287,0.048412,-0.235487,0.000000,0.000000,0.000000,1.000000,1.000000
1782456564.577574,-1,0.000565,inf,SAFE_STAND,0.000000,0.052688,0.047522,-0.224736,0.000000,0.000000,0.000000,1.000000,1.000000
1782456564.598218,-1,0.000768,inf,SAFE_STAND,0.000000,0.051945,0.046549,-0.214556,0.000000,0.000000,0.000000,1.000000,1.000000
1782456564.618183,-1,0.000520,inf,SAFE_STAND,0.000000,0.051020,0.045502,-0.203951,0.000000,0.000000,0.000000,1.000000,1.000000
1782456564.638238,-1,0.000498,inf,SAFE_STAND,0.000000,0.050040,0.044338,-0.193830,0.000000,0.000000,0.000000,1.000000,1.000000
1782456564.658308,-1,0.000491,inf,SAFE_STAND,0.000000,0.048939,0.043025,-0.183741,0.000000,0.000000,0.000000,1.000000,1.000000
1782456564.678778,-1,0.000665,inf,SAFE_STAND,0.000000,0.047744,0.041590,-0.173673,0.000000,0.000000,0.000000,1.000000,1.000000
1782456564.698907,-1,0.000717,inf,SAFE_STAND,0.000000,0.046446,0.040029,-0.163659,0.000000,0.000000,0.000000,1.000000,1.000000
1782456564.719103,-1,0.000507,inf,SAFE_STAND,0.000000,0.045100,0.038402,-0.154151,0.000000,0.000000,0.000000,1.000000,1.000000
1782456564.739174,-1,0.000501,inf,SAFE_STAND,0.000000,0.043442,0.036387,-0.143191,0.000000,0.000000,0.000000,1.000000,1.000000
1782456564.759798,-1,0.000811,inf,SAFE_STAND,0.000000,0.041810,0.034462,-0.133246,0.000000,0.000000,0.000000,1.000000,1.000000
1782456564.779611,-1,0.000501,inf,SAFE_STAND,0.000000,0.040122,0.032459,-0.123268,0.000000,0.000000,0.000000,1.000000,1.000000
1782456564.799994,-1,0.000595,inf,SAFE_STAND,0.000000,0.038403,0.030531,-0.113827,0.000000,0.000000,0.000000,1.000000,1.000000
1782456564.820562,-1,0.000737,inf,SAFE_STAND,0.000000,0.036339,0.028222,-0.102962,0.000000,0.000000,0.000000,1.000000,1.000000
1782456564.840676,-1,0.000766,inf,SAFE_STAND,0.000000,0.034452,0.026123,-0.093552,0.000000,0.000000,0.000000,1.000000,1.000000
1782456564.860578,-1,0.000521,inf,SAFE_STAND,0.000000,0.032280,0.023838,-0.083141,0.000000,0.000000,0.000000,1.000000,1.000000
1782456564.881099,-1,0.000960,42.484408,SAFE_STAND,0.000000,0.030130,0.021655,-0.073249,0.000000,0.000000,0.000000,1.000000,1.000000
1782456564.900793,-1,0.000571,inf,SAFE_STAND,0.000000,0.027887,0.019534,-0.063384,0.000000,0.000000,0.000000,1.000000,1.000000
1782456564.921293,-1,0.000490,inf,SAFE_STAND,0.000000,0.025454,0.017396,-0.053000,0.000000,0.000000,0.000000,1.000000,1.000000
1782456564.941500,-1,0.000611,inf,SAFE_STAND,0.000000,0.023022,0.015420,-0.043117,0.000000,0.000000,0.000000,1.000000,1.000000
1782456564.961598,-1,0.000622,inf,SAFE_STAND,0.000000,0.020641,0.013612,-0.033793,0.000000,0.000000,0.000000,1.000000,1.000000
1782456564.982075,-1,0.000791,inf,SAFE_STAND,0.000000,0.017969,0.011700,-0.023484,0.000000,0.000000,0.000000,1.000000,1.000000
1782456565.002233,-1,0.000863,inf,SAFE_STAND,0.000000,0.015314,0.009981,-0.013698,0.000000,0.000000,0.000000,1.000000,1.000000
1782456565.022145,-1,0.000510,inf,SAFE_STAND,0.000000,0.012615,0.008387,-0.003902,0.000000,0.000000,0.000000,1.000000,1.000000
1782456565.042305,-1,0.000589,inf,SAFE_STAND,0.000000,0.009858,0.006932,0.005866,0.000000,0.000000,0.000000,1.000000,1.000000
1782456565.062776,-1,0.000751,inf,SAFE_STAND,0.000000,0.006914,0.005556,0.016101,0.000000,0.000000,0.000000,1.000000,1.000000
1782456565.082855,-1,0.000741,inf,SAFE_STAND,0.000000,0.004095,0.004428,0.025736,0.000000,0.000000,0.000000,1.000000,1.000000
1782456565.102887,-1,0.000690,inf,SAFE_STAND,0.000000,0.001412,0.003488,0.034928,0.000000,0.000000,0.000000,1.000000,1.000000
1782456565.122952,-1,0.000678,inf,SAFE_STAND,0.000000,-0.001429,0.002640,0.044624,0.000000,0.000000,0.000000,1.000000,1.000000
1782456565.142822,-1,0.000472,inf,SAFE_STAND,0.000000,-0.004518,0.001847,0.055242,0.000000,0.000000,0.000000,1.000000,1.000000
1782456565.162908,-1,0.000482,inf,SAFE_STAND,0.000000,-0.007147,0.001300,0.064389,0.000000,0.000000,0.000000,1.000000,1.000000
1782456565.183163,-1,0.000614,inf,SAFE_STAND,0.000000,-0.009772,0.000818,0.073502,0.000000,0.000000,0.000000,1.000000,1.000000
1782456565.203336,-1,0.000705,inf,SAFE_STAND,0.000000,-0.012630,0.000514,0.083552,0.000000,0.000000,0.000000,1.000000,1.000000
1782456565.223429,-1,0.000715,inf,SAFE_STAND,0.000000,-0.015273,0.000262,0.093089,0.000000,0.000000,0.000000,1.000000,1.000000
1782456565.243601,-1,0.000779,inf,SAFE_STAND,0.000000,-0.017886,0.000116,0.102549,0.000000,0.000000,0.000000,1.000000,1.000000
1782456565.263624,-1,0.000721,inf,SAFE_STAND,0.000000,-0.020375,0.000079,0.112011,0.000000,0.000000,0.000000,1.000000,1.000000
1782456565.283766,-1,0.000573,inf,SAFE_STAND,0.000000,-0.022797,0.000044,0.121347,0.000000,0.000000,0.000000,1.000000,1.000000
1782456565.303793,-1,0.000513,inf,SAFE_STAND,0.000000,-0.025299,0.000061,0.131188,0.000000,0.000000,0.000000,1.000000,1.000000
1782456565.324259,-1,0.000673,inf,SAFE_STAND,0.000000,-0.027566,0.000171,0.140478,0.000000,0.000000,0.000000,1.000000,1.000000
1782456565.344720,-1,0.001052,inf,SAFE_STAND,0.000000,-0.029726,0.000276,0.149743,0.000000,0.000000,0.000000,1.000000,1.000000
1782456565.364645,-1,0.000528,inf,SAFE_STAND,0.000000,-0.031783,0.000367,0.158969,0.000000,0.000000,0.000000,1.000000,1.000000
1782456565.385208,-1,0.001006,42.988441,SAFE_STAND,0.000000,-0.033772,0.000552,0.168672,0.000000,0.000000,0.000000,1.000000,1.000000
1782456565.405014,-1,0.000731,inf,SAFE_STAND,0.000000,-0.035592,0.000708,0.177817,0.000000,0.000000,0.000000,1.000000,1.000000
1782456565.425116,-1,0.000752,inf,SAFE_STAND,0.000000,-0.037274,0.000842,0.186892,0.000000,0.000000,0.000000,1.000000,1.000000
1782456565.445051,-1,0.000474,inf,SAFE_STAND,0.000000,-0.038806,0.001001,0.195917,0.000000,0.000000,0.000000,1.000000,1.000000
1782456565.465194,-1,0.000482,inf,SAFE_STAND,0.000000,-0.040242,0.001143,0.205389,0.000000,0.000000,0.000000,1.000000,1.000000
1782456565.485333,-1,0.000544,inf,SAFE_STAND,0.000000,-0.041452,0.001261,0.214297,0.000000,0.000000,0.000000,1.000000,1.000000
1782456565.505893,-1,0.000980,inf,SAFE_STAND,0.000000,-0.042468,0.001395,0.222797,0.000000,0.000000,0.000000,1.000000,1.000000
1782456565.525740,-1,0.000715,inf,SAFE_STAND,0.000000,-0.043373,0.001491,0.231608,0.000000,0.000000,0.000000,1.000000,1.000000
1782456565.545907,-1,0.000745,inf,SAFE_STAND,0.000000,-0.044129,0.001642,0.240411,0.000000,0.000000,0.000000,1.000000,1.000000
1782456565.565827,-1,0.000514,inf,SAFE_STAND,0.000000,-0.044761,0.001814,0.249594,0.000000,0.000000,0.000000,1.000000,1.000000
1782456565.585962,-1,0.000517,inf,SAFE_STAND,0.000000,-0.045156,0.002019,0.258301,0.000000,0.000000,0.000000,1.000000,1.000000
1782456565.606005,-1,0.000479,inf,SAFE_STAND,0.000000,-0.045407,0.002210,0.266928,0.000000,0.000000,0.000000,1.000000,1.000000
1782456565.626116,-1,0.000508,inf,SAFE_STAND,0.000000,-0.045493,0.002443,0.275505,0.000000,0.000000,0.000000,1.000000,1.000000
1782456565.646612,-1,0.000542,inf,SAFE_STAND,0.000000,-0.045429,0.002718,0.284001,0.000000,0.000000,0.000000,1.000000,1.000000
1782456565.666750,-1,0.000505,inf,SAFE_STAND,0.000000,-0.045163,0.003105,0.292421,0.000000,0.000000,0.000000,1.000000,1.000000
1782456565.686879,-1,0.000554,inf,SAFE_STAND,0.000000,-0.044685,0.003626,0.301214,0.000000,0.000000,0.000000,1.000000,1.000000
1782456565.707535,-1,0.000911,inf,SAFE_STAND,0.000000,-0.044124,0.004157,0.309113,0.000000,0.000000,0.000000,1.000000,1.000000
1782456565.727331,-1,0.000475,inf,SAFE_STAND,0.000000,-0.043292,0.004823,0.318186,0.000000,0.000000,0.000000,1.000000,1.000000
1782456565.747467,-1,0.000529,inf,SAFE_STAND,0.000000,-0.042337,0.005481,0.326376,0.000000,0.000000,0.000000,1.000000,1.000000
1782456565.767532,-1,0.000515,inf,SAFE_STAND,0.000000,-0.041293,0.006160,0.334102,0.000000,0.000000,0.000000,1.000000,1.000000
1782456565.787991,-1,0.000673,inf,SAFE_STAND,0.000000,-0.040064,0.006875,0.342166,0.000000,0.000000,0.000000,1.000000,1.000000
1782456565.808250,-1,0.000852,inf,SAFE_STAND,0.000000,-0.038580,0.007686,0.350632,0.000000,0.000000,0.000000,1.000000,1.000000
1782456565.828270,-1,0.000481,inf,SAFE_STAND,0.000000,-0.037129,0.008453,0.358190,0.000000,0.000000,0.000000,1.000000,1.000000
1782456565.848314,-1,0.000451,inf,SAFE_STAND,0.000000,-0.035343,0.009395,0.366457,0.000000,0.000000,0.000000,1.000000,1.000000
1782456565.868849,-1,0.000695,inf,SAFE_STAND,0.000000,-0.033458,0.010232,0.374303,0.000000,0.000000,0.000000,1.000000,1.000000
1782456565.889095,-1,0.000657,43.492675,SAFE_STAND,0.000000,-0.031387,0.011139,0.382448,0.000000,0.000000,0.000000,1.000000,1.000000
1782456565.909072,-1,0.000537,inf,SAFE_STAND,0.000000,-0.029256,0.012008,0.390100,0.000000,0.000000,0.000000,1.000000,1.000000
1782456565.929060,-1,0.000444,inf,SAFE_STAND,0.000000,-0.027001,0.012851,0.397724,0.000000,0.000000,0.000000,1.000000,1.000000
1782456565.949222,-1,0.000532,inf,SAFE_STAND,0.000000,-0.024670,0.013632,0.405276,0.000000,0.000000,0.000000,1.000000,1.000000
1782456565.969708,-1,0.000509,inf,SAFE_STAND,0.000000,-0.022200,0.014369,0.412793,0.000000,0.000000,0.000000,1.000000,1.000000
1782456565.989793,-1,0.000516,inf,SAFE_STAND,0.000000,-0.019516,0.015040,0.420630,0.000000,0.000000,0.000000,1.000000,1.000000
1782456566.009875,-1,0.000519,inf,SAFE_STAND,0.000000,-0.016875,0.015602,0.428020,0.000000,0.000000,0.000000,1.000000,1.000000
1782456566.029909,-1,0.000478,inf,SAFE_STAND,0.000000,-0.014302,0.016073,0.434942,0.000000,0.000000,0.000000,1.000000,1.000000
1782456566.050158,-1,0.000702,inf,SAFE_STAND,0.000000,-0.011408,0.016484,0.442575,0.000000,0.000000,0.000000,1.000000,1.000000
1782456566.070177,-1,0.000645,inf,SAFE_STAND,0.000000,-0.008587,0.016769,0.449770,0.000000,0.000000,0.000000,1.000000,1.000000
1782456566.090310,-1,0.000704,inf,SAFE_STAND,0.000000,-0.005878,0.016982,0.456535,0.000000,0.000000,0.000000,1.000000,1.000000
1782456566.110362,-1,0.000675,inf,SAFE_STAND,0.000000,-0.002840,0.017063,0.463967,0.000000,0.000000,0.000000,1.000000,1.000000
1782456566.130388,-1,0.000468,inf,SAFE_STAND,0.000000,0.000217,0.017014,0.471291,0.000000,0.000000,0.000000,1.000000,1.000000
1782456566.150484,-1,0.000484,inf,SAFE_STAND,0.000000,0.002997,0.016825,0.477907,0.000000,0.000000,0.000000,1.000000,1.000000
1782456566.170552,-1,0.000474,inf,SAFE_STAND,0.000000,0.005935,0.016637,0.484745,0.000000,0.000000,0.000000,1.000000,1.000000
1782456566.190624,-1,0.000473,inf,SAFE_STAND,0.000000,0.009014,0.016275,0.491825,0.000000,0.000000,0.000000,1.000000,1.000000
1782456566.210717,-1,0.000488,inf,SAFE_STAND,0.000000,0.011762,0.015901,0.498205,0.000000,0.000000,0.000000,1.000000,1.000000
1782456566.231253,-1,0.000512,inf,SAFE_STAND,0.000000,0.014854,0.015401,0.505203,0.000000,0.000000,0.000000,1.000000,1.000000
1782456566.251316,-1,0.000495,inf,SAFE_STAND,0.000000,0.017740,0.014874,0.511771,0.000000,0.000000,0.000000,1.000000,1.000000
1782456566.271753,-1,0.000847,inf,SAFE_STAND,0.000000,0.020578,0.014275,0.518308,0.000000,0.000000,0.000000,1.000000,1.000000
1782456566.291830,-1,0.000825,inf,SAFE_STAND,0.000000,0.023400,0.013628,0.524750,0.000000,0.000000,0.000000,1.000000,1.000000
1782456566.311764,-1,0.000682,inf,SAFE_STAND,0.000000,0.026169,0.012997,0.531176,0.000000,0.000000,0.000000,1.000000,1.000000
1782456566.331851,-1,0.000693,inf,SAFE_STAND,0.000000,0.028933,0.012393,0.537534,0.000000,0.000000,0.000000,1.000000,1.000000
1782456566.351888,-1,0.000472,inf,SAFE_STAND,0.000000,0.031736,0.011749,0.544102,0.000000,0.000000,0.000000,1.000000,1.000000
1782456566.371904,-1,0.000413,inf,SAFE_STAND,0.000000,0.034353,0.011152,0.550287,0.000000,0.000000,0.000000,1.000000,1.000000
1782456566.392433,-1,0.000870,43.995831,SAFE_STAND,0.000000,0.036935,0.010563,0.556464,0.000000,0.000000,0.000000,1.000000,1.000000
1782456566.412074,-1,0.000439,inf,SAFE_STAND,0.000000,0.039337,0.010069,0.562250,0.000000,0.000000,0.000000,1.000000,1.000000
1782456566.432594,-1,0.000660,inf,SAFE_STAND,0.000000,0.041769,0.009565,0.568249,0.000000,0.000000,0.000000,1.000000,1.000000
1782456566.452431,-1,0.000419,inf,SAFE_STAND,0.000000,0.044335,0.009018,0.574811,0.000000,0.000000,0.000000,1.000000,1.000000
1782456566.472530,-1,0.000447,inf,SAFE_STAND,0.000000,0.046566,0.008563,0.580748,0.000000,0.000000,0.000000,1.000000,1.000000
1782456566.492698,-1,0.000537,inf,SAFE_STAND,0.000000,0.048596,0.008176,0.586360,0.000000,0.000000,0.000000,1.000000,1.000000
1782456566.512748,-1,0.000505,inf,SAFE_STAND,0.000000,0.050637,0.007711,0.592172,0.000000,0.000000,0.000000,1.000000,1.000000
1782456566.533316,-1,0.000780,inf,SAFE_STAND,0.000000,0.052644,0.007293,0.598206,0.000000,0.000000,0.000000,1.000000,1.000000
1782456566.553291,-1,0.000533,inf,SAFE_STAND,0.000000,0.054437,0.006958,0.603979,0.000000,0.000000,0.000000,1.000000,1.000000
1782456566.573391,-1,0.000505,inf,SAFE_STAND,0.000000,0.056103,0.006701,0.609647,0.000000,0.000000,0.000000,1.000000,1.000000
1782456566.593408,-1,0.000439,inf,SAFE_STAND,0.000000,0.057613,0.006445,0.615262,0.000000,0.000000,0.000000,1.000000,1.000000
1782456566.614116,-1,0.000859,inf,SAFE_STAND,0.000000,0.058924,0.006192,0.620575,0.000000,0.000000,0.000000,1.000000,1.000000
1782456566.633994,-1,0.000460,inf,SAFE_STAND,0.000000,0.060258,0.005867,0.626564,0.000000,0.000000,0.000000,1.000000,1.000000
1782456566.654100,-1,0.000491,inf,SAFE_STAND,0.000000,0.061291,0.005594,0.631934,0.000000,0.000000,0.000000,1.000000,1.000000
1782456566.674173,-1,0.000488,inf,SAFE_STAND,0.000000,0.062142,0.005319,0.637003,0.000000,0.000000,0.000000,1.000000,1.000000
1782456566.694221,-1,0.000461,inf,SAFE_STAND,0.000000,0.062933,0.004995,0.642551,0.000000,0.000000,0.000000,1.000000,1.000000
1782456566.714713,-1,0.000656,inf,SAFE_STAND,0.000000,0.063471,0.004683,0.647765,0.000000,0.000000,0.000000,1.000000,1.000000
1782456566.734754,-1,0.000621,inf,SAFE_STAND,0.000000,0.063843,0.004376,0.652692,0.000000,0.000000,0.000000,1.000000,1.000000
1782456566.754935,-1,0.000453,inf,SAFE_STAND,0.000000,0.064055,0.003944,0.658037,0.000000,0.000000,0.000000,1.000000,1.000000
1782456566.775021,-1,0.000465,inf,SAFE_STAND,0.000000,0.064085,0.003587,0.663238,0.000000,0.000000,0.000000,1.000000,1.000000
1782456566.795748,-1,0.000769,inf,SAFE_STAND,0.000000,0.063929,0.003174,0.667926,0.000000,0.000000,0.000000,1.000000,1.000000
1782456566.815638,-1,0.000430,inf,SAFE_STAND,0.000000,0.063654,0.002815,0.672799,0.000000,0.000000,0.000000,1.000000,1.000000
1782456566.835754,-1,0.000462,inf,SAFE_STAND,0.000000,0.063143,0.002357,0.678073,0.000000,0.000000,0.000000,1.000000,1.000000
1782456566.855836,-1,0.000468,inf,SAFE_STAND,0.000000,0.062518,0.001979,0.682559,0.000000,0.000000,0.000000,1.000000,1.000000
1782456566.876449,-1,0.000792,inf,SAFE_STAND,0.000000,0.061750,0.001571,0.687193,0.000000,0.000000,0.000000,1.000000,1.000000
1782456566.896739,-1,0.000679,44.500341,SAFE_STAND,0.000000,0.060815,0.001214,0.691749,0.000000,0.000000,0.000000,1.000000,1.000000
1782456566.917078,-1,0.000581,inf,SAFE_STAND,0.000000,0.059682,0.000859,0.696464,0.000000,0.000000,0.000000,1.000000,1.000000
1782456566.937381,-1,0.000812,inf,SAFE_STAND,0.000000,0.058440,0.000592,0.700844,0.000000,0.000000,0.000000,1.000000,1.000000
1782456566.957432,-1,0.000586,inf,SAFE_STAND,0.000000,0.056971,0.000376,0.705373,0.000000,0.000000,0.000000,1.000000,1.000000
1782456566.977483,-1,0.000541,inf,SAFE_STAND,0.000000,0.055439,0.000219,0.709608,0.000000,0.000000,0.000000,1.000000,1.000000
1782456566.997546,-1,0.000519,inf,SAFE_STAND,0.000000,0.053766,0.000159,0.713730,0.000000,0.000000,0.000000,1.000000,1.000000
1782456567.018221,-1,0.000592,inf,SAFE_STAND,0.000000,0.051984,0.000201,0.717785,0.000000,0.000000,0.000000,1.000000,1.000000
1782456567.038282,-1,0.000566,inf,SAFE_STAND,0.000000,0.050093,0.000271,0.721772,0.000000,0.000000,0.000000,1.000000,1.000000
1782456567.059147,-1,0.000974,inf,SAFE_STAND,0.000000,0.048000,0.000495,0.725857,0.000000,0.000000,0.000000,1.000000,1.000000
1782456567.078994,-1,0.000612,inf,SAFE_STAND,0.000000,0.045908,0.000776,0.729645,0.000000,0.000000,0.000000,1.000000,1.000000
1782456567.099002,-1,0.000533,inf,SAFE_STAND,0.000000,0.043719,0.001145,0.733372,0.000000,0.000000,0.000000,1.000000,1.000000
1782456567.119028,-1,0.000476,inf,SAFE_STAND,0.000000,0.041462,0.001590,0.736959,0.000000,0.000000,0.000000,1.000000,1.000000
1782456567.139071,-1,0.000435,inf,SAFE_STAND,0.000000,0.039131,0.002135,0.740507,0.000000,0.000000,0.000000,1.000000,1.000000
1782456567.159793,-1,0.000719,inf,SAFE_STAND,0.000000,0.036750,0.002785,0.743937,0.000000,0.000000,0.000000,1.000000,1.000000
1782456567.179809,-1,0.000503,inf,SAFE_STAND,0.000000,0.034156,0.003584,0.747470,0.000000,0.000000,0.000000,1.000000,1.000000
1782456567.199858,-1,0.000513,inf,SAFE_STAND,0.000000,0.031667,0.004350,0.750770,0.000000,0.000000,0.000000,1.000000,1.000000
1782456567.219970,-1,0.000542,inf,SAFE_STAND,0.000000,0.029124,0.005211,0.753979,0.000000,0.000000,0.000000,1.000000,1.000000
1782456567.240560,-1,0.000827,inf,SAFE_STAND,0.000000,0.026576,0.006170,0.757120,0.000000,0.000000,0.000000,1.000000,1.000000
1782456567.260470,-1,0.000476,inf,SAFE_STAND,0.000000,0.023867,0.007191,0.760322,0.000000,0.000000,0.000000,1.000000,1.000000
1782456567.280520,-1,0.000451,inf,SAFE_STAND,0.000000,0.021349,0.008155,0.763061,0.000000,0.000000,0.000000,1.000000,1.000000
1782456567.300601,-1,0.000458,inf,SAFE_STAND,0.000000,0.018557,0.009266,0.766006,0.000000,0.000000,0.000000,1.000000,1.000000
1782456567.320676,-1,0.000458,inf,SAFE_STAND,0.000000,0.015882,0.010327,0.768722,0.000000,0.000000,0.000000,1.000000,1.000000
1782456567.340781,-1,0.000486,inf,SAFE_STAND,0.000000,0.013167,0.011385,0.771388,0.000000,0.000000,0.000000,1.000000,1.000000
1782456567.361027,-1,0.000654,inf,SAFE_STAND,0.000000,0.010563,0.012393,0.773820,0.000000,0.000000,0.000000,1.000000,1.000000
1782456567.380995,-1,0.000404,inf,SAFE_STAND,0.000000,0.007539,0.013527,0.776510,0.000000,0.000000,0.000000,1.000000,1.000000
1782456567.401341,-1,0.000632,45.004958,SAFE_STAND,0.000000,0.004780,0.014494,0.778838,0.000000,0.000000,0.000000,1.000000,1.000000
1782456567.421269,-1,0.000483,inf,SAFE_STAND,0.000000,0.002172,0.015463,0.780950,0.000000,0.000000,0.000000,1.000000,1.000000
1782456567.441320,-1,0.000459,inf,SAFE_STAND,0.000000,-0.000581,0.016403,0.783022,0.000000,0.000000,0.000000,1.000000,1.000000
1782456567.461355,-1,0.000414,inf,SAFE_STAND,0.000000,-0.003463,0.017388,0.785097,0.000000,0.000000,0.000000,1.000000,1.000000
1782456567.481833,-1,0.000476,inf,SAFE_STAND,0.000000,-0.006176,0.018239,0.786977,0.000000,0.000000,0.000000,1.000000,1.000000
1782456567.501997,-1,0.000462,inf,SAFE_STAND,0.000000,-0.008743,0.019040,0.788678,0.000000,0.000000,0.000000,1.000000,1.000000
1782456567.522041,-1,0.000434,inf,SAFE_STAND,0.000000,-0.011524,0.019916,0.790420,0.000000,0.000000,0.000000,1.000000,1.000000
1782456567.542120,-1,0.000443,inf,SAFE_STAND,0.000000,-0.014273,0.020713,0.791987,0.000000,0.000000,0.000000,1.000000,1.000000
1782456567.562166,-1,0.000416,inf,SAFE_STAND,0.000000,-0.016664,0.021447,0.793331,0.000000,0.000000,0.000000,1.000000,1.000000
1782456567.582700,-1,0.000483,inf,SAFE_STAND,0.000000,-0.019112,0.022183,0.794633,0.000000,0.000000,0.000000,1.000000,1.000000
1782456567.602741,-1,0.000443,inf,SAFE_STAND,0.000000,-0.021602,0.022906,0.795874,0.000000,0.000000,0.000000,1.000000,1.000000
1782456567.622825,-1,0.000455,inf,SAFE_STAND,0.000000,-0.023870,0.023593,0.796903,0.000000,0.000000,0.000000,1.000000,1.000000
1782456567.643350,-1,0.000666,inf,SAFE_STAND,0.000000,-0.026079,0.024239,0.797901,0.000000,0.000000,0.000000,1.000000,1.000000
1782456567.663328,-1,0.000421,inf,SAFE_STAND,0.000000,-0.028264,0.024896,0.798822,0.000000,0.000000,0.000000,1.000000,1.000000
1782456567.683425,-1,0.000447,inf,SAFE_STAND,0.000000,-0.030120,0.025466,0.799515,0.000000,0.000000,0.000000,1.000000,1.000000
1782456567.703503,-1,0.000450,inf,SAFE_STAND,0.000000,-0.032035,0.026124,0.800134,0.000000,0.000000,0.000000,1.000000,1.000000
1782456567.723706,-1,0.000575,inf,SAFE_STAND,0.000000,-0.033754,0.026713,0.800612,0.000000,0.000000,0.000000,1.000000,1.000000
1782456567.743708,-1,0.000485,inf,SAFE_STAND,0.000000,-0.035334,0.027264,0.800979,0.000000,0.000000,0.000000,1.000000,1.000000
1782456567.764291,-1,0.000420,inf,SAFE_STAND,0.000000,-0.036805,0.027840,0.801200,0.000000,0.000000,0.000000,1.000000,1.000000
1782456567.784342,-1,0.000397,inf,SAFE_STAND,0.000000,-0.038201,0.028390,0.801314,0.000000,0.000000,0.000000,1.000000,1.000000
1782456567.804473,-1,0.000456,inf,SAFE_STAND,0.000000,-0.039261,0.028885,0.801356,0.000000,0.000000,0.000000,1.000000,1.000000
1782456567.825018,-1,0.000694,inf,SAFE_STAND,0.000000,-0.040230,0.029390,0.801225,0.000000,0.000000,0.000000,1.000000,1.000000
1782456567.844876,-1,0.000411,inf,SAFE_STAND,0.000000,-0.041110,0.029803,0.801024,0.000000,0.000000,0.000000,1.000000,1.000000
1782456567.864934,-1,0.000398,inf,SAFE_STAND,0.000000,-0.041769,0.030229,0.800789,0.000000,0.000000,0.000000,1.000000,1.000000
1782456567.885058,-1,0.000452,inf,SAFE_STAND,0.000000,-0.042279,0.030633,0.800372,0.000000,0.000000,0.000000,1.000000,1.000000
1782456567.905284,-1,0.000604,45.508911,SAFE_STAND,0.000000,-0.042645,0.030957,0.799864,0.000000,0.000000,0.000000,1.000000,1.000000
1782456567.925617,-1,0.000645,inf,SAFE_STAND,0.000000,-0.042835,0.031238,0.799246,0.000000,0.000000,0.000000,1.000000,1.000000
1782456567.945752,-1,0.000707,inf,SAFE_STAND,0.000000,-0.042849,0.031475,0.798566,0.000000,0.000000,0.000000,1.000000,1.000000
1782456567.965647,-1,0.000472,inf,SAFE_STAND,0.000000,-0.042717,0.031646,0.797705,0.000000,0.000000,0.000000,1.000000,1.000000
1782456567.985686,-1,0.000441,inf,SAFE_STAND,0.000000,-0.042444,0.031726,0.796805,0.000000,0.000000,0.000000,1.000000,1.000000
1782456568.005778,-1,0.000463,inf,SAFE_STAND,0.000000,-0.042062,0.031742,0.795888,0.000000,0.000000,0.000000,1.000000,1.000000
1782456568.025840,-1,0.000447,inf,SAFE_STAND,0.000000,-0.041496,0.031650,0.794746,0.000000,0.000000,0.000000,1.000000,1.000000
1782456568.046274,-1,0.000754,inf,SAFE_STAND,0.000000,-0.040822,0.031490,0.793545,0.000000,0.000000,0.000000,1.000000,1.000000
1782456568.066287,-1,0.000686,inf,SAFE_STAND,0.000000,-0.040013,0.031239,0.792270,0.000000,0.000000,0.000000,1.000000,1.000000
1782456568.086500,-1,0.000819,inf,SAFE_STAND,0.000000,-0.039188,0.030931,0.790929,0.000000,0.000000,0.000000,1.000000,1.000000
1782456568.106294,-1,0.000438,inf,SAFE_STAND,0.000000,-0.038035,0.030511,0.789349,0.000000,0.000000,0.000000,1.000000,1.000000
1782456568.126330,-1,0.000404,inf,SAFE_STAND,0.000000,-0.036939,0.030073,0.787921,0.000000,0.000000,0.000000,1.000000,1.000000
1782456568.146428,-1,0.000432,inf,SAFE_STAND,0.000000,-0.035703,0.029510,0.786302,0.000000,0.000000,0.000000,1.000000,1.000000
1782456568.166727,-1,0.000660,inf,SAFE_STAND,0.000000,-0.034363,0.028855,0.784587,0.000000,0.000000,0.000000,1.000000,1.000000
1782456568.186783,-1,0.000643,inf,SAFE_STAND,0.000000,-0.032850,0.028070,0.782720,0.000000,0.000000,0.000000,1.000000,1.000000
1782456568.206854,-1,0.000641,inf,SAFE_STAND,0.000000,-0.031355,0.027362,0.780980,0.000000,0.000000,0.000000,1.000000,1.000000
1782456568.226917,-1,0.000435,inf,SAFE_STAND,0.000000,-0.029588,0.026496,0.778956,0.000000,0.000000,0.000000,1.000000,1.000000
1782456568.246971,-1,0.000417,inf,SAFE_STAND,0.000000,-0.027798,0.025626,0.776897,0.000000,0.000000,0.000000,1.000000,1.000000
1782456568.267061,-1,0.000435,inf,SAFE_STAND,0.000000,-0.025899,0.024719,0.774851,0.000000,0.000000,0.000000,1.000000,1.000000
1782456568.287126,-1,0.000428,inf,SAFE_STAND,0.000000,-0.023925,0.023802,0.772698,0.000000,0.000000,0.000000,1.000000,1.000000
1782456568.307192,-1,0.000423,inf,SAFE_STAND,0.000000,-0.021836,0.022805,0.770486,0.000000,0.000000,0.000000,1.000000,1.000000
1782456568.327286,-1,0.000444,inf,SAFE_STAND,0.000000,-0.019643,0.021824,0.768254,0.000000,0.000000,0.000000,1.000000,1.000000
1782456568.347748,-1,0.000424,inf,SAFE_STAND,0.000000,-0.017212,0.020777,0.765813,0.000000,0.000000,0.000000,1.000000,1.000000
1782456568.367877,-1,0.000481,inf,SAFE_STAND,0.000000,-0.014804,0.019840,0.763416,0.000000,0.000000,0.000000,1.000000,1.000000
1782456568.387887,-1,0.000418,inf,SAFE_STAND,0.000000,-0.012432,0.018991,0.761039,0.000000,0.000000,0.000000,1.000000,1.000000
1782456568.408643,-1,0.000894,46.011941,SAFE_STAND,0.000000,-0.009876,0.018108,0.758492,0.000000,0.000000,0.000000,1.000000,1.000000
1782456568.428632,-1,0.000798,inf,SAFE_STAND,0.000000,-0.007114,0.017219,0.755766,0.000000,0.000000,0.000000,1.000000,1.000000
1782456568.448488,-1,0.000484,inf,SAFE_STAND,0.000000,-0.004268,0.016347,0.752963,0.000000,0.000000,0.000000,1.000000,1.000000
1782456568.468527,-1,0.000449,inf,SAFE_STAND,0.000000,-0.001664,0.015625,0.750408,0.000000,0.000000,0.000000,1.000000,1.000000
1782456568.489274,-1,0.000775,inf,SAFE_STAND,0.000000,0.001104,0.014857,0.747607,0.000000,0.000000,0.000000,1.000000,1.000000
1782456568.509047,-1,0.000426,inf,SAFE_STAND,0.000000,0.004079,0.014113,0.744626,0.000000,0.000000,0.000000,1.000000,1.000000
1782456568.529193,-1,0.000451,inf,SAFE_STAND,0.000000,0.006943,0.013428,0.741754,0.000000,0.000000,0.000000,1.000000,1.000000
1782456568.549330,-1,0.000464,inf,SAFE_STAND,0.000000,0.009836,0.012804,0.738829,0.000000,0.000000,0.000000,1.000000,1.000000
1782456568.569442,-1,0.000494,inf,SAFE_STAND,0.000000,0.012735,0.012216,0.735837,0.000000,0.000000,0.000000,1.000000,1.000000
1782456568.589643,-1,0.000608,inf,SAFE_STAND,0.000000,0.015637,0.011667,0.732770,0.000000,0.000000,0.000000,1.000000,1.000000
1782456568.610115,-1,0.000551,inf,SAFE_STAND,0.000000,0.018668,0.011123,0.729524,0.000000,0.000000,0.000000,1.000000,1.000000
1782456568.630139,-1,0.000495,inf,SAFE_STAND,0.000000,0.021503,0.010628,0.726377,0.000000,0.000000,0.000000,1.000000,1.000000
1782456568.650173,-1,0.000452,inf,SAFE_STAND,0.000000,0.024172,0.010163,0.723308,0.000000,0.000000,0.000000,1.000000,1.000000
1782456568.670448,-1,0.000448,inf,SAFE_STAND,0.000000,0.027040,0.009598,0.719924,0.000000,0.000000,0.000000,1.000000,1.000000
1782456568.690911,-1,0.000434,inf,SAFE_STAND,0.000000,0.029736,0.009157,0.716591,0.000000,0.000000,0.000000,1.000000,1.000000
1782456568.710994,-1,0.000442,inf,SAFE_STAND,0.000000,0.032374,0.008717,0.713270,0.000000,0.000000,0.000000,1.000000,1.000000
1782456568.731428,-1,0.000755,inf,SAFE_STAND,0.000000,0.035044,0.008341,0.709649,0.000000,0.000000,0.000000,1.000000,1.000000
1782456568.752131,-1,0.001352,inf,SAFE_STAND,0.000000,0.037477,0.007879,0.706227,0.000000,0.000000,0.000000,1.000000,1.000000
1782456568.772731,-1,0.001477,inf,SAFE_STAND,0.000000,0.039818,0.007469,0.702714,0.000000,0.000000,0.000000,1.000000,1.000000
1782456568.793539,-1,0.001777,inf,SAFE_STAND,0.000000,0.042180,0.007050,0.698949,0.000000,0.000000,0.000000,1.000000,1.000000
1782456568.813414,-1,0.001265,inf,SAFE_STAND,0.000000,0.044324,0.006671,0.695324,0.000000,0.000000,0.000000,1.000000,1.000000
1782456568.832972,-1,0.000715,inf,SAFE_STAND,0.000000,0.046357,0.006330,0.691691,0.000000,0.000000,0.000000,1.000000,1.000000
1782456568.853523,-1,0.000728,inf,SAFE_STAND,0.000000,0.048397,0.005979,0.687818,0.000000,0.000000,0.000000,1.000000,1.000000
1782456568.873369,-1,0.000484,inf,SAFE_STAND,0.000000,0.050195,0.005581,0.684137,0.000000,0.000000,0.000000,1.000000,1.000000
1782456568.893427,-1,0.000468,inf,SAFE_STAND,0.000000,0.051883,0.005275,0.680354,0.000000,0.000000,0.000000,1.000000,1.000000
1782456568.913644,-1,0.000610,46.517252,SAFE_STAND,0.000000,0.053419,0.004994,0.676750,0.000000,0.000000,0.000000,1.000000,1.000000
1782456568.934196,-1,0.000785,inf,SAFE_STAND,0.000000,0.054934,0.004712,0.672732,0.000000,0.000000,0.000000,1.000000,1.000000
1782456568.954437,-1,0.000976,inf,SAFE_STAND,0.000000,0.056279,0.004530,0.668907,0.000000,0.000000,0.000000,1.000000,1.000000
1782456568.974132,-1,0.000462,inf,SAFE_STAND,0.000000,0.057506,0.004356,0.665017,0.000000,0.000000,0.000000,1.000000,1.000000
1782456568.994172,-1,0.000426,inf,SAFE_STAND,0.000000,0.058632,0.004217,0.661108,0.000000,0.000000,0.000000,1.000000,1.000000
1782456569.014812,-1,0.000692,inf,SAFE_STAND,0.000000,0.059662,0.004172,0.656980,0.000000,0.000000,0.000000,1.000000,1.000000
1782456569.034731,-1,0.000433,inf,SAFE_STAND,0.000000,0.060525,0.004161,0.652949,0.000000,0.000000,0.000000,1.000000,1.000000
1782456569.054857,-1,0.000434,inf,SAFE_STAND,0.000000,0.061245,0.004221,0.648915,0.000000,0.000000,0.000000,1.000000,1.000000
1782456569.074979,-1,0.000433,inf,SAFE_STAND,0.000000,0.061844,0.004355,0.644863,0.000000,0.000000,0.000000,1.000000,1.000000
1782456569.095119,-1,0.000444,inf,SAFE_STAND,0.000000,0.062328,0.004581,0.640577,0.000000,0.000000,0.000000,1.000000,1.000000
1782456569.115621,-1,0.000447,inf,SAFE_STAND,0.000000,0.062629,0.004798,0.636457,0.000000,0.000000,0.000000,1.000000,1.000000
1782456569.135700,-1,0.000449,inf,SAFE_STAND,0.000000,0.062780,0.005131,0.632294,0.000000,0.000000,0.000000,1.000000,1.000000
1782456569.155793,-1,0.000440,inf,SAFE_STAND,0.000000,0.062797,0.005501,0.628320,0.000000,0.000000,0.000000,1.000000,1.000000
1782456569.175848,-1,0.000423,inf,SAFE_STAND,0.000000,0.062661,0.006004,0.623706,0.000000,0.000000,0.000000,1.000000,1.000000
1782456569.196379,-1,0.000665,inf,SAFE_STAND,0.000000,0.062384,0.006474,0.619669,0.000000,0.000000,0.000000,1.000000,1.000000
1782456569.216450,-1,0.000465,inf,SAFE_STAND,0.000000,0.061897,0.007070,0.615169,0.000000,0.000000,0.000000,1.000000,1.000000
1782456569.236483,-1,0.000426,inf,SAFE_STAND,0.000000,0.061281,0.007641,0.610898,0.000000,0.000000,0.000000,1.000000,1.000000
1782456569.256604,-1,0.000476,inf,SAFE_STAND,0.000000,0.060485,0.008251,0.606584,0.000000,0.000000,0.000000,1.000000,1.000000
1782456569.277044,-1,0.000836,inf,SAFE_STAND,0.000000,0.059545,0.008884,0.602249,0.000000,0.000000,0.000000,1.000000,1.000000
1782456569.297566,-1,0.001253,inf,SAFE_STAND,0.000000,0.058465,0.009493,0.597868,0.000000,0.000000,0.000000,1.000000,1.000000
1782456569.317525,-1,0.000665,inf,SAFE_STAND,0.000000,0.057244,0.010080,0.593457,0.000000,0.000000,0.000000,1.000000,1.000000
1782456569.338015,-1,0.000754,inf,SAFE_STAND,0.000000,0.055865,0.010738,0.589031,0.000000,0.000000,0.000000,1.000000,1.000000
1782456569.357996,-1,0.000442,inf,SAFE_STAND,0.000000,0.054157,0.011376,0.584108,0.000000,0.000000,0.000000,1.000000,1.000000
1782456569.378056,-1,0.000425,inf,SAFE_STAND,0.000000,0.052457,0.012037,0.579585,0.000000,0.000000,0.000000,1.000000,1.000000
1782456569.398137,-1,0.000427,inf,SAFE_STAND,0.000000,0.050733,0.012578,0.575271,0.000000,0.000000,0.000000,1.000000,1.000000
1782456569.418719,-1,0.000933,47.022105,SAFE_STAND,0.000000,0.048756,0.013098,0.570673,0.000000,0.000000,0.000000,1.000000,1.000000
1782456569.438548,-1,0.000680,inf,SAFE_STAND,0.000000,0.046581,0.013610,0.565837,0.000000,0.000000,0.000000,1.000000,1.000000
1782456569.458615,-1,0.000669,inf,SAFE_STAND,0.000000,0.044476,0.014067,0.561394,0.000000,0.000000,0.000000,1.000000,1.000000
1782456569.478700,-1,0.000464,inf,SAFE_STAND,0.000000,0.042058,0.014472,0.556496,0.000000,0.000000,0.000000,1.000000,1.000000
1782456569.498798,-1,0.000430,inf,SAFE_STAND,0.000000,0.039680,0.014871,0.551813,0.000000,0.000000,0.000000,1.000000,1.000000
1782456569.518873,-1,0.000432,inf,SAFE_STAND,0.000000,0.037184,0.015162,0.547111,0.000000,0.000000,0.000000,1.000000,1.000000
1782456569.539804,-1,0.000968,inf,SAFE_STAND,0.000000,0.034658,0.015412,0.542358,0.000000,0.000000,0.000000,1.000000,1.000000
1782456569.559720,-1,0.000457,inf,SAFE_STAND,0.000000,0.031895,0.015632,0.537329,0.000000,0.000000,0.000000,1.000000,1.000000
1782456569.579823,-1,0.000436,inf,SAFE_STAND,0.000000,0.029198,0.015809,0.532460,0.000000,0.000000,0.000000,1.000000,1.000000
1782456569.599914,-1,0.000449,inf,SAFE_STAND,0.000000,0.026443,0.015922,0.527568,0.000000,0.000000,0.000000,1.000000,1.000000
1782456569.620218,-1,0.000470,inf,SAFE_STAND,0.000000,0.023535,0.016043,0.522407,0.000000,0.000000,0.000000,1.000000,1.000000
1782456569.640302,-1,0.000431,inf,SAFE_STAND,0.000000,0.020866,0.016134,0.517725,0.000000,0.000000,0.000000,1.000000,1.000000
1782456569.660365,-1,0.000421,inf,SAFE_STAND,0.000000,0.017933,0.016153,0.512517,0.000000,0.000000,0.000000,1.000000,1.000000
1782456569.680697,-1,0.000675,inf,SAFE_STAND,0.000000,0.015101,0.016201,0.507529,0.000000,0.000000,0.000000,1.000000,1.000000
1782456569.700534,-1,0.000434,inf,SAFE_STAND,0.000000,0.012409,0.016244,0.502763,0.000000,0.000000,0.000000,1.000000,1.000000
1782456569.720910,-1,0.000470,inf,SAFE_STAND,0.000000,0.009309,0.016255,0.497138,0.000000,0.000000,0.000000,1.000000,1.000000
1782456569.741062,-1,0.000523,inf,SAFE_STAND,0.000000,0.006499,0.016281,0.492056,0.000000,0.000000,0.000000,1.000000,1.000000
1782456569.761087,-1,0.000470,inf,SAFE_STAND,0.000000,0.003853,0.016259,0.487201,0.000000,0.000000,0.000000,1.000000,1.000000
1782456569.781084,-1,0.000384,inf,SAFE_STAND,0.000000,0.001092,0.016310,0.482001,0.000000,0.000000,0.000000,1.000000,1.000000
1782456569.801252,-1,0.000473,inf,SAFE_STAND,0.000000,-0.001679,0.016311,0.476788,0.000000,0.000000,0.000000,1.000000,1.000000
1782456569.821748,-1,0.000438,inf,SAFE_STAND,0.000000,-0.004544,0.016275,0.471281,0.000000,0.000000,0.000000,1.000000,1.000000
1782456569.841888,-1,0.000504,inf,SAFE_STAND,0.000000,-0.007244,0.016308,0.465970,0.000000,0.000000,0.000000,1.000000,1.000000
1782456569.861894,-1,0.000439,inf,SAFE_STAND,0.000000,-0.009882,0.016301,0.460654,0.000000,0.000000,0.000000,1.000000,1.000000
1782456569.881975,-1,0.000450,inf,SAFE_STAND,0.000000,-0.012437,0.016303,0.455326,0.000000,0.000000,0.000000,1.000000,1.000000
1782456569.902032,-1,0.000434,inf,SAFE_STAND,0.000000,-0.014949,0.016324,0.449969,0.000000,0.000000,0.000000,1.000000,1.000000
1782456569.922695,-1,0.000591,47.526310,SAFE_STAND,0.000000,-0.017522,0.016336,0.444244,0.000000,0.000000,0.000000,1.000000,1.000000
1782456569.942642,-1,0.000465,inf,SAFE_STAND,0.000000,-0.019912,0.016282,0.438816,0.000000,0.000000,0.000000,1.000000,1.000000
1782456569.963118,-1,0.000803,inf,SAFE_STAND,0.000000,-0.022213,0.016220,0.433353,0.000000,0.000000,0.000000,1.000000,1.000000
1782456569.983217,-1,0.000442,inf,SAFE_STAND,0.000000,-0.024429,0.016144,0.427857,0.000000,0.000000,0.000000,1.000000,1.000000
1782456570.003334,-1,0.000433,inf,SAFE_STAND,0.000000,-0.026691,0.015965,0.422076,0.000000,0.000000,0.000000,1.000000,1.000000
1782456570.023462,-1,0.000436,inf,SAFE_STAND,0.000000,-0.028698,0.015823,0.416556,0.000000,0.000000,0.000000,1.000000,1.000000
1782456570.043600,-1,0.000447,inf,SAFE_STAND,0.000000,-0.030568,0.015616,0.411225,0.000000,0.000000,0.000000,1.000000,1.000000
1782456570.064122,-1,0.000430,inf,SAFE_STAND,0.000000,-0.032501,0.015329,0.405324,0.000000,0.000000,0.000000,1.000000,1.000000
1782456570.084255,-1,0.000429,inf,SAFE_STAND,0.000000,-0.034315,0.015033,0.399381,0.000000,0.000000,0.000000,1.000000,1.000000
1782456570.104382,-1,0.000432,inf,SAFE_STAND,0.000000,-0.035822,0.014752,0.394003,0.000000,0.000000,0.000000,1.000000,1.000000
1782456570.125128,-1,0.000705,inf,SAFE_STAND,0.000000,-0.037295,0.014387,0.388282,0.000000,0.000000,0.000000,1.000000,1.000000
1782456570.145338,-1,0.000755,inf,SAFE_STAND,0.000000,-0.038656,0.013955,0.382270,0.000000,0.000000,0.000000,1.000000,1.000000
1782456570.165547,-1,0.000869,inf,SAFE_STAND,0.000000,-0.039798,0.013485,0.376532,0.000000,0.000000,0.000000,1.000000,1.000000
1782456570.185247,-1,0.000487,inf,SAFE_STAND,0.000000,-0.040774,0.012999,0.370747,0.000000,0.000000,0.000000,1.000000,1.000000
1782456570.205812,-1,0.000457,inf,SAFE_STAND,0.000000,-0.041612,0.012468,0.364651,0.000000,0.000000,0.000000,1.000000,1.000000
1782456570.225880,-1,0.000451,inf,SAFE_STAND,0.000000,-0.042267,0.011913,0.358839,0.000000,0.000000,0.000000,1.000000,1.000000
1782456570.245949,-1,0.000440,inf,SAFE_STAND,0.000000,-0.042752,0.011369,0.352990,0.000000,0.000000,0.000000,1.000000,1.000000
1782456570.266376,-1,0.000424,inf,SAFE_STAND,0.000000,-0.043063,0.010819,0.346808,0.000000,0.000000,0.000000,1.000000,1.000000
1782456570.286478,-1,0.000448,inf,SAFE_STAND,0.000000,-0.043183,0.010263,0.340870,0.000000,0.000000,0.000000,1.000000,1.000000
1782456570.306536,-1,0.000434,inf,SAFE_STAND,0.000000,-0.043155,0.009684,0.335255,0.000000,0.000000,0.000000,1.000000,1.000000
1782456570.326617,-1,0.000432,inf,SAFE_STAND,0.000000,-0.042898,0.009153,0.329001,0.000000,0.000000,0.000000,1.000000,1.000000
1782456570.346740,-1,0.000474,inf,SAFE_STAND,0.000000,-0.042500,0.008641,0.323045,0.000000,0.000000,0.000000,1.000000,1.000000
1782456570.367177,-1,0.000417,inf,SAFE_STAND,0.000000,-0.041944,0.008154,0.317044,0.000000,0.000000,0.000000,1.000000,1.000000
1782456570.387262,-1,0.000422,inf,SAFE_STAND,0.000000,-0.041255,0.007709,0.311009,0.000000,0.000000,0.000000,1.000000,1.000000
1782456570.407358,-1,0.000438,inf,SAFE_STAND,0.000000,-0.040360,0.007259,0.304642,0.000000,0.000000,0.000000,1.000000,1.000000
1782456570.427851,-1,0.000853,48.031238,SAFE_STAND,0.000000,-0.039382,0.006975,0.298918,0.000000,0.000000,0.000000,1.000000,1.000000
1782456570.447524,-1,0.000443,inf,SAFE_STAND,0.000000,-0.038232,0.006687,0.292817,0.000000,0.000000,0.000000,1.000000,1.000000
1782456570.467817,-1,0.000654,inf,SAFE_STAND,0.000000,-0.036943,0.006419,0.286724,0.000000,0.000000,0.000000,1.000000,1.000000
1782456570.487882,-1,0.000647,inf,SAFE_STAND,0.000000,-0.035561,0.006248,0.280602,0.000000,0.000000,0.000000,1.000000,1.000000
1782456570.507886,-1,0.000409,inf,SAFE_STAND,0.000000,-0.033978,0.006171,0.274114,0.000000,0.000000,0.000000,1.000000,1.000000
1782456570.528012,-1,0.000453,inf,SAFE_STAND,0.000000,-0.032346,0.006119,0.267918,0.000000,0.000000,0.000000,1.000000,1.000000
1782456570.548124,-1,0.000494,inf,SAFE_STAND,0.000000,-0.030689,0.006201,0.262057,0.000000,0.000000,0.000000,1.000000,1.000000
1782456570.568161,-1,0.000446,inf,SAFE_STAND,0.000000,-0.028765,0.006369,0.255569,0.000000,0.000000,0.000000,1.000000,1.000000
1782456570.588667,-1,0.000654,inf,SAFE_STAND,0.000000,-0.026850,0.006587,0.249364,0.000000,0.000000,0.000000,1.000000,1.000000
1782456570.608721,-1,0.000465,inf,SAFE_STAND,0.000000,-0.024843,0.006839,0.243138,0.000000,0.000000,0.000000,1.000000,1.000000
1782456570.628790,-1,0.000459,inf,SAFE_STAND,0.000000,-0.022642,0.007213,0.236565,0.000000,0.000000,0.000000,1.000000,1.000000
1782456570.648849,-1,0.000445,inf,SAFE_STAND,0.000000,-0.020494,0.007594,0.230325,0.000000,0.000000,0.000000,1.000000,1.000000
1782456570.668902,-1,0.000415,inf,SAFE_STAND,0.000000,-0.018339,0.008001,0.224404,0.000000,0.000000,0.000000,1.000000,1.000000
1782456570.689475,-1,0.000691,inf,SAFE_STAND,0.000000,-0.015902,0.008509,0.217789,0.000000,0.000000,0.000000,1.000000,1.000000
1782456570.709480,-1,0.000442,inf,SAFE_STAND,0.000000,-0.013376,0.009057,0.211195,0.000000,0.000000,0.000000,1.000000,1.000000
1782456570.729546,-1,0.000428,inf,SAFE_STAND,0.000000,-0.011010,0.009569,0.205255,0.000000,0.000000,0.000000,1.000000,1.000000
1782456570.750161,-1,0.000969,inf,SAFE_STAND,0.000000,-0.008468,0.010162,0.198931,0.000000,0.000000,0.000000,1.000000,1.000000
1782456570.770358,-1,0.001010,inf,SAFE_STAND,0.000000,-0.005889,0.010771,0.192627,0.000000,0.000000,0.000000,1.000000,1.000000
1782456570.790484,-1,0.001003,inf,SAFE_STAND,0.000000,-0.003248,0.011443,0.186358,0.000000,0.000000,0.000000,1.000000,1.000000
1782456570.810519,-1,0.000735,inf,SAFE_STAND,0.000000,-0.000449,0.012172,0.179685,0.000000,0.000000,0.000000,1.000000,1.000000
1782456570.831259,-1,0.001013,inf,SAFE_STAND,0.000000,0.002262,0.012907,0.173340,0.000000,0.000000,0.000000,1.000000,1.000000
1782456570.851357,-1,0.000730,inf,SAFE_STAND,0.000000,0.005152,0.013681,0.166712,0.000000,0.000000,0.000000,1.000000,1.000000
1782456570.871791,-1,0.001007,inf,SAFE_STAND,0.000000,0.007923,0.014490,0.160382,0.000000,0.000000,0.000000,1.000000,1.000000
1782456570.891958,-1,0.001006,inf,SAFE_STAND,0.000000,0.010721,0.015343,0.153998,0.000000,0.000000,0.000000,1.000000,1.000000
1782456570.912110,-1,0.001006,inf,SAFE_STAND,0.000000,0.013362,0.016146,0.147991,0.000000,0.000000,0.000000,1.000000,1.000000
1782456570.932884,-1,0.001343,48.535956,SAFE_STAND,0.000000,0.016408,0.017063,0.140979,0.000000,0.000000,0.000000,1.000000,1.000000
1782456570.952731,-1,0.001031,inf,SAFE_STAND,0.000000,0.019143,0.017924,0.134659,0.000000,0.000000,0.000000,1.000000,1.000000
1782456570.972911,-1,0.001032,inf,SAFE_STAND,0.000000,0.021720,0.018749,0.128668,0.000000,0.000000,0.000000,1.000000,1.000000
1782456570.992975,-1,0.000757,inf,SAFE_STAND,0.000000,0.024674,0.019739,0.121719,0.000000,0.000000,0.000000,1.000000,1.000000
1782456571.013135,-1,0.000758,inf,SAFE_STAND,0.000000,0.027305,0.020718,0.115382,0.000000,0.000000,0.000000,1.000000,1.000000
1782456571.033709,-1,0.000983,inf,SAFE_STAND,0.000000,0.029689,0.021622,0.109373,0.000000,0.000000,0.000000,1.000000,1.000000
1782456571.053841,-1,0.000771,inf,SAFE_STAND,0.000000,0.032427,0.022711,0.102354,0.000000,0.000000,0.000000,1.000000,1.000000
1782456571.074478,-1,0.001014,inf,SAFE_STAND,0.000000,0.034708,0.023732,0.096378,0.000000,0.000000,0.000000,1.000000,1.000000
1782456571.094667,-1,0.000689,inf,SAFE_STAND,0.000000,0.037076,0.024837,0.089726,0.000000,0.000000,0.000000,1.000000,1.000000
1782456571.115498,-1,0.001126,inf,SAFE_STAND,0.000000,0.039247,0.025933,0.083403,0.000000,0.000000,0.000000,1.000000,1.000000
1782456571.136009,-1,0.000953,inf,SAFE_STAND,0.000000,0.041414,0.027152,0.076729,0.000000,0.000000,0.000000,1.000000,1.000000
1782456571.156165,-1,0.000979,inf,SAFE_STAND,0.000000,0.043299,0.028288,0.070426,0.000000,0.000000,0.000000,1.000000,1.000000
1782456571.176285,-1,0.000964,inf,SAFE_STAND,0.000000,0.045116,0.029455,0.064142,0.000000,0.000000,0.000000,1.000000,1.000000
1782456571.196355,-1,0.000733,inf,SAFE_STAND,0.000000,0.046888,0.030678,0.057517,0.000000,0.000000,0.000000,1.000000,1.000000
1782456571.216480,-1,0.000712,inf,SAFE_STAND,0.000000,0.048413,0.031865,0.051213,0.000000,0.000000,0.000000,1.000000,1.000000
1782456571.236820,-1,0.000730,inf,SAFE_STAND,0.000000,0.049801,0.033066,0.044856,0.000000,0.000000,0.000000,1.000000,1.000000
1782456571.256856,-1,0.000687,inf,SAFE_STAND,0.000000,0.051042,0.034157,0.038907,0.000000,0.000000,0.000000,1.000000,1.000000
1782456571.276840,-1,0.000433,inf,SAFE_STAND,0.000000,0.052264,0.035311,0.032355,0.000000,0.000000,0.000000,1.000000,1.000000
1782456571.296903,-1,0.000423,inf,SAFE_STAND,0.000000,0.053311,0.036463,0.025693,0.000000,0.000000,0.000000,1.000000,1.000000
1782456571.317011,-1,0.000457,inf,SAFE_STAND,0.000000,0.054156,0.037503,0.019420,0.000000,0.000000,0.000000,1.000000,1.000000
1782456571.337344,-1,0.000715,inf,SAFE_STAND,0.000000,0.054866,0.038514,0.013415,0.000000,0.000000,0.000000,1.000000,1.000000
1782456571.357430,-1,0.000719,inf,SAFE_STAND,0.000000,0.055490,0.039517,0.006812,0.000000,0.000000,0.000000,1.000000,1.000000
1782456571.377510,-1,0.000716,inf,SAFE_STAND,0.000000,0.055986,0.040396,0.000863,0.000000,0.000000,0.000000,1.000000,1.000000
1782456571.397492,-1,0.000458,inf,SAFE_STAND,0.000000,0.056368,0.041308,-0.005739,0.000000,0.000000,0.000000,1.000000,1.000000
1782456571.417563,-1,0.000456,inf,SAFE_STAND,0.000000,0.056595,0.042090,-0.012005,0.000000,0.000000,0.000000,1.000000,1.000000
1782456571.437856,-1,0.000675,49.041439,SAFE_STAND,0.000000,0.056699,0.042774,-0.018299,0.000000,0.000000,0.000000,1.000000,1.000000
1782456571.458136,-1,0.000675,inf,SAFE_STAND,0.000000,0.056680,0.043391,-0.024614,0.000000,0.000000,0.000000,1.000000,1.000000
1782456571.478260,-1,0.000711,inf,SAFE_STAND,0.000000,0.056558,0.043912,-0.030904,0.000000,0.000000,0.000000,1.000000,1.000000
1782456571.498262,-1,0.000436,inf,SAFE_STAND,0.000000,0.056250,0.044352,-0.037491,0.000000,0.000000,0.000000,1.000000,1.000000
1782456571.518320,-1,0.000422,inf,SAFE_STAND,0.000000,0.055883,0.044691,-0.043480,0.000000,0.000000,0.000000,1.000000,1.000000
1782456571.538431,-1,0.000459,inf,SAFE_STAND,0.000000,0.055357,0.044921,-0.050038,0.000000,0.000000,0.000000,1.000000,1.000000
1782456571.558968,-1,0.000691,inf,SAFE_STAND,0.000000,0.054743,0.045062,-0.056310,0.000000,0.000000,0.000000,1.000000,1.000000
1782456571.579010,-1,0.000661,inf,SAFE_STAND,0.000000,0.053981,0.045119,-0.062605,0.000000,0.000000,0.000000,1.000000,1.000000
1782456571.599030,-1,0.000461,inf,SAFE_STAND,0.000000,0.053114,0.045096,-0.068843,0.000000,0.000000,0.000000,1.000000,1.000000
1782456571.619879,-1,0.001188,inf,SAFE_STAND,0.000000,0.052048,0.044884,-0.075360,0.000000,0.000000,0.000000,1.000000,1.000000
1782456571.639766,-1,0.000926,inf,SAFE_STAND,0.000000,0.050915,0.044627,-0.081579,0.000000,0.000000,0.000000,1.000000,1.000000
1782456571.659938,-1,0.000948,inf,SAFE_STAND,0.000000,0.049745,0.044270,-0.087476,0.000000,0.000000,0.000000,1.000000,1.000000
1782456571.680068,-1,0.000768,inf,SAFE_STAND,0.000000,0.048261,0.043754,-0.094346,0.000000,0.000000,0.000000,1.000000,1.000000
1782456571.700838,-1,0.001104,inf,SAFE_STAND,0.000000,0.046816,0.043253,-0.100293,0.000000,0.000000,0.000000,1.000000,1.000000
1782456571.721030,-1,0.001123,inf,SAFE_STAND,0.000000,0.045225,0.042578,-0.106478,0.000000,0.000000,0.000000,1.000000,1.000000
1782456571.741562,-1,0.001270,inf,SAFE_STAND,0.000000,0.043514,0.041840,-0.112706,0.000000,0.000000,0.000000,1.000000,1.000000
1782456571.761605,-1,0.001124,inf,SAFE_STAND,0.000000,0.041614,0.041022,-0.119249,0.000000,0.000000,0.000000,1.000000,1.000000
1782456571.781654,-1,0.000991,inf,SAFE_STAND,0.000000,0.039714,0.040149,-0.125486,0.000000,0.000000,0.000000,1.000000,1.000000
1782456571.801513,-1,0.000564,inf,SAFE_STAND,0.000000,0.037619,0.039169,-0.131968,0.000000,0.000000,0.000000,1.000000,1.000000
1782456571.821565,-1,0.000468,inf,SAFE_STAND,0.000000,0.035535,0.038149,-0.138170,0.000000,0.000000,0.000000,1.000000,1.000000
1782456571.841911,-1,0.000691,inf,SAFE_STAND,0.000000,0.033394,0.037061,-0.144345,0.000000,0.000000,0.000000,1.000000,1.000000
1782456571.862039,-1,0.000687,inf,SAFE_STAND,0.000000,0.031211,0.035893,-0.150471,0.000000,0.000000,0.000000,1.000000,1.000000
1782456571.882160,-1,0.000688,inf,SAFE_STAND,0.000000,0.028967,0.034697,-0.156670,0.000000,0.000000,0.000000,1.000000,1.000000
1782456571.902188,-1,0.000643,inf,SAFE_STAND,0.000000,0.026665,0.033394,-0.162809,0.000000,0.000000,0.000000,1.000000,1.000000
1782456571.922157,-1,0.000434,inf,SAFE_STAND,0.000000,0.024249,0.031938,-0.169147,0.000000,0.000000,0.000000,1.000000,1.000000
1782456571.942439,-1,0.000645,49.546015,SAFE_STAND,0.000000,0.021923,0.030582,-0.175260,0.000000,0.000000,0.000000,1.000000,1.000000
1782456571.962780,-1,0.000686,inf,SAFE_STAND,0.000000,0.019671,0.029190,-0.181037,0.000000,0.000000,0.000000,1.000000,1.000000
1782456571.982822,-1,0.000655,inf,SAFE_STAND,0.000000,0.017321,0.027696,-0.187142,0.000000,0.000000,0.000000,1.000000,1.000000
1782456572.002794,-1,0.000525,inf,SAFE_STAND,0.000000,0.014751,0.025992,-0.193776,0.000000,0.000000,0.000000,1.000000,1.000000
1782456572.022915,-1,0.000496,inf,SAFE_STAND,0.000000,0.012568,0.024468,-0.199503,0.000000,0.000000,0.000000,1.000000,1.000000
1782456572.043017,-1,0.000520,inf,SAFE_STAND,0.000000,0.010296,0.022838,-0.205414,0.000000,0.000000,0.000000,1.000000,1.000000
1782456572.063045,-1,0.000468,inf,SAFE_STAND,0.000000,0.008055,0.021183,-0.211365,0.000000,0.000000,0.000000,1.000000,1.000000
1782456572.083350,-1,0.000695,inf,SAFE_STAND,0.000000,0.005758,0.019367,-0.217585,0.000000,0.000000,0.000000,1.000000,1.000000
1782456572.103389,-1,0.000659,inf,SAFE_STAND,0.000000,0.003709,0.017688,-0.223231,0.000000,0.000000,0.000000,1.000000,1.000000
1782456572.123480,-1,0.000670,inf,SAFE_STAND,0.000000,0.001622,0.015906,-0.229111,0.000000,0.000000,0.000000,1.000000,1.000000
1782456572.143522,-1,0.000465,inf,SAFE_STAND,0.000000,-0.000525,0.014050,-0.235250,0.000000,0.000000,0.000000,1.000000,1.000000
1782456572.163588,-1,0.000452,inf,SAFE_STAND,0.000000,-0.002494,0.012229,-0.241106,0.000000,0.000000,0.000000,1.000000,1.000000
1782456572.183681,-1,0.000470,inf,SAFE_STAND,0.000000,-0.004393,0.010416,-0.246928,0.000000,0.000000,0.000000,1.000000,1.000000
1782456572.203757,-1,0.000474,inf,SAFE_STAND,0.000000,-0.006208,0.008542,-0.252670,0.000000,0.000000,0.000000,1.000000,1.000000
1782456572.224285,-1,0.000689,inf,SAFE_STAND,0.000000,-0.007896,0.006788,-0.258135,0.000000,0.000000,0.000000,1.000000,1.000000
1782456572.244321,-1,0.000463,inf,SAFE_STAND,0.000000,-0.009773,0.004806,-0.264506,0.000000,0.000000,0.000000,1.000000,1.000000
1782456572.264379,-1,0.000448,inf,SAFE_STAND,0.000000,-0.011378,0.002979,-0.270214,0.000000,0.000000,0.000000,1.000000,1.000000
1782456572.284449,-1,0.000445,inf,SAFE_STAND,0.000000,-0.012859,0.001263,-0.275625,0.000000,0.000000,0.000000,1.000000,1.000000
1782456572.304987,-1,0.000679,inf,SAFE_STAND,0.000000,-0.014437,-0.000630,-0.281543,0.000000,0.000000,0.000000,1.000000,1.000000
1782456572.325043,-1,0.000654,inf,SAFE_STAND,0.000000,-0.015866,-0.002397,-0.287194,0.000000,0.000000,0.000000,1.000000,1.000000
1782456572.344986,-1,0.000486,inf,SAFE_STAND,0.000000,-0.017203,-0.004098,-0.292874,0.000000,0.000000,0.000000,1.000000,1.000000
1782456572.365029,-1,0.000454,inf,SAFE_STAND,0.000000,-0.018416,-0.005831,-0.298494,0.000000,0.000000,0.000000,1.000000,1.000000
1782456572.385117,-1,0.000469,inf,SAFE_STAND,0.000000,-0.019626,-0.007496,-0.304352,0.000000,0.000000,0.000000,1.000000,1.000000
1782456572.405177,-1,0.000436,inf,SAFE_STAND,0.000000,-0.020646,-0.008949,-0.309583,0.000000,0.000000,0.000000,1.000000,1.000000
1782456572.425739,-1,0.000692,inf,SAFE_STAND,0.000000,-0.021630,-0.010455,-0.315143,0.000000,0.000000,0.000000,1.000000,1.000000
1782456572.446020,-1,0.000668,50.049620,SAFE_STAND,0.000000,-0.022561,-0.011936,-0.320969,0.000000,0.000000,0.000000,1.000000,1.000000
1782456572.466092,-1,0.000428,inf,SAFE_STAND,0.000000,-0.023344,-0.013293,-0.326461,0.000000,0.000000,0.000000,1.000000,1.000000
1782456572.486609,-1,0.000445,inf,SAFE_STAND,0.000000,-0.024057,-0.014652,-0.332180,0.000000,0.000000,0.000000,1.000000,1.000000
1782456572.506710,-1,0.000466,inf,SAFE_STAND,0.000000,-0.024644,-0.015807,-0.337625,0.000000,0.000000,0.000000,1.000000,1.000000
1782456572.526976,-1,0.000654,inf,SAFE_STAND,0.000000,-0.025110,-0.016834,-0.343032,0.000000,0.000000,0.000000,1.000000,1.000000
1782456572.546872,-1,0.000476,inf,SAFE_STAND,0.000000,-0.025454,-0.017803,-0.348460,0.000000,0.000000,0.000000,1.000000,1.000000
1782456572.567366,-1,0.000664,inf,SAFE_STAND,0.000000,-0.025721,-0.018629,-0.353572,0.000000,0.000000,0.000000,1.000000,1.000000
1782456572.587297,-1,0.000451,inf,SAFE_STAND,0.000000,-0.025862,-0.019426,-0.359467,0.000000,0.000000,0.000000,1.000000,1.000000
1782456572.607391,-1,0.000473,inf,SAFE_STAND,0.000000,-0.025865,-0.020061,-0.364813,0.000000,0.000000,0.000000,1.000000,1.000000
1782456572.627439,-1,0.000447,inf,SAFE_STAND,0.000000,-0.025765,-0.020504,-0.369852,0.000000,0.000000,0.000000,1.000000,1.000000
1782456572.647518,-1,0.000452,inf,SAFE_STAND,0.000000,-0.025562,-0.020928,-0.375145,0.000000,0.000000,0.000000,1.000000,1.000000
1782456572.668165,-1,0.000781,inf,SAFE_STAND,0.000000,-0.025195,-0.021204,-0.380699,0.000000,0.000000,0.000000,1.000000,1.000000
1782456572.688023,-1,0.000538,inf,SAFE_STAND,0.000000,-0.024712,-0.021310,-0.385938,0.000000,0.000000,0.000000,1.000000,1.000000
1782456572.708151,-1,0.000582,inf,SAFE_STAND,0.000000,-0.024159,-0.021274,-0.391178,0.000000,0.000000,0.000000,1.000000,1.000000
1782456572.728159,-1,0.000506,inf,SAFE_STAND,0.000000,-0.023446,-0.021127,-0.396617,0.000000,0.000000,0.000000,1.000000,1.000000
1782456572.748735,-1,0.000745,inf,SAFE_STAND,0.000000,-0.022664,-0.020875,-0.401537,0.000000,0.000000,0.000000,1.000000,1.000000
1782456572.768741,-1,0.000676,inf,SAFE_STAND,0.000000,-0.021761,-0.020478,-0.406726,0.000000,0.000000,0.000000,1.000000,1.000000
1782456572.788793,-1,0.000640,inf,SAFE_STAND,0.000000,-0.020754,-0.019955,-0.411806,0.000000,0.000000,0.000000,1.000000,1.000000
1782456572.808864,-1,0.000447,inf,SAFE_STAND,0.000000,-0.019673,-0.019317,-0.416898,0.000000,0.000000,0.000000,1.000000,1.000000
1782456572.828928,-1,0.000437,inf,SAFE_STAND,0.000000,-0.018428,-0.018543,-0.422217,0.000000,0.000000,0.000000,1.000000,1.000000
1782456572.848994,-1,0.000431,inf,SAFE_STAND,0.000000,-0.017130,-0.017675,-0.427208,0.000000,0.000000,0.000000,1.000000,1.000000
1782456572.869430,-1,0.000400,inf,SAFE_STAND,0.000000,-0.015810,-0.016709,-0.432227,0.000000,0.000000,0.000000,1.000000,1.000000
1782456572.889653,-1,0.000544,inf,SAFE_STAND,0.000000,-0.014341,-0.015535,-0.437490,0.000000,0.000000,0.000000,1.000000,1.000000
1782456572.909605,-1,0.000420,inf,SAFE_STAND,0.000000,-0.012913,-0.014346,-0.442433,0.000000,0.000000,0.000000,1.000000,1.000000
1782456572.929746,-1,0.000433,inf,SAFE_STAND,0.000000,-0.011436,-0.013070,-0.447365,0.000000,0.000000,0.000000,1.000000,1.000000
1782456572.950472,-1,0.001032,50.554059,SAFE_STAND,0.000000,-0.010010,-0.011781,-0.452033,0.000000,0.000000,0.000000,1.000000,1.000000
1782456572.970460,-1,0.000430,inf,SAFE_STAND,0.000000,-0.008307,-0.010179,-0.457415,0.000000,0.000000,0.000000,1.000000,1.000000
1782456572.990599,-1,0.000438,inf,SAFE_STAND,0.000000,-0.006684,-0.008620,-0.462251,0.000000,0.000000,0.000000,1.000000,1.000000
1782456573.011258,-1,0.000711,inf,SAFE_STAND,0.000000,-0.005185,-0.007083,-0.466743,0.000000,0.000000,0.000000,1.000000,1.000000
1782456573.031054,-1,0.000432,inf,SAFE_STAND,0.000000,-0.003500,-0.005314,-0.471735,0.000000,0.000000,0.000000,1.000000,1.000000
1782456573.051095,-1,0.000402,inf,SAFE_STAND,0.000000,-0.001875,-0.003547,-0.476479,0.000000,0.000000,0.000000,1.000000,1.000000
1782456573.071254,-1,0.000444,inf,SAFE_STAND,0.000000,-0.000236,-0.001714,-0.481113,0.000000,0.000000,0.000000,1.000000,1.000000
1782456573.091301,-1,0.000417,inf,SAFE_STAND,0.000000,0.001389,0.000163,-0.485740,0.000000,0.000000,0.000000,1.000000,1.000000
1782456573.111576,-1,0.000620,inf,SAFE_STAND,0.000000,0.003017,0.002139,-0.490357,0.000000,0.000000,0.000000,1.000000,1.000000
1782456573.131683,-1,0.000657,inf,SAFE_STAND,0.000000,0.004653,0.004115,-0.494920,0.000000,0.000000,0.000000,1.000000,1.000000
1782456573.151583,-1,0.000447,inf,SAFE_STAND,0.000000,0.006362,0.006305,-0.499647,0.000000,0.000000,0.000000,1.000000,1.000000
1782456573.171673,-1,0.000426,inf,SAFE_STAND,0.000000,0.007943,0.008317,-0.503860,0.000000,0.000000,0.000000,1.000000,1.000000
1782456573.191741,-1,0.000412,inf,SAFE_STAND,0.000000,0.009639,0.010612,-0.508478,0.000000,0.000000,0.000000,1.000000,1.000000
1782456573.211834,-1,0.000434,inf,SAFE_STAND,0.000000,0.011175,0.012856,-0.512914,0.000000,0.000000,0.000000,1.000000,1.000000
1782456573.231918,-1,0.000446,inf,SAFE_STAND,0.000000,0.012737,0.015130,-0.517255,0.000000,0.000000,0.000000,1.000000,1.000000
1782456573.252221,-1,0.000676,inf,SAFE_STAND,0.000000,0.014216,0.017320,-0.521398,0.000000,0.000000,0.000000,1.000000,1.000000
1782456573.272394,-1,0.000777,inf,SAFE_STAND,0.000000,0.015803,0.019758,-0.525888,0.000000,0.000000,0.000000,1.000000,1.000000
1782456573.292362,-1,0.000662,inf,SAFE_STAND,0.000000,0.017325,0.022116,-0.530120,0.000000,0.000000,0.000000,1.000000,1.000000
1782456573.312423,-1,0.000462,inf,SAFE_STAND,0.000000,0.018786,0.024493,-0.534296,0.000000,0.000000,0.000000,1.000000,1.000000
1782456573.332533,-1,0.000433,inf,SAFE_STAND,0.000000,0.020281,0.026939,-0.538675,0.000000,0.000000,0.000000,1.000000,1.000000
1782456573.352689,-1,0.000465,inf,SAFE_STAND,0.000000,0.021664,0.029324,-0.542808,0.000000,0.000000,0.000000,1.000000,1.000000
1782456573.373299,-1,0.000428,inf,SAFE_STAND,0.000000,0.022938,0.031571,-0.546715,0.000000,0.000000,0.000000,1.000000,1.000000
1782456573.393568,-1,0.000620,inf,SAFE_STAND,0.000000,0.024309,0.034030,-0.550931,0.000000,0.000000,0.000000,1.000000,1.000000
1782456573.413950,-1,0.000913,inf,SAFE_STAND,0.000000,0.025542,0.036330,-0.554993,0.000000,0.000000,0.000000,1.000000,1.000000
1782456573.433916,-1,0.000797,inf,SAFE_STAND,0.000000,0.026740,0.038556,-0.558978,0.000000,0.000000,0.000000,1.000000,1.000000
1782456573.454254,-1,0.001052,51.057806,SAFE_STAND,0.000000,0.027886,0.040779,-0.562891,0.000000,0.000000,0.000000,1.000000,1.000000
1782456573.474058,-1,0.000775,inf,SAFE_STAND,0.000000,0.028931,0.042946,-0.566746,0.000000,0.000000,0.000000,1.000000,1.000000
1782456573.493881,-1,0.000500,inf,SAFE_STAND,0.000000,0.029962,0.045148,-0.570735,0.000000,0.000000,0.000000,1.000000,1.000000
1782456573.513943,-1,0.000488,inf,SAFE_STAND,0.000000,0.030881,0.047190,-0.574563,0.000000,0.000000,0.000000,1.000000,1.000000
1782456573.533996,-1,0.000465,inf,SAFE_STAND,0.000000,0.031685,0.049040,-0.578175,0.000000,0.000000,0.000000,1.000000,1.000000
1782456573.554515,-1,0.000687,inf,SAFE_STAND,0.000000,0.032458,0.051061,-0.582144,0.000000,0.000000,0.000000,1.000000,1.000000
1782456573.574570,-1,0.000665,inf,SAFE_STAND,0.000000,0.033109,0.052858,-0.585866,0.000000,0.000000,0.000000,1.000000,1.000000
1782456573.594656,-1,0.000675,inf,SAFE_STAND,0.000000,0.033716,0.054530,-0.589543,0.000000,0.000000,0.000000,1.000000,1.000000
1782456573.614521,-1,0.000465,inf,SAFE_STAND,0.000000,0.034206,0.056118,-0.593198,0.000000,0.000000,0.000000,1.000000,1.000000
1782456573.634643,-1,0.000512,inf,SAFE_STAND,0.000000,0.034640,0.057659,-0.597042,0.000000,0.000000,0.000000,1.000000,1.000000
1782456573.654679,-1,0.000471,inf,SAFE_STAND,0.000000,0.034923,0.058947,-0.600494,0.000000,0.000000,0.000000,1.000000,1.000000
1782456573.675112,-1,0.000825,inf,SAFE_STAND,0.000000,0.035148,0.060169,-0.604080,0.000000,0.000000,0.000000,1.000000,1.000000
1782456573.694844,-1,0.000472,inf,SAFE_STAND,0.000000,0.035288,0.061246,-0.607630,0.000000,0.000000,0.000000,1.000000,1.000000
1782456573.715326,-1,0.000486,inf,SAFE_STAND,0.000000,0.035347,0.062249,-0.611374,0.000000,0.000000,0.000000,1.000000,1.000000
1782456573.735394,-1,0.000477,inf,SAFE_STAND,0.000000,0.035303,0.063026,-0.614877,0.000000,0.000000,0.000000,1.000000,1.000000
1782456573.755586,-1,0.000587,inf,SAFE_STAND,0.000000,0.035207,0.063732,-0.618314,0.000000,0.000000,0.000000,1.000000,1.000000
1782456573.776103,-1,0.000789,inf,SAFE_STAND,0.000000,0.035008,0.064261,-0.621784,0.000000,0.000000,0.000000,1.000000,1.000000
1782456573.796126,-1,0.000730,inf,SAFE_STAND,0.000000,0.034721,0.064637,-0.625257,0.000000,0.000000,0.000000,1.000000,1.000000
1782456573.816280,-1,0.000799,inf,SAFE_STAND,0.000000,0.034384,0.064866,-0.628689,0.000000,0.000000,0.000000,1.000000,1.000000
1782456573.836075,-1,0.000511,inf,SAFE_STAND,0.000000,0.033941,0.064925,-0.632234,0.000000,0.000000,0.000000,1.000000,1.000000
1782456573.856110,-1,0.000464,inf,SAFE_STAND,0.000000,0.033475,0.064934,-0.635619,0.000000,0.000000,0.000000,1.000000,1.000000
1782456573.876191,-1,0.000471,inf,SAFE_STAND,0.000000,0.032944,0.064735,-0.638916,0.000000,0.000000,0.000000,1.000000,1.000000
1782456573.896961,-1,0.000822,inf,SAFE_STAND,0.000000,0.032360,0.064468,-0.642213,0.000000,0.000000,0.000000,1.000000,1.000000
1782456573.916952,-1,0.000480,inf,SAFE_STAND,0.000000,0.031699,0.063980,-0.645439,0.000000,0.000000,0.000000,1.000000,1.000000
1782456573.936991,-1,0.000445,inf,SAFE_STAND,0.000000,0.030964,0.063364,-0.648889,0.000000,0.000000,0.000000,1.000000,1.000000
1782456573.957482,-1,0.000862,51.560854,SAFE_STAND,0.000000,0.030210,0.062673,-0.652086,0.000000,0.000000,0.000000,1.000000,1.000000
1782456573.977359,-1,0.000663,inf,SAFE_STAND,0.000000,0.029459,0.061881,-0.655145,0.000000,0.000000,0.000000,1.000000,1.000000
1782456573.997456,-1,0.000682,inf,SAFE_STAND,0.000000,0.028646,0.060962,-0.658336,0.000000,0.000000,0.000000,1.000000,1.000000
1782456574.017570,-1,0.000721,inf,SAFE_STAND,0.000000,0.027725,0.059882,-0.661594,0.000000,0.000000,0.000000,1.000000,1.000000
1782456574.037557,-1,0.000474,inf,SAFE_STAND,0.000000,0.026825,0.058702,-0.664662,0.000000,0.000000,0.000000,1.000000,1.000000
1782456574.057619,-1,0.000461,inf,SAFE_STAND,0.000000,0.025866,0.057451,-0.667712,0.000000,0.000000,0.000000,1.000000,1.000000
1782456574.077688,-1,0.000456,inf,SAFE_STAND,0.000000,0.024828,0.055977,-0.670887,0.000000,0.000000,0.000000,1.000000,1.000000
1782456574.097751,-1,0.000447,inf,SAFE_STAND,0.000000,0.023850,0.054524,-0.673718,0.000000,0.000000,0.000000,1.000000,1.000000
1782456574.118319,-1,0.000687,inf,SAFE_STAND,0.000000,0.022778,0.052918,-0.676662,0.000000,0.000000,0.000000,1.000000,1.000000
1782456574.138422,-1,0.000684,inf,SAFE_STAND,0.000000,0.021630,0.051118,-0.679738,0.000000,0.000000,0.000000,1.000000,1.000000
1782456574.158405,-1,0.000512,inf,SAFE_STAND,0.000000,0.020507,0.049296,-0.682644,0.000000,0.000000,0.000000,1.000000,1.000000
1782456574.178926,-1,0.000722,inf,SAFE_STAND,0.000000,0.019387,0.047370,-0.685482,0.000000,0.000000,0.000000,1.000000,1.000000
1782456574.199038,-1,0.000494,inf,SAFE_STAND,0.000000,0.018160,0.045299,-0.688412,0.000000,0.000000,0.000000,1.000000,1.000000
1782456574.219156,-1,0.000467,inf,SAFE_STAND,0.000000,0.017039,0.043338,-0.691057,0.000000,0.000000,0.000000,1.000000,1.000000
1782456574.239285,-1,0.000456,inf,SAFE_STAND,0.000000,0.015764,0.041067,-0.693940,0.000000,0.000000,0.000000,1.000000,1.000000
1782456574.259849,-1,0.000427,inf,SAFE_STAND,0.000000,0.014518,0.038716,-0.696702,0.000000,0.000000,0.000000,1.000000,1.000000
1782456574.279993,-1,0.000441,inf,SAFE_STAND,0.000000,0.013394,0.036513,-0.699220,0.000000,0.000000,0.000000,1.000000,1.000000
1782456574.300107,-1,0.000436,inf,SAFE_STAND,0.000000,0.012182,0.034182,-0.701859,0.000000,0.000000,0.000000,1.000000,1.000000
1782456574.320734,-1,0.000689,inf,SAFE_STAND,0.000000,0.010907,0.031682,-0.704517,0.000000,0.000000,0.000000,1.000000,1.000000
1782456574.340612,-1,0.000440,inf,SAFE_STAND,0.000000,0.009697,0.029169,-0.706983,0.000000,0.000000,0.000000,1.000000,1.000000
1782456574.360722,-1,0.000432,inf,SAFE_STAND,0.000000,0.008491,0.026651,-0.709424,0.000000,0.000000,0.000000,1.000000,1.000000
1782456574.380790,-1,0.000426,inf,SAFE_STAND,0.000000,0.007310,0.024109,-0.711822,0.000000,0.000000,0.000000,1.000000,1.000000
1782456574.400879,-1,0.000442,inf,SAFE_STAND,0.000000,0.006099,0.021464,-0.714287,0.000000,0.000000,0.000000,1.000000,1.000000
1782456574.421217,-1,0.000697,inf,SAFE_STAND,0.000000,0.005007,0.019017,-0.716480,0.000000,0.000000,0.000000,1.000000,1.000000
1782456574.441272,-1,0.000689,inf,SAFE_STAND,0.000000,0.003891,0.016430,-0.718753,0.000000,0.000000,0.000000,1.000000,1.000000
1782456574.461474,-1,0.000669,52.065086,SAFE_STAND,0.000000,0.002760,0.013686,-0.721072,0.000000,0.000000,0.000000,1.000000,1.000000
1782456574.481538,-1,0.000602,inf,SAFE_STAND,0.000000,0.001751,0.011105,-0.723252,0.000000,0.000000,0.000000,1.000000,1.000000
1782456574.501732,-1,0.000709,inf,SAFE_STAND,0.000000,0.000788,0.008561,-0.725357,0.000000,0.000000,0.000000,1.000000,1.000000
1782456574.521560,-1,0.000459,inf,SAFE_STAND,0.000000,-0.000171,0.005988,-0.727428,0.000000,0.000000,0.000000,1.000000,1.000000
1782456574.542058,-1,0.000877,inf,SAFE_STAND,0.000000,-0.001011,0.003640,-0.729355,0.000000,0.000000,0.000000,1.000000,1.000000
1782456574.562097,-1,0.000776,inf,SAFE_STAND,0.000000,-0.001918,0.001019,-0.731401,0.000000,0.000000,0.000000,1.000000,1.000000
1782456574.582120,-1,0.000526,inf,SAFE_STAND,0.000000,-0.002730,-0.001518,-0.733372,0.000000,0.000000,0.000000,1.000000,1.000000
1782456574.602155,-1,0.000487,inf,SAFE_STAND,0.000000,-0.003434,-0.003766,-0.735130,0.000000,0.000000,0.000000,1.000000,1.000000
1782456574.622212,-1,0.000467,inf,SAFE_STAND,0.000000,-0.004133,-0.006076,-0.736964,0.000000,0.000000,0.000000,1.000000,1.000000
1782456574.642715,-1,0.000683,inf,SAFE_STAND,0.000000,-0.004807,-0.008412,-0.738842,0.000000,0.000000,0.000000,1.000000,1.000000
1782456574.662784,-1,0.000678,inf,SAFE_STAND,0.000000,-0.005413,-0.010542,-0.740590,0.000000,0.000000,0.000000,1.000000,1.000000
1782456574.682941,-1,0.000513,inf,SAFE_STAND,0.000000,-0.005962,-0.012536,-0.742122,0.000000,0.000000,0.000000,1.000000,1.000000
1782456574.703048,-1,0.000541,inf,SAFE_STAND,0.000000,-0.006492,-0.014559,-0.743851,0.000000,0.000000,0.000000,1.000000,1.000000
1782456574.723835,-1,0.000567,inf,SAFE_STAND,0.000000,-0.006961,-0.016504,-0.745506,0.000000,0.000000,0.000000,1.000000,1.000000
1782456574.744580,-1,0.000565,inf,SAFE_STAND,0.000000,-0.007371,-0.018298,-0.747079,0.000000,0.000000,0.000000,1.000000,1.000000
1782456574.764579,-1,0.000485,inf,SAFE_STAND,0.000000,-0.007786,-0.020033,-0.748718,0.000000,0.000000,0.000000,1.000000,1.000000
1782456574.784655,-1,0.000482,inf,SAFE_STAND,0.000000,-0.008085,-0.021589,-0.750209,0.000000,0.000000,0.000000,1.000000,1.000000
1782456574.804971,-1,0.000721,inf,SAFE_STAND,0.000000,-0.008327,-0.023027,-0.751629,0.000000,0.000000,0.000000,1.000000,1.000000
1782456574.825396,-1,0.000464,inf,SAFE_STAND,0.000000,-0.008523,-0.024389,-0.752980,0.000000,0.000000,0.000000,1.000000,1.000000
1782456574.845506,-1,0.000498,inf,SAFE_STAND,0.000000,-0.008675,-0.025623,-0.754355,0.000000,0.000000,0.000000,1.000000,1.000000
1782456574.866227,-1,0.000914,inf,SAFE_STAND,0.000000,-0.008742,-0.026613,-0.755525,0.000000,0.000000,0.000000,1.000000,1.000000
1782456574.886300,-1,0.000879,inf,SAFE_STAND,0.000000,-0.008806,-0.027546,-0.756869,0.000000,0.000000,0.000000,1.000000,1.000000
1782456574.906034,-1,0.000455,inf,SAFE_STAND,0.000000,-0.008816,-0.028350,-0.758115,0.000000,0.000000,0.000000,1.000000,1.000000
1782456574.926173,-1,0.000464,inf,SAFE_STAND,0.000000,-0.008752,-0.028973,-0.759127,0.000000,0.000000,0.000000,1.000000,1.000000
1782456574.946293,-1,0.000512,inf,SAFE_STAND,0.000000,-0.008630,-0.029440,-0.760216,0.000000,0.000000,0.000000,1.000000,1.000000
1782456574.966882,-1,0.001020,52.570112,SAFE_STAND,0.000000,-0.008450,-0.029793,-0.761300,0.000000,0.000000,0.000000,1.000000,1.000000
1782456574.986963,-1,0.000969,inf,SAFE_STAND,0.000000,-0.008271,-0.030010,-0.762227,0.000000,0.000000,0.000000,1.000000,1.000000
1782456575.006922,-1,0.000698,inf,SAFE_STAND,0.000000,-0.008019,-0.030110,-0.763182,0.000000,0.000000,0.000000,1.000000,1.000000
1782456575.027554,-1,0.000939,inf,SAFE_STAND,0.000000,-0.007689,-0.029986,-0.764074,0.000000,0.000000,0.000000,1.000000,1.000000
1782456575.047683,-1,0.000944,inf,SAFE_STAND,0.000000,-0.007311,-0.029793,-0.764960,0.000000,0.000000,0.000000,1.000000,1.000000
1782456575.067934,-1,0.001071,inf,SAFE_STAND,0.000000,-0.006868,-0.029428,-0.765806,0.000000,0.000000,0.000000,1.000000,1.000000
1782456575.088365,-1,0.000937,inf,SAFE_STAND,0.000000,-0.006378,-0.028908,-0.766622,0.000000,0.000000,0.000000,1.000000,1.000000
1782456575.108505,-1,0.000947,inf,SAFE_STAND,0.000000,-0.005841,-0.028296,-0.767305,0.000000,0.000000,0.000000,1.000000,1.000000
1782456575.128636,-1,0.000929,inf,SAFE_STAND,0.000000,-0.005278,-0.027533,-0.768008,0.000000,0.000000,0.000000,1.000000,1.000000
1782456575.148593,-1,0.000744,inf,SAFE_STAND,0.000000,-0.004611,-0.026585,-0.768646,0.000000,0.000000,0.000000,1.000000,1.000000
1782456575.168945,-1,0.000959,inf,SAFE_STAND,0.000000,-0.003956,-0.025639,-0.769178,0.000000,0.000000,0.000000,1.000000,1.000000
1782456575.189048,-1,0.000936,inf,SAFE_STAND,0.000000,-0.003160,-0.024439,-0.769677,0.000000,0.000000,0.000000,1.000000,1.000000
1782456575.209189,-1,0.000945,inf,SAFE_STAND,0.000000,-0.002404,-0.023137,-0.770132,0.000000,0.000000,0.000000,1.000000,1.000000
1782456575.229321,-1,0.000946,inf,SAFE_STAND,0.000000,-0.001651,-0.021828,-0.770532,0.000000,0.000000,0.000000,1.000000,1.000000
1782456575.249516,-1,0.001009,inf,SAFE_STAND,0.000000,-0.000824,-0.020326,-0.770859,0.000000,0.000000,0.000000,1.000000,1.000000
1782456575.269572,-1,0.000674,inf,SAFE_STAND,0.000000,0.000170,-0.018549,-0.771218,0.000000,0.000000,0.000000,1.000000,1.000000
1782456575.289841,-1,0.000852,inf,SAFE_STAND,0.000000,0.001047,-0.016908,-0.771446,0.000000,0.000000,0.000000,1.000000,1.000000
1782456575.309880,-1,0.000467,inf,SAFE_STAND,0.000000,0.001980,-0.015103,-0.771618,0.000000,0.000000,0.000000,1.000000,1.000000
1782456575.330131,-1,0.000555,inf,SAFE_STAND,0.000000,0.002978,-0.013166,-0.771746,0.000000,0.000000,0.000000,1.000000,1.000000
1782456575.350659,-1,0.000769,inf,SAFE_STAND,0.000000,0.003940,-0.011183,-0.771847,0.000000,0.000000,0.000000,1.000000,1.000000
1782456575.370690,-1,0.000715,inf,SAFE_STAND,0.000000,0.004901,-0.009124,-0.771890,0.000000,0.000000,0.000000,1.000000,1.000000
1782456575.390584,-1,0.000526,inf,SAFE_STAND,0.000000,0.005948,-0.006889,-0.771928,0.000000,0.000000,0.000000,1.000000,1.000000
1782456575.410757,-1,0.000531,inf,SAFE_STAND,0.000000,0.006938,-0.004635,-0.771862,0.000000,0.000000,0.000000,1.000000,1.000000
1782456575.430842,-1,0.000532,inf,SAFE_STAND,0.000000,0.007935,-0.002330,-0.771779,0.000000,0.000000,0.000000,1.000000,1.000000
1782456575.451160,-1,0.000766,inf,SAFE_STAND,0.000000,0.008935,0.000036,-0.771624,0.000000,0.000000,0.000000,1.000000,1.000000
1782456575.471603,-1,0.001122,53.074754,SAFE_STAND,0.000000,0.009932,0.002386,-0.771439,0.000000,0.000000,0.000000,1.000000,1.000000
1782456575.491316,-1,0.000744,inf,SAFE_STAND,0.000000,0.010935,0.004831,-0.771148,0.000000,0.000000,0.000000,1.000000,1.000000
1782456575.511357,-1,0.000704,inf,SAFE_STAND,0.000000,0.011931,0.007307,-0.770753,0.000000,0.000000,0.000000,1.000000,1.000000
1782456575.531313,-1,0.000449,inf,SAFE_STAND,0.000000,0.012918,0.009870,-0.770417,0.000000,0.000000,0.000000,1.000000,1.000000
1782456575.551500,-1,0.000561,inf,SAFE_STAND,0.000000,0.013916,0.012499,-0.770006,0.000000,0.000000,0.000000,1.000000,1.000000
1782456575.571506,-1,0.000485,inf,SAFE_STAND,0.000000,0.014880,0.015037,-0.769501,0.000000,0.000000,0.000000,1.000000,1.000000
1782456575.591546,-1,0.000443,inf,SAFE_STAND,0.000000,0.015761,0.017498,-0.769051,0.000000,0.000000,0.000000,1.000000,1.000000
1782456575.611979,-1,0.000796,inf,SAFE_STAND,0.000000,0.016721,0.020091,-0.768457,0.000000,0.000000,0.000000,1.000000,1.000000
1782456575.632084,-1,0.000814,inf,SAFE_STAND,0.000000,0.017643,0.022766,-0.767815,0.000000,0.000000,0.000000,1.000000,1.000000
1782456575.652229,-1,0.000813,inf,SAFE_STAND,0.000000,0.018556,0.025325,-0.767168,0.000000,0.000000,0.000000,1.000000,1.000000
1782456575.672246,-1,0.000729,inf,SAFE_STAND,0.000000,0.019414,0.027856,-0.766447,0.000000,0.000000,0.000000,1.000000,1.000000
1782456575.692321,-1,0.000478,inf,SAFE_STAND,0.000000,0.020294,0.030366,-0.765703,0.000000,0.000000,0.000000,1.000000,1.000000
1782456575.712377,-1,0.000450,inf,SAFE_STAND,0.000000,0.021212,0.032917,-0.764868,0.000000,0.000000,0.000000,1.000000,1.000000
1782456575.732841,-1,0.000454,inf,SAFE_STAND,0.000000,0.022022,0.035338,-0.764044,0.000000,0.000000,0.000000,1.000000,1.000000
1782456575.753003,-1,0.000488,inf,SAFE_STAND,0.000000,0.022822,0.037709,-0.763136,0.000000,0.000000,0.000000,1.000000,1.000000
1782456575.773625,-1,0.000713,inf,SAFE_STAND,0.000000,0.023584,0.040067,-0.762196,0.000000,0.000000,0.000000,1.000000,1.000000
1782456575.793764,-1,0.000539,inf,SAFE_STAND,0.000000,0.024404,0.042402,-0.761165,0.000000,0.000000,0.000000,1.000000,1.000000
1782456575.813846,-1,0.000534,inf,SAFE_STAND,0.000000,0.025138,0.044574,-0.760181,0.000000,0.000000,0.000000,1.000000,1.000000
1782456575.834171,-1,0.000776,inf,SAFE_STAND,0.000000,0.025819,0.046607,-0.759089,0.000000,0.000000,0.000000,1.000000,1.000000
1782456575.854327,-1,0.000866,inf,SAFE_STAND,0.000000,0.026433,0.048515,-0.758083,0.000000,0.000000,0.000000,1.000000,1.000000
1782456575.874324,-1,0.000776,inf,SAFE_STAND,0.000000,0.027061,0.050511,-0.756842,0.000000,0.000000,0.000000,1.000000,1.000000
1782456575.894455,-1,0.000828,inf,SAFE_STAND,0.000000,0.027624,0.052316,-0.755665,0.000000,0.000000,0.000000,1.000000,1.000000
1782456575.914476,-1,0.000452,inf,SAFE_STAND,0.000000,0.028165,0.054033,-0.754436,0.000000,0.000000,0.000000,1.000000,1.000000
1782456575.934557,-1,0.000455,inf,SAFE_STAND,0.000000,0.028618,0.055679,-0.753171,0.000000,0.000000,0.000000,1.000000,1.000000
1782456575.954648,-1,0.000472,inf,SAFE_STAND,0.000000,0.029059,0.057230,-0.751785,0.000000,0.000000,0.000000,1.000000,1.000000
1782456575.975170,-1,0.000589,53.578773,SAFE_STAND,0.000000,0.029415,0.058608,-0.750463,0.000000,0.000000,0.000000,1.000000,1.000000
1782456575.995141,-1,0.000487,inf,SAFE_STAND,0.000000,0.029725,0.059864,-0.749098,0.000000,0.000000,0.000000,1.000000,1.000000
1782456576.015403,-1,0.000441,inf,SAFE_STAND,0.000000,0.029978,0.060963,-0.747673,0.000000,0.000000,0.000000,1.000000,1.000000
1782456576.035471,-1,0.000431,inf,SAFE_STAND,0.000000,0.030169,0.061991,-0.746202,0.000000,0.000000,0.000000,1.000000,1.000000
1782456576.055876,-1,0.000762,inf,SAFE_STAND,0.000000,0.030305,0.062895,-0.744751,0.000000,0.000000,0.000000,1.000000,1.000000
1782456576.075802,-1,0.000412,inf,SAFE_STAND,0.000000,0.030387,0.063709,-0.743217,0.000000,0.000000,0.000000,1.000000,1.000000
1782456576.095923,-1,0.000457,inf,SAFE_STAND,0.000000,0.030405,0.064367,-0.741754,0.000000,0.000000,0.000000,1.000000,1.000000
1782456576.115973,-1,0.000429,inf,SAFE_STAND,0.000000,0.030348,0.064818,-0.740214,0.000000,0.000000,0.000000,1.000000,1.000000
1782456576.136065,-1,0.000448,inf,SAFE_STAND,0.000000,0.030216,0.065096,-0.738632,0.000000,0.000000,0.000000,1.000000,1.000000
1782456576.156157,-1,0.000467,inf,SAFE_STAND,0.000000,0.030055,0.065250,-0.737012,0.000000,0.000000,0.000000,1.000000,1.000000
1782456576.176626,-1,0.000418,inf,SAFE_STAND,0.000000,0.029808,0.065318,-0.735315,0.000000,0.000000,0.000000,1.000000,1.000000
1782456576.196734,-1,0.000453,inf,SAFE_STAND,0.000000,0.029539,0.065227,-0.733644,0.000000,0.000000,0.000000,1.000000,1.000000
1782456576.217411,-1,0.000687,inf,SAFE_STAND,0.000000,0.029192,0.064984,-0.731962,0.000000,0.000000,0.000000,1.000000,1.000000
1782456576.237393,-1,0.000485,inf,SAFE_STAND,0.000000,0.028839,0.064666,-0.730346,0.000000,0.000000,0.000000,1.000000,1.000000
1782456576.257408,-1,0.000426,inf,SAFE_STAND,0.000000,0.028368,0.064122,-0.728402,0.000000,0.000000,0.000000,1.000000,1.000000
1782456576.277493,-1,0.000436,inf,SAFE_STAND,0.000000,0.027863,0.063501,-0.726659,0.000000,0.000000,0.000000,1.000000,1.000000
1782456576.298273,-1,0.000721,inf,SAFE_STAND,0.000000,0.027317,0.062761,-0.724878,0.000000,0.000000,0.000000,1.000000,1.000000
1782456576.318381,-1,0.000667,inf,SAFE_STAND,0.000000,0.026740,0.061849,-0.722967,0.000000,0.000000,0.000000,1.000000,1.000000
1782456576.338521,-1,0.000718,inf,SAFE_STAND,0.000000,0.026144,0.060874,-0.721197,0.000000,0.000000,0.000000,1.000000,1.000000
1782456576.359120,-1,0.000976,inf,SAFE_STAND,0.000000,0.025462,0.059714,-0.719317,0.000000,0.000000,0.000000,1.000000,1.000000
1782456576.379062,-1,0.000723,inf,SAFE_STAND,0.000000,0.024711,0.058392,-0.717308,0.000000,0.000000,0.000000,1.000000,1.000000
1782456576.399202,-1,0.000711,inf,SAFE_STAND,0.000000,0.023945,0.057037,-0.715399,0.000000,0.000000,0.000000,1.000000,1.000000
1782456576.419917,-1,0.000684,inf,SAFE_STAND,0.000000,0.023105,0.055491,-0.713338,0.000000,0.000000,0.000000,1.000000,1.000000
1782456576.440023,-1,0.000661,inf,SAFE_STAND,0.000000,0.022291,0.053860,-0.711289,0.000000,0.000000,0.000000,1.000000,1.000000
1782456576.460323,-1,0.000661,inf,SAFE_STAND,0.000000,0.021429,0.052215,-0.709283,0.000000,0.000000,0.000000,1.000000,1.000000
1782456576.480971,-1,0.001223,54.084366,SAFE_STAND,0.000000,0.020513,0.050430,-0.707206,0.000000,0.000000,0.000000,1.000000,1.000000
1782456576.500873,-1,0.000686,inf,SAFE_STAND,0.000000,0.019605,0.048582,-0.705139,0.000000,0.000000,0.000000,1.000000,1.000000
1782456576.520961,-1,0.000684,inf,SAFE_STAND,0.000000,0.018624,0.046591,-0.703026,0.000000,0.000000,0.000000,1.000000,1.000000
1782456576.541559,-1,0.000531,inf,SAFE_STAND,0.000000,0.017549,0.044355,-0.700623,0.000000,0.000000,0.000000,1.000000,1.000000
1782456576.562383,-1,0.000927,inf,SAFE_STAND,0.000000,0.016518,0.042226,-0.698414,0.000000,0.000000,0.000000,1.000000,1.000000
1782456576.582625,-1,0.001075,inf,SAFE_STAND,0.000000,0.015517,0.040161,-0.696280,0.000000,0.000000,0.000000,1.000000,1.000000
1782456576.602709,-1,0.000706,inf,SAFE_STAND,0.000000,0.014364,0.037776,-0.693877,0.000000,0.000000,0.000000,1.000000,1.000000
1782456576.622959,-1,0.000869,inf,SAFE_STAND,0.000000,0.013257,0.035500,-0.691624,0.000000,0.000000,0.000000,1.000000,1.000000
1782456576.642970,-1,0.000796,inf,SAFE_STAND,0.000000,0.012142,0.033147,-0.689289,0.000000,0.000000,0.000000,1.000000,1.000000
1782456576.663077,-1,0.000830,inf,SAFE_STAND,0.000000,0.011012,0.030791,-0.686901,0.000000,0.000000,0.000000,1.000000,1.000000
1782456576.683015,-1,0.000692,inf,SAFE_STAND,0.000000,0.009826,0.028398,-0.684500,0.000000,0.000000,0.000000,1.000000,1.000000
1782456576.702872,-1,0.000442,inf,SAFE_STAND,0.000000,0.008618,0.025864,-0.681956,0.000000,0.000000,0.000000,1.000000,1.000000
1782456576.722894,-1,0.000395,inf,SAFE_STAND,0.000000,0.007466,0.023435,-0.679489,0.000000,0.000000,0.000000,1.000000,1.000000
1782456576.743051,-1,0.000480,inf,SAFE_STAND,0.000000,0.006286,0.021051,-0.676978,0.000000,0.000000,0.000000,1.000000,1.000000
1782456576.763085,-1,0.000439,inf,SAFE_STAND,0.000000,0.005102,0.018634,-0.674456,0.000000,0.000000,0.000000,1.000000,1.000000
1782456576.783124,-1,0.000407,inf,SAFE_STAND,0.000000,0.003908,0.016155,-0.671908,0.000000,0.000000,0.000000,1.000000,1.000000
1782456576.803617,-1,0.000827,inf,SAFE_STAND,0.000000,0.002733,0.013687,-0.669308,0.000000,0.000000,0.000000,1.000000,1.000000
1782456576.823577,-1,0.000699,inf,SAFE_STAND,0.000000,0.001570,0.011240,-0.666648,0.000000,0.000000,0.000000,1.000000,1.000000
1782456576.843482,-1,0.000390,inf,SAFE_STAND,0.000000,0.000377,0.008750,-0.663784,0.000000,0.000000,0.000000,1.000000,1.000000
1782456576.863581,-1,0.000421,inf,SAFE_STAND,0.000000,-0.000759,0.006386,-0.661097,0.000000,0.000000,0.000000,1.000000,1.000000
1782456576.883672,-1,0.000441,inf,SAFE_STAND,0.000000,-0.001822,0.004143,-0.658492,0.000000,0.000000,0.000000,1.000000,1.000000
1782456576.903743,-1,0.000435,inf,SAFE_STAND,0.000000,-0.002915,0.001860,-0.655736,0.000000,0.000000,0.000000,1.000000,1.000000
1782456576.924610,-1,0.000720,inf,SAFE_STAND,0.000000,-0.004073,-0.000584,-0.652670,0.000000,0.000000,0.000000,1.000000,1.000000
1782456576.944712,-1,0.000695,inf,SAFE_STAND,0.000000,-0.005019,-0.002602,-0.649966,0.000000,0.000000,0.000000,1.000000,1.000000
1782456576.965240,-1,0.000841,inf,SAFE_STAND,0.000000,-0.006005,-0.004698,-0.647036,0.000000,0.000000,0.000000,1.000000,1.000000
1782456576.985466,-1,0.000959,54.589044,SAFE_STAND,0.000000,-0.006988,-0.006831,-0.643981,0.000000,0.000000,0.000000,1.000000,1.000000
1782456577.005615,-1,0.000703,inf,SAFE_STAND,0.000000,-0.007870,-0.008801,-0.641051,0.000000,0.000000,0.000000,1.000000,1.000000
1782456577.026036,-1,0.000684,inf,SAFE_STAND,0.000000,-0.008705,-0.010682,-0.638017,0.000000,0.000000,0.000000,1.000000,1.000000
1782456577.045953,-1,0.000435,inf,SAFE_STAND,0.000000,-0.009515,-0.012452,-0.635023,0.000000,0.000000,0.000000,1.000000,1.000000
1782456577.066075,-1,0.000431,inf,SAFE_STAND,0.000000,-0.010281,-0.014160,-0.631970,0.000000,0.000000,0.000000,1.000000,1.000000
1782456577.086124,-1,0.000411,inf,SAFE_STAND,0.000000,-0.011016,-0.015946,-0.628749,0.000000,0.000000,0.000000,1.000000,1.000000
1782456577.106177,-1,0.000395,inf,SAFE_STAND,0.000000,-0.011645,-0.017461,-0.625689,0.000000,0.000000,0.000000,1.000000,1.000000
1782456577.126560,-1,0.000389,inf,SAFE_STAND,0.000000,-0.012257,-0.018923,-0.622594,0.000000,0.000000,0.000000,1.000000,1.000000
1782456577.146735,-1,0.000432,inf,SAFE_STAND,0.000000,-0.012822,-0.020289,-0.619287,0.000000,0.000000,0.000000,1.000000,1.000000
1782456577.166853,-1,0.000478,inf,SAFE_STAND,0.000000,-0.013275,-0.021492,-0.616128,0.000000,0.000000,0.000000,1.000000,1.000000
1782456577.186899,-1,0.000450,inf,SAFE_STAND,0.000000,-0.013652,-0.022524,-0.613078,0.000000,0.000000,0.000000,1.000000,1.000000
1782456577.207476,-1,0.000951,inf,SAFE_STAND,0.000000,-0.014022,-0.023542,-0.609827,0.000000,0.000000,0.000000,1.000000,1.000000
1782456577.227372,-1,0.000771,inf,SAFE_STAND,0.000000,-0.014334,-0.024428,-0.606439,0.000000,0.000000,0.000000,1.000000,1.000000
1782456577.247517,-1,0.000786,inf,SAFE_STAND,0.000000,-0.014537,-0.025104,-0.603289,0.000000,0.000000,0.000000,1.000000,1.000000
1782456577.267327,-1,0.000432,inf,SAFE_STAND,0.000000,-0.014663,-0.025690,-0.599810,0.000000,0.000000,0.000000,1.000000,1.000000
1782456577.287412,-1,0.000443,inf,SAFE_STAND,0.000000,-0.014775,-0.026176,-0.596334,0.000000,0.000000,0.000000,1.000000,1.000000
1782456577.307443,-1,0.000402,inf,SAFE_STAND,0.000000,-0.014763,-0.026506,-0.593188,0.000000,0.000000,0.000000,1.000000,1.000000
1782456577.327509,-1,0.000397,inf,SAFE_STAND,0.000000,-0.014677,-0.026701,-0.589764,0.000000,0.000000,0.000000,1.000000,1.000000
1782456577.347684,-1,0.000498,inf,SAFE_STAND,0.000000,-0.014528,-0.026762,-0.586387,0.000000,0.000000,0.000000,1.000000,1.000000
1782456577.367916,-1,0.000655,inf,SAFE_STAND,0.000000,-0.014327,-0.026689,-0.582977,0.000000,0.000000,0.000000,1.000000,1.000000
1782456577.387953,-1,0.000620,inf,SAFE_STAND,0.000000,-0.014051,-0.026486,-0.579515,0.000000,0.000000,0.000000,1.000000,1.000000
1782456577.408049,-1,0.000460,inf,SAFE_STAND,0.000000,-0.013685,-0.026135,-0.576079,0.000000,0.000000,0.000000,1.000000,1.000000
1782456577.428080,-1,0.000418,inf,SAFE_STAND,0.000000,-0.013213,-0.025728,-0.572466,0.000000,0.000000,0.000000,1.000000,1.000000
1782456577.448167,-1,0.000434,inf,SAFE_STAND,0.000000,-0.012720,-0.025171,-0.568949,0.000000,0.000000,0.000000,1.000000,1.000000
1782456577.468204,-1,0.000402,inf,SAFE_STAND,0.000000,-0.012111,-0.024484,-0.565366,0.000000,0.000000,0.000000,1.000000,1.000000
1782456577.488745,-1,0.000871,55.092126,SAFE_STAND,0.000000,-0.011426,-0.023676,-0.561851,0.000000,0.000000,0.000000,1.000000,1.000000
1782456577.508561,-1,0.000613,inf,SAFE_STAND,0.000000,-0.010732,-0.022742,-0.558485,0.000000,0.000000,0.000000,1.000000,1.000000
1782456577.528633,-1,0.000615,inf,SAFE_STAND,0.000000,-0.009881,-0.021675,-0.554675,0.000000,0.000000,0.000000,1.000000,1.000000
1782456577.548795,-1,0.000534,inf,SAFE_STAND,0.000000,-0.009027,-0.020556,-0.551060,0.000000,0.000000,0.000000,1.000000,1.000000
1782456577.568761,-1,0.000426,inf,SAFE_STAND,0.000000,-0.008084,-0.019357,-0.547452,0.000000,0.000000,0.000000,1.000000,1.000000
1782456577.588819,-1,0.000413,inf,SAFE_STAND,0.000000,-0.007049,-0.018039,-0.543764,0.000000,0.000000,0.000000,1.000000,1.000000
1782456577.609438,-1,0.000687,inf,SAFE_STAND,0.000000,-0.005898,-0.016568,-0.539897,0.000000,0.000000,0.000000,1.000000,1.000000
1782456577.629360,-1,0.000478,inf,SAFE_STAND,0.000000,-0.004822,-0.015136,-0.536344,0.000000,0.000000,0.000000,1.000000,1.000000
1782456577.649488,-1,0.000530,inf,SAFE_STAND,0.000000,-0.003561,-0.013463,-0.532425,0.000000,0.000000,0.000000,1.000000,1.000000
1782456577.669471,-1,0.000439,inf,SAFE_STAND,0.000000,-0.002263,-0.011766,-0.528499,0.000000,0.000000,0.000000,1.000000,1.000000
1782456577.689640,-1,0.000533,inf,SAFE_STAND,0.000000,-0.001014,-0.010125,-0.524934,0.000000,0.000000,0.000000,1.000000,1.000000
1782456577.709635,-1,0.000452,inf,SAFE_STAND,0.000000,0.000339,-0.008328,-0.521116,0.000000,0.000000,0.000000,1.000000,1.000000
1782456577.730130,-1,0.000674,inf,SAFE_STAND,0.000000,0.001758,-0.006535,-0.517329,0.000000,0.000000,0.000000,1.000000,1.000000
1782456577.750219,-1,0.000494,inf,SAFE_STAND,0.000000,0.003272,-0.004589,-0.513302,0.000000,0.000000,0.000000,1.000000,1.000000
1782456577.770234,-1,0.000435,inf,SAFE_STAND,0.000000,0.004728,-0.002694,-0.509492,0.000000,0.000000,0.000000,1.000000,1.000000
1782456577.790789,-1,0.000692,inf,SAFE_STAND,0.000000,0.006249,-0.000781,-0.505603,0.000000,0.000000,0.000000,1.000000,1.000000
1782456577.811077,-1,0.000874,inf,SAFE_STAND,0.000000,0.007767,0.001182,-0.501652,0.000000,0.000000,0.000000,1.000000,1.000000
1782456577.830950,-1,0.000465,inf,SAFE_STAND,0.000000,0.009393,0.003297,-0.497511,0.000000,0.000000,0.000000,1.000000,1.000000
1782456577.850997,-1,0.000433,inf,SAFE_STAND,0.000000,0.010975,0.005287,-0.493591,0.000000,0.000000,0.000000,1.000000,1.000000
1782456577.871054,-1,0.000417,inf,SAFE_STAND,0.000000,0.012498,0.007268,-0.489864,0.000000,0.000000,0.000000,1.000000,1.000000
1782456577.891150,-1,0.000445,inf,SAFE_STAND,0.000000,0.014104,0.009311,-0.485945,0.000000,0.000000,0.000000,1.000000,1.000000
1782456577.911664,-1,0.000401,inf,SAFE_STAND,0.000000,0.015885,0.011606,-0.481480,0.000000,0.000000,0.000000,1.000000,1.000000
1782456577.931757,-1,0.000421,inf,SAFE_STAND,0.000000,0.017432,0.013573,-0.477668,0.000000,0.000000,0.000000,1.000000,1.000000
1782456577.951868,-1,0.000461,inf,SAFE_STAND,0.000000,0.019035,0.015671,-0.473601,0.000000,0.000000,0.000000,1.000000,1.000000
1782456577.972206,-1,0.000717,inf,SAFE_STAND,0.000000,0.020715,0.017831,-0.469344,0.000000,0.000000,0.000000,1.000000,1.000000
1782456577.992522,-1,0.000957,55.595791,SAFE_STAND,0.000000,0.022228,0.019785,-0.465461,0.000000,0.000000,0.000000,1.000000,1.000000
1782456578.012265,-1,0.000629,inf,SAFE_STAND,0.000000,0.023785,0.021844,-0.461384,0.000000,0.000000,0.000000,1.000000,1.000000
1782456578.032300,-1,0.000415,inf,SAFE_STAND,0.000000,0.025389,0.023977,-0.457040,0.000000,0.000000,0.000000,1.000000,1.000000
1782456578.052385,-1,0.000430,inf,SAFE_STAND,0.000000,0.026899,0.026001,-0.452897,0.000000,0.000000,0.000000,1.000000,1.000000
1782456578.072428,-1,0.000403,inf,SAFE_STAND,0.000000,0.028381,0.027983,-0.448814,0.000000,0.000000,0.000000,1.000000,1.000000
1782456578.092468,-1,0.000374,inf,SAFE_STAND,0.000000,0.029844,0.029933,-0.444685,0.000000,0.000000,0.000000,1.000000,1.000000
1782456578.113023,-1,0.000630,inf,SAFE_STAND,0.000000,0.031284,0.031774,-0.440491,0.000000,0.000000,0.000000,1.000000,1.000000
1782456578.133105,-1,0.000642,inf,SAFE_STAND,0.000000,0.032670,0.033604,-0.436340,0.000000,0.000000,0.000000,1.000000,1.000000
1782456578.152961,-1,0.000423,inf,SAFE_STAND,0.000000,0.034104,0.035455,-0.431931,0.000000,0.000000,0.000000,1.000000,1.000000
1782456578.173020,-1,0.000410,inf,SAFE_STAND,0.000000,0.035337,0.037077,-0.427934,0.000000,0.000000,0.000000,1.000000,1.000000
1782456578.193185,-1,0.000504,inf,SAFE_STAND,0.000000,0.036637,0.038779,-0.423473,0.000000,0.000000,0.000000,1.000000,1.000000
1782456578.213610,-1,0.000628,inf,SAFE_STAND,0.000000,0.037817,0.040350,-0.419234,0.000000,0.000000,0.000000,1.000000,1.000000
1782456578.233709,-1,0.000655,inf,SAFE_STAND,0.000000,0.038941,0.041822,-0.414980,0.000000,0.000000,0.000000,1.000000,1.000000
1782456578.253770,-1,0.000474,inf,SAFE_STAND,0.000000,0.039927,0.043157,-0.410952,0.000000,0.000000,0.000000,1.000000,1.000000
1782456578.273885,-1,0.000512,inf,SAFE_STAND,0.000000,0.041014,0.044615,-0.406283,0.000000,0.000000,0.000000,1.000000,1.000000
1782456578.293913,-1,0.000461,inf,SAFE_STAND,0.000000,0.041871,0.045752,-0.402221,0.000000,0.000000,0.000000,1.000000,1.000000
1782456578.313975,-1,0.000443,inf,SAFE_STAND,0.000000,0.042709,0.046862,-0.397945,0.000000,0.000000,0.000000,1.000000,1.000000
1782456578.334270,-1,0.000661,inf,SAFE_STAND,0.000000,0.043505,0.047897,-0.393613,0.000000,0.000000,0.000000,1.000000,1.000000
1782456578.354444,-1,0.000733,inf,SAFE_STAND,0.000000,0.044207,0.048840,-0.389133,0.000000,0.000000,0.000000,1.000000,1.000000
1782456578.374652,-1,0.000840,inf,SAFE_STAND,0.000000,0.044725,0.049616,-0.385086,0.000000,0.000000,0.000000,1.000000,1.000000
1782456578.394616,-1,0.000457,inf,SAFE_STAND,0.000000,0.045234,0.050373,-0.380596,0.000000,0.000000,0.000000,1.000000,1.000000
1782456578.414727,-1,0.000493,inf,SAFE_STAND,0.000000,0.045619,0.051001,-0.376349,0.000000,0.000000,0.000000,1.000000,1.000000
1782456578.435323,-1,0.000783,inf,SAFE_STAND,0.000000,0.045938,0.051477,-0.372060,0.000000,0.000000,0.000000,1.000000,1.000000
1782456578.455178,-1,0.000439,inf,SAFE_STAND,0.000000,0.046126,0.051836,-0.367617,0.000000,0.000000,0.000000,1.000000,1.000000
1782456578.475271,-1,0.000463,inf,SAFE_STAND,0.000000,0.046233,0.052085,-0.363387,0.000000,0.000000,0.000000,1.000000,1.000000
1782456578.495483,-1,0.000600,56.099110,SAFE_STAND,0.000000,0.046216,0.052263,-0.359328,0.000000,0.000000,0.000000,1.000000,1.000000
1782456578.515385,-1,0.000426,inf,SAFE_STAND,0.000000,0.046115,0.052337,-0.354894,0.000000,0.000000,0.000000,1.000000,1.000000
1782456578.536102,-1,0.000838,inf,SAFE_STAND,0.000000,0.045888,0.052336,-0.350675,0.000000,0.000000,0.000000,1.000000,1.000000
1782456578.556075,-1,0.000544,inf,SAFE_STAND,0.000000,0.045626,0.052242,-0.346491,0.000000,0.000000,0.000000,1.000000,1.000000
1782456578.576111,-1,0.000497,inf,SAFE_STAND,0.000000,0.045208,0.051978,-0.342254,0.000000,0.000000,0.000000,1.000000,1.000000
1782456578.596389,-1,0.000697,inf,SAFE_STAND,0.000000,0.044682,0.051657,-0.337838,0.000000,0.000000,0.000000,1.000000,1.000000
1782456578.616522,-1,0.000753,inf,SAFE_STAND,0.000000,0.044098,0.051229,-0.333804,0.000000,0.000000,0.000000,1.000000,1.000000
1782456578.636562,-1,0.000713,inf,SAFE_STAND,0.000000,0.043384,0.050661,-0.329575,0.000000,0.000000,0.000000,1.000000,1.000000
1782456578.656510,-1,0.000489,inf,SAFE_STAND,0.000000,0.042525,0.050024,-0.325138,0.000000,0.000000,0.000000,1.000000,1.000000
1782456578.676670,-1,0.000490,inf,SAFE_STAND,0.000000,0.041632,0.049317,-0.320908,0.000000,0.000000,0.000000,1.000000,1.000000
1782456578.696770,-1,0.000500,inf,SAFE_STAND,0.000000,0.040663,0.048569,-0.316700,0.000000,0.000000,0.000000,1.000000,1.000000
1782456578.716821,-1,0.000474,inf,SAFE_STAND,0.000000,0.039599,0.047736,-0.312512,0.000000,0.000000,0.000000,1.000000,1.000000
1782456578.737596,-1,0.001171,inf,SAFE_STAND,0.000000,0.038445,0.046792,-0.308330,0.000000,0.000000,0.000000,1.000000,1.000000
1782456578.757610,-1,0.001077,inf,SAFE_STAND,0.000000,0.037185,0.045800,-0.304145,0.000000,0.000000,0.000000,1.000000,1.000000
1782456578.777397,-1,0.000734,inf,SAFE_STAND,0.000000,0.035834,0.044734,-0.299973,0.000000,0.000000,0.000000,1.000000,1.000000
1782456578.797253,-1,0.000457,inf,SAFE_STAND,0.000000,0.034340,0.043595,-0.295572,0.000000,0.000000,0.000000,1.000000,1.000000
1782456578.817403,-1,0.000481,inf,SAFE_STAND,0.000000,0.032911,0.042461,-0.291585,0.000000,0.000000,0.000000,1.000000,1.000000
1782456578.837516,-1,0.000517,inf,SAFE_STAND,0.000000,0.031263,0.041132,-0.287188,0.000000,0.000000,0.000000,1.000000,1.000000
1782456578.859356,-1,0.002021,inf,SAFE_STAND,0.000000,0.029978,0.040062,-0.283816,0.000000,0.000000,0.000000,1.000000,1.000000
1782456578.878311,-1,0.000667,inf,SAFE_STAND,0.000000,0.028027,0.038470,-0.278942,0.000000,0.000000,0.000000,1.000000,1.000000
1782456578.898466,-1,0.000720,inf,SAFE_STAND,0.000000,0.026091,0.036902,-0.274338,0.000000,0.000000,0.000000,1.000000,1.000000
1782456578.919604,-1,0.001503,inf,SAFE_STAND,0.000000,0.024316,0.035453,-0.270150,0.000000,0.000000,0.000000,1.000000,1.000000
1782456578.940082,-1,0.001421,inf,SAFE_STAND,0.000000,0.022458,0.033970,-0.265976,0.000000,0.000000,0.000000,1.000000,1.000000
1782456578.960275,-1,0.001119,inf,SAFE_STAND,0.000000,0.020566,0.032404,-0.261796,0.000000,0.000000,0.000000,1.000000,1.000000
1782456578.980670,-1,0.001178,inf,SAFE_STAND,0.000000,0.018435,0.030678,-0.257197,0.000000,0.000000,0.000000,1.000000,1.000000
1782456579.000997,-1,0.001389,56.603981,SAFE_STAND,0.000000,0.016551,0.029146,-0.253211,0.000000,0.000000,0.000000,1.000000,1.000000
1782456579.020646,-1,0.000542,inf,SAFE_STAND,0.000000,0.014467,0.027465,-0.248826,0.000000,0.000000,0.000000,1.000000,1.000000
1782456579.040697,-1,0.000512,inf,SAFE_STAND,0.000000,0.012465,0.025831,-0.244602,0.000000,0.000000,0.000000,1.000000,1.000000
1782456579.060713,-1,0.000450,inf,SAFE_STAND,0.000000,0.010467,0.024223,-0.240425,0.000000,0.000000,0.000000,1.000000,1.000000
1782456579.080815,-1,0.000477,inf,SAFE_STAND,0.000000,0.008416,0.022538,-0.236272,0.000000,0.000000,0.000000,1.000000,1.000000
1782456579.101333,-1,0.000691,inf,SAFE_STAND,0.000000,0.006363,0.020878,-0.232086,0.000000,0.000000,0.000000,1.000000,1.000000
1782456579.121328,-1,0.000453,inf,SAFE_STAND,0.000000,0.004248,0.019146,-0.227680,0.000000,0.000000,0.000000,1.000000,1.000000
1782456579.141476,-1,0.000523,inf,SAFE_STAND,0.000000,0.002212,0.017520,-0.223551,0.000000,0.000000,0.000000,1.000000,1.000000
1782456579.161613,-1,0.000578,inf,SAFE_STAND,0.000000,0.000200,0.015852,-0.219376,0.000000,0.000000,0.000000,1.000000,1.000000
1782456579.182177,-1,0.000474,inf,SAFE_STAND,0.000000,-0.001684,0.014359,-0.215453,0.000000,0.000000,0.000000,1.000000,1.000000
1782456579.202257,-1,0.000474,inf,SAFE_STAND,0.000000,-0.003850,0.012570,-0.210837,0.000000,0.000000,0.000000,1.000000,1.000000
1782456579.222782,-1,0.000696,inf,SAFE_STAND,0.000000,-0.005766,0.011040,-0.206727,0.000000,0.000000,0.000000,1.000000,1.000000
1782456579.242898,-1,0.000684,inf,SAFE_STAND,0.000000,-0.007582,0.009576,-0.202801,0.000000,0.000000,0.000000,1.000000,1.000000
1782456579.263017,-1,0.000557,inf,SAFE_STAND,0.000000,-0.009559,0.008016,-0.198385,0.000000,0.000000,0.000000,1.000000,1.000000
1782456579.283066,-1,0.000513,inf,SAFE_STAND,0.000000,-0.011481,0.006433,-0.193973,0.000000,0.000000,0.000000,1.000000,1.000000
1782456579.303792,-1,0.000886,inf,SAFE_STAND,0.000000,-0.013182,0.005076,-0.189998,0.000000,0.000000,0.000000,1.000000,1.000000
1782456579.323846,-1,0.000848,inf,SAFE_STAND,0.000000,-0.014895,0.003697,-0.185799,0.000000,0.000000,0.000000,1.000000,1.000000
1782456579.343699,-1,0.000471,inf,SAFE_STAND,0.000000,-0.016542,0.002402,-0.181637,0.000000,0.000000,0.000000,1.000000,1.000000
1782456579.363754,-1,0.000452,inf,SAFE_STAND,0.000000,-0.018199,0.001070,-0.177297,0.000000,0.000000,0.000000,1.000000,1.000000
1782456579.383828,-1,0.000450,inf,SAFE_STAND,0.000000,-0.019679,-0.000070,-0.173128,0.000000,0.000000,0.000000,1.000000,1.000000
1782456579.404114,-1,0.000661,inf,SAFE_STAND,0.000000,-0.021114,-0.001231,-0.169008,0.000000,0.000000,0.000000,1.000000,1.000000
1782456579.424197,-1,0.000671,inf,SAFE_STAND,0.000000,-0.022464,-0.002318,-0.164890,0.000000,0.000000,0.000000,1.000000,1.000000
1782456579.444238,-1,0.000637,inf,SAFE_STAND,0.000000,-0.023715,-0.003343,-0.160770,0.000000,0.000000,0.000000,1.000000,1.000000
1782456579.464382,-1,0.000705,inf,SAFE_STAND,0.000000,-0.024868,-0.004294,-0.156677,0.000000,0.000000,0.000000,1.000000,1.000000
1782456579.484278,-1,0.000449,inf,SAFE_STAND,0.000000,-0.025927,-0.005119,-0.152587,0.000000,0.000000,0.000000,1.000000,1.000000
1782456579.504507,-1,0.000605,57.108108,SAFE_STAND,0.000000,-0.026926,-0.005946,-0.148241,0.000000,0.000000,0.000000,1.000000,1.000000
1782456579.524900,-1,0.000705,inf,SAFE_STAND,0.000000,-0.027759,-0.006672,-0.144158,0.000000,0.000000,0.000000,1.000000,1.000000
1782456579.544986,-1,0.000713,inf,SAFE_STAND,0.000000,-0.028452,-0.007275,-0.140296,0.000000,0.000000,0.000000,1.000000,1.000000
1782456579.565078,-1,0.000726,inf,SAFE_STAND,0.000000,-0.029071,-0.007874,-0.136249,0.000000,0.000000,0.000000,1.000000,1.000000
1782456579.585064,-1,0.000475,inf,SAFE_STAND,0.000000,-0.029628,-0.008443,-0.131801,0.000000,0.000000,0.000000,1.000000,1.000000
1782456579.605121,-1,0.000456,inf,SAFE_STAND,0.000000,-0.030000,-0.008854,-0.127950,0.000000,0.000000,0.000000,1.000000,1.000000
1782456579.625222,-1,0.000481,inf,SAFE_STAND,0.000000,-0.030285,-0.009255,-0.123897,0.000000,0.000000,0.000000,1.000000,1.000000
1782456579.645688,-1,0.000868,inf,SAFE_STAND,0.000000,-0.030441,-0.009561,-0.119697,0.000000,0.000000,0.000000,1.000000,1.000000
1782456579.665958,-1,0.001044,inf,SAFE_STAND,0.000000,-0.030458,-0.009769,-0.115940,0.000000,0.000000,0.000000,1.000000,1.000000
1782456579.686851,-1,0.001421,inf,SAFE_STAND,0.000000,-0.030398,-0.009952,-0.111775,0.000000,0.000000,0.000000,1.000000,1.000000
1782456579.706688,-1,0.001145,inf,SAFE_STAND,0.000000,-0.030171,-0.010032,-0.107838,0.000000,0.000000,0.000000,1.000000,1.000000
1782456579.726682,-1,0.001034,inf,SAFE_STAND,0.000000,-0.029827,-0.010070,-0.103902,0.000000,0.000000,0.000000,1.000000,1.000000
1782456579.746875,-1,0.001126,inf,SAFE_STAND,0.000000,-0.029372,-0.009989,-0.099957,0.000000,0.000000,0.000000,1.000000,1.000000
1782456579.767288,-1,0.001072,inf,SAFE_STAND,0.000000,-0.028786,-0.009890,-0.096024,0.000000,0.000000,0.000000,1.000000,1.000000
1782456579.787214,-1,0.000893,inf,SAFE_STAND,0.000000,-0.028100,-0.009679,-0.092155,0.000000,0.000000,0.000000,1.000000,1.000000
1782456579.807367,-1,0.000959,inf,SAFE_STAND,0.000000,-0.027254,-0.009398,-0.088056,0.000000,0.000000,0.000000,1.000000,1.000000
1782456579.827593,-1,0.000976,inf,SAFE_STAND,0.000000,-0.026316,-0.009048,-0.084184,0.000000,0.000000,0.000000,1.000000,1.000000
1782456579.847697,-1,0.000700,inf,SAFE_STAND,0.000000,-0.025260,-0.008698,-0.080292,0.000000,0.000000,0.000000,1.000000,1.000000
1782456579.868331,-1,0.000941,inf,SAFE_STAND,0.000000,-0.024117,-0.008242,-0.076474,0.000000,0.000000,0.000000,1.000000,1.000000
1782456579.888389,-1,0.000706,inf,SAFE_STAND,0.000000,-0.022743,-0.007695,-0.072290,0.000000,0.000000,0.000000,1.000000,1.000000
1782456579.908519,-1,0.000709,inf,SAFE_STAND,0.000000,-0.021446,-0.007175,-0.068677,0.000000,0.000000,0.000000,1.000000,1.000000
1782456579.929127,-1,0.000938,inf,SAFE_STAND,0.000000,-0.020009,-0.006595,-0.064935,0.000000,0.000000,0.000000,1.000000,1.000000
1782456579.949261,-1,0.000748,inf,SAFE_STAND,0.000000,-0.018309,-0.005852,-0.060874,0.000000,0.000000,0.000000,1.000000,1.000000
1782456579.969849,-1,0.000946,inf,SAFE_STAND,0.000000,-0.016750,-0.005238,-0.057315,0.000000,0.000000,0.000000,1.000000,1.000000
1782456579.990009,-1,0.000981,inf,SAFE_STAND,0.000000,-0.015055,-0.004527,-0.053564,0.000000,0.000000,0.000000,1.000000,1.000000
1782456580.010084,-1,0.000908,57.613455,SAFE_STAND,0.000000,-0.013148,-0.003659,-0.049669,0.000000,0.000000,0.000000,1.000000,1.000000
1782456580.030606,-1,0.000952,inf,SAFE_STAND,0.000000,-0.011247,-0.002813,-0.045945,0.000000,0.000000,0.000000,1.000000,1.000000
1782456580.050802,-1,0.001059,inf,SAFE_STAND,0.000000,-0.009285,-0.001942,-0.042274,0.000000,0.000000,0.000000,1.000000,1.000000
1782456580.070791,-1,0.000958,inf,SAFE_STAND,0.000000,-0.007276,-0.001073,-0.038553,0.000000,0.000000,0.000000,1.000000,1.000000
1782456580.090665,-1,0.000724,inf,SAFE_STAND,0.000000,-0.005198,-0.000137,-0.034890,0.000000,0.000000,0.000000,1.000000,1.000000
1782456580.110994,-1,0.000692,inf,SAFE_STAND,0.000000,-0.002961,0.000905,-0.031062,0.000000,0.000000,0.000000,1.000000,1.000000
1782456580.131593,-1,0.000920,inf,SAFE_STAND,0.000000,-0.000757,0.001908,-0.027430,0.000000,0.000000,0.000000,1.000000,1.000000
1782456580.151747,-1,0.000713,inf,SAFE_STAND,0.000000,0.001472,0.002895,-0.023845,0.000000,0.000000,0.000000,1.000000,1.000000
1782456580.172215,-1,0.001058,inf,SAFE_STAND,0.000000,0.003849,0.004037,-0.020104,0.000000,0.000000,0.000000,1.000000,1.000000
1782456580.192435,-1,0.001064,inf,SAFE_STAND,0.000000,0.006120,0.005126,-0.016488,0.000000,0.000000,0.000000,1.000000,1.000000
1782456580.212491,-1,0.000747,inf,SAFE_STAND,0.000000,0.008354,0.006165,-0.013121,0.000000,0.000000,0.000000,1.000000,1.000000
1782456580.233197,-1,0.001005,inf,SAFE_STAND,0.000000,0.010803,0.007309,-0.009312,0.000000,0.000000,0.000000,1.000000,1.000000
1782456580.253129,-1,0.000657,inf,SAFE_STAND,0.000000,0.013279,0.008460,-0.005559,0.000000,0.000000,0.000000,1.000000,1.000000
1782456580.273240,-1,0.000684,inf,SAFE_STAND,0.000000,0.015652,0.009568,-0.001987,0.000000,0.000000,0.000000,1.000000,1.000000
1782456580.293397,-1,0.000707,inf,SAFE_STAND,0.000000,0.017993,0.010662,0.001518,0.000000,0.000000,0.000000,1.000000,1.000000
1782456580.313905,-1,0.000882,inf,SAFE_STAND,0.000000,0.020348,0.011764,0.005024,0.000000,0.000000,0.000000,1.000000,1.000000
1782456580.333992,-1,0.000671,inf,SAFE_STAND,0.000000,0.022779,0.012947,0.008745,0.000000,0.000000,0.000000,1.000000,1.000000
1782456580.353932,-1,0.000490,inf,SAFE_STAND,0.000000,0.025048,0.014016,0.012281,0.000000,0.000000,0.000000,1.000000,1.000000
1782456580.373979,-1,0.000460,inf,SAFE_STAND,0.000000,0.027307,0.015112,0.015794,0.000000,0.000000,0.000000,1.000000,1.000000
1782456580.394426,-1,0.000420,inf,SAFE_STAND,0.000000,0.029622,0.016280,0.019508,0.000000,0.000000,0.000000,1.000000,1.000000
1782456580.414660,-1,0.000425,inf,SAFE_STAND,0.000000,0.031805,0.017352,0.022967,0.000000,0.000000,0.000000,1.000000,1.000000
1782456580.434763,-1,0.000455,inf,SAFE_STAND,0.000000,0.033924,0.018437,0.026427,0.000000,0.000000,0.000000,1.000000,1.000000
1782456580.455025,-1,0.000643,inf,SAFE_STAND,0.000000,0.035876,0.019425,0.029734,0.000000,0.000000,0.000000,1.000000,1.000000
1782456580.475104,-1,0.000646,inf,SAFE_STAND,0.000000,0.037990,0.020516,0.033392,0.000000,0.000000,0.000000,1.000000,1.000000
1782456580.495146,-1,0.000614,inf,SAFE_STAND,0.000000,0.039913,0.021427,0.036841,0.000000,0.000000,0.000000,1.000000,1.000000
1782456580.515423,-1,0.000818,58.119067,SAFE_STAND,0.000000,0.041687,0.022292,0.040133,0.000000,0.000000,0.000000,1.000000,1.000000
1782456580.535280,-1,0.000469,inf,SAFE_STAND,0.000000,0.043546,0.023254,0.043700,0.000000,0.000000,0.000000,1.000000,1.000000
1782456580.555360,-1,0.000471,inf,SAFE_STAND,0.000000,0.045306,0.024143,0.047285,0.000000,0.000000,0.000000,1.000000,1.000000
1782456580.575372,-1,0.000412,inf,SAFE_STAND,0.000000,0.046795,0.024916,0.050462,0.000000,0.000000,0.000000,1.000000,1.000000
1782456580.595420,-1,0.000390,inf,SAFE_STAND,0.000000,0.048295,0.025739,0.053842,0.000000,0.000000,0.000000,1.000000,1.000000
1782456580.615818,-1,0.000402,inf,SAFE_STAND,0.000000,0.049733,0.026555,0.057379,0.000000,0.000000,0.000000,1.000000,1.000000
1782456580.635921,-1,0.000434,inf,SAFE_STAND,0.000000,0.051007,0.027270,0.060684,0.000000,0.000000,0.000000,1.000000,1.000000
1782456580.656072,-1,0.000512,inf,SAFE_STAND,0.000000,0.052190,0.027955,0.064025,0.000000,0.000000,0.000000,1.000000,1.000000
1782456580.676115,-1,0.000479,inf,SAFE_STAND,0.000000,0.053261,0.028599,0.067324,0.000000,0.000000,0.000000,1.000000,1.000000
1782456580.696247,-1,0.000529,inf,SAFE_STAND,0.000000,0.054213,0.029232,0.070584,0.000000,0.000000,0.000000,1.000000,1.000000
1782456580.716743,-1,0.000531,inf,SAFE_STAND,0.000000,0.055041,0.029758,0.073809,0.000000,0.000000,0.000000,1.000000,1.000000
1782456580.737115,-1,0.000780,inf,SAFE_STAND,0.000000,0.055800,0.030280,0.077191,0.000000,0.000000,0.000000,1.000000,1.000000
1782456580.757680,-1,0.000954,inf,SAFE_STAND,0.000000,0.056379,0.030800,0.080388,0.000000,0.000000,0.000000,1.000000,1.000000
1782456580.777708,-1,0.000719,inf,SAFE_STAND,0.000000,0.056848,0.031224,0.083569,0.000000,0.000000,0.000000,1.000000,1.000000
1782456580.797580,-1,0.000500,inf,SAFE_STAND,0.000000,0.057214,0.031606,0.086895,0.000000,0.000000,0.000000,1.000000,1.000000
1782456580.817619,-1,0.000465,inf,SAFE_STAND,0.000000,0.057419,0.031950,0.090018,0.000000,0.000000,0.000000,1.000000,1.000000
1782456580.837628,-1,0.000433,inf,SAFE_STAND,0.000000,0.057471,0.032235,0.092977,0.000000,0.000000,0.000000,1.000000,1.000000
1782456580.858122,-1,0.000667,inf,SAFE_STAND,0.000000,0.057413,0.032453,0.096062,0.000000,0.000000,0.000000,1.000000,1.000000
1782456580.878192,-1,0.000664,inf,SAFE_STAND,0.000000,0.057243,0.032686,0.099114,0.000000,0.000000,0.000000,1.000000,1.000000
1782456580.898090,-1,0.000454,inf,SAFE_STAND,0.000000,0.056939,0.032928,0.102445,0.000000,0.000000,0.000000,1.000000,1.000000
1782456580.918144,-1,0.000437,inf,SAFE_STAND,0.000000,0.056519,0.033040,0.105332,0.000000,0.000000,0.000000,1.000000,1.000000
1782456580.938227,-1,0.000448,inf,SAFE_STAND,0.000000,0.055931,0.033099,0.108249,0.000000,0.000000,0.000000,1.000000,1.000000
1782456580.958310,-1,0.000459,inf,SAFE_STAND,0.000000,0.055215,0.033123,0.111242,0.000000,0.000000,0.000000,1.000000,1.000000
1782456580.978381,-1,0.000452,inf,SAFE_STAND,0.000000,0.054387,0.033172,0.114184,0.000000,0.000000,0.000000,1.000000,1.000000
1782456580.998856,-1,0.000460,inf,SAFE_STAND,0.000000,0.053394,0.033097,0.117290,0.000000,0.000000,0.000000,1.000000,1.000000
1782456581.019213,-1,0.000660,58.622838,SAFE_STAND,0.000000,0.052277,0.033019,0.120126,0.000000,0.000000,0.000000,1.000000,1.000000
1782456581.039647,-1,0.000700,inf,SAFE_STAND,0.000000,0.051059,0.032896,0.122976,0.000000,0.000000,0.000000,1.000000,1.000000
1782456581.059707,-1,0.000423,inf,SAFE_STAND,0.000000,0.049684,0.032717,0.125929,0.000000,0.000000,0.000000,1.000000,1.000000
1782456581.079826,-1,0.000421,inf,SAFE_STAND,0.000000,0.048240,0.032541,0.128733,0.000000,0.000000,0.000000,1.000000,1.000000
1782456581.099968,-1,0.000436,inf,SAFE_STAND,0.000000,0.046699,0.032277,0.131504,0.000000,0.000000,0.000000,1.000000,1.000000
1782456581.120487,-1,0.000437,inf,SAFE_STAND,0.000000,0.045045,0.031998,0.134303,0.000000,0.000000,0.000000,1.000000,1.000000
1782456581.140594,-1,0.000427,inf,SAFE_STAND,0.000000,0.043199,0.031651,0.137200,0.000000,0.000000,0.000000,1.000000,1.000000
1782456581.160721,-1,0.000438,inf,SAFE_STAND,0.000000,0.041357,0.031270,0.139888,0.000000,0.000000,0.000000,1.000000,1.000000
1782456581.180778,-1,0.000418,inf,SAFE_STAND,0.000000,0.039507,0.030895,0.142471,0.000000,0.000000,0.000000,1.000000,1.000000
1782456581.201181,-1,0.000693,inf,SAFE_STAND,0.000000,0.037520,0.030463,0.145103,0.000000,0.000000,0.000000,1.000000,1.000000
1782456581.221284,-1,0.000447,inf,SAFE_STAND,0.000000,0.035292,0.030005,0.147846,0.000000,0.000000,0.000000,1.000000,1.000000
1782456581.241426,-1,0.000444,inf,SAFE_STAND,0.000000,0.033123,0.029468,0.150413,0.000000,0.000000,0.000000,1.000000,1.000000
1782456581.261926,-1,0.000827,inf,SAFE_STAND,0.000000,0.030910,0.028900,0.152964,0.000000,0.000000,0.000000,1.000000,1.000000
1782456581.281790,-1,0.000448,inf,SAFE_STAND,0.000000,0.028620,0.028291,0.155473,0.000000,0.000000,0.000000,1.000000,1.000000
1782456581.302263,-1,0.000432,inf,SAFE_STAND,0.000000,0.026168,0.027618,0.158082,0.000000,0.000000,0.000000,1.000000,1.000000
1782456581.322916,-1,0.000442,inf,SAFE_STAND,0.000000,0.023676,0.026957,0.160643,0.000000,0.000000,0.000000,1.000000,1.000000
1782456581.343021,-1,0.000472,inf,SAFE_STAND,0.000000,0.021270,0.026322,0.163104,0.000000,0.000000,0.000000,1.000000,1.000000
1782456581.363097,-1,0.000472,inf,SAFE_STAND,0.000000,0.018823,0.025627,0.165514,0.000000,0.000000,0.000000,1.000000,1.000000
1782456581.383524,-1,0.000815,inf,SAFE_STAND,0.000000,0.016496,0.024972,0.167756,0.000000,0.000000,0.000000,1.000000,1.000000
1782456581.403475,-1,0.000690,inf,SAFE_STAND,0.000000,0.013912,0.024249,0.170221,0.000000,0.000000,0.000000,1.000000,1.000000
1782456581.423728,-1,0.000512,inf,SAFE_STAND,0.000000,0.011445,0.023546,0.172543,0.000000,0.000000,0.000000,1.000000,1.000000
1782456581.443768,-1,0.000476,inf,SAFE_STAND,0.000000,0.008996,0.022863,0.174801,0.000000,0.000000,0.000000,1.000000,1.000000
1782456581.463861,-1,0.000495,inf,SAFE_STAND,0.000000,0.006541,0.022180,0.177013,0.000000,0.000000,0.000000,1.000000,1.000000
1782456581.484379,-1,0.000554,inf,SAFE_STAND,0.000000,0.003866,0.021382,0.179492,0.000000,0.000000,0.000000,1.000000,1.000000
1782456581.504378,-1,0.000471,inf,SAFE_STAND,0.000000,0.001583,0.020683,0.181545,0.000000,0.000000,0.000000,1.000000,1.000000
1782456581.525049,-1,0.001041,59.128282,SAFE_STAND,0.000000,-0.000683,0.020040,0.183607,0.000000,0.000000,0.000000,1.000000,1.000000
1782456581.544583,-1,0.000496,inf,SAFE_STAND,0.000000,-0.003253,0.019273,0.185963,0.000000,0.000000,0.000000,1.000000,1.000000
1782456581.565160,-1,0.000778,inf,SAFE_STAND,0.000000,-0.005470,0.018626,0.187910,0.000000,0.000000,0.000000,1.000000,1.000000
1782456581.585137,-1,0.000667,inf,SAFE_STAND,0.000000,-0.007718,0.017982,0.189952,0.000000,0.000000,0.000000,1.000000,1.000000
1782456581.605052,-1,0.000507,inf,SAFE_STAND,0.000000,-0.010040,0.017283,0.192111,0.000000,0.000000,0.000000,1.000000,1.000000
1782456581.625268,-1,0.000455,inf,SAFE_STAND,0.000000,-0.012213,0.016579,0.194084,0.000000,0.000000,0.000000,1.000000,1.000000
1782456581.645783,-1,0.000676,inf,SAFE_STAND,0.000000,-0.014307,0.015864,0.196068,0.000000,0.000000,0.000000,1.000000,1.000000
1782456581.666216,-1,0.000845,inf,SAFE_STAND,0.000000,-0.016461,0.015160,0.198064,0.000000,0.000000,0.000000,1.000000,1.000000
1782456581.686678,-1,0.000964,inf,SAFE_STAND,0.000000,-0.018422,0.014475,0.199947,0.000000,0.000000,0.000000,1.000000,1.000000
1782456581.706780,-1,0.000978,inf,SAFE_STAND,0.000000,-0.020307,0.013818,0.201832,0.000000,0.000000,0.000000,1.000000,1.000000
1782456581.726894,-1,0.001001,inf,SAFE_STAND,0.000000,-0.022099,0.013210,0.203688,0.000000,0.000000,0.000000,1.000000,1.000000
1782456581.746917,-1,0.000753,inf,SAFE_STAND,0.000000,-0.023871,0.012529,0.205558,0.000000,0.000000,0.000000,1.000000,1.000000
1782456581.767542,-1,0.000995,inf,SAFE_STAND,0.000000,-0.025418,0.011930,0.207256,0.000000,0.000000,0.000000,1.000000,1.000000
1782456581.787786,-1,0.001110,inf,SAFE_STAND,0.000000,-0.027006,0.011361,0.209029,0.000000,0.000000,0.000000,1.000000,1.000000
1782456581.807765,-1,0.000713,inf,SAFE_STAND,0.000000,-0.028416,0.010749,0.210720,0.000000,0.000000,0.000000,1.000000,1.000000
1782456581.828519,-1,0.001025,inf,SAFE_STAND,0.000000,-0.029736,0.010174,0.212357,0.000000,0.000000,0.000000,1.000000,1.000000
1782456581.848470,-1,0.000845,inf,SAFE_STAND,0.000000,-0.030883,0.009664,0.213995,0.000000,0.000000,0.000000,1.000000,1.000000
1782456581.868260,-1,0.000426,inf,SAFE_STAND,0.000000,-0.031955,0.009103,0.215650,0.000000,0.000000,0.000000,1.000000,1.000000
1782456581.888387,-1,0.000431,inf,SAFE_STAND,0.000000,-0.032854,0.008601,0.217210,0.000000,0.000000,0.000000,1.000000,1.000000
1782456581.908951,-1,0.000703,inf,SAFE_STAND,0.000000,-0.033631,0.008085,0.218718,0.000000,0.000000,0.000000,1.000000,1.000000
1782456581.929048,-1,0.000476,inf,SAFE_STAND,0.000000,-0.034325,0.007561,0.220276,0.000000,0.000000,0.000000,1.000000,1.000000
1782456581.949353,-1,0.000648,inf,SAFE_STAND,0.000000,-0.034822,0.007087,0.221735,0.000000,0.000000,0.000000,1.000000,1.000000
1782456581.969327,-1,0.000478,inf,SAFE_STAND,0.000000,-0.035179,0.006633,0.223172,0.000000,0.000000,0.000000,1.000000,1.000000
1782456581.989904,-1,0.000720,inf,SAFE_STAND,0.000000,-0.035393,0.006195,0.224568,0.000000,0.000000,0.000000,1.000000,1.000000
1782456582.009867,-1,0.000433,inf,SAFE_STAND,0.000000,-0.035482,0.005710,0.225974,0.000000,0.000000,0.000000,1.000000,1.000000
1782456582.030525,-1,0.000946,59.633897,SAFE_STAND,0.000000,-0.035414,0.005301,0.227301,0.000000,0.000000,0.000000,1.000000,1.000000
1782456582.050395,-1,0.000690,inf,SAFE_STAND,0.000000,-0.035217,0.004904,0.228573,0.000000,0.000000,0.000000,1.000000,1.000000
1782456582.070476,-1,0.000690,inf,SAFE_STAND,0.000000,-0.034885,0.004562,0.229713,0.000000,0.000000,0.000000,1.000000,1.000000
1782456582.090541,-1,0.000675,inf,SAFE_STAND,0.000000,-0.034346,0.004210,0.230909,0.000000,0.000000,0.000000,1.000000,1.000000
1782456582.110539,-1,0.000428,inf,SAFE_STAND,0.000000,-0.033668,0.003913,0.232117,0.000000,0.000000,0.000000,1.000000,1.000000
1782456582.130611,-1,0.000425,inf,SAFE_STAND,0.000000,-0.032939,0.003649,0.233173,0.000000,0.000000,0.000000,1.000000,1.000000
1782456582.151051,-1,0.000737,inf,SAFE_STAND,0.000000,-0.032068,0.003402,0.234286,0.000000,0.000000,0.000000,1.000000,1.000000
1782456582.170823,-1,0.000428,inf,SAFE_STAND,0.000000,-0.031024,0.003193,0.235379,0.000000,0.000000,0.000000,1.000000,1.000000
1782456582.191340,-1,0.000462,inf,SAFE_STAND,0.000000,-0.029835,0.003025,0.236461,0.000000,0.000000,0.000000,1.000000,1.000000
1782456582.211441,-1,0.000440,inf,SAFE_STAND,0.000000,-0.028571,0.002901,0.237407,0.000000,0.000000,0.000000,1.000000,1.000000
1782456582.231562,-1,0.000441,inf,SAFE_STAND,0.000000,-0.027173,0.002810,0.238373,0.000000,0.000000,0.000000,1.000000,1.000000
1782456582.252139,-1,0.000891,inf,SAFE_STAND,0.000000,-0.025706,0.002703,0.239328,0.000000,0.000000,0.000000,1.000000,1.000000
1782456582.272067,-1,0.000686,inf,SAFE_STAND,0.000000,-0.024094,0.002700,0.240191,0.000000,0.000000,0.000000,1.000000,1.000000
1782456582.292288,-1,0.000629,inf,SAFE_STAND,0.000000,-0.022431,0.002628,0.241048,0.000000,0.000000,0.000000,1.000000,1.000000
1782456582.312906,-1,0.000821,inf,SAFE_STAND,0.000000,-0.020584,0.002679,0.241857,0.000000,0.000000,0.000000,1.000000,1.000000
1782456582.332952,-1,0.000722,inf,SAFE_STAND,0.000000,-0.018721,0.002783,0.242634,0.000000,0.000000,0.000000,1.000000,1.000000
1782456582.352952,-1,0.000490,inf,SAFE_STAND,0.000000,-0.016684,0.002908,0.243405,0.000000,0.000000,0.000000,1.000000,1.000000
1782456582.372955,-1,0.000416,inf,SAFE_STAND,0.000000,-0.014623,0.003052,0.244157,0.000000,0.000000,0.000000,1.000000,1.000000
1782456582.393417,-1,0.000588,inf,SAFE_STAND,0.000000,-0.012521,0.003219,0.244815,0.000000,0.000000,0.000000,1.000000,1.000000
1782456582.413839,-1,0.000939,inf,SAFE_STAND,0.000000,-0.010475,0.003382,0.245400,0.000000,0.000000,0.000000,1.000000,1.000000
1782456582.433830,-1,0.000570,inf,SAFE_STAND,0.000000,-0.008282,0.003628,0.245956,0.000000,0.000000,0.000000,1.000000,1.000000
1782456582.454102,-1,0.000712,inf,SAFE_STAND,0.000000,-0.005793,0.003931,0.246577,0.000000,0.000000,0.000000,1.000000,1.000000
1782456582.473906,-1,0.000448,inf,SAFE_STAND,0.000000,-0.003590,0.004246,0.247087,0.000000,0.000000,0.000000,1.000000,1.000000
1782456582.493939,-1,0.000429,inf,SAFE_STAND,0.000000,-0.001211,0.004567,0.247625,0.000000,0.000000,0.000000,1.000000,1.000000
1782456582.514539,-1,0.000424,inf,SAFE_STAND,0.000000,0.001439,0.004974,0.248203,0.000000,0.000000,0.000000,1.000000,1.000000
1782456582.535146,-1,0.000889,60.138584,SAFE_STAND,0.000000,0.003766,0.005349,0.248648,0.000000,0.000000,0.000000,1.000000,1.000000
1782456582.555265,-1,0.000866,inf,SAFE_STAND,0.000000,0.006271,0.005769,0.249079,0.000000,0.000000,0.000000,1.000000,1.000000
1782456582.575343,-1,0.000815,inf,SAFE_STAND,0.000000,0.008779,0.006222,0.249455,0.000000,0.000000,0.000000,1.000000,1.000000
1782456582.595101,-1,0.000447,inf,SAFE_STAND,0.000000,0.011381,0.006681,0.249860,0.000000,0.000000,0.000000,1.000000,1.000000
1782456582.615348,-1,0.000570,inf,SAFE_STAND,0.000000,0.013882,0.007123,0.250196,0.000000,0.000000,0.000000,1.000000,1.000000
1782456582.635437,-1,0.000541,inf,SAFE_STAND,0.000000,0.016388,0.007577,0.250605,0.000000,0.000000,0.000000,1.000000,1.000000
1782456582.655941,-1,0.000702,inf,SAFE_STAND,0.000000,0.018882,0.008058,0.250901,0.000000,0.000000,0.000000,1.000000,1.000000
1782456582.675925,-1,0.000516,inf,SAFE_STAND,0.000000,0.021392,0.008613,0.251154,0.000000,0.000000,0.000000,1.000000,1.000000
1782456582.696079,-1,0.000519,inf,SAFE_STAND,0.000000,0.023968,0.009167,0.251410,0.000000,0.000000,0.000000,1.000000,1.000000
1782456582.716126,-1,0.000490,inf,SAFE_STAND,0.000000,0.026385,0.009704,0.251608,0.000000,0.000000,0.000000,1.000000,1.000000
1782456582.736843,-1,0.000910,inf,SAFE_STAND,0.000000,0.028656,0.010285,0.251802,0.000000,0.000000,0.000000,1.000000,1.000000
1782456582.756894,-1,0.000789,inf,SAFE_STAND,0.000000,0.031120,0.010910,0.252030,0.000000,0.000000,0.000000,1.000000,1.000000
1782456582.777183,-1,0.000707,inf,SAFE_STAND,0.000000,0.033481,0.011481,0.252189,0.000000,0.000000,0.000000,1.000000,1.000000
1782456582.797805,-1,0.000985,inf,SAFE_STAND,0.000000,0.035577,0.012057,0.252299,0.000000,0.000000,0.000000,1.000000,1.000000
1782456582.818305,-1,0.001097,inf,SAFE_STAND,0.000000,0.037807,0.012692,0.252409,0.000000,0.000000,0.000000,1.000000,1.000000
1782456582.837798,-1,0.000458,inf,SAFE_STAND,0.000000,0.039846,0.013299,0.252482,0.000000,0.000000,0.000000,1.000000,1.000000
1782456582.858098,-1,0.000682,inf,SAFE_STAND,0.000000,0.041805,0.013957,0.252555,0.000000,0.000000,0.000000,1.000000,1.000000
1782456582.877896,-1,0.000440,inf,SAFE_STAND,0.000000,0.043684,0.014600,0.252622,0.000000,0.000000,0.000000,1.000000,1.000000
1782456582.898386,-1,0.000508,inf,SAFE_STAND,0.000000,0.045525,0.015217,0.252592,0.000000,0.000000,0.000000,1.000000,1.000000
1782456582.918421,-1,0.000467,inf,SAFE_STAND,0.000000,0.047217,0.015916,0.252541,0.000000,0.000000,0.000000,1.000000,1.000000
1782456582.938483,-1,0.000457,inf,SAFE_STAND,0.000000,0.048790,0.016558,0.252482,0.000000,0.000000,0.000000,1.000000,1.000000
1782456582.958997,-1,0.000498,inf,SAFE_STAND,0.000000,0.050322,0.017250,0.252424,0.000000,0.000000,0.000000,1.000000,1.000000
1782456582.979051,-1,0.000461,inf,SAFE_STAND,0.000000,0.051677,0.017882,0.252340,0.000000,0.000000,0.000000,1.000000,1.000000
1782456582.999154,-1,0.000484,inf,SAFE_STAND,0.000000,0.052832,0.018515,0.252244,0.000000,0.000000,0.000000,1.000000,1.000000
1782456583.019157,-1,0.000417,inf,SAFE_STAND,0.000000,0.053971,0.019163,0.252114,0.000000,0.000000,0.000000,1.000000,1.000000
1782456583.039698,-1,0.000833,60.643095,SAFE_STAND,0.000000,0.054942,0.019782,0.251929,0.000000,0.000000,0.000000,1.000000,1.000000
1782456583.059590,-1,0.000652,inf,SAFE_STAND,0.000000,0.055786,0.020418,0.251743,0.000000,0.000000,0.000000,1.000000,1.000000
1782456583.079679,-1,0.000663,inf,SAFE_STAND,0.000000,0.056491,0.021041,0.251537,0.000000,0.000000,0.000000,1.000000,1.000000
1782456583.099672,-1,0.000425,inf,SAFE_STAND,0.000000,0.057093,0.021696,0.251293,0.000000,0.000000,0.000000,1.000000,1.000000
1782456583.119764,-1,0.000435,inf,SAFE_STAND,0.000000,0.057592,0.022353,0.251032,0.000000,0.000000,0.000000,1.000000,1.000000
1782456583.140072,-1,0.000453,inf,SAFE_STAND,0.000000,0.057911,0.022927,0.250737,0.000000,0.000000,0.000000,1.000000,1.000000
1782456583.160349,-1,0.000653,inf,SAFE_STAND,0.000000,0.058134,0.023492,0.250422,0.000000,0.000000,0.000000,1.000000,1.000000
1782456583.180444,-1,0.000661,inf,SAFE_STAND,0.000000,0.058216,0.023980,0.250061,0.000000,0.000000,0.000000,1.000000,1.000000
1782456583.200427,-1,0.000424,inf,SAFE_STAND,0.000000,0.058150,0.024510,0.249669,0.000000,0.000000,0.000000,1.000000,1.000000
1782456583.220576,-1,0.000500,inf,SAFE_STAND,0.000000,0.057971,0.025021,0.249279,0.000000,0.000000,0.000000,1.000000,1.000000
1782456583.240689,-1,0.000533,inf,SAFE_STAND,0.000000,0.057636,0.025492,0.248851,0.000000,0.000000,0.000000,1.000000,1.000000
1782456583.261282,-1,0.000497,inf,SAFE_STAND,0.000000,0.057178,0.025945,0.248368,0.000000,0.000000,0.000000,1.000000,1.000000
1782456583.281354,-1,0.000439,inf,SAFE_STAND,0.000000,0.056574,0.026341,0.247823,0.000000,0.000000,0.000000,1.000000,1.000000
1782456583.301439,-1,0.000446,inf,SAFE_STAND,0.000000,0.055847,0.026683,0.247292,0.000000,0.000000,0.000000,1.000000,1.000000
1782456583.321988,-1,0.000429,inf,SAFE_STAND,0.000000,0.055006,0.027053,0.246710,0.000000,0.000000,0.000000,1.000000,1.000000
1782456583.342081,-1,0.000447,inf,SAFE_STAND,0.000000,0.054045,0.027331,0.246120,0.000000,0.000000,0.000000,1.000000,1.000000
1782456583.362259,-1,0.000541,inf,SAFE_STAND,0.000000,0.052903,0.027590,0.245477,0.000000,0.000000,0.000000,1.000000,1.000000
1782456583.382255,-1,0.000450,inf,SAFE_STAND,0.000000,0.051677,0.027802,0.244827,0.000000,0.000000,0.000000,1.000000,1.000000
1782456583.402563,-1,0.000675,inf,SAFE_STAND,0.000000,0.050423,0.027937,0.244202,0.000000,0.000000,0.000000,1.000000,1.000000
1782456583.422717,-1,0.000698,inf,SAFE_STAND,0.000000,0.048971,0.028079,0.243526,0.000000,0.000000,0.000000,1.000000,1.000000
1782456583.442765,-1,0.000428,inf,SAFE_STAND,0.000000,0.047243,0.028178,0.242688,0.000000,0.000000,0.000000,1.000000,1.000000
1782456583.462892,-1,0.000428,inf,SAFE_STAND,0.000000,0.045554,0.028247,0.241917,0.000000,0.000000,0.000000,1.000000,1.000000
1782456583.483012,-1,0.000428,inf,SAFE_STAND,0.000000,0.043875,0.028249,0.241177,0.000000,0.000000,0.000000,1.000000,1.000000
1782456583.503537,-1,0.000826,inf,SAFE_STAND,0.000000,0.042028,0.028227,0.240367,0.000000,0.000000,0.000000,1.000000,1.000000
1782456583.523498,-1,0.000427,inf,SAFE_STAND,0.000000,0.040060,0.028159,0.239484,0.000000,0.000000,0.000000,1.000000,1.000000
1782456583.543742,-1,0.000594,61.147360,SAFE_STAND,0.000000,0.037911,0.028091,0.238494,0.000000,0.000000,0.000000,1.000000,1.000000
1782456583.564284,-1,0.000457,inf,SAFE_STAND,0.000000,0.035690,0.027907,0.237505,0.000000,0.000000,0.000000,1.000000,1.000000
1782456583.584375,-1,0.000473,inf,SAFE_STAND,0.000000,0.033502,0.027743,0.236492,0.000000,0.000000,0.000000,1.000000,1.000000
1782456583.604407,-1,0.000431,inf,SAFE_STAND,0.000000,0.031274,0.027517,0.235462,0.000000,0.000000,0.000000,1.000000,1.000000
1782456583.624500,-1,0.000449,inf,SAFE_STAND,0.000000,0.028971,0.027261,0.234407,0.000000,0.000000,0.000000,1.000000,1.000000
1782456583.644749,-1,0.000625,inf,SAFE_STAND,0.000000,0.026602,0.026995,0.233276,0.000000,0.000000,0.000000,1.000000,1.000000
1782456583.664864,-1,0.000667,inf,SAFE_STAND,0.000000,0.024207,0.026687,0.232154,0.000000,0.000000,0.000000,1.000000,1.000000
1782456583.684919,-1,0.000650,inf,SAFE_STAND,0.000000,0.021893,0.026337,0.231074,0.000000,0.000000,0.000000,1.000000,1.000000
1782456583.704711,-1,0.000367,inf,SAFE_STAND,0.000000,0.019306,0.025983,0.229804,0.000000,0.000000,0.000000,1.000000,1.000000
1782456583.724972,-1,0.000479,inf,SAFE_STAND,0.000000,0.016733,0.025575,0.228516,0.000000,0.000000,0.000000,1.000000,1.000000
1782456583.745080,-1,0.000459,inf,SAFE_STAND,0.000000,0.014256,0.025148,0.227172,0.000000,0.000000,0.000000,1.000000,1.000000
1782456583.765190,-1,0.000437,inf,SAFE_STAND,0.000000,0.011907,0.024720,0.225919,0.000000,0.000000,0.000000,1.000000,1.000000
1782456583.785680,-1,0.000442,inf,SAFE_STAND,0.000000,0.009183,0.024133,0.224438,0.000000,0.000000,0.000000,1.000000,1.000000
1782456583.805797,-1,0.000440,inf,SAFE_STAND,0.000000,0.006883,0.023611,0.223167,0.000000,0.000000,0.000000,1.000000,1.000000
1782456583.826425,-1,0.000685,inf,SAFE_STAND,0.000000,0.004445,0.023024,0.221732,0.000000,0.000000,0.000000,1.000000,1.000000
1782456583.846658,-1,0.000576,inf,SAFE_STAND,0.000000,0.002037,0.022431,0.220300,0.000000,0.000000,0.000000,1.000000,1.000000
1782456583.867610,-1,0.001026,inf,SAFE_STAND,0.000000,-0.000428,0.021794,0.218765,0.000000,0.000000,0.000000,1.000000,1.000000
1782456583.887584,-1,0.000710,inf,SAFE_STAND,0.000000,-0.002868,0.021125,0.217152,0.000000,0.000000,0.000000,1.000000,1.000000
1782456583.908027,-1,0.001067,inf,SAFE_STAND,0.000000,-0.005179,0.020483,0.215621,0.000000,0.000000,0.000000,1.000000,1.000000
1782456583.927741,-1,0.000695,inf,SAFE_STAND,0.000000,-0.007418,0.019788,0.214050,0.000000,0.000000,0.000000,1.000000,1.000000
1782456583.948329,-1,0.000951,inf,SAFE_STAND,0.000000,-0.009609,0.019089,0.212460,0.000000,0.000000,0.000000,1.000000,1.000000
1782456583.968451,-1,0.000761,inf,SAFE_STAND,0.000000,-0.011849,0.018313,0.210788,0.000000,0.000000,0.000000,1.000000,1.000000
1782456583.989252,-1,0.001185,inf,SAFE_STAND,0.000000,-0.013809,0.017560,0.209230,0.000000,0.000000,0.000000,1.000000,1.000000
1782456584.009280,-1,0.001074,inf,SAFE_STAND,0.000000,-0.015798,0.016757,0.207547,0.000000,0.000000,0.000000,1.000000,1.000000
1782456584.029502,-1,0.001161,inf,SAFE_STAND,0.000000,-0.017830,0.015923,0.205767,0.000000,0.000000,0.000000,1.000000,1.000000
1782456584.049698,-1,0.001151,61.652869,SAFE_STAND,0.000000,-0.019651,0.015077,0.204058,0.000000,0.000000,0.000000,1.000000,1.000000
1782456584.069360,-1,0.000692,inf,SAFE_STAND,0.000000,-0.021370,0.014250,0.202340,0.000000,0.000000,0.000000,1.000000,1.000000
1782456584.089706,-1,0.000947,inf,SAFE_STAND,0.000000,-0.023105,0.013388,0.200470,0.000000,0.000000,0.000000,1.000000,1.000000
1782456584.109743,-1,0.000879,inf,SAFE_STAND,0.000000,-0.024556,0.012568,0.198749,0.000000,0.000000,0.000000,1.000000,1.000000
1782456584.129806,-1,0.000860,inf,SAFE_STAND,0.000000,-0.025979,0.011765,0.196937,0.000000,0.000000,0.000000,1.000000,1.000000
1782456584.149739,-1,0.000710,inf,SAFE_STAND,0.000000,-0.027364,0.010898,0.195044,0.000000,0.000000,0.000000,1.000000,1.000000
1782456584.169760,-1,0.000506,inf,SAFE_STAND,0.000000,-0.028594,0.010106,0.193205,0.000000,0.000000,0.000000,1.000000,1.000000
1782456584.189801,-1,0.000472,inf,SAFE_STAND,0.000000,-0.029706,0.009334,0.191236,0.000000,0.000000,0.000000,1.000000,1.000000
1782456584.210358,-1,0.000458,inf,SAFE_STAND,0.000000,-0.030728,0.008528,0.189207,0.000000,0.000000,0.000000,1.000000,1.000000
1782456584.230465,-1,0.000427,inf,SAFE_STAND,0.000000,-0.031570,0.007795,0.187219,0.000000,0.000000,0.000000,1.000000,1.000000
1782456584.250867,-1,0.000699,inf,SAFE_STAND,0.000000,-0.032298,0.007059,0.185222,0.000000,0.000000,0.000000,1.000000,1.000000
1782456584.270721,-1,0.000427,inf,SAFE_STAND,0.000000,-0.032888,0.006357,0.183221,0.000000,0.000000,0.000000,1.000000,1.000000
1782456584.291222,-1,0.000438,inf,SAFE_STAND,0.000000,-0.033338,0.005646,0.181168,0.000000,0.000000,0.000000,1.000000,1.000000
1782456584.311344,-1,0.000432,inf,SAFE_STAND,0.000000,-0.033653,0.004970,0.179086,0.000000,0.000000,0.000000,1.000000,1.000000
1782456584.331472,-1,0.000428,inf,SAFE_STAND,0.000000,-0.033848,0.004305,0.176863,0.000000,0.000000,0.000000,1.000000,1.000000
1782456584.352097,-1,0.000427,inf,SAFE_STAND,0.000000,-0.033866,0.003649,0.174590,0.000000,0.000000,0.000000,1.000000,1.000000
1782456584.372823,-1,0.000679,inf,SAFE_STAND,0.000000,-0.033734,0.003107,0.172565,0.000000,0.000000,0.000000,1.000000,1.000000
1782456584.392707,-1,0.000421,inf,SAFE_STAND,0.000000,-0.033462,0.002564,0.170240,0.000000,0.000000,0.000000,1.000000,1.000000
1782456584.412850,-1,0.000434,inf,SAFE_STAND,0.000000,-0.033025,0.002044,0.167906,0.000000,0.000000,0.000000,1.000000,1.000000
1782456584.433006,-1,0.000431,inf,SAFE_STAND,0.000000,-0.032516,0.001611,0.165773,0.000000,0.000000,0.000000,1.000000,1.000000
